Guild,Kills,Deaths,Fame
1Mmortal,53,15,10295054
snow forest,12,2,1949678
oo0oo,6,4,2670914
-,1,0,135789
SpartanS 300,0,0,19275
NO-RE,0,3,136801
Jagdgeschwader 52,0,2,252502
Fenr,0,0,303555
conquer,2,1,317488
Rescue Station,0,0,2637
ACM,28,32,8924848
Shu Shan,0,8,1540947
Nemo Nemo,2,3,984620
Kingdom,0,0,0
Finish,5,5,1272966
-,0,2,770624
The Salty Chefs,4,6,520636
MO GU,2,7,1168702
Real ONE,7,13,3798738
-,1,7,170625
After Cleric,2,7,1670208
Real ONE,19,7,9171241
Reworld,14,7,3681914
Meeting Stone,0,9,1069811
Bretonnia,0,1,0
-,0,1,0
Anar chy,0,1,269974
Chicken Nuggets,13,10,2229061
THE WARRI0RS,2,1,436700
Mika,7,13,4344653
All In Fighting,0,7,3458382
Free Butterfly,0,4,36503
Farm Or Die,5,3,612695
Bretonnia,10,3,541143
WARDEN-SLAYER,0,1,5059
The Wardens,1,1,19708
PSC,1,1,486044
Gold Pigs,0,1,0
-,0,1,0
Hunter In The Dark,0,1,147466
-,1,1,99387
-,1,0,44988
-,0,1,0
Real Man,13,8,9972332
SO EZ,0,1,16969
R E V O L U T I O N,0,0,10530
BeasTDaK,36,11,7593811
Meerkat Assemble,20,12,4392218
Mamboo,0,1,0
-,0,1,0
-,0,2,0
F R O Z E N,10,13,675421
Bretonnia,23,9,3972378
SO EZ,3,0,135483
KuromiO3O,33,10,4579808
Gold Pigs,4,4,3121943
Boar Army,0,2,901402
Tohou Project,0,2,2639
MALIGNANT,8,15,2198525
Buccaneer,1,6,211669
-,0,1,50252
GOD EATER,2,0,230578
Filibusteros,1,0,177680
All Rise,2,2,283898
Raining,0,3,133429
V1OLET,0,3,282303
V1OLET,0,9,571542
Tarumanagara,0,1,0
Stellar Alliance,0,5,1355416
PLAC,0,1,117552
-,6,1,898615
Azurel,0,3,858729
S K Y,0,2,32389
Boar Army,3,10,3328228
Suger Babies,1,8,233097
The swallow,10,9,3079697
snow forest,29,15,4186348
NAGA PEOPLES FRONT,0,0,1163
Spear and Sword,0,1,0
New_World_Order,1,7,275362
zote3,0,0,49170
Meerkat Assemble,0,10,4991354
Meerkat Assemble,0,5,3734972
Master Siomai,2,9,468509
MoneyMoneyComeOn,0,1,0
AK-47,4,6,763945
Space Wolves,0,1,0
NULL,10,16,2462463
Wysteria,23,7,3808283
The Lonely Moan,1,7,665918
Enterprises,0,5,678840
Kagenon cid,0,0,4007
-,0,5,0
Dragone Slayers,0,1,0
Blue coral,7,16,508718
INFERNAL,0,1,0
PalaceGUARD,0,0,1037603
V1OLET,1,15,3575387
THEFool,0,1,0
Meerkat Assemble,75,21,28196953
-,4,9,401313
Forever Night,0,1,0
Nemo Nemo,0,1,77408
Noctis,6,3,1375461
DOKDO,1,3,260238
MCS-P,22,19,7354031
Griffin Empire,0,18,2968814
AK-74,0,2,63842
KuromiO3O,0,11,3787258
Dragon-Mi,4,1,1702895
China Daoism,0,1,2736
Wavei,0,4,43714
Around Thirty,0,1,15201
999999,13,18,4531750
snow forest,40,43,11446730
China Daoism,0,1,1365
Dragon Blade,37,17,1199402
Noob Family,1,0,172117
PSC,13,16,2964911
NO-RE,0,15,1933528
SPIDER GanG 4 gay,0,4,152932
qui trans mare,0,1,0
Matcha Ore,1,6,45709
UnifyVN - 304,5,5,3042121
oo0oo,0,3,245401
Rescue Station,0,0,57887
SpaceWolves,16,2,468251
-,0,3,0
-,0,1,0
ScarletValkyries,1,0,3955
GIGAN VIII,0,1,0
Free Butterfly,0,5,138464
KongFu PanDa,5,8,2055700
Forever Night,1,12,2605087
-,0,0,72424
Sunset,11,17,4005125
CCTV,0,11,9994332
Belial,0,4,62804
CAIJI FAMILY,0,0,3842
Pink 7,1,2,111113
CCTV,19,15,4427323
Forever Bound,0,1,39271
-,0,0,47018
Meeting Stone,1,2,100195
-,0,0,69173
Wind Cloud,0,0,4035
The swallow,0,3,6298
AAAAA,1,1,299564
LaiFaNongDer,0,1,0
Gold Pigs,0,1,0
LaiFaNongDer,0,1,0
LaiFaNongDer,0,1,0
MCS-P,42,8,2923371
DragonWorld,1,5,53538
PLAC,0,7,3767099
Boar Army,2,4,2043847
All Rise,0,1,776309
Boar Army,29,33,6357129
Stellar Alliance,0,3,1051645
Free Butterfly,31,7,3574757
liken,1,3,42963
Forever Night,0,0,42860
Healing Cannot Save,1,1,264589
-,0,1,0
Jagdgeschwader 52,1,0,93544
Verdant Ring,0,1,0
F R O Z E N,6,6,1261702
Meeting Stone,24,37,16110664
Forever Night,4,6,598417
CCTV,18,30,7976587
GFN-GFN,0,1,0
Future Party,0,5,4427872
AK-47,1,3,15674
NULL,15,6,1775801
Z GEN,1,1,90176
Earn money,9,4,5631781
CCTV,13,5,2367296
Dragon Blade,2,3,605553
pig bank,0,1,0
Meeting Stone,0,1,450643
S D G,4,19,1016490
Wing of Liberty,1,2,233663
-,0,0,134121
Reiver,1,1,41031
-,0,4,0
Tree Viper,0,4,897777
-,0,1,0
conquer,1,13,474791
Abstract elderly home,0,1,0
Sapling-MIU00,0,1,0
Earn money,1,0,536101
baihechou,1,0,51848
AK-47,16,11,996477
All Rise,4,4,1789368
Next Miracle,0,1,0
Crazybabys,1,0,23550
CCTV,2,13,3807746
Gold Pigs,0,1,0
-,0,1,0
Farm Or Die,1,2,95701
Free Butterfly,1,2,354917
Mika,8,3,2180841
All Rise,2,7,1280185
SAOdeyapi,3,9,1124454
The swallow,18,4,2424991
Chaser of The Wind,0,1,0
All The Villains,6,9,3105588
JSCL,20,16,356064
Minerva-X,0,2,27507
F I K A,1,6,969349
Red Circle,3,10,2411589
Forever Night,0,1,211969
NGGang,1,4,1018716
Tarumanagara,2,2,157094
V1OLET,5,14,2110170
The Blaze,0,1,0
Another,69,19,10561968
Kamusari,2,1,365691
Crusader Kings,0,19,4627354
9INE,2,38,9764780
Little_Carabii,0,1,0
-,0,2,0
AK-74,0,1,7208
KAI RUY,0,3,3977
MatunoKingdam,0,1,37374
All In Fighting,10,6,2288469
Mika,17,4,1905583
-,0,0,8252
L122844033,0,3,0
Wayfinder Knights,0,1,69267
The_APEX,1,2,633146
-,0,4,0
E U N O I A,2,1,27909
Matcha Ore,0,0,2457
SubuTai,0,0,322550
MINlONS,23,37,13954499
-,0,1,0
GRAND VOYAGE,1,3,205674
-,1,1,27379
-,1,3,37233
HIRAYAH,4,5,341355
Chosen Few,0,1,0
High Cards,1,0,934661
Belial,6,2,142705
B o S,0,1,24957
SANDBOUND,0,1,0
Peek a Bomb,0,2,34066
Iron Dominion,0,3,23441
ALL VICTORY,1,2,1834724
New heliansheng,0,0,47861
RABBIT RAIDERS,2,2,491926
AFTERMATH,1,0,197253
Rescue Station,0,8,6605345
CHILIS,43,17,13127009
The_APEX,0,1,105721
FATE-Excalibur,0,1,0
Sneakypotatoes,0,4,11675
Filibusteros,0,0,2013557
GOD EATER,6,3,386243
Crusader Kings,7,8,2572281
9INE,76,43,14890526
UnifyVN - 304,16,5,1211072
Buzztard,0,0,0
NO_OC,135,19,4084093
F R O Z E N,8,16,1223531
S D G,3,10,306082
-,1,4,190218
MCS-P,2,1,308755
All In Fighting,1,2,487086
Mika,0,3,1457815
I The Flying Dutchman I,0,0,1928200
Dragon Crazy DxD,1,2,51930
-,2,2,159139
S1LVER,4,1,132193
Meerkat Assemble,0,1,0
Dread,0,0,32274
Midnight Rose,4,5,258475
Heart of Thetford,3,9,125916
Blue coral,0,1,490730
The Neighborhood,0,6,639948
Boar Army,8,1,708713
Mammoth King,21,3,3309623
Mika,65,21,8309628
Light House,0,0,4720
Fightin fool,14,5,1962783
snow forest,0,1,2500052
Realest,4,7,878810
Deadly Fisher,0,0,3923
B L A C K P E A R L,0,1,416354
DeSaiko,60,24,3863951
Buccaneer,0,0,94460
GIGAN VIII,4,3,1183541
Lucky Fools,5,6,2625855
SO EZ,0,4,173936
ONG BUT,0,6,92761
-,0,0,23220
China Daoism,0,0,20744
AK-74,0,0,36250
ORANG JAWA,0,1,5059
JOLLY,0,0,77182
Warhammer Defense Core,0,1,0
Dawn Seeker,1,2,318362
R O O K I E S,0,1,33876
Laughing Boulevard,50,13,16818107
BLACK BLOOD BROTHERS,0,1,0
Tarot Academy,0,3,0
R E V E R I E,0,1,410208
The Castle Knights,5,4,88864
ALIVE,0,3,47365
V A G A B O N D,7,24,11064277
T O K Y O,2,3,746325
-,0,2,0
CHILIS,3,12,3911767
Call to Heaven,1,1,150514
Wing of Liberty,0,1,0
PLAC,1,17,10751724
Invade,0,0,459335
BLOOD OMEN,0,0,5489
SO EZ,6,10,3578421
Jia Nan,0,4,65146
F R O Z E N,0,1,178052
Wing of Liberty,0,5,326541
KongFu PanDa,23,9,3024812
-,0,1,0
TGIF,4,12,6989061
GOBLINS,23,7,18729313
Forever Night,1,14,7108486
Black Sails,3,2,443079
Jagdgeschwader 52,1,1,127700
Arena Ghost,0,0,6310
PalaceGUARD,0,0,4610
Farm Or Die,4,3,1381374
Save Me,3,1,116067
Tarumanagara,0,5,14525
Calbee,1,6,37716
S E A,4,3,92727
PPV,0,0,15517
Future Party,0,3,333842
Boar Army,0,1,0
Boar Army,0,1,0
-,0,2,249949
Forever Night,1,8,227231
Wing of Liberty,14,6,208051
NO-RE,13,24,5181873
MCS-P,26,11,4821498
Meeting Stone,1,28,290708
Friendly Fire Friendly,0,1,0
South PH,0,1,55727
I The Flying Dutchman I,33,10,14595987
-,1,2,228175
CHILIZ,0,18,20866144
-,0,0,6653
RAKUTAI,1,4,322363
Dotorii,0,1,0
VIET NAM ssm,0,2,0
Garden babys,3,1,308106
Emergency,0,2,249218
Albions Ark,0,4,361690
GOD EATER,5,3,1622126
-,0,2,3637
INTERGALACTIC BAGANG,2,0,32108
Astartes,0,3,224445
pnq,0,4,161299
Mamboo,7,5,242333
Sunset,1,12,450884
Another,60,22,12719115
YangPaiXiaKiller,2,1,888120
Jia Nan,1,1,20608
Kamusari,0,0,1774405
PLAC,35,24,21270022
CNTC,11,18,579301
ACM,0,3,55808
Once Upon a Time,7,6,3251016
Crazybabys,0,1,77047
xCUTIESx,0,2,166858
Forever Night,6,3,1630134
SEMPERX,1,2,25473
Yumembers,1,1,14376
QuQnnTATnnOvO,2,11,4045089
Farm Or Die,6,6,1823245
beggar castle,2,1,26185
Blue coral,0,4,907084
Stellar Alliance,10,9,1935087
KUMA,2,13,1902403
good bomb,0,9,4107821
CHILIS,0,11,5469885
new boombap,0,4,817208
HelIo Kitty,5,13,10855968
HeIIo Kitty,27,14,32283433
HidE0ut,0,5,77711
All The Villains,33,26,6586880
Matcha Ore,0,1,0
VVIP Grup,2,0,138228
MoneyHunter,2,10,241458
HappyDay,15,9,2594436
A you ok,4,5,270037
Bretonnia,2,6,550638
The Fide Blood,0,1,38748
CCTV,0,1,0
A Brave Man,21,7,7330621
snow forest,0,0,373294
All The Villains,3,4,520990
Farm Or Die,8,4,688072
KongFu PanDa,8,14,5376081
SPCL Brotherhood,6,9,239595
HuaDaBin,21,6,4561768
Invade,3,5,296971
MAKAN BERGIZI GRATIS,2,10,62364
ZONE BACK,2,1,62224
Griffin Empire,16,23,6601550
ROYAL CARTEL,0,2,1526
Tree Viper,48,42,15222839
NB FOREVER,3,3,1462458
nanjingdapaidang,0,4,292394
RIP N DIP,1,2,85706
Crazybabys,4,1,637121
GuGu GaGa,1,4,2120658
Boar Army,21,18,10934835
Minerva-X,9,9,1131113
PLANET,0,1,34363
cat and rat,0,6,35184
Free Butterfly,0,1,0
The Savior,0,2,15926
PLAC,3,6,4953759
cat and rat,0,0,29215
Solo-King,0,0,763116
-,0,1,0
All The Villains,18,23,10712040
TGIF,32,38,13553379
PSC,2,27,5388683
Meow Immortal,0,1,0
Never Regret,1,4,55793
DRYGOON,0,2,115435
Hong Xing,0,4,106264
nanjingdapaidang,2,3,51521
The Wardens,0,3,0
321 Demass,0,3,8789
-,0,1,22124
The Wardens,0,1,11487
Pierce,69,41,16828601
NULL,3,2,112033
Jagdgeschwader 52,2,6,389848
Packet Loss,0,4,141936
Mamboo,0,0,51848
GOD EATER,0,1,10487
via,3,1,623385
Shu Shan,5,11,1756632
QuQnnTATnnOvO,9,6,1282868
Tree Viper,4,1,379236
DEATH PARADE,0,1,0
DEATH PARADE,1,0,48789
The Fide Blood,27,8,5483788
Topspire,7,7,2848950
-,0,2,0
China Daoism,0,1,0
Shu Shan,7,7,1638829
1Mmortal,30,30,21722107
HappyDay,0,2,1876118
-,0,1,0
WoErHuo,6,4,447070
The Loot Goblins,0,1,61314
Conscripted,1,2,352837
Sentinels Arc,0,3,137983
Adventurerz Guild,0,1,0
-,0,4,8143
Family Type,0,14,1004215
Lunagon Island,0,1,0
Call to Heaven,0,3,29351
M O G A,10,11,2835802
First love,11,10,1037139
SINGAMAS XI,0,0,11860
KongFu PanDa,16,24,9696062
busibuxiu,0,1,0
PLAC,1,7,668381
Peony Flower,23,9,2418150
GuGu GaGa,16,16,6807996
Nemo Nemo,2,9,8000424
Helios Phoenix,1,6,252754
First love,3,1,480114
Circus,6,1,736726
First love,21,29,13950342
-,0,2,0
Noob Family,0,0,433536
MINlONS,31,21,11379425
Karmic,0,2,605909
Korean Knights,0,4,24516
-,0,1,0
Harmonia Eternity,1,5,20757
RABBIT RAIDERS,7,6,583616
YangPaiXiaKiller,0,1,844871
Eternal Catastrophe,0,1,0
CBCB,0,1,122559
Earn money,41,19,24994963
CoCa1nE,0,1,583413
PSC,10,17,3241038
Dragon Blade,0,11,796767
SO EZ,4,0,42359
1Mmortal,36,6,8841551
THE WARRI0RS,33,26,11986729
YJ Refinery,12,5,1974314
-,0,1,0
PoopooDancers,1,4,261622
Mamboo,0,0,6716
Mamboo,0,1,20358
AK-47,0,2,10037
AK-47,0,3,86527
Wing of Liberty,0,7,107714
AK-74,0,1,0
Wind Cloud,0,0,4035
PSC,12,15,4759014
PSC,2,4,1795
Lai tsai Project,0,3,1000370
Boar Army,1,2,3909
Pink 7,1,4,370646
GOBLINS,1,4,429830
Tree Viper,1,0,470214
The swallow,21,20,4484128
C O V Y,0,5,163029
PLAC,39,27,14371978
Earn money,31,8,5856131
AAAAA,0,1,0
Gungn1r,4,2,453521
Space Wolves,0,1,0
-,1,1,34095
You Shall N0T Pass,5,13,2417797
Reworld,7,10,3987832
9INE,29,12,3615427
Crusader Kings,42,25,5942125
koryen,0,1,63182
NULL,0,2,136401
B o S,0,2,191531
Raining,1,0,512875
AVA,4,0,343003
Reworld,5,7,1408391
You Shall N0T Pass,12,12,2570854
-,0,1,0
NO-RE,9,28,10892975
Avenger Regroup,6,7,858542
Red Circle,0,2,32896
AK-47,2,1,145969
Solo-King,0,1,955280
All The Villains,2,26,4567856
9INE,0,0,1543195
Crusader Kings,2,2,268489
CRIMSON CONCLAVE,5,5,75505
hehaheha,3,2,101994
Solo-King,2,1,2139912
REZIM JOKOWI,0,0,24302
DNS,0,1,56421
QuQnnTATnnOvO,7,4,771781
-,1,1,131440
hua,0,1,37655
-,0,0,21509
DragonWorld,0,4,52740
MO GU,0,2,1070541
Kunlun Jade QingJing,0,3,44864
Future Party,25,10,7395820
AAAAA,1,7,406127
KuromiO3O,34,21,12708589
Raining,15,22,1187153
The Northern Lands,1,3,253764
Freaky Fools,9,23,4983308
Gungn1r,0,1,0
Forever Night,0,1,97030
-,0,2,0
PLAC,0,2,325335
Old Singularity,0,2,0
PSC,1,5,1259006
G T R,0,1,0
Spero Spera,3,3,314735
-,0,3,0
Forever Night,20,12,2636136
MCS-P,5,5,2299647
Free Butterfly,3,1,583302
TRlUMPH,0,5,265456
Finish,0,1,2143
Earn money,0,1,509608
GymRats,0,1,3931
NO-RE,42,33,20741102
MooMoo,0,0,30474
B o S,0,5,44021
Kingdom,3,1,1365130
PSC,5,5,1678587
Pink 7,0,1,0
Wing of Liberty,1,1,30529
Jagdgeschwader 52,6,3,3598268
-,0,1,4386
Seven Hill,2,2,287414
Free Butterfly,0,0,178702
Sunset,2,10,949059
Wing of Liberty,1,4,382813
CCTV,27,26,13418942
L122844033,0,1,30121
siro-kuma,0,2,78531
GOD EATER,2,10,749556
overbudget,0,2,13786
B o S,1,1,95288
Red Circle,7,11,637654
GOD EATER,0,4,754920
-,2,7,761595
NEXUS FAMILIA,2,3,94173
CVLT,0,1,32603
V A G A B O N D,54,32,15978930
Luminous PH,0,1,0
PinoyOTC,0,0,37570
Singosari,2,28,4087609
TRlUMPH,0,1,27043
-,0,2,969
WARRIORS INITIATES,0,0,11116
THE LEGENDARY,0,9,2345
KUMA,1,10,1265250
Conscripted,1,0,1782180
Nemo Bomb,0,1,55922
Kamusari,15,8,6692711
Nemo Bomb,2,3,484234
NO-RE,1,7,361626
Mika,32,35,14323938
MoneyMoneyComeOn,0,0,3882
Black Sails,1,2,152108
Old Man,4,4,1180373
PDl PERJUANGAN,0,4,97702
All In Fighting,2,0,468702
Mika,0,2,1522969
Mammoth King,7,2,4125177
Boar Army,0,1,259355
MABAR,1,3,48621
-,0,1,219620
Dark Looters,4,8,278026
Freedom_Castle,0,0,69517
cat and rat,2,3,163363
COALITION,0,2,220038
QuQnnTATnnOvO,4,32,5983814
niubidian,7,8,673561
Boar Army,0,1,341835
Mamboo,0,4,5123
Meeting Stone,0,8,653944
PSC,9,20,6129566
KuromiO3O,0,5,1642003
CAOTAIBANZI,1,3,303771
Pink 7,1,8,348454
Meerkat Assemble,122,31,32558385
Farm Or Die,1,1,648326
snow forest,0,0,83159
red king,6,9,3612332
S1LVER,1,1,213230
HanRyang,2,9,592399
Life or Death,0,1,0
Titan Blaze,1,4,63594
SubuTai,0,4,2069937
The Black List,0,0,70471
9INE,5,17,3495338
Mika,7,17,7892790
Mammoth King,9,5,3861152
V1OLET,0,2,229935
KajiRingo,0,1,0
Around Thirty,0,1,0
GENKOTSU,1,2,24310
I The Flying Dutchman I,2,11,10007612
-,1,1,85825
A X E,0,0,70825
CHILIZ,14,12,16794523
CHILIS,6,1,3937273
Meeting Stone,0,4,332723
Save Me,6,11,1356385
Mathias,0,1,39544
War Bears,0,2,11866
Meerkat Assemble,5,29,10809420
-,0,1,0
Journey Uncharted,0,0,16519
Griffin Empire,0,4,0
One More Times,0,0,61751
LowIQ,0,1,0
SubuTai,0,0,53743
RMT noob,0,4,1094606
MO GU,0,0,493858
Civic,6,3,768153
HIGH and Hungry,0,1,84135
G U I L D,0,2,15674
-,0,1,0
ULTRAMAN ALBION,0,1,0
TRlUMPH,10,8,833266
Forever Night,33,7,5238987
DeSaiko,0,3,5855
Chikipi,2,4,1799674
good bomb,13,3,2933199
Sigma Man,0,11,341432
Emergency,1,1,53698
The Lightbringers,0,3,0
Visayan Express,0,1,0
-,0,1,17989
Critical Impact,1,6,272792
Meeting Stone,2,7,2655203
Alone in The Mist,0,1,12676
-,0,1,0
Future Party,34,35,24247103
HuaLiHuSao,13,14,786342
Healing Cannot Save,0,1,45501
Solo-King,42,33,20169773
Dragon-Mi,41,26,11276367
-,3,8,231323
AAAAA,0,1,292326
N Y X,9,8,1466010
KATANA,0,1,1535
HuaDaBin,6,10,2191110
After Cleric,0,2,845029
Real ONE,28,10,8982999
Freaky Fools,0,3,20382
Peng Lai Xian Jing,2,11,1154184
HeIIo Kitty,14,9,17902512
HelIo Kitty,1,7,4463671
The Northern Lands,3,4,241283
Garden babys,2,5,463906
-,0,1,0
Red Circle,13,25,2309244
HelIo Kitty,0,5,7363533
HeIIo Kitty,12,13,22293592
Shining Star,18,34,2630676
Meerkat Assemble,3,12,9302887
BangCuopLuongSon,0,4,207657
2077,2,1,584952
GuGu GaGa,1,4,106798
1Mmortal,16,3,2775418
-,0,1,0
TheGreyKnight,0,1,0
Anggota-DPR,7,7,193421
Griffin Empire,4,13,1810224
Nemo Nemo,0,3,239051
-,6,1,7330635
E U N O I A,2,1,60606
Reworld,12,11,5838825
Oracion VII,1,2,13386
Emergency,0,1,200390
red king,1,3,1895355
China Daoism,2,3,21176
W BLOOD,0,1,13930
-,0,3,5631
-,0,1,0
PSYKOPATH,0,1,0
The Lonely Moan,1,4,190476
Atlanta,1,8,470806
Dystopian,9,6,238281
Western Paradise,0,7,2268299
-,1,0,244537
9191,11,5,2915879
DDBS,32,16,16400911
PSC,0,1,0
JARERNs,0,0,370773
-,0,0,18351
VIET NAM ssm,0,5,195695
Mika,1,9,1026677
SubuTai,155,83,27447477
Dragon Blade,2,9,1664373
Shu Shan,3,5,676635
Battle Maniac,9,13,413912
KuromiO3O,23,26,6042996
ShadowFist,26,9,414505
Abyss Legion,0,1,40515
1Mmortal,6,6,14967748
snow forest,0,4,883335
QuQnnTATnnOvO,7,52,3299174
-,0,1,0
-,0,1,14141
RABBIT RAIDERS,0,2,14570
Kunlun Jade QingJing,0,1,30669
PPV,3,3,25382
KATANA,0,2,69916
-,0,2,149412
Heartsteel,0,4,392768
ACM,0,1,101295
1Mmortal,1,2,998967
Pink 7,9,12,1857790
-,0,1,0
I The Flying Dutchman I,0,2,2681951
Chikipi,10,17,22622481
Springs,1,3,109283
Sunset,24,5,471652
Earn money,20,10,3239699
Raining,13,11,1278707
1Mmortal,15,5,2007139
-,1,1,184162
snow forest,13,5,3099956
zombies101,1,1,205880
-,0,6,21844
The Rumble,0,1,2651
MO GU,0,3,601770
TRlUMPH,8,6,793916
Helios Phoenix,0,11,1699727
Boar Army,2,4,232215
Minerva-X,18,18,3752916
NULL,15,4,2015768
nanjingdapaidang,0,6,33288
RABBIT RAIDERS,2,2,166052
RESPECTED FAMILY,0,0,21017
AAAAA,2,2,15092
Dragon Blade,0,1,63646
B L O O D L U S T,0,1,0
Sunset,0,1,440281
Sapling-MIU00,0,1,0
snow forest,2,3,3379460
Chill Play,3,0,451960
The Wardens,0,0,17507
Heisi,3,1,462698
-,0,1,500453
Dragon Blade,4,4,179367
Free Butterfly,0,1,36470
Stellar Alliance,0,1,0
Minerva-X,1,6,902980
Boar Army,10,6,2486854
-,1,2,73569
-,1,0,46896
cat and rat,1,2,98478
BABEKINGDOM,0,2,8968
Sigma Man,0,3,91833
snow forest,3,5,2204327
-,0,0,21303
MORP,1,6,19246
Marlotck In Heart,1,4,37960
Farm Or Die,1,5,791818
-,4,2,300104
TAKEDA 24,2,2,150372
Big mom,0,5,1929917
AAAAA,0,1,20458
Boar Army,0,2,1987982
-,5,0,280531
Dou bao,5,10,896271
new boombap,3,1,819565
Farm Or Die,9,11,4160382
Visayan Express,0,0,1144
-,0,1,0
The Lightbringers,6,3,211755
-,1,1,16521
Heisi,0,0,37276
WhiteSuits,17,18,2458945
NB FOREVER,0,0,18536
Peng Lai Xian Jing,0,6,53855
BRAWLER,0,0,30534
-,1,3,219805
NB FOREVER,8,7,404200
Ring of Stars,1,2,38998
Gungn1r,0,0,1774
-,0,1,0
Gungn1r,0,1,40396
Solo-King,1,2,395524
SO EZ,7,4,1423527
G O L D,1,2,143264
Meow Immortal,0,1,2006647
S Z P,0,13,372730
All In Fighting,0,0,39707
HuaDaBin,0,1,196449
Auroras,1,10,51569
HappyDay,0,2,584459
Future Party,1,6,3595199
80S Guild,1,1,23317
-,3,3,137866
Sunset,14,23,6681463
-,1,0,23358
-,4,3,250816
Hong Xing,1,2,122543
Boar Army,1,0,63054
Solo-King,84,32,15687394
Lucky Fools,13,15,1474332
oo0oo,2,4,2434812
1Mmortal,21,8,6648720
snow forest,6,2,413979
-,0,2,0
Free Butterfly,5,10,355511
AK-74,9,10,475061
-,0,1,0
Forever Night,9,9,2435546
Free Butterfly,0,2,99242
PSC,0,1,57125
Gold Pigs,1,7,1578040
Future Party,39,26,11515559
Meeting Stone,1,1,29726
Stellar Alliance,0,0,266046
NO-RE,13,10,4133452
C O V Y,1,2,68461
Boar Army,9,71,10909985
First love,10,7,1610573
Crazybabys,0,1,0
-,0,1,0
Forever Night,5,4,1113630
niubidian,10,5,335862
Meeting Stone,1,2,217967
PSC,0,4,1279633
GOBLINS,9,7,3734030
TGIF,14,9,3935792
snow forest,10,0,2285668
CCTV,89,25,25883864
Circus,0,5,25159
Forever Night,0,1,147445
PSC,0,23,2827167
FFF Group,0,2,0
snow forest,5,0,764961
Future Party,2,7,9216610
AK-47,4,3,408598
slaves leader,0,0,10609
AK-47,3,5,55814
Dragon-Mi,22,14,9194014
Dragon Blade,14,8,1364883
Forever Night,1,9,2134751
-,0,0,8168
Tree,0,0,165357
Future Party,0,7,2416209
China,0,4,1265029
PLAC,116,27,28449841
CCTV,8,19,12615274
alibaba group,0,4,30686
-,1,8,206506
The swallow,1,1,262380
GuGu GaGa,0,4,714496
Gungn1r,0,0,131243
Wavei,3,1,337805
M i n e c r a f t,1,0,142559
999999,59,24,10796247
snow forest,110,81,35434277
snow forest,0,1,101921
Dystopian,0,0,219844
F R O Z E N,1,0,84188
Tree Viper,50,27,10800600
Farm Or Die,0,2,129198
F R O Z E N,0,0,32029
Boar Army,3,0,972303
Crazybabys,4,2,793345
Meeting Stone,7,16,5912593
MO GU,51,28,3878203
-,11,1,667330
CAIB,0,1,0
All Rise,6,28,6219328
-,0,0,19398
Sigma Man,5,3,425984
PalaceGUARD,2,2,1119158
SO EZ,0,1,22402
Circus,2,4,619834
SO EZ,0,13,4624341
Forever Night,3,11,1090518
Future Party,17,31,21017788
xCUTIESx,21,29,4487628
Mika,2,12,4511343
Future Party,5,38,10900412
Dragon-Mi,38,12,9530756
PLAC,21,6,33103885
-,3,11,4755236
new boombap,0,1,391365
Boar Army,0,1,392936
Mika,0,6,1982713
Dou bao,14,8,6266609
ACM,7,9,1664439
Apex Legion,0,1,0
AK-47,0,4,226804
All Rise,0,0,267861
PLAC,5,10,23859852
PSC,67,22,10264645
Minerva-X,2,2,560398
Boar Army,3,1,1133887
A Brave Man,6,4,1248411
All The Villains,1,4,323325
Forever Night,0,1,229711
SO EZ,12,5,3597309
-,0,1,0
snow forest,6,1,1847101
Mamboo,6,5,119283
Old Man,0,1,0
MCS-P,1,1,1640465
Zero to Hero-CN,0,1,0
The Fide Blood,7,6,1755729
HappyDay,0,1,14072
-,1,1,76254
Stellar Alliance,1,3,400202
Dragon Blade,0,2,68714
HeNan,2,5,170425
Pink Memory,0,0,56375
Forever Night,2,1,823823
PSC,0,0,56230
Jia Nan,7,13,509580
Boar Army,0,1,238230
Shu Shan,13,9,2421647
AAAAA,0,5,395023
Reworld,0,0,807645
-,0,0,603072
Dragon-Mi,9,6,4941485
DieEndThooth,0,1,43814
All Rise,12,11,7665837
Pink 7,11,22,4804037
CCTV,0,22,14771931
Avalon GenG,0,3,2392
KongFu PanDa,0,1,39281
woooo,0,5,0
PLAC,7,2,2087802
niubidian,5,4,634524
PLAC,27,31,19435463
Mika,2,3,2936058
Future Party,17,19,10188884
Meow Immortal,4,6,3385234
LaiFaNongDer,0,1,411928
1Mmortal,58,33,25189977
HappyDay,2,6,450320
Gondor,0,1,0
RABBIT RAIDERS,9,19,1548524
WhiteSuits,1,2,210877
eRa Empire,2,8,701135
PSYKOPATH,1,0,36806
Mistwood Fen,0,9,179251
PLAC,39,16,7691709
octugram,0,1,0
Singosari,0,3,27584
Empyreus,0,7,785751
Black Mist,2,1,66499
BLOB,1,24,1446437
-,3,2,116352
VietNam TheFord,14,6,1467969
Real ONE,34,9,11759002
After Cleric,9,9,3170260
VIET NAM ssm,1,2,111988
V1OLET,1,1,39155
Belial,2,3,1489927
All Rise,0,3,725270
Pe0ny flower,1,1,337931
Pink 7,10,11,3332142
GOBLINS,7,8,1841138
-,0,1,18184
happy456,0,0,1217
Shu Shan,11,5,2059336
CrewSaders,0,1,0
Peng Lai Xian Jing,4,8,401553
Alive Evil,2,2,24823
The Lonely Moan,3,18,1628782
1Mmortal,66,15,9356511
oo0oo,0,2,340194
snow forest,1,0,416625
RABBIT RAIDERS,1,0,381500
You Shall N0T Pass,0,5,115462
Chikipi,6,7,869559
Wing of Liberty,0,7,388993
Anggota-DPR,4,5,350053
-,0,1,91399
MINlONS,13,9,5539463
CRIMSON CONCLAVE,0,4,23505
LFGuild,2,1,1195622
Oracion VII,0,2,13386
H Y P E R T E N S I O N,3,3,110381
Kunfayakun,0,0,17484
DeSaiko,0,1,0
THE WARRI0RS,0,4,473325
Dark Oath Syndicate,0,1,0
-,0,1,0
Coup de grace,11,19,5346176
TRlUMPH,2,10,2051054
China,0,1,0
B L A C K P E A R L,3,2,808223
RABBIT RAIDERS,9,9,856692
-,1,0,27564
ROYAL,103,10,2145647
SO EZ,3,1,1284127
S Y N D I C A T E S,0,1,75762
Invade,39,39,7005365
The Black Banner,0,0,57513
Big mom,6,5,2279571
DEATH PARADE,0,6,153133
Shadowborn Syndicate,0,1,12752
I The Flying Dutchman I,94,25,27879101
Singosari,1,6,664309
S Y N D I C A T E S,9,15,1383697
CATHEDRAL OF RAT,0,1,0
Ping300,1,3,810919
-,0,0,44646
-,0,0,17496
EL FAMILIA,1,2,99574
AFTERMATH,2,2,51405
-,1,2,24054
MALIGNANT,1,2,1625432
BlackTemplars,1,1,57643
D R E A D W A T C H,0,1,0
AFTERMATH,2,3,561732
DeSaiko,0,5,89729
Alone in The Mist,0,1,26711
-,0,2,0
TESTUDO,0,1,201819
xCUTIESx,3,11,1433576
S Y N D I C A T E S,0,6,535522
Blackfang Covenant,5,1,331661
Freaky Fools,26,30,8013224
Speed Check,6,8,1616843
R O S E,0,0,143723
The REVENGERS,0,2,19275
Snake Snake Fish Fish,1,0,594650
The Boyz,2,9,1413798
PSYKOPATH,0,5,451248
Auraka,0,3,205952
Pierce,58,24,10985034
-,2,0,221168
I The Flying Dutchman I,5,6,3320253
Eternal Catastrophe,0,0,14323
Buccaneer,0,6,131226
GIGAN VIII,0,1,118792
Kunfayakun,0,4,352254
Cassanova Army,0,3,1991
MAX VERSTAPPEN,199,29,14193873
S Y N D I C A T E S,23,11,3245941
Meerkat Assemble,6,36,20736875
PLAC,65,16,24537928
Rescue Station,0,10,2581996
DEATH PARADE,0,1,0
The Neighborhood,0,8,961746
Invade,2,24,2963033
Noob Family,2,3,85063
SubuTai,14,2,3431530
HIRAYAH,1,5,440770
GIGAN VIII,1,3,297567
Wysteria,3,5,556491
VINA HOUSE,0,1,0
FREE FOR ALL,0,1,0
PH CREED,0,1,5156
GOD EATER,0,1,0
TONPA GANG,0,1,8012
COALITION,19,19,6275324
-,0,1,0
Prodigyy,2,1,222992
Real Man,0,0,178853
The Lonely Moan,4,7,845145
Gangers FUNNAMNOM,4,2,453288
Highest Point,1,1,31184
Pierce,0,1,0
Man Down,0,1,0
Invade,20,30,3653882
RESPECTED FAMILY,2,17,115263
The_APEX,5,14,466355
Wave_Sea,0,4,20887
PSYKOPATH,1,1,329102
Superhero,0,1,0
ACM,10,18,5619284
Rescue Station,8,29,15949762
HeIIo Kitty,8,2,17336253
HelIo Kitty,1,1,7710175
-,1,6,11203
F I G U R E,2,3,885705
Filibusteros,28,13,5579783
KUMA,0,1,0
Marlotck In Heart,7,19,663498
10 My friend are coming Run,4,9,125364
An Guild,0,3,546314
Pussi Gang 69,2,2,272483
SubuTai,1,2,1848119
Helios Phoenix,4,7,770189
xKANGx,0,1,0
House Of Gorkha,0,1,44371
VINTAGE GOLDEN,4,1,182390
Multi-Nations,0,1,0
Zizonpa,7,5,2496624
-,1,2,113275
snow forest,2,2,1329017
R O S E,0,0,475635
BL4CK SIGIL,0,1,5462
-,0,1,0
RauMa36,1,0,48050
CHILIS,42,17,16265992
CHILIZ,5,2,1728309
The Neighborhood,2,10,1355977
The Muggers,0,2,0
xxSOLVANE xx,0,2,12693
FLARE,3,8,126895
PAPAYA POKPOK,3,40,9149255
Frostbite Reapers,9,5,801894
HYBRIDS,5,5,1155544
-,2,0,209624
All Rise,0,1,580486
Speed Check,5,0,216413
I TYRANT I,0,0,2259
-,0,1,49592
Pussi Gang 69,1,5,157124
-,5,8,277567
WhiteSuits,3,0,55790
MAX VERSTAPPEN,2,3,612743
-,1,0,265679
-,3,3,295484
Ala,0,2,1688
NekoParadoxia,0,1,13879
BLACK WATER,0,0,29220
-,0,2,0
KongFu PanDa,40,19,7738330
-,2,5,128787
CAOTAIBANZI,17,5,780238
Kingdom,7,15,2597376
-,0,0,15256
JARERNs,0,2,0
-,0,0,14182
PSC,0,2,1246449
Hong Xing,3,7,362605
Suger Babies,7,8,453360
Dragon Blade,2,25,2876771
Jia Nan,1,6,118311
Tohou Project,1,4,84200
Forever Night,5,8,268288
FLOPIT,0,2,33055
-,0,1,0
P U R G E,0,2,243093
C O V Y,0,0,6635
-,1,0,36250
NULL,0,2,350171
Gondor,0,2,406311
World BOSS,0,1,275241
-,0,1,2258
OnlyRatsTV,0,8,129213
Polar Bears,0,1,0
Over-_-lord,0,1,0
From Zero,0,1,131408
KnightfaII,9,6,1283741
RISER,0,1,4871
-,4,1,60579
Gold Pigs,0,1,79718
GOBLINS,24,16,4326198
Old Man,2,2,231222
Shu Shan,9,7,2002491
Garden babys,1,0,37442
KuromiO3O,14,19,11640110
F R O Z E N,1,0,84188
snow forest,0,1,1014959
Sigma Man,0,2,57767
Black Sails,2,2,559962
six doors,20,9,6451370
AK-47,10,8,943349
oo0oo,0,1,315775
snow forest,3,5,874327
1Mmortal,6,10,3782648
Boar Army,0,1,0
The Fide Blood,0,0,297531
Farm Or Die,6,5,188056
Pink 7,2,1,180272
Mika,1,12,3464142
The swallow,7,6,999963
Pink 7,1,0,36753
MCS-P,11,9,4911389
Midnight Rose,1,2,252491
Heaven Knight,1,12,5671427
changxiangyi,0,0,37249
Crazybabys,0,0,22941
MENGXIN,2,2,58848
HappyDay,0,0,307345
MO GU,1,1,883982
One More Times,0,0,94823
The Fide Blood,0,2,2963628
NULL,18,9,1387841
Free Butterfly,4,12,1249598
Chikipi,48,47,37614913
F R O Z E N,1,2,43805
Free Butterfly,0,3,590492
The swallow,3,1,156904
Chaser of The Wind,0,1,410695
Wing of Liberty,0,2,315907
CCTV,16,15,7547789
AK-47,4,5,68244
Boar Army,3,5,703831
Farm Or Die,3,1,839988
Garden babys,7,7,715203
KuromiO3O,17,13,7968555
-,1,0,941364
what dog doing,0,2,0
DDBS,23,10,9545874
Minerva-X,5,21,3585328
DaHaiDai,0,11,363151
-,1,4,23603
Meeting Stone,0,0,43235
SO EZ,0,2,958278
-,0,1,7070
9191,0,1,268117
Mika,5,14,1569115
-,2,1,23603
DaHaiDai,1,2,115997
Unicorn Shield,0,0,18454
Peng Lai Xian Jing,3,6,251762
Only Legend,0,0,47419
1V1,0,1,0
AK-47,1,2,87011
AK-74,0,0,29190
Dark Soul,1,7,243682
Bretonnia,7,5,3275654
Jagdgeschwader 52,1,1,149502
NULL,2,5,910510
PSC,1,31,5626459
wrkxdmsrpdla,0,2,0
-,0,0,4245
Titan Blaze,0,2,0
F R O Z E N,1,1,491149
-,0,2,29906
AK-47,0,1,0
All Rise,0,6,1270358
-,0,0,130513
Mika,34,28,7755146
Boar Army,0,2,39203
Solo-King,1,5,2121396
The swallow,26,11,3746680
Sunset,0,0,188432
-,0,1,0
PSC,0,3,216388
SAIYAN,0,2,131596
eRa Empire,0,2,262297
HappyDay,0,2,454991
The swallow,0,2,75070
Old Singularity,0,1,0
PalaceGUARD,1,0,2164
AAAAA,11,9,529736
Dark Soul,3,4,152200
Garden babys,0,2,223627
Farm Or Die,0,0,705602
Ring of Stars,0,1,16974
NoEyeDeer,2,2,126846
First love,5,4,336165
Boar Army,2,1,96187
PalaceGUARD,3,4,1988590
TAKEDA 24,1,1,99984
-,0,1,0
F R O Z E N,0,0,14236
Family Type,0,3,311854
Meerkat Assemble,26,42,16584332
-,1,1,568760
F I G U R E,14,6,3745180
Mathias,8,13,422050
Another,15,5,1951325
Lym World,7,13,933351
Spero Spera,1,5,46778
Meerkat Assemble,0,4,1151037
Peng Lai Xian Jing,2,8,401535
GOBLINS,6,10,6983197
Conscripted,4,1,741371
B L A C K P E A R L,12,4,1125482
Enterprises,22,13,1447865
-,0,1,0
Western Paradise,64,23,10974526
ALL VICTORY,6,5,1305432
-,0,0,27201
F A M I L Y,2,10,7475852
Meerkat Assemble,4,3,705146
six doors,4,3,679052
NULL,1,6,414458
V1OLET,10,15,2653081
mechanical,3,5,530351
SHOWTIME,1,16,1878122
Wavei,0,2,43249
jie211314,2,0,118371
F R O Z E N,0,3,33472
Garden babys,5,2,96515
AAAAA,0,1,106216
Meow Immortal,4,13,483768
Shu Shan,13,6,1848015
Crusader Kings,0,8,1112101
-,4,2,220072
red king,0,6,979825
Swim Dragon,0,2,15064
Crusader Kings,64,23,8878890
9INE,75,13,7232564
LuoKe WangGUO,1,0,156142
All In Fighting,8,7,2374399
Mika,1,6,3041241
PLAC,0,0,26355
NewNew Young,0,1,20458
Forever Night,0,1,16185
-,3,12,370119
ACM,2,1,434347
First meow meow,0,1,649447
KuromiO3O,0,1,505316
Kingdom,1,6,1234634
ALL VICTORY,0,1,74612
CHILIZ,0,54,17232610
All Rise,6,7,1270358
Farm Or Die,2,1,56123
Belial,1,2,481490
MO GU,0,2,395060
Easy come Easy go,1,8,474339
Another,101,52,34160888
Gondor,0,1,0
10 My friend are coming Run,0,0,7406
I The Flying Dutchman I,0,2,1234072
Meerkat Assemble,0,4,1097825
DAWN OF LIGHTS,0,1,0
-,3,7,114424
Gold Pigs,0,1,0
Endernations,0,6,81972
Meerkat Assemble,1,2,407053
CoCa1nE,17,8,2576007
F R O Z E N,0,9,574140
-,0,1,2457
ALL VICTORY,3,2,1165413
Noctis,17,17,3664981
VOYAGER CORPS,3,6,910670
Blackfang Covenant,11,10,1277287
Meerkat Assemble,0,25,8157390
I The Flying Dutchman I,0,3,51880
The swallow,0,1,79038
OneDone,0,0,14826
Emergency,0,1,20930
Wing of Liberty,2,2,150776
Wavei,0,0,246247
All The Villains,2,8,1454307
Future Party,22,11,8162548
Ala,0,0,15811
-,0,1,0
Freaky Fools,0,3,34021
Mam-moth,0,1,3604
guardswell1,0,2,2529
Children Of The Dragon,7,9,5607384
NGGang,3,3,146693
TW-Club,0,0,3314
BADLAND,0,4,6612
Chikipi,0,2,1485915
Midnight Rose,0,2,0
Desire,1,2,32482
Execuduros,0,1,0
decider,3,2,2721381
Blue coral,1,7,359161
-,0,7,36396
overbudget,2,2,76713
Nowhere To Run,0,2,76562
Tamilaga Vettri Kazhagam,0,1,223782
V1OLET,0,2,258033
-,0,0,11906
DOJO,32,0,1125534
wightnight,0,2,18583
S Y N D I C A T E S,30,8,1619715
Children Of The Dragon,0,0,166584
Western Paradise,13,44,10245748
NULL,0,1,0
TW-Club,0,0,6252
Chaser of The Wind,2,1,143292
-,2,2,142130
December,1,1,25212
Old Man,3,3,1048055
AAAAA,0,1,0
GOBLINS,23,20,5670925
Boar Army,8,16,2470218
CoCa1nE,0,0,116010
I The Flying Dutchman I,11,18,15850043
-,0,2,0
Black M0nkey,0,1,0
Azurel,0,2,3791
R E V O L U T I O N,0,2,204600
High Cards,8,5,841246
Reworld,10,9,4075025
-,0,2,0
Zivota,0,2,0
Alone in The Mist,0,0,5507
Grindval,2,2,243801
The Kingdom of AkarnBee,1,0,27576
Baby_Paradise,0,1,13435
NemDaGiauCut,0,2,0
ALA ALBA,1,1,50544
-,0,1,0
R E V O L U T I O N,2,5,160321
-,0,1,0
RIP N DIP,0,1,0
QuQnnTATnnOvO,2,3,303641
SO EZ,4,3,988979
SubuTai,2,1,540691
P U R P,18,16,5597736
DragonWorld,2,11,493291
1V1,1,0,36948
Raining,0,0,59429
CENTAURI,0,2,175550
Red Circle,0,2,53279
Rogue Cat,3,1,164246
HappyDay,8,7,1261953
CHILIS,10,5,2969019
snow forest,9,16,6170394
All Rise,27,23,21263345
PLAC,5,4,10907632
Gungn1r,0,0,80494
oo0oo,3,5,750877
Live Less Bank More,0,1,0
-,1,0,26507
Peng Lai Xian Jing,0,1,0
Crazybabys,0,6,392346
evildoer,0,1,22188
NEVERLUS,0,1,0
NB FOREVER,35,7,2382134
-,0,1,0
NekoParadoxia,1,1,6065
Stellar Alliance,2,2,1078208
M O G A,3,17,4790609
OPC GGININDER,5,2,310770
octugram,0,0,2030
-,0,0,5772
RESPECTED FAMILY,0,0,9389
QuQnnTATnnOvO,0,2,93168
six doors,5,12,3104197
swetttytwo,0,0,3277
Meow Immortal,0,1,0
Real Man,4,0,362130
DragonWorld,2,2,61161
-,4,1,181891
Realest,0,1,30641
The Overmorrowers,0,1,0
PSC,0,1,1164789
Meeting Stone,3,8,1995002
All The Villains,21,15,5171224
GuGu GaGa,10,16,7095147
-,0,1,25952
Solo-King,1,1,716654
Wavei,1,4,948562
Garden babys,0,0,106
Dark Soul,1,5,31639
CCTV,7,43,6283657
Old Singularity,0,0,363
Ala,0,1,0
-,0,4,66584
MABAR,0,1,54206
MENGXIN,0,0,13540
MO GU,2,34,5023497
Z GEN,0,4,92393
CCTV,0,11,3487845
AAAAA,5,3,197561
Stellar Alliance,0,3,471034
Solo-King,51,10,8574266
Save Me,0,0,47734
M A R S,1,0,9306
-,0,1,186088
TGIF,4,3,6490773
DragonWorld,1,0,58757
KaLaewKaLad,18,7,2725333
Chikipi,11,18,12135768
Western Paradise,0,8,1493637
1Mmortal,6,6,4557969
Eternal Sword,0,1,0
Hei Hitler,4,8,2092036
Hong Xing,0,3,102523
Wandering Nomads,0,1,0
-,0,2,0
CHILIS,0,2,2374415
new boombap,0,1,508712
Dou bao,9,21,13497696
Boar Army,1,3,665793
Crazybabys,2,2,219898
AK-47,2,2,210065
NekoParadoxia,0,1,45684
Gungn1r,3,0,494336
-,0,2,0
Drum Teacher,0,4,1543972
LOBO,0,0,20796
Earn money,4,3,1092194
CCTV,0,1,430765
Minerva-X,8,14,2810204
Chikipi,5,4,1920831
good bomb,9,0,1186728
PoopooDancers,1,0,244863
Mika,2,3,876719
Dragon Blade,7,4,475758
PLAC,9,2,1905723
Peony Flower,0,2,1685207
Helios Phoenix,3,10,1763297
DragonWorld,0,1,0
Money Belief,2,2,327330
Lao Qian Xue Yuan,2,3,183997
-,0,1,11963
Psz,28,11,6460446
Shadow Legions,0,7,40538
PLAC,35,24,44206454
High Cards,40,20,2829822
Invade,25,9,2394190
KUMA,0,1,176614
Allvg,5,32,5080712
Black Sails,2,0,1373835
Albions Ark,3,1,207821
DOJO,6,1,1576715
BLOB,0,2,49480
RecaII,0,1,0
Psz,7,15,5045828
Free Country,0,0,36233
EASTERN LEGION,0,1,0
B L A C K P E A R L,2,2,148382
Ban,0,0,290668
Finish,0,3,39138
Pink Memory,1,7,1453358
Another,15,44,18231391
KYNO,0,6,128147
Call to Heaven,0,2,63922
MoneyHunter,0,1,113182
-,0,0,12790
pig bank,0,11,22996
DAWN OF LIGHTS,0,1,16253
H Y P E R T E N S I O N,28,37,2427782
-,0,0,1444
Flame Martyrs,2,2,159879
Journey Uncharted,1,2,235734
Avalons Gangsta,0,1,97146
-,0,0,14627
Walter,0,0,2986
Emergency,0,1,0
CCTV,0,0,208693
Cops Sterling,0,1,0
-,0,1,0
F R O Z E N,2,3,412256
NO-RE,1,1,126792
PalaceGUARD,3,5,1672402
All In Fighting,0,1,2259044
Bretonnia,20,13,3861242
Sunset,0,4,304760
MCS-P,23,7,1907709
YangPaiXiaKiller,1,0,898980
SPCL Brotherhood,0,3,0
HappyDay,22,17,3093802
CNTC,2,1,135923
Dou bao,3,2,3299569
China,158,49,19226702
Crazybabys,3,3,1227065
Crazybabys,0,3,660783
Auraka,2,4,126792
Coup de grace,0,1,133138
AK-47,0,4,146253
Forever Night,0,0,214929
Western Paradise,11,12,6294225
-,0,1,41963
F R O Z E N,33,27,2607310
Dragon Blade,0,2,23426
MINlONS,2,3,2964723
Spero Spera,0,0,4078
GOD EATER,3,13,2749214
Peony Flower,0,1,80282
PLAC,0,0,91850
All Rise,35,22,13999015
PLAC,23,10,8892668
Cosmic conqueror,0,2,0
-,0,2,0
THEMERCENARY,4,8,276489
Holy Black Knights,1,3,133790
The Castle Knights,2,9,165295
-,0,2,60121
Stellar Alliance,0,3,19473
Old boy,1,3,248750
Avalons Gangsta,0,1,208362
Old Man,15,19,2099917
Boar Army,4,10,1199959
-,2,2,810179
Forsaken Sanctuary,0,0,31383
GIGAN VIII,1,2,119715
OneDone,4,10,1899102
Mika,0,2,447661
Mika,0,1,187549
Fameta,0,1,6901
God_OF_Hunter,0,1,0
AFTERMATH,4,7,660869
Nemo Nemo,2,4,989803
Chikipi,25,23,14501944
Meow x Meow,0,0,390739
Chosen Few,2,1,68490
CRACKER,0,2,14997
DOKDO,4,3,720545
Floralia,0,1,216501
CHILIS,0,1,0
Rescue Station,0,2,2565407
A p os t l e s,3,0,458334
GIGAN VIII,12,5,2080796
The Neighborhood,0,1,52452
New_World_Order,0,1,12209
Chikipi,3,12,4263321
-,0,2,0
House Of Gorkha,0,2,30202
Save Me,1,2,35419
Jagdgeschwader 52,0,2,10263
-,6,19,298593
octugram,0,1,5377
SnoozeBrunch,0,1,0
CattaC,1,0,120879
CHILIZ,2,2,1487566
CHILIS,1,2,1173566
GOBLINS,0,0,120888
Rescue Station,0,11,7532271
-,0,1,0
Lazy Bear,1,1,18100
Forever Night,19,15,1646472
South PH,1,1,105833
tamago X gohan,1,0,13481
BangCuopLuongSon,4,7,1185733
give me ox,16,1,122931
VIET NAM ssm,0,3,313131
CHILIZ,3,23,8316527
Invade,27,16,3558229
-,0,1,25015
H Y P E R T E N S I O N,3,1,825711
-,1,0,12403
CAOTAIBANZI,4,12,1611873
KUMA,36,11,2213502
Pink Memory,14,7,8295784
snow forest,2,2,919254
Warhammer Defense Core,6,5,306466
-,1,2,68566
FLARE,3,2,183673
Minerva-X,4,13,2255313
-,0,4,0
Dino Jelly,5,21,3107447
Chosen Few,0,1,0
-,0,0,38651
THE WARRI0RS,0,1,4881
-,1,2,377684
CapybarAAAA,19,16,1867119
No Picture,0,1,1016720
MANIFEST,0,1,205107
-,1,2,468720
Gondor,4,6,387395
Another,30,10,7744490
ALL VICTORY,1,1,115805
Menhera,4,1,2080032
CHILIZ,49,27,9877445
Syndicate Of Caerleon,1,1,31668
Dream Archive,0,0,14042
Cops Sterling,0,0,32494
Big mom,2,5,1933118
Once Upon a Time,0,3,1132162
-,2,1,24880
ON ME,0,0,52217
I The Flying Dutchman I,0,2,5309695
WINDPhoenix,0,1,0
The Eye,0,0,17136
AZKALZ,1,7,200562
PSC,24,35,5407725
Limit Of Glory,1,2,174005
Shadow Legions,2,17,110770
Solsticee,0,1,0
G T R,0,1,0
PLAC,47,16,5699823
-,0,1,14199
CHILIZ,1,18,10478131
xNEMESISx,0,1,0
HidE0ut,0,5,106950
KAKI TIGA,1,4,217929
HeIIo Kitty,36,10,28863838
HelIo Kitty,12,5,8880849
THE SEEKERS,0,4,0
WINDPhoenix,0,3,0
NULL,2,12,2402584
Universe25,0,0,5392
War Bears,0,1,0
jdjfjfjd,0,1,0
HIRAYAH,11,15,802943
-,0,1,6128
ENDANGERED,0,2,100766
THE LEGENDARY,0,1,0
Old Singularity,0,0,42860
RATOP,2,1,143611
Unicorn Shield,0,0,18454
Future Party,66,22,12106594
All Rise,1,2,223440
Mika,19,7,4770772
Finish,11,10,2406008
-,13,1,1950913
Government Program,0,1,32997
XVI,1,2,77465
Karmic,5,9,1634040
Holy Black Knights,5,9,840846
Speed Check,35,29,4937373
Singosari,2,4,82259
Scarlett IX,0,1,0
Dreamweavers,3,8,357644
Nellie,3,11,453727
THE WARRI0RS,0,2,339750
peace war found,0,3,48321
VUAXUTUYET,1,0,1090951
M U S T A R D,1,1,171015
Warhammer Defense Core,0,1,0
Technique,0,3,83750
-,0,6,14873
Pink 7,0,1,15393
Invade,13,16,7769130
Raining,3,4,274860
Albions Ark,4,1,234216
Kingdom,1,2,20416
SubuTai,4,2,1839393
Another,21,7,5449223
WaKanDa,0,2,0
VietNam TheFord,0,0,27025
Freaky Fools,2,3,91398
RauMa36,0,1,0
-,1,1,38907
Fightin fool,2,6,233385
mahu,1,1,1212123
Wayfinder Knights,0,0,42164
Wysteria,5,8,2488915
Old Man,4,7,599962
Chola Empire,0,2,8609
Boar Army,1,0,116564
KongFu PanDa,1,2,154660
CHILIZ,3,15,16148957
-,0,1,38678
-,0,1,0
Free Country,1,0,89502
Nusantara_Syndicate,0,1,0
MCS-P,1,8,1733585
CTRL ALT DEL,2,1,115224
-,0,1,24822
I The Flying Dutchman I,1,1,5350014
-,0,1,0
Mangyan Tribe,1,1,39444
OneDone,0,3,1300777
D R E A D W A T C H,1,0,31264
N E R F,5,2,450615
-,0,2,0
yasai seikatu,0,1,0
V A G A B O N D,29,25,9858727
V1234,1,0,64988
The Savior,0,3,79315
QUILL,0,1,0
Old Singularity,1,3,53074
After Cleric,2,12,2001238
Real ONE,13,20,17202415
The Neighborhood,3,0,95475
-,3,1,459069
KnightfaII,8,5,118574
K U R O M I,46,5,2151358
HidE0ut,0,1,106950
After Cleric,1,1,1155807
Real ONE,18,28,19804017
All Rise,12,12,7477548
-,0,1,16187
Titan Blaze,0,3,0
not cute anymore,38,6,2582721
Meow Immortal,0,7,765613
ENDANGERED,0,0,18457
World BOSS,8,5,1124560
A you ok,0,2,378499
Gondor,11,6,905837
GENKOTSU,0,1,576
KUMA,3,16,2441803
I The Flying Dutchman I,0,1,299005
MO GU,1,0,1178958
PLAC,0,3,698389
Invade,1,8,2445587
Topspire,1,10,822010
Forever Night,0,1,38502
CHILIZ,0,11,6438387
V1OLET,0,1,318260
Conscripted,3,4,2810837
not cute anymore,0,5,472723
Government Program,0,0,111612
TAKEDA 24,0,4,191428
-,1,0,28997
RABBIT RAIDERS,0,1,17027
snow forest,69,16,13452116
SO EZ,0,2,19085
Kiss My Axe,0,0,7527
THE WARRI0RS,0,1,31906
N Y X,1,3,713358
-,6,1,421335
Sapling-MIU00,0,2,114189
The Neighborhood,0,3,898162
-,0,0,5787
Probably Lost,0,0,2659
HappyDay,15,9,1191130
TRlUMPH,0,3,296417
-,0,2,31444
MO GU,0,13,1457022
Z GEN,0,2,104266
P U R G E,35,19,12576038
After Cleric,11,3,2501681
Real ONE,82,27,20077764
PSC,8,16,2370197
G U I L D,0,1,0
adventurous soul,0,4,20905
KUMA,0,2,0
MoFuMoFu HEAVEN,4,15,464232
Gold Pigs,2,0,103293
-,2,2,382194
-,0,2,63447
Blue coral,4,2,286111
peace maker,0,8,26645
King Of The Night,0,1,0
Shut It,0,1,0
Holy Black Knights,0,0,7406
Hei Hitler,15,8,2191740
ORANG JAWA,0,0,15262
BLACK BANDIT,5,2,734331
MoFuMoFu HEAVEN,0,4,336496
-,0,0,227886
The Fide Blood,27,10,9310690
Chikipi,84,2,20698302
-,0,1,1996
Eternal Royal Throne,0,1,0
-,1,0,4918
MO GU,0,1,0
Kingdom,1,1,400837
HeIIo Kitty,15,26,29994623
HelIo Kitty,1,4,2397153
Red Circle,41,16,2907126
THEMERCENARY,0,1,0
crusadors,0,2,0
123qaz,0,1,0
Circus,1,5,167725
Rescue Station,69,27,23445727
COALITION,3,31,6529060
T_T,0,4,698
OMNI SLASH,0,7,39177
PUMPIM,2,1,40477
Emergency,11,15,2222366
cooked eggs,0,4,61360
KnightfaII,4,10,2042872
CCTV,67,11,7174893
An Guild,1,0,277070
P U R P,17,16,5322562
eRa Empire,0,1,262297
CHILIZ,114,31,32985256
good bomb,52,11,13452202
Chikipi,23,8,7051500
CCTV,8,14,7107395
MO GU,0,0,1789921
Z GEN,0,11,1115371
Meeting Stone,0,3,180432
-,1,0,106035
PSC,2,1,88461
Farm Or Die,31,33,2960836
S1LVER,7,7,1299798
Dread,14,14,4648725
Emergency,0,2,0
DragonWorld,1,11,366852
The Scarlet Dawn,0,0,55086
-,0,1,85666
Filibusteros,3,1,1705414
Future Party,0,4,1280889
Mika,0,9,2003866
Kingdom,0,3,632020
Midnight Rose,2,1,51611
PSC,0,2,0
Psz,6,17,5826364
Hunter Tuna,0,1,0
B o S,0,1,266070
-,2,4,59322
Stellar Alliance,4,2,547443
C O V Y,0,1,0
Lunagon Island,7,1,455490
-,7,1,977595
Wing of Liberty,0,2,0
sieege,4,5,270392
MO GU,10,11,6315261
MINlONS,1,4,1129321
SON-Nightfall,0,1,0
Children Of The Dragon,39,15,8794720
Snow Angels,0,6,0
PalaceGUARD,0,0,2164
CCTV,4,2,3265358
EWSS,1,4,102205
ONG BUT,0,0,2359
QUARTZ,0,7,32446
COALITION,1,10,147976
Dragon Blade,0,2,1933148
Earn money,0,1,134972
TUAN,0,1,479834
jaya groub,0,3,154427
HappyDay,14,11,2599256
Hush,1,0,32165
All The Villains,21,14,12752676
C O V Y,0,4,68317
-,0,1,36332
NO-RE,0,5,3346313
Atlanta,0,0,120066
WINDPhoenix,0,1,0
PUMPIM,2,15,277890
Griffin Empire,18,24,8769699
-,20,2,262736
Future Party,24,6,1275980
-,0,2,0
Blue coral,1,2,8479
SlowLife,0,1,0
conquer,0,1,317225
MAFIA ZONE,0,1,22930
CHILIS,0,0,532507
Real ONE,0,0,118333
P U R P,0,5,916111
Griffin Empire,2,2,110380
COALITION,1,4,573925
UnifyVN - 304,1,10,1111533
Take Care Your Ass,13,18,1174576
Griffin Empire,0,3,2452961
UnifyVN - 304,1,12,1798833
One More Times,0,0,4040
VIET NAM ssm,0,2,31557
S D G,0,1,0
-,1,2,2964986
Griffin Empire,7,14,3978845
WARRIORS INITIATES,0,1,0
CHANG,3,1,58619
ChillWith Me,5,3,290959
CHILIZ,41,33,18828292
-,0,3,114171
Red Paw Gang,0,1,0
Flore,1,1,36109
Rescue Station,0,2,270457
V1OLET,11,11,1588583
Rothschild Business Empire,2,0,270800
Smell Score,0,3,18738
S Y N D I C A T E S,0,2,0
HappyDay,0,1,306016
Pink 7,0,2,72220
A Brave Man,19,15,7957521
All The Villains,10,14,1895014
snow forest,2,0,173582
Garden babys,0,1,136881
Frostborn Exiles,0,1,0
CHILIS,3,3,3151317
Scarlet Bloodlust,0,1,0
-,0,0,25806
Forever Night,46,21,7152059
SideQuest,1,4,2047703
GENKOTSU,2,1,11064
SAKABA,0,1,0
Dotorii,0,2,340781
HidE0ut,0,5,108317
SAKABA,0,1,6768
P U R P,0,1,0
Albions Ark,1,3,385398
xCUTIESx,0,2,189785
K R U N G S R I,0,0,8185
CHILIZ,5,11,5214110
CHILIS,7,3,1753634
RAKUTAI,0,1,32712
Blue coral,24,4,619532
S C A V E N G E R,0,1,0
booz party,4,5,142535
SpartanS 300,0,0,16620
-,1,0,164883
Wysteria,2,0,23418
CHILIZ,1,7,3220954
Real ONE,3,12,3570097
-,0,1,0
Avalons Gangsta,4,3,590058
Battle Maniac,3,5,90011
Mamboo,0,0,45132
Snow Angels,0,4,0
-,1,1,59008
RIP N DIP,3,5,105406
xCUTIESx,0,9,1946991
MINlONS,0,23,9454398
Meerkat Assemble,11,14,4980564
AK-47,3,2,283613
eRa Empire,4,5,1041876
Solo-King,55,35,21957531
Singosari,0,7,912074
KongFu PanDa,5,14,3629795
Amateras Reign,0,1,15938
Scarlet Bloodlust,0,1,0
-,0,1,16955
Children Of The Dragon,15,9,4216075
KongFu PanDa,10,7,2425981
Dystopian,3,2,601419
Blue coral,2,0,272748
CCTV,0,2,0
Milo Making Money,1,1,1114191
ETIQUETTE,16,8,7106527
All The Villains,6,12,3761860
Real ONE,5,2,4537566
Pierce,0,2,1320800
Avutagamy chastity,0,0,10575
VN-Knights,0,3,37804
R O S E,1,1,105758
The Myth,0,2,303131
Call to Heaven,0,3,56425
Heartsteel,0,1,0
Jia Nan,2,4,118485
NGGang,0,0,272784
Children Of The Dragon,2,0,681008
U T O P I A,0,1,7362
-,0,1,0
-,0,1,0
Shining Star,114,36,4758450
RISER,0,2,13068
-,0,0,58957
GENKOTSU,0,1,0
-,0,1,0
SlowLife,0,7,33129
Atlanta,7,12,2411351
Heartsteel,11,26,3383503
Emergency,0,25,8269477
Meowfia,14,6,1342107
Tirto Gakure,0,0,82957
GRIEVING-SOUL,5,7,695489
-,0,1,0
Real Man,2,5,214581
-,0,1,0
OneFame,0,1,15483
-,0,1,917780
famass,3,15,6137955
CCTV,4,5,835398
Once Upon a Time,16,2,4510196
Avalon GenG,0,1,0
GIGAN VIII,0,0,16778
The swallow,0,2,564322
M U S T A R D,3,2,204849
Meow Immortal,1,0,611790
NULL,6,4,2338484
Amateras Reign,0,2,20376
Eternal Catastrophe,0,1,12796
The Last Generation,0,1,0
GaoLaoZhuang,0,1,98578
ACM,73,36,6602046
Life or Death,1,2,184016
Solo-King,1,13,4692019
BangCuopLuongSon,4,1,677107
-,0,1,0
CCTV,2,1,436731
-,1,0,42139
Mamboo,1,0,29937
PalaceGUARD,6,5,1859295
Spero Spera,1,1,41389
Kunlun Jade QingJing,0,6,44864
Boar Army,0,1,0
The swallow,18,12,2852166
pig bank,0,5,36595
JSCL,0,3,482901
Meow Immortal,20,20,6333916
Freaky Fools,7,6,4177003
F R O Z E N,9,13,1833007
HIRAYAH,3,6,418300
CHANG,0,1,0
Karmic,0,4,538658
Bo tuoi,0,1,6722
VINA HOUSE,0,6,0
-,0,0,4578
Nomadz,0,1,0
Summers,0,1,70110
Bretonnia,6,8,5253222
The Fide Blood,15,8,3575809
Griffin Empire,9,11,4128648
-,1,2,33010
Hymn of Valor,1,3,76568
LYM PORTAL,2,5,135647
The Goat,2,3,152821
The Verdant Order,0,1,0
PL4B,1,7,512398
Midnight Rose,1,0,15660
Ocean Waves,0,2,60017
-,0,1,0
Kingdom_of_God,0,1,1152
ConHeoDat,0,1,28745
-,0,2,3003
Bretonnia,0,0,113061
Forever Night,0,4,140258
Kunfayakun,0,8,140445
Boxers,1,0,48097
Free Butterfly,1,13,984441
Loskalos,6,9,737439
10 My friend are coming Run,0,1,0
Singosari,0,4,48870
Albion Newbie Shelter,4,0,145531
Ala,0,2,37358
SAINT ULTIMA,1,3,69516
Nyork-Keys,0,2,18512
-,0,1,0
Meerkat Assemble,0,1,0
not cute anymore,0,2,677017
Invade,1,3,493007
TGIF,21,10,6123185
GOBLINS,1,3,1554645
Shu Shan,2,3,290558
MO GU,23,20,5591438
Forever Night,1,2,201733
Pink 7,4,0,518361
-,0,0,7317
The Salty Chefs,31,32,4054856
CHANG,0,1,82512
seek destroy 69,0,4,29932
Invade,0,10,2795244
-,0,1,3772
Bretonnia,1,5,1675148
Prodigyy,3,1,500550
Noob Family,0,4,183066
World BOSS,4,4,1051191
Gondor,0,2,53974
Husky Empire,0,1,135310
One More Times,0,0,648434
ONG BUT,0,2,13254
-,0,1,0
Diana,0,1,23753
NemDaGiauCut,0,7,24236
-,0,0,38756
Hohoesa Pakchara,1,1,27930
God_Of_War,0,1,0
H U P,0,3,47977
I Blood Moon I,0,0,28108
-,0,1,0
Freaky Fools,11,5,2065188
CHANG,1,0,15633
-,0,0,4583
F A M I L Y,4,1,998295
Ban,3,4,353894
Behavior,1,4,159765
CHILIZ,17,8,11964762
Spero Spera,0,3,253453
From Zero,0,1,39191
1Mmortal,3,7,3952398
Chikipi,6,17,8222240
NiTianGaiMing,0,8,0
P U R G E,28,14,11146218
youti_lab,1,0,43660
AFTERMATH,0,13,1052182
Meerkat Assemble,0,3,778461
I The Flying Dutchman I,34,8,12596286
Call to Heaven,0,0,100989
Singosari,2,4,113328
Laughing Boulevard,13,11,1994739
large and perfect group,0,2,19181
MANIFEST,0,3,164866
-,1,1,9708
Western Paradise,10,6,2622914
under60,0,4,0
INVICTUS KNIGHTS,0,1,0
CVLT,1,2,157859
Albions Ark,0,2,0
Pria Misterius,0,1,965
Government Program,12,15,565221
Freaky Fools,0,4,280897
Lazy Bear,0,1,0
-,0,0,7641
SlowLife,0,0,6514
D R E A D W A T C H,1,0,146222
Allvg,1,1,65051
Red Circle,6,10,392421
-,0,1,100371
NIGHT WALKS,1,2,21451
Forever Night,0,0,35449
SubuTai,0,3,1217842
CHILIS,18,15,5436417
EnChou,0,1,0
Freaky Fools,3,13,6444903
Craftres,1,0,17022
-,0,5,29747
Echoes of Luden,0,5,61176
Eternal Catastrophe,0,3,0
The Wardens,0,3,1674
Wysteria,38,11,5373793
Albions Ark,2,1,336965
House of No One,3,4,289111
Tengkorak,0,4,69870
CTRL ALT DEL,0,1,552
Emergency,1,1,119079
AK-47,0,4,85637
PLAC,15,6,2631051
Old Singularity,0,0,12652
MINlONS,1,0,262555
All Rise,0,1,261124
BLOB,0,3,163544
ga cong nghiep,0,0,80324
-,0,0,14246
AK-47,0,3,398394
Meeting Stone,26,36,9844303
CNTC,8,7,287590
Albions Ark,1,2,554602
Singosari,3,1,310823
Universe25,0,0,5392
Crimson Slayer,1,1,8572
Anar chy,0,2,0
Dreamweavers,0,2,0
Dragons Breath,1,3,82380
Freaky Fools,0,7,3638787
-,0,0,141730
Rainbow Gay Bar,0,0,13468
Dragon Blade,2,3,132091
Meeting Stone,0,5,473506
Jia Nan,4,12,112546
GAMZA,0,1,0
Forever Night,0,2,96540
S D G,0,2,0
Solo-King,19,11,4824012
WARDEN-SLAYER,0,7,121215
MidNight Pirates,0,2,60442
EAGLE HUNTER,1,1,151152
-,0,0,2896
KUNCHORN,0,3,34581
HidE0ut,0,0,22711
Verdant Ledger,1,2,58898
SHOW GUYS,1,3,631290
One More Times,6,3,351316
Karmic,5,28,3321634
SAKABA,1,4,109133
P U R P,21,24,5456190
TDCJ,0,1,0
Red Circle,5,5,1272605
Ala,0,1,24678
DAWN OF LIGHTS,0,1,0
-,0,2,0
Fang of Tigers,3,2,148128
-,0,1,0
-,10,17,914144
2077,0,0,3311
Akhri Pasta,0,0,51515
GENKOTSU,2,2,95981
MoFuMoFu HEAVEN,0,1,0
Tiandao Pirates,3,6,526738
China,2,2,1478744
Emergency,24,14,2370362
Fake engage,0,4,42836
Shu Shan,0,0,444845
Earn money,22,5,7779240
One More Times,0,0,118354
Battleborn,1,0,66339
All The Villains,0,1,0
All The Villains,8,8,1538853
CHILIZ,0,2,26605
CHILIS,1,15,10317213
GOBLINS,0,1,63869
Boar Army,0,7,153925
Real Man,0,3,0
hehaheha,2,0,198307
tamago X gohan,0,1,0
-,0,0,2224
Holy Black Knights,0,1,0
Silvera,1,1,7884
Silver Oath,2,4,13368
After Cleric,1,0,5665304
Real ONE,7,4,13030915
SATANEEKO,1,1,275497
Never Regret,0,8,387827
All The Villains,43,26,6046683
Crazybabys,1,2,300569
-,0,2,0
Invade,1,25,5963787
Around Thirty,0,1,0
Red Circle,0,1,0
-,0,1,0
sysctl,0,1,0
FLARE,0,1,30422
Cosmic conqueror,0,6,0
COALITION,1,3,380439
PSC,0,1,421399
Revolutional Army,2,4,306761
Red Circle,1,21,660713
Hong Xing,12,12,692471
Shine On Me,0,0,2643
Shadow Legions,1,6,200184
-,0,2,7858
Minerva-X,4,12,2618559
Boar Army,36,31,21447394
snow forest,34,11,6251809
Walter,0,1,0
Dragon Blade,8,2,1951564
B L A C K P E A R L,2,4,187533
Pristine,0,2,113622
-,3,3,181972
CoCa1nE,0,1,219305
Forever Night,1,3,365587
Circus,0,1,11984
Peng Lai Xian Jing,0,4,0
4tRune,0,1,0
Old Singularity,0,1,26627
Albions Ark,2,0,219184
Earn money,0,1,1825464
CHILIZ,29,29,15414014
I The Flying Dutchman I,12,6,4450269
Chikipi,0,6,5005036
good bomb,0,5,7742804
Reworld,0,1,3259967
Tamilaga Vettri Kazhagam,0,0,152390
Blue coral,2,1,305379
VOYAGER CORPS,0,2,0
KUMA,16,10,1584480
nanjingdapaidang,0,2,0
Allvg,11,31,3177830
Avalons Gangsta,8,4,995681
BeasTDaK,0,1,863919
TEN4CITY,1,6,668178
Avalon Little Punch,0,1,926
F I G U R E,13,16,4923456
POOPII,3,11,533998
SO EZ,8,13,351004
The Boyz,16,16,2461944
Kunfayakun,1,4,213716
Meow Immortal,0,1,0
SAMURAI SPIRITS,13,4,1180793
Frostbite Reapers,15,0,1200044
I The Flying Dutchman I,3,8,3765017
F I K A,0,3,15934
Kunlun Jade QingJing,0,2,17873
Evangelion,0,2,170045
VINA HOUSE,4,9,561542
HARVESTM00N,0,0,22557
MUFASA,0,2,0
Minerva-X,0,2,2576578
Rescue Station,1,2,526308
I The Flying Dutchman I,28,14,6766471
CoCa1nE,16,6,2277507
The swallow,1,5,502423
Bretonnia,0,1,0
Nemo Nemo,1,2,550350
TEAM_MEMOL,0,2,34828
Midnight Wanderers,1,0,29742
NekoParadoxia,0,2,48806
China,0,0,170545
Noob Family,1,3,28028
Filibusteros,0,5,438001
PARAG0NS,2,1,95807
The swallow,0,0,99186
eRa Empire,1,2,408157
P U R P,1,0,597041
Typhon,0,1,0
-,0,2,0
Gold Pigs,1,7,1007525
Boar Army,1,6,552698
Albions Ark,0,1,0
Future Party,3,4,4664709
not cute anymore,0,0,871132
PLAC,0,2,1165678
SubuTai,0,0,68101
Easy come Easy go,24,10,2867571
POOPII,7,6,879364
Empyreus,0,16,1113911
THEFool,0,1,0
F I G U R E,1,5,2018523
Another,5,3,2072221
Minerva-X,1,8,609672
CoCa1nE,0,1,449466
snow forest,7,1,2891802
MooMoo,0,2,822215
KongFu PanDa,10,49,10637137
Zensougod,0,2,0
Spero Spera,0,1,29713
Liberty World,4,11,140210
Awake,1,0,16002
Shu Shan,18,15,5259573
Lunagon Island,0,2,52576
Amateras Reign,0,9,61288
Future Party,0,0,350576
Masked Bandits,7,1,1407187
Hong Xing,13,3,918476
ACM,0,5,865475
AK-47,6,3,577090
All Rise,20,26,11549716
Chikipi,10,23,7789758
VOYAGER CORPS,1,1,407715
Mathias,1,0,23353
Buzztard,5,6,805038
Forever Night,6,7,1742407
Beavers,2,1,60965
Alone in The Mist,0,2,0
EQMS,8,9,1303974
PSC,0,1,0
PLAC,7,29,20739337
Same-to-You,0,3,5786
CHILIS,0,21,3328759
Crazybabys,0,0,12626
All Rise,7,36,13626433
Onely,0,0,4863
Ping300,0,1,18555
Strange Journey,16,3,915396
Freaky Fools,8,4,3478970
Hong Xing,0,3,76676
I The Flying Dutchman I,3,2,7804136
Lai tsai Project,9,4,1117543
Singosari,0,3,127814
Solo-King,0,9,1148608
Ikatan Pemuda Fortsterling,0,2,89706
nekomi_home,0,1,0
MoFuMoFu HEAVEN,0,0,113957
P U F F,0,1,0
Gankrs life,1,2,84762
-,0,1,126326
TRlUMPH,5,10,2633788
KongFu PanDa,0,0,47223
PalaceGUARD,0,1,0
Crusader Kings,3,3,1736816
High Cards,1,3,55357
AK-47,0,1,19332
Half Soul,0,0,16502
CHILIZ,6,14,24359893
Wing of Liberty,1,0,57456
-,0,0,8396
SO EZ,0,2,0
Crimson Radiance,60,9,4743857
Kingdom,0,3,579938
The Wardens,0,0,28636
Kunlun Jade QingJing,0,2,30669
AAAAA,15,16,649728
Fake engage,1,2,11068
MELEE,9,26,11575107
Meow Immortal,0,4,488546
MoneyHunter,2,2,74142
CHILIS,7,17,19178611
CHILIZ,2,7,12621970
snow forest,1,2,4513646
Minerva-X,5,8,1942472
Boar Army,15,27,11715322
KuromiO3O,56,30,9750821
-,0,1,0
Nellie,0,1,7086
From Zero,2,17,958181
HELLO KOREA,0,1,15966
HappyDay,0,1,455101
PUMPIM,0,5,0
Lumi,0,1,28107
Understand,3,3,1487807
red king,1,2,2576730
MoFuMoFu HEAVEN,0,5,124381
-,0,1,0
MO GU,8,6,1427247
-,0,4,51520
GondhoMayit,0,0,10672
V A G A B O N D,7,7,2025861
SO EZ,0,0,354054
KuromiO3O,50,18,8976287
Forever Night,0,5,715088
Forever Night,1,3,307011
Z GEN,0,7,1245713
MO GU,2,3,983286
The Salty Chefs,8,15,1295357
Freaky Fools,6,22,1143298
CCTV,110,21,26646599
HaChiu,0,1,0
-,0,0,12412
Green Knights,0,6,34443
ARTIKULO UNO,0,2,8698
Farm Or Die,2,1,70112
Old Man,5,13,1084332
eza,0,1,4317
-,0,1,0
QuQnnTATnnOvO,0,3,620596
TGIF,0,5,3284979
Singosari,9,4,1857182
-,10,1,821320
Cempaka,5,0,211134
PARAG0NS,1,3,75915
I The Flying Dutchman I,8,3,18640977
Karmic,0,1,0
PhanHaSib,0,1,9840
waku,0,2,0
CHILIZ,3,38,14354579
SO EZ,3,0,465185
KuromiO3O,35,24,13918648
atssa,0,7,233550
Holy Black Knights,0,3,130566
CCTV,46,16,8519929
Black Sails,0,0,7452
HIRAYAH,2,3,119218
Lightborn Syndicate,1,0,93897
Absolute Dragon,0,0,5147
Earn money,2,1,1158041
Raining,16,4,649585
PPV,0,1,0
Tree Viper,0,1,0
DragonWorld,1,3,183837
HaChiu,2,7,240942
PSC,46,20,7974193
AGM,9,7,304576
Egg League,0,4,1722
SubuTai,6,27,14483214
CCTV,18,4,14726187
pig bank,4,13,711281
Buzztard,0,2,80567
Jia Nan,1,1,352957
Believers,3,1,58775
Meeting Stone,3,13,2090059
Spero Spera,0,1,238697
S1LVER,0,2,222720
Boar Army,1,42,7171468
paladusing,0,1,9726
-,1,0,82778
six doors,15,12,7800563
-,0,1,2599
HamoS,0,1,34764
DragonForce,0,1,0
AK-47,0,2,0
Singosari,0,4,365514
MO GU,0,1,0
SideQuest,0,1,1179738
Meeting Stone,11,8,2451395
Free Butterfly,2,11,1624505
Raining,0,1,97800
KATANA,4,3,486065
CNTC,2,1,56177
Kunlun Jade QingJing,2,0,305747
Kamusari,0,2,365691
SubuTai,54,16,10213939
Real ONE,48,11,10928165
QuQnnTATnnOvO,2,3,362633
NULL,1,1,502940
Big mom,64,31,24492380
Finish,7,6,1497625
Crusader Kings,0,1,105889
9INE,13,13,3795220
-,0,1,0
A X E,2,0,219625
Anteikuu,1,2,13200
-,0,3,0
Blue coral,5,4,1611925
-,0,3,221158
Peng Lai Xian Jing,2,2,1562605
Meow Immortal,1,3,128720
-,1,0,5160
Ox_Shepherd,0,1,0
nekomi_home,0,2,20848
Make AIbion Great Again,4,2,537464
Albions Ark,0,2,0
Kingdom,3,4,464661
REDBACK SPIDER,0,3,23106
YAJUSKBJapan,1,1,50110
-,0,1,4435
MAFIA ZONE,0,1,0
HaikyuuTeams,1,0,14292
MIKE TEA,0,0,50093
Dreamweavers,10,2,799123
Black Ops,0,1,8099
Kingdom,1,3,33642
Husky Empire,12,2,192986
Peng Lai Xian Jing,1,1,61001
Kingdom,2,4,1271107
PSI Partai Solidaritas Indo,0,4,1327
Slice of Life,0,1,5781
-,0,1,0
Death Of Ava,1,2,8796
C H E C K M A T E,0,3,3568
-,0,2,25925
Red Paw Gang,1,2,4691
Boar Army,0,2,267456
Forever Night,12,9,4777416
Understand,1,1,79422
Black Ops,0,1,0
SubuTai,4,7,3483338
All The Villains,7,19,4244813
Wavei,7,3,546031
Suger Babies,24,9,1631529
S1LVER,4,2,733168
P U R G E,17,10,9059798
UnifyVN - 304,0,1,77389
PSC,9,7,1294183
Peng Lai Xian Jing,1,1,229877
ILoveFish,0,2,0
-,0,2,13432
NekoParadoxia,0,1,0
Elitist Vanguard,0,1,0
KATANA,0,1,22001
THE-PURGE,0,1,0
Finish,0,2,608358
Lao Qian Xue Yuan,0,0,49409
MO GU,2,6,1447214
Second invi,3,1,1567835
Easy come Easy go,2,4,112929
-,0,0,4317
-,14,2,1304234
DlSBAND,0,2,74150
Invade,22,5,2478603
Griffin Empire,4,1,916877
Easy come Easy go,3,15,2234015
PAPAYA POKPOK,10,18,2760453
S A F E,0,2,8698
Baby_Paradise,0,2,0
waku,2,3,60738
StartAgain,1,1,86201
DHS,0,2,38830
CCR,0,0,86512
The Neighborhood,2,3,171818
Mob_only,0,1,191236
-,0,1,67368
-,0,0,17847
Real Man,3,2,346486
Farm Or Die,34,7,3548633
-,0,1,0
-,2,3,87608
LuoKe WangGUO,1,2,90803
-,0,2,0
C O V Y,2,3,54960
CRIMSON CONCLAVE,0,1,0
Banana Knights,0,1,0
-,2,0,164083
OneDone,6,8,778919
-,1,5,85333
conquer,1,1,167875
First love,16,10,4907789
snow forest,9,6,2850889
Chikipi,24,19,5843890
-,0,1,0
China,28,8,2902087
Boar Army,0,1,0
Fake engage,0,1,0
Demeter Area,0,2,43915
Big mom,37,24,11163998
CHINA-SHENZHEN,0,1,0
HappyDay,0,0,107955
All Rise,0,4,1245764
Chikipi,1,23,7287782
Forever Night,0,2,82288
ENDANGERED,0,2,377530
-,1,1,318622
ETERNAL CRUSADE,1,6,118979
NEXUS FAMILIA,24,13,1461948
Kamusari,0,2,431657
P U R P,12,11,5157311
Spero Spera,0,1,28960
LYM PORTAL,0,3,24863
ONG BUT,0,0,644
Hymn of Valor,2,1,48629
-,0,2,0
-,0,1,10445
NemDaGiauCut,0,0,6928
CHILIZ,1,9,22502649
CHILIS,3,4,3557153
1Mmortal,3,3,1491514
good bomb,6,2,4221905
RISER,2,5,112848
CAOTAIBANZI,1,4,186190
Griffin Empire,0,6,2931130
KnightfaII,0,4,0
MAFIA ZONE,1,5,118533
House Highwarden,0,1,0
-,4,0,49437
PLAC,8,4,11576975
All Rise,12,9,10288708
-,0,1,0
-,1,0,93969
Harmonia Eternity,4,7,191292
CHILIS,0,3,1491991
MO GU,20,15,7762815
itinerary,1,1,21487
CHILIZ,7,23,11020806
-,1,2,114507
New_World_Order,1,6,169274
GenZ dragons,0,0,11671
Seven Hill,1,2,371845
Never Regret,1,3,539494
All Rise,1,5,3409998
Reworld,0,6,197877
Wing of Liberty,22,9,2664430
AAAAA,4,17,683615
Meow Immortal,2,0,441929
-,0,0,552
War Bears,0,1,7128
Judy no go Cindy no come,0,2,4295
All Rise,0,1,260828
snow forest,27,21,11018134
pig bank,0,8,155778
Bretonnia,5,13,1498836
PAPAYA POKPOK,4,0,530357
CAOTAIBANZI,0,1,0
The swallow,1,1,34644
PUMPIM,0,1,0
I The Flying Dutchman I,0,0,22283
-,1,6,10488
Kingdom_of_God,0,9,38190
Meeting Stone,9,3,2128198
Stellar Alliance,0,0,258290
six doors,0,3,291082
-,0,1,0
Beavers,17,26,11568979
Invade,0,1,0
Big mom,2,1,47464
SubuTai,11,20,8937778
DragonWorld,0,2,0
80S Guild,0,1,39420
-,12,6,6550368
Drum Teacher,2,2,238996
AFTERMATH,0,1,0
Matcha Ore,0,1,545984
-,10,3,636021
KAI RUY,1,6,14192
-,1,2,385482
ENDANGERED,6,6,1553757
TRlUMPH,0,0,27043
Singosari,18,24,4936453
-,4,0,2077086
SHOWTIME,3,9,2457758
All Rise,0,4,891118
Buzztard,19,14,1533313
Heartsteel,5,13,2098208
EQMS,3,16,1434357
Kingdom,0,8,164468
Dystopian,0,2,46840
travelumroh,0,1,3052
travelumroh2,0,0,19698
Dotorii,3,1,201900
-,5,10,946529
QuQnnTATnnOvO,44,23,3923155
SUNSET ROLLERCOASTER,6,4,220170
Allvg,0,0,1091
Blue coral,1,3,298864
Blue house,0,0,50219
PalaceGUARD,0,0,95824
CTRL ALT DEL,0,0,1815
-,0,3,14513
WARBORN,0,0,11298
-,0,0,21661
Coup de grace,1,5,465550
C O V Y,2,10,627789
Naughty Squad,32,29,1447372
All Rise,5,10,2580626
Elsilva,5,9,124044
Elsilva,2,6,121113
Elsilva,0,2,17539
Elsilva,0,9,77178
Elsilva,0,6,96514
NULL,1,4,41955
CHILIZ,15,28,6615079
Real ONE,9,5,2412825
Pierce,0,1,20606
BeasTDaK,0,2,1524358
After Cleric,1,2,671656
Realest,4,7,759483
DEATH PARADE,1,8,72588
NB FOREVER,0,1,39702
Raining,4,17,691759
ASAM LAMBUNK,0,1,0
S Y N D I C A T E S,3,1,20309
MO GU,0,1,133243
Masked Bandits,0,2,457648
VIORIF,0,0,2002
NiTianGaiMing,0,1,0
GOBLINS,3,6,2014829
High Cards,0,6,7568
ALL VICTORY,2,0,153263
Call to Heaven,0,4,144223
-,0,1,0
-,0,2,0
ACM,21,27,7667727
-,0,3,7842
FREAKY BLINDERS,0,0,2741
NOVICS,0,0,3939
legionaires,0,1,0
Bua Liem,2,10,122833
F I G U R E,27,26,9028688
-,0,1,0
asile,0,2,0
Dear my Friends,0,2,145918
Singosari,21,13,1591867
WORLD JOKER,1,0,13077
All Rise,1,36,10004374
UnifyVN - 304,5,2,1032952
-,0,2,24556
Tree Viper,6,5,884502
good bomb,0,1,2052393
I The Flying Dutchman I,57,14,13761515
GOD EATER,5,3,658084
Forever Night,39,6,10698346
Mika,40,18,4943314
Dragon-Mi,17,10,6912628
Boar Army,10,3,712218
Mammoth King,9,3,2448656
NGGang,2,1,272274
Demon Fang,5,1,699055
Meerkat Assemble,18,12,10432336
MoFuMoFu HEAVEN,0,3,0
I The Flying Dutchman I,1,1,367519
Meeting Stone,47,18,11160742
All In Fighting,1,3,909384
Mika,0,2,814453
Future Party,0,11,4232438
CCTV,2,10,5808370
Menhera,1,1,2613571
I The Flying Dutchman I,6,5,6812235
Gold Pigs,4,0,82403
Sunset,0,2,0
Pink 7,0,2,11865
Pink Memory,16,19,15167522
snow forest,0,2,892030
Finish,0,1,894450
HaChiu,0,2,3733
Zizonpa,5,2,1219616
snow forest,2,0,230223
AAAAA,0,0,2486
CHUNFENG,1,2,27986
Real Man,0,1,161364
1Mmortal,5,14,9333037
HappyDay,2,7,510413
From Zero,17,6,1038106
FORTUNAtE,0,1,0
-,0,3,70636
Farm Or Die,1,3,358771
The Myth,12,17,4010481
KEYBOARD,7,5,190988
Red Circle,82,53,5252078
The swallow,1,1,318145
PLAC,1,14,7031746
-,0,1,0
HELIOS KNIGHTS,0,2,0
High Cards,5,1,188619
Karmic,3,12,942026
-,0,1,0
Minerva-X,0,2,27507
Boar Army,11,14,5350124
Jagdgeschwader 52,0,3,396544
PLAC,0,2,3119458
-,1,0,241252
MoFuMoFu HEAVEN,0,1,0
PSC,1,16,3752130
-,0,1,0
-,0,0,20883
GFN-GFN,0,2,40629
-,0,0,37981
CNTC,0,1,0
MO GU,7,14,1853872
Griffin Empire,7,11,1226227
Hong Xing,1,0,44494
Conscripted,4,19,10947787
-,0,1,0
Screamy,0,1,104700
Karmic,10,20,2853799
QUILL,5,6,258017
Invade,22,4,987072
-,7,1,458185
Chosen Few,11,3,362754
ENDANGERED,1,1,8016
Free Butterfly,8,7,740167
MCS-P,42,11,5455140
0-Infinity,0,0,11185
MATAKOKU,1,2,24447
-,0,3,1814
Invade,71,30,13410402
Kunlun Jade QingJing,3,2,55977
-,0,2,26373
Ashen Reign,0,1,24236
CTRL ALT DEL,2,1,10203
-,0,1,165195
HappyDay,6,0,242395
-,0,2,72283
pig bank,0,0,9336
CCTV,8,14,6227958
PLAC,3,31,10434551
-,0,0,33208
Legion Of DuLky,0,1,0
ALBION AFTER S3X,1,0,48435
NO-RE,3,4,1775980
Tiandao Pirates,9,5,1805846
conquer,0,0,378833
Gold Pigs,2,1,745490
-,1,1,9474
Pierce,0,1,43943
CHILIZ,2,40,15821637
Pink Memory,0,3,409524
-,0,3,37135
C O V Y,0,1,6220
All Rise,91,55,19002397
1gaywoligiaogiao,5,3,736177
Lao Qian Xue Yuan,0,3,23875
Lao Qian Xue Yuan,0,1,0
Crazybabys,0,3,613990
itinerary,1,0,8112
snow forest,4,2,2717220
-,0,1,0
AK-47,8,8,1519272
AK-74,0,7,32821
Western Paradise,1,2,40446
All Rise,13,24,5550546
Meowfia,12,1,1433085
I The Flying Dutchman I,5,2,1308582
-,11,11,532322
Forever Night,1,0,172601
MO GU,14,2,1575072
China,0,1,504691
ACM,0,2,38851
PSC,8,14,1048100
Western Paradise,20,22,8394519
Phantom Slayers,1,0,12546
2077,0,2,20606
-,4,1,117847
CAOTAIBANZI,7,9,777963
CHILIZ,4,5,1883103
GOBLINS,0,10,4265139
CHILIS,0,0,168934
Old Singularity,1,3,44212
cat and rat,0,1,31660
CCTV,10,7,5203274
Real Man,11,4,1597712
Red Circle,0,3,134500
A X E,1,5,162852
-,0,0,568
Gold Pigs,3,0,535785
snow forest,0,0,158581
A Brave Man,19,19,8316586
All The Villains,1,4,236441
Mamboo,3,16,399195
Old Singularity,0,1,0
AK-74,8,19,1501129
Zero to Hero-CN,0,1,0
Sapling-MIU00,3,1,245076
Dragon Blade,11,26,3602356
M O G A,8,1,1225000
Red Circle,0,11,833905
Ascensum,2,4,494140
-,2,7,317290
DST MAMBA,0,1,26397
Mimimaomao,0,2,0
-,0,0,9790
Buccaneer,2,4,183133
MALIGNANT,18,13,2990564
Epstein island,4,6,83867
THE WARRI0RS,1,3,56504
THE WARRI0RS,7,7,1194255
PAPAYA POKPOK,5,11,5908544
Meowfia,46,15,5788795
Onely,0,1,3379
KuromiO3O,3,13,4791023
Wavei,0,2,57020
Silvera,0,2,0
K R U N G S R I,4,7,216376
MANIFEST,4,2,200439
CRACKER,0,4,100578
DOKDO,0,2,232612
I The Flying Dutchman I,3,1,1775951
MELEE,7,4,821883
Red Circle,45,54,3819294
COALITION,3,13,4531883
RYLs,0,1,0
ChillWith Me,0,1,0
CHANG,1,2,35262
-,0,2,26198
Real ONE,3,7,2512733
F A M I L Y,1,2,2819004
W BLOOD,1,1,130522
Spero Spera,0,3,67580
atssa,24,9,1504063
Innovacin,0,1,0
Spero Spera,5,5,172022
Baby_Paradise,1,6,125277
-,1,2,191284
ENDANGERED,8,5,2085862
Future Party,3,1,1304996
Kingdom,2,10,1802702
Another,77,68,26030605
-,0,2,0
Whyme 2,0,5,234585
-,0,1,97811
China Daoism,0,0,20007
ALL VICTORY,8,12,2961445
Liang-Shan,0,2,0
ALL VICTORY,0,0,3108176
HELLO KOREA,0,2,13634
Floralia,5,7,948920
SNAKES OF SKY,0,2,11662
CAOTAIBANZI,1,0,206650
-,0,1,15228
Screamy,0,1,0
Crazybabys,0,0,167429
-,0,0,30519
Boar Army,4,4,3029431
-,0,0,573178
Noob Family,0,5,191448
Midnight Rose,0,4,0
No Picture,22,4,1489167
CHILIZ,0,7,5444933
AK-47,2,5,434640
Albion Newbie Shelter,0,1,0
KEYBOARD,8,6,145753
-,0,1,0
DARK SUNN,0,1,0
HidE0ut,1,3,106950
KUMA,9,12,1582163
-,0,6,18333
CHILIS,0,5,2279180
Another,2,25,18966942
Bloodraven,0,2,0
PSC,0,1,0
The swallow,10,25,4364593
Shining Star,0,17,1354479
MoneyHunter,0,1,41303
SHADOW__GARDEN,0,1,7602
Menhera,0,1,1818697
Another,14,1,3200671
9191,3,3,1830528
ERASE,26,15,3136591
-,0,2,36947
RATS NESTT,42,17,17947747
Stellar Alliance,1,3,279934
PalaceGUARD,0,1,0
All The Villains,24,4,5373867
Reworld,11,9,3557134
Critical Impact,0,2,0
PSC,0,7,1065627
Griffin Empire,23,34,11937089
B L A C K P E A R L,0,3,82166
-,1,0,23086
-,0,1,0
Realest,1,4,130950
-,12,16,1223904
Gold Pigs,0,2,55455
The Betrayed,0,3,33252
Springs,2,1,567090
PSYKOPATH,1,1,206900
No Picture,1,1,109509
BLOB,0,3,227754
LaiFaNongDer,6,1,1133887
CCTV,0,1,0
Heartsteel,4,3,1078997
TW-Club,0,2,4138
Love Constellation,0,1,0
SSRR,0,2,0
MABAR,0,1,0
Snowflakes,7,7,1138601
CHILIS,9,1,1094796
H Y P E R T E N S I O N,0,1,48397
SLAF,0,3,0
-,0,1,20128
Believers,0,0,84458
Shu Shan,3,1,696493
Real ONE,23,6,5240260
THE WARRI0RS,0,2,0
-,1,1,94970
Laughing Coffn,0,3,29008
Suger Babies,0,0,53022
CHILIZ,0,25,15856089
Kingdom,0,1,46031
Enjoy club,0,1,0
-,0,0,11185
eRa Empire,0,4,6386
Reworld,8,2,636435
-,1,4,130486
MCS-P,12,11,1844622
ANNIKKIA,0,7,16132
Noctis,1,2,90193
ERASE,35,14,10908045
Another,26,11,4897748
Menhera,8,1,1959929
ORANG JAWA,0,1,0
CTRL ALT DEL,0,2,0
Wavei,0,1,39315
The Black List,0,2,252393
LightWeightBby,0,1,182843
Raining,1,17,1938714
Sunset,1,7,784723
1Mmortal,2,2,4432438
snow forest,1,2,1548023
Earn money,0,5,327442
Mika,1,13,1923271
-,0,1,55355
Eternal Royal Throne,0,0,15363
Blue coral,0,1,0
-,5,3,466587
House Of Gorkha,1,1,2507
-,0,2,19364
AK-47,2,5,284328
Warhammer Defense Core,2,7,31655
Tarumanagara,0,1,0
Solo-King,4,10,5106795
All Rise,0,2,402722
CHILIS,21,23,40091296
Alone in The Mist,0,1,31782
-,0,0,3117
CNTC,3,11,261616
Never Regret,3,3,558062
Invade,0,12,6660240
GG-bond,4,2,667555
All Rise,138,80,21669848
Boar Army,0,12,2244809
P U R P,10,4,1771902
F I G U R E,16,21,7434209
Blue Phoenix,1,0,190455
V A G A B O N D,0,1,674229
AFTERMATH,0,1,0
Die for San,0,1,0
TopSimps,0,2,0
T O K Y O,0,0,13388
Wolves Of The Night,0,0,12800
PH CREED,0,1,5684
The Quinfall,0,1,1985
Pejuang_Rupiah,0,1,14626
Hymn of Valor,0,2,74089
-,0,1,48629
SubuTai,0,5,595593
NULL,15,5,2428421
Future Party,20,25,16027329
1Mmortal,2,3,2624915
Mika,4,13,4812552
Meerkat Assemble,5,7,1020394
Red Rebellion,17,3,1233292
-,2,1,431189
DalniVostok,0,1,0
TONPA GANG,0,0,26055
-,0,4,17725
XIN HE,0,1,0
BlueOwl,0,1,13776
KajiRingo,1,8,102560
Once Upon a Time,64,6,8769584
PSC,0,8,2009256
-,0,1,0
Dread,0,2,99492
Avalonian Basilisk,2,0,79106
Metal Eater,0,1,3585
The Neighborhood,0,1,60797
HPB,12,2,1603604
PoopooDancers,5,13,2293540
War Lust,0,3,14400
The Fide Blood,17,2,2504756
kaisa,78,3,4108280
Farm Or Die,9,14,438723
Albions Ark,1,4,274404
DDBS,5,1,1459446
KUMA,0,4,474501
Killer Eagle,0,1,0
Call to Heaven,0,0,56425
SPIDER GanG 4 gay,0,1,11113
Nemo Nemo,46,27,11482142
SHOWTIME,3,1,452046
B L A C K P E A R L,0,6,150255
Floralia,0,1,0
PLAC,8,16,30915804
All The Villains,0,3,235683
-,0,1,16011
Seven Hill,0,5,105376
Asia Merchant,0,0,30377
KORBAN MUTE,0,1,0
The Betrayed,0,2,4724
Ping300,1,1,152028
Tarumanagara,0,3,37707
TRlUMPH,0,1,174181
-,0,0,21088
Rescue Station,0,1,67105
Meerkat Assemble,3,3,965594
JugGerNaut,0,0,9076
P U R G E,5,3,2261876
S1LVER,0,4,1308
MORO,0,2,140173
-,1,5,192583
-,2,3,80253
KumaKuma,3,7,4536003
-,5,4,461564
MoFuMoFu HEAVEN,0,2,78017
RABBIT RAIDERS,1,3,452311
Alone in The Mist,2,2,152733
Allvg,0,1,56341
Kunfayakun,0,2,619149
-,0,17,0
SideQuest,64,22,7656494
PLAC,2,19,17304502
MO GU,0,3,2600436
F R O Z E N,0,1,0
WADIMOR,9,0,438997
Snake Snake Fish Fish,3,1,279533
Ban,1,1,4866
Boar Army,6,6,1430510
Stellar Alliance,1,0,10912
Garden babys,2,1,85356
Wicked Croc,1,1,37408
V A G A B O N D,21,3,4478374
RABBIT RAIDERS,1,5,1146104
eRa Empire,0,13,1142915
Singosari,0,4,310147
GUARDIANCATS,0,2,69746
-,0,2,48981
-,0,1,0
WARAY-WARAY GANG,0,2,37419
S K Y,2,1,58109
-,0,1,0
CHILIZ,0,7,4640640
Filibusteros,25,14,5523010
KUMA,1,4,741021
CCTV,1,2,1592076
SideQuest,0,3,589957
PLAC,23,18,12800654
SO EZ,19,3,4291050
KaLaewKaLad,1,0,19648
Farm Or Die,2,1,311495
Blue coral,3,7,884832
SO EZ,6,3,1655673
Save Me,1,1,59818
The Wardens,0,5,98172
Forever Night,0,1,29231
1Mmortal,2,35,26994066
nekomi_home,0,1,4996
Children Of The Dragon,13,18,5104989
9INE,8,2,1527278
pick me,0,1,40944
NO-RE,6,1,1433442
CHILIS,7,12,16769186
CHILIZ,12,9,21751588
I The Flying Dutchman I,2,5,12968852
CHILIS,0,2,38289
-,0,1,0
-,1,5,146177
tamago X gohan,0,1,6493
KUMA,1,11,808484
Government Program,3,3,114974
Coup de grace,0,1,0
Pierce,20,19,4083935
cat and rat,1,0,11865
Free Butterfly,0,2,63491
Ala,0,1,38804
Abyssal Order,0,1,0
H Y P E R T E N S I O N,0,1,12005
An Guild,0,5,933783
HanRyang,0,2,49987
First love,10,10,1141120
Meitei Ninja,2,2,103104
gangker haus darah,0,1,7437
UNITED REPUBLIC MERCHANTS,0,6,0
-,0,1,0
VELARIS,1,4,85715
Griffin Empire,0,7,3285253
snow forest,5,2,1979189
High IP Low IQ,1,6,390218
Grows,0,1,8258
-,0,3,14257
-,0,0,10185
-,0,8,14119
Switching To Heals,47,18,2404975
KAKI TIGA,11,3,308206
Master Siomai,2,3,146667
Big mom,1,5,176539
-,0,1,0
MO GU,0,9,3141508
Z GEN,0,3,2295023
Oops You Died,1,0,135848
-,0,0,21178
PLAC,13,18,49676543
Masked Bandits,0,0,112983
Heaven Knight,4,6,2251608
snow forest,24,8,4551676
9INE,6,5,2242665
Heaven Knight,84,52,31951023
Take Care Your Ass,4,17,1050986
M O G A,12,9,1092123
Raining,0,1,149917
S1LVER,0,1,0
SYNDACT,0,1,0
Global Unity,0,4,31733
The Wardens,2,3,505048
China,3,10,3527314
P U R P,1,1,315340
snow forest,0,0,1014173
Earn money,4,1,954953
UNITED THETFORD,0,2,3463
Forever Night,1,11,2133886
All God Class,0,5,105913
Guardians of Albion,11,4,547389
VietNamHoChiMinh,6,5,323994
Western Paradise,34,20,7637397
1Mmortal,90,29,18538696
Conscripted,2,2,4421346
SubuTai,0,0,1200136
I The Flying Dutchman I,3,1,2634074
The Neighborhood,3,3,1404063
Karmic,1,3,79090
PVP With Me,5,0,249311
GOBLINS,10,8,2671834
TGIF,10,19,5599052
MELEE,4,13,8190891
CAOTAIBANZI,0,3,156864
Happiness,1,0,5684
FISH GANK,0,7,0
WARDEN-SLAYER,0,1,0
The_APEX,0,0,22172
KALONG,0,1,801
THE HELLGATISM,3,3,287199
All The Villains,6,1,273578
good bomb,4,5,1858375
Survivors,0,1,0
-,6,4,182582
Blue coral,1,3,156329
TEAM_MEMOL,9,0,605112
Fenr,5,11,2686787
I The Flying Dutchman I,7,0,6513063
Finish,3,9,1668701
SHOWTIME,8,12,3362891
crazy killer,0,1,8082
PSC,0,1,0
AVA,2,3,114272
Avalon Little Punch,27,33,2510898
White_House,0,1,0
Demon Fang,0,0,108297
Nemo Nemo,0,2,4460
Albions Ark,0,0,50110
Dreamweavers,0,0,103256
Blue coral,23,7,1016464
Elitist Vanguard,0,3,15878
THEMERCENARY,3,8,214494
A X E,0,1,4824
The Neighborhood,15,17,1715595
Emergency,3,2,172263
Peek a Bomb,2,1,25009
Kingdom,1,0,64854
-,1,0,8448
Freaky Fools,2,2,71237
Garden babys,1,9,540611
Tarumanagara,7,2,499931
Heart of Thetford,0,0,19163
-,0,0,4458
P U R G E,3,8,4916408
From Zero,0,2,16495
Shadow Of Darkness,0,0,2486
Sneakypotatoes,0,4,11675
Sapling-MIU00,0,1,105202
Real ONE,22,5,14860883
P U R P,3,12,2439399
Wysteria,7,5,1263855
not cute anymore,9,6,1837583
Kids On The Move,2,3,35246
-,0,1,0
PalaceGUARD,1,5,2732678
Forever Night,0,1,708718
paguyuban penambang,0,1,10575
MO GU,0,4,592159
-,5,13,411239
Pussi Gang 69,0,1,0
EAGLE HUNTER,0,1,0
LootOnly,1,0,40297
Ichigo no pantise,0,4,89240
Biting,17,7,3707639
mistdead,0,2,0
Frostbite Reapers,18,12,3340594
-,0,1,0
Real ONE,35,9,8982529
-,0,1,0
Conscripted,41,12,5929917
Meerkat Assemble,77,31,25386352
MoFuMoFu HEAVEN,2,17,160367
-,0,1,0
-,0,3,11873
BLOOD OMEN,0,0,15516
-,2,1,106686
AK-74,0,5,96028
Meow x Meow,0,1,0
MABAR,0,7,37945
Midnight Rose,0,11,0
New_World_Order,1,5,106536
Cheer,1,2,146118
FIRST PARADOX,0,1,0
Fake engage,0,2,14380
Warhammer Defense Core,0,6,0
Noctis,0,4,880057
P U R G E,1,3,2147028
MO GU,0,0,18020
PLAC,9,5,533522
Forever Night,3,4,896932
THEMERCENARY,3,7,741802
V A G A B O N D,51,21,11086734
Old Man,0,1,17481
The Neighborhood,0,2,0
WowMayKay,5,2,41850
-,0,1,0
-,0,2,8923
Bayanihan Hukbo LVM,0,1,0
Grim Sovereigns,0,4,0
The Northern Constellations,0,0,104226
Guerilla Warriors,0,4,48548
Shining Star,2,3,773592
Freaky Fools,3,6,1277401
Gnosa,0,3,0
Crazybabys,18,14,2055968
-,0,0,520
GondhoMayit,0,1,8074
Pierce,0,1,9846
CHILIZ,1,1,1531555
I The Flying Dutchman I,1,0,543300
CHILIS,3,0,3435858
Manhattan Ape Gang,2,1,49152
Kasanova,1,4,74844
Ascensum,19,15,2182011
Dragon Crazy DxD,0,4,31104
Empyreus,0,1,0
Kunfayakun,1,1,155137
Dragon-Mi,7,6,6404034
INCOHERENT,0,1,5951
LEGION BYZANTIUM,0,1,0
Sequence,0,5,427523
Pierce,5,18,1291609
1Mmortal,44,29,14669609
-,0,4,0
Meowfia,14,21,8764506
-,1,3,103738
HeIIo Kitty,35,5,12890745
HelIo Kitty,26,9,11902244
PLAC,32,16,6947311
Cut Throat,20,3,1805491
I The Flying Dutchman I,20,4,5898707
RABBIT RAIDERS,1,1,22416
Dreamweavers,0,4,0
KongFu PanDa,3,27,9134205
THE ORACLE,0,0,43208
Pink Memory,1,1,8470
Meerkat Assemble,1,4,2415026
Griffin Empire,0,1,92163
The Boyz,13,31,2789905
HELLO KOREA,0,0,89297
Nemo Nemo,6,7,577542
-,1,0,7359
Your Father,9,3,292363
Stellar Alliance,3,9,524989
Spero Spera,0,1,2234
-,0,3,23611
GuGu GaGa,5,4,1206705
Dou bao,2,3,971161
Technique,1,0,32237
Chikipi,41,41,26199586
Pierce,22,17,6436921
White_House,0,2,0
-,0,1,0
KumaKuma,0,5,574902
Western Paradise,3,4,367973
-,0,0,36326
-,0,2,4855
The Rice of Asian,0,1,0
knights Banquet,0,0,30263
R E V O L U T I O N,1,1,12492
-,0,1,7451
-,0,1,0
Another,5,4,2622765
SUN RISE,0,3,0
Reworld,4,1,821567
You Shall N0T Pass,9,12,1439015
Wavei,0,1,0
Meow Immortal,1,4,140697
AK-47,0,1,121371
1gaywoligiaogiao,0,0,342197
Meerkat Assemble,12,20,9916393
-,1,10,45696
CapybarAAAA,19,16,3205767
Singosari,0,7,227561
F I K A,0,1,0
Bayanihan Hukbo LVM,0,3,3048
netizen indo,5,13,833754
Demon of Inari,0,3,152885
High Cards,1,0,17390
-,0,1,1831
-,0,1,34637
Government Program,1,6,92937
The Myth,0,1,0
Tarumanagara,0,5,4824
-,0,2,87755
CapybarAAAA,0,1,188557
Hooman,0,1,0
MINlONS,2,11,2315194
QuQnnTATnnOvO,1,0,247636
Lost And Ushered,0,1,22101
RESPECTED FAMILY,1,1,46037
-,0,1,0
-,0,1,95673
CABOEL TOP TIER,0,0,2829
THEMERCENARY,5,6,241363
Freedom_Castle,1,5,50617
-,0,0,130817
MELEE,7,1,4581373
-,0,1,0
THE WARRI0RS,0,3,0
-,1,1,21198
Dystopian,0,2,92488
-,0,1,0
The Lonely Moan,0,5,98724
CHILIS,1,2,1520002
TRlUMPH,42,37,6113081
UNITED THETFORD,0,1,0
-,0,2,0
Government Program,5,11,545774
THE FALLEN SERAPHIM,0,1,3177
The Iron Legion,0,5,46255
GOD EATER,0,1,123093
EZEarn,8,13,489176
P U R G E,9,6,4000725
SO EZ,6,3,304851
Griffin Empire,2,11,2421614
Demon Fang,2,0,108297
M O G A,13,19,1226609
80S Guild,1,1,81696
-,0,1,118533
Liang-Shan,0,1,47384
Earn money,17,15,9147020
Forever Night,21,20,1712360
Blue Phoenix,0,1,0
Meerkat Assemble,0,8,468371
From Zero,1,2,248300
-,1,5,59252
L D C L H,3,7,502615
PalaceGUARD,0,0,375992
PSC,9,5,3728481
M O G A,37,9,3688571
HappyDay,0,1,0
Laughing Boulevard,0,0,500324
nanjingdapaidang,0,1,0
The Lonely Moan,0,3,14725
TheGreyKnight,0,2,0
PUMPIM,0,3,0
Death Of Ava,1,0,216513
H U P,0,1,76246
ABOVE TH3 LAW,0,3,81953
SHOWTIME,2,13,2371016
srdz,0,3,7070
China,1,0,266003
Wing of Liberty,2,8,469861
red king,1,4,1168107
Mochi Kingdom,0,1,0
Speed Check,5,4,731925
Laughing Coffn,0,0,34222
Dystopian,0,2,174536
WowMayKay,0,3,53523
SO EZ,4,2,777119
HuaDaBin,0,0,55808
LD1,1,3,84048
PSC,1,3,393403
Petanii,0,3,0
QuQnnTATnnOvO,0,1,0
Tree Viper,6,12,3614052
HelIo Kitty,5,4,2120052
HeIIo Kitty,14,7,7216561
Future Party,40,12,11290584
Meow Immortal,5,1,425559
Mika,18,9,3440930
ACM,2,13,4072570
Faksi Kegelapan,0,1,0
Ocean Waves,0,1,25540
-,0,0,20883
Finish,5,3,1348488
Ocean Waves,1,0,207859
AK-47,1,7,415072
DragonWorld,1,3,25442
-,4,6,440625
Singosari,4,2,434064
MO GU,0,1,0
RABBIT RAIDERS,9,15,1530992
Ban,0,3,120334
P U R P,1,3,2001484
Spero Spera,0,2,43897
VN-Knights,5,5,331012
PLAC,34,23,27428337
F R O Z E N,9,6,760025
HanRyang,0,2,0
-,0,2,0
cctick,2,0,21674
P U R G E,9,5,3891590
-,0,1,76254
Boar Army,0,2,233967
GOBLINS,52,12,7646828
PalaceGUARD,23,8,7463797
Rest home,0,2,0
MCS-P,3,6,598229
Boar Army,22,52,12218837
KFCv50,0,4,1105366
-,0,4,12348
ACM,0,1,35770
1Mmortal,0,1,242013
CoCa1nE,3,5,643620
From Zero,2,9,451954
Mika,1,6,1521093
Dou bao,0,13,12197674
Boar Army,1,16,6300146
All Rise,0,1,33368
KuromiO3O,1,2,521481
Forever Night,3,2,40408
JSCL,0,0,12882
Forever Night,6,4,687934
Fsszsb,0,2,13668
MiMe,6,5,1423062
Mammoth King,22,3,2411888
Mika,0,1,0
Dragon-Mi,63,5,11221502
The swallow,3,4,2634992
Future Party,0,3,1140269
NB FOREVER,0,1,7305
SIS-XXX,0,1,10503
Kendan,1,1,132633
Wavei,0,0,74472
-,0,1,4536
Crazybabys,1,2,601712
9INE,0,2,1148094
EL FAMILIA,5,5,207709
China,0,6,1345406
Red Circle,0,2,88680
QuQnnTATnnOvO,6,5,746665
-,0,1,53756
Meeting Stone,0,4,495629
-,10,4,138489
Gold Pigs,0,2,191529
CCTV,3,8,3454001
Dragon-Mi,1,3,1054612
PSC,0,7,1011588
The swallow,7,2,2816445
conquer,0,0,174922
Free Butterfly,8,7,1334970
Lai tsai Project,0,1,440796
Stellar Alliance,0,0,296702
Forever Night,0,4,727005
CNTC,8,26,2293006
-,1,0,606741
Black Sails,0,6,108007
Gold Pigs,11,7,3960701
Boar Army,5,6,1293245
Pig Nose,0,0,3634
-,1,2,38189
new boombap,3,3,1288501
Dou bao,4,1,1469334
-,0,0,19760
Supine Club,0,2,219364
BEAR HUG,0,1,8517
All Rise,4,8,633633
All Rise,3,37,15837473
six doors,3,7,2391739
VIET NAM ssm,1,3,83810
PLAC,18,7,8675925
Long Tam Ago,0,1,39240
-,0,1,0
Pink 7,11,4,150855
NULL,0,0,212404
-,0,1,1227
Idochine,0,1,78640
LOOKOUTS,1,7,207147
-,1,0,12002
-,1,1,268106
Critical Impact,16,13,938272
Seven Hill,4,6,541978
Dread,4,14,2659292
Karmic,1,4,532643
FxxK,7,1,498661
Chaser of The Wind,4,1,716631
THOSANLON,0,0,9008
Minerva-X,0,3,692207
B L A C K P E A R L,0,1,19734
Invade,3,9,1740124
Meitei Ninja,0,2,42728
Peony Flower,2,0,2215551
PLAC,2,1,1596707
-,1,0,180211
ACM,0,0,273502
Super Sparrow,2,8,62041
HuaDaBin,3,17,5872538
Fire Boys,9,5,2074622
Technique,5,2,603336
OneDone,1,0,497459
Sequence,0,1,1547674
KUMA,0,0,91382
Western Paradise,0,48,9577259
ALA ALBA,0,1,10203
descend,0,2,129905
Funny Dragons,1,3,102864
-,4,4,1244446
pullx,3,7,3718794
MINlONS,25,16,8662137
-,0,2,24863
MoneyHunter,0,1,0
Man Down,0,1,0
PSC,0,1,0
P U R P,1,19,3604241
Jungle book,0,1,0
-,0,0,1102
Once Upon a Time,0,4,2317350
China,0,0,363
Karmic,7,4,1750829
SpartanS 300,0,2,24214
-,0,1,0
Aethergroves,0,0,1741
VINA HOUSE,0,1,0
P R O U D,4,21,398234
COALITION,24,25,4857328
DEATH ANGEL,1,2,276289
Bretonnia,1,1,131035
-,0,0,3129
Technique,0,1,256
Noob Family,8,5,344856
Blue coral,0,2,27379
-,0,4,1132
KaLaewKaLad,1,1,258981
W BLOOD,0,0,5627
Evangelion,0,4,522380
The Lonely Moan,2,1,162346
PLAC,0,8,3846318
Wavei,3,0,216885
-,0,0,5329
I The Flying Dutchman I,53,16,24187111
Lym World,11,12,993165
CRACKER,3,1,806950
FLARE,0,0,19967
DESTROYER GHOP GHOP,0,0,38360
Revolutional Army,1,0,28881
-,0,1,138401
Crystal Icarus,1,3,41568
Kunfayakun,0,5,123277
SO EZ,12,1,1533996
Fort Sterling Company,0,0,22261
V1OLET,0,4,40704
-,0,1,0
Scarlett IX,0,1,4250
-,0,0,1325
GriimReaper,0,1,4696
OODr,0,1,4212
Spero Spera,0,2,42517
Wing of Liberty,1,3,721334
All Rise,2,2,590179
The Northern Lands,0,1,55566
six doors,7,3,4064885
red king,4,4,2192968
PPV,0,1,0
HeNan,3,4,256481
First love,0,3,352866
ALL VICTORY,0,2,1606099
Nemo Nemo,2,4,416711
Sneakypotatoes,2,9,289481
ll MENDU ll,1,3,15228
FrayainT,0,0,982
-,0,1,0
Astartes,0,1,0
eRa Empire,2,2,31313
KongFu PanDa,0,0,67614
SO EZ,0,0,46373
Matcha Ore,1,0,20145
The Neighborhood,1,6,66491
SLAF,0,1,0
Blue coral,0,2,0
KAKI TIGA,0,1,23515
KUMA,2,2,845898
Thugging Central,17,8,1950214
pig bank,0,5,148926
Finish,5,4,644067
ANTEK ASING,2,2,133432
eRa Empire,2,3,649473
Meow x Meow,0,3,229910
Buccaneer,0,2,14566
MALIGNANT,0,10,1972005
Government Program,0,6,33161
-,0,2,0
V A G A B O N D,1,10,4404098
Ping300,8,23,7146940
bosaBOSS,1,2,287872
ENGAGE ON ME,0,4,73616
Peng Lai Xian Jing,0,9,576454
THE LEGENDARY,0,6,18141
The Neighborhood,0,1,0
-,2,0,125713
ALA ALBA,1,1,439775
SO EZ,0,1,46373
10 My friend are coming Run,2,15,436837
Flame Martyrs,0,3,37585
Yellow Zone Kings,0,0,34283
Global Unity,1,1,157320
R O S E,1,8,1068280
KUMA,1,5,722420
hurry yogurt,1,0,41550
M U S T A R D,1,0,204849
All Rise,29,37,14184103
SPCL Brotherhood,1,1,118352
Liberty World,0,6,25499
All Rise,39,33,16591125
koplok na,0,1,0
CCTV,1,11,8256094
Wysteria,13,7,4267588
Peng Lai Xian Jing,1,4,191201
1994,1,0,236519
Spero Spera,1,1,5007
The Eye,0,1,11101
80S Guild,0,2,830396
M O G A,80,14,5189816
-,0,1,3985
Shining Star,7,17,2090150
-,0,1,0
Meeting Stone,3,12,3057463
NB FOREVER,0,1,7203
Heartsteel,13,15,2809790
The swallow,0,1,473785
-,0,2,0
Another,7,9,11082712
The Verdant Order,0,0,8220
The swallow,6,12,3221017
-,11,2,1446908
Stellar Alliance,11,13,2304944
Frostborn Exiles,0,1,0
Conscripted,210,18,20609930
After Cleric,1,3,666302
CRACKER,0,2,0
sexie,0,1,39906
-,0,1,0
Legion of Doom,1,8,527101
21Gangsta,0,5,22129
First love,0,1,0
Warrior Exile,22,10,1022840
I The Flying Dutchman I,50,12,20406669
-,1,1,496256
-,0,1,0
Iron Dominion,0,0,16246
Earn money,53,17,16854343
Meerkat Assemble,2,9,4088626
-,5,1,187351
Jagdgeschwader 52,0,4,55779
MoneyHunter,1,8,144465
-,0,2,8275
Old Man,5,16,3118911
Allvg,5,1,505719
-,3,2,39291
CAOTAIBANZI,1,3,578620
Auraka,0,2,164854
Elimination,0,29,3552064
PUMPIM,0,6,412828
Biu BiuBiu,15,19,2327085
Blue coral,1,1,134047
1Mmortal,11,4,4183472
CHILIS,3,1,1499495
good bomb,6,9,11261889
Old Man,20,26,1876986
PLAC,0,0,529887
KNYACKI,0,2,0
The Wardens,1,3,891687
Coup de grace,0,1,187770
-,0,0,30559
Lao Qian Xue Yuan,1,0,15381
C O V Y,1,8,362557
-,1,0,4295
Forever Night,0,3,138492
Kingdom,0,3,12447
Red Paw Gang,2,8,34721
POOPII,0,2,16089
NotRegular,0,1,0
Partai Buruh Indonesia,0,1,6229
ALL VICTORY,0,4,3259221
Shining Star,23,13,3758435
Kingdom,5,2,2472655
Old Singularity,0,5,278900
GFN-GFN,4,0,85841
Dragon Crazy DxD,0,0,134954
Rescue Station,52,30,28846604
All The Villains,10,54,16981708
FORTUNAtE,4,9,286295
born to be worriors,5,3,402763
BISAYA LIFE,0,5,0
MoFuMoFu HEAVEN,0,6,30333
Call to Heaven,0,1,0
-,0,0,7260
SpartanS 300,0,1,40160
CHILIZ,0,10,1298184
SHOWTIME,2,12,3219571
Mamboo,0,0,211255
A Brave Man,17,26,9509216
All The Villains,4,4,754735
snow forest,5,1,389540
AAAAA,5,12,547025
Hanguk,0,1,4383
Reworld,0,3,0
CUT OFF,3,2,149317
Nemo Nemo,5,1,72696
Meerkat Assemble,0,3,1972821
-,0,1,0
snow forest,0,4,1286272
Red Circle,0,1,39337
-,6,3,451422
Jawbreaker,3,3,241196
BlueOwl,0,0,19862
-,0,0,15686
GIGAN VIII,17,13,2625411
Heart of Thetford,1,0,91016
Psz,24,12,5717603
MINlONS,0,0,664984
bosaBOSS,0,2,54328
Griffin Empire,0,1,0
CHILIZ,6,26,12173845
-,0,6,415168
-,0,1,0
BLOB,3,4,190961
BLOOD LEGION 1,0,2,0
Shadows of Dead Can Gods,0,2,0
JugGerNaut,0,1,10867
SINGAMAS XI,0,2,11860
BLOB,1,6,85792
-,0,1,1445
YeoPo,0,1,96444
WhiteSuits,24,5,895416
-,8,12,1117575
CHILIS,19,10,8774966
Kendan,1,4,92895
-,0,1,0
PSC,9,26,8197059
-,0,1,0
GOBLIN CAMP ID,9,27,648396
-,0,2,18387
Real Man,1,1,10671
Black Sails,2,5,656791
welcome newbie league,0,1,0
Freedom_Castle,0,1,0
KUMA,0,3,211729
Fang of Tigers,1,1,81072
-,0,4,45917
KUMA,0,0,40320
Peng Lai Xian Jing,4,9,1808195
THE LEGENDARY,0,1,2642
-,0,1,0
Critical Impact,5,4,266222
A WA LONG,2,1,58405
FATE-Excalibur,0,2,0
MooMoo,12,12,3634602
First love,1,1,457145
Suger Babies,5,6,260217
-,0,1,0
Critical Impact,22,18,1165413
F I K A,5,22,5631203
-,0,1,0
Holy Black Knights,0,1,9445
-,2,1,88711
Freaky Fools,22,25,5777462
Meow Immortal,0,3,15821
KaLaewKaLad,2,1,271243
-,6,0,211237
anomali SILUMAN,7,13,515109
-,0,0,5653
Anteikuu,0,1,0
Oops Youre Dead,1,3,376017
Sunset,0,6,2935783
Seven Hill,0,1,246825
PSC,0,1,100638
MAN0K NA PULA,0,1,0
Manhattan Ape Gang,0,1,0
No Picture,0,1,235394
F A M I L Y,16,6,4110753
Easy come Easy go,2,0,276304
Crazybabys,0,2,66808
Wysteria,9,8,3631663
-,0,1,0
HIGH and Hungry,0,1,0
-,4,2,378215
1Mmortal,27,14,7882659
Kunfayakun,1,3,85984
WADIMOR,0,6,791461
Dragon-Mi,8,4,7391272
DRACIN,0,0,29601
Chikipi,3,11,8514162
Invade,5,3,1099738
Anime Vanguards,0,1,0
KuromiO3O,0,1,25627
PSYKOPATH,0,4,46024
HELLO KOREA,0,1,0
Coup de grace,0,1,0
Hanguk,0,3,29161
DOKDO,1,5,48890
NOMOREMOMOK,1,4,47482
-,0,6,102935
HighHeaven,2,11,259860
NoobGaming_YT,0,1,0
Future Party,2,1,3753445
-,13,2,1294166
A X E,4,26,653203
Big mom,1,2,2018072
1Mmortal,4,4,1510522
Big mom,17,17,9160968
peace maker,0,3,30218
Allahu Akbarrr,0,0,402024
Heartsteel,0,4,892892
QuQnnTATnnOvO,5,5,1449956
HeIIo Kitty,1,16,14024939
HelIo Kitty,0,7,10551143
CHUNFENG,1,2,1374
eRa Empire,26,12,1386525
-,1,0,12218
FxxK,0,2,372096
Liberty World,0,0,36300
-,2,13,180239
-,4,9,662931
ORANG JAWA,0,3,10010
All Rise,0,5,1849494
Boar Army,0,0,36332
CHILIZ,15,40,29123034
N E R F,0,2,0
-,0,1,20896
Call to Heaven,0,5,185517
TONPA GANG,1,2,200487
Nemo Nemo,0,6,1574830
Blue coral,0,2,175973
Blue Phoenix,0,1,0
Dark Looters,4,12,330140
Blue Phoenix,11,8,968795
Binary,7,2,707569
-,0,2,6183
-,0,1,0
The Parking Bros,1,1,104148
Critical Impact,0,0,92646
PSI Partai Solidaritas Indo,2,3,370216
-,0,1,0
All The Villains,29,26,12044972
Midnight Rose,0,2,7049
-,0,1,0
Chikipi,3,1,718733
six doors,6,10,6031486
-,14,9,2767411
Judgementt1,2,0,803937
CapybarAAAA,0,1,271065
Kendan,9,1,328997
-,0,0,217492
Coup de grace,0,1,935501
Rescue Station,33,17,15888946
TRlUMPH,6,5,3022657
F A M I L Y,20,13,11656324
Rat Evasion,28,24,12818714
Never Regret,9,9,654685
-,2,0,208299
ACM,4,14,2343611
Nemo Nemo,3,5,858434
-,1,0,5821
PLAC,1,29,15688671
ULTRAMAN ALBION,0,2,0
-,0,0,6023
-,0,0,11340
UNITED THETFORD,0,1,0
BlackTemplars,0,0,32024
Heaven Drive,0,1,151429
Ban,5,4,413884
-,1,0,98082
First love,0,1,0
Judy no go Cindy no come,5,5,154794
-,0,1,0
babymonsterr,0,1,0
-,0,0,34948
-,0,2,81328
snow forest,3,6,2662115
Wysteria,15,15,5141036
SAMURAI SPIRITS,0,2,30288
Tree Viper,93,37,13368069
-,0,3,135438
M A R S,0,2,148043
CoCa1nE,7,11,1432122
Big mom,49,34,20143972
-,1,4,12943
First love,0,1,0
Abyssal Order,0,3,15973
Wing of Liberty,0,4,515739
Another,10,2,2637398
FxxK,0,3,399408
The swallow,0,1,0
SilentMemoirs,0,0,2020
Boar Army,4,11,1951708
China,72,22,13189658
Snow Moon,2,15,249394
The Fide Blood,0,9,3156671
-,8,1,2668087
1Mmortal,1,0,129113
I The Flying Dutchman I,9,10,15054786
N Y X,0,2,0
M O G A,7,10,3044729
B L A C K P E A R L,0,3,37464
Heartsteel,3,7,761896
Sapling-MIU00,4,1,601955
MO GU,10,5,2891590
Z GEN,0,1,0
Stellar Alliance,7,11,1674813
P_P,9,30,831186
KuromiO3O,12,9,3319359
Dark Soul,2,3,229140
CHILIZ,0,2,927967
KuromiO3O,11,21,9049939
RAKUTAI,0,3,222520
-,2,1,38049
A you ok,0,2,5382
RENEWAL,0,3,36477
HK-99,0,1,0
Albion Newbie Shelter,0,1,76090
eRa Empire,0,0,72822
Gankrs life,0,3,0
Vendettui,0,2,30958
Boar Army,0,1,0
new boombap,0,3,270465
caravan jaya makmur,0,3,0
gou8,7,3,1309830
Albion Newbie Shelter,0,3,22232
Chikipi,62,40,22583183
Real Man,6,26,11055993
All Rise,7,22,5204687
Mika,5,10,2410928
All In Fighting,0,4,1258244
takkasin club,14,9,1220888
Real Man,0,0,701884
F R O Z E N,0,1,0
koryen,0,1,0
Tengkorak,1,1,11798
Meerkat Assemble,31,25,17015489
Reworld,11,15,5749393
Pink 7,0,0,9685
Peng Lai Xian Jing,2,2,41589
Same-to-You,3,17,131096
P U R P,0,2,55391
Solo-King,37,21,11528896
MCS-P,2,5,2315952
Alpaca Caravan,0,1,0
ALBION AFTER S3X,0,1,2030
Blue Phoenix,5,14,1429626
-,0,1,37032
10 My friend are coming Run,16,10,292601
Ping300,3,6,1592874
VIET NAM ssm,2,3,89577
-,0,4,20186
G-TOPPER,0,5,174092
F I G U R E,73,16,16212662
SubuTai,4,4,890823
Second invi,8,2,4222571
THE WARRI0RS,0,13,235471
MO GU,0,1,460676
Trail mix,0,1,0
Minerva-X,2,7,304773
-,0,0,427693
I The Flying Dutchman I,6,14,8007710
PLAC,19,4,8567787
-,0,1,0
Dotorii,9,9,401427
Blue coral,0,0,824963
Blue coral,0,0,578
Albions Ark,0,1,218891
Reworld,0,1,0
A you ok,0,1,270037
All Rise,0,1,98979
Meeting Stone,0,1,46348
AAAAA,0,1,92322
-,0,1,0
THE WARRI0RS,0,0,15676
Pink 7,2,4,198160
Dark Soul,23,10,3458237
VIORIF,0,1,3000
Allvg,0,1,245696
Crimson Radiance,9,11,1363615
Ascensum,24,4,602125
-,0,0,40400
Once Upon a Time,6,9,3101119
South PH,0,1,0
Crush,0,0,25503
-,1,0,59211
N E R F,0,0,4105
Raining,2,0,512875
-,0,1,0
B o S,0,1,0
AAAAA,0,1,0
Silvera,0,1,0
Ocean Waves,0,2,37970
SpartanS 300,0,0,133872
BangCuopLuongSon,3,0,327495
Game Of Throness,1,2,84114
GIGAN VIII,10,5,215269
-,0,1,0
Jia Nan,2,7,510504
B L A C K P E A R L,2,4,1410936
Assyllum,0,0,42229
High Cards,0,5,0
ACM,9,11,2976846
I can be ur Superman,48,17,29476223
WHITEOUT,1,2,13523
Arufa,0,0,1813
-,0,1,0
One Shot,1,0,21585
CURSED GUYS,0,7,0
GFN-GFN,0,0,35931
-,0,1,0
-,0,1,67525
PSC,6,33,2733883
Meerkat Assemble,31,17,12936268
Fenr,1,13,5638313
Rest home,0,1,72424
All The Villains,0,3,524547
A Brave Man,3,18,10009998
snow forest,2,3,6084190
xCUTIESx,6,2,678891
Ordo Musaceae,0,2,5869
PSC,15,11,4794683
CHILIZ,7,8,15682345
NVDHi,0,1,2258
Same-to-You,0,4,38473
Guardians of Nature,0,2,0
Blue coral,27,15,2639277
Spero Spera,0,3,116292
RABBIT RAIDERS,0,2,179607
AK-47,2,5,228633
MoneyHunter,2,3,25156
bosaBOSS,2,14,265573
caravan jaya makmur,2,20,274039
-,0,1,0
Blue coral,0,0,16910
NULL,4,4,1135770
Masked Bandits,3,2,1040869
I The Flying Dutchman I,0,2,457513
Demon of Inari,0,1,28605
PPV,0,1,0
The Myth,0,6,1044948
-,0,0,6310
Enterprises,1,6,352034
Dreamweavers,0,0,854
TONPA GANG,3,4,172166
NULL,1,10,2149281
GOBLINS,3,6,831356
TGIF,23,9,3905138
Buzztard,0,12,1668845
KUMA,0,9,992265
mechanical,0,2,144837
Chikipi,22,25,16305576
V A G A B O N D,30,30,12563727
CoCa1nE,0,2,387408
conquer,1,6,710500
C O V Y,0,5,91965
-,1,1,27168
-,1,0,6220
You Shall N0T Pass,3,13,1295323
Speed Check,0,1,0
-,3,2,294586
K R U N G S R I,4,5,130058
Solo-King,0,0,559317
Glorious Bastards,3,1,207337
CHILIZ,8,17,29436251
After Cleric,0,2,5229533
Fenr,0,1,2615904
Reworld,29,10,4855425
HuaDaBin,9,1,2338196
pig bank,0,3,0
GAMZA,1,0,118962
D R E A D W A T C H,0,1,1334
Children Of The Dragon,3,6,1178057
Another,40,53,36855133
K R U N G S R I,3,4,101273
-,0,1,4073
GIGAN VIII,43,20,4339687
LuoKe WangGUO,0,0,75218
itinerary,0,7,182087
10 My friend are coming Run,2,2,121441
Mhytical Castle,0,1,4932
S1LVER,0,1,13053
NULL,0,1,0
Menhera,0,1,100255
YUN DUAN,0,1,0
GOBLINS,6,8,2227626
-,1,0,547969
Earn money,6,2,2438331
KUMA,1,0,276812
GIGAN VIII,14,3,1882249
-,0,1,4073
Noctera,0,2,54740
Ordo Musaceae,10,12,414133
Meowfia,7,8,1229023
BeasTDaK,1,1,358947
Knight Of The Sun Vtopia,0,3,92791
Love Constellation,0,1,0
-,0,2,3913
Stellar Alliance,12,9,4403858
Mika,10,3,1434146
-,2,0,477041
MO GU,1,13,1904904
Menhera,0,2,1471821
Another,0,4,3745777
Artery,0,2,0
Blackdawn,1,1,401111
EL FAMILIA,0,2,15384
-,0,2,22502
One More Times,2,5,446310
TGIF,17,11,8122465
CoCa1nE,2,3,343313
MINlONS,0,1,0
Chill Chill Chill,0,1,109162
Lionheart Eventyr,3,2,297976
OnlyRatsTV,3,4,110022
Real ONE,0,1,754645
PLAC,21,5,14989745
SlowLife,1,6,102396
CATY,0,2,39350
Alone in The Mist,0,0,16927
LOOKOUTS,0,1,0
-,0,1,91766
kaakbay,0,1,0
MARTLOCK LEGION,1,0,38637
Emergency,14,12,1349061
The Lonely Moan,38,9,1143758
Warkop Sebas,0,0,200232
COALITION,18,36,5295338
-,0,1,120359
Death love knight,0,0,3249
AyaM JantaN,2,3,185632
not cute anymore,3,4,3027595
Laughing Boulevard,1,12,23579847
F R O Z E N,13,15,1219196
P U R G E,2,1,62124
Wysteria,10,5,422978
MO GU,8,1,976267
FLOPIT,19,6,2003534
Speed Run,3,1,965215
ITMN,1,1,42822
D R E A D W A T C H,2,8,406831
Pierce,4,4,1442086
Real ONE,27,8,14656111
not cute anymore,0,0,219097
After Cleric,0,0,2349016
-,0,1,11962
An Guild,8,12,776682
MO GU,22,17,8500326
F A M I L Y,0,0,1868375
-,0,2,0
The_APEX,0,1,0
Filibusteros,1,8,1129858
Sigma Man,0,4,215633
Meerkat Assemble,5,3,4615344
Nemo Nemo,4,7,2850412
-,0,1,0
-,0,1,0
ACM,0,1,0
1Mmortal,3,7,10357342
Kingdom,5,1,93351
Sunset,0,2,18630
CATHEDRAL OF RAT,7,3,563643
Chikipi,53,22,12752434
F I G U R E,0,2,819632
Finish,0,1,0
A X E,0,1,83627
Fenr,0,1,103430
solo bolero,0,0,102892
-,2,6,56722
Eternal Catastrophe,0,1,19384
God_Of_War,0,1,38952
PUMPIM,1,9,712
ENDANGERED,9,33,5363646
-,0,1,0
Noob Family,0,0,34282
R E Z,3,4,174783
-,1,14,73426
DOJO,8,0,816214
B L A C K P E A R L,1,6,478768
SubuTai,4,4,1212614
Conscripted,6,2,988929
PLAC,24,7,11881604
Meow Immortal,0,1,0
SO EZ,1,5,1352404
NIGHT WALKS,0,2,0
Meeting Stone,0,23,3923570
Dystopian,0,3,0
ALBION AFTER S3X,0,3,24116
S A B O N G,0,1,10607
OMNI SLASH,2,1,82726
Jian ren jiu O,0,0,53954
NB FOREVER,7,5,1448787
Another,3,7,4380870
UnifyVN - 304,2,5,1347138
Dragons Breath,5,10,290377
YangPaiXiaKiller,0,0,57266
C O V Y,2,3,158773
Crazybabys,0,0,16896
NoobGaming_YT,1,3,146695
-,0,1,0
Midnight Rose,0,0,16369
-,0,2,58309
-,3,3,187545
Solo-King,56,21,12234163
Solo-King,0,1,941044
1Mmortal,30,9,12112775
HappyDay,1,1,84941
9INE,4,0,662226
Raining,0,1,396587
All Rise,0,0,59623
Old Man,6,9,779559
Reiver,0,0,9013
NeGalius,0,2,0
Red Circle,1,1,13686
MACHERIE,1,0,130955
-,9,1,1594934
-,0,2,0
-,1,7,539608
takkasin club,1,0,15251
Western Paradise,3,41,5058953
DragonWorld,0,3,451250
Conscripted,18,12,6651543
B L A C K P E A R L,4,7,721740
Blue coral,2,2,454936
AK-47,1,4,104277
snow forest,0,1,33230
TGIF,0,9,5739112
GOBLINS,0,6,3517194
HuaDaBin,1,2,264845
All The Villains,45,20,8982930
C O V Y,2,1,120571
Red Circle,17,21,2213976
Wing of Liberty,1,2,82563
-,0,1,0
Kingdom,1,9,948852
Dragon Blade,1,0,92721
From Zero,1,1,133384
HaChiu,3,2,105862
-,1,1,455219
GuGu GaGa,18,6,3378121
Western Paradise,22,29,5057770
-,0,2,0
Never Regret,1,7,462420
I The Flying Dutchman I,30,11,10420322
Red Circle,0,8,616216
F I G U R E,3,6,2858015
Another,0,19,8449570
Tree Viper,1,2,143392
SO EZ,0,1,0
Geiwofeiqilai,0,3,133796
A X E,1,0,40848
Creation Camp,7,10,818092
snow forest,41,8,10410017
Sigma Man,5,7,431654
Future Party,1,3,1673037
Future Party,0,1,14568583
The REVENGERS,0,1,0
-,1,5,49169
Shining Star,32,47,6177634
CNTC,0,1,21157
Another,93,34,38430630
evildoer,0,1,101695
Crazybabys,0,10,1238903
KongFu PanDa,7,7,1293126
All The Villains,0,2,0
Western Paradise,17,27,4126678
-,0,0,63511
GIGAN VIII,8,7,502329
I The Flying Dutchman I,9,4,2172399
DlSBAND,9,6,2697424
Blue coral,1,8,1515013
-,0,2,6526
H Y P E R T E N S I O N,0,0,57461
Pink Memory,0,2,121436
-,0,1,0
All Rise,11,22,8673107
good bomb,45,5,13581143
1Mmortal,0,0,46969
-,0,0,16557
Forever Night,22,8,685935
Mika,2,2,294741
CCTV,0,4,356562
Ring of Stars,0,4,45548
F A M I L Y,21,8,6667238
Dragon-Mi,23,13,7082955
A Brave Man,0,5,487190
-,0,1,0
C A L Y P S O,0,0,5154
Sentinels Arc,0,2,8945
RauMa36,0,4,0
FAMILY GATHER IN ALBION ONLINE,0,1,0
JOLLY,0,1,0
I am King,0,0,658500
VN-Knights,17,7,914108
The Question,6,0,214695
VINA HOUSE,0,3,0
Freaky Fools,1,1,420863
PLAC,9,4,2865559
VINA HOUSE,0,9,291584
-,0,1,0
booz party,20,14,1453963
Rescue Station,31,16,11862487
Solo-King,6,16,8313653
-,3,6,1299614
-,0,8,348018
Mercenary CorpS O L O,0,1,128268
Depths King,0,1,196338
1Mmortal,36,20,12074182
All The Villains,4,2,999349
Griffin Empire,10,23,6288301
-,0,1,0
Sylvan Gaia,1,0,77904
-,0,1,0
CHILIS,0,0,473723
Judy no go Cindy no come,1,5,275232
Shut It,0,1,23932
MCS-P,2,0,364841
-,0,0,45142
RISER,1,0,2631
Lucky Fools,16,15,2810837
One More Times,0,3,1758452
R O S E,26,10,3324389
-,1,0,1351572
AAAAA,4,19,1442282
AK-47,24,15,8876840
MCS-P,4,2,447909
TRlUMPH,5,8,1904042
Pencilgon,0,1,0
SHONiN GUiLD,4,4,279664
-,0,2,8052
Chosen Few,2,1,30781
Freedom Nova,0,5,2967
Dotorii,2,1,137411
-,0,0,21683
Snowflakes,9,3,469196
I Check Mate I,0,2,149589
Gnosa,1,5,126903
Heartsteel,3,13,2372580
I The Flying Dutchman I,4,2,1286019
-,5,1,60235
MINlONS,18,22,8648477
Bone gang,0,1,0
RAKUTAI,0,1,0
4vX,1,1,561059
MINlONS,0,1,323587
123qaz,0,2,16519
F A M I L Y,12,8,7780584
Filibusteros,4,13,4230790
The Neighborhood,0,4,37132
Meeting Stone,2,23,6382895
-,0,1,0
Forever Night,0,1,0
DOVATSAMSET,0,0,4855
Boar Army,1,0,133201
CapybarAAAA,2,4,600105
Sentinels Arc,1,1,83301
B L A C K P E A R L,0,1,0
Walter,3,2,603528
F R O Z E N,28,9,2870417
PSC,0,4,318667
nanjingdapaidang,0,1,18233
QuQnnTATnnOvO,1,9,395096
-,0,9,248802
Chaser of The Wind,0,0,349311
BLOOD OMEN,1,2,142313
-,0,1,0
Emergency,1,0,144973
F I G U R E,12,7,2545416
SpaceWolves,1,2,166358
-,0,1,0
Alone in The Mist,2,3,242574
ALBION AFTER S3X,0,0,51274
War Bears,0,0,54557
Shark Chew Toast,0,4,0
THEMERCENARY,1,5,845866
Press A to Die,0,1,8322
VenomGang,0,0,57303
PLAC,15,48,13222502
JiangHu,0,0,198760
Emergency,11,5,812278
KongFu PanDa,9,5,2808124
Rescue Station,8,7,2583305
-,0,1,76382
Nemo Nemo,11,37,12410735
WhatThatSkill,0,5,6372
Chikipi,4,51,18695029
Dragon Blade,0,20,2996441
Forever Night,0,11,986905
VELARIS,0,0,13911
MO GU,1,2,882596
Auraka,7,11,509995
Around Thirty,1,1,9002
Lunagon Island,0,1,0
Boar Army,27,9,1397970
F R O Z E N,0,0,22776
nanjingdapaidang,0,1,0
GOBLINS,2,6,7323244
TGIF,12,15,3534385
Meowfia,4,5,1096314
Rescue Station,22,10,4226120
Freaky Fools,8,12,1970017
QUILL,8,3,322605
All Rise,32,10,4916779
UnifyVN - 304,0,1,0
H U P,3,4,947607
Asia Merchant,0,6,132565
MoFuMoFu HEAVEN,0,4,0
Pink Memory,2,3,1119501
NewNew Young,13,12,1166401
I The Flying Dutchman I,1,7,12843603
ACM,1,1,42118
Solo Nep,1,0,26946
CRACKER,0,1,191510
-,0,2,0
Auraka,0,1,0
Hei Hitler,0,1,527642
Mika,35,17,9750607
All Rise,1,4,2354411
Stellar Alliance,0,2,538041
HeNan,3,8,220619
PLAC,0,9,2108890
KPA,0,2,0
FORTUNAtE,0,2,8425
hephaestus pamilya,0,1,0
Kunfayakun,6,3,637600
FLORISEN,0,0,34946
INTERGALACTIC BAGANG,3,3,143336
1Mmortal,26,17,7896048
KuromiO3O,2,16,3983163
JOLLY,0,1,0
Chikipi,0,3,297707
Olorun,13,0,2482671
Stellar Alliance,1,0,74925
Blue house,0,1,143697
PLAC,1,1,880101
CHILIS,3,0,9736838
Summers,0,1,183596
INTERGALACTIC BAGANG,1,0,10813
CHILIS,25,13,973776
D R E A D W A T C H,4,4,275785
Pink Memory,6,7,633116
Avalon GenG,0,4,4133
The Verdant Order,1,2,302023
Real ONE,49,17,13008570
PSC,2,1,252543
S Z P,1,4,170882
GTO Nazarick,3,3,167964
KUNCHORN,3,1,18516
Meow x Meow,10,14,2749203
peace maker,0,3,53367
CNTC,3,1,436382
Gungn1r,0,0,1066
-,0,1,260591
S K U L L C R U S H E R S,0,1,0
Bayanihan Hukbo LVM,0,6,38370
AK-47,0,4,13525
AK-74,2,1,29720
YIBAMBE STRONG,1,1,33588
-,0,1,0
Peng Lai Xian Jing,1,0,275680
Earn money,28,7,7102885
Rescue Station,1,9,421679
BLOOD LEGION 1,0,1,11050
NOBODY F NOWHERE,2,1,41641
-,1,0,56754
-,0,0,1527
TACTICA MORTIS,0,1,7598
I The Flying Dutchman I,15,10,14796192
Forever Night,2,9,912103
wayfares,0,1,0
No Picture,10,5,1266254
-,0,1,0
VELARIS,0,2,42520
Garden babys,2,2,247147
CHILIZ,8,10,6363492
CHILIS,4,9,4122108
Chola Empire,0,0,2287
Scarlet Bloodlust,0,2,0
F A M I L Y,32,24,4203339
HKPK,0,1,0
GOBLINS,5,14,5840185
Albions Ark,1,2,313133
-,0,1,0
Karmic,0,2,22451
Future Party,0,2,3416271
ALA ALBA,0,1,0
V A G A B O N D,0,2,424349
Blue Phoenix,0,0,186006
Mahatma Suvarna,3,1,149215
overbudget,0,1,0
Forever Night,0,0,218773
-,0,1,209246
SubuTai,1,1,823041
Real ONE,4,9,4486251
Kamusari,0,0,830960
good bomb,1,6,21320579
All Rise,0,6,1447565
Mika,2,3,1299273
PRX,2,1,180675
Guerilla Warriors,0,1,0
Another,29,34,29404602
nanjingdapaidang,2,4,51521
Peng Lai Xian Jing,1,3,421395
-,1,1,90147
DMT D0MINATOR,9,18,904654
PAPAYA POKPOK,5,5,100935
10 My friend are coming Run,2,3,385087
VINA HOUSE,0,12,108273
-,0,1,0
Heartsteel,1,26,3949787
Dark Looters,0,0,54938
QuQnnTATnnOvO,30,6,4233506
conquer,0,1,0
Mahatma Suvarna,1,1,88480
GARUDA,0,1,84574
Daitya Hunters,0,1,22923
FREE FOR ALL,0,2,7389
One More Times,1,2,90783
VINA HOUSE,3,4,141401
Lucky Fools,17,12,3194067
THE TROUBLE MAKER,1,0,45789
Onely,0,2,57465
Mystical Knights,0,1,0
asile,0,2,0
oo0oo,2,8,2722613
1Mmortal,17,9,15121181
snow forest,12,5,2526997
KADAL,6,1,457196
Peng Lai Xian Jing,0,2,28096
Helios Phoenix,1,2,32154
Western Paradise,0,2,62561
-,0,0,107563
Pierce,0,0,145271
HUSKIES,1,4,1343185
Peng Lai Xian Jing,0,3,84255
-,1,6,245445
SO EZ,0,0,40283
-,2,2,1083200
Circus,1,1,15035
HidE0ut,0,6,174308
Noctis,17,24,3200109
Helios Phoenix,0,3,52037
REDEMPTION CODE,0,2,0
Meerkat Assemble,33,37,22584484
Floralia,1,0,180723
Lymhurst Ranger,0,0,2100
yasai seikatu,0,2,0
Emergency,43,15,3823581
Abyssal Order,0,1,0
Pierce,4,3,474613
-,4,0,48958
Tree Viper,10,6,864262
Lucis Trust,0,1,0
-,3,6,700950
-,0,1,0
GOVERNMENT SLAVES,0,2,0
BLOOD OMEN,0,0,1884
KUMA,1,1,453402
-,0,4,444339
Cempaka,11,11,871588
The Lonely Moan,0,3,74803
Forever Night,0,3,695448
Ban,0,2,222443
Mamboo,0,2,0
Lao Qian Xue Yuan,9,14,669073
PLAC,0,9,3173730
All Rise,2,2,1341302
Forever Night,0,1,31812
CRACKER,3,8,113427
Once Upon a Time,0,0,3926
-,0,1,0
Lym World,3,10,552957
F A M I L Y,39,13,5045183
GAMZA,0,0,29113
-,6,4,690586
Dragon Blade,2,2,39932
Western Paradise,41,32,12202613
GuGu GaGa,1,3,245086
Shining Star,22,4,706994
Karmic,1,11,650801
SDteam,1,1,37285
Noctis,2,2,428638
Nemo Nemo,0,1,14533
CHILIZ,10,7,2664594
BLOB,0,0,114177
All Rise,5,9,3605958
CHILIS,16,2,951846
-,0,1,148915
TAKEDA 24,0,5,309579
AZKALZ,0,0,26474
Laughing Boulevard,10,1,2145155
9o6,5,13,435651
FORTUNAtE,0,0,10038
F R E E S I A,1,12,97721
Nemo Nemo,2,33,9176070
Albions Ark,4,0,635273
Mathias,7,10,528889
9191,11,5,3541817
DDBS,50,32,26671591
QuQnnTATnnOvO,0,3,60640
AVA,0,0,68294
Mathias,5,6,376218
APS,0,1,0
Tree Viper,0,1,47930
HuaDaBin,6,5,2083823
Finish,1,1,13563
Lube Core,1,1,192696
The Fide Blood,17,3,4410819
Bretonnia,30,10,3217535
KajiRingo,10,13,1011134
Sunset,0,2,882730
MCS-P,27,12,8192286
Heaven Knight,18,7,4198041
SOYBAD LYM,0,1,0
AFTERMATH,0,3,170807
chubedaden,0,2,22841
VIET NAM ssm,0,1,0
Finish,6,4,537486
Crazybabys,13,7,5429414
HaChiu,0,2,8988
25k,1,0,28836
The Phantasm,0,1,0
-,0,1,0
Allvg,0,3,65051
hua,0,1,0
Around Thirty,0,4,12031
Sentinels Arc,0,1,35320
-,0,0,6372
AAAAA,3,4,232439
CoCa1nE,0,3,477422
Earn money,0,10,9706297
SDteam,0,2,0
Red Circle,15,17,1184350
The Northern Constellations,4,4,459336
-,0,1,20407
I The Flying Dutchman I,19,10,15714489
CoCa1nE,0,3,277889
A Brave Man,0,0,87605
AFTERMATH,0,4,597778
AVA,4,1,287695
Man Down,0,1,0
-,0,0,208155
BLACK STAR,0,1,0
From Zero,0,0,73180
AAAAA,2,8,346087
QUARTZ,1,0,517974
-,6,11,5350118
TEAM_MEMOL,0,1,245454
TRlUMPH,0,3,428285
Most toxic grinders,0,1,0
-,0,2,7429
KNIGHT_OF_BLOOD,167,4,9740056
nom srak,0,2,0
Dragon Blade,5,7,560292
BlueOwl,3,1,406746
Real ONE,7,13,11347954
MINlONS,1,1,359435
Griffin Empire,11,7,3557020
HappyDay,1,0,103310
Blue coral,0,3,328093
Grows,1,1,51794
Nellie,1,0,31080
Crusader Kings,21,20,4769707
9INE,103,34,12825767
Boar Army,0,2,457389
Silvera,1,7,76116
The Castle Knights,2,3,133203
Night Gamerz PH,0,0,4596
F E N I X E,0,0,17366
DRACIN,0,0,116125
Smell Score,1,2,13024
-,2,0,185471
-,1,0,28952
GIGAN VIII,5,12,1231599
-,1,2,44986
CoCa1nE,35,21,3587529
PSC,4,15,3679845
-,0,0,13077
Kingdom,1,2,213452
Nemo Nemo,20,23,8786682
PSC,31,24,5588120
PLAC,13,13,7737609
Harmonia Eternity,0,1,10253
N O C T U R N A L S,0,1,0
HYBRIDS,8,0,1057308
-,2,1,281515
THE TROUBLE MAKER,2,2,257410
Rescue Station,16,28,9392007
PLAC,5,3,3855696
Lucis Trust,0,1,0
-,1,1,440659
Nemo Nemo,1,1,1659583
BLACK STAR,0,3,193454
-,0,3,5423
Boar Army,33,16,6561984
CCTV,4,3,4172897
PLAY IN KINGDOOM,0,2,161846
F I G U R E,42,9,4855281
SideQuest,4,3,487024
Chikipi,8,25,12761053
piko,1,4,20976
Tree Viper,38,49,11918020
UnifyVN - 304,0,0,361866
Olorun,0,4,2566035
Meeting Stone,3,14,4551047
HappyDay,0,7,1361294
One Shot,0,1,0
TRUM_MAFiA,0,2,8891
-,1,2,144636
N Y X,0,1,0
Mika,0,5,1417519
AK-47,1,4,317793
All In Fighting,15,8,3602916
Mika,9,5,2352025
Solo-King,16,9,4074621
CHILIS,0,4,5186303
001gongreng,1,0,154987
Family Type,0,1,23324
Demon Fang,0,2,55476
The Valorians,1,0,50542
CHILIS,0,1,10705
Noob Family,3,18,637527
-,0,3,14976
P U R P,24,32,7186421
Albions Ark,0,1,35464
Speed Check,2,2,266016
Viruz,0,7,56272
Ping300,3,2,509909
Mimimaomao,0,1,0
80S Guild,0,4,0
Gold Pigs,1,0,63377
OPC GGININDER,7,2,313374
M O G A,19,10,3857336
-,1,1,35852
CapybarAAAA,0,1,53613
MABAR,0,0,59090
A p os t l e s,0,2,99759
KnightfaII,0,2,0
AFTERMATH,0,1,0
Real ONE,0,1,187886
Tree Viper,0,3,604857
NVDHi,2,2,118752
Shining Star,10,4,1204170
H U P,6,7,369211
HIGH and Hungry,1,0,121877
BeasTDaK,7,4,2418089
TRlUMPH,0,1,0
-,1,6,74897
Helios Phoenix,1,1,164134
Fang of Tigers,0,1,0
BENG_BANG_PH,0,0,12987
80S Guild,0,2,86200
Real ONE,1,4,556193
After Cleric,1,1,2872565
CHILIS,9,11,4310393
HeIIo Kitty,2,7,3472761
HelIo Kitty,3,7,2450273
BLACK_NUMBER,0,1,10764
Forever Night,24,6,2060495
wayne35875,1,0,183951
C O V Y,2,4,803237
PLAC,26,8,9065662
All Rise,24,15,8675768
Earn money,6,10,3656843
S K Y,1,2,62373
MO GU,27,18,6856607
DEATH PARADE,1,1,81900
KuromiO3O,31,12,5790430
HidE0ut,1,6,140014
PLAC,10,38,12884463
Auroras,1,2,247424
DaHaiDai,3,4,308981
A Brave Man,0,4,541319
-,0,2,0
Hei Hitler,25,15,3349499
Mika,31,24,12094362
QuQnnTATnnOvO,0,0,350432
Chaser of The Wind,1,2,640785
Crusader Kings,0,4,381233
9INE,33,22,11478044
MCS-P,1,2,481270
Mika,3,1,880037
BangCuopLuongSon,0,1,0
R E V E R I E,0,1,376677
welcome newbie league,0,1,0
Meow x Meow,1,3,206376
VOYAGER CORPS,0,1,0
Karmic,6,3,250802
newnursing island,6,1,437366
V1OLET,0,1,621777
-,0,1,127652
JARERNs,3,1,91378
JugGerNaut,0,1,0
RABBIT RAIDERS,17,19,3172673
CHILIS,0,2,56973
7FALL,0,0,79807
TEMPLARS_ORDER,0,2,56858
-,0,2,85333
Kingdom,0,2,830895
God_Of_War,1,0,207205
AZKALZ,0,2,0
-,0,1,0
GOBLINS,0,0,26593
Real ONE,1,14,5270601
Hymn of Valor,0,1,50708
Zizonpa,0,0,124407
Wysteria,8,8,4275419
PIG KILLER,0,1,62543
Chaser of The Wind,4,2,56186
KING ONE,0,3,0
SO EZ,0,1,0
Dragon-Mi,20,4,4423776
KUMA,8,8,1193290
Immortal Empire,0,1,0
War of Shawdows,0,10,182911
-,0,1,27008
memeng,3,0,236748
Albions Ark,0,1,0
HAMSHTER,1,2,148406
MABAR,0,2,83768
-,0,0,2611
VIET NAM ssm,0,1,0
-,1,4,293087
PLAC,1,3,427149
MO GU,0,12,3256891
Government Program,0,2,12737
Griffin Empire,0,9,2010792
V A G A B O N D,24,30,19622338
AAAAA,3,14,417996
HaChiu,1,6,405735
Meeting Stone,1,0,726411
PalaceGUARD,0,1,4610
CCTV,0,0,477966
All Rise,0,2,56586
Forever Night,1,13,2499417
Bretonnia,49,18,8214595
Earn money,2,2,5329761
-,0,2,3391
KaLaewKaLad,0,5,2255181
-,4,5,1755428
Jagdgeschwader 52,5,23,675463
QuQnnTATnnOvO,37,28,8075197
PLAC,1,9,10847720
All Rise,8,18,14728838
PLAC,0,2,1096355
HappyDay,0,2,265650
S Y N D I C A T E S,3,13,1781579
Peony Flower,0,4,1609050
PLAC,1,2,1450624
Dragon Blade,0,2,23426
Crusader Kings,0,1,25503
Peng Lai Xian Jing,1,1,129341
Kunfayakun,0,1,73415
BURMESE RANGER,0,1,0
-,1,3,15309
Camelott,0,2,61149
Templars Of Albion,0,0,11039
T3MPEST,1,1,162821
Tarumanagara,0,1,0
Spero Spera,1,1,4078
Call to Heaven,0,1,3065
-,6,2,400849
VINA HOUSE,9,14,948068
Jagdgeschwader 52,0,1,0
The Noobiez TH,0,1,3685
Cut Throat,0,0,6847
THE WARRI0RS,1,10,545621
Real ONE,7,8,7701737
Pierce,6,1,1460356
After Cleric,4,3,1707698
-,0,0,4310
TakusaVegas,3,5,75568
UnifyVN - 304,2,4,556367
SO EZ,7,7,2019695
AAAAA,2,2,77974
Snowflakes,0,6,659676
GaoLaoZhuang,8,6,942282
Pink Memory,5,2,1644821
Battleborn,2,0,196484
MELEE,64,25,10396104
Jagdgeschwader 52,1,0,93544
luciffer666xxx,0,1,0
Chikipi,46,20,11428713
C H E C K M A T E,0,1,0
PRIME ORDER,0,1,0
QuQnnTATnnOvO,30,17,5514725
CAOTAIBANZI,8,13,1481994
Allvg,0,1,267137
Lord Of Mysteries,4,13,693259
Dworf,1,4,170881
No Picture,0,2,454378
lnwza_express 007,1,0,576
CAOTAIBANZI,1,6,622975
Mamboo,0,1,0
Heaven Breaker,2,4,274802
darah naga,0,0,4355
ROYAL CARTEL,0,2,0
-,0,1,0
Lex Talionis,1,4,255577
Protos Agonistes,0,1,0
HidE0ut,0,3,576790
MAX VERSTAPPEN,0,1,42251
Arena Ghost,0,6,55459
GIGAN VIII,0,1,257203
Invade,9,12,1688553
ENDANGERED,0,1,89520
WhiteDragons,3,0,111530
CapybarAAAA,1,0,237633
Mika,0,2,462023
xNEMESISx,0,2,0
F R O Z E N,1,3,137185
Earn money,3,5,1410416
Alone in The Mist,0,2,0
-,0,0,4245
FLARE,1,1,13020
-,1,0,146529
All Rise,0,1,1030669
Heaven Knight,11,7,3390913
-,1,2,105612
Switching To Heals,0,1,32423
Nekora,0,1,0
Blue coral,9,14,1519397
ChillWith Me,0,0,104494
CHANG,0,1,0
Walter,0,1,0
R E V E R I E,10,12,2194031
Pierce,0,2,122469
DOJO,28,15,3273113
-,0,0,33724
NOMOREMOMOK,0,1,7562
Pierce,0,2,55607
takkasin club,1,6,150340
Children Of The Dragon,0,2,3607
-,0,0,19826
KAI RUY,4,18,328402
the Gods of deth,0,1,11961
SYNDACT,0,1,0
-,0,6,0
Emergency,0,1,240295
Mochi Kingdom,2,9,197708
Never Regret,0,0,222408
TONPA GANG,0,3,84441
Make AIbion Great Again,1,0,48240
-,0,0,10121
CCTV,10,0,2180998
QuQnnTATnnOvO,5,0,323779
Forever Night,5,9,1989511
MoFuMoFu HEAVEN,0,6,40902
Free Butterfly,10,22,1869783
Wing of Liberty,0,1,254630
PSC,1,0,113586
Meeting Stone,0,1,430352
SO EZ,2,2,880732
-,1,0,17577
The Northern Lands,1,2,99112
AK-74,62,53,2868310
Biu BiuBiu,0,0,63646
2077,13,9,788226
ANNIKKIA,0,0,61560
Bisayans Redeem,0,5,0
Mythical Knight,1,6,56262
INTIMIDATION,0,5,72020
KaNaNuTho,0,1,10096
Minerva-X,0,2,312419
Minerva-X,3,24,8543472
0-Infinity,0,4,158042
ROYAL CARTEL,0,4,2964
China,9,7,2442386
BeasTDaK,5,7,1240098
PAPAYA POKPOK,1,2,404954
Crazybabys,0,1,54138
GuGu GaGa,13,11,6592417
-,0,7,9083
ANJIR GANG,0,1,12866
canito y leon dea,0,1,0
-,1,0,27102
First love,1,5,39484
super cotton,0,1,0
Your Father,0,1,2095
NOVA NEXUS,0,3,20849
Heart of Thetford,1,5,152874
-,1,6,294519
Space Wolves,0,1,5856
Abyssal Order,0,1,12479
Meow Immortal,0,2,13947
peace maker,0,0,102221
SundaEmpire I,5,0,271067
Bujank Empire,1,9,86219
E X l L E,0,0,161963
You Shall N0T Pass,1,7,496726
Free Country,0,2,0
TRlUMPH,2,5,575910
S Y N D I C A T E S,0,4,66455
-,0,6,78659
T O K Y O,0,1,3855
-,0,1,0
RABBIT RAIDERS,7,7,627960
-,0,0,74612
-,0,1,0
Helios Phoenix,5,2,171039
-,2,1,162852
C O V Y,0,1,4151
nanjingdapaidang,0,1,110402
Another,91,47,29422242
Frostborn Exiles,1,5,201998
Emergency,4,2,401916
Dragone Slayers,0,2,2337
kukhonthaikinnamthom,0,0,58543
CoCa1nE,8,8,1340980
-,0,0,69124
CHILIZ,2,10,3019496
-,0,1,0
Dou bao,1,2,493517
I The Flying Dutchman I,22,15,16297013
Mamboo,0,5,130365
Circus,2,1,15035
WhiteDragons,1,2,130041
LUVIMIN,4,5,245764
A you ok,3,1,378499
Gondor,0,0,340190
World BOSS,0,0,140189
Call to Heaven,0,0,16002
Die for San,0,1,0
Bead House,1,0,44021
Solo-King,0,1,0
-,0,1,0
HidE0ut,2,5,184661
FREE FOR ALL,0,2,27283
-,0,1,0
Allvg,4,5,1124370
Invade,3,9,2605234
Dragon Blade,21,21,2097455
Crazybabys,0,0,63156
-,0,1,0
-,0,1,4765
Marina,0,1,23950
GIGAN VIII,0,9,761442
Buccaneer,0,1,0
Kunfayakun,0,0,28239
Griffin Empire,0,4,198158
TAKEDA 24,16,12,1326352
Bully,0,0,323579
Peng Lai Xian Jing,0,6,55717
CHILIS,5,16,9062426
CHILIZ,6,24,11121231
qui trans mare,0,0,48572
Tree_Of_ Faith,0,1,0
ACM,47,25,13992033
CHILIS,14,26,22709759
Wing of Liberty,0,5,355860
Earn money,1,14,2218314
The Betrayed,1,0,20976
AlooMinati,0,3,6935
Albions Ark,4,2,575834
-,1,0,198049
PLAC,0,3,1092237
Dragon-Mi,3,18,8203726
-,0,1,0
MoFuMoFu HEAVEN,1,0,28368
SubuTai,22,13,7659840
Bone gang,1,1,162166
All Rise,33,32,17451222
HuaDaBin,0,6,1111141
Old boy,0,1,0
Blackfang Covenant,0,1,0
Avalon GenG,0,3,0
Allvg,0,4,729044
SHOWTIME,0,7,898479
Chikipi,10,10,14650830
Abstract elderly home,0,2,0
Royal-Thetford,1,4,58263
DDBS,5,1,2822447
Sol0 Leveling,3,1,77400
SO EZ,1,2,131062
-,6,12,1648614
lixiao,19,24,3486457
-,0,5,0
lixiao,3,4,133698
gou9,3,0,324688
AK-74,2,1,41553
I The Flying Dutchman I,0,4,3702752
SDteam,0,3,27988
-,0,0,13470
guardswell2,0,0,71060
I The Flying Dutchman I,1,8,19822826
Mammoth King,17,6,4771822
Mika,27,41,16199951
West Ham United,1,1,23136
Farm Or Die,12,8,629360
conquer,2,1,395764
D R E A D W A T C H,2,1,97074
AAAAA,1,2,81127
Shut It,0,2,8028
Karmic,0,7,654089
AK-74,1,1,0
Tarumanagara,0,0,4355
Masked Bandits,1,1,152904
PSC,26,37,9484040
Nang Pi Yan Zi,0,0,7076
The Wardens,1,1,9194
Earn money,5,1,1417831
NB FOREVER,0,1,750623
PSC,4,4,841871
HuaDaBin,0,2,1219083
Alone in The Mist,1,0,44982
FALLEN VANGUARD,0,1,9941
RESPECTED FAMILY,1,14,505427
IFures,1,1,711046
Blue coral,0,2,22134
eRa Empire,0,3,95806
Wing of Liberty,6,11,540369
-,1,0,11228
Warhammer Defense Core,4,5,236275
Alone in The Mist,2,4,60497
Real ONE,0,3,9547826
After Cleric,0,0,504799
HuaDaBin,0,3,2009744
UnifyVN - 304,4,2,1268885
adventurous soul,0,2,0
Grows,0,3,125329
1Mmortal,26,3,5685894
one1,0,0,494
CCTV,4,2,830627
Eternal Sword,1,0,130045
Hei Hitler,16,6,2351672
Red Circle,0,2,0
Allvg,1,7,1591520
Blue coral,0,3,20711
Stellar Alliance,8,8,2816044
All In Fighting,0,0,355325
All Rise,78,60,17523619
PLAC,3,29,21455680
Pink 7,1,5,225751
69luv,6,3,409340
Boar Army,1,5,239010
Rainbow Sea,0,1,0
Emergency,39,8,2970970
KUMA,2,0,160035
VINA HOUSE,0,7,706204
snow forest,16,22,10622750
Earn money,29,21,16474154
All In Fighting,4,5,2730263
Mika,6,0,771899
Western Paradise,2,3,3172759
AK-47,0,2,164302
-,0,0,11147
DXZ2,0,1,0
F A M I L Y,16,20,12581917
Noctis,1,4,558739
Future Party,5,13,7028262
Crazybabys,2,2,766633
Wandering Nomads,1,2,141832
Earn money,0,5,189743
Boar Army,1,20,3144947
-,0,2,0
Arena Ghost,0,0,27776
Wicked Croc,0,2,85028
-,0,1,4040
slaves leader,0,1,48690
FATE-Excalibur,0,1,0
The swallow,0,2,250931
MELEE,10,11,4389884
Second invi,0,1,0
-,1,0,112699
GOBLINS,1,2,181524
All Rise,23,7,7200020
Boar Army,2,2,508712
Dou bao,32,4,4498015
DOKDO,1,0,1364474
Noctis,1,4,282030
Biu BiuBiu,3,50,3409536
-,2,3,222121
Floralia,1,3,120314
RAKUTAI,0,0,32712
-,1,2,72525
Shine On Me,0,0,3631
Coin Monarchs,0,1,0
QuQnnTATnnOvO,0,1,14099
Abstract elderly home,0,0,12885
The Boyz,1,0,21066
SDteam,4,2,797579
The Scarlet Dawn,0,2,0
The Myth,4,12,2423953
CHILIZ,15,20,24754284
Solo-King,0,3,217468
BLACK STAR,1,0,35123
High Cards,0,1,8485
HeSweet,0,0,5487
Hell Fire Club,0,7,16331
SilentMemoirs,14,4,695881
Hell Fire Club,0,1,0
snow forest,47,24,12233107
PSC,11,6,2444335
Lucis Trust,1,2,309854
PSC,0,3,0
Free Country,1,1,45844
Mamboo,0,0,47243
Griffin Empire,0,7,425111
Harmonia Eternity,0,1,2601
PSC,3,15,4564296
Suger Babies,26,19,915283
Future Party,0,1,246953
Meeting Stone,3,9,432408
-,0,1,0
dulangscxl,0,1,0
PSC,1,5,859032
Tree Viper,0,0,46776
Ring of Stars,0,1,0
Liberty World,0,1,0
Free Butterfly,6,3,244299
CHILIS,0,4,1808747
CHILIZ,0,3,2119111
VINA HOUSE,2,6,17722
octugram,0,1,0
PLAC,5,8,7907823
CHILIS,10,5,4653657
C O V Y,0,2,114995
-,0,2,107000
Master Siomai,0,2,9983
pakkasolang,0,1,0
Mt Takamasa,1,2,61375
F A M I L Y,15,15,7875516
MALIGNANT,0,1,0
PSYKOPATH,0,2,52164
Boar Army,16,14,1225519
Red Circle,8,10,884291
Red Circle,10,24,2039676
Peng Lai Xian Jing,0,1,29064
PLAY IN KINGDOOM,0,0,4399
Chikipi,1,57,17053590
conquer,3,7,1255974
-,1,1,14808
Laughing Boulevard,1,0,455941
loca,0,1,0
Kamusari,37,4,7258008
Real ONE,14,2,1422893
A-W KING,0,1,25503
Circus,0,0,72561
-,0,2,0
-,0,1,0
K R U N G S R I,0,8,449158
-,1,1,89414
EYE-LESS ORDER,0,0,5526
PLAC,5,8,6814901
new boombap,0,1,1787418
SO EZ,7,14,3044495
fiji souetu,0,1,0
H Y P E R T E N S I O N,5,9,613470
SLAF,16,12,1185846
snow forest,6,1,1702095
S Z P,3,1,166118
ENDANGERED,43,38,10636943
All Rise,0,6,3880716
TGIF,0,0,397886
-,0,0,28575
hihifam,8,2,369846
HuaDaBin,6,7,3102870
-,0,1,124524
Fsszsb,0,1,0
MiMe,2,3,283066
Jia Nan,0,1,230
NO-RE,10,92,37997522
CCTV,0,8,1466040
NEXUS FAMILIA,0,0,4581
HeIIo Kitty,0,13,13983633
HelIo Kitty,1,3,3400879
Journey Uncharted,1,1,94246
EWSS,0,4,16626
SHOWTIME,0,9,1340415
Astartes,0,2,40726
ENDANGERED,2,1,39638
-,3,0,115876
Heaven Breaker,1,0,46102
The swallow,6,7,3794885
DEEP STATE,0,1,0
MELEE,45,14,8245262
Inevitable Glory,0,1,27479
snow forest,24,11,8112365
Pink Memory,29,13,11792814
Jia Nan,11,14,1018744
B-E-L-A-T-squad,0,1,0
V A G A B O N D,0,6,2076160
HIRAYAH,12,3,1460081
S Y N D I C A T E S,13,17,3336957
QUILL,0,4,152818
The Salty Chefs,40,40,6788882
PLA C,6,1,248553
Western Paradise,8,16,9125194
NO-RE,1,14,2121021
-,2,5,1162429
Cut Throat,3,2,706603
YangPaiXiaKiller,0,1,855765
liken,0,0,26451
DEATH PARADE,1,8,305739
CHILIZ,8,4,9663954
-,1,1,215565
Tree Viper,0,0,45566
Blue king,0,0,403155
Bretonnia,3,1,18608
Gold Pigs,0,0,407226
Tree Viper,3,1,305936
The swallow,0,1,513684
PLAC,5,16,5224655
cat and rat,0,0,47792
Forever Night,7,5,2235780
Suger Babies,0,2,11185
JiangHu,1,0,512875
Pink 7,0,2,338453
MO GU,1,18,4283718
Z GEN,5,5,900169
Dragon Blade,0,1,0
Meeting Stone,6,2,412884
-,0,1,0
MO GU,0,1,4205167
PLAC,5,22,8543371
The swallow,0,7,852708
Earn money,7,7,2241429
Raining,0,2,342223
snow forest,10,2,2238668
Sunset,13,3,712691
Before Cleric,12,6,9240165
Conscripted,1,1,1146548
hehaheha,1,3,337404
-,0,0,23248
NIGHT WALKS,3,3,735123
NULL,24,19,4036120
Fake engage,0,3,26898
AK-47,2,2,134120
NIFLHEIM VANGUARD,0,1,92343
Kunfayakun,0,4,249334
-,10,16,735122
Earn money,0,4,139564
Pink 7,0,1,7776
JSCL,25,33,1406495
Red Circle,8,5,247337
Jagdgeschwader 52,0,1,197157
Old Singularity,1,8,83648
CNTC,3,5,135485
Reiver,0,0,4601
F A M I L Y,2,2,1327694
1Mmortal,20,18,5782661
SO EZ,4,2,551195
Pink 7,13,4,2770168
All Rise,2,2,424792
Wavei,1,2,216556
The Wardens,0,1,73120
-,0,0,22139
-,1,1,85131
JOLLY,0,1,151796
F R O Z E N,1,4,250117
I The Flying Dutchman I,31,8,18451577
Bretonnia,4,1,1576716
The Fide Blood,1,2,3905889
Mika,0,1,11688
Artery,5,28,1041421
HeIIo Kitty,13,12,4053741
TGIF,7,5,2629653
snow forest,0,0,159116
Free Butterfly,2,4,227735
Red Circle,2,4,110181
-,0,0,3032
C O V Y,7,2,114003
Forever Night,1,3,513432
Once Upon a Time,12,20,2323757
CHINA-SHENZHEN,0,3,4738
-,0,1,17633
Jian ren jiu O,0,0,113866
Real Man,3,3,304542
Chikipi,0,6,1743495
Kingdom,4,1,233198
The Academy,2,2,106068
H a n a k i r i,2,4,47036
-,0,0,26947
P R O U D,0,1,20392
All Rise,15,11,12771041
CRACKER,4,10,228537
SubuTai,79,28,21315767
C A E S A R,4,1,238272
B L A C K F I R E,0,0,3033
V A G A B O N D,26,3,2646942
ALL VICTORY,0,2,23762
All Rise,0,2,0
Buccaneer,0,3,27369
B L O O D L U S T,0,1,0
MALIGNANT,6,6,1539446
Mystical Knights,0,1,14076
Earn money,21,18,16969360
Azurel,0,1,604654
Meeting Stone,7,5,2115890
BLOB,0,0,42025
Meow Immortal,0,1,0
Never Regret,3,1,114575
Black Ops,0,2,0
Boar Army,0,1,83182
-,0,3,0
SuonPH,0,1,0
SUON PH,0,0,4797
The Castle Knights,0,2,2512
Blue house,3,1,224190
Blue coral,3,3,242571
itinerary,0,1,0
VIET NAM ssm,0,0,5826
-,0,1,37870
Shu Shan,5,3,256140
kwakwa,0,1,0
Finish,0,1,0
Speed Check,21,4,776104
Griffin Empire,2,2,189032
-,1,1,259048
-,0,1,12421
S K U L L C R U S H E R S,0,1,0
Wayfinder Knights,2,14,113543
Laughing Boulevard,16,13,17651550
-,0,4,1087
Wayfinder Knights,0,1,0
Ring of Stars,0,1,7305
Noob Family,0,1,31671
Jia Nan,3,7,159021
Shu Shan,7,13,1991426
The Dancuk,0,1,0
NO-RE,0,3,44021
Super Detective,1,3,170031
Another,5,42,29000604
CHILIS,0,3,1820876
Real ONE,4,22,6026021
Titan Blaze,0,4,63594
CAOTAIBANZI,7,10,716705
Gungn1r,0,1,49531
China,109,49,22567016
SO EZ,6,2,388425
GIGAN VIII,2,0,175875
Invade,1,1,115591
Save Me,1,1,46386
-,0,2,18960
God_OF_Hunter,0,3,43564
321 Demass,1,2,263609
Garden babys,4,0,774017
The Lightbringers,0,1,7508
BeasTDaK,0,1,30840
MCS-P,35,14,5930668
MANIFEST,1,2,109438
BeasTDaK,6,5,939487
-,3,3,805651
Dread,3,5,477898
itinerary,0,6,984020
Solo-King,30,10,6044046
Pierce,5,10,3089919
RecaII,0,2,339263
-,0,1,70690
DOJO,0,1,346042
Nemo Nemo,9,12,5830895
ONG BUT,0,1,0
JOLLY,3,2,149336
The Neighborhood,1,1,139946
Topspire,0,1,0
Gondor,1,4,239307
Liang-Shan,1,0,44494
AKA-KING,0,1,795173
World BOSS,0,1,79510
Rescue Station,32,37,17180961
AAAAA,0,1,0
Chikipi,15,7,3364079
Raining,16,8,634777
snow forest,3,4,2997939
Helios Phoenix,0,1,0
S Y N D I C A T E S,0,1,0
changxiangyi,0,0,37249
AK-47,3,9,128590
SINGAMAS XI,0,1,5788
Green Shadow,1,5,43079
-,0,0,2157
six doors,2,1,1521895
CupOfTea,0,1,0
PSC,12,35,7365853
Mika,6,28,7341925
PSC,8,14,4484918
Raining,1,2,175520
HaChiu,0,7,17772
new boombap,0,1,391365
Dou bao,2,3,2762496
Lunagon Island,2,3,160701
snow forest,20,6,2793052
Pink Memory,26,7,8236667
-,0,0,4040
GARUDA LEGION,1,3,30103
MIKE TEA,3,0,128892
Earn money,0,1,2026999
Dang Xiao,7,7,279811
SLAF,0,0,97370
Albion Indonesia Raya,0,3,0
P U R G E,8,7,4867240
Karmic,6,5,270012
The Scarlet Dawn,0,4,11299
Future Party,3,4,7803866
GuGu GaGa,4,4,2477235
SDteam,42,11,2070228
KongFu PanDa,21,22,11089459
-,4,4,172229
The Undead Angels,0,1,0
not cute anymore,0,0,182942
F A M I L Y,0,1,76999
LUPAC,0,1,0
Invade,0,21,2044968
B L A C K P E A R L,0,1,14557
Grave Yard Robbers,0,1,0
ALBION AFTER S3X,0,1,0
Ordo Musaceae,1,0,65537
Old Man,0,2,468774
I The Flying Dutchman I,3,4,4578742
Rescue Station,24,20,9309023
Strange Journey,1,0,105967
-,0,1,0
F I G U R E,5,24,18408639
BeasTDaK,1,7,2574661
CoCa1nE,5,10,5429902
LEGION OF THE UNDERWOLD,0,3,0
-,0,0,38856
Bretonnia,17,9,5489273
PSC,0,1,265051
The Fide Blood,10,4,1201636
MO GU,4,5,2363558
Z GEN,6,7,788420
NB FOREVER,1,5,2130093
MALIGNANT,0,1,151074
Critical Impact,0,1,0
A you ok,1,2,108462
Gondor,1,3,351045
Red Circle,0,0,98449
World BOSS,3,1,658450
HaChiu,1,6,24189
All The Villains,2,25,11889615
Once Upon a Time,0,4,295021
SO EZ,0,2,1364811
Jagdgeschwader 52,1,0,197157
Meerkat Assemble,13,19,6567841
9INE,39,15,9919056
Crusader Kings,16,5,3162087
S Y N D I C A T E S,2,3,134717
Pink 7,2,11,247005
AK-47,0,0,11608
VIET NAM ssm,0,0,3513
BeasTDaK,0,0,36092
H a n a k i r i,0,1,40028
The Neighborhood,2,3,612141
Kingdom,0,2,873221
MO GU,24,20,4076728
Z GEN,5,7,507864
Free Butterfly,5,9,567097
MO GU,0,1,239201
ScarletValkyries,0,1,0
Boar Army,11,32,10962359
MooMoo,2,10,3284815
Filibusteros,0,2,408839
REDHAWKS,0,2,23865
Western Paradise,4,15,2653421
six doors,47,45,23155124
Peng Lai Xian Jing,2,23,1577604
AK-47,10,8,916211
Earn money,7,1,2339409
-,0,2,44250
TUAN,1,1,669993
Onely,1,1,259633
The swallow,39,12,4116131
Meeting Stone,10,20,1513331
NULL,1,1,238133
C O V Y,0,2,47219
Mammoth King,0,1,2135747
Mika,0,15,1967997
Dragon-Mi,4,6,4859160
Peng Lai Xian Jing,2,5,846980
CCTV,9,5,1786535
Meeting Stone,0,1,0
NB FOREVER,3,3,470074
Sigma Man,3,2,628209
snow forest,3,4,5723645
B o S,1,5,156850
PSC,0,0,10920
Mika,3,10,754412
Boar Army,1,5,1124722
Meeting Stone,0,9,1688851
FxxK,0,1,0
The swallow,0,3,502721
Boar Army,0,1,50884
Forever Night,0,1,12080
B o S,0,1,0
Shu Shan,9,2,666541
Forever Night,1,3,321131
All God Class,11,5,264270
Sunset,0,0,1554840
Lightborn Syndicate,6,4,1135678
MINlONS,0,1,152885
Freaky Fools,9,37,5026041
KaiHuang Alliance,4,1,2963813
F R O Z E N,5,1,657334
Guardians of Albion,0,0,10947
Tarumanagara,0,6,51791
Griffin Empire,1,14,4228317
DeSaiko,0,1,0
I The Flying Dutchman I,3,7,4961980
Meowfia,8,8,990812
Guerilla Warriors,0,10,30995
MIKE TEA,0,1,138662
T1 FAKER,4,6,107868
Veto,2,8,3910744
Heaven Knight,5,26,10019097
-,0,1,0
P U R G E,23,4,3797805
KHAOS,15,8,1932164
All The Villains,12,7,2788403
QuQnnTATnnOvO,7,23,4456190
Titan Blaze,0,1,4720
Pierce,1,2,32276
RYLs,0,2,102089
Suger Babies,2,14,508675
EXL NEMESIS,1,0,67650
-,0,1,0
CCTV,14,8,5103807
Forever Night,3,0,1960763
wightnight,0,2,17274
F R O Z E N,0,4,38220
Meeting Stone,0,9,3701643
M O G A,0,5,753219
Meow Immortal,0,3,15097
GOD EATER,1,7,570427
Red Circle,5,10,652926
The Lonely Moan,0,4,347223
RODOKER,0,0,1790
Singosari,0,8,939051
Psz,13,32,10596104
House Of Flowers Field,0,4,259333
snow forest,2,2,2243406
Raining,0,1,65778
Earn money,10,2,1955309
F A M I L Y,28,9,7304832
Felony Syndicate,1,1,118563
Husky Empire,3,1,743821
M O G A,5,12,3467958
OPC GGININDER,0,0,77421
GGGPVE,2,2,230868
MoneyHunter,0,0,326999
OneDone,3,3,600876
Grindval,10,5,774137
-,0,1,69696
Mathias,1,7,201212
All Rise,0,1,596198
HeNan,6,9,256481
TRlUMPH,0,2,468493
Invade,0,1,367533
Meow Immortal,7,6,987915
-,0,1,190
Tarumanagara,3,12,292074
Mika,16,16,2530824
PAPAYA POKPOK,20,6,3764875
xCUTIESx,33,38,5839931
OverDaddy,5,3,344655
BounTy_TH,1,1,20330
red king,0,1,433021
Kingdom,6,7,3375209
-,0,1,0
A p os t l e s,1,2,162227
Nova Corps,0,0,44723
Nightwall Of Thetford,0,2,4449
S K Y,0,1,0
Kunfayakun,0,2,0
-,0,0,19816
M A L E F I C,2,5,253392
P U R P,0,1,0
SubuTai,0,1,0
-,0,1,0
GARUDA,1,2,26520
KAKI TIGA,0,1,0
-,0,1,0
crockwell,0,1,0
HER MES,0,0,15890
Iron Dominion,0,1,0
-,1,2,79839
Conscripted,0,4,2686647
-,0,1,0
T O K Y O,0,1,0
Kingdom,1,1,567067
Missings turn into ocean,6,6,441979
-,0,1,0
High Cards,0,2,9106
Royal Vanguard,0,1,0
TAKEDA 24,0,19,444228
Parmata,0,1,0
Hooman,0,2,73278
AK-74,0,1,0
Forever Night,0,17,876593
The Wardens,0,1,0
MoneyHunter,1,5,114032
RecaII,0,1,100542
CHILIZ,1,6,6047778
CHILIS,1,14,4879344
Real ONE,9,3,5253746
-,3,3,413898
F A M I L Y,1,6,1149770
BLOB,18,5,4667661
-,5,4,1046920
KAI RUY,3,4,240880
Ping300,0,2,106584
Conscripted,0,2,2984908
THEMERCENARY,6,15,2762388
Emergency,11,13,1235870
GRIEVING-SOUL,0,2,25957
TEAM_MEMOL,10,10,450260
V1OLET,0,1,81287
Midnight Rose,0,1,0
KATANA,0,3,1564842
Karmic,0,4,610503
Meeting Stone,0,6,675484
Call to Heaven,0,3,57232
Allvg,8,10,2271483
-,0,1,11987
-,0,11,119154
NIGHT WALKS,1,1,24109
Freedom_Castle,0,2,0
Griffin Empire,0,9,2739367
PSYKOPATH,2,0,277937
Stellar Alliance,2,9,1354266
snow forest,8,0,1129411
BeasTDaK,3,12,4371500
Marlotck In Heart,0,1,0
-,1,2,87716
-,0,1,0
-,0,1,39150
-,0,1,0
MoneyHunter,1,2,266299
SubuTai,17,6,5750033
Conscripted,1,1,640407
Circus,0,1,15035
xCUTIESx,7,17,3063918
Endernations,0,2,1608
-,1,0,24017
Typhon,0,1,17227
Freaky Fools,1,6,19821
AFTERMATH,0,0,1397
Dworf,5,7,1248025
Crazybabys,0,1,0
CRIMSON CONCLAVE,5,8,87149
Guerilla Warriors,2,9,92760
AK-47,3,6,353708
NO-RE,22,18,3987951
waku,0,1,0
CoCa1nE,0,3,0
LaiFaNongDer,0,1,1081364
PLAC,19,8,45073257
TEAM_MEMOL,7,8,2681702
snow forest,21,4,3430364
DDBS,16,0,5310327
The Lonely Moan,1,6,450965
PalaceGUARD,1,2,180685
The Fide Blood,9,3,1373164
Garden babys,1,1,577694
Hong Xing,4,0,91135
-,0,1,0
MELEE,0,1,937925
Spero Spera,0,1,32022
CapybarAAAA,21,10,2441825
SAKABA,0,3,0
Die for San,0,1,0
MoFuMoFu HEAVEN,0,1,0
Jagdgeschwader 52,5,13,3043468
PSC,8,19,2145951
GOBLINS,6,8,5998182
-,0,1,24586
hehaheha,0,0,14378
Nemo Nemo,0,1,277630
Bretonnia,3,2,818241
Spero Spera,0,3,53195
Auraka,2,1,67375
Medieval Royal Guards,0,1,13857
H a n a k i r i,3,4,276263
Coup de grace,0,0,291856
WhiteSuits,46,20,4217863
Ban,1,11,468199
Earn money,1,1,317006
-,2,0,1470798
The REVENGERS,1,1,669362
K A L A N S A Y,0,1,0
The_APEX,0,2,298582
RISER,1,0,43893
Cut Throat,0,1,476560
Filibusteros,3,20,4194968
Family Type,1,5,334955
Demon of Inari,1,1,9840
MABAR,1,3,270252
Singosari,0,1,30615
MODERN PATTERN,1,2,56104
MoFuMoFu HEAVEN,0,2,86088
Albions Ark,9,3,1412248
KajiRingo,0,0,14175
ENDANGERED,28,15,5930570
rudekids,1,0,42290
Take it easy jp,0,2,142727
Blue coral,9,5,1191753
-,1,4,293477
Nemo Nemo,11,6,1810837
NO_OC,27,12,2422671
-,0,2,0
Nemo Nemo,4,23,5806359
F R O Z E N,2,2,325758
Sleepy Cat,0,1,0
altmxm,0,1,0
CHILIZ,32,26,11546117
TEAM_MEMOL,0,2,606885
Noob Family,0,0,34282
Ban,5,2,1511279
-,0,1,0
HaikyuuTeams,0,1,0
Battleborn,2,4,229172
Hijinks,0,0,166228
Boar Army,0,2,775730
-,1,0,100336
Fenr,9,8,2012784
Ring of Stars,0,3,38243
-,0,0,1515
Tengkorak,0,2,7645
Hooman,9,8,337939
The Boyz,1,0,193376
OC-78,1,1,206630
Wavei,0,1,0
Coup de grace,12,49,7576018
V1OLET,0,1,0
WARDEN-SLAYER,1,0,142017
FISH GANK,1,2,75494
DNS,1,9,166824
-,1,0,26241
-,0,1,0
Once Upon a Time,1,0,96851
Coup de grace,0,1,0
Reborn from Nirvana,32,23,1975652
Biu BiuBiu,0,2,0
Wavei,0,1,37590
Western Paradise,0,3,62561
Real Man,1,2,88331
Future Party,43,16,28704185
Kunlun Jade QingJing,1,2,19789
7SinsX,0,1,22075
THE-ONEPIECE-IS-REAL,0,1,10076
SpartanS 300,0,1,8086
Fight Or Run,0,2,175383
NOXTURNAL,18,7,1467426
Stellar Alliance,1,7,287404
B o S,0,1,64224
-,11,0,5348332
-,0,1,0
The Black List,0,2,140013
TAKEDA 24,1,18,2152641
The Black List,1,0,31110
The_APEX,0,0,69267
-,3,2,1829651
nanjingdapaidang,2,5,69780
A X E,5,8,679750
Guerilla Warriors,0,1,0
SpartanS 300,0,1,7046
Knight of the Apocalypse,0,0,5248
Crimson Trinity,1,7,312677
Midnight Rose,0,0,1773
-,0,1,0
KUMA,2,6,1875504
SHROUDED,133,43,56882239
welcome newbie league,0,1,0
Chikipi,23,26,12602508
Meerkat Assemble,0,6,2933660
Lightborn Syndicate,2,4,29433
I The Flying Dutchman I,19,4,4943599
Black Sails,3,2,541453
Boar Army,6,54,8542451
Critical Impact,2,1,122004
Wandering Nomads,1,2,29894
THE WARRI0RS,0,5,3507
KUMA,8,2,589574
Parmata,0,0,10587
-,0,1,0
itinerary,1,0,55740
-,0,9,47786
VINA HOUSE,0,1,0
LEGION OF THE UNDERWOLD,0,1,0
DNS,0,0,2237
KAKI TIGA,1,3,154516
MELEE,9,9,4404773
CHILIZ,5,6,4577288
The Fide Blood,9,7,5954229
Garden babys,0,4,647844
Real Man,40,20,10159061
QUILL,6,12,520397
H a n a k i r i,0,1,62174
ALIVE,1,5,206919
Titan Blaze,1,2,9796
Red_Circus,0,1,0
Old Singularity,0,3,20103
Astartes,1,0,10608
Meeting Stone,7,10,2690611
Lym World,1,2,50270
Kingdom,5,4,750058
AK-47,2,2,50872
PLAC,52,27,30449982
MCS-P,16,5,3410570
-,0,0,39203
Boar Army,8,32,5843218
restart,0,1,0
snow forest,44,12,12227379
ACM,0,0,671167
Rogue Cat,0,1,0
xCUTIESx,4,5,621834
V A G A B O N D,10,20,4401423
ELHANGT,0,2,2910
Western Paradise,2,6,876586
Another,5,11,6266967
Save Me,0,5,13236
-,0,1,25842
Griffin Empire,1,14,2976494
HELIOS KNIGHTS,0,5,63311
Ordo Musaceae,0,1,0
Elden Ashborn,0,7,86086
RIP N DIP,0,2,28910
M O G A,23,2,982338
PLAC,7,1,2090034
Emergency,0,6,278826
JAPANTZ,0,1,113957
strange thief,5,15,370884
Blue coral,5,4,953800
CHILIS,0,8,1176782
Kingdom,3,3,275819
Meerkat Assemble,0,5,3644801
-,0,0,676641
PLAC,38,56,16287982
PLAC,82,28,16561809
YangPaiXiaKiller,0,3,818193
HelIo Kitty,0,2,4843614
-,1,1,20935
The Neighborhood,23,17,8053314
AFTERMATH,0,2,213262
ROYAL CARTEL,6,3,489373
Government Program,0,1,12239
Boar Army,4,19,2412126
GIGAN VIII,5,29,2008891
Meitei Ninja,0,2,0
Veindetta,0,1,0
Meerkat Assemble,21,23,10088743
THE RELATION,73,13,3373525
R O S E,0,0,581280
PAPAYA POKPOK,0,6,980085
Reborn from Nirvana,0,0,36250
GIGAN VIII,20,8,5362447
PLAC,10,6,1827855
-,0,1,0
Future Party,13,24,12018785
kinsparta,0,1,0
Freaky Fools,34,12,5531405
Evangelion,0,1,0
-,0,1,39960
WARDEN-SLAYER,0,5,101032
Hunter In The Dark,0,1,2827
VICTORY SAMUDERA,0,1,13359
KUMA,1,6,1696718
-,0,1,53022
-,0,3,0
All Rise,0,2,1199116
Freaky Fools,8,20,3680721
Kamusari,0,1,1794096
NGGang,0,1,191275
Save Me,3,1,56790
Four Emu Emu,0,1,0
Helios Phoenix,4,6,1251134
-,0,1,0
CTRL ALT DEL,1,1,228754
-,13,18,1470244
SHADOW__GARDEN,2,2,163032
Wing of Liberty,2,14,482317
Skyrim Equilibrium,0,5,0
Titan Blaze,0,10,5805
HIGH RISK HIGH REWARDS,0,2,172389
TRlUMPH,14,11,2867878
Phantom Slayers,7,4,505872
-,0,0,15134
LAST - KINGDOM,1,0,38770
-,0,1,45993
Reworld,0,10,3536916
DOKDO,4,6,1813675
Invade,0,1,131970
ALA ALBA,0,5,0
B L A C K P E A R L,0,3,23065
Hanguk,1,0,69782
Fenr,3,1,1107124
DOKDO,0,3,37724
Easy come Easy go,0,1,6901
Nemo Nemo,1,13,3659895
NULL,1,1,54998
itinerary,0,1,10362
Iron Dominion,0,1,0
Wysteria,4,4,3204520
ALL VICTORY,56,21,9990450
Black Ops,14,1,1520830
Meerkat Assemble,9,13,7370967
Meerkat Assemble,53,34,30940315
CHILIS,1,9,5388444
WINDPhoenix,0,2,0
BlueOwl,0,1,0
Finish,2,6,832977
The swallow,14,15,4402323
-,0,1,0
Farm Or Die,27,2,1952540
Chikipi,6,11,5759416
-,0,1,0
The Fide Blood,0,1,425810
-,0,0,51613
-,0,1,44371
not cute anymore,5,1,766861
conquer,0,1,520664
Trying to be,0,1,0
123qaz,0,1,21581
-,0,0,29313
MINlONS,1,2,203191
NERONA,0,1,0
MALIGNANT,2,7,1268805
Buccaneer,0,3,237193
ZOOKEEPER,1,4,1595787
DESTROYER GHOP GHOP,0,0,37148
RABBIT RAIDERS,1,10,352875
-,0,1,0
-,0,0,125760
-,0,1,0
No SHOW,0,1,52501
YaaRodYai,1,3,81402
I TYRANT I,0,1,3000
CN-Deep-Sea,1,1,90867
TEAM_MEMOL,1,0,227210
ENGAGE ON ME,4,3,73616
VINA HOUSE,5,9,512278
-,0,1,0
Corruptions,0,0,8031
BeasTDaK,2,1,1280591
xCUTIESx,0,4,26456
Dread,12,24,5665849
Meowfia,4,6,2198343
S Y N D I C A T E S,39,10,2850373
KEYBOARD,10,3,1392629
Auraka,0,2,0
Iron Dominion,0,1,0
INDONESIA MERDEKA,0,1,0
ONG BUT,0,10,95637
PVP With Me,7,6,879378
TRUM_MAFiA,0,1,0
WINDPhoenix,0,2,0
ONE-JING,4,8,415482
Gathering FARM,0,6,156669
Wicked Croc,2,1,37408
Freaky Fools,0,1,0
ArchangelGear,0,1,0
Multi-Nations,0,1,0
-,0,1,11419
-,0,1,1759
GRIEVING-SOUL,1,9,655324
gou8,9,9,1728832
-,0,0,113104
Z GEN,26,4,1483467
MO GU,14,10,2925947
Jia Nan,2,7,480364
ETERNAL CRUSADE,0,0,82829
M A R S,0,4,20443
-,0,1,0
CoCa1nE,43,27,5422674
-,0,1,0
Avutagamy chastity,0,3,54527
SpartanS 300,0,1,15947
SUON PH,2,5,208910
Sneakypotatoes,0,2,27574
Sentinels Arc,1,4,39496
Lucky Fools,7,5,1182112
The Elders Pact,0,2,0
OniChanDizz,1,2,7184
The Fide Blood,16,10,3691002
KADAL,3,1,216954
Jia Nan,1,18,1220501
KUMA,15,3,1500153
White_House,0,1,0
F I K A,9,6,4966554
PeOdy,0,1,1903
INFERNAL,0,2,0
Minerva-X,11,9,1115741
Boar Army,64,28,12568522
Chaser of The Wind,0,0,28636
The Wardens,0,0,14170
Forever Night,1,3,663472
-,0,1,0
-,0,2,14091
123qaz,2,1,21581
Meerkat Assemble,15,16,17942842
Invade,0,1,1141374
PoopooDancers,4,3,908536
PalaceGUARD,1,0,8632
China,0,0,2617921
Psz,3,18,9195087
-,0,1,0
-,0,1,1227
SubuTai,4,27,16277295
Frederick,0,3,102937
GOBLINS,1,4,1499930
Forever Night,3,2,551892
Farm Or Die,1,4,476578
-,0,5,13631
SO EZ,1,2,462414
Topspire,6,6,2188953
Topspire,16,8,5628977
All Rise,0,5,5413184
Western Paradise,5,4,863189
Earn money,4,3,1372956
LaiFaNongDer,0,1,0
VIET NAM ssm,3,2,98432
Crimson Requiem,0,0,59124
Hooman,6,4,337406
All Rise,0,4,763986
RAKUTAI,0,1,404
MELEE,12,13,3822770
Ban,2,5,330402
Gungn1r,0,0,2172
HidE0ut,0,1,0
A Brave Man,7,13,8518990
All The Villains,2,1,326469
snow forest,1,0,270890
INDOALBION,0,1,5544
Boar Army,0,1,288834
All The Villains,0,1,205296
HamoS,2,2,34764
Forever Night,0,8,552533
SubuTai,8,4,2375859
Kamusari,5,6,1884028
Mika,4,1,1988233
nanjingdapaidang,0,4,33288
Buccaneer,0,0,26
GIGAN VIII,2,3,446162
-,1,1,70925
syntherra,0,1,0
DEMON EYE,0,1,4628
-,0,1,8438
Wing of Liberty,1,1,496474
UnifyVN - 304,4,11,2829659
DragonWorld,0,7,211467
-,0,1,10190
Evangelion,1,0,109517
Hymn of Valor,3,1,55936
Give Me Your Sis,0,1,189660
-,0,2,0
PLAC,1,1,3314710
All Rise,1,9,6222615
AK-47,9,6,377628
The Verdant Order,1,0,58168
Rising Stars,0,1,0
HidE0ut,0,1,0
CCTV,27,20,5115928
-,0,0,35775
NOXTURNAL,0,0,9983
not cute anymore,0,1,0
Heartsteel,2,2,554176
Blue coral,21,4,776713
Mika,0,14,3615188
MooMoo,0,14,3350509
Future Party,0,4,4435973
Imperial_Knights,0,0,19737
BLACK_NUMBER,0,9,107467
Lumi,1,0,35993
D R E A D W A T C H,4,1,49620
Spero Spera,0,1,0
MABAR,5,7,650491
restart,0,1,8119
NoobGaming_YT,0,7,92351
-,0,1,0
Blue house,0,3,62610
Psz,0,2,269406
BLOB,5,3,816631
xCUTIESx,2,1,839696
Karamelln,0,1,0
Critical Impact,8,5,712410
Boar Army,16,9,3363784
Aegis of Fuji,0,1,0
wayfares,0,0,4814
-,0,1,0
-,0,1,0
No Picture,1,0,125274
PSYKOPATH,7,7,520284
YangPaiXiaKiller,0,1,899014
Future Party,215,21,32762338
Noob Family,3,3,287536
Ascensum,0,5,78966
Trash Panda Syndicate,0,1,94943
SO EZ,5,4,2989383
-,0,0,13850
BLOB,0,1,10570
RUN LIKE HELL,0,0,20356
-,0,1,0
-,0,0,91135
Invade,0,0,54633
PVP With Me,7,10,4594327
Blue coral,1,0,172089
Allvg,2,8,2558181
Allvg,0,1,95725
RABBIT RAIDERS,0,2,11811
-,0,4,62687
You Shall N0T Pass,11,7,1216848
Reworld,4,12,1901647
SAKABA,2,3,218388
Concordia,0,1,10684
UnifyVN - 304,11,7,1096130
Ordo Musaceae,8,3,637360
octugram,0,3,12658
Universe25,0,2,0
SLAF,0,1,0
-,0,3,1535
Tree Viper,35,10,6271406
GAMZA,0,1,0
War Cry,25,20,3391080
Griffin Empire,5,6,2222562
F A M I L Y,0,0,269445
Dread,5,11,6452423
WhiteSuits,7,6,1462348
World BOSS,0,1,275241
Gondor,5,1,334850
HIRAYAH,0,6,323273
-,1,1,22812
NUMEROS,1,1,69932
kukirakurakura,0,1,0
The_Myth,0,0,25093
gou8,0,1,25390
STAR RAIL,0,1,0
bunyi,0,1,0
The Northern Lands,0,1,133976
M O G A,1,18,3140587
LEGION OF THE UNDERWOLD,2,7,306913
H U P,0,5,107300
MoneyMoneyComeOn,0,1,0
Forever Night,3,7,1510255
Alone in The Mist,2,4,312331
Boar Army,3,2,876723
-,1,0,77418
Rivendels,2,2,40399
House Of Gorkha,0,0,27711
Meitei Ninja,1,0,12475
Tree Viper,0,1,757308
-,10,1,98634
HuaDaBin,0,2,515387
Family Type,0,2,181776
Call to Heaven,0,0,3077
Crusader Kings,10,14,2657286
9INE,50,43,14711418
G U I L D,0,2,194721
MIKE TEA,7,1,1480651
Fight Or Run,3,1,266955
Free Butterfly,0,1,4143
Tree Viper,74,55,16008162
-,1,6,308262
Ordo Musaceae,0,0,1230
SO EZ,0,1,16969
Wing of Liberty,0,2,23887
H Y P E R T E N S I O N,14,15,554862
Vobby x Lina,0,2,206972
Old Man,1,5,236947
TGIF,1,3,3734224
GOBLINS,4,5,2236982
Conscripted,0,0,405803
WINTERZ,0,1,10304
New_World_Order,1,5,263480
KATANA,0,0,65987
Raining,0,0,128514
-,0,2,5160
Wing of Liberty,0,4,0
RauMa36,1,0,99252
Alone in The Mist,2,4,361894
Ocean Waves,4,0,35908
-,0,1,0
Ordo Musaceae,0,0,115138
-,0,0,39031
Silver Oath,1,4,62484
F R O Z E N,3,15,1839305
HidE0ut,0,4,184661
Cutie Patootiez,1,1,2667
-,1,0,42243
-,0,0,7428
Emergency,9,6,2481305
-,0,1,97070
MoFuMoFu HEAVEN,2,7,366281
Allvg,7,4,594375
BeasTDaK,3,10,1510349
ll MENDU ll,2,6,477048
-,1,3,348920
BeasTDaK,32,7,4157774
HappyDay,0,1,14072
QuQnnTATnnOvO,22,5,2498264
QUILL,0,4,51746
Blue Phoenix,2,2,192531
P U R P,9,17,2343793
AAAAA,0,0,22746
Gold Pigs,0,1,0
Screamy,0,2,3335
SubuTai,3,1,1018557
Beavers,1,2,921371
Earn money,66,10,8767448
Boar Army,6,8,2230044
NiTianGaiMing,1,4,35910
Earn money,0,9,4019427
P U R P,1,4,834238
Kamusari,10,2,1159123
SubuTai,2,0,238990
I The Flying Dutchman I,0,5,3919275
A X E,1,14,957027
Minerva-j,0,1,0
-,0,1,0
CHILIZ,0,14,6902502
MoFuMoFu HEAVEN,0,8,253619
KUMA,0,1,66341
All Rise,8,13,4595421
KuromiO3O,5,31,9316806
Gondor,0,1,68333
Earn money,9,2,7764115
-,3,2,285792
CCTV,7,9,2351489
ALL VICTORY,0,1,0
evildoer,2,4,536115
AZKALZ,0,1,0
S D G,8,14,383715
justpassing5,0,1,0
Noob Family,1,3,339233
Boar Army,2,2,1894976
Old Singularity,34,3,16136532
GIGAN VIII,17,14,2178513
-,0,2,28952
80S Guild,0,1,0
ALL VICTORY,13,8,3291413
F I G U R E,8,1,961053
-,7,10,610789
PSC,0,4,313425
The swallow,56,23,6426955
Empyreus,0,2,122539
koplok na,0,1,0
Nemo Nemo,0,1,198663
MO GU,0,10,2270580
JiangHu,0,4,68150
SpartanS 300,0,2,120921
-,0,2,0
MafiaZone,0,0,121445
Play In Freedoom,2,7,46656
After Cleric,1,0,1590705
Real ONE,2,1,3751971
Ban,2,8,335506
Daitya Hunters,1,6,267322
The Black List,0,4,200027
-,0,1,0
SHOWTIME,0,9,1186752
GIGAN VIII,4,9,524437
Journey Uncharted,0,2,22669
The swallow,23,16,2921146
Meerkat Assemble,0,2,323813
Master Siomai,4,3,125471
NB FOREVER,5,4,206334
RauMa36,2,0,57626
Gold Pigs,0,5,649244
NULL,0,0,4872
-,1,1,67467
I The Flying Dutchman I,3,9,8026857
GOBLINS,5,4,3123352
Void Walkers,0,2,0
NekoParadoxia,1,3,108943
F R O Z E N,1,6,610748
PLAC,15,9,9765461
All Rise,43,23,13553162
PKZ,1,4,91215
Suger Babies,0,1,36891
AK-47,1,3,345551
WhiteDragons,0,1,21662
LUVIMIN,1,3,214889
Creation Camp,0,4,47012
F A M I L Y,7,0,1132574
MINlONS,21,21,7452573
Harmonia Eternity,1,4,213612
FriendsParty,1,0,26451
joyoonho,0,1,0
Dreamweavers,1,4,12496
Empyreus,3,2,323379
BBCocq,0,3,13899
A L B O R G I O N,0,1,1936
-,1,0,4932
MidNight Pirates,1,3,76205
ETIQUETTE,0,1,2244
Titan Blaze,1,5,15601
-,0,7,0
ArgoVesta,0,2,0
Chikipi,0,2,92434
After Cleric,6,5,1262214
Real ONE,67,29,24022319
-,0,1,1777689
-,0,1,0
Noctis,0,2,0
KnightfaII,0,7,291419
Western Paradise,0,11,3442489
The Eye,0,1,0
G T R,0,1,0
Atlanta,27,18,4254843
Nemo Nemo,0,1,64854
Kamusari,5,4,4193172
SubuTai,4,1,610045
VIET NAM ssm,0,3,2588
PLAY IN KINGDOOM,0,0,18565
Eagle Army,0,1,0
THEMERCENARY,0,2,24557
-,0,1,4250
-,0,1,0
Once Upon a Time,0,8,3349631
AK-47,0,2,43538
China,82,10,11957745
Rothschild Business Empire,6,2,599727
Old Singularity,0,1,81121
Blue house,2,4,517569
Dou bao,0,1,11328
Myanmar burma,0,3,20427
Tree Viper,103,43,20199270
-,1,0,70524
Speed Check,83,13,2792316
Flame Martyrs,3,4,159525
GRIEVING-SOUL,0,1,15486
MoneyHunter,1,3,16260
MoneyHunter,0,1,95110
Play In Freedoom,0,9,9958
ARUNACHAL PRADESH,1,8,125032
BeasTDaK,4,9,3727383
Order of Ares,0,1,34393
Farm Or Die,1,2,68218
HuaDaBin,7,7,1757763
pemburudolar,0,3,59763
CHILIZ,48,41,16335415
All Rise,50,53,21473679
B L A C K P E A R L,2,3,109921
South PH,2,0,215231
You Shall N0T Pass,6,3,1468723
Reworld,0,2,1951712
9INE,1,1,762942
-,0,0,50959
Zero to Hero-CN,0,1,0
-,2,3,117610
HIRAYAH,4,3,167596
MINlONS,1,0,287760
Old Man,2,0,238129
ALL VICTORY,0,3,289034
Western Paradise,0,1,0
PSYKOPATH,0,1,0
I The Flying Dutchman I,9,20,11244942
jjg886,2,4,694288
The Executioners,2,0,139548
Amateras Reign,0,9,60225
-,0,1,1832
AAAAA,0,0,4014
Minerva-X,0,0,121305
ACT4,0,1,0
F I K A,0,2,534305
Free Butterfly,10,16,1409438
MO GU,1,1,609175
Tree Viper,16,10,3044933
AAAAA,0,6,18038
Pink 7,0,3,78598
FATE-Excalibur,1,5,255932
Mammoth King,9,0,3026613
Mika,37,29,9110305
Boar Army,0,1,50884
AAAAA,10,12,558296
All Rise,14,12,4412772
Forever Night,0,3,138509
ACM,3,4,1171749
Crimson Radiance,19,8,1902793
-,9,3,399703
Dreamweavers,14,2,678259
All Rise,1,19,13056454
SO EZ,0,5,671763
-,0,1,0
Hong Xing,0,1,10313
R O O K I E S,0,1,39831
-,2,1,241576
BeasTDaK,25,9,6948277
JSCL,0,3,131339
THE RELATION,3,2,433529
itinerary,0,1,0
FABULOUS,3,3,407459
Baby_Paradise,0,1,0
Stellar Alliance,0,1,512875
Gold Pigs,0,2,655811
NB FOREVER,0,8,604179
atssa,0,2,0
Lymhurst Ranger,1,1,101990
PalaceGUARD,0,4,252676
Albions Ark,0,1,37389
All Rise,1,1,77056
PLAC,2,4,1396040
BeasTDaK,13,6,3576288
R O O K I E S,16,13,5337609
Earn money,1,0,213629
-,0,2,7519
peace maker,4,4,179626
Boar Army,0,1,526076
RABBIT RAIDERS,0,2,129266
DRACIN,2,1,166659
Dragon Blade,16,0,628485
Meerkat Assemble,0,1,3250047
M A R S,0,6,89082
Big mom,30,20,15658911
Crazybabys,4,2,187423
-,0,1,0
Solo-King,10,2,1303528
PLANET,6,1,53213
Mika,3,5,1938227
Peng Lai Xian Jing,2,5,1076253
ETIQUETTE,69,24,19060854
LaoPLao,7,2,1242959
Boar Army,0,4,82717
Veindetta,0,2,0
Kingdom,14,28,6857921
Forever Night,1,3,399363
Future Party,0,13,12919550
Jagdgeschwader 52,2,6,341462
niubidian,0,1,90149
NO-RE,23,10,9449780
-,8,6,1122688
MCS-P,17,11,4010154
Lao Qian Xue Yuan,0,1,14004
Farm Or Die,9,1,920438
AK-74,1,6,149069
NO-RE,13,16,5843941
-,1,5,426855
HeNan,5,4,220619
PSC,0,6,623299
Chikipi,0,4,3697074
Yuzi,2,3,108911
All The Villains,45,52,33239385
Heaven Knight,3,4,2943569
-,4,3,246644
CCTV,5,10,4699277
CCTV,16,7,6414630
Earn money,6,8,1845086
Forever Night,24,11,1867077
HappyDay,2,2,403079
Forever Night,0,0,76361
Earn money,3,11,6097028
HappyDay,1,0,10609
NB FOREVER,5,2,624689
1Mmortal,0,2,1321290
oo0oo,2,7,2889768
QuQnnTATnnOvO,0,7,728834
-,0,1,0
Shu Shan,12,9,834097
Titan Blaze,1,4,15156
Forever Night,0,0,112928
Dragon-Mi,1,0,89062
Meeting Stone,2,8,655390
Mamboo,2,2,42343
Mount Never-Old,2,0,51848
M A R S,7,6,330646
Siana Familia,0,1,0
THE LEGENDARY,0,1,0
GOD PRIME,0,2,77570
Coup de grace,1,21,3407170
THEMERCENARY,4,8,165834
Real ONE,27,5,6029474
After Cleric,1,0,1202502
High Cards,1,1,15485
AZKALZ,0,10,28961
HER MES,2,1,91192
PLAC,85,12,33287410
T O K Y O,0,0,132812
Midnight Rose,0,1,7552
-,0,1,0
AZKALZ,0,1,0
Freedom_Castle,0,0,5016
I TYRANT I,0,1,0
HIRAYAH,10,14,1085614
NoobGaming_YT,0,1,13550
Government Program,0,2,0
Big mom,0,12,8887624
The swallow,0,2,0
Mathias,8,18,820368
I The Flying Dutchman I,7,2,9840147
Alone in The Mist,0,1,0
Frostbite Reapers,18,7,1254312
Tarumanagara,0,9,297231
Chuuni,0,1,0
-,0,1,0
Singosari,1,7,1230212
Helios Phoenix,4,4,1067793
HeSweet,0,1,5487
Olorun,0,1,881037
VIET NAM ssm,0,3,21380
Mathias,5,14,847292
Nemo Nemo,29,12,5519239
Meerkat Assemble,5,15,7792923
Invade,10,5,1057956
1Mmortal,61,54,32786455
Minerva-X,0,3,289089
Holy Black Knights,0,2,4390
-,1,9,184160
C A L Y P S O,0,0,6054
The Black Banner,0,1,0
Arena Ghost,0,1,0
Arena Ghost,0,0,3363
Boar Army,0,2,0
Once Upon a Time,4,0,173481
C O V Y,0,7,71894
AK-74,1,19,724497
Farm HUB,0,2,0
D E T O N A T I O N,2,0,216757
PLAC,3,4,1677127
Forever Night,0,1,0
-,0,1,0
Baby_Paradise,0,1,0
Olorun,3,1,2134672
Evil Genius,1,3,159759
CalistaZ,1,3,64500
Soop,0,0,13478
Forever Night,4,1,484091
I The Flying Dutchman I,30,9,20947028
KUMA,3,3,504631
viking07,0,8,41622
-,0,0,4919
Rescue Station,86,23,18758936
-,0,5,0
D R E A D W A T C H,8,8,767444
Cosmic conqueror,0,0,3632
ALL VICTORY,5,0,1427456
-,0,0,58780
Helios Phoenix,53,15,7604434
The Night Legion,0,0,34532
HIGALA,0,1,129365
Fenr,35,25,7469690
Court of Nightmares,0,1,0
CHILIZ,30,24,6097230
CHILIS,31,19,9118527
SpartanS 300,4,1,78119
-,0,0,18646
PIGEON DOCTOR,0,0,369258
MoFuMoFu HEAVEN,0,3,190327
-,0,0,7679
WhiteSuits,0,1,29479
ETERNAL CRUSADE,0,0,32565
Spero Spera,1,2,260515
beggar castle,1,2,28398
Earn money,0,1,0
-,0,0,26072
-,0,2,0
Warhammer Defense Core,0,2,141666
WARDEN-SLAYER,3,13,212576
Aliansi Santai,0,1,2013
-,0,1,0
MooMoo,19,13,6382591
Forever Night,3,5,577749
AAAAA,8,14,349271
Crush,33,8,1047853
Judy no go Cindy no come,1,3,124262
KnightfaII,0,2,166567
J C W V D,1,3,37940
PEENOISEEE,0,2,3000
Screamy,0,0,5787
-,1,3,34762
KAKI TIGA,0,1,153373
PLAC,8,11,5629626
Typhon,0,2,71335
BeasTDaK,8,4,1078953
Noctera,3,3,210236
-,1,4,32802
Astartes,0,9,0
I The Flying Dutchman I,0,3,3347039
P U R G E,0,0,243149
-,0,1,0
I The Flying Dutchman I,5,6,1447058
Noctis,25,33,4533612
Midnight Rose,2,17,153334
Freedom_Castle,1,2,21642
-,1,1,38635
-,0,1,0
-,0,1,7317
RYLs,0,1,24110
TGIF,40,21,7751345
GOBLINS,40,18,8752664
9INE,3,8,1160321
Western Paradise,33,19,9779155
xCUTIESx,7,31,4457009
OneDone,8,3,1700457
-,0,1,0
All The Villains,0,40,12294489
Meerkat Assemble,3,2,3693649
BNN UTara,0,1,25611
War Bears,0,3,9681
snow forest,0,4,2303836
Tarumanagara,0,0,36526
conquer,0,2,30158
Frederick,0,2,41208
-,0,2,0
Psz,2,5,981548
PL4B,10,2,581995
-,0,1,1317
High Cards,1,1,1844
Enterprises,1,0,273405
Invade,0,3,994332
-,0,1,0
play for free,0,1,20809
-,0,0,243164
MO GU,0,0,96336
OneDone,0,9,1659525
The Myth,0,37,5835211
is not guild,1,1,10056
-,0,0,3414
Red Paw Gang,0,3,32690
Arena Ghost,4,9,428315
THE HOLY KNIGHTS,0,1,0
V A G A B O N D,14,12,2996640
NekoParadoxia,0,2,0
Once Upon a Time,0,2,338446
Kuy i na hee,2,2,180925
-,0,0,170674
Empyreus,0,5,257198
Wing of Liberty,2,3,514117
SLAF,0,2,0
-,0,1,0
M A R S,0,0,26353
DOKDO,0,1,126139
Nemo Nemo,0,17,5811472
KUMA,14,18,1375053
Are U Oke,0,1,0
Wysteria,0,1,70389
Another,26,8,6432663
DOKDO,7,0,166159
-,0,1,0
Menhera,4,0,841494
yasalbo,34,5,689393
tamago X gohan,0,1,0
A X E,2,19,2852245
-,0,1,34771
Lym World,10,5,609145
H Y P E R T E N S I O N,8,4,206311
Dread,4,10,3901717
SUN LUCK,0,0,17366
SHOWTIME,0,2,139088
RABBIT RAIDERS,5,5,1257119
PalaceGUARD,9,7,3258596
Lai tsai Project,0,0,31074
CCTV,0,2,298077
ioz000001,0,3,0
Peace th,0,1,0
ACM,3,4,6270254
1Mmortal,0,7,13888156
HIRAYAH,1,15,1175660
KATANA,0,1,83129
RauMa36,1,0,4478
M A R S,0,1,48936
The Wardens,0,0,42472
LYM PORTAL,3,9,850222
Prodigyy,0,6,1662868
Freaky Fools,3,5,245703
I The Flying Dutchman I,6,7,2964345
F A M I L Y,2,2,1186303
Jia Nan,0,2,0
I The Flying Dutchman I,27,10,7580438
Blue coral,0,1,331580
Egoistt,2,1,481638
B L A C K P E A R L,2,0,173789
-,0,0,28302
Atlanta,31,11,4389625
Dragon Blade,0,11,263702
All Rise,0,1,0
OLENG,2,0,42566
F I G U R E,59,28,16238082
Fenr,0,1,495763
The swallow,0,3,465705
Another,8,24,10379048
-,1,1,32025
malaikat maut menunggu mu,0,0,30789
9INE,6,12,4579784
SLAF,0,0,16821
H Y P E R T E N S I O N,2,3,655607
SlowLife,0,1,0
B L A C K P E A R L,0,3,22887
Buzztard,0,2,535523
-,1,2,8954
CCTV,1,8,2415266
BeasTDaK,35,16,4633852
Another,0,3,101057
Raining,2,1,117394
HaChiu,0,2,1945
BeasTDaK,0,2,26571
TAKEDA 24,0,1,0
Boar Army,12,16,2670746
M U S T A R D,4,2,204849
Finish,4,5,956460
1Mmortal,0,14,7706862
PSC,12,27,6129829
-,0,1,0
Rescue Station,16,17,6081320
Nemo Nemo,0,1,0
SDteam,0,1,3340
snow forest,4,1,672292
MANIFEST,1,2,47436
The swallow,13,11,3990150
Kunfayakun,0,1,4219
SAIYAN,0,1,0
-,0,0,20154
-,7,0,658272
GRIEVING-SOUL,8,19,881114
PLAC,2,9,6342713
Minerva-X,1,8,2533989
S Z P,0,0,31408
HanRyang,2,5,78485
F I G U R E,24,21,9210028
-,0,2,3985
Topspire,1,0,449497
Dread,69,4,5511166
Last Lick,3,0,399241
-,1,4,95416
THEMERCENARY,0,1,0
B o S,0,1,0
AK-47,0,0,1671
Once Upon a Time,0,4,2604069
The Wardens,1,2,17218
CCTV,3,16,14384925
Stellar Alliance,0,0,369927
Garden babys,3,3,766519
KUMA,12,6,834807
Albions Ark,1,0,319218
Singosari,16,36,2442113
Future Party,2,0,1021239
light of darkness,0,2,7740
TAKEDA 24,2,17,612763
Medieval Royal Guards,0,2,10991
-,0,2,405475
Free Butterfly,0,6,123982
Meow Immortal,32,11,5447109
Future Party,4,4,1593433
Tarumanagara,2,3,20072
The swallow,0,3,97608
Demon of Inari,0,1,0
Lumi,0,0,18667
GaoLaoZhuang,0,0,104898
Solo-King,2,36,13609424
HappyDay,1,1,234777
1Mmortal,5,19,7385784
SLAF,0,1,0
Dread,0,6,1198323
Enterprises,1,5,420510
F I K A,0,1,12784
After Cleric,13,8,2326619
Real ONE,27,19,19149205
NEVERLUS,1,0,35943
Lunagon Island,0,1,66099
nom srak,0,3,0
VOYAGER CORPS,1,3,13782
Meerkat Assemble,24,8,6974604
Rescue Station,43,26,18015616
Lai tsai Project,4,1,978467
Pierce,15,13,3257299
I The Flying Dutchman I,4,1,2203356
eRa Empire,10,8,937274
Dragon-Mi,3,8,2597706
six doors,1,1,912896
Forever Night,0,0,58393
Korean Knights,1,6,24516
B L A C K P E A R L,2,5,344556
THEMERCENARY,0,1,0
IndianGanG,120,20,53994887
Kingdom,0,1,0
-,2,0,328456
The Savior,0,0,320637
-,1,1,37338
-,0,1,7362
All Rise,11,18,5401730
Conscripted,24,16,15375308
UnifyVN - 304,3,9,1611263
KATANA,0,1,153790
Ashen Reign,0,3,71369
Grim Legion,0,2,12439
-,0,4,0
-,0,3,0
PLAC,2,4,11813964
CHILIS,3,6,17726006
snow forest,2,6,2244681
oo0oo,0,3,386677
1Mmortal,19,6,16037501
Sunset,0,1,82403
Louis Bean,1,0,37553
Chikipi,43,34,16510012
CHILIS,13,9,7605517
Farm Or Die,8,12,2194828
Ordo Musaceae,1,1,54589
Singosari,18,9,1019295
Invade,8,6,1198168
Helios Phoenix,0,3,868119
Fake engage,1,8,116035
KUMA,3,4,1189395
CHILIZ,18,9,9223302
CHILIS,16,10,11040023
SpartanS 300,0,2,0
NULL,5,7,2024899
pig bank,0,2,110185
Judy no go Cindy no come,0,0,109258
-,2,9,358647
Sapling-MIU00,0,2,0
B L A C K P E A R L,4,0,1253648
Chikipi,11,22,6717976
CHILIS,33,9,12108458
CHILIZ,17,6,8076475
HELIOS KNIGHTS,0,1,0
-,1,0,41208
Crimson Cartel,2,2,38167
Reworld,2,9,2254092
Western Paradise,1,7,1199554
HaChiu,0,5,389706
Shark Chew Toast,1,4,4717601
COALITION,7,12,2436328
New_World_Order,0,1,0
Dreamweavers,0,3,73978
Filibusteros,0,2,258989
Kunfayakun,5,4,473785
-,0,0,42464
KATANA,3,1,332275
TRlUMPH,0,2,126585
-,0,1,8322
A X E,3,4,246862
-,0,1,33188
-,12,0,1440736
CHILIS,21,22,33447101
NO_OC,1,2,215403
PalaceGUARD,2,0,1445578
DOJO,5,5,1311157
GIGAN VIII,1,3,695481
Azurel,2,3,1641540
not cute anymore,2,2,618369
Chosen Few,3,2,269010
Karmic,3,0,319923
God_Of_War,1,7,285140
I The Flying Dutchman I,1,4,12092861
All In Fighting,0,3,2064988
Mika,1,7,3557106
Blue Phoenix,0,3,12787
PalaceGUARD,0,3,7154055
-,0,3,18977
REDEMPTION CODE,0,1,0
All Rise,18,26,29904942
PLAC,3,4,16294996
All Rise,0,1,446092
PoopooDancers,1,0,238898
TESTUDO,0,1,19113
-,1,0,34854
Alone in The Mist,1,3,200612
Conscripted,88,21,14349634
Invade,0,3,684388
PLAC,24,4,916462
THE RELATION,35,16,1945392
Western Paradise,1,7,2951053
Kanglei Natives,0,1,0
-,0,3,0
-,2,1,14285
Duking,0,1,0
Forever Night,0,2,1011937
CHILIS,30,8,6528198
CHILIZ,14,6,7578783
SO EZ,4,10,2505468
PAPAYA POKPOK,107,49,12644072
Masked Bandits,0,4,541984
SLAF,1,1,392384
FLARE,3,3,119151
-,1,1,42623
We Thought This Was PvE,0,0,94442
-,2,3,181005
Ala,0,5,26946
Griffin Empire,34,37,12693227
KADAL,2,0,149046
-,1,1,2741
itinerary,0,0,12027
DlSBAND,12,12,3570681
GIGAN VIII,2,6,541479
Meerkat Assemble,13,33,31321231
Mangyan Tribe,0,2,10273
I The Flying Dutchman I,28,10,12694059
JOLLY,0,2,71458
-,0,0,10460
JOLLY,1,1,59987
KATANA,7,4,487665
-,0,2,2637
JugGerNaut,2,1,9077
HIGH RISK HIGH REWARDS,0,2,0
PAPAYA POKPOK,1,2,502906
Anvil Empires,1,3,94626
MO GU,0,9,1656891
-,24,4,2770256
H U P,1,8,361031
Meerkat Assemble,0,2,1315286
MELEE,0,4,1184439
I The Flying Dutchman I,3,0,811875
Sapling-MIU00,0,2,14358
Old Man,25,35,4117047
HanRyang,2,11,803062
Another,13,11,7713419
Ocean Waves,2,2,18808
RABBIT RAIDERS,1,0,36632
The swallow,2,5,847215
Chosen Few,0,1,37475
Kingdom,0,2,567067
F I K A,2,4,979367
HanRyang,0,0,358135
CHILIZ,0,5,1461878
MELEE,8,10,4211831
Topspire,0,7,3325150
Pristine,0,1,600698
Filibusteros,0,0,19579
Pink Memory,0,2,295385
-,1,1,268468
Dragon-Mi,4,4,1086545
Forever Night,8,2,1438436
JRX,5,4,330726
AAAAA,0,6,115518
-,4,3,135144
Invade,11,7,1858838
Kunlun Jade QingJing,0,1,10880
Guerilla Warriors,1,9,163564
WhiteSuits,14,7,723517
VIET NAM ssm,0,5,119333
One More Times,18,2,417558
gou8,10,2,1289988
Alone in The Mist,5,8,601837
huyao26,0,14,1249347
-,0,1,382832
-,18,15,1397846
Crazybabys,0,1,0
Tohou Project,4,0,740836
O R G A S M,0,2,257202
PLAC,2,0,109197
Fire Boys,1,1,129876
R O S E,4,1,716286
-,1,0,17680
Freaky Fools,0,1,624
Forever Night,0,1,57435
Will of Fire,0,2,0
I The Flying Dutchman I,0,2,915339
F A M I L Y,5,14,8262529
Stellar Alliance,1,2,1703762
Freaky Fools,12,17,3742322
Pink 7,0,0,17193
Noob Family,1,4,500968
-,0,1,0
Tree Viper,5,46,16286192
-,0,5,14940
Meeting Stone,15,12,2837389
Pink Memory,1,2,81917
CCTV,0,2,797479
HappyDay,1,0,366659
snow forest,14,3,2545125
1Mmortal,1,10,7393616
KnightfaII,7,11,2575859
PalaceGUARD,2,2,1491767
Freaky Fools,29,22,6566383
Future Party,2,3,770958
Circus,2,1,88685
-,0,1,0
H a n a k i r i,0,3,81742
Free Butterfly,4,4,50984
-,0,0,6252
PSC,2,7,3027162
China,1,13,8381431
Forever Night,5,2,548595
conquer,5,4,438218
RelaxzzZ,1,0,335759
KongFu PanDa,4,3,613077
PLAC,9,27,11506875
Stellar Alliance,1,11,4918120
Pink 7,2,15,550674
NB FOREVER,10,0,348851
Forever Night,6,10,2910288
CNTC,11,4,199191
B o S,2,1,26612
Solo-King,1,0,108350
Wavei,7,4,574434
Reborn from Nirvana,0,5,160521
Free Country,0,0,34812
Pink 7,4,7,350392
B o S,2,1,31553
Lao Qian Xue Yuan,0,1,23875
Red Circle,2,1,58109
COALITION,4,0,2757885
RISER,0,1,0
Dark Looters,51,26,3002550
F R O Z E N,1,0,95592
Sigma Man,3,5,295997
MALIGNANT,2,2,455907
Forever Night,0,1,356474
IndianGanG,18,34,29020043
Meow Immortal,0,1,128720
SyntaxErr,3,2,76056
Another,82,36,44634705
-,0,1,0
conquer,9,8,2205418
VIET NAM ssm,2,7,300546
P U R P,6,23,1397462
CHILIZ,24,10,22842965
Heaven Knight,47,31,12241438
DDBS,15,10,6854540
C O V Y,0,1,0
HappyDay,6,2,761608
Scarlet Bloodlust,0,2,0
Hei Hitler,20,9,4640813
Mika,4,6,1217738
GuGu GaGa,23,12,3889535
TRlUMPH,0,2,223863
Old Singularity,1,1,90657
Spero Spera,3,4,149856
ALL VICTORY,21,8,4678296
Hei Hitler,1,8,4393255
hehaheha,3,3,455283
PalaceGUARD,8,8,3832955
Karmic,4,1,356196
knightchullabbey,0,1,138660
I Check Mate I,0,1,424445
-,9,4,934425
Forever Night,1,3,591575
-,0,1,8943
-,78,21,5716129
Shark Chew Toast,0,1,0
China Daoism,1,2,6574532
I Check Mate I,1,0,190322
Crazybabys,1,2,210557
Peek a Bomb,0,1,0
F A M I L Y,8,4,2677352
Another,0,6,3304807
Menhera,0,0,1796784
Another,44,32,20877967
Real Man,23,10,3707061
Meow x Meow,0,2,161377
VIET NAM ssm,26,22,2114781
Crazybabys,0,1,37252
Invade,0,5,281178
CTA,19,6,6229199
-,0,0,554806
Mola,15,4,3241875
DOKDO,0,0,225922
Kamusari,27,4,4982636
DOKDO,2,3,129018
Kunfayakun,0,1,0
Shining Star,0,0,14238
Kamusari,14,2,1193189
Kingdom,1,28,4504366
Freaky Fools,11,18,3817423
GIGAN VIII,0,3,184637
VINA HOUSE,0,1,0
UnifyVN - 304,1,1,123578
Rescue Station,10,22,10577087
ga cong nghiep,0,0,80324
PalaceGUARD,6,9,5896645
Real ONE,3,13,9633205
After Cleric,1,3,1758903
Earn money,1,0,37101
All Rise,1,19,1777968
temporary organization,8,3,880468
-,0,6,29582
The Goat,0,1,136083
Abstract elderly home,0,1,0
-,0,1,0
Earn money,3,5,2066323
CCTV,7,6,4470216
ENDANGERED,4,7,1891315
-,1,1,793960
snow forest,10,5,3281846
-,0,1,0
GRIEVING-SOUL,0,1,0
Sunset,10,10,1483375
JARERNs,0,1,0
-,0,3,12838
ARCH KNIGHTS,2,4,60018
B o S,0,1,0
Chien Than Academia,10,5,2870323
Calbee,0,1,0
-,1,0,14938
CTRL ALT DEL,0,1,0
Pierce,11,6,2502966
GaoLaoZhuang,0,3,461091
After Cleric,3,2,553727
Filibusteros,1,1,1223600
M O G A,22,6,1898010
Cut Throat,21,1,1735024
-,0,2,94848
P U R P,5,3,847894
The Neighborhood,0,3,247178
All Rise,0,2,3861417
Spero Spera,0,1,0
-,0,1,0
The Salty Chefs,28,16,3419935
Allahu Akbarrr,0,5,322917
GriimReaper,0,2,33304
-,0,1,0
Kunfayakun,1,0,159635
Meowfia,1,1,256610
Masked Bandits,4,2,837020
Technique,0,0,328337
Freaky Fools,0,2,288272
Evangelion,2,3,128668
One More Times,7,8,1052898
TRlUMPH,0,11,2082327
Pierce,5,5,2751306
-,1,0,39114
CCTV,8,17,6308446
Liberty World,0,1,0
Liberty World,1,1,80359
MCS-P,0,1,0
MELEE,0,1,270260
P U R P,0,2,38651
The Myth,0,11,1736425
Meerkat Assemble,27,43,50896442
TEAM_MEMOL,1,4,354927
snow forest,9,21,11281240
Gold Pigs,7,4,607083
Sentinels Arc,11,11,813909
Warhammer Defense Core,0,2,25621
TRlUMPH,0,1,11145
Conscripted,1,3,1986719
not cute anymore,1,14,2811245
A you ok,0,0,270037
Gondor,1,9,891968
World BOSS,1,1,1667681
VIET NAM ssm,0,1,0
CHANG,0,1,45997
C O V Y,0,2,28201
red king,4,0,397917
YangPaiXiaKiller,0,1,47495
HeIIo Kitty,1,19,34461031
HelIo Kitty,0,9,10956950
Old Man,4,7,106493
Spero Spera,4,6,328978
-,0,2,36595
-,0,3,0
-,1,6,97926
-,1,0,24894
-,0,1,0
P U R G E,23,16,10334447
-,0,3,400587
GOD EATER,0,4,64384
HanRyang,0,1,7956
Earn money,1,5,328198
Forever Night,0,0,90459
QuQnnTATnnOvO,0,0,294699
nanjingdapaidang,0,3,110402
PalaceGUARD,1,7,6547531
Another,6,16,8723145
Stellar Alliance,5,7,2634273
Peng Lai Xian Jing,1,4,19394
MiMe,5,6,380124
1Mmortal,3,0,514589
ACM,39,14,7931728
CHILIZ,13,25,24486534
Western Paradise,3,0,404822
I The Flying Dutchman I,0,1,1640869
ACM,4,7,931424
Raining,0,1,282273
-,0,1,0
GIGAN VIII,0,0,33883
Nemo Nemo,0,13,8574714
Rescue Station,20,19,23157965
Chosen Few,0,2,6908
Dreamweavers,0,3,63833
Freaky Fools,0,0,82514
RABBIT RAIDERS,0,7,36475
PUMPIM,1,0,98644
LootOnly,2,3,265963
GOBLINS,9,9,1886880
TGIF,21,8,5504070
-,0,0,5181
AK-47,3,6,202538
Shine On Me,0,0,9397
free newber,7,7,2727544
Anteikuu,0,0,2667
One More Times,3,2,2099264
P U R P,1,2,192326
I The Flying Dutchman I,9,5,9852799
China Daoism,0,2,20007
markopolo,0,1,0
Wandering Nomads,0,0,8925
empires1335,0,1,0
-,3,2,208204
Noob Family,0,7,79527
Moon Drop,0,3,0
VINA HOUSE,1,4,115343
I The Flying Dutchman I,1,12,3965844
B L A C K P E A R L,1,1,270588
-,0,1,0
DlSBAND,1,1,557888
The Elders Pact,0,2,0
Meeting Stone,2,6,1813544
Syndicate Of Caerleon,0,2,0
ACM,1,6,1148677
Blue coral,1,14,1064814
TEAM_MEMOL,14,13,2275029
The REVENGERS,0,2,13262
P U R P,0,1,144539
Spero Spera,0,1,0
Remen Shadow,1,0,47326
-,0,1,0
H Y P E R T E N S I O N,19,29,2300490
The Verdant Order,0,7,124639
HelIo Kitty,13,0,2245001
HeIIo Kitty,1,1,53315
Arena Ghost,0,1,0
123qaz,0,1,0
PLAC,0,6,514143
AK-47,2,6,350796
Noctis,8,19,2858895
PSC,0,0,181903
ACM,9,4,554305
A GGbond,1,2,54249
ETIQUETTE,0,2,0
Kunlun Jade QingJing,0,3,45097
-,1,4,154162
HanRyang,5,6,393583
Meeting Stone,0,2,90538
Meow Immortal,6,7,2917091
xCUTIESx,0,0,208243
First love,6,8,1766570
-,0,2,0
GAY KILLER,0,7,85463
KongFu PanDa,4,29,8717588
Mamboo,0,7,211153
CHILIS,11,11,21767212
All Rise,2,4,6071956
SG-TN Auto Fame,0,1,0
H Y P E R T E N S I O N,1,21,1225528
snow forest,2,24,8672101
PalaceGUARD,0,0,324037
A p os t l e s,6,22,3042454
R E Z,5,3,238860
MooMoo,30,27,11700827
-,2,7,215053
Desire,0,4,43781
House Of Gorkha,1,0,27288
Soop,0,0,26837
CCTV,4,2,4266133
Arena Ghost,0,0,6252
-,0,0,2642
-,1,0,272710
Alpha Warriors,1,0,67790
Husky Empire,0,1,0
SINGAMAS XI,0,5,54826
PSC,0,0,139793
VONGOLA FAMILIES,0,1,0
-,0,0,2457
-,0,5,61372
Nomadz,0,1,10190
CHILIS,2,27,5309309
CHILIZ,9,34,5241000
Dystopian,0,1,0
Ban,4,2,286179
F I G U R E,13,8,2478775
Matcha Ore,66,8,1007924
Pink Memory,24,8,7249207
-,0,1,5147
Inmates,0,3,8829
NIGHT WALKS,2,1,109989
PLAC,29,15,21457385
Red Circle,14,24,1341018
9INE,18,5,519981
The swallow,41,18,3706446
Western Paradise,2,43,7838508
Chikipi,4,17,12212193
Imperials Of Albion Online,0,1,0
KajiRingo,0,10,102560
-,0,1,0
Finish,0,3,10559
bumianarki,0,1,0
WHITEOUT,0,1,9413
F R O Z E N,0,0,291474
All Rise,4,15,3774551
MCS-P,0,0,361567
Meeting Stone,25,1,5275829
Kunlun Jade QingJing,12,10,530284
PSYKOPATH,1,2,218320
Shu Shan,34,24,4882079
Evangelion,1,1,102761
Lucky Fools,0,2,0
GFN-GFN,1,0,85841
cat and rat,0,0,29215
Forever Night,14,10,2038761
Biu BiuBiu,7,10,611276
Meow Immortal,0,2,134277
321 Demass,1,3,79631
The Mist Watcher,0,3,754947
Hunter Tuna,0,1,0
conquer,6,4,287475
-,1,2,92149
Once Upon a Time,41,12,11784066
Meeting Stone,0,2,491349
All In Fighting,0,1,967820
CHILIZ,0,4,618422
CHILIS,2,21,5405531
DOKDO,6,2,595584
TEAM_MEMOL,0,0,229086
Atlanta,12,10,1828067
PoopooDancers,0,9,1667174
Tree Viper,3,5,1276619
CHILIZ,135,20,34189773
TRlUMPH,19,11,5991652
The Lonely Moan,1,0,75510
Warhammer Defense Core,0,1,13961
-,0,1,0
F R O Z E N,0,4,219029
SilentMemoirs,0,1,62037
New_World_Order,0,5,34358
ALA ALBA,0,0,3120
Realest,0,3,410428
Old Man,1,3,475995
Meow Immortal,3,5,1173640
-,3,10,57285
F I G U R E,1,0,216225
Wicked Croc,0,1,0
SINGAMAS XI,2,1,42555
ULTIMATE REALM,1,0,225680
Free Butterfly,2,7,349368
AK-47,3,10,1041995
-,1,1,131394
Matcha Ore,1,0,49506
D R E A D W A T C H,6,5,248418
Invade,16,7,3346588
snow forest,4,9,5952435
All Rise,7,15,7590143
I The Flying Dutchman I,14,7,5803988
Reworld,6,1,934807
The Rice of Asian,0,1,2599
ACM,5,8,1481189
nanjingdapaidang,0,2,82497
All The Villains,8,0,1424319
PLAC,12,22,9895158
SubuTai,2,2,170757
P U R P,4,5,523788
First love,2,1,148458
Raining,0,1,32523
-,0,0,4755
Nang Pi Yan Zi,0,1,0
Helios Phoenix,4,11,648261
HappyDay,6,4,944561
NULL,19,19,4031539
PSC,16,22,4903094
-,1,2,20233
Gold Pigs,2,13,1886402
Boar Army,0,0,76341
Z GEN,3,7,323502
MO GU,24,29,11824638
AAAAA,1,1,327392
-,0,2,0
Shu Shan,8,10,1578415
China Daoism,0,0,26792
CoCa1nE,3,9,1878615
snow forest,16,2,1268632
HIRAYAH,1,4,50641
UnifyVN - 304,0,5,0
Minerva-X,1,2,155273
PalaceGUARD,10,10,3947218
Future Party,10,12,5155530
I The Flying Dutchman I,5,3,3606476
SubuTai,0,2,125391
Western Paradise,0,0,600
S Z P,5,6,363771
KumaKuma,0,0,41320
CHUNFENG,0,0,1374
Jia Nan,11,22,1261673
M A R S,2,3,47638
Future Party,13,6,6929446
B o S,0,3,0
Trying to be,0,0,319505
S Z P,0,1,0
Black Sails,0,1,0
Wavei,1,1,143367
Down Under Duelists,1,1,47867
-,0,0,21510
Nemo Nemo,14,12,2285604
Noob Family,0,2,0
Chosen Few,8,5,471891
-,0,0,53753
-,0,0,22782
MABAR,1,5,8578
-,0,1,51716
MoneyMoneyComeOn,1,4,159149
COALITION,4,3,410315
BEHEAD,6,3,2977633
PSYKOPATH,2,18,263226
-,0,1,0
WhiteDragons,0,3,111530
Chikipi,1,0,745135
Hong Xing,0,0,171356
High Cards,0,1,4569
Penny Pinchers,0,0,17022
8Sp1Ders,90,91,59667599
R E V O L U T I O N,0,1,41558
The Boyz,17,10,1752519
KRAVENIX,1,1,99765
Ursular,2,1,168618
red king,0,4,4919326
All Rise,0,22,4001784
Nemo Nemo,0,2,0
Dragon Blade,1,4,104443
All Rise,51,43,14428726
Soop,2,2,28915
Solo-King,8,0,1197348
Royal Grand Order,0,0,148072
Arena Ghost,0,3,7208
JACK P0T,0,0,30502
MELEE,2,1,148894
Spero Spera,0,2,13621
Supine Club,0,2,18184
GOBLINS,0,6,1532281
One More Times,12,1,256655
Meeting Stone,4,3,109705
snow forest,2,5,5648726
CHILIZ,9,40,13117142
Sunnydolls,2,3,194049
Pristine,0,0,59829
Dragon Blade,3,13,686750
Meow Immortal,0,2,71123
Future Party,17,16,9717251
Mika,24,21,5040950
Black Ops,3,2,264921
Tree Viper,80,35,15465023
-,0,5,0
JARERNs,0,1,38673
Singosari,1,4,904534
C O V Y,0,3,0
Hong Xing,0,7,678973
Lym World,1,9,529308
GOD EATER,0,1,0
TEAM_MEMOL,0,2,583639
Noctis,0,1,19333
Guardians of Albion,0,3,0
Tiny Animal War,0,1,24705
Vendettui,3,9,727782
Meerkat Assemble,6,15,4949614
Spero Spera,2,7,1104668
Crazybabys,0,4,624697
-,0,1,0
BRDM,2,1,270682
Rescue Station,43,27,16707834
Red Circle,0,1,0
CRACKER,0,1,3483
GOBLINS,2,0,751983
Pink 7,0,1,22013
SideQuest,0,8,1735938
I The Flying Dutchman I,1,10,9049156
Spero Spera,1,1,14756
TEMPLARS_ORDER,0,0,6276
Karmic,0,3,107555
OverDaddy,0,0,96379
KUMA,1,7,526522
KongFu PanDa,0,4,418723
Horcrux,31,21,3663395
Shining Star,0,1,316796
-,1,0,76383
The swallow,0,4,657279
Kunfayakun,9,4,566475
Meeting Stone,0,1,0
snow forest,63,21,16558670
-,1,0,85278
Invade,0,2,90433
-,0,1,0
GRIEVING-SOUL,2,3,199491
PupupuLand,0,2,82457
Chosen Few,0,4,652816
TW-GIN,0,1,0
BeasTDaK,0,1,215688
-,0,1,0
Weanoobs,0,0,83238
South PH,4,3,1102130
-,0,0,44495
Kingdom,2,6,1141488
Shining Star,6,5,1190782
The Wardens,0,1,73120
All The Villains,0,1,226973
Soop,0,0,65998
Blue coral,0,14,380997
Old Singularity,1,1,386971
-,2,6,114865
Chaser of The Wind,0,1,5234
Coup de grace,0,4,141392
P U R P,2,1,402233
Gas Terus,6,7,1605325
-,0,0,7664
Pink Memory,20,15,7113400
snow forest,31,14,7570605
RunLessonSoc,0,1,5821
Midnight Rose,1,0,105279
Children Of The Dragon,1,0,179346
KaNaNuTho,0,5,12345
-,1,3,11703
Minerva-X,4,5,1352786
TAKEDA 24,0,3,0
Meerkat Assemble,84,34,21510216
ALL VICTORY,19,5,3036770
Heaven Knight,77,32,28139788
KuromiO3O,49,18,6675423
AGM,1,1,151429
DOJO,1,1,135961
9INE,22,29,10222136
Evangelion,0,1,6543
NULL,11,3,2897331
GIGAN VIII,36,11,3712482
Driffter,0,1,52492
-,0,1,0
Midnight Rose,2,4,65876
power versus spineless,0,1,4177
I The Flying Dutchman I,9,12,9618603
Take Care Your Ass,3,5,679940
Dreamweavers,7,6,200777
Tree Viper,4,1,680947
China Daoism,0,5,34258
PUMPIM,0,1,0
Topspire,1,5,1350163
Oh yes,2,5,116152
Shark Chew Toast,0,1,0
Finish,2,4,128715
P U R P,4,13,1916896
All Rise,20,37,15929465
SubuTai,2,1,1821088
KUMA,12,12,1318043
All The Villains,5,15,5774892
Stellar Alliance,6,5,1524310
PSC,2,4,926354
Stellar Alliance,0,11,566495
south-korea,0,1,0
Mammoth King,2,8,7718859
Boar Army,0,1,259355
Farm Or Die,39,19,3644648
THEMERCENARY,0,7,164540
Never Regret,11,6,543455
-,0,1,0
DONTBBbb,0,2,0
Mika,0,6,3258914
Ban,0,2,252486
MELEE,7,1,900782
Abstract elderly home,0,1,0
-,0,0,123013
Lazy Bear,0,4,50855
-,0,0,52780
Kingdom,1,4,194352
TEAM_MEMOL,9,22,2016806
Luxces,1,0,78534
Astartes,0,5,87781
-,1,0,133380
P U R G E,0,1,136246
knightchullabbey,0,1,0
HELLO KOREA,0,1,6901
Big mom,0,8,2095267
Mamboo,0,0,4808
The Myth,0,2,167253
BLACK WATER,0,2,984
B L A C K P E A R L,0,6,248087
xNEMESISx,0,2,30092
SUN RISE,0,5,0
I The Flying Dutchman I,0,14,11236092
Coup de grace,0,1,13419
HuaDaBin,1,3,1071116
Meeting Stone,6,8,2809403
Space Wolves,0,2,0
Wysteria,2,0,2435759
One More Times,3,4,338031
P U R P,34,26,5883431
ACM,29,4,6132632
1Mmortal,15,2,1933625
First meow meow,4,0,145818
Fenr,2,2,566248
Red Circle,7,16,900602
-,5,8,399429
Ascensum,2,6,233566
SHADOW__GARDEN,0,5,1437
Invade,8,2,1283228
Topspire,9,6,1786222
Dread,1,4,2125781
Griffin Empire,0,0,252964
Around Thirty,0,0,1091
-,0,3,105068
I The Flying Dutchman I,18,10,12899189
F A M I L Y,0,0,492371
Demon Fang,1,1,69084
RABBIT RAIDERS,0,0,140563
-,0,2,54454
-,0,1,85388
CHILIS,0,5,1789790
CHILIZ,3,17,3936008
-,0,1,0
Meerkat Assemble,4,9,3828192
AAAAA,1,7,255306
Earn money,3,4,1782164
-,0,1,0
-,1,1,44916
Kunlun Jade QingJing,0,3,0
The Northern Lands,0,1,118202
Mammoth King,4,1,1436679
PSC,13,32,5421430
Earn money,9,3,2763444
PLAC,5,4,2577689
Future Party,5,0,784813
AFTERMATH,1,0,52933
ALL VICTORY,4,0,1797327
1Mmortal,0,0,35407
oo0oo,0,5,388695
Shu Shan,0,2,267596
Stellar Alliance,0,2,555167
NB FOREVER,0,1,79751
Ring of Stars,0,3,33304
Forever Night,2,4,181482
Free Butterfly,0,3,394053
CHANG,0,4,59291
LYM PORTAL,0,1,22792
Finish,0,1,0
DeSaiko,1,2,63219
LOOKOUTS,1,0,16092
-,0,1,0
SDteam,15,4,889341
Future Party,0,8,1535248
SandGhost,0,1,0
MoFuMoFu HEAVEN,0,1,0
Empyreus,16,14,3582764
T1 FAKER,2,3,116185
QUARTZ,0,0,32024
Topspire,5,5,3442089
E U N O I A,0,1,58247
bosaBOSS,8,6,685342
HappyDay,0,1,0
Kendan,0,1,15718
Mahatma Suvarna,0,6,45501
Nemo Nemo,3,7,706243
monito,32,16,747623
War Bears,0,1,35708
-,0,0,6310
-,0,1,0
MO GU,9,14,4159729
Z GEN,7,3,1636393
LAST - KINGDOM,0,1,0
Point Of Death,0,1,0
GFN-GFN,0,2,66388
GuGu GaGa,4,6,2094224
Western Paradise,0,4,1253517
I Am Legend,2,4,76299
INDONESIA MERDEKA,1,5,183636
Tarumanagara,0,1,109592
Blue coral,3,4,468472
-,4,1,206780
Dragon Crazy DxD,1,3,160415
desert cat,27,19,2897397
Earn money,1,23,12023256
good bomb,28,9,11288888
Mika,5,3,1147684
Boar Army,47,32,5971175
Dragon Crazy DxD,0,1,0
UNITED THETFORD,0,3,0
Lumi,0,0,37231
I Check Mate I,6,0,318102
-,0,0,2540
AVA,1,0,512875
Driffter,0,4,167299
THEMERCENARY,0,2,48023
red king,1,1,290171
PSC,28,12,3738522
WhiteSuits,0,21,1088103
The Salty Chefs,21,30,4708084
Hong Xing,0,3,126127
AK-47,4,3,99052
Real ONE,1,1,217853
P U R P,21,12,2197226
CHILIS,0,4,137238
7SinsX,3,0,671239
The Valley of ErdTree,1,1,18405
-,0,1,0
Spero Spera,0,1,28930
F A M I L Y,2,1,1390968
Suncrest,0,3,0
QUILL,9,14,1326692
-,0,1,161783
Unholy Dragons,0,1,0
WTP,4,10,178289
THEMERCENARY,0,1,0
Coup de grace,20,13,5415932
Invade,1,2,268072
F I K A,2,5,1446441
darah naga,0,1,3554
-,0,1,0
Wicked Croc,0,1,1535
-,0,1,160440
The_APEX,0,3,104675
Dread,0,11,2496995
C O V Y,0,2,19018
-,0,0,10578
GIGAN VIII,0,10,963310
H Y P E R T E N S I O N,0,0,184518
-,0,1,0
Easy come Easy go,0,2,0
CHILIZ,1,11,5129430
CHILIS,1,20,4697893
ERASE,6,16,3911778
Laughing Coffn,14,15,2262909
Alpha Warriors,0,0,4918
Speed Check,2,4,88464
TGIF,5,4,3880824
ALBION AFTER S3X,26,4,1880811
KnightfaII,0,1,45558
Free Butterfly,1,20,1188744
Meeting Stone,2,6,563389
Albions Ark,3,0,441159
ENDANGERED,21,9,3423045
WARRIORS INITIATES,1,0,17633
BAU BAU,0,2,340652
CoCa1nE,9,11,3193662
Shu Shan,11,7,2359569
Gold Pigs,21,15,3927163
Rescue Station,5,16,8779106
GOBLINS,1,1,658800
Technique,0,3,32856
-,1,3,134911
Rainbow Sea,0,12,346572
-,1,0,246796
ACM,0,1,7716
P U R P,1,20,3016468
Crazybabys,3,9,824268
CUT OFF,4,3,852470
Civic,5,13,1420257
-,0,1,31564
Meerkat Assemble,0,1,196001
P U R P,1,8,375206
Nemo Nemo,0,2,30021
Future Party,0,0,515707
Mika,0,1,88009
-,9,2,424220
the tree of life,0,2,0
peace maker,0,8,48370
I Check Mate I,0,2,177153
DOKDO,2,8,187234
Easy come Easy go,0,1,0
China Daoism,1,2,27740
R E V E R I E,0,1,6814
Old Singularity,0,1,0
Griffin Empire,1,3,266034
TAKEDA 24,4,6,501380
-,0,1,182133
-,0,0,57478
AK-74,0,1,8371
Meerkat Assemble,0,9,1400698
M U S T A R D,0,3,170686
FonOpa,0,1,53022
Forever Night,2,2,437470
eRa Empire,2,5,286413
BLACK WATER,2,5,216415
-,0,1,0
-,1,2,40456
HelIo Kitty,0,9,2248583
HeIIo Kitty,11,27,11651323
Western Paradise,0,5,2452090
Eastern Paradise,1,2,1377526
HuaDaBin,47,23,14600908
S D G,5,2,268603
DMT D0MINATOR,0,1,0
Martlock and chill,0,1,2901
The Iron Legion,4,3,402195
WADIMOR,7,2,306709
-,0,1,138161
Crimson Phoenix,0,2,2701
Masked Bandits,50,27,11927335
MENGXIN,0,0,34146
Peng Lai Xian Jing,0,5,410079
LOVUONG,0,5,63297
HAYDAY,0,1,0
Hell Knights,0,0,514484
Hell Knights,0,2,514484
Hell Knights,0,2,514484
Hell Knights,1,0,514484
-,0,0,44495
Shining Star,8,7,3280562
Kingdom,0,5,411944
-,0,1,0
Freaky Fools,0,4,723983
Lazy Bear,0,1,216360
CRACKER,0,2,61738
Forever Night,5,1,387302
Green Knights,0,6,331977
Kunlun Jade QingJing,0,1,0
Meeting Stone,4,7,1318900
Novice Knight,0,2,0
-,0,1,0
Crazybabys,7,4,731665
-,3,2,125612
Wandering beginner,4,1,172186
M A R S,0,1,78042
Circus,0,3,159505
PalaceGUARD,0,0,2709376
Mika,0,8,3123879
Avalon Little Punch,0,2,23907
Sunset,10,10,2230384
V A G A B O N D,91,29,12322957
HARAISE,0,1,0
PalaceGUARD,1,1,4610
HeIIo Kitty,1,2,244925
Forever Night,3,6,1168365
NewNew Young,0,2,20458
Kunlun Jade QingJing,0,2,30669
Mamboo,2,8,177608
QuQnnTATnnOvO,1,4,397497
All The Villains,3,2,2021092
GOBLINS,0,11,2218318
All The Villains,1,0,1104931
Mika,5,4,682417
Forever Night,2,4,398249
S D G,1,11,534971
Reborn from Nirvana,1,1,42860
-,0,3,0
CCTV,8,18,10645482
Tiandao Pirates,0,3,35289
Mika,0,3,249311
PSC,0,0,109562
-,1,0,81405
Raining,2,10,178559
Kunfayakun,0,1,0
Forever Night,9,8,1253675
Earn money,0,3,1013137
AK-47,0,1,14753
Shu Shan,0,2,111794
F R O Z E N,0,2,0
CTRL ALT DEL,1,5,219811
Boar Army,11,3,6946641
RunLessonSoc,0,1,5821
Petanii,7,14,711314
BLOB,7,31,3523005
V1OLET,0,1,20603
Tohou Project,0,1,14156
CCTV,0,0,194238
Freaky Fools,7,9,489937
F A M I L Y,14,7,2244769
-,0,0,12272
-,0,1,24027
HaChiu,0,3,1945
Northern Holy Church,0,2,0
QuQnnTATnnOvO,6,4,1059769
WADIMOR,1,5,626273
Edelweiss,0,0,235513
R E V E R I E,1,0,59190
IMBA,7,0,178649
YangPaiXiaKiller,0,0,844871
-,0,0,144588
The swallow,6,7,2582800
Lucky Fools,0,0,67483
-,0,0,38637
-,0,1,0
-,1,2,78810
Blue Phoenix,0,3,50852
Sylvan Gaia,1,0,119904
KATANA,39,29,3488751
Free Butterfly,4,12,348403
C K S,0,0,112506
Mika,7,6,2282330
Future Party,2,9,2624862
Meow Immortal,1,7,1175496
Mammoth King,13,4,5879172
All In Fighting,9,7,2609714
Mika,23,29,9523011
Blue Phoenix,9,7,2613484
PSC,0,2,0
-,8,0,182447
SHOW GUYS,38,7,986470
GOD EATER,12,5,1972379
red king,3,3,5026486
Universe25,0,1,0
FORTUNA,0,2,0
P U R P,1,2,8450
hongkong winner,6,2,91324
HA NOI DI BAY,0,2,4653
-,2,5,58944
Western Paradise,0,0,550450
HappyDay,8,4,1270991
CCTV,42,27,22402606
-,0,1,12752
GANGGREN,0,1,34350
RABBIT RAIDERS,0,1,9521
Forever Night,11,7,1404181
-,0,1,0
CTRL ALT DEL,0,1,0
Alive Evil,1,3,314522
Bretonnia,25,5,5383724
PalaceGUARD,4,3,2655158
Peace Park,5,3,143540
Gondor,4,10,710227
World BOSS,11,6,700204
A you ok,0,1,270037
Invade,5,3,907104
P U R G E,6,2,1617288
xNEMESISx,0,1,0
The Neighborhood,0,1,0
PSC,0,1,0
MO GU,0,0,1091745
Mika,0,0,56573
Laughing Boulevard,6,4,656168
Farmers Family,1,1,31722
RYLs,8,14,466044
The Scarlet Dawn,2,6,45047
LEGION OF THE UNDERWOLD,0,1,0
-,1,2,138324
Creation Camp,3,1,67254
WhiteSuits,6,2,435901
Sentinels Arc,6,3,265966
Hero Hage,1,7,19390
-,0,1,0
QUARTZ,0,0,250012
KATANA,2,0,285452
eRa Empire,1,3,213838
First love,0,1,0
Big mom,0,3,892813
AFTERMATH,0,1,0
Beavers,2,2,509538
Shining Star,6,6,844879
CRACKER,0,1,12016
Minerva-X,1,0,326283
Lai tsai Project,5,10,1222789
AK-47,0,1,0
Soop,0,2,79534
-,0,1,0
The Neighborhood,0,1,1269789
-,0,5,9881
Grim Hollow,0,0,15135
F I G U R E,2,1,321285
The Black List,3,7,497290
SilentMemoirs,0,0,10294
WowMayKay,3,8,233475
ETIQUETTE,6,5,343519
WORLD JOKER,0,0,8511
123qaz,0,2,16519
Chikipi,3,1,424695
Midnight Rose,1,2,73823
siwa,0,1,81368
-,1,6,146261
THEMERCENARY,8,2,230211
Conscripted,13,10,6690727
Real ONE,1,8,10225447
Pierce,0,3,118855
Invade,0,2,0
strange thief,0,1,30256
You Shall N0T Pass,1,8,749909
E X l L E,1,0,614473
TRlUMPH,3,2,406209
Swim Dragon,2,6,255129
Mika,0,1,185401
Z GEN,3,5,995732
MO GU,19,5,8946472
-,0,1,0
Kingdom,2,2,422594
2077,0,3,0
PoopooDancers,0,1,0
KUMA,0,1,0
China Daoism,0,4,125074
Gungn1r,0,0,131243
Chikipi,37,4,8426818
good bomb,82,19,23262125
beggar castle,0,1,0
-,0,4,0
BLOOD OMEN,0,1,0
All Rise,0,1,10797
Conscripted,20,7,6190253
-,0,0,112521
RABBIT RAIDERS,3,3,731846
LautanApi,0,0,111622
Emergency,0,1,43621
JAPANTZ,2,0,126294
Meeting Stone,0,6,4669447
Space Wolves,1,5,55090
-,0,3,15499
CTRL ALT DEL,0,0,2513
TAKEDA 24,1,4,27419
Solo-King,0,0,792982
SideQuest,2,5,1015190
-,1,2,784375
Meerkat Assemble,0,0,63112
Meerkat Assemble,13,2,4016553
Nemo Nemo,28,13,15231059
Speed Run,6,1,976485
Baschu Lymhurst,1,2,586782
Mathias,0,2,229927
ISKRA,3,3,228206
Alone in The Mist,0,1,0
CHILIZ,21,30,18839846
HAMSHTER,0,2,51875
The_APEX,1,10,1439853
I TYRANT I,0,1,0
CCTV,0,13,3875818
P U R G E,17,1,1842579
ELHANGT,3,8,231707
An Guild,15,4,2602182
Meerkat Assemble,0,3,2280617
PSC,35,21,6260931
The Boyz,1,2,83859
Sequence,10,13,1856057
Pierce,13,20,2922271
Masked Bandits,1,3,428201
HARVESTM00N,0,1,45490
Meerkat Assemble,0,14,7847556
KUMA,0,1,39763
The swallow,5,3,1135623
Verdant Ring,0,3,113392
xiao001,0,1,0
P U R P,14,24,8178340
snow forest,1,4,2423692
I Slytherin I,0,2,15895
Shining Star,37,17,2632795
Kingdom,11,8,3610991
-,0,2,0
The Black Banner,8,13,574118
Singosari,0,0,41599
Lao Qian Xue Yuan,0,1,0
Noob Family,0,5,67576
-,2,3,60404
Alone in The Mist,7,8,322468
EAGLE HUNTER,0,1,0
RAGNAROK,1,5,163771
CCTV,2,8,2643628
D R E A D W A T C H,0,0,100987
Chikipi,2,24,13805239
1Mmortal,4,17,9762695
PedosInPrison,0,5,0
Pirate_King,0,4,86879
MoFuMoFu HEAVEN,0,1,0
1Mmortal,101,18,16631641
snow forest,2,6,618058
oo0oo,1,6,654760
Driffter,6,1,270567
-,0,2,4575
Ezekiel,0,5,12834
-,0,0,6183
Strange Journey,1,1,7142
The Neighborhood,0,4,37271
AK-47,0,1,0
PUMPIM,7,8,431756
shuangren,0,1,37934
Freaky Fools,0,2,21418
nanjingdapaidang,0,5,82497
Cempaka,18,13,2386332
MoneyHunter,0,2,9048
pig bank,1,0,113849
-,0,0,69303
Darkest Shadow,1,5,84187
-,8,0,646416
THE LEGENDARY,11,8,760373
-,0,4,3114
F I K A,22,4,2728883
-,1,1,8438
Maharlika,16,2,1116726
HIRAYAH,4,18,1232952
Singosari,0,6,10916
ENDANGERED,1,0,150936
-,20,13,1582260
Kendan,0,2,23257
An Guild,109,10,3050968
Jagdgeschwader 52,0,1,37934
-,1,2,62713
The Fide Blood,0,3,384256
Conscripted,7,4,1516764
Rescue Station,24,7,7862317
ENDANGERED,1,0,304469
I The Flying Dutchman I,2,16,6375778
-,2,5,295106
Biu BiuBiu,54,28,2591185
Buzztard,8,9,440529
nanjingdapaidang,0,3,0
80S Guild,1,1,86200
Free Butterfly,0,2,145022
Stellar Alliance,0,1,0
The Lonely Moan,11,25,1169345
ERASE,4,4,349282
Family Type,0,3,0
WINDPhoenix,1,2,299354
Seven Hill,1,0,31218
Griffin Empire,1,7,319869
cat and rat,0,3,84607
KATANA,0,6,111712
Crazybabys,0,1,37252
Arena Ghost,0,1,0
The Fide Blood,4,1,609361
LognTheGnol,2,0,79716
Laughing Boulevard,28,6,5134390
-,2,1,208214
JSCL,8,8,277020
PalaceGUARD,5,8,3081348
-,0,3,0
All Rise,3,10,3712125
Freaky Fools,34,42,6283012
UnifyVN - 304,2,2,427217
Big Boost,3,10,236181
Suger Babies,4,16,503268
-,27,3,2079056
Mount Never-Old,0,0,41956
Mamboo,0,2,47243
Masked Bandits,1,1,39334
COALITION,15,31,8512205
All The Villains,89,82,26337673
KuromiO3O,0,7,1290200
DragonForce,0,2,113041
TRlUMPH,3,1,419791
Meerkat Assemble,94,29,20160352
HuaDaBin,1,10,1088788
Chikipi,5,24,19562757
Lucky Fools,0,1,0
Forever Night,5,17,1199461
Ring of Stars,0,0,1515
PVP With Me,8,0,196088
Filibusteros,2,1,516654
Cut Throat,0,1,958764
Marina,0,2,0
AK-47,0,2,53625
Seven Hill,1,1,27911
-,0,1,0
MALIGNANT,1,2,97930
Buccaneer,0,0,14566
Wing of Liberty,1,1,163115
COALITION,2,6,968231
JugGerNaut,1,2,33876
H Y P E R T E N S I O N,0,2,196725
Pink 7,0,12,7863188
AAAAA,6,11,941932
CATHEDRAL OF RAT,1,0,54615
Grindval,0,1,11076
LEGION OF THE UNDERWOLD,0,2,0
MO GU,0,5,395992
CapybarAAAA,0,1,2790
-,0,0,204437
Enterprises,3,1,87422
Info Mancing,0,0,10503
-,0,1,0
Green Shadow,0,1,0
CoCa1nE,4,7,2088521
Helios Phoenix,15,14,7406344
AVA world,1,1,119090
Black Sails,0,0,368969
RABBIT RAIDERS,8,11,1797240
Another,35,41,12430759
snow forest,62,67,39493286
-,0,1,0
-,0,1,10052
Forever Night,3,3,508977
OneDone,12,11,2974124
Another,0,4,3087922
Kamusari,7,2,2238952
FABULOUS,8,4,979155
-,2,17,129862
-,3,0,205536
-,0,0,12498
DONTBBbb,0,1,0
KAKI TIGA,0,1,153556
Gathering FARM,0,0,43180
NB FOREVER,1,2,25760
Fake engage,0,3,15938
WuKingWanSui,3,10,353846
WuKingWanSui,3,6,702357
-,0,2,207655
Pink 7,0,1,0
Earn money,0,9,1612132
WARGA KONOHA,0,2,0
Spero Spera,0,2,238697
SOLAR BENEDICTION,1,1,71752
Meerkat Assemble,1,4,1599168
KUMA,0,1,40320
-,0,8,69814
Chikipi,0,3,2309889
CHILIZ,6,16,11146117
Ban,0,2,9684
Finish,3,4,382902
Kunlun Jade QingJing,0,1,0
WORST,4,8,656930
-,2,1,1284104
Heaven Knight,104,51,38480550
DDBS,1,4,4885135
F A M I L Y,14,14,4926917
KacimPowerXtreme,0,1,5102
MO GU,7,5,1337212
HuaDaBin,25,14,11118720
-,0,1,0
-,0,5,0
123qaz,0,2,16519
Finish,3,0,304907
Same-to-You,1,13,49284
The Question,0,1,0
Diana,0,1,0
MO GU,9,5,2066011
Black Ops,2,2,11651
Mathias,0,3,48092
-,0,1,0
Dragon Blade,0,1,43556
Shining Star,0,0,257200
Biu BiuBiu,0,1,53022
Pink 7,12,13,953384
CCTV,1,3,298389
BangCuopLuongSon,12,4,1670001
Rescue Station,6,4,1968422
-,0,1,0
yasalbo,1,2,210689
Another,20,3,4429995
DOKDO,0,1,0
-,0,0,166159
Menhera,5,1,2080032
CHILIZ,58,22,31095622
-,0,0,10609
Meeting Stone,0,2,11784
Freaky Fools,8,10,1264768
six doors,0,1,414530
-,0,1,11574
HIGH and Hungry,0,7,152962
-,0,3,18440
CAOTAIBANZI,2,1,107001
snow forest,0,5,3287377
Raining,0,3,514034
Sunset,0,8,450775
Earn money,5,6,3477445
-,4,0,378563
MELEE,0,5,2159906
ACM,1,1,998212
Soop,3,7,217503
Griffin Empire,0,1,82726
Albion newbie Guild,0,1,4137
Griffin Empire,0,0,469371
F A M I L Y,0,3,177138
AK-47,0,1,34886
MO GU,3,0,423480
THEMERCENARY,3,12,768079
-,1,3,61277
KPA,0,1,82850
VOYAGER CORPS,0,0,16102
All Rise,2,42,20689422
Minerva-X,4,10,1241817
DOJO,0,0,373686
CHILIS,0,1,393375
F A M I L Y,7,1,2020645
Griffin Empire,0,2,0
Trash Panda Syndicate,0,2,3980
Auraka,0,1,7076
MoneyHunter,0,2,1868
-,0,1,0
The_APEX,0,1,0
China,40,23,13086298
FAM SETADEK POLE,0,10,30364
BOT Kentang,1,4,198158
Helios Phoenix,7,6,1080455
THE DAILY CHILL,0,1,45830
SubuTai,60,26,19807417
FreyaJKT48,1,2,74280
SPES,0,1,18064
JiangHu,0,1,3802
-,1,6,48171
Raining,1,2,32523
Fallen Legions,0,1,32081
Wing of Liberty,1,2,532157
Once Upon a Time,15,8,4255447
All Rise,0,0,395458
liyu,7,4,382209
Meeting Stone,16,14,3620369
All Rise,4,8,4073333
PLAC,22,7,5498108
-,0,0,103333
siwa,1,3,262292
-,0,2,89008
Buccaneer,0,2,92098
Peng Lai Xian Jing,0,1,0
-,0,1,0
Dragon Blade,1,10,367679
GADERER,0,1,0
B o S,0,0,7552
Boar Army,3,3,237090
OverDaddy,0,1,144254
Ayutthaya Warhost,2,2,893886
RATS NESTT,7,13,7041998
-,0,1,11387
Honey badger,5,2,65092
All Rise,12,11,6353153
itsyoureboy_raldje,0,1,258904
spider wizar,0,1,0
spider wizar,0,3,0
S D G,1,0,29932
The Lonely Moan,0,4,201607
Invade,1,7,987092
ASHFORD,0,5,335264
Kingdom,3,4,731940
No SHOW,0,1,15329
HelIo Kitty,2,2,816745
-,3,0,498627
SAIYAN,0,4,27177
Forever Night,7,6,1100105
Ezekiel,0,1,0
SHOWTIME,1,1,22510
TRlUMPH,2,6,413269
Meerkat Assemble,3,1,704355
Dread,15,7,5578343
PLAC,11,6,5367734
MO GU,0,1,520985
I The Flying Dutchman I,32,25,16274313
South PH,1,1,207913
-,9,4,333747
Solo-King,6,3,1556095
Wavei,0,1,0
H a n a k i r i,2,2,493038
One More Times,0,1,61751
-,0,1,0
TEAM_MEMOL,2,7,1672622
KaLaewKaLad,0,2,150494
Meerkat Assemble,16,26,12369157
RABBIT RAIDERS,2,1,199459
HappyDay,3,3,74319
Solo-King,4,6,2608904
-,0,0,10571
THE LEGENDARY,1,4,50474
HELLO KOREA,1,6,95412
-,0,1,0
AAAAA,1,11,632448
Nomadz,0,1,0
Mamboo,1,4,130365
Mika,0,0,172900
Meerkat Assemble,0,28,10716121
Sun Rises,0,1,0
M A R S,1,3,369291
AK-47,6,4,175194
NIMBUS,3,5,1120506
N E R F,0,1,174659
-,1,0,35628
THE KING OF SLOW,11,8,783070
-,0,1,0
Coup de grace,1,0,2707
Reworld,0,1,19945
Griffin Empire,4,3,737758
MO GU,2,0,381934
TAKEDA 24,6,7,3838702
Fight Or Run,11,4,738788
The REVENGERS,0,0,17399
Sentinels Arc,1,1,132372
RHANK BODY,0,0,1284
six doors,22,10,4660417
GFN-GFN,1,1,85841
FreyaJKT48,7,14,853549
Blue Phoenix,0,4,72352
CNTC,0,2,11742
-,0,0,5896
Slice of Life,0,0,2338
High Cards,1,1,5136
-,0,0,9786
-,0,1,651586
MELEE,2,10,3318054
-,0,1,0
-,0,1,0
RESPECTED FAMILY,0,0,5280
9191,1,1,1048701
1Mmortal,5,0,901644
PLAC,20,16,21724240
MO GU,2,7,2896377
Jawa Tulen,0,2,20979
-,0,3,422
GOOD BOY,2,12,932912
GOOD BOY,0,1,62802
China Daoism,0,0,20744
Blue house,0,1,50219
Kingdom,0,4,613098
CNTC,1,6,142543
sexie,1,2,54894
Future Party,4,1,1304996
-,0,1,0
AAAAA,6,19,965543
CRACKER,6,3,468712
Bretonnia,0,1,159261
Bretonnia,13,9,5058359
-,0,0,62982
Free Butterfly,3,2,921902
Dragon-Mi,5,7,4234688
Earn money,0,5,3539549
I The Flying Dutchman I,36,15,24401326
Meeting Stone,0,2,23452
NB FOREVER,1,1,7305
The Wardens,0,2,6095
Mika,2,1,677875
9INE,15,20,5866368
Crusader Kings,9,6,872247
NULL,0,0,13236
FROSTBITE STRIKERS,0,1,0
Meerkat Assemble,11,16,6328695
VIET NAM ssm,0,4,32750
One More Times,0,1,4040
itinerary,0,3,55740
Topspire,1,2,37737
AAAAA,0,4,6793
THOSANLON,1,0,206954
The Boyz,3,6,589649
P U R P,14,44,8925663
Liberty World,1,2,63660
PalaceGUARD,10,3,3097554
First love,2,10,389710
F A M I L Y,29,14,7032895
PLAC,3,10,1692853
-,0,0,6372
Real ONE,10,10,4295214
After Cleric,0,1,839740
THE WARRI0RS,0,5,256121
MALIGNANT,1,3,1275508
IVSR,0,1,8443
RAPTOR TH,1,2,44920
THETFORD PH,2,4,278877
SO EZ,3,1,496690
ELECEEDD,0,1,0
Minerva-X,1,39,5637896
Team Dai-Gurren,0,1,0
Nemo Nemo,0,3,238968
S D G,15,19,619517
Ashen Reign,0,1,48930
-,2,5,371037
Unity Forge,0,1,53825
-,26,2,8671045
HappyDay,7,10,3079523
Red Circle,10,7,614707
Solo-King,2,4,2789818
Dreamweavers,1,2,19396
Rising_Pheonix,0,1,0
Space Wolves,0,1,0
From Zero,0,1,0
KnightfaII,7,17,4665835
DKPJ,12,10,905858
Snow Angels,0,4,0
Universitas Perkocokan,9,9,608896
ALBION AFTER S3X,28,8,1953334
Kunlun Jade QingJing,0,2,219221
F E N I X E,1,3,173958
KATANA,0,2,1822
Alone in The Mist,1,6,89178
BigMoneyBaddie,0,1,0
Dragon Blade,66,4,6004579
-,0,0,17058
Sapling-MIU00,0,1,0
Jagdgeschwader 52,6,16,2835248
Pink 7,0,1,0
CCTV,1,14,5303321
-,1,0,57548
Coup de grace,0,1,131027
S Z P,3,5,133211
Mathias,1,1,211790
P U R P,0,0,460010
cat and rat,0,1,97132
CCTV,10,11,11998431
GARUDA,0,1,29296
AK-47,0,1,130438
PLAY IN KINGDOOM,0,0,18914
Crazybabys,0,1,253232
-,0,2,271429
Garden babys,0,1,30250
SubuTai,0,2,2158537
Blue coral,2,0,284237
ETIQUETTE,1,0,955910
M O G A,0,0,419204
1Mmortal,0,1,706484
GOBLINS,1,9,1665070
SO EZ,0,6,994171
Solo-King,8,21,14580657
Biu BiuBiu,36,40,11223334
what dog doing,0,1,0
-,0,1,457948
Farm Or Die,29,6,3262930
Peng Lai Xian Jing,0,4,74387
PSC,23,12,3217386
HIRAYAH,9,5,389184
SO EZ,17,15,3617482
Mamboo,0,4,25481
DOKDO,0,1,166159
Another,2,10,6540924
Menhera,2,4,896333
knights of lionheart,3,4,155280
All The Villains,10,6,4478189
-,1,1,218294
HuaDaBin,0,0,2312943
I The Flying Dutchman I,6,1,1693350
TRlUMPH,13,21,1321329
The swallow,3,16,1489033
Forever Night,8,7,1804876
Boar Army,0,0,92600
Stellar Alliance,0,4,813576
-,1,3,278267
-,4,7,1701532
Soop,0,3,79019
peace maker,4,9,376451
PalaceGUARD,0,4,13451
gou8,7,5,1185028
Loot Man,1,1,1844800
Life or Death,20,3,1088638
GaoLaoZhuang,3,2,194856
PSC,1,4,104501
SPCL Brotherhood,6,8,1089438
Want To Buy,0,2,108779
THE WARRI0RS,0,7,499762
Free Butterfly,1,1,28527
-,1,5,1308301
Western Paradise,16,34,4459681
Atlanta,3,15,3474964
Global Unity,0,1,8289
V1OLET,0,1,0
-,0,2,0
The Chill Zoo,0,1,0
not cute anymore,4,9,1689187
UnifyVN - 304,0,0,735501
FLARE,3,1,219979
Meowfia,1,0,161397
Fire Boys,13,1,2573758
-,0,1,0
Future Party,2,48,17422256
Chikipi,6,3,299255
Raining,0,1,201009
UnifyVN - 304,1,11,2017223
GANH KET DONG ZAM,0,3,59962
Alone in The Mist,0,1,7962
Z GEN,8,1,1456139
MO GU,5,6,2770048
Of The Garden,1,0,12264
Solo-King,0,1,558919
Kunlun Jade QingJing,1,4,369190
Gold Pigs,0,1,76341
Helios Phoenix,0,0,45388
Kingdom,0,1,0
Walter,0,1,0
H A R I B O N,0,1,0
ACM,0,4,286801
Shining Star,66,5,2215447
Kingdom,3,3,677217
sarang curut,2,5,283092
Holy Black Knights,6,15,390319
S C A V E N G E R,0,4,26716
atssa,16,1,723887
Thing,0,3,14526
CHILIS,22,17,12612699
CHILIZ,8,0,2567068
Rescue Station,21,15,13478146
Kunfayakun,0,5,122435
UnifyVN - 304,27,11,2737760
All The Villains,35,35,10562389
Earn money,0,1,0
Driffter,0,8,133988
Rescue Station,2,2,1369981
FriendsParty,0,0,83523
Snow Moon,0,1,0
AK-47,0,1,0
-,0,1,0
B L A C K P E A R L,0,0,216038
TEAM_MEMOL,7,16,7378944
peace maker,1,5,120416
Once Upon a Time,5,1,822166
CapybarAAAA,4,0,376577
FISH GANK,0,1,0
-,0,1,0
BlackTemplars,0,2,59045
Shining Star,9,1,222311
NIGHT WALKS,0,3,51957
-,0,1,2391
-,0,1,0
Ala,1,5,237476
Apex Mors,0,2,28622
Mamboo,0,2,62007
123qaz,0,1,16519
Dream Archive,0,0,50047
Kingdom,0,3,183307
GaoLaoZhuang,3,2,1119164
Boar Army,44,28,15561002
Minerva-X,2,9,1155572
The Castle Knights,4,1,31522
-,0,1,0
Trying to be,4,4,143975
-,8,6,541082
HIGH RISK HIGH REWARDS,0,1,22101
ALL VICTORY,84,5,7407765
Bretonnia,5,2,2125143
CCTV,18,8,4566055
-,3,1,142464
-,0,0,24894
-,0,2,36534
CCTV,6,4,2392835
Earn money,10,4,7181973
Snowflakes,6,4,133136
Spero Spera,1,1,29141
TONPA GANG,0,5,47322
Shadowborn Syndicate,0,1,9476
-,0,4,46019
Jia Nan,1,3,45975
Forever Night,3,3,209155
Same-to-You,0,1,0
All Rise,36,41,12961074
PSC,1,6,1000031
GOBLINS,0,5,1469212
TGIF,19,17,9609188
Technique,0,0,80
Speed Check,3,5,585229
Finish,2,3,156591
JOLLY,1,0,62940
Mika,1,3,1670144
Future Party,5,17,4748772
FLORISEN,3,2,409522
-,1,1,45995
RABBIT RAIDERS,1,3,69518
Western Paradise,6,2,1198612
Why So Sage,0,1,0
Tree Viper,28,15,7331182
-,3,3,496675
I The Flying Dutchman I,0,1,0
good bomb,2,2,6217211
Children Of The Dragon,2,6,1338551
Kingdom,8,5,2229697
-,0,1,20430
I Check Mate I,0,2,149589
TEAM_MEMOL,3,2,1252818
-,1,3,195813
ENGAGE ON ME,0,2,53143
madrat,0,2,460532
I Check Mate I,4,8,3337349
SubuTai,2,1,282777
CCTV,0,2,1096561
123qaz,4,0,29203
CHILIZ,29,15,17021225
Shut It,1,2,26103
The swallow,1,4,363596
OneDone,3,7,2931690
CapybarAAAA,4,8,1603378
-,0,1,18760
1Mmortal,0,13,11585346
cashmaniac,0,2,15274
A Brave Man,0,0,851523
White_House,1,8,5724
Borrow,0,1,38108
Freaky Fools,1,2,66177
-,0,1,4605
Frostborn Exiles,1,1,22450
Snow Angels,0,7,0
Black M0nkey,0,1,21392
HuaDaBin,3,1,957017
ERASE,32,21,9169422
M A R S,5,7,433141
Ascensum,6,2,162453
Crazybabys,2,0,115917
-,0,2,0
Realest,1,1,102272
Hong Xing,10,5,561033
booz party,9,6,363868
Sapling-MIU00,0,2,34869
RAKUTAI,0,1,32712
Black Sails,1,0,460590
KuromiO3O,51,22,11508848
Dou bao,24,3,4800776
new boombap,1,0,117347
-,0,0,64725
Pussi Gang 69,0,1,6283
All Rise,20,3,2019337
GOBLINS,14,3,1766692
good bomb,8,4,2953532
Jagdgeschwader 52,0,6,233784
2077,5,8,315940
We Thought This Was PvE,0,0,41774
Gathering FARM,0,1,0
Another,58,17,12893529
NB FOREVER,0,4,345068
HappyDay,3,6,1207283
DragonWorld,0,0,52740
AAAAA,12,25,1366671
P U F F,0,1,0
-,1,0,7008
F A M I L Y,6,16,5814548
TEAM_MEMOL,1,0,4824
Wuwrwuwr,0,1,0
Lym World,0,3,301492
KUMA,2,5,180684
MoFuMoFu HEAVEN,4,4,526647
The Holy Inquisition,0,2,0
ETIQUETTE,0,1,0
Mam-moth,9,8,1278641
sonagi,0,0,45674
Spero Spera,0,5,278383
MoneyMoneyComeOn,0,2,11969
Meerkat Assemble,2,5,1634595
CCTV,14,22,12901679
V1OLET,5,6,1638974
Spero Spera,0,3,241578
N Y X,0,2,0
SO EZ,0,0,31173
Alone in The Mist,0,1,0
UnifyVN - 304,9,8,3709159
-,2,4,218075
NoobGaming_YT,0,2,2082
N O I R,0,7,188767
Bo tuoi,3,0,107309
AAAAA,4,5,147516
Garden babys,0,1,0
KuromiO3O,0,7,1989777
Western Paradise,1,3,697096
FxxK,3,1,273527
The Castle Knights,0,1,0
CCTV,21,8,3118861
MCS-P,17,8,2996541
KUMA,0,2,333394
Atlanta,0,6,608406
VIET NAM ssm,0,5,30071
Children Of The Dragon,1,1,1057074
Fire Tornado,0,2,0
Elder Crossing,0,1,0
Mystical Knights,1,1,93457
HuaDaBin,11,8,3065491
B L A C K P E A R L,5,3,357358
Conscripted,5,2,2367815
SubuTai,13,7,4184816
Noob Family,0,1,6884
FROSTBITE STRIKERS,0,5,50386
Abyss Legion,4,1,137032
Red Circle,38,21,1323908
-,1,2,105101
Western Paradise,15,18,5038118
The Scarlet Dawn,0,0,22804
FATE-Excalibur,0,1,0
Old Singularity,0,0,42860
-,1,1,37718
-,0,0,39850
cisss4,1,2,176327
Rainbow Sea,0,1,0
KongFu PanDa,0,11,1680131
FISH GANK,0,2,0
PalaceGUARD,0,5,5080584
E N D,17,5,886284
V1OLET,0,1,321244
ULTRAMAN ALBION,0,2,5437
PoopooDancers,1,0,158775
F R O Z E N,0,2,19536
Crazybabys,0,0,11108
CRACKER,1,0,867
CHILIZ,55,23,15473334
One More Times,5,11,1507109
Forever Night,19,15,2495465
Crusader Kings,1,0,108691
V1OLET,4,4,1911530
-,0,1,0
Fenr,5,3,2158446
ALL VICTORY,3,6,664100
PLAC,0,6,4333926
KuromiO3O,34,14,8663427
Western Paradise,9,13,5238218
Stellar Alliance,0,2,197068
Kunfayakun,0,0,281584
Singosari,2,2,669015
-,4,9,201723
CCTV,4,5,286018
MO GU,3,9,1513913
Griffin Empire,0,1,1089904
Boar Army,9,4,2043220
Merchant Militia,0,1,0
A you ok,1,2,290131
-,0,1,64701
Gondor,18,9,974823
World BOSS,9,4,962484
-,0,1,3554
VietNam TheFord,0,3,0
Dotorii,5,3,252460
Meerkat Assemble,41,35,14034298
D J B G H,0,2,162923
China,0,3,482568
SO EZ,20,12,2708255
SKY WISH,0,1,75242
REDEMPTION CODE,2,1,150775
-,0,1,0
From Zero,0,4,16495
Judy no go Cindy no come,0,1,0
Pierce,0,2,704670
Journey Uncharted,5,2,248391
Wing of Liberty,0,6,651870
DRY,0,1,0
Kingdom,0,4,430378
Helios Phoenix,12,16,3800597
-,0,4,0
Chikipi,5,0,2980537
good bomb,4,2,2467563
All Rise,0,9,803343
ACM,12,30,12079363
My Lethal Pony,1,1,66873
Crazybabys,1,1,587445
Wihat do you want to Be,1,0,32168
QuQnnTATnnOvO,19,4,1196815
Nemo Nemo,1,2,200491
TEAM_MEMOL,0,0,249789
Before Cleric,6,2,1843297
Finish,5,1,565126
ALL VICTORY,9,17,1571895
Sigma Man,3,5,165849
snow forest,1,2,1417451
Minerva-X,18,10,1073335
Boar Army,19,19,4552873
-,6,1,1268154
-,2,6,225543
Harmonia Eternity,0,1,10405
-,0,2,15535
BLOOD OMEN,0,1,0
-,1,2,169858
Lazy Bear,0,1,0
Real Man,10,13,5102665
C O V Y,0,1,43704
Stellar Alliance,8,24,2804902
-,4,3,90941
Stellar Alliance,1,2,72424
Dragon Blade,1,1,142308
S Z P,0,2,0
F A M I L Y,85,17,18013808
-,0,0,6380
Nemo Nemo,58,37,15555803
CapybarAAAA,61,20,3814308
HidE0ut,0,3,0
GOLD HORSE,0,1,3873
-,0,1,0
VINA HOUSE,1,5,565463
C O V Y,0,1,10529
P U R P,31,24,9626359
Fake engage,0,2,0
Battleborn,1,2,66181
pig bank,0,17,574796
Chikipi,13,7,3786385
Gungn1r,1,1,277453
Forever Night,0,2,0
-,0,2,11654
Reworld,0,10,2082515
707,1,0,48240
Olorun,11,1,3855421
Chikipi,1,2,484758
PLAC,8,45,10617084
Bretonnia,5,3,995130
Mika,3,4,630292
Pink 7,14,22,903478
Western Paradise,34,18,9576755
Chikipi,19,35,15734570
Crazybabys,0,0,712080
hua,0,1,12294
-,1,2,253096
KaiHuang Alliance,6,1,2295830
cat and rat,0,3,105791
-,0,1,1583
Save Me,2,0,51040
Future Party,70,42,27113796
Your Father,7,2,353026
All The Villains,0,2,2014272
Free Butterfly,0,7,470662
Forever Night,0,2,0
PLAC,1,3,574095
Tree Viper,1,1,132428
CHILIS,4,3,2071495
BeasTDaK,41,23,11256893
R O O K I E S,0,1,0
Crazybabys,0,5,97386
CHILIS,19,5,4767374
Freaky Fools,20,27,5141717
not cute anymore,0,2,110679
HuaDaBin,0,0,828888
Nemo Nemo,0,3,669953
NO-RE,74,12,14577332
conquer,4,8,813877
Seven Hill,1,1,27911
strange thief,0,1,16328
BeasTDaK,2,5,952890
-,0,1,0
Switching To Heals,1,1,11520
Singosari,3,6,547018
Sunset,2,27,8341913
Minerva-X,6,16,6642616
KPA,0,2,91450
Singosari,0,5,240748
Pierce,0,1,13149
-,0,1,0
Earn money,0,1,283192
JRB,0,1,0
Once Upon a Time,3,11,5472769
PoopooDancers,0,1,0
-,1,0,375758
GOD EATER,0,4,1889912
-,1,0,123437
SHOW GUYS,4,5,513045
Boar Army,2,4,111993
MO GU,7,13,6228248
CCTV,3,4,584882
Boar Army,0,2,0
CHILIZ,60,34,26642884
Garden babys,0,5,448653
good bomb,3,0,635591
Boar Army,0,0,106129
Mickey mice,2,1,4431751
All Rise,19,14,8514435
Farm Or Die,2,2,216731
HelIo Kitty,2,5,2175928
HeIIo Kitty,43,20,18529785
9INE,10,0,1897836
-,1,0,36806
BLACK BANDIT,2,2,407478
SPIDER GanG 4 gay,0,2,0
KUMA,25,5,2225024
busibuxiu,3,6,803784
-,0,1,0
DlSBAND,0,0,4550
Fake engage,0,1,0
VIET NAM ssm,0,7,16790
-,0,1,0
MO GU,0,14,3560273
Z GEN,7,13,2019196
Karmic,0,0,24648
MINlONS,2,2,314344
COALITION,1,2,94233
-,4,2,362649
conquer,1,0,393220
Noctis,0,3,131667
Masked Bandits,2,4,1275160
Reworld,12,29,12241769
-,0,2,2736
I TYRANT I,0,0,4213
Peng Lai Xian Jing,12,20,1384437
Nemo Nemo,0,1,0
Peng Lai Xian Jing,0,1,0
AFTERMATH,0,1,0
10 My friend are coming Run,0,1,0
-,0,2,0
Shining Star,7,6,560738
-,1,1,11018
Helmet Bahini,0,0,3955
Shining Star,3,6,943536
Kingdom,0,6,1457205
Blue Phoenix,2,4,67775
PLAC,5,31,11217108
-,1,0,16657
Griffin Empire,1,17,662434
P U R G E,0,1,786300
Farm Or Die,10,14,1640618
-,1,0,81527
NB FOREVER,33,13,2443747
The Neighborhood,3,4,94650
Borrow,0,3,0
0ne_Love,1,1,0
Invade,20,28,6425286
Warhammer Defense Core,0,2,0
BBCocq,1,3,63511
Cosmic conqueror,0,1,0
Kendan,1,1,7591
C R O W N,0,0,28137
THEMERCENARY,1,5,212623
CHANG,0,1,0
-,0,0,2110
DURJANA,0,4,0
Minerva-X,1,3,209087
Spero Spera,0,1,0
RauMa36,0,1,0
MooMoo,36,27,10812024
PLAC,2,6,2031454
Old Man,24,16,3947914
Future Party,48,34,25669220
Pink 7,0,3,108013
ALA ALBA,0,1,2143
Sapling-MIU00,3,4,444288
Heaven Knight,17,16,8653847
cctick,4,6,3489415
ACM,0,3,181691
Meeting Stone,10,17,5031440
HuaDaBin,5,15,3648949
Mika,0,0,333631
Boar Army,3,1,1045958
Old Man,5,8,452212
six doors,5,10,3549857
Garden babys,0,4,506053
CCTV,18,33,18659278
Stellar Alliance,1,1,461257
Mika,3,1,598562
Dragon-Mi,33,5,9830450
WhiteDragons,0,1,12245
LUVIMIN,0,1,0
BLOB,24,15,1025084
Chosen Few,0,1,11963
Eternal Catastrophe,0,0,14423
Another,29,9,6696459
Menhera,14,5,4347717
Vanguard Syndicate,0,0,55784
Jagdgeschwader 52,0,1,0
NAGA PEOPLES FRONT,3,1,39926
BLOB,0,0,595996
Speed Run,0,3,551081
Demitasse,0,1,0
DOKDO,0,1,0
SHOWTIME,14,18,3043030
TESTUDO,3,4,630742
Harmonia Eternity,4,5,241796
Noob Family,3,3,187076
-,9,5,588528
PSI Partai Solidaritas Indo,0,1,0
-,0,0,3513
TAKEDA 24,0,1,67666
CRAFTSMAIDEN,1,0,28076
COALITION,4,9,2314587
asile,2,3,415528
N E O - H E R O,0,1,143264
great hammer gang,2,1,258487
The Lonely Moan,0,1,0
Idochine,2,3,157082
-,0,0,1813
Noctis,1,9,201685
1Mmortal,3,5,9750782
Mental Abuse To Human,0,5,58938
hand of god,2,2,434931
-,2,3,139955
Lucis Trust,0,1,0
B o S,1,0,47950
NO-RE,29,57,22472931
-,0,0,251130
self indulgent,3,0,320122
AAAAA,6,4,366110
Shu Shan,0,1,615451
From Zero,8,5,388824
CTRL ALT DEL,0,1,0
THE RELATION,5,5,481867
Sunset,4,13,8046568
MORO,0,2,238142
RYLs,0,6,282264
Pussi Gang 69,2,12,2184374
AVA,0,1,0
Jia Nan,0,2,36389
Kunfayakun,2,7,308014
Red Circle,10,20,1781371
ALBION AFTER S3X,0,2,0
ETIQUETTE,0,1,0
Mika,0,5,1403377
Future Party,1,17,6659441
SO EZ,0,0,24786
DeSaiko,1,5,76654
C O O L D O W N,1,4,138849
Kids On The Move,0,1,57476
-,0,2,13619
NEVERLUS,0,3,40399
-,2,4,30681
Shu Shan,31,13,3032214
PVP With Me,1,0,286513
CHUNFENG,0,3,1374
AAAAA,11,32,1433439
-,0,2,0
I The Flying Dutchman I,4,7,22538336
Tiandao Pirates,10,15,2193199
Crazybabys,1,3,1070525
Drum Teacher,0,1,0
C O V Y,3,3,168228
-,2,0,22997
The Fide Blood,1,3,788515
All Rise,3,6,1528405
-,0,1,0
-,0,1,0
CapybarAAAA,5,9,1463093
HOT,0,2,0
Pierce,0,4,809153
not cute anymore,0,2,246379
LuoKe WangGUO,1,0,13389
UnifyVN - 304,0,2,0
One More Times,3,6,139690
CHILIZ,12,2,4352724
F A M I L Y,4,2,837205
CHILIS,13,8,5482158
F I G U R E,21,25,10154582
-,0,1,0
Nguu Dai Son,0,3,14271
-,0,2,0
Helios Phoenix,3,2,237924
-,2,3,263213
Snow Angels,1,11,72352
HaChiu,0,0,18977
AVA,0,0,16065
All Rise,29,30,9790501
A you ok,0,0,256707
Jagdgeschwader 52,1,1,149502
Nemo Nemo,1,11,4479526
GuGu GaGa,12,24,14135677
I The Flying Dutchman I,13,22,13912859
Soop,0,0,3642
I The Flying Dutchman I,1,3,2463912
Chikipi,3,5,3993050
2077,2,7,197708
Pencilgon,0,2,0
Dark Soul,0,1,8303
Solo-King,71,32,17566792
PSC,1,7,1263697
PLAC,0,3,461638
Meeting Stone,0,1,19348
Stars Legends,0,0,4653
Meeting Stone,2,3,165706
S Z P,2,6,644654
ULTRAMAN ALBION,0,4,64902
Harmonia Eternity,0,1,0
-,0,0,5671
snow forest,38,38,6092716
United Royal Knight,2,7,225324
Night sky,1,3,165628
Snow Angels,17,8,1256398
Meow Immortal,2,3,331532
Future Party,48,14,12822902
Mika,23,12,3950640
Kunlun Jade QingJing,0,1,10880
Lai tsai Project,0,1,0
ALIVE,4,3,57769
China,23,38,10604419
Karmic,2,0,149624
VICTORY SAMUDERA,1,2,298502
NULL,6,9,3165432
Meerkat Assemble,24,39,26967634
Freaky Fools,1,1,22264
AGM,1,0,91807
Coup de grace,3,12,1127210
PSC,3,2,2559996
SubuTai,4,4,4294466
Boar Army,0,1,628480
Freaky Fools,5,8,2706692
VIET NAM ssm,0,1,0
-,0,1,0
RIP N DIP,0,1,77140
monito,14,27,1090682
DDBS,5,10,5370725
HSIA,0,1,0
atssa,3,6,229580
KPA,2,4,215036
M O G A,13,20,3331786
snow forest,8,4,2906380
FxxK,0,2,278422
MoneyHunter,1,12,497577
-,2,0,394159
B o S,6,6,207690
Titan Blaze,1,3,57789
Wing of Liberty,0,1,0
-,0,1,0
SO EZ,8,20,3148003
New_World_Order,0,7,27666
CCTV,19,12,3259260
BLACK WATER,2,1,95919
RESPECTED FAMILY,0,2,0
Alone in The Mist,2,7,460949
-,0,1,0
-,0,1,0
LUVIMIN,0,1,0
MakeGuild,0,1,4368
-,0,0,10690
CHILIZ,218,40,24997801
efezfez,0,1,0
-,0,1,0
deicider,0,1,23240
Blue Phoenix,6,8,2714553
Reworld,43,17,9130907
I FORSAKEN I,0,2,0
Meow Immortal,0,11,750945
CTRL ALT DEL,16,10,1317450
-,0,0,9013
ENDANGERED,17,15,5604594
Griffin Empire,3,2,1069902
Chikipi,1,16,4280307
CHILIS,0,5,12386100
CHILIZ,0,5,3235404
Chosen Few,6,4,521427
The Drop Bears,43,16,3196798
-,0,1,2392
Mammoth King,7,3,2640578
Mika,1,3,450052
HuaDaBin,8,6,390722
VIET NAM ssm,0,1,0
S Y N D I C A T E S,14,19,912061
Shu Shan,7,7,1756049
-,2,1,121721
F I K A,4,4,341495
ArgoVesta,0,1,23848
-,0,2,0
KuromiO3O,16,10,6119895
BLACKMEONG,0,2,18431
Kingdom,0,1,199340
The Eye,1,3,44373
-,1,11,200823
good bomb,1,7,10856232
PalaceGUARD,1,2,2672673
Atlanta,2,8,193596
Noctis,0,4,149730
-,0,2,6596
T O K Y O,0,0,20330
KongFu PanDa,28,23,9798462
1Mmortal,1,0,594108
GOD EATER,16,11,5715269
Skyrim Equilibrium,1,5,179046
Strange Journey,0,1,29497
-,0,2,50324
The_APEX,1,2,210786
Big mom,18,30,15724672
Kingdom,1,1,114939
CRACKER,5,9,356415
Green Knights,5,1,272709
why you bully me,146,36,8942775
Invade,4,11,2459727
KrrngKhuong,0,1,0
-,0,1,16407
MINlONS,17,30,13999546
Filibusteros,0,2,0
BangCuopLuongSon,0,2,182179
Frostbite Reapers,0,2,1317
After Cleric,0,4,645517
B L A C K P E A R L,14,4,1273634
Void Walkers,0,1,0
-,0,4,11267
HuaDaBin,0,22,6686820
ACM,5,2,282853
1Mmortal,0,1,243264
Meerkat Assemble,0,0,1300909
-,0,1,0
NO-RE,1,16,1923727
PSC,0,0,154987
Red Bulls Gold Age,0,1,0
I The Flying Dutchman I,13,11,15390687
-,3,8,261851
MABAR,2,4,213978
not cute anymore,1,0,104719
Technique,1,3,678650
-,0,1,0
-,0,0,4872
ACM,1,5,623228
All Rise,12,36,16817037
Reworld,3,3,268200
Lymhurst Ranger,0,1,0
Meerkat Assemble,1,0,1041090
TEAM_MEMOL,0,4,221218
PalaceGUARD,5,3,2494895
Sapling-MIU00,0,1,137596
pvp only,0,1,0
-,0,2,5526
Holy Black Knights,1,0,95794
-,0,2,68108
-,0,1,0
-,0,1,0
PL4B,17,4,1068611
I The Flying Dutchman I,0,2,1736437
DELTA SYNDICATE,0,1,0
Buccaneer,1,0,234712
GIGAN VIII,12,6,2050483
-,0,1,0
Red Circle,0,5,198437
I FORSAKEN I,0,1,0
Future Party,0,1,189425
Baby_Paradise,3,2,159265
Peng Lai Xian Jing,2,5,312343
Dark Ravens,0,2,18292
Creation Camp,1,0,19532
H Y P E R T E N S I O N,0,2,183942
Wysteria,10,6,2328577
DARK SUNN,0,1,148085
Meowfia,1,0,287520
PVP With Me,5,2,1252934
The Northern Constellations,2,6,779413
-,0,0,1130
Meow x Meow,1,6,365926
The swallow,8,14,1770144
So1,0,1,0
BeasTDaK,0,1,38679
Black Sails,10,3,1484917
SHOWTIME,27,19,4239211
TAKEDA 24,2,4,133566
fiji souetu,0,1,0
PSC,1,11,403616
CABOEL TOP TIER,1,0,36714
F A M I L Y,2,7,391507
PSC,8,15,925798
CCTV,1,0,2146323
Pink Memory,2,9,2034938
I The Flying Dutchman I,10,7,4761495
RIP N DIP,5,3,77140
HuaDaBin,0,9,1585231
Gondor,2,2,187236
H N D,0,2,3314
-,1,0,98243
One Bite,0,1,0
-,0,1,0
All Rise,1,0,1961926
-,0,1,76254
Dragon Blade,1,4,96108
PLAC,4,10,2496242
Forever Night,2,2,834844
Meowfia,3,8,1636367
Future Party,12,15,14625192
Gungn1r,6,10,398451
Pink 7,0,7,286734
CREED INTERNATIONAL,63,43,10749119
Griffin Empire,1,14,26996
Lao Qian Xue Yuan,0,1,23875
Murim Alliance,0,1,0
-,0,1,6237
I The Flying Dutchman I,1,6,5126405
VELARIS,1,1,13691
QuQnnTATnnOvO,0,4,7515
DNS,0,4,0
CapybarAAAA,5,9,1396427
xCUTIESx,1,11,903234
-,1,1,84139
Real Man,24,17,5735434
Solo-King,1,23,8345493
Earn money,5,7,6777024
Free Butterfly,0,0,3189
PalaceGUARD,12,10,7082215
-,4,4,120517
KnightfaII,7,2,517504
123qaz,11,1,571990
Wavei,6,4,193298
CTRL ALT DEL,2,2,120219
A Brave Man,111,24,16922501
snow forest,3,0,414619
All The Villains,43,18,2530843
The swallow,0,3,0
-,0,1,0
-,0,2,49172
Reworld,11,5,2243560
Blue house,2,1,177035
B o S,0,1,1524
-,0,1,0
PLAC,10,16,8434631
MooMoo,16,19,14599534
FxxK,0,3,640851
snow forest,0,9,1952594
An Guild,8,13,3299158
Guardian of Faith,3,2,200246
niubidian,4,1,650380
Chaser of The Wind,0,1,0
Gold Pigs,1,1,228338
Crazybabys,9,5,213228
good bomb,0,2,762946
Understand,3,7,1281682
F R O Z E N,0,0,19536
snow forest,3,2,2422590
F I G U R E,16,25,5910051
Old Singularity,10,0,958814
Boar Army,9,0,775511
Mika,22,18,5368483
Gold Pigs,2,2,402196
Pink 7,6,2,306096
Ocean Waves,0,1,0
SO EZ,5,5,903993
Ayaka,44,15,5116350
S Z P,1,12,392277
xCUTIESx,0,1,32550
GIGAN VIII,1,4,490562
Singosari,2,1,107861
DlSBAND,4,4,1256699
Forever Night,12,22,3727326
SubuTai,0,0,433465
PalaceGUARD,0,1,0
Solo-King,0,4,0
QuantNotFound,0,1,0
AFTERMATH,1,0,2640
-,1,0,30357
hunter noob,2,5,332316
Kingdom,31,7,2040657
Shining Star,71,14,3651733
-,0,1,0
-,0,1,0
cat and rat,0,3,0
Old Man,4,5,2086975
FriendsParty,0,0,26451
-,0,3,31019
Louis Bean,0,1,4601
-,0,0,4928
KnightfaII,0,2,0
D R E A D W A T C H,0,1,10778
Emergency,1,5,140708
Shark Chew Toast,0,1,0
Western Paradise,0,9,1481805
Dragon Blade,4,6,2111940
WARDEN-SLAYER,0,2,5731
-,0,4,11858
Albion Newbie Shelter,0,2,24955
B1G MAPLE,1,1,108350
All In Fighting,0,1,2247688
Mika,2,4,1573079
Conscripted,0,1,593185
Kamusari,1,4,1876912
Menhera,0,1,0
Anteikuu,0,1,4295
-,0,1,32446
AISVARYA,2,2,98776
Mythical Knight,0,1,5350
D E L E T E,0,1,63859
Nusa Indo,0,1,0
the Warrior,0,1,0
PASTELL,0,0,22841
CrossBlade,0,1,0
Shine On Me,0,1,0
Creation Camp,0,5,106153
-,0,0,3673
PSC,1,2,62127
The Savior,1,1,26844
Pink Memory,89,16,20118673
snow forest,83,11,16178772
Rescue Station,0,0,63630
Azurel,6,5,1478388
YangPaiXiaKiller,0,0,57266
BangCuopLuongSon,0,1,3855
D Go Liang,1,0,4343
Guardians of Albion,0,3,0
SideQuest,35,14,9501628
Noctis,24,8,8492397
-,1,1,591289
Narco Saints,4,5,316148
Nemo Nemo,6,3,2311232
Wavei,0,0,2639
Gold Pigs,0,0,12294
Ordo Musaceae,0,1,0
Hymn of Valor,0,2,55936
Critical Impact,6,13,558060
-,0,0,3958
Shadowborn Syndicate,0,1,0
-,0,1,0
Kunfayakun,0,1,0
Mental Abuse To Human,0,2,7785
Midnight Rose,2,4,17879
-,0,1,56875
Red Circle,14,21,2411488
Abyss Legion,5,4,280838
C O V Y,1,4,166144
B L A C K P E A R L,0,1,57084
Kunlun Jade QingJing,2,6,499430
-,0,0,173123
Minerva-X,0,1,209087
Kamusari,0,2,757800
Another,6,9,2564776
SubuTai,1,2,1243894
PH CREED,0,1,8559
Meow Immortal,0,4,15097
Mythical Knight,1,8,35220
-,2,1,76769
ACM,0,2,115519
HuaDaBin,2,10,5457713
DEMONIC EMPIRE,0,3,95289
SubuTai,2,4,359992
Peng Lai Xian Jing,0,8,153669
-,0,1,0
QuQnnTATnnOvO,1,2,16968
Boar Army,1,0,140867
Mika,16,9,6552555
Dragon-Mi,31,9,8641579
Mammoth King,28,6,5035042
Griffin Empire,1,2,396528
conquer,3,6,2672101
-,0,0,21352
Pussi Gang 69,0,2,24573
AK-47,0,0,7203
-,0,1,0
Jia Nan,8,22,1347029
Swim Dragon,2,1,24592
Griffin Empire,0,1,0
HELLO KOREA,1,0,151227
-,3,0,51655
KuromiO3O,8,7,1187516
-,0,2,3635
THE-PURGE,0,1,0
Gilded Rosette,0,1,0
UnifyVN - 304,8,1,590479
MoneyHunter,0,1,0
Nugget,1,1,114372
Real ONE,24,9,9080977
After Cleric,1,2,1931171
NULL,1,2,506967
All Rise,9,14,10560802
PLAC,0,2,854918
busibuxiu,1,1,156222
snow forest,16,8,1583973
oo0oo,6,5,2844024
1Mmortal,107,16,17741660
Peng Lai Xian Jing,2,7,1288982
-,3,3,298750
NB FOREVER,4,4,254852
NB FOREVER,3,4,328649
Bretonnia,17,19,9210213
Titan Blaze,1,13,68954
Singosari,0,1,0
Kamusari,0,3,2637141
Gold Pigs,14,5,222699
Austere,3,9,429254
F A M I L Y,0,1,161299
R E V O L U T I O N,0,1,6450
Another,5,23,7589998
Kamusari,0,1,757800
SubuTai,2,2,2277283
PLAC,76,12,14619770
MooMoo,43,16,13887898
TRlUMPH,0,1,328198
Singosari,0,7,621956
WhiteSuits,4,15,814695
Nemo Nemo,42,28,23082361
Meow Immortal,3,28,5231263
TEN4CITY,7,15,3498044
pig bank,0,10,219733
HanRyang,0,1,0
Minerva-X,0,4,371005
-,1,18,276649
I The Flying Dutchman I,0,2,1009875
Sapling-MIU00,8,5,589424
CoCa1nE,0,0,327690
Beavers,0,5,2303599
-,0,2,0
-,0,1,9287
The swallow,3,2,882308
Dragonov,0,3,17010
The Rumble,0,0,113934
Free Butterfly,10,8,1198282
THEMERCENARY,0,5,124072
-,0,2,10568
KANTO,23,20,2413849
Green Knights,1,1,27367
Solo-King,0,0,102847
Life or Death,0,1,112506
Garden babys,14,6,1892437
1Mmortal,26,4,6240955
Solo-King,2,6,2192367
M O G A,34,28,5120795
KuromiO3O,1,3,328162
Mamboo,0,6,151839
All Rise,2,75,16453023
Pink 7,1,5,351763
F R O Z E N,0,0,259185
Wing of Liberty,0,1,0
Kunfayakun,0,4,284599
Singosari,1,13,941743
Boar Army,2,2,1095491
-,1,0,755614
Mika,5,18,7527223
GOBLINS,3,16,5380524
Mammoth King,10,5,4659005
PLAC,21,49,27639213
conquer,0,1,0
Chikipi,21,20,12234513
GTO Nazarick,0,2,34640
KALONG,0,0,2391
Dread,3,2,1805001
F A M I L Y,0,1,0
PSC,0,2,503450
KajiRingo,1,10,89872
-,0,1,0
Noctis,1,0,106867
BADLAND,0,1,0
red king,6,5,2852705
Aetherion Order,0,7,147267
THE TROUBLE MAKER,0,0,30296
-,0,1,15015
Albion E3,0,1,0
Freaky Fools,2,4,288329
xCUTIESx,10,43,9425702
PoopooDancers,0,2,148052
B L A C K P E A R L,0,2,80293
KongFu PanDa,94,38,13935784
Zizonpa,1,3,613083
snow forest,12,5,7695995
S Y N D I C A T E S,8,21,2241319
MELEE,3,10,3058860
Earn money,25,21,10643380
H a n a k i r i,2,4,275118
All The Villains,3,6,1097505
A Brave Man,61,39,12444771
HOLIC,7,16,395391
66_66,3,4,175788
-,0,1,0
MAX VERSTAPPEN,0,1,570956
All Rise,2,12,3215032
Grindval,1,3,64422
RABBIT RAIDERS,1,7,1607207
TGIF,0,2,1375572
All Rise,33,41,16544340
I Check Mate I,2,0,48671
RATATOUIIE,1,2,70019
Kamusari,0,1,757800
SubuTai,44,13,20003356
Gangers FUNNAMNOM,9,1,4794698
2v2v2v22vv22v2v2,0,2,32203
PalaceGUARD,14,20,4628083
-,0,1,0
Aetherion Order,1,1,13312
LOOKOUTS,2,1,82606
CHILIS,0,5,1520195
CHILIZ,0,0,262476
BeasTDaK,32,28,6780952
RENEWAL,0,1,776
Judy no go Cindy no come,52,23,11426137
GARUDA,0,4,131738
HAPPY PENGUIN,0,2,0
-,0,4,0
Nugget,0,1,0
MoFuMoFu HEAVEN,0,6,203749
Kunfayakun,0,1,0
saiphon,0,1,37374
-,0,2,0
VINA HOUSE,0,1,0
-,0,1,0
TUNNIYOM,0,5,486683
Ei Yaung Warr,3,5,221866
I Check Mate I,2,3,1638052
9 blessed boyz,9,11,5269731
I The Flying Dutchman I,4,6,3305400
Stellar Alliance,24,16,5769613
snow forest,8,6,6940301
-,0,0,2062
-,5,1,225391
-,0,3,16734
Garden babys,1,1,85356
World BOSS,8,5,734780
Gondor,7,0,649920
Freaky Fools,5,9,3534645
The Boyz,4,0,209236
Jia Nan,14,19,1054897
ETIQUETTE,2,5,189843
Mammoth King,0,1,1330385
Mika,4,26,6535096
indogamer,0,0,2333
HidE0ut,1,4,140014
Arufa,0,0,18285
Anar chy,1,3,194130
Karma Committee,0,0,15576
GriimReaper,0,2,1950
QuQnnTATnnOvO,47,39,8460822
Crimson Shadows,0,1,0
Tree Viper,0,3,139374
Griffin Empire,1,7,2127606
Screamy,1,4,94114
-,0,0,39671
AK-74,0,1,0
HeIIo Kitty,1,9,11421548
HelIo Kitty,3,7,6493421
Hong Xing,0,2,11101
yasai seikatu,1,6,163870
Chikipi,14,6,6191412
good bomb,12,15,16894212
Blue coral,17,6,1831799
Hong Xing,0,1,0
-,1,1,7548
Noob Family,0,2,192376
MINlONS,14,11,4120847
P U R P,1,3,641406
DNS,0,0,12709
-,1,0,16734
D R E A D W A T C H,0,1,157000
atharaxia,0,5,5545
Singosari,0,4,100414
Solo-King,9,5,1646178
Hohoesa Pakchara,1,1,70308
H Y P E R T E N S I O N,1,1,32724
Wysteria,6,23,2543967
Invade,15,13,4589112
Los Gandos,0,1,0
Dragon Blade,2,19,2178368
Chikipi,74,42,21671504
Grim Sovereigns,1,3,44376
-,2,3,98213
CRACKER,0,3,17128
TEAM_MEMOL,2,3,64961
B-E-L-A-T-squad,0,2,138219
Farm Or Die,0,2,0
-,0,1,309308
CAOTAIBANZI,5,3,490040
sexie,1,2,14796
Red Circle,6,22,981116
-,1,1,48248
Karmic,3,16,740756
Forever Night,10,8,2513394
Spero Spera,5,4,949134
Court of Nightmares,0,1,0
Crazybabys,0,1,4882
WhiteDragons,0,3,142286
-,0,1,13467
Mammoth King,0,1,1452391
CapybarAAAA,0,4,496613
Karmic,0,11,722707
I The Flying Dutchman I,7,9,1519717
-,1,2,292025
-,0,0,23729
Mika,0,2,160109
CHILIZ,12,26,25818113
The Boyz,6,14,2201281
Yuzi,1,1,157255
-,0,1,0
NB FOREVER,3,3,533673
V1OLET,1,1,49926
R E V E R I E,0,7,544723
Kunfayakun,18,4,1132911
123qaz,0,1,0
VINA HOUSE,0,2,85826
-,0,1,0
Dino Jelly,0,0,231109
Another,3,2,7102500
Menhera,3,3,2478372
POOPII,10,11,2504867
PLANET,6,24,1923720
snow forest,8,4,8409334
CCTV,3,4,3474974
-,10,8,2648450
BLACK STAR,0,3,1688
Chicken Nuggets,0,1,144407
-,1,0,15316
-,0,2,0
A p os t l e s,3,8,93317
Emergency,0,2,54432
AFTERMATH,0,5,212878
Blue coral,32,9,3564061
-,0,1,27277
Zui Brotherhood,0,1,0
HER MES,0,2,0
10 My friend are coming Run,0,0,9823
Green Knights,0,1,0
-,1,8,167161
-,0,1,27685
MABAR,0,1,18212
UnifyVN - 304,8,4,3955656
-,22,2,2328619
Helios Phoenix,22,5,1976568
BLACK STAR,64,16,4036180
-,0,1,0
-,0,1,0
-,0,1,0
The Myth,31,30,6061014
Vanguard Elmox,0,3,0
GRIEVING-SOUL,4,3,636220
Tarumanagara,30,2,1404706
Cops Sterling,0,1,0
Midnight Rose,13,15,1056698
ABOVE HEAVEN,2,2,128864
EMPYREAN PRIME,0,2,0
WARBORN,0,2,0
Trying to be,2,0,212772
-,0,1,0
EL FAMILIA,0,2,10812
Meerkat Assemble,0,3,313602
Fake engage,0,1,11068
Meow Immortal,18,23,4948980
-,0,2,105767
-,0,1,0
-,0,2,21198
The Lightbringers,1,0,51408
BeasTDaK,1,1,906925
Blue Phoenix,15,11,1265577
PLAC,12,9,604191
Critical Impact,42,28,1931675
Solo-King,3,30,11716880
-,0,1,0
CoCa1nE,1,8,1777262
aqlp,3,1,1874106
Kingdom,4,3,1984344
I Check Mate I,8,5,2266516
Understand,0,1,232358
Mathias,1,2,124953
THEOnslaught,0,1,0
Wavei,3,2,349379
-,4,3,356200
-,0,1,0
M A R S,0,2,0
Gold_Taiwan,0,1,0
Real ONE,0,12,7797014
-,0,3,28343
Emergency,1,2,20930
PLAC,1,0,1391072
MO GU,4,2,2196287
-,0,1,9359
NEWBIE INDO,0,2,0
NULL,0,2,224351
Hong Xing,1,1,23948
Gungn1r,0,2,3238
GuGu GaGa,0,0,131243
PUMPIM,0,1,5918
-,2,13,891628
Peng Lai Xian Jing,0,0,28124
-,0,0,105813
ENGAGE ON ME,0,0,27703
The Wardens,0,1,0
takkasin club,0,1,9913
Pierce,6,2,764867
Real ONE,10,7,6520776
-,3,2,129072
BeasTDaK,9,3,1276926
After Cleric,5,5,1038674
SilentMemoirs,0,1,63146
Technique,0,7,36078
All The Villains,6,32,12043542
Fun and Pleasure,21,7,815322
Abyssal Princess,4,1,319056
THE RELATION,4,2,214768
QUILL,1,3,242902
ans5566,0,4,77381
OnlyRatsTV,0,6,17010
WINDPhoenix,1,5,333995
PSC,3,15,3484872
DOKDO,1,10,405030
V1OLET,18,18,4073545
P U R P,40,21,6566255
F R O Z E N,0,3,43286
-,0,2,31320
-,0,0,437486
H Y P E R T E N S I O N,3,5,340254
BeasTDaK,0,1,87859
GAY GUILD,54,13,4081465
Understand,2,4,208108
ALA ALBA,0,1,0
Stellar Alliance,7,0,784606
Meeting Stone,0,5,932289
Midnight Rose,4,6,131339
Free Butterfly,4,4,246544
GTO Nazarick,1,2,105534
-,0,1,7824
TRUM_MAFiA,1,4,10574
-,2,1,254384
The Northern Constellations,0,4,312876
The Question,6,4,266141
-,0,1,0
Rescue Station,11,15,1357988
Freaky Fools,16,18,4410417
-,2,3,27711
-,1,0,17664
The Question,1,2,83051
ZERO SKILL,7,2,412904
Meerkat Assemble,11,18,7672956
-,1,0,33804
eRa Empire,0,1,86393
-,0,0,46216
GIGAN VIII,0,5,813822
Gungn1r,6,3,137740
China Daoism,4,8,220128
Real Man,0,2,111106
Technique,0,1,0
Fake engage,2,3,262330
-,1,0,4764
-,3,2,284897
MO GU,0,2,0
Crazybabys,0,3,69872
FORTUNAtE,1,14,88692
Meerkat Assemble,0,2,247551
eRa Empire,0,0,59222
SubuTai,0,1,40193
WhiteSuits,8,18,1016420
-,1,1,20564
CapybarAAAA,7,5,1116606
DDBS,1,0,2526510
PSC,2,14,2722296
-,1,0,136594
ALBION AFTER S3X,0,1,34598
KaNaNuTho,0,1,0
NUR,0,1,0
C H E C K M A T E,0,0,10755
MO GU,4,3,2815791
PLAC,35,18,20164685
CHILIZ,54,36,25235710
Sequence,14,4,1626625
Reworld,0,5,400208
HuaLiHuSao,1,5,482302
Freedom_Castle,0,1,0
Wavei,1,1,39315
GAMZA,0,1,114055
GOBLINS,17,5,2303948
I The Flying Dutchman I,81,17,23383043
-,0,2,0
-,0,1,0
-,0,0,16254
S D G,0,2,80499
PLAC,1,16,27995485
Allvg,0,5,184046
GTO Nazarick,0,1,0
-,1,0,93407
Future Party,1,0,329890
-,7,3,788283
Dark Oath Syndicate,1,0,32446
D R E A D W A T C H,3,7,506621
Whyme 2,14,9,4357001
ENDANGERED,15,26,4101025
-,0,0,16518
-,0,1,0
Red Circle,17,31,2833111
Red Circle,4,7,277998
Old Man,0,1,19189
AK-47,8,2,464496
All Rise,6,38,13967447
M O G A,4,5,2355796
SHOW GUYS,0,2,197388
-,1,1,298628
GOD EATER,0,3,1692231
APEE,1,0,69576
-,0,4,3789
Shining Star,0,3,104431
under void,0,1,0
Technique,0,1,0
NEXUS FAMILIA,0,1,2906
Real ONE,7,4,2470333
S1LVER,0,1,200177
Albions Ark,2,0,37389
The Drop Bears,25,14,2146829
-,1,0,63011
CHILIZ,79,46,18109030
H Y P E R T E N S I O N,0,2,22458
Dragon-Mi,1,3,1098047
KPA,1,2,95164
Gondor,21,14,1220744
Invade,0,1,403516
CoCa1nE,3,7,2321560
Mistwood Fen,0,1,44255
-,0,1,0
DOKDO,0,1,97175
Mystical Knights,1,0,14711
AAAAA,7,6,944227
Dark Soul,8,12,567074
Meow Immortal,0,1,95716
SHENJI,0,1,22165
Driffter,4,13,303931
GIGAN VIII,3,2,362471
Ocean Waves,0,2,3056
I The Flying Dutchman I,6,15,17408775
Real Man,27,30,13408022
Fish Mercenary,0,4,108998
-,0,0,17755
South PH,2,1,207913
V1OLET,55,22,4831689
Freaky Fools,3,3,204391
AAAAA,0,1,22746
Mathias,3,1,205543
PLAC,10,22,29660641
LunSol,0,1,40625
HYBRIDS,14,2,1319971
Western Paradise,20,24,10564192
LaiFaNongDer,0,1,0
Chikipi,2,3,8109779
-,0,2,5545
Blue house,0,2,0
-,14,9,1593405
votre,0,0,20436
Kingdom,6,2,411944
Shining Star,86,14,3601549
Mad Cats,0,6,24519
-,0,1,17420
-,0,1,0
-,0,1,0
THE RELATION,1,2,103702
Singosari,1,4,613285
LEVELING,42,30,3201139
KAKI TIGA,1,1,46215
ENDANGERED,6,12,854051
RABBIT RAIDERS,0,1,101325
-,0,0,851
Real ONE,0,0,42044
After Cleric,0,2,332219
takkasin club,0,0,24922
D R E A D W A T C H,2,2,354103
GOD EATER,0,2,0
KUMA,0,6,1311372
SpartanS 300,0,0,1513
Epstein island,0,1,5029
Meeting Stone,0,7,798682
Matcha Ore,0,1,0
Friendly Fire Friendly,0,7,48396
eRa Empire,0,1,5937
MoFuMoFu HEAVEN,0,2,0
The Lonely Moan,0,1,81230
chrope,0,3,0
Meerkat Assemble,24,15,4185296
P U R P,31,11,8153848
Spero Spera,0,3,269069
-,5,1,8971499
FREE SOULS,1,4,115301
-,2,7,100330
Alone in The Mist,0,1,19575
-,0,1,0
APS,4,2,184269
HappyDay,0,1,76688
1Mmortal,0,2,214725
Western Paradise,0,1,0
qwq ovo,1,2,399816
COALITION,2,3,172793
-,1,2,199102
F R O Z E N,10,18,1803143
-,1,0,109599
Liberty World,0,2,6728
Red Circle,6,14,1105679
From Zero,0,2,92430
Wavei,1,0,39315
JARERNs,1,1,24713
Nellie,2,4,51328
A you ok,0,1,0
Wing of Liberty,2,3,327827
Old Singularity,0,1,18873
Switching To Heals,64,20,2517213
Tengkorak,1,2,57410
-,0,1,1967
TONPA GANG,0,1,0
Invade,2,6,2004588
Kunfayakun,0,0,64109
S D G,6,12,796047
Crusader Kings,0,2,125959
Solo-King,42,45,17742726
I The Flying Dutchman I,14,1,12810813
Dragon Blade,0,4,143149
GOD EATER,2,1,75425
Albions Ark,0,0,37389
-,0,1,0
P T,0,1,0
Free Butterfly,0,1,0
Spero Spera,0,4,326127
CCTV,3,1,2577063
G U N N E R,0,1,473128
Meow x Meow,0,11,459209
-,0,0,2020
Gilas Las Pilipinas,0,1,0
V A G A B O N D,1,10,1184851
Red Bulls Gold Age,0,3,6220
ALPH1,0,1,39991
I The Flying Dutchman I,34,21,25813540
HanRyang,1,6,173430
P U R P,4,7,647483
octugram,0,1,0
Minerva-X,4,9,2073422
GAMZA,0,1,0
Astartes,4,3,89937
Endernations,1,0,143325
-,0,6,0
Harmonia Eternity,3,2,130815
-,0,0,43524
GUARDIANCATS,0,1,0
Boar Army,32,38,13603666
S Y N D I C A T E S,3,3,374854
-,0,1,12723
NOVA NEXUS,0,3,8629
-,0,1,0
PLAC,7,4,1067228
LYSSAN,1,0,21770
-,0,1,0
deva lok,0,1,0
WARDEN X,0,4,1350
CHILIS,21,5,9942667
Invade,0,1,19286
-,0,0,428506
RAKUTAI,0,1,0
asile,0,1,25079
2077,0,1,0
T1 FAKER,0,3,11113
KAKI TIGA,2,2,348645
Singosari,5,32,3394376
welcome newbie league,0,1,0
-,1,2,36816
king zhou fan,0,0,12111
BENG_BANG_PH,1,0,3348
YunShen,0,1,39217
eRa Empire,0,1,3843
-,0,1,9061
P T,0,9,349734
beautiful girl,0,1,0
Boom l1i,11,2,418330
The_APEX,1,4,164006
All The Villains,25,21,8265899
Forever Night,1,2,183033
V1OLET,8,10,3323734
Old Man,4,3,914118
Understand,6,7,2344608
Ascensum,0,1,0
-,0,1,0
The REVENGERS,0,2,0
AZKALZ,0,3,15279
Master Siomai,3,2,128894
tamago X gohan,1,0,258153
CAPELLA,1,5,165237
-,0,2,128572
Pink 7,1,6,282952
Dragon Blade,1,1,188676
not cute anymore,1,0,395220
Meerkat Assemble,2,8,2984121
TheGreyKnight,0,1,0
Dread,0,1,749170
Lucky Fools,1,1,36178
Holy Black Knights,1,1,19250
MoneyHunter,1,8,322878
Freaky Fools,0,0,16410
Free Butterfly,0,1,0
-,0,3,3966
SLAF,1,2,26687
Solo-King,0,2,0
CCTV,1,9,2883934
1Mmortal,1,0,1804604
GuGu GaGa,0,0,12404
Farm Or Die,17,11,1862442
Spero Spera,0,5,290414
Seven Hill,2,1,263829
MALIGNANT,4,5,1191346
V1OLET,7,8,984389
UNITED THETFORD,0,1,0
AFTERMATH,0,1,0
Pierce,2,18,4285452
Rescue Station,0,2,976080
2077,0,1,3311
Wysteria,0,24,5457928
Gold Pigs,0,0,82403
Titan Blaze,1,1,9796
Mental Abuse To Human,3,2,355061
Another,2,0,831186
Wing of Liberty,1,4,59058
9INE,11,2,2294859
Crusader Kings,20,10,2882859
AFTERMATH,0,1,18089
Kunfayakun,0,1,0
Keep Killing,0,2,0
Tcho-Tcho,4,0,1594898
PSC,2,13,3762671
High Cards,0,5,47769
Trying to be,0,0,201517
Jia Nan,0,2,62974
PLAC,0,17,6018458
-,0,0,2091
-,0,1,2261
-,0,0,11761
JAPANTZ,1,0,98041
Fake engage,0,2,15329
AAAAA,2,4,380744
Future Party,7,3,17663437
F R O Z E N,8,2,416148
Sapling-MIU00,0,1,254777
9191,0,4,3298966
Z GEN,0,4,564874
Garden babys,0,0,330781
MiMe,4,4,261438
Peng Lai Xian Jing,0,4,19394
KuromiO3O,33,28,10676068
Meow Immortal,2,1,2425997
Stellar Alliance,0,1,0
TEAM_MEMOL,5,1,857639
Forever Night,0,0,237145
DaHaiDai,11,21,881456
Auroras,3,1,199180
Real ONE,6,13,9622278
Life or Death,2,0,188391
Ala,2,3,731186
Green Knights,1,0,147384
-,2,4,690535
The Scarlet Dawn,1,1,22804
BeasTDaK,2,9,3264494
RABBIT RAIDERS,1,0,24497
All The Villains,0,0,299401
One More Times,1,5,75391
Forever Night,6,4,1273639
booz party,4,13,168601
Reworld,15,20,13442174
-,0,0,146630
Hong Xing,1,2,53570
-,0,0,188834
Suger Babies,8,28,1480205
Free Butterfly,0,1,98326
Chikipi,56,26,17533589
NULL,2,0,87057
The swallow,4,18,5933698
-,1,0,71782
PLAC,14,7,3167634
B-E-L-A-T-squad,1,1,21157
VINTAGE GOLDEN,0,1,101850
HAMSHTER,0,5,0
Minerva-X,0,2,54446
Big mom,3,32,17377666
Solo-King,22,19,11911878
Future Party,79,21,15205989
-,0,1,1414
F R O Z E N,0,0,284451
GrandRey,0,4,172253
Peng Lai Xian Jing,0,1,0
Hooman,0,3,202411
The Scarlet Dawn,0,1,77890
Meeting Stone,24,19,7808039
VINA HOUSE,2,5,165490
Freaky Fools,0,1,155904
Take Care Your Ass,2,6,1607123
The Northern Constellations,2,4,502277
sexie,1,2,80273
suiii,0,1,0
MABAR,0,5,9553
Gondor,8,15,1309120
World BOSS,0,1,0
-,0,1,0
F L A W,7,5,224646
Real ONE,2,0,1622039
LEGION SOUL,0,2,0
NO MORE ONE,1,1,1027907
PRISM,4,2,748308
Ezkrow Chain,0,1,11101
Meerkat Assemble,19,17,6003389
After Cleric,1,3,993477
Real ONE,5,19,6052693
-,0,0,23105
Second Fear,3,0,234215
-,0,10,337136
BEAR HUG,0,0,5147
I FORSAKEN I,0,4,355265
UNITED THETFORD,0,0,17582
VN-Knights,1,1,7632
MoneyHunter,3,6,167933
Kunfayakun,0,3,70461
Kids On The Move,0,1,0
Zxyra,0,0,36015
G A N K S T E R S,0,2,38839
Qall Part 2,0,1,0
V1OLET,1,1,211112
AFTERMATH,0,1,0
-,0,2,37215
PLAC,25,8,4651582
S1LVER,0,2,198245
THE-IMMORTALS,0,1,0
TAKEDA 24,1,4,368795
Fight Or Run,1,0,212095
Noctis,1,0,540756
I The Flying Dutchman I,8,1,2615241
SubuTai,19,9,4720258
WARDEN-SLAYER,1,2,30416
Noctis,0,0,41850
CHILIS,9,5,6832014
CHILIZ,7,3,5929014
SubuTai,2,3,1326417
Verdant Ledger,0,4,0
-,1,2,150772
Real ONE,2,3,1587220
MINlONS,0,2,348069
Pierce,16,6,1968684
I The Flying Dutchman I,1,2,1680672
THE WARRI0RS,7,7,191104
haha bro,0,1,13459
-,2,1,67080
-,0,1,0
welcome newbie league,0,1,0
eRa Empire,0,1,83469
JOLLY,2,5,644842
MO GU,8,14,6749116
F A M I L Y,3,0,223632
ONG BUT,0,6,47026
HBL,0,1,1814
-,2,1,38346
MoneyHunter,2,11,335842
Karmic,0,1,92706
-,0,1,0
PAPAYA POKPOK,10,7,1125735
0-Infinity,0,3,45555
-,0,0,9401
Coup de grace,0,2,429688
KADAL,0,4,301425
-,0,2,0
-,0,1,0
Midnight Rose,1,16,119907
NekoParadoxia,0,2,51062
Real ONE,30,1,4730303
After Cleric,6,0,468015
PSC,4,8,1497921
-,0,7,89826
BeasTDaK,11,1,4451264
Earn money,1,1,5489715
ARK Survival Ascended,0,0,78414
G U I L D,0,3,43450
Ashen Reign,0,1,0
COALITION,2,5,1330929
Tengkorak,0,0,45444
Nine Lives Legion,1,4,25312
Invade,0,4,1054296
-,0,0,50818
DOKDO,1,5,1161079
Griffin Empire,3,4,1218367
Speed Check,5,1,386443
EWSS,4,9,290330
-,0,1,0
Boar Army,1,0,108940
War Bears,0,2,4245
-,0,1,92843
H Y P E R T E N S I O N,0,1,3027
TONPA GANG,2,0,140558
CHILIZ,1,16,10782778
Whitefang Battalion,0,1,0
Believers,1,1,47715
Screamy,1,2,25528
Noob Family,0,0,161527
Hooman,2,1,816172
ORANG JAWA,0,1,0
CHILIS,0,9,2582422
CHILIZ,1,13,6592916
I The Flying Dutchman I,60,12,16973870
RABBIT RAIDERS,0,2,52748
WhiteDragons,1,3,98948
Astartes,4,3,62873
LUVIMIN,0,0,18077
CHILIZ,13,8,13096081
BeasTDaK,32,19,4897483
SOLAR BENEDICTION,0,1,11855
-,0,0,32501
Rescue Station,2,1,465765
Freaky Fools,21,8,1725258
Civic,10,7,1211689
TEMPLARS_ORDER,0,1,0
Master Siomai,2,0,280857
Guerilla Warriors,3,4,121129
Nemo Nemo,0,18,6466064
Rogue Cat,0,1,107848
WhiteSuits,1,8,417046
Meerkat Assemble,1,4,1303663
Zongheng Strategists,1,5,197109
Griffin Empire,0,1,451616
Zombieland VN,1,9,317285
Saverty,60,30,5824848
Shining Star,2,4,232283
The Academy,0,1,34532
Minerva-X,0,4,195713
-,0,1,0
GIGAN VIII,2,0,444319
Kids On The Move,0,2,0
B L A C K P E A R L,0,0,11849
Astartes,27,11,2528146
PAPAYA POKPOK,15,15,9714595
Dreamweavers,0,10,245400
WhiteDragons,1,1,61931
-,0,3,1910
-,0,4,43577
SubuTai,8,1,10786969
-,0,1,0
Government Program,1,6,307799
mechanical,13,2,615638
snow forest,6,1,1371041
Red Circle,1,3,357446
B L A C K P E A R L,0,2,240524
-,0,7,0
Conscripted,9,12,11187247
JOLLY,1,0,335930
The Northern Constellations,1,0,125933
snow forest,3,1,922362
-,0,1,32046
GARUDA LEGION,0,1,2203
Filibusteros,0,0,53501
-,0,1,123595
FreeBirds,0,1,0
Meow Immortal,0,2,0
-,0,0,1624
-,0,2,3256
THE-ONEPIECE-IS-REAL,0,1,4922
OneFame,2,2,119338
HIRAYAH,0,4,198539
BeasTDaK,0,9,3601234
six doors,2,1,28052
-,0,9,0
Raining,3,1,204636
-,0,1,0
Atlanta,1,19,3577549
Atlanta,1,6,247426
Astartes,1,3,74343
The Lonely Moan,23,23,3435029
S Y N D I C A T E S,11,30,2043869
GTO Nazarick,0,1,347066
High Cards,0,2,69902
CTRL ALT DEL,2,3,245211
CTRL ALT DEL,3,0,206310
B L A C K P E A R L,4,3,448153
The Lonely Moan,25,6,1747071
-,0,4,51278
The Wardens,0,1,13613
-,0,1,17822
Pierce,0,1,0
Isekai46,0,4,38656
Punjab Rulers,0,0,3392
Warrior Exile,0,2,111235
OniChanDizz,0,1,0
-,0,1,0
-,0,1,12721
THEMERCENARY,0,1,0
Slice of Life,0,0,2707
Black Candy,0,0,1443
-,0,3,0
Marlotck In Heart,1,1,36112
Czendicate,0,1,0
Meerkat Assemble,1,17,8188746
B L A C K P E A R L,5,19,1514678
The Northern Constellations,12,16,1926353
snow forest,2,1,352223
Dystopian,3,3,270952
-,0,2,0
ULTRAMAN ALBION,0,0,24991
After Cleric,4,14,2639480
Real ONE,22,23,19926805
I The Flying Dutchman I,0,6,9638738
SubuTai,0,7,14316815
Midnight Rose,0,1,14196
Allvg,0,7,602044
Arena Ghost,1,0,44586
Warhammer Defense Core,3,5,148616
Marlotck In Heart,0,1,0
-,1,2,248401
-,0,1,0
Pristine,4,2,224998
FlavaClouds,8,22,22056572
Noob Family,0,1,6477
-,2,6,181326
DNS,0,0,45618
Meerkat Assemble,10,9,2594642
MELEE,43,7,5268296
X404X,0,5,66769
NekoParadoxia,0,2,61452
Western Paradise,0,10,2974195
Old Man,0,1,2171
-,0,1,0
Wysteria,3,14,6697216
-,0,1,0
Real Man,2,0,300763
Wild Cards,1,0,172512
SpaceWolves,16,11,937642
-,0,1,75638
Switching To Heals,51,10,3207423
BeasTDaK,4,10,1653826
Blue coral,0,2,572979
NekoParadoxia,7,14,644428
Invade,48,22,8147096
CHILIZ,3,9,3003414
CHILIS,23,12,11349845
Himag-Sikan,2,1,76257
MO GU,91,27,29385890
PLAC,2,0,460602
Z GEN,0,2,324726
Fightin fool,1,9,821998
The Boyz,0,1,227538
Critical Impact,22,10,1248859
C O V Y,11,7,756083
All Rise,17,43,24630321
RATS NESTT,0,1,253370
I The Flying Dutchman I,14,16,16669024
Biu BiuBiu,37,53,5724927
-,0,0,9719
V1OLET,1,3,103586
Boar Army,1,4,1367189
HER MES,1,0,4791
-,1,1,11070
Raining,1,1,61738
-,2,1,122126
Shadows of the Erdtree,0,5,95566
-,0,1,0
Helios Phoenix,4,4,269834
The Last Whisper,0,1,0
Old Singularity,2,3,208465
-,0,0,6433
VOUAK,0,1,22101
Real ONE,12,2,2596486
Peony Flower,1,1,733341
Tree Viper,107,47,12884419
-,0,0,70707
NULL,7,6,1756065
TW-GIN,0,2,85404
-,0,0,256579
I The Flying Dutchman I,26,11,7656231
PSC,29,9,3253554
CHILIS,10,2,2601219
CHILIZ,15,4,4094372
-,6,2,342264
Millefiore,1,4,37215
-,2,1,729594
MO GU,11,47,20834912
Z GEN,5,12,2076071
M 0 N K EE,0,1,0
Save Me,0,1,0
R E A D Y TO D I E,1,1,24948
HuaDaBin,9,11,5147514
CAOTAIBANZI,2,4,193752
AK-47,0,2,105050
Stellar Alliance,1,0,688345
SO EZ,0,4,34989
NO-RE,0,2,465614
Old Man,0,3,309269
-,2,0,134824
The Slumbering Dragons,0,0,69631
THE WARRI0RS,76,16,6215899
-,0,0,9257
-,0,1,34548
ZhaiBai,2,0,25742
Albion newbie Guild,0,1,0
Shark Chew Toast,3,5,1114430
E x c o m m u n i c a d o,1,0,114619
PAPAYA POKPOK,3,1,706013
ACM,17,10,3453446
All Rise,0,2,1074502
MANIFEST,22,10,2018250
Behavior,0,1,0
-,2,0,235224
The Crimson Trading Guild,1,0,55968
The Myth,0,4,5712
Invade,17,20,3402192
Packet Loss,6,2,657660
One More Times,4,6,203139
Wysteria,14,15,6599053
R E A D Y TO D I E,11,1,934868
Dragon Blade,0,1,0
PSC,0,0,93544
GRIEVING-SOUL,0,2,550473
PoopooDancers,0,0,669884
Asia Merchant,1,1,13911
GOD EATER,18,16,2052832
FLORISEN,4,2,204405
ENDANGERED,1,6,1922229
Critical Impact,8,6,641321
-,1,12,964004
CENTAURI,6,5,248735
Pink 7,5,12,6926439
snow forest,12,1,2970413
Chosen Few,0,7,509613
-,1,1,53935
OreoGank,0,5,206711
CHILIS,6,2,1035179
Forever Night,2,1,436133
Singosari,3,11,857575
Blue Phoenix,0,4,524826
itinerary,1,0,60547
Sequence,4,7,1976796
Pierce,3,14,3600321
Tree_Of_ Faith,2,6,90557
BLOOD OMEN,0,1,11977
-,0,1,0
I The Flying Dutchman I,0,3,724518
I Check Mate I,3,6,3554942
ArchangelGear,2,3,257959
-,0,1,22305
JSCL,62,41,4010324
FairyyTail,0,1,8900
F I K A,0,2,409669
Singosari,4,5,1017309
-,0,1,3006
Anteikuu,0,1,30308
Dark Looters,0,1,0
-,0,2,0
GIGAN VIII,0,9,444071
A X E,0,6,151805
God_Of_War,1,0,61805
Mathias,1,2,61547
SHOWTIME,0,3,1010481
DOKDO,0,2,0
The_APEX,0,2,119924
not cute anymore,6,13,2251294
THETFORDIANS,2,0,68460
KUMA,0,2,677101
Emeth,0,1,0
-,1,5,25479
Pierce,1,5,1000210
-,0,9,1261272
TONPA GANG,0,0,273990
567jqk,1,1,407077
Rescue Station,29,13,9215369
UnifyVN - 304,0,0,365774
G A N K S T E R S,0,1,0
PLAC,34,15,14834860
Enjoy Life First,0,8,29991
Ascensum,2,5,108284
BLOB,4,3,569028
B L A C K P E A R L,0,2,160281
Conscripted,0,3,1466959
Holy Black Knights,0,8,81205
0-Infinity,2,0,43612
-,6,4,518733
All Rise,5,4,149571
Ordo Musaceae,1,0,12885
One More Times,6,7,2048007
HidE0ut,0,2,22711
BangCuopLuongSon,1,3,222140
itinerary,11,3,425075
PSYKOPATH,0,1,0
Sanity Eclipse,0,1,24670
Lymhurst Ranger,2,1,70144
STILL LONELY,0,1,178184
-,0,1,0
Soul Harvesters,0,1,0
Akhri Pasta,0,1,0
-,0,1,0
Conscripted,7,5,1515944
The Loot Goblins,0,0,10947
Lacunarum Custodes,2,8,652672
PAPAYA POKPOK,13,17,2194282
Civic,0,2,253819
-,0,0,4213
-,0,0,9057
-,0,1,12861
Lumi,1,3,61508
A X E,0,5,106464
Soul Harvesters,0,1,8810
CHILIS,10,4,3285810
CHILIZ,63,23,13478375
CREED INTERNATIONAL,0,17,83535
Ping300,0,1,0
Invade,4,6,1289232
Helios Phoenix,7,8,1128101
S1LVER,0,2,22543
Hunter In The Dark,0,1,0
Marlotck In Heart,0,0,14054
-,0,0,44367
Astartes,0,3,61668
All Rise,100,34,22235193
Ashen Reign,0,4,40391
I The Flying Dutchman I,5,2,4780665
Kendan,0,0,145370
The Knights Of The Blood,0,0,1535
-,0,0,9363
Isekai46,0,2,0
TakusaVegas,0,1,35308
PSYKOPATH,11,4,1642037
One More Times,0,0,14502
The Castle Knights,0,5,38379
-,0,1,0
THEMERCENARY,0,3,115201
overbudget,0,1,0
An Guild,1,9,1755349
MAFIA ZONE,0,0,49623
Arena Ghost,0,0,23252
MABAR,3,2,8497
-,2,1,82978
-,0,1,0
-,0,1,2736
Dragons Breath,0,1,0
Invade,42,42,9501688
-,1,1,92684
Singosari,36,27,28398522
TRlUMPH,0,1,27043
F I G U R E,101,33,15800075
Griffin Empire,6,18,3005817
The Scarlet Dawn,0,1,8702
Gnosa,8,15,825233
GIGAN VIII,0,1,118792
Red Paw Gang,0,2,0
-,0,6,285694
EL FAMILIA,0,1,10812
CHILIZ,3,26,8355354
-,0,1,0
GOBLINS,3,4,4164414
mechanical,0,4,376995
TiGiGi,0,2,214657
The Castle Knights,0,2,0
Albion Newbie Shelter,0,1,0
-,0,0,12136
-,0,2,24559
ENDANGERED,18,5,1043077
Black Sails,0,2,637104
The Neighborhood,14,3,2142034
Solo-King,57,22,14553271
-,0,1,0
Albion Newbie Union,0,1,0
ELVISH KNIGHTS,0,1,49973
Dragon Bloom,0,4,11529
Children Of The Dragon,38,10,9584928
Penny Pinchers,1,1,207026
All Rise,2,9,2923439
-,0,1,0
Heart of Thetford,2,2,358763
Seth,2,2,85590
Ezekiel,0,1,25253
The Myth,7,13,2996993
peace maker,11,8,1913969
MoneyHunter,1,0,267362
Capybara Fam,0,1,0
ALBION AFTER S3X,44,14,1718189
NOOBQUEEN,1,1,125597
not cute anymore,4,12,1029784
Government Program,0,1,51942
ETERNAL CRUSADE,0,2,0
NEXUS FAMILIA,0,2,14744
Government Program,0,2,38046
CREED INTERNATIONAL,0,13,218251
WARRIORS INITIATES,0,2,0
-,0,1,0
Helios Phoenix,2,4,677719
Pierce,5,2,486958
Blue coral,1,2,128955
I The Flying Dutchman I,9,14,4761261
F A M I L Y,3,1,449633
KaNaNuTho,0,0,10096
KALONG,0,2,115557
CTRL ALT DEL,0,1,1128
Pencilgon,7,3,1243474
-,0,4,0
Pierce,2,4,1519295
Sequence,6,6,1687839
-,1,3,80853
MO GU,13,18,2445161
The Scarlet Dawn,1,3,39081
Pierce,23,37,9371459
DNS,0,1,61986
Jagdgeschwader 52,0,4,10263
MANIFEST,4,1,60574
CHILIS,16,29,7723143
Zuppy Transport,2,0,636472
CCTV,10,17,8382988
Rising Stars,2,13,370978
-,1,2,46828
Glory empire,0,1,0
-,0,1,0
B L A C K P E A R L,0,1,0
Echoes of Luden,0,1,3374
-,0,0,7547
TRlUMPH,0,1,520178
Sentinels Arc,0,3,298368
-,0,1,39271
HER MES,1,3,43343
-,0,1,32265
TRlUMPH,1,4,1719050
GIGAN VIII,1,6,171350
-,8,5,452393
P U R G E,7,7,1123587
Frostbite Reapers,1,3,361325
Coup de grace,0,0,58411
Packet Loss,0,1,2336
DragonWorld,1,5,685564
DragonWorld,0,1,0
Shu Shan,9,9,1635151
-,0,2,4245
Mika,10,8,3457640
1Mmortal,0,0,530929
All In Fighting,10,8,3192629
The Neighborhood,0,1,16698
-,0,0,44522
Idochine,1,1,62924
Coup de grace,5,13,1349088
H Y P E R T E N S I O N,0,3,146177
-,1,2,82503
The_APEX,0,0,22172
BeasTDaK,0,0,81763
Meerkat Assemble,1,0,451072
Enterprises,20,10,2829016
Only Gamers,0,2,31406
welcome newbie league,1,2,67299
Pemersatu Bangsa,0,2,12498
-,0,1,0
Filibusteros,9,13,1300237
The Myth,0,1,31249
Meerkat Assemble,0,36,30449554
SLAF,5,9,536907
CapybarAAAA,0,8,1033235
overbudget,0,3,27617
The Myth,0,5,303072
Filibusteros,0,1,0
NO_OC,1,0,36399
Ironclad Concord,0,1,4942
RauMa36,0,1,0
MidNight Pirates,1,2,161721
New_World_Order,0,4,0
XIX,2,2,135848
1Mmortal,124,17,34956839
Mika,35,32,17640280
Hei Hitler,5,10,3029888
All Rise,2,4,1114676
Griffin Empire,0,2,0
One More Times,1,2,55658
-,0,1,3247
Driffter,2,1,92056
F A M I L Y,21,2,4386438
CoCa1nE,0,1,20103
Earn money,0,7,2959789
AAAAA,2,12,218370
PalaceGUARD,0,0,4610
Minerva-X,4,25,4589604
HELLO KOREA,0,0,26397
KuromiO3O,0,1,158789
Garden babys,1,5,203622
nanjingdapaidang,6,11,475665
-,0,1,0
Arcane armada,0,0,102611
BLOOD OMEN,0,4,81185
The Scarlet Dawn,0,1,41593
Government Program,0,1,48168
-,2,2,95919
BERUANG EMAS,0,1,15778
-,12,10,1839559
Singosari,0,1,0
AZKALZ,0,2,8827
-,0,0,13850
CNTC,0,2,28299
One More Times,4,3,140338
RABBIT RAIDERS,4,8,401928
Lymhurst Ranger,0,1,80163
PAPAYA POKPOK,2,7,3703339
MINlONS,2,2,1984330
-,4,1,234159
SubuTai,0,4,335438
MO GU,0,2,0
Griffin Empire,1,3,640859
Invade,59,24,9091993
Inevitable Glory,28,5,2950368
snow forest,37,12,8166915
-,6,1,688313
Singosari,77,21,5682371
The Sky Bomb Gang,7,0,372944
Missings turn into ocean,0,3,24262
Titan Blaze,3,11,209404
Pink Memory,2,3,1033633
PARAG0NS,0,1,0
M O N A R C H S,2,2,41952
INSANITY-4,0,1,0
Enterprises,0,1,273405
Easy come Easy go,1,1,66524
PLAC,54,25,9909180
CHILIS,11,8,3197103
CHILIZ,19,17,4698979
Cavalry,6,4,129278
Legion of Frost,0,0,3855
PSC,0,2,0
CCTV,0,4,1238272
UNITED THETFORD,1,1,62622
HeIIo Kitty,281,31,42165371
HelIo Kitty,44,6,12366091
DDBS,0,1,875028
Meeting Stone,2,0,486322
Prodigyy,12,14,8623965
-,0,5,105122
The Fide Blood,31,12,7806884
PSC,3,2,474296
ENDANGERED,6,6,1200654
party of bloods,1,1,82242
KPA,0,2,0
-,5,4,134991
Lumi,1,3,79345
-,1,0,435
Karmic,3,7,831461
DOKDO,1,1,185710
LaiFaNongDer,0,1,0
day day up one,0,1,0
The Savior,0,3,8431
ACM,0,2,688864
EL FAMILIA,1,3,80633
DEATH PARADE,0,6,93480
NO-RE,3,1,1459172
pig bank,0,1,0
gang of three,9,4,421596
BeasTDaK,0,0,382204
not cute anymore,0,5,721577
-,1,4,3311
RABBIT RAIDERS,2,0,120626
KALONG,0,1,0
V1OLET,0,1,87646
TONPA GANG,3,0,73204
not cute anymore,0,8,440623
Forever Night,8,5,2069292
Karmic,4,14,1713765
SO EZ,0,2,565630
Chikipi,11,16,10619250
good bomb,2,17,19039812
I The Flying Dutchman I,8,6,6632535
Skip Tutorial,3,2,53852
-,0,2,19208
Czendicate,4,2,119084
HER MES,1,0,23136
Sych,0,0,1624
AZKALZ,0,1,7960
HelIo Kitty,13,10,7399584
HeIIo Kitty,54,35,30679067
ORANG JAWA,0,1,0
Eudamonia,0,0,104838
-,0,2,0
Tarumanagara,2,6,375271
Griffin Empire,1,11,1318407
Midnight Rose,3,2,161895
R30 elderly,0,1,0
not cute anymore,0,1,21585
Crusader Kings,0,14,2995372
9INE,5,11,4312056
CCTV,3,10,4557487
red king,3,3,847221
G U N N E R,1,1,241157
Children Of The Dragon,2,5,126832
Ordo Musaceae,2,5,130008
-,0,3,0
Shining Star,0,8,95235
Holy Black Knights,0,2,0
P R O U D,13,15,221445
Dragon Crazy DxD,0,1,0
Lunagon Island,4,5,304425
CHILIZ,18,15,8395522
An Guild,21,3,782667
New_World_Order,1,4,113228
-,4,1,94340
BLOOD OMEN,0,3,0
-,0,0,3048
-,0,4,47516
Mystical Knights,0,4,0
The Rice of Asian,0,2,9875
GOD EATER,2,2,663030
A X E,0,7,53297
LEGION OF THE UNDERWOLD,0,1,0
-,0,0,24646
Infinite Vanguard,1,0,274867
Coup de grace,0,1,167829
321 Demass,0,1,0
GOBLINS,0,8,2045774
COALITION,1,5,1081439
Man Down,0,2,0
Tree Viper,41,27,11413796
LOSER CLUB,0,1,0
Dragon Blade,32,13,4297979
The REVENGERS,1,0,33828
Blue coral,0,2,40063
Money Belief,0,2,0
PLAC,6,4,2343819
All Rise,12,12,6154473
Eternal Catastrophe,1,0,11589
FreyaJKT48,0,0,62067
YangPaiXiaKiller,0,1,899014
Pink Memory,2,1,576409
AAAAA,3,4,52969
PSC,13,32,3970293
The Myth,25,24,6217666
CHILIZ,18,12,6755755
CHILIS,14,9,7322300
H a n a k i r i,0,0,154541
Farm Or Die,4,6,265336
The Neighborhood,0,1,95026
Boar Army,7,21,4932737
Old Singularity,0,2,8470906
NULL,3,0,1278662
PSYKOPATH,0,1,0
not cute anymore,0,1,213397
Chikipi,3,14,10938711
good bomb,13,12,22376179
Man Down,0,4,0
Coup de grace,0,2,27308
Oracion VII,0,1,13386
The swallow,2,3,478873
-,0,2,0
Forever Night,12,8,2011356
SO EZ,0,1,0
Meow Immortal,10,11,8422440
CoCa1nE,5,2,1165471
I The Flying Dutchman I,1,0,611110
A p os t l e s,0,4,212921
-,0,0,16010
AKA-KING,0,0,17998
D Go Liang,4,4,1615079
PL4B,2,1,334677
koryen,8,9,627818
The Neighborhood,14,18,2942297
Real ONE,0,4,2684468
CHILIS,0,8,5075099
HaChiu,0,3,222888
-,0,0,63023
FOR IN FIN,3,3,138690
BLOB,3,0,440923
TAKEDA 24,0,4,79613
Meerkat Assemble,1,2,2629426
Astartes,0,1,16357
The Black Banner,0,0,31764
Helios Phoenix,0,1,72338
-,0,2,9575
One Shot,0,1,0
KADAL,0,1,183913
Coup de grace,0,1,53888
Government Program,0,2,22067
BeasTDaK,7,5,1845351
Sentinels Arc,3,7,105308
COALITION,9,11,770867
-,1,0,34545
not cute anymore,9,10,1187341
-,0,1,486
THEMERCENARY,1,3,53075
Kunfayakun,0,8,128583
TAKEDA 24,2,15,453554
CHILIS,0,0,168945
Griffin Empire,0,0,123377
F I G U R E,16,15,7551911
CHILIZ,3,2,1048929
TRlUMPH,2,7,2632697
Chosen Few,1,2,323854
-,0,0,69043
-,7,14,770093
HanRyang,1,7,633690
Nemo Nemo,5,11,6156676
F I G U R E,1,0,211348
HaChiu,2,3,70438
BlackTemplars,0,1,0
The Lonely Moan,0,2,0
TRlUMPH,6,23,4823568
SLAF,0,1,0
-,1,7,151965
-,1,1,31253
E U N O I A,0,1,24972
Red Circle,0,2,20319
Pierce,0,1,791854
The Neighborhood,1,3,261698
-,0,0,138408
WhiteDragons,0,2,130041
All The Villains,1,14,4814910
-,0,3,0
Fun and Pleasure,13,3,785732
Screamy,0,1,32024
-,0,1,0
Milling,4,1,393831
Meerkat Assemble,0,5,991520
-,0,0,43197
MoFuMoFu HEAVEN,1,6,874088
-,0,0,19579
-,0,1,0
TGIF,23,10,6250890
MINlONS,0,3,570939
GOBLINS,6,5,1287387
snow forest,7,5,1538144
Invade,3,1,251266
Snow Angels,0,1,11538
-,0,2,3955
Conscripted,15,6,5584279
Meowfia,7,10,1776694
Kids On The Move,1,1,75213
Meow Immortal,0,2,74687
Wind Cloud,0,0,4035
Crazybabys,0,1,0
N O I R,1,1,419279
Warrior Exile,0,6,95305
KUMA,13,8,1371374
GARUDA LEGION,0,1,16068
New_World_Order,0,10,59538
All The Villains,10,3,3694238
-,59,7,17637694
1Mmortal,1,3,881364
HappyDay,14,1,4449189
KUMA,1,0,33803
HanRyang,0,0,74347
-,0,0,106870
Twilight Vanguard,0,0,139487
Save Me,0,4,148088
TEAM_MEMOL,8,1,1411052
Meerkat Assemble,0,7,3448033
-,0,1,0
CHILIS,20,13,7650226
CHILIZ,39,19,14128749
COALITION,7,28,5728044
MoneyMoneyComeOn,1,1,15851
-,2,0,110478
-,0,1,0
CHILIZ,57,33,27791199
PSC,0,2,18913
Z GEN,0,11,1709643
MO GU,0,8,993456
HER MES,6,2,481595
AVA world,8,9,502691
-,3,3,424342
GOBLINS,40,19,6305655
TGIF,46,13,9537483
CHILIS,9,2,3103373
After Cleric,3,4,1966299
MANIFEST,1,4,907118
ENDANGERED,0,3,637131
MorsNoctis,1,3,633687
Griffin Empire,16,16,4003569
Crazybabys,0,1,42720
Heartsteel,2,15,1685314
Wysteria,3,5,1783772
KUMA,33,12,2342274
PLAC,0,0,1077365
9191,0,1,530675
DaHaiDai,2,6,251618
Auroras,0,2,23603
PSC,1,1,307677
Wysteria,6,8,3414977
MoneyHunter,0,1,108709
-,0,2,237393
Life or Death,2,1,563772
Jagdgeschwader 52,1,1,123448
All The Villains,25,8,4856791
MiMe,0,3,178217
GuGu GaGa,4,18,5144402
snow forest,3,0,974323
-,1,0,278942
Real ONE,15,10,3391976
Pink 7,2,2,331979
You Shall N0T Pass,10,10,2567601
Reworld,2,7,1212065
CoCa1nE,3,2,509648
Reworld,7,3,530933
HuaDaBin,2,30,9598515
Crush,0,1,34209
Templar Caste,3,1,1383996
HuaDaBin,0,10,2537418
pig bank,0,2,32383
LuoKe WangGUO,1,0,13389
321 Demass,0,1,0
Family Type,0,1,0
All Rise,0,5,4582876
PLAC,0,33,7877460
Wavei,6,6,546858
Laughing Boulevard,2,5,301618
Reworld,22,24,13085481
QuQnnTATnnOvO,18,45,7461108
QuQnnTATnnOvO,30,27,3817163
xCUTIESx,25,17,3249675
-,0,1,0
Kunfayakun,1,3,131797
The Fide Blood,2,5,5539249
ACM,0,2,407867
PSYKOPATH,0,1,42399
SHOWTIME,4,2,798752
-,1,0,26096
Forever Night,3,14,2429410
N E R F,2,1,20448
ScarletValkyries,0,2,0
The Scarlet Dawn,0,1,0
South PH,0,0,213831
Emergency,57,7,2774983
Coup de grace,2,5,848844
GIGAN VIII,2,4,356123
Nang Pi Yan Zi,1,2,56802
P U R P,0,3,3637980
SubuTai,8,8,3697424
GIGAN VIII,11,6,1933964
GLEAN,1,4,102177
Wysteria,2,11,4075406
Switching To Heals,56,12,3100723
Crazybabys,3,4,137723
Chikipi,0,1,46709
Forever Night,1,3,778741
Big mom,24,18,12711751
ENDANGERED,0,2,24670
MO GU,0,6,5581715
Invade,1,3,320939
-,1,3,137787
-,0,1,4143
Warhammer Defense Core,1,0,93718
Invade,3,1,745050
-,0,1,341013
Ala,0,2,41482
-,3,5,175416
Once Upon a Time,1,2,533232
PSC,0,0,60515
PSC,0,5,79522
OneDone,0,1,389310
Ban,10,11,1619287
Sanity Eclipse,2,3,203558
HIRAYAH,41,26,2457150
-,0,1,0
-,0,1,51839
BENG_BANG_PH,2,1,612638
-,0,1,0
MALIGNANT,0,1,31073
Kunfayakun,1,5,285922
Minerva-X,1,15,3883988
youmombi,0,1,0
Floralia,0,1,97146
MO GU,0,6,1025316
Sapling-MIU00,1,0,107975
Matcha Ore,0,1,0
TW-Club,0,2,15462
Lai tsai Project,19,15,2067729
MoneyMoneyComeOn,7,5,447329
Lai tsai Project,7,9,1175219
1Mmortal,1,2,1167416
All The Villains,0,1,236289
1Mmortal,4,18,21130012
cat and rat,0,3,23358
Garden babys,2,1,0
PLAC,1,35,10329004
QuQnnTATnnOvO,40,13,5282821
The Black Banner,0,5,71346
One More Times,0,0,5083
itinerary,0,0,80035
LEGION1,0,1,48627
KADAL,0,1,553681
BLOB,9,11,448759
-,0,1,0
Midnight Rose,0,5,0
Gnosa,0,2,6471
-,0,3,0
WhiteSuits,1,8,207168
ANJIR GANG,0,4,34866
AK-74,1,1,42472
-,0,1,0
K R U N G S R I,1,0,18341
RATS NESTT,46,42,33642447
-,0,0,19440
UNITED REPUBLIC MERCHANTS,0,1,0
No Plan,0,2,0
Kunfayakun,0,1,12900
TEAM_MEMOL,0,1,0
Invade,10,6,1514781
RABBIT RAIDERS,66,14,4883840
Wing of Liberty,0,2,879995
The Myth,1,1,316375
BLOOD OMEN,0,1,0
TAKEDA 24,1,0,100879
TEAM_MEMOL,7,5,806665
Shu Shan,9,11,2661701
Switching To Heals,9,5,372594
bosaBOSS,3,5,302681
SHROUDED,98,34,57325581
Green Knights,3,6,161166
Meow Immortal,3,5,1188843
CoCa1nE,0,7,1436787
Abstract elderly home,0,2,0
Sunset,18,15,3720451
-,0,2,39685
WhiteSuits,1,1,24858
-,0,0,13487
Kingdom,0,3,1264867
Meerkat Assemble,0,1,779171
Kunfayakun,27,16,2448856
TAKEDA 24,0,1,37239
red king,4,5,1009151
Guerilla Warriors,0,2,0
KNYACKI,0,6,0
MO GU,7,12,2314948
-,1,2,115689
Ping300,1,8,1303418
-,0,1,0
-,0,1,0
-,1,3,279213
Real Man,0,1,399351
Western Paradise,44,22,6558554
1Mmortal,74,17,13559376
Minerva-X,1,7,1968030
SPCL Brotherhood,0,0,90896
-,5,1,538576
not cute anymore,18,6,2651784
AK-47,0,1,0
GOBLINS,10,19,7018598
Once Upon a Time,4,8,8201744
TGIF,0,1,182517
Meerkat Assemble,0,4,144115
Gravity Legion,7,6,587370
Crimson Majesty,0,3,191113
Chikipi,7,7,5800455
-,0,1,0
TGIF,1,1,33021
Seven Hill,0,1,0
Future Party,0,10,8354505
CTRL ALT DEL,0,6,2805
Chikipi,0,1,171015
Free Butterfly,5,6,769404
OniChanDizz,0,1,0
Peng Lai Xian Jing,2,10,333301
S D G,6,5,1463131
GOBLINS,1,4,2114893
Eternal Catastrophe,0,2,2967
Gravity Legion,0,1,0
9INE,61,72,23824609
Crusader Kings,7,21,4506007
HeIIo Kitty,0,4,1084044
A1A2A3A4,0,1,259298
Tree Viper,6,30,6879598
Minerva-X,2,8,1193424
Dark Soul,9,11,715205
KuromiO3O,35,22,7356822
Hei Hitler,4,7,3945661
MCS-P,18,9,3442429
Boar Army,3,4,1673918
Dragon-Mi,3,1,1753069
-,0,1,6370
ASCENDANT SUN,3,0,133626
Kingdom,5,33,9776571
Red Circle,19,59,4964137
-,0,0,9088
SHENJI,18,3,359404
BangCuopLuongSon,2,13,1405773
PLAC,0,2,1805043
Earn money,0,4,2725541
QuQnnTATnnOvO,62,54,5224256
Boar Army,1,0,39473
Future Party,5,11,8868284
NO-RE,2,7,3871552
nanjingdapaidang,0,2,18233
Real Man,0,1,76047
GFN-GFN,4,5,57835
HELIOS KNIGHTS,0,0,16766
Pierce,7,25,5309070
PalaceGUARD,2,3,79890
RYLs,0,1,146300
SEAR-Sixth,0,1,0
-,1,0,16518
MCS-P,0,1,0
WINTERZ,0,1,0
-,0,0,29122
Red Circle,4,14,1098528
Husky Empire,10,7,2487928
The Northern Constellations,0,6,777813
LunSol,1,3,63062
-,2,0,247673
Black Sails,3,1,54393
not cute anymore,2,3,703803
Griffin Empire,35,38,10333017
A X E,0,4,36947
Forever Night,0,3,11156
EDOK,4,4,602700
MoneyHunter,9,5,737795
F I G U R E,18,4,1998265
Another,4,5,733798
SOLAR BENEDICTION,0,2,18420
PAPAYA POKPOK,3,4,1328903
-,2,2,18503
Another,11,34,14299442
-,0,1,28706
Warhammer Defense Core,0,1,70254
Aegis of Fuji,0,1,0
Frostbite Reapers,9,5,780015
1Mmortal,58,30,15471275
Buccaneer,0,1,34044
GIGAN VIII,1,3,496492
Jagdgeschwader 52,0,0,93544
ENDANGERED,8,35,7307898
TRlUMPH,2,10,1353976
High Cards,3,8,558168
The Northern Lands,0,1,0
-,0,1,0
Green Shadow,0,0,44522
THE DAILY CHILL,0,1,53193
Noli Me Tangere,0,1,0
-,0,0,143450
PSYKOPATH,0,0,17390
Farm Or Die,1,2,37938
-,0,1,0
Psz,1,9,2176977
Meerkat Assemble,9,5,1052948
NingSheon,6,3,415859
All The Villains,18,10,4220267
good bomb,0,2,557944
good bomb,1,10,11540233
BLOB,0,5,141467
CHILIS,29,25,9584044
CHILIZ,22,5,4661994
-,3,5,287540
-,0,1,0
F A M I L Y,9,7,2683010
PLAC,2,1,2011519
SHOWTIME,0,2,480009
S1LVER,0,2,205601
Gungn1r,1,2,349482
Crazybabys,2,5,1346101
Griffin Empire,0,5,321042
Enterprises,7,1,2416145
B L A C K P E A R L,3,0,154368
CCTV,1,8,6824044
Grindval,0,3,57707
AK-47,30,38,1975867
Frostbite Reapers,5,2,1000750
AAAAA,0,11,726104
Dark Soul,1,8,239534
Griffin Empire,22,39,7043575
GIGAN VIII,8,9,2240106
The_APEX,14,26,2620732
-,0,1,54657
NoobGaming_YT,4,3,515005
POLSEK ALBION TIMUR,0,2,2588
Deathwatch,2,1,91696
Earn money,6,10,7873085
-,0,1,0
C O V Y,1,5,298034
RESPECTED FAMILY,2,6,82074
THEMERCENARY,0,3,43250
-,0,1,0
Astartes,0,6,135543
CHILIZ,121,46,29349865
China,65,31,15260990
KADAL,0,4,154427
-,0,1,0
Sequence,5,3,486937
I The Flying Dutchman I,9,10,767570
Invade,12,14,5239878
Invade,3,10,3416846
I The Flying Dutchman I,0,1,322420
V A G A B O N D,1,10,3886220
HuaDaBin,0,2,170552
Lymhurst Ranger,1,0,33401
-,0,1,0
conquer,3,8,2563638
Macho Media,0,4,509800
Pierce,1,5,73875
OneDone,2,3,639925
-,0,1,0
GOBLINS,1,21,4337097
Earn money,3,1,2791889
CCTV,9,5,1766753
Herve,2,5,287684
Shark Chew Toast,0,1,0
I The Flying Dutchman I,6,2,1890543
TRlUMPH,8,1,1099665
snow forest,0,7,4940193
The Loot Goblins,2,5,183454
MO GU,0,9,1447313
T1 FAKER,1,0,21057
CasualGrinders,0,2,55766
-,0,1,2863
NAGA PEOPLES FRONT,0,3,47645
Blue house,5,4,402668
PAPAYA POKPOK,2,4,516699
-,3,4,209137
Kunlun Jade QingJing,0,1,121285
China,3,0,309545
South PH,1,2,13057
snow forest,6,18,7809266
Griffin Legion,0,1,86629
Griffin Empire,1,4,1183011
snow forest,31,41,29716169
-,0,0,11192
F A M I L Y,4,2,4616948
Mamboo,0,10,181148
MORO,0,1,365203
PLAC,142,23,26666999
Invade,0,5,222552
Singosari,0,11,822804
VINA HOUSE,0,3,17408
Jagdgeschwader 52,0,2,85290
Minerva-X,9,4,2672555
-,0,0,16953
Husky Empire,1,1,17127
Reworld,16,11,3853542
Heart of Thetford,0,0,20644
Topspire,1,10,2415703
S Y N D I C A T E S,4,4,2090205
FLOPIT,0,0,33055
P U R G E,1,2,128554
N E R F,0,1,15218
Meow x Meow,0,0,44399
BISAYA TREE HUGGERS,0,0,28363
Abyssal Princess,19,2,597293
Fun and Pleasure,10,3,259370
Green Knights,0,1,0
THE WARRI0RS,1,4,4848
KATANA,15,15,3744034
COALITION,10,26,3097561
MANIFEST,0,2,0
Beavers,16,19,7025521
MoFuMoFu HEAVEN,0,17,287640
AAAAA,3,5,255563
G G E Z,0,0,6777
The Lonely Moan,0,4,341773
VONGOLA FAMILIES,1,0,22431
The Myth,0,1,99275
CHILIS,22,12,4108627
CHILIZ,71,37,15009817
Abyssal Order,0,1,0
I The Flying Dutchman I,3,19,13222327
Griffin Empire,12,27,7918462
SubuTai,2,8,2579393
-,1,3,81754
The swallow,1,0,131636
Wing of Liberty,1,0,68333
ar lone ka nyi ko twy,0,1,0
TESTUDO,0,4,1152
High Cards,1,0,37372
All The Villains,2,3,194344
-,4,21,387827
Just chill and play,0,5,36880
THE RELATION,6,4,616047
O U T L A W,2,3,175084
BENG_BANG_PH,0,0,3348
You Shall N0T Pass,7,5,679990
Reworld,30,23,4368344
-,0,1,0
Peek a Bomb,0,1,25009
THE KEGAI,0,1,21737
AlwaysAttackByBird,0,0,20145
P E N K U Y R A I,1,3,3545844
AAAAA,0,14,464352
-,1,0,159063
ZaRa,0,1,0
Dark Soul,1,10,200814
F R O Z E N,0,0,7647
red king,8,4,1833634
C H I,0,1,0
-,1,2,56623
PoopooDancers,0,5,395631
-,0,1,142571
-,0,0,13850
C O V Y,0,1,0
Solo-King,42,66,27090405
Wings of Liberty,0,0,56208
Mizoram University,0,0,1327
-,0,7,13832
-,0,2,0
Wing of Liberty,1,3,680340
KongFu PanDa,13,5,1455048
PSC,1,7,1815477
Farm Or Die,18,4,1887936
Once Upon a Time,0,0,338652
DONTBBbb,0,1,0
-,0,0,12498
Matcha Ore,0,1,0
Invade,0,10,4544104
Emergency,7,7,1031424
BLACK BANDIT,0,1,24955
TGIF,0,2,2064730
GOBLINS,0,0,388084
HuaDaBin,15,8,2518194
Emergency,1,1,216501
Meow Immortal,0,5,727976
Spero Spera,0,0,4078
D_MINGSSS,14,6,751540
Dino Jelly,0,2,203467
S Y N D I C A T E S,2,0,57461
Jia Nan,3,11,558847
DragonWorld,1,11,372290
M O G A,0,4,899665
Red Circle,2,4,882224
-,0,0,266526
Reworld,4,2,425091
DEVIANTS,0,1,0
not cute anymore,1,2,271148
-,1,0,59145
The Dust,0,1,24247
Crazybabys,0,0,42675
COALITION,0,3,290022
First love,0,1,0
Tamilaga Vettri Kazhagam,1,1,583753
The Boyz,32,14,3032108
AAAAA,0,5,86866
Fenr,0,3,1260613
MoFuMoFu HEAVEN,6,5,2242691
-,0,1,74637
CHILIZ,46,34,14033343
Albion E3,1,3,25884
Lym World,0,7,438752
Meerkat Assemble,25,37,16235880
Crusader Kings,23,19,6353010
9INE,94,25,18669199
GFN-GFN,3,4,75077
Once Upon a Time,9,5,2703480
SideQuest,0,1,116457
SubuTai,2,6,323334
The Fide Blood,0,0,59786
PLAC,0,4,2905407
Peony Flower,0,0,335774
S D G,1,1,1366729
All In Fighting,8,7,2271463
Boar Army,4,1,595271
Mammoth King,29,8,5715552
Mika,17,18,4220031
cat and rat,1,0,29215
Forever Night,5,16,2588030
oo0oo,2,5,612911
Judy no go Cindy no come,13,6,858811
DOKDO,0,1,48701
busibuxiu,6,13,767028
Creation Camp,0,2,68923
conquer,4,5,418573
-,0,1,0
V A G A B O N D,6,35,10305513
ENGAGE ON ME,0,1,0
MELEE,12,5,758081
Pink Memory,3,4,1841008
-,0,1,0
TAKEDA 24,0,1,0
MooMoo,1,8,2850734
Royal-Thetford,0,1,0
-,0,4,44607
9191,6,1,2947450
HappyDay,6,4,1656376
DDBS,51,29,18004086
Old Man,0,1,618413
Chlamydia,0,2,0
GIGAN VIII,3,17,785770
Hei Hitler,1,1,365968
Mika,0,0,854039
ArgoVesta,0,1,0
B L A C K P E A R L,3,6,376023
Kunlun Jade QingJing,0,1,0
Mika,0,0,296936
-,2,1,107333
I The Flying Dutchman I,0,1,453955
Filibusteros,7,8,5514658
1Mmortal,0,2,564417
ROYAL CARTEL,4,2,281836
desert cat,0,3,22324
CHANG,2,9,210217
KuromiO3O,1,11,5236894
F A M I L Y,0,1,3933
MoFuMoFu HEAVEN,12,15,582331
pig bank,1,1,64817
F R O Z E N,0,1,127571
Albions Ark,1,3,305730
Real ONE,11,4,4696777
After Cleric,6,3,1340008
321 Demass,0,1,4342
SHOWTIME,1,16,1801415
Jia Nan,0,2,108954
LaoPLao,0,0,1107310
oo0oo,0,2,176648
-,0,0,3642
ONG BUT,2,1,212659
Demitasse,0,1,0
Doritos,1,4,327528
Forever Night,7,4,828016
-,0,2,55379
T O K Y O,2,2,141324
-,0,0,33288
Psz,27,38,11255763
I The Flying Dutchman I,9,12,13345985
-,0,2,16104
-,0,1,0
CTA,1,0,365180
-,2,3,925323
OneDone,2,6,813079
HAMSHTER,0,0,74790
P U R G E,19,8,5031028
I The Flying Dutchman I,2,3,2939044
THE RELATION,9,9,654212
Eagles nest,6,7,261202
RESPECTED FAMILY,1,5,139973
-,0,1,0
Midnight Rose,1,2,30693
Diana,0,1,0
Freedom_Castle,1,4,169105
MENGXIN,0,0,13540
-,1,0,1232178
OneDone,0,5,1198938
Dread,1,10,5110043
TRlUMPH,1,4,347700
The Neighborhood,3,7,301780
-,2,2,59244
KAKI TIGA,3,0,214144
OneFame,0,1,0
Wing of Liberty,6,8,1125622
Dark Ravens,0,1,0
Ayam Tempur,0,0,7592
Stellar Alliance,5,7,1362276
Solo-King,15,32,15677771
Sunset,6,18,3777714
The Lightbringers,0,1,0
Pink Memory,9,9,1823140
SpartanS 300,0,1,1054
AFTERMATH,9,3,713739
TONPA GANG,1,7,136190
PoopooDancers,0,3,986262
F R O Z E N,8,11,1301515
RABBIT RAIDERS,1,3,237228
six doors,11,2,2237278
Task Force Stingray,0,1,0
Albion Newbie Shelter,1,2,186500
-,0,2,14662
HK-99,1,0,34892
HidE0ut,1,4,55000
Peek a Bomb,0,1,25009
COALITION,3,2,938245
Forever Night,5,0,392811
Reworld,1,2,184058
Technique,0,1,32237
Azurel,11,6,5948985
R E V O L U T I O N,7,5,1460595
Filibusteros,2,0,91570
F I K A,0,3,384454
-,0,0,37461
TAKEDA 24,0,3,26665
Speed Run,0,1,0
GenG Abang Tikus,2,2,4403
C O O L D O W N,1,0,37975
cat and rat,0,0,29215
Holy Black Knights,1,4,269704
-,1,0,107723
ROMAN EMPIRE 1,1,0,72451
The Neighborhood,1,1,279340
Noob Family,0,1,20427
Cheery Blossoms,0,2,21154
Helios Phoenix,10,2,1345733
COALITION,1,19,1962744
PUMPIM,0,1,0
Trials of Twilight,0,2,0
Singosari,0,1,0
Once Upon a Time,33,13,8301138
V1OLET,0,6,1160330
KASKUSS,1,0,103842
-,1,0,20856
F I K A,1,1,412469
Judy no go Cindy no come,0,2,84064
First love,0,1,0
Speed Check,18,6,1067557
Rescue Station,22,10,4592281
-,10,2,1651990
-,1,0,491263
Battleborn,0,1,4213
Dragon Blade,22,15,3284212
CoCa1nE,3,8,1490601
GuGu GaGa,4,0,451172
Invade,0,3,109598
Invade,12,17,5028323
-,0,1,77613
TAKEDA 24,7,6,290286
-,0,2,4855
Forever Night,0,1,0
F R O Z E N,2,6,152935
Boar Army,1,0,56292
DMT D0MINATOR,0,2,0
-,1,6,118696
The Question,1,9,255593
CCTV,0,3,39845
Forever Night,4,2,1415075
2077,12,3,307901
GIGAN VIII,0,5,665570
-,0,1,0
xuyuxiansheng,1,0,15183
COALITION,10,18,2577273
Boar Army,2,1,145969
-,14,2,1401540
Abstract elderly home,0,2,0
Last Requiem,0,1,20519
RABBIT RAIDERS,4,1,701639
Penyembah Softex,4,7,1343519
-,0,4,341575
-,0,5,0
Shu Shan,12,6,1995649
RAJA GURUN,0,1,101465
QuQnnTATnnOvO,2,1,183167
-,0,1,0
Mythical Knight,0,1,88298
INTIMIDATION,0,0,2562
PSYKOPATH,0,2,0
CapybarAAAA,57,31,10140869
CCTV,0,4,2202790
itinerary,1,8,106635
Lazy Bear,0,1,0
C R O W N,1,7,97811
Once Upon a Time,35,13,7006603
Hong Xing,4,1,406326
SERIGALA HITAM,1,2,45587
S1LVER,3,3,176459
Dread,8,7,3678271
itinerary,1,5,193306
ArtEm Warrior,0,2,0
BELALANG,0,2,71941
Invade,36,15,10281964
MoneyHunter,0,1,0
mechanical,0,2,492
-,0,0,250375
Wing of Liberty,0,1,10634
Midnight Rose,2,5,375433
Eternal Royal Throne,0,4,11159
eRa Empire,0,1,0
Dark Looters,4,5,343082
-,0,3,0
G A I J I N,4,7,91694
Buzztard,0,1,54566
SUN LUCK,1,1,98028
Echo of One,18,10,2157852
C O V Y,0,0,41850
Coup de grace,0,0,210751
Kanglei Natives,0,1,1916
BeasTDaK,2,3,56670
-,0,0,31443
Once Upon a Time,5,14,4918245
SO EZ,1,1,83898
-,1,0,12486
GIGAN VIII,2,2,229897
I The Flying Dutchman I,0,0,2445907
High Cards,5,4,340440
-,0,3,19776
Free Butterfly,4,15,892415
Kingdom,0,0,225206
Technique,6,10,607394
TRlUMPH,6,22,5758600
Husky Empire,2,1,252931
Shawdow Garden,0,1,0
PLAC,13,20,12313632
Pierce,11,40,7835447
Crusader Kings,28,18,4818626
9INE,109,38,17900181
-,0,2,22976
Mamboo,8,10,315697
BLOB,22,15,2402725
Real ONE,0,3,3175448
C4_Horizon,0,2,0
TRlUMPH,0,1,15754
-,2,1,51534
Shining Star,1,9,488237
Mam-moth,0,1,0
eRa Empire,0,3,40912
-,0,3,0
-,13,3,1078326
Space Wolves,0,1,0
KUMA,8,12,862807
Free Butterfly,1,8,624261
The Myth,18,24,4777282
S Y N D I C A T E S,0,1,0
Ikatan Pemuda Fortsterling,0,3,9468
LORDSgulid,0,0,17507
-,0,1,0
fortuita viri,1,0,65448
Forever Night,0,1,0
Sapling-MIU00,0,1,0
CoCa1nE,3,0,321947
Meeting Stone,1,2,1663647
MINlONS,19,10,6629715
unLuck,3,2,27547
-,0,1,0
S1LVER,0,6,407865
Chosen Few,0,1,223047
PSC,0,1,0
Gold Pigs,8,10,3634793
RABBIT RAIDERS,0,3,793824
H Y P E R T E N S I O N,5,1,755670
Abstract elderly home,0,1,0
lets do it,0,3,0
T O K Y O,0,1,54395
HIGH and Hungry,0,1,0
AVA,0,0,238762
Future Party,49,16,11506219
Solo-King,28,29,10085159
-,0,2,0
GuGu GaGa,3,11,2282094
PalaceGUARD,16,10,6252601
GuGu GaGa,17,15,7087822
-,0,1,0
F A M I L Y,0,0,1975914
-,0,1,0
Once Upon a Time,14,9,9289669
-,0,1,0
Dreamweavers,10,6,866574
Feeling Pro,1,1,41121
TRlUMPH,2,0,154789
Farm Or Die,0,0,63248
Invade,0,3,232501
Battleborn,0,1,3537
Topspire,0,2,283190
The Lonely Moan,2,2,426672
Screamy,0,1,38711
Meerkat Assemble,4,11,7456746
CHILIS,0,0,199619
2077,1,6,203682
RABBIT RAIDERS,3,3,156460
Pink 7,3,4,98855
FATE-Excalibur,0,1,0
Lube Core,2,0,231799
The Scarlet Dawn,0,2,0
-,0,1,0
Sapling-MIU00,1,3,222026
oo0oo,4,5,1902839
snow forest,3,4,1065298
1Mmortal,7,5,5869421
Western Paradise,2,11,1445947
Destroyer2009,0,0,3789
Old Man,1,8,988656
-,0,0,41864
Dragon Blade,0,5,194028
Earn money,1,5,2491275
JK-888,1,0,125530
Free Butterfly,3,6,1144128
SubuTai,10,7,10784014
CHILIS,1,12,1219871
SHOWTIME,1,5,803578
-,0,1,168759
Yuzi,1,1,182072
KUMA,1,2,212009
PSC,7,14,2733586
Gondor,2,0,203271
All Rise,2,23,12802976
SHOWTIME,14,11,2611994
Garden babys,0,1,30304
PSC,0,2,217546
ENDANGERED,15,4,5288434
C O V Y,1,4,220933
NB FOREVER,0,5,17620
Minerva-X,2,1,922971
Boar Army,13,3,3652886
Prodigyy,8,1,1353440
-,1,1,126117
CAOTAIBANZI,3,10,508325
F R O Z E N,7,14,1309382
SubuTai,36,8,12915708
ISKRA,2,6,108122
-,0,1,239010
69luv,0,5,366443
Pink 7,0,1,0
Mika,0,6,3589977
All In Fighting,4,4,3665502
Stellar Alliance,0,0,245400
1Mmortal,83,19,20202214
Big mom,0,5,1952945
-,1,1,92645
Mika,15,4,739279
AAAAA,3,0,102283
Gold Pigs,11,2,2635181
Boar Army,0,1,182101
V A G A B O N D,2,2,604619
Bretonnia,50,16,7062698
Free Butterfly,1,11,310176
pig bank,0,1,110185
CoCa1nE,6,5,1116466
MINlONS,0,2,628654
PLAC,0,1,1094130
KongFu PanDa,7,6,869311
Free Butterfly,0,2,0
CAOTAIBANZI,0,2,0
Nania,0,0,39688
Reworld,11,1,2898989
MCS-P,9,8,2875639
LangKhao,1,4,160560
overbudget,0,1,0
Epstein island,0,1,0
GFN-GFN,0,1,0
Realest,0,1,0
MooMoo,25,29,8927498
N Y X,0,1,0
MO GU,4,4,374641
NingSheon,10,2,1252530
Helios Phoenix,2,1,120799
ENDANGERED,74,43,9421510
Earn money,48,17,6902148
-,1,2,45142
Griffin Empire,0,4,768756
CHILIZ,8,13,4244731
Boar Army,0,4,1024326
cctick,10,11,6808248
Heaven Knight,23,29,10230148
China,0,2,91747
The Wardens,0,4,0
All The Villains,26,44,17026088
Invade,4,12,6417026
Earn money,21,3,6778130
DeSaiko,4,10,351706
Diana,2,1,193345
-,0,1,0
CHANG,0,1,56038
-,0,1,24712
Unity Forge,1,0,24046
-,0,1,0
-,0,1,0
VINA HOUSE,2,6,402298
The Lonely Moan,0,9,4133169
ZONE 14,0,1,0
QUILL,1,6,639039
koryen,1,0,43212
Shadowsoul,0,4,0
-,0,0,5280
Ryofui Economy,1,1,36394
The_APEX,2,10,2214660
BeasTDaK,3,5,1082176
SideQuest,0,3,281575
Maharlika,0,3,1401279
red king,3,11,3347972
P U R P,1,4,1097664
ArgoVesta,0,1,0
-,0,1,144077
Global Unity,1,3,116976
HER MES,0,1,0
-,0,1,14869
GOD EATER,0,1,196837
Singosari,0,1,52634
-,2,0,51738
My Lethal Pony,1,0,159313
Astartes,0,0,10608
Snowflakes,4,20,2496572
DMT D0MINATOR,1,1,95276
-,0,1,0
THE DAILY CHILL,0,1,11245
H Y P E R T E N S I O N,19,12,1092485
GUARDIANCATS,0,3,4636
Noob Family,0,2,0
G U I L D,3,8,128912
Same-to-You,0,5,173192
Freedom_Castle,1,0,3048
Singosari,1,2,98766
I The Flying Dutchman I,16,2,11943306
GOD EATER,13,17,6515265
The swallow,9,6,2711588
Invade,4,1,1966083
GTO Nazarick,1,4,92296
-,0,1,0
R E V E R I E,0,21,4361518
TESTUDO,2,1,128753
PSYKOPATH,2,3,135849
Ocean Waves,2,3,140863
ENDANGERED,1,2,330992
-,0,1,0
DDoS,1,2,38743
-,0,1,0
-,0,1,95001
MINlONS,0,4,646029
QUILL,1,0,75922
Fsszsb,1,1,2856
The Lonely Moan,5,10,622262
FrostCrystal,0,0,2622
Tarumanagara,4,6,783407
C O V Y,0,3,0
Kunfayakun,0,1,0
-,0,1,0
H B J,0,1,62543
snow forest,32,4,4690482
War Bears,0,2,0
Boar Army,1,7,1230295
Scythes Area,0,2,2928
P U R G E,6,5,1608335
Meerkat Assemble,1,6,1690443
-,0,6,48974
D U D U,0,1,0
-,0,1,0
Green Shadow,1,0,34461
The Northern Lands,0,5,37086
PSC,12,27,5623875
Ordo Musaceae,0,1,81844
T O K Y O,1,1,54395
No Picture,1,5,51777
Forever Night,0,0,146956
V1OLET,0,4,657118
REDEMPTION CODE,0,1,0
321 Demass,0,1,0
Garden babys,0,1,0
V1OLET,4,10,3416019
-,0,1,0
Peng Lai Xian Jing,1,3,159452
PalaceGUARD,0,1,4610
Western Paradise,1,13,2535166
HeIIo Kitty,136,40,36516504
HelIo Kitty,24,9,8917629
JOLLY,5,6,201410
Forever Night,0,2,31889
9INE,33,9,4390898
Meow Immortal,1,12,1221377
The swallow,1,16,3965726
Mika,10,5,1219271
Mount Never-Old,2,0,41956
CCTV,0,2,23733
WARGA KONOHA,0,2,0
CrossBlade,0,1,16666
HappyDay,1,0,103522
TEMPLARS_ORDER,1,4,93293
welcome newbie league,0,1,3428
TRlUMPH,18,17,6155239
-,0,0,13691
VELARIS,0,3,84075
-,0,0,23585
Aetherion Order,0,3,73498
Griffin Empire,9,18,2023185
P U R G E,19,7,5878645
Hooman,1,4,335286
Singosari,0,2,49912
NECROSIS,0,0,76401
PAPAYA POKPOK,14,23,6482833
ORANG JAWA,0,1,0
MINlONS,35,12,6564580
Kids On The Move,1,0,47922
The Lonely Moan,1,2,195230
Peng Lai Xian Jing,3,12,1102674
AAAAA,0,1,24231
SubuTai,3,3,2242298
HeIIo Kitty,0,7,4212025
Kids On The Move,0,2,9046
Jagdgeschwader 52,6,8,1001563
OMNI SLASH,0,4,9560
WhiteSuits,5,9,677382
Mika,19,6,2360098
1Mmortal,4,1,2329280
All In Fighting,13,8,2125081
-,0,1,0
Mika,2,5,3810431
All In Fighting,6,6,2949818
Boar Army,1,1,224817
HIRAYAH,0,4,112466
All Rise,0,7,14659564
D R E A D W A T C H,54,28,3431176
INTERGALACTIC BAGANG,1,0,1478
ETERNAL CRUSADE,1,3,11604
ORANG JAWA,0,3,0
-,4,4,118266
China Daoism,5,4,294092
NULL,1,12,958828
Circus,0,1,0
Valar_Morghulis,1,2,809559
Invade,1,8,2175517
All The Villains,7,2,778722
-,0,1,130866
A Brave Man,49,26,13448398
snow forest,1,0,365544
Tarumanagara,0,1,64972
MoneyHunter,8,7,778271
Crazybabys,1,1,104060
-,68,9,4892261
-,0,4,890826
Reworld,2,1,504296
Seven Hill,0,1,34799
Chikipi,4,3,3991162
X I N,0,1,93341
Old Singularity,0,2,663958
TAKEDA 24,1,7,40419
Holy Black Knights,0,0,42318
KPA,1,2,417350
busibuxiu,6,11,1031732
PLAC,21,7,4496967
Wavei,0,2,39315
Raining,14,13,650578
NO-RE,0,2,305432
00nemo002,1,7,122485
-,0,1,0
Mika,5,1,677875
All In Fighting,1,0,270977
Master Siomai,17,32,1843567
Crusader Kings,1,1,62615
Shark Chew Toast,0,5,67328
-,0,2,32988
1Mmortal,0,13,8836347
Solsticee,0,1,19029
-,1,0,42579
Meeting Stone,27,12,7427896
HYBRIDS,7,3,582296
GOD EATER,0,1,627296
Government Program,2,4,807034
R E V E R I E,1,3,1954883
Stronghold Crusader,0,2,11186
Solsticee,0,2,11931
Final Stand,0,1,0
Filibusteros,24,7,4932632
Helios Phoenix,0,0,52493
-,0,1,0
SpartanS 300,0,2,21286
COALITION,12,6,2416831
NGGang,9,2,1231096
Warhammer Defense Core,3,5,162755
F R O Z E N,7,11,1536783
V1OLET,6,7,3006124
Farm Or Die,19,5,2673812
Nemo Nemo,9,14,4916411
PVP With Me,11,2,98075
Solo-King,50,28,17446890
PalaceGUARD,33,33,12182790
THE BLEEDING EDGE,0,1,0
Invade,2,5,1785119
Boar Army,5,15,3464496
-,0,1,0
C O V Y,0,1,0
Mamboo,0,5,113513
PSYKOPATH,1,2,36024
Holy Black Knights,0,0,67652
Conscripted,1,2,1529944
Griffin Empire,17,11,8349745
PSYKOPATH,0,0,46024
Royal Grand Order,0,1,7341
QUARTZ,0,0,34738
BeasTDaK,13,4,1757959
TGIF,20,13,10664564
pig bank,0,5,64817
Hooman,0,1,0
All Rise,1,1,113661
Invade,3,5,1024645
Topspire,0,0,151690
Screamy,0,0,38711
Knights of the Vale,0,1,0
Filibusteros,3,6,3007931
321 Demass,2,1,136384
CHILIS,1,2,370801
Beavers,4,16,2831573
Fake engage,1,3,25583
P U R P,14,16,3605507
Only Gamers,1,1,69709
GFN-GFN,0,3,106267
Gold Pigs,0,2,0
-,0,0,145763
Finish,3,2,304855
GIGAN VIII,4,1,1072136
DlSBAND,9,9,3316820
BLOB,3,21,1327416
-,2,1,214756
TEMPLARS_ORDER,4,10,984507
SpartanS 300,1,1,38111
9INE,4,11,3742335
China Daoism,0,2,20007
KaiHuang Alliance,0,0,1712332
CCTV,0,4,1474185
World BOSS,0,5,1527141
Gondor,0,10,694753
Yellow Zone Kings,0,1,1703
Mika,15,15,4554683
CAOTAIBANZI,19,8,1848839
CNTC,5,4,310213
CCTV,38,8,4135547
PLAC,4,55,17184970
Singosari,3,21,1609902
China,5,36,9848689
Reworld,0,1,1077098
Chihuahua Family,12,9,1026895
Forever Night,1,1,329235
-,0,1,0
HappyDay,22,12,4022957
Free Butterfly,1,4,189816
Sunset,36,30,10175390
NO-RE,50,68,23776500
Once Upon a Time,12,4,3315306
WuKingWanSui,8,10,320425
Red Circle,0,1,225649
Money Belief,6,6,189572
Jia Nan,3,8,166034
WrymField,0,0,44216
PSC,2,1,450744
BEAR HUG,0,4,6824
The swallow,10,13,5264124
NEXUS FAMILIA,0,1,0
Nemo Nemo,18,35,9824869
FROSTBITE STRIKERS,0,1,120958
Wysteria,3,0,274040
-,0,1,0
MO GU,0,1,9759
GOBLINS,1,1,705842
Once Upon a Time,7,11,14598857
Sunset,4,7,5400566
HuaDaBin,19,17,6600055
Boar Army,4,12,546039
Freaky Fools,0,0,450198
-,0,1,19698
PLAC,2,0,193161
Conscripted,0,0,2054583
Nemo Nemo,0,1,241253
Kamusari,2,0,1272020
S Z P,2,2,494790
MO GU,3,5,2593039
Sequence,3,3,1831762
C O V Y,2,5,122119
The Verdant Order,0,1,5313
Bretonnia,14,15,3654221
ACM,3,17,4156325
P U R P,14,19,8533135
Pierce,21,25,12761968
Mahatma Suvarna,0,1,5416
KEYBOARD,0,3,88091
Iron Dominion,0,2,0
SLAF,0,1,0
The Neighborhood,0,11,322049
Stellar Alliance,11,18,4057819
MafiaZone,0,0,18263
SHOWTIME,16,13,4854791
Coup de grace,1,6,497674
HERO LEAUGE,0,2,0
Wysteria,4,4,761084
WhiteSuits,18,13,2316622
-,5,0,372955
Give Me Your Sis,13,13,995899
N O C T U R N A L S,1,0,32732
Meerkat Assemble,0,1,0
Shadowborn Syndicate,0,1,6446
-,0,1,12498
PLAC,0,10,5286385
Freaky Fools,1,1,103308
NO EGO,0,3,27486
Topspire,0,2,716175
All Round,0,0,248426
-,0,1,47593
Real ONE,14,3,9417987
Rescue Station,13,23,12341453
-,0,1,4575
AK-47,0,1,0
Future Party,62,17,15565144
PalaceGUARD,0,15,5832703
KPA,0,1,0
-,0,2,86126
PLAC,77,23,32567041
Free Butterfly,6,4,604831
The swallow,20,4,1511650
F I G U R E,4,17,5651791
TAKEDA 24,0,2,92220
-,0,1,0
-,0,1,0
ROYAL CARTEL,3,2,228771
RadioMarket,0,1,0
After Cleric,5,13,2501689
Filibusteros,4,5,2053055
KUMA,19,12,1396457
-,0,1,0
Raining,4,12,461762
-,1,1,90072
The Inquisition,0,1,4107
Jagdgeschwader 52,1,2,11286
B1B2,0,1,2482
-,0,1,0
POLRES LYMHURST,4,0,58932
R E A D Y TO D I E,2,0,65126
-,7,5,443529
REDEMPTION CODE,1,2,48078
GuGu GaGa,7,8,3781763
Gerhana,0,2,22439
-,1,0,23251
GunungMulus,0,2,1594
Snake Snake Fish Fish,2,0,572801
OniChanDizz,0,1,0
Prodigyy,26,15,9087375
Wacky Man,26,6,6375283
Meow Immortal,2,3,2443288
Meerkat Assemble,8,12,3040925
Chikipi,25,14,7560741
RISER,3,3,58880
-,0,1,0
M A R S,0,1,0
P U R P,6,25,7488369
Avatar,0,3,103122
-,0,2,45532
Peace th,0,2,0
NULL,15,11,1812237
-,0,0,6263
Lumi,1,0,33053
AAAAA,1,1,87840
OverDaddy,3,0,79934
Moonshine Midgets,0,0,11245
The Black Banner,4,2,474481
Goroshi,0,0,12752
First love,0,0,259984
QuQnnTATnnOvO,39,52,5863281
AAAAA,10,3,120230
-,5,8,944435
Dragon Borns,0,1,0
I Slytherin I,14,9,566120
PSC,12,7,1466279
PSC,3,0,303554
VINA HOUSE,7,13,1021332
-,0,0,17018
The Loot Goblins,0,0,244868
-,0,1,0
Solsticee,0,0,20067
overbudget,1,3,11829
THE RELATION,7,6,966011
CAOTAIBANZI,8,8,880595
Real Man,2,1,153380
Creation Camp,0,1,26891
B o S,0,1,0
Green Shadow,0,0,33456
-,0,1,8420
Trying to be,9,10,639206
-,0,1,0
Concordia,0,1,0
Helios Phoenix,0,0,15202
RABBIT RAIDERS,0,0,1979
Dark Oath Syndicate,0,0,11267
Brightshield,0,0,4389
-,0,1,0
Meow x Meow,0,0,159847
I The Flying Dutchman I,9,11,13090490
1DAY,0,0,4983
Eagle Army,0,1,13487
A X E,0,0,58757
God_Of_War,14,5,684713
-,1,1,78669
Money Belief,4,3,177780
-,0,1,0
VINA HOUSE,1,3,27617
Lucky Fools,2,4,697527
WARDEN-SLAYER,0,2,1401
WowMayKay,0,2,53523
Lymhurst Ranger,0,3,61479
-,0,1,223901
NULL,0,0,54998
CHILIS,3,3,1576183
CHILIZ,0,0,981963
CHILIS,7,17,21570956
TERLALU MALAS,0,3,0
RAPTOR TH,0,2,9368
H Y P E R T E N S I O N,24,30,3740346
Tequila,1,1,33225
Diana,0,2,0
bongas,0,1,0
KAKI TIGA,2,3,158011
D Go Liang,0,1,60965
R O O K I E S,3,3,315685
A Brave Man,2,3,645477
snow forest,0,0,191858
Bretonnia,0,1,58927
-,0,1,0
TAKEDA 24,2,2,637020
TEAM_MEMOL,0,1,0
Lex Talionis,1,0,45869
CNTC,1,9,239873
NULL,1,10,1844109
I The Flying Dutchman I,1,11,4747906
Critical Impact,0,2,10862
THE WARRI0RS,1,0,243402
Dark Soul,3,3,278900
Nemo Nemo,1,3,1445949
KaLaewKaLad,0,3,208322
Stray Socks,3,2,220765
1Mmortal,0,0,66952
-,0,0,5437
-,0,1,0
MELEE,1,3,2623516
KATANA,2,8,689690
All The Villains,0,3,1435018
Mika,0,31,7535876
THE WARRI0RS,0,1,0
The Kingdom of AkarnBee,0,1,0
UNITED THETFORD,0,1,0
THE WARRI0RS,0,0,28097
VINA HOUSE,10,22,1409732
TEMPLARS_ORDER,4,1,276985
Speed Run,0,1,0
Real Man,2,5,1194273
All In Fighting,0,4,1824044
Mika,0,6,618106
All Rise,0,4,725897
CHILIZ,2,15,6370526
CHILIS,10,16,8952288
SubuTai,1,2,400970
-,0,2,0
Red Circle,23,5,825444
ASS,9,2,217691
Friendly PVE,0,2,122191
Chikipi,0,2,1560885
CCTV,12,6,2814674
-,0,1,2333
Invade,0,3,74736
TIKITIKI,0,0,28220
PLAC,4,1,168943
MooMoo,17,21,10928088
KHWAI,0,1,512450
Stellar Alliance,51,6,8661502
No Picture,0,0,7906
-,0,1,0
Pristine,0,0,464658
I The Flying Dutchman I,7,6,14897053
Chikipi,0,0,546820
good bomb,0,5,1993048
Destroyer2009,0,0,3789
Dragon Blade,3,5,301990
Bretonnia,26,19,3572522
-,0,1,20240
H Y P E R T E N S I O N,50,46,4998074
Immortal Empire,0,1,5944
CBCB,0,0,58405
Scattered Immortal,0,0,81966
Solo-King,7,13,5315260
Dreamweavers,2,4,28913
MoneyHunter,3,5,151033
-,0,2,0
AK-47,1,0,8374
I The Flying Dutchman I,3,7,4795821
Meerkat Assemble,8,19,8360874
Stellar Alliance,6,7,741546
POOPII,13,5,728505
conquer,0,5,585105
-,0,7,7598
Dragon Blade,0,2,1121165
Aetherion Order,0,3,20272
Weirdwhite,0,1,0
Pierce,10,27,7227610
Invade,0,3,0
Griffin Empire,4,3,405455
Meerkat Assemble,28,37,15363519
Z GEN,3,2,762773
MO GU,15,16,9590134
Solitary Angler,0,1,0
not cute anymore,0,2,1004486
Singosari,0,1,0
OneDone,0,7,1002320
-,0,0,18712
GOD EATER,1,7,75568
Filibusteros,0,0,16321
RESPECTED FAMILY,0,0,9090
One More Times,10,2,788360
CoCa1nE,0,2,535037
Freaky Fools,3,15,3277026
HIRAYAH,0,1,4987
-,1,1,425141
MooMoo,5,5,1079257
-,0,2,30883
W BLOOD,3,8,388539
Kamusari,0,0,1255622
Menhera,0,2,481291
-,0,0,7672
Helios Phoenix,2,5,802620
eRa Empire,0,0,24359
Abyssal Order,6,16,404551
Soul_Society,0,1,122304
All Rise,3,21,12043336
snow forest,17,10,6560451
Congregation,0,1,0
Filibusteros,1,12,1041399
SubuTai,1,3,604226
KAKI TIGA,0,1,0
RAGNAROK,0,1,12794
-,0,1,0
The Wardens,0,0,9194
-,0,1,0
SO EZ,8,17,2074688
eRa Empire,0,4,1240
Government Program,0,4,12239
LUPAC,4,1,507096
CHIAROSCURO,0,0,96187
Blue Phoenix,0,11,493153
Forever Night,55,16,6386197
Minerva-X,0,9,1463700
Superia,1,1,78741
PLAC,0,3,1260379
MooMoo,25,20,9019278
I The Flying Dutchman I,1,3,1784877
Nellie,0,1,0
P U R G E,77,8,11405066
Sapling-MIU00,0,2,82510
PoopooDancers,1,2,439452
JAPANTZ,0,2,0
Emergency,3,3,687387
Masked Bandits,1,4,961636
Demon of Inari,10,9,348932
CapybarAAAA,190,48,10387701
JAPANTZ,0,3,0
Rescue Station,93,11,19047184
MABAR,1,1,44718
Kunfayakun,3,2,155679
Death Of Ava,0,9,54134
Meowfia,1,1,22886
UnifyVN - 304,13,0,91334
DEMONIC EMPIRE,0,1,0
Heartsteel,14,16,2411644
A p os t l e s,0,3,97675
D E T O N A T I O N,4,9,549892
Real ONE,32,11,14781844
After Cleric,4,2,2547636
Western Paradise,0,10,2628775
Speed Check,0,2,0
LOOKOUTS,1,4,182282
-,1,5,146351
Mystical Knights,0,1,77059
strange thief,0,2,116806
DAMN,0,2,470150
Fake engage,0,1,0
F A M I L Y,3,3,2426978
CHILIZ,5,8,2849842
The Neighborhood,9,0,899731
Invade,2,2,52830
Runz,0,2,0
MO GU,1,1,444550
OneDone,34,10,4021131
-,5,2,1140527
Screamy,3,0,443672
ENDANGERED,49,18,2644321
Alone in The Mist,1,2,45474
-,0,0,36555
An Guild,56,8,3299753
China x1949,0,1,0
-,0,0,50872
Free Butterfly,0,1,395846
Kiss My Axe,0,2,7527
-,0,1,0
THE WARRI0RS,0,1,0
LYM PORTAL,0,2,71566
-,0,3,20849
Green Shadow,0,1,17160
KAKI TIGA,2,1,244373
A p os t l e s,69,25,6218497
Singosari,1,2,79958
Aetherion Order,0,2,67912
Warhammer Defense Core,0,2,0
Lucky Fools,0,2,5480
QWEWQ,7,4,734561
MABAR,1,1,76189
MABAR,1,5,12422
just there,0,1,0
Kunfayakun,1,1,105062
Black Sails,2,0,469880
IronForge,0,1,0
Pussi Gang 69,0,2,174598
-,1,0,145488
SubuTai,23,24,8694406
Kamusari,8,6,5925655
Menhera,2,6,1329186
-,0,2,0
The_APEX,0,1,392490
All The Villains,1,2,17194
-,0,1,42321
-,0,8,179896
SpartanS 300,0,1,7374
Alone in The Mist,0,1,0
Cut Throat,15,11,1893013
THEMERCENARY,0,22,999670
The Dancuk,0,2,11311
-,1,0,29200
All The Villains,9,6,3100091
MO GU,0,3,95423
MooMoo,0,10,2091828
Filibusteros,0,4,1057726
busibuxiu,0,2,144704
PDl PERJUANGAN,0,1,5352
C O V Y,0,1,0
From Zero,0,0,20491
The Neighborhood,0,1,152588
KAI RUY,0,1,0
Chikipi,1,4,1568229
good bomb,7,10,5205721
conquer,4,3,354644
Solo-King,0,0,36310
Dark Soul,0,3,344662
Take Care Your Ass,1,2,498014
All In Fighting,0,0,270977
PLAC,2,17,7740192
Circus,1,1,15035
All The Villains,0,3,1425315
GIGAN VIII,1,7,1576656
DlSBAND,1,4,1300877
-,0,0,2097
BeasTDaK,4,12,6394515
six doors,3,2,1333683
Pink 7,16,11,518871
cat and rat,0,2,10908
Future Party,18,60,28161994
KuromiO3O,10,4,3608855
VIET NAM ssm,0,1,0
Chicken Nuggets,0,1,1065
-,0,0,7682
QUILL,0,0,5475
Sons Of Cry,0,1,0
Echo of One,1,2,326947
-,1,0,149192
Rising Stars,1,1,100912
WhiteSuits,0,0,24610
not cute anymore,2,11,2924752
Ban,0,0,30021
RISER,0,2,20995
Cut Throat,0,0,699027
I-MOA-I MERCHANT COMPANY -TH,0,1,22418
-,0,1,0
Meow Immortal,0,1,2191124
-,0,0,16092
TEAM_MEMOL,0,1,572057
takkasin club,0,0,47241
Multi-Nations,0,1,4863
CHILIS,23,27,6409183
CHILIZ,17,13,2646152
SUON PH,0,0,11541
SuonPH,0,0,94595
High Cards,0,1,0
The Lonely Moan,0,0,48377
Reworld,16,7,4324145
CVLT,97,39,7449212
-,0,0,31521
WhiteSuits,14,4,1678788
-,4,5,356119
TheGreyKnight,0,0,16999
anomali SILUMAN,0,2,13352
Chaser of The Wind,5,3,363312
OneDone,0,0,206667
Reworld,24,34,10531753
Emergency,14,1,497630
Singosari,1,3,365556
-,0,1,15719
snow forest,26,34,14471938
bosaBOSS,1,1,54328
LUVIMIN,3,3,195027
WhiteDragons,0,4,97929
MORO,1,6,171312
BLU,1,0,1688
M O G A,38,7,3650213
HeIIo Kitty,24,21,31958195
HelIo Kitty,0,1,2447429
SLAF,0,1,0
The Neighborhood,0,1,23249
D Go Liang,0,3,179477
TAKEDA 24,1,1,698294
Seven Hill,3,6,467369
Red Circle,0,1,0
MALIGNANT,0,2,11033
NB FOREVER,0,4,161402
Once Upon a Time,0,16,5892296
BRAIN FREEZE,0,1,54431
Mika,1,4,3602690
All In Fighting,0,4,1780614
Mammoth King,0,0,836871
All The Villains,1,5,2022321
Kingdom,3,5,654885
Sunset,17,20,5364113
Tree Viper,1,45,16891021
SO EZ,0,2,52105
HER MES,0,3,20349
PSC,18,10,5632656
KongFu PanDa,12,21,11116533
KongFu PanDa,1,5,2505197
M O G A,0,7,770194
Once Upon a Time,6,1,1087684
-,0,0,25215
AAAAA,9,9,332528
CCTV,1,4,2900035
M O G A,9,20,4015033
Alpaca Caravan,0,1,0
GaoLaoZhuang,3,3,431455
DlSBAND,0,2,182583
GIGAN VIII,2,3,928161
eRa Empire,1,3,168168
Kingdom,1,1,376786
SO EZ,3,9,256739
Crazybabys,0,0,1996
SO EZ,0,4,55778
FxxK,2,5,1670747
Minerva-X,3,5,1064549
MiMe,3,1,90085
Scythes Area,0,1,0
HhOhH,0,2,0
9INE,42,7,4527534
AK-74,0,2,0
-,0,0,10378
-,0,1,0
NULL,0,1,72341
R O S E,36,27,7807198
eRa Empire,0,4,0
LuoKe WangGUO,0,2,73720
Noctis,0,5,952930
P U R P,0,2,504905
Black Sails,10,6,4359992
zhuzhuking,2,1,1310759
-,0,5,159184
Boar Army,0,1,232827
PIG KILLER,2,2,62543
-,0,2,0
ANNIKKIA,1,4,16132
-,0,2,0
Hong Xing,0,1,132541
MINlONS,17,30,13325002
OneDone,4,4,1453238
Clap Me Daddy,12,6,2531465
CRIMSON THRONE,0,1,0
S K Y,1,2,25729
Western Paradise,16,14,9201658
R O O K I E S,0,3,534421
BeasTDaK,2,3,2172498
FLARE,0,0,10744
The swallow,0,0,85880
R E P U B L I K A,0,2,25613
LEE SOTE,0,3,508128
Kunfayakun,0,1,0
Reworld,0,5,1044980
Chikipi,0,1,204849
Sentinels Arc,8,10,714085
-,0,1,0
Metal Eater,0,1,67977
Freedom_Castle,0,0,18482
DeSaiko,0,1,10920
Boar Army,38,56,11587346
Earn money,0,6,2975961
CCTV,0,6,1230226
Stellar Alliance,0,1,246703
WhiteSuits,0,1,5684
Pink 7,1,4,813596
Dystopian,2,0,363440
Space Wolves,1,5,49399
Farm Or Die,6,4,303363
9INE,2,2,1605534
The swallow,43,27,5868993
WORST,5,8,1229296
Heaven Knight,161,49,41843835
PKZ,0,2,0
BeasTDaK,13,14,4664085
Real ONE,1,3,3135164
After Cleric,0,0,1344530
FLARE,0,1,5569
The Lonely Moan,2,4,202302
eRa Empire,0,5,166469
MO GU,0,7,986783
Whyme 2,3,4,488696
Conscripted,1,0,129071
B L A C K P E A R L,1,4,564949
Enterprises,0,1,0
F A M I L Y,1,3,1821508
I The Flying Dutchman I,21,13,9749377
S1LVER,0,1,22543
GUARDIANCATS,0,0,10503
Astartes,0,1,0
PSYKOPATH,0,1,0
cat and rat,0,14,1379538
Shut It,0,1,595
MINlONS,31,16,3508323
GIGAN VIII,75,22,3290557
-,0,1,28952
Masked Bandits,17,9,2204528
Invade,11,6,3845940
I The Flying Dutchman I,30,6,16188477
Forever Night,10,8,1135271
All God Class,0,5,156492
B L O O D L U S T,1,0,900918
-,0,0,77354
Red Paw Gang,1,1,9678
Imperion,0,1,85666
Buccaneer,0,0,104090
Filibusteros,49,6,5730823
DragonWorld,0,4,391008
GIGAN VIII,25,6,1811340
Buccaneer,8,0,322711
BeasTDaK,9,2,1507357
Masked Bandits,1,3,929471
Aetherion Order,0,3,294517
R O S E,0,7,5433030
-,3,2,298399
OneDone,5,6,931368
The Salty Chefs,48,35,6205628
Freaky Fools,2,6,1032000
-,2,2,119606
UnifyVN - 304,31,4,3757901
The Alpha,1,1,124066
RauMa36,4,0,48050
-,0,1,0
Tree_Of_ Faith,1,0,303979
VINA HOUSE,3,1,124410
GIGAN VIII,8,9,2616774
Game Of Throness,0,0,3678
GIGAN VIII,1,3,403287
-,2,0,253270
snow forest,0,3,485768
Sigma Man,0,1,0
Dreamweavers,1,2,35882
snow forest,50,9,9524590
R E V E R I E,11,0,547984
-,1,0,213298
B L A C K P E A R L,0,1,0
Pierce,55,11,7809132
South PH,5,6,227919
Thronebound Shadows,1,6,77655
Fenr,2,2,303555
fiji souetu,0,0,4423
RYLs,1,11,264152
PLAC,37,3,9047411
Auraka,0,1,0
The Neighborhood,0,1,0
Masked Bandits,3,1,1020408
S U P K A I,1,0,13849
Fighting Nerds,5,15,363213
Frostborn Exiles,0,1,132555
-,0,4,78860
KAKI TIGA,7,3,449473
H U P,6,10,816253
Rescue Station,0,0,28108
-,1,0,174851
VH DOMINION,0,2,54361
Same-to-You,2,4,38184
DESTROYER GHOP GHOP,0,3,26368
Masked Bandits,0,0,68151
Phantom Monarch,0,2,0
Chlamydia,2,8,131193
Griffin Empire,9,15,3371783
Family Type,0,2,331068
An Guild,10,8,1637849
Re D Boss,0,1,0
-,2,1,124737
GIGAN VIII,0,7,534077
The Noobiez TH,0,1,0
V A G A B O N D,1,1,100763
VIET NAM ssm,0,2,82930
UnifyVN - 304,52,11,11399835
ONG BUT,1,2,11506
GIGAN VIII,3,24,3091942
High Cards,3,7,328748
PLAC,22,19,4343148
MooMoo,7,7,3109646
PSC,1,4,1132161
UNITED THETFORD,0,1,0
MO GU,1,1,1634537
-,0,1,0
Crimson Dominion,0,1,0
-,0,1,0
H a n a k i r i,1,0,159282
D U D U,0,1,18358
-,0,1,0
CapybarAAAA,210,35,11145022
Singosari,45,12,4065076
-,0,1,0
VN-Knights,0,1,75181
F A M I L Y,7,6,1058854
F A M I L Y,2,1,694038
I The Flying Dutchman I,19,9,12825417
Gold Pigs,2,6,763694
W BLOOD,0,1,47257
kawanmlati,1,1,84131
THE WARRI0RS,0,1,25782
JSCL,14,23,3325150
Singosari,0,3,0
Louis Bean,1,0,10884
-,0,1,0
High Cards,0,1,0
Save Me,3,1,270395
NO FEAR NO TEAR,1,0,94026
-,0,5,0
Forever Night,0,1,13323
-,3,2,18067
BeasTDaK,34,12,7572108
Chosen Few,0,5,15576
N E R F,0,2,159388
-,0,0,72279
FLARE,11,10,253244
not cute anymore,0,0,494617
MAX VERSTAPPEN,0,0,123577
P U R G E,3,1,1598088
Boar Army,24,30,12599087
Minerva-X,15,13,2464451
GOBLIN CAMP ID,0,1,6560
Speed Check,3,6,1048824
Invade,13,21,3398656
Avalon Little Punch,0,1,0
All The Villains,67,15,10674031
good bomb,94,16,21466360
Chikipi,2,4,811762
-,2,2,875718
Trail mix,0,0,15896
-,1,0,93671
-,0,1,0
Huangpu Military Academy,1,5,1021712
Ganker Pemula,0,0,32844
ETERNAL CRUSADE,0,1,29798
-,0,2,0
Anteikuu,0,1,69794
DNS,0,1,1608
H Y P E R T E N S I O N,29,24,2344751
Biceps,0,1,0
Warhammer Defense Core,0,1,0
PLAC,0,4,6049105
AK-47,2,0,276118
All Rise,4,2,1164408
Blackfang Covenant,83,15,5366216
Warriors of World,0,7,5331
Old Man,32,22,2924005
-,0,2,40588
snow forest,0,8,4681414
SOLAR BENEDICTION,0,1,0
-,0,1,0
Freaky Fools,0,1,174344
Rescue Station,2,6,1918479
Shining Star,23,12,1946164
Void Walkers,0,0,39168
Forever Night,0,0,487029
Earn money,2,17,14013785
Sunset,6,22,3314940
The Blaze,0,1,0
NIMBUS,0,3,32759
Green Knights,2,2,264247
The Lightbringers,1,2,2448
Heavenly Virtues,0,1,0
R O S E,5,12,3160013
-,0,5,290504
Invade,3,8,1000529
Farm HUB,9,9,551500
Aetherion Order,1,3,74796
321 Demass,0,1,2249
Spero Spera,0,1,0
Singosari,5,31,2116339
Coup de grace,0,2,74871
A p os t l e s,1,3,169647
PLAC,27,32,14690318
RYLs,0,9,170541
GIGAN VIII,5,7,1401155
GIGAN VIII,2,6,977204
P U R P,1,2,980235
I am King,0,1,117789
The Northern Constellations,0,0,78049
Just chill and play,0,1,0
Friendly PVE,0,1,0
The Wardens,1,2,4976
Tengkorak,0,0,46632
Albion Newbie Union,0,1,5684
Invade,0,1,689390
Lucky Fools,17,11,1911547
Mika,0,1,761487
All In Fighting,0,1,290689
-,0,0,2698
Pink Memory,0,4,2988355
UnifyVN - 304,0,1,362842
Singosari,8,4,1775340
Invade,0,0,58612
CapybarAAAA,29,6,2056236
Western Paradise,0,2,0
NingSheon,15,8,1007032
Multi-Nations,0,1,0
CHILIS,15,11,19406445
Karmic,2,6,164095
not cute anymore,0,1,116044
V1OLET,0,0,24553
RABBIT RAIDERS,2,4,328864
-,0,0,699
GRIEVING-SOUL,5,7,708929
Astronauts,0,2,29422
-,0,1,0
L U M E N S,0,1,0
Another,3,15,4915859
WORST,0,1,0
Government Program,28,28,3659221
ENDANGERED,1,1,605167
Cie,0,1,16705
Fire Boys,0,1,18465
-,1,0,37248
-,0,0,10097
Pierce,3,5,4322309
Real ONE,3,6,1836324
Sequence,0,2,2013300
ENDANGERED,9,13,3785638
-,5,4,100949
Dread,3,16,2023271
Another,0,1,234351
Meerkat Assemble,2,3,938763
Empyreus,21,21,2221048
SHOWTIME,6,5,2473564
FLARE,3,3,666074
Freedom_Castle,0,4,0
-,0,7,120446
F A M I L Y,1,5,1175480
MO GU,10,10,1549542
PLAC,17,15,11321506
ARCHANE,0,1,0
Rparachik,1,0,72225
Wicked Croc,0,1,37408
Noctera,1,2,1333699
Solitary Traveler,0,1,0
Lightborn Syndicate,0,0,67170
Eternal Catastrophe,0,1,157245
Verazoe,1,0,49536
VN-KANGAROO,6,5,6506899
SO EZ,0,1,0
OPC GGININDER,0,0,202917
M O G A,0,1,33357
GOD EATER,0,8,2089010
KAKI TIGA,0,0,16619
UnifyVN - 304,5,7,1926507
-,0,0,8322
WARRIORS INITIATES,0,1,944
Meowfia,12,6,2796779
I The Flying Dutchman I,3,3,854128
Creation Camp,0,2,117812
-,3,5,354676
Anggota-DPR,26,12,1641336
D Not So Ordinary,1,1,620631
Singosari,0,6,39357
-,6,5,342920
KnightfaII,5,11,958033
THE RELATION,12,7,1200666
Fleurdelys,0,2,36852
GOBLINS,1,2,2727534
TGIF,1,4,7538446
-,0,2,98742
Suger Babies,2,3,159020
-,0,2,0
not cute anymore,2,0,203552
R E V O L U T I O N,0,0,137471
Martilas,0,1,0
Wicked Croc,0,2,21793
Strange Journey,2,7,382042
-,0,1,0
HIRAYAH,0,2,7659
V1OLET,27,15,2594081
Sequence,4,4,1376949
An Guild,1,0,8549
All In Fighting,1,3,2644289
Mika,8,5,3888928
VINA HOUSE,7,9,632865
HIRAYAH,12,17,2315567
THEMERCENARY,1,10,127630
-,0,1,0
A p os t l e s,0,1,40123
-,0,1,0
-,0,0,53824
Naaga,2,3,530426
BNN,0,0,77498
S Y N D I C A T E S,3,5,294867
GOD EATER,0,1,492614
RABBIT RAIDERS,2,20,3259500
Tcho-Tcho,0,1,0
DeSaiko,0,2,186232
SideQuest,3,6,2555234
Eternal Catastrophe,0,1,0
gou8,5,2,535055
BeasTDaK,12,8,2484562
S K Y,4,3,145659
-,1,1,31752
-,0,3,35769
-,0,1,83704
Xandros,0,3,69019
-,0,1,0
Stellar Alliance,10,7,2695982
KongFu PanDa,8,12,2466285
CapybarAAAA,4,1,729404
-,31,8,2926341
-,0,1,0
-,0,0,1317
SERNG,0,0,108339
ARCH KNIGHTS,2,7,11596
TGIF,3,5,1527388
-,0,2,0
Coup de grace,1,1,386477
Filibusteros,18,14,5819534
Allahu Akbarrr,10,12,2683678
BLU,0,1,0
-,1,2,127130
Wayfinder Knights,0,3,1515
Peng Lai Xian Jing,7,5,259851
Crusader Kings,16,27,5169910
-,0,1,44611
9INE,65,21,8015540
Peng Lai Xian Jing,3,0,432924
FISH GANK,0,1,4245
Never Regret,2,0,133682
Pussi Gang 69,5,42,3844701
THE DAILY CHILL,0,2,45830
Filibusteros,0,1,39316
sexie,0,3,103677
-,1,3,13808
VISCA BARCA,0,4,16860
Degeluse,0,1,18813
snow forest,10,12,2558776
Demon Fang,0,2,206422
Family Type,0,1,0
V1OLET,7,16,3126405
After Cleric,0,4,3197894
Real ONE,0,15,16768195
SHOWTIME,0,1,254888
Pink Paws,0,1,0
Griffin Empire,3,13,2145762
Mika,1,16,6869126
Hei Hitler,0,10,6923488
All Rise,0,0,616734
HidE0ut,3,1,198064
-,0,1,0
SLAF,1,1,18208
Children Of The Dragon,1,1,525619
War Bears,0,1,23131
DeSaiko,3,4,71329
Stellar Alliance,0,0,72592
LEONS,0,1,0
Freedom_Castle,1,0,27096
Pierce,0,15,2672035
Invade,3,10,1122713
NewRa,0,1,0
Pierce,15,5,6303225
Sequence,11,4,2262798
Free Butterfly,0,3,41005
Children Of The Dragon,32,14,5072567
Earn money,0,2,0
UnifyVN - 304,2,0,178924
One More Times,21,5,1564791
Children Of The Dragon,8,7,2230313
-,0,2,17989
Nemo Nemo,0,0,17757
Execuduros,0,1,0
Iron Dominion,0,0,7254
THE TROUBLE MAKER,0,0,842
Battleborn,30,5,2848834
WhiteSuits,24,31,3612504
Meow x Meow,0,2,0
Kendan,2,0,13721
-,0,1,32529
PVP area,0,1,0
HK-99,0,0,3303
-,1,0,36864
ALGERIA,3,2,61608
-,0,0,174718
P U R G E,58,7,19603996
-,1,0,163029
TUALTHAH HRAT,0,0,2957
The Neighborhood,0,4,881122
Guardians of Albion,0,1,0
Frostborn Exiles,2,0,96219
-,0,0,16443
HYBRIDS,1,1,55724
The_APEX,0,1,69267
-,0,0,80356
-,3,0,81000
-,0,2,0
Dreamweavers,14,9,882512
Floralia,0,1,20006
Wakanda62,2,1,143632
-,0,0,5545
ROYAL CROWN,0,1,8232
B L A C K P E A R L,1,2,119109
snow forest,2,3,1170654
God_Of_War,27,11,4362438
A X E,3,7,392590
F I G U R E,6,2,756377
Invade,5,4,774247
LUVIMIN,0,1,24982
VINA HOUSE,1,14,1090762
Invade,1,3,1102233
BLOB,9,16,1230688
ARCADIANS,0,1,41462
Victorian,0,1,0
Aetherion Order,0,1,0
War Bears,3,9,454949
PLAC,3,12,7564457
Tokhang,0,2,197235
-,5,12,620189
ETERNAL CRUSADE,0,3,3999
GALAXY FAMILIA,0,0,1741
RABBIT RAIDERS,2,4,51570
Kunfayakun,0,4,34648
-,0,4,58061
-,2,5,183079
-,0,1,0
Forever Night,1,5,1745107
nanjingdapaidang,0,1,0
F A M I L Y,24,6,3766715
Bretonnia,0,1,0
-,0,1,0
NEXUS FAMILIA,0,2,19441
Nomadz,0,5,4611
HIRAYAH,0,1,0
PLAC,55,16,22025122
AK-47,3,7,363016
F I G U R E,0,1,248831
Coup de grace,14,13,4324202
VELARIS,19,7,1053100
Mystical Knights,1,14,65180
Singosari,1,3,108187
MABAR,2,1,41046
Snow Angels,1,0,1996
Resurge,2,1,205416
-,8,4,286717
-,1,0,27278
Yellow Zone Kings,0,0,14977
Freaky Fools,11,8,3148961
Griffin Empire,2,5,1833458
Laughing Boulevard,57,17,13971352
VIET NAM ssm,1,12,227574
-,0,1,15360
VINA HOUSE,0,2,513488
Demon Fang,0,3,47847
GIGAN VIII,2,4,844466
Rescue Station,3,1,356472
TEAM_MEMOL,1,7,196239
buon lau,1,0,356804
GIGAN VIII,2,16,2101212
Astartes,0,1,11781
MINlONS,23,5,5260163
CHILIZ,44,40,18731477
-,0,1,0
Brightshield,0,1,0
Boar Army,1,0,452943
The Lonely Moan,0,1,0
RODOKER,0,0,58623
BeasTDaK,0,1,200128
Save Me,2,1,57191
ROYAL,3,2,645531
QUILL,8,13,1326538
KATANA,0,1,0
LONELY FARMER,0,1,22088
xCUTIESx,5,19,1923475
One More Times,12,12,1104248
Idochine,0,1,71079
Children Of The Dragon,1,1,60859
THE RELATION,2,7,1101759
Nemo Nemo,0,0,3372
AKATSUK1,1,1,33474
WARDGUARD,0,1,0
TOP TIER RAIDERS,0,1,0
Gankrs life,2,7,141114
MoneyHunter,1,5,41685
Lymhurst Ranger,2,3,60757
The swallow,0,1,0
deepseek,1,3,11933
Prodigyy,3,2,2377071
Children Of The Dragon,0,0,59190
LakeSide Villa,2,1,206909
-,0,0,10097
Boar Army,0,0,14904
-,1,0,171962
-,3,2,985999
SDteam,11,4,2864771
Jia Nan,0,8,159000
ETERNAL CRUSADE,0,1,0
NEXUS FAMILIA,0,1,7487
THEMERCENARY,0,2,0
Sentinels Arc,0,1,7614
BEAR HUG,0,5,0
Green Shadow,0,4,29195
Ala,0,4,54653
UNITED THETFORD,0,0,67909
Fake engage,2,1,277865
-,0,1,0
HeIIo Kitty,72,27,22515821
HelIo Kitty,28,7,8707145
F R O Z E N,0,5,294396
-,0,1,4656
MABAR,0,0,6901
The Shady Dragon Inn,0,0,5694
GARUDA LEGION,0,1,0
Mammoth King,0,1,725773
Dark Soul,0,13,406982
AAAAA,1,16,884158
GuGu GaGa,1,24,9454913
Another,6,51,23511477
GTO Nazarick,9,7,949547
The Salty Chefs,6,5,535602
eRa Empire,0,11,961948
-,0,0,77245
Screamy,4,3,518253
123qaz,0,3,16519
Dreamweavers,1,6,270639
F I K A,0,15,2540832
I The Flying Dutchman I,1,2,5727700
One More Times,5,2,566505
SubuTai,21,25,13186029
AVA,0,2,59641
PLAC,7,19,18268253
Matcha Ore,0,0,8302
Tree Viper,47,27,16617771
Heartsteel,1,3,50272
I The Flying Dutchman I,8,11,24155958
CHILIZ,32,12,18613646
I The Flying Dutchman I,17,3,2791231
Press A to Die,1,1,8322
CHILIZ,5,30,12632314
I The Flying Dutchman I,4,0,2537493
Dark Soul,1,8,384157
-,0,0,3348
Mika,0,0,209234
-,4,1,592624
-,0,1,49113
Verdant Ledger,0,1,24896
-,1,1,82075
Holy Black Knights,0,3,0
CapybarAAAA,44,27,5270844
RESPECTED FAMILY,1,1,50692
-,0,0,8959
Government Program,2,3,38683
-,0,1,5038
COALITION,21,32,9552569
Midnight Rose,0,1,13783
-,0,1,0
Professional Raba,1,1,298116
HARAISE,0,0,48636
-,0,1,0
Kunfayakun,0,1,4219
WAKE UP DOGS,1,1,319999
Honey-Badger,1,2,24952
-,0,0,5693
EL FAMILIA,1,0,167676
Fish Mercenary,0,0,2642
-,10,11,516384
-,1,7,62361
The Loot Goblins,0,9,787273
War of Shawdows,2,2,22322
Filibusteros,0,1,183405
Western Paradise,8,19,2202046
AEBACONCHO,9,7,307016
Meerkat Assemble,0,1,0
Government Program,8,3,1284531
Fenr,13,8,4612119
QUILL,1,7,237398
TEMPLARS_ORDER,0,1,0
H Y P E R T E N S I O N,91,36,6110054
Meerkat Assemble,0,0,484998
THE KNIGHTS OF JUDGMENT,0,2,0
Green Shadow,0,3,20233
-,0,0,30271
Bayanihan Hukbo LVM,0,3,7199
-,0,1,16741
BeasTDaK,4,17,2338127
-,0,3,0
CHILIS,1,9,1522948
After Cleric,0,2,268771
Noctis,0,0,71265
Kunfayakun,0,0,6955
PARAG0NS,0,1,111254
Grows,0,1,19845
Spero Spera,0,1,0
MELEE,28,7,3572337
KAI RUY,0,1,0
Real Man,39,22,10169720
not cute anymore,0,2,447910
I The Flying Dutchman I,26,5,7908378
Wing of Liberty,0,0,10634
-,0,0,810776
Dworf,0,4,702967
AFTERMATH,0,0,1397
-,0,1,2259
CHILIZ,1,12,15254590
Helios Phoenix,3,8,455268
Freedom_Castle,0,1,0
snow forest,14,7,7391781
CCTV,18,4,2741735
S Y N D I C A T E S,0,1,0
KnightfaII,14,6,2554550
The Boyz,0,7,988765
Dread,10,5,2326379
BeasTDaK,7,4,1838673
Pierce,6,3,1335882
After Cleric,3,3,1187250
Real ONE,18,7,11099229
-,0,0,66037
High Cards,0,1,0
Helmet Bahini,2,1,170640
koryen,0,0,68524
RATS NESTT,14,68,31093434
BEHEAD,57,23,69032031
Karmic,2,2,135428
Allahu Akbarrr,7,10,2236586
1Mmortal,15,10,3784998
Whispering Deer,2,9,53263
CHILIZ,13,6,1102276
After Cleric,3,4,423367
Another,69,24,19258745
-,0,0,11334
Alone in The Mist,0,4,0
Varkensvechter,2,1,214632
-,0,0,13144
-,1,0,29220
Griffin Empire,0,5,2859904
Griffin Empire,5,7,3533151
-,1,5,1148774
GOON GUILD,0,1,0
-,0,1,0
KATANA,1,2,153790
Judy no go Cindy no come,0,0,171622
TAKEDA 24,0,3,34971
TEAM_MEMOL,7,16,3081190
Dragon Blade,0,3,87511
RYLs,0,1,142784
BajakLaut,0,1,0
-,0,0,887
China,1,1,1516303
HeIIo Kitty,0,2,139990
Ping300,1,1,1724242
Nitouryu,10,13,753030
-,0,0,18989
THE RELATION,0,2,223984
-,2,4,469039
RABBIT RAIDERS,2,0,797836
PLAC,16,5,731040
Crusader Kings,2,3,1256662
PLAC,0,2,724634
-,1,1,207533
youti_lab,0,1,0
Fightin fool,0,1,0
Shining Star,9,17,1879417
Night Gamerz PH,0,1,0
Emergency,0,1,172263
Civic,9,5,620322
THE WARRI0RS,0,1,0
THE WARRI0RS,3,2,142602
THE WARRI0RS,0,1,0
Forever Night,1,3,330518
puniceus,4,3,176923
The Northern Lands,1,7,383239
Take Care Your Ass,5,8,838583
LakeSide Villa,5,2,135134
MINlONS,7,11,4289016
PLAC,7,24,5853498
Peng Lai Xian Jing,1,0,11857
CHILIZ,0,7,2069525
I The Flying Dutchman I,0,6,354984
CASH IS KING,0,1,0
1Mmortal,38,7,9492089
ACM,1,0,910946
The Noobiez TH,0,1,3685
One Shot,1,1,30736
Lucky Fools,1,5,437286
THE RELATION,1,0,35376
PSC,10,0,367629
BeasTDaK,1,1,628103
Coup de grace,5,3,770093
ScarletValkyries,0,2,4581
HIRAYAH,1,15,1251015
Future Party,0,4,3495476
-,1,0,231385
ETERNAL CRUSADE,1,0,164957
PH CREED,0,0,16357
Government Program,0,7,24336
Loskalos,7,2,1201407
Kunfayakun,1,4,228211
Real ONE,60,12,18715247
After Cleric,11,7,3036520
Teapartys,0,2,6275
Spero Spera,0,4,2881
PSC,2,6,1930067
Helios Phoenix,11,19,1873217
CapybarAAAA,1,6,1174187
PSYKOPATH,6,7,556290
SINGAMAS XI,0,1,0
AK-74,0,0,11857
PLAC,9,10,2839481
MENGXIN,0,0,13540
Kunfayakun,0,1,0
Dark Ravens,0,4,0
Adventurerz Guild,0,2,0
-,0,1,0
War Bears,0,1,0
-,0,1,0
PENJAGAL SEMVAK,0,2,0
TakusaVegas,0,1,0
Topspire,0,4,232318
TGIF,4,11,4395217
GOBLINS,2,6,10672547
CHILIZ,1,16,5950264
Cordons Kittens,0,3,11096
zeroact,1,5,58679
THEMERCENARY,0,3,23184
Invade,2,16,4111502
Packet Loss,0,0,46969
Solo-King,9,11,6935506
Singosari,0,1,5475
Real Man,3,18,4423769
Farm Or Die,9,32,4356502
Once Upon a Time,39,9,5235898
Judy no go Cindy no come,2,1,136607
K U R O M I,5,6,1069696
-,0,2,189782
Nellie,4,5,371203
MoFuMoFu HEAVEN,1,10,456053
CHILIZ,5,11,3574734
Sapling-MIU00,2,7,354905
pig bank,1,0,127151
Filibusteros,23,9,3451703
321 Demass,0,1,0
-,3,1,450085
KUMA,3,3,170412
Children Of The Dragon,19,5,1704943
THEMERCENARY,3,14,1184851
Chikipi,5,3,5784886
Western Paradise,2,5,477414
MoneyHunter,3,9,362908
WORLD ESCAPE,0,1,0
Echo of One,0,1,27479
Wysteria,47,24,9834274
SideQuest,1,2,200029
-,0,1,0
AlooMinati,0,2,52054
-,1,1,656746
UnderTheHood,0,0,35363
THE RELATION,0,1,0
CCTV,0,0,265775
Lai tsai Project,0,2,67452
Meerkat Assemble,14,4,2323296
Speed Check,6,2,417568
PAPAYA POKPOK,6,20,13337911
Peng Lai Xian Jing,0,1,9914
Boar Army,0,1,0
After Cleric,0,0,782840
Real ONE,0,1,116732
1Mmortal,43,21,13632671
Forever Night,1,1,110083
Red Circle,1,2,463774
-,0,0,18140
MINlONS,2,2,1094396
-,1,4,31801
CAOTAIBANZI,4,5,368423
ChillWith Me,0,0,17418
F R O Z E N,3,5,566226
F I G U R E,0,0,216225
-,1,0,1305786
Jia Nan,5,1,39018
THE WARRI0RS,0,1,0
TWO STROKE,0,2,0
Tree Viper,0,1,66546
DOKDO,10,3,718241
Meerkat Assemble,0,0,663471
-,0,0,8527
-,2,0,103333
Freedom_Castle,3,2,266123
HELIOS KNIGHTS,0,0,1732
Stellar Alliance,0,0,715341
Boar Army,0,0,176108
CAOTAIBANZI,0,2,90601
-,0,2,3052083
CCTV,0,12,6452244
Dou bao,13,1,5526901
F R O Z E N,0,0,90499
MoneyMoneyComeOn,0,0,11969
PLAC,6,7,816243
ScarletValkyries,0,7,0
-,0,3,0
Olorun,0,1,986910
CHILIZ,44,17,14144209
PLAC,14,5,6096819
All Rise,53,18,14656555
I Slytherin I,2,5,1095647
HIRAYAH,7,15,1503663
Save Me,5,6,126368
Speed Check,21,19,5193184
SOLAR BENEDICTION,0,3,0
Topspire,7,5,4165296
Blue Phoenix,7,7,1693574
-,0,0,16767
V A G A B O N D,30,41,13107006
CCTV,0,0,65958
CHILIZ,4,9,1769247
NATUSVINCERE,5,0,456549
-,1,1,92467
ONG BUT,0,1,0
MO GU,12,10,3707867
F A M I L Y,5,0,258466
CHILIZ,7,75,12521425
GOBLINS,0,3,2478335
DEMONS KING,0,0,17212
HIRAYAH,1,10,483511
-,0,1,0
Jia Nan,4,4,111804
Rescue Station,84,40,22862001
Earn money,7,7,5105498
Fight Or Run,0,2,262825
Forever Night,2,5,867381
AFTERMATH,1,1,50248
REGU MAWAR,0,1,0
-,1,0,20354
The Lonely Moan,3,3,432507
Gold_Taiwan,0,1,0
i dont fuking care everything,0,2,0
HeIIo Kitty,0,2,613937
TRlUMPH,1,13,2877423
-,0,1,0
eRa Empire,0,1,6620
ALAS KWATRO,0,0,16281
Singosari,0,4,140719
Griffin Empire,4,6,1041681
six doors,36,17,9859488
First love,1,2,93371
Chikipi,18,13,8553145
good bomb,10,0,2435047
CHILIS,3,0,3405736
red king,0,0,233660
Meowfia,13,13,4672512
sierra,0,4,124995
-,0,0,8958
UBEK,33,23,2396868
Heartsteel,6,9,967080
-,0,0,9260
S Y N D I C A T E S,6,13,2185286
I The Flying Dutchman I,36,9,14756141
F A M I L Y,0,2,426726
PLAC,5,8,4098022
B L A C K P E A R L,0,2,183440
Frostborn Exiles,0,1,109567
Pierce,0,3,1545975
CHILIS,0,0,214748
Pierce,4,6,5185950
Minerva-X,0,15,942944
Jia Nan,9,10,930871
H a n a k i r i,1,6,329144
Rescue Station,23,6,5511451
PVP With Me,0,2,29294
A X E,3,0,195809
VIET NAM ssm,4,21,851833
The Myth,0,5,1147512
-,0,1,0
AFTERMATH,0,0,31365
DeSaiko,0,0,6030
One More Times,15,5,1536466
Coup de grace,0,2,23186
Chikipi,0,2,396435
Reworld,0,3,1877784
CCTV,5,1,3130607
Red Paw Gang,0,1,7647
0-Infinity,0,2,4922
KongFu PanDa,9,12,5229710
I The Flying Dutchman I,0,0,228677
TGIF,11,5,4035949
AK-47,6,0,947309
Meerkat Assemble,67,55,32087277
A X E,0,1,20455
GOBLINS,22,3,4562763
-,0,0,377268
-,1,1,14676
Frostborn Exiles,0,1,0
TRlUMPH,0,0,80578
Meerkat Assemble,0,0,15108
-,1,1,40068
Karmic,1,2,331386
Are U Oke,0,1,0
TungXia,0,7,412331
TheChillGuild,0,1,0
VietNameseSocialist,0,4,75675
Evangelion,8,1,313115
Another,93,31,24456477
Laughing Boulevard,9,6,3137832
Jia Nan,4,6,598432
MIKE TEA,1,2,224246
AFTERMATH,5,6,496149
Lex Talionis,0,1,18306
High Cards,0,0,6384
PDl PERJUANGAN,0,1,40689
Hooman,4,6,564499
F A M I L Y,0,0,295283
PalaceGUARD,0,5,1026997
NekoParadoxia,1,9,236145
RABBIT RAIDERS,1,0,122095
Future Party,0,7,2409346
slaves leader,1,3,166254
Hei Hitler,0,1,567915
Hei Hitler,0,0,2367058
Minerva-X,7,1,671186
CTRL ALT DEL,0,1,10583
RecaII,0,1,180107
mechanical,1,2,15556
-,1,1,250375
R E V O L U T I O N,0,1,58133
Rescue Station,22,4,5246785
VINA HOUSE,1,1,1293138
The Lonely Moan,13,17,2519779
Rescue Station,2,7,3785568
F A M I L Y,0,0,323990
F A M I L Y,36,7,6805709
Warrior Exile,9,6,735366
CCTV,85,15,17851945
R O S E,13,25,3100466
-,3,2,142089
Laughing Boulevard,10,11,1990441
PLAC,61,24,29368423
-,0,2,0
SHOWTIME,1,22,4319204
NANXI,0,1,152307
-,5,1,336771
D E T O N A T I O N,0,0,146114
TAKEDA 24,1,3,167998
RENREN butter-ch,0,1,0
Gravity Legion,17,39,15487799
THEMERCENARY,0,1,0
HYBRIDS,98,41,10970788
Masked Bandits,0,1,14400
Therapy on CD,1,0,68153
SDteam,0,1,286866
Understand,8,2,766396
Guerilla Warriors,0,10,150173
New_World_Order,0,0,10755
All In Fighting,0,5,347184
Mika,0,9,1252280
-,0,1,0
1Mmortal,50,37,18793196
Pierce,1,2,515831
GondhoMayit,0,3,404262
Snowflakes,1,5,1934944
Yuzi,0,4,149715
-,0,0,4133
SO EZ,3,2,2017577
SpartanS 300,0,1,0
MINlONS,3,1,326184
TGIF,4,3,1093630
Chikipi,49,30,13122580
Auraka,0,3,166070
BeasTDaK,13,6,4790593
Invade,3,7,2241870
Wicked Croc,11,7,928989
-,0,1,0
Freaky Fools,0,1,276047
Jia Nan,3,2,354234
KuromiO3O,19,29,15476524
NGGang,0,0,272274
Take Care Your Ass,3,13,5624764
VIET NAM ssm,1,2,117636
Cry For Me,0,0,107567
Rescue Station,3,0,677270
Lucky Fools,0,2,84586
VietNam TheFord,0,5,100926
The Northern Constellations,2,13,2529822
Dragon-Mi,25,7,8952475
Crazybabys,2,6,1188427
Real ONE,2,18,18244704
After Cleric,0,4,2210643
VIET NAM ssm,0,0,1845
Shining Star,0,1,0
HOLIC,4,11,215316
DEATH PARADE,0,1,10850
The Boyz,2,3,467635
-,0,1,17508
The Boyz,10,9,1106629
ILLUSTRADO,0,1,550211
-,0,1,57681
Laughing Boulevard,18,9,4661869
BounTy_TH,0,1,27625
Dreamweavers,0,1,98444
TGIF,0,1,212057
UnifyVN - 304,5,3,3579658
YangPaiXiaKiller,1,1,57266
GOD EATER,3,0,287479
Masked Bandits,0,1,78179
TRlUMPH,3,3,633220
Rescue Station,0,6,477448
Chosen Few,0,0,72412
Karmic,1,1,294329
MO GU,1,15,1602916
Universe25,0,1,0
Jagdgeschwader 52,0,1,0
After Cleric,0,1,2075056
Real ONE,0,0,1324551
Kingdom,1,1,212180
Soul Harvesters,0,1,2754
-,0,1,0
Azurites,0,0,3800
Frederick,0,0,132429
VietNam TheFord,1,2,134822
F A M I L Y,44,10,9632337
MAX VERSTAPPEN,4,14,2355537
Peony Flower,0,2,875265
PLAC,23,7,18089345
REGLA ENJOYER,2,2,68827
RABBIT RAIDERS,2,0,19816
Rescue Station,32,21,20133091
CHILIZ,155,32,42361461
Shu Shan,9,4,844717
CCTV,26,7,8147041
PLAC,2,10,17203608
MO GU,0,7,4075793
DEATH PARADE,4,17,368248
CHILIZ,2,32,5521762
BeasTDaK,2,1,1244637
MO GU,11,30,5499378
Rescue Station,5,4,2528064
AAAAA,1,1,411855
AK-47,41,27,1205831
-,0,1,0
TAKEDA 24,0,13,66855
KuromiO3O,8,7,1891193
The Lonely Moan,1,9,307442
-,0,1,0
Griffin Empire,7,12,1741476
-,0,0,1018
NCP THETFORD DISTRICT,0,2,0
Invade,0,4,285069
-,0,1,0
Singosari,1,20,1197958
SubuTai,7,12,5948758
Pierce,4,8,1870960
-,0,0,59484
CHILIS,6,11,13732670
Faction Academy,10,7,2003648
Forever Night,11,18,580286
High Cards,0,0,157409
-,3,4,400625
eRa Empire,0,0,1844
HIRAYAH,0,0,36291
One More Times,19,5,2329718
SAOdeyapi,6,17,819454
Crimson Trinity,0,1,746
Elden Ashborn,0,1,10590
KaLaewKaLad,2,9,2015300
Another,1,52,25779308
Mika,0,2,582136
QuQnnTATnnOvO,9,25,3636733
-,1,5,572228
Meow Immortal,2,3,393243
Chikipi,5,7,1928711
Western Paradise,29,23,5097703
-,0,1,0
PLAC,50,13,38018992
Eternal Catastrophe,0,1,90556
I The Flying Dutchman I,54,10,19138678
Karmic,1,0,383035
-,0,1,0
chrope,0,1,0
Red Circle,6,7,735411
Griffin Empire,5,7,559750
CCTV,100,27,21650671
-,0,0,2356
KnightfaII,8,8,2349934
Cats Nest,2,2,230591
THE WARRI0RS,4,0,322533
I The Flying Dutchman I,0,7,4352567
TESTUDO,0,1,220880
HuaDaBin,14,39,12234729
The Neighborhood,5,4,755402
Lightborn Syndicate,4,8,245468
Coup de grace,2,19,2817125
BangCuopLuongSon,3,3,764464
Ala,0,1,0
The good company,0,1,0
Trash Panda Syndicate,1,0,13057
-,1,3,155106
MANIFEST,1,0,49048
WhiteDragons,0,3,40219
knightchullabbey,0,2,0
TRlUMPH,3,15,2557602
-,0,2,42797
GOD EATER,0,8,217974
Conscripted,0,7,4015505
Stray Doggy,1,2,170439
Future Party,1,4,3637684
PLAC,0,13,8421821
Heart of Thetford,0,0,94656
P U R G E,49,6,12540528
Blue house,0,1,544329
House of No One,3,2,55957
peace maker,0,1,0
Pierce,5,11,3396200
Friendly Fire Friendly,1,12,223148
-,0,0,32698
KnightfaII,0,1,181598
From Zero,4,4,524386
Albions Ark,1,2,188471
TRlUMPH,0,1,0
Wysteria,0,2,140146
Laughing Boulevard,13,8,6808183
CHILIS,21,19,9695787
CHILIZ,9,12,2263671
Raining,1,1,190545
BounTy_TH,2,1,76583
Laughing Boulevard,2,3,2316924
thanhtochairsalon,0,1,0
The Neighborhood,8,7,2556612
SPES,0,2,99405
MoneyHunter,0,2,45538
xCUTIESx,22,30,4502079
Earn money,0,3,108134
HanRyang,0,2,29073
Psz,22,3,3196128
darah naga,0,0,29015
Meeting Stone,2,1,369359
Pink 7,1,2,39887
Mika,4,0,91258
The Myth,17,26,5347603
MINlONS,25,7,3803198
Speed Run,1,3,141705
F A M I L Y,2,1,1532342
I The Flying Dutchman I,8,9,13361728
Starving Dogs,0,1,0
GuGu GaGa,0,1,0
Forever Night,5,1,740316
PAPAYA POKPOK,0,17,3636511
TWO MAN ARMY,0,1,0
1Mmortal,44,5,5170436
Western Paradise,0,0,89202
Earn money,25,2,3953179
snow forest,10,1,836689
A X E,0,1,0
BeasTDaK,0,3,0
No Picture,1,1,49121
Sea Lions,0,3,16370
Red Circle,6,31,3154311
China Daoism,0,3,139259
-,0,1,101372
Speed Run,0,1,976485
Gangers FUNNAMNOM,0,0,73652
Griffin Empire,0,0,326128
MO GU,1,2,1489925
Before Cleric,0,1,0
Baby_Paradise,0,0,39849
Eternal Catastrophe,0,1,2834
UnifyVN - 304,1,3,319595
BLOB,0,4,245772
RecaII,2,0,56729
NULL,2,1,101226
AVA,1,0,219569
Ordo Musaceae,0,0,16910
-,0,2,0
MO GU,0,2,43636
TESTUDO,0,1,308604
Freaky Fools,4,12,3954631
Red Circle,10,10,757845
-,3,5,507485
Meeting Stone,4,2,562300
Speed Check,15,5,1703177
Farm Or Die,13,19,3148601
PSYKOPATH,2,8,341679
C O V Y,2,1,29547
Forever Night,5,8,1036427
Blue coral,0,7,166612
-,0,1,14274
WaKanDa,2,2,30860
BeasTDaK,12,3,2490227
Pierce,1,3,2024255
Real ONE,41,7,21144838
After Cleric,2,2,1608371
Another,19,16,8868249
Green Shadow,0,1,12412
-,0,2,497330
PL4B,1,6,542180
The Northern Constellations,10,14,1412220
Kids On The Move,0,2,3374
-,0,2,0
D R E A D W A T C H,39,20,2256763
-,0,1,27395
Singosari,2,0,116286
DlSBAND,8,12,3036665
GIGAN VIII,0,1,69336
GIGAN VIII,1,2,1020346
Buccaneer,1,2,331305
SubuTai,28,14,7496312
Griffin Empire,2,4,159656
UnifyVN - 304,4,1,1336592
BeasTDaK,0,3,101484
RESPECTED FAMILY,0,0,3324
-,1,2,111456
After Cleric,0,2,348736
MO GU,0,3,157496
Filibusteros,9,3,4871224
Cut Throat,2,1,1905809
-,1,2,56375
Pink Memory,0,2,166570
Blue coral,31,9,1613275
-,0,1,0
V A G A B O N D,3,2,399690
CCTV,17,31,12594522
F A M I L Y,1,0,246199
-,0,0,13025
PLAC,11,21,10195284
CHILIS,6,8,6887940
Manhattan Ape Gang,0,1,7884
I Check Mate I,1,3,751307
RauMa36,0,1,48050
HuaDaBin,0,7,4587584
ARTIKULO UNO,0,0,8698
THE RELATION,2,1,238520
TEAM_MEMOL,2,9,1132727
The Scarlet Dawn,0,5,1649325
Meowfia,0,1,280949
UnifyVN - 304,13,2,2542033
-,1,1,55936
LYM PORTAL,1,1,84114
Azurel,0,1,58133
F A M I L Y,1,0,48050
UnifyVN - 304,1,11,3100069
Red Circle,43,34,2904151
Freedom_Castle,0,2,6574
P U R G E,8,5,3504579
Lym World,6,5,361740
Lai tsai Project,4,5,413985
Frostborn Exiles,2,0,220333
-,0,1,0
R O S E,18,14,4421939
MO GU,0,2,52305
Meerkat Assemble,21,13,14084549
KuromiO3O,0,1,0
V A G A B O N D,10,12,4105068
The Dancuk,0,1,37144
Tree Viper,12,12,2574748
AAAAA,0,2,8971
KnightfaII,2,0,68168
F R O Z E N,0,2,104101
After Cleric,0,0,175770
Psz,47,27,8216418
Akhri Pasta,1,6,53597
-,0,2,0
CHILIZ,4,25,18508351
Children Of The Dragon,0,2,26355
Straight Circle,0,0,12183
-,1,1,96239
Griffin Empire,1,16,4512462
-,0,1,168100
Lumi,0,1,0
-,2,5,139667
Its-a-GUILD,1,2,43116
O U T L A W,0,1,9561
KATANA,22,16,3278160
Government Program,0,2,1961
I The Flying Dutchman I,5,6,1564375
ReBorn,1,2,15672
PSYKOPATH,3,6,1343939
E U N O I A,2,2,71412
-,1,4,465198
D O G G Y,1,1,107567
BangCuopLuongSon,1,1,131213
Filibusteros,2,1,555973
GIGAN VIII,0,11,2407044
PSC,45,35,9088700
F A M I L Y,0,0,350311
R E V O L U T I O N,0,0,178325
The Northern Constellations,1,5,272209
Ala,0,2,0
DDBS,49,37,30834152
9191,0,5,2874289
PAPAYA POKPOK,6,31,9742982
F I K A,2,3,2063496
Coup de grace,6,17,2619830
MOTE SO MA,0,0,36666
MAX VERSTAPPEN,5,0,706350
BLOB,2,4,567885
cat and rat,1,3,173116
High Cards,0,2,139515
PLAC,9,25,24433326
CapybarAAAA,0,3,113808
Earn money,5,3,490099
Raining,3,1,191898
1Mmortal,7,2,1929501
Another,10,45,18692418
10 My friend are coming Run,1,9,179283
-,0,1,25465
-,1,6,187079
The Myth,43,24,5172483
One Shot,0,1,0
The Noobiez TH,2,4,105406
KaNaNuTho,0,6,30736
CHILIZ,30,28,40564980
pig bank,0,1,0
-,0,1,47074
The Lonely Moan,23,17,3529016
Cempaka,1,2,138173
Galiants,2,0,92641
PLAC,1,0,729732
Chikipi,0,4,339906
-,0,1,0
-,0,1,0
Boar Army,0,1,0
The Salty Chefs,20,2,1442994
itinerary,2,2,168985
Dread,16,4,1301686
S1LVER,9,1,1162391
nanjingdapaidang,0,6,33288
CCTV,0,1,0
Driffter,0,14,493365
The Northern Constellations,5,10,867257
F A M I L Y,0,2,493911
Driffter,2,20,574134
Forever Night,0,0,18421
F I G U R E,61,21,11593817
NekoParadoxia,0,0,45684
RABBIT RAIDERS,0,1,55096
Husky Empire,4,6,647742
UnifyVN - 304,0,3,68795
-,14,4,1718319
VINA HOUSE,12,4,342966
TGIF,4,6,4183976
GOBLINS,3,4,2848764
Coup de grace,0,1,236959
Aetherion Order,0,1,0
PVP With Me,5,4,841486
gou8,2,2,1745539
All God Class,0,3,332112
Forever Night,3,1,381881
Mika,1,13,1453820
Forever Night,0,1,276173
Stellar Alliance,0,0,2360
Tree Viper,3,3,627974
S D G,3,2,20094
Battle Maniac,1,1,12795
HappyDay,9,2,1349739
eRa Empire,0,2,11546
HIRAYAH,2,0,487160
ALBION AFTER S3X,0,1,7963
S Y N D I C A T E S,15,14,3474526
Frederick,0,1,0
PLAC,10,1,3743299
MINlONS,2,6,2748207
R O S E,2,10,1283797
VINA HOUSE,0,4,421130
-,0,1,0
-,0,0,57133
VN-Knights,3,5,301651
-,2,3,155383
N E R F,1,4,584287
Nemo Nemo,7,1,392621
Snow Angels,0,4,0
Minerva-X,68,26,11952163
KYTT,0,1,0
CHANG,0,4,19388
-,0,2,6453
Felony Syndicate,5,12,1281880
-,0,1,0
-,0,1,0
THE WARRI0RS,0,3,49343
The Eye,0,1,0
Void Walkers,0,1,5806
Chikipi,4,36,8631414
Freaky Fools,26,20,3633922
Big Boost,0,0,178325
DOJO,5,2,1786178
E U N O I A,1,2,61260
Easy come Easy go,0,1,0
-,0,1,0
-,1,3,253722
NO-RE,30,26,8471115
ACM,28,10,6427550
HuaDaBin,3,12,1230417
Karmic,0,1,50965
-,3,3,291726
-,1,0,3408
-,0,1,106129
-,0,0,77785
Speed Run,0,2,0
eRa Empire,3,9,746413
Ariun Uls,0,5,36314
HIRAYAH,0,1,5564
anomali SILUMAN,4,15,415667
Helios Phoenix,10,16,3293628
Skip Tutorial,0,0,218289
PVP With Me,4,3,854511
Valar_Morghulis,28,2,1151086
Ping300,0,1,0
MINlONS,14,18,9542876
Speed Check,15,12,1834099
Pink 7,12,18,1340782
Rescue Station,0,1,1045661
Laughing Boulevard,2,10,4550322
F A M I L Y,6,7,2910742
VN-Knights,2,0,87191
KuromiO3O,4,15,7959808
ALL FRIENDZONE,0,1,0
sang mc,0,0,11608
Anteikuu,0,0,36860
WE SPLIT HERE,0,2,0
Empyreus,0,0,40641
B L A C K L l S T,1,0,30909
BounTy_TH,1,3,227964
BangCuopLuongSon,20,15,1403867
-,0,2,9382
UnifyVN - 304,3,9,639039
The Ritual,1,1,376527
BLACK STAR,0,1,9289
-,0,1,0
Idochine,0,1,0
Children Of The Dragon,0,1,111574
H U P,0,1,26476
RYLs,0,4,57232
Speed Check,1,1,95408
Children Of The Dragon,0,0,4720
-,2,5,1260749
-,0,1,0
UnifyVN - 304,1,0,399815
Revival,2,6,129368
UnifyVN - 304,0,1,22164
nognog_planet,0,1,0
Tree Viper,35,28,11083493
Free Butterfly,0,2,0
SLAF,3,2,453488
Singosari,0,4,113595
Invade,2,9,6929962
Lumi,0,1,3637
-,0,1,0
SubuTai,0,2,11673
MELEE,9,6,3210784
Menhera,3,2,3306178
MINlONS,1,0,358934
South PH,1,0,100764
B L A C K P E A R L,1,12,699263
THEMERCENARY,4,19,1657096
VINA HOUSE,0,4,59889
-,0,1,0
eRa Empire,3,3,387656
-,1,1,138379
Rescue Station,49,16,11492464
Filibusteros,0,1,91424
Crazybabys,3,2,140082
Free Butterfly,0,0,3654
CCTV,40,41,12845140
Kunfayakun,0,1,0
Lym World,0,3,136032
The Neighborhood,0,1,90549
-,0,0,3756
-,0,1,0
BangCuopLuongSon,2,8,1278965
New_World_Order,0,2,0
GRIEVING-SOUL,1,0,150086
-,1,1,152281
MINlONS,40,14,7873946
Empyreus,9,3,1067879
Marlotck In Heart,0,1,0
RESPECTED FAMILY,0,2,21192
-,0,1,11973
-,1,2,365783
Chikipi,1,18,9486915
Sequence,0,2,485944
R E V E R I E,0,4,548175
-,0,1,122469
INDONESIA MERDEKA,2,5,98589
MoneyMoneyComeOn,1,0,52690
GOBLINS,0,2,3683183
TGIF,6,9,7487317
Lymhurst Ranger,0,1,57575
All Swamp,0,1,0
MO GU,1,3,1104897
COALITION,0,1,453044
Free Butterfly,13,10,879044
Skip Tutorial,0,6,471133
MALIGNANT,0,3,1260272
CamperSites,2,1,93984
-,0,1,0
OneDone,4,4,946843
GOD EATER,2,3,171177
Invade,2,4,203545
SubuTai,5,3,1665280
-,0,1,25110
Lion Hearts,2,4,87937
V1OLET,2,3,519969
GOBLIN CAMP ID,3,12,1020114
HOGUWART,0,1,5086
The Drop Bears,1,4,753474
Chosen Few,1,1,186520
BeasTDaK,1,1,126589
T1an Xuan,0,1,13388
PAPAYA POKPOK,0,1,695112
snow forest,0,8,3994247
Vendeta,0,1,0
CHILIZ,48,34,18744303
pig bank,0,10,308474
The swallow,0,1,44100
SOLAR BENEDICTION,0,1,0
Elden Ashborn,0,2,13918
JARERNs,0,10,123145
Ordo Musaceae,1,0,40776
-,0,1,0
Snowflakes,0,3,158249
Lazy Bear,3,2,582736
Empyreus,15,12,1384834
No SHOW,2,2,361211
CRAZY DIVER,0,1,0
-,3,12,417567
Ala,0,4,0
ACM,13,28,5699685
AFTERMATH,0,0,45232
After Cleric,0,1,415544
Real ONE,41,19,10403403
KAKI TIGA,2,2,204258
Chlamydia,2,0,10636
GOBLINS,5,3,1037086
I The Flying Dutchman I,47,15,16754816
MIKE TEA,1,5,1786475
Pierce,0,1,101855
Fightin fool,0,0,158207
COALITION,0,3,453044
ONG BUT,1,3,7785
Maleakhi Fans Club,1,4,2021729
Before Cleric,0,2,0
After Cleric,1,1,421121
Cut Throat,2,0,1078887
-,0,1,0
Frostborn Exiles,0,1,2692
not cute anymore,1,5,589407
Real ONE,0,1,11213
SpartanS 300,0,0,3918
Singosari,2,13,1348437
KuromiO3O,0,3,1524353
good bomb,3,10,14803112
KacimPowerXtreme,1,0,14236
Chola Empire,0,1,0
SHOWTIME,8,9,1631720
Avalonian Templars,0,1,0
-,0,1,6082
PSC,0,6,1492665
Solo-King,0,0,170710
The Dancuk,0,3,2026
SHOWTIME,0,0,381405
-,0,1,21219
-,0,1,133785
-,0,1,309460
Realm of dreams,0,2,0
-,4,5,489960
-,0,1,0
B L A C K P E A R L,0,3,333571
IVSR,0,1,0
TRlUMPH,6,10,1653299
H Y P E R T E N S I O N,4,12,1057217
E U N O I A,0,2,24972
Aetherion Order,0,2,46133
V1OLET,30,8,1626060
BLACK BANDIT,0,4,7314
-,1,2,76925
The_APEX,0,0,42012
H Y P E R T E N S I O N,0,2,198370
Ketter Pillar,0,6,0
Duking,0,17,300403
PLAY IN KINGDOOM,0,2,6330
Old Man,1,11,1206572
SHOWTIME,0,4,971985
Black Ops,1,2,8485
-,0,1,9220
-,0,1,0
The Noobiez TH,0,2,9851
Tamilaga Vettri Kazhagam,0,0,17508
CHILIS,41,17,15079922
PLAC,16,2,9348820
Fenr,1,0,893484
xCUTIESx,8,25,1833071
War of Shawdows,0,1,0
One More Times,2,10,5115346
Meerkat Assemble,0,1,1756100
snow forest,6,1,2635545
A p os t l e s,0,2,250550
Laughing Boulevard,0,1,656027
Rescue Station,1,2,966920
Kocorea,1,1,19824
Stellar Alliance,0,3,144067
SubuTai,0,1,0
Meerkat Assemble,0,1,658753
THEMERCENARY,0,1,0
F A M I L Y,47,13,13524947
-,1,0,85084
VN-Knights,5,6,501454
R O S E,16,14,4939664
SKY WISH,0,1,0
Children Of The Dragon,2,1,340360
Take Care Your Ass,2,0,107541
R E V O L U T I O N,3,1,933102
F A M I L Y,2,6,2293860
Death Of Ava,0,2,8796
-,0,2,27176
NguoiCongSanVN,2,0,86946
Kunfayakun,1,1,223640
xCUTIESx,0,1,100240
HELIOS KNIGHTS,0,2,127635
One More Times,1,6,1176072
RABBIT RAIDERS,0,2,0
MoFuMoFu HEAVEN,1,5,52480
-,0,0,7379
Space Wolves,0,2,41481
Laughing Boulevard,0,3,652885
Freaky Fools,0,2,138119
B L A C K P E A R L,0,0,163831
Fight Or Run,2,2,201638
Rescue Station,8,7,6984486
Give Me Your Sister MF,0,3,0
KINGSLAND,0,2,10032
Griffin Empire,0,1,2307108
Meow Immortal,28,3,1432268
FLARE,1,4,217042
-,0,1,92691
Griffin Empire,16,15,4602722
Singosari,0,2,36732
Psz,13,19,10007689
PLAC,1,1,82484
Pink Memory,10,9,6914569
snow forest,9,5,5638835
-,1,0,20534
Imperion,0,1,0
MCS-P,15,18,5158447
Another,90,40,29856160
Singosari,10,3,2110119
L T K Z,0,0,10831
conquer,6,5,774157
Demon Fang,4,0,232615
Buzztard,0,10,634499
Sentinels Arc,2,2,27766
Screamy,0,1,0
TheGreyKnight,0,1,141456
-,0,0,65113
out number,0,1,27853
MELEE,0,2,141101
9INE,0,6,2066428
Crusader Kings,0,6,2849194
C A E S A R,1,0,125435
-,0,1,0
TONPA GANG,3,2,23272
Blue house,0,2,0
Manhattan Ape Gang,0,1,0
Warhammer Defense Core,1,0,15144
-,1,3,87157
Alone in The Mist,3,12,516743
Dryfield,0,0,4871
Switching To Heals,0,5,858400
NoobGaming_YT,0,1,0
-,0,0,4834
-,1,0,274492
Trials of Twilight,0,1,0
Midnight Rose,6,19,159898
-,0,2,19094
-,0,0,9759
Never Regret,2,3,317359
BangCuopLuongSon,1,9,1631917
Topspire,0,2,104100
RABBIT RAIDERS,0,0,32742
The Myth,0,5,175004
Pierce,0,2,20111
Astartes,0,1,11808
Filibusteros,2,1,166917
Meow Immortal,0,1,53185
BeasTDaK,3,1,233303
Another,0,1,633064
ENDANGERED,5,2,540999
Ordo Musaceae,3,1,193659
-,0,1,386971
FROSTBORN KNIGHTS,0,1,15899
ETIQUETTE,0,1,55414
-,0,0,4408
Topspire,10,5,3941491
TRlUMPH,6,2,2116834
-,1,1,11616
Karmic,0,0,73522
-,0,0,129542
SuonPH,0,0,36092
octugram,1,1,101255
Topspire,4,3,521510
-,1,0,3033
Real ONE,8,7,4794163
Psz,0,19,6296633
After Cleric,4,6,2319442
Demon Fang,0,1,1788
PAPAYA POKPOK,11,40,6923116
-,5,1,452003
Nemo Nemo,0,1,0
Singosari,1,2,204590
Shining Star,0,2,13845
Alone in The Mist,0,1,23663
Cultivator,1,1,83828
COALITION,1,18,4928294
-,2,0,1071366
MO GU,2,28,3053345
Z GEN,1,8,1150262
MO GU II,0,1,92123
C A E S A R,5,2,204736
BLOB,3,0,298241
RecaII,3,0,358580
Empyreus,11,17,2540525
Judy no go Cindy no come,4,13,1102417
Laughing Boulevard,7,10,5191519
WADIMOR,5,6,930648
welcome newbie league,0,3,0
ALBION AFTER S3X,15,5,788850
Universitas Perkocokan,4,8,494884
Freaky Fools,10,6,1151707
RauMa36,0,2,48674
Laughing Boulevard,10,6,3638455
BeasTDaK,22,9,7006370
SideQuest,10,4,3196539
I The Flying Dutchman I,6,6,8322130
Mika,0,2,760431
Hei Hitler,9,12,7380275
Gold Pigs,0,2,135494
CHILIZ,22,18,10182595
M O G A,0,6,1320758
CHILIS,9,5,3528656
Unholy Dragons,0,0,11777
All The Villains,5,1,570622
A Brave Man,6,0,2451896
CCTV,38,9,5133911
MoFuMoFu HEAVEN,2,5,223645
TCM-GROUP,1,0,25512
All The Villains,19,21,7451203
Ring of Stars,0,1,0
-,0,4,272599
MO GU,1,11,1030214
Maharlika,1,1,3404
Z GEN,4,6,764849
BeasTDaK,1,15,2761045
sonagi,0,0,34706
SO EZ,2,7,608560
-,1,2,96911
War of Shawdows,0,4,16866
Midnight Rose,0,4,8693
Meowfia,10,22,8485184
-,0,1,0
Azurel,6,1,624336
Invade,0,1,89993
R E V O L U T I O N,0,0,219097
Slice of Life,0,2,29530
-,0,0,39821
Death Of Ava,4,0,75616
LYM PORTAL,2,5,87644
Hymn of Valor,1,0,214840
Ordo Musaceae,2,0,39031
Raining,6,1,574300
Farm Or Die,0,2,0
KEPOTISME,0,4,0
CHILIS,15,4,2771924
CHILIZ,62,20,16952198
Husky Empire,1,1,247039
BLACK DOG,0,1,0
Old Singularity,0,0,42860
mechanical,0,5,286321
High Cards,3,1,367967
-,0,1,0
Singosari,4,4,453126
ROYAL CARTEL,1,2,1491173
-,1,0,138665
Frostbite Reapers,11,5,2201034
-,0,1,16713
All Rise,14,18,6281503
PLAC,67,15,19673128
-,0,2,0
Man Down,0,1,0
WhiteDragons,0,1,5635
QuQnnTATnnOvO,2,0,181444
pig bank,0,3,0
ELHANGT,0,1,0
Right Hand Rule,0,1,0
HuaDaBin,64,20,10426428
-,1,0,38574
Old Singularity,0,2,0
RYLs,0,3,51076
China,9,22,5786778
THEMERCENARY,0,4,939115
Hei Hitler,2,2,666811
Chikipi,4,2,1312971
Blue house,2,0,97890
BanhMi-Gang,10,7,1039114
Empyreus,2,2,119421
Idochine,0,2,597733
CHILIZ,3,4,3151804
Forever Night,0,2,80247
KUMA,0,1,243645
VictorySong,0,1,22235
Skip Tutorial,4,6,488020
Buzztard,2,3,474913
Minerva-X,17,10,2280977
The REVENGERS,0,0,15899
Laughing Boulevard,6,5,2498631
REDHAWKS,1,0,27138
God_Of_War,1,1,186780
HeIIo Kitty,3,21,20886368
123qaz,0,3,21581
I Check Mate I,1,0,452633
TO TAKE OC,0,0,543784
I The Flying Dutchman I,0,0,1026443
I The Flying Dutchman I,33,22,13907462
Men in God,0,2,13077
Helmet Bahini,0,1,0
I The Flying Dutchman I,6,6,3736302
ACM,0,1,970
-,0,1,0
Pristine,0,1,134371
One More Times,8,20,6942482
Fake engage,0,0,15938
Gold Pigs,0,1,70845
Coin Monarchs,2,6,57291
AFTERMATH,3,1,197253
Invade,20,12,3021313
MAMIRAHAY,3,1,68112
THE LEGENDARY,0,1,3653
FrostCrystal,2,4,57020
KUNCHORN,0,1,9152
Ocean Waves,2,5,209815
siro-kuma,0,1,3855
-,0,1,0
FxxK,7,6,1116540
Wing of Liberty,2,4,406020
-,0,1,0
NO-RE,4,7,1343996
All JB Bro,0,0,2592
TMN Institute 2nd floor,0,1,67359
Sequence,1,5,1586298
-,1,0,674547
MO GU,16,16,11612898
Sequence,1,4,2348299
Meerkat Assemble,6,19,14877574
Chosen Few,6,4,259354
-,0,2,4408
PSYKOPATH,0,1,0
V1OLET,0,0,454528
VIET NAM ssm,0,1,125409
Red Circle,26,20,2060920
-,0,1,0
-,1,1,167226
Coup de grace,1,11,2315344
I am King,0,2,21392
Black M0nkey,0,1,130861
F R O Z E N,0,0,54162
Conscripted,0,1,738449
Grindval,1,6,379550
CoCa1nE,33,8,2755390
Singosari,0,3,1016261
Real Man,10,12,5188228
All Rise,68,37,14018808
VINA HOUSE,4,16,921425
HIRAYAH,2,1,171473
Freaky Fools,19,2,587130
CHILIZ,76,50,22058292
CCTV,0,1,0
Floralia,27,22,5258267
EQMS,6,6,1517373
MoFuMoFu HEAVEN,1,7,494603
MABAR,1,5,79959
-,0,2,0
Kunfayakun,0,1,0
I The Flying Dutchman I,3,10,3606469
Only Gamers,0,0,1698
Around Thirty,0,2,0
Forever Night,0,2,948509
Tokyo Revengers,5,3,2214336
pig bank,0,1,127151
You Shall N0T Pass,3,3,366933
VINA HOUSE,1,4,201203
PoopooDancers,0,30,4826358
Chikipi,13,17,9787674
good bomb,12,10,14030743
Meowfia,2,4,1574806
HappyDay,2,0,82967
Karmic,0,1,2426
Kunfayakun,0,2,119732
Singosari,0,2,264387
Tree Viper,2,0,65571
Cops Sterling,0,1,0
BeasTDaK,2,4,2264242
S Y N D I C A T E S,0,1,455555
HAMSHTER,0,1,2936
ORANG JAWA,4,4,887326
-,5,5,210149
Albion Newbie Union,0,1,64113
CRACKER,0,0,867
Ping300,0,0,169133
Oh yes,0,0,2874
KATANA,0,1,16324
Gangers FUNNAMNOM,6,2,284700
SideQuest,4,1,1535320
CHILIS,9,4,939836
CHILIZ,10,5,2138028
P U R G E,0,2,620919
LUVIMIN,2,4,222588
Scavengers0,1,1,201322
Meowfia,4,6,203617
-,0,1,139944
six doors,5,7,2244448
MENGXIN,7,8,634133
Meeting Stone,1,4,125634
Mochi Kingdom,1,6,128350
Forever Night,1,0,494183
Blue house,5,2,248367
DOKDO,3,7,972853
Hanguk,1,1,69782
Fenr,1,4,1068004
I The Flying Dutchman I,1,4,11743883
AK-47,1,4,505007
AK-74,0,0,72134
New_World_Order,0,0,106939
SubuTai,46,15,7685712
-,3,5,502231
-,0,1,0
Griffin Empire,0,1,36986
CCTV,1,8,1131370
TAKEDA 24,0,7,157673
MINlONS,0,3,2054071
Pussi Gang 69,10,10,3467262
PL4B,40,15,2332832
The Inquisition,1,0,4107
Griffin Empire,5,10,1010521
PLAY IN KINGDOOM,0,2,0
M U S T A R D,0,1,0
Griffin Empire,0,2,0
-,0,1,0
Boar Army,5,8,622608
Gold Pigs,12,5,1059795
HIRAYAH,4,2,164631
Topspire,0,3,33599
CCTV,4,2,269583
Fight Or Run,0,0,28892
-,0,2,0
MafiaZone,1,0,121445
xCUTIESx,9,38,4089893
D R E A D W A T C H,0,4,466809
Enterprises,3,1,154419
Minerva-X,0,10,1195491
F R O Z E N,0,2,135224
SO EZ,17,3,2775827
Free Butterfly,0,1,0
conquer,0,1,0
day day up one,0,1,0
-,1,0,311201
321 Demass,1,3,130109
not cute anymore,3,1,134969
MoneyMoneyComeOn,3,4,344567
snow forest,2,0,394159
Red Circle,1,0,115859
Western Paradise,4,19,10373947
Blue house,0,1,0
tusi,5,1,741115
Mika,5,2,1162882
-,1,0,92211
Global Unity,1,0,227637
PVP With Me,0,2,86440
Pink 7,2,1,522887
-,0,0,8823
Dread,2,2,203910
TUKANGGAME,2,2,46724
R E A D Y TO D I E,27,8,2178371
Meerkat Assemble,10,38,18654530
Meow Immortal,0,1,97496
Dragon Blade,0,3,0
ETERNAL CRUSADE,0,2,0
Czendicate,0,2,0
Hong Xing,8,6,862485
Wysteria,36,19,10490764
Minerva-X,65,36,9607216
Sigma Man,15,9,694752
snow forest,0,3,2423238
HER MES,0,2,0
Mamboo,0,7,133462
DDBS,20,24,22285703
Minerva-X,0,20,8590258
HOLIC,27,14,1015690
Freaky Fools,0,0,67924
Evangelion,0,1,369983
-,0,0,58710
Earn money,0,0,2416170
Mamboo,0,1,3540
AK-47,3,7,389304
Life or Death,1,0,529350
Western Paradise,3,0,97941
-,1,1,23370
Sunset,0,1,0
FLARE,0,1,0
Big mom,0,1,0
Astartes,0,0,13832
High Cards,1,7,367078
AVA Tactical Squad,5,2,577666
Griffin Empire,13,26,4021304
Griffin Empire,0,0,15514
Shut It,1,0,707979
Dreamweavers,4,0,103256
Revolutional Army,0,1,0
Scavengers0,10,9,454016
The Boyz,0,1,0
Boar Army,1,1,106129
CHILIZ,3,3,1667957
PAPAYA POKPOK,27,5,2497957
LEGION OF THE UNDERWOLD,0,5,26064
Mistwood Fen,0,1,0
PSC,0,1,28383
Auraka,0,1,0
-,25,8,1081081
H Y P E R T E N S I O N,43,12,2617554
Camilers,4,0,160822
Blue coral,0,3,0
PookieAlliance,0,1,2091
P U R G E,25,9,6989179
Noctera,1,1,359113
GATHERERS II,0,0,5296
High Cards,0,0,22973
ACM,0,2,1102019
Red Mad Eagle,1,1,26376
After LIKE,0,1,39926
UnifyVN - 304,0,1,468469
conquer,0,1,788544
Karmic,0,0,22451
good bomb,9,6,4583012
10 My friend are coming Run,1,3,56591
-,3,3,86029
octugram,1,1,38394
Pierce,11,7,1145597
-,3,1,148089
KAKI TIGA,5,4,235096
-,0,1,2391
Meitei Ninja,0,2,58768
Nang Pi Yan Zi,0,1,0
Snow Angels,1,10,87087
The Goat,4,3,152821
R E V O L U T I O N,1,2,58133
Azurel,0,1,0
Helmet Bahini,0,1,0
booz party,3,7,115413
HeIIo Kitty,54,16,40215645
HelIo Kitty,9,8,8961654
YIBAMBE STRONG,0,2,5006
TrueMatch,8,9,1409155
WTP,0,1,90692
All The Villains,9,24,7122290
TrueMatch,2,6,822996
Naughty Squad,2,7,114781
F R O Z E N,0,0,94398
-,0,1,0
Fire Boys,0,1,53901
CHILIZ,3,34,24837158
Crusader Kings,20,27,6231932
9INE,83,33,13062422
CAOTAIBANZI,4,8,1686582
Spero Spera,0,5,1359
-,0,1,0
Skip Tutorial,0,6,124729
Free Butterfly,3,16,480689
KING REVENGE,2,0,24988
Red Circle,1,0,150015
Noob Family,0,1,0
FISH GANK,0,1,0
Pierce,15,23,7531586
The Savior,0,0,58087
Farm Or Die,14,2,2251361
ABOVE HEAVEN,1,3,77300
-,2,0,161210
EMPYREAN PRIME,7,4,1619872
Depths King,0,0,12034
The Fide Blood,1,1,118118
A Brave Man,0,3,362965
Meeting Stone,0,0,22502
VictorySong,1,3,274184
One More Times,0,0,50419
-,0,1,0
Arena Ghost,0,1,0
The king_s son,5,14,1218558
China Daoism,0,1,0
Another,4,5,3458654
CHILIS,6,12,1922536
MO GU,19,25,6174954
-,1,0,11217
RauMa36,0,0,12254
VN1945,0,2,465900
GuGu GaGa,0,0,153345
Gungn1r,5,1,44127
-,0,1,0
Smell Score,1,3,4562
-,0,0,220987
CHILIS,3,0,598168
B L A C K P E A R L,1,3,345573
TONPA GANG,0,2,0
BeasTDaK,0,4,881963
-,0,3,1815
Government Program,0,4,0
The Northern Constellations,0,2,228769
Invade,0,7,2016612
TIKITIKI,5,5,177331
Demon Pact,0,3,121135
SOLAR BENEDICTION,0,7,0
FAIRYTAILE,1,0,37625
V A G A B O N D,1,12,3787657
The Noobiez TH,0,3,0
Rest home,4,4,197479
-,2,6,137558
KongFu PanDa,24,26,6334380
All Rise,10,59,16499905
VIET NAM ssm,0,2,0
KALONG,0,1,0
Chikipi,10,10,7760601
HeIIo Kitty,17,18,29321391
HelIo Kitty,16,7,11317967
Meerkat Assemble,0,3,1958542
eRa Empire,6,5,1511062
Pierce,0,1,141666
Crusaders of the North,0,3,0
-,0,1,192944
T O K Y O,0,2,73667
Coup de grace,2,8,758474
S Y N D I C A T E S,0,7,28179
Fightin fool,0,3,126736
Coup de grace,0,2,353272
BENG_BANG_PH,1,2,8484
NAGA PEOPLES FRONT,2,17,215868
MELEE,88,9,7599113
watyafami TV GGS,0,2,0
NoobGaming_YT,0,3,75448
Kingdom,2,3,413619
H Y P E R T E N S I O N,0,7,433567
ALBION AFTER S3X,1,4,147725
Pink 7,2,3,464305
ETIQUETTE,2,8,123445
Black Sails,1,1,523746
Boar Army,70,40,16450171
Minerva-X,27,9,2525072
TCS,2,7,102260
CHILIZ,15,16,8992698
Free Butterfly,1,4,442809
V A G A B O N D,18,8,7700800
-,1,2,1651
HappyDay,0,4,266277
All The Villains,4,12,6823257
Shark Chew Toast,5,16,4964768
PAPAYA POKPOK,15,19,5097287
FxxK,3,1,919273
oo0oo,0,0,203699
Children Of The Dragon,1,0,185199
The Neighborhood,5,1,1542773
snow forest,2,11,1957797
oo0oo,0,6,2637568
-,0,1,0
Kingdom,0,1,221098
COALITION,51,36,7375938
Real Man,10,31,8850350
From Zero,0,1,88480
itinerary,1,3,33085
Real ONE,0,2,190717
F I K A,0,2,0
I The Flying Dutchman I,34,13,17973478
Suger Babies,1,2,36891
Resilience Knight,0,1,9214
Blue Phoenix,5,4,232066
Stellar Alliance,19,3,2375887
All Rise,0,2,511630
World BOSS,4,4,245370
CCTV,0,2,280374
-,0,1,0
Chola Empire,0,1,34400
SO EZ,0,1,0
Free Country,2,3,166428
After Cleric,4,3,3121135
Real ONE,14,5,9441241
-,0,1,0
RBS,0,1,0
NB FOREVER,5,4,79850
Dragon Blade,1,3,242471
Western Paradise,0,31,4959115
Singosari,0,2,0
Marina,4,31,372636
Children Of The Dragon,2,1,1532857
MINlONS,10,4,521405
D R E A D W A T C H,3,3,608355
Summers,10,3,760301
Ashen Reign,0,3,30667
SpartanS 300,0,2,18651
H a n a k i r i,2,4,276263
HIRAYAH,0,16,1546867
-,0,1,48120
-,5,1,262693
Shu Shan,14,16,2996055
Coup de grace,0,1,59559
PLAC,3,4,6402616
Mika,24,24,9981285
Shame1ess,1,0,151405
Hymn of Valor,0,2,43596
-,0,1,0
Children Of The Dragon,2,2,1612557
Black Mist,0,1,81402
Elsilva,2,1,116569
Ping300,16,6,2433864
VOYAGER CORPS,0,4,42218
No Picture,3,4,334244
Red Paw Gang,3,7,583896
Government Program,1,4,23783
Shu Shan,8,10,750738
Crazybabys,0,2,96095
-,1,0,14890
TEAM_MEMOL,1,3,583673
-,0,0,19529
Aetherion Order,1,1,20034
Speed Check,0,1,34670
-,0,0,635390
-,0,0,18111
Echo of One,0,0,22418
Real Man,36,24,7847425
AFTERMATH,0,3,162895
M U S E,0,1,5616
The Neighborhood,0,3,10202
-,0,1,0
NekoParadoxia,0,0,45684
BeasTDaK,0,1,312673
Pierce,25,21,9468779
Invade,1,2,383959
AZKALZ,1,18,465700
Packet Loss,1,0,22128
I The Flying Dutchman I,0,6,7894351
Eldritch Acquisitions,0,1,0
eRa Empire,0,1,0
Coup de grace,0,0,174670
ONG BUT,0,2,12078
Kunfayakun,0,0,4414
Lightborn Syndicate,2,2,172058
-,0,1,0
-,0,1,0
Holy Black Knights,0,1,0
Chosen Few,0,0,11587
CHILIS,4,0,848458
Wicked Croc,2,3,113577
NO-RE,4,35,14364934
Meowfia,2,0,565822
The Philippines Cartel,0,0,14949
TAKEDA 24,0,3,0
-,2,3,365733
I The Flying Dutchman I,2,8,5424136
Holy Black Knights,3,10,881857
The Drop Bears,3,8,1569391
Chosen Few,1,1,187023
Speed Check,1,2,100352
Dragon Flame,0,2,0
-,1,2,95776
-,0,2,0
Invade,0,8,2142290
SINGLE SOUL,0,3,5152
-,0,1,1456
-,0,0,28882
DRYGOON,3,0,87390
SHOWTIME,2,1,277158
P U R G E,0,1,192906
I Check Mate I,6,2,785504
-,2,3,910881
-,0,0,106669
-,0,1,0
POLRES LYMHURST,1,1,13970
-,2,2,56615
KATANA,1,1,58140
Speed Check,6,5,220407
THEMERCENARY,0,0,1914
-,7,5,332909
COALITION,0,15,2546463
Tree Viper,1,4,762128
nanjingdapaidang,42,9,3886682
KongFu PanDa,0,1,454357
PalaceGUARD,17,9,5748675
CCTV,39,14,5172626
not cute anymore,0,0,156713
SideQuest,0,1,54013
Beavers,20,12,8504552
Invade,4,1,611002
Singosari,0,0,27584
THEMERCENARY,1,2,11210
RABBIT RAIDERS,5,6,697423
Kunfayakun,5,3,854677
Asia Vanilla,0,2,0
the Gods of deth,0,1,16068
Meowfia,2,1,140630
-,8,6,349947
Children Of The Dragon,3,2,141914
One More Times,0,0,13548
F R O Z E N,8,4,785267
Mathias,9,13,409779
MO GU,3,7,7579471
Evangelion,0,3,150790
I The Flying Dutchman I,1,1,1181765
-,0,0,5475
Sequence,0,0,444574
-,0,1,0
not cute anymore,4,11,1403922
Invade,0,12,2192707
-,0,1,0
T O K Y O,0,2,0
WhiteDragons,1,1,23064
B L O O D L U S T,1,0,9090
Asgardian Farmer,1,1,81786
-,0,1,0
CapybarAAAA,0,0,53613
OneDone,56,8,5912491
CTRL ALT DEL,4,3,468045
-,1,0,39054
V1OLET,0,3,180319
Pierce,0,8,919452
Ox_Shepherd,4,4,325988
Sanguine Oath,0,2,0
After Cleric,25,2,1764662
Filibusteros,19,1,1479028
Cut Throat,18,0,1460680
MINlONS,4,0,498038
Griffin Empire,2,6,297045
2077,3,31,2022562
RYLs,0,3,27477
HYBRIDS,0,0,13335
Meerkat Assemble,2,0,1394316
Enterprises,1,5,548287
Chosen Few,7,0,276346
MiMe,2,3,325839
ONG BUT,0,6,512387
Beavers,7,5,2739579
Midnight Movers,0,2,0
-,0,1,0
Lumi,1,4,33690
BLACK_NUMBER,0,4,99567
mechanical,0,1,21794
BLOOD LEGION 1,0,2,0
Government Program,0,2,9237
Crimson Radiance,10,1,960894
CapybarAAAA,14,13,1753408
CapybarAAAA,3,10,1032833
Real ONE,18,12,8020294
After Cleric,5,7,2495326
F I G U R E,28,32,17908004
Pale Reapers,0,5,23634
MAGN,2,2,26862
-,2,1,238788
Invade,0,0,80221
KATANA,3,15,946932
Valiant Immortals,1,5,80697
Herrschers,0,1,0
ACM,27,16,8391411
Invade,6,23,15832766
ENDANGERED,46,15,4946262
D E S T R A X,0,2,0
The swallow,0,1,226514
NULL,2,0,169600
-,0,1,10975
Mythical Knight,0,3,0
I The Flying Dutchman I,3,4,3919197
CHILIS,5,7,3244144
CHILIZ,6,29,11629200
10 My friend are coming Run,0,8,187342
PLAC,3,12,17843852
Dworf,0,1,249818
Singosari,2,14,1365114
EQMS,8,7,1194915
Future Party,27,21,24831462
THEMERCENARY,5,35,1773882
WIDOW HUNTER,0,1,6009
RABBIT RAIDERS,1,2,565394
DeSaiko,0,0,46290
NAUGHTY OLD BOY,0,1,0
Cempaka,3,4,496453
Wysteria,34,21,7058152
BangCuopLuongSon,2,7,228732
nanjingdapaidang,0,1,18233
Snowflakes,0,1,0
Government Program,4,20,609774
Helios Phoenix,0,2,194344
Earn money,5,0,309014
BLOB,2,2,222527
Dive Guu Tee,0,0,45074
KongFu PanDa,3,26,5268607
ACM,0,6,1096050
KongFu PanDa,29,48,21334694
PARAG0NS,1,6,251345
TheGreyKnight,1,0,38297
I The Flying Dutchman I,60,13,17129666
Mika,5,2,920437
Bretonnia,73,8,9747666
All Rise,1,0,20458
Midnight Rose,0,8,157594
eRa Empire,0,2,2044
Earn To Win,1,0,42249
The Black List,8,7,277563
CHILIZ,62,30,21426150
Spero Spera,2,4,925023
P U R P,0,1,53561
SubuTai,1,3,1047158
I The Flying Dutchman I,23,9,11873256
GTO Nazarick,5,1,637274
Cempaka,0,2,187537
All The Villains,6,6,2482875
Free Butterfly,0,3,113415
-,1,1,103921
bosaBOSS,0,1,6647
-,0,1,17846
HER MES,0,1,0
Arcanes,0,1,0
Driffter,0,3,218512
Invade,3,10,2364124
-,0,3,24996
G A I J I N,0,1,0
Ikatan Pemuda Fortsterling,0,1,0
CoCa1nE,2,4,1405963
SuperLoot,2,6,287084
TheGreyKnight,7,5,174712
Noob Family,0,3,0
-,0,1,36015
RABBIT RAIDERS,0,1,119452
I TYRANT I,1,1,48996
-,0,2,1548496
All Rise,0,0,540172
Mika,0,5,1561489
Meowfia,8,1,832508
Chikipi,26,50,30987377
Phantasm Havoc,8,5,346939
-,0,2,0
NEXUS FAMILIA,0,0,3209
The Wardens,9,5,303620
Pink 7,5,14,944079
TEMPLARS_ORDER,3,2,203531
Laughing Boulevard,2,15,4388451
LUVIMIN,0,2,17280
RABBIT RAIDERS,0,1,0
The Loot Goblins,5,2,699074
TEAM_MEMOL,0,0,910222
itinerary,2,1,376488
EZEarn,8,1,417581
Wicked Croc,1,1,13973
BeasTDaK,17,23,4306432
Rescue Station,0,1,1491335
R O S E,10,5,2601950
P A R A S Y T E,1,0,110077
-,2,1,60485
PLAC,4,8,10464206
THE WARRI0RS,0,9,436899
CCTV,8,3,172271
-,1,1,16525
conquer,0,5,908237
One More Times,19,2,2017272
Garden babys,0,0,15959
Griffin Empire,8,17,5097068
GOBLINS,3,16,9973730
Only Gamers,0,4,16267
FATE-Excalibur,0,1,0
The Scarlet Dawn,12,9,746204
Kingdom,1,6,966346
MELEE,0,3,713394
Conscripted,3,13,3709086
ASCENDANT SUN,0,0,13937
Free Butterfly,9,6,877883
-,6,2,409227
Red Circle,0,2,1284148
F A M I L Y,46,13,14714841
Family Type,2,9,3232645
QUILL,0,0,9060
WADIMOR,1,0,113965
YangPaiXiaKiller,2,0,878730
God_Of_War,1,1,388745
THEMERCENARY,0,1,47179
SCAVENGERZ,0,1,0
THE-PURGE,1,0,4871
-,0,2,0
Meerkat Assemble,35,14,7499430
Tengkorak,1,2,18327
-,3,0,139638
JugGerNaut,1,0,63072
Sri Rezeki Lancar,0,0,77814
GOBLINS,35,15,6388569
TGIF,0,8,2879429
-,0,1,17583
xCUTIESx,12,14,3301525
After Cleric,0,6,190301
A you ok,1,5,231051
WORDLESS,5,0,205506
Griffin Empire,2,6,6572421
Astartes,0,1,16357
CHILIZ,1,8,3807820
CHILIS,1,9,1191691
The Neighborhood,4,1,1748060
Wing of Liberty,2,5,1007746
Suichi NiiSan,0,2,1698
Suichi NiiSan,0,1,0
-,0,1,55265
Eternal Catastrophe,1,3,415805
I The Flying Dutchman I,26,16,27525637
MO GU,15,5,3919272
PLAC,31,17,22161022
NULL,3,11,1806261
pig bank,0,3,38885
BeasTDaK,0,0,415061
Western Paradise,62,48,13297341
Reworld,14,7,3294745
You Shall N0T Pass,19,12,2608787
MAN0K NA PULA,0,1,0
Western Paradise,14,7,3958216
Masked Bandits,2,5,1109143
Sanity Eclipse,1,1,169442
MIKE TEA,3,2,1365272
-,0,0,29078
CHILIZ,1,49,18219160
The Neighborhood,16,5,2459497
BeasTDaK,11,5,3230152
hurry yogurt,1,1,36126
Tree Viper,17,11,2709644
pig bank,0,8,120703
KATANA,93,15,3664731
MAX VERSTAPPEN,69,30,7203265
CHILIS,1,1,180704
-,0,1,61906
CHILIS,18,3,3065816
V A G A B O N D,14,42,12861392
KumaKuma,0,1,0
Nongkrong id,0,1,0
One More Times,1,2,19756
Sentinels Arc,0,0,12948
-,1,1,28969
-,1,1,715177
Karmic,1,3,93626
Real ONE,0,14,2431902
Emergency,5,3,192537
God_Of_War,1,0,290298
Ping300,1,0,482296
A X E,0,2,278888
Technique,40,2,2486197
R O O K I E S,10,7,3521018
BeasTDaK,16,10,4558158
R E V O L U T I O N,1,4,72506
Rescue Station,0,1,0
UnifyVN - 304,0,1,0
Crusaders of the North,7,15,267604
PSC,0,4,688494
The Black List,2,1,343860
BLOB,0,15,2249807
NUMEROS,0,6,63940
-,0,1,178655
Conscripted,9,4,2988728
koryen,2,9,57632
PL4B,9,6,247985
-,1,0,98856
OverDaddy,0,1,8683
ROYAL,24,13,1870368
The Valorians,0,2,34690
Fortune,0,0,143723
Finish,3,8,1525976
snow forest,0,1,1359839
COALITION,18,11,5232203
The Myth,0,9,1478447
Heart Corps,0,1,0
Kingdom,0,1,188542
SubuTai,0,2,2504338
Jia Nan,0,2,0
Chosen Few,12,5,3587385
-,13,13,3975528
Forever Night,6,10,901574
Invade,0,2,133301
OneDone,3,2,228187
C A E S A R,4,2,656170
PUMPIM,0,3,712
nanjingdapaidang,2,1,189326
Singosari,0,5,38535
Singosari,0,0,70455
PLAC,1,0,550975
CHILIS,29,6,11247320
The Neighborhood,3,12,825872
-,0,0,39444
U N D E R R A T E D,0,1,0
Noob Family,0,4,179308
-,0,0,8908
SubuTai,6,11,5498370
Conscripted,3,5,3116192
B L A C K P E A R L,0,1,0
A X E,0,1,112207
KaNaNuTho,0,1,10664
Dog Slayer,4,2,1627111
R E V E R I E,0,1,44267
Skill lssue,0,1,45198
Floralia,2,1,216501
Cut Throat,5,4,1725516
After Cleric,0,6,372302
Filibusteros,21,0,4480231
CoCa1nE,23,11,4955966
good bomb,1,7,5895967
-,0,3,348309
CapybarAAAA,0,8,2725437
CACING NAGA,0,1,0
Forever Night,0,4,1278971
Coup de grace,4,7,2374040
eRa Empire,0,1,0
Stellar Alliance,4,2,163856
Beavers,5,15,7195320
B L A C K H A W K S,9,10,503777
I The Flying Dutchman I,4,28,8324411
F A M I L Y,2,2,681523
Trying to be,0,1,0
Blue coral,6,20,1939489
Green Shadow,0,1,0
Masked Bandits,0,0,14400
321 Demass,16,5,733925
Mochi Kingdom,2,0,88225
An Guild,34,11,2178695
-,0,2,18252
WaKanDa,1,1,33910
VietNam TheFord,0,2,18474
Customer Support,0,1,0
Wild Ape,189,54,63943936
GGDeicide,2,1,185140
Mathias,2,6,244597
BeasTDaK,0,10,2550918
Lucky Fools,2,3,1032312
The Boyz,17,9,2832078
Reworld,18,11,3659382
You Shall N0T Pass,11,22,2590580
Chikipi,116,29,21044872
Minerva-X,0,16,5300354
1DAY,0,1,0
All Rise,4,0,6872935
Hei Hitler,10,8,4902170
Mika,45,11,6797519
Meow Immortal,0,1,155843
TGIF,4,6,1849685
Hell Fire Club,0,2,0
GOBLINS,3,11,3714765
P R O U D,1,7,23364
HuaDaBin,5,3,1585403
Real ONE,4,8,8224635
After Cleric,2,5,1366557
The Lonely Moan,0,2,65398
I The Flying Dutchman I,3,2,915596
Kendan,1,2,23257
COALITION,0,1,15646
U N D E R R A T E D,1,1,24326
H Y P E R T E N S I O N,2,2,45810
Warhammer Defense Core,0,0,86695
AVA world,1,0,29097
HIRAYAH,0,4,264606
ENDANGERED,0,2,261703
Government Program,10,3,459811
-,3,9,300380
-,0,2,37938
For Fight,4,2,796044
Real ONE,6,9,17429385
After Cleric,0,7,3577376
C O V Y,0,3,26394
Forever Night,1,0,77429
Meerkat Assemble,0,0,1082512
Sigma Man,0,6,1447
-,0,2,0
Real ONE,59,15,18921949
After Cleric,5,1,1182710
SPCL Brotherhood,0,1,36000
strange thief,0,12,331812
The Neighborhood,4,16,2986210
The Myth,0,1,32681
MINlONS,16,2,2160465
BeasTDaK,22,4,4885524
Real ONE,11,3,2340237
UNITED THETFORD,0,1,0
-,1,6,26455
GOBLINS,0,1,225161
Once Upon a Time,0,2,445456
Boar Army,2,1,1813967
Kingdom,2,1,770250
All Rise,44,9,6514616
PLAC,4,5,3301126
Speed Check,0,2,363083
StarjixFans,9,14,1036755
YIBAMBE STRONG,0,0,15878
Just chill and play,0,1,6526
GOBLINS,2,2,367795
CRACKER,3,2,344123
CHILIS,1,10,5682082
-,0,0,8953
Raining,4,4,954727
Earn money,0,0,237479
Inmates,0,1,0
-,0,1,0
Akhri Pasta,0,2,9393
SDteam,0,1,0
Children Of The Dragon,0,6,1211793
Mika,0,3,156074
Meeting Stone,8,10,4247121
One More Times,1,4,603120
Fenr,5,2,755775
UnifyVN - 304,23,17,12180767
TheGreyKnight,1,0,2876
G A I J I N,0,1,102352
-,0,1,0
Minerva-X,4,2,1060782
Fake engage,0,1,0
I The Flying Dutchman I,0,6,2952271
Speed Run,5,1,976485
1Mmortal,95,30,25484980
-,0,1,0
-,0,1,0
-,0,4,5817
Space Wolves,0,2,24740
Western Paradise,34,24,8927060
Bretonnia,22,21,4722241
The Scarlet Dawn,0,4,306576
Aegis of Fuji,6,16,2224611
Boar Army,3,13,3410252
-,0,1,0
-,0,0,47839
-,0,1,6084
Green Shadow,0,1,27108
MoFuMoFu HEAVEN,10,11,740163
Chaser of The Wind,2,1,656687
Wysteria,15,19,6904741
PLAC,0,1,679196
MO GU,33,8,7282814
Binary,10,2,655741
Meerkat Assemble,24,11,6994850
CHILIZ,3,14,4760357
ERASE,1,3,1175628
Kingdom,0,2,156454
CCTV,1,2,3361938
cat and rat,28,44,2304915
six doors,1,2,1008892
VietNam TheFord,0,0,135980
-,1,2,13521
YangPaiXiaKiller,0,0,899014
Government Program,3,13,243383
ENDANGERED,9,3,1250516
Coup de grace,10,20,1789322
Olorun,0,1,3605363
R E V E R I E,2,2,376128
RABBIT RAIDERS,0,2,1284
-,0,0,10947
-,0,0,27207
God_OF_Hunter,0,0,11630
Karmic,0,4,0
V A G A B O N D,40,16,6183725
The Northern Constellations,0,13,882258
7FALL,11,3,337604
Wysteria,25,18,4747614
TAKEDA 24,1,5,180250
GTO Nazarick,0,1,15721
Tralala,1,1,175295
Psz,54,29,14285032
CapybarAAAA,2,4,640054
CRIMSON CONCLAVE,0,1,0
Helmet Bahini,0,1,0
Frostborn Exiles,0,1,10583
PLAC,12,9,8764895
CHILIS,72,5,15577182
TONPA GANG,3,1,62920
-,0,1,3929
SpartanS 300,1,0,19908
-,0,0,4074
Noob Family,0,2,23729
ENGAGE ON ME,3,7,62028
Astartes,0,3,84490
-,2,4,53990
Yours Ever,7,4,880544
TAKEDA 24,2,6,677770
Ashen Reign,0,0,4765
HaChiu,0,1,1945
CTRL ALT DEL,1,2,4250
ABOVE HEAVEN,9,8,446218
Blue Phoenix,4,5,869032
Kendan,0,1,23257
Daitya Hunters,0,2,0
2077,10,35,5530787
Mam-moth,1,2,101625
All Rise,35,18,25036333
PLAC,1,6,15115503
Raining,4,1,241676
Raining,0,1,241676
MO GU,1,7,1891617
-,0,0,15310
Family Type,0,2,0
Fallen Legions,0,1,0
NGGang,0,2,246768
All Rise,26,41,15461327
VietNam TheFord,0,0,37746
South PH,24,5,7405713
MoneyMoneyComeOn,0,0,11969
BLOB,0,1,60930
RecaII,5,0,224805
All In Fighting,1,5,2356124
Mika,3,16,3642402
Frostborn Exiles,0,3,93101
Forever Night,1,1,112569
C O V Y,5,2,323785
Topspire,0,6,2340773
Critical Impact,1,4,175555
-,0,1,0
-,0,1,111794
Shu Shan,0,3,420702
cat and rat,0,2,162697
Averen,0,1,0
NekoParadoxia,1,0,35520
-,0,3,0
Buccaneer,0,1,147269
GIGAN VIII,0,2,180313
Shining Star,63,21,3561827
Judy no go Cindy no come,0,1,0
Invade,0,7,645581
Singosari,0,10,383064
All Rise,5,9,4015224
Blackfang Covenant,9,8,1849063
SOLUMBRA,0,1,0
KEYBOARD,0,2,0
-,0,1,0
ENDANGERED,33,20,4765828
S1LVER,0,2,5098
-,0,0,126829
-,0,2,0
Crimson Radiance,5,3,154802
Chosen Few,0,3,71827
T O K M U N,4,4,156553
Conscripted,2,0,928417
-,4,0,364794
Wysteria,8,5,3208731
OGC,5,11,139236
-,0,1,0
Children Of The Dragon,22,13,8431920
Faction Academy,0,2,247474
HYBRIDS,14,9,1851507
-,1,2,670176
Noob Family,0,0,7554
GOD EATER,27,7,1742546
-,0,0,111873
-,0,0,5572
-,3,9,261753
-,0,1,22137
Ars-Nova,0,1,0
-,0,1,9686
Minerva-X,0,11,1713995
Fight Or Run,2,0,424298
GOBLINS,5,5,3878375
Death Wish,23,13,16313424
CHILIS,7,8,2440103
GOBLINS,6,4,1295540
DOJO,0,0,27502
MINlONS,1,5,909387
Mochi Kingdom,1,4,45179
One More Times,1,1,252184
Frederick,1,3,91221
G A N K S T E R S,0,3,32995
Invade,0,5,0
-,0,1,13060
Annbu,7,9,839425
COALITION,0,2,325189
MiMe,2,3,104090
RABBIT RAIDERS,0,5,79567
Speed Check,8,5,789675
Heartsteel,1,7,947508
The Quinfall,1,4,460265
All Rise,7,26,16186594
PLAC,0,11,11549005
-,1,3,119379
Jagdgeschwader 52,0,1,0
TheKnightsTemlar,2,8,289943
P U R G E,0,1,0
GIGAN VIII,3,4,173039
Lightborn Syndicate,6,2,579798
UNITED THETFORD,3,4,378611
Green Knights,2,1,135886
-,0,0,2334
Shine On Me,1,2,118030
Future Party,25,26,5845393
The Valley of ErdTree,0,2,0
mechanical,0,1,0
The Neighborhood,1,1,325405
CHILIZ,3,26,8761684
pig bank,0,2,166172
Tarumanagara,27,19,1725445
Skip Tutorial,0,1,30889
Skip Tutorial,5,4,308141
Red Circle,10,12,1334372
P U R G E,2,2,1517120
Another,22,45,19444802
Another,12,3,3451436
Dino Jelly,0,1,0
Menhera,2,2,789042
-,0,1,0
Forever Night,4,2,1072711
Kunfayakun,20,8,1609885
NULL,0,0,54998
AFTERMATH,0,0,1397
-,1,2,154567
G U I L D,0,1,109423
Mythical Knight,3,1,124965
I The Flying Dutchman I,38,7,15425817
Meowfia,11,7,1740115
The Castle Knights,0,5,22804
LAST GANGSTER,3,2,234414
Invade,61,22,10459432
Conscripted,4,9,8326390
Ascendant,0,0,81323
KUMA,15,5,1642962
SubuTai,5,4,2852759
Conscripted,2,7,3147063
CHILIS,1,8,4156828
Save Me,1,0,20608
LaiFaNongDer,0,0,105330
LaiFaNongDer,0,1,1133887
Minerva-X,22,31,9274488
OneDone,11,19,5283765
The Myth,0,6,609874
VIET NAM ssm,4,19,677274
-,1,5,59241
Blue Phoenix,9,12,1849480
GOBLINS,0,0,570459
S O L,2,4,721354
Hong Xing,0,0,3422
SLAF,0,1,0
Summers,1,2,556421
PLAC,4,7,9791320
CHILIS,3,7,17593156
Shining Star,2,11,1218445
Midnight Rose,0,1,0
V A G A B O N D,4,5,2353099
-,0,1,0
-,0,1,89627
Pierce,3,1,75498
Astartes,10,3,1171812
GLORY STARS,0,1,0
-,0,1,0
C A L Y P S O,1,1,118260
The Scarlet Dawn,0,2,31040
-,1,1,77629
Children Of The Dragon,1,1,1018092
Griffin Empire,3,2,431977
Rescue Station,4,4,1519528
An Guild,49,15,1848125
The Elders Pact,6,7,624641
China Daoism,2,4,26410
E X T O R T,2,4,404672
The Quinfall,1,0,32238
PSC,1,0,19404
MAYARI,1,0,33354
A X E,13,13,1299572
THE WARRI0RS,9,1,2290485
Mt Hua,0,1,149039
-,1,0,124582
S Z P,0,2,0
Fight Or Run,0,0,218024
Abyssal Depth,0,1,0
Helios Phoenix,1,4,842616
The Neighborhood,2,7,215190
Meowfia,8,9,1558640
-,0,1,0
Singosari,1,2,307305
China,15,26,8743371
AK-47,5,3,101372
Kingdom,1,7,199701
-,0,2,8524
-,0,4,106740
MoneyHunter,4,25,863533
THE LEGENDARY KNIGHTS,0,1,6386
WARDEN-SLAYER,0,2,24195
Dragon Blade,0,3,291844
Martlocker,0,1,0
Rejimen Askar Melayu Diraja,0,1,15144
Villain Society,0,2,19579
QuQnnTATnnOvO,10,10,2561627
Sentinels Arc,0,2,144737
GIGAN VIII,5,2,929731
Buccaneer,1,1,316656
TheGreyKnight,3,0,141456
MODERN PATTERN,3,1,216100
-,1,4,49758
Kingdom,0,0,740746
MoneyMoneyComeOn,0,1,0
QuQnnTATnnOvO,21,10,3109871
The Northern Constellations,0,4,40130
Helios Phoenix,1,5,92108
DEATH PARADE,6,19,1096522
Wysteria,7,10,3071085
T_T,0,1,0
Crimson Radiance,3,1,174143
CapybarAAAA,2,0,212514
P U R G E,13,1,2714252
HuaDaBin,27,26,5471959
-,0,1,0
LOOKOUTS,1,3,291098
-,0,1,0
Easy come Easy go,3,1,269316
I Check Mate I,1,1,42455
CCTV,33,16,8811759
F I G U R E,0,3,729897
The Loot Goblins,1,0,99142
Sequence,0,0,410783
-,0,3,17845
Isekai46,0,7,48983
-,0,1,0
A p os t l e s,2,6,234383
D E T O N A T I O N,2,13,431498
10 My friend are coming Run,0,1,1980
-,0,1,5234
Speed Check,136,13,3375357
-,0,3,0
Rescue Station,18,7,1844612
AFTERMATH,1,3,732061
Death Of Ava,0,3,18460
Conscripted,0,1,1981279
PDl PERJUANGAN,0,4,55170
GRIEVING-SOUL,5,2,248300
Griffin Empire,2,15,2000204
Snowflakes,3,2,591471
Enterprises,8,9,2550423
-,0,0,6310
M U S T A R D,0,1,155243
Arcadian,0,3,9312
Menhera,0,2,858410
Another,0,7,4909301
DOKDO,2,0,257673
Abstract elderly home,0,1,0
Future Party,30,11,9966354
KAI RUY,1,1,12084
ONG BUT,0,2,0
MINlONS,10,18,7628723
Creation Camp,1,3,83985
Press A to Die,0,2,12498
PayPal,0,0,25740
HYBRIDS,1,4,729072
-,0,0,118046
Czendicate,0,1,23159
CCTV,1,8,1517622
I The Flying Dutchman I,14,16,24241640
SACREDORDER,0,0,6890
Crazy Family,1,1,62802
Spero Spera,0,3,41389
Crazybabys,1,1,65571
OneDone,3,0,272036
Heaven Breaker,1,1,225124
Live Less Bank More,0,1,0
-,0,1,0
SubuTai,2,14,5805968
conquer,6,11,1682777
S Y N D I C A T E S,1,3,1447939
xNEMESISx,7,10,602128
No Picture,6,7,1786463
Circus,0,1,15035
Midnight Rose,0,1,16410
Technique,1,0,32237
-,0,1,0
WARRIORS INITIATES,0,3,18812
-,0,1,4107
QuQnnTATnnOvO,21,11,3419983
Springs,0,1,0
Paradis Isekai,5,1,87746
MooMoo,35,26,10816538
PLAC,11,10,4100537
DEATH PARADE,5,0,241526
-,1,0,38072
VIET NAM ssm,0,2,141055
Nugget,0,0,1985
Coup de grace,3,10,818477
THE WARRI0RS,2,2,2049740
-,0,2,43026
TONPA GANG,0,1,54603
Karma Committee,0,1,12148
KUMA,27,5,2686088
ALAS KWATRO,0,1,13656
AFTERMATH,8,6,558398
M U S E,0,6,13978
RABBIT RAIDERS,0,2,0
JARERNs,1,0,38543
LITERALLY,0,1,0
-,0,1,0
IMPETUS,0,1,30840
Wayfinder Knights,0,0,5755
Rescue Station,29,28,16821743
THEMERCENARY,1,14,565010
KnightfaII,15,15,2902830
Suger Babies,0,1,39047
HaChiu,0,2,271919
bosaBOSS,0,1,0
Heartsteel,0,1,0
Ironclad Concord,0,1,0
HaChiu,1,3,170518
CoCa1nE,19,7,3248114
Western Paradise,4,29,1924869
Western Paradise,3,23,4259802
ONG BUT,1,6,454891
CCTV,0,0,1550482
Psz,34,21,11021082
WhiteDragons,4,2,120947
LUVIMIN,1,2,150970
P U R G E,1,1,213106
FLOPIT,0,1,33055
MORO,0,1,87366
ACM,15,7,3361079
B L A C K P E A R L,0,3,209446
Conscripted,3,8,5503448
Knights of the Black Dragon,1,2,100266
MO GU,4,10,5045856
GOBLINS,6,7,4389572
Forever Night,0,2,180785
Coup de grace,4,2,2082900
Pink 7,6,3,2108183
Shu Shan,15,10,1832745
PUMPIM,0,5,25558
BigCat,0,1,0
-,0,2,63558
TAKEDA 24,2,1,156733
MO GU,19,2,2270905
MAX VERSTAPPEN,54,14,5797839
Coup de grace,15,25,3558443
All In Fighting,1,2,395367
Rising Stars,0,1,19647
eRa Empire,0,0,18166
VIET NAM ssm,1,7,395504
Creation Camp,0,2,0
Mika,0,1,0
Wavei,3,3,185906
Rescue Station,38,23,30593117
OneFame,0,2,101431
Ironclad Concord,1,3,8208
CoCa1nE,21,7,1961832
Reiver,0,1,0
-,0,1,25462
High Cards,0,0,33411
Focused,0,1,0
Church of Morgana,0,0,1987
Invade,1,7,1743222
Minerva-j,1,33,3652846
TGIF,12,5,2769917
Big mom,1,5,1512482
not cute anymore,17,12,3959064
BeasTDaK,2,2,145517
Bretonnia,8,7,1614587
busibuxiu,16,16,2065888
HidE0ut,0,2,0
Blue Phoenix,13,17,2508300
-,0,1,0
KnightfaII,1,8,350531
Skip Tutorial,0,1,0
HSIA,2,3,166255
-,1,2,44380
-,0,1,0
TRlUMPH,6,4,900414
snow forest,2,1,1062411
-,1,2,7470
eRa Empire,11,9,1739524
F A M I L Y,1,1,1343254
Invade,13,3,2093779
-,3,0,217959
CHILIS,15,20,13989977
Summers,0,2,2594667
CHILIZ,6,4,5256175
Mika,9,10,2555619
Future Party,6,4,1193588
GOD EATER,1,1,2712
BeasTDaK,7,4,1889974
Freaky Fools,0,6,515499
F R O Z E N,0,0,365043
PLAC,280,17,66850255
The Scarlet Dawn,0,0,10350
GARUDA,1,1,109431
-,0,1,0
GFN-GFN,1,4,36102
V1OLET,1,0,285645
All Rise,0,11,5831839
-,0,0,20260
CHILIZ,7,35,23037099
All Rise,0,11,1989627
First love,7,9,171581
-,3,0,1146523
GTO Nazarick,3,2,454706
-,5,14,589351
BeasTDaK,21,12,3586447
Midnight Rose,0,1,0
All Rise,0,4,503505
VN-Knights,3,8,176199
-,0,0,85084
GuGu GaGa,13,30,9515814
Children Of The Dragon,0,0,665376
Rescue Station,7,3,5031589
Solo-King,1,2,872855
The Wardens,2,2,36983
Vobby x Lina,0,2,78089
H Y P E R T E N S I O N,8,7,505633
Freaky Fools,0,0,16780
Prodigyy,0,2,189353
THE LEGENDARY,0,5,41866
gou8,11,2,823785
ALA ALBA,0,1,0
SubuTai,0,0,152567
PUMPIM,0,4,93879
-,0,0,63267
-,1,2,39780
xHamster,2,2,72948
LaiFaNongDer,8,0,1133887
Dreamweavers,6,9,397962
-,1,0,19350
MooMoo,10,3,1901074
Grindval,2,1,106254
S Y N D I C A T E S,2,11,1581711
SlowLife,0,0,6370
PL4B,10,4,649183
Assyllum,1,1,84367
-,0,1,179254
not cute anymore,0,1,0
Rescue Station,0,0,140179
MO GU,7,8,2015750
Invade,0,2,404087
-,0,1,97951
The Scarlet Dawn,0,0,25468
Gold_Taiwan,0,0,41914
Enterprises,6,5,1262285
10 My friend are coming Run,0,1,9415
KATANA,0,2,210206
The Neighborhood,0,1,0
-,1,1,19632
NO_OC,4,2,380750
-,2,1,520237
The Lonely Moan,0,0,157409
The Neighborhood,2,5,940283
Shadowsoul,0,1,0
-,0,2,63759
lets do it,0,1,0
Forsaken Ego,0,1,8370
Snow Angels,5,0,994998
-,1,0,181401
Heartsteel,0,23,2128412
-,0,1,0
RESPECTED FAMILY,0,1,0
-,0,1,1325
Meerkat Assemble,21,26,7458208
ACM,0,1,539944
Sapling-MIU00,3,1,119775
-,0,3,0
S Y N D I C A T E S,17,4,652113
Tarumanagara,0,1,20007
NO-RE,13,44,8583329
POLRES LYMHURST,0,2,45846
-,0,1,0
Boar Army,21,25,11805943
Pierce,1,5,780134
eRa Empire,5,5,1261321
-,0,2,2344
TW-GIN,1,2,3576
PLAC,24,22,10393770
The Castle Knights,0,9,95117
Battleborn,1,1,30495
Fenr,27,26,10186566
-,0,3,140891
not cute anymore,0,1,160415
SANDBOUND,0,1,25988
Kunfayakun,0,2,139625
AFTERMATH,0,1,0
The Scarlet Dawn,0,1,41593
SINGAMAS XI,1,0,5788
BLOB,4,1,690685
Herve,0,2,98765
F A M I L Y,12,12,5675117
Tarumanagara,0,1,0
Mystical Knights,0,3,91889
WARRIORS INITIATES,0,4,0
M 0 N K EE,0,1,0
SINGAMAS XI,0,1,0
The Boyz,0,2,96540
Meerkat Assemble,21,20,10508292
Frostbite Reapers,0,5,29985
Invade,0,6,1777804
-,0,1,0
MoneyHunter,1,0,22821
HYBRIDS,22,18,2528564
B L A C K P E A R L,0,8,779925
itinerary,4,8,596518
Red Paw Gang,0,0,33076
The Valley of ErdTree,0,2,0
Pierce,1,3,334780
MIKE TEA,4,0,1502980
ERASE,9,4,5020131
Use Cleanse,0,5,19556
AVA,2,0,363565
GOD EATER,0,0,63750
A X E,1,1,115996
MMOrfanz,0,1,0
House Zenith,1,2,25182
-,0,0,3923
Conscripted,1,2,2944018
GIGAN VIII,0,1,0
N E R F,0,2,341798
-,0,2,11711
-,0,1,0
SinThink,0,2,2845
SubuTai,20,13,2987716
Kamusari,4,9,5368170
-,0,1,8698
Heaven Knight,3,6,2754763
sinple,6,3,1167233
Midnight Rose,5,5,533967
WhiteSuits,2,1,84870
CHILIS,35,27,14042288
CHILIZ,14,14,10549122
An Guild,0,8,1457054
ICRC,21,7,1204745
-,0,1,1651
Forever Night,3,0,92733
HappyDay,1,1,428962
-,0,1,13742
BLOB,2,29,2472210
Conscripted,5,22,8992587
Midnight Rose,0,6,93056
-,0,1,0
AFTERMATH,0,0,358027
Oops You Died,1,0,120204
Azurel,1,1,254898
Boar Army,0,3,657457
Once Upon a Time,0,0,482957
Singosari,2,9,1734966
Beavers,0,0,763999
HuaDaBin,0,2,633765
The Drop Bears,11,4,747785
-,1,1,30502
All The Villains,0,5,1601235
Earn money,0,3,0
Trash Panda Syndicate,0,1,0
WhiteSuits,1,4,358109
V1OLET,38,20,4210913
pig bank,0,2,4212
S D G,1,1,107056
-,1,0,128834
Oops You Died,0,0,41121
Feeling Pro,0,1,0
Rattata,0,1,0
RESPECTED FAMILY,4,5,54660
PAPAYA POKPOK,19,7,2062148
C A E S A R,0,0,258084
Chikipi,17,14,15160204
good bomb,6,10,13779586
-,0,2,4628
SNAKES OF SKY,2,2,364531
NekoParadoxia,3,4,460861
I The Flying Dutchman I,17,3,5484146
Griffin Empire,8,19,2586297
Mika,0,6,1676968
Future Party,0,1,359489
ACM,16,14,8441474
Wysteria,8,23,11511061
-,0,2,27416
The Northern Constellations,3,6,1673814
AuGuild,0,5,110374
Waiting for the future,0,2,0
Lumi,30,4,1372150
MoFuMoFu HEAVEN,0,2,0
MoneyHunter,0,0,2013
Realest,2,1,105048
-,0,0,20227
Singosari,0,1,0
Summers,1,0,426626
CHILIZ,0,1,602607
GOBLINS,15,3,4120847
Conscripted,44,10,10029907
Kingfisher,0,1,0
ARCH KNIGHTS,0,2,0
CapybarAAAA,5,27,6100238
-,0,0,27630
CHILIZ,3,1,15633506
High Cards,4,1,145817
Forever Night,1,1,37296
Frostborn Exiles,0,0,131898
Freaky Fools,0,4,298919
-,0,0,29078
After Cleric,0,0,415544
Real ONE,5,1,666918
Mika,8,8,4207932
All In Fighting,0,3,1790056
SINGAMAS XI,2,3,61783
-,0,0,6024
GARUDA LEGION,1,2,49369
M O G A,15,31,5641767
COALITION,0,2,220038
Pink 7,0,1,28907
K R U N G S R I,2,0,60486
B L A C K P E A R L,0,4,303050
Achaemenid,2,5,130201
The Elders Pact,4,2,535639
Singosari,0,2,124640
eRa Empire,4,9,3193918
V1OLET,0,5,528167
Midnight Rose,0,0,112874
F I K A,2,7,1125038
G A I J I N,0,2,57371
-,0,0,48407
Solsticee,0,1,269882
-,0,0,38647
Real ONE,17,5,8742868
After Cleric,20,0,5494268
Noob Family,0,1,0
-,0,1,17536
Mystical Knights,0,0,7775
Government Program,5,11,504284
-,1,2,41588
MAFIA ZONE,0,1,0
RaidMasters,0,0,4583
Holy Black Knights,0,1,0
Loot And Donate,0,0,21404
SG-TN Auto Fame,0,0,22437
PSYKOPATH,3,3,48079
-,1,0,3463
Esernia,0,3,10972
MELEE,6,5,2965208
BeasTDaK,1,6,691811
WonderPets,0,5,86588
Hohoesa Pakchara,0,2,0
peace maker,1,7,182625
AK-47,0,5,115139
TGIF,0,0,666602
NO_OC,3,0,394440
Dragon-Mi,0,0,48637
Singosari,2,3,1604981
The Lonely Moan,2,5,113342
SumTingWong,0,1,67419
Critical Impact,2,1,129903
KPA,0,0,50886
BLOB,0,0,2760
WhatThatSkill,1,2,27132
BLOB,2,1,152787
-,0,1,0
RAPTOR TH,9,5,1042460
DNS,1,0,91285
G R E Y J O Y,1,0,53256
-,0,1,0
I The Flying Dutchman I,0,3,1524001
-,0,1,0
The Scarlet Dawn,0,1,22624
100Percent,1,0,4550
CNTC,3,12,466741
Meowfia,0,1,161876
-,1,0,11988
Kunfayakun,0,2,119732
Kendan,1,0,768
Wing of Liberty,2,12,940069
Manhattan Ape Gang,2,0,691693
Pick a Poison,8,3,5046418
-,0,2,0
-,0,1,0
G A I J I N,0,1,0
REDEMPTION CODE,0,3,0
-,0,0,23700
Light callers,0,1,0
Lumi,0,1,0
Full White,0,0,22131
ALBION AFTER S3X,0,0,4684
MANIFEST,6,3,92598
GuGu GaGa,0,0,946479
RESPECTED FAMILY,7,7,206889
D R E A D W A T C H,0,1,10778
-,0,1,0
takkasin club,0,9,190604
Legion of Frost,2,1,104320
-,1,1,143863
Pierce,0,1,20059
CAOTAIBANZI,15,14,1007177
Pierce,57,42,10118429
-,0,0,103972
Invade,0,1,697199
Solo-King,12,9,2429736
Sunset,3,13,614858
PLAC,32,15,9808365
ACM,5,18,2035371
Rescue Station,2,11,10315629
Revolutional Army,0,1,0
Stellar Alliance,22,12,4671597
Sun-Walker,0,0,94424
FLARE,0,1,54569
The Boyz,0,2,89282
BeasTDaK,7,6,2608756
-,0,0,2962
NULL,1,2,43052
Forever Night,27,18,4671624
Chikipi,15,34,11230934
Moonlight Eclipse,0,1,58677
Forever Night,1,2,146015
MO GU,1,4,363646
CoCa1nE,0,0,1077467
9INE,0,3,404734
Massive Attack,7,5,300565
-,8,3,700579
FEUER,13,1,323602
I The Flying Dutchman I,54,9,21273294
Cops Sterling,1,2,47811
Invade,0,1,407890
BeasTDaK,1,0,149283
CHILIS,1,3,1680396
PLAC,0,1,0
KaLaewKaLad,15,14,1289555
AK-47,0,1,0
The Northern Constellations,20,23,6334676
Topspire,11,7,1670291
I The Flying Dutchman I,9,6,2967017
-,12,3,2415021
BLACK BANDIT,9,8,2258079
Conscripted,37,7,8180596
-,0,9,235866
High Cards,4,5,216750
Royal Vanguard,0,2,233060
CHILIZ,8,10,17694349
GOBLINS,22,3,4640977
Blue coral,4,9,1028759
DeSaiko,0,3,31743
Creation Camp,0,3,44697
Phantom Guard,4,3,104682
Christ Is Lord,4,2,260998
-,4,4,651134
White Tigers,2,2,123343
Cassanova Army,0,2,41446
KongFu PanDa,35,15,6067546
-,1,1,55699
Government Program,34,15,1508729
CVLT,9,8,575261
E U N O I A,0,1,33351
-,0,1,16536
-,2,4,212963
Singosari,0,2,0
Dragon-Mi,12,3,3387038
Meow Immortal,8,2,427229
First love,19,9,1232422
Technique,0,2,51075
bosaBOSS,4,1,110854
BeasTDaK,3,1,240758
-,0,0,37785
BeasTDaK,4,12,4016740
SuonPH,0,3,36092
UnifyVN - 304,0,7,327307
my cat can backflip,1,2,673923
LOOKOUTS,1,2,63630
-,1,1,38322
amognaus,0,2,0
Midnight Rose,8,6,248898
DOKDO,8,7,804245
The_APEX,6,12,939821
Bone gang,3,1,137595
Rescue Station,9,19,11526465
new boombap,1,5,948316
Boar Army,0,1,487459
Dou bao,22,11,5283696
-,7,4,3655190
18jack-CREW,0,3,67579
MoFuMoFu HEAVEN,13,7,733184
HuaDaBin,13,8,3714291
First love,1,4,264718
-,0,1,52517
Echo of One,7,1,411832
TRlUMPH,0,0,24876
S Y N D I C A T E S,9,9,842910
TakusaVegas,0,1,0
Topspire,0,13,40912
The REVENGERS,0,2,249202
LUVIMIN,0,2,20552
Dread,3,2,306130
Invade,3,9,830009
BeasTDaK,3,0,1200188
Wysteria,0,0,196790
HARAISE,1,1,11544
Buccaneer,0,1,246378
GIGAN VIII,0,2,0
Helios Phoenix,4,11,421272
S Y N D I C A T E S,9,10,807820
Pussi Gang 69,1,1,147896
NGGang,0,2,16866
All Rise,11,2,5975643
Griffin Empire,0,1,93780
PLAC,0,1,29915
J C W V D,0,0,75976
Red Circle,1,8,229882
-,0,1,0
Wysteria,4,2,1192246
-,0,0,24552
Government Program,6,6,854695
ENDANGERED,14,6,1057316
F A M I L Y,0,0,37471
Griffin Empire,20,22,5832890
Invade,66,9,11533631
EL FAMILIA,0,5,146962
NekoParadoxia,0,1,0
Call to Heaven,0,0,56425
F A M I L Y,52,7,8588222
Pierce,0,3,73452
Astartes,0,2,42698
SOLAR BENEDICTION,0,1,0
ShinShop,0,4,0
PARLOR,0,1,0
Lai tsai Project,5,4,433252
Mathias,1,1,199029
Government Program,0,6,116746
KAKI TIGA,4,1,232891
CapybarAAAA,0,1,0
Master Siomai,0,0,2434
Master Siomai,0,1,0
HIRAYAH,10,5,617148
The swallow,0,0,109695
KADAL,0,1,117196
NIMBUS,0,1,0
Clap Me Daddy,0,7,495211
Fenr,1,1,130742
-,6,12,407200
-,0,0,71965
itinerary,2,4,192412
Real ONE,1,4,1058970
Western Paradise,1,3,1120787
The Myth,6,13,4480657
Speed Check,8,10,1764088
The Neighborhood,0,1,412243
Topspire,0,1,15630
Rescue Station,0,6,1690735
nanjingdapaidang,0,2,33288
Dragon Blade,0,0,120767
-,0,0,1102
-,0,1,0
A p os t l e s,0,3,0
V1OLET,0,1,0
The Lonely Moan,0,0,20675
Wonder of You,3,1,190386
tamago X gohan,0,0,8432
HIRAYAH,1,1,126364
Singosari,0,0,68984
AAAAA,1,6,225413
KuromiO3O,49,32,8707120
Mika,36,19,4722890
Future Party,80,20,15263084
CAOTAIBANZI,0,2,477677
Mamboo,5,7,129045
PSC,14,19,3649590
Tree Viper,33,11,7431151
Pink 7,1,9,422238
NO_OC,10,10,1714071
Enterprises,7,5,879715
GIGAN VIII,8,7,2213641
The_APEX,1,1,582019
-,0,3,0
AK-47,0,4,100836
Straight Circle,0,2,1979
GOD EATER,0,1,10487
R E V O L U T I O N,2,2,108819
Pierce,0,0,13688
NUMEROS,1,1,211086
NULL,0,3,423860
snow forest,69,31,24775813
Wysteria,69,22,9485429
New_World_Order,0,1,0
I The Flying Dutchman I,23,13,8217343
RABBIT RAIDERS,20,12,1596025
OpenMinded,2,4,62878
OpenMinded,0,11,106543
SHOWTIME,0,2,0
NiTianGaiMing,0,0,35910
MoneyHunter,6,7,224789
DlSBAND,0,3,33130
-,0,2,0
A you ok,0,4,378499
PalaceGUARD,13,8,2048140
World BOSS,3,0,1127922
Dread,1,4,2825573
Forever Night,2,0,60614
GuGu GaGa,14,15,8003572
-,0,0,107511
SPIDER GanG 4 gay,0,1,0
BLOOD OMEN,0,2,10867
-,0,6,45467
Griffin Empire,1,9,98735
-,1,1,26448
Judy no go Cindy no come,0,0,43473
Gold Pigs,0,9,542510
Boar Army,7,20,4383056
conquer,1,3,203439
KATANA,61,19,5083436
WowMayKay,5,5,1187150
Western Paradise,27,29,8884922
Forever Night,1,2,315838
Masked Bandits,0,1,0
CCTV,1,1,534580
Crusader Kings,0,4,839933
oo0oo,3,2,2665614
The_APEX,2,1,47926
Holy Black Knights,3,5,254501
-,0,1,0
CHANG,0,1,124770
Chikipi,3,20,12862781
After Cleric,1,1,784838
PLAC,8,2,4392661
CHILIS,53,11,18400604
conquer,0,1,0
All Rise,0,1,0
Frostborn Exiles,0,1,0
Children Of The Dragon,1,2,1264092
-,1,1,64440
TheGreyKnight,2,1,63366
-,0,1,0
The swallow,1,1,625012
New_World_Order,0,3,0
Husky Empire,0,2,0
-,0,1,0
Critical Impact,0,0,5374
One More Times,0,1,358548
snow forest,23,22,9610039
Lao Qian Xue Yuan,0,1,0
-,2,12,468721
Crimson Radiance,11,7,1178508
V A G A B O N D,1,2,1484860
RYLs,8,10,357863
PLAY IN KINGDOOM,0,0,26331
S Y N D I C A T E S,15,21,3403501
Griffin Empire,0,2,0
Mamboo,0,1,39291
Singosari,5,12,1330033
-,0,1,0
TRlUMPH,0,2,269244
No Picture,1,1,115168
-,0,1,0
Dread,16,0,3802699
CHILIS,0,6,913977
MO GU,6,2,1251458
After Cleric,4,0,2823018
Real ONE,5,5,7244482
Pink Memory,0,1,16837
S Z P,0,0,254817
-,0,1,8751
Helmet Bahini,0,1,0
-,0,1,0
ENDANGERED,0,2,275243
CapybarAAAA,74,39,11457480
THE WARRI0RS,2,2,493981
MAXs,1,11,88132
Psz,7,1,807201
Real ONE,88,30,26016699
After Cleric,10,2,1764895
LaoPLao,1,0,1264315
COALITION,5,3,665576
-,0,1,123056
OnlyRats,0,3,409296
-,1,3,85488
Mandala Guild,0,1,34182
Farm Or Die,21,1,2579640
Echo of One,1,0,39627
Nellie,8,12,345934
-,0,1,0
Solo-King,0,0,62698
-,0,1,0
ALL MY LIFE,12,8,319557
Wolves Of The Night,0,2,0
-,0,0,20531
Z E R O S,6,4,202101
TRlUMPH,4,6,1234278
Beyond Infinity,1,1,106190
Amateras Reign,0,4,20376
Infected Valhalla,0,1,0
Ambusher,10,19,815521
-,0,1,0
S1LVER,0,2,4576
REBELSCOUT,1,2,17142
Pink 7,21,2,8569778
Wysteria,9,15,4146382
S1LVER,0,2,0
SANDBOUND,0,1,62527
I The Flying Dutchman I,56,20,21004634
snow forest,119,44,24668308
Frostborn Exiles,0,2,96174
Soloyolo,1,2,49321
V A G A B O N D,3,5,2320516
PLAC,2,5,13730605
All Rise,5,37,22507384
HaChiu,0,3,174174
HIRAYAH,10,9,1492794
Invade,0,8,772908
Floralia,1,0,114009
BeasTDaK,61,19,6351973
niubidian,2,1,96304
-,8,3,464701
Invade,1,5,2845174
Meerkat Assemble,0,1,755263
CHILIZ,14,10,9357711
AAAAA,4,18,846855
B o S,0,1,0
Soop,0,2,11184
Conscripted,12,5,4716852
CHILIS,3,8,1662599
-,0,0,399404
Hold On,19,4,4058662
I The Flying Dutchman I,8,6,1473456
I Check Mate I,9,14,6202145
Olorun,13,1,2093900
Metal Eater,0,1,0
Beavers,6,7,2321188
Easy come Easy go,0,1,0
T1 FAKER,0,9,312633
TEAM_MEMOL,16,13,3488930
All Rise,28,31,26912530
PLAC,16,5,15782210
REDEMPTION CODE,0,1,0
Griffin Empire,1,2,523658
-,0,2,245017
TAKEDA 24,1,10,335649
Raining,0,1,0
snow forest,30,10,8033016
P U R G E,2,1,865993
Invade,0,4,521209
Gold Pigs,0,2,3263
SINGLE SOUL,0,1,0
SubuTai,0,2,899933
Boar Army,8,12,6054290
Crusader Kings,28,15,5510276
9INE,97,16,13657751
THE MORGRIM,1,0,23233
TAKEDA 24,2,4,198676
Earn To Win,1,0,56436
-,1,0,17058
Noob Family,0,4,194803
PSC,6,10,1845569
Hong Xing,0,3,60461
Minerva-X,0,2,324025
Boar Army,1,0,625348
Garden babys,1,0,35196
Wavei,0,0,58742
Reborn from Nirvana,2,1,201280
Sentinels Arc,0,1,0
A X E,0,4,37184
Buzztard,3,17,2531875
Chikipi,0,24,8058965
Government Program,0,3,34138
Freedom_Alliance,0,4,0
Pussi Gang 69,0,1,0
Arch Nova,0,3,47965
Kunfayakun,21,7,7263953
DeSaiko,0,2,9427
-,1,0,63267
Snake Snake Fish Fish,0,2,71123
BLOB,0,0,83741
Camphunter,0,0,55080
The Boyz,0,3,157669
GOBLINS,0,1,1110844
Demon Pact,1,2,121135
SOLAR BENEDICTION,0,3,0
KPA,2,2,132279
-,0,2,4755
Packet Loss,0,1,117357
LunSol,1,1,84892
TRlUMPH,0,1,500199
DRYGOON,1,3,65437
Helios Phoenix,3,6,1510260
Forever Night,4,4,269561
Empyreus,1,2,28510
-,2,4,126471
Meerkat Assemble,0,3,809950
Spero Spera,0,1,0
CHILIZ,5,32,16250715
All In Fighting,19,5,4459756
PLAC,42,21,9438501
H a n a k i r i,1,3,195106
B L A C K P E A R L,2,1,299904
Conscripted,1,12,6378125
Meerkat Assemble,1,7,4806779
SHADOW__GARDEN,0,0,5268
-,5,1,719104
Z GEN,2,2,88605
Cut Throat,5,4,1226688
MO GU,31,30,5673327
TRlUMPH,0,1,0
TESTUDO,0,2,109165
MINlONS,4,7,1125193
-,0,2,0
Warhammer Defense Core,0,6,266573
QUILL,7,10,674264
AK-47,1,6,217899
TAKEDA 24,6,19,557905
REDEMPTION CODE,0,0,51875
321 Demass,0,1,0
MANIFEST,0,2,192788
Aetherion Order,0,3,42163
PalaceGUARD,0,9,3065839
MO GU,3,2,1527289
Kingdom,0,1,0
TRlUMPH,12,7,1426149
-,1,4,333099
MAX VERSTAPPEN,5,3,2940673
Grindval,0,2,0
-,0,0,16644
Mythical Knight,1,0,112283
Speed Check,0,2,0
Speed Check,9,9,1016117
-,0,2,6185
Alone in The Mist,2,0,188964
The Black Banner,15,3,874126
Warhammer Defense Core,4,1,414035
OragonsPride,0,1,0
-,0,1,30495
Battleborn,2,3,220466
ORANG JAWA,0,0,6288
Meerkat Assemble,0,0,20988
Igdras,0,0,37327
-,1,1,37334
Judy no go Cindy no come,6,9,2566967
Los Triad,2,6,212990
Filibusteros,4,9,4275937
CangCute,0,0,7374
2077,3,1,87945
Samosir island,0,1,0
Blue house,1,4,594827
PalaceGUARD,44,30,13082022
BLOB,5,4,276521
Ascensum,0,7,62944
-,1,11,161971
KALONG,1,0,13800
Invade,12,5,1688626
MO GU,0,9,2953620
Z GEN,2,4,477201
MiMe,3,1,33391
F R O Z E N,5,1,292661
Crusader Kings,28,19,5020957
Mika,59,24,8358438
RABBIT RAIDERS,3,5,1266427
High Cards,0,1,0
The_APEX,1,1,42012
The Myth,0,0,11541
-,0,1,10684
-,2,6,282023
ERASE,11,19,4907210
GAMZA,0,2,0
Coup de grace,6,8,1398115
Meerkat Assemble,4,17,2574530
Wysteria,0,0,41993
-,0,4,101789
knightchullabbey,2,0,141909
Buzztard,0,13,1960425
-,1,1,94208
A p os t l e s,49,21,4639896
HeIIo Kitty,5,16,19520102
BeasTDaK,0,2,186638
not cute anymore,0,4,498006
Floralia,0,1,271665
Invade,24,2,2106899
-,1,0,342752
I The Flying Dutchman I,1,1,2106458
Battleborn,1,0,211370
Sentinels Arc,0,2,41972
-,0,0,35654
Snowflakes,0,9,163243
ArgoVesta,1,1,15228
Wysteria,1,11,2303042
PoopooDancers,0,3,465224
Judy no go Cindy no come,2,1,171622
SHOWTIME,3,7,1314968
HER MES,0,1,0
The_APEX,1,8,928822
Creation Camp,0,1,0
DeSaiko,1,1,17220
snow forest,109,28,16743374
Oh yes,0,3,21383
Skyrim Equilibrium,1,1,129484
Meerkat Assemble,0,3,268684
Dworf,2,8,1131779
Invade,9,8,1539429
Griffin Empire,6,5,1299636
Kids On The Move,0,2,217592
Enterprises,5,4,141786
Invade,1,4,1439843
CCTV,4,14,7904114
AK-47,4,3,171077
PLAC,58,37,13007258
BeasTDaK,0,2,713741
Guardians of Albion,0,0,25298
Freaky Fools,12,9,2636386
Rescue Station,26,8,5422647
Kelusa,0,1,176019
Government Program,0,5,2287
-,25,3,1199987
I The Flying Dutchman I,1,0,107615
All Rise,6,11,6097891
GIGAN VIII,28,10,1329231
I The Flying Dutchman I,13,7,8283835
I The Flying Dutchman I,57,21,19154103
Another,0,1,3165198
Menhera,1,3,2580831
Fightin fool,1,0,134339
-,0,1,26588
OneFame,0,0,5845
TACTICA MORTIS,0,1,1132
0-Infinity,3,1,171372
Never Regret,0,7,402809
-,0,1,0
Meeting Stone,0,1,46348
-,5,6,277086
Green Knights,4,5,603631
Arena Ghost,0,1,0
R E V E R I E,2,3,934263
Speed Check,20,16,1884655
Filibusteros,5,3,1638049
-,0,1,38474
Maharlika,0,2,0
Clap Me Daddy,0,1,0
M G,0,0,5187
Conscripted,2,2,2153299
PLAC,4,2,4647708
CHILIS,0,2,3930449
-,0,0,208869
Free Butterfly,7,14,7475444
-,2,0,35224
RauMa36,0,0,48050
AK-47,7,2,187708
-,0,0,132812
-,1,1,30320
China Daoism,0,1,20007
A GGbond,1,2,34413
THE RELATION,13,8,1464335
SHOWTIME,3,0,106747
Skip Tutorial,0,0,8106
Old Man,3,11,286511
CCTV,1,1,49013
PL4B,16,24,2358748
-,0,2,25068
Pencilgon,2,1,47169
Invade,1,0,374259
-,3,2,960470
via,4,7,3678313
MoneyHunter,0,0,95401
CapybarAAAA,59,17,8740655
CASH CORE,8,3,643507
eRa Empire,0,4,401557
-,0,2,6978
I The Flying Dutchman I,14,14,30405776
Western Paradise,62,53,25356991
-,0,1,0
Western Paradise,1,12,1047378
1Mmortal,7,8,2137233
Kamusari,0,3,757800
SubuTai,3,3,1515914
DOKDO,0,1,290228
SAIYAN,2,2,147702
Griffin Empire,50,43,15449044
-,0,1,0
I The Flying Dutchman I,3,8,4493679
F A M I L Y,0,2,927151
-,1,1,43170
-,0,1,0
Suger Babies,0,2,35655
KUMA,1,0,64008
LangKhao,2,1,239526
MCS-P,4,12,2593540
pig bank,0,2,127151
Minerva-X,0,9,736477
High Cards,0,1,15526
DOKDO,0,1,77378
Red Paw Gang,0,0,18644
-,2,6,242543
Real ONE,6,3,20926794
After Cleric,0,5,4569195
High Cards,0,0,37652
THE LEGENDARY,0,3,0
Anggota-DPR,6,8,831901
The Scarlet Dawn,0,2,1336
VINA HOUSE,0,2,0
Wayfinder Knights,0,0,20655
HELIOS KNIGHTS,1,5,865988
-,0,1,0
HIRAYAH,0,2,150117
-,1,4,87452
-,0,1,0
Bisakol at Tangalog,0,2,81881
HeIIo Kitty,3,27,37825055
HelIo Kitty,0,13,9535035
THEMERCENARY,2,20,456643
Trail mix,0,0,114240
conquer,0,0,407242
HIGH RISK HIGH REWARDS,0,1,13624
E U N O I A,1,1,64347
Real ONE,0,6,2552299
PAPAYA POKPOK,20,12,4301505
-,1,0,61317
Stellar Alliance,10,2,1631743
HeIIo Kitty,100,25,26694302
BangCuopLuongSon,0,1,247060
Legion of Doom,5,6,275170
Realest,11,3,517367
-,0,2,384382
CHILIZ,6,11,6997632
CHILIS,1,2,1657108
MABAR,0,0,57397
Luminous PH,0,1,4014
Speed Check,9,2,703936
MafiaZone,0,1,0
-,0,0,49283
Invade,6,2,1284278
COALITION,9,22,3853706
Just4Play,0,4,16609
Scythes Area,0,1,99748
V A G A B O N D,8,4,2396141
Ala,1,8,251783
Dreamweavers,5,15,841487
Fightin fool,0,1,53550
Snake Snake Fish Fish,1,0,160035
Emergency,18,13,2564101
-,0,3,2250
Kerajaan Solo,0,1,43263
six doors,48,30,24464311
ShadowArise,0,1,0
JiangHu,6,3,340161
welcome newbie league,0,1,0
PoopooDancers,64,29,11211567
-,0,1,0
x Phantom Troupe 13 x,0,0,31922
The Scarlet Dawn,17,14,1467123
Midnight Rose,0,1,78660
Dreamweavers,3,2,180813
Guardians of Albion,0,1,0
ANGKAWAN,0,2,30095
Ocean Waves,0,1,115264
CHILIZ,4,21,27231416
CHILIS,0,3,5322900
Kids On The Move,0,0,28842
Griffin Empire,0,3,0
-,0,3,72830
Royal Grand Order,0,2,0
Reworld,1,1,106598
H Y P E R T E N S I O N,1,3,267494
-,0,2,0
Empyreus,15,7,1180402
RadioMarket,0,1,0
QuQnnTATnnOvO,0,1,14666
Kingdom,1,1,323769
Children Of The Dragon,0,0,207766
AK-47,1,2,207207
Freaky Fools,5,5,1428321
The Chingos,2,4,3444448
Blue Phoenix,5,15,3462626
The Lonely Moan,1,10,751394
-,0,3,17599
P R O U D,0,6,43690
NOMAD LANGTHANG,0,1,0
10101,1,0,79716
-,0,1,0
KADAL,0,0,50484
Midnight Rose,0,3,104152
All Rise,22,34,13756500
Vanguard Syndicate,1,1,6060
DURJANA,0,3,162615
QUILL,0,1,0
Warhammer Defense Core,0,2,1822
-,0,3,208539
Mathias,16,11,505213
-,0,0,4295
The Neighborhood,0,1,0
CHILIZ,39,30,18715038
CHILIS,31,7,5011035
-,0,1,0
Kingdom_of_God,0,1,27728
Government Program,1,3,89440
Warrior Exile,0,0,61988
L-GHOST,0,1,3129
Freedom_Castle,4,6,630960
-,0,1,0
Snowflakes,0,9,979745
VIET NAM ssm,0,0,2323
Filibusteros,5,7,721892
A p os t l e s,24,35,4601859
Lightborn Syndicate,9,2,2209424
-,3,0,674131
Green Knights,0,1,0
BLACK STAR,0,3,17566
-,0,1,54860
WhiteSuits,1,1,61142
snow forest,4,1,538822
1Mmortal,10,1,2594307
oo0oo,10,5,2722856
Buzztard,10,2,305239
DOJO,1,1,29076
Shining Star,1,1,274880
Ban,1,4,419082
Government Program,0,1,0
HelIo Kitty,43,6,11833436
HeIIo Kitty,211,49,41609567
B o S,0,1,25521
PSC,0,1,627
Spero Spera,0,2,280086
ALIVE,1,1,16841
H G,0,1,227742
CHILIZ,7,25,15298664
Rescue Station,2,12,1595750
itinerary,0,2,117441
-,0,0,12551
TAKEDA 24,13,4,3214305
Griffin Empire,0,0,79754
Fight Or Run,4,4,604882
Skyrim Equilibrium,0,1,59804
Void Lords,0,1,0
Void Lords,0,3,49333
WhiteSuits,0,1,26498
I The Flying Dutchman I,24,21,14670452
snow forest,3,7,1464212
PAPAYA POKPOK,3,0,1111807
ENDANGERED,0,5,90436
Meerkat Assemble,139,46,37088243
Poiuytrewq,0,0,25007
Solus Rex,0,2,10189
G A N K S T E R S,0,2,7332
eRa Empire,1,2,596739
Prodigyy,4,3,2578095
CHIAROSCURO,0,0,96187
-,0,1,0
GuGu GaGa,1,2,165709
Green Knights,0,3,145671
temporary organization,0,3,6663
MAGTATAHO,2,0,142868
-,2,2,550537
BeasTDaK,0,6,2448538
Pierce,1,3,1185856
Real ONE,7,15,8839130
After Cleric,1,1,1394516
-,0,2,213136
MO GU,1,13,2867829
HeSweet,1,1,44038
A p os t l e s,0,1,1804
Meeting Stone,0,1,145027
Fight Or Run,0,1,86710
Fight Or Run,2,2,167605
Green Knights,0,2,19600
V1OLET,0,4,384482
ROYAL CARTEL,2,3,141077
KALONG,2,1,142204
-,0,1,5482
LastStando,0,2,73468
Skip Tutorial,1,7,603712
-,0,3,118312
-,0,2,0
FORTUNAtE,0,0,6486
Mochi Kingdom,2,0,100055
DESTROYER GHOP GHOP,0,2,36323
Noob Family,0,0,36511
-,0,0,6046
Ping300,0,0,242750
V1OLET,1,1,165590
-,3,0,174318
Ping300,1,2,460161
Rempah Ratus,0,0,16517
AMJ - Aceh Medan Jakarta,1,9,40727
The Black List,0,2,331937
Chosen Few,0,2,0
-,0,1,41309
WhiteDragons,0,2,0
The Neighborhood,6,4,879304
Queers and Beers,0,2,78657
CHILIZ,21,9,15664172
Big Boost,0,0,10503
Farm Or Die,9,2,632322
-,0,1,0
Universitas Perkocokan,4,5,208154
Alone in The Mist,15,12,975195
Endernations,0,2,16718
V A G A B O N D,22,19,7359457
Chosen Few,0,2,477121
Lymhurst Ranger,1,1,268811
Noob Family,1,1,153594
-,0,1,2773
Pasta La Vista,0,1,0
Frostbite Reapers,4,1,115762
NO-RE,28,52,9769108
Evangelion,1,2,211496
B L A C K P E A R L,0,0,79311
Dark Side of The Moon,0,1,0
-,0,1,0
C O V Y,1,0,30070
Echo of One,14,11,1335572
O R G A S M,1,1,175350
Lai tsai Project,0,0,436742
Orphic,3,3,329587
0-Infinity,0,1,0
Steel Horizon,0,0,1087
Karmic,3,4,675125
MINlONS,0,2,114860
ImPorTanT,0,0,104975
P U R G E,3,4,1295768
Plain,0,1,0
Low Priority,0,5,20514
First love,2,7,176867
-,0,1,0
King Farm,0,1,0
First love,2,2,65137
snow forest,13,3,6617065
Pink Memory,6,8,7270350
Sunset,1,1,516009
LOLI BOMBERS,3,5,555935
Poiuytrewq,0,1,0
-,0,1,0
Once Upon a Time,17,11,3150973
AAAAA,3,7,159419
kawanmlati,1,0,38916
Floralia,24,5,4204346
SO EZ,4,1,83396
Circus,1,5,208657
Pierce,0,4,637311
OneDone,9,11,1936864
Real ONE,0,1,556608
CHILIS,0,0,1469573
High Cards,0,8,0
CHILIS,0,7,5033918
CHILIZ,0,10,7720305
QuQnnTATnnOvO,5,9,980984
ALBION AFTER S3X,20,19,2772128
Rescue Station,9,11,8155830
Iron Ox Cartel,0,3,22042
Rescue Station,3,4,832974
Red Paw Gang,0,1,0
All Rise,38,20,19454171
PLAC,16,5,8198682
TAKEDA 24,2,8,231935
E x c o m m u n i c a d o,1,2,269310
OneFame,2,4,1004550
Critical Impact,2,13,1175930
Warrior Exile,7,9,1219386
AFTERMATH,1,0,72775
Meerkat Assemble,0,12,5709361
Anteikuu,0,2,0
OneFame,1,3,91391
Free Butterfly,0,1,0
HIRAYAH,0,3,23953
321 Demass,1,2,44469
Tarumanagara,1,6,151548
Conscripted,39,7,10397004
Azurel,3,7,1964578
GALAXY FAMILIA,0,0,13808
eyes of heaven,0,7,47961
WhiteDragons,0,3,53893
LUVIMIN,0,2,72140
G A I J I N,1,2,309733
not cute anymore,2,4,1841523
Sunset,0,2,55617
-,0,0,727
Buzztard,0,2,36639
WADIMOR,1,7,620866
12 Apostles,1,3,81685
I The Flying Dutchman I,14,5,6383104
WARRIORS INITIATES,0,0,1685
Freaky Fools,16,12,2781138
Red Paw Gang,7,4,525913
V1OLET,2,5,569120
COALITION,6,12,1887100
CHANG,0,1,0
CHILIZ,0,5,703463
Technique,0,1,0
Kunlun Jade QingJing,0,1,0
-,1,4,30664
GATHERER-INDO,0,1,0
V A G A B O N D,13,33,12798534
Rescue Station,1,4,476753
F A M I L Y,0,2,474476
High Cards,0,0,7070
I Check Mate I,0,0,192906
Kids On The Move,0,2,70195
Shadowborn Syndicate,0,4,751659
ONG BUT,2,6,49419
The swallow,4,4,2110903
-,0,1,46143
WMB,0,1,225681
KrrngKhuong,0,0,11861
Invade,9,5,1573214
red king,11,8,7039384
-,0,4,0
NUMEROS,0,1,81205
-,1,1,40206
Critical Impact,0,5,191213
WINDPhoenix,0,2,0
The Neighborhood,0,1,0
Crazybabys,0,3,920193
-,0,0,23159
AK-74,1,5,247126
Snowflakes,61,49,52863604
MoFuMoFu HEAVEN,0,1,0
Aetherion Order,1,4,240658
TraacaS,0,1,0
BLOB,0,1,0
KATANA,1,0,227364
-,0,2,0
NO-RE,87,122,33035491
Understand,0,3,298430
-,0,1,0
Mofa,1,1,9668
Spero Spera,0,1,0
MoneyHunter,2,4,235049
DRAKORIA,0,4,0
Reworld,6,20,6341607
NO_OC,0,2,0
ArcTheLad,1,4,74048
-,0,0,11582
Chicken Nuggets,2,2,244847
Meow Immortal,2,4,258212
-,8,5,1948077
The Ritual,3,8,460999
The Paladins,6,2,126903
9INE,0,1,59081
HYDRAS,0,0,3048
THE TROUBLE MAKER,2,0,42836
-,0,0,16001
SpartanS 300,0,2,28344
Just chill and play,2,3,68368
Asia Vanilla,0,5,85103
MAFIA ZONE,0,1,16673
SYRUP,2,1,526192
-,0,3,0
MO GU,8,12,3759622
Aetherium,0,0,15785
ENDANGERED,22,3,970216
-,11,12,1594105
INSANITY-4,0,1,0
Ban,5,5,1491752
Lymhurst Ranger,0,1,5097
Farm Or Die,9,9,1418289
MoFuMoFu HEAVEN,0,2,124381
All Rise,0,1,0
V1OLET,0,2,81287
ANTEIIKU,0,1,0
-,0,1,31014
High Cards,0,1,48454
MABAR,0,2,33619
Gomi_Games,0,2,138690
Critical Impact,20,16,1666638
-,0,0,7970
Global Unity,0,1,0
Earn money,3,2,2267933
Pink Memory,16,5,8101266
Earn money,3,1,1438071
Wing of Liberty,0,2,308531
MO GU,1,2,985662
Forever Night,6,7,1823726
THE SLAVES,0,2,61351
Crazybabys,1,11,964360
THE LEGENDARY,0,1,0
War of Shawdows,0,1,0
Holy Black Knights,0,2,0
-,0,1,0
Lym World,1,0,53329
SubuTai,1,1,224769
Real ONE,8,4,3649391
After Cleric,0,3,638724
Scythes Area,0,1,0
Probably Lost,0,2,33556
Brightshield,0,1,0
-,0,0,29313
Singosari,0,8,118471
The swallow,13,6,2804326
-,1,0,73062
GOBLINS,2,4,601812
SPES,2,3,1407444
Smell Score,0,1,4562
PoopooDancers,9,5,1652653
PLAC,0,0,1013027
BeasTDaK,1,1,203088
SHOWTIME,12,15,2466762
-,1,1,38362
-,1,1,422374
N O I R,0,2,12081
Government Program,0,0,231466
Cempaka,0,1,110593
Pierce,0,6,5934
AFTERMATH,0,1,64940
Akhri Pasta,1,2,51515
-,0,2,0
A Brave Man,3,4,2831037
-,0,1,0
Meeting Stone,9,15,1950983
HPB,0,0,5338
-,0,0,32205
Congregation,0,0,3923
SINGAMAS XI,0,8,127290
QUILL,0,1,0
Srisia Island,4,15,187637
S K Y,0,6,166607
The Night Legion,0,1,4932
CCTV,8,5,3540128
Bretonnia,19,5,3892166
Raven Reaper,0,2,15355
PLAY IN KINGDOOM,0,2,8609
-,0,1,0
MINlONS,12,34,11577873
BeasTDaK,10,8,1964991
Tarumanagara,0,2,3728
Knights of the Black Dragon,0,0,18813
BeasTDaK,16,6,4807564
KNIGHTS OF THE CRUSADE,14,14,845993
Eternal Catastrophe,0,1,0
-,0,1,24894
God_Of_War,0,0,16037
Dotorii,0,2,56830
-,2,2,77238
-,2,4,812838
Griffin Empire,5,7,2228180
B o S,0,1,0
Freaky Fools,1,27,4759861
SO EZ,0,2,538904
LuoKe WangGUO,0,0,13389
Make AIbion Great Again,0,1,48240
PSC,0,2,0
Nellie,2,8,298801
GOBLINS,6,4,728417
PAPAYA POKPOK,0,2,571903
Paradis Isekai,0,1,41864
Invade,7,8,2860105
Old Man,0,0,44228
Fake engage,0,2,15938
H a n a k i r i,1,1,77828
xCUTIESx,0,1,4812
itinerary,1,6,67973
Filibusteros,2,3,377978
Cut Throat,0,0,58630
snow forest,10,9,10327857
Invade,9,13,5219142
First love,9,9,838571
Meow Immortal,5,6,1253231
God_Of_War,6,0,863763
A X E,2,6,607369
xCUTIESx,1,1,48680
-,0,1,266709
NoBeingsXYX,0,1,0
Real ONE,13,6,3781240
SoulTree,0,1,0
Real ONE,9,3,4592672
HerJieZL,0,1,0
-,0,1,50959
Red Circle,1,1,95228
CRACKER,1,1,867
T1 FAKER,2,6,89514
P U R G E,53,7,12245869
Technique,8,12,262782
shosco,0,1,0
HIRAYAH,4,14,631218
YIBAMBE STRONG,7,5,202365
-,10,10,975430
BeasTDaK,3,3,529922
Frostborn Exiles,1,1,8035
DOKDO,0,1,196348
-,1,1,172189
Boar Army,0,2,28244
Albion Newbie Union,0,1,0
Hong Xing,6,4,639979
SubuTai,104,15,12295413
HIRAYAH,6,16,902939
xCUTIESx,0,2,24470
VietNam TheFord,0,5,35619
Oops You Died,3,5,532083
Pierce,1,2,773547
-,1,2,157903
-,0,1,4450
Chikipi,5,0,1185179
-,0,1,0
Minerva-X,10,20,3633662
CCTV,0,1,682932
Summers,1,1,742946
Real ONE,0,1,2648731
-,0,3,42244
God_Of_War,0,1,268961
Dive Guu Tee,0,0,96446
BLOB,5,6,2121232
The_APEX,3,3,183337
Farm Or Die,0,3,0
Mochi Kingdom,7,14,463444
pig bank,3,10,936695
Western Paradise,0,4,120469
SecretOFLife,0,5,36629
Western Paradise,2,5,526386
All Rise,25,15,5260395
HE DONE,2,8,306889
Last Lick,10,0,372955
Mika,0,3,53071
PUMPIM,8,17,420065
WINDPhoenix,3,2,151118
The Outcasts,1,1,19579
nanjingdapaidang,0,1,0
ALL VICTORY,0,9,3459247
-,3,1,549138
Kendan,0,3,26130
ULTRAMAN ALBION,0,1,776
Meow x Meow,4,6,610909
Raining,0,3,0
-,0,1,4834
Realm of dreams,0,7,66451
THE WARRI0RS,7,10,1108584
Arcane armada,0,0,36534
Hong Xing,3,6,388790
Helios Phoenix,1,5,268285
-,1,7,88400
SSRR,1,17,166205
THE WAR,0,0,13228
VOYAGER CORPS,0,5,31402
Helios Phoenix,0,1,21449
MABAR,0,0,22338
ASAM LAMBUNK,0,1,0
TEAM_MEMOL,1,1,174671
KaLaewKaLad,4,1,713734
-,0,1,0
MABAR,0,2,15189
P U R P,0,0,63100
MMSP Chou pro lay,0,2,35683
-,0,0,119632
Club Of Kroco,0,0,9599
ALL VICTORY,1,1,557271
Nemo Nemo,1,1,1401523
TAKEDA 24,0,3,442262
PoopooDancers,0,3,216342
Club Of Kroco,0,1,0
ETERNAL CRUSADE,0,1,0
BLOOD OMEN,0,4,96526
ForeverForeverNihgt,0,1,0
Boar Army,0,2,2471
Z GEN,0,1,11535
MO GU,4,3,1471459
Speed Check,89,11,2990882
-,0,1,12685
-,2,0,34274
Talon,0,1,0
Wysteria,23,7,4180827
CapybarAAAA,24,25,5062676
CapybarAAAA,0,1,0
SHENJI,2,4,303967
L D C L H,0,1,17357
The Myth,0,5,252509
CapybarAAAA,5,11,2367960
I The Flying Dutchman I,0,3,433460
Meerkat Assemble,5,9,4975181
-,0,1,0
P U R G E,0,1,502200
CHILIZ,17,36,29149463
Meerkat Assemble,12,39,19965686
Roger Pirates,0,1,2019
Guerilla Warriors,1,0,28065
The Knights Of The Blood,0,1,0
MIKE TEA,2,4,1750636
PAPAYA POKPOK,39,13,7914477
-,1,6,75904
M A R S,0,1,0
The Boyz,0,4,263495
hand of god,0,1,180134
Noob Family,3,6,644686
-,0,1,0
-,0,2,58864
Dark Oath Syndicate,0,2,0
-,1,0,250669
Call to Heaven,0,1,52504
-,0,0,23093
Dark Oath Syndicate,0,3,39142
MO GU,11,15,8182501
AZKALZ,3,3,16791
GOBLINS,1,3,1898973
TGIF,6,16,5518402
Code Ghost,0,1,45403
Forever Night,0,1,220803
PSC,1,8,1135500
K R U N G S R I,0,1,0
From Zero,5,17,946537
Trying to be,0,1,0
PSYCHOPOMP,0,2,152877
Another,0,22,12863238
-,0,1,105245
Sunset,64,59,12486747
Garden babys,1,2,306613
H Y P E R T E N S I O N,1,4,443252
-,0,4,26782
BlueOwl,3,0,153552
Kunfayakun,0,1,0
itinerary,1,2,271089
V1OLET,16,16,2681963
sun empire,2,7,254265
FORTUNAtE,0,0,14286
Reworld,0,27,6221063
WhiteDragons,0,2,12771
-,2,19,279914
Dragon Bloom,0,1,1380
CODE X,3,3,236590
Unity Forge,0,0,15135
DOKDO,2,15,668426
PoopooDancers,0,2,242798
Chaser of The Wind,1,0,18172
Sunset,1,25,7021615
NGGang,0,1,0
Drum Teacher,0,0,108940
Lightborn Syndicate,0,2,0
FinalDestination,0,7,33524
Free Butterfly,38,24,2383320
Biu BiuBiu,18,14,1582633
TW-GIN,0,1,0
Wave_Sea,0,0,51534
-,0,2,12635
All Rise,1,1,524564
Crusader Kings,8,5,1375025
9INE,2,1,400257
Crush,4,5,93544
-,0,9,0
The Northern Constellations,13,15,2818727
MO GU,0,2,63954
Bretonnia,0,2,797226
NewFalconComunitas,0,1,15106
-,0,4,21775
Four Emu Emu,0,2,0
GOBLINS,0,4,1108330
DOKDO,0,1,84915
PAPAYA POKPOK,2,7,1103923
BLACK MONOPOLY,0,2,43892
PSC,23,19,3183062
Kendan,0,2,0
ACM,3,12,4549437
1Mmortal,13,17,22389390
Rest home,0,3,93086
Invade,1,1,419311
Meow Immortal,0,4,1148602
-,0,1,0
-,0,1,0
-,0,2,21795
GOBLINS,1,2,3072555
TGIF,1,4,2890100
Dark Looters,41,36,3489597
Mam-moth,1,0,82296
TAKEDA 24,2,8,603229
SAOdeyapi,1,1,363451
All In Fighting,2,5,2723370
Mika,1,6,2226781
No Picture,3,5,1294318
No Picture,2,0,286400
Green Knights,3,1,217271
-,0,0,21831
-,0,1,0
Regal Bloodline,2,3,108981
pejuangrupiah,0,1,0
Rock Horizon,0,1,0
-,0,3,0
Pierce,7,6,1521768
MO GU,13,8,1194325
C R O W N,5,1,403245
Space Wolves,0,0,28355
Chicken Nuggets,0,1,144407
K A L A N S A Y,1,5,77111
M I O G F,0,1,12282
All Rise,0,4,1934931
-,1,1,180666
-,0,5,0
DESTROYER GHOP GHOP,0,1,0
Peenoise,0,0,630844
Chikipi,6,12,1901985
Astartes,1,3,53636
PSYKOPATH,0,0,36883
-,0,0,14866
Speed Run,0,5,386033
eRa Empire,0,1,76163
-,0,0,19986
DESTROYER GHOP GHOP,1,5,36452
Peony Flower,2,0,416324
SLAF,2,7,123837
-,0,2,8485
-,0,1,32827
-,1,1,26325
G U I L D,1,0,64771
-,0,0,10355
0-Infinity,0,3,8991
MO GU,0,2,178558
-,2,8,74061
SO EZ,0,3,87452
-,0,1,12882
BLACK BANDIT,1,3,287316
Gungn1r,0,2,18801
Onely,0,1,16657
YangPaiXiaKiller,3,0,898980
1gaywoligiaogiao,1,2,104214
wightnight,0,1,0
SilentMemoirs,0,3,0
F A M I L Y,5,3,226525
Grows,0,1,0
F A M I L Y,2,10,646057
CoCa1nE,7,17,5052473
Boar Army,1,3,828580
CHILIZ,1,14,1343570
CHILIS,1,15,3359714
F A M I L Y,9,3,3842347
Chosen Few,0,3,290121
CCTV,0,8,3914247
-,0,1,115636
Dark Looters,50,49,2653908
Calbee,1,0,147030
-,1,0,111393
-,0,1,0
-,0,0,1741
Never Regret,1,8,680684
Tengkorak,1,3,147144
UnifyVN - 304,2,26,3104978
QUILL,0,1,0
SuonPH,0,0,26808
An Guild,6,9,2451912
Karmic,4,7,816419
Tarumanagara,0,4,35325
-,0,1,0
Hellen killer,0,1,0
-,0,1,0
Ashen Reign,0,0,48471
TAKEDA 24,0,1,0
Invade,1,3,409606
I The Flying Dutchman I,0,1,68056
KAKI TIGA,0,3,92641
Dreamweavers,35,17,1372573
Civic,0,7,1110675
Ayutthaya Warhost,0,1,0
Noob Family,0,1,12657
Aetherium,5,3,533471
Wysteria,13,9,3441090
Buccaneer,1,1,1219813
GIGAN VIII,14,7,8112714
I The Flying Dutchman I,38,12,10308658
Allvg,0,1,0
-,2,1,124876
Snake Snake Fish Fish,1,0,83430
-,0,1,22699
CobraKai,1,7,230311
Crystal Warrior,3,3,2031364
Heart of Thetford,0,0,2736
Gold Pigs,2,9,1379792
-,0,4,17130
War Bears,1,1,27158
I Check Mate I,0,1,122752
GIGAN VIII,2,0,49423
Master Siomai,0,1,0
-,3,7,86839
F R O Z E N,1,6,61267
Invade,37,4,5476329
PLAC,38,15,14795183
-,1,0,203640
CHILIS,23,10,9410436
1Mmortal,6,7,1642955
Forever Night,1,3,31889
Jia Nan,8,13,141193
Anggota-DPR,0,1,0
-,3,3,485137
C O GREE,4,1,781750
1Mmortal,0,2,1579595
I The Flying Dutchman I,4,13,16471081
MINlONS,10,0,1303628
1Mmortal,22,1,2722431
Jagdgeschwader 52,1,2,41856
Cempaka,0,2,0
The swallow,0,5,1981505
EQMS,1,0,149283
ABOVE HEAVEN,0,5,62463
-,1,1,11860
Switching To Heals,175,40,9962216
Fightin fool,0,2,68260
Asgardian Farmer,2,8,146712
AFTERMATH,0,0,33001
ALL FRIENDZONE,0,1,0
The REVENGERS,0,2,9002
Way of the Taiping,0,1,97048
Dark Looters,18,9,979606
CapybarAAAA,0,2,0
WuKingWanSui,0,0,65189
Singosari,7,10,1384174
DOKDO,0,1,6559
Another,9,6,1725108
Menhera,0,4,2041392
-,5,1,473254
Sunset,1,6,526970
-,0,2,0
snow forest,2,5,1007596
Gold Pigs,0,2,80011
N E R F,4,5,385214
Helios Phoenix,0,1,0
PUMPIM,5,3,271701
-,1,1,59188
Coup de grace,6,8,793868
Noctis,5,29,2425300
DOKDO,16,4,840828
Big Boost,1,0,13462
UNITED THETFORD,0,2,0
One More Times,2,0,408515
THE DAILY CHILL,0,4,105163
Raven Reaper,1,7,359393
-,0,1,0
PK MAX,0,1,16419
Raven Reaper,2,1,102185
Walter,0,0,272817
UnifyVN - 304,0,8,528536
Kids On The Move,2,2,95740
Meow x Meow,0,1,19732
COALITION,0,13,788869
GIGAN VIII,0,0,40960
Arcadian,0,3,0
UnifyVN - 304,6,6,9190110
BEAR HUG,0,1,6824
-,0,1,0
A Brave Man,3,4,1497912
AK-47,0,2,720781
snow forest,0,0,65417
Rising Stars,0,0,249535
Jiuyue,1,6,73954
GFN-GFN,0,1,38167
Tiandao Pirates,0,0,1814
Shu Shan,0,2,143148
JOY BOX,0,1,0
CoCa1nE,1,6,262528
Earn money,13,10,3896967
Achaemenid,0,1,0
The Black List,0,3,237967
WARDEN X,0,0,15854
RABBIT RAIDERS,0,2,462334
-,0,0,30365
PL4B,2,5,303386
Singosari,0,2,76078
ConHeoDat,3,1,28745
Speed Check,0,3,38369
Esperit,0,1,0
Singosari,1,19,834827
-,0,3,134736
C A L Y P S O,1,0,200180
NO FEARZ,2,3,477226
-,0,1,86086
-,6,4,1523151
I The Flying Dutchman I,2,1,3068350
The Neighborhood,36,7,16733322
CHILIS,0,1,332538
PalaceGUARD,6,11,7291866
Meeting Stone,2,1,1297923
Boar Army,6,2,650110
Dou bao,22,2,4137378
-,13,4,5493676
PLAC,1,0,1319806
laba matluk,0,1,23033
CoCa1nE,0,1,99156
Boar Army,0,1,182528
RABBIT RAIDERS,1,2,366622
Mathias,2,7,476597
Mathias,0,0,205543
CHILIZ,47,48,18237970
Lightborn Syndicate,1,1,232880
DDBS,57,23,24498412
9191,4,1,415465
Heartsteel,0,1,0
Big mom,6,7,6169186
NobleBloodline,0,1,21342
-,6,7,248993
-,3,7,79880
-,3,0,240182
MABAR,8,7,744344
bosaBOSS,0,1,0
pig bank,0,1,9336
TGIF,19,14,8321068
GOBLINS,5,3,1867186
-,0,1,138769
OneDone,7,4,633115
Nemo Nemo,0,0,5991
S1LVER,0,0,198869
Ala,0,1,14173
UNITED THETFORD,2,1,51893
Chikipi,8,3,6020509
-,0,1,842
MafiaZone,0,0,180238
PLAY IN KINGDOOM,0,3,0
Bretonnia,0,5,44966
-,0,1,384
MooMoo,0,3,1250011
not cute anymore,9,4,550760
-,5,0,242052
P U R G E,22,5,7102551
Meerkat Assemble,7,7,1053255
Pierce,2,1,2204923
CCTV,0,3,901707
The Fide Blood,40,13,9217914
KEYBOARD,2,1,209837
Akhri Pasta,0,2,9387
-,0,2,0
BEAST BABY,0,1,0
The Lonely Moan,20,21,3026656
booz party,5,14,1083226
Sequence,1,2,487591
S Z P,0,2,348394
Conscripted,1,0,685748
Cut Throat,0,4,1099396
Filibusteros,35,13,6267868
SANDBOUND,0,0,471
321 Demass,0,5,5945
-,1,0,445119
TRlUMPH,0,0,115126
QuQnnTATnnOvO,0,7,1057973
Solo-King,20,20,4760259
Free Butterfly,7,6,1277984
China,6,4,999257
Kendan,1,1,484348
-,1,0,32265
Eldritch Acquisitions,0,0,24462
Real ONE,3,12,3119048
After Cleric,0,2,2010921
R E V O L U T I O N,0,0,78389
The Boyz,11,9,2310130
SHADOW__GARDEN,0,1,29200
pig bank,1,1,85825
Before Cleric,0,2,541881
-,1,4,472480
ChillWith Me,2,3,71566
-,0,0,1266
Elbonia,0,2,0
Aetherion Order,1,5,243135
Mochi Kingdom,3,2,64216
SubuTai,17,18,16050206
-,0,1,25222
not cute anymore,1,4,864922
New_World_Order,0,1,35639
CHILIZ,5,2,15273205
Filibusteros,4,2,720652
9INE,5,4,2962193
Crusader Kings,6,12,3654302
SubuTai,23,11,6715626
Stars Legends,0,1,26563
The Boyz,1,3,1282963
TAKEDA 24,0,1,0
-,0,2,40419
TAKEDA 24,5,6,165149
Anggota-DPR,1,1,20849
Lym World,11,9,576133
Fallen Knights,0,1,0
I The Flying Dutchman I,0,1,58329
MINlONS,0,1,0
ENGAGE ON ME,0,1,25465
Snowflakes,0,2,133459
Meeting Stone,2,12,2645645
RaidMasters,0,1,0
SubuTai,2,1,575356
123qaz,0,1,16519
KADAL,10,5,469313
A p os t l e s,9,11,816561
The Myth,21,22,4689852
VELARIS,0,0,4245
Pink 7,0,4,17722
PAPAYA POKPOK,0,6,1257045
No Picture,15,4,2397150
CTA,2,4,441545
TiGiGi,7,8,431093
Bear Heart,0,3,0
OverDaddy,0,1,0
OneDone,3,9,1128511
Spero Spera,1,4,256320
-,0,0,9349
0-Infinity,0,0,31500
Viperss,0,1,0
-,0,1,0
Endernations,8,3,461281
OverDaddy,3,1,88617
-,0,0,6450
DuDuBuBu,2,1,56628
CoCa1nE,1,1,322620
Dominate for you,0,3,23491
-,0,2,49960
Scarlet Bloodlust,0,1,0
Filibusteros,1,3,182411
-,0,2,40488
-,2,1,154869
-,2,0,249100
K R U N G S R I,6,3,383076
High Cards,0,0,9722
WhiteSuits,6,26,1350256
-,0,2,0
RESPECTED FAMILY,1,7,191894
TGIF,0,2,0
HaChiu,1,5,78574
Jagdgeschwader 52,4,7,708909
LOOKOUTS,0,7,97102
Typhon,0,1,0
-,0,1,83888
DOKDO,7,6,275847
The Wardens,0,0,47759
-,0,0,26668
KuromiO3O,36,22,8803852
Real ONE,0,5,4649983
After Cleric,2,5,1374766
Lymhurst Ranger,21,15,1844984
OneDone,11,11,1367204
TEMPLARS_ORDER,11,9,1288929
AVA world,0,10,231560
Chronos,0,0,156131
Tamilaga Vettri Kazhagam,0,0,152390
not cute anymore,0,2,0
Crazy group,1,5,116853
KongFu PanDa,0,6,4719819
Wing of Liberty,1,2,281565
BlackTemplars,0,1,32024
-,1,0,28532
Singosari,0,0,40528
the Warrior,0,1,0
-,0,1,0
Tree Viper,1,7,792205
GOD EATER,0,4,563539
PDl PERJUANGAN,0,1,117951
Heart of Thetford,0,0,6336
Rescue Station,112,23,23944190
GENKOTSU,0,1,576
-,0,1,0
-,19,7,1440865
Pos_utama_kurir,0,1,0
Minerva-X,0,3,386676
Earn money,11,7,5485808
Sunset,5,5,1016614
Raining,9,10,2135654
1Mmortal,32,5,6102996
snow forest,32,6,4768897
CAOTAIBANZI,16,5,660056
Empyreus,7,6,3310310
Helios Phoenix,1,2,110058
F I K A,0,3,225160
Same-to-You,6,9,585189
V A G A B O N D,99,33,16061527
MoFuMoFu HEAVEN,26,15,2314355
MO GU,42,40,12196649
Z GEN,14,11,1767940
MUZAHIDIN,0,1,0
Government Program,0,1,0
Once Upon a Time,35,20,11142792
PLAC,15,16,30141342
-,0,0,18160
Big mom,26,16,8863859
GENIUSSES,0,2,0
H Y P E R T E N S I O N,0,0,31781
dmwwrasia,3,4,66984
itinerary,1,0,254744
Karmic,0,7,1061135
CHILIZ,21,13,10413830
War Bears,0,1,1526
KUMA,1,3,10968
KADAL,3,4,670518
C O V Y,1,6,181561
GOD EATER,49,12,4138128
-,0,2,0
ULTRAMAN ALBION,0,1,0
KADAL,1,1,156680
F A M I L Y,4,1,1139653
P U R G E,28,4,8344240
V1OLET,8,9,1071835
TEN4CITY,0,3,537394
BLACKSPIDER,0,1,0
MoneyHunter,0,1,21035
Meow x Meow,14,14,2437990
AFTERMATH,0,0,375006
-,0,1,0
Helmet Bahini,0,6,28335
-,0,1,11931
-,0,0,20427
Nemo Nemo,32,23,16537504
Chikipi,24,18,12474283
THE WARRI0RS,0,1,6890
CRACKER,0,2,225911
Eepy Cars,1,3,277782
Karmic,0,1,12446
Skip Tutorial,2,9,521901
Red Paw Gang,0,0,4691
-,0,1,0
BLOB,0,0,60930
Speed Run,0,2,945778
Speed Run,2,1,945778
Helios Phoenix,1,9,1527341
Meow Immortal,39,16,4795144
A p os t l e s,34,28,4599767
-,0,2,23909
S1LVER,0,2,4576
-,0,1,13229
The Neighborhood,0,2,429865
-,1,0,3696
S U P E R I O R S,0,1,56914
Government Program,0,2,0
Midnight Rose,0,1,7049
D R E A D W A T C H,4,1,374945
CHANG,0,1,36515
SSRR,0,1,0
-,0,0,13826
HuaDaBin,3,3,1119456
Topspire,2,9,1556848
THE RELATION,1,6,23508
-,28,8,1762651
Vibing Royalist School,7,3,508655
KUMA,4,3,617025
Helios Phoenix,1,3,291992
MINlONS,48,23,13606668
First love,2,3,42420
BLOB,1,19,2519810
-,0,3,5829
ILLUSTRADO,0,0,41798
Fightin fool,0,12,526199
KUMA,8,2,565551
HappyDay,0,3,112700
Karma Committee,1,1,207145
-,1,0,145525
H Y P E R T E N S I O N,28,18,2066704
Give Me Your Sis,4,4,356985
H Y P E R T E N S I O N,2,5,952008
Forever Night,21,5,2033093
TAKEDA 24,2,6,791700
B L A C K P E A R L,2,5,342004
Speed Run,0,2,0
SINGLE SOUL,0,1,0
NEVERLUS,0,1,22727
WADIMOR,0,2,76972
ROYAL,4,0,213174
WADIMOR,1,11,728744
Ordo Musaceae,0,1,4419
-,0,1,2529
I The Flying Dutchman I,3,6,11532685
TheGreyKnight,0,3,111860
-,0,1,54968
THE WARRI0RS,0,1,24129
Laughing Boulevard,0,1,0
-,0,1,1370
Forever Night,3,5,785864
V1OLET,0,1,81287
-,1,6,47589
S1LVER,0,2,22543
SAINT GERMAIN,3,10,1999632
Heaven Knight,40,45,22994509
SO EZ,1,6,72961
V A G A B O N D,0,0,965830
MO GU,90,20,46712847
Z GEN,12,1,1515352
-,0,2,122652
-,4,2,270878
PSC,28,5,6538170
KongFu PanDa,42,35,18733475
H A R I B O N,0,1,0
Revolutional Army,0,2,12403
G A I J I N,0,1,0
-,4,1,288183
Dragon Blade,0,16,1132230
I The Flying Dutchman I,20,6,8774520
HOLIC,1,0,76918
Meerkat Assemble,0,0,124633
Topspire,8,9,2757341
SEAR-Sixth,1,0,73532
S Y N D I C A T E S,3,13,1271585
Tengkorak,0,0,64804
321 Demass,0,1,16330
Singosari,1,4,194223
B L A C K P E A R L,0,2,358545
DlSBAND,0,7,3210993
GIGAN VIII,0,10,1236790
-,0,2,0
CTRL ALT DEL,0,1,0
Ocean Waves,0,1,0
Transcendents,0,0,49263
The Neighborhood,0,4,273464
P U R G E,0,7,379186
BW_ORGANIZATION,0,1,0
MANIFEST,1,1,107434
The Scarlet Dawn,1,0,41897
ALL FRIENDZONE,0,1,0
SANDBOUND,0,1,0
TRlUMPH,1,22,1554764
-,0,1,0
DESTROYER GHOP GHOP,0,1,10906
Isekai46,0,1,0
CHILIS,16,18,7497131
CHILIZ,15,23,22742161
The Scarlet Dawn,0,1,0
-,0,1,0
Invade,17,7,3858415
F I K A,1,1,15934
Conscripted,6,24,11674626
Technique,3,2,32237
Invade,27,13,12497370
The Lonely Moan,0,4,745128
Meerkat Assemble,1,7,2849818
THEMERCENARY,0,3,13397
After Cleric,1,0,1486781
Real ONE,2,14,6393085
GOBLINS,0,0,81122
CHILIS,14,2,1723629
Kingdom,0,0,5454
Kunfayakun,1,7,340777
-,0,1,60965
-,0,1,7885
Minerva-X,1,4,2520780
TOP CRAFT,0,1,3702
-,0,2,98633
TOP CRAFT,0,3,5728
LangKhao,3,2,246301
MCS-P,1,3,982621
ALBION AFTER S3X,0,9,219226
MO GU,0,0,258232
Heartsteel,1,3,898028
Western Paradise,0,1,117854
Earn money,51,14,9999885
CoCa1nE,0,5,475046
-,0,0,3712
Albion Newbie Union,0,1,0
Dead Horse,0,0,174089
Old Singularity,0,7,382569
BeasTDaK,1,2,538821
-,0,13,329152
Lymhurst Ranger,0,0,7076
F A M I L Y,1,1,304287
War Bears,0,0,5417
VINA HOUSE,1,3,24654
Guardians of Albion,0,0,26409
I The Flying Dutchman I,1,6,7082259
MABAR,0,1,0
-,0,1,6978
not cute anymore,4,6,714654
I The Flying Dutchman I,3,2,7515863
Topspire,5,5,2199531
-,0,1,30365
Trials of Twilight,0,1,338589
Meowfia,3,1,172406
Free Butterfly,0,1,0
Nemo Nemo,1,4,1057706
BLOB,1,3,132533
BLOB,1,3,120459
-,0,0,33137
Meerkat Assemble,20,49,18502487
-,0,1,0
MO GU,5,7,4807775
HeIIo Kitty,0,9,9238572
HelIo Kitty,0,0,949194
YangPaiXiaKiller,0,1,841915
TRlUMPH,0,1,312986
Avalon Little Punch,0,3,8299
Shu Shan,0,5,36799
The Neighborhood,6,4,526146
Coup de grace,0,6,289870
-,1,5,78511
9INE,1,1,13220
Blue Phoenix,2,0,136879
The Myth,29,7,3626837
Psz,79,42,13586059
V1OLET,0,1,0
NewRa,0,1,0
LolitaSOS,0,0,71506
Crush,2,10,5070408
Crazybabys,5,2,1141938
-,1,1,124749
War Bears,0,0,8371
Grim Sovereigns,1,1,46523
Real ONE,0,2,0
U N D E R R A T E D,3,2,158696
Filibusteros,0,0,39316
MALIGNANT,1,1,443761
Gold Pigs,0,6,2109685
ROYAL CARTEL,0,3,463255
Oops You Died,5,6,626488
RECONNECTING,0,1,6135
-,0,1,0
I The Flying Dutchman I,1,20,21616007
AFTERMATH,3,1,876909
HappyDay,1,8,1300756
One More Times,1,1,294275
Dworf,2,5,550866
Singosari,8,10,1044409
-,0,2,2512
The Castle Knights,0,1,680
Freedom_Castle,0,3,0
-,0,1,0
SHOWTIME,7,4,952463
Speed Check,27,10,2123189
All Rise,4,6,1363457
Old Man,1,0,153160
1Mmortal,7,3,4492818
-,0,0,13124
Meow Immortal,0,2,1360480
Alive Evil,2,4,15673
The Northern Lands,0,4,42030
All Rise,5,3,620033
Forever Night,2,1,373718
PLAC,4,4,1862083
not cute anymore,2,5,3356776
I The Flying Dutchman I,2,9,4643607
GIGAN VIII,5,4,302817
cat and rat,0,0,23358
Fight Or Run,0,0,175383
-,0,0,11293
-,0,0,5350
Form2Sick,1,2,344301
Griffin Empire,0,0,52687
VINA HOUSE,0,1,367156
HidE0ut,1,12,56134
Die for San,0,1,0
Oops You Died,0,0,4207
-,0,0,8354
-,0,0,1325
MO GU,5,12,4293923
Fight Or Run,0,1,190016
F A M I L Y,2,0,1235342
HanRyang,0,0,3004
BeasTDaK,3,14,6018427
Karmic,4,3,138725
MAFIA ZONE,0,1,1153
-,0,6,33337
I The Flying Dutchman I,8,3,6876262
MMSP Chou pro lay,0,2,0
Invade,2,5,1007677
Albion Nation,0,3,33740
The Lonely Moan,0,3,0
eRa Empire,2,6,687291
T1 FAKER,2,11,192212
Old Singularity,0,0,208465
Meowfia,3,7,1290977
VOX,0,1,0
Shadowborn Syndicate,0,1,0
The Myth,39,11,6761732
GATHERER-INDO,0,1,0
-,0,1,0
HOGUWART,0,6,8137
-,0,2,0
Speed Check,30,9,1942772
Laughing Boulevard,3,4,3801060
BeasTDaK,11,15,3840016
R O O K I E S,0,1,0
CHILIS,2,0,412433
Invade,1,2,1032480
China,0,1,0
Another,28,37,17604351
Kamusari,0,2,272004
The Myth,47,22,7306887
-,0,1,6483
Vulcanus,4,7,339779
-,2,1,82412
-,0,0,51617
BLOB,11,11,2681240
B L A C K P E A R L,2,5,582613
RABBIT RAIDERS,5,12,1039306
-,0,1,0
-,2,0,26436
I The Flying Dutchman I,44,10,19306403
Masked Bandits,4,3,1617894
Wysteria,18,7,1957716
KAKI TIGA,0,1,0
-,0,6,119762
BLACK BANDIT,0,5,421060
Crimson Dragon,1,4,121126
S U P K A I,0,0,13849
MALIGNANT,0,3,1283278
Kunfayakun,1,1,93676
Anggota-DPR,2,1,237122
Buzztard,0,2,49810
Meeting Stone,4,8,4537536
Borneo Almighty,5,13,349107
not cute anymore,2,3,422682
R E V O L U T I O N,0,1,0
321 Demass,2,3,93976
HeIIo Kitty,3,2,670581
FxxK,1,2,179505
CAOTAIBANZI,1,2,46576
Noctera,0,2,14804
Filibusteros,32,7,6505851
Cut Throat,12,3,2074768
-,0,1,0
Keep Killing,0,1,0
BRAWLER,0,2,13748
SHENJI,0,1,1688
NekoParadoxia,0,1,0
Demon Fang,1,1,182285
Asian Bang Cat,0,1,4461
Ordo Musaceae,4,0,85822
Peng Lai Xian Jing,0,3,0
-,1,1,36707
Chosen Few,1,0,44875
B-E-L-A-T-squad,0,2,39368
Once Upon a Time,21,9,4997766
Stellar Alliance,4,2,206266
TEAM_MEMOL,0,0,242732
Gold Pigs,15,15,5231512
G U N N E R,0,1,73591
-,0,4,907267
Griffin Empire,0,4,2972127
CHILIZ,4,26,10143190
WhiteSuits,11,38,3719699
Kingdom,5,6,5653426
Buzztard,5,1,61160
CCTV,6,1,720309
-,0,2,0
syntherra,0,3,4007
Jagdgeschwader 52,0,1,0
Tengkorak,0,0,19257
Centrelink,0,0,14016
Warhammer Defense Core,0,1,0
AK-74,0,1,0
HYBRIDS,0,8,1242003
THE WARRI0RS,5,6,274712
-,0,1,0
THEMERCENARY,5,16,756271
Around Thirty,0,4,21473
-,3,0,399345
CapybarAAAA,1,1,351910
PLAC,1,0,328797
PLAC,2,5,7080721
All Rise,2,11,7016920
Villain Society,1,7,1057288
Alone in The Mist,1,1,35113
-,1,0,20983
ENDANGERED,48,18,4649224
SavageCat,0,0,7344
Technique,0,1,0
CHILIS,1,0,1795467
CHILIZ,6,13,16397588
Kunfayakun,0,1,119732
-,0,1,0
GOD EATER,0,3,1053956
Sapling-MIU00,1,5,491571
Coup de grace,18,50,6595730
rat gank bank,3,1,2054798
-,0,1,0
SO EZ,3,1,641071
The swallow,0,1,103621
Raining,1,1,201009
MO GU,3,20,3760967
Griffin Empire,14,14,3422323
Kunfayakun,4,2,231845
Faksi Kegelapan,2,7,354944
-,0,1,47113
-,0,1,0
S Y N D I C A T E S,1,3,1307238
-,0,1,0
CHILIZ,20,34,32002890
After Cleric,5,5,5224370
Nang Pi Yan Zi,0,2,21645
CHILIZ,14,29,11139697
CHAMBER OF RAT,0,1,0
H N D,2,3,220600
Another,2,8,2599269
DOKDO,1,2,215359
RSP,0,0,35926
Therapy on CD,0,1,15768
Frostborn Exiles,0,1,0
Laughing Boulevard,9,10,19131523
GTO Nazarick,2,4,196253
GOD EATER,0,1,143568
Astartes,0,7,162654
-,0,0,32030
Empyreus,0,0,66865
eRa Empire,0,2,152777
Invade,1,0,264100
Chikipi,12,13,8237984
HaChiu,0,2,0
Creation Camp,1,8,117791
watashiwatsukuu,0,2,11894
pig bank,1,14,424456
Western Paradise,0,10,2358053
Laughing Boulevard,65,41,15849989
Judy no go Cindy no come,0,0,36072
Family Type,0,3,0
Boar Army,0,2,0
CAOTAIBANZI,4,6,509094
Dirty Deeds Done Dirt Cheap,1,2,184022
WINTERGUARD,0,1,46948
RecaII,0,0,216125
Coup de grace,0,2,156592
Fish Mercenary,0,1,13887
NoobGaming_YT,0,3,9973
An Guild,18,10,3359175
Forever Night,7,6,2401712
-,0,1,19451
Mythical Knight,1,0,93811
Hooman,0,3,77444
THE TROUBLE MAKER,3,11,149348
Stellar Alliance,0,2,0
-,1,2,46578
Eternal Catastrophe,1,1,47018
KEYBOARD,12,15,1139928
Heart of Thetford,1,5,445098
-,0,2,42483
Frontline Battlefield,0,1,28081
Sequence,4,7,788333
Alone in The Mist,0,0,105111
Red Fox,1,0,33557
War Bears,0,5,21619
Tree_Of_ Faith,1,4,239460
-,2,2,78465
Kunfayakun,0,2,192846
The Dancuk,0,3,25619
Mika,14,6,2545003
N E O - H E R O,1,1,85825
A X E,3,4,571296
-,7,7,217093
SABBATH CREW,2,4,402944
I The Flying Dutchman I,10,13,23557084
-,5,0,305097
F A M I L Y,3,0,940967
Invade,3,1,880947
Fake engage,0,2,20376
FLOPIT,0,1,33055
P U R G E,2,4,608157
Made in Japan,3,0,528302
Crazybabys,0,2,37938
KuromiO3O,0,5,806366
Multi-Nations,0,1,8520
Fight Or Run,0,1,98488
-,0,1,0
ENT1TY,1,1,114406
Aethergroves,0,0,520
Scythes Area,1,3,92382
-,1,5,56959
-,1,6,126771
Fake engage,2,6,237830
S1LVER,1,1,222720
Coup de grace,2,4,1728587
Dark Tempest,0,0,44353
WhiteSuits,0,1,0
SilentMemoirs,0,1,10294
-,3,14,326427
ANJIR GANG,0,1,0
Griffin Empire,3,8,2025323
S Y N D I C A T E S,0,1,529405
Oracion VII,1,1,25071
Allvg,0,0,140436
HIRAYAH,0,3,85894
B L A C K P E A R L,7,0,483487
Invade,7,5,961982
AFTERMATH,0,0,80054
Kingdom,0,1,11126
Nekora,3,2,89297
Invade,2,1,38909
AFTERMATH,1,5,42535
Topspire,1,5,2088000
Astartes,0,3,15372
GIGAN VIII,0,1,59750
Masked Bandits,7,11,2152457
PalaceGUARD,24,5,11895888
PSC,0,6,1291406
Noob Family,0,5,34801
Red Circle,0,22,774197
ENDANGERED,4,28,4003074
Raiden Mei Enjoyers,1,0,105732
Bocchi The Guild,0,1,0
Langya Special Brigade,1,1,61560
Pierce,35,32,12016756
I The Flying Dutchman I,5,4,3665576
-,0,2,0
Pierce,59,10,1480248
MO GU,0,1,43457
Singosari,1,3,1176083
TRlUMPH,0,0,27043
-,12,3,1101421
BLACK STAR,4,11,988370
PSYKOPATH,0,1,49623
Crimson Trinity,0,2,746
Knight of the Apocalypse,0,1,0
I The Flying Dutchman I,3,13,17473822
B L A C K P E A R L,2,2,142340
-,0,0,1732
Nexode,0,3,28835
-,0,1,0
Kasanova,3,1,189192
not cute anymore,0,0,21585
Kingdom,0,5,345496
TEAM_MEMOL,3,7,2283031
Guerilla Warriors,5,12,357364
-,0,2,0
Clique,0,1,0
Sentinels Arc,11,7,508622
CHILL N FUN,0,2,0
CRACKER,0,2,21264
Martlock Organised Army,2,2,65227
Shadowborn Syndicate,1,2,44820
DEATH PARADE,2,11,176517
M A R S,0,0,17515
FORT STERLING - LEGION,1,1,90558
-,0,0,41628
Space Wolves,0,1,0
-,0,4,113824
Iron Dominion,0,1,0
eRa Empire,0,1,32620
HER MES,0,0,11582
COALITION,0,6,494768
Pierce,0,1,996373
BeasTDaK,25,18,8664966
-,0,1,0
P U R G E,0,0,1295016
LaiFaNongDer,0,0,1133887
GOD EATER,0,1,0
Dark Looters,0,1,8044
anomali SILUMAN,0,2,60322
Wandering Nomads,0,1,0
Understand,0,2,0
Mamboo,2,7,101790
Peng Lai Xian Jing,8,13,1501343
-,3,2,505038
EQMS,14,12,2739485
Invade,43,16,9254964
CREED INTERNATIONAL,0,1,37502
Invade,0,0,567409
HIRAYAH,14,14,1592469
Wysteria,3,5,553722
High Cards,1,0,76571
Laughing Boulevard,156,16,31395211
-,0,1,37045
WhiteSuits,0,3,16104
RESPECTED FAMILY,0,0,72616
ENDANGERED,17,27,3827550
MoFuMoFu HEAVEN,1,6,102540
PLAC,0,18,7945025
CHILIZ,8,26,28490190
RahmatJaya,1,2,58329
-,3,5,266016
-,0,1,0
WADIMOR,7,4,734412
Star light,0,1,0
REDEMPTION CODE,0,14,11001
RISER,0,7,20995
Real ONE,0,2,613314
The Rice of Asian,2,6,207394
Nugget,0,1,0
itinerary,0,1,60547
TRlUMPH,1,14,3501852
Topspire,1,10,584928
-,0,0,148770
itinerary,0,1,169622
Frostborn Exiles,0,2,58642
TRlUMPH,6,14,1416253
I The Flying Dutchman I,0,2,860007
Pencilgon,0,1,0
Singosari,7,5,526361
SneakySquad,1,2,244564
Fish Mercenary,1,4,262964
NoobGaming_YT,1,1,33076
Imperials Of Albion Online,0,1,2258
Boar Army,11,37,4422223
-,0,2,12676
The Elders Pact,2,0,121695
Government Program,0,1,0
I The Flying Dutchman I,43,8,12536231
Chosen Few,0,1,0
OneDone,1,6,1413353
Conscripted,48,14,12511857
Samosa With Chutney,5,3,132264
-,0,4,0
TheGreyKnight,0,0,38297
I The Flying Dutchman I,0,8,7313851
SYLVARITH HAVEN,2,10,45809
RESPECTED FAMILY,0,3,0
COALITION,1,10,866961
Freedom_Castle,0,4,69805
RABBIT RAIDERS,2,1,434525
DRACIN,0,2,0
Kendan,9,4,472833
Whilack Peace,3,6,475701
THE RELATION,0,0,237524
SubuTai,3,9,3972031
-,0,1,0
Government Program,1,0,96795
-,0,1,54308
Tarumanagara,0,6,70348
Gravity Legion,0,2,86765
PLAC,4,1,386865
Sterlingrad,21,10,1157408
Conscripted,6,11,9180564
Wysteria,7,5,2436784
Heaven Drive,6,5,4008568
CattaC,1,0,209790
Helios Files,0,0,1987
F A M I L Y,0,0,83219
Meerkat Assemble,27,16,7044747
Reprobate,0,1,0
INCOHERENT,0,1,80621
One Shot,0,1,0
Once Upon a Time,2,15,10773275
Crazy Family,1,1,62802
-,10,4,766124
Mika,3,5,875858
Are U Oke,0,1,0
Shie Hassaikai,94,28,9318938
Chikipi,7,29,11533702
Dark Oath Syndicate,0,1,0
Menhera,7,1,2468759
-,0,2,0
Clap Me Daddy,1,0,105448
KaNaNuTho,0,0,16605
-,0,1,0
SpartanS 300,0,1,0
Skip Tutorial,9,4,643562
Nine Lives Legion,0,1,0
Mistwood Fen,0,1,0
House Of Gorkha,0,1,0
F I K A,0,6,283003
Raining,0,3,266787
Mika,2,4,931516
Kamusari,0,2,1794096
SubuTai,4,7,3857154
PVP With Me,8,3,260485
GTO Nazarick,7,7,288301
KUMA,16,25,2800627
DeSaiko,0,3,0
Kunfayakun,0,1,0
Snowflakes,0,1,0
The Black List,1,2,152194
Congregation,0,5,2834
Midnight Rose,0,1,2667
TEAM_MEMOL,2,3,260532
ALIVE,1,1,84873
-,0,3,223901
NO-RE,10,87,27510647
Red Circle,21,27,3157424
The REVENGERS,0,3,0
R E V E R I E,2,5,2860954
Stellar Alliance,6,7,603375
eRa Empire,0,2,9427
-,4,4,241104
Peng Lai Xian Jing,2,19,1864931
PSC,0,4,163609
nekomi_home,0,1,0
MCS-P,0,2,0
conquer,0,1,0
The Myth,0,1,426502
not cute anymore,0,2,1808461
Invade,0,3,234330
B L A C K P E A R L,0,1,141022
-,0,1,5423
V A G A B O N D,107,33,17811627
LOVUONG,0,4,366597
THEMERCENARY,0,2,19319
mechanical,1,0,89622
S1LVER,0,1,0
DNS,0,0,7986
eRa Empire,0,4,353890
Filibusteros,0,1,210103
Invade,0,1,102044
Pierce,0,7,217944
Revolutional Army,0,0,17789
YIBAMBE STRONG,1,1,70690
Mamboo,0,0,20358
-,1,0,40281
KATANA,0,0,18942
Demon Pact,0,1,15100
SideQuest,1,0,193808
BLOOD OMEN,0,0,26388
Anggota-DPR,1,0,14810
-,1,4,121146
Lightborn Syndicate,0,0,10503
-,0,14,83983
Invade,1,14,3818827
six doors,0,0,544294
DOKDO,0,0,20530
MELEE,2,0,845827
snow forest,0,1,28827
-,1,1,37714
VIET NAM ssm,0,0,820
PVP With Me,0,1,290134
Griffin Empire,0,0,218553
Government Program,0,3,0
GOBLINS,14,11,2888014
Mika,27,30,7184838
1Mmortal,6,3,1873892
-,0,1,17658
CHANG,0,1,0
Auraka,0,1,50922
MABAR,1,8,960714
QUENNN,3,9,900517
Z O E,2,2,883416
-,0,8,1520199
High Cards,1,3,146141
-,1,2,280829
Nugget,0,1,0
QuQnnTATnnOvO,18,28,7673602
Meow Immortal,0,4,146798
REZIM JOKOWI,0,1,0
Karmic,0,3,151886
-,2,2,206379
Make AIbion Great Again,0,1,346782
THE WARRI0RS,0,1,59942
-,1,0,85135
-,3,0,104672
THE RELATION,5,4,385338
eRa Empire,4,1,826341
MoneyHunter,0,0,4415
octugram,0,1,14386
Tamilaga Vettri Kazhagam,0,1,0
-,0,3,11469
Elitist Vanguard,0,0,6214
-,0,0,6135
GOD EATER,0,3,65383
BLOOD OMEN,0,0,10891
THE WARRI0RS,0,2,47738
-,0,0,8112
Another,11,20,9413120
H Y P E R T E N S I O N,12,4,727522
DUKUN,1,2,65882
VELARIS,0,2,4027
-,0,3,0
nekomi_home,0,1,0
Ezekiel,0,2,0
Singosari,0,2,331229
Noctis,8,6,474231
Tamilaga Vettri Kazhagam,0,1,0
Kamusari,18,2,4191011
SubuTai,34,4,1182683
Midnight Rose,3,3,53519
Red Circle,18,29,1740664
ERASE,14,13,3784133
Kingdom,0,3,248980
-,1,4,32735
I The Flying Dutchman I,18,13,12891849
CODE OUTCASTS,0,1,3295
Speed Check,13,13,785787
Whitefang Battalion,1,3,1285
Whitefang Battalion,0,3,0
Boar Army,1,1,575376
snow forest,3,1,348750
-,0,1,37197
-,0,1,0
-,0,1,305432
NO-RE,16,124,39480514
Gravity Legion,0,1,122084
All The Villains,0,1,139709
Minerva-X,19,28,6378363
THE WARRI0RS,0,0,3507
Meerkat Assemble,11,4,3481493
I The Flying Dutchman I,0,11,2155628
Abyss Legion,0,0,4496
Noob Family,0,2,0
Tree Viper,3,3,1780344
KAKI TIGA,1,5,374949
BounTy_TH,0,1,20330
Farm Or Die,1,0,87596
TEAM_MEMOL,0,3,52271
I The Flying Dutchman I,11,36,20737704
-,0,2,17879
F I G U R E,1,1,179706
GIGAN VIII,0,1,0
Roger Pirates,0,0,7591
Wicked Croc,0,1,6873
GOBLINS,5,9,2628225
THEMERCENARY,0,1,79362
DOKDO,0,2,343544
Kunfayakun,12,4,698874
AFTERMATH,7,8,659504
Ikatan Pemuda Fortsterling,0,1,294259
-,0,1,24689
Creation Camp,2,2,135926
cloud Palace,0,3,0
Government Program,0,1,0
LangKhao,0,1,180745
MCS-P,1,14,2779962
Rescue Station,0,2,2969795
BeasTDaK,0,0,303011
Pierce,4,2,557628
Real ONE,9,15,8962482
After Cleric,1,0,210231
Karmic,0,2,3071
I The Flying Dutchman I,2,9,14795633
BeasTDaK,0,1,39831
Red Circle,0,1,7861
Gold Pigs,1,5,145573
Are U Oke,1,0,9002
Meowfia,0,2,102811
Alive Evil,0,1,121520
-,0,1,63126
ELEMENT X,0,0,46718
Kunfayakun,2,3,112639
Hijinks,1,1,20906
SHOWTIME,1,6,973630
GIGAN VIII,2,2,90834
Helios Phoenix,0,0,72520
-,0,0,520
CHILIS,18,6,3997491
PLAC,28,11,12713296
The Scarlet Dawn,0,0,3116
The Black Banner,8,2,487449
Samsara,0,0,1688
The Boyz,0,4,1266454
Earn money,42,22,10992114
FlavaClouds,1,1,821141
1Mmortal,5,1,2832885
GENKOTSU,0,1,0
H G,0,0,38099
ALIVE,1,1,16773
Masked Bandits,3,3,312860
GOBLINS,7,7,2430413
Skip Tutorial,1,12,399994
I The Flying Dutchman I,18,15,6924599
Topspire,1,8,4062060
Real ONE,3,0,3147812
TRlUMPH,0,2,968964
Boar Army,5,12,4141869
-,2,1,146385
Garden babys,0,2,352377
-,0,0,49690
Stellar Alliance,4,15,6713662
CNMB,2,3,16626
red king,15,7,5140228
Bretonnia,27,11,5540034
COALITION,0,0,336910
Creation Camp,0,0,924
C O V Y,1,0,124753
Sunset,0,4,292295
Raining,2,6,748155
F A M I L Y,3,4,2956044
-,4,3,274581
Griffin Empire,2,11,3636463
-,0,1,76494
Freaky Fools,0,2,155489
N E R F,0,3,173367
UnifyVN - 304,25,11,2202318
UnifyVN - 304,2,3,197849
F A M I L Y,1,3,1570169
-,0,2,8919
-,0,1,0
TESTUDO,0,1,228685
3 Thang Ngu,0,6,74960
GIGAN VIII,1,6,862736
UnifyVN - 304,0,1,1394074
Fenr,0,1,388334
B L A C K P E A R L,2,6,459291
CCTV,7,15,9260929
Coup de grace,0,2,261614
Boar Army,0,1,0
NO_OC,33,13,634965
The Loot Goblins,6,0,331760
Scythes Area,0,2,18239
-,1,3,86311
Creation Camp,0,1,186352
S U P E R I O R S,0,2,24073
Pazhio,0,1,11017
Real ONE,0,4,6139420
Poiuytrewq,0,1,0
TRlUMPH,0,1,92113
RexRegumQueon,0,2,0
TRlUMPH,48,15,7029923
The Question,0,1,125278
GAMZA,0,3,39224
HaChiu,0,2,0
Speed Check,13,68,7375135
LOVUONG,0,8,13202
GIGAN VIII,1,1,197037
A p os t l e s,12,4,680402
Emergency,12,1,607992
ONG BUT,0,9,73140
The Scarlet Dawn,0,1,0
KingdomOfJesusChrist,0,4,22666
Topspire,1,2,814286
Live Less Bank More,0,1,0
POOPII,0,4,328088
snow forest,0,4,211121
KumaKuma,0,1,297780
The Scarlet Dawn,0,4,54237
Pierce,3,22,3514135
MAX VERSTAPPEN,37,9,2740205
xNEMESISx,1,4,181247
Griffin Empire,0,5,208122
Children Of The Dragon,18,5,1930501
Griffin Empire,7,8,1714473
Albion Newbie Central,0,4,0
-,0,1,15100
Griffin Empire,1,11,2670829
Griffin Empire,0,3,0
LYM PORTAL,0,2,143152
NoobGaming_YT,1,1,23523
ARCH KNIGHTS,0,3,53423
-,0,1,0
MoFuMoFu HEAVEN,0,0,64398
Invade,21,16,3949323
QThe ShyQ,11,11,1073898
CAOTAIBANZI,3,5,529865
All Rise,5,36,7824711
imnotcuteanymore,4,4,339811
eRa Empire,0,1,0
-,0,1,30990
H N D,0,1,48921
All Rise,0,1,30104
DlSBAND,1,1,222772
Big mom,6,17,5554553
Another,124,24,21188237
SubuTai,7,1,2037995
SAMGYUPSALLL,14,1,3626812
-,16,5,6308634
RATS NESTT,111,15,38255288
G A I J I N,3,3,135788
Anggota-DPR,1,3,163316
NewNew Young,0,3,65181
1Mmortal,35,25,19728103
RABBIT RAIDERS,4,11,1491581
The Savior,1,2,205633
Boar Army,1,38,11517592
AK-74,0,6,146496
PLAG,2,0,171220
Future Party,32,23,14360373
AAAAA,8,5,908764
215215,0,1,0
cat and rat,0,1,1346
HeIIo Kitty,14,22,27267745
HelIo Kitty,0,0,1590377
KAKI TIGA,0,1,185162
Meow Immortal,2,2,194526
Mika,12,22,4418518
Future Party,39,39,14965382
changxiangyi,0,0,37249
Red Circle,7,17,1566618
MockingBird7,3,3,308338
CHILIS,4,1,9364954
CHILIZ,2,0,609703
FxxK,0,2,803988
AK-47,0,1,231640
F A M I L Y,6,14,4133262
CHILIS,3,2,4226582
CHILIZ,25,20,17918032
Meeting Stone,1,4,1675800
PLAC,1,6,3161859
-,0,1,46383
Mika,7,5,376478
Free Butterfly,0,1,0
MO GU,10,25,11479341
-,0,3,13281
conquer,8,12,4663354
-,13,10,555330
GTt,0,1,0
-,0,1,0
HaChiu,1,9,289814
9INE,15,2,3656919
Earn money,6,3,1843840
Dragon Blade,11,9,2503463
-,0,1,99570
Demon Kingdom Federation,0,1,263566
HYBRIDS,17,1,486219
2077,3,1,307607
Sigma Man,1,8,809161
snow forest,4,3,4683792
Mika,24,47,18929528
Mammoth King,4,7,5602171
Boar Army,4,9,4393170
Minerva-X,2,8,1417036
Freaky Fools,0,1,0
KuromiO3O,1,3,159670
-,0,0,118533
China,0,1,340319
SO EZ,4,3,1311591
Shu Shan,0,2,847938
Call to Heaven,0,3,110269
Reworld,0,0,129710
THE WARRI0RS,0,0,54148
First love,0,2,0
Heaven Knight,0,1,655231
Hei Hitler,27,10,3175344
Skip Tutorial,3,7,489258
The Fide Blood,2,2,121122
Future Party,2,52,23241261
slaves leader,1,1,121941
Free Butterfly,0,1,54536
MENGXIN,0,0,13540
666GG,42,27,38423985
Kunlun Jade QingJing,0,4,36188
Boar Army,13,15,3999783
Iron Dominian,0,1,0
-,0,0,3283
MO GU,0,1,12468
Mika,4,6,841403
Hei Hitler,1,6,1043351
AK-47,0,3,116135
BAU BAU,1,3,293973
Cheer,80,18,4414481
-,0,1,0
Naaga,0,1,14257
-,0,2,0
Meeting Stone,21,25,3905147
Rogue Cat,0,2,0
PLAC,2,2,559189
MooMoo,20,21,9193160
Wing of Liberty,0,1,0
CoCa1nE,18,9,981429
Trying to be,0,7,75937
-,0,1,7189
Boom l1i,2,1,429999
CCTV,25,32,8998010
CoCa1nE,2,1,500303
UNEMPLOYMENTFOREVER,3,3,92244
-,4,0,361662
HaChiu,9,6,451899
Wing of Liberty,0,1,802387
red king,4,2,742395
Raining,2,4,410787
MCS-P,0,1,48365
C O V Y,0,5,0
Free Butterfly,1,4,83282
-,1,0,30534
red king,0,1,12650
Albions Ark,0,7,26496
COALITION,0,1,0
NB FOREVER,7,2,438385
Ring of Stars,1,3,45548
F R O Z E N,6,1,326680
-,3,3,262815
-,0,3,6244
Dark Soul,0,1,34581
AAAAA,14,67,2505125
I The Flying Dutchman I,73,11,26880257
R E V O L U T I O N,2,3,5690613
All In Fighting,7,6,3160111
Mika,6,13,4277219
Forever Night,3,8,1204659
-,0,2,0
nanjingdapaidang,0,1,0
RABBIT RAIDERS,0,5,0
Meeting Stone,2,0,217270
Bretonnia,39,1,3542968
Never Regret,1,5,139931
Free Butterfly,0,2,81311
PLAC,9,9,3172261
Mammoth King,5,3,2911375
Earn money,1,0,1577009
I The Flying Dutchman I,7,5,19249977
N E R F,13,11,1127142
MINlONS,3,2,3787454
The Neighborhood,6,6,514333
-,0,1,0
SHOWTIME,3,2,275991
Evangelion,5,2,440081
SubuTai,0,4,447249
I The Flying Dutchman I,0,1,968923
War of Shawdows,1,1,61624
CasualGrinders,1,3,193150
CTRL ALT DEL,0,2,0
Rescue Station,22,4,8081748
R O S E,2,2,122520
I The Flying Dutchman I,10,4,10698935
Kingdom,8,5,1552869
-,0,1,0
-,0,1,0
ShadowArise,0,1,0
Hanguk,0,1,69782
-,1,1,30404
DOKDO,27,8,1008250
Lionheart Eventyr,0,1,0
The Neighborhood,0,3,715820
Pussi Gang 69,4,0,273900
F I K A,3,7,1317265
-,1,4,323238
VIET NAM ssm,0,1,0
The Northern Constellations,4,8,926271
Nemo Nemo,0,2,381623
BLOB,0,1,4724
-,0,1,0
MooKaJok,0,2,16099
KADAL,1,4,500877
RABBIT RAIDERS,0,1,7395
The Lonely Moan,1,2,66467
Freedom_Castle,0,3,76373
Buzztard,6,8,1847118
PLAC,4,9,11621572
ACM,0,0,101295
1Mmortal,3,6,11251364
Summers,1,6,4372680
Real ONE,6,8,3787086
RABBIT RAIDERS,0,5,47545
Sapling-MIU00,0,1,105202
I The Flying Dutchman I,61,17,17065597
Pussi Gang 69,0,8,805754
Pussi Gang 69,0,2,49960
Gank Sebelah Reborn,1,4,541584
MABAR,0,4,0
GARUDA LEGION,0,6,77733
Helios Files,0,1,0
HIRAYAH,4,5,790410
-,0,3,0
HOLIC,0,1,139416
SO EZ,0,4,105150
-,0,1,0
Snowflakes,12,13,6428078
-,7,0,2165303
Catacombs,12,11,9364693
Pierce,7,1,1352102
Noob Family,0,8,67013
THE WARRI0RS,0,0,6890
C O V Y,0,2,102375
-,0,0,11063
Another,29,16,9294873
I Slytherin I,1,0,329451
E U N O I A,2,1,27909
Skip Tutorial,0,2,127033
SHOWTIME,3,1,411891
-,2,0,1605257
TRlUMPH,2,0,131631
F A M I L Y,25,5,2459827
VN-Knights,1,0,220045
Griffin Legion,0,1,0
The Scarlet Dawn,0,2,22804
F I G U R E,28,36,16560770
-,0,0,2414
Thee Forsaken,0,1,0
-,0,1,10578
Friendly Fire Friendly,0,2,106763
Invade,7,21,11254493
Revolutional Army,0,1,2548
Meow Immortal,0,0,26542
Idochine,5,1,124924
Ironclad Concord,1,6,187335
Meerkat Assemble,0,10,1762109
RebrandShadow,0,0,4014
High Cards,2,2,114624
THE RELATION,0,1,0
Real ONE,16,15,10471746
RATS NESTT,2,2,462212
COALITION,39,26,16479983
-,2,2,1754003
SubuTai,2,5,4445373
KAKI TIGA,2,3,272695
BLU,1,1,55502
PVP With Me,1,3,403575
DlSBAND,0,3,56521
GOBLINS,1,3,895989
-,1,1,143264
Fight Or Run,2,0,309335
TAKEDA 24,0,5,110984
Frostbite Reapers,4,1,589184
RABBIT RAIDERS,0,5,446517
P U R P,3,23,2169995
Asia Merchant,1,0,40380
-,0,1,0
Vinland Saga Ganker,0,0,130
CHILIZ,16,19,27801194
PLAC,87,24,23178992
SDteam,0,2,37285
Mahasiswa Jompo,0,1,391714
AFTERMATH,3,2,114745
BRUT47 S3G,0,0,53034
-,0,1,0
War Bears,0,1,0
-,0,2,0
Pierce,0,1,0
S Y N D I C A T E S,42,25,2362462
Conscripted,0,2,985458
-,0,1,0
Endernations,8,9,623803
-,0,1,7812
MO GU,42,11,8027601
CHILIS,20,14,6736477
KEYBOARD,1,4,158540
-,1,2,447349
Battleborn,0,1,63232
-,0,0,126029
V A G A B O N D,11,9,2530941
E x c o m m u n i c a d o,0,0,96534
OneFame,0,1,42821
PSC,0,6,1288925
0-Infinity,3,11,291170
THE WARRI0RS,8,7,1252138
Invade,0,2,227349
Psz,24,31,13542573
M A R S,0,0,9306
gou8,4,0,184340
J K L,0,1,0
Freaky Fools,1,5,2253827
PSC,15,13,4734809
Sentinels Arc,0,1,29627
-,1,1,60965
ninhbinh,2,11,194666
BLACK BANDIT,0,1,0
PoopooDancers,0,1,377941
-,6,1,474732
10 My friend are coming Run,3,1,421080
MoneyHunter,0,4,76265
1Mmortal,1,6,4650221
RABBIT RAIDERS,1,0,12667
Gank Sebelah Reborn,14,6,1264890
VINA HOUSE,9,16,1336153
Hooman,2,3,204577
OP-Nakama,0,2,0
MidNight Pirates,0,0,63469
Astronauts,2,0,99771
L U M E N S,0,0,2490
I The Flying Dutchman I,34,25,13620827
-,0,1,0
AAAAA,0,6,44378
Holy Black Knights,0,2,84683
-,0,1,66139
Wysteria,1,1,2560
Tarumanagara,0,3,26359
snow forest,32,12,7829620
CHILIS,5,3,2119445
CHILIZ,33,15,10079798
PLAC,9,7,2177935
-,0,0,16632
Singosari,0,1,5345
Gank Sebelah Reborn,2,1,40968
Forever Night,1,3,348521
Use Cleanse,0,1,15871
DlSBAND,18,11,3193674
GIGAN VIII,1,3,314851
Helmet Bahini,0,2,0
LOOKOUTS,3,3,183486
NEXUS FAMILIA,0,2,33817
ETERNAL CRUSADE,0,1,0
-,0,2,0
The Blaze,0,2,0
WhiteDragons,0,1,170389
The Myth,1,0,302617
PLAC,7,5,1681814
Maleakhi Fans Club,6,0,404597
HIGH and Hungry,1,3,128863
-,0,0,13859
Slice of Life,0,1,67502
-,1,0,255868
hand of god,0,0,151978
TEMPLARS_ORDER,1,5,179847
Filibusteros,0,4,1261573
SubuTai,3,1,1368561
TAKEDA 24,0,3,1361
SideQuest,0,1,139786
Sylvan Gaia,0,1,0
Helmet Bahini,0,5,61860
-,0,1,0
xCUTIESx,6,10,1110429
Nemo Nemo,0,0,327351
HER MES,0,1,0
TAKEDA 24,2,10,246410
Kowloon Wall City,0,1,0
-,0,1,0
MIRCS,0,1,0
Batsya,0,2,4605
Yajok_Family,0,1,0
Meerkat Assemble,5,44,12668931
TomTom Where You Go Last Night,2,0,502289
NGOVA NGARE,0,1,0
eRa Empire,10,14,942720
Meerkat Assemble,30,19,9544819
KaLaewKaLad,3,1,990031
Real ONE,24,8,6931730
After Cleric,15,1,2253229
Trail mix,0,0,25957
-,0,1,0
-,0,4,99665
Noob Family,0,1,0
Nowhere To Run,3,1,77121
RexRegumQueon,0,1,33838
AFTERMATH,0,3,119877
NUMEROS,3,1,113262
GIGAN VIII,2,1,346424
-,1,2,65121
POOPII,0,0,16089
Dread,0,3,296371
-,6,2,1957161
Rat Only Rat,0,0,8354
Real ONE,41,5,10730297
KaLaewKaLad,18,13,5295235
Empyreus,0,1,103375
Meowfia,9,25,8393149
-,0,7,142408
solo bolero,19,37,3866159
SO EZ,5,18,4394259
Echo of One,4,12,1318216
Meeting Stone,3,0,608680
Czendicate,0,5,318797
PSYKOPATH,3,3,209487
-,10,6,698038
Civic,0,1,0
MORO,1,2,157739
Kush,1,1,31016
V1OLET,0,3,131455
-,1,0,138728
booz party,3,3,95852
KongFu PanDa,4,8,2717335
The Elders Pact,6,7,260638
TAKEDA 24,0,1,21690
-,0,1,0
Invade,0,17,3489546
BIG DENGAS,0,0,17335
DeSaiko,0,1,0
Speed Run,8,5,418459
B-E-L-A-T-squad,2,3,1295068
Helios Phoenix,29,4,2560402
Wysteria,2,7,3636063
LaiFaNongDer,0,1,1117896
eRa Empire,0,0,296925
Speed Check,0,1,6066
-,0,1,0
SLAF,0,2,0
Meeting Stone,16,5,5535292
-,0,1,0
A N I T O,1,0,30417
Strange Journey,2,3,840077
Empyreus,0,3,133329
Western Paradise,40,35,9464905
bosaBOSS,0,1,242821
Rescue Station,14,19,7377755
WhiteSuits,0,1,0
PSC,1,3,78375
HappyDay,11,16,3322232
I The Flying Dutchman I,0,0,601442
-,0,4,259237
Wicked Croc,2,1,23435
Oblivions Call,0,1,0
Green Knights,0,1,0
SUON PH,0,1,0
Black Sails,9,4,449915
MINlONS,14,5,5162720
Invade,2,20,2982566
H Y P E R T E N S I O N,4,5,741218
-,2,1,26455
Warrior Exile,0,0,109297
Hymn of Valor,0,2,55936
V1OLET,19,16,2659466
legionaires,0,1,0
MoneyHunter,2,8,171611
cat and rat,1,0,81156
All Rise,2,3,87842
The Lonely Moan,10,7,2477608
The Paradox,0,0,48681
octugram,1,1,120822
SHOW GUYS,2,11,653361
-,5,6,438982
C O V Y,0,4,23026
ENDANGERED,47,30,6626836
AK-47,6,24,1382907
MO GU,1,1,660471
snow forest,0,0,297548
Lex Talionis,3,5,495462
Dou bao,56,13,13652122
Boar Army,35,18,9922872
new boombap,10,2,1808872
Meow x Meow,7,11,986220
The Scarlet Dawn,2,2,66933
0-Infinity,0,2,41233
Anteikuu,0,1,0
-,0,1,11421
-,0,1,0
CHILIS,1,1,21873
BLOB,3,4,86673
The Black Banner,4,13,633263
Dread,0,2,43259
LUVIMIN,3,1,105096
not cute anymore,0,0,489978
Suger Babies,0,2,17892
18jack-CREW,3,1,113247
An Guild,6,2,763461
-,0,1,70057
Whispering Deer,0,0,67672
UNITED THETFORD,0,1,530593
CCTV,4,1,1650432
ALAS KWATRO,3,0,363902
Ordo Musaceae,1,5,250802
Meow Immortal,1,3,805215
H Y P E R T E N S I O N,1,34,3228260
BEAR HUG,0,1,0
-,0,1,0
Real ONE,8,20,15021386
After Cleric,3,2,1845427
Jia Nan,1,11,918578
Green Knights,3,5,426396
WhiteSuits,3,3,216863
KUMA,6,3,446588
Judy no go Cindy no come,5,0,449189
1Mmortal,0,0,226093
Clap Me Daddy,3,1,94649
-,0,1,155021
Ordo Musaceae,0,1,84444
-,2,2,1100613
Blue Phoenix,0,1,0
-,0,1,206045
Dworf,0,0,64353
I The Flying Dutchman I,9,14,6835634
Tweaking4OC,2,1,339797
-,0,1,0
CoCa1nE,19,13,3021528
Conscripted,7,9,13799663
Kucubung Effect,0,0,71643
Speed Run,0,1,0
-,2,0,139636
KPA,15,1,605615
Chikipi,45,37,14952233
Enterprises,0,1,1044643
COALITION,5,19,1577400
G A I J I N,0,4,372245
Sentinels Arc,0,0,1080
-,0,0,39803
F I G U R E,7,10,2286926
Cash Order,0,2,0
Meerkat Assemble,11,4,2335096
-,0,1,0
South PH,0,1,20611
MoFuMoFu HEAVEN,6,2,232062
Spero Spera,0,0,238697
pig bank,0,1,0
BeasTDaK,27,13,6343517
A p os t l e s,2,23,3651098
All Rise,2,20,5938130
Blue Phoenix,8,2,527824
AFTERMATH,0,0,167108
Invade,4,5,1776471
GARUDA,0,2,436067
NIC3,0,1,1590
A X E,1,3,170139
RABBIT RAIDERS,0,3,16694
MIKE TEA,2,2,784754
BeasTDaK,0,0,18212
Chien Than Academia,0,1,76817
BeasTDaK,1,8,5903011
YangPaiXiaKiller,1,1,851271
Circus,0,0,83054
BEAST BABY,0,3,91818
God_Of_War,0,15,548055
FLOPIT,0,1,51140
-,1,2,82149
Aetherion Order,1,3,67913
Ordo Musaceae,0,1,27246
R O S E,0,1,1418468
Bretonnia,0,1,0
Kamusari,0,1,171149
HIRAYAH,0,1,0
-,0,0,102739
The Black Banner,0,2,188066
Meerkat Assemble,2,0,2070161
Crusaders of the North,3,7,336237
-,0,1,0
WhiteSuits,7,6,1724038
K U R O M I,0,1,0
-,1,1,195091
Singosari,92,25,7904392
RecaII,0,1,0
BLOB,0,1,97006
The_APEX,0,8,0
Harmonia Eternity,3,2,48153
AVA,0,1,0
xxSOLVANE xx,3,1,97378
Speed Check,27,16,3077679
itinerary,3,6,273966
The Wardens,3,1,83056
RATS NESTT,175,30,74449780
Green Knights,4,4,280206
Stray Socks,48,30,2579869
Kids On The Move,0,1,354324
MINlONS,2,21,8097458
GOBLINS,3,0,1193384
TGIF,35,18,10804291
Coup de grace,0,0,1910
Pierce,1,1,215448
Invade,2,6,2427026
Phantom Legion,0,4,143440
Real ONE,14,25,11129065
-,1,0,83373
Ping300,0,0,5892
-,0,1,90104
God_Of_War,6,5,1390465
Endernations,0,1,89782
itinerary,3,2,27112
An Guild,1,0,88361
Myanmar burma,2,9,88560
Freaky Fools,5,4,450405
Nemo Nemo,1,3,392531
R O S E,2,6,1828381
F A M I L Y,2,0,640288
Buzztard,11,15,2903710
-,0,2,0
mechanical,2,4,475649
F I K A,0,0,3750
TRlUMPH,1,11,1166999
Meowfia,48,16,8015049
The Scarlet Dawn,0,1,0
Once Upon a Time,0,2,0
-,0,1,0
PalaceGUARD,4,6,2440672
good bomb,20,2,3016945
Scythes Area,0,1,0
-,0,0,3631
Wysteria,52,25,8913911
KingdomOfJesusChrist,0,3,1910
-,0,1,5071
Rescue Station,1,5,91208
ALAS KWATRO,0,1,81230
-,0,0,17428
MAFIA ZONE,2,9,354084
Wavei,1,1,39315
Black Sails,1,1,423604
VINA HOUSE,6,17,1701226
-,0,1,39168
NoobGaming_YT,0,1,0
Demon Fang,5,5,380355
-,0,1,27617
-,0,1,0
Nomadz,0,3,5377
JiangHu,1,0,94746
THE DAILY CHILL,0,1,45830
Wicked Croc,1,1,74532
GIGAN VIII,4,1,496156
ACM,0,0,317771
NULL,1,0,11049
Astartes,0,1,15372
Jia Nan,0,6,153566
TRlUMPH,0,3,431174
Ridiculous Artists,2,3,965823
Forever Night,0,1,0
Meerkat Assemble,8,9,3990666
SubuTai,0,3,189761
DOJO,2,10,1412828
Judy no go Cindy no come,1,0,36388
The Neighborhood,0,0,63836
CHILIZ,17,47,34647512
Onely,0,3,0
KongFu PanDa,36,26,10069932
PKZ,1,2,91215
Husky Empire,0,1,0
Ping300,8,15,4133557
CRIMSON CONCLAVE,0,1,49000
Heart of Thetford,1,4,17845
-,0,4,8499
PoopooDancers,2,11,1779821
-,0,0,12110
B-E-L-A-T-squad,2,6,108367
Filibusteros,0,6,2995822
Mika,11,7,2323249
Hei Hitler,4,1,666811
All Rise,4,0,337794
-,0,0,22815
CoCa1nE,3,6,765685
God of Caerleon,1,0,125773
GIGAN VIII,1,7,1026893
Secret House,0,3,0
I The Flying Dutchman I,15,12,4445068
PSC,17,4,6885837
Future Party,18,4,4360495
Helios Phoenix,0,3,988799
High Cards,9,4,456284
BeasTDaK,6,10,1777146
-,2,0,273929
CHILIZ,9,4,2768031
CHILIS,8,15,4750104
busibuxiu,1,0,3753
LEVELING,19,33,4195169
AK-74,1,0,26668
Griffin Empire,0,7,920416
SAIYAN,4,3,147702
hua,1,5,14833
DOKDO,0,4,573285
Boar Army,0,2,52866
KUMA,14,2,900304
-,0,1,0
BeasTDaK,2,3,5925897
-,0,3,7558
S U P K A I,2,0,965709
Once Upon a Time,0,0,251278
KongFu PanDa,50,33,12801209
Dou bao,0,1,380432
Dark Soul,1,5,383186
KuromiO3O,6,15,2907009
Free Butterfly,0,4,65869
Frostbite Reapers,2,3,212476
-,0,0,60053
R E V E R I E,1,2,154081
CHILIS,8,4,1725467
All Rise,4,1,1093742
CHILIZ,20,21,5296763
HappyDay,2,3,69397
MO GU,16,21,3410909
Z GEN,10,20,2200225
-,0,1,0
Western Paradise,6,27,14493281
VN-Knights,3,2,197145
CHILIS,5,9,2979048
CHILIZ,39,32,20765594
cat and rat,0,1,54253
C O V Y,1,3,92758
Children Of The Dragon,0,1,173950
HuaDaBin,22,15,6369233
GuGu GaGa,3,2,28056
MIKE TEA,0,0,114884
G U I L D,0,0,1513
Sequence,11,4,523383
MoneyMoneyComeOn,8,6,1782657
-,0,1,114308
321 Demass,0,11,269723
GIGAN VIII,2,8,1091571
Buccaneer,1,1,113582
NO_OC,0,1,51146
China,0,20,10104481
VINA HOUSE,0,1,152291
-,1,0,210356
Wavei,5,0,206744
Griffin Empire,1,7,2773187
Lucky Fools,1,1,23117
CHANG,0,1,0
Griffin Empire,0,3,0
F A M I L Y,4,3,503220
Bank of Avalon,0,1,42411
Griffin Empire,6,1,2849489
PLAC,0,4,8479065
CHILIS,0,6,10815579
South PH,0,1,115186
Wysteria,9,7,4058615
DEATH PARADE,1,0,6543
1994,2,12,8030977
Meowfia,22,12,4848850
Asia Vanilla,0,1,0
WINDPhoenix,0,2,0
Free Butterfly,12,16,1604913
F I K A,2,5,1878603
Coup de grace,5,2,932388
7FALL,0,0,43589
Aetherium,6,15,1073637
BeasTDaK,2,1,394565
Enjoyers Legacy,0,1,0
-,2,0,294431
All The Villains,85,47,16898187
Noctera,0,1,0
-,0,2,8446
Chikipi,2,36,15641322
Arcanes,0,1,0
RABBIT RAIDERS,0,0,221507
Critical Impact,5,6,285154
BeasTDaK,10,12,2986876
Meerkat Assemble,0,13,1884862
MIKE TEA,1,0,170504
-,0,0,41482
TUNNIYOM,1,1,361138
-,0,1,0
TEMPLARS_ORDER,1,4,171571
-,0,3,6379
The Elders Pact,0,2,5570
The Northern Constellations,0,1,120283
eRa Empire,1,10,442576
Griffin Empire,3,5,2023613
Midnight Rose,0,9,4500
N Y X,0,2,11455
H G,3,1,245708
CTRL ALT DEL,0,1,0
-,0,1,2574
Pierce,2,10,2675805
QUILL,0,2,99712
MINlONS,0,5,3369007
VN1945,0,1,5883
Undead Village,0,0,22131
The Boyz,2,12,1671892
CapybarAAAA,0,1,0
Clumsy Heroes,0,1,0
Rescue Station,51,16,17435475
I The Flying Dutchman I,42,15,20304207
F A M I L Y,4,3,1561300
-,1,1,56070
UNITED THETFORD,0,1,0
THE WARRI0RS,0,2,302579
I The Flying Dutchman I,28,7,15792971
The Wardens,0,1,7716
-,1,0,43718
JugGerNaut,1,1,186041
Chowking,0,1,2430
ampar ampar pisang,1,0,56846
-,0,0,39282
Sapling-MIU00,4,2,181280
H G,3,1,209090
Meerkat Assemble,87,70,24400837
B L A C K P E A R L,0,1,39662
TEAM_MEMOL,13,8,1796911
Yellow Zone Kings,0,0,5187
-,12,5,1499480
Pierce,19,11,2276896
Coup de grace,3,1,445393
All Rise,1,2,606604
mechanical,3,0,68599
Stellar Alliance,3,0,229919
Freaky Fools,4,0,1205601
PalaceGUARD,5,33,7655376
The Myth,10,19,2914695
Fish Mercenary,1,11,303124
Arikanami,4,6,882717
ONG BUT,4,4,623177
-,0,1,41961
D R E A D W A T C H,0,1,0
V A G A B O N D,22,5,8711879
1Mmortal,37,42,26649882
HappyDay,0,4,738899
Sapling-MIU00,0,1,105202
World BOSS,1,2,207937
DOJO,8,2,1256114
Free Butterfly,0,2,0
Finish,0,1,13571
Bapack2,0,2,20668
CATHEDRAL OF RAT,0,2,148210
K A L A N S A Y,1,4,105316
-,0,7,26573
F I K A,4,0,667277
Cordons Kittens,0,1,20382
HellgatekING,14,7,623450
THE WEEKEND DAY,36,11,2078492
Driffter,0,5,19172
Nugget,0,1,52803
-,0,0,206607
Kasanova,7,9,862741
Another,2,5,3806720
Menhera,0,1,1792231
-,0,2,100255
Poiuytrewq,0,1,0
R E V E R I E,6,7,1257384
-,0,1,0
Dragon Crazy DxD,0,1,0
Griffin Empire,12,13,3712764
Sunset,0,13,1827464
Judy no go Cindy no come,0,2,596062
CHILIS,7,6,4494329
Shu Shan,0,4,846246
P U R G E,19,1,2967388
MO GU,4,4,1244267
Ikatan Pemuda Fortsterling,0,1,0
-,0,1,0
CHILIZ,4,25,2464777
CHILIS,0,5,2071531
After Cleric,15,4,2952071
Chikipi,1,1,240
PeOdy,0,0,5625
Tamilaga Vettri Kazhagam,1,0,78389
Scavengers0,1,0,5462
Sterling Eagles,1,3,22513
GASKAN,0,3,0
Tralala,0,4,229419
RESPECTED FAMILY,0,1,7923
-,0,0,5818
Silverhand of Fort Sterling,0,1,5437
HAMSHTER,1,0,172213
BlueOwl,0,1,71415
RABBIT RAIDERS,1,1,175201
Vaneronians,0,0,20627
-,0,0,11720
Fire Boys,4,1,251283
10 My friend are coming Run,2,20,519663
Invade,21,7,14579779
CHILIS,37,27,20963923
High Cards,0,1,0
Samsara,0,1,0
-,0,1,0
Titan Blaze,0,1,57789
The Creator,1,0,32611
All Rise,0,6,1847496
Western Paradise,2,45,9624350
-,0,0,3989
F I K A,0,10,1040789
V A G A B O N D,60,27,7330088
Battleborn,0,3,0
ALIVE,0,8,65586
H G,0,5,320350
Skip Tutorial,0,2,0
Aetherion Order,0,0,2258
Marlotck In Heart,0,3,100542
-,5,12,713283
Warhammer Defense Core,0,1,0
Boar Army,0,1,200118
I The Flying Dutchman I,1,0,352426
Noctera,3,8,1299474
MAX VERSTAPPEN,35,7,2150564
Laughing Boulevard,3,2,700920
-,0,0,154971
HIRAYAH,18,20,2267073
-,0,1,0
F A M I L Y,24,30,13371839
APS,4,1,285671
Mika,6,16,4073773
-,0,1,0
Midnight Rose,0,2,13451
Critical Impact,0,2,62409
Sentinels Arc,3,3,432698
F A M I L Y,3,2,233781
Second Fear,4,1,452942
SO EZ,1,1,47403
-,1,0,16773
NemDaGiauCut,0,1,4040
VietNameseSocialist,0,2,0
B L A C K P E A R L,2,2,334230
Conscripted,6,7,3264731
Free Butterfly,1,2,32262
MoFuMoFu HEAVEN,0,1,0
Warhammer Defense Core,0,5,67492
Noob Family,0,0,19275
MoneyMoneyComeOn,0,1,86033
All Rise,1,2,118811
MO GU,80,24,15552521
Z GEN,4,2,611239
God_Of_War,3,21,3700243
Kunfayakun,0,1,2259
-,0,2,0
CRIMSON CONCLAVE,3,7,120952
One More Times,0,2,13548
Meow Immortal,1,5,569495
AK-47,2,5,679956
The Last Human,2,1,59005
TEAM_MEMOL,7,7,624412
KnightfaII,18,9,2490131
R O S E,34,16,6058120
SAIYAN,1,1,224166
CHILIS,1,4,1579303
CHILIZ,12,7,2070171
RABBIT RAIDERS,18,15,1704209
BeasTDaK,4,3,1629116
Sentinels Arc,0,4,212204
-,0,3,0
Avalonian Templars,0,1,11387
KRAVENIX,0,3,0
Primordial of Black,0,0,3855
The Undead Angels,0,0,1582
The Neighborhood,10,11,596524
SLAF,1,2,14820
CHILIS,5,3,548500
BeasTDaK,36,24,12816993
R O O K I E S,7,2,638635
POOPII,1,1,16089
Spero Spera,0,0,24062
Speed Check,27,10,2572220
-,0,15,0
Reworld,0,2,184199
QuQnnTATnnOvO,3,15,1494605
MoFuMoFu HEAVEN,0,1,73675
RABBIT RAIDERS,0,1,30495
Dreamweavers,0,3,32769
itinerary,3,4,296504
Tree_Of_ Faith,0,3,143407
The REVENGERS,0,0,107162
Idle Roaming,0,1,2734
-,0,1,2334
Eastern Paradise,0,2,59926
PPV,0,0,64763
-,0,2,1698
PUMPIM,0,4,119437
CHILIZ,5,51,9580182
I The Flying Dutchman I,0,0,1031060
Hanguk,0,0,69782
DOKDO,7,2,1005127
Fenr,0,3,1027172
The Neighborhood,1,0,579426
High Cards,0,2,34269
Buzztard,0,3,129326
Council Of Haru Urara,0,1,29344
TROLLS,0,4,58221
-,0,0,22527
The Myth,0,4,505823
PayPal,0,0,25740
Battleborn,0,0,357631
Sequence,0,2,179290
R E V E R I E,0,1,444750
Rising Stars,0,0,15183
F I K A,18,11,3617805
Blue Phoenix,4,5,819352
-,2,11,123577
Conscripted,8,20,12872063
SideQuest,5,8,6283908
CHILIS,2,3,2941393
H Y P E R T E N S I O N,6,5,667845
Raining,0,1,59429
-,0,0,25248
MANIFEST,0,1,0
-,2,0,45183
Dino Jelly,0,5,733147
TheGreyKnight,0,4,0
-,0,1,0
JARERNs,10,2,770236
God_Of_War,2,0,286451
CHILIS,3,5,4411009
CHILIZ,4,8,3113389
Buccaneer,0,0,197699
SideQuest,0,1,564108
MALIGNANT,0,3,1705349
PalaceGUARD,0,3,10628
Phosphorescent Flame,137,6,10447789
Rescue Station,10,10,3106130
Garden babys,0,3,297839
DragonWorld,0,6,107831
Buzztard,1,4,980013
Dworf,41,14,5711718
AFTERMATH,7,1,278090
BLOB,0,3,166519
Conscripted,2,3,3236302
Invade,0,6,1714872
good bomb,36,6,8179650
Meerkat Assemble,3,1,473714
BLOB,2,3,211183
RecaII,0,1,0
Mochi Kingdom,1,4,75695
Topspire,0,1,0
TRlUMPH,5,7,604843
SubuTai,3,1,1036300
GIGAN VIII,1,7,1835036
DlSBAND,3,7,3570632
-,1,0,292464
MAX VERSTAPPEN,60,19,5958972
GuGu GaGa,0,0,0
Hong Xing,0,6,223936
Azurel,0,6,1414663
R E V O L U T I O N,4,1,247693
B E A R S,0,0,48945
DOKDO,8,4,1042537
Invade,2,0,213436
Griffin Empire,0,0,104165
Fenr,3,5,1187227
The REVENGERS,1,2,17507
Honey badger,1,4,99754
VIET NAM ssm,0,1,0
Empyreus,4,5,594259
Friendly PVE,1,3,727320
BeasTDaK,0,2,413813
All Rise,24,22,4223619
-,0,1,0
TiGiGi,0,0,9420
-,0,1,0
Meeting Stone,14,21,6863801
ONE DRAGON,0,1,0
MAFIA ZONE,0,3,0
GIGAN VIII,1,0,145011
-,0,0,1688
TEN4CITY,2,2,497446
Forever Night,4,6,1650872
Real ONE,0,3,4706193
Fenr,1,3,1447579
R O S E,15,9,2660680
-,0,1,2026
Red Paw Gang,0,2,50136
AZKALZ,0,2,39202
Invade,0,0,853181
Invade,19,5,5321597
ORANG JAWA,0,1,0
NEVERLUS,1,5,103559
Bapack2,0,0,31936
Gathering FARM,0,4,1054
Creation Camp,0,0,6310
Kunfayakun,0,1,319282
Invade,0,3,1444242
All Rise,0,30,13540299
-,0,0,36488
PSI Partai Solidaritas Indo,2,6,256606
-,0,1,0
Singosari,1,17,1472562
DNS,2,1,35568
S D G,16,27,888722
Boar Army,28,15,11086926
Minerva-X,3,1,1354713
-,1,0,685960
Gold Pigs,0,1,70845
PLAC,0,0,78389
The Boyz,3,1,313262
REDEMPTION CODE,9,6,660510
DNS,2,11,261397
Another,3,0,349904
THE RELATION,4,2,181188
Mika,12,6,2804668
-,0,0,60050
Forever Night,0,1,292164
A p os t l e s,3,3,1872585
Morvayne,0,1,31014
A Brave Man,31,23,11012106
snow forest,1,0,269035
I The Flying Dutchman I,30,8,15849061
Meerkat Assemble,8,15,10508294
Ocean Waves,0,0,1866
Marlotck In Heart,0,1,10193
Sea Lion Victims,31,6,7261344
MORO,0,3,241119
RYLs,0,5,35961
Real ONE,1,2,1735915
CHILIZ,26,22,18293570
SAINT ULTIMA,8,11,185470
Civic,10,2,539517
Frostbite Reapers,37,6,2949247
-,0,0,41194
Spider GangZzzzz,0,1,0
MIKE TEA,0,2,90472
LightWeightBby,9,2,831107
Meow Immortal,9,9,830658
TW-Club,0,1,2358
Earn money,42,5,7528923
Mercenary Guild pro Max,0,1,0
ACM,34,24,6978687
itinerary,1,5,54638
CHILIS,6,15,13324850
ERASE,0,0,134195
CHILIZ,2,1,2726250
High Cards,0,5,29559
-,0,14,491957
KPA,1,5,97460
Atlanta,1,1,724454
Imperion,0,2,6952
The Loot Goblins,14,0,702633
P U R G E,3,5,323557
Spero Spera,1,4,123450
Crazybabys,1,0,149918
MoneyHunter,0,3,15552
SOLAR BENEDICTION,0,1,16197
1Mmortal,12,4,1817319
HYHF,0,2,26298
Kunfayakun,2,6,297881
Children Of The Dragon,1,5,4324295
HHGS Island,1,0,345464
Meow Immortal,9,8,2973653
The Goat,0,0,125805
Peng Lai Xian Jing,13,33,1997462
Nzzz,2,13,416395
-,0,2,325797
Gondor,9,10,949451
A you ok,0,4,0
World BOSS,8,7,862219
-,0,3,12908
CHILIS,0,15,4444925
Critical Impact,0,4,239091
RABBIT RAIDERS,0,2,153178
MoneyHunter,2,3,145428
-,1,9,175409
T O K Y O,0,3,12751
KATANA,0,5,60627
WhiteSuits,6,12,1133342
Posko099,0,0,5772
-,2,11,585055
CapybarAAAA,1,2,86572
-,2,1,28419
ACM,46,28,16061017
Next Miracle,0,4,90578
Garden babys,1,4,626397
God_Of_War,1,3,629800
A X E,1,7,456563
-,0,0,13644
Dread,0,10,4858149
PLAC,2,22,8997784
Boar Army,6,6,1344215
Old Singularity,1,0,200717
Bretonnia,12,14,5766431
The Fide Blood,18,5,2429038
PLAC,2,1,1392662
AAAAA,5,24,810775
Another,0,0,395655
9INE,65,16,10921214
Crusader Kings,29,27,7362406
TanTamDai,0,0,22235
-,0,1,0
evildoer,0,0,72765
Big mom,0,1,0
POPMee,1,6,148867
POOPII,12,12,1560649
-,1,1,49812
POOPII,5,2,197238
KAI RUY,0,0,11849
H Y P E R T E N S I O N,0,18,741068
-,1,0,143538
GARUDA,0,3,64279
-,2,0,68689
PLAC,1,6,6834932
CHILIS,1,12,16096021
The Lonely Moan,7,6,936979
God_Of_War,0,1,15194
xCUTIESx,9,19,931841
Laughing Boulevard,18,15,6379239
CRACKER,0,15,521544
Ayutthaya Warhost,0,1,0
A p os t l e s,0,1,58180
-,0,1,10826
all human,1,1,97529
Flame Martyrs,0,1,37585
The swallow,2,6,1168628
AAAAA,13,23,1713568
Boar Army,7,36,6942153
Old Singularity,2,3,41694
F R O Z E N,0,2,412839
Dark Looters,10,5,426502
DuDuBuBu,0,2,0
SDteam,0,1,1227
ACM,9,21,6558747
BLACK BANDIT,9,11,775023
nekomi_home,0,1,0
The Fide Blood,39,20,11698174
Peony Flower,0,5,1215865
PLAC,0,21,12561006
From Zero,1,1,88480
K A L A N S A Y,1,1,44721
-,0,2,52792
Midnight Rose,1,3,123130
KaLaewKaLad,5,1,218888
-,0,1,982
Nomadz,0,1,18946
Eternal Catastrophe,0,1,0
NULL,7,8,3512973
ScarletValkyries,1,1,2022
CHILIS,2,4,4754935
CHILIZ,1,7,3415104
Helios Phoenix,13,12,6875586
CCTV,77,16,15623758
snow forest,45,18,13051412
SideQuest,4,2,738679
Real ONE,0,5,3314932
Driffter,2,1,89904
CHILIS,0,1,3144144
CHILIZ,0,2,1683133
-,0,1,0
Knights of the Black Dragon,0,2,0
-,0,0,80494
Fire Boys,1,0,964754
SHOWTIME,5,8,659037
H A R I B O N,0,0,23175
Coup de grace,0,5,1310125
M 0 N K EE,1,9,207742
-,0,0,85047
REDEMPTION CODE,0,2,10608
-,0,1,50749
-,2,1,157704
P U R G E,3,3,1999227
GOD EATER,1,12,954929
Forever Night,0,10,1229381
-,0,3,4918
-,1,0,25596
New_World_Order,2,8,151360
SAIYAN,28,5,682077
-,0,0,37938
Blue Phoenix,0,0,10590
Real ONE,0,4,2410667
RecaII,0,1,73961
Black Mist,0,0,66499
-,0,0,47246
-,0,2,984
all pve,3,1,387629
Ring of Stars,1,2,7305
Understand,3,7,1135571
NGAWI RAMAH,0,1,0
-,0,2,0
HAMSHTER,0,2,0
Empyreus,0,1,19999
BLOOD OMEN,2,1,59187
1Mmortal,8,28,14457997
HappyDay,0,2,238788
Sorodot Gaplok,0,0,4814
Kunfayakun,0,0,28033
Kendan,8,7,668663
Elimination,1,4,49650
RESPECTED FAMILY,1,1,70621
-,0,1,0
-,0,1,0
itinerary,1,1,55740
Minerva-X,0,5,385172
BangCuopLuongSon,4,4,161712
1Mmortal,97,37,31719678
HappyDay,1,0,1207196
Sigma Man,5,8,425572
-,0,3,0
Wysteria,1,4,548065
Minerva-X,0,16,2856997
CAIB,0,3,50633
-,0,0,894020
-,0,1,0
HappyDay,0,0,2810
-,0,1,0
The swallow,9,15,2891518
FATE-Excalibur,0,6,195758
YIBAMBE STRONG,0,1,70690
SHADOW__GARDEN,0,0,8307
United Royal Knight,0,0,5102
Meerkat Assemble,3,23,10828897
Sigma Man,0,1,0
Karmic,1,5,1498417
Kingdom,0,4,845195
H Y P E R T E N S I O N,30,13,2909290
-,0,0,22963
-,1,3,48114
Asia Merchant,0,0,13911
Viruz,1,4,13304
Borrow,0,3,27913
Torpedos,1,3,12649
ENGAGE ON ME,0,0,48197
Crush,0,0,119500
BLACK BANDIT,1,5,268390
GUILLOTINE,3,0,501470
RebrandShadow,1,1,6283
Ender Clover,6,16,494963
-,1,0,18340
Ala,1,1,31370
Conscripted,0,1,2213632
Avalons Gangsta,1,6,232431
NO_OC,2,4,154617
-,3,2,238142
P U R G E,1,1,323755
FLOPIT,0,4,35615
-,0,0,26055
BeasTDaK,0,0,881666
Pierce,0,1,216372
Epstein island,0,2,1526
REDEMPTION CODE,1,2,25632
-,0,1,0
-,6,3,1447229
I Check Mate I,1,1,27804
Real ONE,6,3,2064238
DOMO,0,2,0
GOBLINS,17,3,3095481
TAXI,1,5,216657
HappyDay,0,5,2218223
1Mmortal,2,32,19237322
-,0,1,0
BeasTDaK,19,7,3377186
Singosari,1,2,33390
Singosari,0,2,23357
FxxK,2,7,808980
LANCASTER,0,1,0
good bomb,0,3,1057576
Freaky Fools,0,2,624
Red Circle,10,37,3384887
THE WARRI0RS,3,1,191055
GIGAN VIII,0,1,0
Shadowborn Syndicate,1,4,142378
Chosen Few,0,3,204325
Ascensum,0,4,192270
-,0,1,93751
0-Infinity,0,2,0
I The Flying Dutchman I,1,4,5185084
Meerkat Assemble,0,0,278283
E x c o m m u n i c a d o,2,2,72250
-,0,0,3526
Psz,1,2,865387
Pig Nose,0,1,0
Chosen Few,0,0,12306
CHILIS,3,13,14751015
Township Angel,0,1,20260
Wing of Liberty,0,1,68610
Team Soul,1,1,185182
GrandRey,0,1,0
HappyDay,1,1,167656
Future Party,0,4,2558014
Soop,0,5,269541
Wing of Liberty,5,13,706903
-,0,1,0
Masked Bandits,1,1,467658
-,0,1,5236
Wicked Croc,0,1,10998
-,1,1,66731
Beavers,4,8,4793148
Invade,1,12,2049502
Coup de grace,0,1,143442
All Rise,0,32,10857344
MooMoo,1,1,729408
MCS-P,0,0,325377
Chikipi,19,17,6563440
SubuTai,0,3,1397852
Beavers,55,26,22959364
Fake engage,0,1,83170
-,1,2,494105
MO GU,0,4,985282
VINA HOUSE,2,7,433867
HIRAYAH,3,21,1629896
Helios Phoenix,10,17,4025049
P U R G E,4,0,1822267
V A G A B O N D,1,3,307144
KaNaNuTho,1,1,10096
Real Man,58,31,11599669
LOHJNAWE,2,13,304873
NewNew Young,0,2,36643
The swallow,56,18,6042433
PLAC,4,20,4385457
Earn money,2,0,3302591
-,0,0,2967
-,1,0,405902
CRACKER,1,0,216632
A Brave Man,2,0,1343989
BeasTDaK,5,6,2041178
CHILIZ,46,12,32972096
F R O Z E N,0,1,0
PSC,0,0,114310
nanjingdapaidang,0,1,0
nanjingdapaidang,0,8,49209
Peaky Blinder,1,2,76896
Red Circle,2,6,692768
Gold Pigs,0,0,76341
Crusader Kings,17,7,2190158
All Rise,8,11,5212265
-,0,3,14257
Western Paradise,5,25,7555543
Minerva-X,1,2,321416
Walter,0,1,77052
-,0,2,0
WhiteSuits,1,23,2080960
CHILIZ,43,16,11964967
CHILIS,12,10,7075350
-,1,4,22002
seek destroy 69,0,13,55819
Creation Camp,0,1,39155
-,0,1,0
-,1,0,78399
-,0,2,55014
Coup de grace,0,2,284818
SBNFC,0,0,132637
Meerkat Assemble,3,6,593115
Forever Night,1,0,223174
PLAC,10,12,2990999
Sapling-MIU00,0,0,39197
PLAC,0,11,4029072
AZKALZ,0,1,0
THEMERCENARY,2,10,1174065
Reaction,15,9,3643530
RebrandShadow,0,2,0
GUILLOTINE,2,1,1863621
TAKEDA 24,0,1,0
Fight Or Run,1,0,246857
TAKEDA 24,0,4,40419
-,0,2,3070
Dreamweavers,0,0,11595
Congregation,1,7,168539
Kingdom,0,5,192753
-,0,1,0
THE LEGENDARY,1,2,30343
P U F F,0,1,1445
-,0,1,0
ORION SCOURGE,0,1,0
-,1,0,155115
Buccaneer,0,1,41117
MALIGNANT,8,10,3881518
S D G,0,1,0
Free Butterfly,4,2,322041
-,0,3,0
Manhattan Ape Gang,5,6,936484
Allahu Akbarrr,12,12,2815765
Nemo Nemo,2,6,2250066
SDteam,5,1,382447
BackFire_Albion,0,1,61928
BackFire_Albion,0,0,4320
BackFire_Albion,0,0,61928
Masked Bandits,2,0,112461
dx farm,0,1,0
C O V Y,0,1,0
Old Man,4,3,326795
Pristine,0,0,27996
LUPAC,3,2,1007200
NobleBloodline,0,1,101143
-,2,1,186276
V A G A B O N D,32,17,3691766
CAOTAIBANZI,2,0,8635
Westside,0,1,0
Seven Hill,0,2,220768
GOBLINS,0,3,236002
9INE,0,2,4546
-,1,2,36333
Farm Or Die,7,3,569937
RABBIT RAIDERS,13,15,2074984
Mika,0,2,97748
DOKDO,2,5,503887
NULL,0,1,806342
Conscripted,8,6,5818150
Real ONE,11,2,7901171
Technique,2,0,48286
-,0,2,1992
SHOWTIME,0,4,1302905
GIGAN VIII,0,5,351566
-,10,18,1196399
B L A C K P E A R L,0,4,145139
BLOB,11,6,1136936
Understand,4,0,210207
AAAAA,31,15,948503
-,0,1,0
Kingdom,2,3,185754
Big mom,13,17,8703542
TGIF,6,8,5036078
GOBLINS,8,9,5208176
BeasTDaK,33,18,7660945
K R U N G S R I,2,2,113653
Trying to be,0,1,0
Liberty World,0,2,5444
-,10,5,415590
Ordo Musaceae,3,0,118388
Earn money,6,3,2133494
The_APEX,0,2,128381
The Boyz,12,19,2543357
Forever Night,0,0,53096
R O S E,28,16,4854797
-,0,2,0
H Y P E R T E N S I O N,2,1,209765
Wysteria,3,5,193345
cat and rat,0,1,0
Stellar Alliance,0,4,61543
Real Man,45,26,9337611
PLAC,3,9,8455446
MO GU,1,1,2616578
MooMoo,8,4,3443257
PLAC,1,2,520324
Hong Xing,0,0,106129
Solo-King,8,6,3002475
-,0,0,34892
Mystical Knights,0,2,0
O U T L A W,0,3,88667
Invade,4,0,433002
B L A C K P E A R L,0,4,25082
Western Paradise,1,2,115866
Future Party,25,25,16816078
The Northern Lands,3,2,83133
Only AFK,0,1,35984
Minerva-X,36,27,12302453
-,0,2,0
Endernations,2,2,119009
R O S E,3,8,1002043
bronze5,16,1,1942473
Chikipi,54,30,26070354
RABBIT RAIDERS,4,7,1544313
Pierce,2,6,781563
Invade,6,10,582716
Speed Check,53,10,2568210
AFTERMATH,0,2,181063
CoCa1nE,13,5,1266685
D R E A D W A T C H,0,1,10778
HYBRIDS,11,0,281686
-,1,1,99355
BangCuopLuongSon,2,2,220816
Rescue Station,2,6,2144017
COALITION,0,1,0
SYNDACT,0,0,30949
One More Times,1,1,490820
MCS-P,0,0,99369
-,0,2,0
V A G A B O N D,0,1,149170
The Rumble,4,7,679994
THEMERCENARY,9,9,1708050
Akhri Pasta,0,1,42122
-,0,1,0
Meerkat Assemble,0,5,4125134
Rajantara,1,1,23184
WARRIORS INITIATES,0,6,32296
CHILIZ,62,34,12361153
StrayCats,1,1,217943
BLACK BANDIT,0,1,294630
Snow Angels,0,0,1102
E x c o m m u n i c a d o,0,1,0
OneFame,0,0,101850
Rescue Station,0,1,0
Anteikuu,2,3,54024
Boar Army,0,0,391365
Farm Or Die,2,1,272949
TACTICA MORTIS,0,1,44498
text,1,0,35188
White_House,0,1,0
Alive Evil,0,2,17878
Tree Viper,2,1,90842
Azurel,1,3,805531
R E V O L U T I O N,5,3,1042301
The Fide Blood,18,11,6453435
-,1,0,176532
S K Y,0,5,173571
So-so,0,0,135980
NightFall Ephemeral,1,1,25729
SilentMemoirs,0,2,0
Meerkat Assemble,0,4,1328330
Bretonnia,1,2,746170
GIGAN VIII,0,1,229489
Petanii,0,1,0
Noctis,16,30,3849486
Dark Looters,1,1,53728
Floralia,0,1,97146
-,0,0,17722
F A M I L Y,29,4,11114833
F A M I L Y,7,1,291493
I The Flying Dutchman I,30,11,6898314
Real ONE,0,6,607258
F A M I L Y,2,5,2078277
Forever Night,11,9,2522785
PL4B,7,15,766223
BeasTDaK,6,3,3899914
I The Flying Dutchman I,0,0,39097
PAPAYA POKPOK,0,0,5244
-,0,0,5258
QINNN,2,7,83011
LIGHT REAPERS,0,0,26513
Louis Bean,1,6,105578
Invade,3,5,1806040
HuaDaBin,26,15,7020445
KATANA,0,1,0
CHILIZ,275,23,40664627
mechanical,8,6,344893
Singosari,1,4,221148
Pierce,2,1,65420
UnifyVN - 304,0,0,137152
CHANG,0,4,24849
-,0,3,305725
SO EZ,18,11,3146712
Lym World,8,9,541168
The Neighborhood,10,8,1667721
COALITION,2,9,1367470
Pierce,18,44,18065003
-,0,1,0
War Bears,0,1,0
-,0,0,22377
The swallow,0,1,34644
-,0,1,0
-,0,1,0
S Y N D I C A T E S,0,1,275964
NUMEROS,8,12,1205363
Future Party,28,30,30032467
Gungn1r,1,2,249052
I-MOA-I MERCHANT COMPANY -TH,0,0,22418
Sentinels Arc,2,5,212188
EYE-LESS ORDER,5,11,510761
-,0,1,0
10 My friend are coming Run,2,0,348020
-,1,0,36938
-,0,0,15363
Future Party,3,14,13293447
Mammoth King,5,3,1750334
Mika,16,16,4894596
Booooo,1,1,26152
Earn money,10,3,4519389
-,0,1,0
THE WARRI0RS,1,5,297075
R E V O L U T I O N,6,5,677147
Azurel,2,2,1095533
Singosari,0,0,9254
Laughing Boulevard,7,8,986266
-,0,1,0
THEMERCENARY,14,23,2674472
OPC GGININDER,5,3,553527
ERASE,8,2,1172209
ALBION AFTER S3X,30,9,981232
-,21,11,3042705
Alone in The Mist,0,0,13797
-,0,2,67190
-,0,1,7305
Northern Holy Church,0,1,0
SDteam,0,1,863
I Slytherin I,0,1,38305
Forever Night,0,5,108271
Mika,5,15,3382794
Meow Immortal,2,2,237975
Future Party,30,27,15063805
-,0,7,90020
G STONE CREEPS,3,5,297556
Astartes,0,0,496696
Blue coral,22,8,1274918
R E V E R I E,0,0,314712
Crusader Kings,2,9,6350021
9INE,10,38,15864776
-,3,5,86517
PSC,0,0,8546
Alone in The Mist,0,0,1986
-,0,1,37990
Peace Park,1,3,143540
Ordo Musaceae,0,1,73354
-,0,1,0
MO GU,20,17,7342944
Real ONE,19,4,4114459
Master Siomai,3,2,183126
Farm Or Die,35,11,2684257
K R U N G S R I,0,6,100068
-,0,1,59731
VONGOLA FAMILIES,0,1,0
Evangelion,3,2,396401
Minerva-X,0,3,1453358
E U N O I A,0,1,55310
WARDEN-SLAYER,0,0,15538
-,0,6,93181
SubuTai,22,3,1943314
Meerkat Assemble,32,61,27570475
Crazybabys,0,1,0
Fenr,11,4,4056785
Another,0,2,939650
CHILIZ,8,18,8633391
Sunset,14,48,16102263
Chaser of The Wind,0,1,291474
TokyoBear,3,4,596116
Sanity Eclipse,1,4,101857
WhiteDragons,0,2,12245
LUVIMIN,0,2,47158
Chosen Few,1,2,139140
Crazybabys,0,2,343672
-,0,1,0
CCTV,0,1,1466732
The Scarlet Dawn,3,1,44021
PSYKOPATH,0,1,0
Crusader Kings,3,12,3435306
9INE,15,16,3029224
Gangers FUNNAMNOM,3,1,426068
Matcha Ore,0,0,36752
Kerajaan Solo,6,3,471678
Invade,3,1,705319
One Braincell Army,0,1,0
Heart of Thetford,6,5,417271
-,0,2,22571
Invade,1,3,685838
Wavei,0,2,0
-,0,1,0
xCUTIESx,0,4,215143
Crazy D1ck,0,1,147266
AFTERMATH,8,5,1050529
CHILIS,2,3,607087
Coup de grace,7,13,2450871
Fight Or Run,0,0,28892
Meerkat Assemble,15,35,13362278
Pierce,16,18,6195836
Invade,5,4,943301
Pierce,1,1,376299
GOBLINS,1,8,3628663
You Shall N0T Pass,1,3,1482533
OCEANKAI CLAN,1,2,40022
ACM,2,3,411559
1Mmortal,13,13,21643926
-,0,4,11163
Shining Star,0,1,0
Noctis,15,19,4374157
Black Sails,3,1,893771
Children Of The Dragon,40,26,9007463
OYO_OYO,0,2,0
RABBIT RAIDERS,2,4,127628
VIET NAM ssm,0,1,0
Kingdom,19,32,8895103
-,1,0,87642
-,0,0,10115
The_APEX,1,1,61653
Rescue Station,19,9,10586756
B L O O D L U S T,0,1,0
P U R G E,1,3,399008
PandoraID,0,0,10755
-,1,3,63549
TESTUDO,7,3,704957
Avci Hell,2,0,121060
-,0,0,31264
DOJO,1,1,496992
VIET NAM ssm,7,4,713938
One More Times,3,1,107282
Lai tsai Project,10,13,1190507
THEMERCENARY,0,9,1009006
P U R G E,0,1,73200
not cute anymore,3,9,1181253
A p os t l e s,0,1,74422
-,0,1,83754
SLAF,2,3,439387
ENDANGERED,0,12,2312559
-,0,4,16913
Reworld,0,1,2064478
KNIGHTS OF THE CRUSADE,0,2,20721
SINGAMAS XI,1,4,206596
Topspire,13,3,2707066
itinerary,2,2,67514
C O V Y,0,2,0
LOOKOUTS,0,3,75681
ALA ALBA,1,0,114076
BangCuopLuongSon,0,1,173053
SHOWTIME,1,7,1213963
Chikipi,36,31,16798353
-,0,0,11966
Mandala Guild,0,1,0
-,0,1,0
The swallow,0,0,220382
Bretonnia,2,1,756396
Earn money,1,4,2342445
MiMe,18,11,8887150
six doors,4,5,3504727
-,0,1,26908
Ala,0,0,59138
ALIVE,0,1,43525
H G,4,8,398044
For My Bro,0,1,510888
EQMS,1,0,127373
POOPII,9,12,1084068
Real ONE,10,8,8114535
The Scarlet Dawn,0,1,192291
Gold Pigs,1,1,350794
-,0,1,26196
HidE0ut,2,8,450717
MO GU,7,1,2318642
-,0,1,0
V1OLET,5,1,1041558
COALITION,0,2,27736
The_APEX,2,1,949200
V A G A B O N D,11,3,4000247
Snowflakes,46,14,3068540
DESTROYER GHOP GHOP,0,0,27806
Freaky Fools,2,4,355154
-,0,0,135848
CHIAROSCURO,0,0,96187
All The Villains,1,0,1060819
Real Man,0,1,1018720
ANJINGPERET,0,1,10615
PLAC,11,14,13541794
YIBAMBE STRONG,3,0,143560
I The Flying Dutchman I,24,14,9443009
Old Man,0,2,216545
-,1,0,259119
I The Flying Dutchman I,0,5,749120
Only for PVP,4,4,1135320
Mika,0,2,678293
-,0,2,902578
Hell Fire Club,0,1,0
MoneyHunter,1,2,164308
-,1,1,19654
REDEMPTION CODE,0,2,26701
I The Flying Dutchman I,7,2,1920217
-,0,0,30271
-,0,4,0
-,0,2,33815
PLAC,23,18,14661714
PSC,0,2,424052
-,0,2,296417
CCTV,1,2,604628
TAKEDA 24,3,5,859382
-,0,1,0
GIGAN VIII,0,0,21311
keres,0,1,48240
CCTV,0,1,1217503
Spero Spera,1,2,51717
The_APEX,5,7,362961
Vendettui,2,4,522811
-,1,0,5708
WADIMOR,0,3,224047
xCUTIESx,6,9,3283878
-,0,2,22301
Gold Pigs,1,2,568063
Boar Army,29,13,7020509
Albions Ark,2,2,45118
OH King Kong,1,1,22878
Boar Army,3,4,2831904
-,0,1,0
CHILIS,0,2,1323058
Griffin Empire,0,9,2568474
Future Party,21,10,13896813
The swallow,0,1,42748
SideQuest,2,6,1739638
-,1,3,40449
KAI RUY,0,6,1227
the Gods of deth,0,1,20442
-,0,1,0
Nemo Nemo,0,0,3372
TEAM_MEMOL,0,2,0
BLOODS,0,1,0
The Boyz,0,5,245169
CRACKER,0,1,208529
Nemo Nemo,2,2,2389144
Sentinels Arc,3,7,385817
-,0,0,336635
Chikipi,97,23,20486124
PUMPIM,0,1,0
Boar Army,0,2,50884
-,1,0,846057
Mika,22,37,14317362
Tweaking4OC,14,18,910507
-,1,1,3671
GOBLINS,1,6,2913348
TGIF,3,2,6629072
snow forest,1,1,942136
DESTROYER GHOP GHOP,0,1,0
Demon of Inari,1,4,287795
PL4B,5,15,1058257
CoCa1nE,1,4,1058194
Western Paradise,0,3,163686
waku,2,1,65340
All Rise,0,4,1216544
-,2,5,708807
Lym World,4,12,853106
Minerva-X,1,7,2191490
Chikipi,11,21,15525571
good bomb,2,5,5106627
-,0,1,13536
via,0,1,200081
Pink 7,0,2,0
-,0,0,35829
cat and rat,0,0,29215
Ordo Musaceae,2,0,246067
PureCloud PH,1,4,225650
-,0,1,0
H Y P E R T E N S I O N,1,1,186676
Pierce,0,0,67590
Rescue Station,0,4,2321909
GOBLINS,12,13,5579879
MINlONS,43,25,9667197
Rescue Station,4,22,16365323
Bretonnia,0,3,701056
-,0,1,0
P U R G E,1,1,472753
-,0,1,0
Invade,9,23,3145455
AK-47,5,4,94104
Children Of The Dragon,0,0,845482
Team Rebellion,1,1,20603
Wing of Liberty,1,1,1306772
F I K A,34,15,1970562
Noob Family,0,3,0
Knights of the Black Dragon,0,1,0
RABBIT RAIDERS,9,18,1143445
NO-RE,4,1,105593
Take Care Your Ass,2,19,474278
Real ONE,0,4,1303382
CHILIZ,0,4,2309879
Meerkat Assemble,1,7,1110837
R E V E R I E,5,3,850523
I The Flying Dutchman I,2,8,4210626
Ordo Musaceae,0,1,0
Aetherion Order,4,5,176491
F I K A,6,5,1760143
Coup de grace,1,0,61958
-,0,2,56016
Kunfayakun,1,0,10193
CRYPTO ETHEREUM,1,0,9972
The Lonely Moan,10,19,1785837
E U N O I A,0,1,27909
Red Circle,1,1,156833
Midnight Rose,0,1,17884
Crimson Radiance,4,3,278855
MINlONS,1,3,793367
HuaLiHuSao,0,1,233833
GOD EATER,3,8,343383
Crazybabys,3,3,606679
MINlONS,0,8,3829788
Nemo Nemo,0,2,408330
H G,2,12,265069
Nemo Nemo,0,0,527642
The Lonely Moan,0,1,0
Sanity Eclipse,1,2,68536
Circus,0,1,0
-,0,1,0
-,0,0,66109
Hohoesa Pakchara,1,3,86360
-,0,0,38637
-,0,1,0
THEMERCENARY,4,10,308901
Invade,0,0,1304533
snow forest,10,7,4233251
-,1,0,90555
BLACK BANDIT,0,2,0
The Black Banner,0,1,92209
N E R F,1,0,28215
G A I J I N,0,1,0
PSYKOPATH,0,2,25782
Fake engage,0,3,44744
BeasTDaK,13,13,4633939
-,1,1,210466
Buzztard,10,14,1935204
CHILIZ,0,30,8033204
CHILIZ,0,29,19392531
Government Program,0,2,9211
MO GU,11,12,6590131
I The Flying Dutchman I,7,11,3439597
Blue Phoenix,33,18,5510585
Karmic,3,7,1352934
T1 FAKER,0,0,21057
ERASE,0,4,1618102
Absolute Dragon,4,0,162577
-,1,1,14080
S Y N D I C A T E S,3,7,529568
GIGAN VIII,26,6,1146244
V1OLET,8,19,3240059
Sequence,11,1,2680530
Meowfia,0,1,18440
GIGAN VIII,2,0,48447
Chikipi,0,2,412971
K R U N G S R I,1,1,11148
CENTAURI,0,1,69217
-,2,0,199555
Boar Army,0,1,1045097
HelIo Kitty,14,7,6159852
Ping300,29,9,6995098
All Rise,0,6,399652
All Rise,13,12,5264596
good bomb,38,10,14046340
PLAC,32,8,9316448
MORO,0,2,156135
RYLs,3,5,164321
Clovers,0,1,13229
FELIX INDUSTRIES,59,11,2552055
-,2,0,279369
TRlUMPH,0,5,1040580
MoneyHunter,0,6,179794
PSYKOPATH,21,18,1677061
Finish,0,0,7062
-,0,1,0
SERIGALA HITAM,4,7,560941
Frostbite Reapers,1,1,169144
THE WARRI0RS,0,1,0
-,4,9,367993
Obsidian Throne,0,1,0
THE TROUBLE MAKER,0,2,22709
-,0,1,0
ALBION AFTER S3X,1,11,491358
Meow Immortal,19,16,1149175
First love,7,14,1290760
High Cards,0,2,151643
Frostborn Exiles,0,1,98662
Endernations,0,0,108771
Let Me Think,0,1,0
-,0,1,10460
BLACK BANDIT,4,2,758219
-,0,1,0
Minerva-X,4,4,537688
Kunlun Jade QingJing,2,2,30669
Mythical Knight,1,1,26223
RABBIT RAIDERS,0,1,4239
K N O C K,0,2,140044
Real Man,7,14,2630716
Meow x Meow,0,3,0
TRlUMPH,0,5,89258
Alchemi5T,0,1,0
Team Black Bull,0,1,0
TAKEDA 24,0,5,65221
A-W KING,0,0,211255
CHILIZ,16,13,25420189
THEMERCENARY,0,5,253730
-,1,0,29443
Filibusteros,9,17,4091682
OneDone,0,2,362546
Conscripted,0,1,590090
F A M I L Y,2,0,378696
Meow x Meow,1,9,547415
CATHEDRAL OF RAT,1,0,426269
ENDANGERED,52,31,9596525
Invade,2,19,7172322
SideQuest,2,3,1740337
Fenr,4,0,149688
-,0,2,11780
COALITION,2,7,2049409
Griffin Empire,4,14,7684737
TRlUMPH,2,2,468753
CHILIS,0,0,772996
HIGH RISK HIGH REWARDS,2,4,657619
Frostborn Exiles,4,2,806025
snow forest,33,1,5918372
KEYBOARD,8,1,69955
Griffin Empire,5,26,4879807
-,0,1,11348
Future Party,13,10,7321720
-,0,1,0
Meowfia,1,5,2086733
R E V E R I E,1,6,1874245
CHILIS,24,10,5125112
MINlONS,0,1,268169
-,0,1,176819
Kunfayakun,0,3,8166
OneDone,16,5,10677935
Chikipi,6,1,10252908
S1LVER,0,2,213230
COALITION,3,1,1083812
My Lethal Pony,0,2,241636
-,0,1,0
The Myth,1,4,778446
MCS-P,19,17,3348503
HeIIo Kitty,15,7,4551828
Kunlun Jade QingJing,0,1,19789
Frostbite Reapers,3,6,346791
Gungn1r,0,0,131243
T O K Y O,1,1,69162
eyes of heaven,20,9,4131652
-,9,6,610078
-,1,3,29948
THE DAILY CHILL,4,0,116574
-,1,1,16073
-,1,0,26610
KnightfaII,2,12,5775449
Sequence,0,2,292049
WARBAND_COMPANY,6,7,885144
-,0,1,6153
Singosari,0,4,251070
Invade,0,8,5191725
BEAR HUG,4,5,318505
-,0,2,0
GIGAN VIII,4,9,803161
F I G U R E,39,40,20534671
Del carmen,0,0,32030
HIRAYAH,9,19,886101
Ayam Tempur,0,0,7088
-,0,1,14129
Meowfia,0,2,1122555
snow forest,2,2,2736453
B L A C K P E A R L,0,1,112681
Singosari,3,30,2636282
slaves leader,1,1,21138
F I G U R E,11,37,12978858
GOBLINS,2,8,4410120
TGIF,10,8,8382370
snow forest,0,0,647620
-,0,0,10697
snow forest,24,1,2646400
-,1,0,4940
Shark Chew Toast,2,1,509346
TRlUMPH,6,9,1325111
Freedom_Castle,0,0,29263
Kingdom Of Avalon,1,0,21425
GAY GUILD,0,5,342615
Asia Vanilla,0,2,11931
BLACK BANDIT,12,10,5142916
10 My friend are coming Run,12,24,341726
Ala,0,0,6134
OGC,4,2,185215
CHILIZ,5,24,16748683
CHANG,7,2,333316
Death Of Ava,1,3,23728
Ben10,0,0,35229
I Slytherin I,0,2,87939
-,0,1,0
Meow Immortal,4,5,626331
Freaky Fools,13,7,856349
Meowfia,6,0,412787
Chosen Few,4,2,499645
Real Man,7,4,1400873
Arena Ghost,2,2,87301
Baschu Lymhurst,0,1,458418
JARERNs,0,0,24713
A X E,6,1,695862
Griffin Empire,20,19,5388553
One Shot,0,4,0
Invade,7,5,1885263
Master Siomai,0,1,0
RYLs,0,3,26945
SubuTai,0,20,14351950
CHANG,3,12,682575
I The Flying Dutchman I,1,2,9976434
CHILIS,4,1,3225585
Lucky Fools,6,29,2800771
WhiteSuits,37,18,3153938
F A M I L Y,13,10,7729174
-,0,1,0
Shangri-La Frontier,1,0,39928
NewNew Young,1,3,28519
Fenr,1,2,101915
ETERNAL CRUSADE,0,3,0
-,0,1,0
Warrior Exile,0,5,588020
-,0,0,4096
REGU MAWAR,0,1,0
-,0,2,428264
JOLLY,3,1,28952
GIGAN VIII,15,12,1384528
Aldmeri Dominion,0,2,21976
-,0,2,0
THE HUMMING BOY,0,1,361124
6TH SYMPHONY,0,2,110925
-,2,8,1367422
F A M I L Y,1,5,4428956
F R O Z E N,19,3,421848
I The Flying Dutchman I,1,0,1298480
Same-to-You,0,2,8371
AFTERMATH,0,1,111881
KIW KIW,0,4,134830
-,0,0,128742
Midnight Rose,1,2,159000
Floralia,0,0,39928
B L A C K P E A R L,0,3,135568
Ping300,15,13,6429195
Government Program,0,6,0
Midnight Rose,0,2,0
Invade,49,24,14612380
-,0,1,0
High Cards,0,0,30096
Hudyat,0,0,49266
Realest,0,1,0
BEAST BABY,0,1,0
MCS-P,18,27,5647738
Skyrim Equilibrium,1,0,126114
NoobGaming_YT,1,6,437156
not cute anymore,3,3,856061
HappyDay,0,7,485602
1Mmortal,3,4,1512548
Sunset,8,41,6681377
Skip Tutorial,0,3,142993
Nobles Greed,0,0,36335
-,0,2,0
IVSR,1,1,8443
Buccaneer,0,1,0
MALIGNANT,0,7,1888261
GRIEVING-SOUL,0,0,22447
Lazy Bear,1,0,79785
Sentinels Arc,0,2,0
BYOT,0,1,0
-,0,1,0
The Duck Covenant,5,1,668555
pig bank,0,9,219864
JARERNs,0,0,13830
Soop,4,4,216903
Xandros,0,0,4724
THE WARRI0RS,0,0,18207
Western Paradise,13,65,14892077
L O N E,12,7,1073290
PAPAYA POKPOK,5,7,835159
HelIo Kitty,8,7,1441074
HeIIo Kitty,55,14,20839306
F A M I L Y,4,9,2778614
BLOB,1,2,121314
Chaser of The Wind,0,1,0
Meowfia,0,0,14420
-,0,0,300335
High Cards,2,2,96826
Easy come Easy go,2,10,334453
-,1,0,72792
good bomb,5,12,15011848
Chikipi,14,10,8509951
Minerva-X,0,9,1826096
Tree Viper,71,47,15775106
-,0,1,37149
Peng Lai Xian Jing,1,5,315526
-,0,1,0
gou8,13,4,1461828
Zero To Zero ZTZ,1,1,41385
-,0,1,0
BLACK BANDIT,10,8,1346913
-,3,1,193653
Crystal Warrior,1,9,778411
MO GU,8,9,4786876
Children Of The Dragon,5,4,1832917
High Cards,0,1,0
MoFuMoFu HEAVEN,0,6,0
-,0,1,0
PVP With Me,6,4,661854
-,0,2,0
Chikipi,6,32,13849107
ETIQUETTE,6,14,13465448
SO EZ,4,0,349595
Sapling-MIU00,0,1,0
Solo-King,1,28,13805602
CHILIS,15,13,2432072
GOBLINS,14,8,3198746
not cute anymore,1,2,1003981
klumz,0,1,0
Lucky Fools,6,16,1790786
REGU MAWAR,0,0,16752
ZINGERS,1,2,50787
EMPYREAN PRIME,1,0,10583
-,1,4,211364
The Neighborhood,7,8,814635
Meeting Stone,15,31,5711604
Crusader Kings,8,23,6400314
9INE,11,42,10241210
MiMe,1,3,274177
Real Man,85,26,12901347
Old Singularity,13,1,1624032
GuGu GaGa,6,3,1050166
Mathias,0,1,22277
PSC,0,1,0
-,0,1,0
Screamy,2,5,371186
Chosen Few,0,3,206528
Red Circle,0,0,97391
-,0,1,0
AlooMinati,0,2,0
BankAiolos,7,30,579940
ROMAN EMPIRE 1,0,0,5790
CHILIS,13,8,3433128
CHILIZ,1,1,176537
Dragon Blade,0,0,25464
VELARIS,1,0,256606
CapybarAAAA,11,2,566468
I FORSAKEN I,50,11,4397837
-,0,0,12563
The Neighborhood,1,2,65204
Critical Impact,0,3,0
ALTAIR,3,9,127120
The REVENGERS,0,1,0
VIET NAM ssm,1,2,126818
One More Times,2,1,45320
A p os t l e s,1,4,60613
H Y P E R T E N S I O N,14,49,2952301
Aetherion Order,0,3,76093
Filibusteros,0,2,53501
COALITION,13,21,3795693
Kids On The Move,2,1,345278
Pierce,27,26,9247491
Children Of The Dragon,0,2,670913
evildoer,0,1,171436
Crazybabys,0,0,3425
All The Villains,113,64,26303982
OneDone,0,0,371483
Olorun,34,2,4730625
WhiteDragons,0,2,12245
Fort Sterling Company,0,1,0
HanRyang,0,1,0
F A M I L Y,8,3,4993010
Midnight Rose,6,8,301995
Nemo Nemo,0,1,148862
Pierce,3,5,1272436
Nemo Nemo,11,17,3469930
Masked Bandits,20,13,7013277
Invade,5,12,2071787
not cute anymore,14,9,2101999
Real ONE,2,0,2082908
V1OLET,0,1,81287
Lao Qian Xue Yuan,0,1,14004
First love,2,0,103242
bosaBOSS,0,2,41953
24 hours in1 dzil,0,2,34862
Government Program,1,9,25183
Crypt Crawlers,0,1,0
Laughing Coffn,2,2,77449
conquer,14,9,3977814
Solo-King,68,18,11364025
CCTV,1,24,15965447
R E V O L U T I O N,0,1,137471
not cute anymore,1,2,44298
-,0,1,5982
Chosen Few,0,1,53211
-,0,1,0
Battleborn,0,0,7437
Life or Death,4,4,329161
F I G U R E,4,2,455623
Wing of Liberty,0,2,115103
-,0,1,0
WhiteSuits,3,8,147749
-,1,4,73787
The Lightbringers,2,8,366937
V A G A B O N D,30,28,12856536
KATANA,1,5,610973
Wysteria,0,3,203346
NO_OC,1,1,362787
-,1,1,4572
not cute anymore,0,1,21710
V A G A B O N D,6,0,529968
Fight Or Run,1,1,246827
Hong Xing,0,0,274570
High Cards,0,1,0
Helios Phoenix,8,10,479989
-,0,1,0
TONPA GANG,6,2,231035
-,2,1,88735
-,0,1,0
GOD EATER,0,2,11555
1Mmortal,12,5,2597421
ACM,5,5,7723518
Luminous PH,29,9,3121312
BeasTDaK,5,2,1302605
Real ONE,17,8,8400538
Pierce,5,4,1667424
After Cleric,0,1,1060838
-,0,0,38277
-,0,1,0
I The Flying Dutchman I,2,3,1280813
Pierce,0,1,696267
Topspire,14,5,5708195
QUARTZ,0,2,0
not cute anymore,1,1,252762
Jagdgeschwader 52,1,2,35950
QuQnnTATnnOvO,1,6,6491269
MoneyHunter,1,1,66955
THE WARRI0RS,3,4,227531
F A M I L Y,9,2,1451654
GOBLINS,15,4,6745064
Boar Army,41,21,5444417
ScarletValkyries,0,0,38151
HOGUWART,0,1,0
PSC,17,17,3262588
Buccaneer,0,3,61191
GIGAN VIII,0,14,1593970
War of Shawdows,0,1,0
Speed Run,0,1,0
Wandering Nomads,1,0,12843
MoneyHunter,0,3,76672
S Y N D I C A T E S,2,7,1850230
Mythical Knight,0,1,0
MANIFEST,2,6,95063
-,0,1,0
Lunagon Island,13,44,9185708
One More Times,0,0,534970
Dreamweavers,2,21,553286
WADIMOR,6,2,978642
RODOKER,0,0,9747
-,0,1,36015
PVP or Die,14,16,965753
Peng Lai Xian Jing,1,13,1094797
-,0,1,0
Chosen Few,0,6,65442
Conscripted,6,22,11127376
The Boyz,14,15,1970971
Albion E3,2,7,44699
Mika,0,3,648330
The Goat,1,0,136083
Paradis Isekai,1,1,41864
Royal GTS,3,14,247252
-,0,1,175233
Next Miracle,0,1,0
-,6,5,243594
LEGION OF THE UNDERWOLD,1,1,69131
Fluffy Gang,0,0,181273
-,3,6,554200
Never Regret,2,2,102006
Buccaneer,0,0,5577
GIGAN VIII,0,7,998226
Crazybabys,3,1,244549
123qaz,0,2,16519
I The Flying Dutchman I,1,9,4659389
Once Upon a Time,12,12,10450018
ACM,2,0,327926
Red Circle,10,10,789379
TONPA GANG,0,2,147520
Invade,7,7,4857331
Western Paradise,11,67,7307387
Wayfinder Knights,0,4,24745
QUILL,0,2,0
PalaceGUARD,4,2,1098499
KongFu PanDa,3,9,3953797
Free Butterfly,7,4,862133
This-Promise,0,1,0
Baby_Paradise,4,4,635844
V A G A B O N D,1,16,3630208
GOBLINS,0,4,520672
-,0,0,50474
Farm Or Die,0,2,486544
The Fide Blood,0,0,544369
ACM,18,17,5700677
ACM,10,5,2283423
1Mmortal,64,10,15858645
Mika,0,2,361045
Mammoth King,2,0,556760
-,0,1,97505
RATOP,0,1,10226
GFN-GFN,2,5,184492
CHILIS,9,6,985601
CHANG,0,1,58619
ONG BUT,0,8,48826
VN1945,1,4,465900
VIET NAM ssm,0,5,21098
Freaky Fools,6,8,2065859
Warrior Exile,6,4,288208
S Y N D I C A T E S,1,3,1159225
P U R G E,0,1,195622
One More Times,0,0,500435
-,1,1,59020
R O S E,1,0,290369
MidNight Pirates,1,0,21735
Demon Fang,1,3,69761
Griffin Empire,1,1,276318
Filibusteros,0,4,795899
Cut Throat,0,0,699027
-,0,2,79819
NonameC6,0,1,0
GOD EATER,0,1,816200
P U R G E,4,4,11153441
SHOWTIME,4,6,1475686
not cute anymore,1,2,822123
Freaky Fools,0,2,69324
Rescue Station,23,13,14309783
Demon Fang,0,3,239129
Rescue Station,115,18,22739726
One More Times,2,3,382997
Alone in The Mist,0,0,9077
JOLLY,0,1,0
R O S E,9,9,3698786
VIET NAM ssm,1,2,107889
Frederick,0,1,15993
Boar Army,0,3,0
Dark Looters,10,36,1188610
-,0,1,0
BangCuopLuongSon,0,12,475492
Laughing Boulevard,0,0,638167
Demon Fang,3,10,249598
RauMa36,0,2,0
F A M I L Y,1,4,2069057
Blue Phoenix,0,0,139664
-,0,0,7477
-,0,1,0
Demon Fang,0,0,4044
The Goat,1,0,172753
-,0,5,111491
KaNaNuTho,0,1,0
F A M I L Y,2,9,6365331
-,2,4,385365
Kendan,1,1,23257
pig bank,0,1,86411
-,3,1,143766
WhiteDragons,0,1,12245
-,0,1,0
Ascensum,0,2,20419
The Academy,0,0,3576
-,0,0,7282
The Northern Constellations,1,1,7696
VINA HOUSE,0,1,0
Viruz,3,0,79346
Ironclad Concord,0,8,61153
TRlUMPH,0,0,27043
-,0,0,69469
Singosari,31,9,4973115
B-E-L-A-T-squad,0,2,30102
-,1,2,43693
ACM,1,1,671167
Real ONE,1,0,245965
BeasTDaK,41,18,8520189
Albion Newbie Shelter,0,1,0
Griffin Empire,18,21,7213132
Government Program,0,1,0
Hell Fire Club,0,1,0
-,0,1,0
-,0,0,3031
KALONG,4,3,336151
Dreamweavers,3,1,62075
Second Fear,0,4,1207594
Newbie,13,2,360679
DOKDO,6,3,384453
-,0,1,0
0,0,0,20094
Speed Run,2,6,138690
-,0,1,2760
F R O Z E N,0,2,431561
Dragon Blade,2,3,287681
Blue Phoenix,25,14,6797028
P U R G E,6,12,13081276
Blue Phoenix,3,6,598848
-,1,0,20976
TGIF,7,2,820515
Real ONE,15,21,14430101
After Cleric,4,4,2002379
CHILIZ,9,37,8497399
Kingdom,0,1,64854
One More Times,2,3,283167
NewFalconComunitas,1,11,9586
Chien Than,2,2,317618
Alive Evil,2,3,526356
Meow Immortal,3,3,966801
Mika,5,8,2729097
Future Party,10,22,10988492
eRa Empire,0,3,0
Invade,18,9,3260873
Karma Committee,0,1,2754
1Mmortal,40,22,25468945
good bomb,5,3,4838696
CHILIS,0,1,66664
Minerva-X,32,18,10270386
Hei Hitler,22,7,5061214
Blue Phoenix,4,4,146063
MAX VERSTAPPEN,79,13,4704867
Give Me Your Sis,0,0,25296
EQMS,1,2,569689
Red Bulls Gold Age,0,1,13488
-,11,0,2729169
POLRES LYMHURST,1,2,24829
Aksma Korps,0,0,5346
PSC,19,20,2742160
Cosmic conqueror,0,1,0
-,0,1,0
Clavem,0,1,0
PLAC,45,38,14344819
Real ONE,41,21,19241581
After Cleric,12,11,3823830
RESPECTED FAMILY,0,1,0
AC Milan,0,1,0
Infamous Reapers,1,1,55680
COALITION,49,15,4883561
GOD EATER,0,0,1413
Chikipi,9,15,4609936
Speed Check,1,0,173809
Finish,0,0,103194
F I G U R E,0,10,3711671
RAKUTAI,0,1,32712
Wayfinder Knights,0,5,103316
paguyuban penambang,0,1,6892
-,0,0,18420
PLAC,3,7,2441940
Singosari,1,2,730388
WowMayKay,10,25,1642082
RYLs,0,6,102383
overbudget,1,0,20910
War of Shawdows,0,3,0
-,0,0,30451
BLU,0,1,9287
DlSBAND,2,2,140672
REVOLUTIONNN1,0,2,0
CHILIZ,0,25,12520860
RABBIT RAIDERS,10,22,2216947
Hot Coffee Essence,0,4,15890
Matcha Ore,0,1,0
koryen,1,1,141686
Call to Heaven,1,1,56425
Heart of Thetford,2,2,40220
-,0,2,0
World of Peaceful,1,0,49059
OneDone,0,5,1155307
-,1,5,125363
SSRR,0,2,13258
Karmic,1,7,1252593
GondhoMayit,0,2,0
-,0,1,34115
Real ONE,33,17,11075276
After Cleric,1,1,73665
Technique,0,1,0
Free Butterfly,0,1,126154
AAAAA,6,10,320491
Kingdom_of_God,0,2,8528
I The Flying Dutchman I,0,4,953550
MAYARI,0,4,157718
-,0,1,0
-,4,2,775928
Invade,1,11,1354566
Skip Tutorial,1,0,116623
Nellie,0,3,444
dodol,0,0,2100
-,0,1,6322
War Bears,0,1,6237
BLACK STAR,0,2,26994
You Shall N0T Pass,6,2,229103
PLAC,5,5,341765
MO GU,9,3,1376524
Freaky Fools,0,1,25087
Judy no go Cindy no come,65,7,13096697
Floralia,0,1,694949
TuT,0,1,0
Trollers Rollers,1,1,33612
GOBLINS,18,2,3415450
TGIF,24,23,10984516
MINlONS,0,2,21154
SINGAMAS XI,0,3,40999
Meowfia,0,19,8093632
Mika,9,4,3254799
All In Fighting,12,2,2136748
Mammoth King,7,3,1837819
Dragon Blade,0,1,177553
red king,13,7,3901826
Kunfayakun,11,3,1021121
XGMA Lyon,0,0,21363
-,0,1,0
Screamy,0,1,201177
MAYARI,0,1,0
D R E A D W A T C H,4,6,398139
Filibusteros,7,16,3914348
Coup de grace,2,11,233553
-,2,14,91101
Helios Phoenix,2,0,508576
Gungn1r,2,1,53506
The Lonely Moan,0,1,0
PAPAYA POKPOK,16,13,3983907
Coup de grace,16,10,4541853
snow forest,9,12,5628626
Judy no go Cindy no come,6,0,177041
DMT D0MINATOR,2,4,176360
-,2,2,175473
Lucky Fools,3,1,156158
10 My friend are coming Run,1,4,179455
Gangers FUNNAMNOM,1,1,176915
KumaKuma,0,2,251768
Temasek Holdings,0,2,0
Meerkat Assemble,15,9,4265384
Midnight Rose,12,17,1175011
-,0,1,12111
The Neighborhood,1,5,1041244
Skyrim Equilibrium,8,3,397794
RYLs,5,7,588386
Crazybabys,0,0,11108
POOPII,1,1,404922
HIRAYAH,0,0,20147
DNS,2,17,481557
-,10,1,584462
HYBRIDS,48,7,2054241
-,0,2,2253
Ncek07,0,4,24303
Blue Phoenix,0,4,408168
Old Man,12,4,1863964
ONE-JING,9,13,2213534
The Lonely Moan,21,16,1782337
CCTV,20,34,14645636
-,10,4,943043
Griffin Empire,17,7,6531322
-,2,2,56039
D O G G Y,3,4,393473
All The Villains,0,4,1404569
-,0,2,42349
not cute anymore,2,0,966820
Conscripted,2,4,1556178
Iron Dominian,0,2,28343
Rising Stars,0,4,40021
booz party,1,3,45824
-,0,1,0
CHILIS,1,5,1210291
CHILIZ,1,23,4105849
AFTERMATH,1,2,119783
ALBION AFTER S3X,1,3,80434
Real ONE,4,1,2402291
After Cleric,0,2,565542
COALITION,14,14,5551924
TRlUMPH,27,36,7741691
BANK OF NAVIGO,2,11,411169
Team Rebellion,0,1,17936
F I G U R E,16,20,12321850
snow forest,0,0,263524
C O V Y,1,5,177040
V A G A B O N D,7,13,3315386
BLOB,6,2,849377
Speed Run,1,3,529733
V A G A B O N D,0,11,1653760
BLOB,0,4,378233
ETIQUETTE,14,13,1637251
BeasTDaK,13,15,6859080
The Lonely Moan,0,6,566143
High Cards,0,3,174585
-,0,0,11602
The Neighborhood,0,1,0
-,1,0,58956
The Rice of Asian,0,1,0
Stellar Alliance,1,1,341979
Bretonnia,1,1,436080
ONE-JING,30,11,1288191
Grimoire GrimGuild,1,1,345527
Gungn1r,0,1,266005
UNITED REPUBLIC MERCHANTS,5,6,562342
NB Family,0,1,0
Ascensum,0,0,2803
-,0,1,0
-,1,1,13500
Speed Run,0,1,98748
CHILIZ,0,1,936688
Lao Qian Xue Yuan,6,8,658071
KNIGHT_OF_BLOOD,157,10,11575397
V A G A B O N D,9,14,10273259
xCUTIESx,27,43,7787858
PAPAYA POKPOK,1,0,37982
Fightin fool,3,4,494830
Hitori de daradara tekitouni,1,3,84806
MO GU,1,8,1552566
ALIVE,0,4,22986
H G,0,0,10759
The Northern Constellations,12,11,2237073
-,0,1,0
Solo-King,0,1,249561
conquer,0,0,200674
-,0,2,264828
Universitas Perkocokan,0,2,25963
Meerkat Assemble,0,16,5089028
Sentinels Arc,0,2,26870
SINOMAN,0,2,0
Government Program,0,6,61732
Reze,0,1,0
FBI 0pen The Door,7,4,339343
April Knights,0,1,4181
NB FOREVER,1,2,169416
Helios Phoenix,7,3,323859
-,1,1,172602
Filibusteros,0,6,1511559
Singosari,3,5,3673837
TRlUMPH,1,1,27043
X I N,0,2,554024
V A G A B O N D,0,2,706266
All Rise,3,9,1270358
Boar Army,1,4,281287
-,0,1,0
Farm Or Die,15,6,1849466
Endernations,11,4,495606
BeasTDaK,6,1,791536
Real ONE,0,9,1912988
After Cleric,0,4,49581
PSC,0,3,0
Blue coral,3,7,786454
-,0,4,124712
MoFuMoFu HEAVEN,1,9,444204
PLAC,1,12,2069845
Gondor,1,4,513563
World BOSS,1,4,648174
KongFu PanDa,3,7,900052
CCTV,0,0,1127053
conquer,1,1,135342
Villain Society,0,1,176819
SLAF,2,2,390479
PLAC,8,8,3800607
Real Man,32,35,11548630
VILLAINOUS,0,1,78038
-,0,1,124524
MiMe,0,0,10170
MoneyHunter,3,3,309281
Son Of Smuggler,1,2,79357
Invade,17,32,8720603
SilentMemoirs,2,17,325950
PLAC,15,24,14248690
Singosari,0,2,79958
Invade,6,4,2163986
Meerkat Assemble,7,49,18422745
K R U N G S R I,5,4,351330
BeasTDaK,15,16,5909665
Eternal Catastrophe,0,0,11045
Kendan,0,1,19440
CHILIS,12,21,25951079
RATS NESTT,15,20,11038559
nanjingdapaidang,0,5,3051
six doors,1,1,828698
Mika,7,19,5015897
All In Fighting,1,7,1113539
Battleborn,2,1,257930
-,0,1,0
Packet Loss,0,0,11784
KuromiO3O,2,8,3490143
Cum To Daddy,0,1,33098
I The Flying Dutchman I,25,7,6689627
F A M I L Y,2,2,852127
TRlUMPH,0,2,249325
1Mmortal,0,2,2631419
MooMoo,0,4,848272
Ayutthaya Warhost,1,2,78533
KATANA,0,1,0
Pierce,11,17,4638832
-,2,1,38369
Husky Empire,0,1,17127
Griffin Empire,21,15,4371062
Trash Panda Syndicate,0,1,13057
The Salty Chefs,15,19,5102122
Crazybabys,23,20,736087
-,0,1,0
BounTy_TH,0,0,20330
Family Type,0,4,79005
Speed Run,2,1,965215
-,0,1,0
MoFuMoFu HEAVEN,0,1,0
RESPECTED FAMILY,0,2,0
B o S,1,0,58742
snow forest,9,8,5920200
You Shall N0T Pass,0,1,245038
-,0,0,23184
-,0,1,0
YIBAMBE STRONG,4,1,385905
-,0,1,0
Meow Immortal,0,2,11584
Chikipi,4,24,9705924
HYBRIDS,0,2,1002120
good bomb,0,2,1429083
Dummy The Bum,0,1,0
Vladivostok,0,1,0
Tarumanagara,1,3,4824
CHILIZ,78,28,27817672
The Northern Constellations,1,4,522947
-,1,0,48996
RABBIT RAIDERS,0,2,229838
The Northern Constellations,1,4,223385
Fortune Bank,1,1,88178
-,0,1,0
SPES,3,2,99405
MELEE,11,16,5583184
An Guild,5,4,517328
Reject Snow,7,0,394702
BeasTDaK,1,0,156034
THEMERCENARY,0,2,8109
THE WARRI0RS,1,1,239947
-,0,1,0
LOLI BOMBERS,14,3,403542
EggorT,2,1,11784
Meeting Stone,0,2,435626
Future Party,36,13,20086649
VIET NAM ssm,1,4,64584
Snowflakes,55,45,45859943
MaFuMaFu HEAVEN,0,1,0
-,0,0,54589
-,0,1,141961
C O GREE,0,0,106763
REDEMPTION CODE,0,2,0
Laughing Boulevard,4,1,469000
Demon Fang,2,1,642721
Wysteria,0,25,4479618
FOR IN FIN,0,2,42244
GIGAN VIII,0,10,679600
Invade,1,3,646410
Brightshield,0,0,2105
Free Butterfly,0,1,0
Tree Viper,1,4,381230
-,0,1,121927
Government Program,2,1,31788
NYKD,2,6,1071610
-,3,3,1447812
1Mmortal,152,41,34801618
Western Paradise,1,1,1423119
-,0,0,17418
Concordia,0,2,28979
Griffin Empire,1,4,552051
CHILIS,3,4,1556554
KajiRingo,0,1,0
Anggota-DPR,6,11,368011
CHILIZ,29,18,18499366
-,0,1,0
BeasTDaK,11,14,5051949
Understand,4,3,716355
HaChiu,6,6,361028
-,1,1,267164
Children Of The Dragon,47,33,10400747
Driffter,0,1,157779
I The Flying Dutchman I,66,21,24712625
Tengkorak,0,1,56830
Tamilaga Vettri Kazhagam,0,0,20167
Dark Looters,36,4,1425395
CapybarAAAA,1,2,491336
NRP,0,0,40850
-,0,1,249101
-,1,7,135585
WINDPhoenix,0,2,0
BLACK BANDIT,7,9,1437894
Mamboo,0,2,47243
QuQnnTATnnOvO,1,1,218418
O R C H E S T R A,0,1,18712
Boar Army,2,1,744774
Dragons Breath,1,6,282430
Singosari,0,10,119182
V1OLET,0,0,106896
G U N N E R,0,1,0
1Mmortal,0,3,5053564
DIU LUN 7 NEI,6,1,795068
Singosari,0,0,885473
Azurel,4,4,834618
Invade,6,8,1038510
The Lonely Moan,2,0,108030
Meeting Stone,4,23,4992186
Another,2,7,11396333
HelIo Kitty,1,0,182250
Lazy Bear,3,4,94192
THE RELATION,0,2,17585
Albions Ark,4,5,981967
I The Flying Dutchman I,12,13,9111193
eRa Empire,1,1,417921
Red Circle,65,62,5024394
SO EZ,11,12,2043484
BLOB,0,3,40382
GaoLaoZhuang,0,0,95929
NANXI,2,1,152307
NULL,1,2,237306
-,0,1,0
Meow Immortal,4,2,365154
Dreamweavers,2,7,400476
Heartsteel,17,24,3293007
great hammer gang,2,2,229547
Silent Storm,0,2,240302
Meeting Stone,1,9,443330
One More Times,0,1,35036
-,2,1,115989
sidsid,0,2,0
S Z P,8,1,503915
Crush,2,1,34209
Civic,0,4,393852
NJANS,0,4,23328
-,0,1,18792
-,0,1,0
-,0,1,0
GeraldNett,1,11,225624
-,0,1,16955
MARTLOCK LEGION,0,1,0
SOLAR BENEDICTION,0,2,0
-,3,3,1232405
1Mmortal,96,16,21575896
ACM,10,8,7930055
CCTV,37,5,8178995
AK-47,0,2,0
-,1,0,77498
Meow x Meow,4,9,735162
DEVIANTS,2,0,75721
GARUDA,0,2,20620
MoFuMoFu HEAVEN,2,13,56579
BigHole,0,0,30104
Blue coral,17,17,2718536
P R O U D,1,3,17747
COALITION,0,3,177387
TAKEDA 24,0,1,151676
PalaceGUARD,1,2,204423
The Castle Knights,2,2,141253
Conscripted,10,13,13042096
-,1,3,17674
Albions Ark,0,2,298397
-,0,1,56375
The Northern Constellations,2,4,942986
UnifyVN - 304,10,4,3780114
Western Paradise,0,10,3170409
Wavei,2,1,188426
TiGiGi,1,3,111592
JOLLY,0,0,77182
Laughing Boulevard,7,1,1106136
F A M I L Y,23,9,4515892
NGGang,0,2,0
Kunfayakun,2,2,297232
Knight Shield,0,1,0
-,0,2,23932
MABAR,0,1,11487
Death Of Ava,0,1,18460
B L O O D L U S T,0,1,0
QWEWQ,0,0,111350
QuQnnTATnnOvO,4,0,153289
F A M I L Y,7,1,699840
Sentinels Arc,8,10,360260
eRa Empire,0,2,25462
Green Shadow,0,1,103414
SOLUMBRA,2,2,16710
Absolute Dragon,14,23,718290
HANSALDISINKAT,0,0,2933
Baby_Paradise,1,0,4862
CHILIZ,4,4,11658125
REDHAWKS,6,9,283264
Screamy,0,1,0
-,1,2,151601
Dou bao,0,0,236780
Boar Army,0,1,38451
Summers,1,0,112523
Griffin Empire,16,6,6719266
Chikipi,0,6,524564
WAKE UP DOGS,2,0,759161
Warhammer Defense Core,0,1,81940
-,0,0,17859
Coup de grace,0,1,0
GOBLINS,11,9,6658960
MO GU,5,12,4654066
G U I L D,0,2,46294
Crusader Kings,8,12,6241746
9INE,89,30,21238929
Stellar Alliance,1,0,20689
BajakLaut,0,1,0
Dark Soul,5,8,440078
Once Upon a Time,9,2,1298062
Invade,0,0,338020
RUBRA VINDICTA,0,0,30839
Kunfayakun,15,6,898768
PalaceGUARD,11,6,1950327
The Boyz,6,5,610264
GTO Nazarick,1,4,72836
Pierce,1,9,3232553
Sapling-MIU00,5,10,259081
The Lonely Moan,0,1,43900
Guerilla Warriors,0,1,0
UnifyVN - 304,2,3,2187495
The Wardens,0,0,15814
Forever Night,0,1,127946
Sunset,32,28,10297306
Whispering Deer,0,0,34004
F A M I L Y,2,0,479910
Call to Heaven,0,1,32665
Screamy,1,2,218444
The Northern Constellations,6,4,373046
-,0,1,16191
TESTUDO,1,0,270430
ROYAL,1,2,196358
THE WARRI0RS,0,1,19737
TRlUMPH,0,0,19855
Sourcemaker,0,6,271746
-,0,7,0
-,0,1,0
HIGH and Hungry,0,1,18206
KaLaewKaLad,3,2,675092
-,1,1,36364
GuGu GaGa,15,7,1628210
Gungn1r,0,2,0
Ban,0,1,39106
Meerkat Assemble,3,2,929441
Another,14,6,5214910
AK-47,0,1,0
TAKEDA 24,0,7,83943
Free Butterfly,2,5,198485
PalaceGUARD,1,2,457004
knightchullabbey,0,0,5821
The Scarlet Dawn,0,1,22624
Avalon Little Punch,4,12,968062
Du Liu De Ju Hui,17,12,1757763
CCTV,4,8,3686580
CHILIS,0,2,1630991
After Cleric,0,1,421822
CHILIZ,20,28,22908532
-,0,0,43118
Matcha Ore,0,0,27439
TRlUMPH,4,33,5869728
One More Times,22,6,1686161
Rescue Station,54,19,20723757
-,0,1,0
Future Party,17,45,21057032
-,1,3,109305
-,10,8,657377
Freedom_Castle,3,2,55747
GOBLINS,20,11,5471561
All Rise,30,35,9589842
I The Flying Dutchman I,32,9,16153957
Once Upon a Time,0,9,1198357
Legacy From Hunters,0,1,70675
ILLUSTRADO,0,0,33738
-,0,1,0
Sanity Eclipse,1,9,222434
-,0,1,0
VIET NAM ssm,1,5,154872
cat and rat,0,2,19975
Filibusteros,0,1,207114
SubuTai,4,3,1434964
BLACK Zazaa,0,1,0
ASCENDANT SUN,0,1,1688
-,0,3,0
-,0,4,66965
Ping300,2,3,296598
An Guild,12,2,936433
Chien Than,0,1,0
Meowfia,5,2,542809
-,2,4,202098
RYLs,0,0,142784
KumaKuma,0,2,250071
ETIQUETTE,2,13,2590769
SubuTai,1,6,2001107
Conscripted,0,0,876248
Kingdom,0,7,3119476
Shining Star,8,8,3511584
Freaky Fools,4,6,980425
PalaceGUARD,1,1,6537948
PLAC,32,21,10706163
THE RELATION,0,1,58921
HYBRIDS,190,22,10041274
Dread,13,6,1151535
Mango Bay,1,0,99744
Real ONE,22,4,3418801
KAI RUY,0,4,0
-,0,0,62732
RABBIT RAIDERS,0,1,488332
High Cards,4,4,282331
Boar Army,15,23,3493468
-,0,1,0
F A M I L Y,9,1,993862
-,0,0,14466
V1234,0,2,64988
gou8,2,6,1758925
YourLord,3,2,532274
P U R G E,0,0,210453
Masked Bandits,13,9,4419127
Enterprises,8,3,1598668
CRACKER,3,1,223456
Husky Empire,3,5,246982
Freaky Fools,1,0,56130
-,0,1,0
CRACKER,0,4,14997
koryen,1,1,144140
GUARDIANCATS,0,1,9016
-,0,3,57833
DDBS,0,6,11055222
Speed Check,102,21,4764278
Topspire,9,6,3288115
GIGAN VIII,0,0,139665
PalaceGUARD,24,22,10809462
-,0,2,0
-,0,0,79117
KPA,0,0,16017
keres,1,0,48240
REDHAWKS,1,7,127569
BlueOwl,2,2,472159
-,0,2,0
Mika,0,2,185401
PSC,0,0,176433
Boar Army,2,1,1308127
-,1,1,57231
papipum,0,0,16799
F R O Z E N,11,15,1223437
All Rise,10,6,3470003
PLAC,0,14,3819855
R O S E,4,8,3238928
Griffin Empire,0,0,396694
G U N N E R,0,0,111266
Fire Boys,1,4,35285
M A R S,4,5,347482
Real ONE,0,0,586333
-,0,0,14414
not cute anymore,0,2,0
THE WARRI0RS,0,0,13432
Dragon Blade,1,11,1888731
Boar Army,2,3,126657
Syndicate - C1,0,1,0
Edmol,1,0,8166
-,0,1,0
Old Singularity,1,6,423979
NO-RE,1,27,8431912
GuGu GaGa,0,1,0
Gold Pigs,0,0,1554139
snow forest,0,0,120840
123qaz,1,2,21581
F A M I L Y,15,10,10550399
Pierce,0,2,1502198
Real ONE,15,1,3492523
Dark syndicate Legion,0,1,0
welcome newbie league,0,1,0
SHOWTIME,0,5,593721
KnightfaII,0,2,26961
Judgementt1,11,17,6299635
QUARTZ,0,2,0
Royal Grand Order,0,1,165017
Unity Forge,0,2,0
Ashen Reign,0,2,65694
Psz,31,18,8382190
MINlONS,0,1,0
ISKRA,14,9,1115349
Auraka,2,0,70394
BlueOwl,0,2,0
Meerkat Assemble,0,0,3267
ERASE,0,1,570187
-,0,1,0
snow forest,0,11,4338576
Snow Angels,0,12,200408
MIKE TEA,7,2,1913759
Old Singularity,0,1,26627
Freaky Fools,2,8,590853
VIET NAM ssm,0,1,32750
RusuhDay,0,3,9124
-,2,12,257887
MafiaZone,0,1,180238
Prodigyy,7,2,1250078
BLACK BANDIT,0,0,78396
WARDEN-SLAYER,0,1,5059
10 My friend are coming Run,0,1,143800
Newtype,0,3,91081
-,0,1,12864
TEAM_MEMOL,4,0,327184
One Shot,1,0,43656
Sentinels Arc,1,4,50332
UnifyVN - 304,1,7,726737
Invade,1,8,2074598
-,2,0,116075
Cats Nest,0,5,811913
My Lethal Pony,0,1,100366
SUN RISE,0,1,0
-,0,0,7785
The_APEX,1,11,846729
CoCa1nE,3,2,269017
Earn money,6,2,668918
Pierce,4,3,519637
KEPOTISME,3,3,274263
CoCa1nE,2,3,274664
Big mom,12,29,13852622
-,1,0,65747
Mathias,0,3,201857
LYM PORTAL,2,2,24863
Knights of Azeroth,0,2,12578
CHILIS,19,7,1607046
CHILIZ,62,31,18471043
Wicked Croc,0,2,28414
CHILIZ,2,22,13225610
-,7,1,383036
Freaky Fools,0,0,150618
SERELIC,0,0,15973
-,0,1,0
-,0,1,66945
-,0,1,0
SideQuest,1,5,4840861
Meow x Meow,0,4,145200
DOKDO,0,2,33272
THE AULIA,1,0,11720
Lube Core,0,0,3162
Circus,0,1,29146
QuQnnTATnnOvO,0,4,221449
ALAS KWATRO,0,1,0
Boar Army,0,2,0
KUMA,2,3,642735
Call to Heaven,0,1,0
F R O Z E N,0,0,11404
-,0,2,21490
GARUDA LEGION,0,1,2203
Chosen Few,0,7,78478
B L A C K P E A R L,0,3,9596
-,0,1,0
AK-47,7,10,1351929
HaChiu,0,7,448530
Mika,0,7,745902
Mammoth King,15,8,6932945
Mika,21,21,5294669
Mammoth King,21,2,2588225
RESPECTED FAMILY,0,2,5818
Jia Nan,0,5,76175
CHILIZ,23,15,16455208
Peng Lai Xian Jing,0,0,11857
Arena Ghost,0,1,0
Rescue Station,16,11,11086065
-,0,1,0
-,0,1,4813
Albion Newbie Home,0,2,0
Blue Phoenix,0,0,103344
The Loot Goblins,4,0,188306
-,0,3,13323
itinerary,1,5,67930
Give me the money,0,1,0
Karmic,3,5,139094
I The Flying Dutchman I,0,0,16523
Mam-moth,0,2,0
H U P,7,16,1209898
ONE KILL,1,0,15764
-,0,1,0
-,0,0,3052
MoFuMoFu HEAVEN,0,2,13674
-,2,0,1157234
NekoParadoxia,0,0,45684
KATANA,11,12,1451220
The Neighborhood,6,9,633120
PSC,44,9,3978083
Speed Check,10,11,1331828
Pierce,0,1,580365
Battleborn,0,0,220466
-,0,1,0
Griffin Empire,4,4,4248320
Karmic,2,7,569171
CHILIS,1,16,9388052
CHILIZ,0,17,4920973
-,0,6,144085
HXNTERS VXPERS,2,6,252558
Luminaries,0,1,0
Laughing Boulevard,3,3,449778
Demon Fang,0,3,148812
-,0,1,0
-,3,1,310144
SHOWTIME,5,14,2884876
-,0,1,0
GG969,1,3,27675
Western Paradise,42,24,9482586
Master Siomai,2,7,192531
R O S E,0,0,915664
VIET NAM ssm,0,2,11280
-,1,0,194232
CHILIZ,5,5,2767533
Griffin Empire,0,2,512905
-,1,1,273770
The Lonely Moan,7,8,626720
not cute anymore,11,16,2482845
R E V O L U T I O N,1,3,94142
WINTERZ,0,1,0
gou8,17,4,1241648
My Lethal Pony,3,5,796532
SHOWTIME,0,4,1268874
I The Flying Dutchman I,18,6,6308958
Execuduros,0,1,65487
Laughing Boulevard,8,4,2652858
TONPA GANG,1,3,165520
Boar Army,0,14,2704830
GenG Abang Tikus,1,0,44181
Circus,0,6,81567
B L A C K P E A R L,0,5,522873
Conscripted,0,0,129071
TheGreyKnight,0,1,128720
Invade,0,5,289821
-,0,2,36199
-,0,2,0
OLENG,0,1,4040
MARTLOCK LEGION,1,3,229856
Arena Ghost,0,1,0
Astartes,6,0,371217
PLAC,1,4,976782
THE DAILY CHILL,0,0,2315
CHILIZ,38,28,34932963
F A M I L Y,2,0,526629
Dark Soul,0,0,23140
HIRAYAH,13,16,1377487
Ping300,5,2,1895775
CAERLEON HOTEL,0,0,1700
-,0,1,0
Minerva-X,1,1,41467
Blue coral,1,0,101227
Logarithm,0,1,0
The Northern Constellations,13,12,1594052
BLOOD OMEN,1,2,30723
-,1,1,92204
BGC,3,2,38472
itinerary,1,2,353571
Coup de grace,0,1,140172
Noob Family,3,2,190039
Karmic,0,1,101801
Chicken Nuggets,2,0,114221
Another,44,25,17499102
CHILIZ,20,24,8844562
-,0,1,0
Helios Phoenix,2,8,2421706
The Betrayed,0,1,60787
-,1,0,80324
Laughing Boulevard,15,8,2539927
-,0,0,9372
One More Times,15,15,3633402
KongFu PanDa,0,9,2903109
snow forest,48,28,16459115
MoneyHunter,7,16,1654646
Arena Ghost,0,1,0
-,0,3,0
NobleBloodline,0,0,5625
QUILL,0,1,9060
One Shot,0,0,3645
FLOPIT,0,5,62484
P U R G E,8,1,859746
-,3,1,170957
GIGAN VIII,3,15,1131342
Meowfia,1,0,14420
-,0,2,0
THE WALKING DUTCHMAN,0,1,0
Farmers Family,0,1,0
NekoParadoxia,0,0,45684
BajakLaut,0,0,26669
Tree Viper,68,41,14921506
Griffin Empire,18,19,8015170
eRa Empire,0,1,6620
GuGu GaGa,24,20,6361638
Dread,3,5,331154
Topspire,0,0,27221
Crusader Kings,35,33,9746613
9INE,54,19,12963509
CENTAURI,2,3,175550
Buccaneer,0,4,13970
Oops You Died,0,2,39488
MALIGNANT,0,8,2171614
Invade,2,3,1012559
Cat Love Fish,0,1,0
Nemo Nemo,63,30,14962520
Creation Camp,1,4,65217
-,0,1,1815
CHANG,0,7,77673
-,0,2,0
Creation Camp,15,3,316254
TAKEDA 24,4,8,762080
Singosari,0,0,53354
I The Flying Dutchman I,11,6,15301036
Guardians of Albion,0,1,3092
Verdant Ledger,0,3,5030
CHILIZ,1,25,8319674
Heaven Knight,2,3,476710
-,0,0,14890
The Myth,8,14,3632734
KALONG,6,2,1108285
Lumi,1,1,23954
THE WAR,0,2,15921
ZeroToleraNce,0,0,5951
Mighty Warriors,0,1,0
HIDUP INDAH,70,10,1889003
-,36,10,3331651
OneG0LD,0,3,109809
MO GU,0,2,1985972
I The Flying Dutchman I,42,6,31959641
ONG BUT,0,8,29511
-,0,1,6785
No Picture,15,5,1776522
-,0,4,0
S Y N D I C A T E S,10,9,801380
Shining Star,18,3,552416
-,0,0,512255
CHILIZ,6,30,6361028
Lastlogin,7,12,1234938
FAKE INFO,5,0,315521
Hong Xing,0,1,0
Gold Pigs,2,2,533868
Meeting Stone,12,3,2714854
BAU BAU,0,1,109333
-,1,0,74457
So Chill,1,2,148068
M A R S,0,1,0
Shark Chew Toast,1,0,36843
-,3,16,344491
BLACK BANDIT,5,14,1168839
Legion of Doom,0,1,5002
HARMONI,0,3,10845
QUILL,1,15,1217515
grlln,2,0,130890
Chikipi,1,11,4913206
PLAC,0,1,3587678
CHILIS,14,9,8676072
Invade,1,5,1667476
ENDANGERED,11,13,2512410
RoyalZenith,5,0,50732
Sunset,0,19,5096385
GOBLIN,0,1,0
Battleborn,0,6,17938
CASH CORE,0,2,10468
CoCa1nE,4,8,724421
Gungn1r,0,1,25098
BORNEO Lands,3,3,70838
ETIQUETTE,0,4,702415
V1OLET,1,0,132957
CHILIZ,0,10,9128703
CVLT,3,0,274867
The REVENGERS,2,0,275593
ETERNAL CRUSADE,0,1,96317
-,0,0,2920
-,0,1,0
Red Circle,8,12,714811
QUILL,1,7,103551
-,0,1,0
SHOWTIME,42,15,4979045
Once Upon a Time,75,10,15354401
Invade,5,22,5321268
Azurel,16,10,6223533
Future Party,0,7,656842
pig bank,1,9,212103
BLOB,0,2,114177
Inevitable Glory,0,2,153364
Bretonnia,1,1,47533
Stellar Alliance,10,3,2235897
No Picture,2,2,285636
MANIFEST,2,0,447476
A p os t l e s,1,1,85047
Screamy,1,1,8275
-,24,19,4752549
Sea Lion Victims,14,6,2735345
FurrPect Syndicate,1,1,161955
GAMZA,0,0,114055
66123,3,6,231367
V1OLET,1,4,400310
-,0,1,52933
AFTERMATH,1,2,475078
GTO Nazarick,0,3,29210
Battleborn,0,0,5493
Coup de grace,0,2,190454
Crusader Kings,0,2,250421
overbudget,0,0,18712
KongFu PanDa,1,5,1570343
PLAC,7,14,5426139
Speed Check,4,1,48023
House Highwarden,1,0,8307
-,0,1,1671
HeIIo Kitty,172,17,36424055
HelIo Kitty,33,5,12651660
KUMA,18,13,2467898
MO GU,1,14,919759
CRIMSON CONCLAVE,4,4,349824
Understand,4,11,1143580
FxxK,0,4,1270703
conquer,12,10,1946484
Mika,8,5,4026760
Hei Hitler,17,10,6452084
Dog Slayer,237,11,9278970
-,0,1,0
not cute anymore,1,7,945047
P U R G E,58,5,10173655
SHOWTIME,19,3,2030999
-,0,1,0
P U R G E,1,0,1649345
F A M I L Y,0,1,0
gou8,5,2,1286518
Semut Loncat,0,0,3392
Coup de grace,0,1,1609
-,0,2,16443
GRIEVING-SOUL,5,4,287748
-,0,0,66302
POOPII,1,1,63451
Warhammer Defense Core,0,4,31675
RABBIT RAIDERS,0,1,0
Meerkat Assemble,6,15,3983693
CapybarAAAA,6,8,920361
Never Regret,1,0,133682
Pandora Universe,3,0,166553
CHILIZ,27,33,16768403
Free Country,0,0,9945
The Myth,8,42,5760575
Singosari,7,6,344680
R E V E R I E,9,11,2526632
-,2,1,356949
Warhammer Defense Core,3,7,295350
snow forest,2,2,981257
Level-99,0,4,47499
Nemo Nemo,0,3,952125
nanjingdapaidang,2,6,143472
Never Regret,0,0,28377
Never Regret,1,1,51469
Trail mix,0,1,25957
-,0,3,61140
overbudget,2,3,199158
O U T L A W,0,1,0
ENDANGERED,26,16,10568304
PLAC,0,0,757207
Buccaneer,0,2,14566
Pierce,36,15,3610639
Kingdom,0,1,0
F R O Z E N,0,1,0
321 Demass,0,2,0
VINA HOUSE,0,1,83600
-,0,0,13857
Invade,24,9,3670349
MIKE TEA,0,2,512674
DlSBAND,8,10,1989228
GIGAN VIII,18,5,1837183
-,0,2,0
BlackSlaveNo01,0,0,118361
BangCuopLuongSon,2,5,805342
I The Flying Dutchman I,3,28,10291567
Griffin Empire,0,0,56998
H a n a k i r i,4,0,105796
V A G A B O N D,1,9,3814966
BeasTDaK,0,1,471938
BLOB,0,1,22420
Elysia Herrscher,0,1,0
Children Of The Dragon,1,1,625615
Griffin Empire,6,4,1372181
Conscripted,0,0,30627
Big mom,1,4,1346920
DDBS,6,13,13114081
HuaDaBin,8,1,1442291
TEAM_MEMOL,3,1,403463
CHILIS,1,4,394386
CHILIZ,0,0,68357
MAX VERSTAPPEN,8,3,722404
The swallow,15,10,4099030
Gold Pigs,4,24,1360096
CCTV,8,5,1749237
SubuTai,2,5,1146947
1Mmortal,0,0,99515
P U R G E,7,3,988992
Helios Phoenix,8,6,1325294
MoneyHunter,6,3,153951
Dog Slayer,1,4,1921528
-,0,0,124168
HIGH RISK HIGH REWARDS,5,2,47875
Meerkat Assemble,7,35,15437339
GLORY OF APOSTLE,0,3,1187
JOLLY,0,0,77100
R O S E,0,0,105758
Another,46,6,11050610
Menhera,1,5,2736472
TWO MAN ARMY,0,1,0
Creative God,0,2,3070
pig bank,1,0,128957
Chosen Few,0,1,24200
Marlotck In Heart,0,1,0
Real ONE,43,18,15059298
After Cleric,0,2,557256
House Highwarden,0,2,0
Topspire,8,1,809797
CHILIS,2,2,1059732
Conscripted,27,5,4520143
Speed Check,100,21,11117589
ADAPTADOS,0,1,0
MINlONS,2,6,2668211
SLAF,0,1,0
Old Singularity,0,3,28218
-,0,1,185878
ASIA OFFLINE,0,3,12666
-,2,1,111395
Guerilla Warriors,2,5,89086
Frostborn Exiles,1,3,118855
PSYKOPATH,0,1,0
HIRAYAH,0,2,592056
-,0,0,2424
Forever Night,1,3,283609
KUMA,0,0,54270
The Boyz,1,1,146235
Invade,0,2,475067
Western Paradise,28,19,9505889
-,0,1,11340
Solo-King,0,0,107810
ENGAGE ON ME,4,6,159173
CalistaZ,0,1,0
-,0,4,15995
GOBLINS,6,12,5883039
TGIF,21,13,9666151
Future Party,51,15,11580239
Jagdgeschwader 52,1,2,638642
ENGAGE ON ME,0,0,504831
ENGAGE ON ME,5,3,64811
Griffin Empire,0,1,533780
x SleepinG ForesT x,0,1,0
-,0,0,32885
The Northern Lands,2,5,273391
Mogu,0,1,73002
-,1,1,233040
RYLs,0,4,19613
The Black Banner,7,3,323475
Guardians of Albion,0,6,9360
The Boyz,2,3,512204
TONPA GANG,8,7,1112559
CHILIZ,1,31,13337694
WINDPhoenix,0,1,13212
-,0,3,0
I The Flying Dutchman I,6,14,9145310
Old Man,5,7,966949
niubidian,0,1,0
-,1,3,13790
WADIMOR,4,12,392302
ENGAGE ON ME,0,2,61382
Children Of The Dragon,6,10,575783
-,0,8,219039
Griffin Empire,0,3,839517
S D G,4,14,1753897
PARAG0NS,0,1,10670
THE KEGAI,0,1,21737
-,2,2,43346
Children Of The Dragon,3,1,168235
UnifyVN - 304,1,2,80213
B L A C K P E A R L,1,1,38092
C O V Y,0,1,28201
Dragon Blade,16,16,2461457
Kids On The Move,0,4,2641
Spero Spera,3,5,346410
1Mmortal,33,33,27789096
HappyDay,1,6,2283477
Sapling-MIU00,2,2,156790
Old Man,2,7,1004577
Jakol Hero,1,1,800991
I Check Mate I,2,0,236828
Skip Tutorial,0,1,0
Children Of The Dragon,11,2,2933749
Once Upon a Time,2,1,906285
Real ONE,6,3,1915533
EL FAMILIA,5,3,199676
-,0,1,0
GIGAN VIII,0,4,169295
QuQnnTATnnOvO,18,41,9455486
Fameta,0,1,1798
Free Butterfly,0,1,51713
GOBLINS,2,10,4626731
-,0,1,36609
Astartes,2,3,40672
F I G U R E,1,8,5389691
K R U N G S R I,4,9,510994
AK-47,0,2,0
Crazybabys,0,1,0
Egg League,0,1,0
Earn money,4,0,699501
Speed Check,2,0,99685
THE SIN OF GREED,0,3,137682
PLAC,55,12,31485816
pig bank,0,7,38885
Never Regret,0,1,0
Dou bao,8,2,1227398
-,0,4,95335
Helios Phoenix,12,8,1194063
The Neighborhood,0,0,51861
Call Of Silence,0,1,0
GARUDA,0,9,86517
-,1,4,573295
Speed Check,32,16,2000956
AAAAA,0,3,163185
BeasTDaK,3,1,742092
COALITION,0,1,0
R O O K I E S,10,3,2012490
-,0,1,23811
H N D,0,0,45570
P U F F,0,0,39874
I The Flying Dutchman I,6,2,12768926
-,0,0,4738
SERELIC,0,0,17097
Pierce,0,1,90592
-,0,0,15580
3Gs,0,0,133191
-,0,0,125704
CapybarAAAA,17,32,7383858
Topspire,8,3,4473021
Topspire,0,2,592821
-,0,2,0
EQMS,4,2,1112307
Gungn1r,1,2,221981
Take Care Your Ass,0,1,0
CoCa1nE,0,0,197977
ACM,0,0,20506
FROSTBITE STRIKERS,1,7,267978
CapybarAAAA,27,8,988872
God_Of_War,3,1,417240
BeasTDaK,24,26,8710768
Conscripted,0,2,0
mechanical,5,6,685868
-,0,1,0
Cucky Sucky,1,0,50817
Dreamweavers,4,16,242171
Meerkat Assemble,5,10,4749349
-,0,2,9667
Trying to be,2,3,139272
FLOPIT,0,1,33055
MoneyHunter,0,1,39020
WhiteSuits,0,1,0
SHOWTIME,1,8,1427075
Voidbound Order,0,1,0
-,0,1,0
Ascensum,0,1,0
CCTV,16,10,5133025
-,0,1,0
Space Wolves,7,13,185154
WADIMOR,9,1,416447
-,0,2,95433
Hei Hitler,8,14,6073418
Grindval,0,1,9036
Forever Night,15,6,1342501
-,1,3,458277
AFTERMATH,0,0,637548
China,0,1,565356
Boar Army,19,2,6347782
GuGu GaGa,39,20,10125768
Tcho-Tcho,0,0,452367
BeasTDaK,0,3,806661
-,0,0,19571
Gold Dropped,0,1,0
Forever Night,2,5,1890543
K R U N G S R I,2,2,98748
Forever Night,3,2,104238
Dotorii,0,4,311456
Red Paw Gang,1,3,233291
Chosen Few,3,2,204370
CHILIZ,46,9,12030445
After Cleric,2,3,1316300
CHILIS,15,3,4706383
-,2,2,110480
-,0,6,184952
AK-47,4,13,987324
OLENG,0,1,0
CRACKER,8,4,480231
Stellar Alliance,4,16,6330467
Ox_Shepherd,0,1,38254
Meeting Stone,5,8,1645530
OneDone,2,2,755215
Psz,2,1,1245136
AfterL1fe,0,1,77840
God_Of_War,0,2,111698
A X E,0,3,23977
Gold Pigs,0,2,270998
I The Flying Dutchman I,0,5,4763035
The Myth,0,3,0
Government Program,3,9,85184
IRON BONES,0,1,0
P U R G E,11,0,1429828
Kingdom,3,2,543927
RESPECTED FAMILY,1,0,16443
-,0,1,0
80S Guild,0,1,10329
Free Butterfly,2,7,564042
KongFu PanDa,8,46,19349872
Freaky Fools,4,5,2812649
F R O Z E N,0,0,146159
The Black List,0,1,0
-,0,0,3405
Real ONE,13,8,6967594
After Cleric,3,2,1969831
RecaII,0,0,168879
Griffin Empire,2,6,2056289
-,0,1,0
Kunfayakun,3,3,193979
SilentMemoirs,0,1,0
Skip Tutorial,2,0,131836
B L A C K P E A R L,6,1,504274
Noctis,2,2,98231
-,0,1,3290
Lym World,11,13,950840
Azurel,2,5,723495
Husky Empire,1,4,93766
VIET NAM ssm,1,11,14935
Black M0nkey,3,1,1168194
Griffin Empire,14,20,2979574
Evangelion,1,2,111433
Snow Angels,1,8,77212
Children Of The Dragon,2,0,883977
F A M I L Y,18,5,7965670
GIGAN VIII,55,29,4512288
One More Times,0,1,46231
Freaky Fools,0,4,0
GaoLaoZhuang,2,1,139365
PSC,0,1,57603
Invade,1,4,1196605
Shut It,1,1,176483
eRa Empire,0,2,334827
Old Man,10,13,1357466
A X E,13,33,2237758
CoCa1nE,3,3,756881
PalaceGUARD,7,2,654376
Future Party,0,0,2403822
F R O Z E N,0,1,35990
Gold Pigs,1,3,1469702
Boar Army,10,6,2803225
Minerva-X,4,0,828366
Skip Tutorial,1,6,93008
First love,0,2,5976
PSC,7,1,1374036
-,2,1,319760
Yuzi,1,1,50700
-,0,1,1257
AAAAA,0,2,10615
Conscripted,0,5,1076716
Western Paradise,4,5,778795
Skip Tutorial,1,2,42851
The Lonely Moan,35,12,3915990
First love,0,4,477008
TRlUMPH,48,21,9221393
MINlONS,0,1,266781
CHILIZ,98,24,22431282
Invade,0,8,907076
Chikipi,4,2,1622259
GARUDA LEGION,0,3,18002
PAPAYA POKPOK,0,3,1098763
temporary organization,0,5,109064
Real Man,6,11,881791
Singosari,0,14,142618
The Black List,0,2,14944
-,0,0,6627
UnifyVN - 304,0,3,175952
Freaky Fools,29,15,3130424
Galthering,1,3,28120
-,0,3,0
Kingdom,2,0,386774
BeasTDaK,18,9,5414040
GIGAN VIII,0,0,463608
Mimimaomao,0,1,0
MARTLOCK GUILDS1,0,1,0
Titan Blaze,0,1,5805
Meerkat Assemble,3,13,17650257
GOBLINS,0,11,4086769
MEN of Disorder,0,5,0
-,3,8,233791
Frostborn Exiles,2,4,307949
PLAC,0,1,6081726
TAKEDA 24,0,1,10587
Marlotck In Heart,0,1,108273
Singosari,9,14,1814086
-,2,0,102692
The_APEX,0,11,102792
Elitist Vanguard,0,1,27376
-,0,3,44718
SubuTai,2,8,874056
-,0,1,0
CHILIZ,0,11,4032193
Dotorii,0,4,156293
HuaDaBin,3,7,1200473
B L A C K P E A R L,0,2,57084
Green Knights,0,2,28735
-,0,0,6275
AlwaysAttackByBird,1,3,95238
Heartsteel,31,12,2921462
BounTy_TH,0,1,20330
Elimination,0,1,0
Finish,8,6,1131722
PAPAYA POKPOK,0,0,39479
Boar Army,1,2,39203
PLAC,7,45,17453530
Western Paradise,1,44,5984043
Real ONE,59,17,13593451
After Cleric,3,4,1243663
MoneyHunter,0,1,0
-,0,0,4364
Invade,17,28,6030115
Dark Looters,0,1,0
Sahabat Bulu Burung,2,3,85817
Karmic,24,24,2603564
321 Demass,0,6,7186
Another,1,1,123129
Blue Phoenix,1,3,830357
Meerkat Assemble,0,9,784457
A X E,1,7,251964
ALBION AFTER S3X,6,12,865503
Conscripted,18,9,8479509
Cruciata,6,6,2544199
CAOTAIBANZI,2,1,298783
Snowflakes,32,8,4672173
The Question,3,0,174382
CHILIS,30,8,5178551
CHILIZ,19,3,3437028
F A M I L Y,16,2,2369095
MAX VERSTAPPEN,56,35,7864720
All Rise,31,28,14827630
Minerva-X,3,2,389483
The Undead Angels,0,2,0
asile,0,1,2739
Invade,3,0,2636898
God_Of_War,8,5,1173614
The SUN God,3,9,1037329
Guardians of Albion,0,1,28030
Asian Power,1,5,204015
Baby_Paradise,1,1,21822
Sheeehsss,4,1,229846
FrayainT,0,1,41279
H N D,0,2,56458
P U R G E,1,1,271366
HELIOS KNIGHTS,3,10,394197
Harmonia Eternity,0,0,7295
-,0,1,35931
Vinland Saga Ganker,0,1,263692
CVLT,15,9,1714019
CAOTAIBANZI,37,16,2193973
Mika,23,27,4211865
Earn money,5,4,6487871
CCTV,5,5,2925872
-,0,0,24624
GOD EATER,5,18,1510005
itinerary,2,3,94782
Ordo Musaceae,0,0,16910
-,0,1,0
The Myth,1,5,1147816
Snow Angels,7,3,117664
Mananestra,0,3,38683
COALITION,6,32,3203115
Helios Phoenix,0,9,2189498
I The Flying Dutchman I,32,27,17573390
THE WARRI0RS,1,0,404695
Filibusteros,3,3,643780
Cut Throat,2,0,1003247
PVP With Me,4,1,793285
Mighty Warriors,0,0,3139
OneDone,0,4,127040
R E V O L U T I O N,3,9,327623
not cute anymore,3,7,634706
-,0,1,0
TRlUMPH,1,2,14176
-,0,1,0
-,0,2,3910
MafiaZone,0,0,121445
Minerva-X,1,4,765412
Brightshield,0,1,0
V1OLET,1,9,1113610
-,0,1,0
Gondor,0,4,0
MiAyam,0,1,2895
Griffin Empire,5,17,3398344
THEMERCENARY,1,7,80752
PLAC,53,19,9924645
The Loot Goblins,0,0,468831
CapybarAAAA,39,6,2364345
eRa Empire,0,1,0
D R E A D W A T C H,3,3,380251
SpartanS 300,1,3,28532
Tarumanagara,0,2,210603
Meerkat Assemble,24,31,20042756
Eagle Army,1,0,50677
-,0,1,14784
Sesame Street,0,1,11849
Civic,1,4,395275
TRlUMPH,0,15,660943
God_Of_War,5,9,541247
KuromiO3O,0,0,631440
Mika,9,5,793418
Future Party,59,25,14495475
Crimson Majesty,3,5,1288756
GIGAN VIII,3,9,1933768
Nellie,3,12,394440
Meowfia,0,0,192442
snow forest,13,6,5103384
GRIEVING-SOUL,0,2,420057
I Check Mate I,0,1,484979
Children Of The Dragon,86,13,4432627
LaiFaNongDer,0,1,976034
OneFame,0,2,22804
MO GU,3,8,2519400
-,0,1,0
Demon Fang,2,0,100044
CHILIS,8,3,1953003
CHILIZ,61,16,13561542
Summers,28,6,3098550
Screamy,0,1,2110
Imperion,1,2,85666
Filibusteros,0,0,53300
Coup de grace,0,1,21046
-,0,1,9890
BEAST BABY,4,7,1801148
-,0,1,0
All Rise,1,8,1179439
-,0,1,0
RIP N DIP,5,4,79569
QuQnnTATnnOvO,18,34,1864544
PLAC,0,1,171558
Crazybabys,0,1,329180
PLAC,39,33,14961936
Dragon-Mi,28,9,6379035
All Rise,2,10,1298843
cai bi,1,0,181001
GOBLINS,6,5,1377618
Singosari,1,1,377013
WARRIORS,0,0,2946
COOKED NIKKAS,0,0,680
RecaII,1,1,337562
ENGAGE ON ME,1,3,70696
Red Paw Gang,5,8,505449
THE WARRI0RS,1,13,1658086
KaLaewKaLad,1,6,964709
From Zero,8,16,600850
-,1,3,42887
Astartes,0,4,25980
Dragon Blade,0,2,66876
HuaDaBin,0,3,1087639
Psz,2,28,8374424
MO GU,11,15,4590509
F A M I L Y,0,2,0
Crusader Kings,71,17,9328641
Rescue Station,32,24,10599848
new boombap,0,0,813503
Boar Army,0,0,280531
Dou bao,1,3,4175976
-,0,2,2096940
RABBIT RAIDERS,0,2,0
PAPAYA POKPOK,98,27,14833391
Cut Throat,17,3,1146970
Filibusteros,1,0,638146
Man Down,0,1,0
GOD EATER,0,4,677726
TRlUMPH,0,1,0
-,1,0,549973
Bretonnia,4,3,418663
SINGAMAS XI,0,3,0
Xandros,0,1,0
TAKEDA 24,2,2,130572
C O V Y,1,1,6811
SINGAMAS XI,0,1,15582
-,0,7,0
Forever Night,2,1,53007
Kingdom,0,2,144718
-,0,4,324740
NO-RE,0,10,1530545
THE WARRI0RS,0,1,6450
FISH GANK,0,1,8283
-,0,1,1434
GOD EATER,3,1,805533
xCUTIESx,0,1,162492
CapybarAAAA,0,1,216102
-,0,0,5572
Real ONE,19,5,9119566
After Cleric,5,1,621665
BeasTDaK,3,3,1022573
All Rise,46,18,11316292
TRlUMPH,0,1,61096
TESTUDO,0,1,128753
F I G U R E,0,5,2084198
Another,4,22,7349456
-,0,1,0
-,0,1,0
HappyDay,17,4,848011
conquer,4,6,1229710
Sigma Man,0,3,336581
snow forest,0,11,6925852
MO GU,3,14,3333358
F I K A,5,11,3577678
Second Fear,0,1,543121
Anggota-DPR,3,5,333490
Legion of Frost,0,2,0
UnifyVN - 304,1,0,504480
-,0,1,18813
hua,6,7,757515
Tengkorak,1,1,249317
Family Type,0,0,311631
TONPA GANG,2,8,1233233
Pierce,0,2,1532905
-,0,7,635805
Biu BiuBiu,24,15,1624997
GOTHAM KNIGHTS,9,2,315977
-,1,2,53044
Real ONE,23,3,7362358
After Cleric,11,3,6279106
Kingdom,15,4,830895
-,0,10,395393
CapybarAAAA,0,2,131506
Helmet Bahini,0,1,0
TEAM_MEMOL,6,10,389273
The Scarlet Dawn,0,1,29047
not cute anymore,6,8,3061959
P U R G E,0,3,257820
Karmic,8,3,973588
Wysteria,13,17,9684850
Multi-Nations,0,0,53344
R O S E,0,0,1388177
-,0,0,45089
Pierce,10,3,1977348
Real ONE,4,4,8178032
Faction Academy,16,5,1264744
The Black Banner,0,1,18812
V1OLET,6,10,1348968
Coup de grace,6,6,1257288
Meerkat Assemble,6,26,15254046
ACM,2,3,1005795
Chikipi,5,3,2396821
A X E,0,3,15194
MINlONS,0,0,236026
Free Butterfly,0,1,0
Alone in The Mist,0,2,0
-,0,1,0
PL4B,5,14,976116
Monk army,16,6,1611023
V A G A B O N D,14,2,4069170
KUMA,0,4,777818
-,0,1,0
One More Times,12,3,769821
UnifyVN - 304,0,1,142398
TRlUMPH,1,8,1811013
Fenr,0,1,63572
Chikipi,65,33,16393294
Demon Fang,0,10,589727
One More Times,9,1,363973
Freaky Fools,1,0,136249
Take Care Your Ass,4,8,430715
-,0,1,0
NoobGaming_YT,0,1,3471
Sons Of Cry,0,2,16328
Western Paradise,0,8,705707
Kingdom,0,3,16630
Spero Spera,0,1,16839
WADIMOR,4,1,881235
-,0,1,470150
-,0,1,0
9INE,1,4,862727
Crusader Kings,0,2,992982
DDBS,20,12,9239856
China Daoism,0,1,15284
Earn money,0,3,906445
Meeting Stone,6,10,6539273
Boar Army,0,1,562036
Kunlun Jade QingJing,1,3,55977
Kunfayakun,2,6,745910
-,1,1,18993
Laughing Boulevard,7,7,6768216
Freaky Fools,5,1,250398
AFTERMATH,13,13,1318500
Filibusteros,2,15,3624279
Kids On The Move,0,1,0
MALTA FEVER,0,1,0
RYLs,0,1,142784
SEAR-Sixth,0,1,0
Freaky Fools,4,6,453796
SlowLife,5,4,757542
V1OLET,0,1,284277
House Of Flowers Field,2,5,1352820
Psz,47,20,11903862
1Mmortal,59,11,12421144
TRlUMPH,13,5,2487048
MooMoo,2,3,3166786
The Question,0,1,125278
The Northern Constellations,0,1,0
Meeting Stone,0,1,0
-,0,2,56257
SOLAR BENEDICTION,0,0,44953
Invade,3,8,4036264
NekoParadoxia,0,1,5229
-,0,0,6150
Filibusteros,33,11,3938238
Cut Throat,4,1,1374607
ULTRAMAN ALBION,0,1,0
-,2,0,253600
Forever Night,9,7,863978
-,0,1,0
IDN New,5,1,61662
VINA HOUSE,1,1,461796
S1LVER,0,1,0
All Rise,0,2,172737
Verdant Ledger,0,0,5656
Inevitable Glory,0,2,530244
I The Flying Dutchman I,5,14,19104454
My Lethal Pony,11,3,210049
-,0,2,26623
B L A C K P E A R L,1,1,577859
Sentinels Arc,2,8,658186
I Check Mate I,0,1,149589
Pristine,1,4,397865
F A M I L Y,0,0,1072009
-,0,10,197462
Meerkat Assemble,3,3,1329221
-,4,5,891336
Invade,0,0,681
P U R P,6,5,1034364
Heart of Thetford,0,2,166586
Meeting Stone,0,8,901078
The swallow,20,3,4993234
PSC,3,4,2776580
PalaceGUARD,12,11,7727397
Reworld,2,6,1028394
Reworld,15,19,7293536
Western Paradise,23,59,10061090
Z GEN,12,6,1655306
MO GU,13,22,6438843
CoCa1nE,10,12,1187693
-,0,1,258560
The Neighborhood,3,3,179484
BLOB,4,4,489995
Congregation,0,3,20328
Dreamweavers,1,3,120570
-,0,1,0
Freedom_Castle,0,3,27780
-,1,5,146469
Screamy,0,2,23408
six doors,16,14,5688307
GOBLINS,2,5,6103577
snow forest,1,1,2262071
TGIF,7,11,11892399
Buzztard,1,6,1040212
Forever Night,10,9,2256189
Pussi Gang 69,15,18,5559298
Upper Class,1,1,119430
BULAN BINTANG,5,0,316323
Prodigyy,1,1,1179060
Empyreus,7,8,469725
KaiHuang Alliance,8,1,2758410
Rescue Station,0,1,382086
Children Of The Dragon,0,2,289117
Shadowborn Syndicate,0,2,85273
Minerva-X,8,3,1094354
A X E,0,1,0
10 My friend are coming Run,1,2,83976
-,1,1,178229
-,1,4,201887
Dreamweavers,0,1,0
TRlUMPH,23,20,4155518
GOD EATER,0,1,0
-,0,1,42938
PAPAYA POKPOK,1,33,3619535
Farmers Family,0,1,38655
DOJO,0,1,391725
Another,5,18,18298936
God_Of_War,0,0,44883
-,0,1,0
KongFu PanDa,40,11,8172975
Shut It,0,2,7433
Meanie,0,2,0
Trials of Twilight,0,1,0
Helios Phoenix,0,0,43212
-,0,0,9719
P U R G E,0,3,30802
MALIGNANT,2,5,1438299
Buccaneer,0,2,39494
Solo-King,9,11,4293984
Tamilaga Vettri Kazhagam,3,3,932567
Topspire,0,3,2753479
Meerkat Assemble,0,1,88992
CoCa1nE,5,4,1315484
pig bank,5,7,797242
Reworld,6,1,1077588
Sentinels Arc,5,8,261633
Mam-moth,0,1,43606
God_Of_War,6,6,1449339
A X E,1,5,775552
B L A C K H A W K S,4,10,195318
Naughty Squad,1,4,83564
D R E A D W A T C H,2,0,52975
Western Paradise,2,3,188555
Western Paradise,0,1,0
Nemo Nemo,2,9,3132166
Singosari,6,10,1159589
Meerkat Assemble,33,18,6093433
-,0,4,52164
F I K A,6,4,1573343
-,2,0,281991
TRlUMPH,0,15,4548152
-,5,0,492732
Ascensum,0,0,54592
MoneyHunter,0,1,0
-,1,0,45238
-,0,0,28926
-,0,0,89649
HeIIo Kitty,38,18,16738490
-,0,1,0
RESPECTED FAMILY,0,0,21105
-,0,1,169468
V1OLET,0,0,361590
-,0,1,0
PSYKOPATH,0,1,14890
Gang King,4,1,476637
NO-RE,3,27,22190593
MO GU,0,3,675973
VIET NAM ssm,0,1,2637
Sunset,16,4,3339910
PLAC,14,12,6581391
NO_OC,0,0,126745
RAGNAROK,0,1,0
Boar Army,0,4,54467
Griffin Empire,2,13,1938042
Ping300,7,1,683133
-,3,2,481754
69luv,1,4,33450
Solo-King,0,0,222324
PSC,3,3,1624347
Shut It,0,1,7433
CAOTAIBANZI,7,9,602507
Earn money,2,1,44416
Sanity Eclipse,0,2,192294
Children Of The Dragon,13,15,4327463
We Are Revengers _ WAR,2,0,198245
Western Paradise,36,44,11868627
BLOOD LEGION 1,0,12,43693
TAKEDA 24,0,1,0
HIGHT AND LOW,0,4,146853
Griffin Empire,0,8,1463872
THEMERCENARY,9,19,862166
F R O Z E N,2,0,349742
Red Circle,7,1,652842
Laughing Boulevard,1,7,4556876
BigMoneyBaddie,0,0,38903
Czendicate,1,2,173347
Live Less Bank More,0,1,38979
Real ONE,27,6,6727344
Straight Circle,0,5,17361
Nemo Nemo,14,18,2592001
Karmic,0,2,109513
I The Flying Dutchman I,35,25,21217600
DOKDO,0,3,27132
L O C U S T,0,2,0
The Fide Blood,8,3,3003897
0-Infinity,0,0,56729
OverDaddy,5,2,146411
Rescue Station,8,8,3627925
VELARIS,19,16,4577909
RABBIT RAIDERS,0,1,45486
-,2,19,233136
gou8,14,4,1958735
Civic,0,0,65919
Coup de grace,6,17,2583808
PSYKOPATH,0,0,35278
-,1,1,93960
-,0,1,0
House of No One,11,8,1146004
The Rumble,0,8,524276
House Of Gorkha,0,1,0
Leonhart Asylum,0,5,53520
RABBIT RAIDERS,3,27,3856647
Heavenly Creation,5,5,783316
Laughing Boulevard,21,43,3760610
I The Flying Dutchman I,10,11,23229385
I FORSAKEN I,1,6,59043
DEATH PARADE,0,1,107816
G A U T A M A,1,3,403695
TWO MAN ARMY,0,1,168028
Kunfayakun,0,3,124221
ENDANGERED,36,39,7094035
snow forest,176,52,33535243
N Y X,0,1,0
Beginner Friendly,1,4,68860
WhiteSuits,3,2,43514
Snowflakes,11,17,2096314
All Rise,4,4,2081342
F A M I L Y,17,3,2800829
Knight Shield,1,2,47736
-,0,0,27439
Oracion VII,0,1,13386
DOJO,8,0,1985638
H B J,1,1,230735
SO EZ,6,7,1985113
-,0,0,965
SHOWTIME,0,1,0
Buzztard,5,17,1489847
Astartes,0,1,16357
BLACK BANDIT,0,4,2231163
The swallow,15,0,785162
-,0,3,3031
Jagdgeschwader 52,1,2,316260
CHILIZ,11,8,7448849
Ina Watcher,0,2,10520
Conscripted,23,17,6454966
Rescue Station,0,8,557985
I The Flying Dutchman I,5,0,4005210
KumaKuma,1,2,104556
Masked Bandits,0,1,0
V A G A B O N D,12,15,5397387
R O S E,0,6,1600103
TGIF,35,9,9960842
GOBLINS,2,0,2024552
snow forest,3,0,1188932
-,0,0,1699
GIGAN VIII,0,2,204073
Buccaneer,0,0,94460
Heartsteel,0,25,2864662
TAKEDA 24,3,10,495495
Mam-moth,0,0,70686
Kamusari,3,2,5468337
Holy Black Knights,0,5,315398
D R A W I N G,0,1,0
I The Flying Dutchman I,0,8,2851474
Meerkat Assemble,3,9,3497598
Fightin fool,0,3,62903
Astartes,0,0,63647
Vendettui,2,0,32309
Trying to be,10,8,709238
The swallow,2,2,2354300
F R O Z E N,3,9,808678
pig bank,1,14,241122
TEAM_MEMOL,12,14,2584211
Government Program,0,11,169425
THEMERCENARY,1,2,115509
THE RELATION,26,11,3709487
Forever Night,2,9,407045
Chikipi,1,23,7052695
0-Infinity,0,2,0
Pristine,0,1,0
Speed Run,8,2,792895
-,6,4,731345
-,0,1,3800
-,0,0,21352
CODE OUTCASTS,0,4,4720
Bocchi The Guild,0,2,0
No Picture,4,1,1392962
-,0,1,0
MANIFEST,10,5,2593656
-,0,0,6978
Tengkorak,2,0,44210
Singosari,1,4,329879
CRACKER,0,7,30611
-,0,1,0
Idochine,4,1,38618
-,0,2,5296
TAKEDA 24,4,29,1028819
Free Butterfly,19,11,1860336
sexie,2,2,19780
Mochi Kingdom,6,7,385111
not cute anymore,0,6,158602
Maruko Empire,0,2,0
COALITION,4,10,1496120
My Lethal Pony,0,2,4454803
China Daoism,0,1,9896
Wing of Liberty,0,1,82868
Titan Blaze,0,1,0
pig bank,4,8,268004
Murim Alliance,5,3,918410
Government Program,1,7,141022
-,0,1,0
ONE-JING,9,14,1053182
Astartes,0,2,60249
9 blessed boyz,3,1,157442
I Check Mate I,0,1,821308
PLAC,3,4,3251251
trickyrats,0,4,12955
MoneyHunter,3,5,966360
-,0,1,66172
SPCL Brotherhood,0,1,0
Wing of Liberty,0,0,44328
Meow Immortal,9,15,2120430
Red Circle,0,1,50872
Midnight Rose,0,3,44271
Eternal Catastrophe,0,3,10809
Lymhurst Ranger,0,1,127510
PSYKOPATH,0,1,173079
The Myth,2,23,2591463
Conscripted,25,3,5944571
The Neighborhood,0,0,96783
-,0,0,2100
Helmet Bahini,0,1,0
Kids On The Move,0,0,333184
RABBIT RAIDERS,0,1,14268
Straight Circle,0,3,0
PSYKOPATH,3,7,313308
Aetherion Order,0,5,9684
After Cleric,5,1,900387
MINlONS,2,0,792206
Meow Immortal,0,0,21013
PLAC,3,9,1688279
Peony Flower,0,1,165149
Cavalry,0,0,96614
B L A C K P E A R L,0,1,0
Freaky Fools,3,4,206419
Voltron,11,4,943048
WORLD JOKER,0,0,11943
-,0,0,8185
Sea Lion Victims,35,12,6494798
FLARE,0,7,83644
Man Down,0,1,16821
DDBS,0,0,434638
ALBION AFTER S3X,0,1,0
The_APEX,0,0,292067
Pierce,6,2,934178
Sequence,0,2,943669
Midnight Rose,10,1,149080
-,0,1,0
Infamous Reapers,0,0,11461
Instinct,0,0,19657
LEGION1,0,1,48627
Wysteria,3,25,4235813
R O O K I E S,0,0,284699
Griffin Empire,5,4,1628613
The Lonely Moan,0,1,51763
Meerkat Assemble,142,27,30507628
Albion Newbie Home,0,0,4336
WhiteSuits,1,4,76793
Crusaders of the North,2,11,109990
-,0,0,9739
Wysteria,44,16,6858151
Wysteria,23,36,12384976
Fenr,4,1,49342
Never Regret,0,4,230876
THE WARRI0RS,1,6,1647869
G A I J I N,2,3,80723
Never Say Never,0,0,217455
RISER,0,2,29160
SERNG,0,0,9828
Sequence,1,3,1991457
BeasTDaK,24,6,3169522
HIRAYAH,1,1,139359
Albion Newbie Home,0,1,0
GARUDA LEGION,1,3,349263
One More Times,11,5,1608133
-,1,1,167270
RABBIT RAIDERS,1,4,558383
AK-74,2,2,48516
-,0,0,9315
Biu BiuBiu,47,60,3601413
AAAAA,2,3,247800
The swallow,12,25,8391197
All Rise,27,14,8254434
Valmera,1,3,233486
Singosari,0,8,834946
Wysteria,2,12,3651104
YIBAMBE STRONG,0,1,211682
-,0,1,0
-,0,1,0
Cucucu,0,7,167900
HARIBON,0,2,0
R E V E R I E,2,8,2561595
AFTERMATH,0,2,884074
-,11,3,313727
Heart of Thetford,0,1,36057
-,1,3,36594
puniceus,2,6,252422
MO GU,0,2,4541
Invade,0,2,303613
F A M I L Y,2,13,3744372
-,0,0,39152
the Warrior,0,3,0
ALBION AFTER S3X,7,3,439795
Filibusteros,8,2,1192267
OneDone,4,2,487920
Legion of Doom,8,3,476295
Civic,1,1,54215
GOBLINS,15,5,3356397
MO GU,55,15,12008939
F A M I L Y,6,3,4617784
K A L A N S A Y,2,4,368532
Rescue Station,1,0,46595
Freaky Fools,0,1,0
Griffin Empire,0,16,2937516
ONE-JING,2,9,209003
ALL VICTORY,6,13,6072295
SPCL Brotherhood,0,5,158384
MELEE,5,2,1866742
M O G A,22,16,1885144
Fake engage,0,1,0
AFTERMATH,0,0,1397
Kunfayakun,18,17,3678759
Invade,8,10,1816377
Griffin Empire,11,10,1252646
PSC,0,1,214375
HIRAYAH,0,1,114150
YANA,0,0,1054
Pierce,9,17,2389785
Invade,55,11,12812555
Frostborn Exiles,0,0,131898
-,1,1,27370
eRa Empire,0,4,260591
Arena Ghost,0,1,84859
-,0,0,17826
One More Times,3,3,367020
Creation Camp,0,1,0
Another,0,0,1116312
Orphic,2,0,4343
-,0,1,41769
Boar Army,7,35,5085049
C R O W N,1,0,54697
Soul Ground,0,0,98401
-,0,1,3632
Helios Phoenix,0,2,3620
not cute anymore,2,4,1732805
Soul Ground,2,1,163426
TGIF,122,35,18824706
All The Villains,60,11,10174986
Fire Boys,2,0,178801
-,0,2,0
Boar Army,0,3,0
Wing of Liberty,0,1,197971
-,0,2,0
-,0,3,20721
-,1,1,284373
AK-74,0,2,77278
Solo-King,2,2,489994
SOLO-LU,3,12,171009
DalniVostok,0,1,0
Griffin Empire,1,21,3045823
Mahatma Suvarna,4,4,244727
Dark Looters,15,7,1671338
I The Flying Dutchman I,62,17,21545565
SilentMemoirs,0,0,14799
CCTV,0,1,152837
ON ME,3,2,289157
HIGH RISK HIGH REWARDS,0,2,73616
-,1,7,1106535
Concordia,8,10,858818
A X E,2,7,401164
High Cards,0,8,483528
-,0,5,56953
AK-47,5,3,538399
S Y N D I C A T E S,29,9,2436464
Padaringan CL,0,3,131824
AFTERMATH,0,0,520978
321 Demass,1,1,250052
Filibusteros,0,5,2011287
-,0,1,0
HIRAYAH,0,1,0
THE RELATION,0,0,83019
PUSAKAL,0,2,0
123qaz,1,0,20076
The Quinfall,0,0,26335
The Last Generation,0,0,80190
-,0,0,1746
eRa Empire,2,3,567889
The Northern Constellations,4,1,282610
-,0,2,28891
Skip Tutorial,4,0,354482
-,0,1,0
-,5,7,707447
-,0,8,67972
SideQuest,0,0,39028
-,0,1,0
V A G A B O N D,0,2,30065
UnifyVN - 304,0,0,183771
-,0,5,116500
-,0,1,0
KATANA,0,2,922838
Lym World,0,1,3907
DDBS,2,4,3573661
MO GU,1,4,1239327
The Black Banner,0,4,108985
CHILIS,24,7,9233080
CHILIZ,11,15,6901158
Speed Run,0,3,42244
R E V E R I E,0,3,456538
Creation Camp,28,15,814932
GOD EATER,0,1,17592
SLAF,0,0,47508
The Neighborhood,1,3,2267532
HeIIo Kitty,145,25,36588053
HelIo Kitty,19,3,6405251
2077,0,3,124290
Mamboo,0,1,254894
First love,2,7,55314
The Myth,0,0,3332
CHILIS,47,9,6412612
CHILIZ,53,18,9264498
Maharlika,0,1,32155
GOBLINS,0,3,645774
-,0,1,91481
RABBIT RAIDERS,4,10,451588
-,0,1,68101
Filibusteros,3,6,2370121
Cut Throat,4,3,1830352
SO EZ,25,11,1701952
Wing of Liberty,0,1,85936
Shining Star,13,3,447271
Spero Spera,0,2,2881
Pink 7,0,5,69772
Forever Night,2,1,1393977
WhiteSuits,2,14,2307373
-,0,1,0
ENDANGERED,0,6,331827
Western Paradise,31,28,5156946
mechanical,1,2,22197
Wing of Liberty,2,6,409265
MO GU,0,1,50278
asile,0,7,105757
The Wardens,2,0,185469
Sequence,1,2,1047762
-,0,1,0
Big mom,2,3,164415
Dreamweavers,0,2,42124
Singosari,0,11,1549518
I The Flying Dutchman I,0,1,1515276
Tengkorak,20,5,1361602
Kendan,0,1,6956
-,0,1,23264
HELIOS KNIGHTS,1,1,22772
SDteam,0,0,283526
Nine Lives Legion,0,1,5890
Coin Monarchs,0,1,0
Ordo Musaceae,0,1,0
-,3,3,394404
Meerkat Assemble,12,6,5584567
Blue coral,0,1,86164
GOD EATER,0,6,1316687
PAPAYA POKPOK,67,21,9651075
Griffin Empire,23,46,7020141
Forever Night,0,3,852981
Wing of Liberty,5,2,1211970
Laughing Boulevard,1,1,1151631
-,0,1,0
CHILIS,16,7,4483666
CHILIZ,44,22,13075878
All Rise,0,3,1358081
-,0,1,0
Forever Night,0,0,286174
-,0,0,13020
Laughing Boulevard,0,0,425112
WMB,0,1,0
-,7,0,367306
Karmic,5,13,1973524
MINlONS,1,1,157075
Freedom_Castle,0,0,77238
-,0,0,37431
PSYKOPATH,0,1,281311
Blue house,6,3,1746468
Government Program,0,1,11904
WADIMOR,2,3,561800
-,1,4,73050
CNTC,3,9,315604
Ezekiel,0,1,0
eRa Empire,16,19,5262549
Frostborn Exiles,0,1,0
-,0,2,20973
Laughing Boulevard,64,19,20432765
TEAM_MEMOL,0,0,234852
-,0,1,0
FOREST REGIMENT,35,11,1715569
-,0,2,0
-,0,0,34887
BeasTDaK,0,2,558297
A p os t l e s,27,36,6328417
H Y P E R T E N S I O N,2,3,276613
Judy no go Cindy no come,0,1,42115
Shark Chew Toast,0,0,72992
eRa Empire,0,5,21304
Red Circle,17,12,2022554
9INE,3,2,1605970
RABBIT RAIDERS,0,4,144620
-,0,1,0
KuromiO3O,5,21,5304707
strange thief,2,6,548368
Singosari,0,1,0
HuaDaBin,0,6,480915
ACM,0,2,468819
-,0,0,6155
Spider GangZzzzz,1,0,152001
Ala,0,0,803
F I G U R E,0,2,463686
Wandering Nomads,0,0,8925
MAX VERSTAPPEN,1,4,359853
-,0,0,151050
China Daoism,0,6,141686
Trials of Twilight,0,1,0
Bretonnia,0,1,241175
NekoParadoxia,0,0,8815
Rescue Station,0,2,375178
BeasTDaK,2,13,2528726
Children Of The Dragon,6,9,3714170
Meerkat Assemble,39,26,14889122
F I G U R E,3,7,3164613
WowMayKay,0,0,11673
The_APEX,0,1,0
INDONESIA MERDEKA,0,2,0
Mika,0,0,25315
Skip Tutorial,1,0,619182
Freedom_Castle,1,3,31664
Buzztard,13,6,424642
Fight Or Run,0,0,113919
ACM,9,25,7771698
-,0,3,70754
The Black Banner,2,8,327609
CHILIZ,1,14,1754286
GIGAN VIII,3,12,2909993
DlSBAND,2,7,2136555
Singosari,0,2,418273
GOD of INNU,6,2,314085
Apex Incarnate,0,3,32630
-,0,1,0
Laughing Boulevard,0,3,2015166
All Rise,2,1,665931
Heaven Knight,76,52,35962725
Conscripted,36,5,6002902
-,0,1,0
KALONG,0,0,23519
HELLO KOREA,0,0,89297
Nemo Nemo,1,1,234725
-,0,1,0
SPCL Brotherhood,5,0,86288
Conscripted,16,8,2663235
TRlUMPH,1,8,1175763
BeasTDaK,1,3,765976
-,0,1,0
BLOB,15,10,1628478
NULL,2,3,1116762
ArcTheLad,1,1,90604
-,0,0,4814
SO EZ,2,0,143428
-,1,1,36223
Apex Incarnate,0,2,29432
BeasTDaK,36,6,10489181
Minerva-X,3,0,366539
MoneyMoneyComeOn,1,3,68496
Nemo Nemo,1,2,123381
Griffin Empire,0,5,1145817
NO_OC,0,1,0
BeasTDaK,2,0,36716
Ma Mya Win,0,2,3696
OverDaddy,0,0,79934
-,0,0,16247
GuGu GaGa,13,6,1304011
PAPAYA POKPOK,3,8,2010768
Tobacco,1,1,20871
-,0,3,70938
LaiFaNongDer,1,1,1133887
Minerva-X,10,32,4340391
Gold Pigs,0,1,0
Freaky Fools,2,1,450198
M U S T A R D,0,3,204849
BlueOwl,11,4,572242
Freedom_Castle,7,7,544041
RESPECTED FAMILY,0,1,20629
Sunset,16,30,8652346
A X E,0,3,161686
Shu Shan,27,9,2712172
Speed Run,4,1,1282248
Free Butterfly,11,22,2019949
Stellar Alliance,1,4,1193607
Earn money,184,16,19984383
Eagle Army,0,9,179328
Meeting Stone,0,1,759990
BlueOwl,1,1,83081
Kunfayakun,1,1,79903
Floralia,10,9,1205138
Trail mix,0,1,0
ROYAL CARTEL,0,2,0
-,0,1,0
ERASE,0,1,0
HIRAYAH,1,10,689438
Griffin Empire,35,30,10506710
-,9,6,8256317
-,0,1,30502
GARUDA,1,0,68582
Meerkat Assemble,1,2,1229660
THE RELATION,5,3,399575
RABBIT RAIDERS,0,5,45667
-,0,2,5031
MafiaZone,0,1,0
P U R G E,1,1,441660
P U R P,13,22,3924900
Solo-King,0,4,271467
Red Circle,0,0,3544
Red Paw Gang,0,0,2962
Black Ops,0,1,0
Kingdom,3,5,1270713
ULTRAMAN ALBION,0,1,0
Karmic,2,15,832308
MO GU,0,4,38585
Boar Army,0,3,148549
ICE STONE,14,2,1639167
-,7,1,915061
eRa Empire,0,1,0
Western Paradise,3,4,693314
ChillWith Me,4,4,401919
CHANG,1,2,104616
No Picture,25,7,1352449
KuromiO3O,1,23,6314150
MINlONS,5,2,2430140
Skip Tutorial,1,5,30889
NIMBUS,1,0,23844
Earn money,0,1,617473
PLAC,1,7,12160423
High Cards,0,3,43025
-,0,0,56789
No Picture,2,2,424606
Snake Snake Fish Fish,4,5,1342985
Midnight Rose,0,2,0
-,0,1,118782
Cops Sterling,0,2,0
-,1,3,80261
Karmic,0,0,10269
I The Flying Dutchman I,0,3,1726413
THEMERCENARY,3,8,1240163
KUMA,6,9,983796
Ban,0,1,40681
KamandagPH,0,0,11185
Griffin Empire,0,11,5060054
Gryphons Honor,0,0,21594
Solo-King,2,2,336693
MIKE TEA,8,1,467261
PUMPIM,0,8,23516
ALBION AFTER S3X,14,15,1542064
1Mmortal,17,46,26667316
-,1,2,196297
SO EZ,0,1,0
-,0,3,183404
PSYKOPATH,1,1,46781
Ocean Waves,0,1,0
Dragons Breath,1,4,115501
Finish,7,16,1475577
M O G A,16,23,3869972
koryen,0,1,1798
LOVUONG,0,3,0
HOA-THANH-QUE,0,20,148977
Meerkat Assemble,31,4,5408392
Soul-Stealing 7-Star Strike,1,0,66954
-,1,0,112406
Meerkat Assemble,1,16,12685097
six doors,17,4,3057907
ETIQUETTE,10,4,315471
VIET NAM ssm,1,9,138284
TGIF,0,6,2610199
GOBLINS,5,7,1134361
Future Party,0,1,1938648
GOBLINS,0,2,840014
HappyDay,0,0,578063
dd0031,0,2,0
Meerkat Assemble,4,16,28031019
Ruthless,1,2,62472
Pink 7,10,29,1895477
DOKDO,0,1,2868
DDK,0,1,0
The REVENGERS,0,1,2692
good bomb,0,1,459810
Crusader Kings,35,16,7150652
9INE,137,25,17969308
Forever Night,2,1,1244143
Tarumanagara,0,0,36526
-,13,8,3250064
Silent Storm,2,3,52223
Wing of Liberty,0,4,566568
Blue coral,4,11,1468870
snow forest,1,2,2625981
Easy come Easy go,0,1,0
CHILIS,1,27,6641691
CHILIZ,0,14,3454564
The_APEX,0,6,269197
CHILIS,3,9,2837106
SubuTai,9,5,3758694
-,14,5,865279
The Noobiez TH,1,2,99473
-,0,2,0
Cavalry,0,4,73122
ENDANGERED,1,5,51779
snow forest,6,7,450524
Earn money,6,7,366366
Forever Night,1,3,1088641
Demon Fang,1,6,443394
Boar Army,0,2,322679
WhiteSuits,1,2,103090
SSAS,11,4,614115
ERASE,17,22,5105818
Arena Ghost,0,1,18623
Lollipop,1,1,127435
Kingdom,7,6,785884
MO GU,10,4,3467908
Another,2,3,733087
POLRES LYMHURST,0,2,0
KING REVENGE,0,2,0
Stellar Alliance,0,4,1772356
COALITION,0,1,0
Jagdgeschwader 52,0,1,0
-,0,1,0
I The Flying Dutchman I,38,16,24301868
Shu Shan,3,0,444782
Speed Run,1,1,17664
-,1,1,33320
NoBu,0,2,0
Fight Or Run,1,2,34353
-,1,0,39167
The Lonely Moan,177,21,5254590
V A G A B O N D,127,53,26904840
-,0,0,1590
-,0,0,11267
DEATH PARADE,0,2,22933
VN-Knights,5,9,870510
The Question,0,1,0
Freaky Fools,26,23,6834506
LOVUONG,1,1,637388
VINA HOUSE,9,16,683734
-,0,1,0
Midnight Rose,0,2,776
Abyssal Seraphs,0,2,32018
RABBIT RAIDERS,1,0,363943
TONPA GANG,1,7,121065
SubuTai,0,0,280625
-,0,2,22437
Dread,12,24,3461532
Karmic,0,0,396904
OneDone,0,1,470570
-,0,1,0
Noctis,5,4,876047
Freedom_Castle,0,3,10582
Griffin Empire,0,1,343340
KATANA,0,5,173898
-,0,1,21757
OMNI SLASH,0,0,96236
-,2,7,194263
MAPIX,0,1,0
Meowfia,40,21,7218462
The Goat,1,2,204678
THEMERCENARY,0,4,118678
-,2,1,279177
-,0,1,0
Real ONE,0,12,7297320
KaLaewKaLad,0,3,717730
strange thief,1,4,152735
not cute anymore,0,1,110219
The Neighborhood,1,2,640052
-,0,1,0
TakusaVegas,0,1,0
All Rise,19,4,2269587
good bomb,85,6,15819123
PLAC,54,11,9622692
Sunset,8,3,777242
I The Flying Dutchman I,16,6,11828915
-,0,2,0
Kids On The Move,0,4,104786
Critical Impact,0,3,271903
V1OLET,12,16,541679
-,0,0,8815
FLARE,0,1,0
-,0,1,0
HuaDaBin,0,1,1024093
The Northern Lands,0,0,133976
BLACK BANDIT,1,1,183294
Marlotck In Heart,0,0,17114
-,0,1,0
QUARTZ,0,3,1003705
Judgementt1,11,15,8387157
-,2,1,1602527
Hei Hitler,0,2,174900
COALITION,1,35,4842931
-,0,1,0
Karmic,0,1,0
-,0,1,12871
P O I S O N,0,2,3039
-,0,5,70803
wayfares,4,22,210905
RAKUTAI,0,7,29127
-,0,1,2722
Wind Cloud,0,1,4035
HEGEMONY,12,16,1259528
-,0,0,96187
AK-47,37,13,7395260
GTMA,4,2,76699
Coup de grace,5,12,1309358
Karmic,0,2,161927
Kunfayakun,0,1,84116
Freedom_Castle,4,4,58635
Spero Spera,0,3,79828
GARUDA,1,0,84574
G30S,1,4,946133
NB FOREVER,0,4,72548
Ring of Stars,4,2,45548
-,1,1,243688
Lai tsai Project,0,1,0
Lai tsai Project,0,2,0
Lai tsai Project,18,9,2379867
Use Cleanse,0,3,0
VELARIS,3,5,325156
Emergency,0,1,240295
F A M I L Y,0,7,1312620
Wicked Croc,0,1,4832
The Lonely Moan,0,1,0
ALBION AFTER S3X,20,5,2127954
LOOKOUTS,0,6,133624
-,0,0,3309
-,0,1,261631
A X E,0,2,40956
Yuzi,0,0,9896
Big mom,31,16,11073178
Frostborn Exiles,0,4,0
SHOWTIME,0,0,49406
Lymhurst Ranger,0,1,11855
Tspot,1,0,2424
Singosari,4,2,488991
PPV,0,10,83643
Allahu Akbarrr,0,2,443663
KaiHuang Alliance,2,0,2669301
itinerary,2,1,528031
-,4,4,271391
-,9,11,1579646
Speed Check,20,6,1055498
Civic,0,3,277174
The Neighborhood,0,0,20178
I The Flying Dutchman I,0,2,904972
Peng Lai Xian Jing,0,1,0
All Rise,46,34,19765809
0-Infinity,0,1,0
Singosari,5,10,1456266
NingSheon,5,2,1163862
CHILIZ,36,12,10725620
good bomb,26,18,17526392
Solo-King,84,34,22942109
-,8,10,4641496
LEGION OF THE UNDERWOLD,3,2,376126
-,2,4,167236
Pierce,68,24,4613226
The Black List,0,4,307174
The Verdant Order,0,2,0
Enterprises,0,6,707245
BeasTDaK,2,0,224029
All The Villains,3,11,5590872
All The Villains,0,17,13385292
TGIF,1,30,14812617
ETIQUETTE,1,4,168389
BlueOwl,0,2,19218
Ala,0,1,0
The Fide Blood,2,5,816768
Minerva-X,19,8,2300257
Blue coral,0,4,312722
itinerary,2,8,89460
All The Villains,49,43,16302482
Karmic,4,9,812424
DeSaiko,0,0,66945
One More Times,1,13,1425616
Blackfang Covenant,2,1,140335
Funny Dragons,0,1,11154
MINlONS,0,18,9231638
-,0,3,32764
THE TROUBLE MAKER,1,4,39167
DeSaiko,1,1,20584
-,0,1,0
-,1,0,52171
Astartes,0,1,17235
-,0,3,4718
Marlboro Merah,0,1,0
-,0,2,0
Are U Oke,0,1,0
Nemo Nemo,1,5,1809421
-,0,1,0
Rescue Station,2,1,380520
The Inquisition,0,1,0
TalismanSummonMysteriousPansy,0,2,15608
Astartes,1,1,25980
I Slytherin I,0,1,0
Switching To Heals,11,12,1487198
Singosari,17,8,1399455
The Kingdom Of Silent x 420,0,1,0
Singosari,1,1,159591
Ashen Reign,0,0,7508
-,0,0,4897
Meerkat Assemble,16,26,8893316
VINA HOUSE,8,11,1475110
PLAY IN PEACE,0,0,129688
HappyDay,8,3,4118005
Depths King,1,3,32375
-,0,3,9057
SAIYAN,1,0,131596
HYBRIDS,0,0,165481
Frostbite Reapers,25,7,2342927
SHOWTIME,0,0,153772
Zero to Hero-CN,0,1,0
Oops You Died,0,2,0
Critical Impact,3,5,260048
eRa Empire,7,5,539787
AK-47,5,20,1356854
Griffin Empire,4,28,6489336
THEMERCENARY,2,7,119157
I am King,0,1,184175
COALITION,1,20,3612124
sky path,1,2,59893
Pierce,16,18,5326007
HEGEMONY,0,0,24210
NekoParadoxia,58,25,3937418
Pierce,0,21,5615538
Invade,1,1,326189
Sunset,25,29,10783632
Meerkat Assemble,0,1,2106205
BLACKCODE,1,1,84807
The Inquisition,0,2,191589
RABBIT RAIDERS,32,17,2194564
-,0,1,1987
GOBLINS,14,7,3575320
snow forest,2,3,1216708
TGIF,36,11,15089717
-,6,9,790650
-,0,1,0
F R O Z E N,1,1,26615
Dragon Blade,0,1,32900
Fuhrer,0,6,58296
Once Upon a Time,19,13,4919112
Mika,2,9,2380716
All In Fighting,0,3,1402844
GIGAN VIII,2,0,83120
Dystopian,1,1,105624
KongFu PanDa,0,4,838627
The Myth,0,1,0
Ocean Waves,1,1,121945
Laughing Boulevard,7,9,13270963
KAI RUY,2,4,40008
MINlONS,1,10,1928691
Blue Phoenix,16,15,3452781
All Rise,10,30,8683347
S1LVER,0,3,22543
LEVELING,19,8,2428742
HIDUP INDAH,3,0,128646
PVP With Me,4,4,513306
PalaceGUARD,1,7,37699
MO GU,4,11,8012567
KUMA,1,3,162074
ILLUSTRADO,0,2,0
I Slytherin I,5,10,1182652
PAPAYA POKPOK,24,22,10914494
N O C T U R N A L S,0,2,0
ASCENDANT SUN,0,1,0
Solo-King,3,10,1454056
Dragon Crazy DxD,0,1,0
South PH,8,1,267636
-,26,6,3920413
Meerkat Assemble,0,1,94877
Skip Tutorial,1,13,725738
TRlUMPH,0,4,642534
South PH,0,2,55727
AVA world,0,1,0
eRa Empire,0,6,514494
P U R P,0,7,652652
ACM,15,11,3172534
Kamusari,25,3,5878933
I The Flying Dutchman I,11,8,1251803
MooMoo,68,21,10556691
sexie,0,3,80273
CHILIZ,4,8,4894487
Azurel,0,0,618369
R E V O L U T I O N,1,1,275821
B E A R S,0,0,48945
All Rise,12,35,19879781
THEMERCENARY,2,0,731608
H Y P E R T E N S I O N,0,5,22908
Government Program,32,33,2414829
Endernations,0,0,84278
Diamond Bullet,1,3,55929
LYM PORTAL,1,5,82883
-,5,6,535554
CTRL ALT DEL,0,2,6714
Pierce,0,2,1529623
JSCL,0,0,2110
Lumi,4,1,524270
Snowflakes,26,15,2605495
-,1,1,82835
-,0,0,26947
Ordo Musaceae,8,4,437557
-,0,1,0
WhiteSuits,0,1,2312
Tree Viper,0,4,1842220
Warhammer Defense Core,0,2,0
Meow Immortal,0,1,2338
Screamy,0,3,20324
eRa Empire,0,1,4095
Coup de grace,0,3,461357
LangKhao,0,0,99327
MCS-P,2,5,779547
Future Party,2,3,1474597
Mika,8,6,2357466
Meow Immortal,8,1,391607
-,0,0,38852
The Drop Bears,3,5,476405
Chosen Few,2,1,281488
Stellar Alliance,0,2,0
Multi-Nations,0,1,0
The swallow,4,6,890249
Conscripted,5,5,3134216
PLAC,23,16,7185151
REDEMPTION CODE,4,2,460605
Chikipi,25,3,9312347
good bomb,10,8,15707326
NO-RE,0,10,782861
Chikipi,24,7,2846479
Kunfayakun,0,1,10638
KuromiO3O,0,3,379405
A X E,1,6,1124300
nanjingdapaidang,0,7,222614
Jagdgeschwader 52,29,21,2272162
NULL,6,6,1529979
Wayfinder Knights,0,2,19109
All Rise,26,56,16154220
HIGH RISK HIGH REWARDS,5,6,216310
10 My friend are coming Run,13,10,342180
Future Party,0,16,6950577
Mika,1,18,2102612
GIGAN VIII,7,9,1672007
DlSBAND,20,4,1811801
Singosari,0,1,103401
Mika,0,7,699532
LaiFaNongDer,2,1,1133887
Midnight Rose,0,2,286053
KUMA,36,13,1423817
ONG BUT,6,2,82562
-,0,0,13850
TONPA GANG,1,2,137408
MO GU,8,17,2335723
Fight Or Run,0,1,235635
Z GEN,5,6,957635
H Y P E R T E N S I O N,0,1,48397
Red Circle,2,1,75491
Ring of Stars,0,4,37687
SOVEREIGN AXIOM,0,1,0
Finish,0,0,160450
UnifyVN - 304,25,24,3018351
Griffin Empire,1,2,33804
-,2,10,27549
SpartanS 300,1,2,91179
Blue Phoenix,0,0,67553
MAX VERSTAPPEN,13,0,323321
Helios Phoenix,0,1,180300
Devil666,1,2,85269
Invade,2,5,78599
WARBAND_COMPANY,0,1,0
-,1,2,47705
MoneyHunter,0,1,67443
HIRAYAH,0,3,112220
-,0,1,0
Pencilgon,0,2,0
Mad Cats,0,1,584
Phantom Monarch,0,2,76116
TAKEDA 24,0,4,238583
Forever Night,0,1,90349
UnifyVN - 304,7,5,916976
Topspire,0,4,137831
AFTERMATH,3,0,48844
Another,0,1,110910
The Northern Constellations,3,12,1104856
CHILIZ,0,28,18521793
UnifyVN - 304,0,0,230693
Chikipi,0,8,2264223
DragonWorld,0,1,45234
Singosari,0,2,21977
-,0,1,0
Topspire,3,9,2341307
MoneyMoneyComeOn,2,9,107100
Forever Night,0,2,202731
Wavei,5,7,1465995
Free Butterfly,9,3,389123
CHILIS,15,14,7895781
The Lonely Moan,0,1,15385
Dragon-Mi,10,13,11503286
Mika,0,9,4577787
Mammoth King,0,6,5385810
Only Legend,5,1,127400
Sunset,0,28,10137148
The Last Whisper,0,2,44938
C O V Y,0,1,46133
-,0,0,60241
Rescue Station,18,6,11998712
KumaKuma,2,3,240248
Chikipi,17,23,11727948
AVA,1,0,264734
-,0,2,20149
AK-47,1,6,262564
CCTV,2,0,1923949
RYLs,1,4,51724
GTO Nazarick,4,2,157209
-,0,0,88061
Albions Ark,1,1,146743
-,0,1,0
Solo-King,16,17,7851271
NO_OC,0,2,47930
War Bears,0,2,0
Peony Flower,1,0,2122457
PLAC,2,1,1432467
The Northern Constellations,0,1,28349
The Loot Goblins,0,0,33055
P U R G E,0,2,285243
Karmic,0,2,95221
CHILIS,0,11,3021652
MABAR,1,2,5489
Noctera,0,3,0
Thugging Central,0,1,0
-,2,9,422512
ScarletValkyries,1,3,81230
Stellar Alliance,7,10,2205674
SO EZ,0,0,127910
-,0,0,145763
CHILIZ,14,42,39065109
Straw Hat,0,0,7641
F L A W,1,0,30361
The Fide Blood,2,2,1273212
SpartanS 300,0,1,0
Arch Nova,0,0,11761
T H E D U C K,1,1,134191
Skyrim Equilibrium,2,3,107154
Kingdom,1,4,59727
Rescue Station,13,5,12308402
CHILIZ,9,16,3962535
The Night Legion,0,1,0
Invade,1,7,5947590
Kunfayakun,0,1,0
DMT D0MINATOR,2,1,200790
Freedom_Castle,0,1,0
-,0,0,4336
-,3,5,243040
P U F F,5,5,321005
Blue Phoenix,2,6,412390
Rescue Station,0,1,0
GOBLINS,2,7,3975985
Supine Club,4,3,103647
-,0,0,19491
-,0,1,1091
CCTV,21,9,7771443
Bretonnia,10,1,780261
CTRL ALT DEL,0,1,0
CCTV,19,19,4431990
Invade,0,0,339727
Civic,0,3,318541
SCAVENGERZ,0,2,178887
A p os t l e s,2,3,265744
Azurel,9,1,1586072
Demon Fang,1,2,1788
Speed Check,2,8,585346
Bapack2,0,0,20427
Trash Panda Syndicate,3,2,74835
I TYRANT I,0,1,2330
Minerva-X,0,1,76833
Desire,0,1,507
Suger Babies,0,0,39047
CAOTAIBANZI,0,5,319308
-,1,3,424142
CHILIZ,88,26,31603113
Cheer,25,10,1853516
Pierce,1,5,67548
Invade,34,10,6822145
PalaceGUARD,0,2,1084460
Griffin Empire,14,46,8605522
HIGH and Hungry,1,0,39821
YourLord,4,7,218221
The Undead Angels,0,2,5350
CAOTAIBANZI,1,4,231012
HappyDay,4,9,3336770
-,0,1,0
-,1,0,15375
WARRIORS INITIATES,5,3,660937
Goblin Bank,0,1,0
Singosari,2,5,2456491
-,0,0,1059
ALBION AFTER S3X,8,5,588141
Freedom_Castle,1,1,5611
-,0,1,0
Singosari,0,1,0
KINGSLAND,0,2,175435
A X E,0,3,457805
The Castle Knights,0,2,76775
-,3,1,199701
Springs,1,0,39054
MAX VERSTAPPEN,1,1,134484
V A G A B O N D,11,32,8283624
Meerkat Assemble,60,27,10260146
CHILIZ,32,24,7588895
CHILIS,3,4,1645832
BeasTDaK,0,2,133113
Free Butterfly,0,3,137728
NULL,8,12,4222917
CHILIZ,3,3,1207050
Screamy,0,0,38711
A p os t l e s,0,2,0
-,0,0,18775
UnholyRaven,0,1,0
COALITION,0,0,24789
Blackfang Covenant,0,1,27754
CHILIS,0,2,4831886
CHILIZ,1,8,7059714
Dreamweavers,10,5,922248
An Guild,6,9,1186852
-,0,0,79004
Singosari,2,12,787504
RABBIT RAIDERS,0,3,44887
Coup de grace,7,22,3451890
South PH,218,27,7361926
-,0,1,0
Midnight Rose,0,1,0
Karmic,1,11,885767
-,0,1,0
Meow x Meow,0,2,81053
Laughing Boulevard,0,1,59506
KaLaewKaLad,17,22,4549425
The Inquisition,1,5,59018
PLAC,0,5,10300698
Summers,0,2,82524
Real ONE,3,2,4731944
Pierce,3,2,687411
BlueOwl,0,1,0
High Cards,1,1,83575
The Rumble,2,0,13918
Blue Phoenix,7,2,528242
Eternal Catastrophe,0,1,1980
ABOVE HEAVEN,0,2,20989
MO GU,10,28,8197291
Z GEN,10,18,2699980
Griffin Empire,20,8,6928714
-,0,0,2634
All In Fighting,0,4,914048
Boar Army,0,1,259355
TW-GIN,0,1,0
MO GU,18,14,4251005
WonderPets,1,0,20262
Noob Family,0,3,62878
HELLO KOREA,0,2,0
-,0,0,16716
HIGH and Hungry,1,0,2652
Chosen Few,0,2,0
Singosari,0,1,79958
The Lonely Moan,20,40,3745743
TEAM_MEMOL,0,1,0
VIET NAM ssm,0,0,28377
Government Program,0,0,57922
-,0,0,95277
VIET NAM ssm,1,5,670991
Government Program,0,1,17884
Black Sails,31,40,4600100
Frederick,2,0,120742
Forever Night,0,1,615740
Idochine,2,1,111110
CRIMSON CONCLAVE,0,1,41894
JOLLY,1,0,77182
Heartsteel,1,1,176532
The Eminence in SHADOW,0,1,0
conquer,1,1,1053056
Solo-King,0,2,0
Screamy,0,2,75413
Conscripted,0,5,3692775
LEGION SOUL,0,1,0
PalaceGUARD,5,6,2067823
veni vedi veci,0,1,0
-,1,1,4320
All Rise,3,9,2949161
Prodigyy,0,1,0
THE WARRI0RS,0,5,1735323
I The Flying Dutchman I,0,2,844591
-,0,0,12658
-,0,1,0
Government Program,1,1,60199
RauMa36,0,1,28630
MooMoo,2,0,1349950
Easy come Easy go,4,11,436735
NekoParadoxia,1,3,3256
-,0,0,1685
BlueOwl,0,2,43450
KADAL,0,1,2426
MINlONS,0,5,881860
GOBLINS,0,1,733871
O U T L A W,1,1,14449
-,0,2,2504
-,1,0,26431
I The Flying Dutchman I,43,11,18678899
D E T O N A T I O N,0,2,0
Western Paradise,30,34,8932965
Western Paradise,0,1,0
Topspire,0,2,727615
itinerary,0,2,59196
Kunfayakun,6,4,918780
-,4,6,851782
Invade,7,7,1274139
DOKDO,0,1,105609
Singosari,1,1,103401
Emergency,3,2,573759
Earn money,0,1,0
SO EZ,0,2,0
NO-RE,0,0,294117
PLAC,102,23,28161491
F R O Z E N,0,2,251496
P U R P,9,14,2546332
TRlUMPH,1,2,46332
Conscripted,7,5,10463979
-,0,0,8354
CHILIZ,3,13,3793064
Griffin Empire,7,6,3018749
Hooman,0,6,1004035
ONG BUT,1,4,38304
Coup de grace,2,24,1574291
Chikipi,54,22,23000393
Rescue Station,17,15,10125589
KnightfaII,40,14,4468634
Black Sails,1,0,386721
Sentinels Arc,0,2,29458
Eternal Catastrophe,0,1,0
Boar Army,0,1,472218
Mika,11,39,13348135
Mammoth King,3,8,5016765
GOBLINS,0,10,2395582
An Guild,4,6,1832060
Driffter,2,7,183518
-,1,1,62324
Pink 7,10,7,1490562
PSYKOPATH,46,13,3686950
Buccaneer,1,0,250293
MO GU,1,5,478647
RYLs,0,0,26859
B L A C K P E A R L,0,6,593032
WARDEN-SLAYER,1,1,42459
GIGAN VIII,1,2,919648
The swallow,11,7,3576870
Dragon-Mi,21,4,3089333
Chill Play,2,5,192242
CN V587,1,1,126117
DDBS,62,16,31354477
-,3,3,246215
Ala,0,1,4528
Iron Dominion,2,10,375090
ORANG JAWA,0,1,26409
-,2,4,140623
The Quinfall,0,0,2091
MoneyHunter,0,2,340
CAOTAIBANZI,0,1,6645
Future Party,116,17,20083020
H Y P E R T E N S I O N,4,11,1326020
-,0,1,0
-,0,1,0
Understand,2,7,653492
Family Type,5,0,161343
GIGAN VIII,0,5,342649
Real ONE,10,1,4083124
After Cleric,2,3,1374499
Invade,27,23,10659786
HelIo Kitty,21,5,5909772
HeIIo Kitty,122,12,25569568
Dragon Blade,3,1,180972
Dystopian,2,3,554093
NULL,0,2,100793
-,0,1,0
FxxK,0,1,0
Earn money,0,1,1251816
Forever Night,0,0,21632
Free Butterfly,0,1,34346
Peony Flower,2,3,1640075
PLAC,4,7,2452811
Forever Night,4,0,1086438
Are U Oke,0,1,0
Crazybabys,3,0,90616
justcrafting,0,2,0
Stellar Alliance,2,1,629375
Stellar Alliance,3,1,1045016
The swallow,0,1,2655
-,0,1,9211
Western Paradise,1,1,697540
Mochi Kingdom,0,0,51814
Solo-King,26,41,21608029
MiMe,0,1,4854
Fsszsb,0,1,0
-,1,16,232248
Midnight Rose,0,0,86077
GIGAN VIII,2,11,1220836
A p os t l e s,8,19,1553438
CHILIZ,11,42,8769850
DDBS,33,14,12305849
Over-Lord,0,1,12293
-,1,1,17627
AFTERMATH,5,1,724694
After The Fall,1,1,116344
The Fide Blood,0,3,2475553
Make AIbion Great Again,0,2,260716
Real ONE,16,8,7950637
ACM,0,3,8686
PSC,0,0,11560
Wayfinder Knights,2,4,95446
-,6,5,513781
KPA,1,2,131290
Never Regret,1,2,268682
Wysteria,10,19,8681092
COALITION,1,1,323764
-,0,0,229250
ERASE,19,13,1834566
HYHF,0,3,26298
Children Of The Dragon,0,1,0
Rescue Station,2,15,4216202
After Cleric,0,3,632748
Minerva-X,3,3,933639
V A G A B O N D,14,19,9573869
Jagdgeschwader 52,1,10,541533
Chosen Few,0,1,53211
The Undead Angels,0,2,96972
WhiteSuits,2,9,414458
BISMARCK,0,1,3537
N O C T U R N A L S,0,3,95537
-,1,1,316737
Meerkat Assemble,55,31,14045341
Meowfia,17,24,5927457
Forever Night,0,4,345102
Crazybabys,3,3,605431
-,0,2,1045
Faksi Kegelapan,1,2,41814
Psz,0,10,3698029
Fenr,1,0,65624
Tree Viper,31,38,14991388
Black Sails,1,5,753332
-,1,6,151183
Wysteria,0,1,158951
-,0,2,2739
AAAAA,0,2,82416
The swallow,0,1,442942
Freaky Fools,3,29,3906123
NO_OC,0,5,229116
Olorun,0,0,1523773
Warhammer Defense Core,0,1,134662
Alone in The Mist,1,4,74068
-,0,3,6717
TRlUMPH,4,10,1174275
CHILIZ,27,18,20025036
The Salty Chefs,11,2,1208481
Griffin Empire,2,8,2451778
-,6,5,2000096
Bretonnia,1,0,152808
Earn money,1,13,5345132
Biu BiuBiu,0,1,20374
HuaDaBin,3,1,374631
TGIF,2,0,1414396
CCTV,41,12,6935337
ReinetteSama,2,1,40399
QuQnnTATnnOvO,4,5,767470
BLOB,0,0,62350
-,0,5,160034
Apex Legion,0,0,3320
Once Upon a Time,4,5,2249521
Aetherion Order,0,2,51413
-,0,3,9117
E U N O I A,0,1,0
ACM,9,26,10126005
Meow Immortal,9,15,2316036
Chikipi,7,6,8794662
good bomb,9,12,17227103
CCTV,0,2,101268
Reworld,19,13,3388216
You Shall N0T Pass,11,14,2603154
KnightfaII,8,5,886207
Earn money,16,17,5883446
Chikipi,5,3,3566011
good bomb,4,6,17095743
Reworld,34,26,10815986
UnifyVN - 304,2,1,489223
Samsara,0,3,10739
I The Flying Dutchman I,1,16,12695362
1994,7,11,3784121
-,0,2,24225
Finish,0,3,156591
Kunfayakun,0,1,153613
-,1,2,67539
Invade,4,9,4710669
CHILIS,0,2,638199
-,0,0,21735
MoneyHunter,0,1,0
Meerkat Assemble,0,1,0
DNS,0,0,45667
First love,4,7,139667
SDteam,0,1,0
One More Times,0,1,8616
Minerva-X,1,1,280145
GIGAN VIII,4,3,474876
Mamboo,0,0,6711
Ei Yaung Warr,5,4,831317
TERLALU MALAS,1,2,25436
PLAC,6,9,5034988
Meerkat Assemble,2,5,661088
VINA HOUSE,0,4,28585
TRlUMPH,7,9,813674
-,1,0,28593
Real Man,0,1,0
Free Butterfly,1,9,392954
Wing of Liberty,0,2,0
Rescue Station,43,8,8494328
Pussi Gang 69,0,0,39495
UnifyVN - 304,1,15,387755
B L A C K P E A R L,0,11,90816
The Castle Knights,0,0,114619
MO GU,4,0,2112502
-,0,0,32377
P U R G E,39,11,10613734
Tarumanagara,0,4,156842
CHILIZ,0,1,77528
Meerkat Assemble,37,55,31182932
The Scarlet Dawn,0,1,0
DlSBAND,3,5,607493
LilNumtenic1,0,1,7265
F A M I L Y,4,14,9831350
The Noobiez TH,3,3,350288
Orphic,51,8,1642655
Wavei,0,2,39315
Frostbite Reapers,2,1,179311
-,0,0,3346
First love,4,5,462580
MALIGNANT,0,0,304968
Steel Horizon,0,3,0
Real ONE,85,23,19996936
After Cleric,18,0,1832743
Red Circle,5,25,1445377
-,0,3,161778
Farm Or Die,1,0,79065
Rescue Station,14,11,6540302
Cats Nest,43,13,3072356
Karmic,24,17,2166213
MINlONS,1,1,157075
-,5,18,1040506
CCTV,6,0,1537102
Singosari,0,1,0
Singosari,2,4,147460
LUVIMIN,1,3,20552
The Neighborhood,0,2,540039
Invade,0,4,400091
LangKhao,0,1,11228
MCS-P,2,3,1551634
F R O Z E N,8,10,1436698
Dragon Blade,1,18,543396
Just chill and play,0,1,0
TriVanguard of Scythes III,0,0,1045
snow forest,23,25,13512262
Conscripted,10,19,12093050
Nemo Nemo,0,0,136871
CHILIZ,41,26,20491874
Mamboo,0,1,11082
HeIIo Kitty,28,3,6058436
Holy Black Knights,0,5,145160
UnifyVN - 304,22,7,6757017
CHILIZ,79,35,28587719
Summers,0,1,0
-,0,1,0
Checkmate,0,6,149955
The swallow,1,1,73763
Crazybabys,0,0,42675
BeasTDaK,0,4,138403
Resource Hunter,1,0,39614
COFFEE ONLY,0,3,10052
-,0,2,4855
NUMEROS,13,7,689456
Black Ops,3,4,1031887
Fake engage,0,2,0
Merchants Creed_Brotherhood,0,13,19802
RebrandShadow,0,1,0
RebrandShadow,0,2,4332
GENKOTSU,0,6,0
Earn money,1,5,1374170
Dystopian,0,4,281392
Baby_Paradise,0,1,13435
GFN-GFN,0,1,0
VIET NAM ssm,1,1,184734
Earn money,0,0,1795
GOBLINS,9,12,6504949
Boar Army,0,0,39203
-,0,0,5400
Crazybabys,3,2,497587
Chikipi,2,13,3334504
HaChiu,0,4,10812
-,0,1,0
-,1,1,98601
Super Nova,4,0,752503
Invade,2,9,1041550
-,0,2,38960
DOKDO,13,7,1542909
Griffin Empire,3,11,2616576
GOD EATER,3,2,230961
-,0,1,0
2077,1,8,86751
BeasTDaK,5,1,274433
AVA world,0,1,0
Jagdgeschwader 52,0,1,272710
HanRyang,1,2,17939
The swallow,0,12,2297186
Meeting Stone,3,3,263485
Forever Night,0,1,0
AK-47,6,13,979815
PSYKOPATH,0,4,149108
Solo-King,4,18,10342956
The swallow,3,1,688267
BSK,2,6,162645
Real ONE,0,1,639959
Kamusari,1,3,1615615
Singosari,45,21,4663420
CHILIS,0,4,0
welcome newbie league,0,4,6203
LunSol,0,1,35639
Meitei Ninja,0,4,2448
Ala,3,2,135410
A p os t l e s,1,2,418490
-,0,1,0
SSRR,0,0,28093
RATOP,1,1,169955
-,1,0,21816
-,0,1,0
The Myth,20,8,1881796
-,2,2,161649
F I K A,13,8,2504037
ETERNAL CRUSADE,0,3,70346
outsidersneet,0,2,16173
LunSol,1,1,2405
BLUERUNS,0,5,0
ULTRAMAN ALBION,0,1,0
-,0,1,0
KAKI TIGA,0,1,88673
CoCa1nE,0,0,117905
VN-KANGAROO,19,20,11119539
pig bank,0,5,0
-,0,1,0
Kunfayakun,49,12,2448223
Invade,20,13,2959941
Meerkat Assemble,8,0,612519
-,0,0,65211
RABBIT RAIDERS,0,6,209854
Lonely Palace,0,1,0
High Cards,1,2,257975
not cute anymore,1,4,733373
Griffin Empire,0,2,0
-,1,0,32964
RecaII,0,2,100542
BLOB,1,0,11267
COALITION,11,22,3031991
-,0,3,105838
SO EZ,0,10,1706089
BeasTDaK,1,0,176599
D Not So Ordinary,3,7,410000
I The Flying Dutchman I,7,8,17696549
PSC,29,10,2342236
-,0,2,0
Blue Phoenix,1,0,20869
BLACKMEONG,0,1,6561
-,0,1,0
DIVINE LUST,5,9,245791
PalaceGUARD,0,1,2403822
Z E R O S,5,7,733100
-,1,2,391091
Imperion,1,1,85666
Filibusteros,0,3,496043
I Check Mate I,1,1,243457
red king,46,8,7923566
Swim Dragon,1,3,479283
Rising Stars,0,3,20145
mizo,10,12,735444
Shadowborn Syndicate,1,2,55722
Serenes Forest,1,0,20936
Meowfia,1,4,526680
Meerkat Assemble,2,3,2878274
MUERTE,0,1,1132
Ikatan Pemuda Fortsterling,0,1,0
KATANA,1,1,96236
-,5,0,103283
CHILIZ,4,23,13371626
Old Man,4,5,592354
Wing of Liberty,0,4,4202
Save Me,1,1,25164
PLANET,0,2,0
good bomb,20,2,5495108
G T R,0,1,0
You Shall N0T Pass,0,1,22032
Warrior Exile,2,6,552705
AviA,1,3,20227
The Black List,2,5,313291
Pencilgon,0,2,1698
strange thief,3,1,49884
HappyDay,0,1,95856
Last Lick,3,0,221864
Western Paradise,0,8,341161
peace maker,0,1,4720
Farm Or Die,1,2,37317
-,0,0,15479
UNITED THETFORD,0,1,0
R O O K I E S,0,0,214474
The Neighborhood,0,3,429865
Rescue Station,6,9,5860912
Mamboo,0,1,0
Peng Lai Xian Jing,0,6,91035
Peng Lai Xian Jing,0,1,21308
MiMe,7,6,414510
-,3,4,806836
REGU MAWAR,0,2,0
All The Villains,8,1,2732922
Garage Internal,0,0,14109
PLAC,4,11,2710615
Topspire,0,3,2185087
TEAM_MEMOL,0,0,60929
Griffin Empire,0,0,30930
-,0,1,8191
Red Paw Gang,1,5,58903
Pink Paws,0,0,6021
Tree Viper,16,4,3646918
Kunlun Jade QingJing,2,1,19789
Filibusteros,15,11,6651457
CHILIS,0,2,2440268
-,0,0,123595
Boar Army,25,21,8275138
M A R S,0,3,17438
-,0,1,0
FLORISEN,0,0,6434
Mythical Knight,0,2,9171
KATANA,13,5,1027196
-,1,2,419520
Speed Check,2,8,581241
The Lonely Moan,94,12,4242351
Clap Me Daddy,7,4,495211
K R U N G S R I,0,1,0
I The Flying Dutchman I,0,1,0
Sequence,0,3,251460
Dworf,3,0,1205787
F I K A,2,4,178870
-,0,1,0
Boar Army,31,38,14785202
Minerva-X,1,4,429525
Singosari,4,5,1067516
DIMI GUILD,0,0,1191
Prana,1,5,128477
THE RELATION,9,8,921335
-,0,0,48135
PK MAX,0,1,0
S1LVER,0,0,13053
CHILIS,2,0,576432
SideQuest,18,6,3569950
GRIEVING-SOUL,1,5,505536
OneFame,0,2,2512
-,0,1,0
PLAC,23,24,12315437
Earn money,19,18,10300862
After Cleric,0,2,859916
KALONG,0,2,0
Invade,1,2,1832800
DESTROYER GHOP GHOP,0,0,2132
Filibusteros,0,1,391352
GIGAN VIII,18,12,1037634
Buccaneer,4,2,160825
-,2,1,364515
Ala,0,3,1688
PH CREED,0,2,0
UNITED THETFORD,0,1,16586
Griffin Empire,4,4,2420559
HappyDay,24,14,3277964
Avalon Little Punch,24,16,849014
Lumi,0,1,0
Pirate_King,0,1,5751
The Undead Angels,0,1,0
The Elders Pact,0,1,0
Real Man,47,36,6829394
-,0,2,0
MiMe,0,1,69076
Blue coral,2,6,368581
-,0,1,0
Shut It,0,3,26309
MABAR,1,1,188680
KUMA,0,6,274075
DMS 777,0,1,0
WhiteDragons,1,4,100757
LUVIMIN,0,6,25595
MoFuMoFu HEAVEN,0,1,0
-,0,0,3848
Kunlun Jade QingJing,0,2,0
BangCuopLuongSon,0,1,136224
Demon Fang,8,6,600723
lalababala,0,2,0
Dotorii,3,3,47386
KALONG,6,3,408227
-,4,0,2944546
-,0,1,0
-,4,5,567794
Kingdom,4,3,122011
SHOWTIME,0,0,7880
The Lonely Moan,9,5,597215
VIET NAM ssm,1,1,31557
The Salty Chefs,53,21,7334999
Kingdom,0,0,524489
P U R G E,1,0,362036
GIGAN VIII,19,4,1388881
Chikipi,11,7,2534332
good bomb,2,8,17712910
CHILIS,10,7,3746253
D Go Liang,2,2,313196
Lumi,0,1,0
SINGAMAS XI,0,0,11931
CHILIS,44,17,16318150
COALITION,13,0,1460170
KRAVENIX,0,2,1655
Fish Mercenary,0,0,16509
HuaDaBin,16,8,1756710
SHOWTIME,0,2,0
Shadowborn Syndicate,0,0,65017
Meerkat Assemble,1,1,704914
-,2,2,462386
-,13,13,1800509
ENDANGERED,11,1,1813141
Rescue Station,21,10,4305019
Once Upon a Time,11,21,813831
RauMa36,0,1,0
WhiteSuits,12,16,2172091
ENGAGE ON ME,1,0,106839
1DAY,0,1,0
-,0,2,154182
mechanical,17,13,1487686
Reworld,0,7,776953
You Shall N0T Pass,4,9,1526269
peace maker,0,1,0
SSRR,0,4,7295
Heartsteel,2,4,309901
Bombardino Crocodi1o,0,2,81180
Rescue Station,29,9,7537391
ALBION AFTER S3X,1,4,101599
-,1,0,37601
PSC,1,2,82888
Laughing Boulevard,4,3,5558980
I The Flying Dutchman I,2,3,1785579
BangCuopLuongSon,0,1,634058
-,0,0,144525
I The Flying Dutchman I,0,17,16570598
ORANG JAWA,0,2,35686
Griffin Empire,1,4,636779
Noob Family,3,6,845763
The_APEX,0,1,86764
-,0,0,7415
-,0,2,0
Western Paradise,3,8,790536
The Lonely Moan,0,2,339982
Assault,0,3,79675
PAPAYA POKPOK,2,3,780030
Meow x Meow,3,9,226534
Emergency,0,1,70790
FORTUNA,0,1,5628
CHILIZ,37,24,29205850
1Mmortal,2,0,671921
All Rise,4,7,2277290
cat and rat,2,1,133482
-,0,1,0
-,0,3,18628
BLACK BANDIT,1,2,263686
LaiFaNongDer,2,1,1133887
BeasTDaK,17,14,9264728
Wysteria,2,14,3679266
Western Paradise,4,44,13189678
SHOWTIME,3,1,308659
koryen,0,1,0
nanjingdapaidang,3,1,623866
not cute anymore,0,1,0
Momento Mori,0,1,0
Asia Merchant,0,0,3908
Real Man,17,5,3060642
-,0,1,195224
NEXUS FAMILIA,0,2,15254
Czendicate,3,2,343424
-,0,1,7076
-,2,1,172881
ScarletValkyries,1,0,194016
Mystical Knights,0,1,29059
Boar Army,9,22,2878390
-,0,2,0
Conscripted,1,3,437409
oo0oo,0,4,2915326
snow forest,2,4,596009
All Rise,0,0,302054
PLAC,0,6,1628030
GOBLINS,0,15,1592608
Speed Check,1,4,493135
Gangers FUNNAMNOM,0,2,0
HomeLesssss,12,5,952368
Psz,12,2,3094316
-,0,2,0
I The Flying Dutchman I,12,8,5861122
Pussi Gang 69,2,5,494951
Crimson Trinity,0,7,157818
Knight of the Apocalypse,0,1,7686
Critical Impact,5,7,364431
WMB,2,5,522375
Snowflakes,2,2,373658
PSYKOPATH,0,1,0
Eternal Edge,92,47,38038586
Rescue Station,12,17,22078567
M A N T R A,2,4,328521
Everwind,0,0,22632
HOGUWART,0,2,0
-,0,1,14742
Forest Cat,0,1,29303
R O S E,0,2,671254
Ayutthaya Warhost,0,0,19472
mizo,0,3,0
-,0,1,0
-,6,12,532154
GOBLINS,16,18,4699451
good bomb,8,3,2965844
MooMoo,0,1,134408
-,0,2,86819
-,0,1,0
Lai tsai Project,0,2,476390
SHOWTIME,15,9,1655518
Griffin Empire,13,12,3390148
1Mmortal,8,3,5136131
oo0oo,0,5,2341601
QuQnnTATnnOvO,7,3,1216305
A X E,2,10,825857
Azure Stella,0,1,0
Forever Night,5,3,545698
Immortal King,2,0,609638
GuGu GaGa,6,7,5195892
SkyBound,0,1,0
TRlUMPH,18,17,3913045
Auraka,0,2,78275
PLAC,1,8,14841959
-,0,1,796302
-,0,0,26722
Pussi Gang 69,1,5,1198332
LOOKOUTS,0,1,14266
Helios Phoenix,0,2,86151
-,0,3,45585
-,0,0,9076
MO GU,0,5,793884
-,0,1,98183
Shut It,12,3,650883
Earn money,1,0,1262282
-,5,13,466188
Singosari,2,7,408417
-,0,1,0
KingsSlayers,6,1,252026
COALITION,0,1,191862
-,0,1,74456
Laughing Boulevard,0,5,409736
VIET NAM ssm,1,5,304537
CRACKER,0,1,45747
SubuTai,12,27,16544775
Pink 7,5,2,515836
VINA HOUSE,0,2,1245
-,0,0,63890
-,37,15,1504132
Boar Army,9,7,2200468
Red Circle,22,22,1559117
AK-74,90,57,4485261
Biu BiuBiu,0,0,53022
six doors,1,1,864936
Dou bao,0,9,9048095
UnifyVN - 304,0,1,0
Kunlun Jade QingJing,0,2,10880
PLAC,3,47,18785459
All The Villains,11,19,7399944
HIRAYAH,21,21,2186318
Jia Nan,1,2,143224
RADlANT,23,3,897054
-,7,1,1520472
CHILIS,1,2,422772
Understand,6,4,576066
AkatSukatMalang,0,1,2133
Azurites,0,1,31877
Crazybabys,4,8,1751468
The Black Banner,0,2,44334
The Outcasts,0,3,78251
-,1,0,93651
1Mmortal,5,2,679990
Reworld,9,6,1865569
Mika,1,6,2248721
All In Fighting,4,4,3471619
Solo-King,10,13,6417263
Mammoth King,2,2,6403980
Boar Army,14,31,8048980
GOBLINS,5,8,3695813
Meowfia,8,8,3424521
-,0,1,0
-,0,2,5531
The Myth,0,1,63833
Filibusteros,0,0,2120
CrisBar,0,3,139573
ENDANGERED,0,0,101038
ONE-JING,2,0,155266
-,6,4,882529
PL4B,24,27,1723409
-,0,1,0
PLAC,27,14,5715929
Maharlika,10,4,3455862
MooMoo,4,5,3238198
KYYGANTENG,1,5,100753
MENGXIN,6,1,45308
YangPaiXiaKiller,0,1,877474
Meeting Stone,0,2,1021068
KnightfaII,31,19,2863265
Helios Phoenix,2,7,499220
I The Flying Dutchman I,3,5,1247787
Villain Society,0,1,64757
Children Of The Dragon,0,6,440494
-,0,0,56937
-,0,2,1144
AK-47,0,0,222114
An Guild,2,2,770831
-,0,2,18568
LYM PORTAL,0,5,32379
High Cards,0,0,1678
Aegis of Fuji,0,0,93510
eRa Empire,0,0,24583
WhiteSuits,10,6,900486
-,2,0,44087
S Y N D I C A T E S,0,1,14858
Dread,166,17,19232138
I The Flying Dutchman I,0,1,0
CoCa1nE,13,8,1363198
Multi-Nations,1,1,61806
BLACK BANDIT,0,1,189921
Newbie unity,0,4,42962
Real Man,15,16,6647910
SHIVR,0,0,194232
Meerkat Assemble,4,4,337999
Griffin Empire,2,5,972598
-,1,1,55619
Enterprises,0,2,273405
S Y N D I C A T E S,0,1,571965
INDONESIA CORRUPT GOVERNMENT,0,0,37603
The Castle Knights,3,11,186121
P U R G E,32,9,7915594
-,0,1,0
-,0,1,0
CCTV,12,14,4528676
An Guild,50,20,3370838
Invade,12,15,9795853
-,0,1,0
Jagdgeschwader 52,1,3,14168
THE WARRI0RS,0,1,0
KAKI TIGA,0,1,0
KNIGHT_OF_BLOOD,81,5,7874053
Dreamweavers,0,1,103256
KAKI TIGA,0,1,0
Buzztard,7,18,1858226
Nine Lives Legion,2,4,72350
Z GEN,0,1,1128994
MO GU,2,3,1806643
Civic,0,3,385591
MaFuMaFu HEAVEN,1,1,258180
Rescue Station,65,40,25979966
The Neighborhood,2,5,1117043
-,0,0,116665
QuQnnTATnnOvO,24,16,3074229
CTRL ALT DEL,1,0,20849
HYBRIDS,2,3,882065
TAKEDA 24,2,6,257105
-,0,1,0
FLORISEN,0,0,3332
Midnight Rose,0,1,15095
MO GU,26,13,9827782
GOBLINS,12,7,3574943
GuGu GaGa,4,3,1700621
Boar Army,0,7,545209
Crusader Kings,0,2,372644
MINlONS,1,3,1359560
THE RELATION,0,4,238919
PLAC,31,16,19420498
F A M I L Y,0,4,2280300
00nemo002,1,1,49734
-,1,2,75174
M O G A,0,2,223023
PSC,4,13,975353
S1LVER,0,1,22543
-,2,0,153635
Wing of Liberty,4,13,1567966
NO-RE,28,41,14506305
CHILIS,14,4,3026586
CHILIZ,31,7,5366493
Sunset,1,7,1876650
Seven Hill,1,2,338051
Free Butterfly,0,0,200143
Midnight Rose,27,21,2277095
-,0,0,21194
Conscripted,29,1,7396625
GARUDA LEGION,0,1,2203
Chikipi,5,1,2962715
Rescue Station,26,7,5016727
VN-KANGAROO,12,7,3360812
UnifyVN - 304,1,0,168075
-,0,2,0
FrostCrystal,0,1,0
-,0,1,0
I The Flying Dutchman I,2,0,2315380
MALIGNANT,2,3,232533
Tohou Project,1,0,104458
AFTERMATH,6,3,395155
HYBRIDS,0,1,170924
-,0,0,10044
Forever Night,3,2,492694
-,1,4,84336
Demon Pact,1,1,18074
BeasTDaK,0,4,12532
Use Cleanse,1,4,92953
VINA HOUSE,3,5,712948
Bretonnia,5,14,3829834
F A M I L Y,9,2,2062068
NGGang,1,0,57547
GRIEVING-SOUL,2,5,199025
GRIEVING-SOUL,0,3,207272
CHILIZ,0,1,292008
Absolute Dragon,4,6,831246
Prodigyy,1,0,1568146
NO_OC,2,3,163911
PSC,1,16,1977668
Beavers,0,8,1419971
Nemo Nemo,12,9,3140455
Kingdom,0,8,255965
ROYAL CARTEL,0,1,347
-,0,0,9584
Critical Impact,2,7,173878
Leisure time,0,1,4724
Battleborn,0,2,11348
EWSS,0,5,10287
High Cards,0,0,53946
CCTV,5,1,771228
REDEMPTION CODE,1,0,291501
Griffin Empire,6,10,2553153
Meeting Stone,38,34,8576337
Zero to Hero-CN,4,3,252542
The Wardens,1,0,37160
M O G A,26,8,3367360
Meerkat Assemble,19,10,15178356
F R E E S I A,0,1,7317
Enterprises,4,9,577522
Laughing Coffn,1,2,87166
BLOOD OMEN,0,1,0
Whirlwind,0,1,0
-,1,5,58315
ID - IND,0,0,26792
D R E A D W A T C H,11,6,895824
-,0,1,1106
T O K Y O,0,1,0
Nine Lives Legion,0,2,44027
-,0,0,73341
Chawna,0,4,18436
Meerkat Assemble,5,0,1119394
DMT D0MINATOR,1,1,117045
Space Wolves,1,0,73352
-,1,4,62042
ALIVE,2,3,284969
VictorySong,1,1,10533
Civic,1,5,152718
Diana,0,1,39438
S Y N D I C A T E S,5,7,606837
Pink 7,1,1,58593
-,1,2,42792
HeIIo Kitty,3,9,11305360
HelIo Kitty,0,6,4931570
All The Villains,9,11,3771230
Mika,1,4,843115
cctick,6,11,3845388
Old Man,1,2,441931
Heaven Knight,35,24,7287558
PalaceGUARD,5,2,2282404
JSCL,1,0,229914
Mamboo,2,8,167333
-,1,0,25525
HBL,0,2,4039
Free Butterfly,0,1,0
-,0,0,117199
WINDPhoenix,1,2,333838
Meerkat Assemble,42,21,14087954
Forever Night,23,21,3894203
Gold Pigs,0,0,76341
-,0,2,0
Invade,25,32,8969012
321 Demass,9,12,940281
Meerkat Assemble,1,0,186481
KongFu PanDa,2,5,2423230
Never Regret,0,1,121706
SO EZ,0,0,92528
BABEKINGDOM,0,3,33158
-,2,4,31151
Speed Run,0,0,965215
Real ONE,52,10,10464666
Jia Nan,3,18,728352
AK-47,23,12,790577
HuaDaBin,5,18,3756797
M A R S,0,2,0
DragonWorld,0,3,307777
PSC,16,9,3708162
Western Paradise,0,21,4656311
MO GU,26,28,14817070
Sequence,1,2,600430
SPCL Brotherhood,2,1,244125
DARK SUNN,0,2,0
Technique,0,10,37839
-,0,2,65152
Friends Of War,0,0,34838
WhiteSuits,9,15,1684514
JAPANTZ,2,1,106563
GFN-GFN,2,1,40547
-,0,4,131867
S K Y,0,1,16088
The Drop Bears,0,11,1584362
Chosen Few,0,5,33740
The Inquisition,0,1,0
-,0,6,86616
LOOKOUTS,0,3,112432
CAOTAIBANZI,0,1,53134
Lym World,0,1,0
PSC,5,6,527467
Raining,12,13,1445521
1Mmortal,5,2,2108200
ETIQUETTE,3,1,75407
Save Me,6,14,1093525
AK-74,0,1,0
MALIGNANT,0,2,19880
Nowhere To Run,9,3,172335
Western Paradise,0,3,0
MIKE TEA,1,1,294400
-,0,3,0
Scythes Area,0,1,0
NobleBloodline,1,2,213775
F L A W,0,0,10099
R E V O L U T I O N,1,4,684010
CHILIS,32,19,19093003
TESTUDO,0,1,228685
M O G A,23,19,4372697
B L A C K P E A R L,3,2,226887
-,0,0,39970
THE LEGENDARY,0,0,5174
Enterprises,12,4,388902
P U R P,0,11,324330
Spero Spera,0,3,72258
Kamusari,0,2,431657
MCS-P,5,6,918354
K R U N G S R I,0,0,11148
PLAC,7,4,3102992
MooMoo,12,13,12146996
atssa,0,7,639934
RYLs,1,1,72225
Forever Night,1,2,1309673
My Lethal Pony,0,0,140823
GOD EATER,0,0,19080
LDv,0,1,0
Chikipi,108,17,13231309
snow forest,45,22,11074955
HappyDay,8,5,194903
B L A C K P E A R L,4,9,723592
Old Man,0,1,102185
Freaky Fools,6,2,472704
PoopooDancers,3,17,1199145
Chikipi,7,33,22566839
Dragon Blade,0,15,1447735
ACM,0,1,49842
Government Program,0,2,24236
kuli batak,0,3,0
CRITICAL HIT WONDER,0,0,7002
Meow Immortal,0,1,0
MO GU,9,7,3272535
PLAC,75,27,20782413
FLARE,0,3,64200
WINTER QUEST,0,4,111490
S Y N D I C A T E S,3,8,999152
Wing of Liberty,0,1,50422
Coup de grace,9,14,1985314
South PH,1,0,82562
HIRAYAH,2,7,328642
Chikipi,4,10,9617836
Once Upon a Time,39,22,12082732
F I K A,14,8,5162714
Coup de grace,8,5,4579277
Helios Phoenix,0,2,10096
KaNaNuTho,0,1,0
Allahu Akbarrr,0,2,109146
S Y N D I C A T E S,4,7,348288
Old Singularity,1,2,44212
-,0,0,128972
OneFame,0,1,0
TRlUMPH,0,4,70704
Freemasons,0,1,10880
Solo-King,4,0,1725666
-,2,2,63930
Marlotck In Heart,0,1,0
-,0,1,2250
VIET NAM ssm,0,1,0
SINGAMAS XI,0,2,14970
A X E,3,4,208066
Global Unity,2,15,388204
MCS-P,7,17,4878455
PSC,6,0,1325346
I The Flying Dutchman I,1,4,1069989
Avalons Gangsta,0,8,252918
The Northern Constellations,3,1,737921
-,1,0,65716
Mamboo,0,1,0
Spero Spera,0,3,0
25k,0,1,0
TokyoBear,38,6,2042432
GOD EATER,1,1,229864
MANIFEST,0,4,0
LOOKOUTS,0,0,55995
Evangelion,0,1,0
red king,1,4,1000210
MINlONS,8,8,3657858
Ashen Reign,1,6,44167
Crimson Radiance,2,7,1039279
-,0,1,109706
Dreamweavers,0,1,135448
overbudget,4,3,240
PSYKOPATH,1,5,231710
Mythical Knight,0,12,350035
-,0,1,0
Warhammer Defense Core,1,2,89389
TRlUMPH,9,15,4239607
TRlUMPH,0,2,1664607
S K Y,3,8,160445
PSYKOPATH,2,3,88483
THE WARRI0RS,0,0,10697
-,0,0,32844
WhiteDragons,0,1,12245
not cute anymore,10,26,4492691
not cute anymore,0,1,366994
Dread,12,0,851431
Cut Throat,8,4,1622784
Filibusteros,40,8,8824570
GTO Nazarick,6,5,660185
OneFame,0,2,0
Crimson Shadows,0,1,55261
RED HUNTERS,7,3,149371
F A M I L Y,5,1,1434368
Children Of The Dragon,0,2,1123331
-,0,1,42637
Cops Sterling,0,1,3739
The REVENGERS,0,0,25365
-,0,2,47672
Creation Camp,0,1,0
TRlUMPH,1,1,217935
-,1,0,421685
PLAC,39,9,13312888
All Rise,117,28,19013882
SNAKES OF SKY,1,0,195897
kyle5566,1,0,33762
MINlONS,4,6,652006
Mythical Knight,0,2,126926
-,0,3,11430
TRlUMPH,0,2,16533
Government Program,2,0,60126
Eternal Catastrophe,8,10,1384422
ENDANGERED,3,3,818351
Spero Spera,0,3,241578
TAKEDA 24,2,2,637020
-,1,0,56281
-,2,5,27254
O R G A S M,1,0,147061
R O S E,6,17,4641327
R E V O L U T I O N,4,2,1558289
SOLAR BENEDICTION,0,1,0
mechanical,3,1,25446
Forever Night,1,10,600579
CHILIZ,13,48,16168467
Old Man,1,5,159387
Alchemi5T,0,1,0
Sentinels Arc,0,3,158329
Singosari,7,9,704873
LOOKOUTS,1,8,210670
The Drop Bears,0,0,7700
Dino Jelly,0,2,400715
Fenr,3,1,265073
BeasTDaK,5,10,1245324
CCTV,1,1,162073
Coup de grace,1,6,1150217
NO_OC,0,1,0
TAKEDA 24,1,3,1361
-,2,3,298258
No Picture,1,4,62849
FORT STERLING - LEGION,0,0,39357
PSYKOPATH,9,21,1212724
PAPAYA POKPOK,6,17,2820002
9INE,0,2,200470
Crusader Kings,0,3,766264
RABBIT RAIDERS,0,25,1997425
BangCuopLuongSon,12,4,1268117
Filibusteros,2,10,1374923
Freaky Fools,1,1,14176
-,1,2,160197
V1OLET,24,24,4528212
Sequence,3,1,507767
Laughing Boulevard,0,0,33932
Ala,0,2,4312
-,2,5,287862
C O V Y,0,0,4035
Shut It,1,1,6370
The Neighborhood,0,1,568396
KaLaewKaLad,0,2,149481
six doors,0,0,823150
ENGAGE ON ME,0,1,36986
V A G A B O N D,0,7,1725576
Concordia,1,0,86620
ITMN,1,1,53593
GURINDAM,0,1,1069305
-,1,2,1366362
F A M I L Y,62,11,10588636
Not A Gamer,8,3,543671
The Eminence in SHADOW,21,13,1674601
-,1,0,15768
Government Program,0,1,0
-,1,6,158127
GOD EATER,0,3,490267
Biu BiuBiu,39,36,3004482
Kingdom,1,3,834214
Villain Society,4,1,564335
Lumi,0,0,12078
Government Program,0,1,0
VINA HOUSE,4,4,488326
my cat can backflip,0,0,122747
GIGAN VIII,1,0,43980
Before Cleric,7,1,1577210
N O C T U R N A L S,0,1,0
-,2,0,111351
The Neighborhood,2,0,323830
GIGAN VIII,13,2,513177
CHILIS,0,10,1473318
ScarletValkyries,0,1,0
Project___X,1,1,70173
HOLIC,1,18,1176968
The Elders Pact,5,3,326323
CHILIZ,0,5,3543374
Creation Camp,0,1,9986
K A L A N S A Y,0,1,0
SINGLE SOUL,0,1,4940
-,0,2,0
Dreamweavers,0,6,555299
-,0,0,29188
-,2,4,336634
321 Demass,1,0,238598
ScarletValkyries,1,4,15227
GOD EATER,0,1,0
The Verdant Order,0,0,3218
M A R S,2,2,38502
Never Regret,0,0,3712
Baby_Paradise,0,1,0
RABBIT RAIDERS,3,1,505648
-,0,1,0
Jia Nan,0,2,33761
Dragon Blade,0,1,27753
Husky Empire,2,0,730782
Dragon Blade,5,9,1746573
CoCa1nE,4,3,1146300
MAX VERSTAPPEN,43,18,3535113
Gnosa,0,1,0
SHOWTIME,1,4,805210
Freedom_Castle,0,4,0
Ashen Reign,2,2,52638
Masked Bandits,4,15,1640749
RAJA BEGAL,0,3,5979
P U R G E,1,3,4791
BL4CK SIGIL,0,2,32991
Minerva-X,0,37,3083188
itinerary,4,3,169711
P U R G E,1,5,3519755
TRlUMPH,11,0,1097127
F A M I L Y,2,13,4948233
The Northern Constellations,3,6,596137
RABBIT RAIDERS,0,0,147854
RATS NESTT,0,3,206221
O U T L A W,1,3,338206
-,0,1,0
I TYRANT I,1,1,89093
S1LVER,0,0,17119
-,2,2,298638
CHILIS,11,9,4089585
After Cleric,5,3,1359811
CHILIZ,6,10,5267153
VIET NAM ssm,1,12,139999
Grindval,0,0,23248
BeasTDaK,0,1,1212513
Griffin Empire,2,5,2664988
red king,17,11,5019930
MENGXIN,1,1,13540
V A G A B O N D,20,35,12043113
PEMESATU BANGSA,0,1,0
You Shall N0T Pass,0,6,178785
-,0,0,281931
ACM,0,17,1734183
Crazybabys,4,8,1709309
Noob Family,0,1,151222
new boombap,0,2,403186
Boar Army,2,6,1837962
Dou bao,29,24,11690731
Mika,2,8,2682252
Forever Night,29,15,2961027
Demeter Area,1,2,43915
eRa Empire,0,15,1004708
Aetherion Order,0,0,1339
-,0,0,3748
Lightborn Syndicate,2,11,937184
Sentinels Arc,0,7,59486
HeIIo Kitty,20,4,6292422
All Rise,31,18,8331880
HelIo Kitty,41,8,8519258
-,0,0,37696
CHILIZ,9,31,5082953
L O N E,0,1,0
Warhammer Defense Core,0,3,21064
K R U N G S R I,4,7,597647
K A L A N S A Y,1,3,97893
Karmic,3,6,585705
Real ONE,3,8,14237063
After Cleric,1,0,3276621
SubuTai,2,2,164735
123qaz,0,1,16519
-,1,0,65487
TRlUMPH,0,1,0
x I N Q U I S I T I O N x,0,0,96236
Nowhere To Run,0,2,51563
The Rice of Asian,0,0,19355
Sequence,0,4,2568298
Springs,0,1,176819
The Black Banner,0,0,26943
-,0,0,8512
GIGAN VIII,2,5,298211
DlSBAND,0,7,443484
Helios Phoenix,9,7,2362577
Noob Family,0,1,0
F A M I L Y,38,19,17435357
-,0,1,0
Dreamweavers,14,13,777026
AFTERMATH,3,0,197253
Invade,1,7,2900063
PLAC,37,4,13677542
-,0,1,0
Free Butterfly,3,1,217964
-,7,7,1501232
Ikatan Pemuda Fortsterling,9,16,756802
The Lonely Moan,0,2,23630
The Academy,1,0,34532
Dreamweavers,9,5,322748
MINlONS,2,0,766615
BeasTDaK,3,8,1829667
-,0,0,890
BeasTDaK,3,5,195147
Hell Fire Club,0,5,16609
-,0,4,2120
P U F F,0,1,54046
Jagdgeschwader 52,3,3,233004
WhiteSuits,0,2,173343
-,0,1,20460
HereticExorcist,0,1,0
Kunfayakun,2,3,236048
AFTERMATH,0,3,45232
321 Demass,0,2,2844
TAKEDA 24,1,3,623033
Enterprises,0,2,284469
W BLOOD,0,1,0
F A M I L Y,0,0,99521
MO GU,16,22,7093412
Z GEN,1,1,605598
F A M I L Y,7,4,3770394
-,3,1,1653057
VOYAGER CORPS,0,2,0
Wysteria,21,31,6514020
Real ONE,0,4,498437
V A G A B O N D,0,0,320535
Blazing Heat,0,0,50884
Chosen Few,2,1,78179
TRlUMPH,6,2,1980623
Rescue Station,4,4,1312042
Laughing Boulevard,5,3,1379759
-,0,1,17223
Rescue Station,65,16,19322424
SINGAMAS XI,1,0,96768
Pemburujandatelanjang,0,1,498
THEMERCENARY,8,6,331938
NO_OC,2,10,676565
1Mmortal,9,0,1574245
The Neighborhood,15,9,2534010
UNITED THETFORD,0,1,0
MooMoo,6,4,1083736
Aetherion Order,0,1,596
GOBLINS,3,2,3184155
TGIF,3,2,293551
snow forest,1,2,184218
Heartsteel,0,1,221661
Pierce,5,8,3468691
Real ONE,7,12,11370979
7FALL,1,0,46766
NIMBUS,1,3,845094
-,0,0,12685
Before Cleric,1,1,638803
Cut Throat,0,0,444530
-,0,2,645822
Never Regret,6,5,409060
I The Flying Dutchman I,2,5,3255869
Conscripted,18,7,3750211
Suncrest,0,3,28436
-,0,2,331169
SubuTai,0,4,1726215
Nemo Nemo,43,52,19445254
Kingdom,0,1,124099
Korean Knights,0,1,0
MANIFEST,0,0,23432
-,2,0,127563
A X E,0,1,386170
Raid Leader Passionate K1ssing,1,0,5920
Lym World,2,2,21166
Gondor,4,3,114486
World BOSS,31,2,1881725
Solo-King,62,24,11105637
BLOB,1,13,2145759
eRa Empire,0,2,11546
Government Program,2,5,147385
Oops You Died,0,2,0
TAKEDA 24,0,7,60388
The Night Legion,1,0,34532
All The Villains,3,27,3358300
PLAC,10,16,17372911
Fenr,5,2,1470307
MO GU,4,7,2723422
Invade,27,17,7888669
Space Wolves,1,1,37165
ONE-JING,23,8,1098224
-,0,0,43165
ENDANGERED,17,10,2197886
eRa Empire,1,2,36576
I The Flying Dutchman I,0,0,34706
Abyssal Depth,5,23,434544
-,0,2,26116
PAPAYA POKPOK,58,23,9554165
-,0,3,0
-,0,1,56173
Jia Nan,5,10,528090
Circus,0,0,62599
-,1,0,80973
Tree Viper,5,3,2329134
Real Man,19,3,342429
BLOOD LEGION 1,2,0,6338
Family Type,0,1,23324
Rescue Station,8,1,380214
V A G A B O N D,23,29,11396330
Coup de grace,1,9,701268
JOLLY,0,0,14156
-,0,1,0
Singosari,2,16,1094447
GTO Nazarick,0,0,71392
The Lonely Moan,12,13,1150410
HaChiu,0,1,52740
All Rise,24,15,6887322
Farm Or Die,5,1,230866
CAOTAIBANZI,0,5,533354
Guardians of Albion,0,13,171222
Kingdom,55,9,5232734
Kingdom,1,3,319412
1Mmortal,1,11,8831964
I The Flying Dutchman I,0,5,5983911
Flame Martyrs,9,4,1413675
-,0,1,0
-,3,1,257089
Error code,0,1,104996
DeSaiko,0,1,0
-,0,0,70704
TRlUMPH,6,3,716181
-,0,1,0
Holy Black Knights,0,1,1982
Chola Empire,2,4,87274
Imperial_Knights,0,3,54798
Laughing Boulevard,22,5,6513986
Warrior Exile,33,5,1058667
KEYBOARD,0,7,46506
NEVERLUS,0,1,0
JugGerNaut,0,1,0
BLOB,2,7,1043426
V A G A B O N D,71,39,19335736
THEMERCENARY,0,0,5712
PSYKOPATH,0,1,0
S Y N D I C A T E S,25,18,4023597
CHILIZ,20,13,20463116
THE WARRI0RS,0,1,0
Conscripted,4,3,2131670
AK-74,0,3,32417
MO GU,14,6,5955300
-,0,8,65459
-,0,2,19833
KaLaewKaLad,1,1,356149
Family Type,0,1,0
-,0,0,8880
Pierce,4,1,80178
The Eminence in SHADOW,1,2,145081
-,0,1,0
BlackTemplars,0,10,33750
Frostbite Reapers,7,4,1113737
MO GU,1,12,5084324
MO GU II,6,1,1030054
First love,0,2,101478
BangCuopLuongSon,5,5,1133484
One More Times,0,0,44572
KALONG,0,1,76023
Free Butterfly,2,1,127086
lonePG,0,5,110921
I The Flying Dutchman I,30,23,10212108
Sheavfron,3,1,349794
Snake Snake Fish Fish,2,1,1015263
GIGAN VIII,7,12,1614267
Dragons Breath,0,1,0
-,1,2,90250
Warhammer Defense Core,0,1,12466
South PH,1,0,198921
Abyssal Raven,0,1,0
Luminous PH,13,6,1212373
AZKALZ,0,1,5703
Dark Soul,1,1,316151
KuromiO3O,3,8,1317775
Another,0,2,161412
Menhera,0,6,393738
Screamy,1,2,64587
QUARTZ,0,1,0
-,1,0,888618
P U R G E,1,0,182770
-,2,0,31264
N E R F,4,3,270705
Cut Throat,0,0,123595
Filibusteros,33,10,4804632
CCTV,2,2,290811
Multi-Nations,1,2,5568
oo0oo,1,3,468664
RexRegumQueon,1,0,2664
F I G U R E,5,3,810901
-,4,1,588424
UNITED REPUBLIC MERCHANTS,1,2,43932
CHILIS,0,3,537058
FEAR ME,15,4,687389
QUARTZ,0,2,110921
VIVARUIM,0,2,0
-,3,0,480579
P U R G E,5,2,1983955
FORTUNAtE,0,0,3892
-,0,1,0
WhiteSuits,0,2,106356
-,0,3,55240
Orphic,19,27,3931307
ALIVE,1,2,32232
H G,5,4,216180
Sunset,0,4,0
Peng Lai Xian Jing,0,1,111072
Singosari,0,1,0
lalababala,0,1,40302
NULL,11,1,921162
MANIFEST,1,0,300158
Lazy Bear,0,2,285898
-,1,3,188325
RABBIT RAIDERS,1,3,508376
Meow x Meow,0,1,160867
-,0,1,0
D Not So Ordinary,2,1,116414
DeSaiko,0,0,4974
ENGAGE ON ME,0,1,0
SunCity,0,1,0
CCTV,0,5,467658
BeasTDaK,2,5,1023161
-,0,1,147241
Creation Camp,3,2,543073
P U R G E,0,1,0
F A M I L Y,0,1,392693
Kingdom,0,1,276427
Free Country,0,5,94618
Solo-King,8,11,7443872
POLRES LYMHURST,0,7,309799
Speed Check,19,12,1329529
BeasTDaK,16,15,5872553
D R E A D W A T C H,0,3,10778
Heart of Thetford,2,11,430155
PLAC,0,26,6949788
KATANA,1,21,1977124
One More Times,5,5,934344
D R E A D W A T C H,0,1,0
Dreamweavers,0,0,29431
Western Paradise,12,10,8168938
Chikipi,9,1,2630306
Freedom_Castle,5,9,312997
Multi-Nations,0,1,0
MINlONS,0,1,2887406
I The Flying Dutchman I,86,34,25756160
Switching To Heals,32,9,1822351
Chasseur Expeditionnaire,0,0,14414
Villain Society,3,3,154427
ONE-JING,4,3,366883
Singosari,6,2,574603
The Drop Bears,1,15,1948129
Helios Phoenix,17,10,2500019
PLAC,0,0,1022451
PUMPIM,8,7,355290
CENTAURI,0,4,0
asile,1,3,205410
Stellar Alliance,18,14,6470435
Green Knights,4,1,139814
TAKEDA 24,0,1,6325
LOOKOUTS,0,6,178666
Warhammer Defense Core,1,1,54846
Ethereumph,0,1,0
Wysteria,8,17,8692579
D R E A D W A T C H,1,5,388006
Mad Cats,6,4,344701
GOBLIN CAMP ID,1,3,410293
LATO-LATO GANG,1,0,228068
TESTUDO,2,1,308604
Kunlun Jade QingJing,0,2,0
The Noobiez TH,2,2,192496
The Myth,0,2,0
Heaven Knight,81,41,34947935
NINJAS,0,1,0
NULL,0,5,1262147
JOLLY,1,1,139694
RABBIT RAIDERS,3,18,961131
Real ONE,44,15,15210636
Noob Family,1,2,230778
-,0,0,30378
Judy no go Cindy no come,52,11,5162969
Reworld,34,11,11033615
Blue coral,8,4,1603504
Coup de grace,0,5,228124
N E R F,2,11,990576
Invade,53,16,9602326
-,0,1,0
Raven Reaper,0,0,105947
Irregular,0,1,0
-,0,1,44346
Big mom,0,4,2327938
KongFu PanDa,36,30,12031142
-,0,1,0
-,2,3,381244
MINlONS,0,0,339937
-,2,1,257389
Czendicate,2,0,42723
LEGION OF THE UNDERWOLD,0,1,0
Warhammer Defense Core,0,1,0
-,0,0,5374
Singosari,11,16,1777599
Laughing Boulevard,0,1,435994
L122844033,0,1,9715
The Lonely Moan,9,10,962438
Mamboo,0,0,36653
OneDone,7,10,1989136
Conscripted,0,0,1570877
ETERNAL CRUSADE,0,1,0
Tree Viper,39,12,9154004
CENTAURI,0,3,22054
F I G U R E,45,14,7256903
PLAC,1,3,1037563
Forever Night,0,1,54438
Future Party,32,26,26062656
BeasTDaK,14,7,3592948
Singosari,0,9,1305517
-,2,10,206468
RABBIT RAIDERS,2,1,278354
M O G A,39,11,5278564
-,0,2,0
gou8,21,1,1603265
Jia Nan,0,1,0
Invade,12,8,6736946
AK-47,2,4,396165
CCTV,0,2,1014966
P U F F,0,1,0
MoneyHunter,4,4,146178
All Rise,1,2,59623
Minerva-X,0,9,1018522
Boar Army,2,15,5672439
NULL,25,7,5341069
Singosari,5,3,1553729
QUARTZ,0,1,32265
All Rise,0,0,719592
GOBLINS,1,4,1130445
Future Party,0,1,1304996
A X E,0,4,164096
God_Of_War,24,17,2538388
-,0,1,0
Live Less Bank More,1,4,92341
My Soul Lost,1,1,29892
KPA,0,4,138692
-,1,2,58628
HIGH RISK HIGH REWARDS,0,0,65054
GondhoMayit,0,0,24356
Pierce,0,4,62937
-,1,3,158134
-,14,6,1039015
HappyDay,27,7,3201198
Challenge,0,1,0
Kunfayakun,0,4,116361
R E V E R I E,1,6,987534
H Y P E R T E N S I O N,1,2,23409
Singosari,2,6,137214
good bomb,1,15,8788681
MINlONS,0,3,1258662
Boar Army,7,7,3397260
Minerva-X,2,7,794543
Space Wolves,0,0,16492
Garden babys,2,1,264703
I The Flying Dutchman I,124,41,18139980
Argent Imperium,8,1,193204
-,2,1,105761
Syndicate Of Caerleon,1,3,23448
-,0,1,0
Wavei,5,1,255588
DuDuBuBu,46,32,2563755
-,0,0,12685
ETERNAL CRUSADE,0,1,0
Red Bulls Gold Age,0,3,11563
LOVUONG,3,4,601564
Camelott,0,1,13088
Fightin fool,3,4,645129
Red Paw Gang,0,1,0
I The Flying Dutchman I,30,27,17938069
The Lonely Moan,19,9,1315123
-,3,0,194350
GOBLINS,1,1,746212
Once Upon a Time,0,3,1376947
-,0,1,0
MO GU,3,3,2073183
NULL,5,0,235306
The Myth,10,0,1699636
UnifyVN - 304,3,1,1161951
Meow x Meow,3,5,477554
Mamboo,0,0,22031
The Lonely Moan,0,1,5946
-,0,1,0
PAPAYA POKPOK,8,3,1115009
MINlONS,7,6,1361136
-,0,1,3405
AlwaysAttackByBird,0,1,0
xxSOLVANE xx,0,1,0
-,0,1,0
Dread,15,12,7597312
-,0,1,0
Warhammer Defense Core,4,4,821594
Dystopian,0,2,0
I The Flying Dutchman I,8,11,9919082
HOA-THANH-QUE,0,10,276377
Meerkat Assemble,0,12,7016105
SubuTai,17,12,9367509
Conscripted,3,2,1894317
F A M I L Y,8,8,11288867
Red Circle,0,0,166957
INDONESIA MERDEKA,0,1,0
Freaky Fools,27,9,3877969
ONG BUT,1,4,218954
FREE FOR ALL,2,2,141416
The Black Banner,1,1,216467
Solsticee,0,1,0
Warhammer Defense Core,0,2,22552
Dark Looters,0,5,66530
MORO,4,2,278732
RYLs,0,3,131438
MoneyHunter,0,2,0
Invade,0,5,2146896
Wysteria,2,2,1689098
PAPAYA POKPOK,3,1,819442
Driffter,0,4,12663
Nemo Nemo,8,5,1211553
Screamy,4,4,488565
The_APEX,0,1,0
House of No One,9,15,1271035
Mochi Kingdom,2,4,128350
AVA,0,0,197001
Sea Lion Victims,3,7,3327517
The_APEX,0,1,0
Psz,6,27,8693284
RainyDay,2,2,270474
No SHOW,0,2,0
Wysteria,1,13,1548471
CHILIS,4,8,1260573
All Rise,37,27,10797402
PoopooDancers,1,3,1013807
Demon Fang,0,2,179127
Froggy Federation,0,1,0
SBNFC,2,0,146475
CoCa1nE,10,5,1502170
F I G U R E,2,7,907900
DNS,0,1,0
Finish,0,1,18103
LEGION BYZANTIUM,0,2,0
Nemo Bomb,1,1,519618
Real ONE,4,5,3279903
GOBLINS,0,3,302149
SubuTai,24,16,6753668
Kamusari,8,4,4494059
-,0,0,68101
ONE-JING,10,5,1048689
The Lightbringers,0,1,3632
The Northern Constellations,17,8,885738
F I G U R E,3,11,1641818
MELEE,3,7,2497106
eRa Empire,15,6,662114
Invade,4,3,1714264
QUILL,1,10,2700324
Kingdom,1,8,281881
-,2,4,471681
Ban,5,2,331737
MELEE,3,0,523067
DOKDO,0,4,822486
-,0,1,0
Switching To Heals,23,3,1055933
DNS,3,0,102088
INTERGALACTIC BAGANG,0,1,1478
D R E A D W A T C H,21,27,2465463
Kamusari,2,3,2108036
SubuTai,16,6,1600844
P U R P,4,14,1451585
CHILIS,3,10,7218095
CHILIZ,0,0,88395
Lumi,0,1,0
BENG_BANG_PH,0,4,67256
CHILIZ,0,9,1646800
CHILIS,0,7,1603475
Alone in The Mist,0,1,0
Martlock City,2,0,369101
snow forest,4,1,751812
A Brave Man,6,0,350279
-,0,1,0
1Mmortal,7,2,2946769
Earn money,7,3,3257311
CCTV,12,2,2034624
Judy no go Cindy no come,13,9,1619660
ALL VICTORY,0,1,0
THE RELATION,19,6,1342816
CHILIZ,17,21,13390280
Another,17,29,11252816
Once Upon a Time,34,12,8938957
GARUDA LEGION,2,1,188981
Free Country,0,1,18834
Filibusteros,0,0,58964
Cut Throat,18,1,1398275
After Cleric,5,1,2101974
Dreamweavers,1,3,6447
Spear and Sword,0,0,197647
-,0,8,85791
High Cards,0,1,1926
NekoParadoxia,0,3,0
Old Singularity,0,1,15866
Tempest Ghouls,0,1,3031
CHILIS,27,9,6036275
CHILIZ,23,10,7206647
A p os t l e s,26,36,4876891
Meow Immortal,1,1,2634
not cute anymore,0,0,252762
Rescue Station,1,3,460332
BlueOwl,1,0,21840
Rescue Station,20,21,13907258
COALITION,46,33,14695147
Understand,9,4,441449
PLAC,1,0,20162
I The Flying Dutchman I,10,7,3564684
The_APEX,0,0,22172
Snow Angels,2,4,11076
WINDPhoenix,0,2,2863
CHILIS,25,18,29354024
Evangelion,0,3,167050
-,0,1,24247
R O S E,12,16,4267677
Punugulu Society,0,3,0
NoobGaming_YT,0,0,19388
EL FAMILIA,0,0,20354
-,0,4,0
PL4B,2,19,604365
CTRL ALT DEL,0,1,0
Kingdom,0,1,0
Kagenon cid,1,2,14128
DOKDO,0,0,11927
-,0,4,22011
T H R O N E,51,26,5093666
RYLs,0,0,142784
RYLs,0,1,142784
Hooman,1,3,327421
GOBLINS,0,4,1863123
REDEMPTION CODE,0,2,0
HidE0ut,1,6,653733
DEATH PARADE,2,5,289871
xCUTIESx,4,11,1120076
Springs,1,5,929770
TONPA GANG,0,1,0
MooMoo,15,25,8776077
1Mmortal,13,3,2904095
HappyDay,3,3,1756466
Western Paradise,0,4,3132314
HARAISE,0,2,0
NUGGATHE,0,0,18341
V1OLET,0,7,815188
Assasin Guild,0,2,0
-,0,1,5864
A X E,0,0,10690
ALIVE,2,1,43525
Psz,0,6,1647312
Crusader Kings,4,8,7773035
-,0,0,598024
Psz,4,5,2749195
V A G A B O N D,15,5,2869861
Griffin Empire,0,12,3336397
NoEyeDeer,0,0,17822
House Of Gorkha,0,2,21821
Griffin Empire,0,1,0
-,1,3,33135
S Y N D I C A T E S,6,3,144312
Laughing Boulevard,0,4,4028249
Masked Bandits,4,2,684635
LAST - KINGDOM,0,1,0
V1OLET,0,0,361590
-,0,1,2026
Hot Coffee Essence,0,3,28924
-,0,1,1130
Nomadz,0,0,19764
UnifyVN - 304,19,11,2683878
-,2,4,266844
One More Times,0,0,492289
I Check Mate I,0,0,403155
Pierce,19,0,1618849
itinerary,1,5,625444
Conscripted,6,16,6534564
itinerary,3,7,540663
-,0,1,7540
Wicked Croc,0,7,32522
-,0,0,112454
TROLLS,2,2,154620
Council Of Haru Urara,5,7,457627
I The Flying Dutchman I,28,12,12389965
NULL,18,3,3846635
Noctera,7,5,2450394
TAKEDA 24,11,8,1923804
Griffin Empire,0,1,0
House Of Gorkha,0,3,88094
VINA HOUSE,0,2,229325
F A M I L Y,8,3,2739590
H U P,0,2,115702
Rescue Station,5,25,16725904
BLU,0,0,9287
Allahu Akbarrr,0,0,45899
KongFu PanDa,15,37,10467358
-,0,1,25596
-,0,0,14033
Conscripted,3,3,3046335
Real ONE,28,8,6874327
Albion Newbie Union,1,8,80517
Hell Fire Club,0,1,0
Speed Run,0,3,138690
Diana,0,1,0
FROSTBITE STRIKERS,1,2,73716
-,0,1,0
P U R G E,0,0,148498
CHILIS,4,4,963844
CHILIZ,21,18,16214370
-,0,1,26368
Freaky Fools,11,13,3705630
-,0,1,0
-,1,1,229906
FLORISEN,0,0,1732
pig bank,1,2,178624
Griffin Empire,0,3,304764
TAKEDA 24,0,7,1390798
Wysteria,1,3,289054
GOD EATER,2,2,386553
Heart of Thetford,28,5,2215317
MANIFEST,0,1,75557
Heartsteel,16,18,5339167
Vendettui,3,2,356605
Red Paw Gang,3,1,269978
-,2,9,139847
ALL FRIENDZONE,0,1,0
Ancient Guardians,0,1,0
Free Butterfly,6,30,2825074
Solo-King,0,0,89032
SubuTai,0,1,466182
W BLOOD,0,2,47257
-,0,0,77084
Dark Looters,6,21,1319303
Auraka,0,1,97697
Albion Royal Mercenaries,1,0,39807
-,0,2,81408
Mistwood Fen,2,2,20372
HXNTERS VXPERS,0,3,0
ALBION AFTER S3X,3,7,424167
Lybero one,0,0,17465
Shu Shan,15,1,443993
THEMERCENARY,0,8,392450
Earn money,3,0,8482828
The Mecha,0,1,32741
GOD EATER,0,0,190394
I The Flying Dutchman I,0,4,1484865
Wavei,3,0,175982
Bapack2,1,7,207509
-,0,0,5772
Chikipi,23,11,7222981
Griffin Empire,0,1,0
Azurites,0,0,7357
ELONA,0,0,75649
-,0,1,0
BLACK STAR,0,4,39875
red king,5,6,2936824
ENGAGE ON ME,0,1,0
F A M I L Y,27,17,6414405
-,0,2,0
The Last Generation,1,0,9272
POLRES LYMHURST,2,2,161978
NO_OC,0,1,291582
-,0,1,0
Rescue Station,15,14,7977301
Hoo Lee sheesh,0,5,16554
BeasTDaK,11,4,1810973
The Neighborhood,15,5,643191
Vold,3,4,182522
SERELIC,0,0,15973
I The Flying Dutchman I,3,12,5544425
Ashen Reign,0,1,10262
BeasTDaK,0,2,126589
RABBIT RAIDERS,1,2,501359
GOBLIN,0,1,0
Green Shadow,1,3,107453
Aetherion Order,2,0,112130
-,1,1,272568
Real ONE,6,12,6181930
RYLs,0,12,203041
D R E A D W A T C H,1,3,232377
INTERGALACTIC BAGANG,0,1,0
Reworld,0,4,285820
All The Villains,4,17,8030577
TGIF,4,19,6947462
Mika,2,3,1652105
K R U N G S R I,0,2,0
-,0,4,0
-,0,0,23293
VN-Knights,2,3,261125
CHILIZ,68,21,26933200
VietNam TheFord,0,2,0
The Elders Pact,0,1,16454
Take Care Your Ass,13,11,998444
-,2,2,212101
The Undead Angels,0,1,3129
Empyreus,9,11,967261
9INE,6,1,651395
ArtEm Warrior,0,1,69667
Shu Shan,2,0,29321
Wing of Liberty,0,2,0
All Rise,0,1,794748
REDEMPTION CODE,2,1,25356
M I 6,24,16,10849032
-,3,9,786434
The Black Banner,3,13,246849
Initial Night,0,1,0
Government Program,1,4,22840
not cute anymore,42,4,4489036
Conscripted,30,5,8371612
CHILIZ,1,36,4802162
Buccaneer,0,0,104090
-,0,1,0
YAHOMIA,0,1,0
-,0,1,0
I The Flying Dutchman I,4,14,7183364
GOBLINS,3,9,4107220
-,7,5,1223295
Rising Stars,0,1,3980
pig bank,1,8,12356
Empyreus,10,6,1399441
Empyreus,14,3,994122
-,0,3,287750
AK-47,8,8,469449
Meow Immortal,1,8,344371
snow forest,5,4,2387764
WhiteDragons,2,2,130041
LUVIMIN,1,1,273194
-,0,2,0
-,0,0,7384
-,0,1,0
Driffter,1,3,189019
Crimson Eclipse,2,4,117362
HER MES,0,1,6901
Kingdom,0,0,146722
BLOB,2,4,393656
Shut It,0,5,160894
itinerary,0,2,10501
-,1,2,53903
NULL,0,4,0
ONG BUT,1,2,20395
-,0,1,0
D R E A D W A T C H,1,5,637128
Free Butterfly,1,5,55590
Egg League,0,2,0
LUVIMIN,0,1,28265
BLOB,0,1,25739
TAKEDA 24,18,11,2695278
Griffin Empire,1,2,74809
Government Program,0,1,82515
The Neighborhood,0,2,26705
RABBIT RAIDERS,1,1,375300
Technique,0,0,11906
EMPYREAN PRIME,0,0,1187
ABOVE HEAVEN,0,1,19638
PVP With Me,0,0,375092
BANK OF NAVIGO,1,0,126002
-,0,1,24199
RYLs,1,10,318261
CHILIZ,44,12,17596849
CHILIS,23,8,8888682
MO GU,6,4,3861325
-,1,0,42590
Anteikuu,2,2,198369
-,0,1,3291
kaytonhce,0,1,24705
Free Butterfly,1,0,9622
THE WARRI0RS,1,2,490983
CHILIZ,15,23,8477654
DOJO,2,1,726481
OuterHeaven,0,1,25873
Wysteria,1,1,1872077
Galthering,1,1,135799
TheGreyKnight,4,1,286618
-,1,0,41628
Kingdom,2,3,1382403
-,0,0,8270
-,1,3,196945
All Rise,32,32,16636924
-,0,1,0
Belphegor,1,2,121089
Aetherion Order,0,1,24310
Aetherion Order,0,1,43564
Craftres,1,1,338147
Speed Check,1,0,40206
Whitefang Battalion,0,2,0
Enjoy Life First,0,2,60448
Spider GangZzzzz,9,1,428526
-,1,1,6647
Dark Looters,18,12,877786
-,0,1,0
Meerkat Assemble,45,35,11286237
AK-74,2,3,134199
SO EZ,0,0,1492590
Shut It,0,0,25508
Suncrest,0,1,9084
PVP With Me,0,1,146388
-,0,0,5545
Meowfia,19,9,4936265
RESPECTED FAMILY,1,0,76171
N E O - H E R O,0,2,751130
A p os t l e s,0,1,3462
V1OLET,0,1,0
-,0,2,21304
F A M I L Y,5,3,1733875
PLAC,6,6,2447621
All Rise,16,13,6394130
changxiangyi,0,0,37249
ETERNAL CRUSADE,2,2,157416
-,0,1,0
UnifyVN - 304,4,11,1851614
AAAAA,3,10,765100
POLSEK ALBION TIMUR,11,4,1108434
Meow Immortal,2,9,1385129
Conscripted,1,2,539835
oo0oo,9,1,2552924
Red Paw Gang,15,5,519235
One Shot,0,3,0
-,0,4,11928
P U R G E,1,8,4434020
ENDANGERED,1,3,1373094
I The Flying Dutchman I,0,7,7684905
F A M I L Y,0,0,492371
PVP With Me,3,2,573008
-,0,1,17443
Boar Army,1,31,6318894
SubuTai,0,1,2039553
Conscripted,2,4,2583038
-,2,0,156960
DOKDO,0,2,548286
GOBLINS,0,0,1447068
SubuTai,0,1,126566
-,0,1,0
Crimson Requiem,0,1,38796
GARUDA LEGION,0,0,2203
-,2,1,192024
GIGAN VIII,2,10,1627455
KajiRingo,0,2,31920
Masked Bandits,4,3,1486290
KongFu PanDa,45,56,15195134
Dread,14,11,2707453
-,0,2,49140
BangCuopLuongSon,0,2,1115418
R O S E,0,2,65644
Blue Phoenix,0,1,0
Topspire,0,1,2081944
KaLaewKaLad,9,3,784794
KaLaewKaLad,0,1,95975
Silver Groove,0,1,0
The Scarlet Dawn,0,2,30001
Scythes Area,0,0,3620
Pussi Gang 69,3,0,440312
-,0,1,0
Samsara,0,7,113109
Wysteria,5,8,3194292
-,0,1,0
Griffin Empire,2,7,1365848
DNS,0,1,45667
MoFuMoFu HEAVEN,0,1,0
HidE0ut,0,2,22711
GUARDIANCATS,4,16,395125
Albion Indonesia Raya,0,1,92636
Coup de grace,1,4,919117
PSC,0,2,0
BLACK WATER,1,0,179952
M O G A,33,14,4110376
Gathering FARM,0,5,0
Forever Night,0,1,39850
C O V Y,0,4,48364
snow forest,10,6,1934469
Zizonpa,3,4,3320927
Sylvan Gaia,0,1,0
Buccaneer,1,1,264940
GIGAN VIII,0,0,148899
B I L I B I D,0,1,28165
BENG_BANG_PH,0,0,699
-,0,1,0
Journey Uncharted,0,0,60965
MALIGNANT,13,10,2900190
Empyreus,19,11,1278422
G A I J I N,0,2,0
Wysteria,0,6,671995
Minerva-X,29,48,8299467
-,0,2,905
GIGAN VIII,5,6,649831
Wysteria,1,2,1927735
I The Flying Dutchman I,0,20,5362091
VELARIS,0,1,0
Calbee,0,1,0
CHANG,1,6,157755
-,2,1,111763
Alone in The Mist,0,1,0
Meow Immortal,1,4,381133
7SinsX,0,0,27405
UNITED REPUBLIC MERCHANTS,0,1,0
-,1,4,34800
-,0,2,468175
Meowfia,2,15,4514922
Lucky Fools,0,2,109851
Crusader Kings,10,12,4200898
9INE,9,17,6352960
-,0,5,18921
A X E,0,5,234056
-,0,1,32594
Heartsteel,0,4,115338
WINTERGUARD,0,1,0
Singosari,1,7,694955
Griffin Empire,1,13,1191033
I The Flying Dutchman I,0,2,989757
Midnight Rose,2,15,226172
-,0,1,0
Trash Panda Syndicate,8,15,731655
-,3,0,271035
PSYKOPATH,0,2,0
Dreamweavers,1,1,1760
Man Down,0,1,0
Conscripted,8,9,5306595
GOBLIN CAMP ID,5,10,286466
WhiteSuits,17,11,993550
Heaven Knight,0,0,385430
Shining Star,0,1,0
MoneyHunter,2,1,357701
UnifyVN - 304,0,7,2222708
CCTV,49,24,16661576
The swallow,4,9,494105
-,0,3,0
Mola,2,0,77477
BAU BAU,0,2,424593
BAU BAU,1,0,389069
Mola,2,0,364139
CTA,6,3,1760424
P U R G E,0,0,1123724
Invade,1,3,2673171
TRlUMPH,0,1,297160
The Boyz,0,2,434243
ELECEEDD,0,2,10741
SHADOW__GARDEN,0,0,1456
HIRAYAH,3,4,72561
KaiHuang Alliance,0,0,2268039
TEMPLARS_ORDER,7,4,219895
Crimson Radiance,3,3,384606
CapybarAAAA,3,1,610755
One More Times,14,3,568641
Jia Nan,3,7,515732
All Rise,11,21,6691799
Blackfang Covenant,49,13,3384610
Midnight Rose,1,2,49146
The Neighborhood,0,0,23249
TRlUMPH,2,4,1048581
Topspire,3,18,2467505
AZKALZ,1,3,70814
My Lethal Pony,0,0,210049
-,0,3,13988
GOBLINS,0,17,4022987
HuaDaBin,7,9,3893682
-,1,1,15810
GOD EATER,7,6,968664
THE FALLEN SERAPHIM,0,1,13910
Nyork-Keys,0,1,0
Goldpig,0,1,0
Future Party,23,38,24258573
Battleborn,0,1,37306
-,0,1,0
RYLs,4,2,95000
TRlUMPH,10,6,951923
E U N O I A,4,0,53458
A X E,0,3,234893
Lex Talionis,4,6,427173
VIET NAM ssm,0,1,0
The Northern Lands,2,3,81193
P U R G E,0,0,1046395
WARRIORS INITIATES,0,4,7852
PLAC,17,4,16975166
Mochi Kingdom,2,5,39801
Kingdom,0,2,196148
-,1,3,59125
Pierce,12,36,7694262
UnifyVN - 304,5,1,732447
MoneyHunter,9,11,946515
GARUDA LEGION,0,0,2203
CHILIZ,1,18,7865529
CHILIS,0,14,6066962
AAAAA,3,4,178418
-,0,1,0
Sequence,3,2,1126270
PSC,0,1,0
8Sp1Ders,2,0,524768
Oracion VII,2,0,510242
-,22,17,2701387
I The Flying Dutchman I,0,1,0
Invade,39,2,6798772
SLAF,0,1,0
GIGAN VIII,1,1,157006
Masked Bandits,0,1,64147
COALITION,3,7,594540
KaLaewKaLad,3,1,244063
I The Flying Dutchman I,0,6,1744005
Filibusteros,14,6,2342634
-,0,1,0
1Mmortal,0,3,116749
red king,2,1,103679
NAGA PEOPLES FRONT,0,1,1163
Empyreus,17,8,791930
Battleborn,117,8,4123891
Husky Empire,0,1,27866
Singosari,9,16,3851432
TRlUMPH,0,1,27043
KABILAND,0,1,0
PLAC,10,8,22385553
MO GU,1,2,2764763
Tarumanagara,2,5,56661
Laughing Boulevard,0,1,314183
-,3,3,2663975
-,0,1,65563
Once Upon a Time,8,0,339688
cat and rat,0,4,278028
Mika,31,42,8016070
CCAV,0,2,0
MINlONS,3,4,766444
Helmet Bahini,0,1,0
KNYACKI,0,1,0
CHILIS,23,7,3831406
F A M I L Y,1,0,565136
No fun no game,2,16,208121
G U N N E R,5,0,337368
-,0,1,0
-,0,2,179759
VISCA BARCA,0,2,0
MELEE,2,4,98056
Nemo Nemo,0,0,3372
TEAM_MEMOL,0,1,0
-,0,1,2458
V A G A B O N D,2,3,641096
The_APEX,0,2,40334
Lazy Bear,1,1,52560
GOD EATER,0,1,43874
-,0,0,68101
Darkhotlunadal,0,1,0
The swallow,1,0,1429898
All Rise,0,76,12990922
-,0,2,0
Battle Maniac,1,1,120393
Spero Spera,1,2,237408
Old Man,8,12,1723724
Shining Star,10,9,300464
-,0,0,85825
A X E,0,3,137567
FREE FOR ALL,0,2,0
The swallow,5,3,2380039
Shining Star,0,2,96520
Pink Memory,0,3,906363
Ban,0,3,9684
Future Party,16,4,3574112
All Rise,1,8,976340
An Guild,12,5,2706547
QUILL,0,6,72477
F I G U R E,22,16,14492406
Another,32,67,24008243
G A I J I N,2,0,121133
-,0,0,12685
Technique,0,0,6434
The Boyz,1,4,99080
-,0,1,0
WhiteDragons,0,2,0
LUVIMIN,1,5,354743
PeOdy,0,1,1624
-,0,0,2359
Soop,0,4,14807
Kingdom,0,2,354534
Spero Spera,1,1,352656
TONPA GANG,1,0,127878
Filibusteros,16,9,2803863
FATE-Excalibur,0,0,13933
-,0,1,98932
-,2,1,163565
Tengkorak,6,13,391320
Mam-moth,1,0,40948
hand of god,1,5,477999
RAGNAROK,1,1,83125
booz party,0,6,100962
Tarumanagara,1,10,53978
HIGHT AND LOW,0,4,9618
Singosari,34,10,2952493
Pierce,2,4,1243638
-,0,1,0
Pierce,0,4,967521
Wavei,1,0,216071
Ga LinBei Low Cha,0,1,0
Ordo Musaceae,0,0,61410
pig bank,1,5,284550
Minerva-X,6,5,986941
-,0,0,20856
Red Paw Gang,4,4,450960
-,0,1,0
Chicken Nuggets,10,5,1021798
Boar Army,1,1,804733
OverDaddy,0,1,105062
mechanical,0,1,0
Speed Run,0,0,40815
Technique,7,3,699295
Titan Blaze,2,4,113591
R E V E R I E,14,21,4385534
Sequence,3,1,434349
A X E,1,1,12498
Tear of Fear,0,8,29062
BLACK BLOOD BROTHERS,0,3,0
H a n a k i r i,5,3,246971
B L A C K P E A R L,0,0,20267
GOD EATER,0,0,3855
SpartanS 300,0,1,66353
The Wardens,1,3,189058
Pink 7,11,12,1899356
Mathias,0,1,23353
Peng Lai Xian Jing,2,4,311313
Whitestone143,0,1,2504
TEAM_MEMOL,0,1,18977
Nemo Nemo,0,2,0
Singosari,1,5,1286042
TRlUMPH,0,0,27043
Another,26,15,11675526
A Brave Man,0,2,59034
RABBIT RAIDERS,0,0,116491
BLACK_NUMBER,2,5,33961
-,0,1,4218
Mika,7,7,1396177
OPC GGININDER,0,0,138769
Nemo Nemo,2,1,48472
UnifyVN - 304,1,4,603733
Endernations,1,2,1671
Los Triad,0,1,0
under60,0,3,0
RAGNAROK,0,0,124978
A p os t l e s,7,17,771476
Screamy,0,1,49537
TRlUMPH,0,1,1183231
Nemo Nemo,0,1,0
BU ANG,0,0,138388
I The Flying Dutchman I,11,4,2557264
Topspire,2,3,294978
Meow Immortal,2,20,3139897
KAKI TIGA,0,6,445996
KINKIN,3,1,439789
hand of god,0,4,18331
-,1,1,97596
The Black Banner,0,1,0
CapybarAAAA,1,7,1571487
Invade,3,4,1203961
BeasTDaK,0,1,445939
BLOB,0,1,686
Karmic,8,14,1254004
I The Flying Dutchman I,0,1,1877086
Chien Than Academia,3,4,279476
Chikipi,12,4,5515259
mechanical,6,9,789163
The Rumble,0,0,10590
Meerkat Assemble,1,2,1706947
takkasin club,0,0,61907
-,0,0,18623
SpaceWolves,0,1,2934
NekoParadoxia,0,0,2296
Reworld,2,5,654131
Titan Blaze,1,3,53798
The Boyz,0,5,1841873
THE WARRI0RS,4,3,35271
KKKKKKKKKKKKKKKK,3,1,84285
Battleborn,4,2,182944
BeasTDaK,5,0,809770
Shining Star,0,2,0
Laughing Boulevard,2,3,2976916
Griffin Empire,0,0,20558
Demon Fang,0,2,161985
I The Flying Dutchman I,0,7,5390572
V A G A B O N D,0,1,183993
CapybarAAAA,0,1,86746
Buzztard,3,4,156082
my cat can backflip,0,0,122747
One More Times,1,2,205570
Kingdom,3,6,1168624
Helios Phoenix,0,2,764211
H4VEN,0,0,2356
SULAPAQ,0,2,0
The Myth,0,0,17058
-,0,1,6277
Endernations,0,2,0
Demon Fang,1,4,250667
TGIF,0,7,3828542
Forever Night,1,14,990670
Farm Or Die,4,7,398798
Forever Night,11,3,1305893
Probably Lost,0,2,4343
-,0,1,0
-,0,0,7884
nanjingdapaidang,0,6,82497
-,0,2,0
Hold On,0,1,275520
From Zero,2,1,197467
CoCa1nE,0,0,28157
-,0,0,11357
-,1,0,62850
Invade,0,2,158967
Singosari,5,5,1098068
-,0,0,264963
The Neighborhood,0,1,36498
D_MINGSSS,0,1,0
Pierce,3,3,1671228
happyday 365,0,2,0
Blue coral,2,4,537726
Real ONE,4,16,5615251
After Cleric,0,0,18751
P U R P,1,0,99300
-,4,3,874655
BeasTDaK,9,8,4275669
LOSERS CLUB,4,1,500758
M A R S,10,9,1219247
Rogue Cat,10,29,552396
CapybarAAAA,1,12,1220056
-,0,1,0
Dystopian,0,1,175292
Earn money,0,6,1389707
Finish,0,0,30331
NULL,6,7,2078149
-,2,3,246656
Nemo Nemo,2,4,278684
-,1,0,13153
DDBS,0,2,3195929
Another,11,7,1164429
-,0,1,0
HaChiu,0,3,5944
War of Shawdows,0,2,251140
VantaKasumba,0,1,2734
TRlUMPH,11,6,360546
Invade,6,8,651361
KaLaewKaLad,1,3,27384
MO GU,10,7,1690892
Z GEN,11,13,2099809
Kingdom,3,4,336817
Mahatma Suvarna,1,3,86373
KT8862,0,1,0
-,0,5,46583
-,0,0,7173
DlSBAND,17,9,3396903
GIGAN VIII,11,8,1400198
Singosari,3,0,7758
sierra,0,1,0
GuGu GaGa,0,2,0
QUILL,7,10,465444
MO GU,0,1,0
Z GEN,0,2,60108
KnightfaII,0,1,0
Once Upon a Time,6,4,3847534
ERASE,87,26,7808724
Freaky Fools,15,15,3776070
D R A W I N G,1,1,5583
PSC,0,3,667437
-,2,2,122455
Grindval,0,1,0
PAPAYA POKPOK,3,13,8704190
ONE_For_All,1,4,125573
Smell Score,0,3,22294
LakeSide Villa,0,0,239911
Snowflakes,3,4,539451
Conscripted,3,1,868643
Boar Army,10,0,311247
321 Demass,0,1,0
Filibusteros,5,3,1980713
Cut Throat,0,0,254497
TAKEDA 24,0,7,1388232
Aetherion Order,0,3,92779
DAVAO-DEATH-SQUAD,2,1,71714
SHROUDED,0,4,1309141
H G,1,4,305531
Typhon,0,2,5352
H Y P E R T E N S I O N,57,30,6548759
-,1,0,152093
SO EZ,10,3,2134575
The Black List,3,6,508595
-,3,5,209017
MO GU,0,1,0
China,3,9,428203
Griffin Empire,25,14,12866510
Solo-King,14,14,6563377
CCTV,5,9,4039008
Minerva-X,1,15,1999522
GOD EATER,1,3,1115512
P U R G E,1,2,734440
Neophyte Vanguard,0,1,0
ENDANGERED,3,11,3216852
9INE,1,3,1268576
ETERNAL CRUSADE,0,4,0
-,0,2,0
Finish,0,3,2143
-,0,0,50048
Chikipi,12,12,11108170
good bomb,61,7,21137770
H Y P E R T E N S I O N,21,20,2152714
Bretonnia,2,3,610998
F A M I L Y,36,21,10396641
D E T O N A T I O N,1,1,27384
Rising Stars,0,1,0
TEMPLARS_ORDER,0,1,0
BLACK WATER,0,1,0
One More Times,0,1,0
-,0,1,0
High Cards,0,1,0
MALIGNANT,3,5,1355391
SubuTai,36,13,7640550
Minerva-X,3,3,979635
PAPAYA POKPOK,0,3,572622
The swallow,1,0,241043
F R O Z E N,0,1,419477
-,0,0,2091
-,0,1,0
WINDPhoenix,0,2,122435
Rescue Station,33,8,9338426
-,0,1,35051
DBlackRose,0,1,0
Dark Ravens,0,1,0
Elden Ashborn,5,8,2069651
GOD EATER,1,6,267847
-,1,1,1707466
-,2,3,59538
SideQuest,0,5,810505
-,0,2,33291
An Bu,2,4,46968
-,0,1,0
Frostborn Exiles,2,2,96174
KAKI TIGA,5,5,141901
AK-47,2,3,224344
Summers,1,1,26847
NO-RE,1,3,754978
Buzztard,5,15,1812173
Albion Newbie Shelter,0,0,6291
I Slytherin I,4,8,220887
Griffin Empire,0,11,1142774
An Bu,0,2,0
MoneyHunter,0,5,116705
Forever Night,1,1,69100
-,3,1,583903
Meerkat Assemble,11,3,1461837
kill the bandit,0,1,356514
DaHaiDai,7,8,514579
-,0,2,23603
Easy come Easy go,1,6,491912
The Last Generation,0,1,0
Forever Night,2,26,2485390
MELEE,7,2,1770640
CapybarAAAA,3,5,204325
-,0,0,192950
I Slytherin I,4,14,971489
1Mmortal,7,1,1379322
Fenr,6,3,1137313
Hanguk,2,2,74414
DOKDO,6,4,1125429
snow forest,36,8,10711318
Sigma Man,12,11,1405829
CapybarAAAA,0,0,23093
TRlUMPH,3,5,1137727
Crusader Kings,12,31,7431255
9INE,29,46,17547645
CCTV,2,5,4490851
1Mmortal,22,3,9570845
Albionvill,0,0,55013
HeIIo Kitty,0,2,5919872
ONG BUT,2,0,267103
-,0,1,0
F A M I L Y,2,4,999126
Real Man,22,18,4786686
CHILIS,2,1,3029446
CHILIZ,4,9,6282013
A X E,3,15,822692
Nemo Nemo,13,25,8238557
-,0,1,0
Invade,5,23,2586743
South PH,17,11,4442888
Use Cleanse,0,3,0
Kunfayakun,32,8,1622615
All Rise,29,36,13722179
-,1,0,45069
G A I J I N,0,2,0
WARDEN-SLAYER,1,1,26900
FLOPIT,0,1,33055
-,0,1,0
Lym World,14,8,705985
POOPII,1,0,59533
xCUTIESx,0,6,773313
Nemo Nemo,0,1,22612
FREAKY BLINDERS,0,1,27230
PLAC,35,17,9446619
Alive Evil,2,1,37002
-,1,0,81135
-,0,0,194232
Wing of Liberty,0,3,529395
-,2,3,232485
WhiteSuits,6,3,817221
LEGION OF THE UNDERWOLD,1,2,195183
-,0,0,1624
B L A C K P E A R L,21,9,1833566
VietNam TheFord,0,1,0
Echo of One,0,0,42823
Frostborn Exiles,0,1,4460
CTRL ALT DEL,0,0,552
COALITION,0,5,729576
DeSaiko,0,1,0
-,0,0,2417
Kingdom_of_God,0,0,7007
Let Me Think,0,1,0
P U R G E,19,3,3041120
The Myth,0,1,1813744
-,0,1,0
CoCa1nE,0,3,257896
CCTV,0,9,4292650
-,4,1,159443
Filibusteros,0,0,63329
Crimson Valkyries,0,2,65842
Whyme 2,3,16,2111720
F A M I L Y,2,1,852071
OneDone,5,1,533685
Laughing Coffn,2,5,140973
Springs,0,2,141222
CHILIS,0,2,836421
CHILIZ,17,5,6439320
RYLs,2,7,448448
The Black Banner,1,1,35663
Astartes,2,0,45311
Fightin fool,4,1,392713
Reborn from Nirvana,2,6,1038947
Crusader Kings,20,9,4048995
9INE,41,18,7592488
Harmonia Eternity,0,3,4130
RABBIT RAIDERS,6,2,771192
itinerary,1,1,3915
The Last Generation,0,1,0
-,0,0,7812
The Lonely Moan,1,1,121393
I The Flying Dutchman I,10,9,15706424
Real Man,0,16,6028058
R O S E,3,15,5813876
CapybarAAAA,0,1,114886
Heart of Thetford,2,2,76829
-,0,1,91016
Second invi,0,1,0
Ban,0,2,418747
Heartsteel,8,6,928956
Mika,1,6,3037620
Crusader Kings,3,14,6988752
9INE,10,6,4645567
Mammoth King,3,4,5394494
A p os t l e s,13,16,2222297
MO GU,9,10,3780196
-,0,1,516850
Conscripted,0,1,44067
-,0,1,3000
F I K A,18,9,3256914
-,1,1,2790
Over-_-lord,0,2,0
New_World_Order,1,1,228303
MABAR,0,5,170454
HAMSHTER,0,3,54868
wubba lubba dub dub,0,5,10771
Ala,0,1,90899
PureCloud PH,1,1,101692
Critical Impact,0,5,190040
Luminous PH,0,4,11819
Nugget,0,3,0
After Cleric,7,3,1763994
Earn money,17,6,4124106
B L A C K P E A R L,0,2,0
Buzztard,0,9,1414660
The Lonely Moan,0,4,102527
Meerkat Assemble,2,4,6625392
H a n a k i r i,0,3,106068
ERASE,11,19,5041974
TEAM_MEMOL,0,1,168732
CHILIS,0,3,1194663
F I G U R E,11,7,3035066
BENG_BANG_PH,1,0,282051
Ayato,7,0,488024
PAPAYA POKPOK,2,0,165435
Coup de grace,10,5,3854411
F I K A,8,8,3034449
Chikipi,2,1,424695
Make AIbion Great Again,3,3,236093
Real ONE,1,1,39847
CRACKER,0,3,14997
FAKE INFO,5,4,1062012
7FALL,3,0,128010
House Of Gorkha,0,3,0
Midnight Rose,0,1,0
S D G,8,12,2259090
-,0,1,53333
Lymhurst Ranger,0,1,0
Mahatma Suvarna,1,8,102254
NEVERLUS,1,0,63123
Meerkat Assemble,9,27,7558587
All Rise,6,5,3076108
PLAC,3,7,15330596
-,1,2,22338
Harmonia Eternity,9,11,179002
Technique,2,3,65938
PoopooDancers,1,0,355545
QuQnnTATnnOvO,0,4,344514
Dragon Blade,27,23,3910648
I The Flying Dutchman I,10,9,19716226
Crazybabys,1,2,108019
B o S,0,2,0
UnifyVN - 304,2,6,1897714
Meowfia,4,12,3660780
-,0,0,15619
Children Of The Dragon,2,9,963751
Forever Night,0,5,203194
HeIIo Kitty,23,11,32904826
HelIo Kitty,14,3,6440538
-,0,1,0
YAHOMIA,2,11,99755
Coup de grace,35,32,4866836
KPA,10,5,425796
DlSBAND,2,1,270196
PLAC,30,18,14419421
A X E,0,0,276254
The_APEX,5,9,729246
Western Paradise,1,4,3841855
Bretonnia,0,0,367986
TUNNIYOM,4,4,298172
DOJO,1,1,386004
-,0,1,0
D R E A D W A T C H,0,2,0
OpenMinded,1,1,105511
-,0,1,0
Dread,23,9,4748032
-,0,1,0
Noctis,1,1,139625
21_Rising_Warrior_22,0,0,70240
TAKEDA 24,0,4,35549
Mystical Knights,0,3,0
ASIA OFFLINE,3,1,63466
CTRL ALT DEL,0,0,3214
BeasTDaK,24,11,5040606
NGGang,1,0,246768
Singosari,21,29,2810361
QuQnnTATnnOvO,10,28,6697007
MACHERIE,2,4,96982
-,2,3,1399560
MoFuMoFu HEAVEN,0,2,0
The Lonely Moan,0,2,0
V1OLET,8,9,1639906
S Y N D I C A T E S,1,10,610085
Another,4,12,9139725
Kamusari,2,6,5200912
-,0,1,316461
QUILL,1,13,887755
UNITED THETFORD,1,1,13314
-,2,0,382290
KATANA,1,6,21707
Wayfinder Knights,0,1,93221
Family Type,0,3,9757
Asia Merchant,0,1,13911
PLAC,6,23,13104880
The Drop Bears,0,3,64600
Run Around,0,1,0
OneDone,2,4,1325974
The Wardens,0,1,47448
Pos_utama_kurir,0,4,37633
-,0,2,130208
Invade,5,4,1638603
Singosari,1,8,686227
MINlONS,38,14,9366778
-,1,1,13369
The Wardens,0,2,30789
Eldritch Acquisitions,0,0,8690
123qaz,0,2,5062
Midnight Rose,0,6,16561
Real ONE,0,3,2729112
Black Mist,0,3,149576
V A G A B O N D,15,20,6639558
God_Of_War,2,0,51402
Heavenly Virtues,0,1,0
MO GU,0,0,159936
-,0,1,0
Griffin Empire,4,8,1453831
Aetherion Order,0,0,21334
Marlotck In Heart,0,0,3926
C O V Y,1,0,47272
Warhammer Defense Core,2,1,256643
-,0,2,24961
-,0,2,0
GARDU APARTEMEN,0,0,14091
GIGAN VIII,13,16,1411978
-,0,1,0
Chikipi,0,3,1769836
Kuda Hitam,1,0,118798
Pussi Gang 69,11,19,4317145
Western Paradise,39,36,12276321
Heart of Thetford,3,1,401067
-,5,2,218347
Gold Pigs,0,1,7998
-,0,1,63504
SOBATKUAT,1,0,75897
Kingdom,0,0,132758
Another,56,15,10439943
HYBRIDS,3,12,2135815
-,0,2,0
Stellar Alliance,4,13,4669472
Farm Or Die,0,2,91312
All Rise,56,53,20362599
I The Flying Dutchman I,0,13,4412863
Another,87,27,31263096
9999999hunter,1,0,11235
UnifyVN - 304,13,9,3446785
Chikipi,44,53,20964418
Crazybabys,4,7,1681314
Demonic Faction,19,3,1295933
Holy Black Knights,0,0,334648
TwinHead Thunder Dragon,3,5,591880
good bomb,12,3,4251251
V1OLET,0,0,189095
PLAC,0,9,7364065
Meowfia,15,22,5451932
9191,21,5,2957313
T1 FAKER,8,15,484229
F A M I L Y,14,7,5402512
Shu Shan,0,5,1030973
Only Gamers,0,6,15648
pig bank,0,3,72953
CCTV,18,13,21232479
AK-47,0,1,81347
1Mmortal,0,1,35407
CHILIS,7,12,15054983
CHILIZ,18,13,8789604
THE WARRI0RS,4,1,1141356
GTO Nazarick,5,6,122986
Astartes,0,4,61668
Spero Spera,1,2,118563
QuQnnTATnnOvO,43,12,5646188
MAPIX,0,1,0
CapybarAAAA,28,19,2051109
-,0,2,14967
Avalon Little Punch,0,0,126194
All Rise,96,28,11597438
PLAC,92,15,32331136
A X E,8,14,3723066
Noob Family,0,0,59248
Ping300,3,0,679661
Frostborn Exiles,0,1,0
Chosen Few,0,2,0
TACTICA MORTIS,2,0,38522
Chikipi,0,23,17020511
NekoParadoxia,0,1,0
Multatuli Mercenaries,2,5,90073
-,0,1,0
Take Care Your Ass,2,15,606553
The Night Legion,0,0,29965
The Inquisition,0,0,122518
All The Villains,11,31,5075124
Pierce,0,20,3865950
Invade,9,4,492764
SLAF,4,6,1168223
H Y P E R T E N S I O N,1,5,153995
COALITION,0,1,286991
SubuTai,14,12,10125901
Atlanta,2,6,360433
MELEE,33,6,4514468
THE WARRI0RS,1,3,1394887
TAKEDA 24,0,2,541656
Masked Bandits,3,10,1157529
Nemo Nemo,0,1,0
N O C T U R N A L S,0,0,10076
MORO,1,1,147907
TGIF,0,8,6477198
PLAC,0,10,19917884
Buccaneer,0,1,0
GIGAN VIII,0,8,1141904
CCTV,1,9,3136808
Free Butterfly,0,1,0
Gungn1r,0,0,1513
AK-47,5,0,369818
S Z P,5,2,114384
China,10,19,2911975
Another,133,35,35554431
AK-47,11,10,1620914
CCTV,1,4,373284
-,2,3,724585
Screamy,0,1,41262
The_APEX,0,9,141121
Crazybabys,1,1,98982
Seven Hill,0,2,721129
Sunset,4,2,1162764
Pink 7,3,11,319380
Farm Or Die,11,12,2767186
CoCa1nE,1,3,943117
Old boy,1,1,21645
COALITION,3,14,3766636
I The Flying Dutchman I,0,1,181067
TESTUDO,0,2,11308
Wing of Liberty,0,3,32887
Lord of Yasuke,10,4,693084
Ping300,9,5,1763208
Solo-King,0,1,16946
Farm Or Die,3,0,211094
NULL,9,14,2708917
Tengkorak,3,6,28422
Albion Asia,0,1,0
-,0,1,0
FREE FOR ALL,0,1,0
-,0,1,0
ZERAVIM,0,1,5812
-,0,0,7591
Griffin Empire,0,2,80
-,0,1,29036
Yuzi,2,2,191968
SHOWTIME,0,1,0
-,0,3,3311
PKZ,1,3,74092
RABBIT RAIDERS,0,0,20457
A p os t l e s,0,6,358676
SLAF,0,1,0
TRlUMPH,1,0,12518
GIGAN VIII,4,4,1403970
P U R G E,3,2,968321
Topspire,4,2,928807
A p os t l e s,1,24,3011784
xCUTIESx,1,45,7261466
-,0,1,0
SHOWTIME,11,7,1897813
Wysteria,0,8,1760384
CHILIS,0,34,5832686
CHILIZ,0,9,1346794
Guerilla Warriors,0,4,102889
GOD EATER,3,1,805511
PLAC,92,29,24379193
Meeting Stone,3,2,686981
Mika,1,16,4267319
Future Party,1,28,8409518
Meow Immortal,1,3,212245
Meerkat Assemble,0,2,1270906
Dread,3,4,414868
Rescue Station,4,10,3477724
M A R S,0,1,0
Spero Spera,0,1,2881
-,0,1,0
KaLaewKaLad,0,3,743390
Alone in The Mist,0,1,4137
-,0,2,0
DragonWorld,3,2,242038
BLOOD LEGION 1,0,1,0
Future Party,73,31,13061528
NO-RE,2,3,778261
1Mmortal,0,8,7523919
Sunset,0,5,691133
Earn money,0,0,237479
Raining,0,7,1061505
snow forest,0,0,12495
DRAKER,2,0,375647
-,0,1,59470
Meerkat Assemble,4,1,369592
Topspire,0,1,1063165
Invade,1,8,1772075
Western Paradise,0,17,4740561
SHOWTIME,6,14,2280620
SO EZ,1,8,1127009
The Boyz,0,1,0
MafiaZone,1,0,180238
PLAY IN KINGDOOM,0,1,0
handsome,13,8,890493
fortuita viri,0,0,65448
Filibusteros,0,0,2154162
ROYAL CARTEL,0,1,341291
Screamy,2,0,40802
2077,18,3,7430846
snow forest,7,4,4894879
Jia Nan,2,7,516500
Meeting Stone,12,7,2904997
Tama Lab,2,1,14688
Holy Black Knights,0,1,0
Chola Empire,0,1,0
God_OF_Hunter,0,1,0
-,0,4,83830
REDHAWKS,0,0,9846
Are You Okay,0,1,0
NewFalconComunitas,1,0,6323
Shining Star,0,4,296265
The Avalon Vault,0,0,31995
Buccaneer,0,2,238591
GIGAN VIII,0,12,2589509
MELEE,0,5,2069882
-,0,4,37581
I The Flying Dutchman I,25,14,18281609
-,1,0,254564
Avatar,0,1,6908
-,0,1,100397
Same-to-You,0,1,2553
-,0,2,1200
GRIEVING-SOUL,0,1,0
D R E A D W A T C H,0,4,209987
The Northern Constellations,19,4,1904686
SubuTai,40,28,31807077
The Lightbringers,0,1,0
The Neighborhood,2,1,478462
Boult,0,6,62910
Tengkorak,7,6,462496
RESPECTED FAMILY,1,2,48342
Solsticee,1,1,19029
LUVIMIN,2,2,83984
Meerkat Assemble,0,0,8568
BeasTDaK,0,5,651788
BeasTDaK,2,1,355218
GIGAN VIII,3,2,430157
DOKDO,0,1,0
Another,2,3,4205889
Menhera,0,2,1494787
Naaga,10,11,738406
TheKingIND,4,11,325004
-,0,0,1414
KaLaewKaLad,6,3,1064263
Anggota-DPR,0,4,0
itinerary,2,1,319011
Dread,9,9,7124966
GIGAN VIII,1,2,288158
Wysteria,0,7,2465841
Speed Check,4,2,269421
ADARNA,1,1,12324
GLACIAL FROST,0,2,4691
The Neighborhood,8,2,871844
Empyreus,8,1,171492
OneDone,0,7,228465
-,4,2,846129
-,1,18,146479
-,0,1,0
F A M I L Y,47,15,9245610
Give Me Your Sis,15,11,1072892
The Black Banner,0,0,196958
TRlUMPH,4,12,2070921
Chosen Few,4,3,105657
Red Paw Gang,1,1,239240
V A G A B O N D,8,6,2884770
Real ONE,3,1,936585
After Cleric,0,0,18751
TESTUDO,1,1,60520
DOKDO,13,10,867715
-,1,0,15921
CRACKER,1,4,54588
TRlUMPH,27,9,3514289
-,0,1,0
-,0,0,1996
itinerary,2,5,275523
TRlUMPH,1,16,2463401
South PH,1,0,112639
Nemo Nemo,26,33,9712500
-,0,3,0
Stellar Alliance,3,5,842360
GaoLaoZhuang,7,1,114539
Chikipi,1,13,3173674
SubuTai,76,22,9269312
-,0,1,67092
MoneyHunter,4,4,121678
H U P,0,1,107416
MooMoo,1,7,2988819
QUILL,2,4,453123
-,0,0,23643
koryen,0,3,0
S Y N D I C A T E S,17,25,3129753
The Neighborhood,4,14,2858333
BlackTemplars,0,2,3055
Chosen Few,2,6,610601
An Guild,1,4,791981
ENDANGERED,25,18,5779612
-,0,2,8959
xCUTIESx,0,0,105861
xCUTIESx,0,0,463446
BLOB,1,2,70195
ENDANGERED,14,8,3247442
MINlONS,0,6,1158124
Smell Score,0,1,17732
Jagdgeschwader 52,14,2,882903
-,0,3,1227
-,0,4,227163
Wicked Croc,0,1,15260
Stellar Alliance,0,2,45527
NO-RE,28,36,10127403
CHILIZ,46,44,19675702
Real ONE,0,0,287898
I The Flying Dutchman I,0,0,22345
-,1,2,102729
After Cleric,1,0,1340864
-,0,0,25621
Mt Takamasa,0,2,29146
F R E E S I A,1,0,18438
-,0,3,0
Dark Looters,39,28,2074241
Farmers Family,0,1,0
MABAR,0,0,6372
-,3,0,204189
Snow Angels,0,5,0
V1OLET,0,1,187828
SHOWTIME,11,10,3388459
The Neighborhood,0,2,159778
MALIGNANT,0,1,29411
The Last Generation,0,1,0
Neophyte Vanguard,0,1,0
H Y P E R T E N S I O N,13,1,1226568
Dreamweavers,3,5,164100
WARBORN,0,1,0
GOBLINS,36,9,8303467
snow forest,8,1,2196152
TGIF,66,18,12260237
All Swamp,0,1,0
1Mmortal,100,30,21662525
MO GU,4,7,3979474
I The Flying Dutchman I,4,6,5478610
Kunfayakun,0,10,155664
Baby_Paradise,0,0,11957
321 Demass,0,3,0
D Not So Ordinary,3,1,82210
COALITION,20,28,5240093
-,0,1,0
KEYBOARD,1,5,500879
hehehaha,2,0,315531
Civic,6,7,919840
MONKEYSS,0,5,52778
CHILIS,2,11,5189240
CHILIZ,1,19,1840144
F A M I L Y,2,1,2682041
-,0,3,6252
All The Villains,12,10,2782919
Wysteria,11,22,6021006
-,0,1,0
RYLs,0,1,19613
A p os t l e s,5,4,1046883
P U R G E,19,13,4183890
HYBRIDS,0,1,0
Conscripted,24,12,8796751
THE WARRI0RS,2,6,744323
-,0,1,0
Menhera,2,1,2518613
Another,2,0,576709
-,0,1,0
B A B,0,1,0
MELEE,23,11,12719473
Kamusari,1,2,226690
P U R P,0,6,216149
The Valorians,0,0,85212
KHAOS,0,1,0
Realest,0,1,0
SubuTai,7,5,3769742
HomeLesssss,1,2,260654
I The Flying Dutchman I,0,7,7610643
-,0,0,483525
M O G A,44,14,4761515
QUILL,8,7,670986
S Y N D I C A T E S,0,0,50474
Pink Memory,0,0,5806
S U P K A I,2,5,887005
-,0,1,17597
Shining Star,11,25,2484301
KaLaewKaLad,28,12,3095454
Masked Bandits,2,4,951625
TRlUMPH,0,8,701183
DOKDO,0,1,0
Y R U G E I,3,5,63805
SHOWTIME,2,3,527976
GTO Nazarick,0,4,90607
The Drop Bears,2,5,1194237
Chosen Few,1,4,35142
-,0,1,0
Earn money,13,8,7258722
THE RELATION,15,5,1064084
ory,1,2,30648
The Northern Lands,0,1,0
-,1,1,37104
PLAN G,3,2,284722
Alone in The Mist,2,1,346213
CHILIZ,22,29,8662894
Phantom Monarch,0,1,0
-,1,0,89135
Cordons Kittens,1,6,22881
All Rise,14,20,5369323
DeSaiko,5,1,77865
-,1,0,42516
LiBulan Guild,0,2,0
RESPECTED FAMILY,2,1,45497
Mhytical Castle,3,3,281976
Naughty Squad,12,24,1316757
G STONE CREEPS,3,3,580751
HORDIAN,0,5,5684
-,0,2,0
-,1,5,165224
Anteikuu,0,4,47360
ENDANGERED,1,2,57913
DDBS,0,3,1466687
B L A C K P E A R L,0,1,129307
I The Flying Dutchman I,29,7,18485959
Red Circle,39,53,4942244
Meerkat Assemble,1,1,608742
COALITION,17,42,7448106
Singosari,4,14,2501900
-,0,0,3428
Primordial of Black,1,2,61807
Pussi Gang 69,0,2,3699
Alone in The Mist,0,2,0
Minerva-X,2,6,1410201
Sapling-MIU00,1,1,40830
AZAZEL,0,2,0
-,0,1,35235
Dread,2,7,858552
not cute anymore,0,2,524609
Never Regret,1,3,162059
SO EZ,12,5,2252318
-,0,2,84813
Press A to Die,0,1,0
PayPal,1,0,25740
HER MES,1,1,162027
Old Singularity,1,2,60078
NULL,1,2,818531
CTRL ALT DEL,0,0,11931
Albumin,3,6,652265
NULL,0,0,5826
Invade,0,2,1081982
H U P,0,2,49917
Knight Of The Sun Vtopia,0,2,1274
-,0,1,0
TESTUDO,1,1,1152
Enterprises,0,1,473693
Singosari,0,2,84518
Minerva-X,0,1,27987
F O R S A K E N,1,3,45858
THEMERCENARY,1,6,106648
-,2,4,70888
UNITED THETFORD,1,4,121999
Echoes of The Abyss,0,2,61227
A X E,2,0,633393
hurry yogurt,0,1,0
Craftres,0,3,0
Masked Bandits,4,0,345545
Laskar Petani,0,1,0
Rising Stars,0,3,44991
The Neighborhood,3,6,1300930
-,0,0,27693
Warhammer Defense Core,1,3,197294
The Quinfall,1,3,68441
KYNO,0,2,4094
Frostskulls Devils,0,1,0
One Shot,6,5,190385
-,0,1,0
Dread,0,2,231435
Suger Babies,0,2,75532
The swallow,3,6,1933020
-,4,5,175476
KaiHuang Alliance,1,0,1173104
All Rise,11,24,7425821
RABBIT RAIDERS,5,6,724566
-,0,0,67445
Stellar Alliance,6,9,3136622
Rescue Station,0,3,574269
Real ONE,24,5,6718632
After Cleric,9,1,1293635
Stellar Alliance,0,1,5542
Dread,1,5,531299
Noctis,0,1,186043
-,1,18,215274
Fenr,7,8,11425810
ALL VICTORY,3,6,3514001
-,0,1,0
Midnight Rose,0,1,0
V A G A B O N D,30,48,21386361
WINDPhoenix,0,3,291650
Evangelion,0,2,54350
Soop,2,1,154564
WhiteSuits,0,1,0
Eternal Nightfall,0,5,88588
-,0,1,0
0-Infinity,1,4,162053
-,0,0,4336
GuGu GaGa,0,3,372532
Meow Immortal,0,3,67969
Once Upon a Time,10,4,2094468
Meerkat Assemble,13,9,9910104
QUILL,15,15,1472638
-,0,1,0
-,0,2,0
Stellar Alliance,0,2,33983
Blue coral,16,10,984613
FORTUNAtE,0,1,0
Scarlet Bloodlust,0,1,0
Griffin Empire,0,1,62533
HIGH RISK HIGH REWARDS,0,2,30094
CNTC,4,5,223160
Technique,0,1,0
-,0,1,0
HIRAYAH,7,5,496786
-,1,0,27612
A X E,1,4,85453
LangKhao,0,1,0
Death Of Ava,0,1,0
Shu Shan,0,2,125018
-,0,1,0
Council Of Haru Urara,0,2,11931
-,0,2,23400
ENGAGE ON ME,1,3,227363
koryen,2,1,245627
Elden Ashborn,0,1,10590
Verdant Ledger,0,2,14309
Auraka,0,1,68900
CHI,1,4,32990
Red Paw Gang,2,9,317474
CAOTAIBANZI,4,4,199928
MO GU,1,1,12468
Noctis,0,2,0
HER MES,0,1,0
Finish,2,6,172882
Mathias,0,1,65100
-,0,1,46721
Conscripted,2,8,4676901
BeasTDaK,17,9,2988286
LANCASTER,0,2,0
AK-47,1,3,330097
WTDH,0,1,0
TiGiGi,1,0,194614
Future Party,129,14,13237576
Minerva-X,0,0,256674
Another,7,3,5400249
PLAC,34,41,22262269
koryen,0,1,14950
Finish,0,0,435274
SideQuest,1,0,139786
Beavers,17,13,7968656
Kingdom,1,6,527188
MINlONS,0,3,1815173
snow forest,0,1,1253708
GOBLINS,2,5,1789023
DragonWorld,0,3,0
Boar Army,0,1,13211
Atlanta,2,3,239086
Fake engage,1,3,340432
MO GU,23,25,3030292
CHILIS,26,27,5764929
Stellar Alliance,6,6,2036893
Kingdom,0,1,0
CHILIZ,86,22,22933669
Kingdom,27,12,3660026
Gravity Legion,0,1,0
EQMS,3,2,662630
New_World_Order,0,3,2405
Singosari,4,4,934504
F I G U R E,4,2,531757
Noctis,0,1,0
The swallow,0,1,163123
TEAM_MEMOL,25,1,1650602
-,0,1,0
Nemo Nemo,0,4,172583
Hodl,0,0,72113
Villain Society,1,5,846548
-,8,3,90017
CCTV,25,15,9346994
NB FOREVER,3,7,2076267
PLAC,65,33,21897326
Never Regret,1,6,199727
All The Villains,0,5,185031
Beavers,21,23,5504974
CCTV,14,18,10471573
AK-74,7,15,195457
Conscripted,0,0,1660096
PLAC,60,12,12411726
Lumi,0,1,13335
Lym World,30,10,1212926
HOLIC,0,11,345666
Blue house,4,2,247104
Conscripted,0,8,3188632
-,11,3,819895
Dystopian,0,3,267780
Earn money,85,16,16678111
I The Flying Dutchman I,3,1,2001701
CCTV,0,2,102803
Jagdgeschwader 52,2,4,19416
Freedom_Castle,1,2,26944
-,0,1,4065
-,1,3,133257
Grim Sovereigns,2,2,17645
-,1,0,30271
The Rice of Asian,0,1,33607
BLACK BANDIT,0,1,62026
peace maker,0,2,0
SubuTai,66,26,14253892
P U R P,5,7,666570
BLOODS,0,1,0
B L A C K P E A R L,7,1,349223
R E V E R I E,1,4,1027474
IMBA,1,2,1257913
Civic,5,7,934160
Rescue Station,4,5,2312259
GOD EATER,2,3,533741
MooMoo,8,10,7613631
CAOTAIBANZI,9,3,409740
-,0,2,0
All The Villains,13,12,8593894
TGIF,4,10,9514261
Meeting Stone,2,4,2778737
Wicked Croc,4,1,117020
WARDEN-SLAYER,0,1,5059
Jiyu,1,0,594052
F I K A,5,2,431343
B L A C K P E A R L,6,7,2225682
WARDEN-SLAYER,1,6,131315
-,1,3,131406
Kingdom,6,3,919990
-,0,1,0
DOKDO,0,2,203550
Finish,0,0,22612
-,0,5,37099
SpartanS 300,0,0,15063
ScarletValkyries,1,1,10646
Sapling-MIU00,0,1,82510
ARTIKULO UNO,0,1,8698
GOD EATER,1,3,54896
HuaDaBin,3,1,90896
The Last Generation,0,1,0
HuaDaBin,39,17,8631813
All Rise,43,21,13470889
Mika,3,1,959881
-,0,1,277809
CHILIZ,105,38,20891287
PAPAYA POKPOK,25,30,7709271
OnlyRatsTV,0,2,74624
-,0,3,3033
Astartes,1,0,5904
Laughing Boulevard,45,11,11076521
itinerary,1,4,23743
New_World_Order,0,1,0
-,0,1,0
S1LVER,0,1,1018085
R O S E,1,8,1040707
JARERNs,0,1,0
EMPYREAN PRIME,0,1,0
-,0,3,0
Dragons Breath,0,6,97287
-,0,1,144077
oo0oo,7,2,2383009
1Mmortal,0,1,708459
East Pacific,0,1,0
RYLs,0,4,35961
MINlONS,0,1,284799
Havox,0,3,1978150
D I V I N E,0,1,18712
JugGerNaut,2,2,112392
UnifyVN - 304,15,12,3700560
MO GU,0,0,720397
CHILIS,1,10,3217883
DashNatics,0,1,0
The Boyz,0,3,494467
Shogun,0,1,0
Cordons Kittens,0,5,17573
Singosari,1,2,246816
Abyssal Depth,0,1,0
Mythical Knight,0,2,38548
MABAR,0,1,12658
Speed Run,0,0,11270
Western Paradise,5,1,977247
Rescue Station,0,3,1452018
GIGAN VIII,0,1,473776
fine cut mild,0,1,20883
Kunfayakun,1,1,930904
-,1,3,960136
fumass,0,1,127024
All The Villains,41,6,3588463
LEGION OF THE UNDERWOLD,0,0,3748
THE DAILY CHILL,0,1,0
AiKanFuTa,0,6,705438
-,0,1,0
Naughty Squad,0,1,0
Chikipi,6,14,8706806
good bomb,18,12,18372970
-,0,1,150920
-,0,1,0
-,1,0,58608
Meow Immortal,3,3,84779
First love,1,1,47520
Western Paradise,7,41,7177860
Pierce,9,5,1755644
eRa Empire,1,2,53658
GIGAN VIII,5,13,2168625
P U R G E,2,0,33618
Trying to be,0,5,256053
Reworld,0,0,8440
V A G A B O N D,0,1,349876
MIKE TEA,0,5,1837033
MO GU,0,1,32926
The Black Banner,2,9,636017
All The Villains,6,18,4116361
Crazybabys,11,6,3054603
T O K Y O,8,11,1265049
THEMERCENARY,2,3,194487
Packet Loss,1,0,46969
Invade,13,22,3101820
PalaceGUARD,2,1,385281
Pierce,2,6,1604004
I The Flying Dutchman I,33,13,17993657
F A M I L Y,1,0,493779
-,1,0,95195
SubuTai,2,11,10658414
BeasTDaK,3,2,26716
HAMSHTER,0,0,30783
WAKKAN2,0,1,60965
ETERNAL CRUSADE,0,2,11201
-,0,0,11904
NEXUS FAMILIA,2,5,31754
Conscripted,10,12,9116480
Government Program,0,1,0
GOBLINS,11,7,5713479
TGIF,26,16,8900524
snow forest,1,0,767704
V1OLET,15,7,1069127
All Rise,17,8,3610556
Helios Phoenix,9,7,1223240
N Y X,0,1,0
OneFame,0,3,0
TRlUMPH,0,6,485330
-,1,2,17723
Peony Flower,0,1,1171706
-,0,1,0
DEATH PARADE,0,0,9061
ENDANGERED,0,3,290212
-,0,2,1112
Big Boost,1,0,178325
Warhammer Defense Core,1,2,70262
THEMERCENARY,0,0,84615
I The Flying Dutchman I,1,2,731648
Invade,0,1,700790
-,0,1,0
B L A C K P E A R L,0,2,22887
-,2,1,12439
Band 0f The Falcon,0,1,0
-,0,1,0
Dworf,0,1,0
-,1,0,3756
foret brune,0,0,44953
TONPA GANG,6,4,577707
eRa Empire,3,10,748541
Reworld,6,11,1013925
LOOKOUTS,10,7,501220
Multi-Nations,0,1,5568
Mad Cats,0,1,0
Dread,1,13,7265017
CRACKER,0,1,129546
Screamy,0,2,168870
-,0,1,0
BL4CK SIGIL,0,1,14122
The Myth,0,3,177311
DlSBAND,0,0,389497
-,0,1,20871
Valinor,2,3,129107
-,0,0,58487
shelter,0,0,1716
Coup de grace,0,1,0
DOJO,2,2,1005638
TRlUMPH,14,32,5111372
CHILIZ,1,12,1646195
CHILIS,0,2,324770
GARUDA LEGION,0,2,7922
Tengkorak,0,1,1624
Red Paw Gang,1,1,29344
Warriors of World,0,2,2829
The_APEX,4,4,491690
GIGAN VIII,0,0,139665
Dread,0,1,630311
-,0,2,0
Aetherion Order,0,0,1339
UnifyVN - 304,0,2,562703
PLAC,0,24,10025741
Earn money,48,18,6117502
Cempaka,0,2,12150
Cearleon GK,2,1,95280
Laughing Boulevard,6,0,1004391
AAAAA,0,1,2486
INCOHERENT,0,1,5951
Empyreus,17,5,1619996
V A G A B O N D,42,29,14020940
GIGAN VIII,0,0,20604
-,1,0,104659
Griffin Empire,2,5,479931
AyaM BetinA,0,0,51214
-,0,0,29076
MINlONS,0,0,59643
All Rise,0,3,738870
The Scarlet Dawn,1,0,39182
MABAR,1,0,103592
KADAL,3,1,235583
S1LVER,8,3,603150
CHILIS,1,1,180704
COALITION,0,1,45229
PLAC,39,37,11501907
Vinland Saga Ganker,0,1,0
The Neighborhood,2,12,1385541
Stellar Alliance,3,3,1339469
Maharlika,0,1,48023
Griffin Empire,3,33,5718675
SSRR,1,4,111812
Nemo Nemo,37,12,10752827
CHILIS,15,15,4608884
123qaz,1,2,5062
Wicked Croc,0,2,13812
SATANEEKO,2,2,154992
Traitors of the Impure,0,1,0
Noctis,0,6,605232
-,0,0,1633
WhiteSuits,0,8,397757
THE RELATION,0,1,3918
BeasTDaK,32,7,6776062
CHILIZ,0,31,16826474
Mam-moth,0,1,0
MISTHEORY,5,7,1307668
-,0,1,0
OneDone,1,5,820489
-,2,0,99137
Dragon Crazy DxD,0,1,0
Pierce,0,1,892848
not cute anymore,0,0,792134
Ironclad Concord,0,1,0
Spero Spera,0,6,329532
Albion Newbie Shelter,0,1,10887
-,0,1,507
-,0,2,17990
Free Butterfly,3,5,502411
-,0,0,6619
The Scarlet Dawn,10,6,1303252
-,0,1,0
F I K A,0,1,38704
All Rise,17,4,9065874
-,0,2,0
Gold Pigs,11,10,1533209
Boar Army,13,12,3302546
evildoer,0,3,101695
Jagdgeschwader 52,0,0,204907
Crazybabys,0,0,111893
PLAC,0,0,279590
ACAB 1312,0,0,16515
Dworf,1,2,299885
-,0,1,0
Meitei Ninja,2,1,167758
SPCL Brotherhood,1,0,36000
-,0,0,279598
All Rise,1,1,66698
Wayfinder Knights,3,1,48986
Ruthless,1,1,27942
Congregation,0,1,67629
The Lonely Moan,2,0,677862
Hooman,0,1,131299
A X E,5,1,347639
Mistwood Fen,0,3,260257
NoobGaming_YT,4,8,187180
Valmera,3,3,129153
-,1,1,48882
Rescue Station,89,26,14261012
-,0,1,102156
-,0,2,37396
Meerkat Assemble,2,4,1557647
BatakabMojo,0,1,324
Technique,0,3,388942
Gank Sebelah Reborn,1,0,178475
Pierce,0,3,1410435
Real ONE,1,1,977377
BeasTDaK,0,1,0
P U R G E,10,6,4979741
Congregation,1,2,62729
Crimson Trinity,0,1,0
-,0,1,15601
F A M I L Y,3,1,729077
Frostborn Exiles,0,0,43693
Meow Immortal,0,1,0
Sapling-MIU00,0,1,105202
cat and rat,0,1,1346
B o S,1,1,28428
Old Singularity,1,2,44212
Noctis,0,1,111064
Chikipi,52,24,12595796
SideQuest,9,3,2013549
Nemo Nemo,31,8,4503699
A X E,8,17,809396
PAPAYA POKPOK,2,4,2348732
AFTERMATH,0,2,29616
-,0,1,0
Dreamweavers,0,1,103256
MiMe,0,2,178768
Chosen Few,2,3,462751
HaChiu,3,8,294414
eRa Empire,6,2,607312
I The Flying Dutchman I,1,2,7710513
-,0,1,15063
Speed Run,1,0,8448
UnifyVN - 304,0,1,289632
Meow Immortal,20,17,4574556
C O V Y,1,1,88009
Stellar Alliance,12,9,1690864
C O V Y,0,1,27574
Invade,0,4,514445
Abyssal Hunters,1,2,1683
DEATH PARADE,0,0,12490
Frostborn Exiles,0,2,57377
The Loot Goblins,1,1,90201
Heartsteel,22,17,2483587
Fenr,0,0,130742
Azurel,0,1,0
Laughing Boulevard,0,0,90523
Rescue Station,0,2,248204
Prodigyy,0,0,1308294
Raven Reaper,1,17,1989726
-,0,0,28622
OneFame,0,1,0
Congregation,1,1,78768
ENDANGERED,54,28,4817427
The Scarlet Dawn,1,7,65089
Another,0,1,1008353
Forever Night,15,24,1663143
PSYKOPATH,6,9,704006
F A M I L Y,4,3,1489604
Invade,11,11,9605986
Once Upon a Time,4,2,882363
GAY KILLER,6,9,504404
-,0,1,0
GondhoMayit,0,2,0
Speed Check,0,0,96342
SubuTai,13,2,5483770
MINlONS,19,1,1792010
good bomb,60,11,13428654
RABBIT RAIDERS,0,4,378851
QUILL,5,12,1440072
One More Times,0,1,0
Meerkat Assemble,28,21,7848702
eRa Empire,8,2,518219
Invade,49,7,9301169
-,0,1,0
-,1,1,35472
-,0,1,0
Finish,0,1,0
Noctis,11,7,231250
Wewe,1,2,65412
Fun and Pleasure,2,2,1050534
MANIFEST,10,5,986293
-,17,9,1791196
Kunfayakun,27,19,3510872
Earn money,1,1,3677478
CHILIZ,83,43,20287386
No Picture,1,0,137199
RABBIT RAIDERS,0,3,36160
GAMZA,1,5,88946
Singosari,1,3,384288
CCTV,0,4,510555
All Rise,1,2,437762
-,1,1,71926
red king,7,1,1659507
LUXI0N,0,1,0
Kintama,2,0,145542
-,0,5,56040
I am King,2,1,806941
The Northern Constellations,0,2,130861
Government Program,1,8,66513
Tarumanagara,0,2,30531
-,0,1,73945
Soul-Stealing 7-Star Strike,0,1,0
Frostborn Exiles,0,0,3955
Invade,23,4,6679188
snow forest,4,4,1517155
LYM PORTAL,2,2,343916
Meowfia,1,0,48803
Griffin Empire,0,2,42765
-,0,0,114558
The swallow,0,4,2004984
Belial,0,3,920283
-,0,3,0
House Highwarden,0,3,0
One More Times,2,0,660901
Cats Nest,3,2,627955
My Lethal Pony,4,4,359973
Real Man,1,4,910946
GOBLINS,0,7,881109
Rescue Station,0,2,1573641
eRa Empire,2,4,284635
-,14,23,1391201
The Noobiez TH,0,1,45985
K A L A N S A Y,1,0,27623
-,0,0,6252
NightOwlss,0,2,0
MCS-P,0,2,551913
-,0,2,0
MoneyHunter,0,2,1130
cat and rat,1,2,151070
NoobGaming_YT,0,1,19632
21_Rising_Warrior_22,1,1,119394
The REVENGERS,3,5,222710
AK-47,8,5,465615
Tohou Project,0,0,340998
Pierce,8,4,479970
Rescue Station,1,1,51676
Singosari,17,0,741992
-,0,0,24720
Real ONE,26,12,10931451
xCUTIESx,44,19,4677236
-,0,1,42212
NGGang,1,1,1229358
THE WARRI0RS,0,1,0
222222,0,1,0
IMBA,1,0,310107
R E V E R I E,2,4,820527
snow forest,31,10,6342546
PLAC,22,6,5580212
M A R S,0,1,7347
Faction Academy,4,5,691381
OneDone,5,2,807756
Meow Immortal,1,4,539587
-,0,1,0
AFTERMATH,0,2,47705
H Y P E R T E N S I O N,0,2,70310
-,0,0,8112
Uchiha house,0,0,32278
Mika,0,6,1136039
Delete,0,0,26834
Chosen Few,4,4,182641
New_World_Order,1,2,22266
-,1,1,11662
ScarletValkyries,0,7,71591
-,8,1,1255339
NGGang,1,0,272784
HELIOS KNIGHTS,0,2,0
CCTV,0,3,840204
Master Siomai,0,0,22119
GREEN LAND,1,0,108383
ACM,2,13,4299605
Solo-King,67,30,20737031
-,0,0,20627
-,0,1,0
-,0,0,6574
Freedom_Castle,0,1,0
UnifyVN - 304,7,8,1900529
-,0,2,0
Oops You Died,3,4,210575
The Lonely Moan,0,1,1008
ENDANGERED,8,9,2913838
UNITED THETFORD,0,1,0
Gold Pigs,15,3,2435323
Frostborn Exiles,0,1,43693
-,1,0,6722
AFTERMATH,1,5,31008
Royal Grand Order,1,0,75762
Battleborn,1,0,27581
Minerva-X,0,4,70831
The swallow,1,0,120784
pig bank,1,10,103438
-,0,1,0
SLAF,1,2,14676
Peng Lai Xian Jing,2,11,969822
Griffin Empire,23,16,4901496
Sylvan Gaia,0,2,0
-,0,1,0
NULL,0,1,98661
-,12,5,1763441
not cute anymore,25,18,3385605
-,0,1,0
S Y N D I C A T E S,14,6,1799253
Karmic,0,5,245392
Speed Check,16,3,1037809
M O G A,3,13,1234302
Filibusteros,3,6,2770767
SpartanS 300,0,1,0
-,0,1,0
The Myth,0,1,37787
PSYKOPATH,1,2,49884
EGO EAST,0,3,756285
Hooman,0,3,353737
B L A C K P E A R L,1,4,396521
BeasTDaK,6,1,303011
-,0,1,0
Pierce,0,1,20606
Real ONE,5,8,5937143
Helios Phoenix,1,2,768442
ll MENDU ll,21,16,8615697
-,13,8,4430322
PRAXIS,0,1,69833
DEATH PARADE,1,0,42011
BLOOD OMEN,0,1,0
HappyDay,0,1,461501
Invade,29,15,14346338
BLACK BANDIT,0,2,0
ETIQUETTE,0,6,128278
Red Circle,0,0,140329
M O G A,28,13,2570415
Wing of Liberty,9,6,1187708
GOBLINS,9,4,1883324
Karmic,3,15,3444124
S U P E R I O R S,0,4,59817
Crazybabys,0,0,223895
Tarumanagara,9,12,240272
The Scarlet Dawn,1,2,44985
Mt Takamasa,8,2,609462
-,0,0,3314
Death Of Ava,1,2,18460
Snow Angels,2,9,135170
Freedom_Castle,0,2,16142
Singosari,10,13,1444826
CoCa1nE,4,16,3780768
Freedom_Castle,0,1,0
Dread,6,8,2141963
ChillWith Me,0,1,0
CHANG,1,1,114853
Straight Circle,0,1,7374
Blue Phoenix,0,4,5236
Use Cleanse,0,1,0
-,1,5,145057
The Lonely Moan,44,20,3075885
BLACK BANDIT,21,9,999674
Weanoobs,1,0,90000
High Cards,1,4,197608
The Neighborhood,5,4,372186
Freedom_Castle,1,0,13841
THEMERCENARY,0,1,4942
ALIVE,0,1,0
SOLO IN THE MOON,34,12,2636362
-,0,0,2330
KnightfaII,0,2,12424
Blue house,33,3,651585
First love,9,2,670235
Mvpz,1,1,110061
Stars Legends,2,2,132821
Kingdom,0,1,0
GOD EATER,3,1,1861234
PL4B,13,27,2768133
xNEMESISx,2,4,35002
Griffin Empire,1,4,69547
Dark Gambit,0,0,323579
Wing of Liberty,3,7,1175830
Spero Spera,0,3,0
HeIIo Kitty,18,6,8210431
HelIo Kitty,18,4,3520433
10 My friend are coming Run,11,35,848419
The Lonely Moan,0,3,292395
Live Less Bank More,0,1,92341
-,0,1,0
-,1,1,35128
Mahatma Suvarna,0,1,28667
MoneyHunter,10,15,708802
CCTVi,0,0,12962
TERLALU MALAS,0,1,0
Noob Family,16,3,805589
THE WARRI0RS,1,2,183907
SOLAR BENEDICTION,1,3,19763
1Mmortal,20,13,7013138
Western Paradise,22,16,3711893
HeIIo Kitty,91,15,22082540
HelIo Kitty,7,2,2731023
-,0,0,5627
Albion Newbie Union,0,0,18148
Tarumanagara,0,1,0
F A M I L Y,18,17,6789609
Griffin Empire,26,25,4209346
-,0,3,1468
Alone in The Mist,18,6,910258
Sunset,32,7,870498
snow forest,2,1,961212
Raining,39,11,1918581
1Mmortal,3,2,2167663
Sequence,3,0,1105305
-,0,1,0
CHILIZ,1,43,19328363
Gold Pigs,1,1,151282
BLACK BANDIT,0,1,210875
-,0,2,2396
NO-RE,2,13,4622598
snow forest,1,5,3080965
-,0,0,114426
not cute anymore,0,2,50284
THE WARRI0RS,2,2,85478
Chosen Few,0,0,135526
Trail mix,0,0,25957
-,1,1,30199
NewRa,0,1,0
Grand Marshal,0,2,0
Arena Ghost,0,1,0
Stars Legends,0,1,0
-,0,1,0
takkasin club,0,2,9823
Red Circle,0,4,456589
Ayutthaya Warhost,0,0,85365
H Y P E R T E N S I O N,4,3,56070
Jia Nan,0,1,0
Meerkat Assemble,9,6,5639938
M A R S,7,10,451262
MMOrfanz,1,9,76171
Ban,0,4,27321
MO GU,37,12,7197148
Z GEN,1,0,190262
F R E E S I A,0,0,7317
MELEE,0,2,797816
MINlONS,0,1,466789
Shining Star,0,1,595033
Meow Immortal,2,4,663686
Czendicate,1,0,69362
Mamboo,0,3,3018
CHILIZ,10,43,13593920
The Scarlet Dawn,3,4,165210
-,0,2,0
mechanical,2,3,329769
CHILIZ,35,18,13679938
Void Walkers,1,2,9670
Fort Sterling41,5,12,6266452
-,1,0,390338
C A E S A R,6,2,437290
Griffin Empire,0,0,87316
-,1,1,12524
TAKEDA 24,0,4,192264
BLOOD OMEN,1,0,72063
-,0,4,0
Warhammer Defense Core,0,3,23372
Alone in The Mist,0,2,0
-,0,3,0
-,0,1,0
-,0,1,0
EXL NEMESIS,0,1,51496
-,1,1,52987
-,0,1,0
Invade,46,30,10241177
Easy come Easy go,5,2,386221
Karma Committee,0,0,14319
CCTV,0,4,2540731
AK-47,2,10,479052
-,8,1,245986
One More Times,0,3,488202
I The Flying Dutchman I,2,9,4506427
The Knights Of The Blood,0,0,5491
MoneyHunter,1,2,327086
Samsara,0,8,40032
CHILIZ,20,37,17144789
BLOB,2,1,97006
AVA,2,1,68294
Black Sails,0,1,0
Vulcanus,0,0,46432
-,0,2,4797
DlSBAND,0,7,851809
Call to Heaven,0,0,56425
TRlUMPH,1,4,678292
ACM,9,8,3582030
-,1,7,14894
KATANA,1,2,190409
1Mmortal,52,8,7293524
oo0oo,4,2,539270
snow forest,2,1,227981
China,5,1,526386
Mika,3,9,3557113
All In Fighting,4,1,1265185
CAOTAIBANZI,8,9,601236
All The Villains,0,2,153014
Chikipi,16,12,11063713
good bomb,32,10,14931106
Blue Phoenix,4,4,1327286
PalaceGUARD,2,7,2283037
First love,2,2,657779
good bomb,0,0,1186728
The swallow,4,0,651415
Olorun,22,10,7677456
-,0,1,7704
Liberty World,0,0,5028
Griffin Empire,1,21,5662229
conquer,0,3,658029
One More Times,0,5,96270
ALL VICTORY,20,3,5074160
Echo of One,0,1,0
Freaky Fools,0,1,20794
Crimson Majesty,0,0,2020
MELEE,14,4,1878681
ORANG JAWA,0,1,0
P U R P,11,21,3795975
The Scarlet Dawn,1,2,22438
2077,0,3,29853
Asia Merchant,1,0,131619
itinerary,0,0,3915
TEMPLARS_ORDER,1,0,6967
CHILIS,4,12,3976110
-,0,1,240263
CHILIZ,17,12,7747774
VELARIS,4,1,241365
South PH,6,0,97523
Legio Nova Roma,0,6,41284
Another,29,8,8909150
SubuTai,1,2,575356
Freaky Fools,1,5,888305
Future Party,8,2,1262085
China Daoism,1,2,88361
Nellie,0,1,21696
-,8,7,775376
ENDANGERED,3,5,989579
Spero Spera,1,6,284845
The Myth,3,3,628257
-,0,4,29067
S1LVER,1,0,198869
Meerkat Assemble,1,16,5675634
The Lonely Moan,4,17,1123205
SEMPERX,0,1,0
Astronauts,0,1,8371
THE HOLY KNIGHTS,2,2,26199
MidNight Pirates,0,0,3303
L U M E N S,0,1,31239
Another,30,18,13029113
Kingdom,2,3,2128886
vs EVERYONE,0,1,135848
Meerkat Assemble,4,1,270204
Griffin Empire,6,5,554752
RABBIT RAIDERS,6,23,4500155
-,0,1,0
One More Times,0,0,13548
-,0,0,76637
Griffin Empire,8,12,2633920
-,0,1,0
Snow Angels,14,18,619813
WINDPhoenix,0,1,0
Lucky Fools,2,0,353908
Griffin Empire,10,16,3232584
VINA HOUSE,0,1,0
One More Times,0,0,32137
H U P,2,10,454046
WARDGUARD,0,1,0
Laughing Boulevard,8,11,3785088
-,0,0,98822
-,0,1,0
Griffin Empire,0,1,0
-,0,1,12248
Chaser of The Wind,0,2,0
CoCa1nE,27,15,2425073
H U P,4,2,188779
Lucky Fools,1,4,821724
-,4,0,1725857
DEMON EYE,0,1,0
BeasTDaK,4,1,214286
D R E A D W A T C H,0,2,0
ReClair,0,1,0
Invade,44,16,14519319
Coup de grace,0,2,7947
COALITION,0,4,99256
Husky Empire,0,1,479230
xCUTIESx,6,13,1438157
AFTERMATH,0,3,0
-,0,1,0
Bretonnia,38,8,6690516
Kids On The Move,14,0,410886
BeasTDaK,0,0,506017
VN-Knights,16,7,1406522
-,2,0,85084
Ayaka,91,11,4898800
P U R G E,0,0,643141
Next Miracle,0,1,0
BLACK BANDIT,2,9,674169
RESPECTED FAMILY,3,2,160962
Heartsteel,3,11,527902
Form2Sick,0,2,0
Technique,1,1,16532
TakusaVegas,4,6,247986
THE WARRI0RS,0,1,0
Craft Hunting Guild,1,5,62799
MongsierLerdung,0,1,0
REDEMPTION CODE,0,1,0
RED HUNTERS,3,2,101950
F A M I L Y,0,1,193309
RABBIT RAIDERS,14,17,1077028
itinerary,0,3,0
HelIo Kitty,4,6,6006073
HeIIo Kitty,11,20,20249513
BABEKINGDOM,0,0,69261
Dark Looters,1,12,489416
Mythical Knight,2,10,133638
-,0,1,0
GIGAN VIII,0,1,18333
No Gathering No Life,3,3,417430
I The Flying Dutchman I,1,1,4117581
PLAC,0,3,2488967
BangCuopLuongSon,0,1,49396
Rescue Station,3,15,9171507
Evangelion,0,1,6543
Rescue Station,28,18,19376510
Laughing Boulevard,3,1,542751
CHILIS,5,4,1752367
CHILIZ,10,3,1928082
GIGAN VIII,17,13,2116801
Rescue Station,21,11,7177652
Frederick,0,2,0
Gungn1r,3,1,247450
Frederick,0,0,8766
Ping300,1,1,184057
NO_OC,1,1,22235
V A G A B O N D,14,5,3723977
QUILL,21,7,1049236
-,0,2,73883
Cries Of Death,0,0,1227
PARAG0NS,0,1,14266
-,0,1,0
KUMA,10,4,615472
RABBIT RAIDERS,21,21,4213041
Seven Hill,0,3,0
Karmic,1,3,966128
Speed Check,23,11,1754015
HUKBO,2,2,120551
Evangelion,0,1,0
NULL,0,0,8266
Crazy D1ck,0,1,0
DDBS,0,0,174063
Boar Army,8,0,774975
HuaDaBin,15,21,3602447
Western Paradise,38,26,13357677
Tu fei,0,1,0
TRlUMPH,0,0,91710
Meow Immortal,6,3,3258932
Mika,7,11,3055678
Future Party,16,21,9204694
-,3,0,43690
The Black List,1,7,115025
eRa Empire,0,1,0
-,0,0,43730
MoFuMoFu HEAVEN,0,2,0
S1LVER,1,1,5424
The Wardens,0,1,9194
The Boyz,1,0,161548
COALITION,6,28,2929919
M A R S,2,5,277868
Snow Moon,0,11,211258
-,0,2,6356
Crazybabys,2,3,115931
Singosari,1,12,215346
Future Party,11,6,6565724
Stellar Alliance,10,5,1581083
overbudget,0,1,0
cat and rat,0,1,14720
new boombap,0,1,508712
Dou bao,0,1,3421674
-,0,1,92488
Dystopian,1,0,188904
snow forest,4,4,1705170
CIO,1,13,262524
CHILIS,9,7,3800181
CAOTAIBANZI,8,5,564441
V A G A B O N D,0,12,6287556
Raining,0,1,0
KATANA,0,2,0
-,0,0,29139
Dragon Blade,6,28,4317561
OneDone,0,4,418247
Untamed Axis Covenant,0,1,12800
Dreamweavers,1,0,75210
Real ONE,28,8,11303620
After Cleric,10,7,2828157
GARUDA LEGION,1,16,134578
Rescue Station,2,1,214052
Once Upon a Time,7,21,14009607
Mika,0,2,313206
Mika,10,0,1687371
-,2,0,2467325
From Zero,5,2,106058
ETERNAL CRUSADE,12,10,363155
KAKI TIGA,0,1,0
Finish,0,1,0
UBEK,0,2,179619
All Rise,69,59,24231427
HollowCrown,0,0,90958
Helios Phoenix,0,1,335084
Titan Blaze,0,1,0
THEMERCENARY,0,1,0
Meeting Stone,5,1,355614
HouChangYi,2,6,260149
Singosari,1,2,301159
Nemo Nemo,55,42,14661764
CRACKER,11,12,451460
Minerva-X,0,5,2800284
B L A C K P E A R L,3,4,426929
Fight Or Run,1,1,163888
1Mmortal,55,12,21383832
ACM,9,13,9638274
Another,14,14,4703884
Nemo Nemo,16,34,6159919
PT Galatama jaya,0,1,0
Karmic,0,1,4685
PIG KILLER,1,3,62543
I The Flying Dutchman I,25,17,18847252
Small Sex X Ava,0,1,8873
321 Demass,7,15,795019
Mythical Knight,0,0,11825
Mystical Knights,0,1,0
Rescue Station,37,8,7820685
Fightin fool,0,1,0
-,0,1,0
Ironclad Concord,0,0,2619
Invade,0,2,0
Noob Family,0,1,0
An Bu,0,1,42579
-,0,2,0
Mika,9,41,7486660
UnifyVN - 304,16,10,7279670
One More Times,2,2,95923
-,0,2,0
INDONESIA MERDEKA,1,0,17824
-,1,2,61884
HIGH RISK HIGH REWARDS,1,3,97730
D R E A D W A T C H,9,3,210049
C O V Y,1,1,255310
ORANG JAWA,0,3,168450
HappyDay,6,3,700393
A you ok,2,3,664081
World BOSS,3,1,501038
H U P,3,9,571059
PLAC,0,21,17190933
THE RELATION,6,1,409904
Rescue Station,2,3,4105728
MO GU,10,7,2564260
PLAC,41,17,7877510
Conscripted,2,18,6863464
GOD EATER,1,5,952945
B L A C K P E A R L,2,5,494099
Enterprises,0,1,11073
Forever Night,4,12,1146166
HELLO KOREA,2,1,32420
DOKDO,0,1,20430
Choding,0,0,48240
Solo-King,0,1,85618
Future Party,1,9,5577690
-,0,0,2513
gaankbang,0,0,68101
-,0,1,0
TEAM_MEMOL,5,5,973331
-,0,1,0
-,0,1,4591
THEMERCENARY,0,3,32846
Korean Dokdo,0,1,82815
Meow x Meow,11,9,1678663
Chosen Few,0,5,1240327
Reworld,3,10,5605076
-,1,1,43025
PLAC,0,4,1130654
1Mmortal,20,22,10147541
Griffin Empire,22,31,7117587
PLAC,10,2,4188963
You Shall N0T Pass,0,1,1108067
N E R F,0,1,0
Ghostly Giants,0,1,344376
OneFame,0,1,123207
F R E E S I A,0,1,0
E U N O I A,0,0,33351
All The Villains,0,10,4532459
TEAM_MEMOL,0,10,1308538
GuGu GaGa,1,2,341801
CAOTAIBANZI,4,4,191380
Chikipi,4,27,15021303
Karmic,0,17,108993
-,0,1,27845
Summers,2,1,151694
Fake engage,0,1,27006
Meerkat Assemble,0,1,0
Fenr,2,1,662693
Frostbite Reapers,31,23,5397129
Meow x Meow,6,10,2424569
TRlUMPH,43,28,8937154
UNITED THETFORD,0,1,0
Prodigyy,0,5,6009354
Dark syndicate Legion,0,1,0
GOBLINS,20,21,6917501
TGIF,22,12,9093506
-,0,1,25809
THEMERCENARY,16,23,1095144
CHILIZ,1,11,1224900
CHILIS,0,14,2708456
Kingdom,2,2,4108
Sunset,2,4,376005
-,0,0,33041
The Lonely Moan,2,1,152623
Solo-King,12,23,11178794
-,0,1,0
Invade,0,3,254959
M O G A,30,8,2503117
I Smell Something Fishy,1,0,69214
-,0,0,17722
I The Flying Dutchman I,4,12,9560008
CHILIZ,10,12,21397548
-,0,0,1284
ShibaYuumi,1,0,2544
All Rise,40,32,12811431
SHOWTIME,0,3,458385
Sea Lion Victims,13,3,2806160
New_World_Order,0,1,0
JRX,0,6,328911
JRX,6,13,400139
TheGreyKnight,11,11,1196352
Invade,11,32,7058932
-,0,2,36350
-,0,1,0
-,2,2,223301
Pink 7,21,8,7020448
CapybarAAAA,2,1,247508
PVP With Me,2,2,142143
Meowfia,12,10,1941473
One More Times,0,1,0
Are U Oke,0,1,0
Children Of The Dragon,51,14,5142129
Helios Phoenix,4,0,641238
PLAC,5,9,7840392
Real ONE,7,2,1804524
After Cleric,10,11,2925280
One More Times,0,0,25399
-,0,2,0
Rescue Station,0,0,219958
Meerkat Assemble,39,32,15798574
Freaky Fools,11,20,5105076
Another,77,37,23259967
not cute anymore,3,1,1708129
Crusader Kings,0,3,468496
CHILIZ,2,39,15855916
DEATH PARADE,1,1,111041
MO GU,0,1,790145
IMLADRIS,1,1,79312
F A M I L Y,0,1,686598
The Northern Constellations,0,0,134187
MINlONS,1,3,1301726
PalaceGUARD,16,1,2403822
Meerkat Assemble,0,16,5696355
ok sit down pls,9,6,401197
CATHEDRAL OF RAT,0,1,0
Real ONE,4,7,3757799
Circus,0,2,36076
Minerva-X,42,12,5183899
Soop,0,2,600
Forever Night,4,7,1285436
Chikipi,2,4,2283413
-,1,13,168094
-,17,9,2130664
AFTERMATH,1,0,25186
-,0,2,0
Harmonia Eternity,2,5,278696
Ocean Waves,0,1,20986
F I G U R E,8,13,7389113
Saverty,83,30,6745420
The legend of green star,2,3,332870
-,0,1,0
GUARDIANCATS,1,0,46119
Rezembool,0,1,12531
Koo,0,0,2259
snow forest,9,2,3365974
Dotorii,31,15,940551
Nacl,0,1,0
Pierce,2,2,755057
-,0,1,0
Technique,0,0,1443
I The Flying Dutchman I,6,6,6406365
Evangelion,1,3,175141
Kingdom,2,6,728125
MELEE,15,1,649967
THE RELATION,2,2,388061
Pink Memory,2,2,389473
TTOO,0,1,77840
Ratatouille Riders,0,2,0
Minerva-X,53,33,12155174
Slice of Life,0,0,3694
I The Flying Dutchman I,5,2,3284384
GRIEVING-SOUL,0,1,292784
D E T O N A T I O N,1,1,161097
-,0,0,17722
Lord of Yasuke,1,10,367706
Warhammer Defense Core,0,1,0
MABAR,1,6,114344
not cute anymore,14,6,770195
Civic,0,2,16946
GCASH,1,2,29472
BeasTDaK,1,6,3020950
-,0,0,6065
-,0,1,0
-,4,1,491015
PLAC,35,42,23774423
Chikipi,17,11,4224674
SpartanS 300,0,1,0
F A M I L Y,11,5,7992384
LunSol,0,1,0
Real Man,0,2,0
Heartsteel,0,1,73574
Helios Phoenix,1,3,1247864
-,1,3,135825
YAHOMIA,0,1,0
TTT PH,0,1,0
An Guild,0,9,1450574
Enterprises,2,3,513002
GIGAN VIII,0,1,162203
-,1,3,48712
Immortal Empire,0,1,0
Chosen Few,0,3,21796
-,1,1,135127
H G,0,1,21984
ALIVE,1,2,85445
Dragon Blade,6,2,482411
MAX VERSTAPPEN,23,9,3830347
BLACK BANDIT,15,7,2029450
V1OLET,1,4,1940276
NULL,0,7,0
GIGAN VIII,0,5,973642
Rescue Station,0,2,2305197
Buccaneer,0,1,0
-,0,0,25007
Masked Bandits,2,2,356505
AFTERMATH,0,1,45232
THE RELATION,1,2,76166
KEEPRS of the OUTCAST,1,0,77028
HIGH RISK HIGH REWARDS,0,1,65054
-,1,0,172527
BYOT,0,0,6237
-,0,5,47636
not cute anymore,0,2,17546
-,0,1,129092
Enjoy Life First,0,1,0
The Forgotten Covenant,0,3,0
-,0,1,0
PVP With Me,5,3,609972
RABBIT RAIDERS,11,19,1964748
KaLaewKaLad,2,1,333197
Chosen Few,0,3,370857
Empyreus,3,13,1067364
MORO,0,2,238142
RYLs,0,9,157397
Griffin Empire,14,25,5595467
Sun Rises,0,2,0
Prodigyy,0,2,393455
F A M I L Y,0,1,829102
Lonely Albion,2,2,971696
Meowfia,0,1,655685
CHILIS,3,24,2922608
MINlONS,3,1,226869
CHILIZ,10,5,1847549
B L A C K P E A R L,0,1,0
Real ONE,21,3,3545443
Crimson Requiem,1,0,59124
SDteam,0,1,0
The Fallen King,0,1,0
C O V Y,0,3,0
COALITION,1,1,631477
Whispering Deer,0,5,89999
-,1,3,72769
RecaII,0,1,0
WADIMOR,0,6,579418
Wysteria,28,12,4832810
H Y P E R T E N S I O N,7,12,1311326
Auraka,0,1,67375
The Salty Chefs,58,19,5759064
hand of god,1,2,51659
KUMA,0,3,487972
-,1,0,51672
Laughing Boulevard,18,11,11386317
One More Times,33,5,1374873
XHCN,3,1,351839
-,0,1,21597
Onely,0,2,29113
BORN AGAINN,8,0,391756
Kingdom,15,15,6986454
Boar Army,0,1,0
-,0,1,0
Masked Bandits,1,9,853903
pig bank,0,3,162018
The swallow,5,7,1955963
Oops You Died,1,2,609970
Alone in The Mist,5,5,327114
-,5,6,322847
Speed Check,12,2,1201588
Skip Tutorial,2,1,258938
-,0,0,132512
AFTERMATH,0,0,460578
MO GU,0,2,84647
Buzztard,0,0,78221
-,0,1,54566
D R E A D W A T C H,0,1,0
-,0,2,0
Reborn from Nirvana,0,1,0
Nomadz,0,0,20700
-,0,1,0
Fenr,0,3,942420
Hanguk,0,2,69782
DOKDO,3,5,760136
RABBIT RAIDERS,10,4,1389549
Endernations,0,2,16718
ETIQUETTE,0,1,8752
China,84,32,12621186
The_APEX,4,12,1106783
God_Of_War,5,19,1647994
A X E,3,0,360379
ENDANGERED,5,3,803155
NUMEROS,1,1,253144
-,0,0,58247
CCTV,5,7,11750447
Packet Loss,0,0,993330
Skip Tutorial,1,10,355079
RYLs,6,7,545419
Invade,2,7,418454
-,1,0,54414
Lucky Fools,2,4,304154
BLACK_NUMBER,0,1,0
Mercenary CorpS O L O,8,3,150764
-,4,10,736005
Depths King,3,4,891114
Stellar Alliance,23,33,7414958
Blue house,1,1,117669
Sequence,6,5,2852444
Pierce,1,2,93847
PANCA INDRA,1,5,15389
-,0,1,5507
WhiteSuits,0,1,80796
INDONESIA MERDEKA,0,1,0
NB FOREVER,0,4,1879428
RESPECTED FAMILY,1,0,72616
Rescue Station,16,8,14826775
MALIGNANT,3,9,1379877
The Scarlet Dawn,0,1,0
DOJO,0,1,307628
Mathias,0,0,71445
-,0,1,205543
Invade,3,5,2153056
Shadows of the Erdtree,0,1,0
-,0,3,22124
Last Requiem,0,1,0
KAKI TIGA,0,1,0
KuromiO3O,9,31,8405009
Holy Black Knights,0,4,234597
Pierce,0,2,1041069
Sequence,5,2,2603559
UNITED THETFORD,0,4,173632
Ala,0,2,437730
Forever Night,0,1,299398
-,0,1,0
S Y N D I C A T E S,2,3,567401
Behavior,0,1,0
A p os t l e s,0,1,40123
Warhammer Defense Core,0,1,0
-,0,3,18236
Ashen Reign,0,3,11346
Laughing Boulevard,5,3,519724
MoneyHunter,0,2,2359
VINA HOUSE,0,7,360768
Western Paradise,98,43,28190467
Shark Chew Toast,0,0,120393
GIGAN VIII,3,0,14808
-,1,1,59002
-,3,4,671917
DIUKAMIE,19,12,3380140
I The Flying Dutchman I,0,0,334122
SHOWTIME,0,1,290378
Heart of Thetford,0,0,15234
I The Flying Dutchman I,1,3,3210473
CHILIS,0,2,247048
Free Butterfly,8,20,689562
-,0,1,15721
One More Times,2,7,437616
RABBIT RAIDERS,4,2,352380
Noob Family,3,9,336602
DlSBAND,2,8,1538522
Samosa With Chutney,0,1,230857
Pristine,0,1,0
Kunfayakun,1,3,150997
Singosari,0,1,197293
Meow Immortal,0,9,653295
First love,1,8,713618
M A R S,1,9,107366
Revolutional Army,0,3,0
-,0,10,12595
S1LVER,0,1,78441
BLOOD LEGION 1,0,3,0
R O S E,0,2,465262
B o S,0,2,26612
NULL,0,18,1631978
ChillWith Me,3,3,59783
CHANG,0,2,45997
Big mom,20,4,2956674
-,0,2,14672
pig bank,0,2,45931
Tree Viper,1,0,224221
A X E,0,1,147829
-,0,3,351121
snow forest,41,19,13465973
Griffin Empire,0,0,254496
PSC,0,4,791249
Nemo Nemo,3,1,560219
BlackTemplars,0,1,32024
MCS-P,2,0,391331
RIP N DIP,0,0,21293
MoneyHunter,1,12,193414
Karmic,0,2,108825
Assyllum,4,4,54504
Heart of Thetford,1,0,45899
Crimson Majesty,0,2,482547
-,0,1,6192
Lymhurst Ranger,0,1,0
ETIQUETTE,15,20,15325289
THE RELATION,0,0,2540
I The Flying Dutchman I,61,6,10306008
BeasTDaK,1,1,757637
-,0,1,0
Revolutional Army,1,0,6459
Take it easy jp,0,3,18258
Solo-King,5,3,1814799
VILLAINOUS,0,2,50872
Mamboo,9,5,201184
Mount Never-Old,1,0,6776
V A G A B O N D,14,11,7358921
Buaya Ijo,0,2,0
KongFu PanDa,0,5,673359
ROYAL CARTEL,0,0,91505
CoCa1nE,0,2,153335
Conscripted,2,5,4944480
The swallow,0,0,374062
Hei Hitler,3,5,3565770
Sa yar gyi myar,0,1,0
-,0,1,0
GARUDA LEGION,1,1,30103
Creation Camp,0,0,13707
GOBLINS,11,6,3095272
TGIF,12,11,4390347
Wavei,1,0,28004
No Mans Heaven,0,1,0
good bomb,0,0,446525
Springs,0,2,975098
Nemo Nemo,10,19,7608006
Floralia,1,1,97146
G U I L D,2,5,257897
Jia Nan,0,1,0
Sequence,0,3,2224623
G G E Z,0,3,139487
PINOY G,0,0,40949
HYBRIDS,2,0,165047
Battleborn,2,1,63576
not cute anymore,47,10,8685570
The Verdant Order,3,8,136807
-,1,1,55415
Wysteria,22,16,8499390
Griffin Empire,9,16,3743245
Invade,1,1,808118
NobleBloodline,0,0,12002
MO GU,0,1,52715
Hemisphere,0,2,197192
Fenr,7,13,3027554
-,8,18,702258
-,1,0,10520
R E V O L U T I O N,5,2,320791
Peng Lai Xian Jing,2,11,787784
Free Butterfly,0,0,60913
Bretonnia,41,20,14328173
-,0,0,30271
The Northern Constellations,0,1,40130
Freaky Fools,1,3,227181
Revolutional Army,0,1,411
-,0,1,0
Pristine,0,1,29409
HELIOS KNIGHTS,0,0,4575
Crafter V,0,1,0
-,0,0,5350
Space Wolves,0,1,0
Midnight Rose,2,2,120102
KADAL,5,3,443075
I The Flying Dutchman I,29,10,12732178
Boar Army,0,6,605122
FOR REWARD,0,1,0
Meerkat Assemble,0,1,335774
JOLLY,2,6,305500
-,0,1,0
CHILIS,3,10,4657325
MO GU,0,1,0
Beavers,12,9,3053960
Free Butterfly,0,0,36470
PLAC,0,5,267437
Singosari,2,2,152331
GIGAN VIII,23,4,2629722
Invade,9,17,3027270
-,1,1,85240
Laughing Boulevard,0,4,3022666
V A G A B O N D,10,32,8800415
KuromiO3O,0,0,298653
Linday,1,4,46369
Boar Army,3,12,1775803
Linday,0,4,27352
-,0,1,0
-,0,5,48698
Bretonnia,18,4,3875602
NB FOREVER,0,1,0
The Neighborhood,1,4,811758
PalaceGUARD,0,1,20796
KuromiO3O,0,0,1061532
I The Flying Dutchman I,0,1,87474
RABBIT RAIDERS,6,7,761097
BlueOwl,0,2,0
LOHJNAWE,0,3,30948
R E V E R I E,0,1,0
The_APEX,4,2,457040
BangCuopLuongSon,3,8,762768
Hohoesa Pakchara,1,2,45393
-,0,0,49917
CHILIS,1,8,3553181
CHILIZ,0,0,1432352
Kantaka,1,0,18420
Meerkat Assemble,84,41,13766870
Just chill and play,0,0,111023
Fenr,0,7,681815
Psz,20,2,2132578
PLAC,0,2,6581453
Real ONE,2,6,1933985
-,2,0,63267
BGC,3,5,582073
The Quinfall,0,3,58533
-,0,6,48270
HXNTERS VXPERS,0,1,3955
Meta Void,0,1,0
Coup de grace,1,2,843783
SLAF,1,5,349517
-,0,1,0
Rescue Station,31,7,7476892
Vendettui,3,5,180742
Shark Chew Toast,1,1,323275
TheGreyKnight,0,1,107118
RaidMasters,0,3,47179
LANCASTER,0,0,6380
MABAR,0,4,24176
V1OLET,0,1,0
RABBIT RAIDERS,2,7,728118
XxDLLMxX,0,0,18234
-,0,0,31802
Solsticee,0,1,0
ALDUB,2,1,165236
-,0,1,56881
-,0,2,3625
TRlUMPH,0,3,296767
SubuTai,12,3,1977507
CHANG,1,2,86796
-,0,1,13077
AAAAA,19,8,1466257
TAKEDA 24,3,12,787193
-,0,0,120580
Freaky Fools,0,1,277774
MO GU,1,0,269372
PSYKOPATH,0,1,42399
Earn money,31,28,19378457
Absolute Dragon,12,18,942202
MAYARI,1,0,88070
Wysteria,18,19,7961340
red king,7,2,1890437
Lightborn Syndicate,0,1,13091
KongFu PanDa,13,44,14972724
DOJO,0,2,1569642
HarryK Legacy,50,8,4022593
R O S E,3,11,2664918
The_APEX,1,12,1369369
Old Man,1,2,101218
SubuTai,0,2,605786
Before Cleric,1,2,312688
WAR-HAMMER,0,0,18675
PUMPIM,0,1,0
The Eminence in SHADOW,0,1,6172
MO GU,8,4,1605216
conquer,12,10,3200520
Solo-King,0,0,529781
Battleborn,0,1,35051
-,0,4,4266
Easy come Easy go,0,5,273055
Prodigyy,0,0,1005591
SubuTai,3,4,1902094
Easy come Easy go,9,20,2957904
snow forest,3,0,255134
-,0,1,0
-,0,1,0
Finish,0,1,41807
Raining,1,0,61738
AK-74,0,2,0
HanRyang,1,0,506891
I The Flying Dutchman I,11,8,6386662
CHOCOMINT LOVERS,0,0,194300
-,0,0,63623
F A M I L Y,1,6,8466591
AK-47,0,1,3126
snow forest,6,7,1730218
Shu Shan,1,6,1415404
F I G U R E,0,1,663641
snow forest,7,5,4754040
PalaceGUARD,0,1,4610
Freaky Fools,1,6,34021
Western Paradise,4,21,6101792
A Brave Man,0,2,362965
snow forest,0,0,234234
Free Butterfly,0,1,0
Heritage of Apathy,0,1,0
LOOKOUTS,0,1,14266
Take Care Your Ass,0,1,0
Holy Black Knights,0,1,0
Astra Crux,0,1,8465
THE RELATION,4,0,349490
Future Party,38,39,24620695
-,0,1,0
Snow Angels,4,7,158104
Tarumanagara,0,9,265036
The Reachers,0,3,0
Springs,0,1,64060
-,0,1,0
Snowflakes,3,4,676200
CHILIZ,35,39,12365318
NEVERLUS,0,1,0
Conscripted,3,7,6569599
PLAC,33,6,13596072
All Rise,20,11,6369747
not cute anymore,0,0,722742
Freaky Fools,0,2,8186
-,0,1,0
Boar Army,0,1,103226
JOLLY,4,4,500341
-,0,1,0
-,0,1,0
-,0,0,11419
UnifyVN - 304,2,2,721793
The Best Noob here,16,12,1751512
All The Villains,7,10,3422125
strange thief,0,1,0
CHILIZ,30,17,28370622
SideQuest,1,6,3266441
-,1,2,66945
Invade,4,14,1379885
CHANG,4,3,219630
Thril,1,4,178890
Dragon Blade,2,18,2934000
KuromiO3O,56,18,12866928
Pink 7,0,3,40498
FrayainT,0,2,3892
-,1,2,204645
MABAR,16,3,546821
THEMERCENARY,0,3,110327
Kunfayakun,0,1,153513
Gold Pigs,1,1,76341
I The Flying Dutchman I,0,3,1683659
Meerkat Assemble,4,9,10567766
Singosari,1,1,29047
The Neighborhood,4,3,574528
-,0,1,0
Solo Supremacy,0,1,3685
FLARE,1,7,634828
-,0,1,32356
God_OF_Hunter,0,0,6313
Realest,1,3,528721
Boar Army,0,0,106129
Shu Shan,8,4,734739
F R O Z E N,33,21,1999610
NULL,0,1,78510
CHILIS,5,4,4325533
NEVERLUS,0,1,0
WARDEN-SLAYER,0,2,0
-,2,5,270096
CHILIS,2,8,4874881
Real ONE,4,11,5430135
PL4B,1,0,184801
-,0,0,72019
After Cleric,2,5,946780
PL4B,1,1,125434
Tohou Project,1,5,363522
Club Of Kroco,1,2,33115
MELEE,21,16,9984261
PUMPIM,0,4,68097
GROUP,0,3,110243
Green Shadow,0,2,0
Prime Brasil,0,1,0
F I G U R E,35,14,13669530
the_middle,0,1,0
Real Man,10,9,2820711
Meerkat Assemble,91,66,26699211
Warhammer Defense Core,6,7,402942
THE-PURGE,0,0,30021
The Scarlet Dawn,0,1,0
Sanity Eclipse,0,3,16010
BOYPHO,0,0,7049
-,0,1,0
JSCL,1,1,212863
-,2,2,1561712
BLOB,0,1,80393
Kamusari,3,2,481291
SubuTai,0,1,312806
I The Flying Dutchman I,2,1,358326
Griffin Empire,2,6,171897
Reworld,0,1,0
CHILIZ,0,3,2198088
CHILIS,2,0,1487489
KRAVENIX,0,1,119658
MoneyMoneyComeOn,0,1,0
not cute anymore,2,2,1142215
Conscripted,0,8,6046440
Laughing Boulevard,1,4,6704065
An Guild,0,1,36300
Ordo Musaceae,0,2,0
Masked Bandits,4,2,1543838
HXNTERS VXPERS,5,9,231549
Luminaries,3,7,152730
Chikipi,0,0,43369
SideQuest,0,2,500821
CapybarAAAA,11,5,1941144
Igdras,63,18,5424296
Meerkat Assemble,35,11,5537316
Pink Paws,0,0,112412
CRIMSON CONCLAVE,5,6,52015
A X E,3,5,60435
M O G A,12,13,4154614
-,1,2,15183
VIET NAM ssm,1,0,32750
Nemo Bomb,32,12,16413059
MO GU,44,35,6300156
Sentinels Arc,7,13,399274
CHILIZ,3,26,7127355
-,0,2,0
-,1,0,269471
TEAM_MEMOL,0,1,0
R O S E,4,2,620227
R E V E R I E,0,3,605923
Government Program,0,17,273109
-,0,0,164995
S Y N D I C A T E S,1,2,534259
-,0,0,1703
Children Of The Dragon,0,3,406329
Press A to Die,0,1,0
Griffin Empire,0,1,243899
DNS,1,5,44989
MCS-P,7,1,674342
DDBS,20,8,18728832
VINA HOUSE,0,1,265827
YangPaiXiaKiller,0,0,57266
Peaches,4,3,180531
321 Demass,7,3,448313
F A M I L Y,23,15,9021640
All Rise,67,18,11610144
Chikipi,7,3,1331978
good bomb,37,8,16203859
F A M I L Y,0,1,0
Children Of The Dragon,36,8,6660153
Earn To Win,0,2,18471
TAKEDA 24,4,8,756006
PSC,4,2,1739577
itinerary,0,3,14416
Blue house,0,1,2934
MO GU,0,8,4872038
-,0,0,26617
M U S E,0,1,0
CapybarAAAA,8,6,2506433
Crimson Radiance,1,3,1017054
-,1,3,871394
HARVESTM00N,0,0,20419
-,0,1,0
-,1,0,109566
MO GU,9,7,2426170
-,0,0,27312
I The Flying Dutchman I,6,7,3007428
BangCuopLuongSon,0,0,93710
-,0,0,49396
Chien Than,0,1,0
F A M I L Y,0,0,823387
Family Type,1,9,1457353
R O S E,20,8,4724263
Evangelion,1,7,497990
Meerkat Assemble,40,6,9458993
S Y N D I C A T E S,0,1,0
Karmic,9,26,2933794
nanjingdapaidang,3,3,192899
AK-47,4,4,141634
-,0,1,3713
-,0,3,0
MoneyHunter,1,1,44591
Auraka,0,2,7419
Karmic,4,12,2536765
MINlONS,0,2,157075
Meerkat Assemble,6,2,3009852
CHILIS,11,10,6063503
-,0,1,0
F R O Z E N,1,3,159193
LakeSide Villa,1,2,31182
NGGang,1,0,475120
PAPAYA POKPOK,1,2,1004028
Eagle Army,0,1,0
Mathias,1,3,173801
Helios Phoenix,1,2,82874
Karmic,0,2,26922
OverDaddy,3,1,148647
Screamy,0,0,38711
Another,4,12,4412988
Midnight Rose,0,1,0
Children Of The Dragon,5,2,397337
Earn money,11,6,8280364
M O G A,16,14,2508569
WhiteSuits,0,7,1285857
Forever Night,0,1,48070
AK-74,0,2,56495
Black Mist,0,1,81402
HeIIo Kitty,69,19,15467884
HelIo Kitty,11,9,4027012
GOBLINS,1,16,7647915
TGIF,8,22,9914949
NightCity,5,8,712619
-,0,4,236343
FxxK,2,6,1394619
Yuzi,0,1,295466
Children Of The Dragon,12,15,6136831
Fenr,3,5,1026871
Hanguk,0,1,69782
DOKDO,7,6,1552710
-,0,0,16908
HanRyang,1,5,108343
Another,4,23,10680286
THE WARRI0RS,0,3,2471809
Technique,0,1,19373
-,0,1,190
Noob Family,4,8,333269
GIGAN VIII,0,2,100577
F A M I L Y,4,1,576627
-,0,0,11756
Karmic,1,1,172555
MINlONS,0,4,1379092
D Go Liang,0,2,11631
Western Paradise,1,18,3072909
PLAC,19,16,3473266
The Valley of ErdTree,0,1,0
Invade,53,28,14800673
Nemo Nemo,0,1,232761
-,0,0,13509
SpartanS 300,0,1,0
The Neighborhood,0,1,3456
Chikipi,0,1,647696
Solo-King,1,13,6614490
Kingdom,11,5,1373618
GOBLINS,0,1,3641634
TGIF,0,2,455700
-,0,1,66866
NO_OC,0,3,282490
MoneyMoneyComeOn,0,0,25695
DOKDO,25,12,2807729
Another,48,24,12771538
Freaky Fools,2,0,21831
Griffin Empire,5,19,3595157
UnifyVN - 304,1,4,876505
MO GU,6,11,2618596
Z GEN,6,5,1263732
Rescue Station,20,21,13597550
Meerkat Assemble,0,12,2739711
Snow Angels,0,0,97724
-,0,2,15329
KuromiO3O,40,26,11386331
Children Of The Dragon,0,1,117506
Partai Banteng,1,0,35916
CCTV,11,21,4416741
Indraloka,0,2,0
Understand,1,4,621414
The Northern Constellations,29,6,582355
Kingdom,0,3,103863
snow forest,1,18,3144907
nanjingdapaidang,0,0,33288
CAOTAIBANZI,1,1,126489
SHOWTIME,0,2,211554
Wysteria,7,8,1888118
Old Man,0,0,944161
-,1,3,80471
Shut It,0,2,8028
ALIVE,5,4,301009
H G,6,7,244655
Old Man,0,7,1681786
PAPAYA POKPOK,12,5,2403032
-,1,2,65022
Speed Run,0,1,150275
NULL,10,8,1741772
GIGAN VIII,10,4,1214786
SuonPH,1,0,36092
-,0,1,9759
FISH GANK,0,1,0
ERASE,2,8,1233970
Guerilla Warriors,1,1,39024
SpartanS 300,1,7,101574
-,0,1,32579
-,0,1,0
Crazybabys,0,4,1072491
AZKALZ,10,7,603943
Tengkorak,0,1,0
ReadyPlayer1,6,10,495749
FOR IN FIN,1,2,172895
First love,0,2,259984
Shining Star,1,8,288397
Ctrl Alt Del Close Apps,9,3,1976661
CVLT,1,3,344667
-,0,0,323830
Meerkat Assemble,1,6,2408229
The Ritual,4,2,735873
PL4B,10,5,1593300
-,1,0,324136
Lightborn Syndicate,0,1,0
Noob Family,0,2,0
Kingdom,17,34,5523672
Red Circle,0,0,81080
UnifyVN - 304,0,7,1216995
BounTy_TH,0,1,20330
-,1,0,31995
PSC,0,8,763278
Skip Tutorial,0,6,491256
ALL VICTORY,21,29,4758508
PalaceGUARD,0,1,0
Red Circle,0,1,0
I The Flying Dutchman I,7,13,4619791
Helios Phoenix,5,4,796214
The Inquisition,0,1,126639
Real Man,64,31,9733480
Heartsteel,4,7,984721
-,0,0,6936
JOLLY,0,2,0
Wayfinder Knights,0,1,326999
RABBIT RAIDERS,0,0,11899
-,0,1,0
House Of Gorkha,1,10,204264
Healing sprout,0,2,1822
SHIVR,0,0,161963
MINlONS,0,4,755134
TamilnaduFEMBOYS,0,9,52778
NOVA NEXUS,0,2,2967
-,0,1,0
F I G U R E,21,15,9317744
KUMA,0,0,224895
Golden Dawm,0,0,48569
Meerkat Assemble,0,7,2684853
Dragon-Mi,15,2,8169933
-,0,0,21140
Astartes,0,1,0
Western Paradise,4,7,182762
1Mmortal,34,7,7747722
B L A C K P E A R L,0,4,0
SenseTeR,0,1,58882
CHILIZ,14,1,2231152
AZKALZ,0,2,0
Floralia,0,1,0
HIGH RISK HIGH REWARDS,0,0,65054
Wandering Nomads,0,3,0
Jia Nan,4,5,61386
Real ONE,30,10,16533413
COALITION,2,28,3013558
Forever Night,2,0,54158
pig bank,0,6,44325
Free Butterfly,2,1,142448
Speed Run,3,5,172651
Noob Family,0,2,0
Conscripted,10,6,2905183
-,0,0,1274
Meerkat Assemble,0,8,1564034
-,2,3,75930
RABBIT RAIDERS,2,2,212200
Wysteria,1,2,495529
Conscripted,56,10,6245789
NekoParadoxia,1,0,45684
THEMERCENARY,2,2,113957
-,0,2,0
-,1,0,48265
S Z P,6,14,1457909
Chikipi,5,11,3744934
D R E A D W A T C H,0,7,485545
OneFame,0,2,71202
Noctis,5,17,3348627
AISVARYA,0,1,0
Screamy,0,2,0
I Check Mate I,4,5,2922731
Peenoise,2,1,2000635
-,0,0,536051
SDteam,3,3,382447
Invade,7,6,3852036
Crazybabys,0,2,224914
Forever Night,0,1,163891
Real ONE,5,1,1438691
Meerkat Assemble,50,26,23677339
Another,46,51,44107439
-,0,4,22627
ARTIKULO UNO,0,1,8698
-,4,0,247395
NANXI,0,0,152307
China Daoism,0,1,21066
Warhammer Defense Core,0,1,0
-,0,1,9389
The Lonely Moan,4,1,150373
Astartes,1,3,31729
Chosen Few,0,0,428674
BeasTDaK,12,16,3219803
mechanical,1,4,243414
TAKEDA 24,1,3,2585
Family Type,0,1,23324
Fight Or Run,1,2,22728
-,0,1,0
SHOWTIME,0,1,0
PL4B,0,0,112035
MINlONS,33,27,15405051
MO GU,0,1,79082
Jia Nan,0,1,48985
-,0,1,0
-,0,1,76166
ALBION AFTER S3X,1,1,136773
AVA world,0,2,105509
Shadowborn Syndicate,1,3,53240
-,0,2,80730
Kunfayakun,3,0,372731
RABBIT RAIDERS,1,2,337703
Farm Or Die,3,6,213637
The Neighborhood,2,3,155646
Gnosa,0,1,0
conquer,6,2,963933
CHILIZ,58,23,17628622
I The Flying Dutchman I,0,0,611490
-,0,2,38404
Chinese Brotherhood,0,5,0
Minerva-X,24,25,8358985
-,1,1,80825
Screamy,1,0,87840
WhiteSuits,0,8,137277
tamago X gohan,0,2,6493
Future Party,0,3,655424
C O V Y,0,1,0
Sunset,9,31,8172501
China,5,13,11403633
Boar Army,0,1,140867
Mika,3,3,2274845
Mammoth King,6,6,4584462
Wing of Liberty,6,5,1674885
Garden babys,2,0,17839
Gondor,0,5,97990
World BOSS,0,1,0
-,3,4,213068
-,0,1,0
HOGUWART,1,0,102367
B L A C K P E A R L,0,2,14422
The Boyz,4,4,375336
-,0,0,7951
VietNameseSocialist,20,39,1918840
M A R S,0,2,0
Elite Waffle Squad,1,1,112584
-,14,3,1049527
Blue Phoenix,0,3,0
Rogue Cat,2,2,219049
VIET NAM ssm,0,0,15524
DOKDO,0,1,0
Coup de grace,0,31,3247788
-,0,1,398553
UnifyVN - 304,0,0,226869
Rescue Station,10,10,4252194
567jqk,1,0,13796
VOYAGER CORPS,3,0,407715
Western Paradise,2,1,40446
Congregation,0,2,0
Astartes,6,4,941434
Dragon Blade,0,1,76254
Topspire,0,1,239178
Earn money,2,7,6845000
-,0,3,57339
Abyssal Order,0,1,67485
ZANGETSU,1,6,343069
HIGH and Hungry,0,0,3021
CRACKER,3,9,96718
Earn money,1,2,2340290
snow forest,0,0,1280717
snow forest,0,0,53877
MISTHEORY,0,4,0
-,2,3,76254
Dread,4,6,1699456
A p os t l e s,1,4,212642
K R U N G S R I,0,1,17384
KINGSLAND,0,1,35356
-,0,0,7477
KINGSLAND,0,1,44306
-,0,3,0
Laughing Boulevard,16,16,24598542
Meerkat Assemble,3,3,3160868
Thriller,3,14,367059
High Cards,0,4,48971
-,0,1,12860
Beavers,31,22,12464447
Sequence,0,1,1455170
CHILIZ,2,52,23918493
Chikipi,7,4,2039487
Hong Xing,0,0,270353
DDBS,0,0,600480
The Fide Blood,32,5,3372512
PSC,1,0,217606
Mamboo,5,4,123922
The Fide Blood,10,3,2270078
Crazybabys,0,1,0
HuaDaBin,0,1,2770465
KongFu PanDa,10,44,16302696
Once Upon a Time,2,3,1208440
Forever Night,1,1,464482
Big mom,40,31,13496913
GOBLINS,0,2,888350
PLAC,4,15,24585353
PLAC,9,4,12642617
All Rise,46,21,13789903
-,0,1,29250
-,0,2,0
Blue Phoenix,0,0,556708
Family Type,3,2,339310
Once Upon a Time,1,3,1455007
PalaceGUARD,2,6,3233348
-,0,2,3892
Laughing Boulevard,0,4,14074616
Lucky Fools,1,2,36293
Demon Fang,0,3,8891
Celestial Void,1,7,326833
-,1,0,52283
Space Wolves,1,2,9130
All Rise,4,4,1808453
Hei Hitler,0,4,2926892
Mika,16,21,7321111
-,2,1,174360
Sequence,0,1,2101644
Pierce,19,15,4314147
LEGION SOUL,4,0,114025
PLAC,4,4,1443396
I Slytherin I,5,12,314753
-,0,1,0
NULL,0,1,0
Rest home,1,1,12294
KnightfaII,4,4,595749
Masked Bandits,0,4,934576
The Black List,2,3,367509
Coup de grace,9,5,1805787
-,0,1,161003
DOJO,3,4,1069858
xNEMESISx,0,0,105834
The Neighborhood,0,2,0
SLAF,0,1,0
V1OLET,0,1,0
-,0,0,48407
-,0,0,12039
Topspire,36,13,5953721
TRlUMPH,6,9,2075062
-,0,1,0
Filibusteros,5,12,3664811
-,1,1,155625
snow forest,2,3,172518
The Lonely Moan,12,10,419623
-,0,1,7436
Slice of Life,0,1,0
V A G A B O N D,62,13,9463557
-,1,0,138388
DlSBAND,1,3,60180
Real ONE,0,2,1658934
After Cleric,0,0,1296828
-,1,2,68289
R E V E R I E,16,8,1748544
itinerary,0,2,137009
Pierce,12,17,5043821
-,0,1,2377
The Myth,32,18,6067813
CHILIZ,3,26,5161081
Klepto,0,2,26882
Lumi,0,1,0
MoneyHunter,0,4,0
-,0,1,0
PLAC,1,2,168209
-,0,0,10342
Albion Newbie Home,0,0,3703
Kunfayakun,2,2,273546
Rising Stars,1,5,51182
F I K A,2,10,3251411
H G,5,5,123187
ALIVE,0,1,0
WhiteDragons,0,1,9417
-,0,0,3933
The Lonely Moan,0,0,269615
-,0,1,0
Children Of The Dragon,1,2,1449039
Reworld,0,6,438388
Invade,0,1,0
MINlONS,0,5,2542900
-,0,1,0
High Cards,0,9,399625
-,2,5,30972
Midnight Rose,1,1,29515
Alone in The Mist,0,2,0
Snake Snake Fish Fish,2,0,190455
MINlONS,2,14,9660077
Chikipi,1,36,17306758
AK-47,0,1,485700
RABBIT RAIDERS,1,0,112521
Green Shadow,0,1,17022
I The Flying Dutchman I,8,12,12307820
-,0,1,0
eRa Empire,0,2,37562
Pink Memory,2,0,500531
-,0,0,2553
SHOWTIME,10,12,3407245
TONPA GANG,4,0,462018
H Y P E R T E N S I O N,2,1,209175
RaidMasters,0,2,0
High Cards,0,0,6371
Karmic,0,1,0
Fire Boys,0,1,12844
-,0,3,0
HappyDay,3,9,1831376
321 Demass,2,3,68911
CATHEDRAL OF RAT,1,0,10503
SNAKES OF SKY,1,0,313987
Dragon-Mi,5,10,7957435
V1OLET,0,0,11931
Alive Evil,0,1,26606
Farm Or Die,0,1,454431
ORANG JAWA,0,1,5826
BLACKMEONG,0,4,0
-,0,1,69782
GaoLaoZhuang,0,3,378666
Meerkat Assemble,1,7,931679
Heartsteel,0,2,0
Future Party,9,11,11835175
Mika,2,18,3100891
The Myth,0,15,3320239
The Neighborhood,0,0,16736
PH CREED,0,0,16357
Griffin Empire,0,11,908310
Earn money,0,2,1369949
Allahu Akbarrr,0,3,716922
Helios Phoenix,2,1,1065298
Legion of Frost,0,0,4572
CRYPTO ETHEREUM,0,2,0
PSC,2,4,3590701
CVLT,1,2,1109227
Wysteria,12,4,3965732
The Neighborhood,6,3,2229116
ACM,53,24,3460658
P U R G E,30,7,9316096
HeIIo Kitty,0,1,0
-,1,3,98042
SilentMemoirs,0,1,887
-,0,0,4143
Ocean Waves,1,3,73887
Peng Lai Xian Jing,6,8,1494743
CAOTAIBANZI,17,14,1172812
-,2,0,30986
Reject Snow,1,0,575522
Future Party,13,5,4465973
-,10,3,5724298
IndianGanG,98,47,57756238
S Y N D I C A T E S,7,6,1372514
-,1,1,362130
Grows,0,1,104672
GOT YOU,0,0,4776
SOLAR BENEDICTION,0,0,1356
-,8,16,512660
Singosari,22,19,2855209
1Mmortal,65,20,25143703
DABHI-BROTHERS,2,3,273224
S O L O P,0,0,592309
All The Villains,0,4,1203090
Gold Pigs,2,0,694866
A Brave Man,22,17,9243069
Fenr,0,0,130742
Astronauts,0,1,19828
Consortium,0,1,0
-,0,0,66490
KAI RUY,0,3,9039
-,0,3,2426
-,1,0,231385
ETERNAL CRUSADE,3,0,164957
-,2,1,116451
H Y P E R T E N S I O N,0,41,5417923
ALL VICTORY,34,1,7463872
octugram,1,3,87365
BeasTDaK,3,3,795240
HELIOS KNIGHTS,1,2,12864
-,0,0,37457
A p os t l e s,1,14,792666
The_APEX,1,1,1152
Boar Army,0,1,53637
Mammoth King,3,1,630946
Forever Night,0,1,39145
Astartes,0,1,0
Hanguk,0,4,19380
DOKDO,6,4,907387
Death Of Ava,1,2,18460
The Scarlet Dawn,0,0,77890
CoCa1nE,1,3,296049
Stellar Alliance,0,1,0
Phantom Monarch,0,1,0
The Elders Pact,3,7,241963
-,0,1,0
SINGAMAS XI,0,1,0
Kingdom,5,18,8762044
Chikipi,17,20,3813139
-,1,0,6008
Brightshield,0,0,8892
Peace th,0,1,0
Laughing Boulevard,0,1,0
PVP With Me,0,1,705673
Meowfia,1,1,618418
F R O Z E N,0,8,742499
Finish,16,7,2030306
S D G,6,11,414315
Lazy Bear,29,6,2090012
THE LEGENDARY,0,2,19951
Frostbite Reapers,20,13,3383995
F I G U R E,1,35,12797726
P U R P,21,10,5336034
-,0,1,16571
QUILL,2,4,36812
Kingdom,2,3,395162
TEAM_MEMOL,2,1,162758
UNITED THETFORD,0,1,3453
Silvermakers,0,1,0
Jia Nan,4,17,891784
FLORISEN,0,1,0
Ashen Reign,1,6,74766
Grim Legion,0,0,9693
AK-47,0,0,116731
PLAC,1,2,5777481
Samsara,2,13,215905
The Eminence in SHADOW,16,8,485694
-,0,1,0
21st century albion,16,4,679008
CHILIZ,2,30,32259089
P U R P,0,7,931136
GoldExperience,0,2,6323
KomtolBapakLoePecah,0,1,0
-,0,1,59790
good bomb,24,17,22937528
CHILIZ,4,11,11484585
After Cleric,1,0,132839
The Wardens,1,7,111187
NewNew Young,0,1,0
CapybarAAAA,17,16,2299437
Kingdom Of Ashes,0,4,125881
WhiteDragons,1,4,114431
LUVIMIN,3,2,55177
IND_KING,0,0,9000
-,1,0,4014
321 Demass,2,4,64026
Tamilaga Vettri Kazhagam,0,1,223782
Clap Me Daddy,0,1,14884
Ocean Waves,1,1,18720
-,2,1,35776
PLAC,19,4,455965
BlueOwl,11,9,572351
MO GU,0,0,9534
The Neighborhood,0,0,126219
DEATH PIT,0,1,0
AAAAA,4,16,675216
V A G A B O N D,1,1,153812
Fight Or Run,0,1,15632
CHILIZ,7,24,7034681
PLAC,0,8,4526915
DESTROYER GHOP GHOP,2,5,111026
CTRL ALT DEL,0,2,552
CHILIZ,20,8,6979794
Karmic,0,15,2143829
Another,54,27,15935088
Use Cleanse,0,3,0
VOYAGER CORPS,1,1,22514
Chikipi,23,14,8609158
good bomb,31,14,14488361
-,0,1,0
ENDANGERED,2,10,1733939
CTRL ALT DEL,1,0,39054
One Braincell Army,0,2,0
FELIX INDUSTRIES,1,2,87173
Stellar Alliance,1,15,5194522
PSC,1,5,837105
PAPAYA POKPOK,0,7,1618992
Griffin Empire,8,15,1914419
-,3,0,158776
F A M I L Y,0,5,2458780
SideQuest,1,1,77498
F I K A,26,34,11193521
Crimson Requiem,1,1,59124
OneDone,0,4,327594
-,0,0,3513
NemDaGiauCut,0,1,24236
dmwwrasia,4,6,132573
LaiFaNongDer,0,1,1239217
Minerva-X,2,23,3078095
Chikipi,9,17,8546726
asile,1,10,68353
Masked Bandits,3,3,675720
Invade,4,9,2058436
B L A C K P E A R L,3,2,123637
Spero Spera,3,4,57273
LaiFaNongDer,0,0,69142
Minerva-X,1,1,1834963
xCUTIESx,8,10,1066169
TOP TIER RAIDERS,0,1,20849
JugGerNaut,0,1,0
Noctis,1,15,1746749
-,1,0,171052
PSYKOPATH,0,11,734211
Tarumanagara,4,1,109818
CENTAURI,0,1,175550
liken,0,2,0
Gondor,3,4,138216
-,0,2,0
B L A C K P E A R L,1,3,438349
All The Villains,2,4,1074666
snow forest,1,1,231867
A Brave Man,8,19,11284158
Rogue Cat,3,3,62073
HELIOS KNIGHTS,0,0,41225
Peaceful Heaven,0,1,96977
-,4,13,133181
hand of god,0,1,188708
-,1,3,500969
The swallow,5,12,1975197
pig bank,0,1,7232
Ping300,1,6,2456766
SubuTai,1,1,304307
Nemo Nemo,8,1,682832
-,1,0,196181
All Rise,20,10,3479397
PLAC,31,16,26411087
RESPECTED FAMILY,0,5,683876
-,0,1,0
Kendan,3,0,222573
Once Upon a Time,1,2,4048995
CHILIZ,33,27,24783988
The Question,0,0,9900
Titan Blaze,0,3,0
H U P,8,4,729295
Heart of Thetford,1,1,57687
CAIB,5,1,1563569
PalaceGUARD,0,1,0
I The Flying Dutchman I,28,11,22783698
V1OLET,3,11,3004737
Big mom,1,2,1008149
The_APEX,0,1,0
-,0,1,0
V1OLET,1,2,537962
The Wardens,1,1,13666
Big mom,7,9,11584445
CHILIZ,0,3,986794
Chosen Few,2,1,125881
SANDBOUND,4,1,185602
LastStando,0,2,3405
Cavalry,0,0,13102
JugGerNaut,0,1,0
Forever Night,0,3,399931
The Wardens,0,2,9194
Auraka,0,2,29826
B L A C K P E A R L,1,2,138488
-,0,1,0
snow forest,23,6,7023023
The Black Banner,0,5,149081
-,0,1,0
-,0,1,0
Creation Camp,12,15,761446
All Rise,46,67,25789871
Tarot Academy,0,0,164471
Invade,0,0,281425
-,0,4,278023
Pussi Gang 69,0,4,1237
POOPII,1,2,94608
-,0,0,1987
-,0,1,31811
S Y N D I C A T E S,0,1,122496
BLOB,0,2,196165
Earn money,1,1,216809
M O G A,15,25,2875181
-,0,1,0
UNITED REPUBLIC MERCHANTS,0,0,9916
THEMERCENARY,0,1,801
RABBIT RAIDERS,0,1,205061
ENDANGERED,0,5,444986
Ocean Waves,0,4,98890
VINTAGE GOLDEN,0,1,0
The Drop Bears,17,16,2389221
Chosen Few,0,3,218651
KnightfaII,1,1,417319
HappyDay,6,15,4136695
Husky Empire,2,2,183781
I The Flying Dutchman I,3,0,547495
BISAYA TREE HUGGERS,1,5,57224
Once Upon a Time,0,2,459258
Speed Check,1,1,230711
Filibusteros,0,0,467864
AFTERMATH,5,2,332722
Invade,5,19,2854632
PETANI BERSENJATA,0,2,37787
321 Demass,1,4,57942
Hooman,2,0,131299
Conscripted,9,7,5834036
MoFuMoFu HEAVEN,2,3,208136
KUMA,0,1,0
-,0,1,0
321 Demass,0,1,0
Kunfayakun,2,1,361727
BLOB,13,15,2147494
N O C T U R N A L S,0,2,0
Invade,17,19,5939555
eRa Empire,1,0,352386
Noob Family,2,4,2178286
All The Villains,10,28,7135106
Noctis,0,0,88550
H a n a k i r i,1,3,143839
R O S E,6,6,623705
PVP With Me,0,2,6010
SHOWTIME,2,10,1664169
Chikipi,5,8,4705574
-,0,0,49069
Meerkat Assemble,0,6,1146389
UnifyVN - 304,0,1,0
Tree Viper,3,1,266914
The Castle Knights,2,5,136971
Space Wolves,0,1,0
King Of The Night,3,0,1261780
Meerkat Assemble,93,39,11492590
KUMA,1,2,694142
Dark Soul,1,2,93392
AFTERMATH,0,2,315312
KATANA,1,1,66312
Invade,2,15,2405248
PSC,0,5,597629
AAAAA,7,24,567054
KongFu PanDa,5,5,854370
-,0,1,78423
Second Fear,0,2,377239
CHILIS,0,4,4280268
COALITION,2,2,228480
B L O O D L U S T,0,1,0
BLACK BANDIT,12,10,2906066
-,0,1,3592
DragonWorld,0,2,0
-,3,1,95148
I The Flying Dutchman I,12,4,5792092
BLACK BANDIT,8,7,1482936
MELEE,4,11,955232
Noob Family,1,2,36607
Sentinels Arc,6,7,521321
DNS,0,0,45667
-,1,0,13850
R O S E,12,6,3039909
DeSaiko,0,1,6483
One More Times,16,9,3382682
CHILIS,1,5,1119719
Rescue Station,22,10,10140600
Earn money,0,1,1980383
-,0,2,2130
House Of Gorkha,0,0,984
FROSTBITE STRIKERS,0,2,7370
Cops Sterling,0,0,254879
-,0,0,30949
-,0,1,11187
High Cards,8,13,419835
LuoKe WangGUO,2,3,171121
GOBLINS,19,6,5375821
snow forest,13,1,2366209
TGIF,42,16,11490323
-,0,0,6046
Russian guys,0,0,4130
-,1,2,68625
ASCENDANT SUN,0,0,4855
Masked Bandits,0,4,498263
F R O Z E N,1,2,534078
Griffin Empire,0,5,1899293
-,0,1,6647
Take Care Your Ass,3,3,308579
anti rat V2,2,2,224847
-,0,2,19523
Eminence of Shadow,0,2,0
YangPaiXiaKiller,0,1,864364
-,0,7,106960
LEGION OF THE UNDERWOLD,1,3,52264
-,0,1,0
GOON GUILD,0,2,0
Dark Looters,6,39,1609268
Ruthless,0,4,25859
Dark Looters,20,19,1723307
Ruthless,0,2,52979
not cute anymore,9,6,1300741
BeasTDaK,0,0,88299
New_World_Order,1,1,523608
-,0,0,49479
R E V E R I E,1,1,307718
GTO Nazarick,0,3,65260
Midnight Rose,0,1,0
The Neighborhood,51,15,4440225
SoloGank,0,0,2082
Tengkorak,0,1,11747
cat and rat,2,5,165536
Mamboo,4,8,158651
Reworld,3,20,4240063
Only Legend,0,0,108350
Old Man,7,8,1456542
-,0,1,0
NB FOREVER,3,2,31693
Lym World,0,2,12141
Watch Out,0,1,0
-,18,4,1854666
MINlONS,6,7,808986
F I K A,6,7,2119469
BlackTemplars,1,6,43525
NekoParadoxia,0,0,2707
The Neighborhood,6,4,1601059
GLORY STARS,1,8,215114
Astartes,1,4,35119
Azurites,1,1,48551
S K Y,3,7,158059
-,0,1,0
Biu BiuBiu,17,18,1964292
-,4,1,271282
NO_OC,32,20,2202034
Wysteria,45,22,14989309
CHILIZ,101,20,31402381
Free Butterfly,0,3,20094
-,3,5,217869
Astartes,2,2,6273
-,0,1,23164
C H E C K M A T E,0,0,10755
Singosari,5,11,1994260
Freedom_Castle,0,2,6560
-,1,1,68442
Pink 7,13,12,3220478
Sentinels Arc,0,9,324067
Kunfayakun,0,0,47982
I The Flying Dutchman I,0,3,1223192
ERASE,48,5,4317247
-,0,1,0
GRIEVING-SOUL,0,2,639562
Free Butterfly,0,1,28099
Meerkat Assemble,12,26,22250630
-,0,3,42243
Shadow Hand,0,1,0
RABBIT RAIDERS,0,2,173706
All Rise,0,2,82129
Give Me Your Sis,24,12,2278238
WhiteSuits,5,13,795948
-,0,0,17297
Mika,4,16,1218221
Reworld,0,2,870285
Future Party,29,20,11683215
Tarumanagara,0,2,0
MO GU,4,2,247402
Dark Looters,11,11,868450
-,0,5,6263
GOBLINS,0,18,5610662
TGIF,0,3,430928
TW-GIN,0,2,0
-,0,2,1444
-,0,1,0
Shu Shan,11,12,2173165
Lymhurst Ranger,0,3,8608
Gold Pigs,0,1,306598
-,0,1,0
-,0,0,22998
Mancings Maniaks Mantaps,0,0,20007
VOYAGER CORPS,0,0,8815
-,0,2,0
Lymhurst Ranger,1,2,53478
CapybarAAAA,3,0,470996
Gilded Rosette,0,1,0
-,0,2,0
P U R G E,23,7,12809070
Yellow Zone Kings,1,1,103599
Earn money,2,7,2519633
-,2,0,257508
HuaLiHuSao,15,12,540090
Meowfia,1,1,140954
Critical Impact,0,1,0
G U I L D,1,1,14728
Keep Killing,0,0,17870
Free Butterfly,1,5,111401
-,0,1,30534
snow forest,0,1,625482
321 Demass,0,2,28791
Hooman,12,6,714401
CHILIZ,2,43,12784580
First love,3,1,16576
-,0,1,0
-,0,2,1356
V1OLET,0,6,73593
PAPAYA POKPOK,2,0,301074
six doors,9,2,1065648
Guild Petani,0,1,1957
AFTERMATH,4,1,436487
Blue Phoenix,4,0,187450
The Rumble,4,2,524430
SINGAMAS XI,0,0,3039
SideQuest,3,5,2270814
Liberty World,0,2,0
-,0,1,0
NULL,3,14,1972776
TheBoss,0,1,452
ENT1TY,49,20,6346591
After Cleric,0,1,567858
-,0,1,57018
Fight Or Run,2,0,8031
-,1,0,52334
SEAR-Sixth,0,1,0
BLOOD LEGION 1,0,0,21723
SubuTai,1,1,890333
UnifyVN - 304,12,6,2223642
R O S E,5,0,498905
UnifyVN - 304,15,14,2287052
Clap Me Daddy,4,4,306163
The Loot Goblins,2,1,66660
-,0,0,3213
RABBIT RAIDERS,5,6,971065
Wysteria,3,12,871806
MINlONS,39,21,7332516
Invade,4,3,1604230
-,0,1,1539
SANDOGANG,21,9,1205063
not cute anymore,9,8,2999572
-,0,1,9112
Avalon Little Punch,0,0,7523
China 3,0,2,0
No Picture,0,2,95412
CHILIZ,18,6,4977489
CHILIS,14,6,2625520
Summers,0,0,37725
Ping300,24,26,13518430
GOBLINS,3,8,6111153
Supine Club,0,1,0
Emergency,57,19,7500532
Seven Hill,1,4,212071
The Lonely Moan,7,10,2297789
Buzztard,2,10,620850
RABBIT RAIDERS,1,3,248453
-,5,5,1297294
HEGEMONY,2,0,270999
-,0,0,17225
Laughing Boulevard,25,15,14412235
Wysteria,0,3,1141980
The Lonely Moan,0,6,164198
-,0,1,0
Real ONE,0,2,381676
Laughing Boulevard,0,1,2003823
Meerkat Assemble,1,1,441237
KajiRingo,1,8,60385
BLOOD OMEN,0,0,112536
Nemo Nemo,3,0,336960
PLAC,55,12,19635156
Solo-King,2,6,3465617
Western Paradise,1,2,433297
-,0,2,65181
NB FOREVER,4,2,157136
Masked Bandits,1,4,231532
The Valley of ErdTree,0,0,2834
Freedom_Castle,0,4,90544
B-E-L-A-T-squad,2,6,305112
F I K A,39,25,8916205
-,0,2,14319
Sterlingrad,15,9,1979874
Camilers,3,1,234327
The Night Legion,1,3,384152
Ban,4,7,1732964
HOLIC,11,10,439200
MCS-P,0,1,168264
KongFu PanDa,4,5,2000083
B L A C K P E A R L,0,0,278794
MO GU,0,0,413697
Titan Blaze,0,2,0
WowMayKay,1,2,11673
-,0,0,15721
Abyss Legion,23,7,680584
LG DISTINATION,0,0,3314
-,0,3,3794
S Z P,0,1,16998
Chikipi,21,4,8820349
good bomb,11,8,10586719
Meerkat Assemble,9,13,1520795
Skyrim Equilibrium,1,2,168429
OneDone,4,1,741084
Finish,1,2,637708
A X E,18,14,3677606
FREE FOR ALL,0,5,0
Noob Family,0,2,34282
The Elders Pact,0,1,0
-,0,2,110266
Karmic,2,2,57350
Meowfia,7,11,3270912
SOLAR BENEDICTION,0,1,0
-,0,1,11703
KaNaNuTho,0,8,0
I The Flying Dutchman I,26,14,15313193
HappyDay,6,5,741663
D R E A D W A T C H,0,1,0
Gamchi,1,1,52319
Dreamweavers,3,2,23302
-,10,16,1028375
G A I J I N,0,0,77245
Chikipi,27,47,15160183
The Newbies,0,0,29658
Stellar Alliance,0,12,1459414
Astartes,7,4,1893727
-,0,2,0
PLAC,0,2,364166
Real ONE,0,5,2779896
Midnight Rose,0,2,25039
Fightin fool,1,2,97628
The Loot Goblins,9,4,377898
WhiteSuits,0,1,0
CHILIZ,11,14,3014287
CHILIS,3,10,6301450
Albion Newbie Shelter,1,0,104849
Grim Sovereigns,0,2,47850
I The Flying Dutchman I,12,6,17510777
B L O O D L U S T,0,4,22101
Mika,6,16,1442151
-,0,1,0
Free Butterfly,1,4,783675
EAGLE HUNTER,1,4,119773
Floralia,2,0,105225
Phantom Legion,0,1,5570
ROYAL CARTEL,0,2,24387
Anggota-DPR,0,2,281607
I The Flying Dutchman I,0,9,11294608
Reworld,5,17,5038782
Meerkat Assemble,0,1,732281
Martlock Gorillas,0,0,50526
Civic,1,3,280823
GIGAN VIII,3,0,570006
-,8,4,3969824
RATS NESTT,25,25,15779524
Dominus Ravennae,2,0,23382
Fenr,0,0,14870
HeIIo Kitty,0,0,1826667
-,0,1,522115
snow forest,2,0,1347674
BeasTDaK,4,3,1547062
Filibusteros,0,2,664787
-,0,0,155625
MAX VERSTAPPEN,41,21,7281134
PLAC,1,6,3425196
Kunfayakun,0,2,111841
I The Flying Dutchman I,0,1,34706
REGROUP,1,2,39701
Cempaka,0,2,182065
PLAC,5,3,1191849
PSC,2,1,304972
Wysteria,5,6,1101300
INTERGALACTIC BAGANG,0,0,9991
D R E A D W A T C H,0,2,30416
MoneyHunter,0,0,1428
The Neighborhood,9,4,1065952
fortuita viri,0,0,10397
-,0,1,0
Meowfia,0,2,0
Children Of The Dragon,1,2,49170
Freaky Fools,1,1,61434
China Daoism,0,3,108671
Real Man,25,19,5332612
Coup de grace,0,1,128661
-,12,12,1238088
SO EZ,7,4,1925688
CHILIZ,120,31,23999815
Meerkat Assemble,16,11,7990096
RABBIT RAIDERS,1,3,126683
Abstract elderly home,0,2,0
Dark Looters,0,33,1807070
CapybarAAAA,1,2,799503
-,1,3,40272
Assyllum,0,1,34328
-,0,1,0
Eternal Nightfall,0,1,0
China,55,32,11817549
Finish,1,0,421703
Zizonpa,0,2,0
9INE,2,3,168145
mechanical,0,3,311666
All Rise,24,10,11401244
-,0,1,324
-,0,1,0
Peng Lai Xian Jing,9,15,1038759
HuaDaBin,15,27,9396771
Fightin fool,0,0,17018
P U R G E,0,0,115152
MELEE,54,27,8955257
Peng Lai Xian Jing,0,0,374206
-,0,1,48365
DMT D0MINATOR,0,1,0
-,2,2,15079
Kunfayakun,0,4,99523
octugram,0,2,0
-,0,0,10445
No Picture,0,4,41095
Invade,0,6,1002799
Kunfayakun,0,3,46130
PLAC,6,10,14881202
MO GU,0,0,1685196
Coup de grace,0,1,105353
I FORSAKEN I,1,8,25243
PSC,2,2,530370
PSC,0,12,2687661
Albion newbie Guild,0,1,0
COALITION,0,18,4110157
P U R P,8,19,2669932
Farm Or Die,1,9,433871
Free Butterfly,0,1,0
Demon of Inari,1,1,5877
PhanHaSib,0,0,9840
Midnight Rose,7,1,165918
Honey badger,2,3,35066
-,4,9,953943
MoFuMoFu HEAVEN,1,5,504847
One More Times,0,5,384853
Mika,2,29,9157994
Fubon,1,0,116105
THE WARRI0RS,0,1,215073
Bretonnia,1,7,138542
Tarumanagara,4,4,237495
Meeting Stone,0,1,0
Forever Night,0,1,0
CHILIS,34,11,8676193
PLAC,27,7,11267825
REDEMPTION CODE,0,0,4636
-,7,0,373807
Freedom_Castle,10,1,543567
Arena Ghost,0,1,44473
-,0,1,0
HXNTERS VXPERS,0,0,25742
JARERNs,4,3,125845
-,12,3,630178
-,0,1,11931
HBSB,0,2,0
Shu Shan,34,12,3570740
SideQuest,0,2,1238189
N E R F,13,5,1171636
O R G A S M,3,3,256108
Kingdom,0,1,0
Dino Jelly,0,1,0
Kamusari,15,11,2879174
loot3000,0,1,208709
I The Flying Dutchman I,6,4,1763290
Forever Night,0,1,304825
HeIIo Kitty,0,2,31890
Meeting Stone,5,4,3884298
CVLT,0,1,0
TDCJ,0,1,0
Karmic,0,0,113918
Aetherion Order,0,3,46133
ALBION AFTER S3X,21,13,1274989
CHILIZ,21,15,14525879
HIRAYAH,0,1,0
AAAAA,24,37,2345939
F R O Z E N,7,4,697206
CCTV,0,2,2437259
Belial,0,1,11199
G U N N E R,1,2,127983
F A M I L Y,89,40,13232710
Red Paw Gang,0,1,17165
Spero Spera,1,9,119243
Amateras Reign,0,11,76163
CHILIS,0,1,47391
SubuTai,0,3,1108108
Kunlun Jade QingJing,0,1,53022
anomali SILUMAN,0,1,20692
-,1,4,31868
HER MES,0,0,135390
Midnight Rose,1,7,320157
B L A C K P E A R L,0,2,2920
snow forest,23,6,6590351
CoCa1nE,25,10,2276257
THEMERCENARY,1,9,177616
GOBLINS,0,3,61241
Creation Camp,0,4,62048
ALL FRIENDZONE,0,1,0
S Y N D I C A T E S,0,1,220408
CCTV,33,20,8552457
10 My friend are coming Run,1,4,87501
ArgoVesta,0,2,0
The_APEX,1,4,30216
Meerkat Assemble,1,0,496975
-,0,1,7281
CRACKER,0,5,159799
From Zero,1,13,658901
Avalonian Templars,0,0,9382
-,1,0,77436
Chikipi,7,16,9080634
-,1,1,6135
KnightfaII,9,18,2034500
-,0,4,2315
-,0,2,109042
Peng Lai Xian Jing,2,4,223026
-,0,0,2323
CHUN CUI,7,4,518546
PalaceGUARD,2,8,6810689
Tree Viper,29,10,4762642
Forever Night,6,1,1868533
Minerva-X,6,2,670111
First love,0,1,67419
Sigma Man,0,0,8302
snow forest,8,4,3290990
F R O Z E N,0,0,84188
Meerkat Assemble,51,16,21503150
1Mmortal,2,1,2431713
good bomb,1,4,822163
Olorun,0,1,5684591
Chikipi,2,1,594777
Farm Or Die,18,4,880467
C O V Y,1,1,102961
-,0,1,28093
NB FOREVER,7,8,2120879
LOBOS,0,1,0
PAPAYA POKPOK,9,17,5169367
-,0,1,0
Jagdgeschwader 52,1,1,161610
Dragon Blade,5,15,1522113
Crusader Kings,21,24,11055769
Red Circle,56,60,6143163
Hanguk,0,0,4383
DOKDO,2,1,45785
CHILIZ,13,1,15081843
Blue coral,8,8,1396332
ANNIKKIA,0,5,16132
Topspire,0,1,680322
Midnight Rose,0,0,78494
MABAR,0,1,0
ECOM,0,2,0
Boar Army,7,13,1168715
Griffin Empire,1,2,221788
FATE-Excalibur,0,1,0
-,3,0,147875
SpartanS 300,0,0,8380
Future Party,74,20,17168860
Kunfayakun,1,5,95737
Snowflakes,0,5,339710
THEMERCENARY,2,1,53220
HIRAYAH,7,9,462733
-,0,6,0
Screamy,0,1,154708
MAYARI,0,1,0
Griffin Empire,1,2,1004897
H Y P E R T E N S I O N,28,16,1183764
Marlotck In Heart,1,7,291239
Government Program,10,7,375550
Critical Impact,4,5,685887
-,1,1,138697
KUMA,3,8,1702064
RABBIT RAIDERS,0,1,0
China Daoism,1,1,37680
SXJ,1,1,64987
CVLT,2,11,1176982
-,0,1,0
S Y N D I C A T E S,4,17,965172
Boar Army,1,6,1449019
CCTV,0,10,3660388
HIRAYAH,8,5,951691
Frostbite Reapers,0,1,23948
Husky Empire,4,2,170123
Snow Angels,0,5,7452
UnifyVN - 304,15,10,2010814
Red Circle,13,10,751770
All The Villains,0,5,575657
F A M I L Y,10,2,1833425
C O V Y,0,0,66025
EMPYREAN PRIME,0,1,5980
THE RELATION,1,27,511910
No Picture,0,1,127451
Reworld,1,3,2101952
First love,1,2,259984
F A M I L Y,0,7,4669278
Rescue Station,2,4,2476964
F I G U R E,3,2,641070
T1 FAKER,1,1,34948
-,0,0,86264
GTO Nazarick,1,7,55431
O R G A S M,11,1,257202
SO EZ,8,7,3111970
-,0,2,21025
BeasTDaK,5,8,5599480
Straight Circle,0,0,7866
Blue Phoenix,3,2,59262
EL FAMILIA,1,1,10812
Cultivator,1,0,249535
Freaky Fools,2,1,214931
TUNNIYOM,0,0,12136
-,0,1,247173
Blue coral,6,4,349405
MINlONS,2,4,1213709
RABBIT RAIDERS,3,3,685050
P U R G E,13,13,8800141
SLAF,1,0,76173
the blacksmith guild,0,1,0
-,0,1,0
Big mom,34,38,20254663
KUMA,7,15,1727679
Gold_Taiwan,0,2,13725
All The Villains,5,4,685315
Mika,7,38,8911783
1Mmortal,20,3,2361892
CHILIS,15,5,3508067
good bomb,23,10,17022591
-,0,0,328023
The Neighborhood,4,3,1439271
God_Of_War,3,8,639544
God_Of_War,13,11,925140
YOKOHAMA TENJIKU,0,2,67249
-,0,1,0
Speed Check,6,13,2064948
NO_OC,2,5,517381
-,0,0,4408
Forever Night,0,0,12080
Stellar Alliance,0,1,195595
Garden babys,0,1,30250
-,0,0,54410
1B PROFIT,0,2,240038
-,5,7,2194733
-,0,1,0
VONGOLA FAMILIES,0,1,15119
Midnight Rose,0,1,0
SO EZ,0,0,80494
S Z P,4,2,440978
Future Party,2,16,18091548
F A M I L Y,0,0,1376957
not cute anymore,1,7,865336
-,0,6,23220
Unicorn Shield,0,0,18454
PSC,0,1,0
Psz,47,8,6310501
Wing of Liberty,0,4,177269
-,3,4,503382
eRa Empire,1,0,44846
-,0,4,0
Crusader Kings,1,0,44612
Pierce,0,3,17551
Macho Media,2,2,184363
A real man,0,1,0
FxxK,5,3,919273
snow forest,10,2,2760931
-,0,1,0
Crusader Kings,0,26,4719709
9INE,4,24,5483535
Emergency,0,1,201956
Forever Night,0,0,0
TSPG,0,0,22390
LYSSAN,0,0,23745
ALL VICTORY,8,12,1320103
-,0,4,77793
-,0,1,0
Sea Lion Victims,7,2,2090705
WhiteDragons,1,3,169113
WhiteSuits,0,5,890981
Battleborn,1,0,406929
Masked Bandits,0,0,200141
kokop,1,2,61156
B L A C K P E A R L,1,1,447190
Cosmic conqueror,0,5,16269
-,0,1,9259
Technique,0,2,0
-,0,1,0
B L A C K P E A R L,1,0,40270
Conscripted,1,14,14867060
Peng Lai Xian Jing,0,2,49952
Kids On The Move,0,2,0
Dark Soul,0,8,311363
HIGH RISK HIGH REWARDS,0,6,89786
-,0,0,20634
Singosari,0,4,257927
H G,0,0,47322
Boar Army,27,23,5896573
Lym World,7,14,890650
COALITION,5,6,4059190
THETFORD PH,1,25,517214
Meerkat Assemble,3,1,1817531
The Neighborhood,0,2,0
Lex Talionis,3,3,207881
F I K A,3,7,1334227
-,1,1,552
Rescue Station,61,11,15606370
Laughing Boulevard,24,8,7310063
MoneyHunter,0,3,100305
-,0,3,30050
-,1,9,321982
REDEMPTION CODE,3,3,83073
Laughing Boulevard,2,3,2727360
PoopooDancers,0,3,113589
SHENJI,0,1,122070
DDBS,0,3,2057038
F R O Z E N,2,8,399033
red king,0,2,729124
PSC,0,1,0
PLAC,0,0,1956664
All Rise,2,3,1862381
-,0,1,0
Forever Night,0,1,78244
AFTERMATH,0,1,344909
QuQnnTATnnOvO,2,0,247636
PLAC,24,22,32985204
Invade,0,2,3716710
Choro Das Aguas,3,5,2698146
1gaywoligiaogiao,0,0,341549
Master Siomai,1,3,57695
All The Villains,30,17,7499154
TGIF,31,18,9382533
CoCa1nE,1,1,67419
QuQnnTATnnOvO,1,1,39324
LangKhao,2,1,51636
MCS-P,16,11,1624384
Once Upon a Time,2,3,1620700
HuaDaBin,9,9,6609566
-,0,1,256021
DA DOU SHI,1,1,281925
-,0,2,27528
Frostbite Reapers,0,2,257613
Lazy Bear,0,1,0
Snowflakes,7,19,4005936
Western Paradise,1,22,2833091
I The Flying Dutchman I,14,0,2221818
PSC,0,2,98290
All The Villains,39,34,12678326
Enterprises,4,7,818290
-,0,2,0
T O K Y O,0,3,172652
INTERGALACTIC BAGANG,0,0,1478
D R E A D W A T C H,25,13,1492365
I The Flying Dutchman I,4,4,4471603
-,0,1,6386
FrostCrystal,1,3,121935
-,0,0,20206
-,0,1,12837
CTRL ALT DEL,0,1,552
Kingdom,0,1,17722
MINlONS,10,22,15179337
-,0,1,0
UNITED THETFORD,0,0,16040
MAX VERSTAPPEN,2,0,10081
Chikipi,73,14,21248996
-,0,3,142606
Freedom_Castle,1,2,42291
-,0,1,26939
GOD EATER,0,3,37241
Real ONE,113,12,15340329
Conscripted,55,9,8897563
Nemo Nemo,1,27,7203194
Reworld,0,4,1120301
Mika,0,1,160109
deadwood,0,3,68635
-,0,0,74404
BeasTDaK,2,3,295084
Nefariouss,0,0,127677
B L O O D L U S T,0,1,0
NB FOREVER,2,7,1518996
MagicCancer69UwU,0,0,45927
-,0,1,6995
-,2,0,830396
Ashen Reign,0,3,1973
-,0,1,22305
The Fried Nation,0,2,43481
ASCENDANT SUN,0,2,0
OneFame,0,0,2392
Nemo Nemo,71,27,15161789
COALITION,0,0,10533
I The Flying Dutchman I,7,5,145597
Dread,5,4,1519099
V1OLET,0,0,42579
Singosari,0,2,246816
Speed Check,0,0,69680
TRlUMPH,7,18,3809319
Fightin fool,2,18,1205585
CTRL ALT DEL,0,3,39606
Arena Ghost,0,0,2336
-,1,0,72263
HIRAYAH,2,10,530245
BeasTDaK,3,3,1115839
THE WARRI0RS,0,6,182426
The Neighborhood,1,4,1277775
All Rise,1,36,9172973
Snowflakes,0,2,222519
THE RELATION,0,3,613645
The Northern Constellations,0,6,341559
DlSBAND,0,1,0
Sterling Eagles,0,3,254074
The_APEX,1,6,791188
DEMON EYE,1,6,16821
GuGu GaGa,33,14,11620804
-,0,4,211997
TEAM_MEMOL,1,5,2694079
TAKEDA 24,2,2,33009
ENDANGERED,2,3,2140005
Lymhurst Ranger,1,8,829219
Silmarillion,0,0,8191
DEATH PARADE,0,0,37125
AZKALZ,5,8,1384347
-,4,6,372455
KAWAIII,0,1,0
-,0,1,0
BlueOwl,0,1,25629
Cops Sterling,0,1,0
BLOB,2,5,792302
Real ONE,9,9,6882836
Speed Run,2,2,533556
F A M I L Y,17,16,3712197
Western Paradise,2,50,8224750
bosaBOSS,1,0,75320
PSC,19,32,9561730
Princeton Tiger,0,9,2021002
Reworld,12,37,10242162
F R O Z E N,0,5,466794
-,0,1,0
Ez-1,17,36,3649534
After Cleric,0,1,533537
Real ONE,0,4,1061708
MO GU,9,28,6451503
Z GEN,1,11,1533635
UNITED THETFORD,0,1,0
F I G U R E,11,26,11306642
Church of Morgana,0,0,2808
-,6,0,344186
The Rice of Asian,1,1,25039
-,1,1,139428
Meowfia,21,5,3043409
Mika,8,12,4595708
Future Party,10,27,14663601
Filibusteros,0,2,64221
321 Demass,0,0,250052
Lumi,1,3,2100
Free Butterfly,8,5,964930
BeasTDaK,0,1,36476
V1OLET,3,7,1737768
-,0,0,67047
Gold Pigs,7,10,3559192
WhiteSuits,5,3,377267
N E R F,1,0,26
C A E S A R,0,1,125435
-,0,1,0
-,6,3,635032
OneDone,2,7,1063997
Reborn from Nirvana,0,2,44143
Lizard Squad,0,0,178875
KaLaewKaLad,16,15,2989470
Auraka,0,1,2576
FourSeasonsFox,0,2,44611
mechanical,4,4,574279
Real ONE,34,12,17763557
After Cleric,1,5,1310700
S K Y,1,0,6237
Wing of Liberty,0,7,1055276
KongFu PanDa,16,9,4799220
Finish,0,8,1138494
VELARIS,8,4,415076
CRAFTERS21,1,0,14160
-,0,0,1444
-,0,2,243121
HuaDaBin,1,8,957769
Blue house,1,0,169862
PLANET,0,2,29048
The hairsplitters,0,2,0
GOBLINS,0,10,2289434
Kunfayakun,27,8,2551202
THEMERCENARY,0,5,0
-,0,4,94050
MO GU,0,1,0
Fenr,4,1,910212
Sigma Man,2,5,178002
World BOSS,11,2,1280128
Red Circle,28,10,1600989
Ordo Musaceae,1,1,289044
strange thief,0,3,0
SAIYAN,2,9,431083
Jia Nan,0,2,19770
ERASE,25,22,2853645
Big mom,55,20,11532340
Raining,0,0,83615
HuaDaBin,4,8,1463813
Fortune,1,1,255665
SHOWTIME,0,1,5557
PSC,6,8,1699637
Sunset,4,1,711773
PAPAYA POKPOK,0,0,35007
Ping300,4,3,527200
Harmonia Eternity,0,3,260842
CHILIS,13,12,14085311
OneDone,6,13,2677414
Mamboo,0,0,15195
Real ONE,31,17,13622137
After Cleric,7,5,2923755
MANIFEST,0,1,0
Lym World,0,1,1956
T1 FAKER,8,22,571175
HuaLiHuSao,8,5,532929
Filibusteros,0,1,80716
Once Upon a Time,0,0,53828
Dragon Blade,0,4,264409
MO GU,12,15,6532824
Future Party,0,3,1187952
Free Butterfly,0,1,277985
NULL,18,14,3955961
-,0,0,98387
KongFu PanDa,8,1,739942
Beavers,7,4,2376452
-,3,5,112261
eRa Empire,4,6,369767
Once Upon a Time,31,17,15513341
COALITION,0,12,529336
I The Flying Dutchman I,61,23,22737697
Invade,4,6,3454513
Walaiporn,0,0,90017
Invade,0,1,177555
Pemburu Tobrut,0,4,5480
Conscripted,37,19,11565242
-,1,0,115902
AFTERMATH,10,15,1649899
Samsara,0,2,0
China,73,31,10323269
PARAG0NS,0,1,0
I The Flying Dutchman I,0,3,638098
eRa Empire,4,4,512959
-,0,1,0
RichBull,0,1,22507
HanRyang,0,7,160725
TGIF,0,0,55942
Pink Memory,0,0,46615
All The Villains,1,3,379759
ACM,0,2,1002627
Chien Than Academia,1,1,1210037
Karmic,4,2,296398
Frederick,2,2,132429
Government Program,0,3,9705
-,0,0,118124
Lymhurst Ranger,0,1,178956
Kingdom,0,2,0
GOD EATER,2,0,63829
Conscripted,1,0,1529446
Filibusteros,6,0,660967
-,0,0,14250
Griffin Empire,0,0,148201
COALITION,6,21,2676076
Revival,0,1,0
SHOWTIME,0,3,69146
TRlUMPH,0,0,74612
Snow Wardens,0,0,39671
I The Flying Dutchman I,8,13,8658251
The Neighborhood,1,4,190284
Invade,2,14,1263268
eRa Empire,0,4,406642
Meerkat Assemble,0,2,3453010
Helios Phoenix,0,0,39614
F I K A,9,10,4932029
MEN ON A MISSION,0,2,0
-,0,1,0
Government Program,1,6,70670
V1OLET,0,2,852951
C H I,2,7,520255
-,6,8,1800133
TAKEDA 24,25,12,2624664
CHILIZ,0,17,3499373
CHILIS,0,9,6728610
Voidbound Order,0,1,1193
MoneyHunter,3,11,172335
The Outcasts,0,1,0
UnifyVN - 304,0,1,79370
THE RELATION,15,9,575969
PalaceGUARD,0,7,164375
A p os t l e s,27,16,2509555
Screamy,0,2,10826
Wysteria,0,1,963120
VictorySong,0,1,6082
PLAC,1,19,8806038
Spear and Sword,0,1,0
-,0,1,0
Oops You Died,0,1,21178
LUVIMIN,0,1,0
Filibusteros,7,2,992127
MORO,1,3,250775
RYLs,0,2,71050
Laughing Boulevard,4,6,1551063
Once Upon a Time,0,0,173481
KajiRingo,6,9,251505
Tengkorak,1,1,46089
Psz,21,7,3402572
Laughing Boulevard,2,1,2150250
Calon Sultan,0,1,0
-,0,3,45936
F A M I L Y,7,1,1430302
1Mmortal,51,33,20109083
Western Paradise,15,28,5554929
BLOB,9,21,2207243
-,0,1,63420
Singosari,0,1,79958
-,0,1,0
BLOB,17,5,4567022
Chikipi,28,52,15492116
snow forest,5,2,1561744
WowMayKay,5,6,1123884
Western Paradise,18,12,6710108
Western Paradise,0,1,0
DDBS,34,24,26413832
V1OLET,12,4,2390787
-,1,1,23301
Naaga,1,4,28747
KongFu PanDa,83,37,21621331
Sunset,1,12,1320619
The Wardens,0,2,87455
The Lonely Moan,1,4,27363
Kuli Jowo,1,0,67686
Dark Soul,0,8,217861
AAAAA,0,11,956565
ALL FRIENDZONE,0,2,1848
-,0,1,0
Rescue Station,1,5,2173941
Grows,0,2,0
Invade,0,3,47081
All Rise,8,14,8382569
TAKEDA 24,0,2,44410
conquer,1,5,169104
-,0,0,99229
10 My friend are coming Run,0,0,105949
All Rise,11,18,7244244
Allvg,0,2,226652
Boar Army,24,26,4295616
Flipping hunt,1,1,27230
Infamous Reapers,0,0,5544
BB L A C K L I S T,0,1,0
-,4,4,674231
NiTianGaiMing,0,0,1582
-,0,0,154971
Griffin Empire,4,4,229084
TAKEDA 24,21,22,2173575
HongShaoRou,0,0,16228
TRlUMPH,3,23,5873402
The Zenith Stars,3,0,58815
F R O Z E N,1,7,594629
Dragon Blade,4,13,2778532
Lucky Fools,4,6,813619
VINA HOUSE,1,2,598974
Seven dogs,1,2,17030
G A N K S T E R S,1,2,13176
PINOY G,0,0,6046
War Bears,0,2,0
B L A C K P E A R L,4,4,409058
Real ONE,7,2,1997183
After Cleric,5,1,868188
Crownbound,10,10,1735489
Singosari,0,1,0
GOBLINS,0,1,337508
Reworld,1,7,1468344
Chikipi,0,1,366705
PLAY IN KINGDOOM,1,1,103113
W BLOOD,1,0,22047
Technique,1,11,65486
Rescue Station,11,5,5992181
Gold Pigs,8,6,1163679
Boar Army,33,15,9469622
Meerkat Assemble,12,14,25845267
Sequence,1,2,158663
Pierce,0,7,651675
ARCH KNIGHTS,0,3,0
-,0,2,78114
God_Of_War,3,2,306338
eRa Empire,0,5,519335
LightWarrior,4,7,545228
Real ONE,0,1,284866
After Cleric,9,4,1889286
Ocean Waves,1,1,28554
-,0,0,30127
BeasTDaK,22,4,3344185
MoFuMoFu HEAVEN,0,2,0
BLACKHEAVEN,0,0,11904
The_APEX,18,15,1129980
P U R P,3,7,567853
EBC,0,0,4312
syntherra,1,7,23485
-,3,2,750345
Thee Forsaken,0,3,401693
Czendicate,1,1,73839
KATANA,0,3,36473
Y A P P A,0,0,3380
Children Of The Dragon,1,4,163007
KuromiO3O,3,1,1719483
Never Regret,0,5,404029
RABBIT RAIDERS,0,1,0
conquer,1,5,951852
-,9,0,922091
God_Of_War,51,15,4717916
Real Man,6,7,4805002
-,1,0,182573
Gryphons Honor,0,0,37886
Kunfayakun,4,3,311544
Dreamweavers,6,11,291010
-,3,2,1537852
Griffin Empire,14,9,3835379
-,0,0,2457
THEMERCENARY,0,2,0
Fenr,3,1,1040045
F A M I L Y,0,1,15082
SUNFLOWERz,0,3,626808
Midnight Rose,0,0,9016
F I G U R E,0,1,400565
Yesllsvllsv,5,1,634292
Sanity Eclipse,0,1,37843
Free Butterfly,6,14,2763643
Shu Shan,0,0,10632
Reworld,5,16,3935663
You Shall N0T Pass,2,12,583899
Dread,16,15,4032603
Azurel,3,0,505483
TAKEDA 24,0,4,115991
-,0,2,0
Syndicate Of Caerleon,0,1,1513
THE WARRI0RS,0,4,52331
Sunset,12,16,3763391
-,0,1,0
bosaBOSS,2,2,286787
-,0,0,4610
H Y P E R T E N S I O N,0,1,0
niubidian,8,3,864034
-,0,1,0
Dreamweavers,1,3,26508
DDBS,15,2,4789876
CHILIS,0,2,3201
SHOWTIME,0,1,373350
All Rise,2,2,622666
Crazybabys,0,1,0
Boar Army,0,0,106129
Helios Phoenix,8,9,1516654
Spero Spera,7,8,500419
F A M I L Y,17,12,10819810
Lucky Fools,3,1,1064873
Freaky Fools,0,1,63158
OneFame,1,1,32936
-,0,0,6453
Awaken MM,2,1,62797
Albion Newbie Shelter,0,1,0
Rescue Station,121,44,22101672
Meow Immortal,4,6,470048
GuGu GaGa,4,3,393129
Jia Nan,5,7,504842
Garden babys,1,2,517903
Chikipi,12,21,11268859
1Mmortal,5,15,7368183
HappyDay,2,11,2618647
Red Circle,2,15,1997556
-,1,1,31182
Government Program,2,13,726685
R E D BEAR,0,1,0
Straight Circle,0,1,74530
MoneyHunter,1,2,70995
HIRAYAH,0,4,408686
Alone in The Mist,8,2,624943
Kingdom,0,7,1744093
Gold Pigs,0,1,0
-,0,2,0
The swallow,1,12,2021189
Green Shadow,0,1,89297
Master Siomai,1,2,70914
PLAC,22,29,14943840
The swallow,1,2,457025
Kunfayakun,0,1,4546
-,0,1,10766
MoneyHunter,0,1,12080
Boar Army,9,1,1216396
TRlUMPH,0,1,41833
Tree Viper,5,9,2434272
Lao Qian Xue Yuan,0,1,0
eRa Empire,9,10,1314351
-,0,0,26241
Meerkat Assemble,52,33,19079956
Life or Death,3,3,317421
Real Man,75,20,13718140
-,0,1,3522
I The Flying Dutchman I,43,13,15311525
V A M O S,0,1,5276
-,0,1,0
Kamusari,1,3,1175074
SubuTai,0,1,2495348
Ikatan Pemuda Fortsterling,2,1,94920
Frostbite Reapers,0,4,124227
Forever Night,0,1,280418
M O G A,18,20,6127743
Probably Lost,0,2,0
F A M I L Y,2,2,122340
-,1,1,336452
I Check Mate I,0,1,191940
red king,30,10,9909992
I Slytherin I,3,6,686657
MO GU,3,2,310436
Z GEN,0,1,0
Invade,2,0,15434
Singosari,1,7,487210
HelIo Kitty,1,0,3469002
HeIIo Kitty,11,9,24081729
The Boyz,5,7,1365344
High Cards,0,4,0
Raining,0,0,310732
KADAL,4,1,499467
Singosari,0,0,631888
The swallow,0,2,208454
Crazybabys,1,2,202557
Flap Flap,1,2,92184
Guerilla Warriors,0,1,0
Azure Caravan,0,1,0
itinerary,0,0,3915
KuromiO3O,3,9,3992074
SO EZ,3,6,2706885
-,0,2,191614
AK-47,5,4,1759784
Government Program,7,7,947672
FISH GANK,0,2,0
Crazybabys,0,6,845099
RAYAP1,0,0,3693
-,0,1,0
Children Of The Dragon,14,7,4022002
ACM,2,6,3070144
Phantom Monarch,0,4,49616
-,0,2,13220
Cops Sterling,0,4,75151
G A I J I N,0,1,1217
Pierce,0,0,428628
Big mom,0,0,6556
PLAC,9,60,23489572
UnifyVN - 304,14,27,2996657
GOBLINS,4,5,897043
9INE,18,6,3931803
HeNan,1,1,105812
-,1,0,91422
AAAAA,20,18,1343063
HappyDay,26,11,2638309
-,1,3,121933
Spotify,1,3,28697
Realest,2,2,151787
00nemo002,0,5,20389
Mamboo,0,1,3540
GTMA,2,3,76699
POLRES LYMHURST,20,9,501270
-,0,2,22230
A X E,3,1,184857
Aetherion Order,6,5,468557
Tengkorak,0,1,40514
B L A C K L l S T,6,8,265372
CCTV,21,17,10188381
Life or Death,7,4,1226932
DOJO,3,2,499906
Astartes,0,2,25980
E U N O I A,0,1,27909
Titan Blaze,0,0,4940
NightCity,0,1,5179
CCTV,0,2,2117883
-,9,7,1070999
Gold Pigs,0,3,186111
-,0,1,76235
AFTERMATH,0,2,0
Invade,0,7,442077
GARUDA,0,3,462105
atssa,13,6,706991
CCTV,5,2,1869069
SubuTai,15,9,6547919
Battleborn,0,2,123163
Gold Eagle Beer,0,0,11685
-,0,0,478222
Singosari,3,4,522457
-,37,15,3119879
TH original GG,0,3,1675
-,0,1,0
-,0,1,0
G R O U N D Z E R O,0,1,0
-,2,1,268589
GRIEVING-SOUL,5,6,777892
Invade,6,2,1050490
THETFORDIANS,0,0,13899
THETFORDIANS,3,0,141185
Reworld,1,0,29316
-,0,1,0
First love,0,1,86890
P T,0,0,12414
-,0,1,0
RABBIT RAIDERS,0,1,133293
GIGAN VIII,114,21,4414408
-,17,10,3635365
YIBAMBE STRONG,2,2,183348
C O V Y,0,1,130011
Masked Bandits,0,3,833323
MoneyHunter,0,1,15159
TERLALU MALAS,7,7,834023
Adventurerz Guild,1,0,41225
WARDEN-SLAYER,1,3,16366
Free Butterfly,1,0,57365
B-E-L-A-T-squad,0,1,0
Free Butterfly,16,10,1799493
Garden babys,4,2,493262
Therapy on CD,0,0,68153
Guptas,0,1,26708
9INE,6,19,2916961
-,0,0,27776
DRACIN,1,4,99803
Pythons,0,1,3525
Shining Star,15,28,3292527
TRlUMPH,0,1,0
Wysteria,11,8,2493750
Rescue Station,19,23,7389752
PAPAYA POKPOK,0,0,39417
-,0,1,7295
Flash,0,0,162013
-,0,1,0
Meowfia,0,4,1478455
TAKEDA 24,1,6,322154
TEAM_MEMOL,2,5,70876
HeIIo Kitty,25,12,9661088
YangPaiXiaKiller,0,0,57266
HelIo Kitty,11,7,3608889
Battleborn,4,4,739850
The_APEX,1,1,181577
COALITION,8,13,2757161
10 My friend are coming Run,1,4,46836
-,0,1,544
Finish,0,0,216800
Holy Black Knights,0,2,32290
THEMERCENARY,0,3,0
Ratatouille Riders,0,3,0
DEMONIC EMPIRE,1,0,6647
MINlONS,7,12,9513196
SO EZ,0,1,0
Meow x Meow,8,3,2043872
B o S,0,1,2391
Mammoth King,0,1,1170897
Syndicate Of Caerleon,0,1,0
-,2,13,441826
WhiteSuits,1,2,446634
C O V Y,1,3,192510
-,2,3,198180
Meerkat Assemble,6,8,3777428
Future Party,2,3,1604638
Government Program,1,4,94579
CCTV,2,4,2726144
Reworld,0,0,40629
DEATH MACHINE,2,2,173808
ALL FRIENDZONE,0,0,4720
Mythical Knight,0,1,0
-,0,26,122445
Another,0,0,161412
Menhera,1,2,841494
Snowflakes,1,2,85618
Azurel,0,3,53552
South PH,5,4,241258
Raining,0,0,512875
Dragon-Mi,18,3,2187240
Your Father,12,1,353026
ArtEm Warrior,0,3,40939
Blue Phoenix,4,13,1872494
xCUTIESx,19,14,3100760
DRAKER,0,1,0
PLAC,83,20,41243023
V1OLET,25,13,2801136
GOBLINS,0,0,310917
Earn money,0,1,0
Murim Alliance,0,1,0
-,0,0,15696
K R U N G S R I,5,7,271742
TAKEDA 24,1,2,154767
P U R G E,2,2,1672678
The_APEX,4,7,527912
V A G A B O N D,4,4,1593942
Sapling-MIU00,0,0,1359
F A M I L Y,1,2,183074
KUMA,3,2,311521
Karmic,2,6,458149
China Daoism,6,3,140250
CHILIS,5,7,1153315
CHILIZ,32,15,8046485
CHILIS,0,3,598953
TRlUMPH,0,2,213137
Another,20,3,7456838
DOKDO,0,1,141023
Menhera,1,2,962755
PDl PERJUANGAN,0,8,210400
-,0,0,2451
Club Of Kroco,0,0,23730
Circus,0,2,1009
Architect,0,1,0
CCTV,0,8,474640
Filibusteros,0,1,58964
Astartes,0,1,58013
BENG_BANG_PH,0,1,16357
Chosen Few,3,1,278004
ONG BUT,4,13,470589
-,1,3,106513
P U R P,2,6,982639
All Rise,4,14,8039156
F R O Z E N,1,7,852459
Reworld,2,2,282326
UnifyVN - 304,0,3,459603
Speed Check,0,1,63259
SpartanS 300,0,0,54440
SubuTai,1,3,793076
overbudget,0,1,0
HER MES,0,0,18993
RYLs,0,4,221337
Meow x Meow,0,1,83473
New_World_Order,0,0,2405
Ping300,1,3,227750
Fish Mercenary,0,1,26006
Shadows of the Erdtree,1,7,311029
-,0,1,0
SANDBOUND,7,5,214590
Chosen Few,0,0,12439
-,0,1,83109
Free Butterfly,0,1,0
Farm Or Die,0,0,35279
GOD EATER,2,2,541604
Space Wolves,1,0,33959
-,6,1,312471
Ala,2,1,63503
AK-47,2,2,667855
Dominus Ravennae,1,1,546182
HappyDay,1,5,374521
ACM,6,11,2482231
HIRAYAH,5,10,1065033
The Black Banner,1,3,206963
Sleepy Cat,1,0,163701
Empyreus,1,2,184775
CCTV,53,24,17779131
Karma Committee,0,0,15576
Wysteria,3,8,1008226
The Loot Goblins,2,1,511974
P U R G E,0,3,556198
Trail mix,0,0,110021
Karmic,2,8,416132
The Boyz,0,0,160557
Holy Black Knights,0,1,35716
HAMSHTER,1,21,406351
The Scarlet Dawn,0,1,2667
CIAL,0,1,0
-,1,1,145939
E X T O R T,0,1,0
The Four Kings,0,1,0
OneDone,0,1,0
R O O K I E S,1,1,536901
Faksi Kegelapan,1,4,110078
MALIGNANT,0,0,39544
-,0,0,35450
xCUTIESx,7,9,1333371
koryen,2,0,72921
E U N O I A,1,1,10152
SUN LUCK,11,4,180574
-,2,0,22933
The Inquisition,0,1,4107
Old boy,0,0,35302
Mika,0,15,4251562
The Myth,14,27,4412161
-,0,0,6692
The Lonely Moan,1,3,533062
Anggota-DPR,1,1,13949
One Shot,0,1,0
-,0,0,20661
Laughing Boulevard,48,13,11172128
Shadows of the Erdtree,1,1,32724
Cordons Kittens,0,1,0
Finish,0,0,460546
TEAM_MEMOL,1,0,38830
KATANA,0,4,274708
TRlUMPH,5,6,1204900
-,1,2,113714
Civic,1,2,538448
-,1,2,114745
-,0,0,1732
HELIOS KNIGHTS,0,1,28343
VELARIS,0,1,17841
Galiants,9,3,588261
GTO Nazarick,0,1,0
Real ONE,0,0,1854646
Cheeks Clappers,0,1,39187
Guardians of Albion,0,1,98497
-,0,0,26696
V1OLET,0,1,81287
MABAR,0,0,19861
Execuduros,0,1,3346
CCTV,4,5,1831946
I The Flying Dutchman I,11,10,4604003
AFTERMATH,1,1,244968
Kendan,3,5,141583
-,0,0,6298
BATTLE OX,0,0,2296
-,0,4,23296
No Picture,28,9,1479922
THEMERCENARY,0,2,0
I The Flying Dutchman I,2,10,4631386
-,0,0,298399
Dworf,31,13,9918006
One More Times,1,5,603615
CoCa1nE,7,23,3615252
From Zero,0,2,93329
SHOWTIME,0,1,0
MCS-P,4,5,2533994
TAKEDA 24,1,0,71086
-,0,0,2659
-,0,2,0
Crazybabys,0,0,445
Heartsteel,0,2,20428
HongShaoRou,0,2,26080
P U R G E,0,3,2322677
CTRL ALT DEL,1,3,35589
The Myth,14,32,3338208
-,1,1,126189
CCTV,23,12,10475078
DragonWorld,1,3,17911
SunHaven,0,1,4758
RABBIT RAIDERS,1,0,308834
-,0,0,2028
Kendan,0,0,8437
Kendan,2,2,319948
K E P A R A T,0,1,0
The Neighborhood,0,1,11836
TEAM_MEMOL,0,6,185893
-,0,2,0
Lazy Bear,0,0,1910
DOKDO,1,3,1960536
The Silver Cartel,0,1,0
The Scarlet Dawn,11,8,394626
-,2,1,202565
Solo-King,25,9,6739306
RABBIT RAIDERS,12,10,1541822
SINGAMAS XI,0,1,0
PRAXIS,0,1,0
-,0,1,9418
DRAGON HUNTER X,0,2,8382
Tengkorak,0,1,128817
V1OLET,0,1,72788
Coup de grace,12,12,3156325
BeasTDaK,21,9,4260933
Battleborn,26,11,2199919
SubuTai,33,10,8577597
V1OLET,4,2,195843
Helios Phoenix,14,4,1188898
HIRAYAH,9,8,281626
-,2,1,464586
PARAG0NS,0,1,0
Noob Family,0,1,0
321 Demass,0,6,38794
Another,0,1,522935
Chikipi,0,0,795132
Conscripted,4,1,2076025
MELEE,0,8,2959887
R E V E R I E,6,4,884547
AFTERMATH,3,1,961370
GOBLINS,16,10,4716383
FLOPIT,0,2,33055
P U R G E,0,3,544373
The_APEX,3,14,1480003
THE-MERCENARIES,1,1,44283
Kingdom,0,1,0
MoFuMoFu HEAVEN,1,0,4863
I The Flying Dutchman I,0,2,295236
Scythes Area,0,3,3207
War Bears,2,2,54780
-,0,3,19477
Lymhurst Ranger,2,0,23285
KongFu PanDa,60,51,12422395
Midnight Rose,1,2,50472
Tengkorak,0,5,36333
The Darkshadow,1,6,23062
V1OLET,6,8,1180244
NULL,1,16,1895074
B o S,0,1,0
Griffin Empire,4,0,248738
Real ONE,39,19,18959115
Lumi,0,0,90685
Mika,0,5,1016140
-,0,0,8168
-,0,0,4266
-,1,0,138058
Heaven Drive,126,50,63791368
Eternal Edge,23,10,7780581
-,0,0,34548
B L A C K P E A R L,0,0,32220
-,0,0,629610
ENDANGERED,0,1,446774
THEMERCENARY,1,4,273663
Speed Check,0,1,0
MoneyHunter,0,1,0
The Black List,3,2,504003
Coup de grace,0,1,759641
Vobby x Lina,2,2,206972
H Y P E R T E N S I O N,26,30,2588006
R E V E R I E,25,15,2721819
CULL,55,22,41307538
The Jellyjot,15,5,9424931
ALAS KWATRO,0,1,0
WINDPhoenix,0,3,0
Wysteria,9,7,2594393
GIGAN VIII,7,1,817390
TRlUMPH,1,0,236743
SHOWTIME,16,5,1582468
MINlONS,4,24,14645302
Invade,0,1,6643
-,0,1,0
SBNFC,1,0,155266
ORANG JAWA,0,1,0
I The Flying Dutchman I,2,7,13640252
-,0,0,14705
Midnight Rose,1,2,411649
Ocean Waves,0,8,116145
Speed Check,76,20,3828679
Sapling-MIU00,0,0,312944
ORANG JAWA,0,2,0
-,0,1,0
The Neighborhood,2,5,1165784
All The Villains,9,12,7411501
TGIF,16,26,10619185
THEMERCENARY,5,5,422621
Invade,0,1,17027
Z GEN,3,14,629684
MO GU,17,16,4579785
B L A C K P E A R L,2,2,443314
P U R P,1,12,2014174
UnifyVN - 304,12,7,3837467
321 Demass,0,1,0
Ping300,0,14,5347653
HidE0ut,0,4,55000
Rempah Ratus,0,0,2017
PLAC,52,20,24232374
PLAC,1,4,2368759
not cute anymore,11,19,6559071
-,1,2,225824
RAGNAROK,0,1,0
Helios Phoenix,3,3,410389
Oops You Died,0,0,473555
MO GU,3,0,1093592
The swallow,6,7,999556
1Mmortal,9,3,1663973
HappyDay,7,2,1686013
not cute anymore,0,0,50284
octugram,0,1,0
HappyDay,0,0,23470
Abyss Legion,1,2,75988
-,0,2,12108
Ala Hua Gua,2,1,79157
-,8,16,724514
Boom l1i,4,3,333843
Red Circle,36,31,3899036
-,6,1,72357
-,0,1,0
ULTRAMAN ALBION,0,3,0
Phantom Monarch,1,5,124656
F L A W,30,14,1819231
Singosari,3,6,996038
KIttenn,4,0,75089
Hohoesa Pakchara,0,2,0
WowMayKay,6,6,1121326
-,0,1,0
Meow x Meow,0,0,19732
S E A,0,3,505748
SLAF,0,1,1227
-,0,1,0
GOD EATER,1,9,1012172
M A R S,0,2,56944
Elder Crossing,0,1,0
Coin Monarchs,0,1,32105
Midnight Rose,0,1,13983
-,2,0,121756
-,0,1,0
Red Circle,49,43,5060527
The Valley of ErdTree,0,1,0
God_Of_War,6,11,952936
netizen indo,0,2,29160
Midnight Rose,2,1,88526
-,0,19,164261
Frostborn Exiles,0,6,46960
PSC,12,1,3046341
Wing of Liberty,9,2,988177
PLAC,2,6,490293
Samsara,1,4,356838
Wing of Liberty,4,3,1400109
S1LVER,0,0,98878
Buccaneer,1,0,243875
Real ONE,3,0,618576
Singosari,1,2,207120
-,0,0,38037
R O O K I E S,0,0,120958
Meerkat Assemble,0,22,9259801
Mochi Kingdom,2,5,283727
Conscripted,23,5,5143913
not cute anymore,26,16,6024400
SLAF,0,3,32732
GRINCA,0,2,97997
Liberty World,0,1,30297
Coup de grace,0,5,1492598
Pierce,18,20,6318504
Holy Black Knights,0,1,0
LunSol,59,14,2771298
WADIMOR,6,7,539172
B L A C K P E A R L,10,2,1094683
-,1,0,430744
snow forest,2,8,7202109
Karina,2,1,68101
From Zero,2,2,219888
ORANG JAWA,1,0,182365
-,1,0,45055
1Mmortal,4,2,1102354
PoopooDancers,2,1,55048
-,0,1,118734
TAKEDA 24,0,7,189811
Geiwofeiqilai,3,1,268986
All Rise,0,2,1696044
HXNTERS VXPERS,0,1,0
Luminaries,0,1,0
PSYKOPATH,0,2,11150
Prodigyy,27,4,5363754
Wysteria,12,22,7900480
GIGAN VIII,1,2,48397
SLAF,11,9,887764
H Y P E R T E N S I O N,0,0,58556
Farm Or Die,6,11,1481150
TAKEDA 24,1,3,99984
AFTERMATH,0,4,743519
I The Flying Dutchman I,5,3,4145383
The Black Banner,0,1,15874
Idochine,0,0,11116
SYNDACT,0,2,50081
Whispering Deer,2,0,150444
Speed Check,0,2,0
LUVIMIN,1,3,72140
Pierce,5,5,486210
Real ONE,6,1,1026868
After Cleric,6,4,3328067
Laughing Boulevard,20,7,31548520
Albion newbie Guild,0,1,0
SLAF,0,1,0
eRa Empire,0,1,0
Meerkat Assemble,0,18,12596224
DOKDO,0,4,137012
P U R G E,16,5,2512288
F A M I L Y,6,10,3902431
-,0,1,0
DlSBAND,7,8,3679637
GIGAN VIII,2,4,922325
321 Demass,0,9,65128
X Police,5,5,334233
One More Times,0,2,8778
VIET NAM ssm,1,2,65464
ENGAGE ON ME,0,3,113808
Bapack2,0,0,44244
L O N E,0,2,14753
MO GU,3,11,3275481
Civic,0,0,131772
Astartes,0,2,424643
NEXUS FAMILIA,0,1,4581
GIGAN VIII,2,5,705158
Enterprises,24,7,954163
Invade,1,9,890307
Frostborn Exiles,0,4,50258
Enterprises,0,0,27013
Grows,1,1,19845
The Loot Goblins,1,1,640465
mechanical,0,7,704744
Z GEN,1,2,335382
MO GU,15,16,2556750
WolvesDen,14,22,1614381
Ars-Nova,1,2,500310
WARRIORS INITIATES,0,2,32823
-,0,1,0
WhiteSuits,6,29,1495150
-,2,3,502953
Chikipi,2,2,2047574
Boar Army,1,5,3348257
PLAC,14,27,8192435
CoCa1nE,0,4,73648
Desire,0,2,0
Rescue Station,0,3,481472
Shutup Fxckoff,0,4,103552
Lube Core,2,1,366045
Old Singularity,3,1,90646
2077,6,28,672610
G T R,1,4,136642
SO EZ,1,1,185651
OniChanDizz,0,0,7184
-,0,1,0
CHILIS,18,15,6558638
good bomb,6,3,4540106
After Cleric,1,1,505927
Dread,13,23,7224456
TGIF,4,5,4403056
GOBLINS,0,5,576434
OnlyRatsTV,1,2,14752
Crafter V,0,1,7384
-,0,4,19428
Masked Bandits,2,6,1318150
-,0,0,15619
BigMoneyBaddie,0,3,116868
All Rise,59,43,23139925
Laughing Coffn,2,4,167628
Griffin Empire,0,6,361629
-,6,2,688910
WAKE UP DOGS,1,0,233697
VIET NAM ssm,0,0,23888
-,0,1,0
H U P,1,2,543035
Children Of The Dragon,8,12,3129729
DEATH ANGEL,3,4,451260
Jia Nan,2,9,589080
S K Y,0,0,28598
-,0,1,0
RadioMarket,1,5,147646
Rescue Station,0,2,419551
MO GU,1,4,1579258
Tarumanagara,1,2,24387
Enterprises,0,0,179290
B L A C K P E A R L,0,2,0
eRa Empire,1,2,139036
Mystical Knights,0,4,28942
Astartes,0,1,0
-,0,2,0
ALIVE,3,2,81614
H G,1,2,19174
Nemo Nemo,32,34,8660808
mechanical,1,2,374744
Eagle Army,2,5,78607
P O L A R I S,260,8,11493750
-,1,0,80433
Technique,175,12,12761142
Conscripted,0,2,358361
SubuTai,0,1,231705
Mawar Biru,0,1,46264
Ala,0,2,5684
LOOKOUTS,0,2,82285
C O O L D O W N,1,3,52824
GenG Abang Tikus,3,1,120825
-,0,2,36920
Bapack2,1,0,6783
Elitist Vanguard,0,1,0
Singosari,0,10,878954
MoneyHunter,2,5,375770
Stellar Alliance,0,2,606060
Mika,0,2,1736596
Aksma Korps,1,1,89759
-,0,3,16283
Pierce,0,1,165406
House Zenith,0,1,91816
OniChanDizz,0,1,0
TheGreyKnight,0,1,68371
Blaspheminds,0,1,0
Aetherion Order,1,2,48068
COALITION,0,5,197723
-,0,0,11495
Western Paradise,37,42,7818223
Speed Run,2,2,1118951
BLOB,9,7,1516932
F I G U R E,69,24,9794978
JOLLY,7,4,459935
V A G A B O N D,0,1,673038
VESPERA,0,0,7374
-,0,1,12093
Astartes,0,1,6882
THEMERCENARY,0,2,96917
Filibusteros,1,4,359447
-,1,1,45830
I The Flying Dutchman I,1,0,58992
T1TaN,0,1,0
WARDGUARD,0,1,53041
-,0,1,0
Holy Bandit,0,2,1815
321 Demass,0,1,0
IRONFIST,0,1,1698
Invade,3,16,2991647
-,0,1,15777
Joozn77,0,3,21742
WhiteSuits,1,4,84402
The Neighborhood,11,9,2511821
strange thief,3,2,185832
S1LVER,0,1,22543
CHILIS,0,1,116880
BlackTemplars,0,1,160954
GOD EATER,0,1,135650
Freaky Fools,16,15,3722047
Meowfia,0,1,0
Griffin Empire,0,1,32095
Celestial Void,0,0,18387
-,0,0,43626
Invade,0,6,2405446
-,2,0,252638
KaNaNuTho,0,2,10096
SLAF,0,2,0
Meow Immortal,0,3,848140
Island_Hunter,22,14,663195
D Go Liang,0,1,69149
-,3,2,804202
HELIOS KNIGHTS,0,0,5475
Meerkat Assemble,0,4,4308958
Invade,0,6,459043
Snow Angels,0,1,0
PLAC,0,29,14145860
Noctis,1,0,95153
Alone in The Mist,1,5,213517
Everwind,0,1,0
UNITED REPUBLIC MERCHANTS,0,1,0
Laughing Boulevard,0,0,102809
P U R G E,9,9,4505499
The Noobiez TH,0,2,28876
-,0,1,0
Silvera,0,1,0
Children Of The Dragon,0,0,286935
F A M I L Y,1,3,718925
The Betrayed,1,4,368274
-,0,3,0
MoFuMoFu HEAVEN,0,2,11417
Nine Lives Legion,0,0,14166
Harmonia Eternity,0,1,0
Esperit,0,2,27866
ITMN,0,1,0
F A M I L Y,0,0,219510
MO GU,22,14,5513538
BeasTDaK,7,3,606236
-,0,2,0
KADAL,1,0,16644
-,0,1,203898
F I G U R E,1,7,5998398
Pierce,1,3,160583
Kids On The Move,2,1,359404
Chikipi,10,3,5779480
BeasTDaK,37,17,9173910
-,3,0,83774
KopetLegend,0,0,190807
Dread,3,8,4165042
kinsparta,0,1,0
F A M I L Y,1,6,1779621
Warhammer Defense Core,0,1,10363
-,0,2,52286
I The Flying Dutchman I,1,15,15211857
HidE0ut,0,10,192556
-,0,1,26366
-,1,1,64853
-,0,1,0
I The Flying Dutchman I,9,12,1674496
-,0,3,15751
WhiteSuits,0,2,698
Government Program,0,1,0
I The Flying Dutchman I,3,10,6598621
SilverCoin,2,2,140369
Boar Army,1,5,341850
Red Circle,36,22,2449936
Mamboo,0,1,85516
-,0,1,147439
HIRAYAH,49,14,3473697
SuonPH,1,0,58503
TRlUMPH,2,4,347678
AzzuraIV,0,5,97612
Light House,2,2,40247
Ordo Musaceae,0,2,20788
N E R F,0,1,20448
Sentinels Arc,1,6,43446
CNTC,0,5,0
Badranaya,0,3,17119
Rescue Station,5,9,5462585
Kendan,0,1,0
OneFame,7,5,475572
Ape Love Peace,0,0,5124
MAX VERSTAPPEN,0,1,94649
eRa Empire,0,1,0
SpartanS 300,0,1,0
-,0,1,0
RABBIT RAIDERS,5,3,611637
-,1,0,41796
BlueOwl,0,3,5699
Floralia,16,2,1375481
MO GU,22,8,5428045
PLAC,1,1,679196
REDHAWKS,2,1,311875
-,4,4,326810
Chosen Few,0,3,0
COALITION,2,14,1428866
Laughing Boulevard,135,31,21446146
PSC,1,0,107739
VINA HOUSE,1,2,789167
-,4,9,255559
PLAC,30,9,5013649
Rising Stars,0,3,0
Tengkorak,6,0,467436
THEMERCENARY,0,1,63016
Creation Camp,5,8,945547
TROLLS,4,1,327415
Council Of Haru Urara,3,2,197143
-,1,0,22331
Griffin Empire,3,18,2304435
Sunset,20,9,883733
Earn money,5,6,3615374
Raining,22,16,1934709
1Mmortal,24,2,2905493
snow forest,2,1,1657449
RABBIT RAIDERS,3,3,1134174
BLACK WATER,0,4,0
Singosari,0,2,106588
One More Times,4,3,862698
FxxK,0,1,4546
Future Party,10,7,5576833
NULL,5,6,813101
Meow Immortal,0,0,2042
-,0,1,0
Real Man,0,15,3938742
Mika,15,39,11932052
JOMS VIKINGS,0,0,7071
-,1,0,79270
Earn money,5,10,4724336
SideQuest,15,0,2275825
Singosari,2,2,929508
ROYAL,41,11,3525698
-,0,5,13679
Unholy Dragons,0,0,8632
Holy Black Knights,0,1,0
-,0,0,338581
321 Demass,0,1,0
Primordial of Black,0,1,18172
-,0,1,0
Poiuytrewq,0,2,4336
Watawat,10,3,277378
-,0,0,4720
CRACKER,3,13,498871
Jagdgeschwader 52,1,5,29601
PSC,9,12,2321354
-,0,3,0
LastStando,0,1,0
THEMERCENARY,0,6,3813
Children Of The Dragon,0,1,117506
-,0,1,71510
Shut It,0,4,72555
Green Knights,1,0,15890
OneFame,0,1,73979
Blue house,0,1,0
QuQnnTATnnOvO,2,6,813778
-,0,0,8586
Screamy,0,0,77726
-,0,0,32059
I The Flying Dutchman I,55,16,9204808
Mofa,0,2,16012
PLAC,10,3,4594683
All Rise,3,3,1797787
-,0,1,0
I The Flying Dutchman I,16,14,3357143
-,0,1,0
TW-Club,0,1,0
SO EZ,3,4,1465997
Another,0,2,1922111
Boar Army,0,1,39203
YangPaiXiaKiller,2,1,878730
Meow Immortal,0,3,141
Lai tsai Project,5,1,411030
-,0,0,26431
GARUDA LEGION,0,1,2203
pig bank,1,9,206316
Jagdgeschwader 52,0,6,818356
Gondor,2,5,243175
Dreamweavers,1,2,12850
SO EZ,1,4,1962715
VINA HOUSE,0,2,24034
NIMBUS,0,2,0
noxium,0,1,0
-,1,0,7273
M O G A,43,8,4328400
China,51,26,8447112
Tokhang,17,11,1222289
Forever Night,0,1,379461
CHILIZ,72,16,30096500
Kingdom,0,1,251911
Peng Lai Xian Jing,5,4,71440
A Brave Man,7,5,850528
Dystopian,3,3,175935
-,0,1,857
Nomadz,0,1,0
Depths King,0,0,160532
Summers,2,9,721389
CHILIS,1,10,1290521
Real ONE,0,2,398119
Singosari,0,1,0
SOEZ,106,18,12396548
Noctis,8,19,3764611
-,0,1,0
SLAF,1,3,31056
Warhammer Defense Core,0,1,0
SLAF,0,1,194512
Invade,5,2,1725541
MO GU,15,8,4944848
Skip Tutorial,2,3,292166
eRa Empire,1,7,1105928
Metatron,1,6,128046
D E T O N A T I O N,1,1,991700
itinerary,0,2,94633
Wysteria,0,1,0
mechanical,0,1,38200
V A G A B O N D,17,9,4303357
THEMERCENARY,0,1,0
KADAL,1,10,193870
A X E,0,2,0
GUILLOTINE,0,3,1751329
WhiteSuits,2,7,76669
-,0,3,16061
T0M N JERRY,0,2,37102
-,1,2,318872
PalaceGUARD,1,3,140504
oo0oo,0,2,203699
-,1,5,280487
Tohou Project,0,2,523170
LINTAH DARAT,0,2,4204
Kingdom,0,0,276427
Aegis of Fuji,0,1,0
WILD RAT,0,1,62732
Eternal Truth,0,4,98219
-,0,6,647265
Frostborn Exiles,0,0,8371
KATANA,0,0,43559
KPV,0,1,0
A X E,0,2,81225
Red Circle,8,47,2601528
MoneyHunter,6,9,329353
Noctis,0,15,3517455
Kingdom,6,4,786098
Kunfayakun,2,11,350983
Generals Ph,1,0,152073
CHILIZ,162,42,55071960
-,0,1,130866
A Brave Man,4,6,2259057
snow forest,2,0,193826
-,0,0,1979
PLAY IN KINGDOOM,1,0,32112
FUTILE JOYFUL,0,1,0
MO GU,35,11,5836688
-,5,1,2578858
Gungn1r,10,10,248773
-,2,1,78090
Chola Empire,0,3,53006
-,0,2,11299
NIMBUS,3,1,286524
-,0,1,0
SHADOW__GARDEN,0,3,28311
KADAL,6,0,249218
NOSIDE,5,0,313071
UnifyVN - 304,0,2,660054
FORT STERLING LEGION,1,3,115762
War Bears,0,0,11594
War of Shawdows,0,1,0
red king,20,10,3382533
PoopooDancers,2,1,592102
INTERGALACTIC BAGANG,0,0,5098
Creation Camp,0,0,95756
MAX VERSTAPPEN,8,2,1110507
HYBRIDS,0,2,426807
A p os t l e s,1,4,204356
-,0,2,0
P U R G E,1,3,621492
Midnight Rose,0,1,0
Shadows of the Erdtree,0,2,48896
-,3,3,471122
Mika,3,16,2705159
Tarumanagara,0,0,21544
THE RELATION,0,0,7269
CHILIZ,1,32,16380622
NULL,13,7,277988
S Z P,1,1,7786
Another,39,6,6643279
PalaceGUARD,1,5,667403
Mochi Kingdom,0,2,41573
DeSaiko,0,0,5855
Dragon-Mi,6,16,6200512
Pink Memory,5,4,1591402
Judy no go Cindy no come,0,0,109258
ENDANGERED,2,9,855963
Black Ops,3,2,329451
Invade,18,4,6765508
CCTV,6,1,2585601
Solo-King,8,16,8391029
DDBS,4,2,1960474
Meerkat Assemble,0,9,3286306
Lazy Bear,0,1,0
Noctis,0,1,13992
Meow Immortal,0,3,261166
Eat Bulaga,0,0,271074
SubuTai,4,2,6090140
Kamusari,0,4,3821313
Menhera,0,0,456755
JARERNs,0,0,51482
Meeting Stone,2,3,1954707
CoCa1nE,6,24,4247302
Crazybabys,9,15,781191
123qaz,0,3,21581
Lym World,3,3,151650
Elden Ashborn,2,8,1352973
xCUTIESx,0,3,431200
Gnosa,0,2,62285
Ordo Musaceae,8,7,638475
Chosen Few,12,3,316102
V1OLET,17,17,2302064
-,0,1,0
X21,0,5,0
MoneyHunter,0,1,340
-,7,1,432598
Alone in The Mist,26,5,2264956
F I G U R E,9,2,3257249
Another,68,12,11174264
nagalulu,0,1,0
OneDone,1,12,3128256
itinerary,3,8,385297
Real ONE,0,4,548007
HYBRIDS,2,11,2144236
Meerkat Assemble,38,41,12266402
PL4B,21,22,2352983
Helios Phoenix,1,3,658535
CHILIS,3,2,1009729
CHILIZ,10,10,1481519
WADIMOR,0,0,137394
SAIYAN,1,0,131596
-,0,1,110104
GIGAN VIII,0,1,128155
VINA HOUSE,5,11,889719
The_APEX,12,16,8660645
Freaky Fools,9,16,1226027
Reworld,0,10,4117108
GuGu GaGa,24,10,7763469
PLAC,69,17,17654442
CTRL ALT DEL,0,1,6219
GOBLINS,1,1,1175922
TGIF,3,3,912636
MABAR,0,1,49655
Forever Night,7,2,684275
TRlUMPH,3,9,1578046
Free Butterfly,0,2,0
-,0,1,16644
Mythical Knight,1,0,112283
Midnight Rose,0,4,105284
MELEE,0,2,50178
Forever Night,0,3,215504
VINA HOUSE,0,10,81696
mrBnnn,0,1,141401
Lucky Fools,2,10,1810762
-,3,1,1064873
-,0,2,0
Rescue Station,52,44,28075258
Meowfia,4,7,1432797
WINDPhoenix,2,6,221991
-,3,0,179948
-,6,5,608661
VN Cowboy,2,1,31679
-,0,3,49499
PVP With Me,1,2,111574
Freedom_Alliance,0,6,47575
Kendan,0,1,26655
-,0,0,13025
Kunfayakun,1,2,114150
Oops You Died,13,10,868199
Coup de grace,5,0,488537
An Guild,2,2,337928
eRa Empire,0,0,6383
BLACK STAR,4,3,17566
The Diamond,0,1,0
-,0,4,0
-,0,1,0
Grand Marshal,0,7,70332
Dragon-Mi,0,0,36873
ScarletValkyries,0,3,35922
TAKEDA 24,0,1,356957
TRlUMPH,4,27,5647217
Chosen Few,3,6,164750
An Guild,18,6,1407622
The Drop Bears,0,0,172342
THE LEGENDARY KNIGHTS,0,1,2295
FLOPIT,0,8,60149
KAI RUY,0,1,16648
One More Times,5,2,1338268
I The Flying Dutchman I,5,2,9653608
RauMa36,0,1,33081
I The Flying Dutchman I,55,11,19680786
Mam-moth,0,1,46401
Samsara,4,5,79248
One More Times,7,2,503326
Idochine,2,0,122706
One More Times,0,1,2245
CHANG,0,1,6322
PVP With Me,0,0,286513
Prime Brasil,0,0,10122
-,0,3,47866
Freaky Fools,2,17,2234913
Psz,25,24,10311842
ACM,2,0,1316719
P U R G E,3,1,272311
Rising Stars,0,4,35018
Meow Immortal,30,31,8185562
MO GU,3,6,6259846
-,0,1,0
Meerkat Assemble,2,3,3886195
Chosen Few,0,2,99161
A p os t l e s,0,9,191766
-,0,1,9192
AAAAA,3,1,143605
F R E E S I A,0,1,1130
DOKDO,0,1,105609
Invade,6,24,5925866
PeOdy,0,1,0
-,0,1,0
-,2,5,211750
Kocorea,0,1,0
PSC,1,4,258745
Crazybabys,1,1,696221
-,0,1,22717
Government Program,0,2,76882
Another,11,6,3024153
DOKDO,2,4,260839
Menhera,1,2,820535
CHILIZ,7,28,14535244
Another,0,2,1738585
DOKDO,1,2,227280
Harmonia Eternity,2,3,96898
Another,2,39,18339388
F A M I L Y,11,6,4613379
Snow Angels,0,7,0
I The Flying Dutchman I,8,5,8585398
F A M I L Y,0,0,8505
Laughing Boulevard,0,0,444956
GIGAN VIII,3,4,565950
DlSBAND,13,2,2149415
NemDaGiauCut,0,7,74494
-,2,3,39893
Griffin Empire,0,5,369733
Baby_Paradise,0,1,63145
Forever Night,1,0,340008
Solo-King,1,6,2097948
VELARIS,5,2,280174
BeasTDaK,10,5,1882568
Pierce,2,1,1502198
Real ONE,39,6,14192525
Havox,6,3,1353548
After Cleric,4,3,1078173
Dragon Blade,1,0,18454
-,3,4,453185
MO GU,0,5,5352547
BangCuopLuongSon,1,1,49396
Garden babys,0,3,308106
Demon Fang,2,0,50677
Mika,3,3,1611612
-,0,2,0
Free Butterfly,1,9,201900
Real ONE,6,9,5538587
Meow x Meow,9,6,1516098
CHILIZ,221,26,34543531
CHILIZ,114,27,30303246
Demon Fang,6,11,952087
Floralia,0,3,216501
Mamboo,6,5,351467
Meeting Stone,0,5,715601
Red Circle,0,9,1374644
Shu Shan,2,5,803025
APS,1,1,36170
Margasatwa,1,5,55350
Ala,0,1,0
CoCa1nE,0,3,149935
High Cards,0,1,32629
Anteikuu,0,1,0
Noob Family,12,10,1364342
-,0,0,12486
JARERNs,0,0,41183
Verdant Ledger,0,4,49741
R E V E R I E,0,1,417307
Critical Impact,12,27,1350748
MABAR,0,1,0
-,1,1,18672
Same-to-You,2,5,113409
Karmic,3,4,890524
Meerkat Assemble,17,20,3536380
Western Paradise,28,67,14094068
-,2,4,250160
-,0,0,54710
Fenr,18,14,9846687
RABBIT RAIDERS,0,2,83571
QUILL,0,3,64354
Anteikuu,0,1,28649
-,0,0,6372
COALITION,8,11,5238615
Ocean Waves,0,1,177651
The swallow,18,7,1339515
KATANA,0,2,140180
Ashen Reign,1,0,42164
A p os t l e s,17,13,2259855
The Scarlet Dawn,2,1,41897
not cute anymore,0,1,5570
Los Triad,4,4,396579
-,0,3,40789
Tree Viper,84,43,13842594
-,0,1,0
Earn money,0,3,1952354
snow forest,0,0,890830
Real Man,19,28,9074496
Pink 7,2,1,236189
SOLO DAY,1,2,59064
The Boyz,3,9,794790
Singosari,2,3,270053
-,0,1,158396
Assassin Brotherhood,0,0,3263
Albions Ark,3,0,370118
MoFuMoFu HEAVEN,0,1,0
-,0,1,0
GOBLINS,0,5,2871771
-,2,8,38667
SpartanS 300,5,2,80715
Holy Black Knights,2,3,63360
Free Butterfly,0,1,0
Seaborn,11,3,419697
SilentMemoirs,1,0,91739
Weanoobs,1,1,90000
-,0,1,0
REDHAWKS,1,1,36803
NULL,4,16,4129716
BENG_BANG_PH,1,2,48478
CTRL ALT DEL,0,1,1128
The Boyz,5,2,1465698
-,4,2,332411
Boar Army,19,29,8456692
Minerva-X,0,4,994476
Astronauts,0,2,22835
I The Flying Dutchman I,1,1,1072644
-,0,0,23087
Meowfia,12,2,1204934
Real ONE,0,2,721171
Conscripted,0,2,220979
Midnight Rose,6,8,460481
Civic,0,6,415063
Jia Nan,1,4,389986
GOBLINS,1,4,3355101
snow forest,2,1,1875148
TGIF,10,8,9442099
Tarumanagara,1,0,29211
VIET NAM ssm,0,1,0
MevorySewn,0,2,0
-,5,9,659553
Easy come Easy go,0,1,0
MAAF BANG,2,2,46010
Frostborn Exiles,5,2,201998
eRa Empire,1,2,198889
One Shot,0,1,0
YaaRodYai,0,0,81402
GRIEVING-SOUL,0,6,0
Speed Check,13,8,576372
GRINCA,0,1,0
QUARTZ,0,1,10016
-,1,1,45235
Singosari,0,1,0
Mamboo,0,6,120850
Multi-Nations,0,3,67374
not cute anymore,4,1,1434758
-,0,2,42611
-,3,3,187754
Evangelion,0,2,7790
RECONNECTING,0,2,6135
Thakoe Japoe,3,0,1565973
Yellow Zone Kings,0,8,88783
UNITED THETFORD,0,0,56491
Ala,0,0,41640
Boar Army,6,10,2434414
MABAR,0,1,0
Helios Phoenix,12,10,2085533
-,0,0,2277
THE_EMPIRE,0,2,0
Minerva-X,0,19,6205503
HeNan,4,6,256481
CHUNFENG,1,1,7861
-,2,0,77627
LOOKOUTS,0,2,0
C O V Y,0,2,68317
-,0,1,0
The Black Banner,2,6,391058
NEVERLUS,0,1,0
Black Mist,1,3,66499
Pussi Gang 69,0,1,0
MMOrfanz,0,1,0
Chicken Nuggets,0,1,243782
Master Siomai,4,1,203975
1Mmortal,176,24,39448942
Dragon-Mi,11,3,2555310
Solo-King,56,39,18878666
SANDBOUND,3,3,86002
Snow Angels,1,3,81657
Boar Army,39,32,15756045
Minerva-X,12,7,2076284
CCTV,0,4,961554
Oathbreaker,0,0,62983
I The Flying Dutchman I,42,16,14645586
Big mom,4,9,7740986
Dreamweavers,1,3,785255
Phantom Legion,0,2,0
Forever Night,3,7,1465080
No Picture,6,3,316412
BLOB,4,1,113575
GOBLINS,2,11,3996885
-,1,5,34530
Xandros,1,1,121119
UNITED THETFORD,0,0,4528
Final Stand,0,2,21585
Psz,26,10,4411519
PSC,12,14,4996980
Boar Army,0,5,636120
Hellen killer,1,1,42522
-,0,1,0
Vargr,0,1,0
Speed Run,0,11,172651
Invade,0,4,1420906
Driffter,4,7,250057
Mika,0,1,1387379
Boar Army,0,1,577160
-,0,1,0
All In Fighting,1,6,3311535
Mammoth King,0,0,41688
UnifyVN - 304,0,6,375760
-,2,10,237451
I The Flying Dutchman I,0,12,12446870
F A M I L Y,4,3,1457343
UnifyVN - 304,0,1,487728
Coup de grace,0,1,0
Gravity Legion,23,43,16936633
Anti Ganks,4,3,1297867
A X E,3,4,629639
God_Of_War,16,13,2134896
Real ONE,0,0,74397
-,6,15,756507
MORO,0,2,136592
RYLs,0,10,118193
The Salty Chefs,105,45,5758140
Empyreus,0,2,42331
PAPAYA POKPOK,0,0,8075
Western Paradise,0,1,0
PLAC,17,9,9374016
All Rise,77,24,22334731
Astartes,0,0,25437
TW-GIN,0,0,45505
GOD EATER,0,6,371627
VINA HOUSE,0,6,115977
Free Butterfly,0,0,23536
-,1,3,140033
CRACKER,0,2,18775
Hanguk,0,0,4383
Titan Blaze,0,6,63594
-,0,1,0
ETERNAL CRUSADE,2,3,63852
NEXUS FAMILIA,1,1,53877
BangCuopLuongSon,2,3,503928
FATE-Excalibur,0,4,77895
TheCorporation,41,5,3944531
-,0,1,0
Rescue Station,10,3,2637360
T O K Y O,0,1,0
-,0,1,0
P U R G E,1,0,72156
GIGAN VIII,0,1,36759
F I G U R E,27,19,10331084
Ascensum,1,2,42266
A-W KING,0,1,80666
PLAC,24,34,7434480
OneFame,0,2,138490
A you ok,0,1,270037
Gondor,5,9,903879
World BOSS,8,6,1272343
Boar Army,5,25,4300374
VIET NAM ssm,6,3,458583
Knights Of The Round Table,0,1,0
Meerkat Assemble,14,20,24514216
CHILIZ,17,11,3468949
Another,60,16,10145052
VN Avalon,0,1,99396
-,3,6,371498
Possibly Puissant,0,1,0
DOJO,0,0,36092
Government Program,0,1,0
-,0,3,79424
The Lightbringers,2,0,52733
RABBIT RAIDERS,0,3,661601
Singosari,2,11,727970
Viruz,0,5,111730
F I K A,0,1,142590
Guild Petani,0,0,14795
All Rise,9,27,7145549
Invade,39,20,9318925
UNITED THETFORD,0,1,137943
-,2,2,158131
Noob Family,0,0,30544
Fish Mercenary,1,6,72142
NoobGaming_YT,0,0,9973
-,0,1,0
Rescue Station,56,31,15372739
The Assasin,0,1,0
not cute anymore,0,0,66406
Buccaneer,0,0,45964
GIGAN VIII,0,1,0
R E V O L U T I O N,0,1,0
LEGION OF THE UNDERWOLD,0,1,1444
UnifyVN - 304,0,5,1851218
Government Program,1,14,119075
-,0,0,28593
Tungguk Peti,0,2,11791
All Rise,0,4,1043524
First love,4,2,637583
Toxic and suck,0,0,48240
GOBLINS,0,1,47340
I The Flying Dutchman I,0,0,14249
Wayfinder Knights,1,1,70165
H Y P E R T E N S I O N,6,6,569708
Helios Phoenix,3,3,36903
VIET NAM ssm,0,2,91953
DOKKAEBI1,1,0,119061
GFN-GFN,1,2,17268
Black Sails,2,1,495581
CHILIS,50,43,22887696
MELEE,0,0,362574
TEAM_MEMOL,0,1,0
-,0,1,0
-,0,1,10902
Ordo Musaceae,1,2,25857
Real Man,21,38,7800597
MBDW,0,1,0
BLACK BANDIT,1,4,468610
-,0,1,0
Psz,43,7,7518780
Meat And Berries,0,1,0
-,0,1,0
Frostbite Reapers,2,2,38967
PAPAYA POKPOK,0,5,970790
PLAC,2,7,8943537
GIGAN VIII,0,1,718049
Dread,11,2,858656
No Picture,8,8,1456269
Battleborn,0,3,75255
AFTERMATH,0,1,0
CoCa1nE,1,0,102932
-,0,1,0
TRlUMPH,31,29,5488970
-,1,0,53042
Real ONE,4,1,1375817
After Cleric,4,6,1083204
Invade,7,6,4044696
CCTV,5,7,5268395
Frostbite Reapers,9,5,1057269
Mathias,0,1,0
-,0,0,21217
SilentMemoirs,3,9,212023
Frostborn Exiles,1,5,99987
Forever Night,45,22,4195078
MO GU,0,4,1337627
Stray Socks,7,5,757638
Laughing Boulevard,36,23,13887558
the Warrior,0,1,0
Judy no go Cindy no come,0,0,109258
RISER,0,7,61414
1Mmortal,11,7,2674744
SubuTai,1,1,489831
-,0,0,2265
Meerkat Assemble,3,9,1768595
-,0,1,0
M A R S,3,12,254605
Aetherion Order,0,2,70842
Los Triad,1,2,32616
Conscripted,9,17,11792733
Dark Looters,27,32,3266739
I The Flying Dutchman I,9,3,10995096
Boar Army,0,0,215922
-,1,3,138601
Civic,0,4,239495
RABBIT RAIDERS,33,29,3318814
Invade,26,7,4650281
Boar Army,0,5,665490
MO GU,2,7,2654371
1Mmortal,1,1,1477285
TRlUMPH,2,25,2221248
-,1,1,82940
VietNam TheFord,0,1,5529
Singosari,0,2,0
Buzztard,4,2,386581
Free Butterfly,0,0,2622
MANIFEST,0,2,9211
Dreamweavers,6,8,186951
Fake engage,7,5,498023
Django Freeman,2,0,21742
Kunlun Jade QingJing,0,1,50198
Civic,0,10,812939
Kamusari,2,4,4214274
DDBS,67,18,48033644
TGIF,2,2,2384545
GOBLINS,2,4,1116841
BeasTDaK,26,9,5490892
Doz Fellas,0,1,12436
HIRAYAH,0,1,29159
Peaceful Heaven,0,1,34275
War of Shawdows,0,5,214426
SubuTai,1,10,9686029
Empyreus,6,6,662040
S E A,1,4,90200
-,0,3,0
snow forest,37,32,6458147
Children Of The Dragon,0,2,71181
Battleborn,5,2,172696
-,0,1,50296
PKZ,0,2,0
Chinchilla,1,0,21047
Oh yes,2,20,258256
TONPA GANG,3,8,355712
-,1,0,194857
Dreamweavers,0,1,0
CVLT,0,5,277280
-,0,1,26178
Baby_Paradise,8,1,715919
T H C,3,1,292769
HIRAYAH,0,2,59229
THE WARRI0RS,0,4,1500656
CCTV,91,19,15552514
UnifyVN - 304,6,2,850697
-,0,1,50048
Anggota-DPR,3,3,88273
Shut It,1,4,102282
For My Bro,0,1,163345
-,10,9,1389623
G A I J I N,0,2,259491
Griffin Empire,0,1,626843
Invade,0,1,25443
ALL VICTORY,0,1,70019
Menhera,5,1,741239
Guerilla Warriors,0,5,41578
-,3,0,1326845
11b,1,0,719939
Freaky Fools,3,5,1058863
R O S E,3,3,2523044
S1LVER,3,1,99344
Guardians of Albion,2,1,290411
-,0,0,9553
HappyDay,5,15,1092425
MooMoo,55,24,9938196
Real ONE,20,6,7428005
After Cleric,7,0,2224016
PLAC,17,26,13622344
Frostbite Reapers,3,3,1241067
not cute anymore,1,2,378015
R E V O L U T I O N,6,1,361253
Tamilaga Vettri Kazhagam,1,0,78389
-,0,0,1772
C A L Y P S O,0,1,0
RABBIT RAIDERS,1,2,561598
wrung judi,3,1,266070
Rescue Station,72,31,17673795
Invade,30,12,6195182
THE WARRI0RS,0,0,50221
1Mmortal,57,21,17164388
HappyDay,6,7,861019
Sequence,12,7,2538713
-,0,1,0
MO GU II,0,6,300707
MO GU,0,7,1183604
Z GEN,0,0,156759
Griffin Empire,0,8,202350
KuromiO3O,19,26,12753821
Only Gamers,0,1,0
I The Flying Dutchman I,13,6,3306596
Seven Hill,1,2,27911
The Neighborhood,4,9,345837
Freaky Fools,5,4,1153813
good bomb,9,3,2976634
SuonPH,2,0,94595
Space Wolves,0,0,14485
Sanity Eclipse,1,0,40283
Battleborn,1,0,412171
COALITION,1,16,2950293
Rescue Station,0,3,721598
OneDone,1,8,1725653
TheGreyKnight,0,0,100257
Scythes Area,1,1,113248
GRINCA,0,1,20017
Game Of Throness,47,25,2228039
MoneyHunter,0,0,7620
TGIF,5,6,2971098
Chikipi,1,6,1744316
Sunset,13,7,3079891
Seven Hill,2,0,229382
Free Butterfly,1,0,180811
Floralia,30,10,2949326
Blue house,1,0,268882
CHILIS,7,3,512433
9INE,36,15,4380698
-,8,4,629550
CHILIZ,10,2,1056088
CCTV,21,6,2457513
Shining Star,1,17,1031043
All Rise,0,2,468091
No Picture,0,1,36251
The Neighborhood,8,9,1959637
-,4,1,229705
YUZHOUCC,3,1,66158
Freaky Fools,0,4,288157
PLAC,0,4,761370
Evangelion,3,8,311333
LaiFaNongDer,0,2,306598
LEGION1,2,4,243845
Cut Throat,0,4,899602
N E R F,1,19,1672288
Meeting Stone,1,2,46348
Ratatouille Riders,0,1,0
Western Paradise,4,9,3028503
WARRIORS INITIATES,0,0,6262
LightWeightBby,1,1,16732
F A M I L Y,12,5,2807909
Freedom_Castle,2,2,143847
Lentera Malam,0,2,16732
Technique,0,1,0
F A M I L Y,0,1,4127
One More Times,0,0,306477
Invade,23,10,7973608
321 Demass,2,2,8789
KATANA,0,2,0
Switching To Heals,0,1,142166
DNS,0,4,113294
GOD EATER,0,0,15363
PAPAYA POKPOK,0,0,770507
RABBIT RAIDERS,29,22,3832903
Government Program,3,11,225647
Buzztard,17,13,2204052
BLU,1,2,37374
Creation Camp,4,2,696316
Midnight Rose,1,0,205226
-,5,14,653743
Iron Dominion,2,7,317316
Green Knights,3,5,220178
Invade,0,3,79114
FreedomHouse,0,1,0
F I K A,3,9,1643880
Earn money,14,2,2406920
Circus,0,0,11984
-,0,1,0
Mamboo,1,6,257230
S1LVER,0,1,230316
CHILIS,0,1,2140086
-,1,2,89715
Buzztard,0,1,0
VIET NAM ssm,1,2,234414
KATANA,2,7,1093882
-,0,0,26389
Soul-Stealing 7-Star Strike,4,1,23352
-,1,2,106373
LuoKe WangGUO,0,0,13389
H A R I B O N,0,1,0
ComradesOfTerror,1,2,413543
-,0,2,0
FLiP,3,0,158181
Oops You Died,2,2,1270206
-,1,1,2522
OneDone,5,5,670200
BeasTDaK,0,5,81152
KATANA,0,1,0
CRIMSON CONCLAVE,4,5,1502733
Finish,1,5,433002
Pink 7,0,0,22013
-,0,0,17851
Meerkat Assemble,6,39,18050072
Shadowborn Syndicate,1,0,6552
PAPAYA POKPOK,1,2,184175
Naughty Squad,2,12,295373
Pierce,12,13,2360355
Free Butterfly,0,3,31346
Albion Newbie Shelter,0,0,6288
The Myth,1,4,605868
DEATH PARADE,3,3,611216
Lava-Media,0,0,36680
ALBION AFTER S3X,0,2,0
-,0,0,4430
Survivors,0,4,5671
Crazy D1ck,0,1,0
THE WARRI0RS,0,2,0
Red Paw Gang,2,6,70875
-,0,1,17507
WhiteSuits,31,18,1383324
Dreamweavers,2,11,178502
The Drop Bears,0,0,237489
AFTERMATH,1,1,24679
HanRyang,1,2,414773
Family Type,0,4,601057
Singosari,2,1,192568
AVA,1,1,363565
Government Program,0,0,19364
PSC,0,0,122903
Thugging Central,0,1,0
PSC,22,12,3356825
R E A D Y TO D I E,2,2,93088
B L A C K P E A R L,12,8,1124822
THEMERCENARY,16,2,355419
EOG,0,1,0
KUMA,0,6,1184424
-,0,0,5374
RABBIT RAIDERS,2,10,948392
Fr_Baidu,1,1,74697
Comatozze,0,5,568729
PSC,0,8,1139612
M O G A,6,6,1315337
V1OLET,4,5,1096454
-,0,1,11662
V1OLET,0,1,0
Glorify,0,1,0
0-Infinity,0,0,27225
Screamy,0,1,0
KaLaewKaLad,10,11,3241557
O R G A S M,3,2,68842
-,0,1,0
-,0,2,3133
itinerary,0,1,0
Frostborn Exiles,0,1,0
One More Times,1,2,473021
THE RELATION,0,12,547863
T1 FAKER,19,24,793647
-,3,3,99073
Heart of Thetford,0,1,5132
Real ONE,5,0,5292640
BeasTDaK,5,8,2815218
Fight Or Run,1,1,133822
-,1,2,14655
Meowfia,3,4,721552
Therapy on CD,0,0,68153
ALBION AFTER S3X,27,22,1938492
Fake engage,0,7,50580
Glorify,1,0,50047
ALBION AFTER S3X,55,17,2861593
-,46,14,3459809
THEMERCENARY,52,7,2206990
Universitas Perkocokan,24,6,828345
CHILIZ,37,19,24684000
The Neighborhood,1,7,1746821
Farm Or Die,0,1,1523
Forever Night,4,1,147445
C O V Y,1,5,279927
UnifyVN - 304,2,9,1002491
MoFuMoFu HEAVEN,0,1,0
7FALL,0,3,55590
Atlanta,19,16,2360223
Pierce,3,6,1060654
War Bears,1,4,17787
AK-47,5,3,221944
A Brave Man,1,5,1715268
AK-47,1,0,59195
AK-74,6,7,148775
Cempaka,6,3,682994
PSC,7,5,3045240
WalkingInSweatyTown,1,1,17864
Blue Phoenix,0,1,0
Lucky Fools,4,4,916926
-,0,2,0
COALITION,4,32,4898128
Hexorus,2,1,103488
CRIMSON CONCLAVE,1,3,40903
COALITION,5,21,6732928
R E V O L U T I O N,0,1,0
Gnosa,1,8,72601
Solo-King,0,1,0
-,0,2,0
China,0,1,128959
The_APEX,0,0,6444
Roger Pirates,0,1,7591
Real ONE,1,10,7817172
After Cleric,0,2,253290
MO GU,1,9,1401131
Kingdom,0,1,0
-,0,1,0
PANCA INDRA,0,2,15389
-,6,14,769249
THEMERCENARY,0,1,0
GOBLINS,0,0,967460
Chikipi,1,0,1829498
-,1,15,106022
Partai Banteng,2,0,28097
UNITED THETFORD,1,5,28872
Karmic,5,7,811492
Real ONE,2,25,18626630
Psz,0,2,793632
After Cleric,1,2,3298924
MoFuMoFu HEAVEN,0,0,39614
Matcha Ore,8,24,691074
GOBLINS,0,1,221430
THEMERCENARY,1,0,446059
Enterprises,2,5,296711
-,0,1,0
MCS-P,0,1,175883
I The Flying Dutchman I,88,31,26908892
-,0,1,18038
DOKDO,3,4,521197
xxSOLVANE xx,0,0,26946
Fake engage,0,7,62711
Mad Cats,17,1,1300182
Watch Out,1,3,67938
-,7,2,719424
Ban,0,1,0
PAPAYA POKPOK,0,0,217529
Straight Outta Compton,5,3,466316
RABBIT RAIDERS,0,1,0
BANDIDO,3,1,399234
ScarletValkyries,0,1,0
JSCL,9,3,456490
CHILIZ,4,11,9739393
Forever Night,2,0,155357
-,0,0,9809
The Black Banner,4,5,503017
octugram,0,1,40851
House Of Gorkha,0,2,31155
-,0,0,55711
TRlUMPH,7,0,894168
SubuTai,29,13,6850726
The swallow,2,0,504277
mechanical,0,4,263646
WADIMOR,4,5,535292
R O S E,12,10,3393312
CHILIS,15,4,6503351
CHILIZ,11,3,4150564
good bomb,15,10,13667386
After Cleric,1,0,349020
Straight Outta Compton,0,13,131528
-,6,14,477201
War Bears,0,2,4723
HanRyang,1,2,7956
F R O Z E N,0,3,27865
Frostbite Reapers,0,3,52096
The swallow,18,9,1262089
Ashen Reign,0,1,0
Blue Phoenix,1,1,353885
DOKDO,0,1,0
-,1,2,176140
-,0,0,10224
Real ONE,6,8,1440098
-,0,1,0
-,0,0,5821
Lym World,4,2,97907
-,0,0,4700
-,0,1,13528
The Scarlet Dawn,0,2,30097
-,0,2,0
-,0,0,71209
Deceiver,1,1,243918
Solo-King,25,36,17341178
G U I L D,3,13,466736
Easy come Easy go,11,23,3487167
-,1,3,61909
PSYKOPATH,2,2,337108
Pierce,19,9,603599
-,0,1,0
Peaceful Heaven,0,1,9016
Mystical Knights,0,2,65630
Runaria,0,2,5494
ENDANGERED,0,5,153366
Nemo Nemo,0,1,0
Demonic Bulls,1,1,35226
-,0,0,1741
Unicorn Shield,0,1,0
-,1,1,41278
-,0,1,0
HappyDay,11,14,2437952
Critical Impact,0,15,1092447
CobraKai,0,0,1655
Revolutional Army,0,0,5568
TRlUMPH,23,18,5260849
MINlONS,6,2,1419275
Laughing Boulevard,7,3,1233165
F I G U R E,50,29,9350889
eRa Empire,0,4,53658
SPCL Brotherhood,0,1,1736
B-E-L-A-T-squad,0,1,0
-,0,2,0
Children Of The Dragon,12,5,2515224
Mystical Knights,1,1,73133
FREE FOR ALL,0,3,0
TAKEDA 24,1,0,215297
XTeletubbiesX,0,2,0
Hooman,0,0,66560
Meerkat Assemble,94,36,34948150
A X E,3,6,480418
xNEMESISx,0,4,0
Free Country,0,1,0
RATOP,0,1,0
RATOP,2,4,259224
-,3,1,225778
Coup de grace,10,7,2264096
Smell Score,1,8,55437
-,2,1,125573
Starleaf Cafe,12,9,817478
-,1,0,50962
-,0,1,0
Straight Circle,0,4,9526
-,0,1,0
-,0,3,0
The Goat,1,2,204678
BLOB,4,1,65407
One More Times,0,3,658456
The Boyz,9,5,1491988
ULTIMATE REALM,0,1,17406
PAPAYA POKPOK,10,7,3269564
ENJOYABLE,0,0,14790
DeRSimli62le,25,12,1472938
BangCuopLuongSon,3,5,434031
Rescue Station,7,29,10938186
-,0,0,60868
Wayfinder Knights,0,0,7557
hand of god,2,0,180134
New_World_Order,0,2,0
QuQnnTATnnOvO,20,17,4328729
Meow Immortal,1,2,279169
Lai tsai Project,0,1,4872
-,3,0,56654
House Highwarden,0,1,2392
UnifyVN - 304,16,4,3111421
BeasTDaK,24,11,2813826
-,0,1,46656
CCTV,4,17,5686291
Mythical Knight,0,3,26623
Fenr,78,28,13397089
Hijinks,0,1,169872
INDONESIA MERDEKA,1,0,37726
-,9,18,830188
Farmers Family,0,2,0
SO EZ,2,6,1651829
YangPaiXiaKiller,6,1,899014
MINlONS,2,2,801740
-,6,2,1329212
Czendicate,2,1,792274
LUPAC,1,0,127677
Chosen Few,0,4,35142
Peony Flower,0,1,45741
Meeting Stone,0,5,130112
CCTV,5,1,1108761
Samsara,0,1,0
Forever Night,0,0,345809
DABHI-BROTHERS,0,0,2748
Solo-King,2,6,2138279
Peng Lai Xian Jing,0,1,0
Lazy Bear,7,1,605298
COALITION,0,8,372896
BeasTDaK,0,8,3132015
-,4,1,452340
Journey Uncharted,0,2,86860
The Diviner,4,2,364416
Immortal Empire,1,1,28003
ABOVE HEAVEN,4,3,269770
-,0,0,18002
Warrior Exile,11,8,623418
-,2,3,149746
SINGAMAS XI,0,2,14899
Laughing Coffn,1,0,125913
Tarumanagara,4,2,156166
WhiteSuits,0,0,84762
-,0,3,328304
Kunfayakun,0,1,4219
Farm Or Die,6,11,2044450
CHILIZ,2,43,10723800
MAX VERSTAPPEN,83,56,13210227
Evangelion,2,3,489460
K R U N G S R I,0,1,0
Guerilla Warriors,2,4,66249
Helios Phoenix,0,5,515100
CHILIZ,44,33,21552055
-,0,1,0
-,0,1,0
GG969,27,17,2502880
Pussi Gang 69,0,2,34597
Rising Stars,0,3,30308
DAWG EATER,0,0,1164
Spider Troupe,0,1,1688
Speed Check,0,1,0
R E V E R I E,37,14,6030021
Government Program,12,2,923810
Rescue Station,1,10,14737266
PVP With Me,0,0,84650
WhiteSuits,33,38,2422290
Bull_Frog_Family,0,1,0
not cute anymore,0,6,257388
SilentMemoirs,0,1,0
F L A W,0,2,0
The_APEX,0,1,0
GOD EATER,9,13,2943053
SINGAMAS XI,4,4,205466
I The Flying Dutchman I,15,5,8638407
UNITED REPUBLIC MERCHANTS,0,1,20894
Frostborn Exiles,0,2,19370
SubuTai,1,5,2244181
Another,4,27,5408375
Kamusari,0,2,365691
Ping300,0,4,142485
BeasTDaK,0,8,1540369
octugram,1,2,19306
Helios Phoenix,8,6,652296
-,1,7,258470
Tree_Of_ Faith,4,4,213724
-,0,2,0
Primordial of Black,0,2,0
Rescue Station,7,6,2901813
One More Times,6,3,959516
Meerkat Assemble,16,6,4415603
eRa Empire,1,9,274008
The REVENGERS,0,2,0
Lumi,0,1,37581
The Neighborhood,17,7,3007276
Smell Score,0,1,0
Lions of Fort Sterling,0,0,126762
P O I S O N,2,2,342549
CCTV,0,14,4448146
Earn money,0,2,3164378
H Y P E R T E N S I O N,0,1,5623
SLAF,0,3,401421
China Daoism,5,13,199077
Gondor,0,1,9013
-,0,1,0
Bretonnia,1,1,456532
COALITION,21,25,7444434
-,1,6,140462
DEVIANTS,3,0,226098
Singosari,0,6,185155
The swallow,3,1,47271
Coup de grace,5,3,2006054
Frostborn Exiles,0,1,132555
V1OLET,0,1,119466
ETERNAL CRUSADE,0,1,0
N E R F,0,1,0
-,0,1,0
SLAF,1,6,149887
Rescue Station,0,1,2915621
Griffin Empire,0,1,0
Chicken Nuggets,3,8,868897
KATANA,4,21,2423959
The Northern Constellations,0,0,21132
-,0,3,0
S1LVER,0,5,791142
CHILIS,0,1,114748
NEVERLUS,0,2,0
THEMERCENARY,0,4,546946
P U R G E,2,1,19908
V A G A B O N D,3,0,504855
H Y P E R T E N S I O N,0,1,166027
SLAF,2,11,241526
INCOHERENT,0,1,5951
altmxm,0,1,33642
DaRkDeViLs,0,2,15876
Conscripted,0,2,1110128
LUVIMIN,0,6,96140
-,0,1,0
R E A D Y TO D I E,11,15,1024459
Judy no go Cindy no come,1,0,18262
Craftres,0,0,2400
AFTERMATH,0,1,0
Amateras Reign,6,11,143928
Wysteria,1,6,37648
MoFuMoFu HEAVEN,2,1,132997
Lymhurst Ranger,1,2,67983
F A M I L Y,1,6,906873
-,0,2,7164
Charmed,0,1,0
Ocean Waves,1,1,174360
Harmonia Eternity,12,6,935853
HIRAYAH,1,1,130680
Dark Looters,16,23,1647209
Tengkorak,0,3,175544
VIET NAM ssm,1,3,46675
Mathias,1,4,148043
Lao Qian Xue Yuan,0,0,14004
ONE-JING,20,7,1771213
G U I L D,0,4,71589
Rescue Station,41,22,24500874
SubuTai,9,1,3084492
The Blaze,0,1,0
The Outcast,0,1,0
B L A C K P E A R L,16,4,706175
Filibusteros,0,1,127513
Invade,4,6,638470
ONE STEP,0,1,0
D R E A D W A T C H,0,0,146222
Finish,5,3,1148345
KAKI TIGA,0,0,149134
PVP With Me,2,5,770606
SundaEmpire I,0,2,118635
Hijinks,3,1,187678
I The Flying Dutchman I,4,2,4411606
-,4,4,306727
The swallow,1,2,391550
Driffter,0,1,0
-,0,1,8823
BeasTDaK,19,9,4175842
80S Guild,0,1,0
Frostborn Exiles,1,2,131898
-,0,0,1752
S Y N D I C A T E S,2,0,106419
9INE,19,13,1902791
AAAAA,11,14,860520
-,16,12,808808
JSCL,10,6,707851
Shu Shan,2,7,729361
Spero Spera,0,1,0
CAOTAIBANZI,3,1,274138
-,0,1,29016
The Black Banner,0,1,17659
DNS,0,9,184741
Rescue Station,4,9,6959939
Shining Star,3,22,2337067
All Rise,13,70,16491800
Meowfia,7,19,4166404
-,0,1,2482
TEMPLARS_ORDER,1,0,15063
vuongkhongmot,0,2,122371
Dancing on the grave,4,5,3047802
Spero Spera,0,1,0
takkasin club,0,1,27675
NO-RE,1,4,552549
Singosari,0,3,149617
BLACK WATER,0,1,0
HuaDaBin,11,20,7431018
-,0,1,0
TGIF,2,5,2860780
MINlONS,4,0,206137
1Mmortal,6,4,1727018
Shu Shan,4,5,503137
Macho Media,3,6,692795
six doors,4,3,284789
PSC,1,4,136372
Pemburujandatelanjang,2,5,15667
R E A D Y TO D I E,8,6,259611
Chosen Few,1,0,240527
The Myth,0,1,99275
Solo-King,35,30,13379956
OneDone,4,3,941900
Pink 7,0,16,477251
GOBLINS,17,11,5732641
TGIF,33,27,13941502
The Boyz,0,1,0
Never Regret,13,18,556637
-,0,1,0
Black Sails,0,1,34209
Gold Pigs,3,4,680092
-,0,1,18046
SOLAR BENEDICTION,1,2,71536
321 Demass,0,1,0
S D G,0,1,0
JSCL,1,2,73737
MALIGNANT,1,0,28220
The Neighborhood,0,4,104650
Mathias,7,9,768826
GOD EATER,0,2,797820
SHOW GUYS,0,2,265055
SLAF,2,3,160780
Dreamweavers,1,2,328183
Dread,27,12,4671994
F A M I L Y,4,3,851821
Helios Phoenix,2,6,469290
Sentinels Arc,5,7,268018
Buccaneer,0,0,34044
GIGAN VIII,0,3,120871
-,0,6,0
-,0,0,3041
Freedom_Castle,0,1,0
RYLs,0,3,6688
Coup de grace,0,2,0
PVP With Me,0,1,0
I Blood Moon I,0,1,0
Rescue Station,7,3,2407923
Blue Phoenix,0,1,190455
Real Man,3,0,482345
Government Program,0,1,4855
-,1,0,31860
Real ONE,21,3,6969943
Midnight Rose,0,0,13786
SUN LUCK,0,8,2486
MABAR,0,2,0
MCS-P,2,6,2806258
Once Upon a Time,22,2,3611755
-,0,1,0
Wave_Sea,0,1,0
DeSaiko,0,6,128529
AZKALZ,7,10,342451
P U R G E,0,0,1091028
MO GU,1,2,46394
High Cards,0,0,124922
Boar Army,2,8,2502993
-,0,1,0
UnifyVN - 304,6,4,1715989
Hyberion,0,0,19579
TAKEDA 24,0,7,182445
Griffin Empire,2,4,342856
TAKEDA 24,40,18,3388064
TAKEDA 24,0,6,68359
The Last Generation,0,2,0
-,0,0,40467
GFN-GFN,0,1,0
TAKEDA 24,0,1,75818
Reiver,2,0,112506
Buzztard,0,16,1445168
I The Flying Dutchman I,2,7,5121788
Meowfia,0,8,1941534
Children Of The Dragon,14,6,1484471
Wing of Liberty,1,4,552262
MoneyHunter,29,3,1563313
puniceus,0,7,131953
Believers,2,1,99167
F I K A,4,8,911816
-,0,1,0
Forever Night,3,6,499905
Eternal Gate,0,8,171196
ACM,1,20,3079893
BENG_BANG_PH,3,6,241104
I Check Mate I,0,1,192906
Solairion,1,6,1055188
not cute anymore,2,7,896530
HappyDay,12,3,671001
Red Circle,8,45,2633129
AAAAA,1,5,88274
good bomb,6,3,7380956
All Rise,11,22,7107785
The Scarlet Dawn,0,3,48184
Hong lang man club,1,0,85267
Clap Me Daddy,5,1,217022
Crazybabys,3,1,334675
Meow Immortal,0,4,122670
Conscripted,27,18,14107261
MO GU,2,8,1344418
CHILIS,0,2,55311
snow forest,1,1,225029
hehaheha,1,4,375097
M A R S,2,8,380245
All Rise,106,53,22546257
VIET NAM ssm,2,1,88625
Pink 7,32,12,7434758
RODOKER,0,1,0
1Mmortal,6,2,7203023
Bet On Me,0,1,0
Ring of Stars,0,8,45548
-,1,3,104409
NULL,1,1,11892
-,16,13,9468999
Heaven Drive,25,14,10270256
DarkForceTH,0,1,11928
321 Demass,0,1,0
Invade,0,0,54542
PASTELL,5,7,118344
BLOB,5,7,558661
All Rise,2,0,3366546
H G,0,1,0
GOBLINS,8,7,3289389
BOBOBO,0,6,13258
-,0,0,110546
mechanical,3,7,536323
Real Man,2,5,1458808
koryen,0,1,38680
Ordo Musaceae,1,0,57432
Griffin Empire,11,19,5253292
Western Paradise,14,39,8172441
-,0,2,8956
mizo,2,2,261081
RYLs,2,1,51076
Laughing Boulevard,5,8,7259341
Western Paradise,6,12,3046872
KING fast food,1,2,22272
1Mmortal,1,3,1603270
oo0oo,0,2,203699
Invade,12,13,4266820
Meow Immortal,0,1,178093
CHILIZ,1,35,17654671
Technique,0,0,138485
VINA HOUSE,1,2,134176
China,36,40,15592219
Meowfia,3,7,2022977
DBlackRose,0,0,2359
Battleborn,10,2,432339
-,0,1,0
TRlUMPH,4,6,1754454
SubuTai,14,11,8116809
PLAC,0,0,1776095
Pink Memory,1,6,1315902
F R O Z E N,2,2,424847
S1LVER,2,4,226250
D R E A D W A T C H,1,6,78998
S1LVER,1,2,438897
Meow x Meow,5,15,966864
Noctis,1,2,20841
HollowCrown,0,0,10755
TEMPLARS_ORDER,0,0,36661
RESPECTED FAMILY,0,2,15712
HOGUWART,0,1,0
-,0,1,54064
STRAYFANGS,0,0,435
-,2,0,223034
The Salty Chefs,2,0,390277
Shining Star,1,0,48793
Meerkat Assemble,17,10,9300156
Solo-King,16,4,2788914
bosaBOSS,0,0,96236
Sentinels Arc,0,0,100989
BeasTDaK,20,6,892370
-,6,3,449978
Dreamweavers,12,3,588758
good bomb,4,12,9559447
CHILIS,101,26,31974760
good bomb,1,1,1355640
CHILIS,6,10,11385640
Summers,1,6,5789292
-,0,5,51411
Kunfayakun,2,2,49285
Rescue Station,10,38,9127151
MARTLOCK LEGION,0,0,56752
FORT STERLING - LEGION,0,1,0
DOMINUS STORE,0,0,15926
Hell Fire Club,0,1,20849
Jia Nan,0,4,9287
Heartsteel,11,24,3065637
V1OLET,0,3,764911
Pink Memory,12,3,2123897
-,0,4,75640
TEAM_MEMOL,0,2,0
Heaven Knight,20,56,45804184
B-E-L-A-T-squad,4,1,279733
-,0,1,57519
BRAVO 6666,1,0,33595
Jia Nan,0,9,347486
MCS-P,16,1,2546190
Earn money,2,8,3685412
Z GEN,0,0,104219
MO GU,7,5,1543304
The Blaze,0,1,12614
F R O Z E N,0,6,494720
PSC,0,1,58423
LYM EGO,2,2,55418
Dragon-Mi,13,3,2402825
Cats Nest,36,7,3119387
JSCL,3,5,377263
BlueOwl,0,1,0
Conscripted,24,11,10049200
Before Cleric,0,1,397982
CAOTAIBANZI,0,1,107747
Seven Hill,0,1,42561
Sunset,0,5,1702371
Snow Angels,3,0,294955
-,0,2,0
TRlUMPH,4,4,973909
F I G U R E,0,3,225291
DOKDO,10,0,890291
-,1,0,1171182
MO GU,1,0,19662
Conscripted,57,12,12498836
MELEE,0,4,1905768
Stellar Alliance,1,0,604696
Blue Phoenix,0,1,0
-,3,1,301740
Laughing Boulevard,9,10,5112624
Gold_Taiwan,0,1,8836
RYLs,0,4,0
Tree Viper,10,5,503598
I The Flying Dutchman I,134,19,45775642
-,0,1,0
Mika,12,11,3708148
Future Party,26,11,7217336
snow forest,21,9,7702031
Pink Memory,25,20,14569438
SilentMemoirs,0,1,2928
10 My friend are coming Run,15,11,288634
Shu Shan,5,4,587073
Gold Pigs,0,1,38777
Boar Army,0,2,36917
Forever Night,1,6,519455
CAOTAIBANZI,0,10,1005624
TRlUMPH,11,32,4840844
Save Me,0,2,842
Screamy,2,0,94985
-,0,0,220339
-,0,1,143029
REGU MAWAR,0,9,112239
POLRES LYMHURST,0,1,0
S U P E R I O R S,0,2,0
BlackTemplars,0,1,57493
The Boyz,2,2,211059
R E V O L U T I O N,2,0,211472
Ironclad Concord,1,1,13304
Kendan,2,9,648284
SubuTai,0,1,68349
-,0,1,0
ARTON,0,1,0
-,0,1,0
Walaiporn,13,4,1473615
-,3,0,598024
Psz,85,14,8298964
Look Back,1,0,66476
M O G A,35,19,5076281
Capital Cartel,0,1,0
DESTROYER GHOP GHOP,0,1,8673
New_World_Order,8,13,791661
The Loot Goblins,2,0,161107
Langya Special Brigade,6,4,403527
Meerkat Assemble,3,17,2907182
Earn money,0,4,164838
RED LIONs,0,2,0
MELEE,2,11,3578672
Meerkat Assemble,138,50,42911235
Oops You Died,2,3,72513
RABBIT RAIDERS,14,19,2236720
ENGAGE ON ME,7,10,693914
Die for San,0,1,0
Albions Ark,1,11,70161
-,0,1,12787
TEAM_MEMOL,0,0,34828
The Inquisition,0,1,5352
High Cards,0,1,27176
Karmic,2,13,1549822
The Rumble,5,10,212898
NO_OC,0,1,138833
0-Infinity,0,0,35683
H Y P E R T E N S I O N,18,17,1020306
-,0,1,0
G A I J I N,1,4,19797
-,0,2,161917
pig bank,0,2,13171
Kingdom,4,9,2861109
Ban,2,2,427638
CHILIZ,0,10,4041610
Finish,6,0,244582
hua,2,2,168032
Noctera,4,9,1417470
Vacc1ne,2,3,2842847
Real ONE,7,28,13675187
Nemo Nemo,1,2,194972
-,0,1,0
Earn money,3,9,494055
Kingdom,1,2,123451
Kunlun Jade QingJing,0,1,10880
Atlanta,1,2,519897
DDORIA,6,4,217542
-,1,3,97930
Once Upon a Time,7,24,12378733
Boar Army,1,2,961397
PUMPIM,0,3,0
A you ok,0,2,108462
Stellar Alliance,25,14,3692995
Boar Army,1,1,2422369
G T R,0,1,0
The swallow,0,1,475361
9191,3,4,2437683
9191,0,0,578277
9191,8,3,1656162
9191,4,7,2314727
Beavers,0,1,0
Dystopian,0,0,63858
A Brave Man,2,3,1551503
Old Singularity,0,1,0
WAO,1,0,97326
V1OLET,2,0,120204
House of No One,4,3,1165302
GOBLINS,63,6,17063679
TGIF,20,8,6792634
The Exiles,0,2,240930
BangCuopLuongSon,29,18,1521521
Solo-King,10,6,3817631
F R O Z E N,1,0,474141
D E T O N A T I O N,15,19,2695243
A p os t l e s,5,6,1925606
NewNew Young,0,3,119084
-,0,1,0
The Wardens,0,1,0
Meerkat Assemble,0,2,88081
Nemo Nemo,0,1,302998
The Scarlet Dawn,0,2,38981
MoFuMoFu HEAVEN,0,5,38054
The Academy,0,1,31317
Warhammer Defense Core,0,1,0
LOVUONG,0,0,54493
-,0,1,24581
AssassinsHunters,0,1,10539
CTRL ALT DEL,0,0,13857
-,0,0,3712
TEAM_MEMOL,3,14,2093810
Nemo Nemo,0,1,0
Another,2,18,12744385
Pierce,5,35,9871790
-,2,1,103815
Scythes Area,0,1,0
Real Man,8,8,503008
Meerkat Assemble,1,35,7000633
P U R P,0,3,40639
The Black Banner,5,1,425782
Master Siomai,0,1,92209
-,0,1,0
SO EZ,2,1,153324
Bretonnia,2,0,606241
PalaceGUARD,11,10,3976828
DAFANSHU233,0,1,0
Buzztard,4,8,1250431
From Zero,2,0,175825
Ping300,0,1,0
Invade,1,2,238706
Your Father,1,3,353026
PRAXIS,1,0,70944
AZKALZ,0,2,9027
AK-47,0,1,23151
M U S T A R D,0,0,226238
CCAV,28,20,1866886
Kids On The Move,4,4,405637
Havox,0,1,242316
A p os t l e s,0,3,189805
Visayan Express,0,1,0
Conscripted,22,16,11182783
Helios Phoenix,1,9,1391671
Sons of Naoero,46,38,2679559
TRlUMPH,0,2,346533
A p os t l e s,9,5,1256151
eRa Empire,0,1,0
The Neighborhood,0,0,94468
V1OLET,0,1,203405
-,0,2,24069
PLAC,12,17,9502776
red king,1,1,3130298
Farm Or Die,0,0,416421
ETERNAL CRUSADE,2,2,171422
NEXUS FAMILIA,5,4,327095
Real ONE,47,13,17281937
After Cleric,9,14,2854966
PSC,2,0,498315
Once Upon a Time,3,1,237929
Tree_Of_ Faith,0,4,760019
SCAVENGERZ,1,0,7347
Wysteria,5,8,1848823
DOJO,0,1,621727
Freedom_Castle,1,5,122130
Filibusteros,0,0,16321
Wysteria,4,6,916715
BeasTDaK,8,15,6176079
Spero Spera,0,1,297098
-,0,1,842
Earn money,21,4,4664667
CCTV,0,0,386591
Masked Bandits,0,1,258520
HappyDay,0,2,105719
KaLaewKaLad,0,2,21482
I The Flying Dutchman I,8,14,17455824
2001-01-09,0,1,0
-,0,8,28661
MINlONS,0,0,332994
Husky Empire,0,3,0
Frostborn Exiles,0,0,65014
Martlock Tales,0,1,58652
DragonWorld,18,13,1272009
-,0,1,33818
The Cat Burglar,1,2,94608
Real Man,0,2,500378
CTRL ALT DEL,0,1,0
Helios Phoenix,5,8,1310967
CoCa1nE,0,12,2157363
Pierce,2,5,243053
Meow Immortal,2,4,105480
Titan Blaze,0,1,5805
B L A C K P E A R L,0,3,6428
South PH,5,1,109398
Noob Family,0,3,190039
OneFame,0,2,67069
WINDPhoenix,4,7,350122
six doors,18,16,4070465
China Daoism,3,1,72759
Masked Bandits,1,9,1394664
Sunset,15,14,5961283
oo0oo,0,0,195947
Gravity Legion,0,1,1183339
BlueOwl,0,2,153552
Invade,1,2,843721
ALBION AFTER S3X,11,1,423900
Singosari,1,7,659258
Boar Army,1,15,2754614
Gold Pigs,7,6,897516
peace maker,0,2,0
MoFuMoFu HEAVEN,0,2,210944
KUMA,2,0,40320
A p os t l e s,0,12,1875199
MAYARI,0,2,10016
CVLT,8,2,824932
COALITION,1,9,2043187
QIFANJIE,1,1,106833
Forever Night,12,6,1891286
Chikipi,13,21,8582721
Dragon-Mi,3,13,10567985
MINlONS,7,16,5680681
-,0,0,1869
Herrschers,0,1,0
Forever Night,0,2,40507
South PH,0,3,75207
ARTIKULO UNO,1,2,68110
ON ME,0,0,52217
Psz,9,14,6444972
Speed Run,4,1,965215
-,0,0,9238
Real Man,0,9,7484947
ROYAL CARTEL,0,2,281836
TRlUMPH,0,0,43000
-,0,1,28949
Griffin Empire,34,32,8909446
V A G A B O N D,0,1,0
RABBIT RAIDERS,0,0,45461
-,0,1,14593
VIET NAM ssm,0,8,99642
SINAG,1,0,11340
TRlUMPH,2,0,512081
-,0,3,0
REDHAWKS,1,4,104184
THEMERCENARY,0,0,11210
DARK SUNN,0,1,0
Helmet Bahini,0,2,0
P U R G E,3,12,3593997
N E R F,1,3,155504
Invade,27,31,9378395
-,2,6,112796
WhiteSuits,2,7,195964
-,1,1,325448
Court of Nightmares,0,2,35798
F I G U R E,4,4,1257138
Screamy,13,6,489156
V1OLET,4,2,273281
Solo-King,0,1,1223219
TotalAnarchy,0,1,1526
Evangelion,0,1,46750
HitPantsuYae,0,0,5236
Laughing Boulevard,0,3,502938
VINA HOUSE,3,13,1228661
Karmic,15,10,2439793
From Zero,0,1,0
Invade,48,40,6489972
Griffin Empire,0,4,499021
SubuTai,8,5,1591878
AFTERMATH,1,4,591461
Red Circle,53,22,1828580
ONG BUT,1,2,68386
Shut It,1,2,23294
The Neighborhood,2,7,1570112
HamoS,1,1,34764
Just chill and play,0,0,3248
HaChiu,1,2,1945
Rescue Station,50,19,11186885
-,0,1,0
Rescue Station,18,12,5475480
Meowfia,15,6,3038943
Technique,1,2,44193
Eternal Catastrophe,0,1,0
From Zero,0,2,39191
One More Times,0,0,120570
Freaky Fools,4,3,1027128
Forever Night,1,0,84086
-,0,2,0
Mammoth King,3,1,592188
ssak ssak,2,1,41353
Dragon Blade,0,1,0
Singosari,10,2,870687
TRlUMPH,9,8,1576494
Gold Coffe,0,0,12693
VietNameseSocialist,0,12,699487
Lucky Fools,2,2,688602
Albions Ark,0,1,79487
Dragon Blade,0,2,98433
CCTV,6,4,3827973
Old Man,3,3,981621
Karmic,0,1,31934
V A G A B O N D,7,8,1119455
Switching To Heals,5,7,581636
-,0,0,22502
F A M I L Y,35,12,10562041
Freaky Fools,9,3,723811
CtrlAltDefeat,0,1,0
-,0,3,6401
HuaDaBin,4,2,845887
Reworld,18,3,3177083
The Blaze,0,3,23962
Cie,1,0,172446
-,0,1,2426
Critical Impact,0,1,0
Yuzi,1,2,182072
The Loot Goblins,0,2,0
Soul-Stealing 7-Star Strike,0,2,10409
-,2,0,56767
Pink 7,3,6,390895
FurrPect Syndicate,0,0,4897
WhiteSuits,15,64,2117281
Ocean Waves,0,2,101333
changxiangyi,0,0,37249
GARUDA LEGION,0,4,76992
Ikatan Pemuda Fortsterling,0,5,35511
Of East Server,0,1,0
MINlONS,0,10,4667111
-,0,1,0
TRlUMPH,0,17,1759581
Beavers,6,20,13673481
NGGang,0,0,289857
Lai tsai Project,6,6,1101116
-,1,0,165499
Shadow Bandits,0,2,31415
Sleeping Forest1,11,1,318427
-,0,0,119333
PSC,1,4,890936
Meow x Meow,7,18,2198364
Hooman,1,4,328668
syntherra,0,7,111537
-,1,0,71406
DEVIANTS,0,0,46408
Ocean Waves,0,1,20986
Calon Idaman Mertua,4,4,538696
DOKDO,0,0,225922
B L A C K P E A R L,2,4,119857
Enterprises,1,3,876393
Frostborn Exiles,0,6,74521
Snowflakes,15,20,8977098
Bretonnia,1,3,98941
GOD EATER,2,1,579489
-,0,1,0
I The Flying Dutchman I,4,11,569306
Invade,15,14,7426403
itinerary,0,1,60679
S Y N D I C A T E S,0,0,71839
MAX VERSTAPPEN,151,35,19292126
High Cards,1,6,227228
GIGAN VIII,17,14,2247687
-,0,1,28952
-,0,0,34887
Meitei Ninja,0,1,17285
War of Shawdows,0,5,3129
-,0,1,11720
GOBLINS,0,3,3062137
-,0,1,0
Real ONE,13,3,1095617
CHILIZ,13,15,9831139
CHILIS,9,5,4330512
After Cleric,15,6,5299080
Pierce,7,34,10011600
THEMERCENARY,4,4,198431
GIGAN VIII,0,1,10489
-,0,2,1513
2v2v2v22vv22v2v2,0,3,705724
AK-47,0,3,0
TRlUMPH,6,10,2308781
MO GU,0,1,0
BLOOD OMEN,2,3,54600
-,0,2,77807
GOBLIN CAMP ID,0,1,201581
Rat Only Rat,1,1,45238
Chikipi,0,8,1503235
PSC,0,3,427840
Garden babys,10,9,1107255
conquer,0,6,653985
Mistwood Fen,0,1,0
The Boyz,3,10,1989575
R E V O L U T I O N,1,0,78389
YeoPo,5,2,1209001
AK-47,0,1,0
P U R G E,3,0,240085
FLOPIT,2,5,62484
AK-47,0,4,429427
Kunlun Jade QingJing,0,1,0
First love,0,4,237821
-,0,3,0
Coup de grace,5,12,1249204
Boar Army,1,2,934610
Free Butterfly,0,1,0
CHILIZ,30,33,13773324
ULTRAMAN ALBION,0,1,0
H a n a k i r i,1,4,276253
MevorySewn,0,3,0
MO GU,105,29,6821860
-,6,2,818381
BAU BAU,22,1,638238
-,0,1,46553
not cute anymore,9,11,1803165
ENDANGERED,0,0,82731
MoneyHunter,2,7,108062
-,0,1,0
-,0,1,0
Hanguk,0,2,4383
DOKDO,0,1,0
SubuTai,10,10,4237040
I The Flying Dutchman I,2,1,1853092
OniChanDizz,0,0,7184
Reworld,8,13,2742825
You Shall N0T Pass,12,18,2121453
Meow Immortal,1,4,26953
D R E A D W A T C H,5,11,653640
INTERGALACTIC BAGANG,1,0,6371
xCUTIESx,1,17,1565269
AVA world,0,2,19447
Old Man,0,6,709623
Stellar Alliance,0,19,4681123
HuaDaBin,0,0,846452
MELEE,25,5,1608853
Understand,0,6,1268879
G A I J I N,7,2,337217
F I K A,5,13,1048095
PAPAYA POKPOK,0,1,393440
-,0,0,5374
ENDANGERED,64,15,6450926
Real ONE,44,25,15483555
After Cleric,5,5,2731471
Idochine,0,3,68412
A you ok,0,1,270037
Farm Or Die,1,5,481553
World BOSS,11,2,919561
Shadow dragons,0,4,16958
Phantom Monarch,6,7,346352
Ape Togetherr Strong,16,23,2667355
-,1,0,209891
Inevitable Glory,6,7,397521
The_APEX,2,6,380188
CHILIZ,7,14,11908581
-,0,1,0
TIANLALA,1,1,150735
CORRUPTS,0,1,91267
-,0,1,0
CATHEDRAL OF RAT,15,3,2395504
V1OLET,2,7,1981008
S1LVER,0,1,200177
V1OLET,0,1,39155
OneFame,1,3,176791
Laughing Boulevard,19,11,5947840
-,0,2,14922
Pierce,1,8,398840
Spero Spera,0,4,3419512
I Check Mate I,6,9,4665265
not cute anymore,0,0,296717
Chikipi,0,1,424695
F A M I L Y,0,0,897629
-,0,1,0
Possibly Puissant,0,4,44577
Chihuahua Family,1,3,52279
Kingdom,0,3,600282
KAKI TIGA,0,2,21476
-,0,1,0
Invade,0,9,6582911
Take Care Your Ass,11,21,4793902
T O K Y O,1,5,100723
Once Upon a Time,1,4,2155083
KaLaewKaLad,5,7,1727286
All Rise,0,25,1650532
CCTV,3,4,7049141
CCTV,18,5,14704329
Snake Snake Fish Fish,0,0,547386
ALL VICTORY,42,7,5492765
KATANA,0,0,14795
KATANA,8,0,55716
PSC,59,17,6045212
-,0,2,5062
123qaz,0,1,0
THEMERCENARY,0,5,922754
Pink Paws,1,4,9229
KNIGHT_OF_BLOOD,45,4,10248042
WowMayKay,0,0,18852
The Ruthless Angels,0,1,0
Packet Loss,0,1,0
Enterprises,0,2,5892
The Fide Blood,1,4,46836
SO EZ,0,1,22402
V1OLET,1,1,162268
All The Villains,0,2,1353591
BeasTDaK,2,1,919754
Real ONE,46,11,10129762
After Cleric,5,0,1060838
GFN-GFN,3,1,79184
GIGAN VIII,11,22,4394926
-,0,0,5826
Chikipi,42,27,12756756
-,0,1,0
Green Knights,5,1,136167
Masked Bandits,0,1,39334
Kingdom,2,1,183018
-,3,1,310474
R E V E R I E,1,4,287394
Boar Army,0,1,37001
Laughing Boulevard,1,0,2483224
UnifyVN - 304,34,7,7813426
R O S E,30,15,3525634
Dmwibu,0,2,0
Snow Angels,0,4,44416
VINA HOUSE,0,0,17408
Kocorea,1,3,206370
Frostborn Exiles,0,1,0
AFTERMATH,0,3,108342
PalaceGUARD,41,24,13834909
-,0,1,7636
Circus,0,1,11984
HIRAYAH,4,3,190949
Therapy on CD,0,3,30633
Dread,0,2,0
Battleborn,0,1,157549
RoYalBlooD,0,1,0
C O V Y,1,5,177719
-,2,0,770822
Rescue Station,23,9,10180571
UnifyVN - 304,0,1,648209
567jqk,0,1,13796
Children Of The Dragon,1,4,867946
-,1,1,10620
Laughing Boulevard,4,4,2060172
Forever Night,0,1,0
BeasTDaK,1,8,5538888
BLACK BANDIT,2,4,463929
Demon Pact,0,1,5164
Trials of Twilight,0,6,320411
TAKEDA 24,0,2,684485
CNTC,7,28,1761274
Biu BiuBiu,0,4,155381
-,1,0,35775
RESPECTED FAMILY,4,17,278918
Stellar Alliance,0,1,5772
D R E A D W A T C H,5,8,116221
CapybarAAAA,1,0,5377
-,9,1,518853
F A M I L Y,1,0,61334
SideQuest,2,2,2393332
Rescue Station,10,10,4767029
Karmic,7,23,3126378
Meerkat Assemble,13,20,13802036
Finish,2,2,870128
-,0,0,44678
Midnight Rose,2,10,230601
-,0,1,9128
VELARIS,2,4,182595
High Cards,4,4,298022
1Mmortal,4,0,649330
PARAG0NS,1,1,85137
The Boyz,2,0,340005
Nugget,0,2,0
L122844033,1,5,81384
The Black Banner,16,10,1009573
-,4,1,92209
TW-Club,2,5,120953
123qaz,0,2,0
Big mom,0,18,9569953
Minerva-X,0,1,25848
Meerkat Assemble,416,31,40615813
CHILIZ,13,18,30530986
V1OLET,5,10,1833208
Jia Nan,0,2,68605
MO GU,13,15,4728078
The Myth,12,25,7267538
SubuTai,32,19,12642817
The Noobiez TH,0,1,3685
-,1,3,65374
War Bears,0,1,0
Hong Xing,5,4,532557
CCTV,18,12,9572944
NO_OC,0,2,92314
-,2,0,309392
Felony Syndicate,20,14,2077272
Earn money,0,2,606454
TGIF,3,4,2734848
PLAC,60,24,29222466
PalaceGUARD,0,1,2637
MEMORY 007,0,2,0
SO EZ,7,9,3216577
-,0,0,107883
Fenr,12,5,2030580
DOJO,3,2,943572
CRACKER,0,1,0
We Are Revengers _ WAR,2,9,129945
Rescue Station,31,11,5796518
THE WARRI0RS,0,0,3645
Devil My Tempest,1,2,32984
CHILIS,4,1,2734646
CHILIZ,38,26,27619963
Dread,1,4,1142711
ENDANGERED,93,39,9793550
-,0,1,0
Sequence,4,4,2580951
Pierce,3,9,6290951
MafiaZone,0,1,0
7FALL,0,0,97045
ROYAL CARTEL,0,1,0
Raining,0,1,370190
Sunset,0,1,22959
snow forest,31,32,19444786
Reworld,1,2,7944
R E V E R I E,16,8,1487536
The Neighborhood,2,5,1327259
Invade,0,3,401275
Karmic,0,3,42667
PLAY IN KINGDOOM,1,0,121445
conquer,14,8,3419448
xCUTIESx,65,33,5556202
FATE-Excalibur,0,3,0
-,0,4,0
Sapling-MIU00,0,1,40830
V1OLET,0,2,197002
Czendicate,0,1,0
Noob Family,0,1,0
-,0,2,230682
ENDANGERED,1,2,31932
God_Of_War,0,2,0
Arikanami,0,1,58445
Raining,32,36,2381522
-,0,3,143647
The Lonely Moan,0,3,175116
Rescue Station,3,1,2031051
AK-74,1,2,118084
All Rise,7,12,5522746
China Daoism,2,17,174760
-,0,3,0
eRa Empire,0,2,73472
ScarletValkyries,1,3,102302
SpartanS 300,1,6,28665
-,0,1,29078
OneFame,7,3,116681
P U R G E,11,2,977886
Cut Throat,4,2,963844
China Daoism,3,4,96680
GIGAN VIII,0,4,963429
THE DEMITs,0,1,246476
MINlONS,17,11,8866176
-,0,1,0
Mote Sane Lrr,0,1,0
CHILIZ,2,59,26275765
Blue coral,0,8,1144293
MoneyHunter,0,3,89025
Dystopian,1,0,5656
-,0,1,149947
Phantom Monarch,1,1,106548
SubuTai,3,3,842737
Conscripted,2,3,466038
PSC,1,1,828037
-,0,1,0
-,0,1,0
-,0,2,63420
RABBIT RAIDERS,1,0,34259
DIUKAMIE,4,10,1253175
CROWN ON TOP,0,2,0
-,0,3,201035
atssa,0,1,41849
Meerkat Assemble,0,2,27042
Boar Army,2,8,2407104
red king,12,4,3228155
CHILIZ,30,16,9154084
calizeum,5,0,351584
Wysteria,11,9,1819034
Malaysia Boleh,0,1,0
The Boyz,1,12,1222187
-,0,1,0
The Lightbringers,0,1,0
Visayan Express,0,1,0
The Elders Pact,0,2,42075
DlSBAND,7,14,3072368
Heavenly Restriction,0,1,12546
House Highwarden,0,1,46469
TEAM_MEMOL,0,2,168732
KongFu PanDa,66,40,13297756
Trash Panda Syndicate,0,2,162357
The Scarlet Dawn,3,8,318297
Ordo Musaceae,2,2,554992
ETERNAL CRUSADE,0,2,0
NUMEROS,0,1,71605
OneDone,3,3,449402
9 blessed boyz,12,2,334962
-,0,0,7254
All In Fighting,8,4,2636072
Mika,6,10,4339854
Old Singularity,0,3,26627
0-Infinity,0,3,56643
Dragon Blade,3,18,1537255
Red Paw Gang,1,3,219251
Spero Spera,4,3,215459
Floralia,6,2,602833
Mika,0,9,2753017
Lucky Fools,1,9,1497986
MO GU,0,11,2646173
Boar Army,3,8,179122
Pierce,1,13,5021985
Sequence,0,6,645346
-,1,15,169449
Singosari,1,24,3431422
POLRES LYMHURST,0,3,77119
Kendan,0,1,0
Hei Hitler,0,8,2197646
Boar Army,0,1,0
Free Butterfly,2,2,404644
-,0,1,0
A X E,1,1,501794
The Rice of Asian,0,0,14614
Winter Wolf,0,1,0
Meerkat Assemble,0,9,2486044
-,0,1,329139
TRlUMPH,1,33,7111802
-,0,2,0
Azure Moon,5,0,930618
Invade,0,2,633398
Freaky Fools,2,0,2668226
PSYKOPATH,3,2,1201289
-,0,1,0
Believers,0,1,0
Free Butterfly,8,23,2084666
Eudamonia,1,0,38677
Karmic,0,3,822960
MANIFEST,3,3,49048
Singosari,1,1,36030
Family Type,0,1,0
RABBIT RAIDERS,2,9,1444131
nomery,13,10,1031305
SideQuest,0,1,29288
Arena Ghost,0,1,0
GIGAN VIII,9,10,2660854
A p os t l e s,1,1,62747
Rparachik,2,0,86225
I The Flying Dutchman I,0,0,111212
Meerkat Assemble,0,3,3149236
Freaky Fools,0,2,328605
UnifyVN - 304,0,1,121050
The Neighborhood,0,7,971086
Creation Camp,0,1,0
C O V Y,0,2,0
-,0,1,11356
Multi-Nations,0,1,0
All The Villains,27,21,6148939
CATY,1,5,186631
Kingdom,10,6,1446446
RATS NESTT,3,3,2795100
-,0,0,113824
ONG BUT,0,5,30769
One More Times,1,2,142014
Need_Loot,0,1,0
SANDBOUND,2,18,215266
Big mom,2,28,7509871
Once Upon a Time,10,5,2882333
S Y N D I C A T E S,17,18,2631905
Frostborn Exiles,0,1,0
I The Flying Dutchman I,0,1,273281
BlackParadise,1,0,66832
THE WARRI0RS,0,0,412941
THE DAILY CHILL,2,2,45830
F A M I L Y,2,0,648267
HER MES,2,6,234813
CCTV,0,1,259036
Freaky Fools,0,1,277774
HuaDaBin,2,22,6589909
Meowfia,4,18,4161994
R O S E,8,12,4696795
Demon Fang,0,1,0
ETERNAL CRUSADE,0,1,0
NEXUS FAMILIA,0,1,4581
The Myth,0,0,7547
All Blacks,0,3,28100
Never Regret,0,2,0
Forever Night,2,1,399378
PAPAYA POKPOK,0,1,152879
-,0,1,0
MidNight Pirates,0,1,0
Cops Sterling,0,1,14903
CHILIZ,1,49,21592789
CENTAURI,0,3,175550
-,0,2,8564
RABBIT RAIDERS,0,2,0
P U R G E,2,7,2467577
C A R N A G E,1,0,13467
CHILIZ,1,2,4921569
Real ONE,17,3,4802515
Hohoesa Pakchara,0,1,0
Wicked Croc,0,0,7906
I The Flying Dutchman I,37,16,25897677
Berseeker,1,0,138462
Meerkat Assemble,22,45,22343429
Dreamweavers,58,48,10777771
CHILIZ,0,7,596105
CHILIS,0,9,780308
Another,13,4,5074681
Menhera,9,10,3076792
GIGAN VIII,3,1,131757
-,0,2,238579
BLOB,0,1,0
itinerary,0,3,0
TONPA GANG,3,0,92495
itinerary,0,2,127343
Real ONE,9,2,2993377
After Cleric,0,0,44036
Chikipi,15,9,13285650
good bomb,45,13,16700781
TheGreyKnight,0,1,107118
Free Butterfly,2,12,1222243
The Castle Knights,0,2,42050
Coup de grace,0,0,478242
-,0,2,0
MIKE TEA,1,1,148135
Enjoy Life First,0,1,0
Raining,0,1,117394
Fenr,1,0,265073
SubuTai,0,0,845827
TONPA GANG,4,5,176984
LowIQ,0,1,0
Real Man,6,24,9543485
Topspire,1,10,2675640
Forever Night,12,8,4156761
Sequence,9,10,3109210
Summers,1,6,641079
RABBIT RAIDERS,19,6,3303053
Cheery Blossoms,0,0,3631
-,0,1,0
Coup de grace,2,8,425773
MO GU,0,1,0
Gas Terus,2,7,63945
DESTROYER GHOP GHOP,0,1,5687
AlooMinati,0,10,173864
1Mmortal,107,49,28627770
HappyDay,3,1,532300
-,0,0,3631
-,0,1,0
TAKEDA 24,0,2,0
Fight Or Run,0,0,330897
Evangelion,3,1,335282
123qaz,0,2,16519
DDBS,73,8,30304397
Fightin fool,14,2,641572
HIGH RISK HIGH REWARDS,1,2,60830
Miunchkin,0,1,53271
CRACKER,2,15,817220
Frederick,0,4,91221
Hunter Hunter,0,0,8570
First love,0,1,0
SO EZ,1,10,425802
Wysteria,0,0,698
Raining,1,5,113864
NULL,13,7,4444893
Solo-King,0,1,0
QuQnnTATnnOvO,6,2,686454
HappyDay,1,7,260945
PLAC,20,16,10701339
CHILIS,9,3,3989305
PLAC,5,4,2706535
CHILIZ,13,1,3841127
Gold Pigs,13,4,634444
All The Villains,0,5,3327060
Crazybabys,4,6,387577
KEDO,1,3,4800
Snake Snake Fish Fish,5,0,572801
-,0,0,28608
Another,6,5,1511743
China,48,57,25620683
Frostbite Reapers,0,1,55248
BeasTDaK,5,3,428645
OneDone,0,4,322688
R O S E,31,19,6549609
COALITION,16,14,5982560
-,0,1,28575
Invade,11,6,1201785
Death Of Ava,1,3,9664
ONG BUT,0,1,0
CTRL ALT DEL,0,1,1128
V A G A B O N D,0,7,1810074
Real ONE,4,12,7910192
Griffin Empire,21,14,8116619
Sequence,5,4,1875655
Judy no go Cindy no come,1,1,124940
Another,0,3,2164506
snow forest,4,0,903221
Earn money,15,6,1996778
Forever Night,2,2,255063
Fenr,9,14,4161943
JAPANTZ,0,1,0
Wihat do you want to Be,0,0,32168
Auraka,0,1,0
Meeting Stone,1,11,1772621
SubuTai,1,5,1998301
Battleborn,2,0,161694
not cute anymore,1,1,585462
-,1,7,146805
-,1,0,43992
B L A C K P E A R L,3,8,801657
Shadows of the Erdtree,1,1,3933
-,0,1,0
Rescue Station,1,1,77135
The Myth,0,1,0
The Scarlet Dawn,6,5,127530
Polar Bears,0,1,0
SpartanS 300,0,2,2392
HuaDaBin,7,12,4059213
-,0,0,28915
Azurel,3,4,2194207
R E V O L U T I O N,0,0,524609
I The Flying Dutchman I,4,2,2777012
SubuTai,3,1,1645540
Kamusari,1,0,1088577
Real ONE,15,6,4106539
BEHEAD,8,4,3153937
COALITION,10,3,1480770
-,0,1,0
F R O Z E N,0,9,1058146
I The Flying Dutchman I,0,0,1221454
P U R G E,0,1,487252
Meerkat Assemble,23,18,8930934
Big mom,20,31,15819442
The swallow,30,23,5973621
Wihat do you want to Be,0,0,32168
AK-47,0,4,105102
Solo-King,16,16,3169918
World BOSS,1,1,501612
All The Villains,31,11,10295000
TGIF,25,17,8966914
F A M I L Y,25,6,7185162
snow forest,61,29,15383267
Judy no go Cindy no come,0,0,171622
Moon Drop,0,3,0
-,0,1,0
Meeting Stone,0,7,1622604
I The Flying Dutchman I,0,1,326661
Kamusari,0,0,176258
xNEMESISx,0,1,21541
ARUNACHAL PRADESH,1,1,70834
VONGOLA FAMILIES,0,1,20674
Meeting Stone,4,5,437331
Kingdom,0,5,1478090
Real ONE,2,25,20355103
After Cleric,0,6,1411808
DOKDO,3,11,2362286
Pierce,1,3,335540
Enterprises,0,1,273405
P U R P,4,8,4607968
Snake Snake Fish Fish,0,0,294734
C A L Y P S O,0,1,4358
-,0,4,12390
N E R F,2,10,162395
-,1,0,79056
Mahatma Suvarna,4,3,154008
POLRES LYMHURST,1,2,209137
Dystopian,0,0,82048
-,0,0,11736
The swallow,8,8,3174443
Earn money,22,2,4880705
oo0oo,2,4,531203
Titan Blaze,0,5,47993
DDBS,76,14,20536078
9191,16,7,4139702
Real Man,21,8,3817512
PSC,4,2,920675
Chikipi,0,17,11327944
The Lonely Moan,5,8,568344
-,1,1,14358
Chikipi,11,5,4593943
PSC,15,29,5042266
H Y P E R T E N S I O N,1,4,43833
-,5,0,146174
The Neighborhood,1,2,116336
Meerkat Assemble,5,3,868717
good bomb,0,0,1186305
Kingdom,0,1,0
Nellie,1,6,89570
Children Of The Dragon,4,2,681547
-,6,0,431576
Griffin Empire,12,7,2113586
HappyDay,0,4,1018587
Meowfia,13,21,3775031
Czendicate,1,1,214040
8Sp1Ders,23,30,21032933
OneFame,5,4,164022
Singosari,2,0,148156
H U P,0,1,0
LYM PORTAL,0,6,43815
Hymn of Valor,0,2,55936
Kingdom,4,2,485029
One More Times,0,5,860075
-,1,3,74901
Cheery Blossoms,5,1,176578
Auraka,0,0,15095
-,1,0,105408
Gold Pigs,1,2,96869
HanRyang,0,2,0
Cheery Blossoms,0,3,0
COALITION,1,1,212390
snow forest,44,25,10384476
Reworld,15,10,3099308
You Shall N0T Pass,19,19,3515119
B L A C K P E A R L,0,3,421240
GRINCA,0,1,0
Pierce,0,20,4150863
-,0,1,105617
The Northern Constellations,5,16,1945697
KongFu PanDa,11,8,4261867
Mika,1,1,355465
KATANA,5,4,1016313
K R U N G S R I,8,8,227884
Real ONE,0,0,37367
Coin Monarchs,1,0,44640
Effect,0,1,0
Meeting Stone,1,0,222568
Fenr,13,12,3317579
Pink 7,2,8,247448
CHILIZ,14,32,23259346
After Cleric,0,0,84806
The Boyz,0,0,210427
LOOKOUTS,1,4,514782
-,0,1,0
-,0,0,27533
Chlamydia,0,1,32563
Griffin Empire,51,22,15455570
Real Man,19,15,4473644
BeasTDaK,0,2,154881
not cute anymore,0,9,1305471
PLAC,0,11,8395842
MooMoo,1,2,1428679
Old Singularity,0,3,10263
Avalons Gangsta,1,13,1568268
atssa,8,2,292367
HidE0ut,1,8,281870
Midnight Rose,0,2,0
Boar Army,0,2,0
Comatozze,81,9,3213704
1GU 1GU,0,7,6935647
Guerilla Warriors,1,5,18980
Old Man,0,3,103837
The Lonely Moan,1,1,610162
Jagdgeschwader 52,0,1,18517
CHILIZ,10,8,4262134
CHILIS,29,19,10179044
Forever Night,1,2,417018
Kunfayakun,6,8,898188
NULL,1,0,54998
PAPAYA POKPOK,0,2,1664949
PAPAYA POKPOK,6,9,422332
MINlONS,0,2,869840
-,0,0,18354
BLOOD OMEN,0,0,17989
Holy Black Knights,0,0,4408
MiMe,0,4,327806
Judy no go Cindy no come,1,2,32973
All The Villains,8,17,8388724
F A M I L Y,2,17,6481389
Real Man,0,7,5684018
-,0,1,0
PAPAYA POKPOK,0,0,126944
IndianGanG,1,1,175283
Real ONE,0,0,153084
MINlONS,1,3,1164068
R O S E,13,28,5614588
Orphic,0,0,5871
RABBIT RAIDERS,1,2,725966
DeSaiko,0,2,77865
Snowflakes,0,1,133459
V1234,0,1,85622
N E R F,10,13,1635426
Elden Ashborn,9,9,1056297
Blue Phoenix,4,3,169452
LUVIMIN,0,2,42262
-,1,1,234099
OneDone,0,8,2270309
Buzztard,2,9,1202154
Karmic,1,1,843994
CCTV,22,7,4838303
1gaywoligiaogiao,0,1,0
The Reserve,0,1,0
KajiRingo,1,18,326640
Mystical Knights,1,6,31668
I The Flying Dutchman I,3,3,4596300
Meow Immortal,0,3,155843
Future Party,48,14,9300413
Topspire,1,0,27221
Invade,29,17,5025301
WhiteDragons,0,2,0
The Sovereign of Dawn,0,1,0
AbsoluteSaweet,1,8,88750
BLACK BANDIT,2,8,1351666
Wonder of You,33,3,1057055
The Lonely Moan,23,7,3610025
Invade,65,5,2780802
-,0,1,36760
Real ONE,10,11,11521185
-,0,0,12491
red king,4,1,1531219
CCTV,0,3,1288072
MALIGNANT,10,2,5011871
Fhi,17,1,463262
-,0,1,57833
I Check Mate I,2,3,1566924
China,41,37,16938435
Pussi Gang 69,10,20,3652204
Coup de grace,1,0,359292
MO GU,3,10,2276417
TW-Club,0,1,0
Sri Rezeki Lancar,0,1,0
Topspire,1,3,184295
Meerkat Assemble,1,3,660735
The Neighborhood,1,2,70060
-,0,0,19816
Noctis,0,1,0
Nemo Nemo,34,43,10191173
Forever Night,13,9,3380364
Kingdom,3,3,157908
Griffin Empire,0,1,0
COALITION,0,8,1367676
Demon of Inari,1,1,121873
Finish,10,10,1188221
OPM,10,5,841541
-,0,0,154971
HYBRIDS,53,52,14674623
-,0,3,33153
-,0,0,46010
B L A C K P E A R L,0,1,48023
Stellar Alliance,5,2,964702
Midnight Rose,0,1,77064
B L A C K P E A R L,2,0,164934
Real ONE,1,6,5196188
-,0,3,10574
no mid,0,1,0
Forever Night,0,4,50450
MoneyHunter,1,2,52841
CHILIS,5,4,4100946
CHILIZ,6,1,3471231
-,0,0,20773
BAU BAU,1,1,398199
I The Flying Dutchman I,0,3,777140
OneFame,0,2,164022
Blue house,1,1,0
SideQuest,1,1,1893401
Griffin Empire,0,8,1428541
Helios Phoenix,12,10,3646982
RABBIT RAIDERS,0,1,103352
Ketupath,0,1,17995
Singosari,0,2,43871
GOBLINS,0,11,3806138
Supine Club,2,2,18184
-,0,0,6298
Peng Lai Xian Jing,0,1,0
Kunlun Jade QingJing,0,1,0
PLAC,66,21,18108479
One Shot,0,2,26471
Freedom_Castle,0,1,6574
snow forest,43,6,6696767
Invade,4,6,504915
Ocean Waves,0,2,101333
AFTERMATH,4,6,912071
Invade,0,4,504194
MiAyam,0,0,100242
Boar Army,9,7,6030922
Stellar Alliance,2,3,1136266
Dou bao,43,14,10163897
ARCHOPOLIS,0,1,6865
SideQuest,3,10,1436096
PLAC,39,34,26058543
All Rise,24,5,7803396
PLAC,5,2,4818308
TRlUMPH,15,26,5271260
Creation Camp,1,2,171194
GOD EATER,0,0,196474
SHOWTIME,0,1,305146
OneDone,1,0,158710
MINlONS,0,6,1786445
Atong Ang Syndicate,0,3,2288
BLACK WATER,0,0,77764
Midnight Rose,1,0,164023
Pink Memory,12,1,5488399
All In Fighting,11,2,2720086
Mika,7,11,3524443
-,2,4,235072
2077,4,9,461263
Hong Xing,4,4,572906
Another,58,12,6891976
All The Villains,19,14,4736849
Mika,7,9,2322186
All Rise,4,3,350904
C O V Y,0,1,68317
snow forest,2,1,1850305
Future Party,21,17,21533810
MooMoo,18,6,3308722
snow forest,0,1,39560
KongFu PanDa,38,49,12967911
-,0,0,3236
All Rise,111,16,19811133
THE WARRI0RS,0,2,0
All Rise,5,26,13907334
Meerkat Assemble,3,25,14452550
CHILIS,16,2,2564923
CHILIZ,93,39,24687794
Heart of Thetford,14,31,1707375
SLAF,0,1,0
The Neighborhood,6,14,402652
-,1,1,60608
Chikipi,45,23,10965461
All Rise,14,12,6060542
Western Paradise,1,3,907504
1Mmortal,13,12,4968433
Frostborn Exiles,0,4,10417
H U P,0,2,111574
Crazybabys,2,0,136495
CoCa1nE,61,14,4575921
Midnight Rose,1,0,57159
BeasTDaK,6,19,6755269
I The Flying Dutchman I,5,6,487595
VIET NAM ssm,0,1,0
DEATH PIT,0,0,6277
-,6,4,673758
BeasTDaK,0,7,3047329
The Inquisition,1,0,106711
Warhammer Defense Core,0,1,0
-,0,1,0
Dark Soul,0,2,142908
TRlUMPH,0,1,168174
C A E S A R,19,18,4480279
GIGAN VIII,0,1,338781
-,0,1,221678
FLARE,0,0,19858
Battleborn,3,2,358084
-,0,1,25729
-,1,1,87075
Real ONE,8,7,8026845
GIGAN VIII,4,9,908230
DlSBAND,5,10,1497156
Circus,3,3,339115
V1OLET,0,1,19294
S D G,0,1,0
-,0,0,44775
-,0,3,0
WhiteDragons,0,2,22595
Harmonia Eternity,8,6,187856
Lai tsai Project,0,1,81100
Sunset,68,40,16338066
-,31,13,2901873
CCTV,17,6,2083736
AK-74,2,2,134040
SHOWTIME,0,5,667367
Karmic,0,1,347281
-,0,2,0
KALONG,0,0,2259
Fake engage,0,4,21397
Midnight Rose,1,1,139004
Dreamweavers,2,0,103256
Shut It,3,2,222955
-,0,0,110613
WhiteSuits,6,3,173202
FORT STERLING - LEGION,0,3,10878
Kingdom,0,4,123451
CATHEDRAL OF RAT,1,0,145962
DEATH PARADE,0,1,29521
Switching To Heals,38,23,12867517
Royal Grand Order,3,12,1485495
Azurel,0,2,219873
PAPAYA POKPOK,0,5,680743
Demon Fang,1,4,132735
-,0,1,0
Minerva-X,0,6,1071942
Frostborn Exiles,1,1,93101
MoneyHunter,0,3,0
F R O Z E N,18,10,2471434
Real ONE,0,25,11489408
After Cleric,1,7,2042328
Wayfinder Knights,0,7,77031
-,0,1,0
bosaBOSS,0,1,0
E Loong,1,2,56123
Mamboo,0,5,130365
GOD EATER,19,30,2454579
BeasTDaK,0,4,2258607
Pierce,4,2,2027685
Real ONE,3,7,8064177
After Cleric,4,3,1570802
CHILIZ,53,40,22759128
KPA,3,0,113923
AzzuraIV,0,1,26514
RABBIT RAIDERS,1,1,67917
NEXUS FAMILIA,0,1,14744
VELARIS,0,1,138132
MINlONS,5,20,3020740
SPES,0,1,99405
I The Flying Dutchman I,77,22,17923053
-,0,1,31206
TUNNIYOM,4,2,299253
Empyreus,0,1,0
Civic,1,7,287435
CHILIZ,0,5,10313730
H N D,2,3,39593
Pierce,0,1,75498
Astartes,3,2,702450
Meerkat Assemble,0,3,815888
Helios Phoenix,14,6,1990798
OneFame,0,2,101850
The Castle Knights,0,1,71566
K R U N G S R I,4,2,94268
Dragon-Mi,0,3,1986103
Invade,2,8,1119473
A p os t l e s,0,1,508076
0001Zugoy,1,2,17809
Chaser of The Wind,0,1,0
Invade,2,1,135771
CCTV,0,4,672721
PSC,1,1,57854
Boar Army,0,3,188675
-,0,4,14655
ALBION AFTER S3X,2,1,41530
BENDAHARA,0,0,21820
THE WARRI0RS,2,0,382337
Enterprises,0,1,0
CCTV,7,6,4013617
Lightborn Syndicate,0,0,45009
The Lonely Moan,28,16,960758
The Neighborhood,4,3,781970
QUILL,4,6,480058
Crimson Shadows,0,1,0
Aetherion Order,1,0,52892
PSYKOPATH,0,1,0
Coup de grace,22,16,5607188
SO EZ,5,11,3192645
VINA HOUSE,0,2,49962
The Neighborhood,7,7,2210088
-,0,1,467217
-,0,0,78885
NekoParadoxia,0,2,0
-,0,1,0
W BLOOD,0,1,25253
-,0,0,1722
AK-47,9,11,683855
K R U N G S R I,6,8,328814
CBF,0,1,9649
-,0,4,54170
Journey Uncharted,2,1,154999
Mathias,1,5,223556
S Y N D I C A T E S,0,5,184870
S Y N D I C A T E S,4,13,1011496
-,1,0,98401
Once Upon a Time,1,0,22959
Future Party,0,29,24850223
7FALL,10,5,1250791
1Mmortal,11,7,4461623
Cut Throat,11,0,1651312
Another,6,3,1210210
Old Man,8,12,1552282
HaChiu,0,4,0
Freaky Fools,1,2,957356
Rescue Station,0,1,0
The Lonely Moan,0,5,45379
Kunfayakun,20,14,2717902
snow forest,0,1,988247
Invade,11,12,1437752
-,2,4,224728
THE RELATION,7,8,600063
TRlUMPH,4,10,4005119
-,0,1,127514
CHANG,2,1,65011
MINlONS,12,9,4008389
HELIOS KNIGHTS,1,0,29987
UNITED THETFORD,0,1,13314
-,0,2,43100
QUILL,0,2,9060
Rescue Station,0,10,10239188
Sapling-MIU00,0,8,307178
Wicked Croc,0,1,0
THE WARRI0RS,0,2,50221
-,0,2,0
RUSIP IWAK,0,1,87762
Sentinels Arc,10,9,410025
Meeting Stone,0,4,897658
Shu Shan,24,10,3183209
Old Man,3,2,163158
KuromiO3O,3,27,6590611
-,1,1,234551
THEMERCENARY,0,1,0
The Northern Constellations,0,5,652719
GLEAN,0,0,17266
The Question,0,0,54755
Fire Boys,10,9,918285
Dark Soul,0,1,15286
Invade,0,3,1025153
-,0,1,0
SUN LUCK,0,2,246130
Buzztard,0,0,1149
No1 Party Anthem,3,2,158249
THE RELATION,5,2,332493
Freaky Fools,0,1,138119
Meowfia,1,2,1845285
AFTERMATH,1,1,5475
Husky Empire,2,2,138766
JingKonTot,0,2,53501
pig bank,0,3,0
Mochi Kingdom,0,3,41573
All Rise,0,1,0
High Cards,0,0,34259
-,0,1,0
-,0,1,0
Anggota-DPR,2,11,280726
MAFIA ZONE,16,26,1976600
Demon Pact,1,0,7198
Nomadz,1,2,176050
-,1,3,43673
-,0,2,30560
-,0,2,138916
M O G A,13,7,3146778
Real ONE,18,8,5909768
After Cleric,26,2,723396
Mandala Guild,0,3,0
AdigungAdiguna,0,1,8562
Husky Empire,0,2,209146
Chikipi,0,0,340550
-,0,0,3696
-,0,2,0
Filibusteros,1,13,2463968
not cute anymore,0,1,164819
-,0,1,25390
gou9,4,2,869921
gou8,1,2,9610
Forever Night,1,4,553412
Boar Army,0,7,524030
CCTV,18,12,10003605
Dark Looters,23,23,2451144
COALITION,45,25,3351619
Pink 7,12,6,922076
FxxK,0,3,748236
snow forest,0,0,673225
KongFu PanDa,14,36,8203053
Guardians of Albion,0,6,20490
-,0,0,21303
Fish Mercenary,2,4,238616
999999,0,1,0
PAPAYA POKPOK,0,3,52575
Farmers Family,0,2,0
Freedom_Castle,0,3,28349
Execuduros,0,0,39788
Faksi Kegelapan,0,0,2832
GOD EATER,1,1,910453
Buzztard,2,0,277182
Chien Than,0,1,0
Lightborn Syndicate,1,0,39384
-,0,1,15216
SOLAR BENEDICTION,0,1,0
Midnight Rose,1,0,10458
Heart of Thetford,1,0,11948
CATHEDRAL OF RAT,0,0,110380
I The Flying Dutchman I,0,1,159611
KADAL,1,4,288579
GIGAN VIII,0,0,22121
DlSBAND,7,6,3017196
GIGAN VIII,3,6,1144000
Kingdom,0,2,194489
GOBLIN CAMP ID,11,5,1172332
QuQnnTATnnOvO,15,14,2693502
Meowfia,0,1,36374
Alone in The Mist,0,0,9595
Alone in The Mist,11,12,747237
I The Flying Dutchman I,2,1,1699120
Ethernal Winter,0,0,161600
KongFu PanDa,0,1,537829
HaChiu,2,1,104973
Creation Camp,0,0,9986
-,0,1,0
TRlUMPH,0,5,523825
Future Party,12,19,23752491
Samsara,1,7,299794
Varguard of the Fallen,0,1,0
GOBLINS,10,1,2479934
Boar Army,6,8,2734221
Forever Night,0,3,3942
Manhattan Ape Gang,0,1,0
Freaky Fools,1,10,1468024
Another,17,20,11270754
-,0,3,210180
Dreamweavers,1,4,1042285
Skyrim Equilibrium,3,7,246388
Buccaneer,0,3,0
GIGAN VIII,0,3,44539
GOBLIN CAMP ID,26,22,1825440
snow forest,12,1,2105799
Filibusteros,21,16,5189036
Cut Throat,6,4,1677175
-,0,3,104836
Meow Immortal,14,6,954457
Another,88,33,24096464
Gold Pigs,9,14,2255491
CAOTAIBANZI,40,7,1998802
C O V Y,0,1,10529
C H E C K M A T E,0,2,11920
Sea Lion Victims,7,4,1873242
-,0,1,0
The Savior,1,0,140893
MO GU,2,2,691564
AFTERMATH,0,0,18089
V1OLET,0,1,66531
Lockup,2,3,46050
Filibusteros,0,1,188998
Free Butterfly,4,7,855424
We Are Revengers _ WAR,0,1,0
Pierce,0,1,190014
Man Down,0,3,0
BlackTemplars,2,0,184522
-,3,1,376670
The Last Generation,0,1,0
N3Z3R3UX,2,7,272264
Cops Sterling,0,1,46197
CAOTAIBANZI,35,9,2089967
TG GreyWolf,1,0,171102
9INE,4,30,13095831
Crusader Kings,0,3,1468637
-,0,1,62173
Blue Phoenix,0,1,309179
-,4,1,593659
Griffin Empire,6,5,1886266
Mythical Knight,1,2,39302
SubuTai,7,5,7591358
Fenr,46,4,10941163
VietNam TheFord,0,1,56080
CapybarAAAA,0,5,1392369
MAX VERSTAPPEN,1,0,41935
10 My friend are coming Run,6,10,394672
One Shot,1,4,253315
HYBRIDS,173,23,8726920
1Mmortal,69,26,18427345
Real Man,0,0,202345
Once Upon a Time,0,1,150331
-,0,2,0
Alpha Warriors,1,1,39068
Griffin Empire,0,6,1499993
Red Circle,0,2,179416
PLAC,0,0,86708
PL4B,0,4,201833
-,1,0,178573
AK-47,1,1,30670
StarsSky,0,1,0
PSC,0,0,320675
Wing of Liberty,1,4,256960
1gaywoligiaogiao,0,0,648
Red Circle,0,2,118998
The Zenith Stars,33,29,2809250
-,0,5,734022
Forever Night,2,1,1264056
Future Party,0,3,525222
CoCa1nE,2,2,306418
Jia Nan,5,15,780803
Sunset,23,15,6600924
-,0,0,19648
KaLaewKaLad,1,1,217574
-,0,3,0
Ocean Waves,11,6,1255496
Crazybabys,5,1,1251678
KuromiO3O,0,3,853262
Tree Viper,22,46,15937818
S1LVER,0,1,0
GOBLINS,19,7,5539805
MINlONS,0,3,1081880
M A R S,4,4,301654
Shotgunboop,0,0,1534
5784,0,9,13464
GOD EATER,2,2,44728
Freaky Fools,0,0,0
GIGAN VIII,2,3,239466
Heart of Thetford,0,1,32728
GATHER SELAMANYA,0,7,94328
anomali SILUMAN,0,1,0
HEAVENLY GENERAL,1,1,71643
-,2,4,49558
Meow Immortal,0,7,133527
Wing of Liberty,1,2,10634
TRlUMPH,0,4,87891
Revolutional Army,0,1,0
KPA,3,0,95153
Sapling-MIU00,0,1,23882
S D G,2,14,790149
CCTV,0,2,89433
NO_OC,0,1,0
The Last Generation,0,2,193400
Family Type,4,5,211431
RABBIT RAIDERS,4,9,903467
I The Flying Dutchman I,0,5,2246915
-,0,0,13188
NULL,40,13,5952837
Another,16,2,1936645
Watchmen Guild,94,13,7184497
C H A K R A,0,1,0
RESPECTED FAMILY,4,9,197975
Hymn of Valor,1,0,100018
DragonWorld,4,9,381890
Real Man,2,3,215369
Earn money,4,11,573206
HeIIo Kitty,14,14,14716269
HelIo Kitty,7,5,3297371
Garden babys,2,4,448091
The Neighborhood,0,1,62817
Tokhang,3,3,267657
-,0,1,38870
-,0,1,0
The Myth,6,9,545431
BlueOwl,0,2,0
The Black Banner,0,3,121531
-,0,1,119152
BeasTDaK,0,9,3763138
MaFuMaFu HEAVEN,0,0,26929
VINA HOUSE,3,17,529521
321 Demass,12,3,356430
Ban,5,3,170929
Beavers,0,1,0
MELEE,2,3,94470
Helios Phoenix,3,2,772589
Laughing Boulevard,20,14,15937165
Fightin fool,2,4,400518
CapybarAAAA,12,9,4152828
Mythical Knight,0,1,0
JARERNs,2,3,104350
Never Regret,2,11,631561
-,0,1,0
CATHEDRAL OF RAT,0,0,152991
BeasTDaK,1,1,88226
eRa Empire,1,0,18166
Kingdom,0,4,192639
-,1,0,29544
G A N K S T E R S,0,1,0
BeasTDaK,0,1,32169
Kendan,0,2,0
cat and rat,4,4,132779
SO EZ,3,7,712227
CNTC,20,19,736590
Wing of Liberty,1,1,202904
Crusader Kings,8,3,2712368
K R U N G S R I,5,4,173014
Civic,2,4,272934
9INE,0,1,296225
Mika,3,8,4048981
All In Fighting,1,3,3327534
Mika,1,1,293583
Samsara,0,1,0
Farm Or Die,5,3,153663
BigCat,0,1,0
Floralia,0,3,1076032
Avalon Little Punch,1,2,54963
Frostborn Exiles,0,0,9581
Kingdom,0,1,102064
China,12,24,5529907
HARAISE,0,1,0
momok,0,1,48896
SELANANGAN,1,1,21368
P U R G E,112,8,13470566
conquer,6,16,2328870
-,2,4,112653
321 Demass,0,1,0
BLACK BANDIT,5,1,369857
Gungn1r,0,0,131243
Tree Viper,44,12,3099769
BW_ORGANIZATION,0,2,72857
C H I,0,0,6310
Invade,14,5,5446717
SubuTai,1,6,1055265
Chikipi,17,18,8724834
Children Of The Dragon,5,1,641830
Rescue Station,41,16,13515202
BLACK BANDIT,3,5,957607
-,0,1,0
eRa Empire,2,4,273205
NULL,4,11,1682537
Minerva-X,0,1,332336
T1 FAKER,7,12,518010
Nang Pi Yan Zi,1,3,21645
-,0,0,67292
-,1,8,111948
pick me,0,2,0
BeasTDaK,0,3,356279
CHILIZ,0,20,6706084
H Y P E R T E N S I O N,0,2,115788
ENDANGERED,18,9,2769769
CHILIZ,0,33,28677006
Mythical Knight,0,4,53857
0-Infinity,0,0,6596
-,0,5,16841
CTRL ALT DEL,1,1,50490
THE RELATION,0,1,0
-,0,1,0
-,1,0,26538
Buzztard,2,5,148303
Masked Bandits,4,0,644638
MINlONS,13,5,2761109
HIGHT AND LOW,0,1,0
PSC,16,37,4263603
Cempaka,17,6,1260944
Minerva-X,24,15,3701534
RABBIT RAIDERS,8,9,975471
SPES,0,2,18064
UnifyVN - 304,2,4,125037
-,3,2,87467
Kingdom,0,11,2374118
The Scarlet Dawn,2,7,139397
Warhammer Defense Core,3,3,135657
Switching To Heals,0,5,0
-,0,1,113045
Black Ops,0,1,8099
UnifyVN - 304,0,1,79747
PSYKOPATH,4,5,420641
Gold Pigs,1,3,463738
All The Villains,33,49,18639162
CHILIZ,14,21,6585855
PLAC,5,4,375946
MO GU,5,7,758005
RABBIT RAIDERS,9,0,1219470
PSYKOPATH,1,3,80703
Freedom_Castle,0,0,68496
Blue Phoenix,1,5,190029
Buccaneer,3,3,6867004
GIGAN VIII,0,12,1425097
GuGu GaGa,2,4,974899
THE RED SPIDER,0,0,31508
-,0,1,0
Shu Shan,0,0,23942
AVA,2,1,431859
Energeeks,0,1,0
-,0,1,0
ERASE,8,16,5705546
THEMERCENARY,0,3,0
Empyreus,22,23,3128649
BeasTDaK,1,2,1191767
-,0,1,159078
Chosen Few,9,6,1174889
An Guild,9,10,1322252
CHILIS,157,34,11555374
D R E A D W A T C H,48,21,1906446
-,0,3,0
ScarletValkyries,2,8,988454
-,1,2,2261404
NEXUS FAMILIA,0,3,2906
GOD EATER,0,1,0
PLAC,0,11,2365448
P U R G E,2,3,1094073
QUILL,0,1,9198
F I K A,1,2,459643
Fire Boys,5,4,1079219
V A G A B O N D,10,13,4429917
An Guild,0,3,273587
-,2,0,150194
H G,9,17,509711
PAPAYA POKPOK,13,5,1170624
Laughing Boulevard,10,4,5499007
LYM PORTAL,1,1,225345
-,1,1,92070
FROST DRAGON,3,1,165586
Bounty Hunterss,2,2,334670
I The Flying Dutchman I,47,14,21726624
Griffin Empire,0,20,1614328
NINJAS,0,3,0
1Mmortal,0,0,534491
Meerkat Assemble,0,4,427329
DIRTY BUSINESS,0,1,48377
-,0,0,5062
123qaz,0,1,0
Lai tsai Project,2,0,187490
TRlUMPH,10,14,3138605
I The Flying Dutchman I,1,8,3116609
Rescue Station,0,0,427710
ory,0,0,293561
-,0,1,0
PSC,1,2,1552839
Black Sails,2,1,378419
-,0,3,3311
Real ONE,14,12,18869481
After Cleric,7,3,6159340
BeasTDaK,6,11,2780098
Jagdgeschwader 52,0,0,3892
Dworf,2,0,70611
-,2,0,47295
Ala,0,2,9264
VINA HOUSE,1,11,719111
Dragons Breath,1,4,197343
Singosari,8,7,1124887
Garden babys,1,2,203579
REDHAWKS,0,2,0
-,0,4,3463
Master Siomai,1,2,142371
THEMERCENARY,0,1,52658
Frostborn Exiles,0,0,10645
TRlUMPH,6,2,838196
I The Flying Dutchman I,5,2,1718081
Freaky Fools,0,3,712676
Meerkat Assemble,14,8,3267202
Western Paradise,8,13,5553468
koryen,1,1,39818
PLAC,1,3,503377
MO GU,0,5,1231231
-,0,2,18946
spapi,2,1,148840
Cops Sterling,0,4,7354
-,0,0,13966
Ikatan Pemuda Fortsterling,0,1,20427
ChillWith Me,0,0,3274
CHANG,0,1,73224
F R O Z E N,0,3,468016
-,0,0,8862
Azurel,4,1,929368
R E V O L U T I O N,7,2,661943
Spero Spera,1,2,514508
Steel Horizon,0,1,0
All Rise,3,8,603779
Forever Night,0,0,7579
Lucky Fools,1,5,487324
VINA HOUSE,0,3,23422
itinerary,0,3,59655
-,0,1,26105
G A I J I N,19,6,561807
-,4,1,592152
Enterprises,0,2,284181
9INE,6,14,2595395
-,0,3,2505
KongFu PanDa,54,39,13087077
Nox Academy,0,1,0
WARDEN-SLAYER,0,3,1131947
SpartanS 300,2,0,168457
GRIEVING-SOUL,2,1,164245
F R O Z E N,35,16,2401482
Helios Phoenix,4,10,1479772
Once Upon a Time,0,8,350534
Knights Of The Round Table,1,5,30280
Screamy,0,2,157698
MoFuMoFu HEAVEN,6,18,532995
Griffin Empire,0,9,1328909
MoFuMoFu HEAVEN,0,1,0
Clap Me Daddy,6,8,3150586
SubuTai,72,23,14012364
-,2,3,233953
The Paladins,2,0,366915
-,0,2,466028
S D G,2,6,216745
Lucis Trust,0,1,1305203
-,0,2,16605
TGIF,0,4,2690189
Stormwind City,4,5,121941
GIGAN VIII,5,18,3375301
The Lightbringers,0,1,2448
Fish Mercenary,0,1,0
Creation Camp,2,5,79490
Xandros,8,11,280984
OneDone,9,5,1909415
Raven Reaper,0,0,13327
Kids On The Move,0,1,18744
RABBIT RAIDERS,0,0,50952
Rescue Station,3,14,5960180
-,0,2,563364
Frostborn Exiles,2,1,115566
DOKDO,1,3,73977
BLOB,1,5,1214378
-,0,1,0
AK-47,0,1,74710
-,0,1,0
AK-47,1,1,78943
xCUTIESx,0,3,197833
Wysteria,0,3,230383
-,0,1,0
FORTUNAtE,2,2,66831
Sylvan Gaia,3,8,340062
AAAAA,1,3,111864
Frostbite Reapers,23,16,3300962
Reworld,38,24,9642451
-,0,1,0
WhiteDragons,36,11,1208923
-,25,4,1344303
BigMoneyBaddie,5,0,405060
Stellar Alliance,23,15,5113177
Screamy,2,7,247562
A p os t l e s,6,13,1067446
H U P,8,17,2881573
Smuggle Den,0,2,0
-,0,1,0
Iron PMC,0,0,17027
Cosmic conqueror,0,2,0
-,0,2,42685
WhiteSuits,0,0,7329
MoneyHunter,12,9,653193
Inevitable Glory,2,2,85319
C O V Y,0,1,68317
SO EZ,0,1,92528
Stellar Alliance,10,7,2051812
-,2,6,211596
TONPA GANG,0,2,109713
-,0,2,0
Frostborn Exiles,0,0,62302
Multi-Nations,0,1,0
-,0,1,13140
Mika,0,3,129354
Solo-King,0,9,3226868
CCTV,0,3,795595
INTERGALACTIC BAGANG,0,1,0
LUPAC,0,2,0
GOD EATER,0,1,0
KYNO,0,1,0
eRa Empire,0,3,233237
Ordo Musaceae,0,1,0
The Academy,2,3,91047
HuaDaBin,0,2,529096
-,0,1,0
Noctis,2,18,2203032
CHILIZ,40,37,16756667
-,0,2,0
Lune,5,11,376266
SLAF,0,2,0
Boy Fearless,1,3,68604
The Lonely Moan,0,5,97710
Pussi Gang 69,0,2,810451
Shark Chew Toast,0,4,0
The Ruthless Angels,0,1,0
All Rise,1,1,5867350
F A M I L Y,1,0,165328
Crusader Kings,2,3,536967
The Noobiez TH,0,2,0
MALIGNANT,2,5,483556
Conscripted,2,15,6363182
-,1,1,33669
Griffin Empire,2,0,21517
F I G U R E,13,22,5578200
INDONESIA MERDEKA,1,1,15106
Silver Sky Crest,1,0,71070
Griffin Empire,0,4,0
Ordo Musaceae,5,11,1203709
PL4B,0,5,267741
The swallow,2,7,2145558
M A G A,0,2,0
-,0,0,25473
Ocean Waves,0,7,158907
-,0,2,25648
V1OLET,6,11,2698041
THE WARRI0RS,0,2,6890
Technique,0,2,0
Liberty World,0,2,1786
F A M I L Y,10,17,10630061
Rescue Station,1,3,1419885
All Rise,0,2,508851
Creation Camp,1,1,78320
TAKEDA 24,0,0,138113
GUILLOTINE,1,0,1780792
NikaaSweet,0,1,0
BeasTDaK,2,0,738031
CHILIZ,21,30,14814592
Red Circle,0,1,0
CHILIZ,57,34,16563734
Rescue Station,0,0,132380
The Neighborhood,16,9,2065823
The Neighborhood,1,2,11836
bosaBOSS,12,6,784623
PLAC,7,3,11820691
CHILIS,16,7,18230076
TAKEDA 24,0,7,212481
NULL,15,7,4272140
-,0,1,68888
pig bank,0,2,0
-,0,1,0
-,0,2,0
Blackfang Covenant,3,4,303561
Space Wolves,0,0,17085
ACM,0,1,158985
Western Paradise,0,4,736941
ARTIKULO UNO,0,5,941869
-,0,1,144077
DlSBAND,5,9,1973843
asile,0,1,0
Reworld,5,3,518652
Forever Night,1,2,288464
xxSOLVANE xx,0,1,20803
Helmet Bahini,3,0,42963
F A M I L Y,9,1,2343748
Bungsamphan Leagacy,0,1,0
Singosari,0,2,40038
Pierce,0,1,76401
MINlONS,1,4,1136270
R O S E,26,10,3650794
-,1,0,47384
Demon Fang,6,10,499839
Children Of The Dragon,0,1,20348
Boar Army,5,4,1240648
-,0,0,4173
Anar chy,0,3,169862
T1 FAKER,27,27,1317448
Children Of The Dragon,0,0,105765
Reworld,0,7,34231
Nellie,0,2,0
Ban,2,0,80969
PLAC,0,0,4424766
MooMoo,28,9,12001833
Black Sails,1,3,50267
Chowking,0,0,22161
Fenr,0,0,18596
atssa,2,4,920257
Kamikaze,0,2,0
WhiteSuits,1,0,166627
-,0,0,12350
Kamusari,0,4,2538712
-,4,0,2062694
SHOWTIME,33,12,3538874
BLOB,0,9,835139
Griffin Empire,19,23,6746267
R E V E R I E,1,3,182522
NekoParadoxia,1,1,6635
Technique,0,1,30706
WhiteSuits,25,38,3971862
MoneyHunter,12,13,839463
Griffin Empire Bomba,1,1,683395
-,0,0,2400
BounTy_TH,0,1,20330
PLAC,6,14,6378332
-,4,0,308263
P U R P,0,20,1821721
-,0,0,1608
Chikipi,4,5,2098444
Griffin Empire,7,5,2386393
TEAM_MEMOL,4,7,881501
PLAC,17,9,10671967
CHILIS,37,9,16236360
Buzztard,4,19,2056189
Dark Looters,49,20,3197292
Dread,1,1,434009
G U I L D,4,15,262901
KAKI TIGA,0,3,108627
-,0,1,0
GIGAN VIII,0,9,1204164
DlSBAND,3,10,2914164
Singosari,2,0,42028
Griffin Empire,3,3,2664192
Driffter,0,0,62324
Western Paradise,27,40,11409897
BL4CKOUT,53,22,2148309
Boar Army,19,27,7424595
Endernations,1,1,33152
Coup de grace,36,28,7195807
Battleborn,2,0,351572
Once Upon a Time,0,3,156409
World BOSS,0,1,0
The Reachers,0,1,0
WARGA KONOHA,0,1,0
Lymhurst Ranger,1,0,36590
Singosari,0,11,213430
The Salty Chefs,6,0,317509
Minerva-X,0,5,42641
B L A C K P E A R L,0,8,413287
Free Butterfly,0,8,780360
Kunfayakun,0,1,0
Villain Society,0,0,847811
-,5,2,862978
PLAC,1,15,9357553
Beavers,16,4,6441231
Ordo Musaceae,0,0,1365
GOBLINS,15,9,4667306
TGIF,13,16,9561268
snow forest,0,0,958670
HuaDaBin,7,9,2894139
-,0,1,20478
Chien Than Academia,9,2,3625216
TAKEDA 24,5,9,343787
pig bank,2,5,258110
AK-47,5,3,352443
Hymn of Valor,0,0,2124
Meowfia,0,1,13166
Gold Pigs,7,2,730174
GOBLINS,13,8,7961871
TGIF,20,24,11971361
S D G,3,17,293470
F A M I L Y,17,0,4783608
-,0,0,1722
Nang Pi Yan Zi,0,1,21645
Iron Dominion,0,0,7379
Space Wolves,0,1,48471
Ayam Tempur,0,1,19198
-,1,4,136574
-,0,2,0
PL4B,0,4,361868
Chola Empire,0,4,44635
Holy Black Knights,1,1,67935
Liberty World,0,2,604387
-,0,1,0
Pussi Gang 69,0,0,107883
P U R G E,5,6,647832
FLOPIT,0,0,33055
I The Flying Dutchman I,0,1,0
A X E,1,7,144797
Meerkat Assemble,12,14,3283680
Star light,0,1,0
HIRAYAH,13,4,349328
Kunfayakun,0,0,2259
Minerva-X,0,5,431525
-,0,0,44317
Tree_Of_ Faith,0,0,5346
Kingdom,12,5,888542
Singosari,0,1,81906
Dreamweavers,0,11,161021
Forever Night,0,2,199965
Griffin Empire,3,9,2328274
Medieval,0,0,8524
K R U N G S R I,0,1,0
AAAAA,2,13,272924
CTRL ALT DEL,7,8,5716998
-,1,1,102563
MABAR,0,0,4897
Topspire,4,1,408840
TRlUMPH,1,1,490230
Pierce,13,7,1362233
Invade,8,4,2464947
The swallow,14,6,1357362
-,0,1,20260
All Rise,5,11,10904680
PLAC,3,3,4429538
High Cards,3,8,249403
-,2,0,214741
-,0,2,5719
Warhammer Defense Core,0,0,6935
TRlUMPH,0,1,501382
Ascensum,3,1,95562
Ocean Waves,1,2,199724
-,2,2,128517
AAAAA,0,2,121215
PLAC,59,29,5888659
PSYKOPATH,0,3,196469
AVA Tactical Squad,4,7,577666
THE WARRI0RS,0,0,75209
ACM,2,2,475596
One More Times,4,2,1198860
-,0,1,2790
AK-47,2,2,197335
Western Paradise,34,47,15287997
The Boyz,7,1,292337
Pierce,0,0,26700
Singosari,3,3,154307
Free Butterfly,1,0,360
R O O K I E S,1,3,1570023
BeasTDaK,22,9,5999492
Government Program,0,1,0
PLAC,56,6,17261482
W BLOOD,5,5,147607
Marlotck In Heart,0,1,53523
RYLs,0,1,31071
The Drop Bears,5,2,463584
Chosen Few,0,1,0
VINA HOUSE,0,8,66101
NO-RE,15,23,11064154
Spero Spera,0,1,4432
TEAM_MEMOL,0,0,33055
Never Regret,0,7,424690
QuQnnTATnnOvO,0,2,0
Finish,1,5,603125
THEMERCENARY,0,1,0
H Y P E R T E N S I O N,21,37,2774090
GARUDA LEGION,0,1,2203
Kingdom,0,1,77420
NoobGaming_YT,0,3,0
not cute anymore,2,10,1013002
South PH,3,0,109398
God_Of_War,5,12,938262
-,0,1,0
Red Paw Gang,0,2,29289
Topspire,2,3,673725
TRlUMPH,5,9,1094171
-,0,2,0
V1OLET,0,11,303204
AK-47,3,5,182925
-,0,1,0
-,2,0,526210
VINA HOUSE,0,2,13685
Invade,1,1,825355
GOBLINS,1,3,485300
Meerkat Assemble,41,28,20561908
eRa Empire,0,2,56682
-,0,1,0
Monks,0,3,0
RAPTOR TH,3,4,300245
CTRL ALT DEL,0,1,0
-,0,1,0
Green Shadow,0,0,2097
Money Belief,0,2,0
UnifyVN - 304,2,6,619708
PLAC,7,15,8873896
F A M I L Y,1,3,119043
Judy no go Cindy no come,0,0,171622
Rescue Station,16,2,5802893
Helios Phoenix,0,1,364258
I The Flying Dutchman I,4,4,3015748
A X E,0,4,23733
KaLaewKaLad,1,5,559202
B L A C K P E A R L,7,10,1946786
Invade,16,1,3013940
Real Man,4,16,3709198
Isekai46,1,2,50501
FoeverYoung,0,2,0
CHANG,1,3,45997
MELEE,276,21,13331657
The Myth,1,1,34952
High Cards,14,7,2004155
NobleBloodline,0,0,63632
Revolutional Army,0,1,0
Wing of Liberty,0,1,81496
COALITION,2,23,3622703
CHILIZ,6,45,21278279
Fire Boys,0,3,140315
Civic,0,3,146649
TRlUMPH,19,29,9635770
Farm Or Die,11,2,826428
MIKE TEA,0,3,358675
Rothschild Business Empire,2,0,175655
Big Boost,2,0,178325
Master Siomai,0,3,85580
Shut It,0,1,0
TEAM_MEMOL,0,3,23321
-,0,1,27176
Creation Ph,0,1,0
Fameta,0,1,0
Psz,59,13,11989453
Meerkat Assemble,1,5,1051439
HuaDaBin,2,4,421787
V A G A B O N D,1,1,958917
Crazybabys,0,1,16896
-,0,1,0
SANDBOUND,0,0,25988
Chosen Few,0,1,0
Tarumanagara,5,10,315863
-,2,7,195981
God_Of_War,1,11,1597545
Macho Media,5,4,1098351
Fate,0,1,28387
-,0,1,0
TRlUMPH,15,20,5524500
Tengkorak,14,10,481989
Lex Talionis,1,0,136696
Snowflakes,2,4,500893
itinerary,1,1,55740
Chosen Few,3,13,881721
Meow x Meow,0,0,44399
not cute anymore,3,1,408482
V1OLET,20,22,2502681
Aetherion Order,0,0,23963
WhiteSuits,4,4,218954
Tree Viper,5,3,820621
All The Villains,10,13,5674189
TGIF,9,9,4994614
Paragua,1,1,45620
EL FAMILIA,0,1,47790
-,0,0,105245
Galiants,0,1,4940
M O G A,8,7,1360792
-,0,1,0
-,0,1,0
Dragon Blade,0,2,7312
BeasTDaK,35,16,7527753
MO GU,17,15,5444021
PLAC,2,0,740535
WARGA KONOHA,0,1,0
H Y P E R T E N S I O N,0,2,262333
Samosa With Chutney,11,1,210122
Archiles,0,1,0
7FALL,3,2,152068
I The Flying Dutchman I,0,0,215965
WhiteSuits,4,10,1005641
pig bank,0,1,55987
The Blaze,1,12,177845
Freaky Fools,0,2,0
Solo-King,28,37,22737280
snow forest,5,5,2716949
OMNI SLASH,1,1,304568
All Rise,53,46,18773603
Trials of Twilight,0,1,0
One More Times,11,3,1482491
Real Man,6,11,2154163
High Cards,7,10,242419
Fake engage,8,12,235131
Rescue Station,32,10,8515467
Chien Than Academia,5,2,151755
-,0,0,24247
Husky Empire,0,1,170921
ROYAL,0,8,725991
R O S E,17,14,5962682
High Cards,0,10,93831
MANIFEST,4,3,49048
-,2,0,45134
DEATH PARADE,0,1,46757
DOJO,6,3,1259392
TAKEDA 24,0,2,0
The Castle Knights,0,4,19480
GOBLINS,13,13,4559670
Karmic,4,11,1070166
M O G A,24,7,2483472
Wavei,0,2,55412
-,1,1,83087
Ordo Musaceae,2,0,100410
Im so hungry I could eat a dog,24,6,3630904
Future Party,1,6,1286512
Invade,13,12,7500230
PAPAYA POKPOK,4,9,665174
snow forest,10,21,7166626
RABBIT RAIDERS,5,0,280395
Enterprises,1,1,96597
1Mmortal,4,4,1663092
-,0,0,31005
-,0,2,130933
Azurel,15,7,4645203
Nemo Nemo,18,40,12244125
Crazybabys,5,5,1008324
Meerkat Assemble,8,7,23078744
QUILL,1,2,246802
2077,1,1,87945
BEHEAD,37,9,8253125
My Lethal Pony,53,11,2485756
KaLaewKaLad,24,15,3183317
Once Upon a Time,7,15,10731341
Western Paradise,17,35,12712319
TAKIP-SILIM,0,2,0
-,0,1,0
China,63,17,6110869
-,0,1,12430
Crusader Kings,32,29,11230369
9INE,85,69,25104057
Dystopian,0,3,414533
Boar Army,0,1,212445
Cholecystitis,0,2,15846
Louis Bean,0,2,7914
hodsusrussia,6,1,746972
Mammoth King,1,3,2259995
Mika,6,25,10503938
M O G A,0,2,0
CoCa1nE,0,3,1112534
ScarletValkyries,0,1,0
Sunset,3,5,1684834
Allahu Akbarrr,33,14,5618937
Karmic,0,0,193599
Kingdom,1,4,340062
Real ONE,0,2,1640025
Summers,0,0,24326
All Rise,0,0,331688
netizen indo,0,2,0
N E R F,21,15,2253279
Oops You Died,0,1,21178
CHIAROSCURO,1,0,96187
-,0,0,2522
Life or Death,0,2,0
PLAC,11,9,12925083
MooMoo,11,18,19103668
All The Villains,0,3,277315
M O G A,0,4,988939
KajiRingo,0,1,0
gou8,14,2,429336
Red Circle,0,6,257892
F A M I L Y,2,1,229659
snow forest,29,13,6897267
-,2,1,70704
Gondor,1,4,120113
World BOSS,0,2,207937
MiMe,0,2,14323
Save Me,0,5,108034
Cringe Corp,1,0,23151
-,0,1,0
Meerkat Assemble,0,2,427772
not cute anymore,9,2,1306215
All The Villains,2,0,150170
-,0,1,0
-,0,1,0
V A G A B O N D,2,0,190366
Capital Cartel,0,1,0
-,1,0,23118
Freaky Fools,28,7,4044046
Heartsteel,0,0,284061
PalaceGUARD,8,4,1312209
Psz,21,9,5468234
Phantom Legion,0,2,144965
The Noobiez TH,0,2,3685
Jia Nan,0,0,7525
Farm Or Die,14,9,1485189
Tohou Project,0,1,827506
CoCa1nE,0,3,236002
You Shall N0T Pass,0,2,65125
-,0,1,0
P U R G E,12,3,3537218
COALITION,0,4,128100
EQMS,1,0,377441
Dread,0,4,1215247
Topspire,0,1,299195
Future Party,2,11,5957247
NB FOREVER,1,2,435239
Boar Army,1,4,61236
Singosari,0,1,0
-,0,2,86502
GIGAN VIII,4,7,1227257
-,15,7,2904174
Martlock Elite,3,1,189749
ARTIKULO UNO,15,4,1400286
Invade,1,0,716653
Laughing Boulevard,39,17,10703117
Lao Qian Xue Yuan,0,2,14004
Dotorii,5,4,407160
I N D O N E S I A,0,0,1833
Ayaka,0,1,0
Multi-Nations,0,1,26432
The Myth,0,2,359746
Onely,1,4,215649
-,1,6,385663
-,0,0,71507
PARAG0NS,0,2,35639
Singosari,7,10,898663
-,0,0,324898
Invade,0,1,505518
OneDone,25,10,2837879
PLAC,194,37,27805855
Sapling-MIU00,0,1,105202
Tamilaga Vettri Kazhagam,1,1,376773
R O S E,7,16,2961987
Stray Socks,3,4,642627
not cute anymore,6,9,2254222
Rogue Cat,0,1,0
-,0,0,1741
New_World_Order,3,5,182241
The Northern Constellations,8,8,947581
ACM,4,9,3440389
-,0,1,0
The Black List,0,8,590513
itinerary,2,2,651509
itinerary,0,1,58346
Mika,3,12,806861
Black Ops,0,2,8099
-,0,0,46052
-,0,1,0
Boar Army,5,5,603479
niubidian,0,1,151882
PLAC,16,10,3533144
TRlUMPH,1,4,240547
HIGH RISK HIGH REWARDS,0,1,28243
ACM,0,9,1724333
JugGerNaut,0,3,66187
GuGu GaGa,30,17,8559996
Azurel,2,4,2064778
GIGAN VIII,3,0,317967
WHITEOUT,2,2,185649
INDOMINUS,1,0,57915
Chicken Nuggets,0,1,53658
HELIOS KNIGHTS,0,1,0
Lazy Bear,2,9,283910
DlSBAND,7,10,1742977
GIGAN VIII,0,4,396287
Singosari,1,2,500480
-,0,4,190628
The Lonely Moan,7,6,1245126
S Y N D I C A T E S,0,2,142694
HIRAYAH,5,6,648410
Freedom_Castle,0,1,0
Invade,0,2,0
-,1,0,248120
Wing of Liberty,0,1,134143
SHOWTIME,3,10,3958402
PLAC,10,2,605665
MO GU,0,5,2180664
Crimson Radiance,1,0,72849
The Neighborhood,0,3,454498
PAPAYA POKPOK,49,26,13261713
-,0,0,8212
First love,1,0,521638
-,0,0,3713
VIET NAM ssm,0,7,23159
PLACE FOR GATHER,0,1,0
RYLs,2,10,149993
Jagdgeschwader 52,1,1,149502
No Picture,13,3,841468
NO-RE,35,20,9596115
Torpedos,0,1,0
Real ONE,19,3,9923150
After Cleric,12,16,3705559
Real Man,41,20,5887353
First love,0,1,0
TAKEDA 24,0,1,1361
D E T O N A T I O N,0,3,224914
GRIEVING-SOUL,0,2,0
A p os t l e s,0,2,90757
-,0,2,0
CCTV,0,0,49013
FRONT2BRAWL,0,2,5475
boar armyx,1,2,34785
-,1,10,104331
The Black List,1,3,354772
Griffin Empire,0,0,14989
GOBLINS,2,11,1712261
TGIF,13,10,5969351
Warhammer Defense Core,0,1,0
eRa Empire,0,1,106066
-,1,0,98276
CTRL ALT DEL,0,2,47737
-,0,2,0
CALICO,0,1,50825
Noctis,2,2,120320
HIRAYAH,0,0,20147
Griffin Empire,1,2,396694
PVP With Me,8,1,663363
SOLUMBRA,0,2,0
-,0,10,0
Oracion VII,0,2,112528
TAKEDA 24,0,2,0
Meerkat Assemble,49,40,34689073
Solvania,20,7,1975056
-,1,1,86508
NUMEROS,1,7,214453
SO EZ,1,2,117641
OneDone,0,12,3609377
Snowflakes,1,1,573618
NEVERLUS,0,2,46174
HIRAYAH,8,23,1335423
Unholy Dragons,0,1,0
CapybarAAAA,120,22,6904362
-,0,5,11056
-,0,2,0
M U S E,0,1,0
RABBIT RAIDERS,0,1,0
-,0,1,58326
TEMPLARS_ORDER,4,0,264070
red king,8,8,5160085
I The Flying Dutchman I,1,1,629122
-,0,1,151403
-,0,0,28554
-,0,1,0
Minerva-X,6,10,1363552
LaiFaNongDer,0,1,1133887
Minerva-X,0,2,83047
F R O Z E N,0,0,11404
AAAAA,0,4,164466
KaLaewKaLad,11,1,1025744
Meow Immortal,0,3,7933
One More Times,10,4,2941563
Children Of The Dragon,3,1,1834296
CHILIZ,5,6,2617642
RABBIT RAIDERS,0,1,0
RABBIT RAIDERS,9,4,1249178
I Slytherin I,8,11,995187
-,0,1,0
BEAST BABY,23,6,2254051
Earn money,0,1,642566
VIET NAM ssm,1,3,173454
R E V E R I E,15,11,1163327
Nekorone,2,2,182574
AAAAA,19,12,884181
123qaz,0,1,0
MINlONS,6,3,1397688
MAYARI,0,3,286144
Real Man,57,39,15279587
I The Flying Dutchman I,6,1,4489118
Filibusteros,10,3,1421737
-,0,1,159878
HYBRIDS,4,5,1558468
Scythes Area,1,1,123550
-,4,3,402858
I TYRANT I,4,2,112369
Real Man,56,22,8420630
KAKI TIGA,2,1,62304
Meerkat Assemble,12,8,2503640
CHILIS,2,12,4757078
CHILIZ,1,17,2770569
F A M I L Y,0,3,1455510
PRAXIS,0,0,4490
Mam-moth,1,1,214268
OGC,7,5,2397705
Perlas,0,1,0
-,0,5,71135
NUMEROS,8,8,313283
One More Times,0,1,314181
The Black Banner,0,4,328954
MAX VERSTAPPEN,1,0,133754
Tuakang,0,5,12484
The Simp Gang,0,0,4465
-,0,1,4389
EMPYREAN PRIME,0,1,0
ABOVE HEAVEN,0,1,0
Skip Tutorial,1,4,592550
SO EZ,27,9,4987714
MooMoo,37,16,9511239
The Elders Pact,0,7,20613
Another,3,3,622990
SubuTai,5,1,1274174
Garden babys,2,0,45100
V1OLET,0,11,1859563
-,6,2,899203
Coup de grace,6,4,2151333
Boar Army,0,5,233517
Mammoth King,52,15,13039323
CHILIZ,9,6,2054556
Mika,47,5,3775200
-,2,0,626750
Yesllsvllsv,0,2,69346
MoneyHunter,0,3,42747
DOKDO,0,1,312551
GOBLINS,0,7,2223531
1Mmortal,1,1,1703922
RABBIT RAIDERS,7,12,2169699
PLAC,27,15,6547847
-,0,1,0
Singosari,0,1,39885
-,0,1,75398
Invade,9,9,6272828
WINDPhoenix,3,5,465900
ACM,2,2,1895278
1Mmortal,17,13,13966650
Noob Family,1,5,45638
Enchntd,0,1,0
Real ONE,0,14,8469942
Chikipi,75,26,31446999
Death Of Ava,0,1,0
Freaky Fools,0,3,3942
SubuTai,0,0,268396
GANH KET DONG ZAM,2,4,451759
UnifyVN - 304,2,3,1231875
Space Wolves,0,1,0
Ping300,24,8,4715670
After Cleric,4,1,836173
F A M I L Y,31,7,11823638
Crazy D1ck,0,1,0
KingdomOfJesusChrist,1,1,39608
BDEXs,1,2,79813
-,0,0,29304
Real ONE,47,11,5257976
After Cleric,7,5,2906326
TESTUDO,0,2,109165
Hunter Hunter,0,0,8570
The Lonely Moan,1,5,149778
ALL VICTORY,5,2,3590466
-,0,1,0
TRlUMPH,0,2,0
-,0,1,0
THE WARRI0RS,0,1,5854
-,0,1,15550
Mika,35,42,13800317
-,0,4,0
mechanical,10,20,1019851
Tengkorak,0,1,79776
PLAC,44,22,12341611
THEMERCENARY,0,3,25382
V1OLET,1,14,2186194
-,0,1,0
Kunfayakun,0,2,59992
Astartes,1,0,45311
-,0,1,19042
Freedom_Castle,3,3,34177
Eternal Catastrophe,0,1,18712
KongFu PanDa,9,7,2276268
The REVENGERS,0,1,0
Reprobate,0,1,16239
PLAC,2,0,2047147
Pierce,10,3,1868988
AZKALZ,0,0,25918
B o S,0,7,19776
Wysteria,18,28,7664431
Invade,0,0,179039
All Rise,3,15,5513739
China,11,3,2173808
CtrlAltDefeat,17,8,1941863
Blackbeard Pirates,0,1,0
CRACKER,3,1,40919
NGGang,1,2,17583
Onely,1,3,33678
-,0,1,0
KAKI TIGA,0,2,24586
Cut Throat,0,1,1153002
Filibusteros,2,12,5009404
Black Sails,0,1,0
COALITION,0,4,988705
Fightin fool,1,0,258337
G A I J I N,0,2,8719
PARAG0NS,3,2,152580
-,1,0,641703
Laughing Boulevard,60,10,18115712
BeasTDaK,0,4,1810083
Conscripted,0,1,110127
INDONESIA MERDEKA,1,6,7715
eRa Empire,0,1,262297
WhiteSuits,1,0,120501
-,8,2,585073
South PH,86,11,2808280
GAMZA,0,7,1185886
MANIFEST,0,5,49048
Fightin fool,3,8,798762
NIMBUS,5,6,660065
AFTERMATH,0,0,45232
Villain Society,0,1,66945
GOD EATER,1,6,298362
Item Collector,0,1,0
TAKEDA 24,0,1,0
The Elders Pact,3,1,184876
ALBION AFTER S3X,0,2,25056
Tengkorak,0,0,19257
Freaky Fools,0,2,1095043
ALBION AFTER S3X,5,3,84438
Dragone Slayers,0,1,0
-,0,1,0
Bapack_2Nge-Game,3,5,1022315
The Salty Chefs,47,39,10301826
Boar Army,28,27,7063345
Reworld,1,11,4079177
You Shall N0T Pass,14,22,5417922
VIET NAM ssm,3,3,25028
One More Times,0,2,64637
Crusader Kings,0,2,950371
9INE,11,6,2781294
Dragon-Mi,17,0,2418262
VINA HOUSE,0,1,0
SO EZ,0,1,0
SO EZ,40,20,10234876
KuromiO3O,27,3,2497389
Master Siomai,4,4,28885
AK-47,2,1,195564
A Brave Man,22,15,5010425
snow forest,1,1,427539
AK-74,0,2,144393
Real Man,1,30,3813200
Western Paradise,6,55,15730338
UnifyVN - 304,4,4,1874899
Free Butterfly,1,3,263501
MCS-P,12,16,5415193
Forever Night,1,4,1545971
P U R G E,3,1,1381524
Auraka,0,2,0
Your Father,0,1,0
BLOB,3,3,572346
B L A C K P E A R L,0,1,9905
Future Party,5,17,14794405
The Castle Knights,0,7,61506
-,0,0,16605
-,0,0,45549
Meowfia,13,11,4076888
PLAC,51,5,16316120
All Rise,83,23,25435929
BanhMi-Gang,3,8,775268
Empyreus,2,3,154768
Driffter,12,19,413430
Lucky Fools,0,3,151912
Matcha Ore,3,7,1077867
-,5,3,287573
The Lonely Moan,0,1,36098
-,0,0,28882
THE WARRI0RS,1,5,230387
The Neighborhood,11,7,316302
Black Candy,2,19,334754
-,0,1,0
Mighty-Hearted,0,3,14242
Kunfayakun,0,1,9983
G G E Z,1,4,187385
The Lonely Moan,0,2,281478
HIDUP INDAH,0,1,0
THE RELATION,3,0,253737
Singosari,1,4,30558
-,2,0,401144
Sunset,4,29,5149122
I The Flying Dutchman I,1,3,2400563
Forever Night,1,6,1938690
Chikipi,5,19,9824644
-,0,1,20048
TAKEDA 24,0,5,363250
G U I L D,1,2,35177
-,0,3,1187
BACK DOOR BANDITS,0,2,0
Cempaka,5,0,208269
DOKDO,1,1,48839
Menhera,0,1,117171
Another,0,0,600419
Frostborn Exiles,1,5,231438
Singosari,8,18,1972007
V1OLET,0,0,114311
CHILIZ,5,27,6795548
Finish,9,2,1012124
-,0,1,0
Master Siomai,1,0,540428
Mathias,6,9,220754
The swallow,0,1,562093
Crusader Kings,14,28,7576139
9INE,31,55,20292714
My Lethal Pony,2,1,431189
-,0,0,15550
THE RELATION,27,5,1738235
ROYAL CARTEL,0,2,0
Meerkat Assemble,0,8,2969295
Midnight Rose,0,1,6453
MCS-P,13,6,1833848
BeasTDaK,1,8,1321432
BeasTDaK,22,10,3936720
-,0,2,0
Kingdom,2,2,113740
SHOWTIME,22,7,2590551
COALITION,0,3,177771
Kunfayakun,1,8,629582
The Noobiez TH,0,1,56068
CHILIZ,48,19,13397817
ALA ALBA,0,1,55965
PSC,0,3,15585
9INE,0,2,354071
VIET NAM ssm,0,3,0
The Betrayed,0,2,0
Dworf,0,1,0
PalaceGUARD,0,6,5533491
PLAC,1,12,15568239
Floralia,9,6,617067
-,0,0,2110
Miunchkin,3,4,216567
Bretonnia,0,1,336217
HER MES,0,1,8830
S1LVER,0,1,0
QuQnnTATnnOvO,6,10,744526
Good Times,0,3,171220
Karmic,0,0,285331
netizen indo,0,1,0
Griffin Empire,3,5,2291197
Minerva-X,7,5,5769270
-,0,2,56706
AAAAA,26,36,2134501
Boar Army,1,0,232024
eRa Empire,0,1,53658
P U R P,0,3,721274
Boar Army,0,1,1036122
ROYAL CARTEL,18,3,824030
The Myth,0,1,0
All Blacks,0,1,0
Gold Pigs,0,3,45739
Boar Army,0,7,619108
Forever Night,2,1,233444
-,0,1,0
CNTC,0,0,53290
Raining,4,10,133239
Shu Shan,1,1,11315
Suger Babies,0,2,19107
Griffin Empire,10,12,4932203
Dragon-Mi,40,15,7518491
CHILIZ,49,18,15878928
CASTLE ASAN,0,2,47792
-,1,4,27070
Invade,6,10,1689954
Kunfayakun,0,2,153343
TRlUMPH,9,18,3337854
octugram,0,1,660
-,0,3,72010
-,0,0,793
anomali SILUMAN,3,5,558501
-,0,1,17028
All Rise,0,2,506780
-,0,0,2529
UnifyVN - 304,1,13,890300
Griffin Empire,0,1,191091
peace maker,5,12,758425
R E V E R I E,8,14,1541127
G U I L D,0,1,0
DOKDO,0,1,229962
Blue house,0,0,50219
I The Flying Dutchman I,5,5,18642943
Noob Family,7,1,317513
THE RELATION,0,1,0
-,0,0,22173
MABAR,12,13,1126980
RABBIT RAIDERS,5,3,329112
JugGerNaut,0,1,0
THE-IMMORTALS,0,0,9339
Another,15,56,27038232
-,0,1,0
War Bears,0,1,18473
-,0,6,0
-,5,1,401409
-,0,3,7282
RYLs,0,3,231485
Black M0nkey,0,1,160443
snow forest,3,3,611972
GIGAN VIII,0,2,30359
I Slytherin I,0,5,502194
GIGAN VIII,4,1,107755
DlSBAND,7,8,2003767
pig bank,1,3,226263
Stellar Alliance,5,2,2081543
NO-RE,41,57,20541719
CHILIS,7,10,1357447
All Rise,5,3,2269978
-,0,0,39247
JARERNs,3,3,126186
PLAC,0,0,317883
BlueOwl,5,12,229924
UnifyVN - 304,4,13,2516194
Invade,0,4,1471968
-,1,2,59522
VIET NAM ssm,3,0,109473
I Check Mate I,2,1,149589
LakeSide Villa,0,2,0
M O G A,4,5,566367
Guerilla Warriors,0,1,0
BangCuopLuongSon,0,0,15119
Boar Army,0,2,126854
HOLIC,13,24,1201017
Understand,0,3,30538
Wysteria,16,4,3819414
GRIEVING-SOUL,0,5,399597
Western Paradise,2,27,4862551
MoneyMoneyComeOn,0,2,0
Baby_Paradise,0,1,13435
Psz,7,11,5122350
-,0,1,0
GuGu GaGa,29,12,5957417
Echoes of Luden,0,1,0
CRACKER,0,2,17908
Apa ini Apa itu,0,1,0
Dragons Breath,0,1,157409
mechanical,2,0,64576
Apa ini Apa itu,0,0,15098
-,1,0,135753
Universitas Perkocokan,8,5,343468
ALBION AFTER S3X,7,6,845779
Heartsteel,0,1,0
Jawa Tulen,0,1,544
CTRL ALT DEL,0,0,20849
The Lonely Moan,6,10,1276859
Abyss Legion,0,1,4496
Minerva-X,0,5,2211303
OVERDEAD,0,2,0
You Shall N0T Pass,0,6,984831
-,0,0,72150
DNS,0,3,9615
-,1,3,36249
ALBION AFTER S3X,0,2,21077
-,1,0,44371
SHOWTIME,41,11,4666877
ULTIMATE REALM,0,2,18010
Crazybabys,2,4,348558
Forever Night,1,2,585822
VN-Knights,1,3,122941
-,0,0,85084
CoCa1nE,31,34,5381614
Minerva-X,5,16,2762320
After Cleric,5,4,4241550
Real ONE,7,8,12935998
S Y N D I C A T E S,0,0,421722
KaiHuang Alliance,18,0,3266789
KING IS BACK,0,0,13020
AFTERMATH,2,1,312505
The Neighborhood,13,2,645699
MoneyHunter,0,1,0
-,0,1,0
-,1,4,111528
Fenr,3,2,982709
You Shall N0T Pass,1,2,50957
MELEE,6,0,1177559
POLRES LYMHURST,0,2,0
PADJAJARAN SILIWANGI,1,1,45674
Griffin Empire,6,26,3005870
-,0,1,0
Meowfia,0,3,230644
Griffin Empire,12,29,4938414
PLAC,1,9,2857972
Gold Pigs,3,9,1471637
Boar Army,12,17,9597672
-,0,1,4040
RauMa36,1,1,37943
Crazybabys,0,1,159417
-,0,1,0
evildoer,0,1,22188
The Castle Knights,0,1,0
China,30,42,14705761
1Mmortal,3,6,3691398
Old Singularity,0,2,156548
Kamusari,18,8,5307527
-,0,1,200619
SANATORIUM,29,4,652803
High Cards,1,2,116161
THE WAR,0,1,0
CHILIS,16,33,11585848
CHILIZ,6,10,7201228
-,0,1,0
GIGAN VIII,6,6,647283
H Y P E R T E N S I O N,0,3,50584
The Scarlet Dawn,1,2,22804
-,0,0,1539
EMPYREAN PRIME,0,0,1675
Fish Mercenary,0,1,4432
HER MES,17,10,987318
-,1,1,69660
Kunfayakun,0,0,63622
T8 CAMP,4,7,23334
Shark Chew Toast,0,2,0
Solo-King,7,15,6087645
1Mmortal,15,33,19452409
Dystopian,1,0,58967
UnifyVN - 304,4,2,2479393
Dread,29,17,5642518
bosaBOSS,0,4,79541
Rescue Station,5,4,4732930
Invade,3,1,195128
A X E,1,4,58882
Forever Night,5,1,2320156
P U R G E,27,15,14933231
Bravo,0,2,0
Tengkorak,0,3,1985
Mathias,3,15,742363
-,0,3,14123
-,3,0,247919
V1OLET,3,3,1373095
Chosen Few,1,2,206528
F I G U R E,14,30,20269883
RISER,2,5,33757
LangKhao,0,0,11228
MCS-P,3,4,1231107
gou8,17,8,2066967
MoFuMoFu HEAVEN,0,1,0
123qaz,0,1,0
Once Upon a Time,5,1,3216377
BLOB,0,2,0
NEXUS FAMILIA,10,13,2372196
Probably Lost,0,1,52730
ETERNAL CRUSADE,0,5,31144
-,0,0,4470
Wysteria,12,10,5351465
ACM,11,4,2316639
Albion E3,0,3,40734
BeasTDaK,11,14,9521515
Unholy Dragons,0,2,0
-,0,1,0
Solo-King,73,41,22327659
123qaz,0,1,0
Dark Looters,0,0,524
GIGAN VIII,2,2,614858
DlSBAND,1,5,1333391
Singosari,1,1,61373
Ashen Reign,0,1,0
-,0,1,0
COALITION,8,7,1052666
Screamy,0,4,134891
-,0,1,0
Spero Spera,1,1,57518
-,0,2,0
-,0,1,5570
Switching To Heals,33,20,2021489
-,0,1,0
Dragon Blade,31,19,4005831
busibuxiu,10,15,1170433
GENKOTSU,0,2,94582
Arufa,0,1,3544
-,0,7,0
SANDBOUND,0,1,20440
MO GU,0,14,1413334
Z GEN,3,3,194527
WhiteSuits,0,4,137800
Fight Or Run,0,2,179841
7FALL,1,3,337159
Akagami,0,2,0
Enterprises,0,1,0
eRa Empire,0,11,223486
THEMERCENARY,0,5,109175
Shut It,1,2,30636
-,0,1,46196
BLACK BANDIT,0,2,38701
CAOTAIBANZI,31,11,1162702
Pierce,0,0,82014
Invade,8,5,3253301
Singosari,7,30,3738697
Mistwood Fen,3,1,187467
Maleakhi Fans Club,27,3,3814192
PLAC,51,22,11485269
Heartsteel,10,27,2695127
AAAAA,26,50,1814014
Crazybabys,2,0,712218
-,1,0,14531
GIGAN VIII,0,0,139665
Chlamydia,0,1,0
Coup de grace,10,10,2014258
I R2K I READY TO KILL,3,0,112198
Fake engage,0,4,63685
Sunset,0,6,214876
K R U N G S R I,4,5,932910
Blue Phoenix,2,6,1585431
Tree Viper,2,1,81289
-,1,6,226946
Ban,7,4,824219
Beavers,2,5,432771
MELEE,16,8,3396509
Mistwood Fen,1,3,322777
-,0,1,38895
Stellar Alliance,1,0,10621
MoneyHunter,0,1,0
ALIVE,7,4,332930
H G,11,18,987399
GuGu GaGa,8,4,2956722
Abyssal Princess,18,1,635984
Fun and Pleasure,7,2,530213
-,0,1,0
F A M I L Y,1,0,875115
-,0,1,46080
BL4CK SIGIL,0,4,19972
-,0,1,86321
Helios Phoenix,0,0,35029
Meerkat Assemble,7,3,1954463
Karmic,9,5,583995
C O V Y,1,4,101152
Forever Night,4,2,324977
Noctis,2,5,880944
BANGSAL TEROR,1,5,149901
S E A,1,2,228067
Earn money,0,0,346060
-,0,1,0
Children Of The Dragon,16,12,5329675
7FALL,0,0,43589
Another,28,47,14005715
Multi-Nations,0,1,0
Newbies ALBION INDONESIA,0,1,13066
not cute anymore,78,7,5410156
-,0,5,33930
00nemo002,0,1,0
snow forest,1,3,1506725
1Mmortal,0,2,2695033
Singosari,3,1,358217
-,0,2,0
TAKEDA 24,20,10,2045737
I The Flying Dutchman I,88,24,23326801
The Boyz,2,14,727912
-,0,0,3943
HOGUWART,0,0,2967
-,0,1,0
GOBLIN CAMP ID,8,12,519244
Diana,0,3,22074
Heartsteel,1,4,741060
Idochine,1,3,58106
Frostborn Exiles,0,7,218401
-,0,1,0
BCHDDM,0,2,0
-,0,1,0
BLACK BANDIT,11,2,1010981
MO GU,0,2,3093836
DDBS,1,0,968832
9191,3,1,4574428
M A R S,0,0,23986
Western Paradise,21,27,6075398
-,2,1,30996
ON ME,0,0,52217
I The Flying Dutchman I,2,7,3652627
H Y P E R T E N S I O N,0,1,91621
Meow Immortal,4,23,5512537
MO GU,0,4,673640
Invade,0,1,94843
YingTao,0,1,119717
Fake engage,0,1,11068
Free Butterfly,1,0,126154
Crazybabys,1,1,10621
Dark Soul,1,1,23140
The Lonely Moan,0,1,29074
DeSaiko,1,12,347775
-,0,1,38964
OYO_OYO,0,1,19094
SAIYAN,2,9,469058
Menhera,3,0,477201
Kamusari,3,8,4957063
SubuTai,1,1,545362
Never Regret,0,1,0
Chinese Brotherhood,0,1,0
Western Paradise,4,4,2183172
Future Party,0,3,1212817
CCTV,9,10,3692184
BAYBEME,3,0,23800
Kingdom,1,4,305458
Real ONE,1,0,4300
OneFame,0,0,155838
Springs,0,1,0
-,0,0,123595
7FALL,1,6,1127740
S D G,19,14,520131
Wing of Liberty,0,4,448481
F A M I L Y,14,4,4873905
MELEE,0,12,3503607
THEMERCENARY,2,6,451423
All Rise,24,14,4870052
VIET NAM ssm,0,1,0
THE DARKNES,0,2,0
-,0,1,0
Master Siomai,5,2,928074
Mamboo,1,12,236837
HIRAYAH,14,27,2328835
God_Of_War,0,1,4040
-,0,1,0
Ala,0,0,3942
-,0,1,1227
YOUJI,0,0,5214
-,0,0,110164
THEMERCENARY,1,0,85335
Chikipi,7,9,8030869
good bomb,3,8,13154687
Dragon Blade,9,17,4595497
Boar Army,4,27,7423159
Meeting Stone,0,9,1542609
HappyDay,8,13,2311171
Mythical Knight,0,0,81985
Uchiha house,2,0,113601
D Go Liang,0,2,179477
Laughing Boulevard,16,13,1430779
REGU MAWAR,0,2,0
Heart of Thetford,0,1,0
-,0,2,36967
Ping300,0,2,0
Emergency,0,2,208423
Kingdom,0,1,101302
Shining Star,5,4,337218
T1 FAKER,3,24,1356456
-,0,1,0
-,0,1,0
Kunfayakun,1,3,151795
DOKDO,3,3,340904
Stark Supremacy,0,6,19266
LYM PORTAL,1,6,118510
Hymn of Valor,1,0,94667
I The Flying Dutchman I,3,1,2432917
ELDON HILLS,2,0,53125
WADIMOR,0,9,650437
ROYAL CROWN,0,3,38683
Kunfayakun,1,3,255561
Noctis,3,14,2069687
Lai tsai Project,8,3,1103820
Free Butterfly,0,1,0
-,0,4,552560
1Mmortal,2,36,27665983
Western Paradise,0,4,2314960
Forever Night,3,0,832751
H a n a k i r i,1,1,169579
RABBIT RAIDERS,1,0,39168
LYM PORTAL,0,1,0
Harmonia Eternity,2,2,40051
I The Flying Dutchman I,37,15,13022482
Singosari,0,2,0
Heart of Thetford,4,5,688360
THE RELATION,3,1,302262
-,2,0,136644
pig bank,2,5,38885
Mika,3,19,1411216
-,0,0,91258
Freedom_Castle,0,1,10582
AssassinsHunters,1,4,73937
MINlONS,0,6,3889301
anomali SILUMAN,3,4,82856
Invade,1,2,409051
Frostborn Exiles,0,3,49916
THE WARRI0RS,0,1,37286
The_APEX,0,3,284094
Crazybabys,0,1,445
Real ONE,9,14,12534676
After Cleric,0,6,1747781
P U R G E,4,5,5180722
PAPAYA POKPOK,0,0,634571
GTO Nazarick,4,2,385474
BeasTDaK,2,1,123748
-,2,1,256953
ENDANGERED,41,29,4597757
LOOKOUTS,0,2,164203
The_APEX,0,1,0
-,0,1,0
-,0,3,11101
New_World_Order,0,5,251394
S1LVER,0,2,4576
-,0,2,0
Dystopian,0,2,70882
Princeton Tiger,1,6,1976477
PSC,4,4,394198
HIRAYAH,8,15,528010
N E R F,0,2,69000
-,2,1,20849
OMNI SLASH,0,2,4885
ALBION AFTER S3X,3,3,205711
-,1,0,11958
Only Gamers,1,1,139774
All The Villains,13,19,8299916
eRa Empire,24,5,1033656
DONKWARDENS,0,3,459886
The Salty Chefs,14,8,801253
-,2,3,14722
The Loot Goblins,1,0,154089
HELIOS KNIGHTS,2,0,102571
PSYKOPATH,0,0,263883
Anti Ganks,3,1,553628
God_Of_War,2,1,83127
Karmic,0,3,74806
UnifyVN - 304,2,14,4063843
Evangelion,1,3,235248
TRlUMPH,0,2,2368793
EL FAMILIA,2,6,246136
AAAAA,0,1,0
COALITION,0,3,1210445
Dragon Blade,22,10,4540463
Conscripted,0,15,9613074
Sunset,14,37,7838774
-,0,2,22825
snow forest,0,3,560628
Mika,0,0,1988233
1Mmortal,0,12,12258135
Solo-King,1,0,222324
-,0,0,8075
Smell Score,0,4,13167
RABBIT RAIDERS,10,11,720553
Meeting Stone,5,2,331662
I The Flying Dutchman I,34,5,15446788
TRlUMPH,28,16,5161094
-,1,0,683301
MIKE TEA,3,2,437065
From Zero,0,4,10428
The Black List,1,2,638346
I The Flying Dutchman I,34,26,13337155
BeasTDaK,0,1,0
RYLs,3,4,206036
Czendicate,0,0,121927
Lord Of Mysteries,0,0,45075
MO GU,0,0,99835
Masked Bandits,1,4,584266
V1OLET,0,0,223128
-,0,0,38647
UNNAMED SLASHER,0,0,54500
INTIMIDATION,0,7,137457
-,1,6,831859
RABBIT RAIDERS,0,5,11899
K U R O M I,7,10,765453
Alone in The Mist,6,3,342195
-,0,1,0
SteadySolos,13,6,1372959
Crimson Radiance,4,1,980480
High Cards,1,2,404819
Walaiporn,21,4,526198
Snowflakes,3,14,2196371
Coup de grace,1,5,956401
WARDEN-SLAYER,0,1,8496
BLACK STAR,2,2,116031
SOLARID,0,2,0
House Of Gorkha,0,1,39626
-,0,1,6323
Pierce,11,19,3163124
Peony Flower,8,3,1319491
PLAC,40,19,11444558
Death Brigade,1,1,33846
-,0,1,0
-,1,1,90886
Stars Legends,0,4,63108
The Inquisition,0,1,4107
SLAF,0,2,0
-,0,1,8991
P U R P,1,3,853294
-,0,2,2250
TRlUMPH,0,0,41124
Yey,0,0,45306
INDONESIA MERDEKA,0,1,0
Nellie,6,13,444211
-,0,1,0
Nemo Bomb,1,0,463858
AAAAA,0,2,15396
Albion newbie Guild,0,1,35989
BLAZING_CAPE,0,2,0
-,0,1,0
Solsticee,0,1,0
High Cards,0,8,31298
CTRL ALT DEL,0,0,1065
MALIGNANT,2,1,144815
Meerkat Assemble,24,31,20936860
bosaBOSS,0,1,4630
BeasTDaK,0,2,895697
Gold Bless,17,10,2256185
L122844033,0,7,64531
-,0,0,5991
KongFu PanDa,4,22,5957676
KaLaewKaLad,0,5,909486
CHILIS,0,2,2126090
CHILIZ,3,10,12258836
-,2,0,98969
Knight Of The Sun Vtopia,1,0,12498
Mizoram University,0,0,3644
KongFu PanDa,62,46,21636656
Helios Phoenix,16,23,5000978
Crazybabys,1,2,66808
GIGAN VIII,0,3,1055178
Invade,0,3,1004199
Crazybabys,0,0,16896
INDONESIA MERDEKA,0,0,18989
-,0,1,18881
Freedom_Castle,0,1,890
BajakLaut,0,3,0
Farm Or Die,21,4,2182109
B L A C K P E A R L,1,1,94920
New_World_Order,0,0,24789
Hooman,1,1,164407
THEMERCENARY,0,16,1450063
-,0,2,0
Newbie unity,0,0,38792
-,1,2,563551
Freedom_Castle,15,5,989779
LEVELING,26,13,1710487
Martlock Tales,0,0,58652
ALL VICTORY,7,8,2676656
alismaili,5,19,312240
CoCa1nE,7,16,3244522
C A E S A R,0,2,159005
I The Flying Dutchman I,0,2,1044250
MINT,0,1,20989
-,0,2,68677
Children Of The Dragon,4,5,4076381
BISAYA TREE HUGGERS,0,0,14294
ALASTERS,0,1,8044
Invade,0,9,1245393
eRa Empire,1,4,670740
Invade,0,6,979628
-,0,1,0
CHILIZ,158,35,34899266
SOVEREIGN AXIOM,0,0,7587
Filibusteros,14,7,1606376
MORO,3,4,353515
RYLs,0,2,27477
WORLD ESCAPE,1,0,7547
Mystical Knights,0,20,220416
Earn money,80,8,13926457
China,0,4,1178748
-,1,3,20357
itinerary,0,1,5105
Free Butterfly,8,16,1274496
F A M I L Y,0,6,1565144
Grows,0,3,69866
Crusader Kings,13,15,664688
Warhammer Defense Core,4,3,136950
cat and rat,0,0,0
Kids On The Move,3,3,611725
Solity,2,0,221130
Meeting Stone,0,1,0
Liberty World,0,0,36300
Wing of Liberty,0,1,12717
The_APEX,0,1,0
-,0,0,5292
-,0,0,10755
MoneyHunter,0,0,19014
MO GU,10,28,14813699
Z GEN,2,10,1942812
The Lonely Moan,0,1,0
Eldritch Acquisitions,2,7,191073
-,0,3,190862
-,0,2,36468
WADIMOR,7,7,794067
High Cards,21,9,1029247
Pierce,0,0,101180
High Cards,0,1,0
-,0,1,111030
Hunter Hunter,1,0,8570
MO GU,0,2,172705
TAKEDA 24,1,5,205368
DARK SUNN,0,0,148085
MafiaZone,1,2,121445
MINlONS,3,7,2608021
After Cleric,2,0,820703
-,0,1,30986
-,0,2,1401
BLACK BANDIT,0,1,0
PSI Partai Solidaritas Indo,0,0,30703
-,0,0,5823
F A M I L Y,1,10,3877837
DIUKAMIE,28,6,4041355
good bomb,7,6,4105758
Mofa,0,0,9124
The Neighborhood,5,2,914341
CHILIZ,1,9,7914874
-,0,2,12163
-,0,0,66198
V A G A B O N D,0,1,632483
K R U N G S R I,0,1,0
Boom l1i,3,2,428849
You Shall N0T Pass,0,2,326323
-,0,0,67445
Wysteria,25,21,7996237
Reworld,0,13,5354503
You Shall N0T Pass,0,17,2195575
-,22,9,846976
Helios Phoenix,0,1,22624
The Scarlet Dawn,1,3,44993
Ala,5,3,642603
SOLAR BENEDICTION,0,2,21226
MoneyHunter,0,1,0
S Y N D I C A T E S,30,8,1620364
S Y N D I C A T E S,11,27,804252
THE LEGENDARY,6,19,472260
Karmic,7,10,1078832
MABAR,1,4,220967
Lex Talionis,8,4,653178
NO_OC,1,2,215200
Bilat-eral Republic,0,0,1716
Ocean Waves,0,5,41674
DeSaiko,2,6,157741
CCTV,3,7,1623110
Shu Shan,1,7,470420
Dread,35,19,7465789
T_T,0,4,0
EL FAMILIA,0,3,9908
is not guild,0,1,10056
B L A C K P E A R L,1,7,256492
Invade,17,33,1847153
Pierce,0,1,0
Diamond claw,0,2,14156
ENGAGE ON ME,0,2,186276
High Cards,1,7,201931
Easy come Easy go,1,6,1567661
Real Man,25,18,8024075
Filibusteros,3,9,3336076
-,1,1,149202
SINGAMAS XI,0,1,0
BeasTDaK,5,6,4975385
MINlONS,2,1,651686
GOD EATER,0,1,0
snow forest,20,32,22033894
Uchiha house,0,0,113601
new boombap,1,1,391365
Boar Army,1,2,2731547
Dou bao,20,7,10730522
KUMA,3,9,867397
ORANG JAWA,1,2,10916
Invade,2,5,266354
GOD EATER,0,0,28554
The Wardens,1,4,62512
DEATH PARADE,2,8,148586
-,0,1,0
-,2,2,97659
House Highwarden,0,0,6935
VINA HOUSE,0,5,402341
-,0,3,0
SHOWTIME,0,2,94043
-,5,2,493945
-,0,0,16248
HARVESTM00N,0,1,0
GARUDA LEGION,0,1,2203
Sunset,3,1,395204
AVA world,0,1,0
-,0,1,0
Frostbite Reapers,7,14,720290
good bomb,9,2,5984158
-,0,1,0
-,0,2,50701
T O K Y O,1,4,12219
The Elders Pact,0,1,3003
PoopooDancers,1,0,83311
Gold_Taiwan,0,1,0
KaLaewKaLad,16,4,2467226
TakusaVegas,1,4,79376
-,0,0,13766
COALITION,0,2,741547
Assyllum,1,2,215621
All In Fighting,10,3,2642078
Mika,19,4,2900690
itinerary,5,6,802240
DESTROYER GHOP GHOP,0,4,39705
-,0,0,13920
Isekai46,0,1,34254
I TYRANT I,0,3,5089
Assasinss,0,1,0
asile,1,2,227462
GOBLINS,5,9,5566413
TGIF,10,19,9502154
MINlONS,12,5,3900121
Matcha Ore,20,6,779840
-,0,1,0
WhiteDragons,0,1,38747
The Neighborhood,0,1,16736
Floralia,21,11,2932066
Smell Score,0,1,4562
Lost And Ushered,0,1,22101
Mathias,2,5,170296
HELIOS,0,1,0
Topspire,3,11,3076367
Invade,0,6,1137150
GOBLINSS,0,1,3703
WADIMOR,0,6,182828
PAPAYA POKPOK,39,35,11465991
First love,0,0,17009
The Black Banner,2,9,425246
HYBRIDS,5,1,171449
MoFuMoFu HEAVEN,0,1,447
Understand,1,2,52215
F I K A,5,4,1583505
-,0,0,14257
Earn money,0,2,143570
Ashyred,0,3,0
An Guild,6,3,603820
Lex Talionis,0,1,0
CONTRA,55,6,5475803
Future Party,1,1,1157445
IDN New,0,2,43974
Moon Reaper,2,5,160488
The Black List,1,1,123610
Masked Fools,0,1,0
-,0,3,12689
THE TROUBLE MAKER,7,8,505144
Chosen Few,0,3,23142
SSRR,0,2,0
-,0,1,0
HIRAYAH,9,8,527726
-,0,1,0
Fenr,1,0,357443
GOD EATER,0,1,0
Singosari,1,1,175101
Dreamweavers,3,8,729312
TRlUMPH,1,2,203315
The Neighborhood,0,2,27831
HIRAYAH,0,2,0
S1LVER,1,3,222720
Forever Night,0,1,0
BULAN BINTANG,0,1,0
The Boyz,0,2,17683
CVLT,0,1,0
-,0,0,80517
Filibusteros,1,2,118620
Azurites,2,2,98003
Pussi Gang 69,1,1,4396
Critical Impact,0,2,16927
Dragon Blade,1,0,60284
conquer,2,0,106187
Fightin fool,1,9,935822
CORRUPTS,0,1,0
Soop,1,1,26780
-,0,1,0
MO GU,7,4,6726307
-,0,0,38257
Sequence,4,4,537797
-,0,1,0
Astartes,1,0,45311
Unicorn Shield,0,2,40675
V A G A B O N D,25,31,5839740
Conscripted,1,1,852003
RABBIT RAIDERS,7,16,2156049
B A B,0,6,0
HeSweet,0,0,53351
MCS-P,6,9,1974854
OPFarmer,0,1,0
-,0,2,8131
Azurel,2,4,50571
THE WARRI0RS,0,3,77994
F R O Z E N,6,3,389145
SubuTai,0,1,148841
Western Paradise,9,9,1179945
United Royal Knight,0,1,0
Night sky,0,1,0
Blazing Heat,1,6,290856
-,0,0,40595
G U I L D,1,18,128647
The REVENGERS,3,8,285892
Rescue Station,25,25,19718265
GIGAN VIII,4,4,247861
DlSBAND,5,6,3462871
Chosen Few,0,2,0
-,0,1,82066
Singosari,7,11,1155535
-,0,0,32377
SNAKES OF SKY,0,1,371755
-,1,0,96864
Bretonnia,0,1,286959
The Fide Blood,3,4,2256696
World BOSS,0,2,598527
PAPAYA POKPOK,9,4,2275047
youti_lab,0,1,0
Empyreus,1,5,321831
snow forest,0,8,20424
South PH,1,0,224511
Lymhurst Ranger,2,1,67669
MELEE,17,17,6520816
-,0,1,0
THE WARRI0RS,2,1,387245
Invade,3,7,293678
I Check Mate I,1,1,92855
BeasTDaK,0,1,394238
I The Flying Dutchman I,7,7,7400766
Griffin Empire,7,7,608605
Rescue Station,9,23,8285880
Heart of Thetford,0,0,7822
NO_OC,0,1,0
BLACKSPIDER,1,3,18016
-,0,1,0
War Bears,0,1,31077
Gold n Wally,4,4,192779
-,1,0,171339
MINlONS,27,6,3605802
-,1,0,36054
B L A C K P E A R L,3,6,116478
The Black Banner,0,0,99021
Moonlight Reapers,0,1,0
Real ONE,23,16,10213984
Invade,1,5,1416526
SubuTai,0,1,236586
PL4B,38,29,3065805
eRa Empire,0,1,13172
I The Flying Dutchman I,1,6,2908072
Enterprises,0,0,29616
KongFu PanDa,19,33,12550043
SubuTai,0,17,8644289
MINlONS,1,11,6247245
RABBIT RAIDERS,1,1,21840
GIGAN VIII,0,1,313302
-,0,1,0
Blue Phoenix,10,6,1110842
-,0,3,3620
Invade,24,14,4662411
Absorb,1,0,12833
-,0,5,329941
-,1,6,112501
S Y N D I C A T E S,0,0,317119
-,0,1,0
FLOPIT,5,7,296011
booz party,1,0,48483
-,0,0,21217
-,0,0,3428
-,13,11,1235288
ANJIR GANG,0,1,76680
THE RELATION,0,0,7952
VINA HOUSE,0,10,907703
No Picture,4,11,1201400
RecaII,0,1,7021
-,1,1,61287
BLOB,1,1,55754
ImPorTanT,1,0,104975
PLAC,14,20,34867272
PLAC,2,5,2752361
9INE,27,51,8351676
Crusader Kings,0,1,76460
10 My friend are coming Run,0,2,20410
10 My friend are coming Run,26,25,439042
BL4CK SIGIL,0,0,4976
CHILIZ,11,22,16434528
-,0,1,0
Reworld,3,9,2659928
Maharlika Knights,0,1,0
A X E,1,5,355627
Elden Ashborn,0,0,189715
Harmonia Eternity,1,4,120367
Children Of The Dragon,0,0,652149
BLACK BANDIT,0,7,905337
-,0,0,19032
1Mmortal,3,3,2969863
GOBLINS,0,4,1030685
Laughing Boulevard,10,18,11749456
-,0,5,0
Nemo Nemo,1,5,351558
7FALL,2,1,46766
Shining Star,31,13,2056591
All Rise,9,16,3997287
Freedom_Castle,1,3,203046
-,2,1,64334
Tarumanagara,0,2,3129
Ashen Reign,0,3,136530
RABBIT RAIDERS,0,1,370313
Singosari,5,8,1214447
Empyreus,0,1,0
CHILIS,0,2,0
HER MES,0,3,0
Lightborn Syndicate,4,3,520984
-,0,2,0
REDEMPTION CODE,0,2,0
-,1,0,141101
-,0,1,0
Speed Check,11,3,517380
Fish Mercenary,0,1,0
ENDANGERED,0,0,3214
Cut Throat,0,3,573742
Filibusteros,1,5,2690330
P U R G E,0,0,900918
Wysteria,5,24,7137547
GugurJanggal,0,0,2834
Kingdom,1,5,1339425
Blue Phoenix,6,2,1495309
PoopooDancers,0,17,3758338
CHILIS,12,3,3271800
Real ONE,8,2,1091704
ToxicHell,0,5,0
Buzztard,7,9,1734617
Miunchkin,0,1,0
T O K Y O,0,1,0
Iron Dominion,0,1,0
Silvera,0,1,0
Helios Phoenix,0,2,38895
The Neighborhood,0,1,352835
BLOB,9,15,1361097
SHOWTIME,10,12,2483196
S D G,0,2,17033
Ashen Reign,0,0,13969
Lux Noctis,0,1,29134
COALITION,5,41,7820997
CapybarAAAA,1,10,679308
321 Demass,0,1,0
Smell Score,1,13,84853
-,0,0,18405
Sentinels Arc,10,9,526401
God_Of_War,0,1,33576
321 Demass,0,4,0
-,2,0,44469
HIRAYAH,5,12,503816
WADIMOR,5,5,407336
Singosari,0,2,0
Pierce,1,1,17551
CHILIS,8,6,2804255
CHILIZ,46,22,21757984
ACM,0,2,0
Dreamweavers,1,1,38354
Moon Rise,0,5,799927
Speed Check,1,1,29585
Thee Forsaken,0,1,0
Emeth,0,1,9000
-,0,3,7868
REGU MAWAR,0,5,30050
ALL VICTORY,11,11,3849456
ALL VICTORY,15,10,6401563
VINA HOUSE,0,1,29715
XGMA Lyon,3,3,767997
I The Flying Dutchman I,7,15,25154276
Millefiore,0,1,9057
EL FAMILIA,2,1,237442
-,0,0,10106
A you ok,0,2,270037
Packet Loss,6,3,415037
CapybarAAAA,6,11,1891716
Anggota-DPR,17,16,1043044
-,0,0,49579
BLACK BANDIT,0,1,755054
After Cleric,5,8,7723933
Real ONE,0,0,687998
Treasure Gold,0,0,3463
V1OLET,4,9,1819588
KAKI TIGA,2,1,326458
Only Gamers,1,6,41555
RABBIT RAIDERS,0,1,0
The Boyz,11,6,887825
Mighty-Hearted,0,4,24738
B L A C K P E A R L,1,1,518048
From Zero,1,2,88480
From Zero,0,1,39191
THEMERCENARY,0,1,0
Rescue Station,3,11,8607255
BangCuopLuongSon,7,14,872841
TESTUDO,0,1,188700
BeasTDaK,13,9,5009084
-,1,1,181365
Speed Check,5,0,511415
-,0,2,0
-,0,1,0
Spero Spera,0,2,41389
eRa Empire,1,10,358578
God_OF_Hunter,0,2,0
Neophyte Vanguard,0,0,15920
Shu Shan,10,8,737916
-,0,0,61888
Free Butterfly,0,7,1075758
Griffin Empire,11,15,3479621
-,6,8,2460156
Another,25,23,17533594
Coup de grace,0,0,20438
Switching To Heals,1,2,141786
PAPAYA POKPOK,21,7,3119328
I The Flying Dutchman I,0,4,1916917
-,0,1,0
-,0,5,144181
-,0,1,3637
One More Times,1,1,143897
The Fide Blood,1,1,755882
Nordik,0,1,2250
HER MES,2,2,120654
FrayainT,1,2,22780
Buzztard,3,14,1714940
HAMSHTER,4,5,469352
PLAC,0,2,549552
MooMoo,0,1,1549688
-,0,1,0
Vanguard Elmox,1,4,95028
THE WARRI0RS,0,0,340681
mechanical,9,4,780480
Farm Or Die,2,3,612773
The Myth,0,1,293155
-,0,0,3471
-,0,0,1334
Packet Loss,0,2,16746
CHILIZ,22,16,31926363
After Cleric,0,3,833274
-,0,5,7477
-,4,5,1374304
Silent Storm,0,0,56279
SubuTai,63,19,12892162
Biu BiuBiu,35,47,3435980
hehaheha,1,4,342836
Invade,3,7,641866
Player Gendeng,0,0,50474
MCS-P,2,2,788419
M O G A,0,6,1721171
StrongMan,0,2,0
Boar Army,0,1,807165
Stellar Alliance,0,1,27535
Wysteria,6,18,5007327
Laughing Boulevard,0,3,2676393
The Last Generation,1,1,93066
K U R O M I,0,1,545677
SubuTai,14,8,11064047
Helios Phoenix,0,2,142829
Invade,21,8,4274273
P U R G E,6,1,1591035
Invade,0,2,258297
Minerva-X,0,6,647579
-,7,3,536541
C O GREE,0,0,106763
1Mmortal,8,2,4383742
Boar Army,3,6,382025
Kunlun Jade QingJing,1,4,36188
No Picture,1,1,112952
-,0,2,0
Bone gang,0,1,24571
Ordo Musaceae,1,1,191825
First love,0,1,0
Scarlett IX,0,0,6848
CATHEDRAL OF RAT,0,1,46009
PLAC,3,7,1003425
After Cleric,4,1,806793
CHILIS,34,15,8509963
R O S E,7,10,1750741
-,0,2,16088
F R O Z E N,40,16,3312151
KuromiO3O,3,0,4243917
-,0,1,0
-,1,0,148089
Jagdgeschwader 52,2,1,316829
Sunset,7,51,10413718
KurageGames,0,1,0
Stellar Alliance,0,2,112245
PLAC,34,13,9279985
OneDone,0,4,12413
The Neighborhood,2,6,749070
Warhammer Dark Tide,12,6,721401
-,0,3,48227
DaHaiDai,5,3,404525
A you ok,0,4,378499
Gondor,0,4,714118
World BOSS,0,5,1140686
Fsszsb,3,2,83475
MiMe,0,2,104090
Peng Lai Xian Jing,0,1,38812
Griffin Empire,2,0,405458
I The Flying Dutchman I,10,4,2413336
PLAC,3,28,17973180
Forever Night,1,0,223174
D R E A D W A T C H,0,1,0
TAKEDA 24,0,1,0
Western Paradise,9,24,5341888
BeasTDaK,0,0,165092
CRIMSON CONCLAVE,4,10,43710
B L A C K P E A R L,3,0,108117
Valor Kin,0,1,4014
KATANA,1,23,2689123
War of Shawdows,0,4,1170647
The Boyz,0,1,316320
PARAG0NS,0,0,10670
-,1,1,26594
anomali SILUMAN,16,10,634940
RABBIT RAIDERS,1,1,73682
Endernations,0,0,69680
-,1,1,58169
-,0,1,716
Midnight Rose,0,0,43459
-,3,2,124952
FLORISEN,0,0,10894
Crimson Radiance,13,7,562576
Crazybabys,0,1,58955
Seven Hill,0,1,101695
THE RELATION,1,4,158750
MINlONS,12,24,8685113
GIGAN VIII,10,18,2923444
GRIEVING-SOUL,8,8,1289176
I Check Mate I,0,3,731940
G R O U N D Z E R O,0,0,49369
R E V O L U T I O N,1,3,23458
CHILIZ,5,49,20771020
Warhammer Defense Core,0,1,0
DESTROYER GHOP GHOP,0,1,0
CoCa1nE,0,5,2340189
P U R P,0,0,39091
Laughing Boulevard,0,4,6513772
Erebos,0,0,172121
Wysteria,3,1,2818152
0-Infinity,1,0,50697
THE RELATION,9,7,428575
TRlUMPH,0,2,294508
Coup de grace,0,15,2212674
Frederick,0,0,91221
-,0,0,24822
kokop,0,1,0
-,0,0,125276
Boar Army,0,1,212445
Forever Night,2,6,694438
Dark Soul,1,2,24071
Enterprises,0,1,0
CapybarAAAA,1,1,531685
Dreamweavers,0,4,294980
Invade,0,17,3151223
KacimPowerXtreme,0,1,14236
Children Of The Dragon,1,6,2329155
Rescue Station,2,17,8642298
-,1,3,151552
The Lonely Moan,0,2,483927
-,0,1,55582
A X E,0,1,0
GuGu GaGa,2,2,1125830
South PH,4,3,2141244
-,0,1,0
All In Fighting,0,0,2137851
snow forest,5,2,889085
The Boyz,0,2,515323
Meerkat Assemble,0,1,0
SubuTai,28,33,20123510
MoFuMoFu HEAVEN,0,4,447
Battleborn,0,1,252341
H Y P E R T E N S I O N,4,4,248913
-,5,5,330383
Singosari,1,1,3606
MochaDice,0,2,0
-,1,0,67875
FLARE,2,8,738515
eRa Empire,0,2,46810
MooMoo,0,1,0
-,0,1,39068
Earn money,40,10,11954483
Chaser of The Wind,2,1,421856
Tiandao Pirates,0,1,2800
CTRL ALT DEL,0,2,0
mechanical,5,7,1287109
Conscripted,0,3,2251359
Karmic,4,1,259285
Wicked Croc,4,1,54622
Lost from light,0,5,42811
-,0,0,13775
G U I L D,0,2,0
-,0,2,0
Singosari,0,0,850180
Sylvan Gaia,0,10,85212
UnifyVN - 304,0,0,268694
Rescue Station,50,14,13348105
Laughing Boulevard,18,8,4665304
Rescue Station,0,0,509941
UnifyVN - 304,8,3,796388
Rescue Station,4,19,15790833
Lucky Fools,0,1,0
Griffin Empire,2,7,1760092
VINA HOUSE,2,3,507469
Freaky Fools,0,0,47814
Chien Than,0,1,0
-,0,0,3892
MO GU,0,16,1932550
MO GU II,0,3,105920
THE WARRI0RS,0,0,10697
Lym World,11,4,323964
Ala,0,2,4724
xCUTIESx,21,25,4713923
NUMEROS,2,6,219508
Crusader Kings,7,10,4349084
9INE,6,4,1050159
DOJO,1,0,1017539
THE SEEKERS,0,1,0
Crusader Kings,0,18,5762716
9INE,61,56,19939588
ACM,0,0,118361
Boar Army,4,1,792496
I The Flying Dutchman I,49,15,22133685
F A M I L Y,8,2,874498
F I G U R E,81,42,18594262
Ala,0,1,52095
-,1,5,216014
Once Upon a Time,0,2,252601
DragonWorld,0,7,72061
Snowflakes,2,10,1659791
MCS-P,10,7,1765341
Blue Phoenix,1,5,700530
Crazybabys,0,0,12626
Guardians of Albion,0,5,0
Warhammer Defense Core,0,2,0
Iron Dominion,0,1,0
Singosari,1,5,226363
RANGGOON,12,7,616422
-,2,6,923297
SO EZ,8,3,2222315
-,0,3,423718
Griffin Empire,16,4,3125847
-,0,2,1708
PSYCHOPOMP,1,1,136664
Skyrim Equilibrium,1,4,130309
Griffin Empire,0,2,252077
TAKEDA 24,6,8,603646
The_APEX,4,8,330565
The REVENGERS,3,0,249202
Topspire,4,6,3241815
Tarumanagara,3,0,76796
NYX ROYAL KNIGHT,0,1,0
-,0,0,2529
WhiteSuits,1,14,1373064
Benderanya Bagus,13,5,1240623
QuQnnTATnnOvO,15,12,1959864
V A G A B O N D,6,3,2158321
Driffter,1,3,165091
-,0,1,0
CattaC,1,2,75041
Realest,1,1,1980
conquer,16,13,2806397
Gungn1r,12,2,304525
C O V Y,2,1,65903
-,0,1,0
KAKI TIGA,0,0,51254
HeSweet,1,2,20891
TRlUMPH,0,0,543530
-,0,1,0
-,1,5,98133
Pierce,1,0,26280
-,3,1,169099
Prodigyy,3,1,765857
-,0,1,0
conquer,6,8,840183
AlwaysAttackByBird,0,4,0
AZKALZ,1,1,11817
F A M I L Y,22,7,6966430
CIO,0,1,0
Z GEN,2,7,1017421
MO GU,0,10,1875642
GIGAN VIII,0,1,171445
-,0,1,12282
K A L A N S A Y,0,1,2714
Kingdom,0,1,210888
day day up one,0,4,440664
DIMI GUILD,0,1,1191
JUUTENSHUU,2,0,170100
Space Wolves,0,19,289516
M O G A,1,7,558849
Meowfia,10,7,5941352
Assyllum,0,1,13043
Old Singularity,0,1,42860
Silent Witch,18,10,1771097
Rat Evasion,2,0,796665
-,0,1,29887
Midnight Rose,0,2,37083
MO GU,4,11,2733166
snow forest,15,19,7490924
Skyrim Equilibrium,4,1,341656
PLAC,1,17,15715443
-,0,0,5086
Mamboo,1,3,5123
S1LVER,5,5,950154
Minerva-X,1,21,2680724
Watchmen Guild,0,4,65616
HIRAYAH,3,11,670696
Clap Me Daddy,0,0,50219
Fire Boys,0,1,67195
HappyDay,4,2,1583885
Helios Phoenix,1,10,1652131
AVA,5,1,473620
Real ONE,4,8,9554794
After Cleric,0,5,2556574
CHILIZ,19,25,6856120
Dark Looters,31,16,1978136
Invade,31,26,5873603
AFTERMATH,0,3,9124
-,0,1,0
Pierce,0,1,0
BLOOD OMEN,0,1,0
SOLAR BENEDICTION,0,1,0
Forever Night,0,0,255988
PSC,0,5,134508
Conscripted,0,9,6056943
-,0,1,0
Blue Phoenix,2,7,770546
PSYKOPATH,5,22,1187875
Dread,0,1,0
B L A C K P E A R L,1,0,50196
MoFuMoFu HEAVEN,0,2,203302
-,0,2,32200
Calbee,5,5,2136238
Diana,0,2,36450
P U R P,0,1,217853
r1Nne den,8,7,572967
Diamond claw,0,4,95500
-,0,1,0
-,1,1,30822
K E P A R A T,0,2,1985
KUMA,4,0,280101
Hanguk,1,0,69782
DOKDO,0,7,535186
-,0,1,0
-,0,2,7056
EQMS,1,2,158670
-,1,0,4738
The Black Banner,2,5,172018
SilentMemoirs,1,0,10294
S Y N D I C A T E S,3,1,101366
The Black Banner,2,2,179771
TESTUDO,7,3,228685
Midnight Rose,0,1,0
-,0,2,259461
The swallow,2,3,1630989
Asia Vanilla,0,2,0
-,0,0,18945
TAKEDA 24,3,19,449961
UnifyVN - 304,11,1,397545
Rescue Station,0,2,39192
F A M I L Y,1,2,569123
CoCa1nE,6,9,2135583
empires1335,0,3,50697
-,0,1,0
Heat Waves,1,2,803169
Civic,0,2,383522
Griffin Empire,24,23,4849059
LOOKOUTS,4,3,112432
BeasTDaK,37,24,7616297
Chosen Few,0,0,471
10 My friend are coming Run,2,3,46154
H Y P E R T E N S I O N,1,3,132121
P U F F,2,10,247986
REDEMPTION CODE,3,5,58979
G A I J I N,1,8,91792
-,0,1,74529
KongFu PanDa,17,12,6524564
-,0,1,0
Global Unity,0,1,0
Albion Bulls,1,4,40986
KINGD0M,0,1,0
VOID OF CHAOS,1,12,325534
-,0,2,0
Creation Camp,2,1,78926
Midnight Rose,0,5,83537
lets do it,0,1,0
ALBION AFTER S3X,1,0,0
Karmic,0,1,0
-,0,1,0
Hyberion,1,0,39402
A X E,1,1,171495
Kingdom,0,3,114243
Summers,3,0,3625381
Rohirrim,0,0,26265
THE LEGENDARY,0,0,58590
eRa Empire,4,18,1549711
Dworf,3,7,764083
Real ONE,0,2,608058
Invade,0,1,150962
-,0,1,18535
BeasTDaK,8,8,2824201
Lothian Brotherhood,0,1,0
Karmic,1,6,434351
V A G A B O N D,2,22,6617085
Horagais Production,0,0,24588
HEE HAM HOOD,0,1,0
Laughing Boulevard,13,12,10560620
Harmonia Eternity,4,7,88950
S1LVER,0,1,13053
ALBION AFTER S3X,13,5,398925
not cute anymore,6,7,2408695
ENDANGERED,0,2,90901
tamago X gohan,0,1,0
TRlUMPH,1,8,148181
-,0,2,0
Chosen Few,0,2,35168
HIRAYAH,0,1,0
Pierce,1,17,2956877
Zizonpa,0,1,0
A X E,0,1,0
DARK SUNN,0,7,40401
MafiaZone,0,1,0
-,0,2,148085
MO GU II,0,4,1276994
MO GU,1,20,5007430
-,0,1,4546
Wysteria,17,19,4200194
-,0,2,0
HYBRIDS,227,34,18181373
Around Thirty,0,2,19286
Government Program,0,4,76914
ONG BUT,0,2,17515
Invade,0,3,282038
Spero Spera,0,2,66945
ONG BUT,0,5,115504
TEMPLARS_ORDER,0,0,17755
-,1,10,394537
Trying to be,0,0,39913
G STONE CREEPS,0,5,216447
Red Circle,0,9,184651
O Lanfranc,0,1,0
Meow Immortal,0,5,43998
Lao Qian Xue Yuan,0,0,75642
All Rise,0,1,1492179
Reworld,0,1,23220
Mika,0,1,133122
HappyDay,0,0,82101
Forever Night,4,5,567503
DOKDO,1,0,215682
Invade,0,3,203418
Midnight Rose,1,1,32039
Sci,5,6,580905
TESTUDO,2,1,180895
PalaceGUARD,0,1,0
Sigma Man,9,5,2235539
Mamboo,0,0,152307
-,0,1,0
Ender Clover,0,1,0
A p os t l e s,1,5,896125
-,1,2,145487
Kunfayakun,0,4,129507
POOPII,0,1,0
snow forest,124,45,30609269
The Boyz,1,1,21408
-,0,2,4733
Lions Den,0,1,2344
-,2,0,26080
TRlUMPH,9,2,749471
YANA,1,2,85934
The Boyz,2,7,2398908
Masked Bandits,8,3,4464579
B L A C K P E A R L,10,4,866737
-,0,0,35812
-,0,3,54777
ALBION AFTER S3X,17,26,1142977
THEMERCENARY,1,4,200028
Unholy Dragons,0,0,43602
-,0,0,8853
The Lonely Moan,0,1,56545
Ninja,4,0,176819
PSYKOPATH,0,1,0
Raven Reaper,0,1,0
-,0,1,9953
UNITED THETFORD,0,1,0
KADAL,4,0,117027
Crusader Kings,24,19,3489944
Sunset,22,14,2562978
9INE,72,24,10181178
Children Of The Dragon,52,16,5394015
The Wardens,1,2,99676
SpartanS 300,0,1,0
Holy Black Knights,0,1,0
Guerilla Warriors,0,1,0
THE WARRI0RS,0,0,31906
Serenes Forest,0,1,10906
H Y P E R T E N S I O N,1,5,484570
Chikipi,105,26,22093803
Villain Society,0,4,447254
snow forest,0,1,98253
TEMPLARS_ORDER,1,14,2292858
The Lonely Moan,3,9,264668
AFTERMATH,1,1,517800
nicigama,0,1,10791
Invade,1,8,1155050
-,1,0,117636
V1OLET,31,13,3726146
Ascensum,0,1,23400
-,0,2,6444
Marlotck In Heart,0,1,36112
VELARIS,12,8,1821361
ARMA,1,8,2023804
Wysteria,18,0,2568988
Invade,2,10,2599239
RYLs,0,1,19613
ELECEEDD,0,1,0
The Myth,0,11,3044146
NULL,6,7,1818460
QUILL,2,10,179092
-,0,0,1822
Blue coral,1,1,484879
-,0,1,0
RYLs,0,8,81063
Crimson Requiem,0,1,0
Meerkat Assemble,12,0,7297104
THE LEGENDARY,0,1,2323
takkasin club,0,5,0
-,0,1,0
BlueOwl,0,0,10248
RABBIT RAIDERS,0,1,0
Death Of Ava,0,3,18460
-,0,1,0
HER MES,0,3,28881
POLRES LYMHURST,0,1,0
-,1,5,20014
I The Flying Dutchman I,0,0,522078
MELEE,1,12,1198547
CHILIZ,16,10,7301972
I The Flying Dutchman I,22,10,17394113
B L A C K P E A R L,0,9,2160518
-,0,1,15721
Diana,0,2,0
-,1,1,206097
KERANG AJAIB,1,0,543508
D Not So Ordinary,0,0,15795
-,0,1,0
Gika Guild,0,0,26005
-,0,0,12335
CRACKER,0,1,11149
Chikipi,26,32,11536569
AlbionMonarchy,0,0,1675
-,1,1,336635
PLAC,0,1,762287
Dragon Blade,0,2,0
F R O Z E N,0,1,0
MoneyHunter,1,2,46196
MO GU,1,2,454428
TEAM_MEMOL,2,1,358711
GuGu GaGa,44,16,9699682
KaiHuang Alliance,7,0,1159252
Dou bao,1,2,208458
-,0,0,101759
Understand,2,4,563048
A Voice A,0,1,0
Anteikuu,0,1,0
-,1,0,101736
Nugget,0,0,3006
-,0,0,21667
snow forest,0,1,364933
AFTERMATH,0,3,72638
-,0,1,0
GUILLOTINE,2,0,1736972
F A M I L Y,9,13,8767453
Dragon-Mi,26,9,9972067
9INE,50,32,11782709
-,0,0,147316
Crazybabys,1,0,159882
1V1,0,2,26241
GOBLINS,14,9,6444249
TGIF,64,19,11467068
Raining,0,1,124212
Garden babys,0,0,40
red king,3,2,1370915
-,0,0,12556
Conscripted,31,17,11556901
Cut Throat,3,0,444530
RABBIT RAIDERS,12,6,2304729
QuQnnTATnnOvO,8,20,2693452
Invade,36,9,4242623
BeasTDaK,0,0,664423
GOBLIN CAMP ID,2,2,310909
-,0,2,0
ENDANGERED,6,4,1543097
Midnight Rose,0,2,10394
-,0,1,158741
Mythical Knight,0,1,0
Hooman,0,1,0
NULL,15,13,3276454
Real ONE,4,6,13903036
After Cleric,4,2,3838733
FAFA,0,1,58405
Griffin Empire,8,11,6310878
Meerkat Assemble,2,2,838168
MINlONS,4,7,1555627
snow forest,0,1,1216424
Blue coral,0,2,0
Helios Phoenix,7,2,445256
TRlUMPH,2,3,369982
UnifyVN - 304,1,1,451849
Fightin fool,0,3,263570
Invade,1,7,559889
B L A C K P E A R L,1,1,177023
Conscripted,6,4,4268328
SubuTai,5,5,6302477
M O G A,6,14,3873941
Grave Yard Robbers,0,1,21549
NUMEROS,11,7,436536
-,0,2,0
HeIIo Kitty,0,3,5719518
ENDANGERED,0,3,99233
MoneyHunter,0,2,8520
KAKI TIGA,4,3,314037
Reworld,5,1,3104002
THEMERCENARY,0,15,602981
The Neighborhood,5,9,1001501
Prodigyy,0,5,2523113
CHILIZ,0,3,521324
OneDone,4,10,1431729
All Rise,0,4,641880
-,2,5,137461
-,0,1,0
Pierce,2,2,56343
GondhoMayit,0,2,0
Walter,0,6,0
O U T L A W,1,0,62366
Pierce,0,2,30743
whyumad,4,2,598624
THEMERCENARY,1,4,537274
Chill X Grind,3,1,176930
-,3,0,172326
THEMERCENARY,16,7,1527021
New_World_Order,0,3,2405
All Rise,0,3,32034
Laughing Boulevard,75,20,16292277
Laughing Boulevard,42,23,13211960
Kunfayakun,1,2,441219
Lazy Ass,0,1,0
Call to Heaven,0,1,56425
Children Of The Dragon,1,0,27058
Concordia,0,2,76214
Invade,23,13,10103519
Holy Black Knights,0,1,2743
999999,1,0,204974
-,1,1,107281
The Fide Blood,52,3,7020412
Bretonnia,11,3,1835927
Meeting Stone,0,3,0
HYBRIDS,3,1,132608
WonderPets,1,1,117603
Speed Run,0,1,11270
-,1,11,305908
snow forest,0,1,373001
Mika,7,1,2345231
1Mmortal,15,3,4329960
All Rise,12,4,2003742
N E R F,1,8,731812
Calbee,0,1,25032
Biu BiuBiu,3,1,160240
SubuTai,43,10,13047267
BLOOD OMEN,0,2,21909
-,0,0,4135
GOD EATER,1,2,123437
Gold_Taiwan,0,0,27968
Filibusteros,0,1,0
The_APEX,0,13,1031816
-,0,2,0
Future Party,11,2,1413045
Shut It,7,10,2332071
AAAAA,15,28,2451868
Z GEN,1,2,664259
CHANG,1,0,104922
-,0,0,12676
Fenr,0,3,29542
MELEE,41,5,3161287
BankAiolos,8,22,823124
China,31,20,8620373
Endernations,0,1,22192
Demon of Inari,2,0,116916
-,0,1,28915
Griffin Empire,0,3,554108
Creation Camp,5,7,600603
itinerary,0,2,0
-,0,2,25961
TRlUMPH,0,29,4605402
MINlONS,0,0,107705
The Fide Blood,2,0,1892189
KAI RUY,3,14,133933
Lazy Bear,0,4,40403
MINlONS,0,1,56642
JSCL,1,1,54963
R E V E R I E,0,19,1918400
Buccaneer,0,3,19646
Civic,1,4,171579
Shining Star,57,43,8471490
The king_s son,1,3,40441
-,0,0,1594
I Slytherin I,3,11,1241036
PSYKOPATH,0,0,10867
itinerary,1,0,23700
-,1,1,124096
FREE FOR ALL,0,2,0
Wavei,1,1,49365
Meerkat Assemble,1,44,14825671
C O O L D O W N,0,2,136492
Ban,3,4,545151
Free Butterfly,5,7,1076193
-,0,1,0
The swallow,27,12,2900999
RecaII,0,1,0
Shu Shan,4,7,1281820
Shu Shan,8,9,1591211
Mika,0,6,1590677
Free Butterfly,3,6,616464
Sunset,26,22,5471821
Egg League,0,2,0
Meow Immortal,0,1,9973
PLAC,0,4,2514936
MooMoo,6,12,7060824
Forever Night,9,4,638838
CCTV,0,3,1266492
NULL,1,4,48755
The Myth,0,4,776766
MINlONS,17,3,1427465
N E R F,0,1,34364
Topspire,7,8,1262664
octugram,0,0,11062
The Scarlet Dawn,0,1,0
The Red Nightmare,0,0,2648
Speed Run,5,1,360009
V A G A B O N D,0,0,77213
B L A C K P E A R L,26,6,1368720
snow forest,24,4,7257307
Ashen Reign,0,5,82892
Grim Legion,0,1,0
UIIA,0,0,8959
TRlUMPH,0,3,206954
Topspire,0,5,79921
Lucky Fools,1,11,1094440
Lao Qian Xue Yuan,1,3,127117
Hong Xing,0,2,29096
Kendan,8,8,1202408
LastStando,0,3,111553
Fight Or Run,0,0,28892
-,0,0,127504
HeIIo Kitty,33,24,11466611
Grim Brigade,0,1,27592
KADAL,2,0,135963
NeGalius,12,10,1221071
10 My friend are coming Run,0,2,435
Pierce,0,2,0
Coup de grace,27,29,5446952
ORANG JAWA,1,0,68766
All The Villains,26,20,5162564
Farm Or Die,23,4,637563
-,1,0,55644
Meow Immortal,11,9,425217
S Y N D I C A T E S,21,13,3099735
Government Program,0,0,11267
AFTERMATH,0,1,29616
TRlUMPH,0,5,1383711
DOJO,3,1,466596
DMT D0MINATOR,0,1,0
Helios Phoenix,4,10,170646
Karmic,0,3,22451
Dark Ravens,0,1,0
Buzztard,11,5,1072623
Ala,0,1,94075
Multi-Nations,0,1,26669
Red Circle,0,3,229898
All Blacks,0,2,26759
The Myth,0,8,1485883
John Wick,7,2,477983
Singosari,0,2,0
-,1,1,22765
UNITED THETFORD,0,1,1739
The swallow,3,4,873000
Crusader Kings,28,39,9891726
9INE,46,82,26886762
S1LVER,0,1,200177
Topspire,16,14,3344338
BLOOD OMEN,0,0,41148
SideQuest,2,5,558918
Jagdgeschwader 52,5,7,228083
Liberty World,0,2,0
Astartes,0,2,45311
Holy Black Knights,0,1,12409
Invade,3,6,1929948
AFTERMATH,2,2,489506
-,0,1,0
Evangelion,11,4,742425
Anggota-DPR,0,1,0
SOLAR BENEDICTION,1,4,44331
SpartanS 300,0,2,0
-,0,2,52161
SHOWTIME,6,3,1467792
Rescue Station,1,5,1179752
Western Paradise,2,1,1975017
Government Program,0,1,0
-,0,2,0
Jawbreaker,0,1,0
From Zero,0,1,30527
MAFIA ZONE,6,8,992111
Grim Legion,0,0,1699
-,1,0,11772
The Myth,6,25,6573008
-,0,0,13127
DEATH PARADE,1,1,35190
-,0,3,7312
AZKALZ,1,8,80123
CapybarAAAA,20,17,2221056
-,3,1,403636
Anggota-DPR,0,3,117761
FISH GANK,0,0,76180
Marlotck In Heart,0,1,29831
-,0,1,20745
Filibusteros,2,0,282443
Wysteria,4,5,927347
Boar Army,0,2,1006037
Karma Committee,10,2,2914061
I The Flying Dutchman I,29,11,15799434
BNN,2,0,85882
Sentinels Arc,7,6,369977
-,0,1,0
CHILIS,0,3,976889
Civic,0,0,16946
The Neighborhood,3,2,1453262
Switching To Heals,0,1,0
-,0,1,0
B o S,0,1,609622
Laughing Coffn,0,2,0
-,1,1,729674
CHILIZ,0,15,2389072
CHILIS,0,2,115661
-,2,5,436689
Freedom_Castle,1,1,28349
Laughing Boulevard,0,2,353645
Isla d3lta,0,1,6052
Freaky Fools,3,5,1810113
-,0,3,118242
-,0,1,0
Invade,0,4,532866
Pencilgon,0,1,0
-,0,3,0
Forever Night,0,0,155056
Pasakal,1,1,44512
Conscripted,17,3,12627596
Azurel,0,1,10226
THE WARRI0RS,0,2,0
Mika,0,1,446294
Lightborn Syndicate,1,1,270295
B L A C K P E A R L,2,3,711037
snow forest,13,2,4260370
-,1,0,182420
Masked Bandits,0,2,1075138
Invade,3,8,1369463
Freaky Fools,0,1,31692
The Scarlet Dawn,0,3,95318
Chikipi,9,21,4764364
-,0,1,0
-,10,2,1442080
LOOKOUTS,0,2,14396
BGC,2,7,95513
CHILIZ,10,20,12483557
Mamboo,0,1,21971
All The Villains,14,29,6326829
ALBION AFTER S3X,4,4,454971
BeasTDaK,9,0,220786
RYLs,1,1,142784
Western Paradise,4,2,2174169
-,0,1,0
CHANG,0,1,0
-,0,0,39614
Sylvan Gaia,0,2,9543
-,0,1,0
Smell Score,0,7,26984
Baby_Paradise,0,2,142987
IndianGanG,6,15,5672332
LEVELING,52,19,3022987
EL FAMILIA,0,2,167121
ACM,5,11,7474757
Wysteria,4,21,5919180
PEENOISE REPUBLIC,0,1,0
Meow x Meow,38,17,4564493
G A I J I N,2,0,158865
-,0,1,2392
MooMoo,0,1,0
snow forest,4,4,2302994
-,0,3,157007
Gold Pigs,0,1,0
-,0,2,0
Warrior Exile,9,18,1116426
Bretonnia,0,4,2029708
WADIMOR,6,3,766540
EL FAMILIA,0,2,33910
-,0,1,0
G R E Y J O Y,0,3,27876
Sun Rises,3,4,636601
SubuTai,1,0,16115
TWO MAN ARMY,2,3,173549
Manhattan Ape Gang,0,1,0
COALITION,0,0,561920
-,0,1,0
ALL FRIENDZONE,0,1,0
Madison Square Garden,0,0,91727
Lizard Squad,5,2,706401
KuromiO3O,0,0,8414651
Verdant Stoic,0,1,0
The Scarlet Dawn,4,8,73684
MANIFEST,0,1,0
-,1,3,179386
Mam-moth,1,5,57923
-,0,3,39965
VN Cowboy,0,3,4628
MALIGNANT,18,13,2134283
Buccaneer,1,1,39494
Wysteria,0,3,2716273
AFTERMATH,0,1,0
S Y N D I C A T E S,38,37,5773821
KuromiO3O,1,26,11478844
Dragon-Mi,1,1,2284745
Frostbite Reapers,0,1,15823
Hooman,0,0,116801
PSC,3,18,580018
VietNam TheFord,5,10,538676
MAFIA ZONE,1,0,32849
Real ONE,14,8,13762752
After Cleric,0,0,2906701
Boar Army,3,5,927943
-,0,1,0
Kunfayakun,0,1,17348
Baby_Paradise,0,1,0
MO GU,0,1,14884
Mammoth King,0,3,2110992
Mochi Kingdom,1,6,179648
All In Fighting,5,6,1615522
Mika,5,5,1660969
MO GU,15,23,8262547
Noctis,0,6,198035
Veto,68,37,27305817
MoneyHunter,6,2,198612
BLACKCODE,0,2,138182
Frostborn Exiles,0,3,166472
-,0,1,39614
SpartanS 300,0,0,1087
One More Times,1,4,56286
Imperials Of Albion Online,0,1,0
INCOHERENT,0,1,5951
TRlUMPH,1,37,5571814
Holy Black Knights,1,2,141758
Kunfayakun,1,0,79903
MABAR,2,8,146715
Nemo Nemo,0,5,1437350
Karmic,1,1,59827
Boar Army,25,4,9706272
-,0,2,0
Green Knights,0,6,540034
Freaky Fools,9,18,3198065
Leonhart Asylum,1,4,6371
SO EZ,17,6,2569487
NO_OC,17,28,3675616
An Guild,12,7,1852126
The Reachers,1,2,0
Realm Explorers,0,1,0
Bretonnia,26,19,9022053
The Fide Blood,1,3,1556005
God_OF_Hunter,0,11,35295
-,1,5,90815
S Y N D I C A T E S,1,1,2937
Once Upon a Time,5,11,9426485
A you ok,0,1,270037
High Cards,1,4,438840
Nomadz,0,0,30104
-,0,2,2622
Karmic,0,0,125022
BISAYA LIFE,2,2,65064
The Lonely Moan,0,1,0
-,0,1,0
Crazy group,0,1,0
Crimson Radiance,0,1,130513
Emergency,18,8,1402405
TheGreyKnight,0,1,12169
shosco,0,1,0
F I K A,1,3,546379
Crusader Kings,30,15,4475241
9INE,18,11,4370921
Fake engage,0,1,11068
THE WARRI0RS,0,1,0
DOKDO,4,3,540735
D R E A D W A T C H,1,1,10778
Master Siomai,1,1,94612
The Lonely Moan,5,7,473279
cat and rat,0,2,98478
Pierce,2,7,569547
Pierce,13,16,3629013
-,0,1,0
Meerkat Assemble,11,4,4981014
Pierce,11,4,289898
Astartes,44,7,3451267
CCTV,42,42,11381784
Stellar Alliance,35,18,5168717
W I N T E R B E A R,0,1,2288
Avalon GenG,0,1,0
CAOTAIBANZI,0,0,18411
-,0,0,7076
All Rise,0,5,2552860
Eden Garden,0,3,49078
Old Man,0,2,86574
Raining,0,2,0
CENTAURI,0,0,175550
Karmic,0,1,243164
BLOOD OMEN,0,4,8486
-,0,2,66881
Kunfayakun,0,2,20543
VOYAGER CORPS,1,6,50121
HARVESTM00N,0,4,13255
-,0,1,31403
Free Butterfly,0,1,32887
Infamous Reapers,1,1,71839
F A M I L Y,16,9,10591298
Heartsteel,10,4,1292936
ACM,0,0,25840
ONE-JING,0,2,26472
MINlONS,0,3,1350369
-,3,1,208680
Ala,0,1,22521
-,0,3,0
Boar Army,0,0,464763
Mika,0,4,2161629
All In Fighting,3,4,3004891
GOBLINS,0,0,451938
AK-47,0,0,43738
Kunfayakun,0,4,153971
NO_OC,2,14,953261
Shining Star,0,1,0
Another,41,24,14116759
-,0,1,0
UNNAMED SLASHER,0,1,0
Tengkorak,4,2,139495
BLACK BANDIT,0,3,63271
THE WARTH,1,3,188044
Abyss Legion,2,4,239901
GaoLaoZhuang,1,3,347469
No Picture,0,1,73861
DMT D0MINATOR,4,7,134707
-,0,0,10957
The Scarlet Dawn,0,0,16908
The_APEX,1,7,987351
GTO Nazarick,0,2,10289
-,0,0,8908
TWO MAN ARMY,0,1,699568
NB FOREVER,2,3,99555
Chikipi,1,15,3604708
Guardians of Albion,0,1,0
GOBLINS,4,5,2329385
snow forest,6,1,1190449
TGIF,21,24,11779894
Earn money,2,23,18793123
CoCa1nE,0,0,148381
ETERNAL CRUSADE,1,5,124739
NEXUS FAMILIA,2,5,109497
PSYKOPATH,0,5,246420
00nemo002,0,1,0
Holy Black Knights,0,1,76544
MoneyHunter,0,1,0
Nomadz,0,1,0
Filibusteros,0,3,0
S Y N D I C A T E S,2,3,489036
9INE,26,4,3480702
Future Party,41,9,8081667
I Slytherin I,1,1,118756
All Rise,6,12,8244564
All Rise,3,10,1074536
The Northern Lands,0,0,26195
111000111,0,1,0
RABBIT RAIDERS,0,0,17235
-,0,1,0
MINlONS,8,31,7676521
Warhammer Defense Core,0,1,8969
-,0,1,4575
snow forest,103,54,27663600
999999,14,1,1303016
Boxers,1,1,15262
Atlanta,14,12,3895377
HOA-THANH-QUE,0,2,0
Pink 7,2,3,317665
AK-47,0,1,0
9o6,0,1,0
Freedom_Castle,1,6,52259
ILLUSTRADUS,0,1,0
Earn money,1,0,405227
Abyssal Order,0,1,5147
Lokheim,0,1,0
THEMERCENARY,3,10,1076608
Welangbumi Gronggongan,2,8,98274
Freaky Fools,32,35,6584115
BlueOwl,0,0,24017
Lumi,0,2,17688
Mahatma Suvarna,0,1,0
BLOB,0,1,42314
Noob Family,1,4,170240
Farm Or Die,0,1,190259
Minerva-X,5,10,681559
Lazy Bear,0,2,542390
IndianGanG,4,1,4086321
Soop,0,1,0
-,0,1,28949
Harmonia Eternity,0,2,23499
G U I L D,7,9,413370
G U I L D,5,8,471775
-,0,0,1688
S Y N D I C A T E S,0,1,258801
High Cards,13,8,730284
V1OLET,8,22,4148396
Endernations,0,5,760108
-,9,5,1503915
Minerva-X,0,2,27987
Man Down,0,1,0
SOLARID,0,3,13005
House Of Gorkha,0,1,30158
MoFuMoFu HEAVEN,0,3,44842
War Bears,0,0,53550
RABBIT RAIDERS,9,4,816453
-,1,1,149053
-,0,1,0
itinerary,1,0,55439
AlooMinati,0,1,0
COALITION,20,20,3215612
BENG_BANG_PH,0,0,14648
Real ONE,1,25,10355168
After Cleric,2,11,548946
123qaz,0,2,0
CCTV,0,5,888746
CCTV,15,19,5214548
ALL VICTORY,0,0,115805
Another,5,5,6027221
Menhera,7,1,2459702
Gold Pigs,0,2,268943
MEMORY 007,0,4,0
BlackDRAGONS,4,1,369826
80S Guild,0,1,2642
Green Shadow,0,1,0
-,0,0,45925
Nemo Nemo,30,29,11406838
-,0,1,0
Real ONE,11,5,7387726
After Cleric,6,8,5885162
VINA HOUSE,1,19,1588726
M O G A,5,1,131407
I The Flying Dutchman I,11,9,9970775
CHILIS,19,6,5419034
Blue Phoenix,0,4,41238
Meeting Stone,29,27,7865388
Fenr,1,6,3312518
CHILIZ,0,22,4148678
I The Flying Dutchman I,0,1,893065
TEAM_MEMOL,7,11,1269268
TAKEDA 24,0,3,34847
Fish Mercenary,1,1,130355
-,1,2,36789
V1OLET,24,15,3758714
Karmic,0,1,0
F A M I L Y,0,1,0
Real Man,3,3,435000
The Salty Chefs,21,14,1170475
takkasin club,2,1,61907
EAGLE HUNTER,0,0,3303
Forever Night,13,7,2019983
SoloGanker,0,1,6560
ALBION AFTER S3X,1,0,18099
-,0,1,0
Sapling-MIU00,0,2,5154
KAIBUSHI,0,1,7815
DEATH PARADE,3,5,312103
Filibusteros,0,1,0
Tree Viper,1,3,57948
Royal Grand Order,0,0,794696
Earn money,1,15,6788430
123qaz,0,1,0
Noob Family,2,8,439988
-,0,1,32296
-,0,3,54812
MELEE,34,17,9740584
M O G A,42,17,3876265
Western Paradise,0,3,727503
G U I L D,0,2,11938
Lymhurst Ranger,0,2,111612
SpartanS 300,0,3,0
KNYACKI,0,1,0
Kunfayakun,0,1,0
Nocries,5,3,395056
The Brown Zone,0,1,0
Pierce,5,28,4160608
-,1,0,5543
Ocean Waves,1,4,248012
WOLF GANK,0,0,6313
War Bears,0,3,0
Kingdom,0,4,702986
Kingdom,26,44,9928584
Government Program,0,0,45016
Kunfayakun,0,5,57158
Freedom_Castle,0,1,38121
Brightshield,0,2,0
-,2,8,353461
Hellen killer,0,1,0
Meow Immortal,1,2,269852
D R E A D W A T C H,6,6,497987
LANCASTER,0,1,20344
B-E-L-A-T-squad,0,2,14139
DDBS,77,28,23862268
9191,12,5,3793797
-,0,2,0
Bretonnia,0,3,49203
Forever Night,0,1,77120
Solo-King,6,10,2055651
Boar Army,1,0,0
TAKEDA 24,0,7,300750
-,0,1,0
-,0,2,5495
Grim Sovereigns,1,5,94774
-,0,5,11901
H Y P E R T E N S I O N,21,16,2266787
HaChiu,6,2,364642
RYLs,0,1,0
Fairies,3,10,10830430
PSYKOPATH,0,5,55789
P U R G E,0,5,3326713
Mika,0,4,392912
UNITED THETFORD,0,4,87161
World BOSS,2,20,1998122
Gondor,5,17,1004633
Red Circle,7,23,1449238
PLAC,3,13,611191
HuaDaBin,24,15,3491503
-,0,0,4108
Never Regret,0,1,0
Chikipi,1,4,1981111
SOEZ,0,1,0
MAXs,0,4,109877
-,0,2,5922
GenG Abang Tikus,0,1,0
GENKOTSU,0,2,11064
DESTROYER GHOP GHOP,0,2,0
Old Singularity,6,2,91222
peace maker,0,2,105330
Meowfia,2,5,873194
ON ME,0,0,52217
Auraka,0,1,0
Real ONE,0,4,1547816
BeasTDaK,8,13,8344229
V A G A B O N D,15,5,3791342
-,1,7,293726
Dread,1,2,1210536
PSC,1,3,1020174
DDBS,9,10,3528802
9191,2,3,1048701
Chikipi,26,16,4512586
NO-RE,22,8,7875080
NB FOREVER,0,1,0
HaChiu,5,3,338706
KOREA DAY R,1,5,148589
Evangelion,1,3,402367
All The Villains,41,46,23407692
-,0,1,13258
Harmonia Eternity,11,9,164694
Endernations,5,6,495277
MyBelovedEki,0,1,0
SubuTai,14,2,3058154
Noob Family,0,1,0
All Rise,0,2,449563
H Y P E R T E N S I O N,3,7,662727
Zugzwang,0,2,182390
Dread,8,27,9425996
Driffter,4,9,438250
SPCL Brotherhood,1,0,621687
GaoLaoZhuang,1,0,31220
AAAAA,29,16,1561752
Switching To Heals,20,19,1236301
The Neighborhood,0,2,3456
GOBLINS,0,3,598432
DESTROYER GHOP GHOP,0,1,45361
The swallow,0,0,503871
The swallow,8,8,3178410
-,0,0,39217
Peng Lai Xian Jing,1,3,38010
TAKEDA 24,0,2,541656
Sequence,4,2,460253
WhiteSuits,1,6,148301
-,0,2,33073
Forever Night,1,0,57435
AK-74,1,1,308690
Red Circle,5,1,245145
Mika,6,12,3675722
HappyDay,4,6,2245036
GOLD HORSE,0,1,0
Arikanami,0,1,49312
00nemo002,1,2,53512
-,0,2,9053
-,2,0,67224
GOD EATER,33,4,1340721
AFTERMATH,0,1,0
BeasTDaK,7,3,1503669
Pierce,3,3,801939
Real ONE,33,10,11671519
After Cleric,8,2,2700764
Masked Bandits,2,4,120102
China Daoism,0,0,29313
KAKI TIGA,0,2,398560
koryen,1,0,43212
Invade,53,33,8415488
Boar Army,12,11,1672607
Shu Shan,27,10,1992916
Shu Shan,9,17,2382090
-,0,3,0
PLAC,0,2,1744555
MooMoo,0,22,15292276
NULL,6,9,2579349
Lazy Bear,1,2,94759
-,0,1,0
Buzztard,0,1,0
RABBIT RAIDERS,0,1,0
9INE,13,22,9259252
Crusader Kings,1,10,2656823
The Neighborhood,5,8,1332348
Red Paw Gang,2,2,138453
1Mmortal,0,3,1266752
Tree Viper,0,1,0
Ironclad Concord,1,3,33046
MIKE TEA,0,0,18166
Western Paradise,0,1,136007
efezfez,0,2,0
Chikipi,70,33,16174794
Gold Pigs,3,1,960043
1Mmortal,9,21,14088517
Eternal Royal Throne,0,2,3262
Shark Chew Toast,0,1,0
Chikipi,2,9,1829870
The Scarlet Dawn,0,0,27999
SLAF,0,2,90163
Coup de grace,0,5,431329
-,0,1,0
THE LEGENDARY KNIGHTS,0,2,3020
-,1,0,81603
Reworld,0,2,415857
00nemo002,0,1,20389
Blue Phoenix,0,1,45570
CHILIZ,10,10,2201774
south-korea,0,2,0
-,0,2,0
Royal GTS,4,15,419672
Western Paradise,0,7,487189
-,8,2,1294248
Griffin Empire,16,3,4166564
Wavei,1,1,156208
Dragon-Mi,0,1,0
lnfinity,1,3,43559
NULL,4,3,647282
Jia Nan,9,7,629252
PSC,0,3,622948
DDBS,42,16,27057868
Dworf,0,1,3000
Griffin Empire,0,1,0
HappyDay,1,0,1202039
Forever Night,3,9,2800820
Probably Lost,0,5,46520
Dreamweavers,1,6,1024424
Old Singularity,1,0,6236871
Gold Pigs,14,7,1535204
-,0,2,0
Master Siomai,0,1,7438
Pencilgon,1,2,1394222
Prodigyy,64,5,9874461
Kingdom,4,2,142135
DOKDO,0,3,103960
AK-47,1,3,56300
AAAAA,2,5,365359
Meeting Stone,0,3,825494
AK-74,0,1,67158
Red Circle,32,10,1195928
MCS-P,2,2,432962
MO GU,0,2,87978
Crazybabys,19,4,532606
Peng Lai Xian Jing,2,3,856996
evildoer,2,1,22188
All The Villains,5,7,2477055
Mika,25,28,10372981
Mammoth King,5,3,2585158
Boar Army,48,9,4816117
All The Villains,1,8,1000944
CCTV,12,4,3682312
Husky Empire,1,0,35255
Holy Black Knights,3,4,830196
pig bank,2,4,187350
The swallow,0,0,21013
All The Villains,1,6,913960
A Brave Man,15,30,18262237
NINE IX,2,0,244544
red king,0,0,71926
AK-47,0,1,2736
Tear of Fear,0,1,0
HappyDay,4,1,764467
Free Butterfly,9,22,3520081
P U R G E,0,3,581185
-,1,1,63414
OneFame,1,1,114959
-,3,4,126399
-,1,1,70130
Rainbow Sea,3,10,2845240
Red Paw Gang,0,1,20022
Floralia,4,4,1112504
The Myth,0,1,0
Kingdom,0,3,630038
3G Albion Club,0,1,15912
Meeting Stone,0,0,222568
Real Man,3,1,333994
Eternal Sword,2,1,75059
PLAC,2,3,5062635
CHILIZ,14,16,24447076
CHILIZ,2,30,25846040
TESTUDO,0,1,169112
Jagdgeschwader 52,0,1,197157
PSC,0,1,93544
Children Of The Dragon,2,0,763548
Dragon Blade,0,1,0
Lai tsai Project,1,16,403055
Reworld,8,4,2837765
Speed Run,0,1,0
Kunlun Jade QingJing,0,2,45097
-,0,1,0
CCTV,4,8,2563468
9INE,32,62,15122335
Crusader Kings,18,37,7129608
R E V E R I E,0,1,219685
Never Regret,0,4,156808
LaoPLao,6,1,3184987
Speed Run,2,2,973663
Chikipi,0,0,588740
eRa Empire,1,9,349860
-,0,1,0
7FALL,4,2,732688
All The Villains,56,29,15385247
1Mmortal,2,1,1272354
GOBLINS,0,4,330168
WALL - E,0,1,0
ALBION AFTER S3X,8,10,995961
SO EZ,12,20,3823585
cat and rat,0,2,0
-,0,0,23879
HIRAYAH,18,10,1114180
TGIF,4,4,5073261
GOBLINS,0,3,1097204
UnifyVN - 304,0,10,1256906
PLAC,1,4,537814
-,0,0,14867
Bretonnia,5,6,3595562
DOKDO,0,0,48240
Front to Back,0,0,82484
Stellar Alliance,0,2,618592
Farm Or Die,0,1,0
PSC,2,12,2390335
The swallow,6,15,2789930
Boar Army,1,3,862916
MooMoo,0,2,227203
Solo-King,4,22,8500964
Old Man,12,28,3205032
TGIF,0,7,2375842
Chikipi,0,1,0
Boar Army,15,12,2341601
Heaven Knight,12,22,5721082
QuQnnTATnnOvO,0,0,112597
2077,0,7,593851
Boar Army,6,9,1578779
PSC,0,4,122218
Pink 7,1,2,562960
Dragon Blade,1,9,533612
Crusader Kings,0,3,712640
9INE,23,22,6807121
dmwwrasia,4,22,542069
Nomadz,0,0,13323
MoFuMoFu HEAVEN,0,3,12353
SO EZ,1,0,829230
conquer,2,6,309376
CCTV,1,9,1639631
Farm Or Die,0,1,0
Keep Killing,0,7,0
-,0,0,30534
Minerva-X,0,2,304679
Future Party,15,8,4199342
ALBION AFTER S3X,1,5,49105
-,0,1,0
Lumi,0,1,0
-,8,7,1132200
Invade,4,5,1229017
ALBION AFTER S3X,0,4,117562
I Check Mate I,0,1,0
Real Man,47,36,9588552
PLAC,48,21,13041583
All Rise,24,15,10095285
Never Regret,0,1,0
GRIEVING-SOUL,0,2,0
itinerary,5,1,214696
M O G A,0,1,1326997
KuromiO3O,70,39,13670322
Last Lick,0,0,10570
-,1,1,10761
Western Paradise,4,12,1963686
Boar Army,9,5,1887713
2077,34,52,5180204
gou8,1,0,188981
Red Circle,14,35,2106962
-,0,0,17256
MINlONS,1,19,4215847
Reworld,0,2,0
Forever Night,2,3,729789
Ban,1,2,141846
Naughty Squad,0,2,78871
cat and rat,0,0,29215
You Shall N0T Pass,5,8,906824
ACM,0,0,27782
THEMERCENARY,0,2,82297
DragonWorld,0,1,18762
SO EZ,6,14,1648122
1Mmortal,31,13,13204899
HappyDay,3,7,858718
COALITION,0,3,1048909
Chaser of The Wind,0,1,0
Boar Army,58,45,14915352
No Picture,4,6,894957
8469,0,2,0
NB FOREVER,0,0,48
HER MES,4,2,220269
Peng Lai Xian Jing,1,7,897523
RABBIT RAIDERS,0,1,24675
Heaven Knight,0,2,2060808
Chikipi,4,5,13204910
snow forest,197,85,28254247
Boar Army,0,0,760347
Invade,0,10,1338799
Elimination,48,23,4206822
Meow Immortal,2,3,586387
Mythical Knight,2,1,278278
-,0,3,0
-,6,5,490062
HIRAYAH,10,12,1241858
FLOCC of SHEEP,0,2,0
1Mmortal,10,4,1623559
KongFu PanDa,3,1,1103409
PLAC,35,43,13296190
HeIIo Kitty,42,11,5644242
HelIo Kitty,8,5,6183466
MISTHEORY,0,2,0
-,0,2,0
-,0,2,458590
Tarumanagara,12,9,195712
NGTD,4,1,288194
Boar Army,2,6,1428076
The Lonely Moan,0,1,13260
AAAAA,8,14,1179273
S Z P,0,3,8443
Forever Night,1,0,163548
Minerva-X,1,5,1070774
New_World_Order,2,5,261520
Pierce,0,3,283856
koryen,0,1,0
70bbe,0,1,72319
Meeting Stone,0,4,1185377
Dark Ravens,0,1,0
Meeting Stone,11,10,2472976
V A G A B O N D,29,7,4332382
MINlONS,0,1,0
K R U N G S R I,0,1,0
War Bears,1,0,35708
Blue coral,0,0,590555
High Cards,4,5,329480
The Lonely Moan,0,0,78007
Singosari,0,1,0
xCUTIESx,24,32,5223988
China,0,8,2204700
CHILIS,1,15,7412140
SubuTai,0,8,7480687
-,3,4,1784741
I The Flying Dutchman I,0,1,0
Tree Viper,2,5,1714753
Blue coral,4,18,2047124
Real Man,47,36,15081229
Mika,0,1,0
Earn money,85,41,20902946
NO-RE,10,13,2398405
-,0,1,0
A you ok,0,4,378499
Gungn1r,0,0,22102
Gondor,0,0,41393
World BOSS,0,1,0
Nemo Bomb,11,21,12166138
Western Paradise,34,27,7950972
Titan Blaze,0,1,0
M O G A,38,18,3753095
Dragon Blade,9,13,714324
Crazybabys,0,1,0
nekomi_home,0,1,0
Western Paradise,10,53,17711657
Peony Flower,12,2,1754031
CHILIS,8,1,2451647
CHILIZ,0,0,1833510
Farm Or Die,0,1,0
MoFuMoFu HEAVEN,0,0,12397
boar armyx,0,1,0
Beavers,9,21,11722984
Ban,0,1,0
Kunlun Jade QingJing,3,5,150050
123qaz,0,1,0
BeasTDaK,0,2,643615
Pierce,0,2,205664
Real ONE,0,1,938428
Finish,0,2,1903
HBL,0,1,0
Dark Soul,0,4,211037
M O G A,0,3,321926
Frustration Crew,11,4,1032780
The Black Banner,0,1,43430
-,1,0,103396
MoneyHunter,7,9,353136
SpartanS 300,1,0,7868
HeIIo Kitty,34,34,40719753
HelIo Kitty,6,10,7343932
-,0,1,6905
Meerkat Assemble,10,21,11317481
Pierce,0,1,21640
Singosari,0,3,242097
-,4,1,304434
C H E C K M A T E,2,7,180774
-,5,17,328641
Chuuni,0,2,0
Oops You Died,1,4,42010
All Rise,42,35,19416860
NULL,31,10,4442755
V A G A B O N D,1,2,169133
Boar Army,40,3,6329785
K R U N G S R I,7,7,343013
Belial,27,15,12516972
All Rise,1,3,3209703
H U P,3,9,546461
Rescue Station,3,11,3053421
Bayanihan Hukbo LVM,0,4,0
-,0,0,32464
Forever Night,1,2,50552
Lunagon Island,4,2,88588
7 DOSA BESAR,28,15,2673588
AFTERMATH,0,2,851537
changxiangyi,1,0,37249
KongFu PanDa,7,11,3076156
-,0,2,79653
AAAAA,0,2,185490
-,0,1,0
snow forest,6,11,7360667
SDteam,1,1,462497
A you ok,2,3,378499
Gondor,5,7,810639
World BOSS,7,3,970375
-,3,0,55760
-,4,4,364973
D R E A D W A T C H,1,1,21264
AVA,0,0,363565
Once Upon a Time,28,7,3989001
Clap Me Daddy,2,5,579035
Ban,0,2,36592
Spero Spera,0,1,0
MELEE,41,10,4484114
-,0,1,0
TW-Club,0,1,15201
KuromiO3O,59,11,11942480
Western Paradise,1,1,313751
Cops Sterling,0,2,64600
Same-to-You,1,3,65703
Real ONE,4,2,1004822
After Cleric,7,4,1370885
PLAC,46,27,15050029
-,0,1,0
Enterprises,0,5,157127
-,0,0,181938
Laskar Petani,0,0,6589
-,0,0,7740
THE TROUBLE MAKER,1,3,11099
Nemo Nemo,14,8,1962842
slaves leader,4,4,383082
Another,29,10,10223797
9INE,0,2,149274
Forever Night,0,1,0
Stellar Alliance,0,2,800060
R O S E,3,9,1518377
Jagdgeschwader 52,0,2,56234
AAAAA,0,7,48113
C O V Y,0,2,28201
Shark Chew Toast,0,1,0
Meeting Stone,67,17,14407421
All Rise,5,5,1456140
Chicken Nuggets,2,4,316703
PAPAYA POKPOK,1,2,1040083
Red Circle,0,0,73185
Big mom,0,1,0
Boar Army,0,0,106129
1Mmortal,2,1,788740
ArchangelGear,0,3,0
Boar Army,0,7,2945902
Same-to-You,0,1,0
Dragon Blade,1,14,3618902
Dystopian,0,1,0
Seven Hill,0,1,37252
Jia Nan,1,2,48985
F R O Z E N,0,1,0
HeIIo Kitty,46,9,15042069
F I K A,0,2,12784
Chosen Few,0,1,0
PVP With Me,4,1,468103
-,0,1,0
F I G U R E,2,14,4314959
F I G U R E,0,2,1180792
CRIMSON CONCLAVE,0,1,0
bosaBOSS,0,7,224354
Meerkat Assemble,25,4,4321948
Dark Looters,41,37,2849024
-,0,1,0
Singosari,3,9,5051124
Civic,4,0,713746
WADIMOR,1,0,34746
MO GU,0,1,1544928
PSYKOPATH,2,4,827377
BL4CK SIGIL,1,1,4976
EAGLE HUNTER,1,1,7284
-,5,1,194834
MidNight Pirates,1,3,685587
Echo of One,0,1,0
HAMMER DOWN,0,1,24052
S Y N D I C A T E S,1,1,53606
Freedom_Castle,2,4,42900
Guardians of Albion,1,6,946902
Packet Loss,0,1,41137
Ala,0,0,6397
Believers,0,1,0
-,9,17,2959473
-,0,1,0
-,0,1,0
-,0,0,573872
E2MAX,3,2,41485
R E V E R I E,0,2,232256
Pierce,6,7,5161452
-,0,0,1023
Red Circle,0,1,91250
HuaLiHuSao,2,1,233833
Dark Looters,9,13,236119
The Neighborhood,2,6,224468
Lumi,6,6,605262
PLAC,21,28,16954409
-,0,1,0
Speed Check,3,1,258702
-,1,3,4027
Laughing Coffinss,0,0,13805
Mika,9,23,2970184
Future Party,23,23,13117089
Meow Immortal,1,5,571676
ENDANGERED,5,19,3753981
RYLs,0,2,0
THE ENDRUNNERS,1,1,476020
RABBIT RAIDERS,0,3,229085
-,0,2,0
The Scarlet Dawn,0,1,1336
-,0,1,0
Gold Pigs,0,3,49061
CCTV,25,43,10995382
All In Fighting,10,9,3680220
Mika,8,6,1811574
Dive Guu Tee,0,0,96446
House of No One,0,4,407260
1Mmortal,7,4,937709
Forever Night,4,1,691701
CHILIZ,0,1,0
Knights Hospitaller 7,0,0,12506
The Northern Constellations,3,7,617595
THEMERCENARY,1,7,1025026
TRlUMPH,14,1,3576535
yesbabe,0,2,0
Tree Viper,8,4,838961
R O S E,26,16,2883120
Children Of The Dragon,0,1,1962
KNIGHT_OF_BLOOD,81,1,8237864
1Mmortal,3,1,3288211
Mika,0,1,1707265
Save Me,3,8,550539
-,0,2,0
SYNDACT,0,1,0
I The Flying Dutchman I,16,19,20622160
E R R O R 404,0,1,22644
Future Party,21,5,5534135
PLAC,17,6,19922127
-,0,0,152931
-,0,1,0
The Neighborhood,4,2,102074
GIGAN VIII,0,4,450496
Griffin Empire,11,15,9321213
F A M I L Y,2,0,492371
I The Flying Dutchman I,22,4,6132779
SHOWTIME,24,15,3652455
Future Party,134,15,15682771
1Mmortal,29,34,41975462
NUMEROS,1,10,198077
HelIo Kitty,2,1,342320
HeIIo Kitty,2,5,4874727
D R E A D W A T C H,1,0,146222
S Y N D I C A T E S,50,24,3206171
THE LEGENDARY,0,1,0
-,0,0,2265
Let Me Think,4,8,647838
I R2K I READY TO KILL,0,2,33877
-,2,4,260517
conquer,0,0,161473
Gnosa,0,2,0
LaiFaNongDer,1,1,1239217
-,0,0,76817
MAFIA ZONE,0,1,0
-,0,2,0
OverDaddy,0,0,83013
N E K O Z U K I,0,0,240102
I Check Mate I,1,1,1171966
THEMERCENARY,3,19,1173358
M O G A,0,3,2077824
Speed Check,10,5,1278476
xCUTIESx,0,5,1355289
Minerva-X,0,1,0
CRACKER,1,8,416690
O R G A S M,6,3,251841
9o6,0,1,0
Royal-Thetford,0,3,61975
The Wardens,0,2,15287
Peng Lai Xian Jing,0,1,9914
Children Of The Dragon,15,3,2661513
-,0,1,0
Eternal Catastrophe,1,1,28751
AAAAA,1,5,317500
The swallow,1,5,336761
F I G U R E,87,39,17670662
Anar chy,1,1,211041
-,0,1,0
Hong Xing,8,12,793908
V A G A B O N D,1,0,389978
Meeting Stone,0,1,87660
Crazybabys,0,0,96651
Forever Night,1,6,453412
PLAC,10,6,19108638
Last Lick,0,0,354610
CHILIZ,40,14,17878790
BLACK BANDIT,4,2,285292
Invade,45,16,12440311
Finish,0,1,57494
V1OLET,2,15,1478677
Meeting Stone,2,5,1519023
Tree_Of_ Faith,0,2,9404
All Rise,31,13,6612144
R E V E R I E,24,9,2509805
AFTERMATH,0,2,116446
Laughing Boulevard,7,7,1033363
Meow Immortal,4,10,1334956
Sapling-MIU00,0,3,271049
-,0,0,18212
Rest home,0,1,22339
300 Sparta,0,1,34299
Mamboo,0,0,2882
C O V Y,0,3,31710
Fire Boys,1,0,34078
Blue Phoenix,1,0,143405
Speed Run,0,1,0
Freaky Fools,39,15,8257169
UnifyVN - 304,33,14,7152635
All The Villains,6,7,2492982
Honey badger,3,4,231202
CoCa1nE,0,1,68252
Wavei,0,1,199898
Meerkat Assemble,73,24,17622400
Fight Or Run,0,0,28892
MIKE TEA,0,0,118372
Frostborn Exiles,0,1,4724
Fire Boys,9,6,1120711
KUMA,3,14,2580585
-,1,3,122021
wayfares,0,0,31599
MCS-P,0,6,522539
KongFu PanDa,34,21,10521142
-,3,0,834991
eRa Empire,0,0,32051
Four Emu Emu,0,2,0
-,0,0,15308
Chikipi,1,7,2331732
No SHOW,0,2,67830
Meerkat Assemble,68,15,8516707
RecaII,4,4,627993
BLOB,1,2,508706
The_APEX,0,3,500758
Coup de grace,0,1,0
F I K A,0,0,1814968
ALL VICTORY,0,0,115805
BeasTDaK,0,1,0
eRa Empire,0,3,114917
Green Knights,4,2,370364
I The Flying Dutchman I,32,10,12615546
Forever Night,15,7,1567355
SOLAR BENEDICTION,0,0,1833
SlowLife,2,1,64403
-,1,3,89894
Psz,29,11,5236277
Meerkat Assemble,0,3,644136
-,0,2,7175
Elden Ashborn,1,3,86086
Elden Ashborn,2,3,389811
R O G U E,0,1,0
Singosari,0,1,0
Mika,0,1,86954
-,0,0,22818
eRa Empire,5,1,251161
DEATH PARADE,1,0,12490
PAPAYA POKPOK,25,7,4391986
L04,1,4,183910
OYO_OYO,0,0,12002
HEI TAO,0,1,30830
Forever Night,1,0,40752
No Picture,2,7,350049
H U P,1,1,90816
All In Fighting,5,5,3365529
Mika,4,9,2708817
Pink 7,8,8,4431286
P U R P,0,0,389910
Meeting Stone,29,8,5083869
cat and rat,0,1,1346
-,1,3,6860
F R O Z E N,0,0,164806
SubuTai,50,12,10123691
-,9,9,510641
Topspire,0,4,149869
WORLD JOKER,0,1,0
-,4,2,2784383
233,0,1,72772
Bretonnia,1,2,64224
The swallow,0,1,25716
-,0,1,27554
HIRAYAH,2,4,487154
Poiuytrewq,0,4,121282
BeasTDaK,0,6,1992622
Pierce,0,2,2033605
TRlUMPH,0,6,602786
Summers,0,0,497290
After Cleric,1,2,1060838
CHILIZ,0,3,3096634
-,1,0,1178511
-,0,0,37909
Mental Abuse To Human,2,16,223436
C O V Y,2,2,87335
VIET NAM ssm,0,2,0
GOBLINS,5,17,8818832
TGIF,14,14,7731168
Lai tsai Project,6,1,494916
-,0,0,95102
Lao Qian Xue Yuan,1,0,23875
Fenr,0,3,262302
V A G A B O N D,7,24,7753862
Western Paradise,4,24,11069971
QuQnnTATnnOvO,61,38,5118795
Farm Or Die,2,5,613832
PSC,23,33,8811786
Team Rebellion,0,1,17936
Circus,9,13,688499
-,0,3,24101
Kendan,18,3,1116090
-,0,3,378861
out number,0,0,101918
C O V Y,7,8,287053
AK-74,4,9,315122
Sunset,0,2,87119
Pink 7,2,1,327424
The Drop Bears,9,15,1237577
An Guild,2,12,1203108
Chosen Few,13,6,1209577
The Northern Constellations,1,1,417645
Crusader Kings,13,17,6282451
9INE,52,48,20654027
PAPAYA POKPOK,2,10,2391092
Vacc1ne,0,1,1555479
After Cleric,0,1,2712932
KPA,3,1,308098
-,0,1,0
fiji souetu,0,0,2928
Wing of Liberty,0,1,37938
-,6,0,2966462
I Check Mate I,0,1,0
Solo-King,96,47,18468126
I The Flying Dutchman I,60,20,14836272
Solo-King,1,5,3154391
Warhammer Defense Core,0,2,0
Mika,6,5,943453
Boar Army,0,1,0
MO GU,15,10,6058789
The Myth,1,1,9744
MCS-P,11,5,1251300
-,1,1,316161
SubuTai,9,3,4935744
Kamusari,10,6,5847026
MO GU,9,11,2144796
CHILIZ,3,14,2303873
CHILIS,4,12,4474958
SLAF,0,2,77907
Reworld,6,17,4543711
Dragon Blade,0,2,8911
Future Party,65,25,23521737
CHILIZ,74,21,30383132
After Cleric,0,1,14079
-,2,0,65682
MINlONS,1,7,5044667
Conscripted,16,12,12716101
MO GU,0,2,859258
Karmic,4,18,1186567
MINlONS,2,5,1503181
DOKDO,0,1,43553
Psz,1,5,1899850
ssak ssak,0,1,82484
MCS-P,0,3,1337553
Pink 7,2,7,364483
S D G,6,20,461024
Creation Camp,1,0,23076
SLAF,0,1,0
-,0,0,39168
Forever Night,13,11,1194040
MoFuMoFu HEAVEN,4,9,865791
Realest,1,1,2970
ERASE,2,0,2364268
The Fide Blood,73,10,13296006
OneDone,0,0,26116
TRlUMPH,2,10,1088891
All Rise,0,1,467009
Smell Score,0,5,14176
1gaywoligiaogiao,2,0,216269
CHILIS,2,5,1206945
-,7,3,1185865
Invade,7,7,958666
Bujank Empire,2,2,164731
Demon of Inari,0,1,13365
ELECEEDD,0,3,0
Boar Army,12,12,3033815
Filibusteros,0,0,38649
-,3,8,67811
Minerva-X,7,24,11017106
-,0,1,0
Kingdom,0,1,0
Rajantara,0,1,0
TEAM_MEMOL,10,10,599990
CHILIZ,33,30,13697779
snow forest,0,0,62543
The swallow,12,7,1965437
Reworld,1,7,8555716
Family Type,0,6,567941
RESPECTED FAMILY,0,2,15183
MoneyHunter,0,0,2962
xCUTIESx,4,27,4355128
Spero Spera,0,1,63592
Mika,6,7,3048074
All In Fighting,14,8,2497822
-,0,0,14083
Astartes,0,3,13953
-,0,1,0
DeSaiko,2,4,77865
Wysteria,0,6,728338
inan9,0,1,187972
IN4NG,1,0,234859
-,3,10,2361786
-,0,3,0
LazyWayToEnjoyAlbion,0,2,0
-,0,1,67095
WhiteDragons,0,1,12245
v o d k a,18,11,2206319
Heaven Knight,79,44,28932098
Boar Army,7,15,2858662
Sunset,3,4,801703
9INE,0,2,259199
eRa Empire,0,4,161616
Invade,2,6,546965
God_Of_War,0,1,0
all pve,0,0,319607
Singosari,2,2,154427
L09,0,1,0
Imperion,2,2,85666
The Scarlet Dawn,0,3,64397
High Cards,2,0,23354
Lym World,5,7,675897
Demon of Inari,0,2,132486
Coup de grace,31,45,6386449
Sentinels Arc,0,2,21080
B L A C K P E A R L,1,6,237419
HIRAYAH,0,1,0
-,0,1,0
Topspire,0,1,0
-,1,0,132662
RABBIT RAIDERS,0,1,0
ABOVE HEAVEN,1,0,108247
JOMS VIKINGS,1,4,720
-,0,1,19970
PSC,3,1,416414
Free Loot,0,1,3955
UnifyVN - 304,0,2,190247
MAFIA ZONE,0,1,102794
Brightshield,0,1,1866
L03,0,5,82500
PSC,0,3,229020
eRa Empire,1,1,162139
-,2,1,344969
-,0,1,0
Enterprises,0,2,23306
eRa Empire,3,3,179147
-,0,2,27884
SSRR,1,0,4547
Western Paradise,0,2,67590
YangPaiXiaKiller,6,1,888086
WonderPets,1,0,30676
Noctera,0,1,2655
CoCa1nE,0,4,23114
H Y P E R T E N S I O N,4,3,470825
SLAF,1,3,313192
Forever Night,0,6,615088
NO_OC,6,4,2136926
A X E,1,6,36774
C O V Y,0,0,2993
Farm Or Die,2,1,307865
NULL,1,2,646902
Garden babys,3,4,554967
Farm Or Die,0,0,43602
F A M I L Y,4,8,2460466
Circus,20,9,5838627
Ping300,14,5,1264724
Red Circle,0,1,67021
-,0,0,96405
PLAC,3,5,1156166
Tree Viper,45,35,11748582
Earn money,0,0,216268
Boar Army,2,3,2341843
K R U N G S R I,5,5,317841
BLOB,1,1,11148
-,0,0,11870
PLAC,2,3,2129308
D E L E T E,0,0,25719
AAAAA,0,1,0
Pink 7,0,3,13881
MiMe,6,6,338841
NGGang,0,0,68324
Jagdgeschwader 52,3,17,898191
-,0,1,0
not cute anymore,0,1,12439
Speed Run,3,2,1332780
-,0,1,27841
Real ONE,4,8,5920711
After Cleric,1,3,1118504
The swallow,23,7,3191475
COALITION,0,9,1164125
PSC,0,0,141473
Forever Night,24,13,2762354
snow forest,31,4,5750099
Pink Memory,63,27,22485568
hehaheha,8,7,748266
G U I L D,0,0,31614
-,0,0,2639
S1LVER,1,0,148901
F A M I L Y,0,1,0
New Oriental,2,1,102745
Singosari,0,3,0
EDOK,0,1,0
THEMERCENARY,0,1,27642
Easy come Easy go,1,4,487071
MoneyHunter,14,3,660267
ENDANGERED,62,18,6419275
mechanical,0,1,92125
xCUTIESx,2,3,601112
-,0,1,0
AK-47,1,3,55017
V A G A B O N D,20,8,4497038
Griffin Empire,5,7,1893236
Gondor,0,1,61293
-,4,10,425239
Farm Or Die,6,13,791445
ZIBENJIA,0,2,46885
ACM,52,23,8240152
F R O Z E N,4,7,1195272
Crazybabys,1,1,74072
The swallow,0,2,809508
conquer,6,7,521158
NULL,0,0,170075
Future Party,0,0,545390
Jia Nan,0,5,76767
-,0,1,0
The Drop Bears,98,17,11024568
Chosen Few,4,6,329847
ACM,3,5,1635988
beggar castle,0,3,51955
The Fide Blood,1,7,167243
Jagdgeschwader 52,2,5,638959
Forever Night,0,0,12223
B L A C K P E A R L,0,0,64812
Conscripted,6,1,1707964
SubuTai,6,0,2091361
I The Flying Dutchman I,84,22,18227317
South PH,1,1,105833
CCTV,2,22,8758769
Children Of The Dragon,3,3,795266
Absolute Dragon,7,21,946580
From Zero,4,6,396338
Titan Blaze,0,7,0
Order of Saint Lazarus,0,3,0
ACM,1,8,2221767
Wavei,0,0,207452
Red Circle,0,2,34515
Meeting Stone,0,0,55898
-,0,1,259119
Finish,0,1,52010
P U R P,6,7,1102577
-,0,0,7596
-,1,1,103760
11,2,7,153052
NB FOREVER,2,2,211222
THEMERCENARY,0,1,0
CCTV,9,12,3237423
Black Ops,0,7,1370664
F I G U R E,5,33,10183520
Speed Check,5,9,1926817
-,0,1,19373
MO GU,4,21,6392378
Technique,3,4,45028
DESTROYER GHOP GHOP,0,1,0
The Fide Blood,1,3,1294749
1994,1,3,151748
CHILIZ,0,6,1461660
MCS-P,5,0,681817
Buzztard,14,16,2203633
Blue Phoenix,0,0,35940
Bapack2,0,0,20373
Rescue Station,4,12,6421671
KFCv50,7,1,326208
Forever Night,1,0,539841
Shu Shan,0,1,379364
RABBIT RAIDERS,0,0,129339
Pink 7,16,14,1015265
DDBS,3,3,8798644
Invade,35,10,7896122
ORANG JAWA,0,3,0
-,0,3,17875
CCTV,182,16,28466597
AAAAA,1,2,16228
Mamboo,1,3,90520
koryen,0,1,0
Wysteria,1,20,10141644
I The Flying Dutchman I,0,1,2291479
Cempaka,1,3,342234
The Northern Constellations,0,1,0
Mythical Knight,0,1,0
HelIo Kitty,0,6,4004650
HeIIo Kitty,1,9,3626405
-,1,0,936
-,1,0,22920
THEMERCENARY,1,11,80218
F A M I L Y,12,12,11903739
-,2,0,286513
-,0,1,3671
K R U N G S R I,5,3,94268
N E R F,0,3,368336
Boar Army,0,2,184638
Garden babys,12,14,996878
Avalon Little Punch,31,12,1591614
Finish,1,0,20289
Kingdom,0,2,12447
Bossku,1,1,20260
H Y P E R T E N S I O N,0,3,1205
PLAC,1,6,4895159
Fightin fool,0,0,331760
All Rise,5,21,15205410
C O O L D O W N,1,0,179830
V1OLET,1,6,976502
Singosari,0,1,284769
Onely,0,0,11387
snow forest,1,5,1416228
Heartsteel,35,24,3135807
Pierce,0,1,0
-,0,2,0
F A M I L Y,18,6,5497140
RESPECTED FAMILY,0,0,49604
ALL FRIENDZONE,0,2,0
-,0,0,13542
All Rise,11,33,21383811
B L A C K P E A R L,1,5,138800
Space Wolves,0,0,26537
Nothing,0,2,11987
-,0,0,28723
Holy Black Knights,1,1,254223
ACM,6,8,912912
S U P E R I O R S,0,1,0
-,0,2,0
-,0,0,41194
Dreamweavers,0,1,0
Cheery Blossoms,1,1,52856
Laughing Boulevard,60,16,24444612
Sentinels Arc,3,5,190667
-,0,1,0
not cute anymore,0,3,0
CTRL ALT DEL,0,1,552
Reworld,1,1,85429
The swallow,1,13,2269947
I The Flying Dutchman I,1,12,6687604
Frostborn Exiles,0,1,0
FATE-Excalibur,0,1,0
All The Villains,34,47,15193139
SubuTai,23,35,23391475
Vega,0,1,203486
-,2,1,51463
-,0,3,138043
Reborn from Nirvana,0,1,0
All The Villains,57,45,12232796
Crazybabys,0,1,97170
N E R F,5,2,1235782
eRa Empire,0,1,0
Meerkat Assemble,0,3,1427513
HidE0ut,0,0,19861
Circus,0,1,0
Earn money,0,8,195256
ROYAL GHOST,0,1,0
-,0,1,38907
OverDaddy,6,0,186276
All The Villains,2,10,4260477
Mika,3,1,91258
Finish,0,0,7062
Arena Ghost,0,0,1444
-,0,1,34892
FLORISEN,1,0,37909
NekoParadoxia,0,0,2097
TEAM_MEMOL,16,5,2357374
Harmonia Eternity,0,0,2337
-,0,2,0
CHILIS,0,4,1343675
CHILIZ,0,13,7442092
SubuTai,0,1,147246
Kamusari,7,1,1977539
00nemo002,0,1,0
Chikipi,54,36,27750541
-,0,1,0
xCUTIESx,1,1,6297
snow forest,11,5,1714149
Ender Clover,2,2,161612
UnifyVN - 304,0,2,0
Dragon Crazy DxD,1,2,31104
TAKEDA 24,0,5,119307
Gondor,0,2,0
Anar chy,0,1,0
-,0,3,49655
Eagle Army,0,0,3984
Jagdgeschwader 52,0,1,0
Gold Pigs,1,6,650730
Dragon Blade,6,11,1196157