Battle ID,Kills,Fame
305325179,17,690980
305364169,17,8440276
305396497,40,3449209
305406077,15,3701167
305406521,15,965475
305412901,6,604283
305428121,19,1960619
305429980,8,514777
305431782,30,1848056
305434183,51,10127111
305436041,61,17309373
305440959,49,11737441
305441683,56,2608532
305441850,5,477882
305442041,5,428988
305443233,23,7374380
305446843,9,1385820
305448068,10,7525775
305449588,8,1967636
305451069,26,7768309
305452064,13,2118024
305453593,15,2333877
305454519,5,1420920
305455527,11,4004474
305458023,6,1419448
305458025,13,4037034
305460963,35,7453681
305464276,55,3964734
305466476,16,1798990
305474526,22,2125756
305478828,3,31295
305479167,43,4656005
305480191,18,11073335
305484931,9,2889149
305485164,40,19209200
305487150,3,274759
305487208,8,2666358
305487712,14,737973
305487716,16,7286904
305488048,25,13244314
305491573,3,537545
305491608,6,786246
305491701,7,1639746
305491969,39,20741958
305492809,23,6080925
305493806,11,4363688
305493887,30,1861098
305494092,6,1090529
305494992,18,4241880
305496964,15,4322400
305497322,28,8087622
305497561,4,1779063
305498124,25,8720049
305500328,20,6983589
305500442,6,968248
305501695,9,2021052
305502974,38,2723539
305503681,12,755592
305503725,13,894658
305507765,13,869206
305507939,34,2729040
305508407,10,555882
305511781,38,2284776
305513470,18,741990
305515090,14,685032
305516360,7,1204557
305518044,14,1113437
305519338,21,2145051
305529929,4,617004
305531586,39,15348544
305532884,40,13294681
305533505,27,10942978
305534696,7,1537175
305535899,4,1151801
305537405,17,3647890
305537598,28,6182617
305538598,17,1984026
305538848,19,6915026
305539910,17,5900061
305541050,30,7665401
305541264,15,2691046
305541594,25,2028422
305543081,39,19088568
305544057,8,3473361
305544239,34,13523060
305545977,12,790712
305546385,5,656235
305548851,35,12341670
305548879,6,1848078
305549219,5,978053
305549406,10,272874
305550131,35,19726066
305551514,6,2092927
305552296,23,1024336
305552702,16,3727367
305556046,4,262634
305556530,11,6354968
305557093,27,1932639
305558087,13,2492248
305558299,7,456055
305559056,16,4292735
305559074,65,32622941
305560777,12,622214
305561788,9,799539
305564622,14,1631573
305564852,8,1468194
305566045,5,220545
305567716,4,73501
305570091,10,2139627
305571155,14,1999708
305571198,5,360332
305572777,20,1668743
305572790,21,647257
305573638,14,1314709
305573802,41,927354
305574105,33,5477625
305576394,3,429332
305578294,14,1959384
305579356,13,4385105
305583331,13,581206
305584993,26,8749180
305588638,41,17498861
305589442,24,2152146
305590277,5,1155576
305593561,6,1123019
305594757,81,44389245
305595035,13,1833464
305595103,16,492499
305595367,15,1915305
305595477,54,27381103
305598323,10,6795962
305598728,14,2079503
305599017,41,9335920
305599302,25,1399529
305601996,15,1627720
305602182,58,23420957
305602561,23,2694371
305603461,13,971250
305603600,18,3021648
305603704,24,5478561
305604724,21,4263425
305605755,12,4174121
305606532,13,2991793
305606597,17,2756898
305607106,8,2470004
305607176,80,25020198
305610223,8,1948969
305610804,31,1078723
305610824,9,3348344
305610856,6,391373
305611355,4,112596
305611645,10,890192
305611682,21,1647826
305611685,17,8957545
305612104,13,1166719
305612692,14,1880112
305613041,8,2650916
305613427,5,1493592
305613548,13,3143370
305613687,11,1567160
305614207,24,8627025
305614439,32,10936894
305614501,51,3322645
305614707,82,30101552
305614763,21,4420493
305614959,10,792398
305615690,8,3992057
305616111,16,4445242
305618323,25,1827928
305618620,8,327035
305619190,11,2428658
305620922,9,2012775
305621048,10,1451050
305622175,15,5683702
305622659,7,285190
305623012,132,14686876
305623016,11,800395
305626092,65,8536596
305633431,11,188430
305634457,41,2487153
305635645,20,3492176
305635919,15,1428871
305639106,14,1132273
305642055,13,5463426
305645850,13,3443350
305647569,16,4766021
305649123,10,14644951
305650531,80,31245948
305651806,6,876836
305653459,29,9485874
305654738,14,2116255
305655283,12,2059420
305656062,15,1869827
305657082,13,3397049
305657147,16,7356810
305658030,29,3719603
305658136,88,29533463
305658703,9,524599
305658999,8,1101232
305659963,117,37419324
305661402,18,5922050
305662769,32,2608724
305662930,14,5109200
305663187,3,670983
305663325,11,488394
305665065,34,8041660
305665316,9,281273
305666046,19,15993087
305666117,22,1327267
305666523,17,7666896
305668593,17,10299064
305668791,29,15730740
305669335,4,139515
305670209,15,2316160
305670654,17,6109800
305670907,14,5505098
305671209,59,28220086
305671538,81,35346455
305672116,12,2565004
305672340,17,956974
305674282,13,4508226
305674525,24,11628269
305675229,21,4136400
305675424,4,812547
305676518,23,9427672
305679026,9,997852
305679523,5,290971
305679930,4,203471
305680017,6,2526970
305680673,13,895137
305682234,75,6082532
305684214,11,889623
305685944,10,4681325
305687940,18,2116547
305688961,23,1414919
305689273,10,395147
305690905,11,1063101
305690947,13,4196003
305692503,23,3278761
305692979,7,1232052
305695427,9,623576
305697797,14,5885076
305698259,11,2627097
305700204,3,759183
305700501,30,1824442
305700854,10,802023
305701508,33,2625856
305701822,36,17194818
305703232,41,5796770
305707778,23,2543243
305711631,18,1464519
305712955,18,2816883
305713002,4,211662
305715738,7,1878196
305717349,20,2862097
305718479,17,599505
305719163,36,1944825
305719873,26,8763163
305721309,101,6349176
305723528,31,15110567
305727904,17,6824678
305728311,23,3647152
305730848,31,10006990
305731913,19,7460621
305732002,17,5547163
305732106,11,1726463
305737060,365,121393013
305737235,15,3334207
305737948,52,4875334
305739833,4,142249
305746705,7,479923
305746780,50,3130591
305747003,12,1803159
305747136,18,4326354
305751484,5,710588
305752834,8,732028
305753004,20,5548006
305753602,34,3615805
305756739,10,665808
305758162,14,1084444
305759989,4,282100
305767386,21,1396228
305776654,11,3267266
305866991,12,9168758
305869161,26,8360312
305871679,18,5074613
305874364,16,5570207
305881357,16,1279425
305885591,11,3111228
305888820,11,3057673
305892158,21,1152911
305894494,10,689151
305896571,7,1116483
305898642,237,81867202
305899009,3,396341
305901828,15,7708141
305901841,8,907347
305908187,14,972598
305908573,11,1572827
305908604,4,417851
305909250,19,42099682
305909605,17,23524933
305910951,26,3541275
305911503,10,1134216
305912356,68,27888760
305912951,14,6628650
305913426,22,947037
305913826,14,3367299
305914606,7,1802163
305914716,7,1162835
305916128,16,4576407
305918894,12,972684
305919944,12,3848220
305922127,34,4555687
305925615,29,1626801
305925726,18,1176482
305929350,7,414114
305929967,13,741295
305930019,57,4994268
305943529,57,17250587
305949638,39,9729519
305955077,11,9655609
305957734,17,1297977
305958434,4,1725570
305959401,16,12276503
305961169,9,2806640
305961197,15,2677352
305963493,25,11366429
305964843,28,11464186
305965983,29,7652789
305970938,104,12798342
305971091,26,2896733
305975170,14,2274640
305978738,15,1047509
305980303,15,11514497
305982975,25,1055964
305990357,50,3383790
305994026,3,646490
305994199,11,2309781
305996251,17,3795270
305997165,132,43755973
305997753,6,283931
305997829,10,3116026
305998710,51,3175682
305999429,17,1078248
306000012,11,2791488
306000205,36,2323261
306000757,13,1154465
306001025,9,3107167
306001038,39,1834924
306002915,147,45530335
306003072,9,2824216
306004499,5,1833612
306004651,41,10547154
306005698,9,1760054
306008092,21,4775889
306008406,6,1473598
306009562,62,4902471
306011584,20,4759416
306014909,28,11863236
306014956,52,3172657
306016008,10,255070
306016172,21,6657894
306018098,20,9182181
306018980,12,3284174
306019057,24,13818230
306029056,18,892137
306030847,39,2966411
306031304,19,260689
306032635,69,2521685
306034587,23,1217834
306035241,11,310058
306035377,129,7844711
306035705,24,1352932
306036388,24,1370527
306039234,11,2732328
306040146,34,1633597
306044360,14,1141009
306047120,21,1681712
306047348,23,307192
306047585,39,1847780
306050068,45,12884734
306052071,114,35337383
306052156,6,1753788
306052632,12,560221
306052820,21,3840014
306053422,9,301676
306053986,21,2050735
306054451,7,560756
306055150,4,514105
306055760,14,586560
306055915,26,9291518
306056326,21,3287987
306057770,17,1367977
306059104,44,12654643
306059741,72,31751283
306060039,35,1831116
306060132,22,1248818
306060175,24,1534299
306060178,23,6547281
306060557,47,16026476
306061055,4,123997
306061308,17,820863
306062234,12,4083177
306063072,18,4433416
306063321,20,4287043
306063766,16,2863011
306064990,20,7628033
306065358,11,3222587
306065600,16,3757825
306065781,20,6291164
306066725,13,1832555
306067048,16,755754
306067873,24,8361837
306067995,21,10109754
306068858,15,2467871
306069143,28,7892638
306069779,25,1223455
306070670,7,2169633
306070703,16,5181958
306071248,96,31099622
306071288,42,2367177
306071690,49,14057415
306071755,6,1872168
306072350,5,1486276
306073379,11,3920100
306073915,25,2446629
306075082,18,4170328
306075162,46,21392690
306075203,5,1511551
306075364,5,140920
306075581,9,454812
306075956,26,3968556
306076272,14,6475393
306076634,7,478837
306076876,42,20168990
306077111,8,2790370
306077917,8,1704549
306078178,4,189289
306079445,15,4642615
306080412,9,6447233
306080699,65,18569822
306080841,18,3368429
306080890,6,2020507
306081054,30,902758
306081492,25,1417248
306082162,14,908526
306082214,18,7625706
306083988,18,580866
306084398,28,1890851
306084734,10,972147
306084735,21,12043259
306086339,11,2811381
306086669,23,1250317
306088741,19,10881000
306091064,34,2442468
306094768,13,3631451
306095677,12,2004336
306096301,23,1795940
306099691,43,3545848
306101278,12,539434
306103041,68,2940394
306105704,26,2196857
306107248,3,149994
306108726,21,1660696
306109109,14,1236039
306109251,211,72990296
306111092,17,760937
306112957,27,8110347
306114395,3,990288
306114485,71,3459902
306114717,43,1547263
306118653,41,14285982
306120471,12,806880
306122073,36,16883640
306122945,12,1421130
306123035,31,7991977
306123088,48,40885696
306123346,16,6872578
306123831,9,549617
306125080,7,3494342
306127035,11,5951460
306127249,4,4976274
306127356,7,504747
306127791,38,13368155
306128450,10,1464310
306128483,76,36831946
306129706,30,4734641
306130113,14,2830635
306130653,57,14971185
306130854,9,2196971
306131870,10,2292802
306131955,20,6324397
306132304,13,5171564
306133549,66,22150792
306133814,20,6013872
306133857,14,4779103
306137324,12,615908
306137558,14,1523246
306137622,11,3277352
306138784,13,1081310
306138896,13,2192097
306139424,7,613130
306140317,10,1268300
306141223,9,2384995
306141730,25,7934093
306141989,10,9405020
306142219,13,2330890
306142621,16,2579535
306145427,12,740695
306145648,14,4821586
306146037,3,610232
306147472,12,1130645
306147642,19,2262125
306147872,10,999774
306148533,4,1500210
306149929,22,7829512
306150839,17,4245269
306150977,17,740160
306151052,32,8704717
306152282,8,595306
306153822,18,2162066
306154091,12,1367099
306155189,4,899213
306157816,33,871102
306161527,8,868744
306167248,24,632085
306167817,10,911092
306168594,23,5287265
306169070,7,702147
306169234,8,602470
306171712,67,28160359
306173582,410,160159882
306173767,37,2679323
306175432,46,19070532
306177250,4,1018554
306178643,4,948300
306181907,30,3633273
306183098,13,1236640
306183295,6,504984
306183320,4,1272815
306183758,83,31397545
306185775,21,4268559
306187248,18,2012368
306187686,14,3900582
306188771,5,1871493
306190286,19,7146387
306191638,14,1750658
306191682,17,1201763
306192516,10,538809
306192732,10,1735345
306193604,48,16937478
306194129,17,1552710
306195460,17,4667950
306199935,12,3280142
306200287,7,1309518
306200590,5,959287
306201775,32,4099563
306203382,28,7910866
306203713,11,1608106
306206023,15,2683989
306206026,10,1275683
306208991,34,1118889
306209240,11,922307
306211001,25,6484094
306211727,34,3527691
306218069,18,2221191
306219914,11,455364
306220126,24,2121185
306224191,6,521033
306224365,25,1792070
306225888,29,4570306
306227816,13,2346781
306230468,22,1817200
306248950,7,4293698
306255880,12,9429996
306284734,10,464453
306295657,7,435756
306306289,17,7807166
306326591,10,824799
306337519,23,7158202
306339150,36,10931490
306342434,6,2643204
306344229,22,6557772
306347059,11,6309813
306348427,17,2552566
306349697,17,6978750
306349918,5,386472
306351046,23,11158121
306356373,8,4038492
306357390,16,7404898
306361216,39,2869424
306364052,8,702883
306366662,34,7671286
306369060,38,5170698
306373683,5,962251
306376084,60,22549311
306376195,16,1418604
306376995,15,2541870
306377104,6,1517912
306377782,11,4993908
306379161,5,851710
306380402,30,14340190
306382225,8,2491626
306382522,97,38112705
306383134,5,1370769
306383649,10,2459094
306385026,50,19836944
306386082,12,1185162
306386472,7,1815627
306387426,6,2455482
306391014,6,415020
306391878,353,46410576
306393360,166,5254605
306393366,13,2749461
306393430,16,13738456
306394453,9,719994
306399143,9,1343109
306401158,12,1594615
306412860,4,884103
306414634,5,1280217
306414999,15,2588412
306416219,4,980114
306416921,53,23202329
306417254,18,2941167
306418159,24,9069454
306418254,173,59201428
306419078,12,1818579
306419150,8,504741
306419727,13,1670432
306419948,17,1213981
306420033,3,202327
306420596,3,401690
306420781,20,6361435
306422437,8,431428
306422590,11,2101936
306424103,29,1788759
306426317,5,181859
306428721,8,417194
306429834,4,1647620
306432368,15,5315767
306433572,16,877975
306434129,10,1976962
306434401,12,6483184
306436320,5,165047
306436394,13,9630561
306436474,18,9926446
306438958,31,9067083
306439052,17,781142
306440000,5,543216
306442975,25,1106833
306451419,10,315953
306457422,7,813225
306460544,23,1228431
306461403,19,626294
306464376,11,2329493
306467107,92,7021635
306467185,16,528124
306467843,229,95226453
306468710,22,4152823
306469700,32,13159913
306469979,30,14016854
306473106,31,5027683
306473670,13,6282230
306474640,18,5799645
306477852,17,256132
306482310,16,10637408
306482524,52,2535916
306484648,14,4046871
306484711,17,2015844
306484717,36,2985641
306484974,7,430184
306486625,4,2282453
306487306,20,1513853
306487388,8,3569396
306487794,17,5373075
306487955,12,4683338
306491709,19,3617681
306492076,21,9397963
306492231,32,3334323
306494387,86,4542347
306495458,17,8423353
306495905,9,285248
306499053,22,1972112
306500720,35,3382991
306501315,15,1488738
306501813,36,481912
306506594,14,1142312
306508540,16,2644838
306509316,13,1395483
306509730,10,301377
306509976,22,7009885
306512111,18,818391
306515081,22,1053527
306520103,7,968328
306524537,17,2259112
306524980,21,4611975
306525367,62,22748955
306525681,13,875396
306525836,18,3736609
306526001,6,275251
306527161,13,3750573
306529086,183,67850333
306530098,12,8383153
306530192,11,1026865
306530895,29,14215598
306530986,27,9158779
306531003,8,2184665
306531011,15,3497007
306531845,8,2283378
306532466,44,11611392
306532679,15,3899945
306533122,42,13952752
306534298,4,2675026
306534590,6,730200
306534612,12,885884
306535340,31,13758804
306535403,16,2063101
306535479,15,5880970
306535822,17,9227058
306536192,4,616023
306536274,4,1337775
306536585,22,8336790
306536741,28,7477147
306538404,33,13302988
306538757,50,24771146
306539366,17,3922033
306540041,5,1072371
306540457,4,636436
306540806,129,57854089
306541325,18,5979388
306542017,18,12386082
306542218,13,3834182
306542318,39,23299214
306542709,33,2182982
306543269,28,8235315
306543411,70,32764730
306543571,15,3756524
306543588,27,2817389
306543752,13,3365629
306544992,86,32342694
306545392,22,5482244
306545433,13,1566302
306545616,23,4617328
306545983,8,763367
306546293,9,2131619
306546647,22,2609681
306547012,37,12074937
306547252,7,4872647
306547331,42,20635353
306547651,16,6841803
306548046,7,2169735
306548345,17,1617561
306548469,12,3231662
306548771,32,4091220
306549032,23,10432960
306549208,15,3592637
306549410,13,3987584
306549869,23,3569972
306550178,23,2430315
306550434,4,881722
306550579,4,2342437
306550606,22,8299655
306551386,13,3706281
306551516,28,8047584
306551542,26,4107080
306551814,15,4736100
306551936,9,937100
306551971,31,1296459
306552049,9,1645057
306552118,4,1547265
306552166,12,3867734
306552787,90,44095356
306552910,18,2375544
306553145,6,888226
306553242,45,25518595
306553699,9,6336329
306553982,9,3486578
306554170,22,6247181
306555877,10,1343899
306557573,29,3846371
306557681,17,6437491
306558084,20,3543417
306558460,20,12939259
306558676,10,441488
306559204,13,6115886
306559992,28,3572671
306560432,33,2620474
306563108,24,7369089
306563839,34,3059944
306564033,16,1456289
306565565,47,3178335
306568002,11,2032484
306569302,10,1228078
306570697,36,3958616
306571556,18,925201
306574029,23,909583
306577738,14,7052863
306579952,10,1870319
306580309,16,1458398
306580844,18,14326882
306582603,14,2520104
306582838,43,14160276
306583791,45,1624828
306584765,6,2034560
306585032,507,219178416
306588013,20,1205693
306588055,58,3930784
306588189,6,2162181
306588624,51,31351187
306591583,21,1620177
306592293,13,506815
306592301,12,1926761
306592619,88,3148761
306593925,51,19061309
306594249,16,7365872
306595303,16,1250531
306597117,24,2284208
306599020,330,177463895
306599029,12,3453928
306600292,36,11990894
306601065,3,97548
306603446,14,885089
306604644,13,4309079
306604717,11,591268
306605756,14,180796
306606951,7,302382
306606991,12,3629817
306607241,9,535647
306607808,3,817374
306607988,16,3027052
306608854,15,3672545
306608912,12,1062640
306609523,14,3290864
306609599,47,17277239
306610743,23,581903
306611594,12,2077526
306611641,8,4191942
306613135,14,5324496
306613339,26,7687287
306613646,18,2368092
306614547,6,1024057
306616879,8,4273579
306617654,11,556111
306617834,5,518834
306618091,17,5625512
306618250,31,791480
306619498,12,1821325
306619503,9,640027
306619528,12,2768771
306620831,15,822524
306622008,18,994437
306623756,23,2217905
306624583,4,331204
306625722,10,360461
306625745,68,5917246
306630355,10,743462
306633720,15,1591577
306634192,19,3056792
306635151,26,1660662
306636110,24,1682652
306637925,113,9662228
306638317,11,625458
306638384,9,696139
306642054,14,1704452
306642648,8,1922893
306644315,16,737900
306644730,3,1192661
306645068,28,639509
306645705,6,4253101
306646980,11,1425122
306649170,12,2962537
306649965,94,4041044
306650790,4,1089096
306652410,28,7384485
306655814,6,1656962
306656017,13,3054290
306656217,7,1449082
306656511,14,3026508
306657389,16,3504704
306659181,12,1127113
306659797,16,4838824
306662354,11,4071061
306662790,28,11670297
306662808,74,19535825
306663599,13,2862683
306663865,12,513467
306666375,25,1413833
306666416,18,6097602
306667868,99,44868805
306668074,5,426347
306669681,18,2006650
306669979,13,738167
306670056,7,3255901
306670177,11,961135
306670624,13,3961515
306671953,15,570320
306672096,25,12507505
306673480,12,1021881
306675489,19,2109038
306676158,7,3202311
306676516,13,408512
306677506,8,347904
306679423,22,6794570
306679987,21,2080112
306680779,10,1303184
306685337,18,907422
306685955,45,5723053
306688904,19,3708476
306690115,16,4170155
306693651,8,649498
306693947,11,2302010
306694027,11,1256237
306698716,12,540545
306700558,28,2761368
306701695,15,1109277
306704853,10,10177018
306705436,39,11224544
306707178,32,12234619
306709859,9,638100
306717647,7,493791
306719580,12,734398
306726409,7,348675
306797695,19,2368444
306798435,25,12656736
306801256,25,3400255
306811177,4,1583220
306815892,7,907880
306816589,29,7269581
306820538,14,6505141
306823144,10,3170471
306824138,10,1393849
306824985,32,10582403
306826653,21,1457269
306835608,16,3156658
306842259,13,510566
306843162,144,53652381
306843567,9,1010615
306844062,184,68100456
306844944,13,1044441
306846435,7,908707
306847357,27,1334983
306847870,15,1268148
306849335,3,176010
306854275,21,1336981
306859612,8,893949
306861124,4,532180
306861567,19,8999852
306862159,8,307163
306862685,87,33686928
306870572,43,1266463
306871353,97,10165962
306871390,8,1223048
306871420,30,1832863
306872000,7,177123
306875911,15,648059
306882632,6,1225764
306882782,15,3613013
306886098,10,2116681
306891982,14,933407
306895516,19,3849788
306895928,12,323358
306897173,70,22527930
306897310,15,5438469
306903000,5,371479
306903336,19,728686
306903585,24,10523028
306903806,57,14231774
306905933,42,492910
306907065,25,6845254
306907324,15,963722
306907368,5,93329
306908985,16,2169937
306911797,26,9480920
306911926,32,2806218
306912282,3,245500
306912563,16,798300
306912939,15,1554537
306913353,35,12093712
306916004,22,8665833
306917526,26,15593513
306917737,10,4434022
306918869,14,3010545
306921530,19,1672815
306921775,31,11911804
306923614,18,3925708
306924226,18,1057948
306926492,226,26453815
306926494,49,8375337
306927705,74,7019758
306928306,6,512392
306928853,14,1241167
306933712,10,288749
306948268,31,4069348
306948989,17,710897
306949373,31,4964061
306950168,20,1245814
306950669,29,1419853
306952322,23,5230744
306953665,15,415379
306955803,11,1714115
306956218,3,302624
306957557,74,9900122
306957908,16,1587669
306958188,6,762204
306958440,28,10683130
306960592,74,28585120
306960866,12,7266382
306963712,12,755476
306963739,12,1074453
306963788,12,2884948
306963946,30,4707903
306965387,3,320266
306967461,32,5717785
306967549,6,1763272
306967923,13,7983813
306968178,13,4711353
306968449,32,1096324
306971157,7,1790257
306971251,24,4202272
306971373,13,2927601
306971429,10,3743043
306971957,11,1936959
306974472,12,2987307
306974477,17,2942103
306975237,5,67786
306976065,14,4640844
306977212,13,275011
306977426,6,612238
306977881,5,1336932
306977901,18,7741458
306978211,17,2163671
306978255,10,960471
306978339,51,8208495
306979225,12,3861213
306979831,4,1835615
306981133,8,2934759
306981514,7,380586
306981903,19,7503643
306982329,8,2493815
306982778,29,9892731
306984026,10,916338
306986790,7,2984485
306987512,5,1205979
306987810,14,1972471
306988273,4,664915
306995518,5,281464
307001904,42,2876289
307003745,35,1376510
307008101,27,924646
307010679,11,254718
307011867,10,406919
307013992,13,5321906
307014329,7,1053765
307014451,11,1871096
307015271,50,18726390
307015554,21,1091774
307015656,14,1724510
307016499,7,2277008
307018057,24,7174405
307018473,31,2183055
307019106,9,2399700
307019871,282,122735271
307019881,7,2512806
307020099,34,9603479
307021043,16,4138427
307021347,317,130047108
307021376,3,467027
307021830,31,6171415
307021841,19,6435552
307021977,13,2944143
307022029,18,1879096
307022596,13,2695579
307023112,7,3104386
307023240,10,1013790
307024674,24,5523891
307024975,5,2559604
307025768,33,11464234
307026070,13,4728665
307026263,27,7335823
307026358,58,21789998
307026381,15,4293700
307026812,23,12738541
307027609,39,23391015
307027723,7,1557002
307028322,9,3385387
307028444,59,21557098
307029021,31,2287827
307029611,12,3928000
307029693,38,15784369
307029785,14,3752021
307029786,16,4583630
307030830,16,5780889
307031368,7,69669
307032587,9,1725066
307032672,6,867578
307034008,45,22129366
307034718,17,5845059
307035289,9,2462101
307035586,22,13221261
307036138,37,3075194
307036425,19,5697278
307036700,27,11904408
307036900,41,11508628
307037142,16,4617633
307037214,15,6194018
307037265,26,12183440
307037619,9,878932
307038372,56,23009581
307038444,12,2813031
307038734,31,9182827
307039572,40,16867888
307039642,35,13180531
307039987,44,20290970
307040023,18,5693787
307040314,13,2790806
307040516,22,2292897
307040929,12,1503973
307041062,27,6095229
307041256,7,2812494
307041456,5,2948924
307042647,16,1915594
307042897,14,1833044
307043738,11,806634
307044371,5,2056440
307044373,40,14987638
307044566,11,4420993
307045965,18,4226242
307046439,6,2129361
307046784,12,1389996
307046880,6,3941400
307047422,32,14601541
307048881,22,4710668
307053092,13,3024563
307053538,38,938986
307055492,11,360218
307059984,29,4211845
307060000,20,2441043
307060045,9,760389
307060110,78,3289747
307062793,10,2083768
307065993,32,12294523
307066791,50,1405311
307069050,10,7835372
307070542,8,2119658
307071125,8,768057
307071524,42,20833733
307072978,9,2271762
307073960,27,1189135
307076081,23,9963205
307076982,37,1061810
307077028,9,6982688
307077146,21,6158085
307081000,18,2753187
307081025,150,63527215
307081983,15,6116746
307082301,9,1365714
307083141,14,3038786
307083456,25,2758377
307083540,19,4212975
307084303,15,1885493
307084443,49,6658546
307085606,70,3659586
307085908,9,2578134
307086868,35,11408898
307087170,23,1156806
307087212,6,3182239
307087393,14,4506728
307088258,18,8660778
307088802,13,2900949
307089126,21,8411196
307090258,58,5951344
307091037,25,1708314
307091559,12,1632603
307092768,18,1541514
307093016,223,90961824
307093203,11,4098415
307093324,166,69743180
307095016,8,760320
307095574,17,2554088
307095635,10,1873523
307095774,14,3185556
307096123,7,1083017
307098563,15,4221123
307098681,12,3733625
307099201,6,854576
307099510,11,1275272
307099803,20,5437885
307099936,32,7586519
307100300,5,746106
307101636,27,14941950
307101876,10,5499352
307102395,15,7551892
307102820,11,1885260
307102948,13,11361489
307103703,7,1388903
307104125,20,939154
307104410,7,547070
307105045,15,3882587
307106850,24,2705524
307106902,16,656625
307107159,3,4918888
307110069,12,2975591
307111506,47,14364382
307112294,52,4996646
307112404,20,1340823
307112932,10,1800567
307113157,9,4064806
307116026,9,1839320
307116238,10,3480343
307119557,35,3966854
307119617,8,502261
307120991,20,507383
307121614,16,830656
307121973,21,4741492
307130584,6,3781480
307132293,19,1871199
307139526,3,105743
307141444,18,1633625
307141466,19,993728
307141983,9,478547
307142411,12,866895
307142576,8,747490
307146890,16,4395663
307147964,10,1966533
307148440,7,65562
307151034,6,315441
307152619,40,14932555
307155741,69,25333517
307162523,10,896513
307162698,17,8734219
307165069,12,1433658
307165455,33,13311597
307165752,21,1542805
307165828,14,721857
307169285,20,1633989
307169511,31,1027856
307170158,20,3261848
307172632,11,1424859
307173827,14,4010122
307175569,19,2136217
307175592,17,1547979
307177055,19,2767263
307182941,7,331534
307189769,6,312610
307201825,13,954669
307212026,15,1397872
307216831,13,866929
307248927,5,300761
307269641,7,536390
307273972,30,1452950
307297649,19,1237109
307298809,41,5271833
307303316,29,4261142
307303390,14,1471230
307303423,4,749838
307306311,3,906633
307308086,35,4175551
307309205,16,5503734
307309209,12,2142774
307309664,4,966651
307310661,17,2781526
307311438,84,26817062
307312191,8,1293174
307313429,11,1356131
307313977,20,1897181
307314945,15,1104783
307315676,12,1563177
307316382,45,7067485
307318877,7,1652749
307319756,8,1209554
307319997,21,5323873
307320884,41,12910089
307321580,8,1159229
307321656,26,6584340
307323718,8,3309199
307330929,15,937689
307335073,9,379348
307336393,5,936106
307337029,89,7727116
307340137,34,2513768
307349261,79,22507823
307349724,5,2087138
307351751,14,7842707
307352019,20,5331165
307353260,12,3133712
307357959,70,21610270
307361542,15,940726
307361825,18,7724013
307365508,6,2423916
307366530,16,3520596
307366659,17,4543537
307372409,15,1852802
307372957,38,969484
307373989,17,1987318
307375579,66,2284933
307376915,27,5100148
307382841,11,2886786
307386305,18,1236068
307390909,34,1510698
307392656,19,1106602
307392899,3,331808
307393063,9,1318071
307394404,30,9574359
307396331,45,15201173
307397720,17,1371608
307397905,11,3098374
307399627,3,1740899
307400638,12,5191125
307400709,60,26754303
307400761,105,8383354
307403054,14,5245044
307404082,33,12587961
307405331,30,21272242
307407663,32,9641809
307409156,65,21489932
307409257,12,4936030
307409418,16,5585545
307411067,16,4070640
307411395,53,5052841
307412215,24,12240475
307414890,18,6311331
307415392,12,275090
307415474,14,6534107
307416225,10,3539050
307416498,18,1673791
307421258,107,10345134
307421372,8,769511
307423326,12,1396053
307423829,9,3482186
307427483,19,429647
307430714,32,2460719
307434837,103,38616917
307436894,15,6829130
307438466,47,976361
307438761,7,53548
307442787,16,3646637
307443585,8,1870352
307445672,65,24536625
307448483,9,3006292
307449093,56,12525951
307449262,21,602225
307451332,5,1726344
307451711,16,3529561
307451878,10,5651314
307453050,8,1414428
307453511,31,11976304
307454016,11,992693
307454157,32,1348094
307454694,85,52828471
307455430,40,9577725
307455842,22,4582041
307455995,10,2956260
307456018,9,4119058
307456642,8,1494746
307456934,16,5539286
307458140,9,2667124
307459077,5,1417627
307459666,5,1348777
307459732,14,3794700
307460138,5,3547951
307460403,10,748522
307461070,6,1241485
307461266,31,6110376
307461501,19,14658619
307461523,11,4763279
307462328,17,6850590
307462533,10,968943
307462570,13,2204413
307462598,11,3701572
307463831,15,3092016
307464631,17,8333943
307464671,52,16303800
307465071,29,17367031
307465542,3,637521
307465899,4,1681138
307466117,6,1648216
307467150,10,3090331
307467432,13,4276162
307467513,10,4981574
307467737,18,3245924
307468002,36,12088429
307468068,11,514573
307468181,8,2452819
307468290,19,4125305
307468568,31,13463401
307469301,13,4954208
307469383,17,5126439
307469786,10,4575210
307470751,24,7011661
307471771,3,525776
307471926,4,683400
307473164,11,2147669
307473277,17,341480
307474410,7,423064
307474552,8,2238211
307474763,20,2781856
307475145,15,2155216
307475361,17,5320010
307475907,10,5202920
307479098,18,8791516
307479565,11,3824745
307480014,8,4861882
307482454,21,2241121
307486802,12,972565
307488975,10,264770
307489268,12,876926
307489340,17,2030226
307489736,11,1030001
307491016,85,14210525
307497164,66,6841977
307498344,29,7738726
307498372,17,1128930
307498570,10,3385104
307498606,21,2467229
307500524,29,7539925
307500688,22,947091
307501324,23,5857372
307501431,17,3140640
307501911,7,2069092
307501989,476,180724804
307501998,91,36098825
307502037,39,3863083
307502371,13,11477260
307502747,30,5616012
307504415,15,2125136
307504674,33,681977
307505631,3,1382101
307505833,16,3043900
307508972,27,11606179
307509518,9,2114074
307509813,81,46922208
307510373,32,2488609
307511819,19,1288478
307512517,6,1203420
307512882,9,3825243
307513067,6,288391
307513913,11,1200116
307514799,11,3706256
307514847,23,5813006
307515156,41,544758
307515961,6,3898305
307516004,14,3990112
307516115,14,4872941
307516667,12,246542
307517796,6,664801
307518980,11,4104728
307519200,3,798126
307519325,4,523119
307519859,20,13566555
307520344,3,740533
307520564,24,3506789
307521198,7,7453110
307521407,106,26206563
307521442,269,143909392
307522087,4,273697
307522168,3,1464133
307522789,16,4865435
307524763,57,5172637
307525211,12,3779860
307525352,14,1305569
307525522,22,6441941
307527232,13,5130250
307527259,6,4614918
307527412,4,778681
307527425,13,4092592
307527600,16,2814602
307528189,15,4040443
307528833,10,2822914
307529088,24,6932577
307529412,20,2573549
307529689,19,5108337
307529814,30,8601884
307530022,12,1347956
307530863,15,1319553
307531408,7,2120330
307532144,5,2847266
307532964,7,1655766
307534702,15,2572732
307534805,35,2965038
307534870,13,2012613
307535567,12,2220760
307536027,8,172051
307536494,13,647352
307538150,3,1008879
307539259,38,2637464
307539793,19,1680169
307540345,6,4567266
307544055,24,2631158
307544634,4,1414853
307545550,26,908362
307545808,33,1531242
307546261,42,4384101
307549587,24,2108756
307550739,10,1753857
307552059,36,2295629
307552682,6,2898502
307553389,46,2910525
307557080,16,247339
307558180,23,2254767
307561497,7,197870
307562665,3,1000892
307563395,9,1035544
307564414,14,2771318
307564858,16,4707967
307566543,7,2808308
307567355,18,4422903
307567575,47,2653473
307567797,16,844685
307568608,4,352222
307569292,30,6346269
307570961,11,3176286
307571995,29,14983814
307573732,10,1677800
307574379,40,16518810
307575503,5,1555016
307576235,5,1360377
307576450,18,1462413
307577349,4,490783
307577683,11,4639785
307578024,41,2471469
307578226,7,2237936
307578250,6,1297024
307578723,13,1174084
307579346,6,1242307
307579404,11,2510476
307579743,6,1226709
307580351,9,807596
307581167,8,3035468
307581459,14,3568211
307581563,93,3280115
307581889,17,3139613
307583075,18,2361097
307583134,14,6309966
307585035,21,6107358
307585839,76,35082704
307587484,9,3058928
307589647,27,2848992
307592384,37,2479698
307592882,23,1159383
307596301,53,2824626
307596404,5,288451
307596748,185,13485175
307598123,20,1701818
307604366,16,657031
307606112,25,891915
307608048,17,14048706
307687645,4,665808
307705983,6,1668491
307710331,13,1676255
307710857,4,1208774
307712023,17,7891344
307713953,8,6305351
307723258,13,1877686
307727654,30,6320304
307729215,73,7070939
307729399,47,7608931
307729958,13,2129396
307729960,8,1643975
307731404,59,3312701
307733222,51,3396499
307733332,15,810700
307733505,8,937370
307733950,4,339498
307735956,22,1647821
307738276,73,4543035
307738575,38,2123473
307739023,8,349229
307740909,8,855433
307741792,13,655908
307744788,17,3268944
307744987,52,2219505
307745362,23,1489267
307747701,8,207381
307749698,17,2500606
307762815,19,773272
307765794,18,705822
307767790,21,1476611
307769910,14,879970
307770088,13,1380544
307771317,12,400562
307774354,43,26870973
307774802,52,25792279
307774911,23,10006134
307778498,7,382061
307778757,32,1969379
307780316,9,2091418
307780336,213,64282925
307781237,63,20373149
307782449,52,2069317
307785726,19,4129719
307788644,34,1593124
307789275,13,10213484
307790571,68,33419710
307795015,8,2696909
307797314,17,1262427
307797475,19,2543954
307797517,30,2174519
307799155,12,1008182
307799157,17,2498926
307801181,6,460951
307804306,29,13789400
307807100,3,349465
307809995,11,2644733
307810377,37,2991684
307810407,32,3865110
307810419,20,575255
307814664,5,374373
307814867,11,3339033
307816514,27,11246998
307819728,16,743046
307821063,10,2963950
307823111,19,59457
307824248,18,5581461
307824513,10,659981
307825727,5,414197
307826765,20,4198904
307826886,21,7053217
307830358,6,1536718
307830425,14,6776924
307831138,6,568984
307831221,3,1900300
307833218,4,611512
307833493,38,13946106
307834210,11,5853892
307834948,5,687264
307835532,84,7663761
307836743,4,966878
307837344,21,4868931
307838869,9,2465944
307840423,12,5948146
307840878,17,3955451
307841329,19,5430395
307841582,36,1189180
307842544,37,1335702
307843280,8,4277166
307843629,10,502951
307847923,11,1013883
307848486,10,3632171
307851780,27,1062681
307853129,16,2029182
307858147,66,2498610
307858535,30,1361572
307864624,32,767850
307865312,49,6077587
307866756,17,1316566
307867372,55,4162349
307867428,22,982239
307867472,19,1903478
307870567,6,794380
307871590,5,910233
307871928,5,1199552
307872238,9,812844
307872319,15,4232760
307873144,24,1132446
307873634,5,1008960
307873986,27,1764803
307874020,46,16234519
307874807,288,124657497
307875310,50,23041710
307876026,7,2823514
307877205,19,753159
307879017,29,2660675
307879225,3,1206448
307879372,16,7252498
307879501,10,2444702
307880051,31,8532203
307880858,92,37283099
307881128,19,1048407
307881435,6,1560382
307881494,24,895546
307881533,13,3444128
307881908,19,7344489
307882645,27,10857912
307882986,22,592832
307884097,3,256014
307884177,3,590468
307884571,8,758206
307884948,5,1026091
307885109,4,2197835
307885465,14,1440818
307885596,20,5018976
307885858,7,1778474
307886803,37,1992947
307887084,20,1219255
307887116,7,685992
307887521,6,2322121
307887754,21,7430487
307888140,9,7478134
307888176,30,20800987
307889667,27,13913968
307889742,13,5767571
307890029,8,2942823
307890549,70,27821212
307891245,16,2775991
307891937,25,734871
307892418,17,4633545
307893003,28,13764334
307893474,12,3422439
307893540,7,298174
307894996,19,7079862
307895259,27,7471954
307895317,13,5464283
307895519,14,5337454
307896073,17,5470636
307896376,14,1349336
307897062,22,8360714
307897227,11,2825872
307897270,24,6017464
307897919,22,7406075
307898358,12,3212096
307898495,21,9027102
307899359,17,8121015
307899982,13,1487205
307900558,44,14149932
307900564,98,36255949
307900578,11,1930245
307901091,9,2273120
307902068,21,9668932
307902434,8,2641678
307902635,18,4930850
307903465,18,1266231
307903592,6,863860
307903759,12,2191633
307904194,81,6782759
307904619,32,9432871
307905944,20,9174070
307908420,31,967869
307912925,10,3204407
307913349,25,2816730
307919652,55,3330403
307921932,22,1359616
307923630,5,1800115
307926159,22,1994255
307926431,3,43931
307926557,257,109792062
307930438,53,22431751
307931226,69,6818317
307931304,585,260861656
307931639,11,4735321
307931971,5,761707
307932211,7,3385590
307932548,22,10517505
307932566,38,3336544
307934680,56,24125245
307936386,172,74441782
307936500,8,1705025
307936947,8,196054
307938122,26,17389831
307938154,17,1739505
307939417,9,3094875
307939634,19,1761534
307940404,383,199806916
307940503,104,5829817
307944968,10,3431818
307945138,6,595155
307945241,16,6011670
307946000,20,6024916
307946051,11,571438
307946517,7,223991
307947139,10,1243926
307948495,16,8763813
307948866,9,1848271
307949144,6,577693
307950519,106,40282264
307950612,15,615358
307950722,21,7322305
307950901,11,1613695
307951197,20,1581788
307951395,47,20136746
307951435,14,6300380
307952223,8,5164485
307952665,16,4329115
307952838,14,4061275
307953567,3,730143
307953702,17,8112044
307954219,9,4680018
307954400,30,1719198
307955682,16,9899646
307956580,27,996745
307956945,12,911340
307957291,15,5799246
307957718,15,11836423
307958409,23,7169430
307958594,11,572308
307958750,12,3304758
307958941,3,350895
307959531,11,3978715
307959599,4,1034569
307959768,41,2419755
307959872,36,2396486
307960093,14,8191032
307960197,15,2592943
307962127,26,580004
307962231,11,3582756
307962632,16,4373806
307962846,13,37424006
307965049,13,3326898
307965532,9,628424
307965643,37,1902722
307968110,14,4195432
307968376,16,606428
307970117,35,2572535
307972066,16,1442411
307975050,19,1308220
307976015,8,1081606
307976244,15,6184883
307977340,11,6625093
307977954,16,2306348
307978182,15,5575724
307979918,54,3439492
307980038,4,199457
307980785,22,449076
307983807,7,664806
307984487,26,3115532
307984598,29,2491826
307986388,11,1572492
307988494,24,2488516
307989294,21,1246278
307991033,7,133120
307992040,9,423067
307992737,59,5160208
307992942,13,494989
307993603,18,1948777
307994364,10,2432625
307995380,10,2547208
307995903,39,1225164
307996133,6,1248859
307998859,14,769351
308000720,12,2991682
308001777,18,2984109
308001834,73,5977917
308002386,15,1626779
308002847,8,743582
308003145,7,1290165
308003205,41,2230126
308003685,10,4329102
308005722,35,2106611
308006048,99,38252388
308006894,45,8696851
308007471,18,1541290
308008062,7,224800
308009772,4,593370
308009933,7,1566160
308009999,37,2592683
308011345,12,5066197
308012737,5,768523
308012743,29,6197909
308013771,24,8216463
308014211,12,3622669
308015190,18,1303467
308018200,35,3958601
308020777,16,7588261
308022021,11,3090212
308035364,45,4907457
308035626,18,4123150
308036091,15,5872394
308058787,26,1328716
308070164,35,2723133
308073613,4,866413
308088446,34,21658105
308122289,10,469398
308127502,16,5997128
308129748,12,3875898
308130634,15,880063
308132883,19,7350461
308133713,8,1503361
308135203,7,215770
308148706,7,1141624
308150512,268,114020856
308152855,13,824951
308153806,17,2671766
308154269,19,1087655
308154902,76,4214063
308156534,9,432725
308159697,13,827560
308161778,8,1949529
308164056,6,407896
308165659,21,1203529
308165860,16,3119947
308171769,13,1170901
308173650,135,9785783
308174091,15,1162066
308182859,13,775263
308183398,3,416577
308192636,20,1095048
308193497,46,19064168
308193879,34,11263320
308194225,8,3215409
308196031,6,1527275
308196210,9,4078626
308197264,15,2946825
308198000,19,730028
308198033,18,2129702
308200107,20,5825945
308200895,13,1556009
308201074,9,2350925
308201816,43,12699356
308203301,36,1584948
308206767,50,47290472
308207063,13,2933229
308207228,20,1053138
308208682,3,866798
308208849,22,8389620
308209622,3,887481
308210634,45,3364551
308211041,38,20180177
308211436,10,2626640
308213074,35,11580875
308213800,34,19109391
308214471,127,13210712
308218686,6,182502
308221852,22,2063958
308233861,10,1087598
308234133,8,243267
308234352,8,454860
308241830,18,537074
308243128,62,4902291
308243497,116,7719063
308245451,6,1382934
308245646,5,205601
308246668,7,1150641
308247075,13,857219
308247896,20,6594681
308248707,15,1808704
308249623,61,18756475
308250034,15,4207710
308250743,9,791489
308250819,8,2036875
308251356,22,2025191
308252900,35,15492629
308255266,18,5229034
308255531,5,1298939
308256568,7,1058312
308257888,14,2638960
308258441,13,3659641
308258509,42,28842307
308258941,8,4242314
308259678,11,3793743
308260676,12,3611042
308264803,15,1432881
308265345,4,178477
308265958,181,20953201
308266934,10,2959853
308271712,28,1907235
308274124,16,2519744
308275835,12,1418079
308279196,18,1751052
308284160,36,1522761
308284309,18,740884
308284722,47,3600003
308285230,170,13008436
308285816,13,9532749
308286700,16,3211821
308288347,5,441268
308288598,218,90863533
308291336,21,8944291
308291660,49,20131837
308292158,15,10208379
308292558,10,1609459
308293051,3,486211
308293760,22,5698447
308295046,81,31946674
308295973,11,3744082
308296753,122,36738642
308296884,17,3597485
308296971,35,12951512
308297191,101,33897646
308297281,87,46742072
308297573,33,7837553
308297696,9,2197423
308299741,10,2624477
308300656,7,1674843
308301459,36,10717934
308301708,53,15953479
308302339,18,6975757
308302476,15,3413135
308302814,29,9801849
308303914,12,1126037
308303952,23,7978641
308304367,12,1086208
308304713,12,874860
308305048,40,15869493
308305624,21,17923808
308305746,20,7727321
308306285,22,6342118
308306332,17,11147889
308306511,20,7144578
308306686,25,17915878
308307214,35,13322635
308307424,25,1301108
308307773,52,16169400
308307890,31,9553721
308308002,19,2125419
308309122,11,2745892
308309531,14,3646029
308309975,20,5819579
308310004,17,2023787
308310342,20,6841385
308310829,3,842217
308311216,32,9851536
308311333,40,10490901
308312081,12,3333572
308312549,40,15154698
308312587,5,1851913
308312835,13,2456115
308312888,25,9044057
308313142,25,8382738
308313197,5,1627527
308313396,9,6483955
308314280,16,11680742
308315087,35,10419756
308315113,18,8280018
308315121,15,4086405
308315207,24,13630542
308315744,21,12840017
308316131,6,2352700
308316436,4,2168344
308316635,27,7790538
308317022,12,3543352
308317436,31,17352281
308318892,16,4235969
308319353,47,1888310
308320330,19,13431252
308321080,18,4019474
308321554,8,2498730
308322424,30,12422085
308322699,13,2355792
308323727,5,200262
308327035,4,1953138
308331180,26,3656258
308331382,24,2288539
308336156,36,3454306
308337785,17,982779
308337896,7,697135
308338348,21,4744485
308341676,15,3067721
308342017,18,1292620
308342216,18,3505527
308343443,14,755791
308343473,14,1243958
308343837,13,4840729
308344136,14,5210674
308345014,9,539149
308345100,34,7674116
308346741,22,14444469
308347982,5,1485304
308349011,171,48891749
308349748,43,799422
308350053,25,2083325
308351281,9,629036
308351480,15,847501
308351625,23,1570756
308351897,14,3137539
308352432,6,882100
308353282,18,818670
308355056,19,5451301
308355210,152,55575072
308355288,33,3612165
308355743,8,2603976
308356537,20,1263426
308358017,22,1273686
308359265,20,5050856
308360012,14,1520065
308360453,47,16607600
308362266,16,1987809
308362533,18,2610522
308363591,12,3351384
308363959,13,4900205
308364240,17,487366
308364936,9,2469914
308365741,10,2647821
308366841,10,12119666
308367111,14,2159747
308368198,15,1435573
308368263,111,50267017
308368538,6,2157483
308368614,10,1771352
308368688,50,16558354
308368780,32,13082530
308369016,20,5771688
308369319,15,5005909
308369866,7,1668166
308371721,6,2422247
308371729,13,5083104
308372069,46,23756299
308372434,4,769344
308373151,18,3191564
308373828,12,1115203
308375902,15,4451799
308377843,26,11962900
308378835,13,1276789
308380038,18,2217582
308380062,14,6263981
308382640,10,1686037
308382963,15,3761069
308383874,58,5864892
308384961,25,2045290
308386762,8,1881528
308388591,13,3031219
308392202,18,862470
308392530,107,7140551
308392612,11,1656619
308393825,25,2111277
308394148,32,3108069
308397619,14,1308779
308398685,8,1768034
308400636,18,1218055
308401468,6,812927
308403379,15,1349407
308403845,19,934294
308405321,70,26758477
308407032,12,2516999
308407232,11,367133
308409777,21,4671207
308411823,20,400727
308411888,30,3782471
308412616,13,4308448
308412666,27,1249397
308413703,19,2814962
308416297,6,1517970
308416554,18,2261145
308416607,5,1677380
308417012,18,1775176
308417546,16,7010060
308417883,25,6564427
308418157,51,1238485
308418269,31,1407603
308418715,62,25992715
308420958,8,2017515
308421067,15,5272372
308421904,21,14115695
308422129,14,4532888
308425083,30,11320842
308426808,39,2157681
308427914,20,1848484
308428622,9,815270
308431979,9,721148
308433410,29,2769902
308438557,14,1448746
308439537,7,802964
308441710,9,1038250
308442105,14,1168241
308444319,24,1084917
308446345,40,2345105
308485712,11,553592
308509990,14,4537419
308514121,21,1422403
308514403,19,1110348
308514773,4,94702
308516793,22,1027748
308528389,19,2586841
308537731,12,1282533
308546498,13,4732422
308550177,12,4153869
308553588,4,952478
308558791,8,985437
308561879,31,1115586
308566591,48,19101371
308572674,43,16854944
308573451,16,4516490
308580639,17,5218639
308581583,19,613422
308581627,16,1278438
308581998,16,7119990
308583387,16,1040563
308589692,13,1153943
308591449,12,801041
308591907,13,516704
308595129,19,1285565
308596605,25,1318470
308600522,3,387882
308600881,12,9158425
308601674,69,1348381
308601946,16,2160618
308602227,4,1594729
308604150,12,243136
308605531,23,1285532
308606247,4,181842
308607381,15,2829221
308607647,9,675479
308608538,14,4024279
308608758,28,8128321
308609717,50,14168908
308610542,77,38588780
308611206,16,1466781
308613406,15,6727049
308616807,6,1713116
308617182,20,5504634
308617706,9,3462272
308617878,93,41968048
308619193,18,7903238
308620554,19,10683759
308620925,16,5698805
308621723,20,27130294
308640769,11,830116
308641239,6,224110
308644218,26,2813393
308644681,24,9214787
308644803,4,300141
308646184,18,6309232
308646283,7,372487
308648314,13,4383388
308648326,93,26769170
308649031,7,1356978
308650950,20,570154
308651673,16,1059880
308652149,16,4524484
308652358,91,8772900
308652688,7,1014601
308654313,20,5634984
308655467,3,271241
308656740,11,2830138
308657221,31,21193310
308658171,7,2050733
308659095,10,2262760
308661278,21,10159789
308662145,6,1808122
308662631,8,515669
308664225,17,3614314
308665227,5,1317111
308666080,15,3252806
308666513,4,642169
308668139,9,8067640
308668598,10,582140
308669093,13,6181361
308669209,83,11632940
308675270,164,21063889
308677485,21,963046
308681797,23,1016021
308682807,19,1903687
308683240,17,1321171
308685336,13,2584720
308686426,20,1132311
308686445,9,884958
308688453,18,1156842
308689305,19,28082192
308689563,11,791213
308690141,61,3258300
308690607,7,413154
308690671,5,308508
308692215,16,499950
308693744,21,5664443
308696246,52,17349734
308696791,30,1810374
308697650,4,995275
308698663,28,21886040
308698714,8,402182
308699112,7,3443044
308699325,5,1646388
308700942,8,2074490
308701343,16,4314546
308702002,31,9775123
308702487,30,1072449
308703005,64,25626412
308704151,13,4514799
308704908,35,9605359
308705430,76,26158353
308705515,10,3572515
308705539,11,510650
308705813,19,5334532
308705974,8,336078
308706014,6,1971070
308706740,12,4532995
308706751,30,10902323
308707845,18,3803523
308708494,31,7692069
308709101,32,14906797
308709116,4,1028994
308709404,3,651293
308710025,14,3045955
308710032,12,3876168
308710181,14,4411979
308710653,12,3436980
308711041,7,2817445
308711498,52,4139621
308711516,10,443151
308711705,12,3131990
308712026,11,2373681
308712546,5,221937
308712744,26,15702525
308712859,8,384105
308713035,13,1992794
308713121,34,13715841
308713516,4,778307
308713918,10,2183081
308714138,56,26672988
308715267,15,8292974
308715776,8,3048762
308716046,12,3319227
308716267,8,560818
308716359,30,6320793
308716385,12,3149527
308716640,10,2028583
308716824,25,10705747
308716884,8,2940541
308717400,40,10251437
308717621,62,20546162
308718914,9,1241148
308719292,28,7747017
308719596,62,20776519
308719728,16,3566607
308720714,20,2199240
308720733,16,10083055
308720841,13,5041477
308721911,9,706373
308724486,9,892376
308724595,18,1749257
308724655,12,4284052
308727092,16,5828290
308727129,30,3519223
308727202,16,446225
308727345,3,577473
308727911,3,2349135
308729369,6,856106
308731188,13,2780262
308731701,22,7224358
308733555,31,9375475
308735090,11,3902750
308736425,8,629433
308737095,18,971700
308738495,13,1682017
308741155,3,404442
308742013,14,8934822
308743536,8,890044
308746171,15,1487336
308746341,6,384566
308747585,11,2789837
308747865,95,24760626
308747933,6,672378
308748217,8,650225
308749370,8,1994017
308750486,18,1728464
308750649,6,368774
308751209,3,760574
308751327,22,1866314
308753000,11,3804275
308753075,31,5645759
308753677,20,1994487
308754317,31,9175159
308755136,5,101247
308756329,7,289712
308756621,7,1242818
308756627,3,390996
308757758,146,65399428
308759008,179,64900878
308760371,23,1659728
308760408,20,5570681
308760940,216,104815328
308762171,19,5151355
308762285,26,1563294
308762329,18,7839996
308762608,16,3965213
308762968,78,5484657
308764188,14,1237492
308764369,16,4784630
308765349,18,2717363
308766069,9,3419976
308766354,20,1857264
308766497,13,605016
308766874,13,1324693
308767093,16,2308843
308767116,37,11532463
308767991,11,2762970
308768429,112,41591010
308768525,11,1369336
308769791,4,642210
308770383,3,2848867
308770602,15,2606603
308770839,48,20826147
308771226,9,5195009
308771942,57,20919536
308772910,16,5948543
308773338,15,781869
308774988,24,8376142
308775628,8,1885346
308775664,61,38536611
308777976,13,2965459
308777982,20,4161628
308778192,11,966511
308778834,21,3948875
308779298,7,234867
308780168,7,2622280
308780855,80,7009950
308781373,10,7163428
308781577,26,3186313
308781976,9,3384704
308782884,8,578697
308782918,15,2169229
308784330,3,781134
308786141,19,8527188
308789166,43,4303089
308791346,30,5649405
308791787,23,1062033
308793819,65,9577631
308795954,13,10556196
308798595,16,1695000
308799522,28,485912
308802180,27,2790775
308805764,19,1629211
308806532,19,1842950
308807978,21,2877106
308808823,13,1376221
308809762,30,1638948
308810079,31,14264120
308810422,4,263174
308811498,46,2545187
308812078,23,1053029
308814454,11,2752825
308814664,199,91129281
308816801,22,2425677
308817025,7,2114609
308819200,12,885053
308821314,58,24763786
308821915,29,2117453
308823778,9,471915
308823970,10,3278727
308824848,9,1205231
308825512,6,561024
308825933,20,3620392
308826526,21,10845767
308827252,5,1256003
308827298,4,319154
308828278,29,13659776
308828906,16,2308761
308829920,42,3146396
308830104,14,760208
308830267,19,1640541
308830398,16,1212137
308830499,12,714992
308834794,19,4226864
308838280,12,985849
308839653,16,796615
308840801,10,2747329
308845367,14,832583
308861534,35,17612752
308863265,13,4512538
308871366,8,1703046
308943190,17,1174145
308950980,10,984634
308954427,18,1280033
308956184,10,1249854
308958264,225,115169535
308960352,27,4396822
308960736,13,408906
308961955,8,183578
308964374,24,857107
308965582,19,1206818
308968412,99,44388648
308969093,11,791272
308970351,9,221100
308974559,13,3623056
308976549,3,540744
308978953,12,891854
308979062,10,858683
308984057,17,3155004
308990190,25,4393285
308992431,21,2193764
308999065,11,2836901
308999574,14,1419525
308999942,31,1030550
309000261,4,1152187
309002523,26,2015419
309003072,9,712912
309004479,18,2413448
309006426,4,2342076
309009416,18,4711219
309010029,18,6688981
309010160,19,1372328
309012790,16,8979444
309013082,7,41231
309014675,3,2651334
309015489,4,892479
309016113,36,10438506
309016194,6,1935412
309016230,7,359050
309016742,8,2379581
309019906,15,5397946
309021839,63,6393094
309023119,26,11850416
309023409,15,788071
309025383,10,394348
309036803,6,544361
309037748,17,2958346
309037750,8,640141
309040026,16,1160974
309044334,9,2419425
309045100,10,625012
309046331,5,1130486
309048520,8,13569524
309049063,16,589382
309050184,10,884143
309050373,17,4587752
309052967,17,3213691
309053573,13,3635115
309053913,37,13390560
309055536,13,5145135
309055573,8,3237157
309055717,18,1403353
309057633,32,11547150
309059611,13,4923969
309060202,28,9971842
309060832,37,8224658
309061430,6,2026108
309062866,17,4540037
309063829,13,4763394
309067161,9,2566312
309068537,17,579943
309070074,18,7232491
309073135,19,19349209
309082834,18,4391764
309085298,13,1125064
309085593,28,1576800
309085760,14,821377
309086404,25,1250467
309087311,5,146805
309088775,41,3581676
309089577,19,3440744
309090173,27,1711140
309090326,13,835062
309090755,12,2801618
309090971,21,1628032
309092676,10,2958814
309092682,26,15479216
309093110,17,2112789
309093354,18,1702219
309093971,8,801530
309094511,18,1236744
309095519,52,23042351
309095737,11,3982672
309095991,7,2054432
309096200,13,470940
309096535,21,1475464
309096787,10,2096745
309097322,11,2676156
309099070,13,3218171
309099075,10,3756010
309099950,7,2181089
309100302,42,14944760
309100353,10,1219250
309100490,13,2811440
309100888,7,1189785
309101110,5,1404226
309101157,12,4486552
309101289,7,1500819
309101320,25,997219
309101566,47,3897807
309103717,21,5230951
309104107,141,43454705
309104303,16,5956572
309104710,17,4278565
309105416,10,2948283
309106021,13,769354
309106125,14,5737124
309107133,11,4471843
309107160,11,4788137
309107286,15,4639162
309107354,3,1271670
309107682,12,3066039
309108207,21,8004625
309108259,9,2965935
309108372,10,1932869
309108413,41,9816277
309110297,23,11781183
309110485,12,1863925
309110567,24,9273257
309110747,3,584364
309111012,4,1463836
309111724,30,12975806
309111956,4,940285
309111971,13,5430304
309112210,3,551548
309112253,68,33326243
309112320,35,10501900
309112530,20,11049027
309112532,4,920159
309114132,19,3084592
309114562,9,2627182
309114973,9,463062
309115191,12,1820304
309115720,17,10238558
309115998,19,5156466
309116025,14,5733039
309116609,16,4578373
309116886,27,16205549
309117560,21,2991896
309117663,18,4331363
309118169,28,13070661
309118329,4,1567353
309118664,37,6367891
309118892,18,6893517
309120449,7,586694
309120940,8,2379883
309121482,176,21644972
309121483,17,919156
309122270,5,2305558
309123790,23,392515
309124650,13,2383210
309125735,16,7666091
309129307,12,7089111
309130553,5,800760
309132897,19,849983
309134219,73,4956336
309136847,31,3515019
309137895,12,2771574
309138949,11,968880
309142229,17,681902
309142600,20,1252872
309144469,17,1743352
309144908,8,495408
309147831,26,1967287
309149055,55,25169223
309149125,11,476918
309149433,9,3504737
309149816,6,5032373
309150684,21,5108348
309152659,18,4192872
309152938,11,4362351
309153828,3,189915
309154686,4,679410
309154763,27,576827
309155080,9,5799254
309155661,13,1139963
309155975,69,30193172
309156099,230,92098425
309156187,21,9110591
309156488,78,33839013
309156667,20,5615491
309157054,14,1507789
309159195,12,11160853
309159613,3,437086
309159637,5,629152
309159903,26,5026265
309160067,11,2260964
309160215,29,13005095
309160724,11,352459
309160799,7,321259
309161150,9,2420874
309161212,3,1845412
309162554,19,2647196
309162637,40,15789732
309162752,24,6932930
309163992,136,49745189
309164033,25,11153123
309164122,15,7172580
309165807,11,1108017
309166003,33,10808395
309166204,19,439345
309167351,4,982684
309167545,28,14137015
309168179,10,3152836
309168927,21,5378705
309169933,12,5849331
309170219,16,3578180
309170266,9,2968089
309170310,9,2174206
309170651,8,2676865
309170723,24,11235073
309170745,116,57249882
309171292,115,55055686
309171899,12,3185086
309172012,10,331417
309173128,16,5550874
309174061,24,9123957
309174239,14,2753472
309174911,12,5147771
309175349,7,711076
309176569,10,8651136
309178731,14,2580890
309179302,63,6440571
309179364,17,1935260
309180184,10,700577
309180638,19,1815459
309181364,5,2149586
309182285,28,2218741
309182957,33,896716
309183625,4,935331
309184683,6,8394802
309186890,55,3946454
309188764,10,1441973
309189240,19,1833466
309190157,12,927773
309191115,33,4745723
309192114,35,3967781
309193895,13,6689642
309195263,13,17004627
309195840,51,6284130
309201352,15,2975968
309201895,29,2268548
309202618,35,3389195
309203448,14,3880149
309204140,16,1549609
309204478,71,25909474
309204627,18,1011802
309206903,6,1652799
309206927,64,25836764
309207270,15,392967
309209667,10,1460686
309209765,22,1182539
309210012,5,872711
309210907,8,3168197
309211839,7,261727
309212131,19,6317268
309212388,60,23368399
309212786,3,1453929
309213412,16,1839527
309214416,5,1165778
309214467,25,1451173
309214986,38,5840057
309215098,14,1475776
309215816,17,3269674
309216372,57,3391813
309217210,74,30986352
309217324,105,42341883
309218982,15,1741850
309219352,20,1733360
309221508,16,1157235
309223264,23,5979853
309224046,13,3628841
309224824,11,3051300
309224916,21,3272376
309224984,22,6237417
309225835,13,6859277
309226825,30,9465913
309227073,7,2302671
309227657,3,101018
309230279,9,4309960
309230559,12,1097643
309230878,10,617522
309232659,12,802282
309235410,16,1620632
309236629,8,783422
309239981,13,1171372
309240004,6,252368
309240094,7,1451478
309240391,19,1819889
309246683,26,1590740
309254549,21,2613607
309260442,25,2550362
309293659,9,2675804
309299397,12,1104495
309299889,24,12081229
309357319,313,20076925
309357335,10,1029422
309359730,9,2576380
309361474,12,3064669
309371367,18,1115617
309379314,133,49078226
309379724,49,20122735
309380037,3,208820
309380224,8,527240
309380532,17,1346744
309382891,3,249569
309385838,12,634951
309385954,18,681789
309386173,19,4710322
309386439,68,14772127
309388966,23,1788596
309392213,17,9153520
309393596,10,245186
309394033,15,3724950
309394378,24,4744260
309395604,8,2564040
309395726,12,1138555
309396082,38,4022025
309396095,5,287775
309396882,13,4618217
309396990,102,38488442
309397501,6,705212
309400040,7,686798
309400426,8,1096799
309401833,33,21960630
309403876,13,703161
309404057,10,680050
309404903,3,532589
309407271,19,7784119
309419280,16,893676
309421862,16,2897631
309426447,10,620199
309427977,18,5430103
309429089,70,22111337
309429483,14,4152012
309431652,76,39133202
309432977,85,36564414
309437120,9,547713
309437735,7,1431425
309438692,25,6603847
309438747,62,23910403
309439097,8,594018
309440079,17,2243566
309441848,20,6808328
309442796,16,1328781
309443951,125,55588933
309446168,20,4237587
309446827,19,1024061
309449355,35,9864460
309449535,14,4216609
309449818,24,8358381
309451896,7,4082048
309452160,18,19386973
309453159,15,3433243
309454148,11,889867
309454706,12,3584502
309456306,16,932851
309456941,6,7460317
309458341,25,8730666
309459496,23,2125733
309460948,130,23823212
309461013,11,1146477
309469071,23,2928049
309469384,3,492380
309470981,6,383623
309471770,22,1594513
309472119,59,4978170
309474185,10,2046294
309474305,9,465612
309482093,21,8112877
309483127,8,764202
309483165,15,442691
309483840,32,8917809
309485760,15,4794487
309485803,105,42671127
309487994,13,548574
309488355,171,30165664
309488720,33,24837171
309489861,11,4598022
309490787,15,2584428
309492321,6,2744078
309495471,12,455174
309495626,9,1587860
309498395,4,558876
309499482,14,3616848
309499875,15,6089660
309500221,7,678464
309502970,12,680514
309504008,10,2662604
309504415,18,991945
309504449,28,11276527
309504583,21,2269359
309504765,14,4251726
309505029,9,363943
309505746,22,6957016
309506445,14,2058800
309506635,13,4089564
309508989,21,980310
309509126,32,2012630
309509902,14,4830519
309510150,93,8308348
309510451,16,1292620
309511620,6,1385287
309516601,10,1022988
309519076,12,1724502
309529235,15,1200674
309530209,9,1246727
309531626,99,2078505
309533376,14,920574
309533691,8,332898
309536560,20,3043669
309539373,5,485871
309540906,10,1221249
309541489,380,157804004
309542953,16,7423816
309543045,50,22473277
309543265,17,4762657
309544290,22,13116186
309544528,9,3830164
309544689,25,10591808
309545219,17,2131276
309545536,30,15890466
309546850,4,1002499
309547303,19,12018779
309547606,13,4290473
309549362,10,638779
309549420,44,22472529
309549436,12,925526
309549473,11,3925861
309549561,27,11750490
309549852,76,26619303
309550549,26,8911011
309550800,21,3744479
309550903,9,59560
309551857,22,8981651
309552174,81,4185237
309552190,10,3267865
309552688,16,11185333
309553140,20,5374528
309553690,12,2631533
309553833,7,2823337
309553841,16,6415884
309554209,24,8100371
309554599,33,5212876
309555500,7,2341867
309555535,10,9414212
309556651,72,29484355
309556677,7,737554
309556787,66,32183876
309556916,23,6144411
309556985,13,1179882
309558425,24,5487769
309558583,13,2178323
309558872,5,137455
309559011,58,22286463
309559045,4,338597
309559057,11,3914437
309559264,20,8576126
309560244,17,4638969
309560292,14,2292968
309560378,4,1484862
309561308,17,9207621
309561809,48,8232681
309561952,12,3529522
309562224,12,702421
309562323,4,801338
309562423,10,3717682
309563115,23,7292986
309563662,15,4126690
309563915,15,5533007
309564503,11,1382297
309564566,6,1857343
309565176,10,217668
309565278,22,4634352
309565388,13,2240898
309565502,71,35280634
309565790,27,6532163
309566250,20,8309613
309566341,23,8484832
309567148,12,3000980
309567656,14,10337819
309567800,15,2841663
309569550,14,5858069
309569685,16,5106774
309569968,41,3837147
309570222,8,3750251
309570330,13,6742197
309570653,5,366054
309571178,69,1928772
309571356,18,5482414
309572245,10,6444031
309572491,24,1854194
309573390,28,9880091
309573882,27,8484471
309574288,15,2217034
309576801,15,857161
309580080,37,2468204
309582060,14,12735844
309584165,9,2577057
309584344,12,933926
309584545,3,151724
309585363,19,1168439
309586532,8,331568
309591417,521,280815629
309593520,30,11611046
309593657,25,8434983
309593786,11,898583
309594144,15,587301
309596287,66,6062565
309598205,16,1046989
309600677,21,1057586
309600834,13,1412445
309602514,6,584649
309604169,22,1402406
309606719,16,575779
309607150,31,2571043
309607224,15,641163
309607916,54,1728416
309608321,117,34440787
309608810,92,42138732
309609213,11,3801460
309609219,23,6700838
309610813,21,2425273
309611928,22,6708008
309612277,13,7590717
309613621,16,711780
309614398,152,56707286
309616088,16,4743695
309616313,333,176370159
309618910,7,2966568
309619578,68,3053897
309621164,17,828422
309622735,18,3594213
309623456,42,3926399
309623766,14,1002172
309626197,16,1941792
309628491,17,1439882
309632033,24,2835294
309632227,24,1343223
309632232,36,3334846
309632900,25,2331673
309633032,47,3536887
309633947,11,748806
309638981,18,1533685
309640301,18,3530736
309642339,45,3220102
309642671,5,2153753
309643550,12,560168
309647349,22,5598556
309650743,109,9200018
309650798,23,5774831
309650842,9,898730
309651580,9,947762
309653421,12,1374228
309653755,64,14975289
309654213,20,1442316
309654486,44,18195013
309655140,10,3167743
309655319,17,2538904
309659409,6,361372
309660795,10,4066230
309661088,10,441870
309661124,9,2822594
309661161,54,3098180
309661646,7,648748
309661767,16,3309824
309662563,94,31437461
309666149,4,132532
309667851,27,3419638
309668552,38,2763769
309669109,25,1277525
309669351,14,5006428
309669623,18,2109026
309670533,15,4165309
309671282,12,1373041
309671407,13,1139459
309671418,7,1387253
309671743,5,1129428
309672706,14,4517706
309673310,103,44344205
309673968,12,789705
309675794,5,464597
309677939,24,1584394
309678293,8,606111
309679022,11,2858432
309680246,10,3233778
309682476,11,1418641
309684406,9,1957241
309684563,20,6292050
309685380,14,1024217
309685543,16,1574396
309686173,7,220770
309689275,13,4981843
309689348,17,2783585
309690279,14,2018893
309691010,37,6558395
309695164,22,5199755
309696164,31,1635132
309699266,17,1027327
309700924,19,7704961
309704166,14,1882940
309706389,26,2996767
309717346,11,1747171
309725231,7,1263891
309728345,10,693094
309738232,13,1177951
309746343,38,15828947
309752075,6,305196
309753550,10,597721
309762896,20,887160
309787097,12,586970
309794306,14,546082
309822593,26,11715837
309824252,7,1820214
309824626,15,4499923
309825894,17,484653
309826265,17,1026665
309826880,5,466577
309829179,12,507950
309833937,12,990187
309844867,24,2430965
309845772,326,111661531
309846402,5,592184
309848947,7,550682
309849379,15,4714253
309849969,15,743996
309851704,17,1496289
309854498,16,3344333
309855092,25,6460445
309856184,66,18703152
309857503,6,1130277
309860267,57,17989790
309863222,13,3735932
309866316,34,1361274
309867212,11,624113
309867501,5,257333
309868881,19,6876075
309869167,7,956405
309869415,33,13617412
309870421,14,3810985
309870608,22,7290062
309873410,7,871437
309877788,10,337692
309877808,23,2144875
309880298,20,3394824
309882226,14,1016804
309882757,19,5347758
309882973,54,4587152
309886132,46,3779862
309889622,15,4145072
309892596,35,4515541
309896761,32,11912478
309897140,7,641320
309897785,8,275937
309897801,7,240
309898886,19,3899422
309899174,26,11669499
309899891,25,4672298
309900215,10,785282
309901153,21,11516010
309902948,17,2649857
309903097,4,117147
309903130,16,3633720
309904030,15,2036129
309904712,24,1426282
309904764,32,3136860
309904792,17,572150
309904869,9,298121
309905517,7,312742
309905764,16,5290608
309907007,69,13546321
309907107,75,28990357
309908356,5,162265
309910439,7,491148
309910533,26,2405636
309911203,15,9805523
309912740,188,86777988
309913838,14,1041487
309914658,15,2283680
309914891,13,2800365
309915137,5,291408
309916542,14,886853
309917739,27,2780059
309917761,59,8238331
309917864,65,27402403
309917901,7,268523
309918474,11,1757919
309920686,14,3728144
309920875,30,4848588
309921391,16,3879489
309921575,10,3471551
309923253,3,753429
309923345,23,5089481
309925440,16,5565194
309926052,9,3605068
309927380,9,807913
309932234,18,2913971
309932568,11,1410437
309933007,21,846639
309935563,20,1857448
309936776,7,564824
309937262,9,1821935
309939686,7,1279427
309941612,81,3341594
309942433,10,1262580
309943840,41,2711669
309943904,7,470876
309945223,22,2739374
309945829,5,636151
309948232,17,1022076
309951727,10,777049
309953948,54,4925966
309954409,4,143102
309957791,28,1302184
309959300,16,6798685
309961216,9,1296720
309961229,15,3530607
309962710,13,3944550
309962772,12,2105701
309964715,25,3063733
309965050,13,3600263
309967239,10,693591
309967260,32,1883608
309967610,25,11121616
309968799,13,12913734
309969618,6,820472
309970495,8,1616271
309970789,17,2889606
309970905,34,10234403
309971174,92,7880559
309973179,5,1817101
309974116,12,454063
309975241,10,2378798
309975310,18,13216435
309975542,8,1282310
309975588,18,4423476
309976782,6,762939
309977416,11,740594
309977568,6,357260
309977829,7,781018
309978542,16,2247091
309979146,11,3559805
309980376,27,8115409
309980817,21,4519170
309981958,9,2183423
309984261,10,1796768
309985815,11,1969379
309985915,10,128420
309987257,9,848022
309988809,14,2680928
309991235,11,1866568
309991456,5,163134
309992880,11,851783
309993334,13,544474
309993801,14,3141580
309998274,105,6341092
310000002,22,673178
310002816,20,1281546
310006155,10,946406
310007398,20,1408095
310008549,14,2973449
310011085,31,379742
310012871,85,7182564
310015524,21,10120873
310018780,10,3293247
310019208,14,1971762
310020224,72,22121179
310020311,51,16968636
310021567,6,235144
310021757,21,6792275
310022113,54,22032199
310022956,68,19792515
310024825,27,1629176
310025716,15,4160254
310027212,12,2689760
310027495,12,1464256
310027572,5,1657241
310027818,16,4247032
310027851,9,4117290
310028390,3,711240
310028663,7,9657437
310028992,16,4590452
310029066,17,6849662
310029413,102,45278930
310029866,18,8554119
310030088,16,5766958
310030540,15,14068262
310030777,49,16143894
310030825,35,12135961
310031599,8,2648068
310032558,57,19467957
310032838,4,915786
310033464,13,5699068
310033522,16,5765559
310035536,24,1207902
310035550,21,7336730
310035578,23,8944434
310035762,29,5743366
310036428,12,1813528
310036751,8,2533628
310037025,18,18407336
310037283,5,1249780
310037381,41,10079089
310037402,19,1850558
310037416,15,955888
310037789,13,4857836
310037816,18,4191546
310038251,18,4918250
310038697,18,6427623
310039080,15,1383616
310039697,83,28979596
310039836,18,5961706
310039907,26,14889568
310040314,8,1273794
310040566,26,9439077
310040742,52,15039973
310041210,6,1798271
310041270,7,1064059
310041868,15,4948126
310042301,19,2464376
310043006,16,3976873
310043521,17,6373413
310043558,54,19597952
310043913,10,262617
310044005,51,24829342
310044702,6,1177692
310045274,7,357815
310045353,13,3786922
310045547,12,6723896
310047302,10,7145135
310047481,7,267077
310047719,37,15184046
310048187,15,6434390
310049328,19,4710366
310049912,27,5260827
310050656,12,495022
310053153,18,2573637
310059297,20,1430473
310064564,5,450194
310067938,11,1602117
310068861,13,1114979
310070896,21,1514897
310073063,16,6594523
310073206,19,2839457
310073614,11,1061470
310074371,28,1640810
310074605,27,1999467
310075671,15,1244379
310076912,14,736503
310077078,11,811455
310077638,11,4164324
310078005,22,11515965
310078190,67,20082412
310078509,4,1356873
310078656,11,2697347
310079364,14,3595114
310080170,28,3491473
310080725,21,1886151
310081607,13,1695249
310082266,12,2818204
310083850,17,1082827
310085479,21,4532848
310085633,101,41578248
310086505,15,1158612
310086544,15,4581490
310088345,16,5322890
310089041,14,2587141
310089814,6,747312
310090145,19,1073721
310091176,9,947831
310091598,67,26517545
310092265,20,6401457
310092744,10,1502672
310093883,9,3436219
310093903,11,829990
310094078,22,6037012
310094692,12,1620237
310095861,15,7173424
310097348,15,6417327
310097641,17,922671
310097868,36,21585652
310098694,8,2065607
310098940,5,4105779
310099035,21,7534501
310099542,358,132831483
310099659,9,3898044
310100852,18,2978631
310101054,19,14839851
310103434,32,1346134
310105429,3,644131
310106168,7,1304904
310107647,14,3102401
310109011,55,15001262
310111013,84,2509469
310111339,15,1548211
310112301,16,5288721
310112619,20,6535658
310115155,37,1614570
310115486,40,2913121
310115637,15,4319060
310118499,30,1466744
310121329,34,1422000
310128072,11,806036
310128178,17,1665956
310130855,11,2122437
310131525,17,1944053
310132317,24,7451446
310132382,26,1999245
310132713,90,29364876
310133502,26,6858532
310134070,21,2056672
310135662,30,2764206
310137794,75,26743457
310138245,19,7981874
310138649,24,1305116
310139581,13,4086252
310139947,5,228874
310140650,9,491155
310141005,4,1055030
310142779,11,3167987
310142857,9,876885
310143065,10,2556584
310143364,9,150193
310143877,37,2414768
310144343,22,9183925
310145042,18,5202300
310146488,38,7978354
310146776,5,1444962
310148149,20,6341523
310148481,12,1946986
310148702,63,27461335
310149422,34,3231625
310150874,5,1064941
310152504,8,3166391
310153769,19,2953829
310154233,13,692153
310155172,4,393281
310156437,4,163529
310158907,7,577162
310161526,45,3844434
310163777,15,1753555
310167958,49,2547102
310173116,11,556476
310219256,11,637367
310270602,16,4045371
310273375,121,35612648
310279887,8,679294
310281900,14,774725
310282439,13,944449
310283249,25,1237730
310284107,14,1079214
310284132,28,9307191
310284828,13,684176
310285271,7,2983311
310286226,11,3524004
310286371,12,354391
310287625,33,17634722
310287727,9,1000644
310288264,14,1405049
310289671,11,776637
310291055,10,366655
310291745,3,508803
310293081,21,1927400
310294237,15,521470
310295319,22,2163218
310295344,21,2452657
310295555,11,1069620
310299152,20,2151664
310301343,23,937648
310307453,5,220511
310308582,28,2491668
310310053,5,396029
310310222,14,2644053
310312639,17,3107560
310313153,9,3056909
310316478,23,6339127
310320147,10,2604008
310320945,20,12694409
310323682,14,1062060
310324918,8,2355803
310325712,15,4840634
310326764,10,652480
310326937,11,5084645
310328107,6,247548
310328291,18,8829917
310328981,11,167899
310330420,12,1723371
310330421,6,598905
310330668,10,1954769
310330953,7,625034
310337385,15,1419941
310338974,12,882600
310339420,8,1475964
310347688,13,1060226
310347879,9,581460
310351965,44,1582525
310353681,71,14101464
310355110,22,1593905
310355175,4,500466
310356975,24,9348497
310357951,3,1416574
310358661,9,1673768
310361577,21,9008056
310361963,22,8617640
310363022,5,1627088
310364543,12,4497579
310365229,70,25457019
310365776,23,2628464
310367420,20,672956
310367733,3,515879
310369074,4,1805129
310369172,9,8343237
310369212,16,5964668
310369632,16,3756326
310372089,22,6687805
310372441,12,3104970
310375422,14,6068109
310376405,7,506333
310377095,35,2773971
310377204,8,283948
310378572,16,1799082
310380979,33,2825043
310383376,18,1716950
310383486,9,1294124
310387717,16,901465
310391610,32,2701026
310391940,13,486264
310398997,5,77677
310401041,27,7021296
310403857,56,2924712
310404456,40,15193609
310404521,23,2681558
310404740,4,251646
310404912,5,1680672
310404978,10,676671
310405113,8,2421825
310405257,37,10994537
310405315,19,1340765
310406805,18,4579279
310407016,17,7055543
310407526,7,7786815
310407552,22,7183259
310408035,15,4566400
310408758,24,6417433
310409199,3,527700
310409783,6,185205
310410622,50,15281286
310411645,5,212555
310411667,13,3759729
310411863,7,441686
310412030,12,982934
310412417,9,425365
310412870,12,5061003
310413078,12,3789687
310413174,19,5444429
310413348,13,3115952
310414220,11,3194063
310414606,56,18116234
310414646,8,2543840
310415514,21,6735453
310415944,12,1148573
310416328,29,2664801
310416385,18,12334440
310416638,7,637243
310417294,3,158104
310417523,3,220997
310418048,45,13206100
310418265,11,3088457
310418452,14,4727013
310418652,113,46503724
310418745,83,31505021
310419319,3,788245
310419709,39,3044169
310420110,7,2289213
310420338,28,2696672
310421799,17,4534895
310422260,19,6794860
310422667,8,5994278
310422720,27,9175946
310423844,7,331945
310423984,36,16713689
310424128,14,4608277
310424235,23,9145938
310424386,22,7239681
310424746,10,2983000
310424796,21,11645307
310425000,12,9207484
310425145,10,18223668
310425467,16,10716535
310427370,67,32281226
310428196,102,47328615
310428629,10,2181287
310428632,14,1625492
310428738,6,2473114
310428905,17,2982768
310431041,31,10734368
310432933,3,326863
310432944,9,3442797
310433355,8,1361031
310433612,21,1652626
310435060,23,1333150
310436271,16,5102687
310439420,52,3723025
310440721,6,603687
310440941,56,2151969
310442195,4,1548546
310442796,13,3704487
310443158,20,384762
310443630,10,2754301
310444031,134,89541784
310444445,23,3182072
310451731,6,328884
310452093,37,2821737
310453501,266,141901591
310453694,14,1303376
310455782,53,2899176
310456226,25,1137848
310456474,5,504578
310457707,12,864068
310458308,3,557540
310458602,11,2355934
310460693,35,3145005
310460762,29,8609073
310462075,15,4040091
310463561,17,1053116
310464200,5,696083
310464799,150,62436672
310465994,13,10601669
310466091,25,3691158
310466334,17,5209019
310466948,13,1731033
310467506,14,9645361
310467631,39,11640022
310468840,14,3521824
310472095,22,15167843
310472205,21,3212050
310472753,4,934591
310473123,3,963538
310474291,7,1280776
310474448,9,2787676
310474713,14,4497481
310474818,28,5090743
310474859,5,2071283
310474876,7,837095
310475111,15,392437
310475728,48,20718738
310475760,5,257249
310475888,13,3619005
310476092,10,2864340
310476210,28,9345508
310476517,14,4517292
310476848,17,867955
310476945,8,1963597
310477378,7,2532966
310478348,17,7677462
310479668,13,3283534
310480137,13,5143838
310480588,19,6889841
310480684,17,1883273
310480945,5,1375297
310482558,15,4033354
310483012,6,1046486
310483585,13,6340263
310483940,19,5098757
310484122,12,2990523
310484840,15,6519207
310485296,48,17476352
310485316,20,4259080
310485326,17,6274768
310486805,25,9393811
310486946,15,7743061
310488967,17,7086171
310489498,19,6860779
310490784,34,3120939
310491098,12,3975506
310491594,4,420439
310492631,10,480451
310493130,6,5264151
310493988,38,3467911
310494508,13,695171
310494660,8,2013413
310496012,13,9978619
310508463,20,2237648
310511706,131,56465729
310512863,17,3130045
310513476,5,1140028
310515132,5,1954533
310516586,35,10391111
310516688,14,2098739
310516831,159,65949372
310517222,16,1520221
310518334,21,1416784
310518515,6,1940417
310519478,20,1316186
310520047,48,16162435
310520299,19,6295247
310520748,15,3720855
310521229,13,1423611
310522636,9,1271748
310523306,18,3117304
310525928,16,4252941
310526386,14,942759
310526748,18,6602441
310526814,11,1969592
310529623,11,3885455
310529728,22,2874717
310529825,16,2083734
310530243,33,9435760
310531527,13,558279
310535757,14,1814999
310538124,18,802044
310538309,6,254402
310542039,20,2940993
310553227,16,1523633
310558544,21,2549631
310558887,8,657453
310602559,11,5440410
310607340,10,1642320
310608629,17,1019369
310612788,17,974838
310654833,32,9347622
310657837,65,17217567
310658100,18,4533556
310659099,23,2882225
310665899,25,11349490
310666241,18,2048733
310667905,7,535801
310669360,18,4908469
310669652,9,1888578
310672194,19,4308256
310673073,14,1960327
310673272,5,360197
310674197,20,2210524
310674283,9,112626
310676077,11,429758
310676124,87,13240728
310681592,9,1739545
310683310,14,956041
310685372,28,1472721
310687442,9,249717
310687588,5,2797988
310688057,27,9044670
310689278,56,15692935
310691420,11,379851
310692315,9,5894904
310692699,8,2259647
310694440,12,1234624
310694849,4,1306258
310696118,51,21511936
310696789,20,11014224
310697621,6,416522
310697715,19,8359273
310698544,16,2894688
310698846,12,3989681
310701979,50,21994321
310709532,16,1090452
310710290,40,4033626
310712041,15,618219
310719109,6,166015
310720360,10,294240
310722939,27,4683849
310725427,32,1009737
310729763,14,6392771
310729766,70,37102386
310731294,13,6104504
310732065,15,2999155
310732181,5,344816
310734436,6,662617
310735185,5,1089356
310738217,37,754916
310738703,4,2261352
310741847,10,1863310
310742707,14,4387700
310743526,9,2284423
310743557,23,5528357
310745573,8,1889878
310746126,15,3056839
310746177,7,2449225
310747341,10,2360272
310747728,33,8091650
310748663,3,1226317
310748950,6,845185
310750376,7,1554013
310750400,4,866288
310750440,12,4775424
310750646,18,1193827
310751053,174,15091571
310752203,10,2465355
310752496,9,520202
310754196,15,4997774
310754863,18,3187185
310755045,7,2012617
310755474,45,1643873
310756457,19,6302155
310756651,3,641826
310758241,11,3435894
310759794,26,4384326
310763002,9,1278441
310764140,6,553673
310766651,15,3938732
310767397,44,2364907
310773294,12,719114
310773899,28,498543
310775224,24,536896
310776533,19,787518
310779061,28,8717937
310781678,11,1393546
310781802,19,6694406
310781904,14,974656
310782545,33,909712
310783642,30,9879785
310786433,5,1562070
310786448,3,614068
310786471,16,1861958
310786530,19,4598624
310787171,28,4599861
310787192,13,936866
310787698,7,1266808
310788228,12,3145381
310788716,189,74231915
310788727,22,3619132
310789189,15,14844012
310789261,7,2095281
310789673,19,313825
310789811,27,3950491
310790347,12,3206254
310792432,55,21699537
310792537,4,1167340
310793838,36,14523881
310794157,15,418254
310795337,52,15739482
310796155,17,4044065
310796181,6,883859
310797262,14,4225280
310797654,14,6125473
310797664,12,5013230
310798157,19,3191359
310798263,15,5260811
310799387,23,6904501
310800836,26,5684354
310800917,23,8589712
310800987,23,2760078
310801462,28,9766001
310801525,21,4840667
310801672,4,1261225
310802239,18,6802156
310802667,10,3541356
310804158,99,8432715
310804341,12,2182673
310804504,50,24004457
310805860,9,4258515
310806275,28,1852510
310806912,41,15655249
310808530,19,7769805
310809133,17,1885169
310809768,23,9766764
310810219,50,3651124
310810383,12,340781
310810761,323,34835858
310814480,56,1988683
310816248,4,857027
310820873,18,1405961
310822520,11,1329220
310823842,21,1118095
310824621,13,1272239
310826441,21,1692820
310827174,77,5219242
310828386,21,964928
310830227,11,1081163
310833590,36,2482331
310833812,25,6717545
310834485,14,2741035
310834713,13,1496948
310834940,141,8600943
310834957,15,681866
310838435,53,26955349
310839242,4,4191529
310839501,18,6331879
310839795,15,9264282
310842099,55,17981380
310842370,150,74411037
310843379,12,2820364
310843545,126,40954066
310844749,24,9525569
310847003,18,5724553
310847035,24,1347291
310847683,7,1229276
310848660,28,2178684
310848927,31,23454463
310849757,15,5491102
310849917,6,1409989
310850766,9,2167183
310851608,25,7368406
310851871,10,7612579
310851970,16,4263489
310852107,10,2343241
310852484,17,707942
310852627,9,1543553
310852656,16,8220234
310852793,21,5476079
310853343,19,6096820
310853967,12,2502803
310855265,14,1806648
310856210,14,3098446
310856552,20,6371081
310857030,52,13797141
310857080,134,62637358
310857914,24,21846281
310858475,7,4126163
310858691,8,1031422
310858791,18,1613803
310859344,24,1207314
310859735,11,2009040
310860345,7,2933347
310860737,19,4212430
310860843,25,1620515
310861247,9,3243080
310862115,38,15028633
310863333,21,6448610
310864337,5,156434
310864705,13,7113965
310865192,8,1823945
310867245,21,2928424
310867695,49,4202952
310868902,28,9402634
310869132,14,1804257
310869902,7,4181377
310870400,16,5046418
310872282,14,386938
310874027,10,1882052
310874198,7,2568758
310875852,18,2762203
310879237,15,16779939
310882307,20,1042085
310884202,24,3701468
310888070,190,72243646
310888209,20,1366971
310889132,22,5723702
310889182,23,2445123
310890233,11,3671805
310892617,16,1196844
310892995,83,6059837
310893653,14,2996954
310893923,5,1232570
310894288,10,813770
310895693,27,1970427
310896754,9,2456938
310896812,85,19589667
310897190,10,2872497
310897271,13,1192119
310897786,40,13972235
310899109,65,30872744
310900691,12,1167152
310902815,14,19353997
310903171,6,1033255
310905547,22,10800375
310912239,12,2741553
310920427,17,1372649
310924001,6,202138
310924224,26,1298235
310948168,3,227891
310975273,13,1047321
310994596,11,2307012
311014385,17,1205736
311022479,9,333326
311024349,29,5543738
311026650,43,2665134
311027432,8,432823
311032697,10,828502
311037896,6,8068
311040254,6,248952
311042074,9,280866
311042662,18,5729902
311044415,13,3158269
311044674,53,33258808
311048845,22,2590137
311050567,13,538497
311053071,29,10883962
311056352,38,16160730
311057101,7,647036
311066759,9,953365
311073116,4,1089570
311073704,9,950767
311074330,3,485129
311076607,42,7533894
311077087,8,3125341
311079810,11,2717230
311080561,11,1059991
311080872,27,7322537
311086674,20,934383
311092831,11,1252702
311094124,32,4309202
311095856,9,706151
311096035,14,2726335
311097290,25,1822381
311101594,13,757243
311103473,113,13004025
311103919,10,1066560
311104281,24,2096195
311104722,12,812435
311107956,37,9552466
311110298,37,2662828
311111238,66,29593502
311112062,3,1680574
311113459,17,5085018
311113832,20,6884087
311116363,7,2102448
311116874,58,2662855
311118053,16,12935828
311118658,32,18127821
311119579,27,11085139
311119966,6,1321970
311121288,20,3796967
311121410,27,1533074
311122683,10,3189534
311122908,19,7909033
311124111,4,1521796
311124241,10,3440860
311124434,6,4939305
311125442,13,2927573
311125661,11,6571261
311126214,17,2901548
311126381,10,3166105
311126814,3,1329887
311127819,183,21551737
311128348,3,212700
311129412,15,7221942
311131100,21,1526419
311131678,6,138030
311131927,9,6844523
311134211,18,801890
311136678,21,1343024
311140125,41,6176584
311141342,17,1049646
311143176,7,527229
311144632,16,862013
311147255,12,1298835
311147719,6,392260
311147777,12,1557932
311150043,8,709449
311150491,5,1283897
311153455,8,605089
311153462,20,8707764
311154611,28,1451100
311154644,9,616866
311154716,14,1086889
311156771,3,1499606
311156971,78,24523048
311157153,16,10608528
311158284,6,1457850
311158308,202,79470994
311158558,9,2609555
311159283,3,997166
311159885,24,9448837
311161086,17,5466311
311161912,85,27992229
311163317,22,12102103
311163472,88,39115504
311163618,17,887365
311165422,21,3663988
311166617,67,33262980
311167222,9,9458814
311167318,23,1240110
311168039,10,6350531
311168416,29,10292865
311169167,12,2635259
311170075,33,14932821
311170428,8,1785051
311170440,19,4712794
311170552,22,2808894
311170628,35,15221855
311170931,15,5235719
311171983,14,3946266
311172184,15,6285120
311172412,30,2483376
311172543,29,6482194
311173910,12,1293250
311173983,15,4323151
311174666,22,9991861
311174694,12,6886764
311174768,7,2284176
311175076,9,471614
311175480,15,3712918
311175612,33,8202600
311176230,41,15282089
311176356,3,1943076
311176591,32,7400493
311177315,14,2101137
311177459,11,4743652
311177613,9,1817219
311177634,5,1002584
311177651,33,1975374
311177732,5,1692267
311177897,22,8690860
311178142,21,3599824
311178924,13,10386824
311179269,20,1080448
311179446,4,1646074
311179472,7,2116245
311181537,27,8486676
311181586,17,5506080
311181959,6,2353302
311182189,7,3152811
311182706,5,1028700
311182798,13,19846091
311183034,15,1629406
311184004,15,8023632
311184077,7,1960324
311185970,49,4641248
311187877,9,2532843
311191920,7,3155666
311193528,9,1312172
311193885,9,487346
311196221,10,1195375
311197315,25,1881687
311197888,9,1586525
311200685,32,4254480
311200952,3,172190
311204901,22,7461040
311205598,4,583524
311206167,62,18463876
311206303,6,804150
311206432,5,327099
311206465,7,399796
311208799,11,2803341
311209028,19,2455010
311209139,28,2138355
311209712,5,291028
311211437,17,816734
311211769,6,665477
311211887,6,548059
311212318,8,2154524
311212801,9,5549017
311213887,18,11021832
311214096,18,3159546
311214199,22,1099023
311214589,13,4536799
311215130,13,1979300
311215522,5,459346
311217767,15,2343143
311218042,4,1585868
311218675,16,7912467
311219016,10,817567
311220779,27,1368157
311221043,32,3971197
311221371,49,23226017
311221929,3,459995
311223271,28,15627930
311223395,18,5596767
311225167,19,4551587
311225659,31,10771466
311226264,9,1164544
311226291,12,6803143
311227623,37,3159519
311227663,18,939737
311227719,17,2895531
311227868,8,776124
311228095,17,4353300
311228766,3,64034
311228954,24,7760010
311229420,16,8112961
311229912,103,4529856
311230423,13,2333662
311230536,18,6268754
311230740,14,2078346
311231058,10,2258080
311231114,15,2041106
311233133,23,10393275
311233943,4,660459
311234365,15,15534566
311235424,27,4079601
311236160,100,17433047
311236552,21,2633034
311236855,6,1209794
311238192,9,2202665
311238804,5,1670207
311240042,10,1195646
311242170,17,1338250
311242664,8,1412212
311244693,9,1457398
311245313,20,2854060
311250150,16,1274827
311251065,18,4620266
311251371,12,5016203
311251454,36,3630563
311252348,35,1684713
311252679,18,1258512
311257002,20,430182
311257262,11,2102323
311259990,3,88106
311260078,123,51348657
311261314,3,534384
311263564,7,407510
311263672,14,3993807
311265710,5,2086275
311266227,328,138324316
311269022,9,2016901
311269239,16,2291559
311271229,18,5799815
311272636,12,1139294
311274966,19,7595376
311276747,5,166648
311277070,12,1615244
311277892,14,4616180
311278083,24,1677487
311279601,16,8212001
311281260,21,1128884
311281489,11,422908
311283002,43,2919880
311285938,25,1926066
311297744,23,1523407
311300620,13,3035783
311303375,41,4545380
311303860,8,568679
311306532,30,12302150
311307455,10,949382
311308031,3,111972
311308549,4,58054
311315109,16,1315876
311324992,10,2273706
311354502,8,3395323
311382681,11,593252
311386733,33,1308015
311388814,14,632923
311392681,8,408988
311397265,10,427755
311398694,6,301185
311401317,6,931907
311403139,29,3218712
311409582,8,1858247
311410435,11,5443876
311411803,8,2836846
311412404,39,16795147
311421359,19,3627942
311425611,17,2509065
311434620,14,704082
311439814,15,1422521
311440422,21,1028886
311443606,13,3160043
311448447,22,8601265
311450222,12,2759760
311453135,23,8802153
311455024,83,6018178
311455059,6,3246578
311455095,6,585306
311456360,16,860359
311461350,7,390499
311469576,17,964124
311474638,22,3304463
311474836,17,1375185
311476343,5,1142106
311477761,10,5217486
311478883,8,267540
311480139,14,2524448
311480855,13,5607358
311481722,23,8215994
311482963,25,1728812
311483360,15,6767381
311483851,9,2471590
311484743,7,1091084
311486572,4,2021380
311489664,11,3761630
311490735,22,1431656
311491625,13,3827775
311492190,14,5508045
311492527,10,6637380
311494415,3,1158057
311494595,14,4827332
311496128,780,96097630
311497117,23,6766099
311497261,13,3181540
311497505,6,390102
311497733,23,8298843
311499487,12,911011
311502089,44,608047
311503241,14,1049244
311504188,12,2272141
311505148,9,1163583
311506904,6,471355
311510662,6,308451
311516019,8,4188274
311516054,8,1133467
311516531,23,810397
311520745,4,1836549
311524187,12,7118477
311525998,11,5051423
311526046,3,322343
311526381,17,1296154
311526678,24,8963003
311527235,104,38101317
311527910,17,736201
311527963,23,10948994
311528693,25,152339
311530192,6,362756
311530637,15,707786
311531451,44,11567598
311531611,35,1231450
311531783,6,485768
311531989,8,3336564
311532091,5,1108886
311532991,8,1012988
311533221,23,5415007
311533621,19,1061180
311534022,26,697471
311534639,47,18278394
311534697,17,7814214
311536114,47,19253303
311536497,40,6681563
311536691,11,3151264
311537678,21,8859023
311537712,11,3330682
311538525,14,6353230
311538581,13,6115614
311538777,16,3607733
311539127,19,16057947
311539395,13,2968412
311540391,54,18083843
311540646,25,8583810
311540872,7,4467290
311541128,29,23001601
311542352,17,7211449
311542618,7,2047492
311542838,5,1143730
311542998,52,16901565
311543119,6,2461812
311543313,42,17180190
311543337,59,18101179
311543730,27,8649717
311544407,23,6728871
311544462,4,834580
311545146,79,30892191
311545310,14,4944908
311546175,33,10934396
311547522,13,3983863
311547789,11,2646770
311548240,33,9515896
311548479,12,2002255
311550257,25,4083432
311550387,16,3520374
311551151,20,5961239
311552300,12,3868243
311552887,23,2522647
311553837,13,1813184
311554473,6,2134251
311555319,8,6547451
311556873,29,2429101
311557672,8,1112199
311557780,11,2317678
311558526,10,6390719
311560067,30,955055
311560891,8,2145356
311562804,6,676421
311565863,18,1641903
311566322,70,693873
311566542,3,527184
311567929,18,2771584
311569282,65,39307388
311570598,12,2652158
311572863,25,1754315
311574968,21,2572723
311575504,4,324046
311577247,29,1729422
311578461,6,293624
311578965,280,151146531
311579135,48,446774
311581967,47,3745382
311582998,26,2237795
311586417,24,11141662
311586920,14,4411893
311588352,14,1466377
311588744,8,350412
311590436,52,4365072
311590652,18,1589683
311590777,6,744656
311591800,15,7698466
311591901,4,918828
311592229,25,2736440
311592376,23,5776202
311592827,54,16190648
311593323,14,5822163
311594575,12,2991840
311596865,78,38238417
311597082,17,5438896
311597397,14,2221003
311597590,5,6735725
311598091,10,3272672
311598256,14,4752707
311598687,20,2344416
311598833,14,3583266
311598893,14,4385034
311599322,19,9307138
311600664,17,5614488
311601226,15,2460688
311601533,11,3533002
311601568,7,494479
311602671,10,3442243
311602714,41,20652703
311602723,19,5778905
311603295,3,915718
311603618,17,1276394
311603787,13,3264862
311605099,28,2915825
311605238,30,5302486
311606191,39,13058967
311606769,22,9281353
311607381,15,5726584
311610847,16,14950306
311611405,13,3164663
311611417,14,3788878
311614109,12,688650
311614858,10,1688576
311616456,50,20465161
311618177,4,2033701
311618436,11,5684812
311619290,16,5774722
311620243,3,1179174
311620496,8,850880
311621243,14,504096
311623967,9,486395
311624459,17,1012045
311629662,263,13394277
311630710,16,1081765
311631418,29,7758070
311634411,23,1609314
311635256,39,10046735
311636776,25,1453524
311639494,18,2344105
311640171,24,6945046
311640525,63,4697998
311640767,20,6563002
311641932,45,15602610
311643809,4,510429
311647551,40,15410114
311647878,32,5909091
311647983,23,1070407
311652634,156,12881332
311652649,28,2969439
311656759,16,745646
311660185,7,962940
311669259,22,2047858
311679541,8,948718
311738775,10,1468412
311740677,29,16705896
311757056,14,3646415
311759988,14,4290512
311771588,13,5628629
311772001,19,1179846
311779917,98,30870301
311782745,9,2590255
311783130,8,2102436
311788177,4,707929
311788659,15,6003703
311789369,42,14639594
311789820,18,923124
311792729,16,2564970
311792942,14,4337067
311796591,19,4225041
311796922,9,785164
311797577,4,138682
311797777,11,1521901
311800141,23,1140421
311803527,8,635834
311804346,16,2316352
311813224,17,4762758
311814776,15,5348228
311816296,6,246261
311816873,38,12150621
311818474,8,222956
311820444,23,3317819
311820788,50,15701954
311822385,17,3709833
311823354,47,723330
311823722,3,848037
311826204,10,1147992
311826531,22,1399662
311827160,27,12755302
311828236,21,3143119
311830164,5,741278
311831623,8,2969630
311832201,16,2289707
311832513,21,1238515
311833118,12,2828076
311833819,21,8331284
311837168,39,3462832
311839562,51,6209054
311839823,5,756397
311839860,19,2590176
311842750,21,2466966
311844172,26,2089429
311844184,24,2773167
311847688,17,2221737
311850909,70,4172789
311857334,12,1386835
311857639,22,2232329
311857663,31,9331105
311862382,158,50553443
311863251,13,751097
311863648,18,6050489
311868099,11,1170063
311872137,29,12945585
311872270,63,8928202
311873909,17,7886937
311874594,6,685862
311876684,8,681007
311876906,41,15167648
311878181,25,9903146
311878241,12,1506651
311878644,6,591526
311878800,21,941315
311880143,11,3268317
311881138,80,9473174
311883919,8,2873320
311884211,12,3738161
311884602,31,1339487
311885224,5,1387462
311885420,12,974626
311886536,20,2577260
311887039,5,1338802
311887366,18,8441471
311893736,53,1443703
311895401,68,5379112
311907754,135,58897781
311910650,35,10373369
311911045,11,6560990
311911240,43,21464977
311914298,9,341821
311914771,28,3210180
311916720,15,5304893
311917677,15,3742135
311917834,70,29484775
311918344,18,5314783
311919080,129,49791181
311921034,23,2684590
311921464,15,12788331
311922274,6,2057110
311922486,19,8240012
311922903,65,29641448
311923252,23,3395523
311923316,5,663639
311924213,15,5150668
311924928,14,1934863
311926506,13,4037404
311926776,15,8538745
311926795,10,3793225
311927305,18,8954286
311927320,17,3706604
311929019,14,3766737
311929083,45,14103545
311930267,3,3854141
311930276,12,4136957
311930579,8,1341244
311930814,35,19224597
311931012,11,4250821
311931636,6,3084333
311931646,17,6069614
311931777,8,3686995
311931867,7,1169500
311931928,10,1744254
311931977,3,388110
311932646,16,4924113
311933439,16,5962641
311933625,42,3762927
311934082,18,3322115
311934383,24,8465858
311934679,10,2228132
311935258,9,4068104
311935724,11,2710806
311938849,7,971055
311940626,17,3222320
311941281,31,5718145
311941431,9,3303037
311941488,33,335316
311942086,6,5792826
311945008,7,281274
311946165,13,1293647
311946637,36,413687
311958437,11,514769
311959810,31,1038557
311959988,11,435323
311960983,9,482660
311962205,19,9945095
311963906,158,83732966
311966611,22,1697584
311967871,14,1076799
311971110,18,1662776
311971523,8,735107
311971975,17,5854336
311972205,10,3074236
311972751,9,1074810
311974375,38,2943834
311974405,10,2714909
311974549,19,6092094
311974815,7,489567
311975838,13,5073020
311977671,40,12565794
311978912,26,12808013
311979310,10,2631364
311979397,40,21110014
311979872,33,2547715
311980774,14,1450731
311981587,10,2353278
311981988,30,5601451
311983408,12,2718816
311984298,4,1340605
311984461,6,3010290
311984560,13,3147437
311985547,23,6470388
311986241,33,13749241
311986272,19,7617171
311986671,13,1654001
311986724,15,4010668
311986986,15,788159
311987815,16,4683194
311987854,14,3659141
311988437,15,3345492
311988764,15,5258959
311989595,25,10282422
311990690,12,5439771
311990923,9,334717
311991473,8,2225100
311992359,9,7567342
311992591,15,10449607
311994059,8,1544543
311995548,7,811131
311995824,24,2574160
311995980,3,610809
311996283,11,6229971
311997925,15,3765239
311998776,25,3878483
312001671,12,2153337
312001831,11,496748
312008684,61,1731340
312012030,17,1087233
312012314,4,476958
312012617,16,7776534
312015730,27,1764281
312017275,21,5023847
312017588,104,48818332
312018207,14,3026970
312018538,91,8735482
312019402,14,610277
312020102,12,1561504
312020625,23,7142044
312021470,3,75450
312021487,44,11995390
312021623,6,962664
312022424,54,15927116
312023785,29,1169414
312025606,8,2991083
312026557,381,194513769
312027724,12,2081583
312029484,27,7703242
312029577,9,1329907
312029607,13,4821798
312030097,7,358561
312030927,56,3752713
312031031,13,2209033
312032688,6,2356480
312032862,25,8780824
312033744,18,4714086
312036005,8,3752176
312038181,5,505784
312038232,24,7049439
312042389,6,1218753
312043305,18,3115085
312044045,13,9241227
312046507,12,1075236
312053609,22,4578008
312055765,16,1369952
312058366,17,3080258
312060903,12,1000169
312066334,23,2128759
312069175,15,560827
312072922,17,1269070
312081602,68,5633810
312089068,22,11146016
312094066,12,2179397
312125621,18,456207
312133007,14,988377
312133917,39,2192084
312141614,23,917774
312168651,4,295616
312170361,11,496065
312172313,27,2929538
312172411,4,501237
312175810,9,812775
312177277,13,859216
312177730,12,3351203
312181014,119,8600340
312183716,4,171883
312184181,7,315650
312195683,18,2167618
312200225,9,2293610
312203282,21,3110714
312211095,21,1166859
312214487,18,3363315
312214596,15,561903
312221812,6,2146223
312223872,25,2054629
312223987,36,2926817
312226716,14,369623
312229323,31,1210757
312235190,23,2502353
312236195,9,351113
312243980,22,3169595
312246884,70,1925153
312247427,13,821831
312248813,3,318297
312254105,8,536719
312256923,5,201824
312257604,20,1150772
312258634,13,507404
312258762,33,1492773
312258800,13,554911
312260728,73,1402557
312263000,43,3347797
312267026,43,2121774
312267553,11,749642
312267928,12,922105
312270273,18,6277020
312270326,23,3021036
312271409,35,521186
312273732,37,2455590
312274146,3,114072
312275591,23,1279315
312277046,157,22328554
312291084,39,3329883
312294342,20,1308866
312299700,6,262196
312300550,28,2942824
312303748,5,180637
312304342,22,1126599
312304605,5,184882
312304703,8,4844295
312305263,11,430820
312305603,9,771538
312308085,63,3614455
312308402,6,263620
312309965,17,4434141
312318189,4,96155
312318260,6,977138
312319366,18,2367449
312322304,14,4309292
312323102,9,195536
312325161,41,801263
312326829,7,675944
312328001,49,4239924
312328003,21,2047444
312328850,76,5820579
312334143,5,246605
312341031,33,2153436
312348132,13,4076341
312348962,12,1869211
312349387,37,19146651
312349395,17,1339241
312349486,6,2952605
312349628,15,3123849
312349704,31,10286596
312349855,17,6556499
312349894,6,561901
312350114,9,2053408
312350342,42,10836764
312351015,24,21873355
312352048,17,3253123
312352269,12,855236
312352354,9,1008581
312353117,22,13209334
312353176,54,62457546
312353445,4,1484856
312353610,15,4835863
312353844,29,5191724
312353944,14,3509300
312353986,13,4840269
312354018,109,54525768
312354023,46,16149798
312354038,14,2182766
312354468,8,688096
312354537,15,5400117
312354682,9,2394169
312354735,3,126228
312354768,7,883767
312354954,4,923976
312355755,33,8468962
312356145,13,982130
312356271,14,4803587
312356314,13,1933083
312357451,9,838410
312358013,26,3712644
312358204,108,101658047
312358286,68,47911104
312358385,16,6944166
312358389,6,1985559
312358819,44,7973681
312359194,9,2437516
312359810,27,6162868
312359848,14,5858688
312360144,17,1758078
312360148,34,14104151
312360273,9,1384447
312360405,11,4174908
312360463,33,15740368
312360740,30,12349154
312361246,21,6454260
312361274,74,36388723
312361490,14,1401059
312361608,84,23205206
312361835,6,245342
312361964,40,12607662
312362312,29,8881797
312362424,68,72612089
312362767,8,1604096
312362977,19,8777843
312363153,4,220167
312363286,28,8523864
312363371,162,54455175
312364250,16,4092453
312364485,35,13165539
312364514,9,2253566
312364667,11,2353184
312364671,51,42359478
312364803,6,1042729
312365114,24,6935858
312365232,8,3141004
312365934,39,34126764
312366250,9,668974
312366582,9,1876374
312366658,34,10109986
312366717,15,1057605
312366744,4,826851
312367003,4,1712447
312367036,14,4231015
312367156,267,123274701
312367192,36,13867195
312367356,26,9503261
312367548,8,1866386
312369124,15,1601168
312369936,150,110791853
312370055,100,60591664
312370781,25,6583117
312370927,7,827303
312370978,6,2114655
312371061,3,251581
312371225,35,3443600
312371732,18,3245075
312372134,8,2262537
312372559,28,8992611
312372826,16,9657234
312373280,10,1214257
312373369,24,7122172
312373400,5,935685
312373667,5,1945419
312373817,3,227373
312373974,4,1408513
312374205,16,9015698
312374798,42,17594660
312375008,41,28764866
312375248,9,1930859
312375966,16,2548100
312376089,5,118768
312376165,19,8133412
312376425,7,394100
312376520,10,1130591
312377043,20,12787220
312377045,3,866573
312377145,16,5285122
312377505,23,5735523
312377541,15,5496650
312377578,25,14882524
312378295,43,15474409
312378634,28,12171723
312378929,15,4580200
312379097,43,17327649
312379178,13,2941234
312379226,4,344000
312379561,43,9925839
312379724,6,1183570
312379876,8,4448352
312380084,80,48634938
312380114,11,1080130
312380186,4,2649301
312380210,4,1543594
312380700,79,36143509
312380750,14,3713610
312381156,6,1008187
312382168,7,1786033
312382395,76,74883596
312382613,14,7516148
312382918,9,2694476
312383128,18,11067969
312383236,4,871286
312383508,6,1921688
312383830,50,26235778
312383947,33,15033703
312384021,19,5273251
312384357,38,10709617
312385089,3,720706
312385786,9,3101302
312386146,13,3375855
312386262,10,796590
312386654,23,8355105
312387830,18,4828597
312389257,14,2370098
312389804,28,11715246
312389892,16,1062589
312390562,12,1164714
312390783,35,20840973
312391538,27,1829859
312393044,128,12755295
312395278,13,2332785
312396558,7,975199
312399016,39,485485
312400423,9,478012
312401862,17,1456806
312408525,9,515830
312409630,33,3127524
312409797,48,2839287
312410294,56,1333471
312412514,37,2044880
312412629,10,1830561
312412930,8,391650
312414013,38,2904775
312416401,21,980726
312417817,20,4144896
312418111,10,3480406
312419602,18,1568436
312423496,13,3376359
312424566,8,793799
312425610,4,409665
312427833,3,296525
312427871,20,1238087
312428048,23,1129794
312432096,22,6556712
312433833,6,1499679
312434768,5,386614
312434936,7,373703
312436217,4,1703965
312438087,11,286496
312438673,5,1256987
312439058,10,3185160
312440097,11,3051314
312442680,13,4835921
312443024,30,8381268
312443670,16,3280871
312445143,10,3554964
312448521,50,7328673
312448557,60,4368542
312449295,10,1434297
312449984,14,4080493
312450406,27,3395618
312450876,7,875446
312451899,6,1432523
312452546,24,2195254
312454308,13,4839657
312455594,16,4583979
312460704,11,1679878
312461114,7,2693482
312462761,14,2061351
312463190,22,1325568
312463297,7,410252
312463983,15,1602901
312466715,9,809038
312472088,10,1613346
312475750,13,754159
312478898,15,5423370
312481203,7,683872
312481238,23,652448
312486599,32,1886435
312486620,12,371272
312490005,17,7051348
312491584,5,163137
312493076,21,2626173
312494429,18,923112
312499032,15,3728902
312499119,17,983309
312504279,40,5883613
312504640,20,2944341
312505154,46,4681518
312505499,3,81188
312508249,31,3183394
312519391,9,959217
312519750,19,3762187
312520003,30,1523860
312520598,20,2093511
312522350,18,4490008
312523185,6,959723
312523837,34,4964910
312525507,19,1378132
312525918,10,7166002
312527687,23,877181
312530976,12,628237
312536587,10,6211656
312537891,6,455537
312549890,21,2608243
312550371,8,823894
312554753,24,1658160
312556339,10,1032573
312558167,22,2081706
312567318,17,2762205
312576957,6,273948
312596498,15,6260621
312598826,12,329266
312613418,15,5998929
312616336,11,910693
312616531,4,228712
312636331,15,1146900
312636363,6,395863
312637752,17,4592555
312644903,13,3465479
312658080,6,403754
312660712,12,684405
312661454,15,794774
312664125,11,404777
312665265,20,1394826
312669317,9,371168
312671346,32,502852
312675969,34,2998586
312676999,7,433921
312681930,14,770442
312683082,11,4598570
312688534,17,545278
312689840,15,4875651
312693758,36,13388836
312700313,10,811271
312700996,50,4837359
312700998,22,2047387
312703006,30,1215239
312704378,15,2216173
312705066,9,634601
312705900,9,9700389
312707250,105,14483884
312707412,21,1531984
312715826,19,1766636
312720414,16,2685188
312721523,9,2291048
312723130,11,1860201
312727805,16,1750314
312728078,13,1390316
312728260,13,3052275
312733275,23,2761213
312743985,28,11341462
312743998,49,4533739
312744629,14,494228
312745117,17,793820
312745754,47,3134250
312746139,18,4368217
312749429,14,3729092
312750368,26,634812
312750828,8,1969632
312753150,29,1713642
312753681,61,1376057
312754867,16,1906553
312755517,12,20627805
312755559,8,685379
312757194,29,3177535
312759784,13,16123774
312760486,14,1095060
312763668,26,1210173
312765192,11,1124153
312765225,12,352912
312765595,13,1154451
312768685,42,4735373
312771642,20,1927146
312772363,12,584971
312772663,8,403132
312773596,30,2697270
312775416,8,231960
312779427,226,22522601
312783565,3,110962
312787527,11,1416840
312789994,20,1121356
312791775,18,1507350
312795263,160,19716856
312795461,21,1593414
312796203,15,1306909
312797898,13,6343451
312798037,21,7585850
312798602,12,1443051
312799501,20,5648508
312800539,79,5955136
312800990,21,8179893
312801734,14,7146840
312802521,9,929598
312805068,17,3910012
312805626,8,4074339
312805648,29,13987826
312807676,16,706644
312810075,13,4290205
312810534,18,5635106
312810570,44,20558809
312811334,23,6380725
312812353,7,297070
312814396,10,2104987
312815422,18,1271887
312818216,20,2111687
312820997,10,975243
312823202,10,931085
312826352,12,5242128
312826767,19,2901382
312830678,29,782360
312835848,12,1082500
312839010,11,491625
312839597,13,638488
312847941,22,4290263
312848103,3,311462
312848197,11,956593
312848566,33,8684766
312848875,13,512391
312850099,19,3150271
312851484,9,1266748
312851631,10,1252483
312851737,4,998086
312852573,128,97165706
312853285,20,903524
312856060,10,2448109
312857061,32,13665778
312857163,11,851417
312857801,34,11697245
312857809,17,4454888
312858321,10,743259
312859638,25,1584556
312859893,17,3344580
312859971,21,9181506
312860329,21,7315838
312860349,5,909005
312861407,10,3118455
312861675,8,2248028
312861982,216,109787572
312861996,21,4174161
312862244,25,6670536
312862668,16,1108587
312863011,93,44809267
312863182,8,2996585
312863775,9,4080259
312865840,16,1133237
312865925,22,8541954
312865988,36,12359904
312866069,16,4483746
312866942,25,4728882
312867443,5,1744228
312867665,9,1692611
312867850,31,1785808
312868440,28,8642433
312869175,42,981380
312869440,9,1480550
312869693,10,3136841
312870076,12,5391020
312870316,37,17284150
312870854,75,38523948
312871041,3,691759
312871062,16,4437304
312872569,15,26334962
312872739,4,665913
312873023,47,5231580
312873244,11,2731355
312873304,28,11462240
312873524,54,15819238
312873940,22,17054876
312874301,22,10430889
312874519,12,3740184
312874593,25,14226446
312874983,18,4221967
312875022,4,361344
312875932,22,2670486
312876582,14,14240
312878273,10,4330878
312880308,15,946379
312881358,22,11999687
312881523,18,5159430
312881659,71,7872945
312886903,18,1041183
312892790,27,2448486
312895313,12,667486
312898151,33,1644727
312898929,13,1070022
312899528,11,1567879
312899748,34,2268306
312903779,13,472557
312905955,37,1866054
312907554,7,517361
312910580,5,526345
312913195,9,1104038
312913351,18,1975921
312913749,20,1881914
312913858,10,454645
312914828,6,442724
312915600,10,31257287
312915627,3,216019
312917556,5,177700
312918488,9,2556522
312920388,16,9225141
312920730,13,2361613
312921169,10,1022431
312922489,12,1996932
312923686,3,931569
312924011,11,796433
312924387,13,1562106
312924400,6,1357525
312924779,13,1633995
312926133,13,3529349
312926399,5,1334028
312926579,18,4590849
312927592,25,6742985
312927964,9,2629236
312928402,11,432913
312929491,40,17605427
312930863,4,552634
312931416,8,483139
312931536,6,1431635
312931637,28,5381761
312931844,15,1131853
312931946,6,2047779
312932131,24,665340
312932671,7,337463
312932801,8,3913898
312933207,5,1241568
312933330,9,1922960
312933674,22,9849341
312934288,28,6844407
312934731,23,19653553
312934748,14,1718987
312936687,9,1560617
312936848,16,4963505
312937190,4,2871447
312937476,10,2372566
312937915,8,1741485
312938945,14,1573807
312941549,12,6535022
312942213,12,3440055
312944682,11,571431
312947152,3,1048764
312947629,17,3869914
312949320,11,10468268
312949637,9,2225458
312953662,30,2055994
312959895,29,1834639
312965063,9,3042988
312965311,32,20571404
312968748,17,4482675
312969621,3,809025
312970528,12,511637
312972051,23,2334486
312973808,9,2809216
312977274,4,549498
312979044,11,2556289
312980865,12,2571556
312982429,11,7867141
312984375,3,74463
312986345,21,1292657
312986561,26,1203346
312986862,80,2080722
312987218,139,14113815
312987912,29,6288078
312990401,33,1789345
312996180,22,1321931
312997379,5,7070431
313002025,22,1331534
313004128,9,603124
313006475,18,724997
313009832,5,343102
313011118,9,801001
313011474,13,4595403
313015241,16,2781614
313019698,6,3217733
313028011,22,2048896
313028325,9,344287
313036513,37,1990309
313057100,8,392330
313105222,18,1204460
313108626,17,853720
313112600,6,282423
313113316,5,342040
313117449,30,1350530
313117523,7,436400
313120368,19,571862
313123010,13,815648
313124076,13,759522
313130914,12,751189
313136972,47,4441592
313142945,19,884714
313143464,14,1652390
313143980,42,4080870
313145898,38,3478130
313148894,7,217131
313149757,13,1799719
313153978,6,405914
313155597,16,887113
313156478,21,1429106
313166623,110,6598870
313171179,10,2527365
313173128,8,593580
313173611,36,4487414
313176042,133,12680510
313180394,16,3759513
313183640,9,2625922
313186637,43,4770815
313188794,19,1105286
313190474,30,1733486
313194253,22,2039097
313196038,10,394252
313197631,33,2561260
313202497,16,752517
313202524,7,634725
313204449,4,870778
313209977,19,6258156
313210128,65,4590522
313210148,4,259424
313210264,22,4001497
313212482,6,1384654
313212649,17,6058850
313213349,14,5179629
313213660,6,1103497
313215987,6,141489
313216866,11,5003638
313217550,15,1064020
313218351,23,7884242
313218609,7,2527924
313221957,13,3558440
313222772,20,5093479
313224734,37,1370411
313225537,164,20580903
313231473,27,24995550
313235643,5,103712
313243791,24,1750624
313243884,24,1835376
313244007,4,220440
313245275,30,15144708
313248178,15,1091446
313251263,85,19437918
313252391,11,2172462
313254019,28,1661178
313254269,49,29410150
313254626,61,23047397
313255492,54,3285740
313255908,7,3096492
313258214,126,28421083
313260219,39,2121749
313260250,6,2018032
313261127,30,2799204
313261273,24,1304807
313264474,10,2524412
313264515,12,4256167
313265460,7,2013427
313266883,13,4820210
313267305,15,1300095
313267319,9,6066703
313268059,5,1800138
313268559,10,5073258
313269783,28,11173236
313270099,6,5062039
313270946,10,1657911
313271233,12,4323487
313271605,6,355124
313272254,4,376852
313272333,42,13180913
313272342,24,3966221
313272394,37,14271183
313272489,6,1008478
313273047,10,1887865
313273177,6,2039422
313273933,9,3187001
313275157,22,6235870
313275252,23,9119178
313275406,29,11958427
313275484,23,7210295
313275670,24,10291999
313275999,17,2137197
313276305,20,7055069
313276556,28,1010592
313276644,13,3201728
313278837,29,12237381
313279865,4,1349437
313280007,58,25476173
313281134,7,2081952
313281953,6,2454980
313283349,9,966340
313283476,9,473938
313283511,5,904643
313283594,5,1297008
313283623,3,1201105
313283889,17,8259418
313284830,7,1929729
313285976,73,4248185
313286253,11,1962405
313287520,22,917290
313289614,4,1218201
313291681,4,545338
313291764,11,1070178
313291914,14,1984482
313292936,46,1103981
313292938,11,3334187
313293917,19,1033167
313295064,63,4900585
313296965,31,8247200
313301027,15,1480175
313304416,47,3984879
313304498,3,693103
313304546,11,1857227
313304774,29,1417035
313307219,25,2710094
313307248,161,98365042
313307719,14,1990053
313308091,3,882744
313308236,119,55045143
313310810,14,460811
313313223,8,3869668
313313429,42,1844450
313314565,170,36026962
313314736,12,1351413
313315734,9,430008
313316312,52,26546563
313317160,3,3781684
313317218,7,1859647
313317789,32,1387690
313318603,11,3375100
313320255,9,2931707
313320522,3,1920130
313321164,162,68376206
313321371,15,1054921
313322040,3,171761
313322711,25,12298475
313323001,198,79687678
313323607,12,1203427
313324323,4,1129664
313324417,7,253692
313324827,52,1657577
313324896,4,1383681
313325449,5,1350182
313326897,13,3724880
313326980,17,2225432
313327424,10,3276072
313328463,18,3414166
313328587,58,28840109
313328730,17,1398670
313329271,38,2725354
313329341,18,4073692
313329360,7,227574
313330620,23,8812036
313330660,14,21796997
313330808,21,6849879
313331298,8,1839441
313331386,23,9749144
313332348,18,1131053
313333367,80,62018437
313333521,206,80524418
313333767,29,8062633
313334601,8,1106934
313335577,9,316416
313335791,9,1766401
313336785,11,996403
313338107,4,405503
313338886,11,348644
313338983,19,2764181
313339297,11,2569020
313339986,7,2656277
313341811,14,1301647
313342265,5,1733104
313343285,3,690585
313343393,25,4276520
313343544,11,593873
313343577,13,897247
313344982,12,2964786
313346289,33,14187196
313346320,7,481727
313346739,12,943115
313346750,26,3849700
313347307,5,1021011
313347611,31,2173922
313348059,7,268177
313348226,16,2011847
313348357,25,1930134
313349854,11,6164209
313350951,48,1526716
313352565,29,2962283
313353216,31,1648553
313357038,13,598472
313359116,23,2822394
313359682,14,1396116
313362272,10,10588455
313362447,5,553871
313363212,16,3153305
313364566,3,2400
313365492,7,702041
313366332,20,1419759
313367981,54,1990775
313372344,25,1933261
313378650,13,3497943
313379097,6,2439190
313379523,15,1354461
313382796,13,3157474
313382946,44,18391636
313386906,13,1605127
313388154,5,1978151
313389712,33,18316381
313390619,15,3881977
313391725,15,716423
313396341,17,945390
313404393,8,616225
313423267,14,742293
313423517,19,981965
313425675,20,3344734
313429849,10,483232
313466770,13,928514
313504641,9,2406885
313508826,9,479464
313509799,6,264258
313510370,6,361846
313512928,14,1245085
313515950,12,2210940
313519140,34,1999730
313524137,22,2578751
313524580,22,3065123
313527786,45,6911206
313527879,19,1605050
313528099,13,1167683
313532190,9,794740
313535961,25,1730067
313542866,20,765972
313544124,9,808824
313550052,5,433740
313550801,14,1320650
313555824,24,1225043
313555980,9,3891234
313556336,11,1127181
313565088,125,14460287
313565609,12,1180227
313575450,19,4527762
313584487,40,9804656
313585911,13,5673799
313586267,7,509461
313590264,62,24617048
313590325,5,2121338
313590614,47,1175533
313591857,24,9198126
313595738,16,10170027
313595743,108,13445397
313595821,11,2346383
313596271,13,3321611
313596546,4,638745
313598291,3,729138
313598455,16,5537493
313598583,21,8195902
313598892,26,5797361
313599288,5,475464
313602223,6,999418
313604359,14,3122729
313604606,32,422397
313604714,31,1799623
313604860,16,3994061
313605814,9,859690
313607712,10,2746558
313608351,13,6250369
313610819,57,1762671
313613293,150,15379187
313613412,12,1361571
313614505,108,5427825
313615384,5,249531
313617049,5,1435306
313620561,19,2722222
313630058,47,2313677
313633715,16,3494423
313637583,10,487224
313639138,15,986419
313639545,24,16508462
313639556,8,1216597
313639751,31,5559465
313639787,36,1524201
313642937,20,3285120
313643120,13,2894200
313643576,12,2799979
313643717,27,4938786
313643764,19,5654572
313644816,25,8667643
313646475,17,886686
313646683,7,1724711
313647247,23,11542467
313647717,18,1330937
313647798,25,1724951
313648928,10,4138776
313649133,6,345730
313649236,11,4225290
313649543,20,6458860
313649744,23,7216663
313650192,24,13350061
313650754,10,3997125
313651286,3,1152476
313651551,22,1530373
313651993,17,4136850
313652165,11,1556837
313653099,14,2755670
313653202,9,916108
313653265,10,4459142
313653273,9,773039
313653618,4,5031368
313653803,22,11074720
313653924,63,20435668
313654689,11,4038664
313654820,8,4495668
313655371,14,6300293
313655587,13,3308792
313655612,14,3784155
313656059,21,12635285
313656559,4,1161687
313657393,31,1746103
313657586,32,15486687
313657764,72,37655431
313658126,42,8031761
313658547,11,3457380
313658837,87,33521383
313659993,50,18955754
313660528,65,1297316
313660721,11,3925640
313661476,25,13649816
313661490,14,930105
313661571,15,3672055
313661938,15,3872233
313662410,23,11110869
313662828,21,7304937
313662858,11,5822167
313665619,6,1590306
313665987,31,920719
313667440,281,34207807
313667475,17,1454246
313668094,9,1418146
313668981,29,7294914
313669999,14,9945236
313671474,4,320060
313672669,16,3323180
313673734,10,421648
313674891,35,1094669
313675903,72,8710371
313675914,30,4775919
313675937,12,870944
313676471,6,1519295
313680159,31,960596
313681881,84,3437746
313682808,7,561093
313684167,13,2178853
313684735,4,1111836
313686402,127,61577948
313686702,5,642927
313687566,10,1721677
313689208,24,1992249
313689871,13,6023335
313690303,20,1282595
313690446,32,1502086
313690977,79,34708108
313691410,18,1905984
313693964,77,46000118
313694004,3,1127064
313695394,8,1416812
313696447,3,659262
313697925,11,1781019
313698068,30,3276574
313698610,20,9048164
313699313,6,964914
313701665,71,14667005
313702388,165,90904871
313702666,9,2681700
313702924,46,2160192
313703466,3,550000
313704749,20,5453366
313704774,14,1477518
313705355,13,2046651
313705860,23,1573516
313706192,62,4615490
313707184,12,4873755
313708596,5,670896
313710382,18,5453731
313710613,45,11825295
313710771,6,139419
313711378,27,12809965
313711927,12,1270444
313712169,11,3707188
313712279,8,502864
313712566,4,549379
313712618,9,473080
313713332,13,735661
313713424,22,4364693
313716078,18,2212558
313716145,14,5918661
313716189,8,424586
313716643,10,3164544
313716681,18,6365276
313717634,4,1174252
313717968,21,10960553
313718129,10,3252531
313718651,7,273816
313719250,4,1049210
313720054,10,4117437
313720937,7,1772545
313721194,8,2187546
313721289,15,1884230
313721596,19,8008818
313723723,8,2141374
313726726,19,8061715
313727361,19,2464619
313728160,9,687562
313729347,13,2101332
313730758,15,1417106
313732753,9,2073383
313733204,75,3005550
313734373,7,858118
313734538,16,5629014
313734858,24,2242593
313735445,135,63061480
313739401,16,6289064
313741640,4,310075
313742875,5,3811545
313742958,10,844000
313743624,18,1984689
313743871,37,1473144
313745203,7,1139193
313746245,187,86400100
313746402,17,1826440
313746523,292,136892569
313747594,21,9750743
313748038,14,3843675
313749381,51,4201591
313749659,5,231978
313750100,53,3911006
313750374,21,5049201
313751960,14,3791718
313753364,19,4939604
313754470,8,1267634
313755235,17,2755220
313757175,7,1754985
313757798,3,605356
313758072,15,5069744
313759184,54,14689308
313759974,41,3442269
313760441,16,5073963
313760489,15,4570428
313761110,13,2027332
313764934,27,4549985
313766287,59,4138372
313769962,32,2697207
313770132,12,1120545
313777637,41,2326163
313786770,13,846993
313789430,14,4069398
313790346,49,2547886
313791819,10,531945
313794696,20,1495631
313798038,16,1087567
313806099,32,3347250
313851078,12,1984892
313870768,14,1109155
313875886,8,1385053
313877800,12,716664
313877887,15,3653405
313879371,26,1505538
313883507,3,115403
313883508,19,1170724
313885282,20,1585294
313885919,27,1127896
313888967,9,489315
313889077,27,2874128
313890187,12,2550636
313891673,25,5386301
313899674,25,2811101
313900279,17,2344924
313905930,13,4897320
313906254,18,1621094
313908001,10,3640675
313908423,3,2599721
313908789,117,11338749
313910414,31,16949708
313914490,34,2881275
313914621,7,221340
313916483,34,987892
313916540,22,4626497
313917132,3,676933
313919071,25,1875978
313919241,10,540671
313922292,12,1205591
313927674,13,1272614
313930807,26,9593271
313931376,37,23650291
313936076,13,3620520
313951605,196,32214720
313951700,23,1588838
313952125,12,1554557
313953835,28,559083
313955607,28,1488842
313955775,81,31750983
313963430,32,1684019
313965740,26,412589
313966361,31,1447081
313967808,14,1835352
313973667,35,18207541
313975839,9,2435991
313978780,14,4433783
313981541,6,895044
313982675,16,2897374
313983296,18,1008563
313985039,13,1378761
313986718,13,1294231
313986766,38,15055553
313988290,16,4874991
313990221,37,11477276
313992149,8,3300859
313993467,13,1175676
313996649,174,25034952
313996826,4,484600
313998020,27,689806
313998322,34,642800
313999834,5,1410097
314003234,14,802902
314005486,25,2258973
314006917,23,2606826
314011094,13,3066581
314011899,8,360472
314013501,8,633431
314013729,17,316056
314014842,51,2163159
314015210,12,568391
314017596,11,540032
314017678,89,25265499
314017756,9,3735332
314019431,108,32035411
314019538,5,1444654
314019891,28,7303859
314020037,26,10113546
314022244,6,2806220
314022610,135,35488267
314022820,17,660183
314023087,29,14154831
314023919,7,1999343
314025300,30,9464482
314026608,9,2289323
314026785,40,14066276
314026809,5,1176621
314028585,23,8745029
314028828,13,3753435
314029523,3,1195249
314029801,49,14142944
314030133,20,2911240
314030513,45,15264618
314031281,11,2972391
314032684,7,2283034
314032699,4,1212600
314033168,14,2665701
314033834,14,6542711
314033984,22,10825270
314034104,29,5092603
314034502,5,987833
314034601,4,1032106
314034787,14,4176414
314035514,46,14633021
314035882,3,1128867
314036018,29,7514822
314036101,24,11606228
314036810,17,4295755
314036868,10,3400060
314037569,82,29195287
314037682,16,5681709
314037785,8,4392734
314038246,26,14344733
314038520,46,23276052
314038725,12,3720809
314038786,14,3597764
314039379,8,3566061
314040005,25,10528808
314040609,12,5125522
314040840,23,1754452
314041873,7,2741776
314042787,50,22131586
314043451,13,5047517
314043582,11,3083540
314043949,11,2499650
314044879,14,3742864
314044952,14,7378242
314045010,43,19534860
314046202,19,1300685
314046240,14,1325424
314048180,27,13284830
314051489,10,333026
314052452,5,265729
314052534,28,13242713
314054915,26,3064070
314055867,30,804494
314056192,12,798646
314057264,3,279588
314058849,17,803443
314061972,15,669369
314063876,18,1667408
314064499,10,311911
314064606,7,1314352
314066419,14,142099
314066684,15,1225261
314067295,130,52783119
314070919,43,2910091
314073097,25,2202492
314073332,3,3704668
314074404,88,3849160
314074516,5,271974
314075848,122,7508925
314076030,3,1490452
314077179,6,1822678
314077823,17,11645807
314077932,247,107976023
314077960,13,4511177
314079195,76,33879745
314079366,3,940228
314079851,22,12552846
314080493,33,8580643
314080937,136,67525420
314082436,17,905016
314082834,9,6456314
314083886,8,711205
314086034,28,9872200
314088575,18,1072524
314088791,11,3699120
314088954,10,8156095
314089093,9,3289445
314090130,29,1480689
314091216,107,47837527
314091285,50,20843134
314091774,22,8351195
314092008,68,3562484
314092130,48,24402529
314094783,18,3999184
314095295,17,3306151
314095694,3,1029616
314095730,15,2525536
314095818,9,2072179
314096662,19,5302307
314099489,11,1584337
314099521,34,5322177
314099566,78,30188482
314099784,37,13390307
314099907,22,11447172
314099915,7,1537886
314100594,10,804052
314100689,16,6315747
314101718,4,863390
314103407,5,1617488
314104010,8,3253187
314104972,22,7050020
314105367,18,7383577
314107268,16,1518597
314107707,9,483658
314109043,17,7964290
314109283,9,1632570
314109957,21,3218920
314115217,14,8155575
314115605,14,930939
314116311,19,1409727
314120038,5,248948
314120374,14,1250594
314123742,165,70971410
314126588,14,6236981
314127315,3,237342
314127446,9,523929
314127515,56,14860522
314129093,28,1678393
314129142,55,20839695
314129152,22,5815832
314130977,18,10106100
314131156,22,1795432
314131630,55,6614443
314131726,11,1364171
314131756,25,6896704
314131994,5,465144
314132281,5,732159
314133605,15,4456196
314135178,3,10008
314135369,90,30559504
314135670,12,1409032
314135893,23,7086100
314136431,31,10059240
314136631,12,862745
314136761,11,5040
314140044,29,8876218
314140317,9,524811
314140809,6,1250885
314141483,16,732951
314142384,10,2122616
314144520,16,4361021
314162328,13,650561
314167427,17,752345
314169244,6,504871
314171570,9,762721
314174616,16,1331027
314176755,42,2707550
314237105,13,986393
314251911,15,30008705
314258080,14,4156888
314261025,3,101177
314263105,4,171031
314265468,27,1370570
314266936,13,514618
314269638,40,7298707
314275524,21,1647484
314275865,6,631179
314279125,23,1609378
314281958,11,1745164
314286095,18,8821383
314288171,26,2038222
314288224,15,1018894
314305152,60,2863777
314308158,45,5651240
314308912,14,1374380
314310239,28,3797304
314313680,11,1617590
314316266,14,2276590
314317144,8,5076121
314319304,18,3952163
314319309,12,2599690
314320348,9,3027770
314321201,4,2731510
314322427,8,4050247
314328209,45,1649032
314330353,11,1131931
314332078,14,1023999
314332165,7,1036337
314335090,19,1253252
314339890,30,2305962
314340818,18,1175905
314343549,5,78906
314346317,33,1037653
314350430,4,1942995
314351376,12,954860
314351711,47,27841341
314351970,20,7101669
314352198,8,422053
314352900,17,3972610
314353316,30,625751
314356714,4,419709
314356859,36,14733884
314357416,13,2876664
314358486,45,21821706
314358754,14,3199985
314361308,19,6700620
314363074,8,614411
314363727,18,1208362
314364718,5,1248438
314365631,6,343689
314365905,7,463362
314365961,18,5602306
314366202,26,1003538
314367965,21,9455681
314368230,5,2403823
314369703,17,5066089
314371090,5,348376
314371440,11,979739
314371983,6,2854555
314372366,77,9525846
314372774,49,1211729
314375008,9,672440
314375200,10,2713894
314375545,5,757469
314375737,12,2400570
314376326,11,1149361
314382905,54,9798442
314384634,70,4431258
314384969,4,212558
314385641,24,2115327
314386033,25,2265909
314386457,46,1361269
314388555,6,311174
314390037,9,1061907
314395816,11,4099653
314396748,6,5006792
314397074,25,5753504
314397687,59,20307403
314399207,12,3286859
314399312,13,2019570
314399935,5,3039594
314399989,11,2825072
314400386,16,7809970
314400572,17,906498
314400655,18,7098221
314401949,15,1210297
314402919,7,1475568
314403431,5,1341946
314403745,7,2345721
314404094,65,32486508
314404474,14,3129412
314405419,60,8498470
314405487,60,18875240
314405618,6,1971565
314406377,15,846749
314406677,10,3370697
314407060,6,1652909
314407396,81,30854441
314407401,4,1144527
314407782,17,6086280
314408275,11,4973009
314408809,4,692570
314408845,14,3148646
314409202,81,46250961
314409510,10,372285
314410362,13,320738
314410488,4,433587
314410515,10,2770252
314411109,11,2589814
314411122,22,3883984
314411172,3,2521272
314411490,7,6635816
314412919,63,26168150
314413121,7,2360785
314413340,18,2427812
314413502,8,2928689
314414095,5,2606474
314414102,11,4080558
314414448,31,2429679
314414486,18,4960653
314415420,4,1506730
314416130,7,2064733
314416307,32,13759418
314416502,3,489117
314416595,17,2687856
314416766,23,7693620
314416782,16,7079897
314417030,29,11082319
314417426,17,3709145
314417508,13,4669426
314417972,56,3537165
314418103,9,415996
314418798,4,1135972
314418977,21,6358623
314419672,24,1846670
314419950,12,4527555
314420256,17,7481901
314420444,21,13920758
314421174,5,2209182
314421482,14,4011040
314421510,3,880707
314421597,10,2015343
314421761,53,19115538
314422088,19,8964919
314422628,18,8906823
314423358,17,5225667
314424096,6,342302
314424857,5,979714
314425031,15,2801930
314426058,25,16903954
314426410,10,2206326
314426611,10,3950065
314427969,17,4662196
314428037,11,6982057
314428630,58,5815469
314429101,6,893194
314429103,35,7880310
314429176,6,7803138
314429450,31,2299697
314429698,29,7281013
314431723,18,6232143
314432398,19,9682014
314433908,3,1108431
314435089,18,1314165
314438115,39,1458208
314441159,22,1170642
314444605,6,5821665
314446128,10,2034863
314446170,18,592262
314446841,105,54251314
314446860,3,1363743
314449707,4,2330570
314449752,23,5205737
314450342,11,971547
314452658,5,748511
314452717,31,3179971
314453951,17,3519238
314453972,10,550664
314454156,11,617110
314455465,23,1935580
314457018,7,1579114
314457504,50,9668492
314458085,11,4073066
314458241,22,5560238
314460377,146,64040935
314461416,71,28136952
314461977,22,3207276
314462225,17,602330
314462329,23,10945115
314463631,21,1364414
314463818,19,5716964
314463950,10,4803058
314464218,9,817204
314464544,13,2737875
314464619,9,3027408
314464797,18,3670949
314465341,10,434218
314466113,12,376030
314468614,15,2885160
314468847,66,1638436
314469053,8,3997396
314469537,6,738837
314469893,25,2083910
314470603,34,15243158
314470687,9,2915299
314470923,12,1674198
314472377,42,12862993
314472673,10,812794
314473375,6,1880626
314473778,22,7588632
314474181,35,1129261
314475726,16,6990086
314475824,4,1114922
314476334,13,1344102
314476374,16,3914220
314477823,22,1534149
314477835,18,8397502
314478427,16,6621762
314478575,9,2324927
314479187,8,629430
314479553,3,669204
314480611,13,3397266
314481448,36,1595379
314482214,11,4281954
314482737,15,1746166
314483671,16,6670248
314483944,60,31248952
314484600,6,542952
314487397,56,1375280
314487970,13,2660126
314488952,30,1543026
314489791,11,372803
314494135,27,1484363
314496580,5,491728
314498218,31,2135027
314499097,22,777126
314501618,12,3830461
314505023,18,943122
314506226,34,1862196
314506255,61,4918850
314506386,6,182779
314506424,25,7583147
314506605,20,1061915
314506697,9,637198
314508139,4,238072
314508885,34,13950401
314509814,18,9605919
314511500,11,400994
314512007,5,378237
314513410,13,867775
314514499,9,925805
314516262,11,4183801
314516982,10,1190327
314517119,14,1160134
314518474,10,6502620
314519264,10,797928
314519543,34,7327866
314522766,18,1370789
314522860,9,4590839
314523170,15,1639041
314526339,20,3410629
314526486,15,1039860
314530050,17,2908795
314530591,12,1508109
314532985,12,710969
314536186,46,6210511
314537050,9,2736159
314548716,10,1660044
314554917,12,854823
314563566,12,1313907
314566099,41,3597866
314569107,39,2717895
314597868,8,274716
314602083,8,755540
314639368,19,5963201
314657581,74,36711945
314659333,61,5221718
314667945,17,727670
314668068,3,951442
314669463,7,2162548
314671376,11,10213568
314673280,14,1116697
314676026,47,4202792
314693950,9,2235257
314695576,31,7762561
314700807,53,2992958
314701829,17,6042306
314704158,9,842977
314707311,74,5435420
314711564,3,138911
314713141,9,2498472
314713193,21,7421300
314720806,137,20972751
314721203,20,981814
314721944,6,495902
314723995,11,1377017
314724062,8,1108660
314732698,27,1816727
314734073,6,187592
314734213,14,423937
314743301,7,575523
314746438,13,8291625
314747989,17,5571171
314755081,15,5496085
314755102,9,3121120
314755297,28,4798130
314755834,17,1282201
314758290,15,6156382
314762070,18,9990581
314762148,15,9307163
314762449,6,2003814
314766015,6,1237040
314766439,9,1188069
314768046,127,14928101
314768828,119,14185926
314768934,28,2789852
314769275,3,213654
314772567,3,168150
314775916,25,3155057
314783779,7,263628
314788118,50,2126004
314789365,10,1149354
314792814,23,12262629
314793965,30,597815
314794442,17,5174304
314795324,9,950869
314795378,26,8548122
314795868,19,3697540
314797426,23,1642096
314797597,131,51225423
314798637,10,4164186
314799215,30,2507453
314799374,115,57373123
314800291,5,1075223
314801272,14,437632
314803170,4,958335
314803452,6,2296374
314804129,15,1503396
314804597,6,2059941
314805114,13,3272654
314805165,40,18129806
314805361,9,3126116
314807752,16,1263462
314807929,22,4425453
314808822,22,5635817
314809220,5,1807160
314809640,10,3553372
314809893,41,15963325
314810292,15,4139620
314810608,8,1674800
314810829,21,8491948
314811555,16,1417319
314811845,25,8646320
314812682,10,3058116
314812697,5,3017372
314813129,10,5428289
314813197,53,18303270
314813568,12,2777990
314813854,5,1033655
314814033,11,5148237
314814142,25,7302005
314814516,23,9070721
314814796,48,25354166
314815510,24,9042675
314815531,19,4484914
314815565,5,1417213
314816048,13,2784832
314816179,44,773174
314816367,21,1655915
314816811,21,8138735
314816839,12,4096603
314817254,5,387315
314817269,8,2711121
314817516,34,12336009
314817845,11,3779794
314818186,8,4719062
314818212,27,19834627
314819227,14,5154443
314819501,12,4044643
314820290,13,3825192
314820505,18,9464000
314820952,18,2281893
314821046,26,5797885
314821624,46,18864933
314822150,14,4950233
314822819,32,5506470
314822941,65,5261390
314823429,3,775418
314824227,5,747527
314824680,16,3602801
314826648,41,2070576
314828764,12,3226538
314829898,18,1742148
314830162,24,3974369
314832228,20,1308548
314833751,21,4446566
314835033,28,2656632
314835502,28,1552719
314835977,21,5133581
314838416,64,1232728
314838959,34,2966269
314838977,35,1570937
314840421,7,522530
314840899,14,2066180
314842705,6,379866
314844586,24,1643047
314845502,52,2277633
314845663,36,6677025
314845688,14,1942198
314846723,16,2323673
314848912,25,1581523
314849099,6,464691
314849458,13,3593354
314850484,4,507078
314850595,25,2360173
314852517,7,803098
314852784,24,5096544
314853709,125,58644943
314854159,5,2053652
314854238,21,4113035
314855213,8,401351
314855538,16,3915573
314856079,12,2484677
314856660,10,4282796
314856864,12,1236950
314857307,5,3888272
314857962,46,8051686
314858272,25,2682128
314858779,11,1033752
314859518,14,4294879
314860924,30,2192683
314861715,140,55097829
314862209,24,5468356
314862601,7,325088
314863440,63,3015892
314866874,7,2345320
314867598,29,9115027
314867747,7,1852896
314868003,4,108894
314868117,43,14354897
314869389,24,10088326
314869842,39,2682192
314870134,28,1808230
314871161,19,2636558
314871279,17,3805104
314875147,18,5881908
314875158,19,11794323
314875385,9,339603
314875538,31,2536604
314875576,3,930576
314875604,8,685921
314877183,12,1906479
314877320,11,3846457
314877559,25,3087123
314878427,19,5497269
314878446,28,9247943
314878598,7,515632
314878955,49,4411427
314879111,25,1009261
314879138,43,10336441
314879726,146,62123917
314879925,18,4044155
314880066,23,1401751
314880439,19,5308215
314880958,74,29725251
314881743,9,3328066
314882526,9,1427718
314884005,247,26958093
314886827,10,801059
314886983,26,10447512
314888818,20,1122181
314888878,16,24523354
314890305,6,1294492
314891059,34,1798345
314891290,92,16185448
314894940,12,1664329
314895067,22,1009959
314899508,12,8282862
314901775,26,1334698
314903329,3,64836
314907995,16,503692
314908697,8,727675
314910253,78,2518494
314910892,44,2701425
314914033,10,425556
314914197,5,480132
314914478,51,2831537
314915366,9,428558
314919478,21,1089331
314920632,22,19159272
314920810,10,860875
314922262,32,2055690
314923772,58,1620143
314926445,34,4879140
314927271,4,430860
314928776,23,2173567
314930549,3,1130745
314930902,30,2863814
314934407,36,2391637
314935775,25,7528889
314936114,12,3310782
314936291,7,1034434
314936413,20,1725563
314937085,4,637874
314939458,9,2808584
314939617,26,14422453
314940857,36,3409735
314945554,18,1888497
314954801,21,1725391
314964107,30,2281626
314970013,13,597893
314971873,5,321896
315082748,20,1894440
315089401,13,645107
315100240,7,541389
315101998,13,1062717
315104584,24,2799092
315107200,12,4385309
315109322,21,1288554
315111771,13,1916481
315114109,11,3798666
315115841,6,1602081
315116117,19,1602901
315122186,9,4465024
315127599,36,1151343
315128148,117,12752058
315128321,70,7309845
315129973,4,496436
315130705,18,7967646
315137813,5,5856809
315138111,63,6416014
315139501,8,3406382
315140752,7,2794065
315145130,89,35905213
315146654,23,1321292
315146863,10,392637
315148650,12,3006018
315149005,22,2570753
315150275,20,3706425
315151389,20,2139888
315152097,27,5569996
315153932,5,224009
315153983,20,3412281
315155795,8,2026942
315156984,48,3851855
315157415,31,6111712
315157680,23,2982700
315158572,11,622494
315162733,12,5226954
315163745,7,1833633
315164443,8,251688
315165479,63,2128198
315166382,29,5721537
315166438,28,1977670
315166471,41,20032874
315166931,30,2431870
315167951,34,14325134
315168864,27,11751543
315173591,11,1781400
315173653,34,10967506
315173719,10,3012394
315176926,16,10221358
315177474,18,2183701
315177695,13,2060708
315177891,15,4685683
315179429,17,9579129
315183786,65,6562502
315187493,89,8847779
315187646,10,768189
315188180,8,450932
315191472,9,948065
315197996,7,127044
315205959,30,2626847
315207955,21,5450427
315210213,11,1511098
315213252,25,729232
315214157,23,8519137
315214350,20,7243149
315214887,15,2612552
315216327,9,717603
315216800,16,5713989
315216907,13,5623200
315217315,11,5154852
315218279,34,11328254
315218394,27,3805090
315222988,32,13044123
315224038,34,12242504
315225164,7,295196
315225723,13,2332899
315227036,3,771514
315227858,16,14064450
315228972,4,1252510
315230598,7,2558954
315233208,73,3495252
315233498,9,587105
315233695,17,1549040
315233762,9,4117289
315234589,23,16041166
315237911,19,2084700
315239186,6,2338478
315239190,10,13109512
315239389,103,10197416
315240387,68,1472933
315242997,40,2401903
315243728,6,969723
315245467,7,3499681
315245806,17,1206347
315245831,53,5782446
315250070,104,4747902
315251060,93,4596827
315252635,12,9659808
315255785,13,491623
315261808,20,2019355
315262595,235,96843413
315265413,8,321383
315266335,81,38449998
315267203,172,67985721
315269002,20,1904561
315269351,9,2890972
315269414,63,26894810
315269608,10,306674
315270256,5,1886879
315270317,11,622775
315270391,8,3204224
315271595,5,1473028
315271902,39,13958490
315273000,116,51538333
315273212,291,127586698
315274465,3,97620
315275503,18,6756477
315275914,17,249687
315276021,37,2831054
315277037,46,15736499
315277097,3,429914
315277269,26,1243823
315277272,15,791591
315277763,12,4662152
315277859,4,283981
315278117,10,2970412
315278501,12,2105245
315278612,15,1297756
315280270,24,15170185
315280319,7,1738704
315280345,7,213584
315280965,8,1178296
315280999,17,5537524
315281003,24,9883701
315281940,12,4023772
315282401,34,2558847
315283315,45,14703825
315283665,19,3631264
315284519,7,1763368
315284721,45,17611826
315284740,77,31078099
315284914,18,6967196
315285037,16,6341180
315285427,26,9111938
315286340,11,3469987
315286748,8,3365342
315287397,6,1517531
315288366,14,6251593
315288607,20,870642
315288861,18,7020575
315288910,10,1668398
315289354,23,7259031
315290251,7,823506
315290554,13,1139563
315290741,23,7528685
315290993,19,8415283
315291073,12,6635761
315291137,34,1285096
315291281,4,1569865
315292062,11,2573569
315292336,24,13408838
315292527,19,8781776
315292591,15,2982324
315292655,16,3479635
315292775,12,4474716
315292985,14,2524068
315293282,79,6815442
315293692,15,4434599
315293729,13,9785050
315293885,26,7734555
315294479,14,8021485
315294586,40,12364842
315294628,15,755426
315294716,15,5387523
315294734,14,9757336
315295003,11,2974088
315295421,24,9507747
315295449,9,2294468
315296057,35,11762435
315296184,16,7498115
315296353,25,12467384
315296404,21,1369618
315297177,3,2595153
315297693,14,1016605
315298418,9,3350473
315299044,20,9972382
315300180,10,3896608
315300665,14,9970307
315301168,16,9635104
315302070,32,2996939
315302995,37,4394741
315303052,20,33764885
315303523,18,1042036
315304132,14,747402
315305300,16,6502094
315305385,22,12979934
315307079,17,5224983
315307617,17,2109594
315307796,62,3200978
315308976,22,8430688
315309644,14,2141523
315314695,10,1001324
315315037,17,5340728
315316259,46,6246195
315319742,4,1271247
315322838,7,529860
315322888,17,7208801
315324305,33,516074
315326327,71,4336677
315327280,4,449933
315328878,6,1566802
315329065,65,35500350
315329286,12,4690539
315330951,20,3290151
315332983,6,1401301
315333434,3,963578
315333620,6,1506269
315334968,4,396416
315336122,10,502165
315337194,18,11818181
315337652,11,272436
315338194,40,3782405
315338645,4,654701
315338833,3,682891
315339049,11,3147300
315339369,19,2648467
315339619,6,559547
315340156,8,4200918
315341177,3,547238
315341544,77,30451463
315341644,10,7190357
315341992,32,2531542
315342078,8,1672371
315342088,27,2177275
315342217,6,2697937
315343715,15,5455315
315343839,14,2605799
315344176,10,4141743
315344484,4,222192
315345796,5,1394880
315345955,16,5904132
315346747,174,81226172
315347179,10,2887782
315347302,18,3892155
315347320,21,11278978
315347664,59,5431134
315348751,30,10819066
315349126,24,8155633
315349307,10,2868535
315349861,3,1191321
315350484,37,10868362
315352126,9,3788859
315352934,3,1197602
315353213,18,7650646
315353453,3,333652
315353552,13,883299
315354844,4,1521268
315355214,17,1282209
315355446,56,1238224
315355507,8,854046
315355565,7,828610
315356048,25,2991195
315356349,18,3146179
315357580,18,4562496
315358137,3,740976
315359672,267,30483441
315359902,235,19367992
315367774,12,3942478
315369870,22,1430905
315369970,3,273758
315376608,6,2954914
315378144,9,590838
315381042,15,4149329
315381658,13,1011623
315383985,32,3283703
315383990,8,1506748
315386304,21,1324371
315387417,12,142538
315388041,15,643182
315388459,17,1611853
315390403,37,3050128
315390480,23,1885458
315391616,18,1336180
315391666,16,4838792
315391934,14,4483175
315392641,20,1733010
315392827,25,1360316
315395369,22,10734093
315396044,14,2685626
315396912,18,1342890
315398658,18,2800181
315398829,11,5358726
315399488,9,4590802
315399844,19,1339298
315400575,3,129663
315401272,19,616736
315403275,82,6070612
315404576,22,3505911
315404962,39,4403137
315407298,27,7044246
315408223,20,1440362
315409405,7,946344
315410037,5,1474549
315411852,24,10218976
315412508,6,2637547
315413329,80,6795720
315414830,9,380771
315415105,22,1235362
315415550,7,196088
315415759,7,309326
315421516,10,356393
315422041,4,292994
315422777,11,514630
315423297,10,763853
315423971,8,897586
315427263,11,693093
315430692,27,2367976
315436689,7,768646
315440264,30,2642359
315448425,29,3077152
315449718,46,3983327
315452444,7,881251
315456849,11,1982909
315484147,25,3195139
315484858,4,463749
315493333,19,1426666
315502294,13,3090565
315530950,16,1808389
315534550,11,578942
315555262,40,6396792
315564177,62,3881422
315565457,9,376437
315566533,23,1239920
315576396,8,792825
315576911,6,331064
315578782,14,4162608
315579088,7,225409
315581315,12,539449
315583900,24,2100075
315592176,23,1074511
315592504,8,913999
315593337,4,112501
315596663,5,2414592
315597550,26,1879337
315597812,5,313120
315603990,8,661152
315605462,9,874988
315607362,12,514329
315607889,18,1330413
315608472,6,243017
315611770,10,1095059
315617139,132,12216655
315617755,23,1811546
315620858,6,935381
315621941,11,289285
315622991,21,7391530
315625529,20,1761372
315626280,25,3560596
315627611,51,3005165
315641178,5,577756
315642505,19,5714181
315642868,90,45669471
315643715,20,564726
315646226,29,10877257
315646564,28,8626384
315646715,22,995624
315648450,18,4975037
315653338,3,1191140
315654235,18,1225743
315654669,10,6793742
315654814,7,1060161
315656190,4,1526664
315656678,14,169911
315656846,38,6520273
315656927,23,1154668
315657131,22,2583128
315657507,17,1325712
315657683,14,749628
315658731,14,4643232
315660682,10,1393773
315661553,27,13246404
315662249,21,10287414
315662303,37,2620490
315662567,9,781026
315662728,3,923618
315663775,59,15068817
315665134,39,1875700
315666677,17,5685564
315666914,17,4080241
315667101,29,6569499
315668452,3,1706276
315670066,11,3755744
315670794,4,1577815
315671681,8,3512655
315672905,7,4551226
315673734,25,1833895
315676970,18,987304
315677229,14,707998
315680513,12,1030898
315681948,14,4174423
315686329,48,3483290
315689200,9,479036
315699010,22,1866270
315699021,5,605826
315700352,32,6143277
315700893,100,1830866
315705965,6,2442828
315706093,24,2537052
315710129,10,446973
315711842,24,1033486
315715490,4,1124025
315716209,10,766214
315717679,22,7230587
315718544,48,2184587
315718586,9,202048
315719642,3,965551
315720538,36,1382144
315721050,3,741218
315725689,44,4151878
315726629,10,3660516
315727727,9,3760519
315728375,17,5751640
315728552,15,5284269
315728860,53,1121602
315728913,19,6259230
315730058,6,2723184
315731351,235,23336794
315731835,19,1217580
315732048,36,1449459
315733592,15,8902993
315736830,10,911925
315738768,6,733426
315739754,3,1480642
315740312,19,1049832
315743382,54,1394604
315745114,14,2223014
315745349,19,2050129
315753688,4,809971
315757170,9,1773293
315759510,6,1698599
315759614,9,3482161
315759873,4,137069
315760483,55,2226075
315761700,35,2247160
315761965,21,4809476
315762738,7,497983
315764060,6,965742
315764465,122,50852237
315764954,203,98296423
315765214,11,3739367
315766029,51,3326535
315766335,4,6901431
315766413,105,40629070
315767264,23,6733096
315768603,61,23332223
315769286,6,281460
315770833,5,3143089
315770939,7,1449883
315771719,12,8290524
315772751,4,334164
315772983,9,2068310
315773171,5,1378245
315773533,32,1475349
315774340,13,5673707
315775463,8,899764
315776149,8,3119906
315776614,15,3670781
315777657,32,11085426
315778630,18,5727354
315778861,8,2176917
315779076,53,18705456
315779111,15,4750299
315779558,7,1840215
315779741,29,8675812
315780278,31,20570468
315780972,9,2867803
315781034,31,14651592
315781603,10,3392127
315781614,12,4027705
315782560,91,43051297
315782665,41,13274691
315782863,37,13205944
315782940,23,5676930
315783429,5,1364220
315783880,83,37756481
315785944,13,2244785
315785959,45,14764689
315786754,12,2742374
315786917,20,7597604
315787479,22,7901640
315788036,14,4834968
315788469,14,6350840
315788524,4,736542
315789381,15,6308474
315790225,15,4386286
315790471,21,6308008
315790947,12,10901814
315791303,33,19662838
315791693,15,1346033
315791940,30,9803308
315792058,22,6505329
315792309,120,56388179
315792509,17,534064
315792586,36,21651821
315792707,14,3805657
315793206,51,1887777
315793381,10,3588048
315793462,10,2258211
315793660,36,5061463
315794689,23,3558581
315795381,24,11347709
315796189,21,6441821
315796975,4,1116508
315797089,35,13816194
315797146,9,1844270
315797290,26,10367709
315799214,19,5605029
315799373,15,545848
315801304,28,13362457
315801807,9,1236571
315803585,16,6051145
315804200,15,3022354
315804662,10,549609
315804768,16,4648727
315807269,59,1425219
315808307,29,3762368
315808448,17,5170616
315810974,81,5388250
315811376,7,3547049
315811993,28,1768572
315817011,18,4312739
315817107,14,2213105
315817149,51,1174455
315818470,9,2271084
315820095,11,1761820
315820831,22,2514736
315821873,3,659276
315822274,9,919714
315823250,28,2577633
315824079,33,27525132
315824281,74,22989237
315824528,104,40602648
315825054,215,93281309
315825927,18,3552409
315826472,10,8406592
315827462,9,577200
315829026,22,764449
315830153,32,10015134
315830406,4,60606
315830883,9,2731649
315831166,102,34988079
315832879,15,1989753
315833647,3,898780
315834271,70,21411351
315834921,12,1898785
315835916,12,1122227
315838031,4,250517
315839812,12,4367360
315840404,5,178809
315840918,6,2891409
315841121,18,2000322
315841475,30,12538698
315842646,22,4448589
315842693,9,1195390
315843821,16,10306698
315845839,16,676656
315847016,5,384297
315848880,7,453326
315848947,12,3710958
315849279,13,852187
315849809,11,4099196
315851410,40,13857993
315851720,8,2525912
315851845,22,8322010
315852355,15,2512996
315853340,3,1092349
315853452,25,5601000
315854565,14,6040645
315854779,13,1965003
315855557,12,6063599
315856349,7,1684400
315856516,14,2169489
315857322,13,4905584
315857539,30,15699099
315857660,18,8517272
315858032,18,8957055
315858740,18,3375531
315859659,54,17385151
315860265,42,13742464
315860863,5,329008
315860916,21,10022524
315861294,51,3269401
315861924,16,18001473
315864256,11,1217455
315867539,9,2461809
315868497,20,5494377
315876637,17,647805
315876920,4,325959
315880355,16,1289380
315882075,20,6817654
315883109,23,1292191
315883739,7,508610
315884667,18,824198
315885486,10,3742552
315886754,13,1753477
315887141,6,330595
315889278,23,3574309
315889286,11,1255064
315890573,18,5899859
315891549,6,173365
315892821,36,2940959
315893614,8,836703
315895223,8,2160137
315895508,23,1880038
315898631,7,433544
315899269,15,539989
315899522,9,287296
315900261,17,1976078
315902108,16,1391628
315904244,4,1994348
315905147,7,1560528
315906351,14,6305068
315907256,4,727389
315908610,27,16883215
315909549,15,2052499
315909745,12,2983163
315912693,22,1239228
315925024,10,409597
315925635,8,998582
315929727,11,734803
315951979,14,1529250
315999034,16,1326212
316008862,10,908513
316023151,13,1160880
316024896,44,2195353
316026853,8,598802
316027450,27,2123641
316028548,15,3668495
316028795,9,910978
316030504,5,1271487
316031407,84,5242061
316031489,12,437660
316031541,8,281687
316033410,6,514756
316034433,14,743715
316040198,9,1091716
316043849,26,1128966
316048476,16,1054255
316050719,9,1481385
316051816,7,385447
316052177,8,676364
316056076,24,1629993
316056218,11,1035029
316057551,16,4309900
316057964,9,2323274
316061680,12,2973512
316062689,11,859158
316071229,17,4430706
316072508,17,1891278
316073992,8,2857974
316075539,18,6672961
316081149,8,1431977
316082312,82,12237646
316083758,115,57469116
316088954,8,588066
316092926,33,16838689
316097589,5,200190
316098558,9,647833
316101061,70,28327013
316101666,11,768473
316104791,15,1382302
316105495,21,6434848
316107747,29,10402352
316109487,14,3069329
316110045,23,740491
316114018,75,26865567
316114463,24,3660929
316119037,32,519284
316120956,5,1549564
316122211,6,1845395
316122217,16,5095420
316122350,9,2299501
316124849,6,2431892
316125491,28,5807062
316126070,54,1160759
316126282,43,11497415
316126583,35,680987
316134584,15,685954
316136910,8,370075
316140867,126,12294177
316141156,13,14077234
316142057,23,7989621
316142561,7,223639
316144773,3,180916
316149001,69,1728467
316151979,35,3334916
316155188,27,346347
316156983,34,8341146
316158137,6,1574597
316158193,7,1796576
316159056,4,541425
316160305,86,24865088
316160627,12,5232965
316161032,8,1053479
316161235,10,1090058
316161336,12,5456867
316161463,59,26915691
316162921,13,2614992
316163874,54,3305066
316164632,37,11778685
316165288,5,1299648
316165768,9,4835383
316166746,15,3687778
316167223,50,3150121
316167317,10,2136789
316168225,18,6090689
316168797,10,1892762
316170057,48,22305182
316171978,16,5717290
316172638,17,4724526
316172813,15,9212724
316173204,16,3785328
316173606,5,162041
316174731,21,4887281
316174996,43,20578929
316175556,5,1257551
316177222,28,1820016
316177824,14,3300255
316178010,25,1084798
316178161,44,15253243
316178387,8,3239879
316179146,8,608574
316180328,37,19622378
316182242,38,13208465
316182284,36,11193987
316182294,14,4803575
316182448,12,2874161
316182780,18,6796958
316183203,67,30429952
316185057,18,5451502
316185582,24,13544564
316185757,7,2380669
316186610,14,9444529
316186656,10,2517646
316188499,14,6349730
316189830,15,12043553
316190583,21,1622593
316191204,12,683588
316192217,23,15860178
316192770,30,10669025
316192943,11,3160414
316193016,31,14729455
316194408,13,1171912
316195053,11,1071727
316197168,28,3989391
316198116,18,1451100
316201610,93,9047704
316201635,9,2453714
316202751,14,523577
316203829,11,1752864
316204962,3,45974
316205925,131,54447926
316206922,16,2129071
316207583,23,3470322
316208062,13,494960
316211050,8,339926
316212956,46,4513711
316216469,4,298832
316217928,34,1651673
316218390,7,632105
316218926,25,2122863
316219268,15,965851
316219969,6,141673
316221076,11,292695
316223539,46,13866571
316223724,38,2594409
316224362,6,806617
316224818,35,4954266
316225054,17,6663520
316225075,29,1545678
316225665,107,43470015
316225946,5,483401
316226079,13,1691727
316227718,12,651696
316227938,19,1245895
316228104,9,4686197
316228220,30,6169723
316228509,6,1507537
316229020,49,28483911
316230309,36,9831799
316230426,22,1399014
316231064,15,4482277
316231235,14,6962821
316231728,10,3111842
316232601,17,258397
316234373,4,2132247
316234706,23,7649692
316236186,11,632212
316237186,42,13723318
316237288,5,359681
316237473,5,1258589
316237567,24,7532459
316237957,13,709715
316238238,7,1578980
316238483,24,4298423
316241305,59,2738447
316241335,10,582346
316241907,117,49688464
316242388,21,5216201
316243750,18,475945
316244437,19,6015896
316244993,19,5437446
316245599,14,3966190
316246111,7,633485
316246506,41,16350579
316247070,7,885740
316247230,12,997187
316247468,11,5170975
316247711,5,2716169
316248476,15,5632709
316248700,8,1192325
316248788,9,2795506
316249389,35,13134035
316250488,8,1109602
316250771,19,2826810
316251174,10,2656423
316252512,24,2750408
316252651,5,201570
316253226,51,5754814
316253717,59,9763196
316255920,11,3073777
316258444,5,1616329
316258566,30,1193696
316259497,29,2335770
316261006,121,12073493
316261656,15,922912
316262632,10,2119982
316264204,13,843191
316272184,20,1633278
316276738,11,1233423
316279665,70,28943833
316281695,34,6454367
316282207,9,413727
316283448,7,492472
316284601,16,6704567
316285486,6,524939
316285619,25,4839588
316294810,22,8064482
316299785,14,1194046
316301415,12,832824
316304715,102,7270071
316306090,31,2186290
316310529,13,831627
316311197,19,7359719
316315208,19,1886918
316315456,12,531425
316320186,4,161498
316321431,14,1675591
316326246,19,1307551
316326598,15,3258193
316347371,15,3663927
316381124,14,704935
316384336,10,784589
316391216,11,944974
316392182,3,93754
316393365,15,665939
316394363,108,10575485
316398024,13,1371517
316403621,14,7029750
316412403,13,774947
316422715,11,1791781
316425956,13,849215
316426842,11,1736103
316429475,44,15201513
316432013,15,1335332
316432679,60,21360150
316434089,21,1589395
316434511,4,671428
316436780,24,1095827
316439106,12,1217875
316442009,13,1279764
316446257,15,1661273
316448025,18,749026
316448445,7,326091
316451823,203,18928972
316463595,11,590260
316469858,7,1510675
316475433,20,843165
316475517,25,1499473
316476593,24,945113
316477718,22,995704
316479555,51,3157194
316479892,6,2488743
316481988,32,2045369
316483603,30,1363153
316486352,15,1103400
316490450,22,7203969
316490951,18,5691298
316492402,17,1166405
316494203,20,1277257
316497173,18,1233588
316497572,19,1133703
316497768,41,1351953
316498934,13,545044
316501601,10,1033120
316502268,20,4587217
316506340,35,802927
316507208,26,2129291
316515286,17,771641
316515789,3,70166
316516748,83,36591426
316517195,22,1489906
316517267,25,6971095
316520544,10,381598
316523407,31,2495735
316528656,16,494123
316532461,11,603827
316533309,21,4241737
316533500,13,1041134
316536964,25,1020750
316538455,12,448523
316543874,13,5150076
316543938,28,920674
316544358,5,695161
316549597,12,3578263
316550198,9,885745
316552803,34,5370790
316553184,22,1074395
316553331,17,3085972
316553340,19,1083557
316555883,18,1194144
316557374,29,3520796
316557498,16,1374644
316559359,13,2252701
316562677,15,1340009
316563674,35,2768545
316566378,4,267639
316568418,22,2206077
316568870,39,2243308
316573359,54,17036433
316573688,60,23713259
316573853,33,2005636
316574217,7,541165
316578062,28,6498496
316581066,8,522826
316581370,20,1048352
316582348,112,42562746
316582496,3,1441428
316583067,10,2455759
316583877,10,2198706
316583953,10,2397827
316584824,21,1287715
316585019,23,7578925
316585581,11,1986333
316586683,26,11847882
316588215,17,1664233
316588409,11,6607618
316588801,10,1872334
316589952,6,551188
316590980,16,4759858
316592294,14,1834217
316592392,20,2236548
316592497,23,9123972
316593662,30,22396528
316593902,17,5115656
316594607,26,9885992
316595854,14,3482756
316595872,4,1721529
316596583,16,11778893
316597012,4,1272264
316597988,14,5427196
316598691,16,4256111
316598859,3,498362
316599149,12,1668180
316599775,25,8480918
316600385,8,588970
316601364,15,1635419
316601462,5,1030250
316601784,8,2690754
316602133,13,3428020
316602141,13,4472272
316603033,22,13133787
316604583,16,7396182
316605462,37,13898552
316606068,10,3739503
316606873,6,1254458
316606885,15,16366393
316606905,42,4013220
316607978,11,4969259
316608230,12,1163313
316609264,12,950742
316609665,21,7778943
316609766,12,4344867
316611256,17,7663587
316614380,7,2161508
316614598,85,8222069
316615038,12,1508180
316615563,13,2763638
316615918,25,1081175
316616886,22,2518638
316617928,26,1661237
316620315,19,901042
316620868,15,787402
316621738,68,27015164
316624339,72,6033477
316624402,12,826260
316625690,3,723816
316626856,11,7283634
316629916,49,3873515
316630850,12,1635509
316635082,30,3324332
316635313,20,1010710
316635519,172,70017124
316636652,192,72701388
316637524,25,2022318
316637770,27,3619743
316638252,21,9162681
316639037,34,1112465
316640644,27,7796953
316643145,7,1190240
316644064,5,297930
316644450,37,2977307
316644795,11,1579937
316645400,35,9546231
316646292,46,14191160
316646437,12,1512540
316648553,16,3968398
316651586,3,373752
316651712,7,1525420
316652518,20,5698452
316653412,5,100451
316654385,82,26161840
316655054,19,10351714
316655074,33,11775557
316655552,32,3040815
316656339,32,8409278
316657570,11,2956061
316658051,42,23944557
316658923,36,656868
316660654,73,26662975
316660677,14,3752674
316662297,23,1383155
316662341,3,909985
316662936,20,9805568
316663097,20,10118147
316663640,27,4422178
316663792,15,5152730
316664261,8,1583396
316664355,8,1311373
316664821,81,30754345
316666356,16,3586189
316667678,4,571463
316668178,10,1682272
316668381,18,6319700
316668625,49,26267715
316669742,13,5022530
316669911,19,3539590
316669940,29,5743705
316671619,4,313740
316673270,7,2220836
316674759,20,1356314
316674947,13,6502444
316674949,77,9219034
316675490,16,5254383
316675545,30,11264360
316677016,18,1073357
316681254,9,3918429
316690499,6,95578
316694969,66,2801579
316696402,13,1576829
316696678,28,2571338
316700323,13,5010879
316702418,26,1929901
316702584,19,10932805
316707663,5,553635
316709989,13,1603083
316710041,18,684120
316710715,13,503786
316714178,19,1161370
316715718,4,456459
316717326,5,653637
316727545,9,2861119
316755796,24,2426679
316765408,4,227040
316782649,8,3451193
316805150,17,873167
316807452,16,621106
316828337,20,2378355
316833746,8,603608
316839979,21,6297732
316842069,11,390364
316843747,18,1145725
316843753,11,853702
316843809,11,688727
316843836,18,951983
316847263,29,1015743
316851596,10,405489
316856027,11,5452067
316858905,22,8455127
316860423,18,932396
316864737,9,594439
316865297,5,218936
316865639,9,942939
316866260,6,240899
316869810,21,3007600
316870775,37,1767280
316870812,6,504876
316872641,23,9735099
316876054,8,2001891
316877337,6,271394
316877597,12,675918
316884284,32,1813983
316888054,13,1080059
316892275,7,659719
316894173,25,2453066
316894907,9,500954
316896521,9,1278471
316897611,13,428937
316902472,11,1158185
316904130,10,399676
316906464,17,418241
316907404,6,185535
316908880,22,1174072
316913807,20,7042138
316914327,14,400692
316917232,36,2180450
316919622,91,18438344
316919739,13,4502494
316920115,20,6839068
316922761,26,2065046
316924439,35,2807926
316928424,11,900128
316932517,13,1611732
316933464,12,1226087
316936759,71,28551926
316938125,13,1065132
316940416,21,678751
316940740,13,897403
316941117,25,4668975
316942341,14,655417
316943904,13,3277164
316944787,13,1156961
316946204,8,485841
316947386,22,1589789
316947633,23,1655873
316947800,14,725063
316948461,6,614806
316948632,41,1483342
316950251,8,1591061
316950677,6,404868
316950730,18,6328934
316952306,18,1537380
316952801,28,2587114
316952970,22,2342802
316953270,7,2686916
316955394,25,2823042
316956541,9,2848611
316956950,7,374864
316957902,13,4607879
316957954,14,1066982
316958079,6,1712611
316958322,13,3396751
316959680,27,5587709
316960165,11,4666246
316960261,8,1036758
316960415,13,2738968
316961659,5,1343140
316961788,7,187192
316962947,5,1434272
316963368,19,970233
316963502,15,4913077
316964751,12,5722826
316966641,15,1525052
316966810,421,36261895
316967652,15,6288759
316967953,39,2952911
316968142,4,214675
316969039,104,15071650
316969106,14,1193337
316969195,23,1811005
316979752,15,1458486
316983092,67,1905752
316985645,7,906698
316986219,19,902092
316989863,13,635076
316989983,5,1675884
316991058,16,5482010
316991079,196,95301783
316991604,7,255330
316991672,173,79685492
316992107,4,416731
316993316,29,7405601
316995638,16,1647978
316997884,80,24379622
316998164,15,719006
316998227,11,3713093
316998685,15,6158170
316998828,16,947264
316999159,6,541027
316999626,230,77286042
317000250,15,874210
317000983,19,6042448
317002146,10,499327
317004493,13,1141965
317004706,7,2530669
317005966,6,1276184
317006153,58,1231387
317008459,69,41447436
317009386,28,8258098
317009676,25,11018437
317011545,6,1214263
317012331,63,27465730
317012465,13,1628021
317012811,29,14434303
317013331,7,1561689
317013665,19,6617011
317014895,14,5196863
317015732,9,1345086
317016549,30,10359402
317016579,5,3631928
317016636,8,469261
317016810,36,18553364
317016854,6,531044
317017885,11,6725039
317017906,15,2891540
317018872,31,8018313
317019083,10,7999275
317019352,9,3142128
317020298,25,9533689
317020605,19,2550342
317021076,9,3131847
317021979,209,16742305
317022018,17,517115
317023196,64,1485843
317023625,23,9304528
317024126,14,4659638
317024200,12,3337752
317024839,9,1996272
317025712,7,1461139
317026620,21,1062954
317029298,4,935388
317029845,8,1530769
317030422,11,7331833
317030525,11,4729207
317030667,3,948087
317031954,9,3665748
317034762,7,1597209
317037616,7,338636
317044605,13,635174
317046355,19,7770851
317047035,162,76446167
317047868,47,12820081
317048472,29,3361154
317048652,6,642814
317049661,38,1875701
317049904,13,4266887
317052464,40,2051125
317052863,6,1738553
317053713,12,1317699
317057029,17,1269777
317057564,19,817181
317057814,4,448568
317059978,52,1401652
317061923,8,939177
317062609,15,664453
317063617,23,1883615
317064056,7,4474992
317066645,10,3989932
317066840,4,752179
317067250,28,12714078
317069197,8,4200389
317070498,9,2960436
317071201,7,246809
317071290,7,464911
317071574,19,5772223
317072157,5,1041450
317072479,13,1554442
317074746,7,2038011
317075047,3,102584
317075306,77,2809384
317075645,25,11097633
317075710,17,4445662
317076645,16,2442653
317076971,17,579158
317078420,27,8625987
317079528,7,2776432
317079604,60,2431471
317082193,61,30107190
317082311,8,3524186
317082492,15,3910517
317083015,10,1433076
317084690,52,22879074
317085624,9,1594018
317086031,83,1428093
317087545,38,5469836
317087908,6,580189
317088742,14,2413233
317090220,8,600185
317091166,56,20444002
317092286,16,1247020
317092433,6,514406
317092457,26,1994876
317094138,49,2593802
317095829,4,2108776
317095876,16,2088245
317097442,13,724816
317100735,10,522456
317114519,109,2427158
317119702,15,748642
317123138,36,2260128
317128406,18,2838925
317128563,18,1107087
317129329,8,1534463
317134425,27,10661707
317134944,28,1969242
317134950,6,276132
317136109,12,2061295
317139156,11,1115584
317139162,4,208184
317139703,9,1826943
317144117,16,3057048
317149000,5,173272
317150334,9,665813
317156080,12,2930461
317160628,27,2004732
317170163,5,172496
317180557,23,7731395
317180561,6,1027941
317184758,7,492461
317186316,17,1266887
317229070,17,2567182
317264498,37,5018833
317265879,61,15462995
317285533,9,1217814
317286299,17,1865516
317286941,20,2281324
317288774,17,1950674
317293719,10,1668675
317298266,52,2601109
317305281,14,4681228
317306261,8,763351
317314736,13,825404
317318967,11,3240063
317319258,10,3050371
317322819,11,5341368
317323696,17,1856000
317325773,20,6178297
317325913,130,13890342
317328361,10,1100516
317331854,18,397407
317334166,41,3245107
317337203,37,13373614
317341156,32,10518168
317345637,4,944853
317347497,20,1289745
317348701,17,1344576
317349231,49,17033978
317356153,26,2408939
317356489,10,438520
317357518,12,5403614
317360928,13,873396
317361825,27,10721314
317362082,9,2451937
317363198,14,1226952
317364638,15,4593754
317365567,27,9721954
317366780,14,4641329
317369458,17,8080882
317369966,4,2053174
317371482,3,1248150
317371545,16,1269823
317371812,11,3131941
317372057,11,2289505
317373627,19,7619768
317378357,14,4145763
317380248,60,2760238
317385645,41,5560635
317386583,7,2194774
317391014,18,1053335
317392226,34,7590953
317392663,29,3728809
317401196,7,521866
317401913,18,868169
317402683,22,1155458
317403162,14,3657285
317407586,14,1444291
317409025,23,903351
317410984,10,3498460
317411703,8,722362
317412397,12,5978547
317413333,11,705093
317413832,35,6067409
317414862,15,6441813
317415314,23,1503172
317415833,26,7884413
317417224,55,4966556
317417294,19,5791189
317417365,47,3369292
317417428,14,3522090
317417750,3,331479
317417978,11,1459031
317419129,91,38249555
317420094,13,3412095
317420161,6,3248463
317420304,32,13107811
317420874,53,1033579
317421141,14,6059764
317421586,14,2030132
317421629,52,25864902
317421891,3,773651
317422231,7,1108915
317423045,27,11106278
317424047,10,3723841
317424606,24,9668606
317425073,37,9282465
317425620,40,12194180
317426293,8,3052106
317427201,13,5384556
317427305,20,4690703
317427729,76,35557169
317428860,15,4925370
317429104,14,1601681
317429297,15,5722644
317429490,28,3148431
317429640,20,7240757
317430629,11,2768190
317431242,21,1171065
317431425,31,735225
317433901,14,3600717
317434469,3,998652
317435075,9,3784409
317435169,15,5842652
317435285,23,6483594
317435736,13,6587609
317436140,44,18793890
317436480,27,8621973
317437141,23,7626705
317439470,22,6891086
317443160,15,4932015
317448267,21,937832
317448392,3,180567
317453174,34,3003092
317453685,24,2284527
317454273,164,71878548
317457243,11,1516888
317458980,28,17878024
317459966,13,1136730
317460081,15,3068592
317460955,19,3833168
317461112,19,588126
317462261,6,1643169
317464730,50,4102327
317466164,212,112880136
317466906,72,22793934
317468789,4,649456
317468944,7,4931869
317469472,38,9440436
317471418,54,2576202
317471486,28,12277673
317471538,8,3066897
317472067,13,877669
317472567,37,15587435
317472935,12,6277379
317473410,25,1334975
317473508,13,740259
317475042,12,4238880
317475057,10,1022891
317475448,6,1337419
317475580,16,6033816
317476201,7,448509
317476743,13,1205007
317476867,28,10822534
317477883,37,2729643
317478037,19,2174056
317478078,32,4200318
317478531,20,840183
317479026,23,8996972
317480786,29,1405488
317480859,23,9056821
317481570,9,4782266
317482013,11,1055947
317483230,18,9204345
317484024,8,3533914
317484590,8,2374665
317484937,57,4427609
317485008,16,2314793
317485809,34,12165269
317486026,47,14461146
317486112,5,654027
317486882,5,546222
317486956,11,1679185
317487275,40,1220120
317487441,22,9247350
317488221,9,1661597
317489587,23,5359507
317490858,42,792034
317491072,50,4042204
317491458,66,28698007
317492884,22,2415169
317495259,9,839810
317497177,28,10024187
317498496,30,2009245
317499018,22,1337487
317501837,45,1958682
317502956,13,1915768
317503256,13,3159314
317505515,4,1096272
317506482,25,1266064
317508391,27,2890129
317510937,18,4403279
317512182,9,4760950
317512500,10,608014
317515899,17,691906
317518676,124,11095967
317518841,16,3252901
317519814,8,1652535
317521017,12,3128981
317525930,26,1247238
317528391,19,543416
317528866,10,971998
317530876,17,2108035
317532003,13,357745
317532724,42,3109836
317534469,16,6105103
317534828,13,3287031
317537238,13,622089
317537488,11,3543340
317538919,18,5809179
317539653,31,12420788
317540608,15,4218533
317540809,6,1204752
317541465,16,1585110
317543849,54,6162748
317543880,11,1600537
317547838,7,346934
317548597,21,7128307
317551562,28,5378002
317552182,11,2002564
317560702,14,1540101
317561086,20,632890
317565593,12,658087
317570867,18,5403980
317583349,24,3317013
317586404,11,850883
317587329,18,1457467
317588187,11,1115342
317588692,28,2248909
317592783,6,400747
317621527,12,2534482
317621660,71,5107564
317658751,9,688090
317660307,44,4266891
317662941,11,714711
317667631,25,8229382
317671776,43,5138022
317674107,22,6393006
317675551,57,20951672
317678868,69,14133715
317684065,11,6247420
317688425,12,1449622
317688825,24,11103218
317692424,16,616500
317694688,16,4824146
317695159,20,1302796
317703196,43,2486938
317707635,19,876688
317709729,20,1070378
317711086,23,1316671
317711754,37,3571854
317712219,5,585559
317717973,9,1393148
317720707,21,4269360
317721300,14,1319280
317726095,14,3882777
317732353,25,803504
317735558,16,5205811
317736677,52,5068179
317737122,15,356489
317737979,13,981840
317739540,7,1523381
317740906,12,774677
317746088,20,1500874
317746518,21,1045580
317754049,8,2893857
317755054,19,2292630
317756640,29,2190811
317758540,14,902888
317765438,33,2421513
317767164,48,3777556
317768499,32,10622836
317769343,88,1629942
317771389,8,280620
317772670,24,8413665
317773369,43,2608956
317773407,7,1551935
317773458,9,669837
317773765,8,420411
317774050,5,196188
317774150,106,7390893
317775211,6,2136397
317776242,27,21470926
317777232,22,5458255
317780543,15,7013563
317781146,26,16467486
317782515,16,2187329
317786397,55,6674745
317786757,9,4881862
317786787,14,12154678
317788682,12,807540
317790675,36,3053266
317792271,13,1249210
317793045,10,1287856
317797273,19,933180
317798583,17,1514952
317798594,30,509332
317799335,18,1386025
317801888,41,1991779
317807060,14,616360
317807197,65,25848751
317807639,129,53531586
317808263,10,2755240
317810611,60,1045687
317812435,183,87020176
317813106,26,1229118
317813672,126,41619353
317816700,17,8545275
317816902,141,44413262
317821698,16,2230144
317821874,11,2387946
317823027,14,3746526
317823249,18,2109415
317823442,20,7872895
317823810,9,1100157
317825157,17,3993674
317826577,3,1217577
317827476,45,648859
317827817,21,5354466
317827906,25,759917
317828091,19,555156
317828449,9,2654378
317828989,30,8847274
317830850,13,3456889
317830982,29,10163057
317831560,10,2795530
317833091,5,658367
317834149,16,4722119
317834491,49,17557452
317834536,24,1516718
317836208,7,2000886
317836802,6,837527
317838059,7,4006314
317838178,8,5071759
317839011,15,1183680
317839136,52,20309614
317841818,6,1485703
317842493,4,5466371
317843238,14,4490598
317843740,18,4321683
317845175,21,11595026
317846311,12,4069239
317846729,5,150839
317846762,13,5537027
317847050,23,8604790
317847089,4,1540419
317848109,7,3253651
317848707,17,8722273
317851654,15,4878602
317852634,15,5733424
317852790,39,3664954
317854774,33,2745735
317855195,11,4925669
317855676,32,4954915
317856378,12,1202644
317857070,19,4197306
317857599,16,816059
317858737,19,985438
317859096,8,3753705
317861899,20,901646
317864365,24,1314697
317864918,10,2071515
317864992,7,647850
317866221,5,175986
317866496,20,4734594
317866581,23,7240537
317867092,38,5553729
317867765,5,801175
317868173,7,488113
317868323,11,427275
317868823,24,1190491
317869302,182,79564084
317870630,11,3300619
317871887,34,12635240
317872784,3,405166
317873113,3,256805
317875380,20,6499553
317877880,13,439503
317881217,23,882726
317881468,6,282742
317883473,17,2775989
317885147,31,6907910
317885448,35,2707782
317885549,10,3596739
317886425,24,3659850
317887209,58,3952780
317888086,7,4812658
317889154,31,12999061
317889353,8,3740077
317890718,5,1512615
317891054,15,2243854
317892177,12,3788323
317892918,9,1049406
317893115,15,1577534
317893231,13,3936625
317893648,12,5311004
317894636,17,10871009
317894713,25,3926153
317894776,7,2657633
317894910,9,6832191
317895399,34,3143626
317895409,24,2568274
317896370,17,2346138
317896839,5,666604
317897531,23,9235131
317897866,13,2200249
317898220,23,10698881
317899122,13,2315078
317899337,33,22591463
317899990,30,3086312
317900024,10,646238
317900568,14,1642011
317901401,32,4158641
317902429,12,1856521
317903328,12,1050394
317903803,21,2666946
317904012,11,5744948
317905110,18,2431760
317905328,6,1973893
317905712,29,3171253
317906264,16,2501963
317906400,70,1637384
317906424,15,393439
317907623,28,15821199
317908425,10,883424
317909048,10,9183182
317909574,23,860252
317911275,42,7188348
317913051,21,843136
317913186,33,3602941
317914845,12,2128901
317915759,11,1428428
317916546,24,1374842
317916627,14,1514497
317918449,15,957683
317918778,18,1711908
317918869,18,1366661
317923988,75,1763236
317924271,18,971510
317924659,12,4464723
317925369,16,1352992
317926880,26,1386789
317927777,21,973396
317929232,16,13574502
317933371,21,973542
317934539,49,3418472
317939953,46,1882559
317940689,181,3735771
317941862,10,1085787
317942494,14,500430
317944706,7,494738
317945239,77,3623981
317952576,10,2131534
317952658,15,12338032
317955379,11,2131092
317955628,5,2266545
317956317,23,3207334
317956789,18,5692170
317957744,13,4974025
317962903,15,2273872
317964978,13,1169547
317967353,14,2554141
317981417,24,1767179
317990565,34,2118333
317992013,16,1182689
317993487,14,1046637
317997056,8,325974
317997118,10,602094
317998135,23,1471600
317998379,9,383200
318001151,12,8734459
318001470,8,389634
318003582,23,16472310
318009019,14,874302
318011135,13,895616
318016126,15,444554
318034457,20,1609610
318039084,13,1004966
318041982,4,99018
318043386,11,1876155
318046064,5,420343
318076129,9,270939
318076232,8,420128
318077153,8,500014
318082855,27,2049383
318088225,11,1043249
318095786,11,2447080
318097908,14,2425918
318098255,34,12605051
318101353,53,3080302
318101416,6,1598405
318102106,23,8806872
318104671,5,2317072
318106053,11,16007606
318109903,51,4835308
318113340,65,2353693
318121194,30,2686988
318123911,20,1060441
318125417,13,991919
318127303,9,303348
318129533,13,4463913
318129863,21,1741200
318134076,12,543156
318135275,31,1435828
318136321,23,3686430
318140434,13,5198735
318142462,14,866404
318142601,11,1029180
318143139,106,62448770
318145242,11,501437
318148354,19,6393921
318153114,11,4396082
318153256,11,2843413
318153886,3,700131
318155740,12,2725626
318155938,10,3097058
318158606,6,3087400
318158838,12,4779351
318159124,14,1949251
318163169,9,865014
318165324,4,429981
318169605,5,961496
318173333,23,2357119
318173771,8,377024
318175484,14,1737189
318183436,22,1677345
318184388,12,681433
318194084,12,2315707
318197526,41,2227842
318197835,4,124278
318200225,28,3268049
318204364,15,1685856
318205406,37,17701644
318205930,23,866700
318206446,12,7296582
318209718,8,1345718
318211039,43,15538143
318211815,10,4021852
318215348,6,658657
318217596,5,557090
318218487,26,7972363
318219555,9,3171914
318221653,21,10073482
318221958,18,13145927
318222206,8,1528784
318222475,11,1081474
318222945,10,5405556
318224335,11,1630912
318224468,8,2397130
318225398,16,1326398
318229315,23,2854132
318231747,13,1316571
318232570,14,4137200
318232806,11,518687
318238778,52,3173888
318244932,7,2697716
318246751,27,3135386
318248611,9,1487492
318252117,19,6287439
318253178,10,638169
318253904,5,469571
318254789,19,2373463
318257224,9,475418
318261288,19,2401009
318261401,12,429365
318263024,6,459779
318264170,59,4435101
318266101,146,8853053
318267391,15,684210
318271061,13,6340982
318271890,4,768628
318272756,40,13965328
318274514,5,255131
318275363,17,2694327
318279447,22,1079957
318279527,15,4343963
318280429,11,3003361
318285135,9,710051
318285435,19,11472276
318285841,3,470119
318287158,8,666313
318289966,104,71764209
318290530,3,1088112
318291391,3,557115
318291790,23,970970
318292166,13,410003
318294370,6,690750
318295043,5,547109
318295153,13,962838
318296901,19,1137236
318297333,11,5349969
318297476,205,221732979
318300204,13,374542
318301734,7,217336
318301834,7,1270181
318304830,4,1580043
318304982,3,1597652
318305701,135,74096201
318305873,7,314278
318306149,26,1031056
318306228,5,2433491
318307337,49,9810827
318307458,6,49299
318307973,32,27896687
318308438,15,727612
318308579,23,3163279
318308627,12,2343056
318308837,65,24080225
318309012,63,13047089
318309095,85,54199945
318309147,6,45464
318309374,16,3835140
318309381,11,3447234
318309604,3,640624
318309821,25,9466082
318310106,7,3579495
318310332,6,2952624
318310400,14,1679953
318310600,38,72261731
318311009,26,5722936
318311137,10,2764986
318311207,22,6990602
318311239,9,2099942
318311626,21,1898961
318311926,70,43411011
318312804,9,5292255
318313063,8,2391760
318313246,10,1634115
318313401,19,8280390
318313492,9,1768873
318313910,8,1815282
318313966,24,13770562
318314060,7,1413783
318314239,15,5724258
318314558,55,26741503
318314643,37,24677034
318315080,7,2210710
318315124,4,2920415
318315326,19,6402359
318315389,365,107630643
318315549,16,5040963
318315561,29,7315762
318316177,7,1687489
318316203,27,3482110
318316358,51,26565770
318316532,6,4146254
318316801,15,700172
318316850,20,3981064
318316962,11,3903109
318317169,40,24780204
318317290,18,4167996
318317589,10,1129584
318317685,13,3466777
318317782,15,4208466
318317871,29,9054856
318318027,7,2054243
318318384,29,7130537
318318437,3,772779
318318901,5,2446259
318319950,187,89103148
318320307,57,23826802
318320415,15,5935224
318320661,4,562099
318320746,16,4902535
318320772,33,11571347
318320797,26,8424447
318320866,12,5259990
318321152,5,1560037
318321972,10,1323627
318321995,39,5688491
318322009,27,12283280
318322147,12,11832093
318322363,27,12180554
318322380,27,14127679
318322388,16,4084833
318322603,10,857310
318322701,28,5470891
318322751,79,23514613
318322897,12,4272897
318323353,24,8071702
318323519,18,4487306
318324257,17,5202919
318324502,43,12763296
318324734,15,7069657
318325063,93,25285143
318325457,15,2154801
318325509,34,18477102
318325680,45,8840112
318325818,8,2320991
318326508,16,11119485
318326692,20,5871727
318327252,23,8519788
318327319,22,8138767
318327361,22,6583635
318327628,4,814135
318328101,5,1213023
318328137,19,4578947
318328272,12,2712651
318329397,26,8023001
318329451,9,656140
318329548,23,6409643
318329908,41,12509034
318330095,64,29527942
318330376,11,3571275
318330810,135,42103533
318331479,57,18707964
318332103,24,10393740
318332193,34,10879820
318332805,16,514111
318333368,6,1425860
318333669,11,2962130
318334394,17,4116786
318334460,17,4184171
318334752,5,409567
318334851,52,69760861
318334898,73,104987258
318335451,13,3495756
318336225,6,1436744
318336544,37,21280590
318337605,267,194054937
318337811,9,6850820
318337957,6,3769705
318338063,7,2021566
318338282,46,12309554
318338477,24,5899763
318338481,22,6238614
318338564,13,2892464
318339351,17,4234069
318339397,13,5163350
318339457,32,22278067
318339801,107,56551117
318339879,3,788013
318340289,144,57600678
318340496,7,2024040
318341171,5,1579546
318341504,61,29877540
318341550,39,30865582
318341761,10,2742421
318341934,17,4629371
318342045,209,141456731
318342117,6,310285
318342335,12,12044128
318342352,24,10387888
318342906,9,4155527
318343029,27,9961835
318343209,22,6622701
318343690,34,27002887
318344677,5,460130
318344710,33,19420442
318345528,18,6628395
318346104,7,5293196
318346405,5,2543557
318346658,22,9917062
318346765,11,5195200
318346819,4,1408098
318346834,11,3128772
318347059,12,3214969
318347393,12,6984360
318347442,16,6951080
318347451,17,5128135
318347634,7,3530210
318347799,35,14178580
318348093,7,3654248
318348536,22,8910347
318348862,13,4583476
318349952,5,16370650
318350035,45,40853187
318350037,10,2862419
318350043,24,1332782
318350257,14,3021789
318350454,18,5207411
318350588,18,8363519
318351015,11,3045753
318352760,73,44188288
318352956,22,12384385
318353056,4,138960
318353257,19,9221543
318353502,7,2592353
318353653,27,7111102
318353753,9,4098026
318354396,30,1073606
318354724,15,1774931
318355019,11,4950505
318355921,36,27456092
318356760,19,1973699
318358544,12,11746959
318359241,8,2585653
318360663,4,710718
318362582,13,634873
318362975,5,1056246
318364293,17,1891417
318365419,9,2029669
318368967,4,1007914
318370510,10,225143
318370668,6,787466
318370998,49,450565
318371223,32,1458716
318371773,8,2481534
318372910,8,124414
318373317,63,4284715
318375256,8,956069
318376233,15,493853
318376427,11,273922
318379189,27,996841
318380374,36,3008616
318386280,16,1469797
318386655,18,438432
318389375,48,3343723
318389659,18,1818139
318389847,41,4698714
318392859,29,2086445
318397467,88,4013548
318400056,13,1868021
318401296,18,5407982
318403145,7,363600
318403400,5,851739
318404745,36,10052136
318405189,26,1270675
318405736,15,2612466
318407707,4,1864643
318408072,11,5047498
318408433,11,1757987
318409847,7,531571
318409851,3,1381994
318410068,9,2260745
318410389,23,6793362
318410402,7,471952
318412958,32,14038170
318413296,35,12789542
318413493,4,737148
318413542,23,1272477
318414561,21,1642124
318414567,22,1161369
318415788,38,750800
318416164,12,5482206
318417780,39,1212673
318419065,6,1380664
318419904,18,3636888
318421032,14,4127615
318421744,403,57721021
318422076,38,2523232
318422730,25,4037493
318423021,16,604889
318423146,16,793191
318424735,11,3870715
318427788,9,3142236
318428785,22,2109732
318430284,19,2638411
318431963,6,519209
318432590,15,38675866
318434033,9,1030265
318436305,7,821669
318437594,36,2023945
318437965,7,797519
318439257,19,1167695
318440226,4,473094
318443023,16,4794644
318443439,12,5400737
318445718,12,820456
318445985,16,582035
318449830,13,1553127
318450201,20,1329585
318451407,14,1163206
318451760,21,2196214
318451991,14,893357
318452292,16,2185984
318453956,20,1867545
318456783,34,15500122
318458117,13,541110
318458308,9,3892240
318458945,14,1728811
318461223,11,474192
318461525,19,5084440
318462504,28,2025914
318464387,10,1030221
318464895,32,1884620
318466743,21,566247
318467557,11,900503
318472158,17,3636769
318472164,12,816731
318472266,17,1145770
318472802,12,496560
318473556,5,982294
318474666,19,4424146
318474926,11,2108000
318476841,10,4250951
318478756,20,4855155
318479639,24,1202853
318479779,19,3210961
318482546,19,2146271
318482831,8,481299
318484401,19,2438234
318485731,10,1537072
318486060,5,902063
318490530,13,1153172
318493606,11,1529817
318493630,3,378760
318494877,13,1716284
318501957,23,1953655
