Battle ID,Kills,Fame
331667487,14,467706
331668563,41,3230042
331673042,12,469063
331677222,12,313503
331677362,17,8753226
331683129,11,919386
331686785,18,1020876
331699881,13,775015
331700334,22,833200
331702495,5,477293
331728379,17,1878501
331752644,130,39065962
331780177,24,15521185
331783291,6,700816
331789902,52,22919095
331791983,9,2227781
331796686,20,1190535
331804142,10,2825509
331804675,14,1739833
331805972,57,3580987
331806029,37,2224264
331807781,9,2045285
331808927,20,9532544
331811056,34,2104871
331811062,19,4016219
331812836,4,649872
331815906,177,17958888
331815941,23,6353390
331816123,30,2898172
331816153,15,1428404
331818393,7,1911282
331819335,26,10823328
331823335,7,477830
331823406,26,10256700
331823692,18,631108
331824669,86,6868093
331827249,11,3979782
331830753,21,971415
331832125,10,537784
331833258,13,591147
331833545,14,852406
331835498,18,893538
331836663,9,614616
331841293,21,1869618
331842029,16,2232323
331843115,16,7135989
331846036,14,3351352
331846962,10,1696795
331848541,17,8486634
331849959,5,306874
331850278,6,205496
331851558,23,2866919
331853232,10,3313672
331854502,16,7631450
331854772,24,1003496
331859249,9,1373306
331860245,20,893618
331860784,30,1898639
331860790,19,862759
331861986,12,495661
331862768,29,9363109
331866712,94,9126962
331867840,19,6268565
331872353,26,984007
331872804,97,10160268
331874793,8,643405
331877832,21,8146242
331882655,11,919845
331882828,4,569032
331884892,33,2932927
331885440,99,6383447
331885504,38,4636127
331890528,27,2366348
331891728,79,37657790
331892592,5,672178
331894498,7,785284
331899207,16,1520178
331900438,18,829975
331908157,11,521305
331911137,34,2198733
331914398,26,7878205
331915027,37,3426864
331920418,30,12442734
331921114,10,4138215
331922094,8,7038745
331937892,10,1808132
331940989,10,1191426
331941893,185,14066303
331955754,18,4824800
331956613,26,4378009
331956767,17,1582443
331957254,17,4510194
331958284,19,814067
331960273,17,10681807
331963273,42,18100845
331963803,11,916330
331965396,34,3549203
331967780,48,1216394
331968480,47,5309707
331969657,20,5644340
331970910,32,14407357
331971942,9,3156769
331971966,12,1411207
331974106,40,1405238
331975087,22,8864481
331976798,5,1201431
331977986,39,3217837
331978001,19,1617224
331978247,18,14737146
331978851,11,656611
331979176,11,1177532
331979592,13,3490998
331981688,11,1435395
331982159,15,12897731
331982335,12,2045990
331983470,38,1354508
331984056,7,254822
331986228,14,1549683
331986564,28,1649300
331988599,11,1789715
331988701,7,2301280
331989322,52,3899098
331990351,4,203440
331991017,16,3258254
331991264,26,4096885
331994734,11,797865
332001851,3,68330
332002340,13,3314730
332003386,13,767036
332004667,31,2336130
332006004,64,1757913
332009803,29,5373415
332011602,7,1319609
332015086,19,3008621
332019292,13,1606124
332019707,3,1278802
332021503,16,1130864
332024478,3,254326
332025346,10,1731037
332025453,30,1296095
332025876,5,1797820
332027877,48,18575975
332028498,106,40601127
332028961,4,717490
332029568,14,1682458
332029641,23,14471102
332029750,19,8624276
332029773,41,18543929
332032118,7,5544695
332032299,11,5694975
332032418,22,8091958
332032658,14,5521138
332032897,13,1276908
332033357,30,10751845
332033370,6,2403392
332033503,51,19188934
332035147,147,75610729
332035481,78,37490825
332035814,19,3021387
332037818,16,904761
332038421,33,10289940
332038454,16,5644334
332038991,6,1721277
332039016,8,2746364
332039031,18,6100234
332039617,141,50849659
332040133,15,3956889
332040218,44,14824761
332040879,37,22336956
332041214,41,20068391
332041383,15,7356679
332042161,13,1401802
332042659,37,16692464
332042887,110,55080202
332043034,20,5448267
332043167,33,17738815
332044580,88,36962694
332044860,14,5023513
332045110,58,31950927
332045448,206,96393626
332045609,8,5580080
332045746,16,2756470
332046211,12,7726449
332046425,10,515613
332046458,69,42963856
332046785,80,50245708
332047027,15,3076134
332047581,16,4889341
332048755,15,2345794
332048929,10,1848994
332049145,33,13804413
332049249,3,524082
332049320,4,315936
332049584,24,9851834
332050313,15,854622
332050622,16,4295794
332051089,4,2100820
332051106,32,10075972
332051703,16,6668276
332052688,20,10559271
332053567,52,5619736
332053761,10,181171
332054003,4,1627572
332055717,17,1461221
332056159,50,17862026
332057184,19,7196612
332058944,7,1915419
332059084,6,4804880
332059575,28,15021145
332061396,3,1054500
332061965,12,5507569
332063933,37,1129460
332064204,5,1460797
332068929,14,7643822
332071994,4,264145
332073756,7,2702834
332080022,23,4207467
332081157,32,4672228
332083112,57,2897434
332087525,12,840620
332087584,6,2484421
332089964,18,1923767
332091711,70,5260239
332092015,14,338089
332092317,12,305032
332094586,32,1495800
332094771,12,563762
332095048,19,2116598
332095594,9,2362200
332096391,8,5853509
332096598,13,1272762
332096755,11,454208
332097952,10,3153471
332098260,26,2216557
332101212,15,5429550
332102251,15,1926132
332102724,7,1926276
332103748,15,4570335
332103783,20,16225472
332103903,10,3550010
332105121,31,28678088
332105455,7,8764864
332106376,5,1652113
332106611,54,20976679
332108418,17,4172280
332108948,22,7183282
332109290,9,2905602
332109456,21,9176202
332110448,19,5132171
332110460,15,2921625
332110537,14,2062076
332110969,16,11557477
332111981,14,9783474
332112022,4,1173920
332112556,5,1456620
332112894,24,9634263
332113365,14,4687376
332114378,12,5096684
332116165,11,2898099
332116480,9,373367
332117022,30,9719989
332117292,14,3404295
332117300,30,2140148
332117439,24,6415495
332117443,13,4142292
332118605,20,9688639
332119507,38,12789578
332119583,14,7067468
332119792,92,14695609
332120976,5,359612
332121034,5,685803
332122087,8,2666627
332123938,3,1197630
332124272,11,1545192
332125745,8,540612
332126087,17,714185
332126317,12,2605138
332127340,8,529990
332127355,7,2117186
332127587,3,32139
332129136,14,629462
332129239,13,686790
332129809,9,423888
332130131,28,2905610
332130575,16,10909973
332130746,14,606702
332132175,19,566975
332132845,46,2374681
332133291,23,999651
332134282,40,20272442
332142813,180,16683032
332143844,13,1030681
332146187,30,2354275
332146360,56,3202151
332146827,14,115734
332147838,11,1443163
332153655,5,598464
332154001,9,924682
332157107,116,14390892
332158502,15,907082
332158955,8,2237196
332158965,50,20438678
332161965,6,271020
332164760,3,251282
332165619,14,1396637
332166589,16,7800557
332169106,22,7874304
332169395,17,6921747
332171593,9,2251662
332171776,8,2886197
332172710,29,8769440
332173527,116,6000551
332173655,10,2024068
332174990,8,2429344
332175074,14,1371966
332177192,7,2729239
332179299,9,719981
332182467,10,996183
332184680,38,3232142
332187989,30,1538738
332189375,10,506584
332190387,6,366972
332200588,17,4987096
332201587,22,1158554
332209056,21,1047399
332212051,10,2045548
332213441,19,4546367
332214635,23,1436388
332215118,16,4723393
332239398,11,1878545
332247706,7,3141763
332280128,5,327394
332302692,17,1236071
332304788,3,90336
332304791,5,220926
332307269,4,547399
332309734,9,308957
332309803,10,5701086
332310277,9,5965767
332312299,19,6308748
332312491,12,4743607
332312860,14,825707
332313593,12,662697
332314728,16,5267070
332314793,16,4577886
332316541,7,2016760
332316816,26,13823439
332317323,35,15758573
332319048,27,1480484
332319065,17,1034113
332321169,10,605226
332321590,8,1980297
332322992,11,5339257
332324046,23,5922298
332325518,10,3699579
332326016,11,1388876
332326436,40,13933090
332327302,7,3727431
332327569,16,9256890
332331209,57,4254617
332331642,6,241534
332333548,42,3232655
332335280,14,2606333
332337434,9,492152
332340277,10,683164
332340750,26,3790159
332343296,48,3853479
332347233,18,5026143
332347885,9,2462753
332350040,20,1950561
332354977,3,949956
332356153,6,1981101
332357927,8,530543
332359145,11,5193520
332360665,10,1803857
332362065,85,41621833
332362471,19,6830789
332362980,7,2586295
332364209,4,1936425
332364714,18,7087561
332365440,11,2769567
332365645,15,4644663
332368219,5,1121061
332368656,34,11390192
332369248,52,4454215
332369684,8,1618576
332372161,11,2356410
332373998,16,5389830
332375568,10,932472
332377339,20,2706998
332379421,30,3568911
332381693,19,2565395
332384788,15,687841
332385089,8,256516
332388487,17,1312091
332393659,15,1718981
332395471,32,8206872
332395941,26,2747302
332396655,138,13070772
332398389,7,844439
332401728,119,65465331
332402751,18,3521101
332405033,15,2588664
332406395,11,516718
332409166,13,8403956
332409290,31,2989084
332409641,5,670150
332411018,24,9598662
332411332,19,6303912
332411645,97,60796743
332412654,40,4360745
332413141,13,474529
332413730,17,4239650
332414547,13,5505814
332414737,40,23673693
332421246,13,1237692
332422663,18,11003739
332424186,76,5752156
332424278,9,735765
332424857,7,623487
332425764,6,320879
332427032,125,6920882
332429917,6,110253
332430224,23,3289145
332430895,35,2142824
332431899,9,413222
332432654,17,521826
332435716,16,2677741
332435766,4,512883
332436455,5,278970
332436668,32,1697093
332438193,13,649038
332440108,20,1223425
332440904,19,4209524
332443688,33,1668282
332443793,8,514013
332445023,38,1522757
332447556,13,1512236
332450113,18,1063329
332452443,10,932061
332452464,7,551755
332453112,118,50769631
332454823,3,463513
332457136,14,3561970
332457715,12,2043733
332458873,4,30305
332460792,19,5019101
332463009,3,430502
332463042,7,1572273
332463825,21,6161551
332464444,48,21122467
332465063,64,32103876
332465073,7,2165394
332466609,22,8110413
332467107,5,1527554
332467399,6,2267255
332468261,34,10964139
332468519,20,879698
332468586,13,3226947
332469016,96,55632549
332469847,26,2847003
332469862,4,795411
332469918,18,6258907
332470069,11,2653728
332470600,9,1625492
332470996,20,3493838
332471340,16,3522731
332471632,18,3239603
332472224,54,26940829
332473130,5,1335474
332473923,5,1507947
332474005,28,6792735
332474613,5,2390624
332475062,15,7904802
332475462,5,3109848
332475906,6,1716991
332475943,15,6001079
332477093,4,1756087
332477099,23,1260488
332477143,123,57705091
332477981,15,693116
332478487,23,7220467
332478658,8,2080694
332478722,19,7258489
332479484,12,3794121
332479876,16,6512169
332480102,7,634769
332480719,21,8311530
332480729,28,12843992
332480817,12,4076384
332480913,17,5751838
332481180,17,2071658
332481586,17,6277997
332482054,20,3251790
332483623,21,6038101
332483852,20,6469719
332484594,27,9687535
332484642,21,6562936
332485279,32,10594149
332487739,21,7222740
332487826,38,2163276
332488445,29,8901337
332489703,7,2176174
332490542,24,2185254
332493104,4,1192651
332493718,26,2401240
332495456,8,4783020
332497542,17,3284803
332502253,39,1583935
332504133,13,1436699
332504611,16,4766096
332506133,3,572039
332507170,8,723612
332508515,23,5286262
332510143,3,471303
332511415,72,35698335
332513800,5,1342859
332514462,20,829044
332514577,73,28085647
332514779,13,604281
332515323,42,20373888
332515357,6,613377
332516024,16,1726224
332516206,12,4006999
332516780,19,770750
332516827,43,2801656
332517780,183,68767452
332519499,6,806976
332520687,13,3698062
332521380,57,23610158
332522672,37,7172674
332522715,13,1633159
332523308,42,771101
332523344,8,1947415
332523666,119,55735561
332523679,13,3329119
332523791,24,1712318
332524400,253,107552430
332524495,6,1559726
332525370,36,3332084
332526160,9,1203566
332526442,15,3378384
332527136,10,370655
332527844,14,1542015
332528598,307,142917809
332529341,7,858033
332530074,14,1492610
332530354,8,3055789
332530743,61,24781520
332531826,13,2575691
332531837,26,1591911
332532048,8,193032
332532926,9,917134
332533075,14,791075
332533950,84,55424302
332534109,31,3790046
332534458,5,891495
332534507,14,6387061
332534670,10,3263421
332534786,24,3903002
332535014,24,10218190
332535376,6,2654076
332535458,34,1060394
332535579,57,6832987
332535611,17,1519501
332535638,4,1145311
332535729,16,5688901
332535850,32,2723952
332537167,9,1524822
332537644,18,3396466
332538099,16,1851225
332538210,13,6599646
332538643,13,3604591
332539096,35,12116681
332540271,21,2444109
332540332,130,48822137
332540898,8,4063587
332541421,20,3558173
332541528,48,17036293
332543021,3,817683
332543192,4,218512
332543213,26,1665117
332543692,17,1708943
332544201,53,30778408
332544582,32,1874250
332544675,33,12116079
332544695,8,1284912
332544975,20,4397354
332545121,8,719152
332545428,24,11085572
332545800,274,150483216
332546065,7,2576491
332546066,27,12431983
332546575,33,11852365
332547549,14,1259317
332550002,9,1076327
332550069,3,915692
332550828,29,2095698
332552134,14,4717225
332552553,33,13170032
332552978,3,266345
332553054,7,2098365
332555751,22,3444910
332557107,31,1993941
332557640,11,961838
332561489,7,698694
332562753,33,3458147
332572268,13,1378444
332574163,23,1269490
332574794,19,1735016
332578444,11,2684053
332582211,59,16672891
332582226,35,14333018
332582382,10,1600997
332583545,5,649123
332583679,69,12883611
332589308,14,1608068
332589478,7,518166
332590144,26,737913
332591361,4,655476
332592757,33,15649936
332593177,133,9900708
332596059,44,22232814
332596498,20,5232268
332596571,18,6588687
332601018,21,3569232
332602365,10,3611587
332603831,5,1814571
332604070,14,845228
332604579,5,148853
332605714,7,2316884
332606072,6,222677
332606614,81,9554097
332606905,11,849735
332607387,10,594898
332610765,6,241288
332613159,6,586839
332614730,8,732084
332616624,4,109069
332619592,12,1034129
332620496,3,43664
332621770,23,2276106
332632553,10,515786
332634919,31,9704819
332640916,21,1623039
332659298,14,1711363
332688529,16,7261996
332703796,20,1780949
332704928,7,383708
332722547,5,411462
332724621,6,2165902
332728682,10,912367
332737143,45,10489019
332738187,3,654449
332738191,13,3052233
332742990,10,1873212
332743109,17,5849775
332743729,62,36416724
332746678,62,10516823
332750345,16,5537096
332751449,25,15496109
332752087,6,1670022
332753756,16,7438426
332759843,40,2851561
332760351,9,590330
332760358,25,1504428
332762499,17,777160
332763088,7,2086723
332763966,30,2372135
332765529,71,7978617
332767952,9,337989
332769789,16,2534441
332772141,17,1042620
332773902,18,1668401
332776497,12,3987288
332776760,23,3141641
332777239,6,1745985
332778177,126,54058543
332778696,22,1931511
332779284,16,762650
332779383,10,1822062
332779743,18,2938052
332779777,19,5439579
332780278,7,1477097
332781064,13,4243559
332782055,40,16462094
332782725,11,726183
332783294,11,3677236
332783877,8,1238837
332784864,14,1215374
332785127,64,24072743
332785446,20,8540055
332786781,5,3197888
332786963,30,15742794
332788120,17,1263012
332789334,20,7518529
332791154,12,581850
332792574,14,3307210
332792765,12,6463114
332792919,15,8315544
332793030,17,3696188
332793046,13,718223
332793293,3,321624
332794232,11,6512029
332794833,53,22398435
332795649,25,5298752
332795905,17,8048044
332796629,23,1613665
332796793,9,2757956
332798259,9,2215122
332799777,28,1184476
332803413,294,20560455
332821529,17,673639
332823435,4,1219517
332823451,80,4160493
332824714,6,638581
332826735,28,9555210
332830116,18,7153016
332830611,33,3350449
332831358,19,4444158
332832601,6,2772013
332833747,56,3071464
332833798,11,358929
332834318,23,10140455
332837959,6,2062498
332838793,5,261871
332838871,12,1141620
332839603,3,407045
332839834,3,1100752
332840111,9,3052325
332841158,3,744444
332841482,74,29484329
332842628,66,2008144
332842860,18,4916593
332842980,7,543616
332843029,16,1771911
332843417,31,6671912
332844756,12,1462010
332844919,19,6140499
332848957,7,757259
332849196,21,1034089
332849985,137,14969203
332850288,11,2075415
332850640,38,1436640
332850746,23,1841495
332853084,11,1189557
332853307,26,1728877
332858606,33,2557307
332864521,81,3128207
332865801,21,1692741
332865849,53,2846390
332868495,4,103230
332869962,30,913167
332869998,6,733552
332872266,4,134443
332873143,12,2769531
332874178,3,577693
332875152,3,1025956
332875582,74,33731629
332876680,63,18610734
332877169,3,517216
332877265,281,125531384
332877563,4,2572039
332878208,21,6185834
332878371,3,1407350
332879804,47,15649722
332879964,26,8524857
332880066,112,36944171
332881011,35,986778
332881478,24,9777010
332882437,58,24098233
332883090,10,3489063
332883888,16,4921349
332883947,15,3428386
332883961,63,31224588
332885287,3,3474151
332885321,46,3475435
332886325,19,2127992
332886794,44,8217094
332886871,11,1049186
332887040,10,613322
332887571,7,1738811
332887887,20,5980114
332888847,20,6614333
332890291,10,4338950
332890450,56,24602111
332890502,20,557776
332891307,45,2514005
332891727,9,657124
332892294,28,9582282
332892466,23,6981315
332892742,15,3811439
332893193,27,4927549
332893238,5,239222
332893308,7,819752
332893670,19,1800577
332895582,26,2404456
332895843,51,19995739
332895913,4,3037590
332896025,18,388940
332896125,17,3973095
332896338,38,15953725
332896487,39,2765091
332896604,16,7881211
332896890,39,4746205
332897000,3,503641
332897259,25,16246322
332897614,7,1098543
332898025,20,1057155
332898173,11,425090
332898201,14,1211264
332898319,9,4070492
332898511,11,2915760
332898785,17,8933357
332899155,4,650452
332899163,6,1431292
332899275,34,11833896
332899323,18,6215773
332899666,4,200008
332899902,12,2639685
332900843,15,4411832
332902867,8,2276570
332904066,13,3489464
332904649,13,4489332
332904784,31,2243506
332904799,12,683895
332905525,28,13285529
332905552,7,2889128
332906120,25,11930163
332906362,39,3056692
332906690,6,1314044
332907849,37,1893986
332908050,36,2215858
332908237,30,14166533
332908761,20,7236701
332910177,5,179942
332911414,12,444803
332913550,21,955291
332914447,11,531334
332915953,18,1092480
332916171,6,169131
332916394,12,711705
332917977,55,1177935
332918878,19,1517671
332923021,9,2133366
332925105,39,3001357
332927755,7,3182875
332928616,6,3662099
332929243,21,14283369
332931704,9,420771
332932279,6,1597895
332932718,3,1270363
332933925,5,1650352
332934248,11,427503
332934494,20,1163081
332934748,111,32765387
332934858,7,236414
332935324,660,311177674
332935721,16,282386
332935988,12,693898
332936441,67,2475075
332937259,27,2340647
332937323,6,1636914
332937464,6,2409312
332938317,15,14641831
332938815,219,90791967
332939043,7,956473
332939183,9,777114
332940926,15,2960731
332941307,6,700298
332941494,24,4852657
332941794,25,2332219
332941796,66,3437107
332943196,3,488301
332943892,19,5679998
332944007,101,43703342
332945770,12,760681
332946778,9,4042246
332947091,9,4515179
332947098,146,55703477
332947212,107,44179905
332947607,21,3780864
332948347,36,12419932
332948823,20,4030136
332949318,28,12343907
332949913,3,477141
332950435,48,2325298
332950479,21,5150360
332952365,11,1218562
332952368,4,754148
332952638,49,20785276
332953307,16,3093305
332954782,25,8153507
332955301,22,10193059
332955501,12,3235187
332956029,446,239717891
332957644,44,2167631
332958402,5,662585
332958669,11,364791
332959311,5,229960
332959524,17,1752774
332959698,14,3906384
332960678,8,187232
332961456,27,3328781
332961938,16,5684321
332962800,32,2988256
332962934,12,2194086
332963235,20,5359729
332964149,16,5576737
332966064,57,25190185
332966229,11,884368
332966235,130,58330494
332966379,57,23426382
332966935,5,639193
332968352,29,9210599
332968627,15,6732419
332968714,12,3874660
332969508,14,3870008
332970155,26,14299697
332971779,21,10666749
332975194,9,4269746
332975910,72,2048511
332976476,47,8103550
332978704,14,1656352
332978761,6,1294880
332981073,16,7333230
332981719,63,5796852
332988431,76,2853333
332992299,15,2603704
332995248,4,48936
332995687,12,1405158
332997754,16,1661581
332999199,6,1669005
332999338,11,4412976
332999640,51,1850347
333000275,22,4549601
333000439,8,755466
333001187,6,1612255
333001398,29,7424917
333001606,18,16651481
333002288,33,4599526
333002418,9,2034238
333002445,12,1728156
333003172,21,3476497
333003251,82,36628638
333005868,8,1027578
333006407,18,909231
333006813,13,5791643
333007988,62,10735934
333011976,17,473189
333012492,29,12665689
333012695,10,524878
333013834,18,2123099
333016974,11,3587001
333018517,4,55280
333018962,12,4418763
333019222,5,1017483
333021198,17,2417800
333021217,7,73359
333029023,3,2508232
333029168,30,10220664
333030194,12,3948174
333031259,9,464292
333033554,4,184951
333036612,9,1009654
333042244,13,942924
333047055,13,697733
333070980,17,1151344
333071987,19,7071964
333079551,30,15445288
333109898,11,5368529
333125472,28,1943765
333132179,21,8365940
333139361,27,9113252
333143155,16,9424058
333143953,3,902106
333146674,7,748212
333148264,44,3146300
333150748,5,256986
333152294,17,1668706
333152748,14,891378
333153073,11,1023738
333155436,42,4403334
333162240,12,4195764
333162266,10,1662770
333163615,28,1335256
333164892,16,1598690
333165354,19,8894775
333167516,25,2490910
333170542,23,1904471
333170563,6,163563
333173260,12,1123173
333176351,9,2433381
333178457,16,3919325
333180231,28,2937722
333181988,14,3974945
333190763,7,415369
333192250,20,957360
333195997,17,749491
333196535,13,1108003
333198761,10,1143095
333198919,235,109225343
333202182,12,2916345
333203678,69,24110359
333204126,5,216621
333206713,5,1042358
333207016,5,248438
333209599,39,13901352
333211677,3,1209741
333212156,20,873590
333214616,3,701267
333217331,16,2725942
333217550,6,118156
333218498,28,10678272
333219980,29,16393047
333220359,10,727354
333220795,16,596345
333231165,22,1344453
333232718,17,2059982
333233110,28,11442588
333234404,99,8964332
333235467,37,2505971
333237333,19,10770825
333241182,16,580265
333242521,15,3807739
333243834,32,15366058
333256238,16,13243571
333257639,4,1433542
333258998,7,4156400
333259053,6,2693980
333259658,14,515182
333259663,35,17045761
333264658,4,1324374
333266467,11,4017210
333267814,9,3183628
333267853,4,1171313
333268025,7,871988
333269084,4,1580578
333269190,10,1963693
333270197,32,10631222
333270257,4,632899
333275170,23,2001518
333275626,9,1522931
333279281,36,4665632
333279819,12,2148289
333281955,86,9426575
333282105,8,543489
333282379,12,1296352
333285220,52,7359846
333285226,36,4055724
333285841,12,1252490
333287132,94,10742495
333289013,12,2675855
333290619,111,6134728
333295220,6,1152764
333298855,10,2342776
333299352,7,273244
333300789,17,8032064
333300901,18,803548
333301379,36,1328004
333301615,9,2090179
333302372,13,1724382
333302698,6,5576833
333302728,34,14078221
333303717,3,766568
333303905,5,1044993
333304059,13,2531468
333304502,44,12802797
333305398,8,1707542
333305794,7,1733650
333307972,53,16667778
333308746,62,14687941
333309075,11,1277442
333309882,12,509613
333310025,9,5182581
333310100,9,3652080
333310177,18,6654813
333310348,4,238632
333311744,8,873112
333311851,9,3317851
333311968,6,1638880
333312169,45,15625728
333312399,37,1246961
333312677,28,7245542
333314068,12,5318817
333314579,16,4001120
333315248,13,1300906
333317161,18,11767295
333317956,21,1339603
333318602,12,3425835
333319613,27,3183219
333320084,5,2767569
333320401,64,27360972
333320648,17,7265875
333320853,16,5487194
333321192,5,2230534
333322343,14,3819724
333322466,6,3800619
333322523,30,2020907
333323679,35,12424394
333324099,22,6995067
333324563,40,13744480
333324758,12,2388962
333325799,62,46565872
333326936,24,9935692
333327188,51,21312472
333327228,15,7879995
333327920,15,1444308
333328868,12,4156190
333331287,10,2623030
333331725,4,126299
333334117,12,693133
333334436,15,5681166
333334632,20,7224030
333337350,53,3545999
333337601,5,182387
333342002,34,11284444
333342252,6,578110
333343968,11,773192
333344241,36,2270308
333349023,23,2703506
333350080,32,3460180
333351927,42,1728133
333352478,12,1816902
333356972,8,882499
333357549,147,61492983
333359657,18,1399907
333360390,311,133007036
333360798,15,4215408
333361519,19,7189411
333361579,64,1972876
333361952,16,1562987
333363860,3,1904830
333364936,236,123513527
333365450,50,16518226
333366159,7,835624
333366406,13,8149038
333366831,21,3110576
333366986,10,822810
333367772,26,10477601
333367863,41,14356678
333370212,34,4360824
333370624,169,85120213
333372495,8,1256924
333373863,164,97687088
333376865,16,7091951
333377566,11,1964390
333377925,27,1369347
333378052,15,4922644
333379009,15,901231
333380639,35,9438102
333382487,25,2209905
333384514,16,6076302
333386411,93,3278697
333386645,10,3406270
333387702,45,15245318
333387710,28,7181196
333387742,29,3584476
333387996,22,1775477
333388877,16,5944586
333389071,40,16328227
333392424,65,20359236
333392427,5,949659
333393002,31,10704711
333393208,11,4053576
333394514,17,9550301
333394829,12,979242
333395978,19,4254854
333396255,25,3881730
333397914,12,842620
333399621,5,407970
333401729,28,9228181
333405832,14,1111578
333410519,14,5244856
333411718,19,1857361
333415126,37,1278593
333417327,11,1281973
333418219,3,447608
333418896,9,625017
333419758,98,43083955
333420308,10,877198
333420530,7,3500388
333420582,13,1166731
333422470,18,1561741
333422700,4,962363
333423638,11,946820
333424112,19,2416693
333424291,43,3083185
333424850,57,8765126
333426170,29,2397607
333426479,6,1668484
333426714,16,1194570
333426843,35,6085272
333427300,19,10913128
333427592,15,4628055
333429151,5,1637151
333429699,9,1868552
333430912,23,9426288
333431116,8,3847436
333432141,18,3504200
333432191,18,6192354
333433442,14,4126498
333433937,44,15269299
333434112,5,205384
333435039,50,2337627
333435149,49,22962295
333435636,70,14272694
333436679,16,4700120
333437263,10,4226866
333437668,20,3023379
333439517,16,5616885
333440003,9,320372
333440694,21,6974298
333442646,19,6915472
333445108,19,7710336
333445566,4,148728
333447757,5,121746
333452938,4,79929
333453560,19,981012
333460276,17,836824
333470379,25,2186442
333474383,5,359275
333477442,16,1205174
333482083,8,1744551
333485148,6,334379
333533429,6,237067
333535460,3,400270
333556993,12,509151
333563684,14,6161644
333567197,15,647480
333568214,6,222316
333569179,6,199044
333569966,9,737036
333570751,7,376391
333571452,16,656120
333579258,11,1321882
333585160,13,5287326
333594866,9,1363905
333595373,21,1446729
333600769,3,704423
333601824,100,6021289
333602582,40,15975766
333605560,7,202615
333607556,35,2232398
333610031,27,1880307
333612328,7,457337
333616739,62,4681069
333622157,6,751918
333623540,4,642444
333623835,21,2841780
333627752,21,9859682
333628153,14,1139927
333628358,3,293595
333629699,26,7521401
333631245,6,1202655
333632657,22,6178509
333633222,4,596646
333634155,7,1572735
333635243,54,15079742
333635307,16,13951432
333635378,39,14581455
333635487,21,1288003
333637947,13,4849329
333642511,20,5953335
333643745,9,1944861
333645706,3,68783
333647210,17,1238364
333649303,31,3450273
333652271,4,929884
333654499,14,465546
333654645,24,377849
333654783,98,5533338
333658468,7,577453
333658495,12,462044
333660237,45,3530896
333666613,22,2394845
333666662,24,10007752
333667110,35,8387705
333667783,8,3218511
333668825,122,52781416
333670567,19,1655165
333670949,32,2661406
333674571,17,4208652
333675534,18,1469119
333677250,34,1747386
333679189,17,5655715
333680089,76,31647311
333680115,4,1059299
333680184,12,3718301
333681611,19,9536515
333683208,23,1558383
333683717,7,390201
333683878,68,31181086
333684211,8,3595228
333685765,50,2848652
333685816,15,6802455
333686156,8,2222912
333689244,14,781906
333690018,9,303355
333690524,8,1824380
333691001,32,2165662
333693877,11,1639562
333695887,14,1603812
333700368,10,638640
333703532,9,350269
333705040,123,4620780
333705606,41,2676855
333705953,21,1799193
333706746,26,1398519
333709313,13,437807
333711288,10,2004783
333713047,5,564348
333713348,10,2437354
333713473,34,16691640
333713579,66,4040321
333714463,51,18003746
333714705,5,631317
333716211,36,9628908
333718233,15,11256032
333720277,6,257157
333720450,7,269034
333720506,29,3796315
333720716,22,11435550
333720975,20,4361389
333721741,57,13353460
333722053,12,986046
333722273,23,5198374
333722652,23,8565309
333723179,16,7225866
333723889,9,2189155
333723960,36,12837226
333724521,20,5493390
333725486,6,4761688
333727133,71,42224613
333727213,14,1466297
333727864,29,11793753
333728579,3,1081548
333728595,6,320649
333729047,37,4458540
333729234,34,10779581
333729398,177,85538049
333729789,14,795308
333729951,23,3205083
333730149,26,718794
333730697,7,5076628
333730825,21,6366022
333730993,160,73478940
333731752,15,12913461
333732531,66,4799828
333732533,15,694587
333732761,27,2426829
333732868,26,2206038
333733709,47,10692894
333733907,18,7756276
333734438,14,5186399
333735185,45,24653625
333735605,15,6358407
333735608,11,3342952
333735789,13,1196001
333735802,9,5547028
333735886,46,17717867
333735941,4,1042795
333736963,25,6231134
333737774,27,10869649
333738986,17,1476179
333740081,10,677480
333740124,20,7263991
333740503,40,13171423
333740622,4,1407996
333741471,31,4209884
333742009,29,12289038
333742548,8,3770657
333742621,29,3756453
333744500,6,2309725
333744515,5,2215521
333744986,11,775176
333745118,12,2759205
333745278,51,14367169
333745870,22,12339770
333746152,11,21872428
333746891,3,3305456
333748385,20,2633149
333748730,5,1605638
333750811,18,2116445
333750885,5,765763
333752551,159,12909430
333752631,14,1084051
333753487,22,1494539
333754033,3,39727
333754043,13,2086104
333756550,22,1502749
333757611,16,1468620
333760842,16,1756923
333764906,9,469763
333765629,20,7885694
333767837,4,2079267
333769036,82,10120433
333769256,9,4536
333771926,90,40110269
333772637,9,2259917
333773441,120,52536881
333773534,41,5633277
333773584,127,63244906
333775882,4,1133274
333776007,19,5106776
333777026,17,6218018
333777384,240,116324998
333778738,5,605944
333779917,14,4618238
333780053,13,3439160
333780726,58,16400679
333782590,107,58634089
333784603,8,370835
333786721,11,1276602
333787601,6,1425729
333791026,10,3667963
333791408,7,1524357
333791715,6,1348812
333791721,35,13089617
333792555,14,1910824
333793623,5,803211
333793839,9,6720
333794084,12,4443166
333795420,24,9642982
333795952,23,1129546
333796335,28,9951059
333796408,4,35524
333796496,10,2510794
333797565,11,3277142
333797879,55,21157494
333799184,26,7314340
333799323,39,16931457
333801666,14,4767432
333801923,10,2865903
333803407,6,597602
333804766,19,733568
333805319,17,7500389
333806038,15,2496474
333806198,19,2608508
333806592,10,2652254
333809514,25,2170943
333810241,12,483106
333810493,12,1640871
333811497,18,5480348
333812091,30,2104565
333812383,10,1141150
333814068,9,569201
333814468,7,442446
333814486,16,2108642
333815959,9,941032
333818200,15,6059094
333819848,7,423369
333821206,10,506618
333822007,62,8933317
333825514,40,2646804
333827393,17,3970287
333829494,44,2248210
333831182,11,1202834
333832407,21,2908691
333834287,39,4293706
333834592,48,20352539
333835582,6,376275
333836888,50,4004110
333837499,18,2627463
333840730,32,13482319
333842334,23,2115011
333842674,8,652835
333844008,11,4001939
333844319,5,575876
333845652,21,8897980
333847046,14,1075662
333847872,13,2460004
333848852,48,15655685
333848996,14,1972038
333849915,5,490807
333850235,113,56818089
333852381,4,989209
333853692,15,6492272
333854631,8,499896
333855764,37,15467372
333857068,20,1409650
333858325,27,2470213
333859543,7,649997
333867057,11,2172912
333868024,14,831631
333887712,19,1464917
333948106,4,367931
333949548,5,207274
333979574,21,888807
333981316,15,433364
333982627,5,683678
333985644,12,456065
333985671,3,329402
333988099,29,1565168
333989521,7,422877
333992759,10,429829
333993942,16,1620198
333994025,15,6038701
333994624,9,847874
333995332,30,1442314
333996401,7,160953
334001170,9,967742
334002691,14,3272023
334006967,12,4506816
334007122,19,3356126
334010995,27,9715777
334013828,33,1731352
334016162,8,1985564
334017652,4,220954
334018978,12,2174032
334022413,32,1623905
334023280,4,139868
334024433,12,2421064
334031002,22,6622158
334032191,91,33239314
334032556,12,348453
334032831,5,368263
334033972,11,436194
334035688,17,1548942
334037118,17,1197193
334037934,140,57044176
334039718,33,3083861
334041032,23,7926835
334042159,26,11793591
334042313,10,2613585
334044342,62,3209320
334045511,26,2085912
334045909,19,6060739
334047555,10,1769554
334047556,20,5420303
334050660,19,5166744
334050922,9,2803125
334051749,21,10946119
334052727,18,1969158
334052731,22,993325
334054735,3,1088451
334057101,13,4012021
334057342,12,3195921
334058977,9,490874
334066716,14,588488
334071575,15,890712
334075192,7,266131
334077335,30,1737694
334079690,16,5131007
334080572,46,1854736
334084266,30,8711235
334088050,17,782096
334090131,50,24622993
334090527,3,1074202
334091929,47,18736429
334093806,10,505208
334094805,14,1152614
334096777,29,2861316
334097271,19,7044238
334097485,17,7833145
334097968,17,714754
334099060,31,10962109
334100165,22,1902898
334100477,12,4907900
334100749,17,7580960
334102471,16,2911952
334102949,8,721876
334104551,27,1728010
334104975,23,1865120
334108294,60,3981776
334110112,7,337315
334113440,39,5516554
334114987,13,2613757
334116646,63,3529498
334116979,13,2211547
334117421,16,1027748
334117429,8,227116
334120005,18,1124264
334124648,19,349079
334127293,7,645861
334127557,21,837436
334128429,16,3522753
334129490,14,1834431
334129536,7,1310548
334131015,76,33742248
334132542,4,108159
334132662,9,818719
334132850,12,1881281
334134190,24,6757692
334134444,11,2628378
334135214,13,3105067
334136223,8,2843424
334136235,20,510352
334136587,71,8050946
334136750,9,1168359
334137031,19,4751147
334137417,11,1108335
334138074,60,17872237
334139009,18,1063717
334139319,4,399463
334141383,18,4707965
334141746,18,2964030
334141963,16,5521380
334141999,26,4945327
334142039,160,67362495
334142373,8,613237
334143827,7,489852
334144791,5,2872551
334145922,13,939795
334146105,12,6380456
334146405,20,6763417
334146985,27,1936297
334147093,17,4459540
334147598,15,4717237
334147711,33,2776482
334148514,11,1244156
334149485,3,110976
334149743,17,2667460
334150100,20,5515408
334150275,113,47674863
334150440,13,842669
334151788,4,682117
334153256,25,14515235
334153341,21,6571051
334153763,30,8045811
334154107,13,1450576
334154152,10,1355282
334154385,13,1058916
334155117,13,3357218
334155453,9,2660760
334155728,70,34630642
334155894,25,5462608
334156619,4,1397968
334157382,37,18292249
334157927,21,5765834
334158273,20,11209635
334158930,24,1964144
334159119,8,3104714
334159263,20,1146984
334160168,13,23563662
334160511,39,20276340
334160604,14,4806445
334160621,15,3512822
334160790,12,2502680
334161309,34,902196
334161536,204,14630351
334161603,26,13185403
334161813,21,1662651
334162546,13,1004714
334164096,6,2556711
334165200,8,321710
334165395,3,1513295
334166369,48,7211564
334166515,79,947744
334166699,16,10437114
334167065,19,749781
334171957,14,2445824
334171997,3,224416
334175487,20,944261
334180838,22,1238955
334181329,6,801058
334181582,25,2383320
334182635,23,1107741
334184121,68,974314
334184319,7,2539256
334186819,18,1020109
334188878,14,4442602
334190808,106,37107930
334194481,15,3485206
334194644,17,810787
334194742,34,6682256
334194749,11,2857392
334195296,16,4489234
334198004,17,4619504
334198778,9,3393172
334199166,98,2234464
334200440,66,24664661
334200671,9,3000192
334200758,56,18612218
334200829,28,11171453
334203130,25,7289990
334203272,5,761496
334204675,21,6961466
334205323,15,824791
334205883,8,995496
334207583,6,934699
334208588,10,2410650
334209215,10,1097809
334209649,8,702021
334210578,70,32486457
334210889,3,571383
334211702,6,3180677
334212194,4,2074726
334212536,7,1737145
334213282,16,1658381
334213526,9,3027798
334213922,21,5217662
334214412,12,3158749
334214465,32,8791697
334215240,10,426082
334216028,34,7842595
334216058,64,28943714
334216097,25,4736912
334216415,6,2968735
334216496,29,18037733
334218562,14,4287840
334218608,18,1138050
334218925,63,36811092
334219150,14,4734607
334220286,30,751913
334220682,14,349036
334221525,15,2829946
334221746,33,17802259
334222995,12,2721899
334223311,19,8565503
334223691,18,5699452
334223986,9,2093539
334224212,14,2534595
334225285,22,10400875
334227153,19,3046569
334228154,26,1808897
334230403,42,13043377
334231073,32,8225021
334231557,13,4043416
334232186,21,8654094
334232214,5,359975
334232298,18,1603463
334232819,11,932967
334233103,6,680411
334233255,52,3365830
334234965,11,1408601
334235017,48,4934239
334235298,6,486363
334238104,6,443718
334239423,25,6825601
334240478,10,513826
334241226,6,450885
334243031,19,1244273
334244892,11,503819
334246669,16,2359287
334249754,12,801968
334250595,8,823163
334250807,16,544878
334253381,13,884922
334254272,10,584487
334254618,93,35674195
334255150,7,350222
334258157,13,2382949
334259821,73,13287493
334261254,4,231463
334263112,16,1249931
334263683,9,1051823
334264102,39,2836945
334265636,43,4152052
334266335,10,449167
334267886,3,469048
334268267,47,19778776
334269224,3,1011432
334269959,17,4203633
334270674,6,1366482
334271134,16,1031244
334273412,33,14206189
334273416,17,2612752
334273599,11,4621310
334273779,13,1144104
334274468,5,902096
334276278,27,11682123
334276468,23,8648375
334276834,13,4003846
334277190,7,3766479
334277841,14,8853963
334279694,22,10707055
334280193,11,4344990
334280226,4,6210033
334281431,15,715383
334284500,13,11830865
334285424,24,3326589
334286046,45,3105664
334286606,5,1051425
334286660,11,396206
334290157,12,1151810
334291577,9,246469
334298277,17,2426207
334298291,5,482568
334300533,19,2573018
334303292,19,10086866
334306850,12,598462
334306863,12,937145
334309763,27,1310598
334310584,37,1651811
334310668,22,2652869
334317889,21,6501817
334320596,44,5753236
334326820,24,504936
334327013,44,9165748
334329227,44,7719040
334329434,6,701791
334349017,3,87918
334355758,12,582547
334374124,15,3407287
334374829,15,1120863
334387944,9,868617
334388154,10,137392514
334391856,3,85784
334392545,10,471906
334397092,3,70242
334398122,12,944371
334423160,12,1029117
334430295,25,1839915
334432376,4,177495
334432736,5,762959
334433752,12,1095215
334434235,6,1646963
334434557,11,632727
334437148,31,16020319
334439087,48,6453546
334441515,11,832328
334441864,46,4295701
334443252,21,1816717
334443686,33,2262912
334444208,103,7744345
334449239,11,1119645
334449436,22,1585012
334449877,14,1164703
334451444,12,1752569
334453653,16,1397520
334454631,6,396968
334454943,35,3803616
334458694,19,3492738
334458749,20,832611
334458825,10,2576224
334460961,169,75029248
334461227,12,284084
334462063,17,1761323
334470188,16,1942551
334473066,75,26053910
334473634,33,940919
334475280,12,698017
334475537,17,1280719
334483027,4,798619
334484344,11,2008072
334484962,15,554511
334486257,12,3231458
334488236,206,25806112
334488238,9,1053843
334490263,9,1248281
334496869,20,2842984
334499187,12,848608
334500501,10,1163555
334504327,10,1181708
334506928,29,1480682
334510929,3,133426
334511104,16,4573497
334513274,5,1301343
334513533,83,29012656
334514360,6,1288809
334514553,14,4333673
334515590,21,12720708
334516441,39,11809377
334517215,8,1162568
334517795,50,14949739
334518456,8,2188471
334521065,35,5692078
334522551,34,1689946
334523391,41,14904794
334523663,47,13597010
334525940,3,818828
334526678,103,39039356
334527691,11,1485470
334532384,15,3618532
334534545,17,775377
334534658,11,4513561
334538005,11,244036
334538227,52,2616710
334540301,65,2760219
334543405,9,977843
334544293,24,1220216
334545210,6,922371
334546524,73,5418763
334548069,7,724976
334548259,9,1163557
334549984,35,3624686
334550516,8,934302
334551126,9,861339
334552956,26,979634
334554557,31,2803998
334555099,24,2322760
334555738,20,8048301
334559116,9,2231947
334560264,41,2024243
334561141,63,2136558
334566823,13,2612176
334567628,8,3460742
334567691,10,2991876
334568819,217,111868339
334569445,4,1086675
334569519,13,4043419
334570882,6,2103797
334572292,29,10614031
334572671,7,139739
334572768,14,5646017
334573407,13,847055
334575076,5,425429
334577843,17,7881087
334579016,19,6702614
334580550,16,1200732
334582040,9,1941774
334582675,14,807564
334582690,34,2214376
334583007,14,4681528
334583350,24,8361365
334584288,7,2379721
334585716,11,2684264
334587319,13,3984525
334588016,14,1716399
334589032,12,339044
334590469,62,12695062
334590611,9,2830457
334591868,6,2110416
334595410,78,12194789
334595562,8,3786815
334595894,16,997724
334595969,22,1519796
334596150,25,5377522
334599139,5,1229384
334599272,92,6158000
334599569,37,1511337
334599826,19,6449113
334601790,28,3026903
334602903,16,2139599
334605850,41,3013220
334610420,24,6210767
334610454,11,655317
334611524,4,103381
334612114,7,684640
334612238,5,369975
334618131,108,8981161
334621254,30,13517432
334623472,12,198452
334624852,20,796098
334625520,61,25150986
334626624,30,11897280
334627049,13,1113529
334627230,112,40518199
334627596,21,7091464
334627666,24,8414552
334629994,20,16337133
334632047,231,101107827
334632967,13,2671856
334633286,46,3750452
334634243,4,614042
334635085,24,8257652
334635278,26,12403568
334635664,5,1387159
334635755,9,3184590
334635981,9,2732903
334636000,30,12926004
334636177,13,1249361
334636366,8,2425410
334636970,8,2421036
334637532,4,316365
334638178,18,8610675
334638414,9,8449610
334639033,12,4496597
334639045,26,7199929
334639120,35,17728146
334639487,49,19064209
334639597,12,4794143
334640017,13,4810515
334640105,20,5241297
334640454,9,1334427
334640558,11,352631
334640602,24,12830767
334641075,40,23294272
334641162,15,6852454
334641958,9,7042507
334641993,21,10312515
334642484,77,28436299
334642593,25,8423802
334644054,8,1965041
334644264,15,2916183
334644268,13,4326520
334644304,55,26727098
334644410,9,4669882
334644421,35,12469163
334645043,15,5505879
334645096,30,1739077
334645392,57,24449698
334645405,63,17198397
334645610,7,1207376
334646171,12,3645749
334646944,20,3697505
334647287,14,5916979
334647520,17,4897876
334647549,120,49234014
334647612,7,322129
334648077,24,13438459
334648420,27,17561582
334648811,45,21635915
334649423,5,1346043
334649569,36,12196567
334649777,20,10095192
334650115,19,7351002
334650894,14,747864
334650974,27,6470151
334651115,15,751125
334651513,34,17128780
334651983,28,8376588
334653260,24,7106730
334653445,12,391287
334655159,12,1152145
334655261,39,1491602
334655534,17,1110766
334656159,5,3345081
334656533,21,4470116
334659377,13,6320317
334659604,4,1961589
334661262,37,5386636
334661354,8,1341045
334662101,4,677166
334662657,10,1048566
334666039,74,6746582
334667063,17,546394
334668482,12,331904
334671182,18,744440
334672259,8,667118
334672819,8,419329
334673282,9,187102
334676127,40,879656
334677121,53,4290739
334678615,10,340776
334679734,17,14107794
334680982,8,2970840
334681554,41,2813092
334682017,30,2517510
334682588,6,342895
334683654,15,14950042
334683984,4,884894
334684176,55,1247326
334685316,80,30627086
334686537,17,1339856
334687150,13,862088
334688313,38,2372225
334688933,4,4562212
334688956,22,5220657
334689037,18,693134
334689258,7,1114150
334690666,23,1032253
334690829,5,578858
334692887,17,4766058
334693038,12,596765
334693206,4,1470939
334693526,167,82332428
334694112,20,7693475
334694618,9,3003831
334696181,17,4420702
334696879,24,3504853
334697196,14,2111441
334697961,42,1065571
334698737,19,6277437
334699522,10,736337
334700251,13,3854357
334700943,21,10098059
334701133,18,1537175
334701310,27,10913516
334701629,16,1134984
334703106,10,2650834
334703431,13,692950
334703448,11,3003193
334703743,68,36933562
334704253,11,794327
334705360,23,7480539
334705419,23,9346730
334706583,18,8777822
334707648,15,4826162
334708122,14,4464356
334708324,32,15729294
334708401,72,2467782
334708717,5,381924
334709606,12,4891723
334709722,26,9821452
334710212,15,429218
334710454,7,855899
334712181,10,7585758
334712329,6,396278
334712859,5,1819568
334714427,41,19321311
334714842,7,448104
334715513,16,2249822
334718715,90,9736490
334719918,6,1445582
334721833,14,3281165
334721865,13,530289
334722284,37,2102845
334727420,10,1036803
334728115,17,1520279
334728948,10,1504486
334730552,15,1422649
334732793,42,1593396
334733375,9,265353
334733442,41,728267
334734179,13,871729
334735163,36,1234409
334735371,16,1450005
334736369,51,2251525
334736818,11,701198
334738017,206,88607217
334738270,24,1361025
334739638,21,2661888
334741136,59,2379699
334741581,23,1460193
334741777,10,617349
334742335,12,833391
334742763,73,14526554
334742892,35,2612022
334743700,239,121144718
334743861,10,942187
334746125,24,1256951
334746914,14,2142568
334747239,3,105394
334747566,19,1880656
334749074,14,939177
334749119,7,961762
334749299,3,568732
334750213,10,3233352
334750407,96,32924259
334750898,19,2031352
334751159,47,10872248
334751413,12,3966199
334752371,33,5891090
334752502,11,3895733
334752810,7,1592811
334753018,15,795216
334753090,7,2833456
334755568,111,51332743
334755570,28,1885965
334755999,11,2717426
334756029,20,1251984
334756058,13,1035050
334756195,16,1051654
334757531,9,2027859
334758173,401,191260217
334760019,26,2038406
334760401,16,4769567
334761006,17,1269599
334761840,34,9645088
334762729,10,3662835
334763659,17,1526215
334765968,30,2194949
334766569,36,18681352
334767742,14,1526529
334770258,12,6132272
334770927,180,87091878
334771110,33,2421537
334773143,8,893013
334773919,26,10239806
334774914,41,5587597
334775928,7,839786
334778727,24,1198515
334780594,21,9451270
334780887,27,2407903
334782097,10,388898
334784930,11,357351
334785570,3,106636
334786406,20,1402384
334793225,17,2649443
334797720,20,2262347
334797765,18,681860
334802462,25,1587346
334806768,21,2389263
334807189,28,2591804
334807888,4,271379
334812976,13,559462
334816568,6,240107
334816695,17,4823068
334816710,5,179098
334834477,12,700388
334842197,17,1358811
334843839,24,1511855
334897965,14,3859925
334901757,17,5672861
334906648,26,1707605
334907160,27,1615405
334912894,15,482724
334915057,4,252448
334915672,3,461730
334924399,7,349803
334928745,12,860069
334929258,32,15472754
334930629,9,2738530
334933564,16,3460569
334934369,21,10620091
334936165,10,837193
334941569,80,3414137
334942001,9,2863242
334947954,11,1147158
334950050,11,2036244
334950298,16,1397258
334951074,18,1694802
334955832,6,239868
334956549,39,2696536
334957585,10,1731525
334957723,6,727277
334961061,33,1832418
334961454,16,1486465
334964797,23,6689987
334965874,76,3025676
334966179,29,3817881
334966259,9,401224
334970237,11,3051487
334970298,4,1107566
334970464,14,816952
334973375,20,997626
334974948,4,1393674
334975685,14,6424003
334975829,7,1886672
334976201,30,14498624
334976884,20,6234869
334978618,6,895158
334979078,17,6348187
334979673,34,8857833
334981796,13,5829946
334982028,3,559410
334983023,9,3543369
334984253,16,6555189
334984407,326,65484514
334985545,6,618126
334986832,3,59364
334987221,21,1269668
334987691,8,1054144
334991130,31,4662323
334998718,15,382100
334999329,56,9485462
335001920,34,3143601
335006163,3,110638
335006572,150,8332862
335006927,32,1435731
335010723,75,9478167
335011762,75,35466660
335016689,90,25321450
335016997,33,10210955
335018377,22,1159123
335019988,9,2996105
335020360,3,443598
335021124,30,3348541
335021749,80,37997715
335022265,5,1361569
335025853,16,703431
335027822,23,7750472
335027962,57,4926278
335028249,65,27810616
335028256,83,4591869
335028341,8,2726458
335030933,12,2955168
335031335,17,723531
335032968,9,464972
335035580,12,3110265
335036276,8,1630959
335036666,14,5357504
335036815,19,9775844
335037126,15,1636549
335038134,32,13931803
335038146,44,2160081
335038428,24,8042898
335039899,3,282178
335040435,15,4017417
335041453,3,342379
335043661,4,512427
335044414,28,4026382
335048410,24,2098109
335048714,17,972083
335051913,36,5046113
335053657,23,1492411
335054553,17,1451337
335056455,172,15562701
335057143,14,1292746
335058595,14,1168052
335058902,33,1327183
335061880,12,1213398
335065778,18,1215415
335068156,4,306795
335069427,13,1105705
335074414,19,4850845
335074552,28,1330145
335074781,18,717643
335074932,16,2132542
335075264,6,1938013
335075303,10,392421
335076904,13,4206548
335077881,19,9415633
335078052,33,11785273
335079722,12,3178534
335081888,23,1183272
335083080,19,15763871
335084118,11,2805208
335084212,35,10278573
335085883,18,1114799
335086617,5,1759372
335087210,41,18889747
335087626,7,419814
335087730,46,1132990
335088334,8,3235108
335088681,19,1742697
335088999,12,2326633
335090640,11,4512380
335091157,9,2189949
335091902,8,3210818
335092858,21,1508817
335093521,7,2207517
335093578,93,5620694
335093728,20,3000283
335094334,35,19315294
335094821,48,34967973
335096906,17,8305836
335097197,26,11811189
335099437,32,2074048
335101575,16,729202
335103633,70,4610522
335103843,15,1690129
335104555,8,827416
335106928,25,923598
335107919,11,1005809
335108114,42,1804119
335108255,45,3139844
335108441,32,1371486
335113437,6,2328071
335114238,3,263820
335114723,13,423423
335114834,64,1984168
335115477,52,4101803
335117213,4,287678
335117567,26,5576180
335117907,90,11657174
335118028,15,1863033
335120521,11,372837
335121533,53,4847331
335123088,11,1934180
335123826,13,1350666
335128112,19,1498705
335131208,60,32068602
335131253,79,13315711
335131437,33,8597048
335132759,74,8818518
335133013,22,5767067
335134541,5,39476
335134611,101,26029685
335134718,15,1102140
335134859,8,1235789
335134997,68,26132730
335136668,35,11414230
335138188,12,3814829
335140203,58,16985847
335142382,15,3017872
335142565,12,3469473
335142733,21,3183754
335143786,60,19897497
335144240,8,6160519
335144481,122,55473566
335144675,22,6128176
335145206,31,6199338
335145930,42,16518746
335146641,11,4881685
335146950,4,1413940
335147336,14,3626869
335147622,16,3562333
335147957,13,3657713
335148229,3,308510
335148558,88,28824776
335148864,15,4421081
335148948,22,373100
335149952,4,8592985
335150060,19,5992349
335150164,8,3940580
335150720,21,4903469
335151375,18,6897083
335151592,89,36547778
335151931,13,3327270
335152242,16,8701815
335152505,21,9500086
335152847,57,17108621
335153101,10,1324383
335154041,3,931854
335154051,8,6143882
335154160,8,6319394
335155543,14,7471944
335155567,40,16943744
335155699,13,2654222
335156300,9,3798559
335156485,4,870277
335156529,58,30884102
335156594,73,45697124
335156670,17,9059929
335156782,10,3200140
335157009,11,1155224
335157368,28,6446209
335157402,10,4290136
335157525,33,17979633
335157711,12,1789309
335158034,8,1451475
335158086,34,3227205
335158526,28,872578
335158949,17,5759477
335159583,9,3501390
335159618,18,7853040
335159761,16,4520883
335160361,24,9837002
335161683,18,6309738
335161736,6,1206495
335162743,28,12932627
335162758,3,1078533
335163311,19,9524608
335163933,3,1141329
335163976,51,7402420
335163990,18,1143701
335164235,20,7736902
335165417,51,22939527
335165460,8,422626
335166510,7,301365
335166655,61,6204674
335166677,13,3759242
335167903,6,4168254
335168075,12,2284958
335168217,19,2296028
335168533,7,520499
335168692,25,262462
335170036,142,7278205
335172509,14,2953610
335174607,24,2422615
335175081,16,790057
335178538,34,2362909
335178630,12,1959880
335178920,35,1409908
335184291,18,979573
335184775,56,3539858
335186264,34,4397513
335187239,3,610907
335189243,23,4282390
335190305,19,704204
335193104,11,1369525
335194504,87,45875161
335195370,7,1871838
335196162,21,1990091
335196692,11,400591
335197485,5,577961
335199433,9,3185099
335199711,9,1874673
335200842,37,3991979
335201875,8,1932168
335202609,66,21793594
335202841,29,12723426
335203052,10,3187484
335203379,11,4381872
335203475,17,2822257
335204598,4,663716
335205492,14,3931639
335206292,41,20613217
335206558,7,1512466
335207488,20,1693533
335207550,15,6490896
335207788,36,2398222
335208380,6,729315
335209199,12,3851044
335209318,14,1374609
335210522,10,4303169
335210609,40,13869963
335211091,3,134724
335211536,24,6736111
335212723,8,2412811
335213178,8,2586012
335214354,14,3052993
335214462,25,5622153
335214529,10,2106470
335215469,8,1505618
335215475,20,2819999
335215504,8,638825
335215651,7,3095586
335215874,31,15174345
335215997,32,2215643
335216331,26,1112077
335217280,19,5962180
335218523,18,3382219
335219640,12,4630348
335220448,23,1894758
335221307,44,16519567
335221869,17,5368137
335222623,12,1711088
335222649,14,3646252
335222988,13,1488184
335223042,6,1841640
335224555,16,4757280
335224644,8,2329432
335225131,13,3575994
335226212,21,9962572
335226864,11,2021160
335227836,31,9662077
335228157,17,7802875
335229084,4,540752
335229468,15,2502741
335229835,6,805662
335230553,51,28321095
335230702,324,33200615
335230849,10,2742011
335231642,11,2629786
335231700,34,2280740
335232029,11,443108
335232828,80,7934726
335233416,8,4527644
335235975,34,13117933
335236378,14,1309645
335236473,20,10154460
335236554,14,7624017
335237402,17,1409716
335238991,23,1950534
335240657,13,903413
335241728,14,4871407
335242349,16,1674709
335245501,8,419205
335246267,7,137598
335246438,13,1454047
335249549,22,1297394
335252230,13,637998
335253015,16,1133799
335253497,61,1939788
335256180,6,2363398
335256921,6,1986156
335257092,14,4465642
335258466,13,4759381
335261314,203,94481668
335261429,88,8699462
335264012,34,9479044
335264942,81,31819600
335265533,235,104199162
335266713,42,17234122
335268368,49,17897588
335269231,84,4088347
335272036,12,2996573
335273616,137,53952444
335275335,23,8111151
335276470,81,41170354
335276546,14,5434814
335276830,6,257316
335277036,21,6303192
335277506,13,4321347
335277840,30,1447958
335277991,6,2699032
335278221,17,8602331
335279317,30,6205176
335279320,52,18373668
335280014,28,11048092
335280317,166,74653770
335281659,6,73412
335281670,18,1243127
335282696,66,24097994
335283533,28,4409764
335284942,14,5344696
335285028,205,15913214
335294802,23,1255195
335296522,31,4523396
335302597,9,920879
335302650,6,374547
335303980,14,714062
335313113,47,1967550
335318853,17,1501215
335322129,6,989676
335322373,4,421122
335328431,7,360670
335338859,20,1061377
335341573,21,1828088
335359796,7,457504
335360657,14,4353301
335365601,13,663215
335388706,15,1158909
335390610,9,416185
335395218,68,4081395
335402575,48,2757965
335409503,6,535996
335410450,24,1942568
335415431,25,12195405
335417377,31,2006025
335418002,7,388541
335420355,19,1404840
335420909,14,1437798
335424057,28,1118805
335425081,54,4891370
335426526,49,2647808
335430755,18,485942
335431084,5,370536
335431339,6,267058
335436116,43,3551062
335439153,12,805589
335439669,3,414878
335440088,12,2890605
335441491,92,18033729
335442279,35,6407232
335442312,17,3682975
335442992,45,19841680
335446116,10,2324182
335447308,19,5988026
335449000,8,1157670
335451134,4,115851
335451930,7,4959291
335454310,4,139197
335454465,12,2571993
335455765,18,1128006
335456365,34,16773736
335459960,9,421467
335460006,14,4637028
335462980,8,845117
335463516,13,900490
335465032,22,971136
335466914,42,4292349
335467423,18,1193933
335470240,10,703813
335472433,13,1962229
335473657,16,793449
335475370,4,227750
335476467,5,225950
335478028,43,8486851
335479342,9,628143
335479524,6,193145
335479723,12,767656
335483068,14,975455
335483182,4,81394
335487887,8,154057
335488369,26,1490932
335488543,73,16077067
335493955,11,715392
335493996,21,4814776
335496220,5,1337748
335497563,22,11056514
335498662,11,2121718
335499050,19,810984
335499350,36,26154098
335499357,27,1728659
335499856,9,699020
335501413,11,2633999
335502171,24,8824266
335504500,21,8450309
335508196,7,1572999
335508206,11,1032650
335508584,28,12536179
335508914,63,3802990
335510858,4,1161724
335513056,24,1301248
335517123,25,2972206
335519086,75,6371413
335520696,41,2411279
335524130,19,2580876
335525851,16,725981
335529676,5,400485
335529735,15,1170933
335531311,298,148917318
335531450,24,1803011
335533929,42,2920733
335534424,14,2801209
335534437,23,667760
335538318,43,945905
335541637,16,3957575
335543299,6,2755274
335543654,29,11916524
335544497,27,2226657
335545305,14,5614957
335545441,9,2892236
335547367,24,10494309
335549798,19,5172502
335549815,10,3079000
335550915,6,2667184
335550969,46,24837619
335552833,11,1899800
335553035,8,2566432
335553891,6,843450
335555428,10,3957978
335555943,37,1716034
335556377,12,2501630
335556815,23,1455496
335557888,134,14031686
335558385,14,1091251
335561004,33,3291195
335563429,72,7090991
335564433,172,20689355
335566559,31,1866531
335570507,15,593239
335571594,20,847133
335575672,60,4197610
335578808,15,3966122
335579426,14,1740376
335580122,10,1681632
335582239,10,5182323
335584860,38,3158512
335585074,8,952507
335585381,39,12329447
335586564,35,10323686
335588886,33,9793544
335589912,89,43351773
335591447,15,731981
335591738,20,21441266
335592116,6,150582
335592372,5,992039
335594222,20,1980411
335594250,3,1059364
335594665,49,19011499
335595133,17,6456054
335595138,28,1648049
335597124,11,567296
335597789,6,1693873
335598426,5,2771660
335598538,31,12378880
335599176,5,1561405
335599189,15,2038511
335599222,7,678764
335599616,19,7082114
335600429,16,7236742
335600885,14,4986431
335600997,11,641107
335601429,50,15936715
335601705,11,2886890
335601757,9,587086
335602285,5,415226
335602801,10,4750420
335603264,4,1574217
335603684,4,943744
335603883,37,1096547
335604068,7,2640043
335604430,18,4674418
335604801,128,62684589
335605603,3,1380543
335605644,22,6381749
335606073,21,3304177
335606124,11,5139882
335606275,13,2856205
335606633,17,5790149
335606774,33,20633736
335607370,17,7404606
335607721,60,30260331
335608391,27,19027185
335608930,48,14565729
335610054,32,13273674
335610813,25,6125584
335610970,57,18335085
335612033,69,32082339
335612288,33,1494827
335612552,32,7929864
335612766,69,26749720
335612915,14,5768976
335613853,13,3376176
335614264,5,682082
335614361,21,10871918
335614369,20,3619609
335614920,8,810374
335616584,17,2373107
335617008,10,2863626
335617653,32,2520886
335618252,93,43481688
335618995,4,591150
335619516,7,2933104
335620331,29,11551187
335621174,17,4428674
335621742,7,3721357
335622114,19,2068345
335622367,40,2030892
335622917,17,3211378
335623380,10,2371909
335627556,3,133022
335629407,6,134752
335631133,18,2115896
335631948,103,41809067
335632064,23,2850294
335632752,6,214472
335634462,25,1830868
335641743,25,1235850
335642741,15,461984
335643527,4,351387
335646127,25,557269
335649934,140,53220443
335650042,12,794305
335650101,14,6823669
335650864,10,475549
335651986,3,149733
335652398,18,3786165
335653359,11,816012
335655519,6,173583
335656616,44,3733965
335657399,9,421937
335657684,121,30522926
335658052,22,13101314
335659184,38,3142992
335659559,38,16515716
335660270,20,1308578
335661532,12,710504
335662740,10,410014
335664172,56,25772120
335664366,14,455625
335664433,28,2957242
335665342,8,520577
335666260,11,3200206
335667809,50,3510551
335668997,34,3147419
335669310,26,9821556
335669322,4,257790
335669442,6,742107
335669987,16,6675604
335670026,40,23751087
335670040,16,2368271
335670194,6,765876
335672121,18,563723
335672428,8,506094
335672850,47,21902142
335673103,14,4356777
335673332,166,63463372
335673630,10,2635516
335673697,10,1776183
335674118,15,1252418
335674364,56,25448934
335674648,20,9125450
335674834,30,10952184
335675806,31,14483513
335676738,17,7330796
335677035,10,3742666
335678674,22,3670162
335679409,27,10298537
335679451,9,223049
335679512,10,2474342
335680100,10,2809008
335681334,7,401563
335681539,11,745768
335682051,19,1005163
335682294,9,2221219
335682388,20,2741290
335682551,23,4471726
335684097,47,22610465
335686031,15,7077666
335686054,15,5029801
335687596,18,8509830
335688304,9,4330449
335689208,34,14001365
335689331,18,1166317
335690040,20,9892605
335691210,13,592924
335692282,27,2342465
335692524,11,448143
335692599,20,8799607
335692680,28,2023275
335692736,12,463123
335692782,12,849555
335701292,27,1082364
335703553,42,3592469
335703875,59,9068632
335704708,53,4690526
335705365,5,1139756
335707277,154,71117063
335707512,19,4991865
335711547,8,2196369
335713436,73,30234377
335713599,43,2910999
335713892,7,494889
335714183,9,1039495
335714482,33,13386823
335715563,8,348534
335715604,6,565870
335715650,4,827182
335721261,11,1015584
335722643,3,675073
335723972,18,4700073
335724051,35,10953659
335724432,58,32397244
335726029,3,653834
335726957,7,407468
335727258,12,3963880
335727513,15,5006783
335728061,64,36935583
335728730,11,1957630
335728739,30,14446732
335729242,14,1301471
335730129,38,8034802
335731006,34,10968838
335731095,3,184959
335731458,21,8285722
335732312,13,1533068
335733375,26,13725072
335734201,38,18650003
335736643,19,1608903
335737411,14,677341
335737657,18,5259216
335742411,14,622424
335742923,25,1264207
335749794,3,121505
335753679,23,1263721
335757775,4,294204
335760879,6,739830
335766027,53,3680440
335767218,23,1412507
335780514,11,2310700
335782349,15,11688849
335783180,11,548175
335788546,5,561064
335822681,14,1532781
335850268,27,13258247
335856543,20,10882702
335856815,11,386895
335859259,24,1471130
335860759,22,1153338
335868013,14,2841169
335868848,27,16180636
335868852,8,721535
335869575,8,1611301
335870557,23,2217782
335870909,15,6329451
335874863,12,2006655
335877120,9,2203770
335879709,10,1710488
335879935,13,2436071
335880768,30,8465378
335884930,26,1076176
335899749,10,272024
335903014,38,2303993
335904099,20,1439552
335905829,7,3297369
335906021,33,13469933
335907507,12,2628240
335911046,4,1635935
335912436,13,5279838
335912626,35,2042622
335915505,57,3398488
335915518,12,6303304
335916114,6,387816
335918784,64,28045816
335919589,5,2657820
335923225,4,184952
335937272,25,3208303
335941130,16,692270
335943673,29,1718932
335945810,49,11764324
335947119,17,1451155
335950148,28,2956225
335950618,343,174407595
335951786,38,12275726
335954989,36,14836827
335955930,8,864048
335961101,7,1537305
335961785,20,7507046
335963197,11,799682
335963221,4,940400
335963352,18,1651639
335965273,26,2175070
335965550,108,50656643
335966928,9,864955
335967208,4,2305240
335967253,36,14448970
335968395,21,3737694
335971842,14,4252756
335972923,20,6159147
335973525,22,6112447
335973662,30,1243288
335973975,14,20159652
335974945,3,494628
335975053,30,4044400
335975086,21,4026096
335975737,16,966191
335977305,27,8855132
335978327,99,6411772
335981282,20,1251461
335983581,41,2526235
335985047,10,1712851
335986881,23,2005848
335987277,44,3527772
335987565,13,953193
335987716,13,6471484
335988283,13,760520
335990943,20,4128906
335991950,6,598788
335991954,11,2151572
335993180,11,905575
335996569,20,585423
335998537,7,477666
335999978,34,3280288
336001428,7,638140
336001645,116,32063693
336002392,14,1677048
336003018,15,4831520
336003224,18,5565363
336003889,14,3210598
336005847,19,4798393
336006100,8,2041885
336006363,12,1347039
336006956,6,1963144
336008128,17,5440694
336008236,6,2085046
336008469,30,12444727
336008697,23,7947532
336009496,17,8916036
336009755,11,4219680
336010075,4,1043536
336010413,19,5572351
336010965,73,25359431
336011331,3,856065
336011583,8,2622989
336012167,11,3646608
336012294,7,250250
336012752,16,5138947
336012988,12,1379081
336013347,16,6438322
336014086,13,986825
336014971,10,3988750
336015712,25,11615118
336016138,5,2726347
336017284,13,5414708
336017470,12,3942879
336017862,15,2933085
336018533,13,3778577
336019166,8,945146
336019502,33,12921019
336019568,13,4117247
336020010,15,7695647
336020341,21,7422137
336020400,23,845635
336020440,11,181559
336020553,10,3260430
336020678,24,14477096
336020933,16,3831232
336021249,25,6970744
336021304,19,10981281
336022142,19,5198297
336023223,6,1309001
336023443,62,2504670
336024131,17,4245226
336024566,25,17376378
336024584,17,5984937
336024703,12,397587
336024853,16,6895759
336024998,33,15870953
336025099,29,9966575
336025482,15,1685471
336026175,7,1539261
336026299,13,3549212
336026851,18,4511706
336027046,12,4503960
336027123,13,855447
336028051,6,328810
336028791,23,2835383
336028937,23,8716184
336029001,17,4421932
336029625,75,30673133
336030501,13,3330882
336031034,8,1478813
336031391,14,635646
336033290,25,4841838
336033967,19,10642179
336035577,136,12718824
336035657,55,4810216
336036662,17,2826157
336037163,31,13856880
336037344,10,3348174
336038927,33,3710312
336044849,40,10910067
336045795,5,305966
336048859,19,5851817
336049246,37,31027636
336049335,32,2513722
336051589,17,837413
336058105,79,46610170
336058462,36,10284904
336059437,18,1211235
336059512,24,1054500
336061045,32,8297728
336062455,56,31205080
336062816,9,312374
336065450,14,2664629
336065454,19,1556656
336067551,23,1420117
336068061,13,3048075
336068175,3,1164086
336068785,16,5366373
336069452,43,15943074
336070253,13,1224314
336071151,20,1488190
336072792,11,1968081
336072796,18,10642029
336072950,7,282130
336073048,13,2647196
336074074,5,441088
336074276,25,14156294
336074492,10,646678
336074650,17,9626709
336075932,20,8329840
336076383,6,3038402
336077728,4,14402
336077924,30,1077959
336078816,28,11289735
336079269,41,14847984
336079584,30,14267396
336080063,26,9442910
336080464,18,6306740
336081285,7,1647780
336081795,4,775385
336082990,45,26869608
336083501,14,685053
336084821,9,2854889
336085472,8,4353555
336085675,10,3337380
336086175,13,4270366
336086429,30,8977237
336086498,53,22147287
336086698,6,1303289
336086912,11,883086
336087323,24,5908805
336087690,27,13565518
336088889,15,4451497
336089264,9,1396691
336089511,7,1822386
336089712,9,3470130
336091599,21,7266333
336093355,31,2147926
336093948,14,552053
336095208,10,2909597
336095694,27,8489839
336096113,39,4869465
336096377,18,977563
336097541,49,9809061
336099839,17,2350115
336104397,23,5286054
336106281,16,4079015
336108414,26,1704145
336111104,4,119900
336111652,10,290673
336112801,6,395037
336113531,76,10580615
336115037,17,1070734
336116380,10,391258
336119126,9,14537
336121870,13,638806
336123147,17,1215831
336123547,34,17073714
336124529,10,1239349
336129188,120,46686822
336130564,126,51481337
336131653,19,5353745
336132129,12,4274578
336132517,5,6138206
336133465,30,15018139
336135097,15,408011
336136356,22,8061162
336136813,13,5797857
336137207,12,5428925
336138694,17,8953469
336139228,25,10713253
336140517,79,39339249
336142576,17,8250870
336144014,6,260340
336146184,11,7744172
336148351,9,465644
336150578,40,3601958
336154943,29,2620531
336156058,23,2987783
336158914,19,2685443
336159482,11,962699
336162303,28,1938915
336167386,17,7175155
336170384,11,1145734
336170875,7,319571
336176853,22,5263305
336179278,54,5528779
336179482,3,147332
336179526,3,377946
336179947,21,3477777
336189842,13,878890
336194764,6,618592
336194830,31,1062369
336204684,18,6477187
336254520,15,660767
336255797,12,5096171
336262067,14,895361
336265108,22,870261
336268183,14,756018
336268355,18,1547460
336276173,18,1251898
336282274,11,4150036
336287270,18,10087434
336287283,5,1850772
336287371,5,1813100
336287827,7,955878
336289865,468,29111910
336295979,11,959889
336298317,25,862771
336302742,20,7083712
336306009,23,2019288
336309542,5,290958
336316261,14,1107654
336316759,15,4038419
336317062,21,5723970
336317393,11,7872290
336319377,35,11572468
336322218,42,21644630
336322577,56,20425695
336323240,6,354963
336325033,13,2590977
336325174,10,399629
336327432,27,12445960
336327843,3,847764
336329747,18,4058589
336329840,22,9246968
336330752,15,5515769
336331275,28,2095659
336332847,8,1450136
336333392,165,10223875
336333514,17,2007612
336336146,15,5095296
336338113,18,1307389
336338516,21,2079883
336341867,4,157971
336342736,246,14689407
336342850,32,2888393
336346389,13,490676
336351493,45,3617341
336352615,20,1393684
336353905,10,761128
336354845,55,6527486
336355255,10,1818668
336357341,39,12171176
336357446,59,4646678
336358427,34,3554229
336359451,9,2967401
336360060,22,1285109
336360332,151,75591928
336363113,27,9204333
336365330,42,17892620
336366153,48,3231958
336366184,19,1161186
336368059,104,33036096
336368802,18,1569938
336368821,9,2488959
336368964,95,36762235
336372334,17,1029481
336372504,28,9830631
336374183,10,161025
336374754,17,662650
336374901,11,2943309
336375141,31,10536172
336375209,28,10422047
336375646,15,1254484
336376477,21,37445194
336376761,8,409772
336376834,53,21240967
336377945,19,1293755
336378754,55,7278404
336381304,8,2624922
336382897,19,1832443
336383158,16,856021
336384140,30,4336544
336386522,21,1049879
336389384,48,3051841
336390031,25,1965335
336391309,19,717308
336393332,15,366819
336393421,16,556728
336393838,33,1705571
336394069,65,4419722
336394223,11,444154
336398994,12,2006819
336400554,23,637406
336405038,46,2728210
336405341,3,236165
336406376,56,2185178
336407206,36,1150573
336408494,10,3933453
336409434,18,2515236
336410432,3,485901
336410671,41,1187930
336412467,19,4570343
336412490,13,1147288
336413417,26,9206377
336414179,25,7659070
336414321,9,5412007
336414348,23,748571
336417133,5,1868187
336417335,31,7876876
336419517,215,86704330
336419612,4,1212796
336420105,15,2278629
336421194,7,1160322
336421406,9,2077936
336421748,16,665012
336422046,21,4981737
336422422,8,1214648
336422751,153,41015958
336424540,13,2761581
336424824,12,3773036
336424854,45,28618937
336425099,13,7350742
336425121,11,3785572
336425478,9,1333125
336425502,9,1328847
336425957,39,18825632
336426639,14,2279595
336426935,12,4413503
336427912,11,2909996
336428414,10,1532086
336428472,108,6043476
336428742,4,1253792
336429847,13,3046352
336430077,15,5092796
336430406,3,1114010
336431674,17,6770814
336431730,70,50952756
336432078,25,12358524
336432150,17,6531748
336432570,4,804700
336433260,16,6194750
336434069,11,1742341
336434171,9,1847499
336434501,10,336952
336434603,5,1005946
336435347,5,2584917
336435571,22,5656033
336435612,22,7991570
336435991,15,7202588
336436164,21,4972909
336436338,58,25475272
336437040,8,7290414
336438436,19,1602915
336440774,9,1447446
336441322,18,1646006
336441640,6,488015
336441642,10,3886615
336442636,12,15492621
336443342,4,378046
336444605,29,3036739
336445004,6,2452827
336446050,77,6800925
336446815,22,15239277
336446826,13,5692086
336447178,101,7913833
336447958,16,1827501
336449137,10,1375873
336450895,7,921755
336451018,69,19735649
336451857,20,692306
336452723,36,4167945
336454052,11,608376
336454797,22,1872511
336460755,19,1381135
336461017,14,3990531
336462953,30,3128473
336463282,30,1768816
336463437,17,560653
336463891,83,5557931
336464038,13,1422515
336465856,12,582016
336467654,11,2013410
336468621,16,6432839
336469149,62,18554816
336469368,189,60205996
336470524,6,1836635
336470741,8,232724
336471486,5,657613
336472954,18,1976648
336473554,17,1013760
336473591,12,2854279
336474550,10,506541
336475940,13,4675360
336477274,55,17382031
336477317,5,126201
336477487,54,25252282
336479279,10,1317577
336479711,50,22731416
336480455,8,2033291
336480503,8,598528
336480571,11,551481
336483062,37,16505192
336483077,5,543404
336484120,33,11345442
336485685,15,1040991
336485967,36,3089579
336486031,3,532754
336486042,18,5495163
336487147,13,2419265
336487618,16,8274780
336488196,17,1516833
336488303,40,25823023
336488587,12,3929243
336489971,38,13232706
336490047,5,1768122
336490267,16,4146284
336490570,14,5336961
336490580,62,5080583
336490638,13,1610167
336490827,14,790952
336491196,17,2768347
336491356,18,996825
336491384,21,6517611
336492235,39,16646843
336492268,43,3645131
336495317,15,5009719
336496131,12,6058337
336496450,63,22822466
336496926,51,19423731
336497287,22,10404336
336497759,15,1277289
336498780,21,10034185
336499510,42,21051551
336499512,9,2754436
336500319,11,1433287
336500894,10,3558282
336501379,27,967909
336503549,12,3009461
336503695,16,2216065
336503716,4,144810
336503857,11,5505163
336504916,37,11942698
336505550,30,1690911
336505817,14,5082391
336506169,17,1410670
336507938,8,5326089
336508035,98,6274873
336510329,16,1056586
336510890,20,2240507
336512148,28,2185591
336512475,6,99738
336513490,20,668954
336513953,24,2030345
336515763,11,676191
336516291,30,3248815
336516552,26,862906
336516764,18,1538710
336516779,7,840424
336518418,17,1326110
336518578,10,1046575
336520923,47,7349330
336522954,16,541886
336529178,72,29626137
336530104,12,526217
336532813,7,757416
336532939,19,1541752
336533293,16,698035
336536290,6,1690129
336537434,33,1523357
336537668,8,1516041
336539029,15,6465483
336539560,17,1814316
336541475,6,745027
336541971,8,744177
336542539,12,5652031
336543852,6,1357148
336544332,17,725702
336546368,41,12566714
336546668,14,3490622
336547166,11,2060122
336547305,7,2501849
336547339,18,759337
336547955,33,16391029
336548392,58,21980892
336548835,9,584537
336550475,11,641050
336551417,113,41523034
336554305,11,3092713
336554761,16,2018652
336557378,9,1012454
336563713,21,1741712
336564367,16,2177272
336581457,19,1484066
336583967,51,3041637
336616165,16,789361
336617977,4,126810
336655440,12,4542994
336659292,10,3600010
336666418,14,1185647
336673460,12,6344647
336675553,3,682356
336678796,16,874208
336679033,29,16482910
336682381,6,483620
336687010,30,14027928
336688036,10,714326
336694967,19,1890893
336696700,20,4039602
336699803,14,1226880
336699954,19,1732123
336702118,17,1076133
336704277,35,2566261
336707235,9,3661590
336709169,101,7407550
336710299,38,2216894
336712646,3,81544
336713528,63,3842966
336715066,8,564635
336715270,22,1427199
336715427,13,1209563
336718029,25,1713821
336718058,22,3824610
336718964,9,815163
336720728,20,2438317
336720928,19,768753
336722980,21,2122758
336723063,39,3445430
336726610,15,1278505
336727591,12,325144
336735207,32,1982906
336739988,61,36952916
336741022,14,761833
336741397,18,1234336
336742308,70,26337504
336744018,18,1262623
336747311,14,1815784
336748851,53,18069939
336751327,6,688953
336753864,17,6843214
336754770,64,1248313
336755107,16,3480842
336759781,6,212764
336759895,21,8331907
336760318,22,1484922
336764991,15,3999856
336768699,21,8386301
336775332,5,1206683
336779288,62,28229891
336780413,33,1517688
336781953,22,829620
336784438,28,11055820
336784630,291,161337871
336787083,6,2054056
336787877,19,10070205
336788747,81,34121007
336789849,25,8189105
336790466,30,2878730
336791122,25,1709341
336791350,26,1484355
336791779,15,5775583
336793405,7,1167516
336796055,17,5380496
336796437,18,4738514
336799844,26,7034228
336800657,16,4204745
336801479,13,513480
336802109,45,3110963
336804392,42,3053598
336805547,14,3902606
336807346,20,2699922
336807807,179,16410026
336808677,5,170866
336811292,13,895397
336813739,6,620070
336813827,12,511546
336814096,11,735875
336814439,9,516960
336816185,36,2657435
336816262,53,3272227
336824153,27,4217071
336825979,12,640770
336829181,11,869223
336829464,14,1537014
336831745,15,2505000
336832454,22,7189767
336835057,62,20456795
336835217,12,1708839
336838878,18,4872406
336839116,20,587139
336839274,16,5433239
336839680,78,32164187
336841576,3,1184079
336841893,10,4853530
336842542,18,11243253
336844214,38,18589268
336845035,17,3031250
336845180,14,3870986
336845599,21,535639
336845913,27,9789620
336846052,12,7194185
336846447,6,1814268
336846498,44,16676524
336847643,182,89749043
336847948,87,26427404
336848274,20,4712605
336848642,28,11937632
336848958,21,6604682
336850766,25,8172600
336851937,16,5744631
336852613,15,6446445
336852963,18,3629193
336852976,10,2420546
336853097,121,42788033
336853332,10,962727
336853840,24,7195946
336853971,20,7433528
336854330,7,1698810
336855173,3,594222
336855214,21,606304
336855623,3,385503
336855650,58,23574492
336856468,20,2187497
336856692,42,3786822
336857556,84,5324712
336858109,7,1875287
336858289,18,3589971
336858382,97,32091374
336858412,79,47228532
336858699,28,8290009
336859738,15,1812366
336860480,39,14310168
336860672,27,1412047
336860965,12,1291852
336860981,17,1711578
336861110,14,3720292
336861255,36,17407082
336862089,25,7460262
336863381,10,1161487
336863978,24,7090787
336864263,8,2161279
336866119,18,427397
336868002,10,1720747
336868214,42,27000533
336870301,14,1753661
336870382,11,1247093
336871123,68,31828676
336871261,18,1941187
336871363,8,1697110
336871668,6,1042253
336871962,22,12489210
336872041,13,1496107
336872050,11,7608100
336872302,12,979894
336874246,10,608266
336874357,11,558818
336875637,12,868853
336875988,3,292951
336876802,15,1200970
336876863,10,504500
336877112,3,89659
336880302,13,556547
336880604,6,594802
336881382,115,10850251
336881454,24,3442198
336881985,20,2732654
336883693,25,719830
336885310,21,1844697
336885968,14,731215
336886147,13,790234
336887411,25,1988414
336889360,8,1161332
336893640,14,791803
336894715,11,1201856
336895435,24,1711798
336897018,11,573880
336898822,35,2991616
336899417,41,13818220
336903172,63,29136210
336903630,32,9959363
336903878,42,1060844
336904193,148,70882664
336904366,37,12583888
336907918,7,700445
336908354,25,9054882
336909113,147,60968797
336909623,23,6868675
336911066,19,11068914
336911389,7,2692119
336912089,11,363547
336912131,32,14776967
336912435,10,2277667
336914310,36,13710524
336915536,79,35180122
336915763,16,642967
336915902,15,5257072
336916125,11,4218046
336918020,6,1482400
336918074,16,7036508
336918786,18,6549192
336919314,15,8878395
336920126,14,1532581
336920359,24,11468958
336920886,11,1899785
336921196,40,7877509
336921825,25,11939137
336921882,18,2260021
336922600,8,503105
336922764,19,4529649
336922842,14,4273796
336923803,3,1170397
336924083,56,21417382
336925273,5,946968
336925410,16,5548776
336925746,5,975738
336926786,4,759647
336926987,23,875243
336927296,12,5762357
336927536,12,4885795
336927643,14,5204227
336928094,15,5677918
336928225,24,12147002
336928629,15,1122107
336930069,31,6801410
336930748,20,1703276
336931726,11,3888458
336932777,5,1279282
336933010,39,2648207
336934758,4,919347
336935187,21,8748156
336935872,7,2746824
336936166,8,271547
336936452,7,214646
336937037,9,2921242
336937236,13,20937633
336937596,14,4216751
336939321,25,6675073
336940090,12,2889620
336941258,56,3282240
336942685,18,3375237
336946229,10,337039
336948488,60,4568866
336954226,58,4647833
336955138,15,923364
336955446,18,2068059
336958078,48,5475398
336959461,22,3838731
336961775,17,712306
336962622,20,786185
336963360,34,5620358
336965389,15,1386381
336968306,5,712267
336969988,27,2504638
336972001,8,927031
336972914,19,7293299
336973477,11,1733513
336974278,6,1505970
336975544,14,444493
336976060,14,482839
336976700,5,729311
336977287,20,6475596
336978809,38,2835083
336978918,7,3853500
336979427,4,1504971
336981287,9,3689173
336981534,15,2412223
336981979,20,4493740
336985637,20,1093898
336985720,15,642939
336986449,7,1091622
336986659,4,352098
336990323,16,2876331
336996782,5,231926
337007641,7,716042
337097564,23,7302003
337129046,6,295013
337129109,8,279386
337130161,46,27426658
337133176,13,2020819
337133795,13,527600
337134842,17,1385895
337136806,24,5106387
337139334,5,156879
337140757,6,2614454
337143015,23,12780867
337144877,11,3082246
337146669,4,1090410
337148851,23,7698220
337149189,22,1473639
337150250,21,881596
337150578,4,319577
337153931,23,7788321
337154069,12,675049
337155860,16,19743798
337155933,110,6193897
337157289,12,5623156
337159537,16,12203172
337163361,10,962674
337165961,28,1085945
337166926,10,216608
337168294,16,575880
337168592,14,1324013
337169413,12,2165324
337169536,10,561898
337172445,17,5107041
337172753,24,3539300
337177126,16,6441584
337177328,7,155765
337179708,18,9607295
337180345,3,287757
337181243,14,4170578
337181357,6,2189053
337184038,51,30572067
337186166,7,244535
337186931,7,3002866
337187298,11,459347
337187716,9,2818403
337191280,14,3414707
337191592,30,1280345
337193468,106,6616155
337193520,20,1241139
337196907,7,248633
337200900,17,1448520
337202201,12,1895626
337203317,25,2407414
337207041,33,1497182
337211244,30,1729455
337213896,44,3225029
337216988,16,606145
337217233,11,5127379
337222411,3,1099184
337224027,5,997226
337226472,10,1800336
337228997,14,4474633
337230261,52,19085589
337232029,3,982857
337232575,11,3338037
337236187,21,778416
337236272,5,1293106
337236337,13,8186297
337236378,31,1299461
337238398,9,2805923
337239443,15,6911856
337239554,3,1088934
337241045,36,1027914
337242458,6,3113053
337243303,4,859249
337244548,4,441465
337245370,36,4976262
337245454,22,5382835
337245532,12,1227436
337247377,3,271054
337249681,26,1956075
337251370,23,5046514
337251825,14,942231
337252322,23,3778786
337254153,14,1113556
337257726,30,4464935
337257799,13,2186691
337257868,74,4198122
337261230,17,2629381
337263616,12,465973
337265533,24,1104689
337268434,11,1103444
337269218,18,1238300
337270269,46,16522555
337270415,8,693208
337271056,24,1331241
337271169,10,1012819
337272059,5,1027167
337274109,21,7392184
337274321,14,4137367
337276051,254,107147636
337276168,9,539945
337276587,13,1452143
337276989,5,2107629
337277919,30,11046399
337278427,44,19546071
337278800,9,301629
337279039,26,11101443
337279458,7,1272127
337279747,38,16959513
337280247,66,33292296
337280438,8,2511973
337280893,198,71485619
337283941,15,1709480
337284227,22,9077706
337284333,18,5905662
337285229,10,1156849
337287263,27,5812460
337287397,50,24043926
337288141,35,3297837
337288199,39,10985984
337289232,72,35046968
337289638,13,3863372
337291289,15,4018905
337291323,33,9652700
337291770,19,2731759
337292710,8,1022402
337293025,33,11250909
337293873,3,723144
337294342,14,4016326
337294588,18,6650966
337294661,12,3942251
337294969,12,4054821
337295340,49,20900936
337295371,16,1031983
337295503,14,833083
337295636,26,27345487
337295860,12,3340325
337296038,7,1301557
337296418,4,959374
337296627,11,3403883
337297342,79,33629580
337297777,57,23061111
337297851,21,1267577
337297893,44,20595718
337298163,11,2468029
337298637,91,38686261
337298729,6,1406671
337299261,20,5512815
337299293,15,2031774
337300373,13,1361842
337301213,8,3337395
337301670,14,2536683
337302806,15,4121975
337303722,8,2070833
337307847,18,6210213
337308075,32,1042308
337308410,5,1210240
337308476,21,1440456
337308860,14,498653
337309225,12,1666202
337309391,96,7868996
337311420,25,6754318
337312523,21,1654429
337312930,26,13185358
337316056,18,1972411
337317852,15,723659
337318926,58,4348253
337318976,20,1747198
337319071,12,625216
337324899,36,1931655
337325342,17,1162207
337327775,17,1361131
337328362,25,1624416
337334468,70,4671593
337335634,6,288237
337339260,40,9631586
337339697,15,998390
337340287,21,17866641
337340543,19,4892073
337345823,14,5086998
337346412,14,7330581
337346713,125,56132947
337347557,5,1171703
337347642,16,1216559
337349197,16,6426065
337349616,10,2971415
337349807,4,128038
337349811,15,1632590
337350347,11,781161
337350372,4,1271306
337350530,29,11159831
337350992,12,4024773
337351633,46,19645754
337352660,24,2087688
337353072,19,8309117
337353107,31,11258428
337353131,22,2512378
337353962,10,774447
337354179,18,1351857
337355539,13,7333512
337355593,12,7793922
337356393,19,2194803
337358414,9,3106473
337359377,131,49225235
337359757,14,4700720
337361110,15,15745504
337362086,3,1690260
337362192,53,19650305
337362227,57,5742510
337362658,27,20384231
337362852,8,1844267
337363213,15,4977344
337363760,20,3113623
337364801,13,6134082
337364989,20,6492901
337365705,16,3887843
337365836,33,6154908
337365910,4,4036834
337366403,11,2893170
337366447,16,4863072
337366458,13,5688923
337366515,23,7839872
337366679,71,41539640
337367417,54,23295519
337367924,43,15546213
337368701,11,799568
337368835,33,13237017
337369298,6,2210372
337369339,40,18738264
337369496,10,6128274
337370936,26,4516423
337371506,26,8838086
337372147,7,539494
337372571,37,3769013
337372946,5,1125305
337372989,16,2743445
337373797,17,9603061
337375408,107,58334032
337376455,17,1453036
337377339,4,596639
337377345,53,7128926
337377670,11,2610545
337380606,13,5548553
337382683,15,4256287
337382873,28,4289039
337383088,6,1197998
337386390,24,6733387
337387005,4,340085
337387309,29,1563248
337388476,43,2459957
337390127,11,13067771
337390548,9,1378572
337391657,33,2141977
337395571,16,695041
337395719,11,923765
337397439,23,970928
337398903,6,802446
337399223,11,1012049
337400867,23,1120367
337400905,59,2038104
337401845,10,2449393
337403753,27,12665837
337404823,18,1742977
337405107,18,927184
337405741,34,3733921
337407341,74,1835412
337407638,40,1642770
337409727,12,400011
337410504,19,570537
337411457,14,2777069
337413224,6,2761231
337413271,4,556638
337413985,25,3706459
337414358,15,1644290
337414444,21,758572
337414641,3,53333
337415747,36,16191954
337417809,15,583507
337417862,60,6723774
337420421,29,18496452
337422693,15,1059038
337423527,42,14433229
337424422,14,4861229
337426149,12,1847054
337426476,6,3197082
337426880,16,7437182
337428773,11,1654116
337429073,31,16005734
337429147,31,11737416
337429792,19,3353634
337429837,21,9799082
337432287,19,14889086
337432965,17,5625374
337433384,9,243928
337434594,30,2753286
337434766,12,914505
337436772,5,875168
337437780,5,1305078
337438024,20,1703608
337439103,14,6971544
337440169,24,8347706
337447706,17,1121184
337456104,21,6992063
337458049,4,447711
337458600,33,1460717
337461227,13,1508867
337468583,17,1174406
337470804,16,8893820
337470906,28,2265716
337478488,12,439650
337478643,44,17217163
337481024,27,1601429
337491933,25,2594019
337498487,19,2361092
337501656,3,197020
337504726,13,780781
337507530,19,988081
337510552,13,1067489
337510822,5,353279
337513849,41,2258950
337521766,7,398246
337527973,5,217469
337532985,15,1379927
337535376,55,3054366
337535840,15,19718687
337536548,8,848283
337537875,3,38339
337539214,8,550058
337540616,35,2596992
337542046,28,1668100
337577107,11,1420160
337578663,17,959486
337581222,4,163065
337586829,16,8422350
337588292,13,1028137
337588958,17,5828008
337589810,6,544846
337589978,27,1426393
337590088,20,1507381
337593160,19,1526965
337593284,39,2364109
337593371,39,4497205
337596931,11,3561857
337597433,4,472787
337598072,52,4058618
337598891,9,403250
337599797,31,1392835
337601644,43,6639381
337604214,12,1073542
337604254,53,1752447
337605251,12,1335179
337606266,16,781263
337606860,9,340915
337606875,16,1076444
337611413,11,1254916
337611767,20,1295950
337611810,3,325023
337612321,25,1772094
337613572,59,3873256
337613607,9,2020873
337616009,4,959300
337619074,7,784742
337619998,12,1059516
337620349,9,1151575
337621743,21,3246220
337622584,5,4027202
337625553,10,1891852
337626838,14,628970
337628715,14,4111514
337629089,8,2735728
337631074,22,3181920
337631168,4,149838
337633433,8,669757
337633898,8,605706
337634036,4,116230
337634937,23,4678887
337639307,9,1487512
337639741,18,960245
337642308,12,9793432
337642747,19,1907706
337646594,101,2698069
337649169,15,1891738
337649913,15,449209
337651927,11,2316113
337653874,31,2121967
337656471,8,1551810
337659430,60,3303066
337660177,121,9731040
337660265,31,3918267
337660874,13,692499
337664613,18,1325186
337668402,12,513758
337668980,12,2647920
337669826,151,7092234
337670070,15,1109666
337670143,10,2163418
337672384,50,14515525
337672692,13,678872
337676841,17,2421995
337677830,18,4031050
337678702,8,1284143
337679579,20,3560640
337681187,12,4741865
337681665,11,3826065
337682266,5,12723113
337684442,6,332756
337684484,37,4734385
337684849,18,4290509
337685088,13,801673
337686092,12,4321386
337686256,13,463915
337686543,20,7704542
337687849,27,9860582
337689175,62,17612492
337689325,9,2035940
337689651,8,2594524
337690306,15,5251003
337691492,8,2672370
337693419,77,40219833
337694193,22,3405347
337694282,10,3196814
337695072,8,1708625
337695119,39,14717122
337696668,17,7485342
337697222,23,6148618
337699492,10,3880075
337704382,25,8311224
337706193,24,905445
337706726,18,1632349
337712504,23,1717876
337718361,41,3410950
337719871,10,622701
337725544,12,419141
337727070,9,858509
337727293,13,1229314
337728227,9,870733
337730367,7,463301
337730387,22,1536715
337730892,121,7328896
337730898,16,687400
337732284,42,1654875
337732345,24,7804987
337732809,134,56628086
337733888,42,990371
337735330,14,1692873
337736092,9,2632503
337737310,43,19239363
337737439,14,4127104
337738250,10,1275051
337738580,47,17612404
337739532,27,1808950
337739669,18,10606423
337741453,11,1082817
337741676,14,1311342
337742772,7,3103336
337744657,3,597690
337744739,18,2524161
337745086,18,9176461
337745132,60,2477649
337745569,33,1984562
337746583,13,2029793
337747752,9,3664386
337748568,3,940462
337748984,13,538029
337750666,15,3784545
337751364,46,20640051
337751528,86,7626877
337751902,26,6405081
337752114,9,927051
337754366,12,5712438
337754980,15,505913
337755439,10,388450
337755545,35,522446
337756939,8,1668990
337757372,213,12839945
337757788,35,1965359
337758416,5,1429084
337758519,21,877699
337761685,33,1853208
337764479,8,2352355
337765111,8,284188
337765885,32,4549788
337767073,12,2744652
337767771,8,2008522
337769083,25,2448688
337769187,11,1226972
337770864,24,1883594
337770985,26,1330355
337771692,4,72489
337771701,12,553294
337772116,20,983865
337772555,17,5658721
337777575,22,713247
337779665,21,1199112
337779719,16,751971
337781213,14,3259242
337781735,11,451032
337785544,27,2637815
337785577,12,1145357
337786387,11,1779687
337786551,13,1516336
337787044,10,1442532
337787165,63,23327028
337787286,5,421178
337787909,50,19778194
337789219,15,2540608
337790143,4,365737
337792052,164,69652759
337792848,8,1574631
337793703,7,4255657
337794837,18,5225552
337795549,35,15494665
337795734,9,2233858
337798081,40,12302199
337798239,13,2784514
337799453,36,11702573
337799835,10,3751477
337800296,51,28659449
337801726,19,8055532
337801855,54,21585967
337802126,13,1009613
337802939,45,19283728
337803187,14,4903247
337803444,20,969084
337803716,14,2940218
337803971,17,6077856
337804275,28,12980939
337804436,17,6218358
337804641,10,2896041
337804989,24,1117747
337805440,18,8210136
337805449,3,521547
337805526,19,8060110
337805671,38,12380580
337806081,8,3103409
337806279,11,2340874
337806308,10,428486
337806340,12,1340554
337806411,42,16899272
337806430,11,5321526
337806573,12,2458017
337806665,11,1109127
337806818,13,1050790
337806824,134,64316653
337807671,16,2764608
337808955,42,24333899
337809332,51,24515659
337810982,23,9029964
337811453,71,26579383
337811714,20,1309021
337811829,16,660185
337812090,20,7737544
337812157,12,3087794
337812280,27,10362504
337812483,24,9053632
337813004,11,2236829
337813475,13,2670550
337813662,10,3414571
337813874,23,8046995
337814646,29,13637375
337814807,5,929201
337814975,16,1945421
337815282,7,2369649
337815364,25,9261642
337815665,6,1181224
337815697,78,27306312
337815828,14,3295553
337815985,9,1362409
337816134,43,2250740
337816393,13,4943991
337817140,9,2898177
337817433,48,18463555
337817580,43,12877856
337817773,10,518683
337818278,4,1333557
337818400,20,2947338
337818995,38,22543892
337819116,14,4744139
337819128,11,290517
337819607,30,5549889
337820151,10,2606897
337820877,15,4208082
337821228,6,4187420
337823002,27,20063014
337825124,24,6854740
337825243,15,2624596
337826582,10,1005960
337827972,42,21531789
337828607,32,5059623
337832216,7,894002
337832218,27,9009820
337832592,13,3576495
337832787,26,2403562
337834455,14,4354305
337837749,8,274870
337837875,22,1448470
337838167,28,1265735
337838661,12,2005431
337838882,15,991291
337841235,22,2497736
337842406,26,1095256
337843051,11,607143
337843702,10,4438729
337846883,25,12250870
337847120,6,589114
337854301,10,2193093
337856302,10,272321
337862996,10,842736
337863949,12,5037330
337864142,12,1392330
337866480,23,1222733
337867266,11,3326843
337867309,8,374502
337867794,51,19481270
337868210,5,102449
337868433,8,1993819
337868796,58,17708359
337869605,31,12052233
337870455,10,1182988
337870525,12,1379602
337872993,17,5150175
337873869,15,2678990
337873920,11,1346868
337874172,7,221661
337874206,54,29781725
337875342,15,2023892
337876483,6,984485
337877202,17,6406709
337877473,9,308910
337878209,4,199974
337878666,21,5819650
337879494,22,9904504
337879585,22,7330447
337879814,10,495850
337880230,15,2918793
337880669,29,3843207
337881257,17,4839982
337882324,10,3884860
337883070,6,435160
337884230,19,6051859
337884522,14,5415616
337884937,14,5362924
337885664,26,2192632
337885920,23,1581311
337887939,18,5416178
337888270,4,1155114
337888854,12,3327954
337889284,17,1634964
337889359,29,1751441
337890316,32,13334977
337890461,13,7413407
337890803,14,6836815
337892583,13,1125145
337892664,12,684065
337894361,73,36270773
337895057,18,889915
337896139,6,1638343
337896412,19,924445
337899486,11,3301070
337900987,25,8742972
337901227,25,3406545
337901349,11,1109796
337904267,21,1417338
337908488,23,10088326
337910024,18,2023421
337911001,26,2104038
337911326,47,6768131
337912303,27,7539325
337912436,6,946800
337914856,17,1154509
337920037,3,189438
337921563,3,35789
337923800,85,8860691
337923823,16,615365
337924033,17,978726
337924124,17,822184
337924284,21,1523040
337924398,10,747800
337925443,11,1377920
337927150,13,1843682
337927706,8,601231
337929426,3,645547
337929678,20,4125905
337930594,26,1279316
337931752,12,1390556
337932577,13,2599723
337935907,19,661848
337936272,9,625303
337936554,52,17031792
337936933,34,17474964
337938879,21,4360953
337939138,26,2108631
337941662,14,1689120
337942100,25,5065843
337945180,13,1711728
337946068,29,9090015
337947284,19,1530282
337948614,12,1591776
337949995,18,4052816
337951395,8,891652
337951960,102,8951832
337958121,33,1678358
337959252,23,2192357
337966429,13,8674871
337968179,14,2027224
337971524,63,6551256
337971945,30,7897939
337980385,5,147735
337980947,10,309393
337982642,10,364338
337996688,19,3065199
337998521,8,696742
338020443,13,1193343
338020521,18,890644
338022042,12,1201298
338023686,10,775574
338026176,8,655912
338028595,8,1107502
338049662,39,1401947
338051465,32,963580
338057101,5,244650
338064350,30,2203184
338069694,5,191376
338070027,12,657054
338081024,7,653410
338083136,15,2172409
338086357,15,1008926
338088914,17,13450657
338093859,35,1717457
338106126,18,6728124
338108183,15,621058
338112381,84,4495745
338112634,20,600788
338114168,21,2535933
338115345,21,6622587
338116384,7,2750858
338117527,51,2505498
338117700,19,1224265
338120365,16,1011098
338120628,15,1108044
338120785,5,369859
338121518,6,561846
338123555,37,2848567
338126600,9,8860068
338126905,10,413101
338127908,16,1865310
338128219,23,1915917
338128226,35,2176360
338128788,16,616092
338130309,10,766214
338132917,21,1555299
338133499,20,875260
338134478,36,1565927
338136934,6,217435
338137067,117,8096241
338140059,15,808792
338142678,55,3126058
338144090,7,245390
338144311,10,2597487
338144461,4,134973
338147035,31,7275579
338148680,13,734355
338149007,41,3069267
338151041,10,1128471
338154585,23,3312610
338155229,4,286619
338158123,10,687931
338158923,16,8196967
338161341,17,6846276
338162086,36,1580494
338163497,34,14814583
338164716,9,571537
338164763,14,5749892
338166948,9,2002615
338168393,27,909614
338169024,17,3831073
338169507,10,2533989
338170400,27,10104539
338170456,10,3077563
338172189,15,5882580
338172564,17,6896276
338172567,127,9263375
338172586,33,899823
338176907,13,11695693
338179383,15,568771
338179956,93,5147821
338184915,28,10768771
338188726,34,1766353
338189580,24,1188508
338197054,7,358444
338197382,9,120480
338202554,9,5732272
338203173,6,360874
338203937,51,2954399
338204790,17,8742731
338205114,3,212395
338205456,20,9905165
338208414,3,695039
338210291,32,10888273
338210554,14,3695413
338211337,6,1398414
338211485,6,335645
338212234,7,317700
338216090,14,4272273
338216812,16,5570468
338216885,19,8499576
338218173,23,1801187
338218757,5,3457088
338219007,11,1133391
338221106,6,2579013
338221947,21,6177042
338222450,18,2907961
338223654,83,32156206
338224672,7,811434
338227042,5,521708
338228380,20,1202744
338229346,51,25691757
338229360,15,1970256
338231739,11,1056720
338232193,25,6704830
338232675,25,1959484
338233141,23,9737809
338234774,10,386984
338235135,8,1918052
338236432,27,3104455
338241550,76,4857947
338241878,53,8733034
338241966,18,1404323
338244915,34,4172304
338245104,17,1051894
338248748,14,1296163
338249575,100,7283132
338252337,6,390027
338256502,21,3093475
338257364,11,954092
338257935,15,1037670
338260264,14,1202255
338260854,48,6785024
338263142,38,3203719
338265308,87,3764829
338266104,13,2271655
338266184,18,1589802
338269643,14,899869
338271245,11,1745056
338272221,22,908723
338278773,13,1320789
338279843,36,1147003
338280585,62,4877107
338280619,11,1784056
338280808,52,7257211
338281185,7,1617474
338281203,103,45274541
338284250,12,2658725
338284426,21,6735538
338285450,10,450967
338285628,26,10651638
338287234,20,9247890
338287455,18,7613434
338287764,6,182598
338287867,28,2266688
338287887,29,2501386
338288394,26,1687193
338288408,11,871617
338288758,67,26459446
338290174,10,3418071
338291639,17,1701670
338292135,20,5954105
338292586,114,49161646
338293584,33,14504102
338293857,18,2142746
338294048,11,3483720
338294696,13,687104
338297846,13,1302002
338298811,17,2452213
338301380,12,770890
338303247,40,2499836
338303792,13,1986703
338306118,35,2483582
338307423,65,1596596
338308404,30,3040047
338309534,4,83578
338309556,6,248969
338312061,8,588144
338312265,73,3201089
338313080,23,1712808
338315243,9,1129374
338315449,12,5477005
338316049,28,3338463
338316096,11,1057630
338316143,48,4018092
338320998,90,3726254
338322330,10,722238
338322607,8,958394
338327353,11,875846
338329554,74,3306461
338330263,114,43905971
338331017,52,17254690
338331280,17,905425
338331807,22,8453560
338333083,13,4739034
338334461,36,1725179
338335612,11,1119852
338335996,24,4711091
338336042,15,3975940
338336718,25,505741
338338613,17,9982761
338339321,42,15407426
338340452,14,1304535
338341598,11,4539448
338341997,6,889210
338342294,144,64167687
338343514,21,6645941
338343840,34,2085564
338344645,127,53624682
338344694,15,2036465
338346481,19,1078063
338348131,4,1250352
338348901,4,999480
338349418,18,771547
338349676,64,25871983
338349681,13,4086295
338349910,12,2585468
338350236,12,2977294
338350369,14,947481
338350594,33,11810983
338350627,38,9925909
338350760,6,1592244
338351401,100,1874602
338351782,5,3809267
338352167,38,13219036
338352344,50,8226682
338352464,10,315412
338352765,50,24552036
338352981,19,13090310
338353221,11,3259510
338353274,45,17708474
338354014,143,67757146
338355369,12,1904340
338355655,16,4523228
338355853,15,6446899
338356194,194,84474764
338356501,6,2813293
338357597,17,5377458
338358088,7,1474098
338358755,22,9037458
338358822,13,3813111
338359373,33,15803889
338359519,4,260985
338360289,30,22065091
338360820,51,18194356
338361503,135,54970633
338361534,12,2671383
338361693,14,3891671
338362075,54,30996083
338363277,12,1340403
338363294,49,14589424
338363668,25,8369204
338363852,15,4492568
338364271,23,1005759
338365688,11,1750000
338365764,31,1903623
338366688,3,688441
338366999,29,2378916
338367133,55,30805548
338368115,32,20828523
338368601,61,8214441
338369716,9,2031833
338373300,26,4813982
338374071,6,534862
338374248,13,4201983
338374305,114,50903364
338376400,12,1244162
338376453,55,1088439
338378949,14,1240037
338379113,12,458156
338383192,5,1056477
338384783,70,5443836
338384792,10,991284
338385201,31,1580204
338385272,21,1272551
338386131,37,5344595
338387810,8,1408500
338389365,18,3053838
338391966,37,1055720
338393543,19,549902
338394420,28,3312704
338395404,41,2262103
338395428,23,2096651
338396012,41,2493778
338399999,15,569781
338400255,33,708667
338401206,14,4487474
338403530,19,6313567
338404396,35,3028699
338404889,43,2898807
338405262,34,2539046
338405304,13,3388357
338406322,20,9825003
338409628,13,1567581
338410084,50,845211
338410222,12,5782814
338411542,24,1047340
338412916,19,8312810
338412987,23,12646406
338413627,34,1735483
338413684,6,1418960
338414313,17,1012594
338414370,9,1758319
338414437,37,20988635
338415291,16,1666671
338415303,27,12145039
338415588,47,22046727
338415979,33,1690377
338417979,21,712113
338418165,20,1437962
338419328,29,11856344
338420235,23,9452304
338420879,17,931956
338421767,52,22151181
338421814,11,4320113
338421971,9,3346085
338422985,14,1344892
338423023,13,4217775
338423223,14,3850663
338424626,14,1088003
338424641,14,4921559
338425246,32,11536835
338425588,18,7028801
338425681,9,3380660
338425931,27,707847
338426781,27,11862605
338428343,14,943561
338428936,11,2866676
338429557,16,736182
338429865,5,1356372
338430976,3,571836
338431458,22,11591082
338432340,16,4251528
338433424,13,2314164
338434512,32,1413046
338434797,12,969810
338435500,15,1433123
338438592,9,518514
338439117,28,9651889
338441769,12,472568
338442141,28,9418287
338443000,16,5975489
338444256,34,2147972
338447260,17,687741
338448182,30,2087565
338448258,29,8112676
338452300,11,975635
338454553,9,805428
338465237,8,1042060
338465816,4,266416
338466736,8,435908
338467124,16,1511131
338468310,68,15219332
338470836,5,1962902
338471051,9,4734982
338472614,20,10070832
338473254,11,498606
338475776,47,3411605
338477179,47,19161589
338479387,4,680478
338479684,39,8422871
338481930,4,1153654
338483694,4,528721
338483878,4,983108
338484371,7,424731
338487954,25,1771332
338489402,11,2761592
338492305,13,4458884
338498797,8,1345097
338499229,32,3862156
338499323,5,261864
338501945,10,1168323
338502428,20,746890
338505536,12,1280055
338508525,16,1340832
338510464,6,427140
338511166,32,13336919
338515228,19,820440
338515820,5,394915
338516660,28,2799144
338523884,31,3248540
338525580,8,507486
338528157,10,1076570
338529181,13,1588171
338544997,7,567050
338570968,27,2651997
338573263,6,451349
338575495,18,1553207
338606306,11,955091
338606978,30,14072040
338609299,16,7074309
338612741,13,6791800
338614010,5,451167
338618150,5,362162
338619630,35,1946391
338622126,16,811110
338624910,13,989081
338626829,18,803385
338627165,31,1431603
338630636,14,809744
338630840,26,1840381
338632560,34,15601403
338632749,17,1390900
338633434,20,1500687
338634696,22,8222977
338637977,15,5688458
338643970,37,19916106
338647635,24,12441733
338648081,20,6299981
338649390,8,291612
338657197,11,2366855
338672336,15,1821843
338676764,20,1320672
338677554,11,329739
338677941,29,2306341
338678971,9,2686326
338679399,27,1940312
338679640,7,1588836
338679663,12,3244589
338682299,20,8428799
338683931,20,758286
338684233,4,284462
338684603,7,2368979
338686289,45,15826292
338687556,23,1319792
338689695,16,5882823
338690044,70,37450190
338691256,10,610648
338692377,36,12970809
338692906,7,456404
338694290,16,6204603
338695609,11,750653
338695881,12,8323917
338698363,16,3688477
338701314,11,978908
338705496,11,753292
338711505,106,6212872
338711886,5,411842
338711901,42,2189889
338719522,34,2018026
338721819,28,2115092
338721910,13,5157895
338723537,23,3058700
338724878,21,9464252
338731549,10,4261415
338733039,6,2089773
338733173,10,3291530
338735642,18,766306
338736156,6,2160061
338737548,36,11035623
338739956,12,4288370
338742053,16,4010154
338742663,14,3906219
338743059,39,11163667
338743126,24,9098232
338743821,13,2041711
338744400,3,2195522
338744411,31,9711326
338747006,12,3676293
338748015,3,155214
338748697,198,17207127
338748788,10,5624275
338750693,5,1191081
338751128,48,26866396
338753535,10,633104
338754258,9,991935
338756687,12,793643
338756995,21,1224685
338758429,60,2214873
338759908,20,2196246
338760840,37,3853825
338761198,14,1946512
338761677,65,7699752
338762565,12,1681542
338762676,19,3530914
338762949,3,285872
338763201,33,3224199
338768182,30,701934
338771976,9,374643
338775397,4,187301
338775536,27,1430025
338775718,9,1559231
338779608,3,487110
338780608,35,14896881
338780728,6,552206
338781644,34,8026648
338782801,9,2766911
338785321,89,44081617
338785960,27,3046850
338786050,60,20860618
338786204,17,6819153
338786404,13,4145950
338787195,51,25279665
338788170,50,16962978
338789982,31,7793660
338790089,6,2431804
338790529,6,1999658
338791071,8,1018945
338794369,9,10596256
338795298,9,3059420
338795553,65,29485730
338795650,41,9854972
338795827,3,1241141
338796597,6,1962158
338797037,15,3052700
338797583,10,450295
338797934,14,2058337
338798323,16,3364953
338798355,14,4997661
338798459,33,1026226
338799218,74,39296450
338799618,10,4175175
338799684,12,1982409
338799707,159,59219562
338800467,24,6093246
338801945,14,7179776
338802087,21,5558753
338802794,29,12327361
338802824,19,6376473
338802841,8,2156359
338803939,9,4178088
338804351,19,7271380
338804371,10,5250218
338804695,47,18256474
338805091,39,16997559
338807039,26,4348802
338807444,8,1217867
338808976,20,11777546
338809038,9,2073314
338809720,28,1156343
338810257,24,6816072
338811246,6,2897385
338811567,4,1299282
338811790,5,1304540
338811924,6,2270916
338812445,28,492992
338812545,10,3474921
338813566,15,5804458
338813763,10,7758947
338814343,20,1262446
338815407,15,1534310
338817692,45,3257707
338818044,10,1062262
338818438,14,7645726
338819533,29,4937901
338819764,27,1653834
338823707,13,1126837
338823790,11,1268270
338827975,108,5837024
338830412,40,3137047
338833070,21,2989990
338835604,23,1365520
338837426,11,1966376
338837895,38,2585280
338839860,9,391734
338840669,14,1491530
338841898,23,3190166
338844262,16,1863163
338846498,13,1593376
338847592,8,492749
338848316,98,5236835
338848610,19,1342871
338849765,13,464577
338850025,5,267073
338854636,20,3010014
338855687,8,2980204
338855779,22,5692880
338858195,26,2366271
338858566,18,5837391
338859194,63,32837625
338859638,17,868507
338859726,6,1037031
338860507,14,1147965
338860941,14,652005
338861318,9,3400871
338861940,20,6620494
338862562,7,1416920
338863380,79,34299585
338863458,8,399526
338864064,17,4040479
338864487,34,2581346
338864617,10,2835244
338864636,16,2643522
338865056,5,2087608
338865169,27,12786514
338866531,14,886127
338866689,44,14951215
338866723,7,2940080
338866979,11,3132820
338868622,17,6402257
338868692,23,1238684
338869303,3,551557
338869635,17,2504722
338870862,7,3131763
338871240,13,6462699
338871871,13,4584865
338872043,18,7927215
338872542,13,1967840
338872802,26,12146381
338874109,20,1814378
338874351,23,8626590
338875202,42,2445021
338876020,11,1449790
338876181,55,3064835
338876270,13,3868799
338876750,5,270388
338877181,24,11387755
338877860,11,2954639
338878285,51,5858886
338878941,20,6420259
338879236,3,230572
338879533,38,17769529
338879672,8,1870183
338880374,12,755141
338881117,14,872092
338881768,18,1802274
338882914,13,7441694
338883481,12,4541970
338883906,15,873251
338883948,29,3028067
338884940,90,11901292
338884978,25,839456
338885058,22,2566770
338885316,16,7066286
338886130,27,2258388
338886158,8,327584
338886340,8,1147686
338887164,10,998837
338890537,15,5211119
338891501,22,948569
338894676,4,479414
338897746,8,2329425
338898391,27,1611014
338901350,38,1193096
338906390,17,484386
338908744,30,1362931
338908863,17,2729204
338911971,13,1637148
338913673,17,805415
338914731,13,1002639
338916010,39,3186706
338916362,52,25365573
338919188,42,16304729
338920114,14,3266697
338921843,4,971537
338922753,14,1492053
338924072,50,15250613
338924576,48,22179529
338924964,21,1406607
338925337,14,5093920
338925563,35,8326853
338926097,28,14626198
338927435,4,367431
338930927,17,551760
338935722,18,993516
338935822,15,10675733
338936064,17,3732209
338937273,8,907208
338940937,19,1902673
338941057,13,813620
338945800,4,160936
338957460,11,677061
338962589,16,817242
338968575,7,612395
338970570,53,4941803
338978374,9,526967
338979162,19,1477411
338994788,21,9407347
339017447,13,1014084
339026371,6,364640
339029333,5,105984
339038909,19,5001922
339039847,24,11389333
339045004,16,5507053
339049919,8,999710
339058980,16,1179072
339067830,12,2143740
339068745,16,934136
339069592,20,4142642
339070510,8,1879128
339072335,39,12383190
339080363,9,592140
339082585,40,9029423
339083295,26,9366553
339084072,19,9878674
339086715,5,269892
339089731,102,5452999
339091886,15,1292210
339094689,35,2085903
339097596,10,867943
339098242,36,3018012
339098696,30,5049958
339101185,11,879722
339101960,7,876468
339103029,19,1220667
339108629,20,2011252
339108666,28,2244829
339110042,33,12137786
339114136,13,2053183
339114675,110,41913699
339115120,14,5394277
339119183,17,6112441
339121201,5,451953
339122173,26,7451461
339124353,11,457751
339126108,6,2231962
339127510,27,13035385
339128308,12,1742221
339130513,17,2092227
339137080,17,666423
339138096,12,1243888
339143105,12,1833552
339143175,9,341060
339145887,14,738622
339145894,16,1211121
339148424,55,3819660
339149935,10,569912
339151146,8,785731
339152431,27,3318702
339153937,17,2695555
339155703,32,2231959
339157780,15,799084
339158437,53,2596448
339160239,25,3657900
339163191,28,3463499
339164551,15,961538
339165372,30,9954409
339168788,17,1100715
339170077,15,3784762
339170143,18,1885717
339172435,4,1337840
339172632,4,104340
339173769,14,8956388
339173948,8,933247
339174238,39,22341145
339175970,9,633693
339176062,5,1086783
339177721,13,4936656
339185036,27,1250240
339185734,54,8140421
339186610,16,1443251
339189581,17,3362425
339190333,59,1641732
339198433,22,10308293
339200591,17,2363873
339202232,70,5623266
339202428,14,2131557
339204002,29,1266749
339207155,63,1563499
339207394,10,3861820
339207792,44,10249076
339208485,86,34756852
339211341,9,4395311
339211614,15,2665469
339211830,63,26541664
339211843,21,1988229
339212822,13,3787854
339214307,15,5385600
339214406,55,13882584
339214584,6,1257020
339214997,24,9300977
339216120,8,2067860
339216509,87,23360732
339217170,15,13038707
339217216,5,1627761
339217764,13,3877677
339217980,92,40394956
339218411,162,56227890
339218714,13,1286694
339219627,88,29008137
339219693,8,824780
339220171,14,4603567
339220551,120,67653996
339220833,15,2211044
339221542,15,651316
339222162,4,1468037
339222492,25,4395410
339223115,21,9937506
339223518,34,17450221
339224023,9,3494265
339224332,56,10469096
339224435,8,2052611
339225038,11,1040570
339225516,4,1306971
339225780,117,5525286
339226830,12,1672256
339226908,13,6458713
339228047,26,4259391
339228277,19,7738462
339228671,5,1321691
339229104,18,5910180
339229170,8,3331136
339229355,20,6322841
339229639,40,20469887
339230448,17,3544545
339231221,11,4815560
339231285,55,15436302
339231632,265,129528990
339232419,58,30553690
339232516,28,9489251
339233084,9,2173767
339233140,9,2691522
339233328,4,2328606
339233863,41,23566119
339235809,24,12043608
339236421,30,11277147
339237430,9,3334190
339237460,7,422322
339237542,40,17918439
339239187,17,5646627
339239828,3,1029042
339241461,6,1447219
339242112,8,459545
339242541,14,7512341
339242581,70,28670297
339243248,3,203530
339243444,22,7539787
339246224,18,1850969
339247379,19,1011548
339248534,65,21266197
339249740,17,1410295
339251694,9,1558881
339252488,18,2024715
339252833,95,9276221
339255570,5,771298
339256345,23,1414593
339258585,24,1081843
339258956,17,1724615
339262300,11,2383692
339262835,73,4377091
339263097,24,1139021
339263617,32,1843791
339265742,10,4947629
339267816,50,2297665
339269019,137,12719569
339269152,83,26536495
339274188,11,748302
339274489,29,13517531
339278808,42,2180116
339279903,55,19606649
339280564,37,13395404
339280597,16,3338068
339281638,18,4324471
339282051,12,2828980
339284853,53,24464917
339285698,18,1462651
339286232,13,10054171
339286505,12,484508
339288321,39,12613496
339288731,49,25572840
339289256,15,1905454
339289341,24,9065634
339290845,30,1649989
339291474,27,22293578
339291857,17,1154254
339291941,14,4248226
339292403,14,3501268
339292663,11,5431796
339293129,35,18425834
339293935,45,21027787
339294394,26,8772342
339294508,9,1147957
339295293,20,1701051
339295693,5,2540186
339295822,44,13897703
339296569,12,4232661
339296697,55,25371184
339297270,22,10277039
339297318,31,13476879
339298485,12,604401
339299015,17,1013754
339299088,16,11416573
339299213,22,11674927
339299757,14,846123
339300571,19,6229145
339300588,17,8626770
339301534,15,1345850
339301696,17,6619227
339301715,32,2194811
339302168,64,28766529
339302344,12,1659943
339302810,30,1204702
339304379,29,10295721
339305820,6,1074566
339306618,14,2298898
339307003,15,1183258
339307702,3,38862
339308538,20,1138139
339309016,10,2250763
339309223,33,3743916
339310345,4,1269881
339310652,11,862021
339312672,8,597197
339317224,89,3864846
339318154,23,1694363
339319606,12,1309770
339321077,6,470441
339321082,8,382860
339322653,24,2070476
339323858,26,3986519
339327049,18,1667152
339328066,20,1610825
339332557,14,1634523
339332901,4,416216
339332990,8,1276374
339333858,40,7201950
339334273,18,2192296
339334593,5,411271
339334683,15,2722303
339335347,12,877176
339336398,93,37509153
339337534,23,9161111
339342077,71,27323029
339343923,17,908030
339347557,12,933044
339347814,18,1245691
339348191,11,4711644
339351531,27,9939843
339353334,12,627425
339354456,11,431528
339354890,12,349121
339354958,25,911175
339359301,21,715024
339360156,11,978871
339361695,36,12836515
339361943,20,2256123
339362228,29,5404379
339363765,21,2017228
339366571,7,271643
339374836,17,1230500
339376305,13,1685345
339377299,16,1215829
339379670,9,886227
339381913,20,781535
339382232,14,528368
339390403,13,1915235
339402274,9,617239
339473710,14,588156
339475387,14,3664295
339476783,14,644316
339478974,24,2043773
339481814,52,3111040
339486926,53,2668608
339490947,43,5524430
339494835,13,592748
339496025,32,1236628
339497204,15,4087904
339497723,21,4437129
339502110,4,1011631
339503678,13,4354739
339504587,3,272478
339505796,36,2303945
339507591,6,397888
339517643,17,757477
339520932,18,1850491
339525565,33,2869891
339526705,27,2246023
339531461,28,1933031
339535007,13,1164576
339536649,8,173429
339537109,36,3688490
339537964,10,1120356
339538372,6,1036118
339538622,57,28671737
339539164,37,15764313
339540911,4,734818
339541567,10,736960
339542751,62,22395061
339546602,13,3565579
339547940,19,7811155
339549363,66,21802448
339549663,16,3777976
339549737,24,2680835
339553358,15,1570822
339554429,15,5441540
339556048,24,1620401
339556247,16,8407175
339556614,27,3794814
339558413,12,3097674
339559388,17,2074324
339562092,20,3926152
339563424,22,7402646
339566572,17,1541255
339567784,3,420327
339572927,13,700879
339576268,20,1151060
339582077,24,935087
339584411,28,1355882
339585919,5,2330796
339586956,58,2668845
339587191,8,341126
339588051,21,6590550
339588866,104,4922142
339590761,16,975719
339591326,94,46901104
339595078,15,7557945
339595218,13,2697453
339595475,3,43285
339597133,18,1023676
339597902,167,63752817
339599222,17,7749901
339602733,53,19643939
339604136,21,1274450
339604865,25,1412727
339605641,15,5570388
339606437,16,9704604
339606497,3,1802508
339607139,11,3117987
339607805,15,4234314
339614916,49,22702292
339615248,17,4630328
339616795,27,1378895
339621374,12,1110659
339623918,10,1331051
339624230,18,1682989
339628294,33,2457591
339628566,69,1029139
339630461,10,346341
339630511,5,263516
339631361,4,424880
339633317,25,2856182
339635802,3,130710
339635874,24,10483967
339638189,290,121817248
339638253,6,2482062
339640295,13,573754
339641243,14,2868018
339641275,36,793922
339641375,11,460536
339641463,32,1902744
339643075,19,4788613
339644820,13,2159237
339644962,13,672369
339647473,30,1126782
339647855,19,8662583
339649292,41,11956037
339650235,11,1488361
339650641,8,6235088
339650762,8,2586922
339651591,6,682383
339652073,68,34742715
339652609,25,9953754
339652982,20,3433286
339653171,12,2715050
339653482,17,3596837
339654611,5,2571231
339654979,25,5866418
339655167,15,3132875
339655408,137,53795523
339655689,3,606106
339656513,14,2466800
339656603,15,4036311
339656604,4,641752
339657120,17,996418
339657336,17,5455144
339657805,25,11703980
339657971,15,7240754
339658008,7,1335821
339658317,14,5713985
339659245,20,2599928
339659329,65,40932425
339660287,19,4797739
339660457,10,2955218
339661557,143,48166954
339661573,50,22609464
339661797,15,7751414
339661805,14,2136490
339663221,4,1432835
339663671,15,2626668
339664133,22,1128143
339664357,16,1582257
339664460,8,2818128
339664564,7,1231271
339664899,17,3410090
339665192,14,2162422
339665236,32,16316139
339665319,22,8684789
339666990,11,3650250
339668163,10,2852744
339668328,37,15368787
339669613,12,7909181
339670966,11,1948198
339671223,14,3872147
339671954,511,49589230
339672872,12,337734
339673779,16,498070
339675067,8,1136335
339676039,16,6876872
339683642,6,837755
339689638,34,1350605
339690766,6,320528
339691685,22,2223951
339692152,16,329463
339697071,129,8225089
339698410,10,553719
339700331,11,2433961
339701803,14,1686919
339702023,10,14129928
339702119,12,3735550
339702682,9,2712955
339704667,15,11520353
339706009,10,1736042
339706414,20,663593
339708043,36,6015044
339708136,53,27204087
339708195,22,10665235
339708220,7,1652113
339708629,12,2503011
339708720,107,43817646
339711476,57,3617322
339711967,4,1333629
339712543,50,1608035
339713300,11,351834
339713310,52,17047631
339713697,4,817920
339713819,17,5241405
339713846,20,791032
339714291,10,2243691
339715389,6,328825
339715433,13,3265610
339716884,15,6789539
339717163,10,2028597
339717485,7,1337743
339717509,11,2286667
339718009,11,783839
339718037,25,15146719
339718415,18,1019867
339718427,27,11090503
339718591,38,3972443
339720357,20,10316179
339720363,14,1089084
339721052,36,15354215
339721341,25,16045068
339721672,19,3451471
339723120,54,18327361
339723202,14,3428258
339724319,28,2326057
339725006,23,8887980
339725150,47,11763329
339725910,8,658795
339726154,27,1670849
339726585,30,12645955
339726906,32,12673862
339727417,54,22251649
339727649,26,21316493
339727756,40,21776723
339728445,20,1462844
339728779,18,4916192
339730272,12,324697
339732946,6,353649
339733377,5,1751306
339733850,5,269846
339733852,11,5432616
339733933,11,864730
339734592,4,1409368
339735271,30,2265674
339735397,10,3622172
339736322,10,698287
339737870,7,4360900
339738965,14,5796055
339740321,19,1155401
339740614,9,4284358
339741495,30,4437830
339742858,16,579415
339744458,7,2287995
339745977,18,1180476
339746051,27,2287021
339746293,13,534604
339747625,10,1325822
339750045,31,2682332
339751087,10,494625
339751560,12,1253665
339751663,18,1504268
339755023,19,2734657
339757524,12,948158
339757611,59,34707090
339758696,34,1589032
339758783,30,5955482
339759001,3,136055
339762487,11,1736150
339762689,43,6835162
339763037,30,1687607
339763092,11,402868
339763561,11,719017
339764770,34,790332
339766313,39,8970230
339771383,12,2427416
339772375,14,773646
339773463,6,1675066
339774819,25,4756648
339777466,15,7591469
339778837,26,6702172
339779442,24,3534368
339780108,32,3172280
339781801,13,7288854
339783610,11,1838195
339784000,27,1894701
339786660,12,4660373
339789261,24,1578982
339790334,14,1508670
339795532,27,1233061
339800021,11,5879617
339804954,17,1565242
339809135,33,21913324
339811406,86,2374921
339839148,16,5828832
339846385,13,10324506
339896488,10,1015712
339904203,8,2711208
339909360,11,1012372
339919794,35,1890728
339924535,19,6170371
339926804,13,555804
339929894,6,268509
339932189,8,889035
339932778,14,2544760
339936188,18,713797
339936814,15,1759945
339936953,13,729347
339937025,20,3601995
339938485,17,509729
339941873,4,108949
339941915,9,2750730
339942901,5,282265
339943665,11,1500896
339944721,8,2292379
339946557,7,981044
339950102,11,568677
339954994,20,2029251
339956096,20,6072665
339961490,6,225537
339966009,4,431461
339967983,12,1884818
339968654,10,1679899
339973325,118,44473869
339975163,15,2895939
339977005,12,3860880
339978344,8,1670092
339979617,8,414534
339988571,65,22032111
339990325,10,5467743
339992312,19,3486358
339993695,33,15267376
339994922,67,3513776
339996433,74,9352529
339999290,14,1332708
339999978,41,5013302
340012519,5,264365
340015830,18,2057581
340015960,8,230512
340023523,45,18245690
340027497,15,4670500
340027808,32,10453882
340028736,41,11607602
340029136,16,804443
340034635,7,5795284
340035849,47,24023092
340036526,30,1385427
340036578,34,1272687
340039224,15,799468
340039636,14,1651018
340039872,10,874590
340042499,15,5243762
340042776,5,347648
340044962,3,134553
340045372,53,4256327
340045843,8,379725
340045912,16,962621
340046018,19,764716
340049347,18,1012812
340050719,165,27373263
340050932,30,2602603
340051074,12,863906
340052526,3,162835
340053540,9,391611
340054803,16,4441003
340059265,14,763184
340060578,32,2471600
340061839,5,284603
340062698,7,703121
340065934,20,397545
340068985,46,2657105
340069583,15,1042045
340070740,15,10653958
340073092,4,1532796
340073232,39,3374782
340073375,4,629253
340075261,6,1937711
340075430,17,6361399
340076830,15,2812976
340076905,6,1886975
340077250,18,5330652
340078276,14,5653050
340078732,9,3117796
340079564,13,2562190
340080053,12,1229870
340080803,19,8026132
340080990,15,3448027
340081092,9,859882
340081139,74,24068560
340082716,13,4829360
340082874,4,107994
340082926,30,10937039
340083390,10,5510778
340083802,8,1308027
340084526,17,7423657
340085885,16,1722824
340085888,15,6483602
340086170,17,2346123
340086778,13,5018423
340087471,12,1377219
340087598,27,9589353
340087859,15,2710660
340088002,25,3416256
340088564,33,16767429
340089327,26,5567365
340089440,8,2639778
340089764,67,22507721
340089955,14,5054988
340090326,13,4563297
340090374,11,10718601
340090991,10,663972
340091647,5,3097932
340091930,92,52013057
340092133,54,30632412
340093510,6,387505
340093624,40,26050635
340094257,8,503826
340094501,21,8069972
340094546,16,3351283
340094748,25,6984762
340095362,16,1198294
340096248,23,2340088
340096694,10,1043937
340097277,10,3818762
340097304,9,341275
340097448,6,215180
340097483,11,5427641
340098598,17,4343880
340098643,32,17946623
340099789,12,4492848
340099829,45,21279663
340100351,6,2771350
340100427,21,7685518
340102091,13,650046
340103136,34,1036230
340103405,39,1785209
340104292,18,8074825
340104521,14,1740608
340104674,6,1434579
340105990,20,978392
340108537,31,1737557
340108553,31,4731259
340109976,41,2507322
340110333,14,1909281
340111245,28,1961541
340113854,21,1363437
340113940,24,5369265
340116489,10,957163
340116781,17,1761328
340117693,14,2183902
340120472,22,4900678
340122180,13,770538
340122827,19,423648
340124772,18,736994
340125421,27,2070421
340125696,18,1885450
340127807,11,691251
340128268,3,122407
340129044,15,972063
340129103,14,2271707
340129397,24,936851
340129704,16,1630522
340130026,39,4009521
340131646,73,11727004
340132203,5,21945
340133390,20,1729090
340134104,20,6821810
340134151,8,742385
340134268,27,8436928
340135223,4,1013640
340135330,23,2611101
340136294,114,67348889
340137312,14,4075415
340140759,31,13503204
340140941,17,4471718
340141154,8,2477947
340141419,16,7061980
340141772,13,1296802
340141809,132,7258263
340142099,12,579288
340143370,69,27824032
340143826,10,567200
340145197,10,5799775
340145467,7,2345977
340145798,22,2452386
340146245,17,1488738
340146595,18,1669701
340146785,11,1864968
340148010,17,2264371
340148369,37,15424762
340148862,89,54047478
340150384,29,10865717
340151660,76,40115066
340151743,12,3790836
340152906,40,20180635
340153645,37,18127892
340153994,3,2449188
340154192,11,1153904
340154351,7,812597
340155072,26,15587514
340155196,15,5835473
340155766,20,6880902
340155835,16,1216741
340156412,16,960851
340156591,12,6741779
340156892,11,1246387
340156965,42,18477166
340158463,35,2855654
340158535,37,1537078
340159019,12,852872
340159089,17,6162797
340160471,16,8630533
340160819,18,3705307
340161008,3,469347
340162347,26,11990708
340162494,32,16083020
340162540,7,865845
340162560,13,3680337
340162847,12,1453659
340163251,36,15238411
340163758,16,6376822
340164201,19,7637573
340164528,13,3877288
340165058,16,1923689
340165382,10,1624560
340165927,3,515138
340166426,37,21364682
340167377,13,974539
340168653,12,5714188
340169084,25,718504
340169829,10,860642
340171914,13,5504485
340172346,12,3651935
340172446,16,12130132
340172565,17,1328987
340172602,25,2004839
340173158,20,4695997
340175460,9,1988289
340178106,21,1120381
340179368,9,3220119
340180638,23,2809701
340180895,50,4838596
340181258,6,2274992
340181365,21,8078736
340181937,57,2030628
340183074,4,415250
340183932,18,7043733
340189744,18,2176524
340190002,12,1166496
340190753,6,1529203
340191718,11,1150369
340192045,15,678981
340192230,5,384084
340192575,13,1038349
340202209,6,2380089
340203087,8,2305485
340204314,32,3952076
340205080,10,3471947
340209235,9,3707517
340211127,21,8185645
340211982,16,5672124
340213206,6,1502741
340213452,65,2276602
340214402,13,3437260
340216142,48,29132839
340216219,22,1817689
340217570,11,4279859
340220366,18,1200687
340220836,8,599248
340223742,20,8326948
340233565,56,2759253
340236954,28,3181617
340240512,38,1913526
340240514,46,5024848
340240820,50,4680366
340248516,22,2721554
340249777,5,379855
340252591,37,1534122
340272963,9,560836
340340467,16,6931584
340342821,20,743946
340343815,3,1571415
340349136,11,329990
340352263,15,1240490
340362401,6,852974
340364922,27,1772368
340365562,20,774205
340370320,7,909373
340374368,3,850098
340377068,23,5016341
340378318,11,641733
340385581,33,2073754
340385722,30,1506818
340387184,31,2359815
340392875,15,1037425
340393181,26,1830658
340395132,19,1703232
340397977,8,733425
340401817,27,2189196
340403862,19,1599114
340406021,255,113747511
340406339,21,2879723
340410359,16,670253
340411804,18,883669
340416162,35,2759752
340418271,15,3057165
340419172,105,44090281
340419190,13,2060019
340420377,17,1954189
340427895,19,1452114
340428128,28,1079586
340428822,10,816549
340429087,33,2610101
340431131,27,2083063
340432398,107,6113800
340434988,17,890451
340435485,13,619556
340436722,23,2099597
340436976,14,1420256
340437683,17,709553
340441775,12,287288
340442909,32,4453526
340445380,28,667287
340448844,17,1212673
340448852,37,1441766
340450322,11,989597
340451443,13,1138080
340453147,14,835259
340459711,43,871627
340460360,16,621830
340461203,93,10590326
340461774,11,3582137
340462837,3,690088
340463597,25,11898316
340464763,26,15809644
340465496,17,4125413
340465795,5,2076264
340468020,7,2400461
340468200,11,1958897
340468337,10,4571720
340469680,14,2000933
340469775,43,12134031
340469801,26,13209395
340471869,9,2061813
340472319,3,4960970
340473063,22,10786119
340474280,16,1926571
340474545,25,13410695
340475234,7,1616254
340475527,9,3942350
340476712,21,1641012
340477335,18,1955686
340477518,21,1084683
340477889,9,2347666
340478793,8,1031897
340479582,27,1049674
340480574,9,892418
340480837,5,265566
340481382,16,1688549
340482856,52,969070
340485877,18,11908250
340485883,7,445110
340487319,21,802973
340487791,5,239045
340488345,31,5612665
340490807,15,1374800
340493847,31,2365642
340499349,10,8183680
340501734,33,3865661
340503809,11,840716
340509128,22,1133028
340509881,34,11867794
340510121,55,16453416
340510787,12,4931518
340512018,12,956131
340514098,10,3075284
340514377,40,19213668
340515360,11,1417905
340515799,4,1586637
340516028,9,3975498
340516158,13,5115495
340516161,75,2595059
340516323,17,6697265
340516570,5,1235075
340516717,19,4403362
340517189,22,4221825
340517399,13,4741951
340518615,10,2820960
340518665,40,17807612
340518743,39,21516002
340518806,20,9333269
340519135,21,6771569
340519630,31,7486524
340520399,18,4092558
340520552,28,11931395
340522732,52,21015084
340522966,9,3433679
340524045,6,788608
340524789,3,102872
340525071,10,2749447
340525293,22,7731099
340525559,3,1565352
340525868,10,1310033
340526060,8,2081409
340526350,5,1241280
340526397,55,8185312
340527235,72,26400176
340528044,22,8398964
340528256,49,18607823
340528463,40,14054282
340528592,14,4382696
340529043,24,8627494
340529164,7,2146668
340529602,12,1480166
340530047,6,2621627
340530871,55,23473061
340531364,14,5137089
340532486,20,1275614
340533023,15,3272696
340533601,6,1926727
340533667,22,5389647
340534509,5,739052
340535661,21,1803693
340536273,13,818445
340536842,26,5113273
340537711,20,7218822
340539753,48,3766407
340543084,20,2931837
340545904,19,1412277
340546487,16,1209118
340549027,11,601920
340549151,6,616068
340550497,18,1911547
340551470,20,807220
340556186,19,1063887
340557404,7,976370
340559472,16,2604920
340564106,84,11940625
340565183,35,1772190
340565651,118,42943764
340567001,5,760227
340568608,7,2236835
340569074,41,9776748
340571754,23,1030088
340572593,11,574404
340573563,3,113548
340574224,14,2249607
340574532,51,21771602
340574688,20,6577165
340575009,13,1080819
340578348,16,573972
340578879,28,13264561
340579041,13,4742339
340579692,24,7963173
340580635,32,22284317
340581293,6,424414
340581368,46,2847379
340581892,41,6083275
340582450,60,39733251
340585013,69,42125931
340585775,6,1055497
340586318,13,3653311
340586783,3,663545
340587410,5,3786414
340587758,4,1077203
340588026,34,24608016
340588502,5,1552682
340590658,12,3693125
340590945,22,6490089
340591221,12,3553637
340591870,9,2941705
340592550,19,7330814
340592699,27,17697069
340592864,16,4876091
340593343,10,3087958
340593350,12,3708998
340593832,40,17321046
340594737,17,4614525
340594743,7,1636408
340595303,22,5101742
340595554,32,10808535
340596050,20,2701271
340596524,7,3236829
340596807,6,1280399
340597429,15,964934
340597877,18,4992590
340598371,23,6688091
340600122,10,4415815
340600126,19,1434639
340602631,30,16379868
340602687,30,6612836
340603214,48,3347709
340603283,41,3801589
340603421,17,895199
340603658,20,1791322
340604857,11,514658
340605729,16,7177111
340607041,37,20874100
340607309,39,1760255
340608279,21,1938461
340608361,20,1765061
340609144,14,28996676
340609929,16,3090657
340610007,28,3466184
340611847,11,380105
340616735,13,609889
340618376,20,2323627
340620532,21,385403
340621580,28,1200637
340623009,3,41400
340625102,11,897252
340625526,14,929634
340629350,16,2526455
340630123,7,567695
340632265,14,1654524
340633043,17,1038105
340638531,14,1126485
340639200,8,1259556
340641212,5,711877
340641562,15,1078355
340641751,37,15104291
340644383,18,4248077
340644667,12,4725525
340647387,17,2710413
340647535,17,8503119
340647975,22,7704315
340648336,14,1100740
340650219,5,1275858
340650385,5,676845
340651240,17,980295
340651718,29,14007470
340652897,18,1364534
340653415,96,34346108
340654694,14,6790182
340656400,16,6080054
340657772,5,526888
340658169,10,1466714
340658738,45,4621642
340659277,14,740666
340661016,7,508583
340661717,5,125198
340662558,9,715681
340664088,16,1140957
340668788,7,380632
340670577,10,550821
340675640,12,1264915
340677811,80,10447583
340677833,42,6524085
340681890,4,952778
340685456,18,1192147
340688965,20,1023740
340693390,11,895519
340695779,11,647840
340703158,5,598402
340705063,12,888806
340705974,19,1156328
340707148,22,5168550
340714041,11,1311139
340715817,23,5119575
340753492,22,10907306
340800138,3,147702
340811303,23,1235193
340813148,12,659954
340815139,13,6582743
340817301,32,2384237
340824970,5,497179
340827233,22,3022051
340828080,54,1773160
340832656,32,1272611
340833795,28,2259548
340839936,27,5159327
340841853,41,2015701
340842004,13,650711
340842711,10,2092161
340848904,17,1479274
340852104,130,9437372
340853564,17,3720146
340855593,30,1017842
340856760,8,2023195
340860110,19,7291493
340862880,39,2279989
340863502,14,1202479
340865434,14,544189
340868932,30,3962120
340869354,5,522422
340870945,66,4033677
340874000,6,384027
340879582,20,1609826
340885849,14,1890648
340886411,280,110468935
340887284,3,207532
340887744,17,1350396
340887794,17,1657480
340887834,5,853882
340888959,33,1599868
340890096,28,874008
340890214,59,4182453
340890436,5,550419
340891298,13,2958659
340891589,40,3618884
340891966,31,6083312
340893077,5,2612972
340894391,17,1793399
340895550,7,2960316
340900580,10,3962333
340902159,5,1612158
340903531,7,469314
340903693,8,453313
340904439,19,723080
340906296,68,12375383
340907125,32,13540554
340908503,12,2901776
340909225,38,11540140
340910415,13,2912478
340910499,8,3359942
340911985,12,1233214
340912323,133,17319031
340912508,10,7040460
340912577,27,652998
340912838,10,388552
340917345,28,1722975
340922958,26,1362556
340925118,15,1066619
340925157,9,309321
340926979,35,3043600
340929934,18,1201896
340930304,12,643562
340931232,5,2268473
340931310,12,1136376
340931997,17,641937
340937910,15,1558322
340942412,18,1852539
340942454,14,2087704
340944437,5,903135
340944630,43,13150957
340945453,13,647400
340945919,5,486116
340946789,7,1821738
340948195,22,2719448
340948837,55,9490441
340949006,13,2578319
340949247,60,32188049
340951831,11,1040064
340952039,39,4712088
340952278,12,1668519
340954493,22,1449038
340954525,22,4940627
340956566,20,1081646
340957980,42,2398049
340962364,21,1347655
340962798,47,8331919
340962861,14,2446017
340962896,8,934168
340964360,30,13294130
340965357,70,3386964
340965557,11,2435349
340965990,5,275769
340967566,31,14114997
340970921,28,23823585
340972570,7,5142521
340972960,11,6988643
340978407,25,8924488
340978536,9,3370756
340978540,15,453132
340978974,53,6521759
340979884,20,3109992
340979890,5,620019
340980126,27,1847613
340980194,4,307748
340980556,14,2578976
340982693,200,11756786
340985216,24,1510008
340991070,110,4167379
340991918,12,1125652
340996046,7,589051
340998644,3,117312
341003498,43,11901275
341005023,31,10924374
341006910,11,691152
341007400,30,7205641
341007534,8,2179168
341007922,28,7491117
341007924,7,725941
341008927,27,8671926
341010468,7,337618
341010650,24,2178497
341010876,11,4726287
341011005,12,3911270
341012222,47,20399311
341012247,22,2455478
341012559,40,4015296
341013166,9,3233474
341013652,14,4442036
341013964,17,4570208
341014222,17,1465190
341014756,16,5706070
341014855,7,1618985
341015542,103,37553731
341015977,36,1306447
341017905,81,39358552
341018187,6,744244
341018871,33,13655738
341018927,26,5254760
341019298,20,7488048
341019650,43,15850533
341020840,36,15231116
341021085,31,18611046
341021342,6,3606964
341022117,16,6189080
341023161,12,2524516
341023433,39,16450196
341023674,71,30947088
341023930,14,8204875
341024042,39,12703619
341024469,52,19119143
341024511,7,1065625
341024824,4,1167489
341024987,14,4589734
341025108,18,1835507
341025203,10,4017149
341025286,18,3653129
341025316,71,35975274
341025396,16,4937273
341025665,13,3501192
341025851,30,9868890
341026066,24,11130921
341026888,6,2131367
341027812,236,162893631
341028233,61,3717276
341028582,43,22688052
341028920,7,2625085
341029542,18,8753918
341029769,3,2945549
341030558,21,9767764
341030942,45,20568848
341031351,9,2033389
341031355,46,33043052
341032888,12,3545845
341033033,18,3839648
341033309,21,8398205
341034227,13,3912688
341034344,37,24836589
341034482,13,13998761
341035050,48,16684073
341035560,35,10730720
341035912,41,922156
341036276,11,10420100
341038418,16,6073074
341038745,34,14172887
341040639,7,974899
341041383,52,25397295
341041826,54,3937175
341041986,10,13990938
341042735,8,2924244
341043080,19,986056
341045543,23,9808918
341046280,13,1381053
341047159,14,1855976
341048372,9,737929
341057335,14,5243118
341060207,33,1267048
341061468,10,1095366
341062129,28,16341686
341063744,7,3256951
341065275,13,4022440
341065330,55,34244427
341066754,19,7019340
341066937,4,207192
341067057,42,12750872
341068705,7,2267758
341069808,21,9094596
341069821,12,260555
341070048,23,8421773
341071796,39,18621631
341072437,21,663394
341072542,34,3174776
341073356,18,4569385
341073587,10,5863653
341073682,4,879669
341076839,29,24594570
341076978,6,731737
341077418,28,4008759
341078998,25,9213331
341079701,6,1314991
341079975,11,4153096
341080432,27,3819953
341081631,44,16970978
341081836,12,2147145
341082201,22,29910193
341082639,46,15257243
341082835,19,9534189
341083704,20,1871971
341084908,14,5023807
341086546,16,6712811
341086885,62,4001177
341089649,11,732101
341090032,187,13962855
341090038,16,3852660
341091072,37,11716323
341091942,58,2927702
341093001,30,7902560
341093003,15,5652161
341093106,25,10754117
341094411,3,1461606
341094563,17,8072377
341094642,20,5163103
341095005,10,11490391
341095764,6,1257565
341095961,14,2341017
341096163,22,7249242
341096281,9,6398591
341096984,6,2291700
341098491,20,3044028
341098545,17,12161346
341098972,12,665347
341100027,20,14457506
341100069,8,284247
341101891,13,3671689
341102497,15,1926158
341103676,33,1567836
341103724,5,2042446
341106237,78,3169725
341108012,16,1898695
341108421,20,4478589
341108578,36,4200063
341110187,22,5046726
341110195,10,2378309
341110292,5,870913
341110866,11,933560
341113402,4,217151
341114712,6,1155875
341115315,27,546888
341116732,10,1196711
341116963,3,184280
341117580,23,2679105
341120351,3,33202
341120778,356,56816911
341121142,12,809189
341122810,5,270177
341122901,25,2064870
341124056,30,2887633
341125236,11,1203542
341126765,19,17853203
341128690,25,2658709
341129234,23,771167
341130088,35,16903789
341136119,30,1064644
341138560,4,638622
341138596,8,410163
341139672,19,841052
341142413,16,2481714
341142668,117,6514018
341143246,19,25369476
341144151,87,35427418
341144979,6,2677514
341145157,14,1149601
341147277,15,5725813
341149572,7,1153915
341149903,16,2368194
341150678,15,1299396
341150859,14,6555329
341151280,13,756513
341153137,6,2869518
341153352,13,939865
341154290,19,3620589
341155701,13,3219258
341158383,11,896393
341158673,38,3651226
341159044,22,7266378
341163070,51,10464143
341163160,25,7645774
341166540,5,296342
341168010,12,2945508
341170662,14,951356
341172033,16,2864825
341175671,19,1331472
341177840,18,7367660
341178790,8,910205
341180594,9,332610
341183432,7,3887707
341185232,23,1060014
341187183,6,370964
341187252,16,5390164
341198116,9,1150070
341200585,14,756714
341203324,9,303462
341204204,27,2603884
341259423,5,449381
341268595,10,567724
341304810,21,1409644
341307626,7,538656
341317150,145,11468199
341317237,11,3896343
341321330,12,3250560
341321514,12,2505485
341322805,4,90512
341322942,6,2174827
341323050,95,2025067
341323305,11,704878
341324829,6,297154
341331985,40,3027544
341336375,9,1778400
341336795,41,5706670
341341486,14,842171
341341752,16,4671072
341343721,186,69822109
341344117,22,16118971
341344971,16,6108337
341344990,33,3214177
341345345,29,1938567
341346690,16,956489
341350280,16,10600255
341351713,44,1261108
341356764,11,525014
341358270,56,3915401
341358997,20,9209384
341360091,17,1517484
341361203,21,17342698
341363037,16,2772454
341365606,21,10069486
341368858,16,2135983
341369051,30,10123379
341369350,18,838644
341370852,6,1108390
341372209,19,1298406
341372783,46,3080973
341376375,13,2314736
341384442,3,79618
341384556,17,4460756
341385233,18,1340503
341385867,24,1022469
341387010,5,475848
341387739,10,459853
341389806,7,602300
341391629,8,1757212
341393476,60,4603816
341395469,11,405214
341399089,6,204481
341401152,4,210135
341401783,10,4840562
341402631,18,5708593
341403600,84,33468698
341403640,27,9214567
341405038,28,2038482
341405929,4,287151
341407572,29,10391370
341411944,12,607878
341412181,11,508244
341413861,15,5040110
341418174,21,7247546
341418920,5,641292
341420342,13,468916
341421176,21,1471877
341421643,31,6191469
341421969,10,6653017
341422103,73,35436472
341424593,9,5843950
341424689,11,894000
341425194,13,908770
341427471,18,6107640
341428671,39,2660386
341429773,8,1046554
341430740,12,3779030
341431308,19,780560
341433180,23,2187939
341433972,21,5221899
341434413,15,3842373
341435485,7,393206
341437413,54,6161302
341439181,12,1258714
341439217,12,1100024
341439813,11,1036973
341440207,13,885920
341441876,15,1023572
341442194,24,2401569
341443819,13,1493170
341444024,20,586610
341444499,42,2450768
341444911,9,1606001
341444997,20,1083257
341446465,3,205320
341448586,10,3209834
341450109,26,2084289
341450224,11,217412
341450262,16,712934
341450642,18,900029
341451490,40,1896570
341453401,8,621129
341454105,40,17800963
341455569,24,882489
341455758,11,439667
341455784,53,3985671
341456282,53,26280534
341456946,14,1257468
341462075,38,1703753
341462514,6,1676098
341463695,19,585363
341466313,10,9209103
341467118,67,5353253
341467364,82,7499687
341467508,13,598839
341468158,9,651566
341468891,43,3041757
341469409,12,1126829
341469781,13,2361068
341472297,15,5455325
341472517,57,5206729
341473432,4,2924045
341476845,14,4046437
341477377,19,683894
341477755,22,2907545
341478230,3,172896
341478690,39,839058
341479661,3,537958
341480322,11,4294665
341480931,18,11032561
341481387,13,4897148
341481932,15,1975709
341481935,11,511260
341482986,7,1009634
341483537,11,1208128
341483975,28,1176486
341484379,42,1532102
341484789,9,532747
341486359,7,3244929
341486749,11,2942316
341487321,26,9776262
341487522,15,278669
341488716,12,308952
341490629,91,35719543
341491267,63,5444106
341491355,5,392897
341491682,8,1025281
341491765,5,566509
341492000,11,3782539
341492167,14,4061699
341492424,5,1139472
341493532,42,1035572
341495624,20,7722425
341496986,14,761604
341497186,21,2640487
341497240,8,937011
341499377,35,1749309
341500372,10,1085751
341500505,21,1073443
341501284,17,2260695
341501579,7,1931782
341501769,6,362067
341502121,18,6394180
341502747,41,9177998
341502765,9,609509
341503007,35,1273950
341503264,34,4351022
341503396,67,9464828
341503988,7,355731
341503993,4,428380
341504746,24,1388239
341504904,53,3220116
341506615,14,1387767
341509067,19,5707577
341510349,26,1607285
341510943,11,1414242
341511544,13,547068
341511844,20,1068534
341515210,16,479347
341515222,22,4292468
341515668,16,1776644
341515874,18,929182
341516114,105,70398214
341516797,8,1762201
341517540,3,228339
341519239,13,1055687
341523204,58,7584358
341523357,10,3673340
341523861,38,3187055
341524290,6,1888776
341527796,56,13511587
341529443,25,4555192
341529477,19,1991509
341532086,25,9996254
341533108,6,637203
341533305,20,1216572
341533515,18,1602088
341535629,15,2750304
341536160,150,94385737
341537168,5,3589484
341538238,10,1606439
341538732,116,52865980
341538884,27,4770016
341538999,3,985188
341539083,27,10011061
341539182,3,1168773
341539898,3,2603798
341540520,12,3899381
341540613,16,6162785
341541190,16,9738568
341541429,5,2038752
341542815,20,4146918
341543092,25,8833719
341543165,39,23386013
341543245,15,5802939
341543450,7,2151695
341543873,69,34571683
341544267,12,1529204
341544382,30,2226612
341544836,155,85353943
341545011,28,12225079
341546116,27,7305384
341546577,10,2028203
341546860,107,47961513
341548377,7,284241
341548597,53,45903653
341549058,12,3256045
341549234,26,12657385
341549420,9,2824003
341549938,28,8315178
341550322,57,17699845
341551193,21,6280918
341551379,55,24011801
341551921,11,2075566
341551929,10,2028731
341552084,9,5076490
341552630,10,2414530
341552830,34,19548965
341553345,23,8844028
341553520,54,22562127
341554119,15,3119937
341554446,26,13152452
341554525,9,2582145
341556778,21,16390662
341556892,3,191928
341557094,80,34253626
341557433,7,1425122
341557517,27,7598770
341557585,15,3536826
341557778,27,11011062
341557913,34,12869706
341558193,19,7339528
341558307,13,5130658
341558366,55,26300158
341558368,32,12158018
341558702,13,1067200
341558790,18,4224386
341559788,15,2024501
341559843,39,25585994
341560089,25,10298392
341560092,83,42061274
341560143,8,1160240
341560503,44,17038988
341562330,4,3285775
341562638,13,5390376
341563162,29,2594216
341563265,11,662501
341563901,22,7423401
341564498,8,4904351
341565164,10,806585
341565236,4,2295080
341565492,33,16932574
341565918,16,4641272
341567117,22,1604368
341567129,16,4944990
341567466,20,16541243
341569127,13,3574876
341569706,5,396570
341569721,12,11041392
341569760,7,618267
341569935,5,1540857
341570491,24,2222377
341571912,14,5320539
341572472,6,508806
341573688,21,1065757
341575016,123,73385626
341576870,83,4920045
341577226,32,3070029
341578455,6,1305500
341581977,10,2618572
341582392,67,39619246
341583427,24,2515707
341584616,29,15838646
341584846,3,1971563
341585309,35,16372708
341585539,8,6782603
341587978,13,6127468
341588173,11,610892
341592529,32,1047670
341592615,99,14123316
341592675,18,3245812
341594596,19,2783492
341594994,149,15044083
341597871,17,1437744
341598305,11,30549
341598637,11,786982
341599652,13,493581
341600231,37,14405917
341601035,169,69218379
341601056,15,1581805
341604837,13,659132
341606079,8,1060494
341609581,14,1453727
341609820,20,2141827
341609984,18,834921
341612262,20,6410808
341612676,14,1164403
341614180,16,1305089
341614406,18,6790311
341614497,19,2238133
341615198,13,3544613
341618190,25,8468949
341619858,16,909148
341619954,41,14761223
341620556,19,3928689
341620893,9,1418631
341621127,7,3344634
341621742,14,3429040
341621765,71,5940491
341621855,13,648073
341622371,6,338707
341623618,33,3792382
341623893,3,1054594
341623982,65,28003556
341624081,3,502484
341625721,36,14912770
341626631,28,9294948
341626818,3,920865
341627157,25,7320444
341628570,18,4260364
341629059,7,938099
341629804,28,2815283
341630675,9,3233827
341630748,9,3009797
341631073,16,1054759
341631530,16,743186
341636168,13,870426
341636391,12,935800
341638672,37,2673515
341639796,20,1169703
341639839,19,1747052
341640229,9,552980
341640299,15,2223913
341640374,26,2234938
341641995,11,580246
341642059,30,1644411
341644478,19,1420623
341644924,38,1982405
341644994,7,269060
341646412,20,2559370
341651105,12,1624011
341652597,12,1301306
341653920,30,1218709
341653986,13,1103893
341657299,16,1040288
341661447,9,873864
341664362,6,2682478
341664673,9,335822
341666612,9,431333
341668552,45,19401456
341671018,6,2793779
341673445,11,3091642
341675536,40,11788024
341676206,8,3361316
341678135,7,534127
341679748,98,42407315
341679849,12,2496913
341681404,19,1726812
341682109,50,10278923
341684309,3,548604
341684504,11,440818
341687726,4,241870
341689969,39,4680623
341689978,16,1811920
341700849,16,1773103
341703461,69,29552897
341754260,4,393126
341768967,6,320640
341801957,16,1984489
341802712,18,631304
341804168,15,1196704
341807402,3,616288
341807844,5,265531
341808388,15,3509032
341808712,9,312743
341809252,31,1538171
341812283,17,1556378
341812496,22,6090908
341814209,35,1851202
341814222,7,487842
341815029,7,230356
341815397,13,7944372
341819271,23,11802629
341820868,4,854265
341826106,22,6938573
341826218,3,484950
341827048,13,3877029
341827514,7,407845
341830647,10,548956
341834984,7,867458
341835094,10,1036619
341836418,14,4775484
341837284,20,2692093
341837667,24,9444642
341840917,24,1472210
341842042,12,3775779
341844957,8,601129
341845354,19,1604424
341847971,9,710850
341850236,9,923455
341850244,10,1129547
341850277,11,1648112
341853562,104,17396811
341854147,17,2929294
341854300,7,802735
341854307,6,905348
341854614,19,1049844
341854686,28,5956054
341858180,136,53337475
341858745,20,1373444
341862502,18,4480852
341862912,110,40802970
341862979,7,1229724
341864869,57,4625396
341867177,3,36654
341868666,8,496330
341870351,22,9950681
341871627,55,3238567
341872372,38,13293618
341873441,23,7762710
341875296,84,4723026
341876241,17,5647873
341877987,5,361942
341878600,18,4766941
341879148,13,3747167
341880026,19,5139405
341881027,11,1669695
341883812,20,6507805
341885389,17,369105
341890064,7,632711
341892653,10,6420449
341899577,10,617710
341900348,15,1489437
341903396,23,2031106
341904567,11,670977
341913034,16,3271293
341913754,10,1021262
341914070,9,837944
341916066,169,10289761
341916187,74,5526020
341917248,13,1218982
341917294,5,950618
341919626,15,1082307
341923351,12,3659381
341924581,19,3396319
341927221,55,4203876
341928420,10,3326447
341929604,6,2516346
341929872,11,3724862
341929918,8,1339729
341930761,8,661896
341931563,16,6772164
341932752,10,4626840
341934404,55,4742077
341934732,40,3301645
341934847,164,10033165
341934879,16,4336959
341934938,14,2262440
341938302,16,1203302
341940729,14,2128296
341943876,15,7077054
341944388,6,355094
341945746,22,1860240
341946706,11,499706
341946781,13,286942
341946894,14,447057
341947979,43,6876846
341951222,56,4784239
341952576,3,577223
341952845,9,1009961
341953124,3,633342
341956368,6,2897837
341959629,133,15237884
341960419,130,66836662
341960519,9,428720
341960523,5,196832
341962234,6,608201
341962356,4,235617
341963713,14,1365042
341964019,53,41991792
341964521,47,21692356
341964892,28,6034446
341965098,14,895408
341965368,50,12142189
341966363,4,1456374
341966522,24,1283421
341968098,13,4112208
341968522,95,50947312
341968743,34,26864406
341969687,59,30172268
341969888,13,4088263
341971398,194,65647226
341971933,4,1866154
341972287,91,41147958
341972385,9,2178533
341973746,52,23719934
341974046,4,1286662
341974076,16,574345
341974263,15,4548997
341975571,127,74940664
341975639,18,4286707
341975868,14,510985
341976490,7,1387962
341976647,8,173558
341976696,8,850749
341976723,73,30725010
341976944,24,11453600
341977291,22,6988873
341977581,11,3152927
341977915,25,16004162
341978547,23,11648712
341979070,16,2768842
341979162,21,554153
341981053,9,2603370
341981266,34,13501577
341981426,68,25764953
341981557,16,2540764
341981642,21,655278
341983185,28,5447877
341983549,7,1972300
341984330,25,6157593
341984506,13,2475019
341985170,19,2573260
341985926,11,9126802
341987578,66,26668111
341987717,23,11631624
341987818,12,3529389
341988003,20,818924
341988338,17,4514266
341989221,71,25174569
341989761,9,3172822
341990196,16,5824242
341990609,81,42133567
341990892,7,404573
341990994,14,6238568
341991635,21,8034680
341992598,20,8218079
341993376,10,1384118
341994529,30,16346557
341995192,12,2747036
341995210,34,11427339
341995303,17,5354707
341995782,22,9254356
341997275,14,1472580
341997536,8,3612656
341997666,18,798707
341999262,104,8137207
341999768,46,914795
342002894,13,4712684
342004013,16,6081706
342004083,5,1827881
342005789,7,329332
342006422,60,3442054
342006793,4,1926482
342006841,11,529081
342006910,7,514751
342006946,7,698328
342007362,12,1487829
342008445,34,2846329
342008852,15,3928852
342010017,11,5727747
342010201,23,4158179
342011616,26,575121
342015033,13,1303063
342016154,10,1263146
342018037,9,1371276
342019096,10,1512090
342021334,36,1524192
342021344,18,1686056
342021360,8,465873
342022903,39,2149234
342023713,6,183110
342025111,19,1231469
342026978,43,2107078
342027057,104,6982686
342028793,14,1378708
342029062,9,947443
342029983,15,4257201
342030396,20,1431197
342031082,6,2077166
342031672,29,23546750
342032810,63,24095374
342033092,56,2914002
342033400,17,700237
342034050,10,309760
342034181,18,6047070
342034510,67,6476879
342034685,3,862548
342034818,12,3284654
342036019,32,20185824
342036346,15,2965459
342036422,20,5511229
342037012,9,2922951
342037706,132,68363840
342038249,14,1298447
342038456,35,4601069
342039274,4,1794350
342041712,14,2558680
342042222,35,14400704
342043378,20,7783977
342044895,12,120601
342045083,7,418127
342045435,22,1752362
342045559,7,688377
342046428,16,443856
342046869,20,2198609
342047078,30,10038428
342047174,7,185519
342047199,52,18782132
342047822,12,8975679
342047881,27,881072
342048448,7,5809099
342049208,29,16161134
342050281,14,9893722
342051131,22,8968532
342051856,4,2283516
342052323,11,5396985
342052381,12,2003445
342052689,22,5272885
342053055,82,9472862
342053403,3,600913
342053654,45,3159024
342053680,20,5880706
342054352,20,8757597
342054429,11,4824798
342055309,25,9524878
342055537,39,17419673
342055591,29,1802376
342055922,40,13697839
342059416,18,3354655
342060420,45,21186616
342060685,17,1677918
342063005,14,2832051
342063684,56,24432491
342065065,19,2157634
342065212,18,8055374
342065867,14,579643
342066420,19,2056739
342068006,16,1613194
342068810,18,10666295
342069747,16,9933164
342069815,13,525993
342072060,110,17993031
342073060,39,2422823
342073485,57,5866526
342073732,45,5394261
342074460,10,1052629
342075343,15,1033880
342075374,15,1917271
342075730,20,26906861
342079650,7,840241
342080046,34,3418471
342084489,13,689560
342084618,13,966511
342084765,9,404786
342089587,16,1308682
342092161,15,1172976
342094105,22,1247416
342095140,10,2637918
342095189,17,1031439
342095444,6,561072
342095980,20,3192665
342097581,9,2581665
342099074,27,10294324
342099441,7,2431963
342100134,14,1465278
342100870,23,1201980
342101158,6,2589867
342103411,10,909477
342106722,19,2545035
342106747,6,245025
342107241,55,24886502
342108694,5,711180
342110200,8,1262783
342112279,32,10285384
342112666,17,2821718
342113329,12,4102721
342121326,10,536445
342126551,23,16740465
342127029,7,417646
342137716,7,293130
342145167,16,1025193
342149992,8,273589
342165098,7,1627432
342209683,13,727518
342229048,7,340607
342231256,12,4342637
342234031,19,2049479
342234228,14,789093
342238159,6,450060
342238179,51,3581006
342251511,14,819013
342252917,6,1500100
342253678,14,394594
342254197,9,509164
342254295,13,7393689
342255865,16,1202090
342257213,12,2142462
342258314,13,952154
342258330,15,1087365
342259238,13,429554
342260246,14,7176975
342262940,9,4494387
342265199,15,5396024
342266788,7,3351392
342268197,8,610419
342272437,31,1314450
342277595,38,2590472
342278654,14,1264274
342279348,8,470629
342281506,5,586676
342283489,48,5020712
342289477,15,1416965
342292678,4,1636490
342294703,193,64406737
342295559,12,1955655
342296765,11,2226757
342297403,14,3210233
342299031,12,666831
342302777,13,640356
342308896,19,510808
342311581,10,3929106
342317204,17,569676
342318995,72,6795526
342319217,22,1078846
342321013,7,992547
342325673,5,150784
342326105,22,1320980
342330028,19,958668
342332178,8,593550
342332848,21,7103940
342339145,3,191515
342339356,15,811433
342340498,17,4705864
342345024,29,1635172
342345331,8,641672
342346343,12,2797031
342349201,22,1607797
342351580,9,1362114
342351666,51,23568453
342352195,6,683315
342355700,31,14863846
342356688,12,2049460
342358813,20,12716392
342359589,14,3751880
342359658,24,2507040
342361222,26,1217777
342362339,33,13456193
342363446,7,6139397
342363951,5,3364256
342364837,10,801915
342365241,14,3548009
342365791,15,3376107
342366629,8,1317182
342368324,7,1839656
342370226,24,1426887
342371133,15,958805
342372403,11,2592158
342372724,31,1647331
342374755,54,7109474
342374863,18,655366
342375482,6,1021797
342378863,71,4024710
342380103,77,10891924
342380579,11,1686017
342380710,8,1327435
342380713,9,754309
342383450,17,440425
342390923,11,2126794
342392314,19,1208759
342393348,27,710798
342395029,19,691926
342395491,47,20457855
342395732,15,1129008
342395739,6,1110083
342396201,7,1949986
342397267,91,39465074
342397466,22,7142440
342397595,74,20122449
342399621,6,688658
342400058,17,2187735
342401441,13,851826
342401627,242,177984957
342401818,19,1323561
342401920,16,689830
342401927,14,950506
342401933,173,71066268
342402128,10,104436
342403726,24,1725672
342403979,18,13901191
342404458,13,3314134
342405279,39,12042147
342406343,9,909434
342406959,24,3139523
342407068,112,42068634
342407568,23,6916148
342407872,21,7054492
342408272,10,1967271
342408769,5,438496
342409610,58,2122022
342409837,8,1853337
342410554,17,1257412
342411415,17,3563977
342412203,20,5324606
342413162,21,1929693
342413763,42,14931506
342413865,27,11288984
342414231,94,45256253
342416420,8,1048822
342416459,4,497288
342416470,28,10979314
342417217,13,3122035
342418401,13,3114257
342418434,20,2718259
342418461,3,1089982
342418498,16,1490128
342418588,39,17402241
342419101,17,5617977
342419238,29,7072769
342419540,6,435585
342420001,14,4626281
342420112,22,7887799
342420140,5,736798
342421001,17,5592292
342421373,7,383623
342421487,27,1570678
342421593,9,1379113
342422047,14,6080976
342422051,16,4794290
342422607,36,7784797
342422740,10,3606090
342422758,6,596336
342422962,16,5557562
342423013,15,4750581
342423750,61,1296359
342424252,5,667758
342424800,33,15283446
342425026,14,3178323
342426380,19,7923787
342426638,18,7449067
342426771,8,478923
342426808,10,704963
342426881,21,6798747
342427028,58,43067691
342428744,16,1058657
342429235,3,890838
342429525,18,7199354
342429615,35,999931
342430255,12,7209136
342431397,10,694230
342432768,14,4953053
342433294,6,360292
342433727,20,11672916
342434026,11,2771007
342434871,12,814369
342436015,11,1017942
342436474,14,4638283
342437939,4,277289
342438158,18,1746359
342438324,9,163354
342439202,42,3775385
342440520,24,6508324
342440678,23,1358462
342441204,5,350227
342445229,7,240983
342445983,13,1405275
342446024,12,742377
342446440,24,1705258
342448842,6,98588
342452416,23,1467902
342454792,22,1360960
342454822,11,1666227
342457548,21,3791750
342458089,10,1023956
342459656,10,1608397
342460813,46,4155219
342461018,108,51710786
342461147,15,706138
342463843,49,23394863
342464461,27,12361321
342465437,18,1156627
342466437,17,598284
342467086,23,2706095
342467189,3,727519
342467251,22,808026
342468346,77,2623220
342469341,5,604123
342469413,41,21812640
342470610,11,1959055
342470854,69,11511868
342471243,33,1852486
342473471,50,20338258
342473545,10,2234159
342475351,17,1212211
342476511,52,24794547
342477040,17,7835525
342477455,27,13689416
342479539,23,13029534
342479761,92,46718983
342479962,31,8577039
342480447,13,1008007
342480874,15,4396010
342481219,9,1305937
342481287,9,2435974
342482073,16,914840
342482194,14,2650021
342483549,8,735259
342483775,22,1273531
342484310,7,3996450
342484451,3,207928
342484476,16,5020287
342484661,5,282785
342484893,11,1444459
342485217,36,12260041
342486557,20,2309402
342486634,23,6328300
342487224,11,2651100
342487826,6,890751
342487972,16,1130322
342488536,11,1311928
342489267,12,5618241
342489597,9,2614400
342489771,64,20629454
342490027,34,9858236
342490051,13,2620762
342490133,12,967574
342490510,23,3628088
342490816,10,3724285
342492110,16,11318219
342492347,27,20755296
342492855,25,11144467
342493004,7,2426747
342493241,8,655885
342495892,19,1530054
342495901,16,923835
342496164,17,3103240
342496777,4,950002
342497258,19,8359808
342497267,21,2606262
342497518,38,475471
342497691,12,541856
342498363,6,2297060
342499307,6,1723798
342499816,11,829572
342499971,14,3976102
342500062,35,5411931
342500249,29,1643297
342500288,27,13352326
342502762,24,11176937
342504242,5,230408
342505667,8,1237507
342505813,29,3641621
342505832,4,1081256
342506167,39,1956688
342507168,11,590212
342509031,11,1752209
342509340,12,2371333
342512382,7,260912
342520690,30,2208316
342521118,79,48563472
342523701,48,16458262
342527685,19,3441751
342527945,8,1355367
342528312,27,1209696
342528956,15,5287107
342529453,11,614192
342529490,24,1105589
342529568,14,767860
342532520,14,1132946
342532711,23,5906731
342534350,59,2420150
342534422,19,5190870
342534914,42,11613474
342537315,21,3627164
342537715,21,7321672
342539091,16,4940039
342539304,18,8087288
342540985,41,23223183
342542092,5,588436
342543897,28,11699847
342545619,11,837445
342546108,18,9633201
342552867,5,339639
342563016,12,1473382
342568580,24,824316
342572661,11,755931
342575561,8,705971
342651310,34,2187999
342657562,69,4412028
342658281,18,789452
342659001,15,6467471
342660125,15,2023399
342661274,11,313556
342661318,26,1569677
342665727,46,3357676
342666980,22,1081659
342667552,16,1116112
342668311,33,13301116
342671499,9,383634
342675810,25,1223566
342679598,4,133431
342680507,5,850785
342680745,11,501998
342681736,7,292227
342682555,7,340181
342684427,63,12789338
342687527,18,1039386
342687847,11,404947
342688741,60,16437381
342690437,13,5973921
342691576,26,4858767
342692070,5,423762
342694720,10,3159242
342695481,11,3143624
342695961,10,5054044
342698431,7,793228
342698817,25,2044752
342701186,28,1359808
342708824,16,1432295
342714300,6,273730
342717083,14,1305597
342718335,5,178950
342718941,8,639184
342719256,13,379421
342720529,5,3511584
342722360,17,9784029
342724742,115,42893499
342725186,16,771269
342729374,51,3396921
342734614,21,428840
342735014,12,647275
342737306,4,138301
342738163,6,1663471
342740021,7,3081691
342741091,23,850936
342741981,12,423586
342744761,27,1722185
342747761,41,5532572
342748264,18,2248338
342755126,13,959817
342758117,83,69295701
342765853,28,10306043
342767336,29,8909405
342770021,38,2209946
342771627,16,975434
342771630,18,1040942
342771783,21,6189602
342772042,6,245234
342774086,5,296896
342774310,77,11247770
342775151,14,1274185
342776171,48,14917632
342776640,19,7784177
342780481,7,1855599
342780545,33,4543095
342780904,15,1955500
342781163,26,7847699
342782725,58,23038308
342783214,23,1023390
342783565,31,1889379
342783656,8,3405124
342785671,28,3037491
342786247,14,777082
342786357,20,3213209
342788079,8,910753
342788211,8,603495
342789007,15,1133882
342789605,17,6299434
342791055,12,1182428
342791313,30,1813914
342791550,32,1910346
342792635,42,2556919
342792639,19,1942863
342792812,19,1818350
342795222,5,1792489
342796109,208,13685954
342801848,22,4145729
342802164,8,1462552
342802243,16,2629725
342804782,17,3156740
342810726,29,1369758
342811129,13,1636760
342811944,325,161061628
342813413,4,2740287
342819455,6,2376071
342819763,50,2500902
342820695,5,1487874
342821136,3,122362
342822348,36,15694818
342822918,71,29231670
342823377,51,3281203
342823411,56,3071341
342823930,117,81195421
342824258,6,578096
342826726,97,34767030
342828114,21,4976628
342828442,20,8358630
342830813,20,12999337
342831794,24,1949014
342831820,62,32436522
342831911,12,3593639
342832057,19,8615935
342833194,22,8263644
342833335,25,848482
342833703,6,1105165
342833983,16,2143965
342834083,20,16706209
342834417,23,6370591
342834817,6,1621331
342834917,71,31170447
342836487,16,3820280
342836547,11,2528240
342837367,32,9856826
342837432,27,8705162
342837529,22,4769552
342837918,10,4061789
342838686,79,32879557
342838852,15,5657491
342839379,15,2757633
342840756,4,1792714
342840820,117,37810692
342840828,35,21053422
342841002,160,73267955
342842012,69,36562708
342842066,13,14008918
342842832,15,3658681
342843444,18,4337186
342843811,8,2303476
342843928,30,10387157
342845482,77,1138595
342846211,24,6755434
342846361,3,37802
342846409,9,296673
342846466,19,7502804
342846502,11,6579533
342847339,17,6005047
342847826,14,6527861
342848466,15,5829543
342848520,7,3897510
342848578,22,8644312
342849346,18,4256069
342849414,34,21955604
342849525,10,4633532
342849992,30,11720852
342850100,14,4254080
342852724,15,5022674
342853810,22,9809306
342854518,14,1018319
342854795,14,1747125
342854965,12,538949
342855238,27,1138322
342855761,9,3265069
342857120,12,764128
342859320,22,1598030
342859723,9,524954
342860127,12,418086
342860392,16,1491104
342860534,15,4469883
342863724,15,1097808
342864128,8,2297630
342864466,17,1597884
342864984,18,3593381
342865456,12,635612
342866016,20,502795
342866894,4,136458
342866965,58,6668685
342870726,13,710902
342870946,17,1571554
342871835,9,664926
342872278,17,925252
342874010,83,38747953
342876156,36,1919637
342876888,11,256482
342879506,9,352064
342880072,65,27427512
342881583,32,15447351
342882124,20,2206642
342885506,20,1680210
342887791,11,950522
342888327,16,1362246
342889299,96,6404193
342889648,108,54478246
342893995,15,8223890
342894653,34,7075221
342898074,22,6742732
342899097,49,29669286
342899418,18,7797547
342900349,10,345118
342900887,3,542016
342902211,3,2497337
342902284,12,5606850
342902988,10,4918992
342903072,13,2593095
342903370,16,577394
342906361,3,2115036
342906650,4,1227496
342907872,17,8655496
342908090,4,5507794
342908683,41,3681388
342909534,32,20932335
342910904,7,788172
342911152,66,3489597
342916767,8,792169
342917279,5,429090
342917283,11,845311
342918111,51,2788155
342919438,21,2361298
342923134,78,5545967
342923138,27,1051216
342923175,7,179098
342924647,16,1618783
342929955,13,4006777
342931299,14,1190302
342932108,22,6783885
342932487,29,1607915
342935693,40,10716100
342935985,34,2493841
342938455,5,107170
342940200,7,3059775
342942099,9,3421918
342942320,26,1574328
342942775,31,1913071
342944259,58,16593311
342944539,3,1734918
342945882,13,4443519
342946029,11,3973536
342947581,38,1709557
342949579,7,2333512
342957286,27,2337704
342959199,20,1235887
342965241,14,1568905
342965547,51,7219961
342966920,19,1317769
342967760,13,1391968
342971594,26,1843679
342973072,14,1201334
342976282,37,2232917
342981520,9,800306
342982583,20,1145359
342989481,5,326459
342990224,8,431771
342991664,18,1240435
342992829,10,547553
343012643,13,1142287
343014989,13,771037
343037797,18,838484
343042216,5,269971
343052573,18,4550613
343054622,25,3980701
343056874,24,2120285
343060211,5,5524937
343069087,9,2273627
343069781,9,490234
343074323,7,555350
343077372,4,296109
343077591,11,486166
343079754,23,3860002
343085114,7,622367
343088362,12,1116748
343090729,12,1089030
343093007,20,939159
343095344,16,2003228
343096001,13,1878736
343098517,15,1158372
343104780,13,1412882
343106756,13,799920
343108099,6,1637086
343108661,16,1145322
343111851,29,1917996
343112092,20,1915701
343116633,33,3480487
343134483,10,525783
343136020,10,1324812
343136371,10,418312
343136636,68,12520716
343137186,58,25297738
343137403,8,474045
343138924,24,3182477
343140847,14,1587734
343141598,4,1377293
343142172,24,1295248
343142267,9,1070074
343142412,10,985715
343142871,30,20166739
343144992,27,2501937
343145670,12,4067269
343145820,52,6533145
343146766,14,859073
343148457,24,1240089
343149313,35,10323081
343150362,17,7732640
343152401,13,396918
343157265,10,239271
343159084,15,904204
343159644,41,2007926
343166527,54,6295615
343168184,35,3061788
343173185,21,1399566
343174125,3,3327878
343175201,6,338591
343178124,21,1654584
343178142,372,195937414
343179632,10,715899
343180002,7,215742
343181763,11,3777668
343182751,19,750719
343183311,5,1151203
343183526,59,4211485
343189062,270,11892234
343190119,25,1169329
343190983,10,2820545
343195134,17,4020355
343195634,42,25246859
343195872,20,8035628
343199159,9,5380735
343199892,17,5932355
343200313,10,1280389
343201305,6,1018081
343202579,45,15462306
343205856,8,245344
343206581,18,6013662
343206940,127,8394444
343207952,3,430998
343208879,21,1726526
343208899,3,112720
343210656,14,827527
343210871,16,637590
343211508,25,1567402
343212546,66,2161084
343213576,31,1530048
343215061,16,426066
343215159,71,9610421
343215667,82,10785633
343215708,27,2076015
343217924,35,4608706
343225336,43,914193
343226144,22,1883284
343227263,14,1574544
343230119,8,159246
343232378,9,1028102
343232456,8,239471
343232495,25,4281106
343232702,7,664261
343234895,6,1742039
343235999,54,2323960
343236788,8,397689
343236841,58,24587895
343237198,10,456314
343238536,52,16071140
343239548,31,8989126
343239673,20,1342343
343240286,30,8776522
343240639,9,707879
343243625,13,6765292
343244260,17,875145
343244542,3,1414827
343244894,8,2655114
343245026,25,6031202
343245675,12,3435828
343245797,21,7185811
343246313,5,815826
343246864,34,10648347
343246971,46,934099
343247014,154,69966817
343247235,16,657090
343247417,53,16598264
343247514,3,446091
343247989,14,479904
343248786,19,10221496
343248926,34,796543
343249401,93,7834594
343250266,63,24130109
343251249,26,7853320
343251732,7,1725766
343252194,32,9203709
343252412,13,3546015
343253261,47,14592908
343253494,26,8150247
343253841,20,4612076
343254286,5,1158726
343255205,4,1128739
343255786,27,10524220
343255799,25,10262538
343256043,19,8206464
343256279,7,1303767
343256657,7,1518048
343257167,11,1055669
343257355,4,312736
343257791,15,511378
343258286,15,4964303
343258779,18,5267242
343259178,20,8420426
343260503,33,10418117
343260759,4,2508389
343261484,22,6652966
343261563,23,3478747
343261644,45,15415709
343261841,14,6434834
343261919,27,13356746
343262657,8,2449905
343262663,29,12832307
343263308,9,3134461
343264048,10,7907539
343264874,75,30626454
343265943,14,2083180
343266991,12,299750
343267352,36,26363964
343268509,56,24152854
343268810,9,3181596
343270553,21,1250631
343271079,18,1145098
343271143,29,10755779
343273115,29,1205216
343273443,25,11872801
343275929,13,724998
343276066,6,1149011
343276581,43,3640580
343276991,13,1206230
343277320,11,3071959
343277639,11,761477
343278443,19,14849462
343279156,22,552702
343282038,45,8015579
343282277,14,926244
343282291,5,1604102
343282570,19,1269649
343282683,14,567577
343284647,12,3539856
343286009,11,635494
343287863,32,1196151
343289024,12,2820323
343291703,11,1314974
343291768,47,3088735
343296077,14,1756252
343296510,8,577786
343297253,5,424957
343297689,16,1466066
343297998,17,1948735
343298327,14,2291052
343298463,151,59298168
343300039,15,439659
343300728,56,20181152
343302354,14,2324891
343304309,31,11800100
343306375,23,1682257
343306835,14,1874866
343306900,45,15257670
343307487,63,26526949
343307934,9,406650
343310321,94,40525224
343310904,32,15253363
343311620,17,602970
343312081,66,24639768
343312365,10,2893355
343312995,10,637221
343314735,269,127769785
343314921,30,13353661
343315719,58,22681251
343316025,32,10826976
343317113,12,2203699
343318854,20,9627007
343320461,8,2831253
343321983,18,3198926
343322208,16,1227805
343322977,21,8917360
343323069,11,2538100
343324268,8,2511893
343324370,12,1321896
343324889,9,3119654
343325029,3,749714
343325332,38,1741774
343325694,19,20292682
343326465,19,7958224
343328785,17,960329
343330814,11,5874927
343331076,13,2727025
343331562,29,8400737
343331866,21,1948888
343332161,29,2839302
343332567,8,638583
343332898,12,740750
343333306,35,2752087
343334129,17,946364
343335739,17,4970563
343336234,11,699361
343337920,14,1406836
343338914,5,159848
343339051,18,1276555
343339281,24,6269712
343339501,64,8010649
343340111,15,2094525
343340417,8,699235
343340847,3,526380
343343463,24,1793001
343345956,20,1013661
343346738,6,111438
343347088,147,80679812
343347508,15,9044309
343348485,81,10180149
343352347,16,1129835
343352770,19,770262
343352907,4,1265367
343353742,13,706052
343353814,24,1098712
343355612,65,7407983
343357742,18,1568302
343358965,5,2395481
343361482,19,9410673
343361517,35,2258397
343365446,15,649130
343369531,23,3372989
343369889,22,1434374
343373851,26,1563941
343375358,9,1440510
343375667,61,20387870
343377870,17,5117793
343379529,18,4285274
343380172,65,17226128
343383417,48,35551475
343384550,47,4137381
343385721,51,4529812
343386061,16,751719
343387910,32,15211197
343389749,3,97904
343394561,23,1826145
343399943,6,402642
343400796,20,1927414
343402119,12,7366235
343402616,10,7525975
343402800,19,1117026
343407795,14,3112943
343416421,4,751460
343417073,40,5203652
343419652,11,1090428
343420129,33,6149559
343421424,12,726995
343427395,7,650824
343427710,5,297948
343428673,6,368069
343453877,14,546810
343468247,13,629540
343482816,10,560117
343507179,8,404486
343511006,16,1711009
343513299,19,1112442
343514110,14,528095
343514278,6,334861
343517574,4,255792
343519356,9,1135267
343519674,5,209243
343520844,3,127798
343523327,25,2391715
343526038,31,2706156
343530732,21,902520
343531091,23,1886673
343533357,15,421563
343535343,28,2222297
343536053,17,6523996
343536799,10,3822836
343543567,7,466838
343544491,30,5567219
343545890,5,261390
343552961,31,6354821
343561028,23,755949
343563442,7,953315
343566117,7,418266
343567556,15,2469638
343570871,46,10468344
343578146,9,335888
343579403,25,2372157
343581420,11,364420
343583389,4,25212
343585129,3,1028204
343586810,6,1479648
343588634,12,1015622
343589103,12,7101441
343589415,27,3030694
343592433,7,526713
343592590,54,5076057
343597605,17,414474
343601632,16,2577837
343602862,109,4349250
343613760,14,575107
343618818,99,7955695
343622304,22,11056603
343623741,24,875506
343624688,14,3318949
343624786,16,3095248
343625946,24,919087
343626574,8,1891405
343628405,10,2916554
343631188,12,2269634
343632032,22,7251797
343635169,21,6067472
343635925,10,1428980
343636425,16,2141072
343637372,51,7113967
343637970,5,407962
343639141,17,3026696
343639587,5,2065750
343640393,17,7421795
343641395,16,3231131
343642576,68,7035301
343642953,15,1014435
343643251,5,1223667
343646514,24,692307
343649512,5,200866
343652279,22,1518608
343652607,11,738747
343654864,45,5720925
343654881,3,720540
343659019,25,1680043
343659231,15,834376
343661702,22,1230386
343662069,115,10563880
343667424,55,32190654
343667779,18,7056282
343668053,31,1778546
343669656,7,365497
343671682,9,2818689
343672004,7,340640
343672101,20,5601621
343672534,35,15292979
343672939,40,1673479
343674018,98,8475356
343674079,109,29158794
343674879,5,3098045
343676612,29,10994961
343677332,52,15416451
343678104,18,1089473
343678528,12,2960266
343679442,14,3203400
343680227,34,11241915
343680507,17,4297978
343681123,18,1616587
343681354,12,7234346
343682117,12,3463399
343682984,10,649075
343683561,40,12226251
343684073,33,10204448
343685969,44,18259945
343686187,25,1723520
343686329,20,2329791
343687428,5,1262879
343687543,9,3743517
343687648,6,3035250
343688895,62,30148697
343689001,25,19987387
343689086,14,4462593
343689467,13,6746038
343689637,46,15456513
343691457,13,6242463
343692068,34,15080858
343692423,9,2862901
343692893,11,271161
343693134,31,10455548
343693256,12,4240951
343694047,18,3241550
343694523,15,3220801
343694969,73,32970892
343695088,14,4511936
343695979,11,5336727
343696380,34,11911460
343696976,5,1250895
343697026,26,15480354
343697453,20,4191794
343697907,19,1363738
343698028,17,834953
343699668,34,2178032
343699908,3,1204067
343700088,16,4712433
343700805,22,9116586
343701209,24,7750296
343701227,5,413007
343701799,14,5392007
343701845,18,7029248
343703267,210,34712105
343704447,31,1858614
343705224,9,431889
343705230,6,354290
343705504,22,1563544
343705977,13,1095087
343706261,22,6548567
343708323,19,1026687
343708451,19,1099541
343710442,14,1162564
343710914,9,835647
343712605,20,2089314
343717189,8,169650
343717492,16,370746
343717707,18,1490785
343718268,28,6963868
343721727,19,1211698
343723084,15,1057112
343724870,11,542126
343726068,24,1795417
343727395,25,798009
343727614,22,955580
343727983,34,2211401
343729640,24,3291875
343730467,7,3580884
343731155,12,592926
343731180,16,551006
343732088,29,1339563
343734010,10,604267
343734189,36,1613955
343735406,18,6511734
343735807,21,6209851
343736633,54,41841242
343736965,23,2718196
343738000,14,2723388
343738952,20,972250
343739756,21,1286584
343740489,30,8311558
343742443,34,892793
343742818,6,190134
343744036,19,583244
343744723,34,2862421
343744766,16,2706550
343745738,21,6486529
343746011,9,1120891
343746055,11,3209126
343747208,4,1969654
343748354,16,325284
343748811,14,2545137
343749409,19,5249028
343749525,12,710275
343750173,6,1289383
343750693,10,5031954
343751145,9,918160
343752826,3,537945
343752926,80,6107334
343754367,33,16204407
343754782,5,2042520
343755562,19,6973874
343755827,43,16909015
343756111,6,1982736
343756188,10,2315107
343756242,11,1858360
343757215,33,5005016
343757384,35,13092104
343757859,11,967714
343758172,20,783846
343758256,20,9758226
343758593,6,3387920
343758764,12,6238475
343759696,4,1655073
343760148,7,288002
343761566,11,1893029
343761905,14,1016691
343761913,13,5535018
343762708,8,1633174
343763467,21,1540984
343763469,12,4009864
343764053,10,2169082
343764381,14,3998443
343765061,14,808806
343765427,10,4080545
343765590,20,3262329
343766418,9,3111865
343766442,28,2873089
343766491,271,36427986
343766667,4,1687651
343767424,14,3318992
343767431,14,1262266
343767601,15,588414
343767918,3,1045578
343768188,17,5564441
343768664,5,369948
343769957,15,7982859
343770297,19,1201973
343771748,16,882686
343772634,22,1019971
343772735,9,4881628
343773615,11,1872138
343773938,10,1831833
343775609,6,556484
343775800,19,7477835
343776261,4,354740
343777544,23,1078258
343781326,20,3074313
343781795,14,1064243
343782384,7,626097
343784178,8,242915
343787534,27,1548932
343788697,12,2306093
343790944,16,1321236
343791755,11,743651
343792426,12,592331
343794180,10,290879
343796184,15,7881974
343798941,19,1999039
343805961,11,4655108
343807168,18,10778962
343807890,41,2937144
343809008,13,2350836
343809716,18,6719064
343811193,9,2971679
343812280,18,10169092
343813755,14,1264744
343814108,7,333101
343814899,17,10640834
343815960,56,6347066
343816302,27,1958300
343819027,16,8543986
343819932,10,1154600
343823720,43,5331465
343828956,12,1340512
343829720,20,1936719
343832436,31,1761116
343835381,22,1231378
343839874,15,796259
343843741,12,1539374
343849169,3,122871
343851964,8,331027
343852603,37,2414872
343856447,6,236920
343858404,25,1545562
343861384,22,782627
343864039,6,443683
343865391,10,689678
343907262,12,1733773
343913274,19,1430891
343923685,29,8973488
343932243,13,1112362
343939771,35,5106931
343944654,17,910530
343947709,15,3635505
343948348,11,278620
343951053,19,4944697
343962139,6,1291920
343962979,8,2887611
343963195,10,710682
343966287,19,1000440
343966751,8,3918295
343967662,9,1823352
343968847,15,1038607
343968967,12,715499
343970550,7,306092
343972191,15,808873
343973209,14,715130
343973509,12,6701924
343974570,19,6621829
343978025,11,422771
343980210,17,1229305
343980964,9,1439935
343989496,4,196644
343998507,5,147266
344001754,14,6935397
344006794,6,195994
344010437,18,6454234
344010852,64,35178778
344011029,14,823186
344011051,11,808535
344011337,10,750912
344024665,192,21814738
344024671,39,4209110
344033548,13,886001
344036338,5,266350
344037659,5,782196
344038598,16,1302411
344044970,54,9338054
344045114,21,2605981
344045124,4,482554
344045473,3,439331
344045793,45,8412260
344046095,101,2778571
344050653,13,325183
344054428,12,2276110
344054909,22,835749
344055323,7,3140839
344059242,18,3398925
344061744,12,659971
344061929,6,1291106
344062089,10,578375
344063078,29,10384239
344063712,38,19868826
344066798,75,909866
344070003,9,922381
344070522,10,5714434
344071420,29,12816360
344072815,59,4679962
344073823,22,1488093
344074795,18,825813
344077945,19,1652963
344079524,34,2885775
344079874,23,867843
344080691,68,6537745
344080705,13,774835
344084913,10,415195
344087628,6,892503
344089195,59,3007870
344090983,14,1778102
344094426,16,1011808
344097687,5,909553
344098521,11,738720
344099132,6,151693
344105014,42,1030501
344105770,20,3142020
344106708,8,220143
344106954,64,1908977
344111956,27,17308805
344112228,39,1934675
344114111,14,1083963
344114217,7,339002
344117552,12,5605763
344126279,21,1454619
344130436,13,3011327
344130624,3,194133
344131321,12,3548057
344131460,11,2929903
344133946,7,249861
344136028,8,455194
344136562,21,2394860
344140221,60,1302983
344142034,14,737342
344142239,6,803602
344144537,18,716075
344147589,12,910804
344149148,4,1464953
344151744,8,713497
344152256,169,8583138
344152678,20,1558363
344153798,85,1805044
344158042,15,892780
344160329,9,3563581
344160528,24,7302474
344160619,112,160528780
344161700,416,623807625
344162333,29,6769579
344164039,9,3908441
344165691,28,10241827
344165720,3,987115
344165926,24,10085560
344166039,23,3641242
344166061,11,1697927
344166086,21,6712624
344166286,6,1330883
344166428,30,6175132
344166525,16,2071668
344166738,3,1538742
344166787,24,6076738
344166990,7,1347538
344167225,5,2467117
344167570,13,1510363
344167830,15,5770759
344168512,19,6831330
344168555,12,2859482
344168739,5,961674
344169179,17,6520280
344169394,24,11803965
344169442,4,89147
344169463,26,22944734
344169576,5,1297314
344169695,13,1800039
344169697,32,12496630
344169870,10,6841355
344169873,17,7777709
344170415,39,13676951
344170640,92,115163503
344170782,19,3704331
344170837,93,72627456
344170871,24,17320410
344171183,19,4936704
344171279,28,2591850
344171374,17,3839653
344171415,10,10447183
344171608,82,139315645
344171774,36,10875572
344172625,31,8434549
344173236,14,3409127
344173335,6,2118364
344173528,8,606644
344173583,4,916986
344173927,21,3939337
344174099,15,4385126
344174297,26,10431213
344174855,42,21521618
344175016,41,19651754
344175560,74,24920502
344176042,13,2940204
344176472,3,2699078
344177060,11,8489912
344177371,120,37787379
344177501,157,115984637
344178001,168,81273681
344178039,12,5941669
344178213,81,22080862
344178581,68,57831054
344178904,41,22124346
344179001,8,2557446
344179826,15,9119357
344179979,23,7463147
344180038,65,19638269
344180288,19,13541259
344181115,9,1912296
344181340,11,7192593
344181713,19,9255932
344182317,28,15008925
344182501,42,11159163
344182599,195,174169335
344182972,17,3552638
344183922,36,9250934
344183933,57,43683535
344184230,11,7608688
344184254,97,55637013
344184680,4,1540312
344184945,8,2424939
344185241,17,4349343
344186146,16,2794600
344186158,42,17740432
344186433,15,3575501
344186515,19,2045243
344186565,16,4023829
344187264,72,36510818
344187412,63,48423858
344187432,5,1866997
344188032,115,122437574
344188192,4,2322216
344188412,15,5791017
344188439,54,19233939
344189132,30,7919824
344189243,27,7064112
344189319,32,10784591
344189472,50,12362297
344189540,26,14166569
344189557,4,974549
344189998,28,6513012
344190181,46,46711196
344190686,15,5928808
344191099,8,2886188
344191123,11,2861437
344191133,21,8202686
344191433,3,215657
344192017,61,40000797
344192186,29,10502692
344192786,43,18251539
344192789,190,125643224
344192855,13,5962567
344193082,33,12641122
344193498,22,10905447
344193549,16,1431764
344193929,11,2251173
344194039,9,1519058
344194376,33,11210249
344195275,43,35067605
344196090,7,1611027
344196154,27,11546509
344196231,58,31719105
344196576,30,13230500
344196611,14,1314352
344196625,28,2143156
344196736,12,1776469
344196824,20,6220929
344197283,35,21800970
344197560,52,19559396
344197562,25,9443262
344198096,106,80912168
344198406,5,2163287
344198429,59,29118110
344198567,5,1555897
344198726,9,3840033
344198860,26,12007115
344199047,34,28230798
344199356,34,10024390
344199391,12,4248114
344199592,12,2291597
344199601,16,12544004
344199911,11,2104327
344200399,23,16059286
344200798,11,2798356
344200928,29,13383834
344201214,145,111846045
344202630,28,13403261
344203858,11,2720190
344204579,45,5196347
344205327,21,2544948
344206015,21,11486228
344206384,9,269283
344207825,12,3268039
344209779,21,2125873
344210602,13,1834750
344213542,13,1514562
344214836,9,716116
344215954,16,1502048
344216448,18,1754162
344216951,34,1015767
344218399,17,3460152
344218994,28,1285891
344220600,11,1333189
344220962,7,683552
344221707,17,2479484
344223054,51,3519718
344224715,33,4953969
344224912,20,4378390
344226475,9,1311239
344228092,24,2520945
344229314,43,5030848
344231964,13,56981
344235954,20,1095666
344236320,21,2151873
344236572,57,10447887
344237447,9,245436
344237765,8,306935
344238372,14,486762
344244125,17,2192244
344249277,41,4957229
344250303,23,2532347
344251514,11,1249201
344252634,8,5555983
344252957,21,1924573
344253209,13,2397059
344253691,20,4416027
344254049,3,529056
344254952,9,478343
344255520,14,4308066
344257975,28,12795607
344258465,10,717280
344258563,13,1243998
344258588,13,6613787
344258765,45,9424215
344259746,55,3921334
344260931,21,6460168
344261460,17,4941360
344262363,18,8745994
344262785,31,7626445
344263320,20,2990485
344264492,11,583781
344264968,12,3846426
344265162,33,4364293
344266684,3,846833
344268523,16,5960462
344269434,12,1567966
344271773,28,2083986
344272209,25,1129497
344277646,22,9208001
344278664,5,316182
344278679,37,2254568
344279132,48,2122241
344279598,14,3001329
344283808,31,1906359
344284264,13,4287149
344284415,9,9841400
344284510,19,868303
344286030,8,564712
344286871,41,1573750
344287024,12,970297
344288247,13,3157681
344291622,20,660512
344291627,33,1671405
344294535,45,2932366
344295971,14,1642338
344299579,9,1166014
344300307,8,114282
344301379,22,1006742
344302736,14,492403
344304966,18,1744366
344307228,24,3244152
344309670,8,732581
344310046,15,1280204
344314841,17,479846
344318046,22,1322476
344318400,14,1185816
344319143,16,3310124
344322029,14,1746132
344322561,18,6347927
344323652,64,3642143
344324779,11,3010154
344327567,27,1255482
344332925,14,730280
344333754,16,789680
344333930,27,6048932
344336405,8,363570
344337954,4,206720
344338618,14,1788793
344339699,21,4841311
344339716,4,179206
344342025,13,703027
344343329,5,457134
344344253,4,337000
344345299,24,1300975
344348502,23,3204587
344349412,14,1830424
344350031,13,781168
344355361,6,755984
344357761,15,1550482
344358817,4,571679
344363770,20,1342146
344367175,16,1700449
344372295,10,929418
344375520,12,2072811
344376554,5,326932
344378682,5,569344
344393243,20,668979
344421977,14,8256085
344425123,10,1030850
344426868,22,12699363
344438459,19,1049686
344441236,4,137103
344446993,15,1213703
344452056,22,1572530
344457286,9,552232
344460378,6,305555
344461977,25,2477918
344466732,5,243432
344474899,47,2876736
344476483,8,584750
344477343,13,911291
344483288,11,441658
344485703,30,1155438
344488959,4,262434
344489241,21,1364266
344491060,16,13052296
344491545,19,634118
344492101,4,291410
344493777,8,521282
344493886,17,985420
344494926,5,761255
344496508,13,924646
344496577,15,1279191
344500159,16,1141826
344501080,19,1146001
344506107,48,2668030
344509851,16,1624324
344510462,24,1663324
344514615,54,8995758
344515810,26,9514058
344516770,18,1856955
344517751,14,667042
344520273,35,16486319
344520278,14,649277
344521034,10,337591
344523207,5,367676
344525904,9,448825
344527868,26,12295640
344529206,57,7144316
344529373,4,447471
344529576,23,3102511
344530350,38,667188
344537150,4,426870
344542871,10,669223
344543649,15,1765485
344545594,28,9404198
344548714,57,3834662
344550339,11,555406
344550543,4,174254
344550610,7,387711
344550638,6,245879
344552435,5,202801
344555422,14,905330
344556104,18,6128197
344558583,25,1706776
344559293,26,2368540
344559692,25,2340530
344560728,11,673371
344561752,21,1611488
344565431,25,12341753
344566027,13,826708
344566124,12,1119755
344566252,31,4386420
344566421,12,1047601
344568008,12,1222732
344571013,17,1203330
344571014,22,1711469
344571970,8,748943
344573778,26,1484765
344574470,19,688458
344575826,21,1822784
344575988,12,654712
344580324,35,6176304
344582854,7,901783
344584057,3,373999
344585071,29,8199557
344585402,15,4852536
344588758,12,13575888
344589247,27,2363365
344590886,108,3572068
344591142,12,694783
344594340,19,8960602
344594721,13,513057
344597773,32,1836849
344601210,36,14331640
344601361,12,3446970
344601428,15,4815454
344602276,14,4717355
344604035,19,3489655
344605371,35,12631970
344606428,13,1381049
344606443,14,1462512
344607231,19,2382818
344609362,21,20307436
344612444,7,3090527
344613587,14,741258
344614471,26,1243095
344614489,14,1093317
344615679,9,4188804
344615902,11,1303888
344618579,49,4241416
344620802,9,1505407
344624010,31,878744
344624447,25,3084724
344625295,20,516083
344626647,9,697330
344627639,13,4014131
344628087,14,4370447
344629380,7,450523
344629431,13,1031214
344631843,12,916862
344632780,22,3383724
344635634,29,2431300
344637425,14,1160230
344637572,24,2056416
344637578,16,2104495
344638921,21,1320124
344640011,13,1934524
344641079,12,755962
344641608,5,640450
344643247,45,4063201
344645916,9,586185
344648275,3,668690
344649248,29,2389644
344650457,7,856004
344651729,10,1263707
344652122,5,783357
344654144,30,1515384
344657062,3,109229
344658153,158,9874023
344660092,17,5420218
344665502,27,12321581
344666541,17,1760724
344667489,127,93994800
344668569,12,5173505
344670385,30,13669877
344672133,17,3240827
344673442,5,1421360
344676366,16,542434
344676800,16,40175139
344676965,32,3863731
344681988,20,1859485
344682086,5,3268758
344682634,50,1012750
344684012,12,1718329
344684049,13,1410118
344684597,22,2447767
344684915,36,4729658
344688814,31,1934990
344688997,12,2347379
344691494,12,941758
344692235,26,2103124
344692255,32,869486
344695438,27,1981546
344695453,17,1388008
344697369,25,986440
344699187,51,1100359
344702224,6,571873
344704809,42,1914073
344705212,16,8173718
344706365,11,402424
344709139,15,1890198
344710246,21,1512161
344711093,10,511975
344711117,13,1395080
344711463,12,1034981
344714990,78,3934360
344716342,9,402939
344717016,58,5205192
344717239,20,3268948
344717386,17,1197255
344718068,4,118158
344718394,16,1539728
344719348,88,46703822
344720109,6,1315872
344720727,9,1902009
344721676,12,200548
344721761,14,1710511
344722169,53,25764094
344722424,54,2789619
344723180,11,2870223
344723472,3,598524
344723511,12,1306990
344724915,15,8183151
344725633,12,6998804
344725982,15,5316918
344727136,17,6594778
344727224,11,538005
344727928,5,933935
344728580,6,1216164
344728842,45,14448681
344729685,15,5957098
344730018,13,2994882
344730036,11,3075707
344730138,12,1397146
344730181,13,2751848
344730256,4,138176
344730659,56,1450891
344730858,32,18440119
344730865,4,1724760
344731324,80,39226710
344731353,14,1639187
344731544,24,8111793
344731581,21,8368857
344731640,8,3623135
344731678,22,1126506
344732258,26,12730237
344732446,224,119531236
344733422,18,2679128
344733940,7,2402067
344734012,7,2189604
344734924,7,954371
344736567,26,1716254
344736664,8,2817214
344736819,55,25906103
344737066,23,7737654
344737137,15,6187333
344737189,16,8555576
344737361,50,18575237
344737961,7,3954290
344738033,10,4410881
344738141,13,3670940
344738218,3,1325553
344738236,11,880377
344738298,8,3016396
344738486,14,6451116
344738982,7,2301591
344739576,36,17973422
344739685,12,2573746
344739929,30,12767155
344740035,14,3884292
344740299,46,5929903
344740350,42,20615936
344740514,10,625386
344740832,16,7635917
344741254,57,27175890
344741578,10,1226376
344742148,10,2438012
344742151,12,7058063
344742182,7,2318688
344743064,7,2354606
344743498,13,5405843
344743860,28,6614082
344744274,17,8216047
344744772,8,373447
344744986,62,24930020
344745007,15,1105399
344745408,14,3309554
344745992,15,10793664
344746098,364,191646319
344746337,17,6234709
344748297,47,18527152
344748396,52,1674125
344748533,13,1358066
344749279,7,3623874
344750526,9,1844857
344751240,31,1045351
344751933,14,4354787
344752215,36,2182587
344753058,8,1663379
344753440,17,7314676
344753606,15,1072179
344754945,24,4062335
344755428,27,1663653
344756302,16,4479544
344758043,6,1816209
344759951,8,1681737
344761768,14,5644885
344764368,21,833896
344764577,5,925074
344765041,4,1110633
344765437,12,668082
344767514,11,2866114
344768135,105,63496251
344769014,7,3055790
344770953,32,6075952
344772046,6,7688072
344773839,39,4484941
344774254,8,5538253
344774751,33,3121578
344775680,183,86756519
344777184,9,1177929
344778402,44,18927187
344778716,21,816047
344779309,23,2213902
344780106,10,3192102
344780663,6,669970
344783601,28,2418989
344783854,26,5192900
344785283,40,3939498
344786118,13,1250570
344789287,49,21191552
344790844,53,2099362
344791040,27,11498182
344791927,15,2368732
344792693,11,2882000
344793765,51,3406436
344794616,6,603606
344796030,10,265740
344797085,25,4395190
344798378,15,1027398
344799582,28,1763649
344800293,35,15931782
344802299,3,271829
344803889,46,24814217
344804446,16,3664626
344805776,6,1557194
344806781,12,11581642
344806801,13,663286
344807581,5,1295052
344807713,28,839860
344808009,10,184468
344809057,53,3825339
344809200,4,1862841
344810047,20,9952469
344810268,18,10442016
344811253,20,10589214
344811497,3,187486
344811691,25,5830652
344812217,8,2531232
344813752,16,9295972
344816471,15,4998105
344816844,14,485383
344817666,9,982622
344818784,14,2700314
344820593,10,817885
344821213,14,578175
344821339,45,2781108
344823685,13,4612655
344825169,21,2980805
344826153,38,2619232
344831850,9,618220
344831884,4,275819
344832196,23,1450510
344838789,43,6068075
344839444,4,739929
344844992,19,815888
344845622,22,2003477
344848147,42,2476827
344849257,9,146886
344850720,12,716813
344851355,16,4466649
344852408,10,345380
344853389,7,623286
344855295,13,3263518
344856399,10,990756
344856414,4,102982
344856557,12,3214686
344856939,6,689471
344858634,4,1073788
344858973,7,168400
344865262,10,1741190
344868099,50,4124273
344872128,12,945587
344961228,5,207030
344972573,10,643798
344981872,9,444075
344998918,9,200655
345005853,11,571817
345008502,9,2735527
345008660,46,2622892
345009264,14,643630
345013392,8,1364079
345016842,10,1210471
345019920,50,18713401
345020251,3,455240
345021785,52,6729058
345025343,11,799488
345032058,10,71444
345034092,14,670804
345043745,17,900095
345044394,18,4440305
345044989,5,399103
345049156,18,3549701
345050776,8,531560
345053112,31,3679383
345053145,27,2744534
345054299,22,1469665
345055654,40,14253835
345057643,12,1079003
345058309,17,1012023
345062712,10,1080528
345063360,20,8205543
345065904,72,6963892
345066127,49,3577004
345066717,14,1332539
345068039,10,594575
345069022,23,3478113
345071238,28,1076166
345075154,17,3215237
345076317,18,399841
345076530,16,1574624
345079068,43,2235882
345080067,32,5976475
345084874,4,464119
345086492,16,2713933
345086714,8,1436380
345090579,37,9233371
345092219,10,515305
345093961,8,2427422
345094513,10,897098
345102307,58,4854303
345103979,14,3818030
345104204,13,2072953
345104393,37,16373431
345104484,29,13032084
345106665,17,5760828
345107243,22,1484730
345109821,23,7297572
345110012,12,4523042
345111005,17,1313182
345115211,17,7893396
345115403,10,2653741
345115956,3,6723174
345117530,21,1017739
345118404,11,977243
345118416,280,37801095
345119295,5,309693
345119353,14,2918102
345119415,69,5465391
345121699,14,7288010
345123608,11,2899200
345127980,91,9037084
345129477,8,403074
345132801,23,1764621
345133891,17,1159390
345140107,26,1773545
345141113,17,1147927
345143245,16,915325
345144048,40,3139115
345145534,42,2390919
345145622,3,1372724
345147105,54,2098699
345151073,24,3681031
345152325,19,789354
345153725,4,115634
345153895,8,596863
345155426,30,10411485
345155827,67,28774195
345155983,4,359230
345156859,9,2180440
345157102,26,7849879
345157439,128,67032837
345157855,32,12287818
345158862,113,58822263
345159420,14,768342
345160013,52,26328123
345160401,7,3543447
345160638,15,4256388
345161280,15,4114877
345161471,7,457289
345161823,7,1369264
345162012,32,17864665
345162713,13,4320969
345162804,16,8376650
345163514,7,1068927
345164365,75,31490981
345164495,7,1997677
345164813,30,11951595
345164936,13,825302
345165125,14,10009371
345165650,25,17068831
345165945,17,2330534
345166100,15,4475756
345166594,6,5813051
345166690,47,25457723
345167413,4,5105690
345168192,20,3765188
345168298,17,6496049
345169349,43,19900570
345169877,99,61903125
345169979,6,796988
345171082,34,15946814
345171528,6,2015367
345171553,8,1403181
345171633,6,2112203
345171843,15,4454558
345173395,33,11602125
345173405,49,15758694
345173418,34,13362893
345173466,69,26941467
345173626,17,8830562
345173879,17,4098931
345173935,12,809449
345174121,50,24726035
345174125,18,8871791
345175711,48,18381355
345176154,13,8898620
345177018,7,534082
345177051,33,8659280
345178206,23,8281654
345178235,14,1929663
345178487,27,11106026
345178545,23,7501417
345179455,10,4047385
345179581,33,12197392
345179619,17,5988966
345180384,7,1422402
345181162,8,4865665
345182085,13,1295656
345182436,15,4374602
345183434,27,4026189
345183551,37,18484229
345183739,9,3324686
345184403,37,9480541
345185832,32,2926950
345186301,29,2568314
345186801,5,2333225
345187868,7,267502
345188023,5,2445809
345188069,22,7502873
345189178,5,1353314
345189809,23,951753
345190133,4,2329513
345190788,38,20085007
345190956,10,901407
345191714,27,11252747
345193003,54,28852870
345193611,21,1532148
345193725,110,4785114
345193820,23,2191253
345196885,33,1904248
345198809,4,335421
345201614,15,1031846
345202128,24,1209232
345203918,12,797689
345204862,16,1001398
345205029,19,1688993
345205038,10,908492
345209535,85,9600893
345209758,15,2442027
345209956,24,1978852
345211247,13,1096099
345211280,32,998216
345213685,7,2931489
345213741,35,1588970
345217955,7,979851
345219712,12,1393159
345220163,6,850555
345221098,25,2973319
345222272,9,2671713
345224199,7,222520
345224541,5,185227
345224842,32,1755280
345228160,13,4419572
345228640,3,1921217
345229016,11,2752587
345229290,12,840515
345229618,11,591806
345230004,42,2585854
345231029,60,32997868
345233497,18,6153165
345233539,8,1659552
345234483,15,8293905
345236186,25,7988554
345236963,15,1134817
345237683,12,3311533
345239559,18,10215781
345239836,17,3136069
345240214,22,1250990
345241318,69,39512105
345241414,42,13885069
345241961,9,269974
345241973,17,7893051
345242065,7,425374
345242523,9,2156525
345243946,16,966176
345244001,5,1287022
345245962,19,1479212
345246425,44,16177135
345246938,10,2266997
345247464,42,20675247
345247931,28,10255571
345250919,292,35905743
345252257,35,1898447
345253055,18,2680106
345255348,13,599367
345256611,29,18912603
345256970,17,1200121
345259256,14,883670
345263282,25,27334206
345269315,9,5206910
345269404,17,1371024
345269562,15,625777
345270689,27,758027
345274393,15,524805
345274555,24,2081096
345275084,15,874656
345279224,14,1600136
345280093,22,2197455
345283195,16,2062228
345283355,26,2434729
345285615,14,2158164
345286149,7,354055
345288041,6,299731
345288163,6,433399
345291128,28,6979496
345292077,11,1465041
345294287,16,1214310
345296082,114,6386073
345299034,18,2704366
345303679,9,350472
345307067,15,5323260
345307687,14,901479
345309462,7,415310
345312609,11,752455
345313831,11,670070
345319971,15,1237592
345329117,5,346176
345390970,8,2242479
345402058,4,1282470
345403727,10,605500
345404500,49,3798364
345404679,13,3040382
345405206,14,4885096
345407976,15,1987841
345408935,3,2258785
345410566,22,10819435
345425377,21,820095
345427744,15,2537875
345428789,96,5508447
345430598,24,2822121
345430908,7,1607500
345430936,15,1562524
345431725,14,659020
345432364,8,561000
345433249,19,4722612
345435603,7,1219896
345435633,13,2346729
345435797,15,1010239
345438593,13,2772062
345441877,9,2386064
345442184,11,583372
345442243,10,1343487
345444132,6,908128
345444705,15,621710
345445002,27,2580651
345445581,17,2216651
345446182,66,11169459
345448910,21,9313610
345451484,11,1133695
345454292,154,11771205
345454670,41,2295292
345455938,25,2909954
345457360,21,4177505
345458563,14,1014107
345462021,19,1778851
345465107,9,360294
345469762,29,2423783
345471627,79,10567750
345471955,6,581858
345472299,4,680343
345474037,27,15173842
345475977,25,11576488
345476871,34,10529875
345477421,20,865821
345477746,18,1075503
345477791,13,1843080
345479799,5,247873
345481295,13,2137394
345481589,13,2895523
345481713,22,8051137
345482543,31,7438831
345483401,7,2590726
345483423,17,6491239
345484948,12,597086
345485730,21,5757100
345486226,14,736195
345486842,8,746906
345487133,26,9343667
345487210,11,2402017
345487847,25,1372916
345487939,10,122819
345488353,21,10977220
345489610,44,4404597
345491346,23,1827767
345492867,25,516042
345493042,4,238556
345493301,6,1716833
345494257,4,1137384
345494635,30,9802474
345494811,12,986597
345497481,5,1450826
345498106,34,1890220
345501846,51,1310360
345502323,4,175493
345505725,11,599573
345507037,23,1061894
345507960,45,6174710
345512741,19,1201866
345512842,9,456160
345513260,13,1177920
345514065,117,6592081
345515312,40,4176958
345516365,14,3377420
345517921,11,815048
345521588,20,4512802
345521651,16,2145058
345524693,41,2382935
345524855,14,2345840
345525133,4,654340
345525359,5,807489
345525390,6,517861
345527309,22,4628480
345529624,5,324362
345529871,30,7237894
345530939,9,417261
345531224,12,854344
345531389,15,2803796
345531557,6,2104839
345531741,19,2405528
345536744,18,1620420
345538417,6,4472080
345539275,18,2033040
345539490,4,359309
345542671,11,1859401
345543576,14,3538679
345544291,18,6375398
345544313,20,5686982
345544653,14,1904907
345547524,17,7153286
345548589,7,441220
345548840,14,5566405
345549055,14,4520165
345549716,20,2740507
345549781,9,2392695
345550639,21,10998758
345551259,16,3185707
345551651,8,288750
345551773,15,5791766
345551861,19,1035739
345552890,31,11980818
345554116,20,5738415
345557393,12,1660263
345558319,25,4023668
345561682,27,926028
345562365,16,1707872
345563685,31,982918
345565298,31,4819550
345565973,18,1300425
345567929,10,719261
345568600,17,1002016
345572454,26,2930996
345574121,43,3048906
345574625,8,2069400
345575376,13,797482
345579292,25,1581728
345580018,15,829028
345580196,4,300640
345581164,12,875018
345581435,4,184324
345581705,9,927807
345581983,102,14388280
345584537,15,2896407
345586267,86,38672566
345586529,282,107754073
345588665,12,363275
345589506,62,31141449
345590549,14,5835743
345590768,11,3331568
345591275,23,6382511
345592215,112,82534001
345593285,17,6324306
345594189,12,1982653
345594656,137,19897183
345594901,12,947977
345594956,63,6955541
345595184,15,1005572
345595919,17,2009094
345596159,19,2032308
345597135,74,30161220
345597432,38,16062516
345598303,4,140033
345598822,114,39844937
345599488,23,15982577
345599764,8,1405842
345600507,19,2023956
345602289,62,12275880
345603558,10,482521
345603668,59,11441078
345604663,77,36523805
345605306,19,9753293
345605446,44,5185012
345605495,7,1227641
345606715,3,71012
345606936,36,14523039
345608494,41,12699400
345608579,9,5466288
345609464,11,3939918
345609927,13,4864402
345610243,4,1688110
345613337,11,3709135
345613426,4,260101
345613962,7,4705952
345614018,5,1565292
345614421,6,1858090
345614876,5,2525853
345614890,5,1236206
345615992,9,2865529
345616276,12,3646934
345616361,17,4505850
345616377,15,5114712
345616749,10,1646725
345616889,13,809835
345617428,18,1055631
345617446,29,9265359
345617487,24,10313843
345617774,20,7919068
345618168,7,1120084
345618195,14,4248051
345618341,133,70483370
345618490,10,1978797
345618505,9,495691
345618560,27,2341548
345619068,7,2703119
345619813,83,31940997
345620584,16,1797177
345621141,10,7749025
345621987,20,4594061
345622354,26,3582156
345622663,6,241176
345622696,31,11349980
345622744,21,6408918
345625451,9,1330937
345625955,26,1141194
345628458,23,5056386
345628683,15,1447310
345629986,53,1489743
345630086,42,15595553
345630103,29,7032134
345630171,14,1872153
345632477,6,1405710
345633499,19,1537022
345635883,4,498491
345635970,32,3493959
345636127,18,2719586
345637554,22,3927183
345639998,7,322911
345642719,16,700773
345642948,21,1645413
345645426,33,2265117
345646320,16,3018614
345647575,18,8002772
345648117,37,1314725
345650082,4,1671632
345652531,12,1720497
345653359,24,9274640
345654425,7,2559581
345654545,6,894590
345655545,15,6898615
345655557,12,842719
345655789,12,496515
345656342,14,1986389
345657096,34,3788709
345657594,18,6431486
345659064,8,699786
345659609,21,4910463
345659797,4,1209329
345660272,20,5109430
345661661,62,22808833
345662101,17,5707251
345664533,10,1500830
345664544,15,1464208
345664748,11,482234
345665562,14,3997040
345666743,3,95890
345668039,10,337678
345668759,8,3771844
345670285,14,530096
345671376,22,3002190
345672029,6,2132287
345672155,24,7714843
345672900,7,860470
345672983,14,3037800
345674124,60,27106574
345674470,5,383070
345674655,19,3419308
345675649,8,891940
345675677,20,1470101
345676685,134,65775665
345677131,31,7119936
345677912,28,10272503
345678050,20,1683046
345678062,5,1214276
345678948,19,6653256
345679289,16,7613606
345680888,24,770255
345681049,17,2837521
345682094,4,1193854
345683306,18,1943263
345684155,98,63235616
345686305,8,325422
345686762,4,339748
345687680,12,759478
345689286,23,1419454
345691339,11,4402015
345691967,11,542570
345692490,15,967576
345693175,19,2466561
345694727,13,1263045
345695326,7,3170040
345695442,13,7043164
345695746,18,3457543
345695814,11,1605739
345698593,12,1176066
345704151,9,670384
345705693,5,1873290
345705964,8,915318
345706617,15,1814311
345707719,7,2037880
345708104,21,2465575
345708726,16,1786311
345709178,22,1253712
345711427,12,1631406
345712838,3,590993
345714255,19,2790232
345714653,33,10670800
345716058,25,2060322
345717041,9,2208943
345717546,11,1414122
345719037,6,1907243
345721739,14,3180973
345721919,18,2077454
345723185,4,1439650
345726656,3,350096
345727556,11,3755551
345730503,9,1202138
345734807,9,1233879
345738847,15,1716950
