Battle ID,Kills,Fame
361650722,7,468172
361652572,35,16759853
361657505,28,2428118
361668447,15,1066173
361679770,18,1084665
361708941,5,334834
361713374,10,496658
361717509,30,4611530
361761312,5,150576
361763951,24,1496585
361764443,3,83310
361772025,5,969943
361776983,22,2276515
361785247,12,3606744
361786827,20,1459490
361804258,9,484406
361805882,30,11963874
361808300,13,3543001
361809238,27,2682376
361809538,24,6227248
361812210,11,3893054
361812259,18,1208191
361817866,30,5304312
361821608,5,269001
361828951,28,1931093
361831125,19,6328192
361834593,13,7305399
361834821,39,3307662
361835818,11,636930
361843563,35,2127913
361845318,11,3016005
361847392,13,1080385
361848187,28,4033537
361849472,25,1682900
361849918,18,5210125
361851002,34,3567505
361854487,11,3191816
361855641,15,1433817
361857227,9,311837
361862057,22,10745626
361864269,27,3474107
361866848,29,7554079
361868771,11,1062205
361873153,9,2917027
361875135,7,407564
361879540,4,891944
361881675,18,4889854
361883029,13,1056472
361891512,59,3462644
361894381,17,2770709
361895788,7,461924
361896437,27,2708796
361900335,18,705172
361904111,7,201757
361905436,13,611493
361907729,9,1225985
361910452,16,1569238
361913325,3,931680
361914844,59,11957566
361915485,20,2913210
361916060,5,840339
361916086,7,1180323
361916839,16,2395136
361921805,24,8589567
361923254,57,27733613
361923683,16,3075205
361925455,26,9575017
361927806,15,908650
361928220,6,1886448
361928804,5,188745
361931199,6,1112003
361931533,42,14191921
361931645,7,677475
361933580,69,38195726
361935777,9,2826121
361937478,25,12062854
361939104,13,5091225
361939384,27,677441
361941255,11,1961341
361942120,10,871490
361943882,24,8918495
361944315,13,3637649
361946912,17,7126555
361951083,10,4325012
361951865,10,1569076
361954901,3,129214
361955529,3,1105291
361956660,21,3346275
361957240,20,8266989
361957276,8,2627511
361958741,26,2030635
361959938,14,1230480
361961453,31,3716593
361962986,24,6846804
361964108,66,8763496
361964761,17,1267098
361964814,5,523757
361965075,20,1948356
361969881,78,3092141
361972045,16,1241335
361972142,12,884282
361976365,13,1056646
361978107,23,1264584
361983587,14,683164
361984254,17,1412089
361984424,49,25520511
361987574,26,1129046
361988789,27,1031680
361989711,11,518705
361991692,77,11006977
361995582,12,4327575
361995775,21,2643685
361996026,5,365700
361996683,35,1915940
361997952,19,5726314
362001161,89,36719667
362001763,16,1941778
362004150,7,1034484
362005393,27,2609633
362006392,39,3873481
362006740,48,5340086
362006818,61,27098139
362006986,8,669404
362008048,30,14524006
362008237,9,1766979
362009475,14,6126043
362012108,13,3033757
362012772,10,1070896
362013655,18,3300726
362014199,47,1305620
362014263,25,2172877
362014948,18,1293334
362015361,15,5987381
362016325,41,15894547
362017282,9,311676
362017595,15,2667793
362018778,104,57804709
362019219,10,1181056
362019584,9,4203105
362021562,12,1795852
362022246,29,2709192
362023752,19,9303227
362024859,5,1339113
362027582,26,8476203
362028002,14,1567430
362028117,9,1297448
362028594,24,6570032
362028709,15,3276623
362028784,10,2893197
362028971,41,5901871
362029556,53,1271365
362030167,3,280124
362031973,12,6061287
362033987,15,1952954
362033993,27,1106548
362036898,14,2593879
362038097,18,9448245
362041241,44,4658990
362041396,39,3713716
362043295,11,2629544
362046423,16,1378958
362047274,10,2230291
362047536,5,1512758
362051772,13,634557
362051836,6,744565
362056483,11,875107
362058838,29,1341560
362059174,16,1227992
362059209,35,2255661
362061109,60,15934446
362061173,7,1494197
362066279,41,23010802
362067952,12,1213079
362068042,134,47058976
362068783,29,6288552
362071907,10,608432
362073380,17,4982445
362073654,22,6404284
362075312,31,12441657
362076161,7,2838450
362076586,16,1569056
362077879,26,3473878
362079471,27,2240575
362080379,13,2586370
362080429,37,26554595
362080965,11,1974712
362081247,8,1067226
362082383,7,3517834
362082650,15,469103
362084102,158,47415976
362084141,18,6285599
362084435,282,117817844
362084634,41,14160525
362085186,43,1740598
362085750,3,1347564
362086574,10,5186697
362088054,62,30735402
362088114,59,12793907
362088155,15,3975946
362088249,6,1596410
362088319,11,4831145
362089328,29,12798343
362090178,13,5877591
362090938,120,45893004
362091497,15,3257351
362092711,45,18542712
362094321,24,2822097
362095648,12,3280632
362096420,21,8565030
362096560,14,2523937
362097001,19,1301091
362097259,85,24155776
362098267,141,55033913
362098515,26,11333589
362099810,12,3104612
362100306,11,3258461
362100390,22,9421297
362100595,29,12004205
362102003,3,1073824
362102927,10,7689619
362104046,15,17340817
362104482,81,29608894
362104611,15,6637588
362104627,17,1634121
362105343,138,58052389
362106355,11,2595913
362106906,19,4897158
362107202,76,35904343
362107267,31,10246492
362108802,16,5874390
362109660,13,2789864
362109890,17,1384888
362110233,10,5688506
362111064,26,2367533
362112382,25,3326022
362114244,11,490822
362115536,16,10819831
362116454,13,3739946
362116948,5,2471437
362117479,18,7480057
362120312,15,11436430
362121275,38,14369988
362122237,6,2121430
362125724,5,823496
362126980,13,680481
362127342,13,1230847
362128363,14,5008188
362130475,7,543395
362131618,55,1664975
362132939,12,1368212
362133412,28,2658876
362136881,17,765221
362138458,13,1623141
362138488,32,2007449
362139707,36,2999698
362139896,3,1754164
362145560,26,1909524
362146003,25,2481420
362147816,11,7097206
362149786,16,855070
362151651,13,374073
362153028,101,30601990
362154465,42,2516972
362156061,15,1025475
362156616,14,1831305
362157039,11,778297
362157503,72,2970776
362157608,29,1873167
362157610,16,6733681
362159617,34,11041364
362160503,15,2401809
362161231,12,1257787
362162626,17,887843
362163930,13,677593
362166028,14,1172229
362166988,26,1922360
362167603,10,1701509
362167822,28,3998235
362169824,11,316098
362171808,19,806277
362172051,41,2998551
362172112,9,4012142
362173233,4,712197
362173608,5,2845568
362174388,30,8575156
362175238,22,3802481
362175516,29,980330
362175544,16,4268794
362176560,64,1486018
362178986,7,2595924
362179675,10,6486578
362180115,15,5711457
362181026,6,3021811
362181840,4,562791
362183543,93,29411546
362183636,29,4213055
362183962,18,4894833
362184181,10,1783703
362185230,4,728852
362185319,11,3929339
362186468,15,1618877
362186490,3,132294
362186869,7,3384164
362187112,20,5473161
362187156,12,968698
362188356,116,52930928
362188763,15,6607338
362189046,88,3372625
362190974,13,471265
362191243,15,3149762
362191850,37,11309772
362192383,31,2390127
362192424,10,1153798
362193702,24,1020625
362194197,16,2463904
362194209,8,2594836
362194627,11,4632302
362196119,7,684697
362196160,14,13570455
362196528,40,11401947
362197197,28,1534856
362197759,14,1161913
362197773,13,4203749
362199765,20,8303813
362199867,16,4789515
362201194,10,357400
362201306,4,228361
362201749,16,2658578
362201937,16,903098
362202569,18,5014165
362202701,45,6495420
362204798,18,9521958
362206437,12,5685205
362206917,10,2020004
362208361,16,1695347
362208907,18,3264697
362210725,10,491433
362215561,8,317798
362221920,7,156021
362224373,11,3625378
362224756,44,6890529
362226270,3,141324
362226732,22,2152197
362228110,28,10008169
362232681,15,1692059
362232945,13,1947741
362233159,49,22187881
362233164,8,422629
362234535,55,7626471
362236961,17,8089367
362239777,14,4215120
362240103,20,4409748
362246476,11,2136171
362246495,12,4120655
362247278,22,981518
362247354,34,15888016
362249144,11,1835421
362249757,20,1169943
362249945,19,3795095
362252108,20,2363071
362252667,9,346505
362253467,12,2112617
362254732,14,1629476
362256134,14,1042877
362256748,3,825218
362257697,18,687617
362259415,65,27666712
362259907,26,9896042
362260307,20,9267974
362260502,12,1319851
362261477,19,3242334
362262242,22,5647995
362265174,31,7101762
362267064,17,2793747
362267940,14,2841104
362268180,28,1531944
362269717,21,787816
362274945,8,399079
362277588,20,5557192
362288807,16,492102
362293357,25,1226025
362295099,14,2033781
362295172,10,797610
362296349,5,1492943
362304439,18,4388368
362304694,20,9880060
362308555,15,4908658
362315085,4,559555
362315450,14,3251646
362318861,14,3492238
362327171,8,632513
362379761,19,1066945
362383301,7,121139
362410074,4,144200
362411751,4,28473
362415030,30,1273443
362416138,8,63395
362427770,4,397584
362437721,17,3821524
362442491,31,14929697
362447889,26,6378681
362451270,44,19772490
362451988,18,5739704
362454062,10,913939
362456159,9,924199
362461848,12,920573
362464988,32,6151788
362468259,16,804824
362468689,9,727643
362473173,22,2223657
362478176,25,4218992
362479813,3,826121
362483719,14,2127093
362485809,9,287905
362490269,11,630994
362495965,10,2992332
362501505,6,803595
362501566,23,1121627
362501642,26,1736154
362502436,16,5454219
362503579,15,5785556
362504402,21,1827544
362506712,37,11971746
362508249,13,2960417
362512504,46,13625464
362513310,10,3153448
362515135,30,2203266
362516666,247,24085295
362517716,40,17133128
362522926,39,10752270
362527781,17,1040884
362530991,16,1052517
362532528,14,3156904
362535372,18,685311
362539313,4,185320
362540331,7,548168
362543171,18,876699
362545593,10,4032763
362548584,6,986536
362549317,11,641507
362551346,15,985902
362552241,6,417112
362552497,18,9164434
362554597,10,4982152
362555605,31,10989363
362556742,6,1781734
362557399,8,947141
362558816,32,1576186
362559750,189,67229015
362561517,80,4725260
362561680,3,98966
362565395,4,4803731
362568901,26,10927633
362569317,13,2507409
362570475,24,7395714
362571947,86,5155277
362572715,16,5526587
362576199,14,2955925
362577793,4,1058338
362580448,6,1540821
362582567,7,1729680
362582754,13,4297728
362582978,10,3580496
362583359,20,1027239
362585280,11,2980635
362585809,16,3222212
362586585,19,4919301
362590110,15,415787
362590802,8,328101
362591307,3,109409
362592107,50,4509875
362592773,14,821979
362594727,24,2317153
362599916,5,1791356
362600594,21,2258186
362603171,24,2159493
362603890,6,468251
362605345,13,826678
362609500,58,1027020
362611704,7,683329
362612486,8,1122736
362614388,8,361613
362615470,35,2330366
362621463,49,6217394
362622021,12,1305884
362628241,63,7431778
362631143,5,697855
362631155,31,1088364
362632532,16,3870216
362633182,5,332707
362634005,10,2606385
362634139,5,361492
362638543,31,5783230
362641092,18,3825052
362642590,13,398229
362642595,27,11611599
362643022,101,28402945
362643417,9,1456600
362645663,11,3039287
362646442,12,2077210
362647469,9,677115
362647613,11,4666234
362648489,14,3196923
362648950,124,41799594
362649191,41,10814635
362649417,31,10527457
362652189,16,1033087
362653853,15,2534790
362654569,3,150405
362657238,20,7139670
362657909,12,3264258
362658374,15,3510007
362660586,27,9374764
362660598,35,3069128
362660754,17,5668729
362661164,19,5243511
362662016,14,4089268
362663141,4,2881934
362663541,4,1419323
362663809,16,643880
362664128,17,2076854
362665816,30,10286637
362669124,15,3687228
362669385,60,4263396
362669670,27,9568046
362670406,20,7421908
362671399,8,468639
362671532,15,607256
362673693,12,16700078
362676870,9,4432327
362677265,7,2787769
362677953,17,776468
362678174,12,287612
362679210,9,325934
362680172,6,389612
362684009,19,1182736
362684309,12,831470
362687550,17,1121782
362700772,32,16938782
362700825,11,385518
362701961,12,591221
362703915,19,2411513
362703968,98,28932777
362704460,25,6260707
362704518,8,194542
362704995,8,1554379
362705801,9,4020699
362706509,21,11250760
362706976,20,2420046
362707009,5,1306109
362707154,85,27813039
362707855,45,22399115
362708721,19,4445877
362710291,52,3778871
362710390,11,835512
362711496,4,328480
362711699,109,35608302
362711823,14,561117
362712449,10,614112
362712575,20,4786566
362712607,5,390672
362712760,6,30018
362713855,82,29754718
362713992,7,330700
362715497,3,460495
362716071,21,4638874
362716591,39,26523626
362717174,57,22810853
362718551,65,24729313
362718576,9,2674119
362719432,6,301872
362719567,13,3763257
362720024,41,18426610
362720152,10,926945
362720329,59,24171934
362721385,19,5231306
362721962,11,5600624
362722827,18,1162049
362723032,10,1338729
362723104,5,445752
362723752,50,18286416
362724586,11,2651088
362724710,4,3609825
362724908,15,2100215
362725320,7,2179198
362725673,104,50695881
362725813,13,3873947
362726486,8,2421074
362726542,13,1374526
362726891,3,16644
362727063,16,5872498
362727643,8,2550835
362727674,20,4018234
362727732,29,10857938
362728028,7,781874
362728239,52,26456138
362728682,107,38433887
362729435,14,4181319
362729760,52,19321008
362730776,38,15909209
362730826,6,2831659
362730868,13,3880548
362731470,20,5638512
362731771,26,10532447
362731979,15,7205995
362732654,81,40587685
362733624,65,19509467
362734483,14,3208015
362734485,49,19091503
362734625,15,4144250
362734699,16,3231739
362735189,5,1242280
362735680,12,2758693
362736142,12,3748372
362736317,6,651225
362737752,14,3615983
362737897,43,17792891
362738231,17,556584
362738293,3,249116
362738576,78,28354558
362738637,58,20738974
362738752,12,1534356
362738945,19,6363764
362739019,14,5538794
362739057,11,1156741
362739121,3,473111
362739913,29,11843132
362740895,33,7856572
362741307,87,40572268
362742003,16,7458700
362742460,6,1562993
362743124,10,1283285
362743595,11,1877741
362743741,13,2780868
362743960,19,7546562
362744345,13,1828623
362744379,6,1576082
362745656,11,2001113
362746168,16,4874001
362746229,15,3767436
362746458,16,5866087
362747019,21,3137858
362747281,148,10272016
362747546,16,592845
362748303,65,29599676
362748323,7,1790140
362748869,29,2242296
362749074,119,52102705
362751754,8,1231599
362752747,17,3402806
362754076,11,1643862
362754382,19,1684227
362755647,113,52440253
362756139,11,1283557
362756808,5,341297
362760628,26,4535777
362761974,10,550650
362763591,13,798367
362764488,6,498920
362766289,23,5497567
362766355,12,1227594
362767733,19,1061622
362770699,33,4861517
362770998,15,1039467
362771393,21,4425063
362771733,55,16902032
362771802,22,700164
362773292,14,640910
362774161,13,3785081
362774867,7,547108
362776536,12,622912
362778879,15,2460410
362779151,22,1010467
362781123,13,742518
362784580,17,2668189
362785982,25,3469314
362785997,11,1552008
362787696,14,283799
362789073,52,1674540
362789949,6,1762156
362790165,5,1220934
362792205,16,725664
362792390,14,2734061
362792577,16,1537003
362793760,63,28734912
362796157,11,1402173
362796844,22,1816421
362798361,11,7314722
362798598,20,6962753
362799993,3,351553
362800838,66,1814623
362800865,6,264830
362802702,16,5304602
362803551,21,5246463
362803987,6,756988
362804186,3,485076
362804481,13,4307170
362804587,16,563951
362804988,16,4277957
362805577,19,6150356
362805615,10,2520776
362805622,18,2160444
362805932,31,17455370
362806020,3,1073142
362806776,6,1429045
362807166,8,1726334
362807426,37,3455966
362807777,6,355237
362807930,3,360086
362808430,36,13598078
362810094,33,1390035
362810373,11,6520613
362810423,51,1835707
362812034,29,8064249
362812350,15,6386506
362813825,10,3316085
362814085,72,5330233
362814169,12,2741734
362815081,12,3475566
362815568,15,3307373
362816501,6,1998542
362816810,25,7198262
362818518,23,6993991
362818807,20,9868807
362818860,24,10686456
362818881,18,6218966
362819681,15,3581726
362821883,14,839075
362822234,16,5303126
362822282,6,160692
362822511,15,3054855
362822598,27,8222519
362823415,14,5201597
362825517,30,30702094
362825734,5,844124
362826259,25,1253276
362827059,18,16047285
362827199,11,3025165
362827233,10,1130183
362827313,8,3180749
362828554,19,370633
362829760,26,2861666
362830538,20,713271
362830709,11,2606060
362831410,5,1013095
362832580,349,52167864
362832646,46,2881656
362832651,15,3978238
362834597,46,1696098
362834932,4,1577995
362836166,4,329052
362836846,5,1244465
362836963,29,9542321
362837217,15,1550901
362840060,15,3289447
362841108,22,2492936
362842856,23,9079772
362842891,41,16423459
362843193,17,2484976
362846086,61,20309410
362847375,16,756223
362848166,25,10812783
362852964,15,4486461
362853905,11,398557
362856820,3,302789
362858606,13,840285
362862491,33,14961530
362865036,33,14077624
362867342,29,15285844
362867405,51,2955423
362868072,20,8257566
362870364,13,3397425
362872979,16,4283129
362875246,16,5818933
362876083,20,4915182
362877126,22,1565127
362878319,24,5041001
362879027,21,9451870
362881923,10,2087766
362882448,30,6495045
362886133,27,10967594
362886286,20,8154976
362887488,7,976225
362888654,22,3188198
362890050,9,1513036
362890401,12,1058805
362891554,14,1209839
362891656,15,7245507
362891681,11,4498179
362892298,23,7380132
362892687,17,3140342
362895686,6,437573
362896946,10,7174836
362900442,14,947043
362901241,24,3185419
362906388,8,1822147
362917098,8,3008880
362918457,12,2477486
362921628,16,7454790
362930963,14,2831140
362935934,14,1208128
362945754,31,11933168
362960101,40,3004456
362976473,12,1246347
362997548,29,22733595
363006621,5,1969540
363014114,16,1197861
363026631,27,2372594
363029782,18,4383719
363039495,8,478836
363039532,5,476930
363041640,18,2288385
363044632,18,29307496
363060735,12,669377
363060773,9,521030
363068606,32,13475612
363073384,26,1852928
363079016,14,3354307
363080128,16,615890
363080166,19,9085095
363080576,12,436452
363082882,12,2904451
363083147,10,1095055
363086226,54,2198054
363088524,41,13010451
363089665,14,851769
363090730,11,4384505
363094315,18,655156
363095645,27,1143036
363099223,9,3348748
363101867,18,1135707
363102652,16,542601
363112093,23,1198050
363112146,17,2028661
363112647,16,3188887
363112693,5,170652
363112702,59,27433601
363113323,5,413018
363117286,42,1955651
363123278,29,5003762
363123768,7,902918
363125992,21,1296777
363126981,9,2085110
363127008,17,578501
363127768,20,7052858
363129120,7,200534
363129387,9,612268
363130048,11,4072761
363131040,9,2315520
363132220,20,4374633
363132762,18,4766255
363134357,4,85987
363136131,16,11818248
363136246,31,8423931
363139519,33,12153599
363139955,37,2986699
363144369,32,3623148
363146140,8,488239
363146709,5,450444
363148919,5,544944
363153131,28,1626338
363159523,8,353084
363160780,16,2207481
363161477,14,2457310
363161624,24,7710936
363167440,112,8961260
363167966,9,849812
363169453,15,1252130
363169555,23,332358
363169603,28,11320129
363174307,12,781582
363175739,21,1359468
363176723,26,8290854
363179451,55,1928085
363179799,41,2973798
363179894,6,213224
363182486,15,960247
363183897,20,2648113
363188039,6,178663
363188364,12,1356496
363189133,5,444377
363191509,8,875884
363192312,43,1019177
363195104,15,8967997
363195273,21,3618698
363196423,9,1212701
363197035,111,11217467
363198280,10,926573
363199022,16,1396093
363201256,19,6747134
363204036,46,25029513
363207117,29,441957
363207324,7,1542201
363208142,23,2875945
363208602,7,363639
363210274,21,5671134
363211208,16,4771947
363212725,24,3472187
363214083,5,1676519
363214297,5,1360920
363214683,41,12034677
363215047,570,281695318
363215870,13,928088
363216968,30,1807308
363217794,11,1803721
363218805,10,809357
363219001,13,2597000
363220449,9,265759
363220848,24,4136831
363222596,56,24698003
363225870,23,1667827
363226154,17,4545269
363226517,5,555252
363226740,27,6673631
363227866,118,5362805
363228220,15,1380683
363229739,6,260259
363230268,19,5390878
363230396,157,93372937
363231550,75,40069419
363232105,4,878538
363234293,6,2017480
363235811,33,14354018
363236737,23,7986319
363237955,13,558592
363238330,21,6428957
363238739,13,7356213
363240573,19,6598520
363241274,17,5733609
363242562,13,2960622
363248847,29,1964117
363253260,8,1088075
363253479,31,9433027
363256951,22,976659
363263517,3,79301
363264880,10,926072
363266234,19,1030611
363267289,15,1324654
363267857,9,352159
363268010,8,288582
363268526,20,2674804
363272659,13,1178575
363272841,12,1009723
363276118,22,2092129
363277197,5,343291
363279187,21,1416670
363281411,51,6030247
363284186,25,2220810
363287474,205,81767999
363287556,24,2558422
363291263,8,767437
363291961,62,3055096
363292461,25,11455789
363295176,84,29039175
363296464,16,1092530
363297325,14,5034692
363297497,9,1903609
363298086,16,4681254
363299755,15,5037153
363301508,18,2414832
363305491,4,1292874
363306333,5,1483525
363306350,6,60795
363306479,17,4326902
363307743,11,606827
363308661,55,34044889
363309870,19,482794
363310867,12,1320112
363312507,29,8793876
363313300,3,75906
363315646,13,4698029
363319189,13,2871090
363319568,7,204483
363319710,13,213263
363319779,20,2184003
363319861,20,10352357
363320050,17,4131689
363321729,14,2437351
363322000,32,15796688
363324213,3,956284
363324853,10,5968503
363325139,10,4563531
363326484,5,1254102
363328846,13,876897
363329233,17,102724
363330104,7,2425721
363330687,6,1491308
363330838,417,53677689
363331228,8,650435
363331415,14,619509
363336205,11,4320945
363338170,247,12704974
363338359,24,2202819
363339495,4,150199
363343044,18,782989
363346211,12,1010231
363352025,34,1129080
363356913,19,4623118
363371141,162,39798430
363376094,21,4808321
363377577,58,30085050
363378061,22,1569465
363379282,8,3235652
363379986,5,1020622
363380154,8,2312219
363380415,21,7136569
363381931,121,55312445
363382763,12,5425588
363384193,27,8737285
363384231,49,22175226
363384943,14,8252104
363385364,5,5825837
363385621,20,1552974
363386185,23,629068
363386370,24,8723892
363386667,8,3568853
363386911,11,1621643
363387358,9,2457882
363388491,13,4521218
363389085,13,2557280
363389234,103,46446841
363389467,11,3498396
363390299,25,5836642
363390320,3,118099
363390880,32,12772148
363391333,71,33747775
363391516,42,18555789
363391525,34,12146628
363391938,8,6457748
363392758,57,29324926
363393222,14,6158408
363395010,8,4026304
363395079,393,166967909
363395416,15,1334463
363395587,21,4809430
363396054,5,473167
363397242,129,62691219
363397558,21,14306160
363397619,18,1778719
363398629,57,14410022
363399407,19,5464428
363399838,41,3540762
363400291,65,18080314
363400389,86,54006054
363400544,170,78499313
363400664,47,17883474
363402014,11,658329
363403455,17,3898504
363403742,34,11540065
363404289,11,1737991
363404567,17,3290884
363404769,14,7557851
363405579,21,4895035
363406392,14,4220891
363406485,17,2473278
363406993,57,22608415
363407080,44,20292188
363407882,12,1591431
363408014,21,7866575
363408021,38,14184510
363408213,17,4766422
363408508,20,5339787
363408591,11,6260008
363408678,29,6676663
363408744,25,7484301
363408886,33,9358259
363409261,74,37281308
363410243,9,1030057
363410576,19,3162760
363410781,15,5597616
363410870,26,12408815
363411142,120,61376943
363412493,35,13052538
363412633,3,694846
363412819,11,2795664
363413649,10,1112037
363413949,8,1975335
363414014,10,5605703
363414477,13,1521825
363414698,38,17471889
363414758,71,21027781
363414782,7,294446
363415053,50,21127414
363415690,16,3316612
363416464,13,3849049
363416989,18,3576309
363417048,26,9333780
363418405,14,4718463
363418743,37,1402894
363419142,75,23362829
363419342,24,7018045
363419596,16,512694
363420078,202,96813041
363421632,8,296915
363422310,37,9884536
363424100,27,13087378
363424159,14,1101231
363424435,14,3997469
363424461,15,1175685
363426134,33,16277303
363428347,24,1318947
363428370,3,28809
363431571,103,10456714
363431581,27,1342363
363433324,20,2954767
363433396,5,2785389
363433624,24,1332926
363434052,15,1522649
363438091,53,5552389
363440594,15,3044385
363441228,35,2903539
363442484,27,4684415
363445032,14,1040559
363448699,9,883119
363449918,11,756494
363449939,48,7028157
363450255,13,10174969
363450558,21,1578811
363451350,5,296598
363451640,14,3774948
363453486,18,1818115
363455746,8,249187
363456506,3,808341
363457193,16,617701
363458881,12,1233219
363459789,57,26398649
363460554,20,1371654
363460802,27,1178655
363462816,16,449498
363463738,13,461636
363464445,126,63663345
363466035,22,791922
363467436,10,590536
363468824,32,5787094
363469436,9,1799469
363469754,23,5420077
363471459,5,173328
363472428,7,1608522
363473038,72,28287446
363473646,7,1402933
363476477,31,7073283
363477146,38,14286766
363477573,13,8470768
363478454,61,4732726
363480444,84,50372728
363484256,6,129986
363484718,12,1045133
363485614,7,2595376
363486116,26,6593144
363486496,4,951875
363486611,14,4875761
363487660,13,2751759
363489105,4,1434888
363489378,20,9009888
363490696,19,1467348
363490785,9,3263215
363491203,76,40534884
363492594,9,2487556
363492885,15,220965
363493098,57,26487729
363493380,10,3487390
363494961,17,2036035
363495683,77,31545305
363496575,21,5366032
363496766,18,7144455
363497351,15,3997777
363498472,16,1486154
363498929,31,10758567
363499989,22,3637401
363499997,14,3628753
363500211,12,5550737
363500564,4,340740
363501727,21,11038596
363501876,9,15412946
363502258,28,10452128
363504309,29,10231398
363506261,11,430941
363506474,21,1186170
363508004,22,2218529
363508285,32,18504103
363509789,11,680964
363510150,16,5105177
363510614,19,2431385
363510757,15,656228
363512916,5,687224
363513204,42,2933789
363514081,13,1067257
363514198,4,285336
363516466,12,1338944
363516868,20,2407470
363516896,7,562852
363523329,34,2159692
363525397,20,1086800
363527718,18,1094516
363529225,14,1629663
363530268,36,3063485
363532769,11,593664
363535280,75,36823826
363535911,6,481179
363536777,16,2184328
363537817,31,15907573
363539260,31,1015642
363541112,15,2522081
363547577,13,849442
363565372,9,1005450
363567540,10,2108508
363570229,5,3298946
363575524,15,6426824
363578029,7,3540173
363583076,14,1077283
363584231,7,249553
363586810,10,613321
363599098,11,1148733
363601168,20,8222885
363602501,38,12428313
363610707,19,10561818
363621266,12,1095364
363622723,17,6491493
363652168,23,3947338
363655925,58,33651980
363670939,16,1162190
363677137,9,576722
363682878,10,783747
363686049,10,1225387
363687926,8,1007235
363711624,14,2356666
363711711,14,4976673
363712855,17,6700579
363713891,17,3541701
363714806,8,1848249
363732274,52,2273389
363732472,6,170554
363732751,3,201506
363733045,16,3022444
363735633,5,1343582
363737262,26,9168429
363737779,28,1679549
363737805,5,713537
363738076,4,270233
363738301,5,121084
363738739,21,8110209
363741560,37,8206595
363743823,13,4711229
363745434,6,1455840
363747331,12,1915593
363747653,6,693154
363747772,45,10119355
363750781,11,712674
363752016,11,1897441
363752305,18,6028667
363752707,13,539677
363753562,19,679578
363754474,30,9192264
363756415,16,5707871
363759371,23,10487628
363761337,10,3677243
363761375,8,884112
363767661,7,480453
363769798,12,1166887
363774685,9,642737
363777450,27,1725616
363777842,20,608847
363777921,5,226653
363778770,20,855785
363782737,18,1541468
363789039,18,1093973
363789767,32,2447139
363791972,13,683796
363793005,93,42390673
363795934,7,2852428
363796165,14,3435014
363798948,9,444258
363801971,6,159316
363803066,22,6176020
363805028,134,63684927
363806056,23,7755248
363806418,9,468376
363806909,11,647171
363808227,25,8612879
363808301,20,10604870
363810215,8,1840133
363810361,6,611658
363810856,4,673891
363811195,37,5894650
363812704,35,10369818
363814137,29,14271768
363814751,24,9084151
363815664,13,3115903
363820653,12,576773
363822414,32,2223213
363822416,316,33217934
363822565,12,626452
363822606,29,2234589
363829488,22,1407519
363836365,4,603278
363837217,33,1855889
363839805,9,1160273
363842205,16,874568
363844616,20,1234587
363844753,3,180790
363846008,15,886843
363848507,18,448600
363850632,10,3444768
363851241,5,177694
363851426,22,4823565
363851945,10,2206526
363853028,4,250177
363853815,28,1465389
363853859,10,513531
363855396,38,16866161
363855789,55,15145284
363856176,38,9244337
363860451,4,267260
363860806,3,663532
363860906,11,375870
363863500,257,56269487
363863737,4,974299
363865145,12,5153752
363865327,12,3323935
363865760,14,5364829
363866926,21,3820812
363867912,35,1877611
363869396,11,2586509
363870113,16,7407992
363870175,8,3791270
363870466,14,807552
363871306,15,6955249
363872516,19,538056
363874441,107,38449851
363874970,15,6224446
363877183,10,4121892
363877503,17,2095705
363877741,9,158612
363882379,11,591481
363882682,9,2954766
363882692,29,11160063
363883801,32,1408948
363883901,13,4971973
363884356,8,2049904
363885064,25,3686574
363886714,9,1739882
363886968,18,6353792
363890465,22,5945920
363890900,5,351414
363894132,14,860135
363894931,11,2215346
363895121,20,5059296
363895826,19,8051377
363897161,5,547415
363900876,39,1560312
363905289,18,485781
363910747,85,7362172
363910762,9,314612
363915441,31,1637880
363920917,3,13002
363922323,15,492904
363922726,25,12340585
363925876,7,2277976
363930094,82,33289479
363930450,11,15256858
363931229,25,9408166
363931377,49,3337467
363931385,8,5882175
363931689,5,653651
363932168,13,2188767
363932215,19,1632273
363932217,141,46893187
363932233,5,128688
363932463,30,1190024
363933601,10,340800
363933665,37,22567138
363935523,7,190320
363935996,6,456811
363936272,7,3343351
363936873,74,58896605
363937163,121,42332643
363937232,12,5130237
363938593,10,5460523
363939794,6,454361
363940529,38,14839443
363941038,11,4897453
363941152,15,1483745
363941155,6,2741638
363942778,30,13781153
363942938,19,7883555
363942945,15,4752184
363942960,52,46830875
363943434,23,2741527
363945167,19,12815554
363945835,13,2310721
363945878,59,28913470
363946011,17,2074387
363946028,31,1928711
363946565,14,4183223
363946955,234,104625896
363947399,96,55145837
363947629,21,1479437
363948574,73,33817096
363948985,22,8485700
363949135,29,8345405
363949172,31,10762776
363949682,3,399152
363949937,21,5501922
363950327,16,4371971
363950516,58,32417525
363950552,18,982442
363951033,32,7410513
363951184,29,12683383
363951540,11,5012002
363951575,23,16631228
363951655,7,2613747
363951876,12,837752
363952029,11,4296498
363952084,16,1087914
363952811,128,43344624
363953508,3,711593
363953735,8,1647604
363953904,5,1238874
363954177,10,857350
363954727,37,15047391
363955983,19,7841545
363957200,13,3977979
363957570,14,4184536
363958097,95,36908046
363958646,11,2242052
363958917,41,22357714
363959188,18,4820293
363961223,9,3344993
363961305,10,1354399
363961421,14,7434691
363962007,130,43262179
363962026,37,14628972
363962327,16,1605513
363962760,33,2502477
363963897,18,2609944
363964387,11,3197109
363964576,14,3250239
363965281,12,3574221
363965737,37,17468684
363965849,13,4704362
363967044,31,8148876
363967046,14,4977850
363967071,10,4167965
363967488,10,3261676
363968327,64,31657239
363968350,5,877467
363969508,13,3376991
363969628,220,89685088
363970202,4,675363
363972133,8,342068
363972149,95,26618139
363972830,17,6958199
363972840,8,1212997
363973673,16,5212938
363973805,9,8925227
363974310,7,2018092
363974370,3,1284949
363977096,19,6006793
363977514,9,2583463
363980356,8,449069
363981074,13,3594172
363981553,11,1921521
363981620,8,1211121
363982302,19,6287000
363982848,64,33390222
363983180,14,745688
363984188,6,460692
363985390,17,1838083
363985788,74,33130523
363986426,10,477175
363987318,13,877357
363987333,7,570469
363988907,19,2603525
363989053,7,532855
363994411,10,259563
363996005,15,843058
363996419,23,2978611
363997115,11,1703997
364000529,20,1062883
364002510,24,881062
364005236,9,921807
364009780,19,1416584
364010445,32,2241825
364010981,13,3747051
364012670,79,26376256
364013295,39,7239081
364015661,10,493095
364016545,10,729142
364018836,16,816704
364019084,19,897699
364019833,4,587928
364019976,47,3120182
364020016,7,320668
364020414,9,339276
364021378,15,2604924
364022412,19,1113495
364022736,6,137447
364024588,4,255171
364024605,18,1428201
364025229,99,30260359
364026050,9,1610286
364027065,28,1504852
364027205,27,7520832
364027393,15,7440206
364029012,53,3592183
364029886,12,3594545
364029963,16,1870068
364031031,28,2798054
364031386,14,3412707
364031862,11,3377901
364033181,37,11523491
364033719,36,12389223
364034125,28,3886072
364034568,25,8678443
364035105,6,1410484
364035113,27,14162532
364035180,7,181233
364036304,13,2502565
364036327,39,30962273
364038127,36,16751610
364038151,18,3057753
364038855,7,2263218
364038909,40,5592330
364040522,10,2619046
364040546,35,14650032
364041734,4,801181
364042954,18,997359
364044550,14,3706255
364044652,70,29300881
364044743,18,4154319
364045781,13,4317349
364046939,11,1610172
364047902,43,24625606
364050323,5,213326
364050920,15,3400752
364051345,19,8380506
364052323,10,2040452
364052845,20,7486927
364053945,7,1696730
364053980,40,25963492
364055141,4,2040930
364055224,19,5150436
364055708,16,1967199
364056002,22,5250803
364056049,14,1414527
364059600,30,3718563
364061189,4,109575
364063810,11,2388724
364064295,15,4925156
364066573,18,1378663
364068392,12,366767
364068786,7,199921
364068925,16,3279803
364069137,11,363777
364069278,26,1801844
364069934,4,92707
364070031,8,1044076
364070418,7,949688
364070445,5,293669
364075912,9,386303
364079102,7,3111019
364086206,9,422300
364087643,17,17279658
364089782,22,2820947
364090002,11,240151
364090348,15,1058238
364091419,10,473748
364092082,3,945156
364093826,122,65813774
364095932,50,25770184
364096001,13,452592
364096304,79,33653378
364096858,21,2507775
364099494,19,3179401
364099500,8,1572301
364100455,22,7191727
364101298,9,1344997
364103421,5,1449308
364104063,14,8329132
364104501,17,3325262
364105137,26,11780082
364108570,43,16144040
364111496,10,360997
364113728,7,244764
364115960,39,16982960
364123973,8,680216
364129690,10,780416
364151338,17,14930239
364151473,23,14162769
364205507,15,1139635
364221860,27,1801364
364227186,36,2988289
364229829,29,1722047
364236156,4,298905
364254471,17,4055166
364255496,14,2233364
364260397,52,2745369
364261266,7,393071
364267366,13,2836739
364268404,8,509703
364275396,17,4475907
364276331,20,1367374
364281956,12,4248502
364285205,30,11481798
364287069,11,6147115
364288722,15,4728758
364290106,30,10349048
364290870,18,5905602
364292042,9,381673
364295855,19,4424100
364296482,18,5808033
364301187,9,4145185
364305926,23,2350825
364306262,5,848248
364306948,59,5685872
364311187,6,95652
364318021,38,2129724
364319897,4,333326
364325909,34,3201531
364328493,53,22979286
364329172,28,985103
364329700,12,3889675
364331234,12,462479
364332363,44,14782327
364335094,39,1685318
364335791,29,8284799
364336996,3,980800
364337887,40,9094321
364338999,95,30455924
364339501,14,3968957
364342458,12,3673886
364342898,39,4445526
364344033,16,932154
364344390,17,5105424
364347379,26,4708880
364348067,8,1422376
364348471,11,416669
364350544,36,3251923
364352433,21,8381730
364352952,19,10193103
364353792,12,2966571
364354544,18,2558022
364355657,8,979637
364359987,13,4679127
364360735,14,818754
364361935,37,2422081
364363019,15,776314
364363056,20,641192
364363863,12,2232020
364364533,7,210304
364367506,37,2829352
364368445,15,793017
364368604,5,248613
364369558,16,2255833
364372634,29,452497
364373025,10,579590
364376691,62,1700764
364382070,47,500653
364382886,19,115229
364390579,59,1408812
364390634,21,7663783
364392252,37,16805764
364392277,3,161290
364392965,5,253241
364394024,8,2187212
364395393,5,1074494
364395556,76,37361484
364396494,11,1001583
364397554,45,10842077
364397633,18,4234419
364397681,21,803302
364398883,16,2932640
364399726,12,2955600
364401119,17,1056878
364401903,104,39296093
364402073,17,653469
364402807,7,2943436
364405159,29,9750794
364406902,12,36675
364407431,22,1623456
364408220,28,9244757
364409831,8,33200
364411102,49,9565127
364412974,10,134355
364417358,67,3633855
364417800,101,41167036
364417854,10,5202881
364418141,25,6658412
364420460,7,2335269
364421065,4,1107777
364421235,14,5714481
364421603,4,1135936
364422574,11,922907
364422823,31,9943122
364425060,9,2729125
364425337,25,6345136
364425448,7,2059515
364428063,6,476304
364428613,31,6636364
364429367,3,244862
364430700,28,2210197
364432003,13,437115
364432735,14,724556
364435295,11,4982321
364439349,12,344079
364442390,10,589106
364442520,14,1009868
364444981,162,8047468
364449285,47,3293832
364450119,5,400717
364458260,47,4604317
364459453,22,8370938
364460112,62,3786156
364460385,30,1117590
364463879,19,6961252
364464961,14,4102459
364467844,27,1838680
364470842,54,11110779
364471243,20,6688040
364471400,35,8590657
364473640,22,7431595
364474408,19,10399102
364475218,5,2525462
364475742,14,4534420
364476706,96,34515786
364476867,164,10312776
364477010,20,6272727
364477873,42,16747082
364478057,29,3456786
364479293,92,41378491
364479628,28,9296153
364479781,15,3974956
364479783,5,2070660
364480055,79,37287971
364481265,8,3165494
364481703,19,5364849
364482476,12,890052
364483663,20,9588233
364484027,37,8277362
364484478,30,7001979
364484959,195,73612958
364486311,34,11517034
364486410,3,831708
364486872,76,27532880
364487035,13,1629593
364487796,13,2892876
364488403,9,881141
364488550,15,3657441
364489873,30,10274980
364490168,124,63648562
364490243,72,33702264
364490745,59,3607663
364491102,21,7871279
364491444,5,766790
364492041,30,8704215
364492968,17,1256291
364493094,46,19540899
364493637,14,689086
364494101,242,104232025
364494946,9,5637348
364496206,20,6121887
364496212,10,874437
364496551,16,6474826
364497061,13,8366792
364497698,21,1168620
364497826,6,173597
364497832,5,113274
364497911,5,141819
364499004,178,80406294
364499399,4,2215398
364499728,10,531371
364499859,180,71265185
364500460,32,9331280
364500741,24,4296146
364501009,16,3704590
364502000,15,1083565
364502022,16,3287688
364502274,6,498811
364502695,109,50327593
364503240,24,1142893
364503244,26,11117216
364503267,11,3315986
364503581,38,15672988
364504138,15,7377582
364506453,19,6110792
364506577,12,2431735
364507026,3,1524472
364508662,13,351545
364508829,21,11056394
364509261,5,2520640
364509293,95,5007620
364509379,13,7462495
364510025,35,13406371
364510248,17,1423521
364510450,26,6842205
364511974,14,1272905
364512007,18,6714370
364514994,17,6244875
364515162,52,7523604
364516462,18,1456497
364519049,5,1647899
364521478,6,1999006
364522695,11,391305
364526274,29,7762703
364526816,111,5397243
364528098,19,4185543
364528208,8,665005
364529111,17,16496094
364530121,31,3210630
364532289,19,2042782
364539765,13,1113627
364542206,54,5935782
364543870,26,4697914
364549507,7,442446
364549800,6,346648
364549842,11,8373420
364550901,24,2833746
364552051,36,9789164
364553169,26,11030273
364553188,11,1534691
364554661,7,858425
364554992,5,610536
364555595,14,728583
364555629,11,3619240
364555739,29,2094098
364555766,17,6770506
364557510,76,29321048
364557941,8,1966644
364558052,12,7201868
364558750,14,3091294
364558812,13,3335660
364560290,18,3387160
364560398,30,1370792
364560749,23,5893379
364560809,14,1668970
364560879,30,10323389
364561036,14,688586
364562418,16,2617398
364564031,17,3927208
364564591,7,1112932
364564761,15,1046896
364566874,27,11510006
364567061,10,4148654
364568164,8,1100714
364569307,92,44044948
364569544,76,32041034
364570548,17,1428297
364570669,8,791704
364571645,16,1364801
364571977,13,4925915
364571993,11,622583
364572664,23,10515234
364573000,22,1583267
364573460,32,10588951
364574036,94,34744312
364574890,14,3041887
364576095,8,113863
364576425,17,1417669
364576576,17,791688
364576730,21,1405629
364576760,9,1261149
364578513,41,19821106
364579968,15,3746380
364580842,25,8064874
364581109,20,5363351
364582693,20,7956321
364583310,29,2557277
364583483,12,2345964
364584092,21,1214999
364584455,22,1461279
364584489,11,2000032
364584865,20,922766
364584935,3,153005
364584996,5,449750
364585091,11,3138974
364585795,4,688092
364587375,35,11923016
364587483,8,1155895
364587611,380,47379007
364587847,28,10811631
364589737,16,4949559
364591765,9,269321
364591804,14,3243821
364592260,13,1029973
364592884,19,1333081
364593399,15,1715578
364595704,3,860264
364596764,17,1601124
364598139,26,3504213
364599024,15,6776967
364602299,24,2940712
364606333,11,788865
364606707,8,905344
364606776,6,484503
364608461,19,991510
364612723,8,3829357
364613712,3,275071
364615617,11,1062779
364616479,20,1467642
364622427,13,8453856
364622937,8,443309
364627874,3,117059
364633506,13,772101
364634955,9,2383079
364636047,7,2613571
364637158,6,2257372
364640179,18,5021899
364640791,9,1670719
364641203,26,9718007
364645024,25,1307070
364645900,5,483049
364647521,12,427954
364648559,15,6567431
364672754,11,9746197
364680230,13,1298547
364692043,13,1139678
364694544,13,4301854
364736018,8,485183
364740607,17,1680836
364743235,11,437919
364755548,6,208012
364757849,4,434403
364775066,22,8327396
364782100,9,4342559
364782939,14,4021444
364787345,23,6030988
364810040,5,303381
364814997,40,3054839
364819063,3,675315
364821562,6,1746151
364826301,11,7252921
364826318,13,3923636
364826644,16,813328
364828513,8,2462841
364828536,17,793845
364830326,5,154208
364831679,19,505511
364834154,28,3778162
364834865,6,541453
364839467,11,378910
364841490,18,3816176
364842102,5,120335
364844718,10,831023
364850849,56,3150600
364851205,3,106400
364853136,4,109384
364853537,11,3689765
364857079,13,4932793
364859332,8,1117174
364861555,5,83746
364861680,8,1238497
364866160,183,83166995
364868050,13,984492
364868250,19,1056661
364869672,14,4596000
364870965,15,3990037
364872797,26,8385081
364879957,51,17324053
364883392,10,3749279
364884737,5,2372043
364885366,14,4169834
364885912,11,3884151
364886636,13,654338
364886675,50,22468555
364888013,37,4501958
364888463,18,1200526
364888846,5,213250
364888969,11,4115294
364889561,30,2601121
364890484,10,900962
364891180,22,2078516
364894031,13,3167852
364894311,10,577220
364894578,9,449265
364894888,19,993294
364898032,6,494684
364898156,4,151746
364898772,8,506407
364898918,24,1259880
364901030,60,1504032
364901712,10,2032191
364911278,16,2240186
364914855,5,983667
364915851,5,1197794
364916870,11,316795
364919462,36,6797019
364920306,3,551944
364920348,5,826847
364921690,6,3812029
364921945,11,3758860
364923132,7,5073489
364923443,57,24481424
364925032,23,4256355
364925841,93,45327531
364927044,3,95946
364927795,10,3524077
364928542,4,2806935
364929930,27,9258905
364930656,16,4317775
364931233,20,5585228
364931605,9,1771930
364936226,89,32318288
364936232,9,4432819
364937599,20,5745053
364937721,22,4628928
364938796,16,4234401
364939156,29,1838660
364941112,13,6012899
364941690,12,5739947
364942583,74,33789781
364942716,11,4102807
364943258,8,8551147
364943940,16,4868759
364944238,47,1923942
364944545,23,5475014
364944765,10,2060205
364944835,17,6478094
364945012,12,1077561
364945150,8,2278212
364945620,22,4918822
364946036,9,803775
364946786,24,17783634
364946995,35,8348432
364948489,15,1931537
364949139,12,4844656
364949616,14,3161309
364950097,7,1717880
364950376,26,7228962
364953243,13,3035169
364955025,33,10395118
364957017,18,2313247
364957622,14,4907407
364963368,18,6277117
364963605,72,3543923
364966893,11,1303403
364979222,18,2533774
364980112,10,646467
364983644,7,307231
364986579,21,1425611
364986842,24,13197573
364988098,26,6881220
364988251,18,2006145
364988474,15,5823744
364991381,71,24012859
364993142,104,45666913
364993244,5,180536
364993954,18,9020416
364994198,3,581856
364995975,38,15567434
364996193,93,34497396
364996543,48,16623556
364996647,24,752651
364997375,206,139229150
364998303,19,1735000
364998551,5,420163
364998586,19,1801790
364999872,36,1041406
364999937,49,18918727
365000616,35,13828412
365001713,43,13388921
365002182,38,10410373
365002374,56,31441509
365002591,25,7007469
365003599,95,41723312
365005468,116,57383244
365007259,78,34401827
365007725,18,9204964
365008672,16,2271162
365009733,32,9143866
365009944,15,3751991
365010462,112,38361010
365011395,65,29050993
365013490,4,1830521
365013722,51,15603674
365013873,10,4392547
365013881,15,3672775
365014153,24,1544086
365016330,4,1346880
365016951,64,23037133
365017895,13,5861542
365018148,37,13521478
365018843,5,1161335
365019197,28,1522077
365019599,92,32243079
365019940,16,2779682
365019965,89,6088480
365021176,21,5296289
365021230,14,4522783
365022094,31,11311600
365022545,30,9118890
365025483,24,10112581
365026017,30,878984
365026499,14,3139661
365026612,8,894909
365026896,9,1518009
365026905,37,12698114
365027220,61,37573200
365027796,8,2529967
365027970,17,5847817
365028038,14,10114955
365028319,102,41405990
365028491,37,22474383
365029156,14,3892962
365029412,12,3437363
365029591,10,3303721
365029720,10,3275885
365029978,18,5227668
365032986,14,2938761
365034182,23,508973
365034453,31,1430570
365034634,6,497068
365035053,18,6449416
365035295,17,4112418
365035397,25,8072030
365036791,25,971232
365037634,4,24234
365037736,59,4897869
365037758,18,1348445
365038262,8,312472
365039469,20,1838581
365040604,12,3061113
365040797,6,1215707
365045015,14,1723124
365047486,16,275478
365049217,35,1815604
365051576,14,1046089
365052667,14,584970
365054122,20,866693
365054866,18,10076801
365057704,12,896407
365058626,84,1219241
365058699,16,893332
365059545,38,1661636
365060036,15,3299867
365061488,22,2642525
365061773,24,1340844
365062639,15,2760104
365064734,11,797996
365066488,17,2061547
365067695,33,1401371
365069695,8,754492
365069995,8,1795587
365070986,27,1476913
365072360,4,155976
365073220,81,4007489
365073468,13,397705
365075368,12,1590236
365076348,17,4769751
365076757,14,1698568
365077319,8,3534110
365078240,11,2327801
365082342,58,3217430
365083271,4,935217
365084944,14,2650160
365085416,14,1849796
365085559,12,2221363
365086148,3,1174072
365087215,111,39803961
365087905,11,1218273
365088747,35,2699822
365088752,21,7610899
365088852,15,12114071
365089012,10,262611
365089190,10,725529
365090891,8,848839
365093856,20,13868112
365093878,25,11336999
365094106,4,1064092
365094300,17,5073624
365094555,11,2818561
365095199,15,3867020
365095308,10,746052
365095358,13,3985582
365095802,20,6372771
365096594,76,28972612
365097770,11,739463
365097992,19,4388882
365098856,26,4028100
365099456,20,7026154
365099828,23,6959155
365099862,47,3162469
365100947,4,1626920
365101088,10,517282
365102153,27,2830847
365102929,4,143498
365103040,3,154006
365103311,13,2366891
365103435,8,331907
365104453,17,5030547
365104674,12,4185391
365105222,10,1441152
365105732,26,14855610
365105829,36,16024452
365106482,40,7693874
365108009,20,4568173
365108482,9,608941
365110044,28,8353299
365110857,6,668807
365111052,13,3312132
365111423,7,530256
365111616,18,2274469
365111823,10,1177351
365112082,35,3501954
365112446,10,4871236
365112996,203,42235702
365113249,24,2550647
365113911,9,2389026
365114486,10,522763
365114573,10,2590509
365115108,9,1917697
365117008,20,5674374
365118023,22,9857182
365118204,15,6855077
365119198,8,4831356
365119722,16,148836
365125243,29,1786374
365125385,30,8642156
365126250,13,979533
365128374,16,1691156
365130519,9,1476205
365131370,10,466441
365133270,11,3796236
365133415,11,4059024
365135190,33,11263490
365136570,9,1668855
365138248,20,1868723
365139733,35,2652153
365142542,12,2326991
365143072,21,1699158
365144265,43,1435383
365148654,11,1135009
365152065,10,1460396
365152148,82,3765410
365153681,3,10415
365154687,7,1976721
365155945,9,1390238
365159419,9,2541351
365161369,20,852451
365161497,10,1106329
365161648,3,993903
365161955,5,1336781
365162997,25,8885147
365163809,12,1570067
365165076,10,12528999
365172582,11,492857
365186153,13,633066
365192643,10,679968
365260468,15,741327
365266003,18,3540544
365268312,5,394659
365269371,12,1081508
365271287,11,522105
365298138,17,4690081
365301920,11,3784949
365301970,19,307430
365305937,12,70915
365308013,71,2488388
365308675,24,6195922
365309871,7,3043614
365311180,16,1094214
365311558,31,1726847
365315921,38,6750730
365319865,14,164893
365322993,61,1085045
365323203,7,409952
365326232,42,2301976
365326774,8,1912032
365327630,17,1098428
365327663,9,603047
365327830,22,1127968
365329107,51,19792286
365329435,38,12349416
365330730,30,16916399
365333405,14,834433
365334609,25,4982713
365334900,14,815795
365336991,20,7085689
365337495,7,947599
365339250,31,15148128
365339774,15,4123931
365339952,7,1463838
365342393,33,9926880
365343141,16,7944062
365345422,77,44069609
365345511,6,402038
365345737,7,1979724
365346218,9,283092
365347564,6,1491555
365349186,22,6927433
365349226,29,1653933
365350128,16,1154908
365350192,14,970260
365350902,20,1003836
365355294,11,466162
365357055,17,1449437
365359446,118,9327923
365359995,15,2349060
365372877,7,365385
365374073,12,499729
365377568,16,615568
365379180,120,40489405
365381340,4,577073
365382588,15,6413394
365382613,3,1001485
365383326,9,447489
365384007,114,51487086
365384642,6,542670
365384929,6,1704846
365390230,9,2221280
365390343,32,10356820
365391475,13,687846
365391918,29,6862851
365392137,4,4089855
365394311,42,20212087
365394984,18,841778
365395744,13,2449474
365397007,17,5955169
365397292,26,6690164
365400226,40,17792347
365401143,16,4872844
365402072,13,1723905
365405516,14,6680504
365409806,108,15370419
365411546,46,750233
365415297,10,789308
365417826,16,2057881
365420919,15,1619136
365420931,46,1418455
365425220,14,1603658
365426121,125,17631067
365426565,24,862492
365426875,4,478149
365430001,25,339497
365431905,8,722620
365432312,23,512632
365434792,47,18056349
365435400,4,1546733
365438259,13,1446584
365438690,33,7530938
365439421,108,39196192
365439829,20,1025353
365439886,13,2680387
365440009,20,734839
365440085,28,11391904
365440465,34,11586891
365440487,24,1336631
365442904,13,50933
365442936,31,9993719
365443482,12,1452222
365444616,63,8459544
365444752,13,782257
365444949,7,399556
365445252,44,3025515
365445552,15,4133199
365445973,4,8173252
365446480,44,782973
365446839,117,45044805
365449271,21,8797516
365450691,27,1694759
365451422,17,4781704
365453117,31,16250536
365454236,21,2468542
365459250,23,2012621
365459585,14,861178
365460473,10,321583
365461846,8,713499
365462162,76,33153296
365462407,10,444642
365462806,32,2340252
365463886,32,2268996
365464759,24,7113389
365466354,23,5678193
365467066,10,701906
365467643,10,373496
365467776,27,7916443
365470878,11,1883777
365472194,10,2254955
365472211,13,4168086
365473779,25,4679485
365473814,9,63391
365475808,40,4444493
365475895,5,757010
365476192,7,431427
365476329,8,465680
365478611,9,523073
365478750,11,663782
365479608,49,1303815
365481101,8,441417
365481664,21,1144899
365481787,12,363613
365483095,37,2512419
365485066,45,7995841
365485235,10,896715
365486965,7,1955038
365488674,40,5454058
365491501,36,5806430
365493631,7,170108
365494262,46,1655263
365498538,44,3053093
365498611,7,144644
365504864,20,2800088
365505075,15,2342562
365507292,102,42727981
365507301,8,1016267
365507773,18,855447
365507852,13,1150884
365508865,8,2017590
365510417,154,49502852
365510966,15,2173123
365511867,21,1847644
365512685,100,51684213
365514011,29,7021547
365514424,15,3016180
365515319,6,460926
365516945,12,5064499
365517608,71,34764831
365518456,15,5226020
365518761,91,39577500
365518946,16,5492111
365520532,116,42317881
365520977,71,30578266
365521374,265,90482349
365521472,18,5785514
365521581,11,768159
365522341,6,2501135
365522546,30,15781223
365522634,7,3969820
365523454,8,580986
365525064,159,11591703
365525083,62,2983107
365526190,45,20929330
365526260,19,6719684
365526441,8,928057
365526700,5,196244
365526768,15,953478
365527043,7,362118
365527316,16,4920225
365527541,13,2839973
365527575,39,13020817
365528339,15,3326911
365529394,17,5862778
365529576,22,12598132
365530695,12,2216535
365531764,95,45704427
365531971,11,5127753
365532880,56,24336450
365533334,19,1043992
365534514,4,605556
365534798,5,2212484
365535320,14,3937264
365535847,35,13906799
365535903,15,5250261
365536793,18,1374734
365537422,22,3604667
365537485,13,3429459
365537688,16,1513608
365537856,25,8523164
365538833,22,7439468
365539946,51,16885071
365539971,27,7007751
365541285,4,1019737
365541419,14,4670949
365542411,14,11766163
365542632,12,1353921
365542895,12,10888217
365543420,44,29729474
365543576,47,20738691
365544152,13,5532482
365544915,16,5808135
365545067,9,2458237
365545183,12,1189789
365545643,17,899802
365546633,5,3005135
365546931,119,54275173
365547026,55,33484516
365547106,15,3156386
365547906,19,9637462
365550108,33,16413801
365550735,13,860691
365551327,17,5580252
365552194,13,3476334
365553021,5,1040925
365554456,29,2686541
365556051,9,4204248
365556116,3,2727040
365556228,7,1940654
365557751,17,832318
365558378,10,503787
365562150,7,2419103
365564723,20,699180
365565122,12,3343471
365566392,14,2497826
365570159,8,1950746
365570926,31,10232700
365571043,25,2131519
365572367,14,2735225
365573045,8,862676
365577241,27,2677008
365580352,13,2524936
365582649,29,1568653
365583340,19,5365344
365586047,18,769736
365590794,35,2572108
365594366,10,5102265
365596167,15,2447508
365596917,14,5406165
365597840,22,8146610
365598038,22,2460513
365598346,37,15033568
365600914,6,608945
365600980,21,670152
365604484,18,5817170
365605256,13,3947176
365606069,19,2512904
365607233,41,16566296
365607370,17,611554
365607543,16,1966010
365607752,19,8237620
365608594,17,1104055
365610890,17,4720051
365611405,92,44585631
365611442,5,315164
365611455,53,25415274
365611515,28,5932994
365612758,9,3148289
365613597,177,89165073
365614902,19,9089810
365615083,13,5851166
365615199,20,2773399
365615684,27,5092018
365615939,44,3921729
365616533,9,1527567
365617325,14,4036682
365618370,16,5300191
365618459,26,10944602
365618466,21,12377980
365619233,15,1607210
365619618,13,1524694
365619698,81,30712984
365620680,9,2103873
365620711,14,832316
365621187,23,1797024
365621396,16,4929469
365621771,32,4660638
365622400,9,254888
365622888,15,3533830
365623432,36,13067767
365626457,4,1084783
365626917,18,2570334
365629812,8,5168539
365630104,52,4008237
365632050,35,2161520
365632088,6,1680694
365632925,22,641592
365633493,12,2995133
365634393,7,527146
365634659,23,7258581
365634921,70,9609480
365639441,23,7190347
365639944,18,6874389
365641172,4,24564
365641673,9,2857959
365646752,35,1694188
365647435,14,1465864
365650246,10,1910030
365652737,9,706889
365656473,41,2558052
365656840,38,1489045
365658580,11,2524001
365659338,13,1847854
365659682,3,244536
365660865,9,248821
365661105,47,14173247
365661982,11,573388
365664930,57,20451107
365665134,20,599451
365665739,39,3638477
365665864,14,2513561
365668780,47,3448731
365673597,8,202636
365673648,9,267322
365675159,16,5455596
365675237,11,3037908
365675469,9,2166915
365676093,5,156667
365677686,15,1037773
365681834,20,7838937
365682452,8,269049
365684343,15,4464931
365688383,11,2615309
365688753,8,628234
365689223,11,519888
365694697,6,339680
365699220,15,1756100
365701838,9,481532
365703460,4,249737
365705725,10,489475
365711130,20,1604464
365713012,10,747388
365716852,18,6443779
365724648,32,9099056
365772267,29,1072815
365776327,28,8521847
365788038,18,1400447
365801114,9,1196137
365807147,25,1773966
365821310,11,583849
365824081,11,759442
365828357,4,247361
365829872,9,1203969
365839585,20,1098235
365839934,41,2000026
365845704,8,660413
365846697,26,1161255
365849584,21,1299794
365851784,216,103778682
365852506,11,2455423
365852771,34,10490209
365858578,18,4071224
365861875,6,1513905
365862196,38,3061239
365865345,9,1719868
365866751,9,313131
365867420,12,62926
365870954,10,1385430
365871864,8,179591
365872276,4,1158472
365873331,6,1629358
365873368,14,3989964
365874716,29,1609178
365875386,8,357436
365876256,32,1783273
365876512,23,6288444
365878096,11,5266711
365883801,7,430300
365890070,10,397057
365890410,5,204004
365890722,11,534546
365890755,15,476070
365890785,12,467737
365891996,34,1536607
365893765,7,29776
365894433,7,222626
365894611,7,381774
365895712,28,9768072
365897187,16,711673
365897201,8,427953
365897460,17,300189
365897778,11,4778108
365898171,5,278522
365901759,12,667368
365903242,7,704851
365904391,11,222847
365906743,30,12045029
365908727,15,4144995
365908843,15,3521939
365908948,11,67602
365909043,4,328778
365909271,65,26968867
365912190,73,6422038
365912358,3,170956
365912720,28,296331
365913699,13,5371623
365914247,46,19407989
365914714,44,11336608
365915198,46,3358984
365915744,21,7725618
365915765,9,616363
365918043,25,7090205
365919086,37,13277181
365921993,42,13366496
365922034,35,19884580
365922717,15,934223
365924590,38,8223139
365924735,4,615570
365925333,137,50268275
365927523,14,2733635
365929088,27,9303841
365930156,12,2047938
365931408,9,2766419
365932271,15,1927356
365934649,14,456447
365934651,6,142518
365934915,5,1987826
365935014,6,975737
365936703,14,3334773
365939878,8,584226
365940445,12,389886
365942093,43,5402999
365942401,105,15392402
365953880,23,2322181
365956960,53,8688917
365957208,20,3300366
365962472,8,248738
365963571,5,234381
365964186,13,1147977
365967897,22,871064
365971032,13,492913
365974093,62,2396426
365974819,12,413737
365975783,34,3516154
365976705,8,543062
365976754,122,55547910
365981153,12,7265290
365981375,19,1711489
365983954,11,4260815
365984603,135,53518240
365985430,11,4424629
365986273,10,4878090
365987428,7,297460
365990486,28,4670849
365991983,15,3729637
365992268,16,4472576
365992866,13,2643497
365994659,130,51795925
365997008,20,4479227
365998114,22,16151606
366000133,19,4891470
366000946,9,1938084
366001740,29,12753497
366002649,12,3104981
366003410,10,1751690
366003995,6,2666076
366004009,14,10521636
366005889,18,7683692
366006289,10,4342726
366008590,25,5131487
366010053,52,3520211
366011969,9,2077385
366012349,17,6538987
366013351,9,3916491
366013674,44,6485698
366014626,13,376285
366014805,25,1823316
366014993,28,1039181
366015705,18,9284658
366016618,10,740218
366017391,18,5667424
366021313,23,1239337
366023896,9,1323635
366026332,26,7137317
366029398,10,1530412
366029997,15,823560
366030170,88,42278216
366033135,7,768455
366033654,14,5856701
366039173,19,1148582
366040210,13,3635113
366041071,40,1850914
366041727,85,37189689
366042680,46,22098862
366042710,32,14565200
366045674,21,1673276
366046179,31,9413547
366047596,8,1402055
366048045,10,2429449
366049530,15,2437131
366050116,760,243891524
366051278,13,1271522
366051423,25,2916074
366051563,133,53722742
366053275,19,7767739
366053319,53,30063992
366053779,9,2029371
366054060,4,868504
366055893,15,4250245
366057980,13,1780739
366058270,14,1432299
366058375,18,1831871
366059246,39,25387604
366060430,15,1263228
366060607,8,435044
366060979,13,3949023
366061393,13,1056727
366061749,15,3639133
366062177,50,26897012
366062326,16,1611408
366063049,61,17499210
366063173,31,4984900
366064263,23,1602300
366064342,23,2316115
366064674,17,3843340
366064746,22,3624414
366064948,19,2953882
366065068,20,5794088
366065083,4,753670
366066663,5,844360
366066900,16,4838538
366066988,50,22296340
366067040,11,1424546
366067662,134,73425972
366068345,10,1295748
366068541,12,215672
366069400,173,76293506
366069439,19,1025143
366069837,9,2531306
366071210,11,2338099
366071279,20,4663585
366071501,20,13169266
366071524,55,24616333
366071580,19,1206663
366071931,50,20498993
366072604,15,1022722
366072939,10,4619916
366073173,11,2712852
366073410,97,34379808
366074533,10,1212157
366075652,23,2093320
366076394,6,621406
366077776,26,13458726
366077789,51,22061479
366078018,13,3421078
366078147,59,18247810
366079304,26,10439935
366079536,10,3794765
366079831,13,2905674
366079947,21,3416940
366080509,4,3314080
366081155,24,9695043
366081955,19,5738562
366082748,84,31234853
366083613,14,5960859
366084261,42,918361
366085642,10,2199611
366086198,11,3258197
366088182,22,3483453
366088308,15,1567914
366089375,17,2886359
366091604,24,2528657
366093585,12,6260300
366093830,28,1196261
366094639,10,466028
366096360,17,882273
366097267,10,611052
366100875,70,2921206
366101293,20,1316707
366101946,11,3196812
366105549,23,4044703
366106099,22,9150720
366106576,15,754514
366106929,14,716126
366106992,15,2280492
366113657,10,356180
366114342,22,1608151
366114915,21,1596175
366117186,133,8855194
366118165,14,2785836
366121091,33,2244357
366122344,70,34593339
366123739,13,3690507
366124066,3,308145
366125120,18,5587917
366125195,20,1118952
366127818,56,25138116
366128159,13,1126742
366129144,32,11077536
366130948,19,1485988
366131633,29,1821578
366132860,8,2046124
366134304,13,1538089
366134719,12,648526
366135070,20,9942476
366135538,16,7319917
366137453,33,1065717
366138283,13,16395143
366139099,14,1017356
366141924,20,2056714
366142356,11,2774263
366143445,10,707934
366145647,15,4939802
366146488,6,758748
366147995,22,3668068
366148346,13,2970941
366149872,16,1065248
366150399,57,5203083
366151691,17,5158650
366151817,14,2835126
366152178,6,464908
366153477,29,16906470
366155477,20,4342392
366156060,16,2822121
366156967,6,1059204
366161491,21,9175979
366161644,9,2721909
366162507,9,3454548
366164595,38,1265124
366165218,21,8006282
366166979,16,3105426
366167571,16,4771973
366168791,15,1466424
366169617,14,634825
366170497,16,3827433
366171016,11,1480683
366171106,11,782425
366171200,4,1094508
366173052,6,1868744
366175361,17,2317393
366175479,7,1866830
366175492,37,3596604
366179147,13,1557610
366180984,17,1602744
366183601,12,821286
366184381,14,849521
366187527,23,3268521
366187762,4,20132
366187872,15,434220
366190866,12,920143
366191229,21,2910717
366191626,19,5610349
366193498,31,1735699
366194244,36,18174478
366196272,13,373725
366197328,21,3012425
366199123,16,8119474
366199638,25,1468594
366200672,35,2070706
366201599,16,1061388
366203145,13,6476130
366203723,25,15412319
366206050,17,741235
366206310,65,29181637
366206818,10,346387
366207775,17,8016249
366213080,11,682908
366213145,13,1022429
366213227,10,3272685
366215217,18,5248363
366216364,14,668510
366223161,15,2928468
366225841,18,8925045
366226772,21,3105907
366229356,20,2202606
366232276,11,951190
366232347,25,2091046
366233229,20,4193306
366241947,21,21864384
366243894,9,882530
366250103,10,667492
366250981,9,459296
366252569,5,9129836
366253242,42,3474192
366254007,13,10901436
366256510,8,593131
366256518,3,185501
366294872,12,693685
366298390,6,1270799
366306711,6,479639
366339139,5,279786
366339253,12,465290
366341166,4,158421
366341211,20,1194298
366344514,22,1688964
366347575,32,2456439
366347663,11,552841
366348011,9,367111
366348525,13,3078090
366349714,100,3257472
366359430,6,174366
366376927,10,411049
366381167,12,699708
366396117,14,1122053
366396241,17,810123
366396774,6,212208
366398938,47,2967486
366400963,65,3763332
366402129,13,1691359
366402182,26,1924566
366405196,40,21419002
366407132,16,2788375
366410597,151,11987502
366412431,12,694794
366415121,13,2695934
366416103,79,4642342
366419933,22,16584989
366423340,18,1846783
366424636,6,145602
366427422,36,2783780
366428983,26,1546423
366429748,25,1670937
366430098,24,5529153
366433564,5,284837
366434812,21,5042348
366435162,10,413127
366435182,7,199104
366436121,9,31235
366436228,9,197912
366437584,61,27368435
366437819,12,378885
366438582,41,13394049
366439245,24,1239547
366441543,17,2463887
366441703,13,3359924
366444898,47,21193327
366445199,4,752633
366446510,16,1261395
366448301,10,3354819
366448640,3,735164
366450516,12,2401345
366451661,4,1221834
366453032,14,912371
366454507,14,6048760
366457187,47,22956112
366457346,3,338215
366457735,26,1921394
366458670,15,4599964
366459353,176,5005817
366459717,11,3509408
366460437,17,6356671
366460669,25,2728204
366460714,30,2634889
366460775,5,316718
366461950,30,9215265
366464139,9,1883243
366464547,7,2124744
366464616,12,5331967
366465675,18,785532
366465861,16,2918049
366466560,14,1805312
366467045,21,1132845
366469176,49,1977890
366469224,11,1295103
366470845,13,1247855
366471565,183,21875926
366472242,19,1448242
366477886,17,4139458
366480380,10,393528
366483242,18,808406
366484168,18,1044080
366488100,16,875926
366490470,12,590365
366492106,14,708739
366492809,7,360513
366493256,11,308866
366497055,101,31035840
366500158,18,511464
366501051,4,97872
366504340,14,9777471
366504475,48,11136579
366504748,22,844485
366505190,3,218780
366508627,15,6800684
366508739,21,1517123
366509097,20,3701118
366509199,30,1946515
366509651,8,2612539
366510267,26,6589021
366511690,22,4029070
366512565,82,28903429
366512785,241,125789957
366515215,5,4420662
366515776,16,7019262
366516923,15,1774400
366518170,20,9000191
366521669,17,2368465
366522901,19,4695013
366523373,21,7529082
366523461,4,4892159
366523852,19,1558066
366524355,3,134387
366525061,10,504607
366525767,26,10838561
366526492,67,28503665
366526990,15,3213454
366527489,23,8385535
366528483,8,530554
366529007,58,1849081
366529393,123,45574360
366530406,34,17945124
366530598,13,6616762
366531074,11,1561176
366531080,14,2243083
366532378,16,7241861
366533224,7,295776
366533412,12,3274602
366539367,28,3136378
366539485,50,21931012
366540998,6,227788
366542728,10,171320
366542989,17,3435616
366543065,16,1900898
366544051,16,5598344
366544366,17,777002
366544709,13,1098990
366546817,10,2607294
366547087,22,716130
366547173,6,694326
366547398,13,858616
366547552,10,970110
366549694,11,625920
366554339,138,6011486
366555044,26,2189065
366555895,29,8197966
366557394,13,1562920
366558280,16,1376969
366563224,8,485336
366566859,14,1487867
366570100,12,2942661
366572786,15,2101122
366573104,38,2010806
366576097,5,1135773
366576308,72,6964301
366577034,31,1335566
366577345,12,2751833
366581747,21,9215821
366582874,27,5165244
366583580,21,8163604
366587771,9,937870
366588912,45,19638430
366588944,15,1756527
366590154,18,673243
366590477,17,6779480
366591031,11,741814
366592427,15,5104895
366593139,18,2096429
366594779,9,243723
366595357,25,9433483
366595952,16,4313402
366597048,57,4337798
366597529,16,8155152
366598748,5,1076287
366599005,19,1404755
366599074,48,19992695
366599245,28,1520856
366600232,10,3287527
366600642,16,3678128
366601175,8,2378026
366601871,13,4621089
366603812,41,635619
366604453,8,3044961
366605637,11,670874
366608728,108,12972918
366610516,15,5997291
366613328,10,1312389
366616677,24,1017591
366616928,23,1566296
366617089,9,375236
366617673,6,1421269
366618126,27,4194938
366620167,17,1601969
366620959,52,2933550
366622199,10,3184970
366622463,16,1175189
366623046,8,360352
366623054,17,1039280
366628472,38,4026730
366628594,21,9780544
366629866,26,876187
366633280,14,258628
366634035,40,2989882
366634471,48,20495242
366635803,24,1307124
366639097,33,2218227
366639361,27,2301926
366641477,13,403593
366644235,12,906196
366645625,10,5819043
366646397,72,26396037
366647329,16,6455533
366647377,12,4455427
366648033,23,894486
366648561,32,10369627
366649182,55,11869540
366649295,15,1598138
366650365,27,9553248
366650509,7,1565341
366652642,30,961423
366653835,62,23617146
366654528,11,1833024
366654546,25,5000818
366654804,14,4486075
366654866,21,1776414
366655220,201,58937899
366655473,33,10730999
366656074,21,4111422
366657107,21,6589296
366657207,43,24266716
366658677,3,28672
366659985,9,2223835
366660302,15,688571
366660980,26,9989193
366662182,75,37127647
366662651,4,567770
366662991,27,11143330
366663835,16,10297268
366663987,3,1158376
366664321,26,6758957
366664343,12,3675240
366664496,67,25189615
366664883,22,5517783
366664942,21,430788
366665365,15,4034643
366665412,20,7351923
366666032,21,9692604
366666440,9,1522726
366666823,28,14261921
366667294,12,3784127
366667800,10,1144254
366668115,337,129414129
366669012,19,7172455
366669216,26,1395746
366669356,31,9025681
366669732,40,15880444
366669840,72,39470394
366670019,16,5454120
366671609,59,16678449
366671753,13,3893627
366672416,9,2104087
366672514,107,64505394
366673806,9,2258025
366673834,10,1203346
366674776,13,5071434
366675368,83,40072562
366675441,11,3942771
366675638,54,20880162
366675855,8,583565
366676368,15,1948946
366676647,19,5761366
366677091,47,1891045
366677112,12,3760064
366677133,19,10589797
366677762,17,9276434
366678253,32,1166558
366678603,20,7731656
366678669,96,42257337
366678797,16,5889585
366679055,33,8359853
366679185,13,3301393
366679304,19,5423663
366680327,11,5210973
366680506,11,1921583
366680911,19,7934573
366681329,22,9348981
366681816,11,5406249
366681975,20,4788239
366682160,11,2708372
366682318,14,5205980
366682759,4,1263726
366683787,26,4726431
366684819,10,1368630
366684856,6,3492106
366684990,9,1339659
366686886,117,66548111
366687038,480,49635661
366687913,12,9278816
366688151,6,220268
366688534,15,3250106
366689185,7,748890
366691492,12,1979470
366692564,11,5427544
366692920,3,67451
366695655,8,599818
366697163,34,2187592
366697259,17,3212212
366700288,49,1662247
366700737,13,1465952
366702388,7,330583
366705896,15,551672
366706033,28,1377740
366706093,23,2620952
366706343,27,2035815
366709798,3,81314
366712341,19,5814346
366713682,7,680318
366716129,30,1423248
366717127,9,556194
366717296,8,721063
366717964,13,544446
366718885,13,9831146
366720231,19,2323939
366724480,5,304032
366725439,14,857942
366731002,13,6245124
366737186,41,13203034
366739201,31,23916823
366739542,18,11040596
366740437,13,6377738
366740442,185,82036655
366740955,11,671855
366742223,18,3250996
366742337,32,18852546
366743639,24,7998551
366744626,5,1330747
366745376,16,6283909
366746593,9,695608
366746623,12,726853
366749338,123,56739702
366749688,7,1687023
366751815,43,18733335
366752086,21,8619056
366752280,8,480371
366752493,14,5840482
366752760,26,8869340
366753024,37,2512679
366753250,10,2120253
366753381,19,5362925
366753840,27,2346993
366754035,20,18434768
366755409,15,1260321
366756119,8,2319194
366757710,22,5090337
366758221,18,3855061
366758353,20,10315559
366759196,15,8145288
366759527,4,133877
366759897,4,1093646
366760537,19,5830710
366762445,9,3051010
366763241,17,957199
366763282,6,1454706
366763819,16,4638857
366765051,18,375200
366765751,490,57044010
366767244,13,2073311
366767389,3,753273
366771308,22,6780820
366774662,28,2614505
366775644,29,2364849
366775956,47,2181569
366777013,13,5720225
366777725,11,3226553
366779061,44,3710579
366779616,10,491003
366782150,13,3315013
366783557,17,1243994
366784127,35,3880893
366788701,20,5168414
366791127,58,2290693
366792753,4,133162
366792835,13,833710
366793472,19,9504725
366794428,21,1718287
366794551,5,183532
366797030,22,1949047
366800550,23,8005214
366802092,20,1101104
366802739,84,10844317
366803892,31,2031442
366804666,21,1991643
366804785,18,4249263
366808215,100,41237372
366809705,23,8768511
366810078,15,1465601
366810924,36,1895944
366815250,5,194195
366815453,15,5565449
366818755,12,2176243
366819656,64,24377942
366819806,15,687412
366819812,8,331128
366820762,52,24000368
366820842,12,3768884
366822351,13,4642443
366823240,22,4088893
366823549,24,2074725
366823768,54,4758707
366824562,6,1282795
366826552,12,4086696
366829790,17,969899
366831001,32,16097319
366831436,16,1081277
366831559,12,3572109
366833625,7,2011790
366835548,14,2384426
366835900,6,165210
366836074,10,353412
366837425,9,281933
366839259,41,4292610
366840287,8,1109023
366843782,16,5730161
366861030,24,11606038
366862234,5,836835
366864169,13,2733338
366866150,19,2188771
366873824,13,1179721
366874854,21,1177380
366877609,15,5340327
366879901,5,255447
366894487,13,3330625
366911924,18,1803935
366917286,9,969593
366931705,7,246611
366937733,16,554903
366945227,7,337892
366945271,10,470765
366949032,12,1336071
366957488,13,914939
366960345,8,556073
366961374,14,773219
366965955,3,85401
366973714,18,12205531
366979231,4,578427
366980328,13,14095993
366981576,19,3497787
366983869,10,878187
366986540,80,2884438
366988853,154,11979324
366989043,14,3382663
366992082,16,1129650
367001909,28,9595355
367003996,11,1639855
367009923,28,11562764
367015250,15,5209559
367015708,8,310046
367016525,4,833433
367018849,17,2809946
367019151,9,6973085
367019521,8,291055
367021123,12,538326
367024105,12,731083
367025796,6,326790
367026337,9,225402
367028690,29,14383524
367031192,3,1490898
367031423,10,3546475
367034732,100,50102771
367041187,48,23013995
367041304,12,687982
367043231,17,1599708
367044536,7,554017
367046289,12,506219
367046960,108,52109093
367049566,15,454689
367049595,13,871172
367050336,16,3893479
367050623,14,40368535
367050699,32,13169474
367055673,13,744334
367055784,4,280541
367057013,50,6365914
367057108,30,2257424
367058243,23,2483862
367058442,3,1392643
367058537,10,1023790
367060410,8,143306
367062927,11,2219221
367063673,14,3264537
367064738,8,821033
367066837,16,923783
367069767,37,3056438
367070734,14,2350253
367070790,13,3555717
367071375,9,434665
367071770,9,502185
367073606,7,226519
367075901,20,1701611
367076159,13,3505440
367077527,7,187630
367077789,4,697311
367080198,8,323033
367080686,14,851130
367080913,9,1365481
367082960,12,3138621
367083370,29,2349796
367084431,8,1399504
367085023,30,2312755
367092697,73,1448655
367097017,19,1208470
367097672,7,1546662
367097807,11,923689
367099276,26,1457688
367099879,4,864213
367100272,22,1401649
367100322,13,4230344
367101544,4,106066
367102053,9,9805073
367102115,4,5268533
367102758,5,1386976
367103465,30,14269338
367105627,17,5518915
367106437,74,31516152
367106988,21,8756479
367107751,35,14616134
367108046,3,3427222
367111366,9,2169575
367113104,69,22443987
367113409,165,91855152
367113855,15,4719350
367114814,147,91331945
367115248,3,1089900
367115576,8,209393
367116126,19,1917245
367116939,9,2010076
367117159,12,4318102
367118966,84,7839139
367119622,11,2871039
367125028,105,36073322
367129257,8,728991
367129294,69,29594598
367130653,16,1242395
367131017,9,929387
367132549,17,4036182
367132595,115,7861975
367135828,12,4997846
367137008,28,3322039
367138340,19,7532567
367139343,25,13039798
367141893,25,3528154
367143733,4,931903
367144290,42,2942661
367151781,31,2163666
367151809,16,1481856
367154873,28,6053839
367155701,7,209559
367157669,9,493552
367159762,34,19566789
367160564,11,1116104
367162030,77,11481110
367163984,14,878641
367164717,4,2262189
367167091,16,939846
367168685,44,2237824
367175990,15,660806
367176418,122,13932376
367178677,4,290345
367178797,46,9708251
367179829,62,3816789
367180004,23,6815779
367184127,49,23654291
367188047,6,199505
367189601,76,32985178
367192380,15,1311658
367192737,59,15467512
367198708,12,281544
367199248,15,5445729
367200133,96,37192909
367203056,6,2322377
367203908,57,4339896
367204125,96,39228315
367204276,18,1499892
367204867,33,2325058
367205630,25,9065410
367208165,16,6320564
367208466,12,603359
367209774,35,2511255
367211418,11,15184637
367211558,38,12827303
367212578,20,4765677
367214563,5,787562
367215853,14,9837066
367218939,14,6780586
367219041,15,7557485
367219719,13,3893776
367221057,10,3453532
367223812,15,1594711
367225395,19,8903062
367225948,11,4013883
367227088,14,1475556
367227192,11,511547
367228193,22,774016
367228779,14,1155124
367230274,18,2154577
367231700,9,837480
367238050,32,1672229
367238123,8,525583
367248151,19,528039
367249421,11,463578
367249787,17,889632
367249950,9,410370
367250871,35,2276203
367253931,10,2035472
367254671,5,189786
367257736,11,1259620
367259173,13,1902505
367259407,27,2911726
367260954,3,1459607
367261856,20,1206557
367263754,15,764831
367266091,33,744205
367267503,48,15255226
367267739,7,2720168
367267806,22,1093424
367270090,147,59777526
367271374,14,1646523
367272290,33,7127888
367274202,5,125700
367274323,10,3315730
367274461,5,177176
367275268,13,956300
367275572,4,1160998
367276045,13,4047410
367277043,24,5312338
367278271,26,14323251
367278351,12,668124
367278663,8,1537595
367278793,19,2737074
367278795,45,21080574
367279231,51,16828007
367279373,17,6936287
367280055,18,5852848
367280733,14,3995117
367281490,42,20046667
367281533,27,13484881
367281900,305,103691919
367282906,15,3874142
367283096,10,2873677
367284404,16,1037393
367286297,80,36766418
367286800,11,4201249
367286930,20,973800
367287115,16,8150074
367287134,5,1649225
367287274,16,809394
367287794,12,3025493
367288188,3,762175
367288200,104,40014115
367289063,99,60407893
367289152,62,24888370
367289189,26,12531026
367289730,11,6713527
367290374,19,283433
367290544,33,14017977
367290570,91,29428110
367290622,42,22976388
367291227,25,6977047
367292204,26,8996465
367292532,39,11499940
367292566,14,3606384
367293740,60,4718376
367293754,14,4751223
367297291,18,3916516
367297462,20,3570510
367297909,16,6151339
367298225,112,64271453
367298661,23,4346623
367299303,21,7044212
367300067,28,15127061
367300707,26,7897466
367300818,10,466214
367301162,11,1216442
367302474,17,8804831
367302506,29,12571322
367303224,13,3013887
367303556,56,3865404
367303875,27,11206868
367304193,25,12929104
367304278,108,49948135
367304419,82,32788947
367305074,48,27101482
367305693,21,6097202
367306282,15,3647183
367306681,11,3753007
367308118,18,12748646
367308257,15,1394704
367309526,11,1642720
367309754,84,30129843
367312432,16,709857
367313462,11,886198
367313885,8,2089818
367313897,12,288220
367314632,15,1158370
367315320,15,5069391
367315588,17,1719930
367315706,18,5410177
367316670,51,18091473
367316881,20,2942686
367317357,11,529935
367318301,42,1878659
367318554,125,57574251
367318655,13,5133664
367319148,5,174424
367319612,14,439208
367319701,122,51066753
367320578,17,998285
367320884,15,1272297
367321626,16,1732129
367321652,15,6669812
367321714,27,640580
367322155,14,2313330
367322723,71,13456703
367324525,15,846705
367324549,3,60864
367326206,9,916316
367327688,10,1242596
367330942,31,2045867
367330999,7,377363
367335026,21,2067468
367335385,55,2829415
367336554,32,2287077
367337330,21,3107707
367338895,18,784885
367341808,28,1988568
367342773,6,195977
367343218,5,1279509
367343911,24,2946219
367343984,8,561342
367344749,7,401837
367344862,5,1412402
367348148,23,1920321
367348671,17,382293
367348948,7,826688
367349130,18,1197095
367349151,3,271469
367349220,9,718925
367350003,11,788231
367350162,23,1060823
367350831,24,4156021
367351445,12,3558597
367352318,27,1043994
367352887,15,1316182
367355091,23,2452622
367355424,19,1408656
367356677,10,1068266
367356925,49,20922718
367357258,30,17596586
367358032,6,368932
367358085,29,9012897
367358646,23,6339186
367359663,9,721815
367360245,11,1886327
367362469,19,1285069
367362565,19,2671345
367362658,37,8798387
367362694,11,7969079
367362917,59,22301829
367363599,30,1689621
367363683,56,4511890
367364594,17,1720097
367365736,3,473264
367366820,22,2695035
367367667,4,1356848
367369434,14,4556315
367370430,9,1738491
367372220,7,3811772
367373377,7,2463476
367374638,9,2670366
367376081,4,808001
367376365,15,6348071
367376802,81,28853569
367376896,34,10881318
367377384,21,5713210
367378125,184,82442373
367379202,9,1070314
367380353,35,894747
367380696,10,2038338
367382200,9,573329
367382547,63,26377530
367382744,32,4900630
367383410,16,815841
367384825,5,826348
367385246,17,7920814
367385276,20,5428465
367385361,9,5240436
367385967,27,6960019
367386633,49,3147454
367386904,11,3594662
367387358,8,2233491
367388171,15,9211454
367389199,17,4355236
367390087,23,10662946
367390278,12,5001439
367391426,13,2245309
367392472,20,1032306
367392604,30,15730342
367392615,23,12514730
367392864,13,3563380
367397335,16,8484168
367398023,7,418784
367399227,30,2652522
367399737,6,2815370
367402922,6,703308
367403087,20,1742335
367404005,14,1114684
367404213,10,341668
367406718,10,876276
367406783,23,2311222
367407960,39,4097834
367408799,15,894666
367412060,56,8391205
367412438,11,1241788
367412512,18,5856948
367415195,9,681436
367415470,7,1153464
367416743,18,2560009
367417094,22,1009298
367419502,50,3956376
367420003,13,1247176
367420470,3,230771
367423088,21,378877
367424226,20,1934403
367426562,61,4548489
367426830,7,763031
367428083,6,947316
367431648,14,1592562
367434096,9,390593
367434376,23,3122506
367434462,7,2840790
367435502,42,10853000
367436339,9,742514
367437786,24,1796553
367438500,38,2027405
367439213,9,1037206
367441599,32,8054033
367445882,6,924246
367446891,34,2346951
367449146,19,725981
367450281,47,13753205
367450790,7,436187
367452529,32,2715919
367452569,25,1473811
367455049,19,6215020
367459515,29,3763301
367460813,22,2709490
367462317,21,1862957
367470819,20,2393567
367477741,18,1115758
367478427,4,115704
367478738,5,227172
367479721,34,1608220
367482860,7,1602872
367486080,15,793996
367491045,10,713841
367500002,7,1197383
367531303,9,859841
367557143,13,892354
367574119,13,970797
367578173,9,486870
367579114,85,5715157
367603223,39,1789132
367606600,20,1165621
367608661,27,14737834
367608981,14,2802815
367614360,16,900397
367616186,10,460745
367618553,11,706603
367620691,15,1201264
367628958,25,1964793
367632401,13,990770
367632930,6,894731
367635398,12,227155
367635508,23,1288381
367635906,9,492247
367636473,53,20588847
367636555,11,727852
367639094,225,98062315
367648287,21,8891197
367649909,9,792845
367650303,128,57428166
367652024,7,157876
367654686,5,241107
367654876,15,3159989
367654898,116,6976850
367658379,43,14881523
367658557,16,6127093
367660457,17,3469879
367661097,3,1040252
367664230,42,754284
367666428,65,4042329
367668144,40,4743144
367668582,12,515431
367671853,14,940250
367675986,10,344901
367678401,57,2704531
367680952,14,731351
367682409,32,194877
367689512,7,134213
367690719,24,1220670
367691040,5,264762
367691562,14,4116466
367691577,25,17516285
367691715,15,6240913
367695221,82,33534460
367696358,16,914627
367699226,197,80614705
367701417,13,6269092
367703628,13,2481702
367705900,9,5227592
367706407,9,53976
367706966,25,14268846
367707271,9,5056614
367709558,42,1646008
367711417,12,2658651
367714889,14,8538289
367716007,9,2404581
367716639,4,1126793
367717150,12,4938180
367717831,47,3151550
367721069,38,3417360
367721442,120,4605864
367721634,90,6413962
367721963,23,5012731
367725007,10,1095971
367727104,5,630962
367731148,9,265209
367731647,18,6660963
367732148,206,20526724
367738392,4,124956
367739998,15,8142852
367740773,28,1906727
367743221,11,1333084
367745954,19,6086133
367746896,13,1211361
367750708,32,3489420
367750812,34,2000534
367756197,32,1327199
367757577,5,107166
367758156,10,636874
367758710,16,2242444
367761433,24,2237907
367762523,9,1692951
367763251,6,465347
367763833,16,5606364
367764249,42,15041449
367764731,7,323935
367765922,32,2750087
367766119,29,1772001
367766735,11,6407647
367769266,15,8981264
367770215,14,485552
367771793,34,717733
367772196,67,17988011
367772374,16,934805
367774335,56,27124745
367774936,15,5332989
367776102,30,1603514
367776707,10,3357471
367776784,16,8760541
367777164,6,1489550
367777470,21,7696714
367779743,9,3459346
367779993,21,1146619
367780274,196,15679526
367781084,13,3977513
367782950,9,504348
367783493,36,11836358
367784128,13,573752
367784599,20,8266976
367784912,13,3944022
367787629,32,10841556
367787660,14,3466353
367788131,41,19388337
367788564,12,1131924
367789528,5,482128
367790157,11,2314684
367790611,47,3814539
367791792,31,1441137
367792647,7,3593755
367793388,15,5946304
367793558,10,4352018
367795043,9,2095467
367795945,12,3289138
367797744,9,5280046
367798142,13,2500066
367801389,13,4567255
367801433,10,340294
367801576,10,676434
367802931,109,12620540
367803056,27,2723826
367803887,34,1528971
367804980,27,3865483
367807022,17,9644242
367811536,11,3447047
367811584,20,1710027
367812490,10,407220
367813036,15,724502
367818903,33,2140873
367820778,11,922257
367826768,10,1150566
367829744,7,1711258
367830229,12,1608762
367833256,26,8988302
367833803,235,88625329
367834482,36,6441399
367835481,48,20914217
367836611,32,19770286
367838196,43,4263773
367840232,136,47904592
367840517,14,5230544
367841646,10,3268185
367842035,7,2104229
367842420,13,941456
367842561,30,16365639
367843671,26,11067047
367843959,3,441700
367844707,15,4637213
367844901,5,2472271
367845593,12,3177818
367846384,6,922191
367846566,144,60065209
367846643,133,46163619
367847369,66,17778241
367847617,12,2756715
367850272,18,6383952
367850541,10,620178
367851415,18,1610376
367851856,17,5845239
367851869,3,606750
367852222,47,21272109
367852530,13,5068064
367852814,13,2663584
367852854,8,2637528
367853683,60,5679637
367853966,11,972733
367854637,58,19438402
367854835,10,2186189
367854900,28,6023003
367855796,9,502573
367856109,45,16359134
367856586,15,823137
367857057,18,10553693
367857309,47,17460220
367859746,46,24297658
367859783,16,1439831
367859926,15,1256890
367860099,15,991893
367860142,14,6604035
367860394,20,1433819
367860982,16,5899263
367861176,14,7001419
367861408,23,6588740
367861468,17,1041917
367863372,17,4021357
367863560,90,38146642
367863808,45,16348061
367864746,36,12584847
367866051,56,19997221
367866307,10,3286421
367866966,16,7525338
367867823,12,4207938
367867980,13,4430777
367868735,116,47441293
367869217,17,3696042
367870046,38,28082709
367870111,40,12917502
367870158,21,5428008
367870173,36,9476557
367872453,72,24720011
367872483,13,4955349
367873390,17,2912987
367873623,28,369045
367874087,12,3768658
367874130,18,8481238
367874975,37,14632823
367875986,72,7018611
367876705,44,2904515
367877998,21,8170449
367878483,14,4179166
367880466,12,687872
367881144,24,8865095
367882798,25,11208257
367882803,12,1419588
367883151,43,22310095
367883574,28,14929045
367883728,5,319416
367889436,13,1114664
367889591,6,264245
367890660,87,29732213
367891119,84,6877421
367891414,23,824474
367894199,12,56110
367896278,52,19359216
367896683,12,634002
367899929,206,17297812
367900106,45,3408127
367900297,11,345142
367900336,17,3621323
367901577,43,1207029
367902661,18,2851491
367903836,26,6321859
367905120,30,1305370
367910575,17,24545305
367912171,18,1163498
367913649,9,404902
367915625,6,283876
367917944,24,2217219
367920005,54,19586859
367921618,13,1067980
367921870,316,129289516
367922117,5,152368
367924481,7,745336
367926472,104,37958600
367927180,16,4389565
367927216,29,1384274
367928313,43,27036520
367928385,24,1911401
367928673,44,13358841
367930858,5,1248066
367931490,11,729294
367931721,14,3419842
367933900,48,18866602
367934048,39,1317140
367934327,8,917050
367934857,7,2317152
367934978,24,1239354
367935700,43,12195932
367936669,9,1469232
367938504,33,1504142
367938982,15,3468919
367940636,16,8871557
367940651,8,1502451
367940891,31,3940841
367941109,6,620621
367941571,30,2319408
367942950,22,7252765
367943397,12,2496134
367945031,20,5931021
367945101,11,3057790
367946226,30,1031460
367946423,33,9346374
367947304,19,7246371
367947905,33,11257471
367949585,5,2023865
367949927,17,3983634
367950057,16,1760940
367950690,25,2527842
367951263,15,679926
367952246,36,22010548
367952691,18,9344144
367952861,51,12982949
367953022,13,3442169
367953119,15,3686723
367953153,26,7573939
367953870,13,5489780
367957194,13,5005531
367957996,18,6426995
367958755,13,6523738
367959289,14,1206797
367959613,15,792485
367962355,93,7841143
367962438,8,2285257
367962609,7,1911295
367963200,20,1112485
367963722,38,1847204
367964684,114,10224625
367964814,10,958860
367966620,15,1150779
367974303,19,1073546
367974757,7,354705
367978659,12,830824
367980182,27,1357696
367982124,45,4137434
367985681,46,2971963
367989667,5,279048
367991566,8,18440
367992002,31,10761690
367993289,34,1862906
367993357,29,7806841
367993623,35,16722997
367994224,15,1285748
367997313,3,814542
367997362,12,3989175
367998381,10,2926501
367998685,22,1152072
367999405,16,6950683
368000781,12,2198142
368002920,4,3005063
368003594,13,1223523
368004044,11,628047
368004150,63,5510426
368005557,30,1767689
368006628,5,1108501
368008361,17,12479357
368010911,114,13028186
368011073,14,4426578
368012174,3,450001
368022698,12,1511673
368024777,22,1414716
368026985,6,419348
368032817,9,485592
368061753,13,7444845
368108971,10,370012
368109176,18,8180962
368115180,6,188860
368115339,19,1067799
368115411,7,150942
368123645,10,454351
368126155,8,329400
368140477,26,9810419
368155508,19,1256358
368159046,4,192008
368161714,22,1052099
368162488,4,166580
368162549,9,821683
368170818,11,869948
368171956,8,280572
368177544,29,1540921
368179078,21,7432821
368180410,15,3851835
368181270,17,1327013
368182029,9,1050027
368183603,4,279613
368187996,16,6620411
368190795,15,3771200
368193674,8,466286
368193738,24,6462329
368198352,49,21537374
368199171,9,926867
368202052,13,1631104
368213994,12,409035
368218179,13,458234
368222173,10,832338
368222437,7,529027
368224989,59,24583597
368225867,33,11043094
368228734,140,50782010
368229074,5,1125292
368229130,9,330234
368229595,17,5242333
368230034,315,131291660
368233852,13,4101851
368234957,19,1499771
368235679,13,2797956
368237329,14,2479041
368237545,28,10643982
368238985,9,6359402
368241593,92,42164304
368241610,4,32968
368243013,11,3996130
368243647,8,1253264
368243725,13,1856515
368245161,15,2242451
368246288,6,247476
368247862,34,12471652
368248666,13,529587
368248997,22,1033464
368250915,12,1664129
368252148,9,3089737
368253676,23,12531589
368253973,12,3753320
368255520,18,7225725
368255866,13,2150948
368260938,5,301313
368263861,69,4894894
368263953,19,849422
368264484,16,4370155
368265299,21,5270579
368269703,124,10655113
368270608,29,1765756
368274940,28,1620451
368284835,49,3875894
368286036,3,212030
368291005,170,53761728
368291038,9,1422201
368291701,9,841992
368295330,36,2450691
368296223,37,1649251
368299440,4,837757
368301956,11,1768111
368302422,28,4535767
368302977,13,867515
368305088,32,1239324
368305928,3,70576
368307088,8,2718188
368307546,13,6213646
368307573,34,5518902
368309745,8,646082
368310315,5,1217715
368310453,24,5971925
368312705,4,262540
368314152,14,4026675
368315427,8,1949759
368316204,41,13767069
368317849,29,1414041
368319039,26,982598
368319272,94,6924386
368319376,14,5563104
368321410,8,579666
368321972,13,4985560
368323032,22,9556641
368323322,49,20432332
368324742,7,2208618
368324791,8,349788
368324821,15,2767312
368324955,4,2210396
368325752,30,3283270
368325925,24,12268233
368328257,7,4325443
368328610,178,21402868
368329681,15,8680860
368331048,8,1657472
368334280,8,3414214
368341583,42,3976301
368344240,27,2378890
368344844,9,621905
368358113,23,1765791
368358661,3,94860
368362961,32,11696945
368363803,12,4160495
368364746,170,71309725
368365259,37,16767059
368365690,33,2638413
368366257,90,35511121
368366385,5,199440
368366688,8,532876
368367039,18,755754
368367330,10,3808983
368368257,8,751718
368369221,7,2634533
368372015,75,24573885
368372506,34,9434029
368372654,5,3879052
368372684,11,2659781
368372936,14,576568
368372949,17,691628
368375094,5,1254925
368375658,12,6344016
368376806,172,58522358
368377169,27,2121211
368378222,14,5588546
368379017,139,8008205
368379094,6,1568525
368380736,28,9544074
368381326,4,1569390
368381615,6,4246530
368382495,4,1976534
368382688,11,471121
368383457,6,2141426
368383523,9,1150866
368383638,13,3055561
368384041,9,5226924
368384280,22,5163581
368384848,26,21051264
368385997,79,44326195
368386329,15,775650
368386478,11,7097625
368386825,22,2274907
368387612,14,1033880
368387943,27,7336474
368388045,10,3535316
368388988,16,6327837
368389123,18,5612388
368389161,8,2216431
368389751,12,3475526
368390282,5,1425720
368391105,16,810548
368391393,42,8288186
368392717,18,6203863
368392860,15,7940446
368394103,9,3620544
368394289,6,986629
368394435,36,13584466
368395092,13,5078254
368395148,3,869059
368395356,32,4787015
368395358,19,1098694
368396274,35,14479452
368396421,26,8675024
368396509,5,734391
368396514,15,10589465
368396917,4,1240216
368396996,12,2469280
368397874,84,29649399
368398128,27,2068425
368399197,30,8989876
368400194,34,14668446
368401447,12,1482162
368401863,103,39750019
368402111,13,7921066
368402236,4,1081712
368402560,15,1077450
368403187,10,4602833
368403664,17,708687
368403991,21,3620067
368405364,21,1652561
368405677,13,2803992
368405757,5,2014643
368406268,22,10255997
368407133,21,19128867
368407273,24,2306106
368407710,11,3969405
368407924,15,6712287
368408193,21,6422137
368408412,15,660996
368409378,129,12643162
368409670,10,3532819
368409769,15,3685840
368410829,41,2644165
368411162,19,958642
368411166,24,2216430
368411311,28,7749628
368411811,126,12755811
368412643,15,1276409
368413964,10,3922087
368414035,46,3656460
368416244,34,3189724
368417540,21,6578259
368417573,5,3493118
368417903,10,2121348
368418579,8,2095509
368420578,17,5570998
368420755,15,649318
368421041,31,3397136
368421053,7,171038
368421358,10,302861
368423976,81,36354552
368424878,6,172587
368426004,18,875396
368427192,43,3251751
368429486,6,797700
368430183,30,2777899
368431259,18,463408
368431827,96,51131801
368434190,12,1043022
368437014,38,6094122
368437057,26,4215805
368437415,40,4536012
368439299,17,718370
368441723,44,5331739
368442427,21,11207564
368442479,27,1376166
368442528,15,611947
368448967,17,6715257
368452289,56,16399409
368454772,11,5208706
368455624,14,479510
368456834,47,14246953
368456840,8,1230288
368457148,38,2489004
368457630,16,788967
368457640,41,1282562
368458371,8,299280
368459347,32,17724158
368460792,10,428175
368461974,14,2089308
368462813,68,22732691
368463171,8,1605989
368463656,144,50944717
368465191,13,589349
368465532,13,991487
368466536,39,22255909
368466896,12,4336746
368467029,18,455969
368468371,10,5003801
368468878,36,8361494
368470444,8,812593
368471191,12,1386874
368471226,16,6458305
368473975,10,1765373
368475214,23,8319780
368475334,247,96564238
368475707,14,599272
368476463,21,1584511
368476490,13,3154122
368478147,30,12303060
368478418,34,9968828
368480541,35,7833018
368481372,6,6677755
368482655,17,4273785
368482786,18,5930331
368482793,15,1938199
368483718,16,2995967
368483871,15,7817856
368484786,7,2056471
368484894,28,12124123
368486033,12,2774066
368486330,10,5574943
368486543,12,1570895
368487898,15,5483256
368487947,17,4891657
368488502,22,5464081
368488512,9,1570648
368488551,12,3418133
368489145,35,1908168
368489957,6,2290443
368490223,16,5013894
368490892,22,1642632
368491129,15,2174452
368491166,27,14993788
368493006,14,2331406
368493311,18,4797502
368494844,15,839592
368495117,18,10074449
368496458,18,6295270
368497018,11,1126520
368500734,14,7324267
368501586,24,2445499
368503146,28,3294950
368503934,23,1006651
368505607,21,1744404
368507391,8,1007350
368510321,80,5252564
368510638,16,864692
368512584,25,1487270
368513141,5,370028
368513217,5,404006
368514998,39,3227090
368519213,22,970211
368520290,59,4988743
368522652,10,850452
368527574,23,4201681
368527927,13,1381362
368529432,66,2651465
368529533,20,1209504
368529828,3,611714
368532300,38,17296403
368532754,11,775319
368536659,15,1605938
368537071,7,200476
368538602,40,2275770
368540199,10,8665736
368540899,7,305379
368541952,30,13120276
368543145,24,2615897
368544550,27,5388531
368545013,17,1924548
368545840,24,6873691
368545856,11,377128
368547392,23,9058635
368548566,55,8044939
368550602,59,1288478
368555099,12,1028087
368577717,18,11681581
368577830,7,575727
368614936,6,144231
368671080,21,1297386
368690397,16,1382108
368693216,19,826786
368695054,11,741212
368695151,7,336563
368699384,17,2400877
368706811,4,1053911
368707254,19,4951451
368707856,19,7645533
368709991,18,5706636
368715580,21,6647790
368716933,4,653610
368720811,4,462058
368723427,12,3674737
368724014,14,6814102
368724044,10,1019618
368724093,46,2565969
368725886,16,362870
368726292,15,5314847
368726575,10,3560973
368727863,39,8584756
368728656,15,2740766
368728671,28,2157515
368732887,11,411348
368734900,58,4399696
368735557,6,649006
368735629,3,195349
368736911,5,126512
368741149,23,1546373
368742758,37,3108922
368745223,30,2855168
368746807,46,25280812
368753803,18,1434240
368760553,12,813831
368761714,7,2289936
368762460,14,6104549
368762591,103,25965332
368763057,73,9287353
368764390,19,1039201
368764791,88,45089470
368764871,9,2767918
368767151,32,13093541
368767209,19,8707522
368769323,11,4608027
368770611,15,4919232
368770692,23,10621251
368771184,12,568874
368773227,37,15057144
368773798,79,29695192
368776002,12,896112
368776799,32,16557568
368778158,42,20865539
368779280,9,3803965
368780373,28,2720922
368781318,3,196930
368781411,9,209842
368781501,16,6519959
368784047,49,25640381
368784689,13,3980533
368786002,16,5115152
368786438,22,11329914
368788289,12,3829247
368790089,17,2700217
368790229,10,3791053
368794604,68,5387606
368802167,42,3167038
368804196,26,1364722
368804505,11,571486
368813859,32,2257528
368816814,5,145787
368818383,39,2174320
368819714,28,1229246
368824402,12,1038039
368826018,7,275747
368826293,11,903104
368828964,57,28853498
368829442,12,473752
368833521,13,3814191
368833612,6,1909168
368835175,35,12771134
368835252,31,12206757
368835656,26,5280565
368838089,36,2498105
368838473,10,3000552
368839080,25,2887429
368839404,45,2896438
368840812,8,816579
368841098,16,6203949
368841309,5,671159
368841793,12,2896840
368843479,60,12213205
368846780,12,3081570
368847490,7,207988
368848000,36,12638302
368849131,11,964116
368849616,8,5708503
368850153,12,4023125
368850325,3,1816174
368852428,15,3439491
368852443,14,766186
368852870,39,13092150
368854062,10,2470035
368854926,10,2900814
368856459,72,4217840
368857215,13,6373903
368857653,25,1073971
368858200,12,2937776
368858530,17,3146254
368858978,23,8159956
368860888,6,594671
368861777,22,1322417
368862259,20,7689344
368864134,54,3190925
368864155,8,444342
368864287,9,347783
368866385,29,3019228
368867375,44,3364056
368870834,11,1482100
368873180,5,140587
368874854,28,2857133
368878518,37,1459250
368878637,28,1694551
368878766,12,1352982
368880025,9,1167761
368882069,6,1081575
368882221,15,4041488
368882358,12,533309
368883902,29,1705352
368884745,7,346401
368884823,14,2128155
368885004,12,941095
368886083,21,1363893
368887027,27,751067
368897299,75,28897892
368897777,28,18886200
368903671,20,6205152
368903756,3,794740
368904438,26,1792467
368904537,9,623281
368905425,16,8350045
368905581,18,1565953
368905856,6,3453581
368906406,69,22377005
368906982,26,7690228
368907544,32,11773936
368908114,117,48895538
368908363,50,18315631
368908636,46,23232348
368909227,35,2394768
368910380,358,135072829
368910723,12,2917593
368911411,49,16494567
368912473,47,22762518
368914203,70,36549104
368914256,11,747726
368914350,49,4085782
368914515,5,323274
368915068,15,4508101
368915947,47,15516296
368916700,53,21959900
368917755,4,1185800
368918009,86,32584310
368918201,35,13026779
368918569,24,6661986
368919948,23,8447172
368921322,13,577941
368921398,8,2469252
368921515,13,3639937
368922082,16,1705131
368922192,13,896946
368922322,83,28143490
368922616,17,6025031
368923162,14,4678120
368923234,20,10898771
368923584,41,15467402
368925583,5,1859956
368926200,11,3183551
368926312,17,12787114
368927331,23,8117986
368927769,11,4734233
368927811,3,1001032
368928103,21,6807072
368928593,5,2979216
368929154,24,2293402
368929804,112,46833416
368930578,25,1472164
368931865,29,13556868
368932364,113,50310842
368938602,504,53506920
368961606,15,1121421
368961689,13,1526654
368972700,11,5169157
368972895,179,72077816
368973041,21,782031
368975481,676,207996241
368977542,25,4441096
368979571,26,6304314
368983303,10,695272
368983626,15,1086348
368984390,48,3288079
368986602,19,2447810
368987724,10,881250
368990076,91,32016860
368990497,7,2439334
368990844,157,64953429
368990890,8,2348761
368990922,32,10608937
368992637,19,1062049
368993255,28,9738994
368993261,10,2531516
368993534,11,4041687
368993657,17,9124147
368995313,34,1629769
368996062,14,1376361
368996522,18,6415917
368997157,14,5326170
368997212,31,8013228
368998263,13,5818165
368998987,9,1877327
368999226,12,1017119
368999730,19,601944
369001100,40,14127978
369002373,28,8009993
369003454,12,1272473
369005065,24,7108198
369006829,11,444788
369007214,58,17878065
369009999,22,3261350
369010411,27,10861976
369011886,17,2190761
369017435,15,4011412
369018698,72,8382683
369025031,24,8855482
369031584,28,1869593
369039621,10,818497
369045451,213,108706733
369046742,13,4468626
369048073,32,1328157
369048962,30,10515734
369051574,9,1378143
369052575,13,7800779
369058288,8,1607070
369059642,5,194671
369061315,6,4341784
369063300,26,14570919
369064418,73,1484273
369064995,22,10065367
369065738,9,351148
369066144,16,5461097
369066834,24,9043413
369068032,13,5556736
369068337,25,2788480
369068377,12,1042144
369072548,11,1173546
369075645,40,3097080
369076312,25,751376
369076422,5,226249
369084190,15,1298786
369089041,8,4457052
369092713,20,519564
369108990,13,11551657
369112630,23,14660897
369155868,21,2642488
369158852,10,989098
369169472,12,635782
369174140,5,736443
369182128,3,259355
369182142,9,1596141
369189482,11,450403
369203648,29,2143875
369209497,37,17347893
369213942,34,10434640
369214963,32,2627491
369218948,11,4517380
369218974,43,13547018
369219465,3,335526
369221837,31,1514047
369223258,12,7013335
369224137,13,278197
369224296,12,8605416
369225599,22,13335209
369226676,8,1015321
369227992,10,1199725
369230300,9,802095
369234974,14,2580531
369237540,6,342339
369239912,27,7268027
369259453,20,892438
369261950,11,310122
369262370,30,1218152
369265945,5,285482
369270523,21,2309181
369272922,33,12997207
369275149,26,10494200
369278468,6,3904018
369279094,35,1968453
369279439,4,487712
369279672,16,5214193
369280471,7,35699
369283135,13,13216721
369286023,8,680484
369287380,9,25607
369288376,26,2278613
369288620,5,275483
369289266,53,6557488
369290963,4,740323
369291606,15,6844670
369293092,34,2032611
369293743,11,307854
369297775,29,2508467
369297928,13,1635271
369297993,62,21380698
369303218,24,1901901
369304921,16,1196214
369305470,34,5220293
369305903,21,1831876
369307122,13,1266371
369311345,6,594472
369312871,40,5396991
369313666,28,1763829
369314026,29,1478833
369314338,5,414679
369314452,72,26942262
369315675,12,3873015
369318235,80,30089676
369318320,8,3719656
369318725,12,428508
369319660,15,571629
369320256,38,14149218
369322099,15,975380
369323739,87,6211658
369324128,7,581714
369326473,22,642803
369326671,17,8774837
369328333,12,9230743
369328781,32,11467304
369328887,20,1030058
369329311,36,10931666
369329484,43,18760000
369333894,6,1923285
369334170,12,1673614
369335075,11,3612766
369335193,13,575736
369335246,80,31134873
369335303,13,1357293
369335629,11,877164
369336925,17,4961305
369337877,7,2153505
369338038,38,2259468
369338148,30,6180362
369338594,18,3157583
369340100,14,1208528
369341249,10,6928135
369341754,13,2892480
369344946,9,382307
369349629,49,27684685
369349903,5,453140
369350534,28,1438840
369351016,24,1836780
369351383,8,26944
369356701,34,3792829
369356989,20,1797043
369361307,20,2213604
369361755,8,1056486
369364226,15,680867
369370147,14,807739
369372022,46,7164447
369374384,25,1187581
369378610,15,622343
369379652,21,2103570
369384432,13,5468337
369388903,16,4811135
369389791,24,10800000
369390175,47,27811776
369390556,25,1101150
369392109,32,1766060
369393339,24,2085462
369394142,4,2102277
369396108,12,783523
369396526,9,667277
369397090,10,2178608
369398801,24,2121576
369399381,3,403225
369399433,6,1502036
369399993,23,5537783
369400821,6,814636
369402467,27,1552932
369402652,9,2502787
369402776,9,526829
369402805,9,3332284
369403384,8,397922
369403985,8,1727700
369404396,33,1805939
369404775,22,1448769
369405053,5,2539244
369405240,4,229513
369405990,22,5007049
369408317,108,5815865
369408983,34,1643019
369409158,15,4098811
369409578,10,3065722
369409750,9,1048810
369413269,8,870904
369414289,13,4763106
369415773,14,5192206
369416515,64,23130671
369417248,54,930057
369418279,5,429229
369418334,25,2065314
369420100,10,635880
369420158,16,870635
369421899,22,9233779
369423301,13,650585
369427963,20,1308087
369429971,11,2718086
369430024,12,5839960
369435468,22,911445
369438246,17,2178607
369439012,15,1622762
369439601,5,271730
369443634,25,1541343
369444036,12,1178509
369445106,59,6159192
369445137,6,345758
369445546,14,1333022
369447337,28,1671634
369449790,27,1958158
369451260,5,794062
369452668,39,6772582
369453935,222,90055951
369455232,43,2633592
369456051,5,4717262
369456242,5,785591
369456383,11,4881169
369456755,15,1019170
369457374,20,4086105
369457757,30,13161319
369458277,6,3145254
369459683,15,3562131
369460742,21,5325562
369462793,77,43990636
369462877,55,22200125
369464089,49,13730048
369466831,9,1311392
369467179,14,6301315
369467486,44,4073993
369467508,51,4234922
369468053,40,16350320
369468146,21,4886943
369468292,41,14174750
369468507,14,669911
369469467,25,11196402
369469804,10,2196668
369469934,19,6308157
369469936,32,8516004
369469948,81,22304308
369470790,18,600920
369471159,9,8839602
369471650,80,44423611
369473381,41,19165378
369473923,29,1123053
369475020,205,85370162
369475383,16,3203290
369475470,65,26102199
369475513,9,2415588
369476239,21,2774068
369476432,81,50344336
369476547,4,492124
369477436,8,1020910
369477585,33,8068935
369478114,50,14429544
369478124,15,5169755
369478534,15,3933160
369479023,26,10765650
369479206,11,6869775
369479409,10,2380499
369479924,14,133925
369480212,9,375137
369480335,19,6790240
369481832,12,5826246
369482176,8,4004979
369482180,58,1911511
369482206,4,2893620
369482487,8,2588157
369482495,6,1785351
369482616,12,1812260
369483050,17,2389401
369484804,6,2395704
369484806,8,1141840
369485042,14,6398079
369485462,14,1331021
369485782,15,7041930
369486416,22,5815746
369486547,10,121104458
369487026,34,437142
369487245,44,2824036
369487339,6,3366503
369487449,9,2196228
369487457,10,3282583
369487775,11,1298899
369487954,32,10752133
369488605,53,21543367
369488707,15,863886
369490079,20,2451993
369491244,21,9949424
369491261,13,3910720
369492023,24,13592118
369492547,3,750360
369492555,12,932334
369494722,72,1982338
369495755,13,3894231
369496388,13,3062160
369497288,27,352457
369497632,16,4808070
369499158,14,5937380
369499261,13,1274559
369500156,11,1094533
369500544,15,1811278
369502893,12,7971121
369504919,18,157177
369505283,19,1816663
369507964,8,567553
369508232,22,1087620
369508990,6,162552
369509151,13,237152
369511296,12,842120
369511301,8,446399
369513445,35,1889615
369514370,11,849801
369514764,3,148515
369515352,21,754006
369515879,5,460683
369516991,21,3722617
369518260,24,3425190
369518689,21,1131465
369519868,23,3727818
369522210,13,1768960
369522382,14,570604
369525163,12,934534
369528053,8,617397
369528422,14,548637
369530482,16,602485
369531232,17,974706
369532470,26,1578682
369532772,107,46171804
369533124,11,7369810
369533667,22,3998313
369534551,29,2133671
369539046,7,1986505
369539056,29,1900038
369539405,28,5478104
369540309,30,7224440
369542181,13,952214
369543783,3,4312093
369543795,9,471206
369544007,7,355965
369545374,10,1177477
369545753,25,1856857
369545932,31,11804701
369546162,428,172695930
369546417,15,3068743
369547342,10,4862017
369547858,56,15209047
369548387,16,1986742
369549211,9,2571231
369549376,8,2635222
369550400,10,3431337
369550517,12,2602140
369551998,6,1743731
369553547,43,14904750
369556495,14,4668922
369556624,5,940032
369556993,26,4849205
369558477,54,18457189
369558882,20,6729727
369559014,46,13938427
369559993,22,1561428
369561729,12,3175657
369562041,12,3089152
369562775,13,2241526
369564817,9,3205310
369565752,15,5853112
369566229,22,1586776
369566307,12,1405680
369566632,21,5581392
369566750,11,1124661
369566998,33,2151204
369568243,12,10954337
369568733,5,2293918
369569148,16,2499543
369569347,11,4360159
369570112,28,4528764
369571805,6,1654611
369572868,16,6236567
369572938,11,4081087
369575913,10,2877647
369575979,136,15755333
369576476,4,1279004
369577963,10,1039511
369578340,15,2245763
369579469,21,5489481
369579498,20,6585104
369580018,13,759529
369580706,17,1209279
369580758,29,8004133
369585747,38,2558555
369585971,15,4395242
369587485,16,774564
369589990,8,741931
369591469,18,4442398
369592479,26,697639
369594391,48,2720879
369594460,21,1354004
369597843,6,390815
369600300,51,4460630
369602132,9,293654
369604074,33,871947
369604471,27,1451034
369605862,6,416300
369606016,7,595654
369606826,11,980362
369608364,14,731032
369610539,21,9337243
369612135,5,987008
369613032,40,10666317
369613387,13,1409687
369613500,12,1647566
369617237,18,2049214
369618222,25,6860519
369619251,59,24684954
369621865,9,451382
369623316,12,4523540
369628070,3,164124
369629088,22,1253336
369629851,29,7729433
369630461,15,637783
369630968,7,382818
369647543,13,1768240
369648598,5,620491
369653189,14,771073
369653209,4,256179
369658766,6,439795
369715074,6,294447
369720458,14,989971
369733058,23,1212292
369734521,21,1114099
369751471,9,381425
369755167,15,1321030
369761980,25,1437319
369765695,19,1617344
369765915,32,1761873
369768579,19,1681491
369769847,17,585048
369775096,31,2124303
369775377,10,1420972
369776068,4,308905
369783533,12,1467668
369785197,29,1806141
369785470,4,196225
369787927,20,3434596
369792504,12,5429528
369798179,91,4318482
369804799,117,5432852
369805155,15,531228
369807180,48,20102534
369807363,24,11252268
369808538,11,44202
369812710,35,1783983
369813992,14,8197242
369817965,20,1539971
369818961,18,928824
369820739,4,1568532
369820989,35,11498624
369821487,6,1265459
369825123,15,3145028
369831474,6,554613
369833633,21,1088255
369834099,18,1615701
369841298,15,1092989
369842095,10,477030
369843883,14,561933
369844753,10,1100065
369846423,18,1644895
369849059,23,2273688
369850495,38,2737526
369852088,34,11526609
369852734,10,874946
369855070,23,1747171
369855187,80,27409992
369855406,16,5809903
369857402,5,2555918
369857662,14,1044465
369858991,7,2434940
369859237,15,8605410
369861834,3,383900
369862637,17,4550223
369862710,15,422950
369862717,13,685208
369864085,7,436397
369865599,18,4969485
369866195,3,198576
369866197,34,11366870
369868468,9,637264
369868843,36,10102678
369870807,166,70663844
369871145,6,1557644
369871250,29,1871837
369872706,39,2120855
369873346,19,1161177
369873947,112,54215952
369874890,16,5167462
369876252,18,7511619
369876268,8,3574448
369877615,16,910364
369879077,10,3119201
369879328,21,6026795
369879941,16,790563
369880328,12,4696870
369880464,9,709325
369880929,4,883014
369881258,44,3417805
369882459,18,1196871
369882758,5,1879896
369883185,62,3962682
369883395,5,536934
369884281,59,3364564
369886069,18,1007088
369888621,6,557691
369890521,31,2731658
369890857,84,5652230
369891322,9,434004
369893019,14,2882721
369893611,5,654707
369893689,23,246866
369895974,8,197948
369897808,101,4218622
369898934,14,909620
369903353,67,4241189
369903462,18,1408869
369905588,8,265210
369907414,35,2703206
369908477,17,808611
369909641,39,4563228
369913465,12,2775526
369914112,23,2474370
369914929,26,2213820
369917223,3,107460
369917967,41,5367678
369919080,22,1198418
369919120,14,1850424
369921807,133,46844772
369922315,15,959963
369922609,12,998331
369922787,8,400736
369925345,10,1149917
369925849,37,1384344
369926126,20,15446247
369927217,5,286708
369927289,36,2108778
369928309,6,1714909
369930058,6,2211678
369930116,21,843167
369930381,27,3429386
369932488,19,5971667
369932973,13,760035
369933627,4,1924038
369935033,12,685479
369938211,24,6124115
369940312,18,5486089
369940841,23,771544
369941990,17,5757377
369942588,35,2694540
369944424,7,4687587
369944802,15,5761678
369946001,4,796860
369951682,28,5748370
369953681,27,1891065
369957669,4,278375
369959894,16,783602
369960227,35,2652095
369960508,9,1178468
369962124,23,2544285
369963887,9,602852
369964117,19,1459557
369966014,58,3590240
369967520,14,1065178
369968374,39,1714443
369970763,10,2736127
369973836,33,2817415
369976585,11,981995
369977926,8,176368
369980912,29,1719949
369981524,20,7382077
369984044,33,13308072
369984240,5,35466
369984486,76,4796627
369985931,4,76208
369986103,9,611754
369987162,7,2102525
369990292,16,721125
369991130,18,765561
369991176,239,84512535
369991318,12,1989850
369995515,11,394418
369995897,9,778241
369996263,17,826980
369996827,25,2875845
369997157,26,3152780
369997624,113,30065765
369998035,40,21215770
370001275,12,5650233
370001328,13,7923082
370001591,12,3261815
370002096,26,5597973
370003876,177,56980533
370003896,52,15084720
370004331,11,302512
370004827,7,596794
370005558,19,4055157
370005675,9,2771195
370006234,40,1275273
370006947,62,24252408
370007806,21,9856128
370010168,21,10891100
370010518,4,899672
370011397,13,3544880
370011593,10,1233152
370011710,22,6339261
370013478,52,16263073
370013562,3,564121
370013578,13,8184006
370014262,11,2580330
370014765,26,7444934
370015160,20,7354400
370015194,135,62303750
370015770,38,10515727
370016073,25,7869056
370016758,15,3053681
370016771,17,4226125
370016844,20,7671185
370017212,10,1954206
370017810,10,3457286
370017832,22,1918784
370017837,11,1772559
370017928,10,2607434
370018665,10,618713
370018719,14,3568895
370018799,17,1331864
370019917,13,4509528
370020082,25,7972915
370020349,160,64084744
370021371,26,1682386
370021741,10,29955463
370021856,30,6570898
370022431,26,12096630
370022503,21,6952733
370022609,19,5539930
370022637,11,2663114
370022864,17,3086798
370023007,19,9994304
370023132,28,13381724
370024798,23,12430913
370025695,36,16347307
370026370,59,4203839
370026530,24,1562379
370027047,16,6685239
370027244,11,3417309
370027830,23,8151460
370027965,11,555972
370030455,7,624203
370034500,17,6612895
370034749,25,1350220
370035570,33,6502474
370039231,36,3445548
370039257,3,602183
370040582,6,4238683
370041201,31,2496982
370042196,31,2873302
370042764,6,255373
370043835,13,3843770
370045963,22,2586523
370046235,13,2968773
370049510,8,481349
370050001,18,1092151
370051262,43,2864926
370054867,172,14678412
370054974,12,3131353
370055036,6,782466
370055673,6,810150
370056457,10,1545207
370057052,11,95657
370057258,13,4951825
370060357,11,1117621
370060548,8,880220
370061425,12,4676092
370061966,8,1002314
370065900,13,3883518
370067798,68,26691409
370067962,16,3077195
370070575,28,1680330
370070888,24,10463178
370071123,14,892801
370072627,12,4598173
370074448,19,5792053
370075219,63,7604580
370076528,77,34030351
370079838,19,2194188
370079897,9,1728208
370080484,32,5222218
370081117,23,1751191
370081342,107,40866652
370085196,27,1508725
370085721,11,3414503
370085932,13,3343353
370086122,6,591088
370086528,11,858521
370087870,26,7839675
370088350,13,2971713
370089040,5,1408092
370089663,10,2125647
370089857,11,509356
370089859,41,4266047
370090081,11,2835697
370090849,71,6239786
370091344,11,1624964
370092831,8,1794758
370093077,7,1267052
370093105,4,2298669
370093339,12,982828
370094022,6,1206744
370094796,19,1954716
370095615,21,10562557
370095908,4,503416
370095914,25,1512492
370096213,32,6165190
370096695,15,4453244
370096780,10,420985
370097171,17,2432251
370097713,19,2457093
370097745,24,4261692
370098087,85,42832337
370100279,8,1443902
370100357,16,3836777
370102048,5,1341427
370102084,9,3198309
370102253,178,13176675
370102312,48,16852770
370102748,11,2319380
370103440,36,5936270
370105181,26,14076393
370105941,22,2134263
370106700,4,427476
370108076,3,978633
370108255,102,7385170
370109370,21,5280345
370110297,24,7995521
370110472,4,770497
370113674,90,5813813
370113852,14,2543850
370114669,27,12517639
370116220,9,2234336
370116821,128,8520381
370117059,25,687536
370117538,4,1823278
370119741,17,6059081
370121798,12,826814
370122377,11,1545975
370125028,20,3237616
370128112,9,1636532
370128392,8,420080
370128583,16,3795598
370129289,38,1455334
370129333,20,2334587
370129780,17,8950322
370130940,9,2067093
370132083,26,6439210
370135661,10,620045
370136055,5,569322
370136192,27,2135362
370138282,13,1947207
370139205,11,574076
370142955,20,3074346
370145941,6,61074
370146655,9,562807
370153704,29,2363445
370154860,24,1966321
370154862,17,6421959
370156259,15,647841
370156268,15,7518909
370157323,49,14730803
370160240,6,1083539
370162096,9,334682
370163040,14,956007
370166001,5,77460
370166803,12,1705631
370167179,12,1716203
370167272,7,856619
370168388,22,8181710
370169514,12,715439
370169687,18,5587000
370169703,33,9269571
370176364,18,1628172
370177913,10,3836489
370179442,11,951953
370180704,21,812708
370180970,30,1390662
370184846,19,2418703
370191738,20,2668146
370196067,8,435700
370196113,13,590883
370212817,17,13968666
370219965,10,1571626
370224250,18,6208932
370261047,8,658728
370277678,3,99258
370279790,22,1642948
370296078,11,742642
370299983,9,495517
370325366,5,170636
370338511,10,2657003
370338915,20,866217
370339088,10,501298
370339508,28,11388713
370342988,10,1822177
370343397,18,9085692
370349817,15,6689169
370357454,9,470161
370365548,7,314810
370369778,9,672903
370370279,11,567348
370372139,5,127810
370373673,13,3874926
370375042,12,639891
370382094,13,3448028
370388356,44,2617875
370394980,13,1672254
370394992,13,2329040
370397778,15,8310523
370398317,5,433877
370405882,209,12425002
370409000,17,1966063
370410372,44,1254701
370416305,31,20862054
370417997,9,377091
370421343,29,4646758
370424275,34,3387305
370425653,20,6117457
370430825,6,326087
370432753,4,416196
370435823,13,408822
370436584,13,489780
370438964,8,256081
370439499,9,459321
370439800,15,1990373
370442534,26,2786770
370443230,22,18166183
370444002,24,1457083
370454180,37,2292026
370454381,15,7047431
370458827,11,1015746
370462033,40,1786302
370462058,3,970622
370463556,25,5109193
370464698,11,3876794
370467684,12,868612
370468258,18,7364900
370470246,11,357736
370473873,12,2215162
370475260,17,7647032
370476780,15,879715
370478456,19,1583685
370478626,11,659315
370481520,15,536338
370482351,18,753860
370482744,9,626166
370483053,16,1114972
370484399,14,1130522
370487907,7,488442
370488672,21,2510222
370488816,24,1767847
370488914,14,590125
370489184,29,2593696
370491257,29,4381947
370491266,30,1235686
370493958,10,2138412
370496737,14,5254443
370499248,31,2572236
370500035,14,569108
370502536,5,235337
370504220,61,4691520
370505856,82,8001536
370506921,5,535344
370508780,17,293295
370514865,3,168216
370519803,13,1345902
370521195,15,1301748
370522522,12,2479465
370530050,23,7654275
370531659,19,1070513
370531940,6,283517
370532102,12,2626289
370535231,11,1896978
370539180,10,25629
370539789,20,757821
370539945,14,717210
370540053,6,196284
370543370,9,337200
370544196,37,2022069
370546547,14,618103
370547564,15,1104800
370549945,11,5691648
370552464,21,1365839
370553786,20,30489038
370553949,5,281314
370555991,10,628789
370558493,23,1434672
370560140,17,739389
370560986,45,1562497
370561097,9,1181840
370563000,11,2627704
370564560,26,11434211
370568670,299,357184561
370569466,3,668284
370570465,3,568356
370572280,63,26956763
370572380,29,8510150
370572958,11,895517
370573258,14,5790786
370573638,3,755594
370574027,3,1029740
370574094,19,8467703
370574283,25,12001452
370574538,23,4414879
370574612,36,38358512
370576021,22,6449231
370577196,51,19098314
370577200,14,4953601
370577757,88,38656466
370578198,58,19459860
370578453,68,3511716
370578554,11,973164
370578578,8,3103012
370578710,120,72712605
370578751,32,13253979
370578848,18,3394108
370578923,18,8084334
370578929,17,1782085
370578994,7,1551023
370579111,8,1916068
370579404,16,4411135
370579490,40,11428288
370579628,39,19238341
370580252,5,364135
370580357,17,5157963
370581601,9,1286755
370581690,6,1775513
370581927,165,143121438
370582449,31,13324338
370582773,6,2254693
370583279,17,6297506
370583338,179,70668696
370583491,5,1058239
370583705,15,3365596
370583802,41,34946717
370583909,18,8571514
370583962,6,241674
370585161,7,1231128
370586062,7,1585097
370586064,6,2393672
370586092,201,77320901
370586107,8,1440798
370586355,75,96931913
370587170,49,37849566
370587190,65,17985985
370587565,31,8588223
370588216,8,835716
370588452,7,1204003
370588459,133,110811375
370588480,5,965641
370588702,10,1188286
370588706,19,9492324
370589001,23,5678132
370589127,57,18066098
370589332,33,17862405
370589851,3,813015
370590182,14,4677820
370590643,70,25905788
370590744,14,1106135
370591057,15,928814
370591476,6,2842652
370591572,317,135959282
370592097,48,36597220
370592510,7,1568095
370593128,158,41176953
370593531,13,557514
370593783,38,10069367
370594027,89,26677942
370594646,9,4470227
370594678,12,1547075
370594978,4,4077791
370595129,5,2573599
370595355,13,3403363
370595530,161,196727741
370596041,4,4882694
370596379,18,12514196
370596921,10,3521395
370597052,18,5037070
370598280,158,99397615
370598522,13,3337635
370599215,29,12737237
370599502,117,63321771
370599910,125,68264138
370600957,10,1668890
370601036,31,6714048
370601060,6,225024
370601227,22,7687288
370602504,3,536611
370603270,4,601590
370603486,266,112267476
370603634,16,29929174
370604283,11,4216491
370604578,15,4764592
370604825,19,5982470
370604872,15,2814092
370605165,29,21424459
370606141,40,13866340
370606300,25,11743123
370607303,30,7068142
370607670,46,10055007
370608916,178,74951384
370609324,10,4116057
370609512,17,6044385
370609681,22,6930332
370609942,16,326301
370610416,20,24150810
370610539,16,7028791
370610845,88,71800839
370610948,25,17782292
370611137,204,173286289
370611425,126,151009813
370611518,37,18055530
370611885,6,967142
370612038,24,8308174
370612176,8,5954868
370612979,11,5533766
370614119,14,1313935
370614335,22,3118841
370614697,40,22192273
370615159,17,5287967
370615478,8,4991178
370616005,273,140290468
370616091,26,7583973
370616157,20,15204043
370616469,10,2709149
370616499,11,3448663
370616602,56,24531047
370616632,26,11334743
370617073,160,88214986
370617250,11,1732856
370618703,39,12481348
370618935,13,2493468
370619060,23,5304770
370620136,183,133249614
370620150,30,8869698
370620483,30,14359478
370621780,48,26517230
370622631,20,19255313
370622956,16,2593015
370623073,25,12155843
370624944,251,18257326
370625422,19,1919601
370625515,27,12173129
370625670,32,1430034
370626022,25,1116109
370626590,3,116206
370627265,11,1130879
370628671,17,7817305
370629027,257,180452156
370632893,22,1412237
370633373,75,2214652
370634669,5,830232
370635499,14,545228
370636640,20,2167514
370645911,37,22063034
370647799,3,78425
370648901,9,487850
370649170,7,677193
370655672,24,386648
370657353,14,4743515
370661184,28,401177
370664869,76,36270649
370668280,27,1717895
370669267,10,965900
370669829,22,1242071
370670440,12,1926526
370672404,64,1734836
370672703,11,10075287
370673755,18,1113175
370673933,12,2878520
370674199,5,257169
370674459,43,952257
370676664,9,516173
370678855,12,5701580
370680351,19,5120603
370680614,25,4512992
370682039,10,2692109
370682102,12,435730
370682769,13,410822
370683398,29,1234530
370685310,52,12460042
370685599,29,11646978
370685909,246,108999742
370687881,59,3762397
370688599,21,5287718
370690775,14,3214161
370690963,5,574115
370692203,17,1205357
370693898,9,3733038
370695162,18,3869891
370695872,25,11708703
370695898,16,1265980
370696225,20,1039680
370698242,11,880285
370698838,16,4812721
370699034,57,5710259
370700197,5,254325
370700910,5,2330242
370702188,6,3147924
370702428,13,3147353
370703409,7,3680261
370703455,8,538312
370706676,27,1445303
370707183,14,1379330
370708356,15,17829725
370708518,28,8629767
370709441,24,1295265
370709922,10,925091
370711161,39,556684
370711195,26,1376040
370713234,5,454819
370715241,7,318950
370715622,14,18820200
370716344,40,1929055
370716481,52,4221558
370716512,19,1099135
370717275,37,2496705
370723336,10,1006634
370724504,26,1819676
370725421,7,644900
370725653,16,1475421
370725659,201,18461481
370726375,17,3264024
370726613,7,281065
370732441,21,1422183
370737260,20,1546972
370740841,11,2064380
370741775,18,816514
370743423,17,2263052
370745464,23,950458
370745804,106,5666439
370746096,11,590460
370747464,34,12791289
370752376,13,1100323
370752661,25,1600031
370756375,3,359038
370759369,9,2173251
370760374,8,1603872
370762649,11,3278917
370763859,24,3392084
370764663,6,211254
370765401,8,106811
370765660,12,2687705
370767707,6,405098
370767903,17,2318497
370767949,14,4122183
370771799,15,897771
370776834,15,821678
370780571,19,3153299
370789281,13,889459
370794945,16,1063117
370819395,22,1569580
370820948,16,1070028
370836799,13,1086028
370843815,8,1074187
370885430,5,473577
370891394,7,725137
370902682,13,1184965
370912091,9,472135
370919504,29,4067149
370932323,29,2329768
370934695,27,3740521
370947390,4,405499
370947691,16,353895
370949532,5,1202239
370950380,113,5151353
370955275,9,398926
370963436,25,5225782
370966358,9,432013
370976171,56,10174846
370978028,9,818873
370981742,7,243497
370984869,6,515454
370988714,21,2412488
370992293,15,600591
370999477,19,1084204
371002557,52,4238024
371005722,8,3130395
371008585,5,288194
371011021,8,526804
371012358,28,1783915
371012416,3,721772
371012954,41,12904191
371016671,34,16058653
371016797,10,500049
371021873,37,14956533
371023031,27,1369371
371026591,141,8936202
371027527,106,42718758
371027764,16,723816
371027888,23,9220421
371029665,17,6300912
371031274,8,592371
371032859,29,8589697
371034099,9,332097
371034262,30,996667
371034939,10,532538
371037180,67,2631123
371038422,15,537560
371039751,26,10009767
371041710,18,814159
371042249,10,1449185
371042686,37,4331446
371049166,10,914364
371049683,11,560111
371055773,10,521302
371056341,56,3497472
371057737,14,573010
371060296,38,952643
371061261,14,1149086
371061385,64,5288300
371061680,26,1311701
371062448,18,946837
371063617,8,39500
371063809,14,1680172
371067127,8,2972006
371069153,30,5638203
371069501,30,9172102
371070606,18,1204230
371071996,25,962897
371073031,8,304618
371076398,7,613061
371078026,21,1126572
371078919,21,3574526
371079346,17,4294704
371079602,19,1192164
371083481,47,498095
371084040,41,2919521
371085156,12,1186507
371086873,53,25293430
371088492,19,2933072
371089398,52,16937813
371089609,12,1982788
371090693,3,177906
371090984,20,7951057
371092299,31,13149557
371092663,20,1089366
371096546,31,10214120
371096800,3,1088144
371097092,10,3424620
371097660,13,1981889
371097719,10,578170
371098388,16,597297
371098414,18,1165566
371099594,12,1884267
371099738,60,3820781
371099843,34,11853540
371100056,9,2976512
371101129,18,11205543
371102359,33,1780638
371103573,39,1988406
371105281,14,2360621
371106200,10,1204293
371107704,28,1551460
371107749,19,3060160
371108614,5,928431
371109774,4,276209
371112597,28,3354510
371113986,58,4042108
371116194,49,3379162
371118227,29,1526670
371118313,5,408686
371121853,3,112079
371122431,24,3593634
371123384,23,3813735
371125505,8,872869
371127682,90,6903844
371132496,22,775373
371134704,27,2098140
371136833,13,822849
371137844,15,1511706
371138748,12,722414
371140674,37,671099
371143938,14,4794169
371144554,96,7568570
371146095,68,4273566
371146747,27,726169
371149990,25,8122293
371150934,9,566846
371155642,8,2848541
371156488,68,4302465
371156492,78,5137190
371158913,7,2771626
371162216,18,4083361
371162242,11,3188751
371163053,18,1729651
371163065,16,3491862
371163479,3,410255
371164132,14,9708406
371165554,16,3768935
371165963,15,5620350
371168802,22,6936880
371169613,17,3500934
371169682,79,7043067
371169764,8,654037
371169978,7,3370664
371170180,10,1608851
371170409,67,4909284
371170413,10,4439644
371172108,3,115516
371173789,11,5126524
371174142,10,4043405
371174520,8,805632
371175690,13,1527539
371176214,19,7677641
371176683,12,3190363
371180643,31,1264605
371182650,13,4079827
371184645,10,2833668
371185746,10,1281940
371187407,39,2895729
371187779,3,321004
371188267,44,767534
371190869,62,3652390
371190875,7,670187
371193158,12,551860
371196338,39,2421769
371196359,5,457757
371197523,7,582967
371202124,17,764099
371203866,16,1364715
371206205,17,1477820
371207869,23,1831323
371215699,47,2090157
371216501,35,3105917
371219951,12,391620
371221214,7,1158463
371223762,31,13385007
371227061,17,3656163
371227808,56,20396735
371228882,14,781455
371229290,14,3875416
371230041,20,4207865
371230160,4,70376
371231710,4,72529
371232688,21,6622779
371234213,26,2347387
371234835,75,31292489
371235376,193,116184974
371236014,466,213109896
371237055,19,7387408
371237759,17,1918238
371238202,22,7990176
371238883,106,47954199
371240068,11,7494086
371241200,17,3221821
371241471,129,49650804
371242485,45,16135328
371242909,10,6606566
371243759,58,17193282
371243822,14,3610128
371244067,16,2224720
371244850,19,194700
371245040,14,2733472
371246318,13,5501580
371246380,11,2596781
371247056,17,7767631
371247671,10,578573
371248057,28,11915581
371248552,17,9470120
371248648,3,1175305
371248898,246,95861813
371248969,26,2945516
371249316,26,17226598
371249978,26,3715091
371250051,20,5008090
371250149,11,2034958
371250186,7,2759172
371250339,27,8945141
371250983,8,825256
371251129,27,8210726
371251556,72,43303682
371251627,4,1239105
371252901,11,9260418
371253698,104,49014435
371253904,55,17561662
371254042,14,4518966
371254093,37,8717492
371254331,11,2842935
371254591,7,1454966
371254678,10,4678891
371254960,36,9973535
371255149,27,14489488
371255257,16,896445
371255444,16,3426923
371255740,16,529501
371256228,10,1427616
371257028,10,1029130
371257247,143,51622703
371257763,16,972452
371258071,31,6425822
371258449,7,1581087
371259538,8,7128271
371259831,19,6578417
371260696,22,7663874
371261389,33,14328383
371261863,4,295882
371262164,5,1165391
371263240,38,8323333
371263466,13,6434503
371263650,24,3817508
371264140,19,7830336
371264166,40,11689600
371264746,48,19086653
371265671,126,79309463
371268113,3,691140
371268578,3,1309320
371268600,33,5742571
371270157,9,581159
371270658,15,1521138
371271013,33,8661305
371271653,19,1326823
371272668,12,560860
371273994,14,5360071
371275380,18,1090004
371275464,45,5676555
371276499,42,6336062
371276669,24,1841340
371277116,16,3582640
371277608,13,8501230
371277775,15,3336206
371278428,12,2304709
371280076,15,1136891
371281773,25,1687533
371283723,27,2575210
371283740,12,413418
371285792,19,1316861
371285801,13,830678
371287499,17,819019
371289521,28,1354955
371293007,84,13183543
371297469,16,1197428
371301315,15,1159140
371305129,11,370464
371306130,12,2143476
371306449,12,2816368
371307534,11,3621812
371309906,25,7886868
371310162,5,890217
371310363,96,6952947
371311627,52,20689990
371313008,6,460688
371314852,5,174415
371314950,17,3860439
371316774,24,4087648
371316861,10,4298798
371317210,18,1072475
371318201,25,9846238
371319082,49,2030127
371319228,31,15680363
371321383,7,2211108
371322086,15,4634812
371323473,21,1177930
371324343,18,5648249
371324629,32,6460275
371326178,42,21104750
371327131,15,1021534
371327648,3,1150653
371327756,12,2588531
371328579,6,1936272
371329227,17,3710046
371329966,11,2199840
371331280,7,1585545
371331646,10,476018
371331940,9,1437163
371332891,17,2105092
371333758,21,8523336
371335256,42,3859675
371337228,201,23385436
371337704,6,434250
371341341,8,1977778
371342282,25,6990982
371342468,8,819961
371342470,10,2404690
371347258,16,1149291
371347272,60,16972231
371348381,6,308610
371349260,8,2775280
371350120,8,2743737
371352737,22,5126468
371353120,5,375750
371354958,25,4008736
371355885,13,4808235
371357582,5,377540
371358726,17,2642348
371365691,15,7952622
371365879,19,1347823
371372620,16,2809022
371375462,9,1153236
371379111,4,448368
371379483,21,6609647
371380399,8,171643
371382804,15,2682920
371383958,50,15192885
371388237,18,6280565
371391248,10,1714550
371393296,21,1419630
371394769,65,11340054
371399640,8,545868
371403585,12,781003
371404265,17,1841412
371409476,23,2134153
371415914,15,2728616
371421580,15,1378976
371445056,18,6052112
371474040,36,2569307
371508516,11,740612
371525736,14,4851628
371528054,13,9442010
371536163,10,29555
371543490,58,1408680
371551466,9,397806
371552063,56,25416030
371555132,20,1226972
371558021,18,6111684
371560743,15,8932861
371561853,10,390563
371563435,19,99588
371566890,32,7585803
371567890,12,412261
371568356,16,828912
371570728,29,3335353
371571056,27,9551455
371572295,37,19468595
371574368,6,1554942
371578400,15,2868008
371582034,14,1125692
371584855,62,6369787
371584880,15,862595
371589633,19,4791879
371596091,43,3165561
371599820,12,937384
371603632,10,559816
371604997,12,853414
371605981,14,4798205
371606984,8,21707
371607549,61,15496964
371608800,11,44663
371609159,3,666722
371611038,37,9291143
371611395,16,1250901
371612465,31,7742042
371612684,37,15254989
371615894,10,444839
371616186,80,34993428
371616270,50,25968053
371617791,10,3058253
371618029,28,10180992
371619439,30,10732710
371619446,6,2400766
371620757,25,1739199
371621133,12,2774674
371623444,31,1754013
371624831,18,1517907
371627384,19,3842034
371628934,31,13812711
371630122,108,39642883
371631140,13,1138381
371632139,39,2234476
371633609,56,4231625
371638241,57,3408272
371639511,16,1274106
371641226,19,1392493
371641824,21,1175966
371643586,47,2803517
371647330,20,872994
371647911,29,1588993
371650701,8,360568
371652340,17,2352965
371652628,30,992348
371652741,7,286588
371657703,17,1972000
371659525,92,9005919
371660710,16,1277321
371663915,18,6294517
371665975,17,760398
371669272,17,4760697
371670143,4,954251
371672425,10,999183
371673726,29,9374872
371674076,8,2453107
371675609,16,704873
371675926,22,8302214
371676368,18,673159
371676507,12,4960235
371676725,20,1306242
371677803,40,4405446
371677831,18,4115428
371680344,15,2092162
371680832,19,1480700
371681110,13,958330
371684165,4,1049883
371684776,21,7058882
371686183,6,2861968
371686606,11,1643303
371686729,21,3163815
371687722,49,17224438
371687813,15,761392
371688084,31,9522224
371688362,8,2800976
371691455,20,6751255
371691748,9,603913
371692007,11,3995579
371693205,15,4350280
371693217,5,2639418
371693333,16,3321989
371693736,15,1643142
371694116,13,357615
371694233,25,777328
371694962,10,957542
371695082,16,5831396
371696373,21,3470802
371697325,10,275667
371697827,17,7831927
371697983,23,5508837
371699533,35,14189673
371699933,12,738725
371700261,37,2344098
371700376,6,1194965
371700733,159,21703985
371701825,24,8482810
371703564,11,337942
371703871,14,189949
371704499,13,7223415
371706896,13,1493286
371707045,11,819400
371707233,25,12458225
371707988,9,1561602
371710559,10,2595779
371712050,11,539105
371712587,12,5489405
371715300,14,932266
371715837,15,1685348
371717877,48,14745389
371718552,20,979452
371718841,53,3912436
371720002,12,3676957
371720731,37,1503318
371723712,36,1067848
371723877,28,12410855
371724904,36,1633667
371727658,12,680494
371727679,12,340652
371730364,10,1463449
371731241,7,522613
371734263,24,1097439
371734378,24,4691783
371736217,17,1422877
371736805,22,1392262
371737106,4,247402
371737867,13,1990360
371739022,13,2205463
371739301,7,2016924
371739750,66,8147949
371741138,14,6596202
371741532,11,2877595
371742342,18,4297303
371742710,27,3660950
371743381,177,77180805
371744641,29,5524652
371744702,35,18252633
371744764,50,15861402
371746299,39,13447044
371746542,3,961426
371747961,12,4459152
371749235,13,868471
371749776,155,78212506
371750547,12,511967
371750722,8,596316
371751037,16,9168321
371751201,23,8708480
371751299,63,28908675
371751700,12,7709800
371752335,17,5142749
371752642,121,70347381
371753302,83,31361499
371754272,21,4327923
371754415,27,1618152
371754489,9,469762
371754601,30,8908041
371754805,16,1959788
371754898,10,3265037
371755447,7,459190
371755615,31,4340662
371756229,94,38284078
371757049,162,70663324
371757301,17,1100173
371757767,20,2246790
371757782,46,15427803
371757805,8,1287928
371759131,15,4365261
371759726,144,58872964
371760261,39,16281674
371760315,22,5346394
371760556,7,1752728
371761717,8,740491
371761771,39,8947319
371761971,34,10872601
371764007,23,986827
371764523,12,2679883
371764857,14,2940607
371765085,14,3770403
371765517,109,46079980
371765856,7,1094554
371765993,22,4294272
371767050,13,1106541
371767526,22,12575585
371767595,116,49146091
371767668,19,9582703
371767676,18,3173208
371767845,8,2402794
371769001,18,1758997
371769034,59,29353511
371770080,19,4805481
371770949,14,2457625
371770972,13,561334
371771300,37,13196290
371771387,73,40798518
371772574,21,7352215
371772845,56,17906793
371772875,18,3879121
371773170,291,123702345
371773569,18,8535795
371773590,15,7160188
371773868,19,4247004
371773998,23,8932689
371774793,12,6050147
371775029,5,321142
371776019,28,2135053
371776048,52,18718263
371776087,48,2751036
371776099,35,15616364
371776323,83,6396993
371777785,4,65902
371779253,4,311495
371780840,14,2749063
371782079,16,920826
371782434,31,3112812
371783547,14,4202821
371784135,12,4587368
371786546,15,1751416
371786755,39,16143334
371786778,15,4011903
371787873,11,901894
371791142,14,822353
371791280,38,4546859
371793989,25,1142381
371794148,24,1156090
371794628,27,3147930
371794718,27,2259629
371797757,8,1734804
371799655,22,4027540
371800193,31,2392152
371800520,5,655286
371800647,16,661541
371802419,12,1620976
371807295,11,914297
371809016,25,1284036
371810103,15,986664
371812461,41,2415783
371812475,26,1378368
371816912,13,2048180
371816948,5,937538
371817626,11,785916
371817860,7,1707529
371818075,53,19568055
371818351,7,2476265
371819087,14,3613260
371820098,59,24527005
371820100,62,29440364
371820451,15,2002394
371821775,11,1809952
371822160,32,12052028
371822309,7,2823676
371824314,74,4405627
371824856,9,392146
371825383,140,57895705
371825389,18,1748401
371826352,46,17563421
371826709,25,1760583
371827857,31,17327360
371828282,74,16709618
371831032,10,394444
371831510,10,4580342
371832588,7,3138145
371833230,20,7262744
371833460,3,1083132
371833890,5,1513872
371834032,5,735255
371834340,29,11796093
371834563,14,5579562
371835495,4,2297922
371836483,13,814122
371837709,15,5596892
371837873,13,4864015
371838086,16,1353928
371838737,228,101165523
371838804,15,883877
371839185,79,24786034
371839267,12,2211414
371839473,6,1114979
371839852,9,2759810
371839933,11,4928667
371841565,10,3512110
371841733,21,2370486
371841802,108,40013706
371842138,12,1206670
371842146,13,2009894
371842405,8,2457386
371842842,33,12137606
371843949,14,9040581
371844318,12,4461235
371844901,23,4878572
371845299,11,283347
371846239,11,2845342
371846515,4,76862
371847324,18,3314852
371847822,30,844408
371849821,48,11745327
371850942,10,5177974
371851126,21,3726214
371852769,15,2287335
371853894,9,2256442
371854180,6,673964
371854913,25,8054490
371855336,14,4352180
371856232,21,6550952
371857430,6,608470
371857616,70,3913483
371858189,20,1892553
371858840,14,555756
371858983,18,1202077
371859495,8,1862576
371860316,16,1554655
371862266,10,895226
371862393,11,918598
371862450,13,2471438
371863017,23,1188395
371863477,5,2154255
371864167,12,393093
371866092,12,2443104
371867226,13,2997826
371869574,27,1529722
371869733,112,9711909
371869898,20,1362231
371874812,39,3169508
371875604,7,3297877
371876795,35,2219876
371878084,29,1350631
371881046,3,100736
371881232,10,535841
371881943,7,1187050
371883925,66,5158879
371888778,15,2603326
371889316,5,387765
371889714,25,4580558
371893025,8,410800
371894962,22,1836873
371899473,10,848006
371902243,16,4360606
371902620,6,829249
371905242,5,1733762
371906172,19,1813871
371908091,22,7330426
371909415,24,5406409
371912804,8,2453841
371918756,8,1450961
371923850,9,973752
371931485,28,3497607
371941418,26,2467476
371957923,6,343069
371974635,29,2024510
371977120,23,932072
372032255,9,492825
372032259,20,5501684
372051442,5,978184
372054377,15,670695
372055003,13,709447
372061900,12,476992
372062309,17,2617329
372070154,9,255419
372072694,14,1107001
372074065,22,1333330
372076146,38,5429049
372076892,69,33482579
372078472,55,8134119
372079995,23,1330704
372082126,17,5838442
372082194,10,2250119
372082956,22,2057273
372083104,5,324535
372085130,8,985122
372087072,14,2549353
372089312,14,961972
372090548,24,7996443
372092137,46,12206530
372095181,12,495690
372096393,9,2477801
372097005,18,483764
372097426,8,257784
372097746,16,807241
372098565,8,3093347
372102116,6,2501481
372106230,9,737578
372106249,12,249701
372109796,14,732303
372117579,14,1918400
372117805,19,4319776
372119082,44,2718567
372126081,14,1942892
372127048,14,2420960
372127831,46,15286937
372129212,42,1863801
372129756,3,411623
372129926,7,2773644
372130234,49,8003363
372131288,82,19841108
372133072,22,5547194
372133181,169,33526629
372134912,11,3051304
372135261,20,1406136
372137302,8,307206
372138880,127,41272636
372139630,41,16944572
372140822,26,7845481
372143337,24,9303781
372143411,65,16185396
372144502,13,929452
372144576,32,691429
372147417,7,288622
372147587,52,18988050
372154471,28,8667257
372155001,28,14029270
372156348,3,731545
372158397,3,647456
372158693,31,19480529
372159682,17,6222863
372161312,7,232962
372167383,11,549190
372167730,10,1222929
372169391,31,3668864
372174051,22,1997471
372175162,12,304099
372178591,63,3182079
372182055,5,639397
372184113,3,103864
372185938,33,959071
372187944,5,488426
372189292,26,8703653
372190667,101,29283125
372190759,20,537228
372191156,4,195939
372191840,31,1274140
372193682,21,4155982
372194345,21,2547444
372194619,9,1076993
372195858,12,5596356
372197302,46,4141437
372197708,18,2784622
372197719,3,1248179
372200034,5,1340375
372201289,13,2087756
372201317,92,41671865
372202417,5,2482475
372203465,16,1634193
372204882,13,5253028
372204969,9,1196629
372206270,16,5503098
372207266,66,18902577
372211116,38,1947117
372211142,14,588373
372212870,25,5798072
372213495,30,5292870
372213539,17,8632304
372213673,10,2864151
372214636,74,5333805
372215873,10,4092662
372215942,22,1891477
372220040,29,9114294
372220986,28,5518847
372221174,27,9816930
372221247,8,2097276
372221622,21,1932560
372222030,16,6696766
372222384,7,1460330
372225379,41,2150226
372226076,31,4576533
372226176,5,507288
372229819,16,1203858
372230299,20,1444075
372230613,13,5142683
372231883,25,1736388
372232082,16,5119537
372235038,17,949670
372235057,18,10038083
372235327,13,787192
372236762,13,1164042
372236948,37,2245390
372237535,9,347194
372241139,20,3301294
372242418,16,1326105
372243086,27,3357862
372243097,4,285915
372244006,7,409456
372246074,20,1924288
372246119,19,1416590
372247190,146,12850218
372249386,15,1028732
372250993,28,1755696
372252587,23,1255776
372252650,9,557578
372252951,27,1366587
372255447,33,3316355
372255737,15,823507
372256774,15,8869632
372258429,23,2260386
372260984,92,23942234
372261287,39,14372396
372261689,11,932962
372261801,9,2302548
372262334,4,1083388
372264696,63,1321297
372264846,4,1945985
372266132,52,3589300
372266307,38,18988814
372266743,6,3489994
372267220,3,522893
372267541,50,22668981
372268347,80,33186444
372269281,12,4113112
372270473,87,27923125
372271978,43,2084159
372272333,19,1325368
372272344,158,37732309
372272464,88,49514008
372274379,114,47199731
372275509,32,12345659
372275984,8,3530429
372276487,17,2292819
372277009,7,3829285
372279471,199,92886374
372280007,99,49536281
372280345,16,1717784
372280493,3,1198289
372280663,20,3617296
372280703,20,663271
372282170,19,12281171
372282381,46,2773839
372282415,130,49963724
372283397,6,275709
372283672,17,3439417
372284417,57,16408637
372285910,25,10087847
372285982,15,2888976
372286956,23,6728508
372286998,113,5303071
372287452,4,151974
372288368,26,3496871
372288550,15,3361903
372288873,8,486482
372289892,7,669308
372290213,14,4330135
372290737,63,26499274
372291021,20,5944835
372291347,32,1729221
372291368,14,4060587
372292688,6,1809083
372292854,20,1040537
372293253,13,1435261
372293304,6,1391392
372293353,7,6771841
372294021,27,1699826
372294566,14,4381331
372294719,16,13357198
372295009,125,67498625
372295229,101,30462860
372296675,13,6569912
372297690,7,707189
372297985,15,5862183
372298391,14,5868868
372298966,37,15792151
372299069,5,364705
372299121,12,8357804
372299368,91,31564274
372299773,10,3169497
372299914,15,5030845
372299963,33,12412688
372301438,8,2352237
372301476,23,6733969
372302914,15,530130
372304098,11,408649
372304140,11,710299
372304349,49,4183265
372304464,8,2609735
372304958,85,30880550
372305674,25,2061727
372306182,8,2737076
372306212,32,2860542
372307247,27,1990757
372307327,11,871965
372308316,39,18663910
372309656,14,587732
372309797,3,1056221
372310893,30,8923628
372312302,20,4926311
372312680,5,1212244
372312824,16,3199811
372316253,8,357077
372316601,9,1256744
372317563,7,96373
372319673,16,966765
372321005,28,2019161
372321259,19,1195573
372321588,10,1040068
372322188,13,847201
372323408,15,1292555
372325641,23,1353584
372326111,15,1129687
372326154,13,267815
372326199,10,355216
372329869,14,1627287
372331601,16,1680744
372334084,143,13999536
372335426,54,3683554
372338951,206,105983227
372339220,343,166258880
372339673,63,18996850
372340041,9,505737
372341264,3,24066
372341406,50,34140719
372341849,29,10831508
372342870,14,3676241
372345390,20,2141707
372347537,13,3136475
372347761,15,652941
372349117,30,2631717
372349732,137,83649070
372350275,42,15105345
372350817,5,232074
372352493,12,6005758
372352994,37,2413095
372353197,5,3489499
372354149,6,2378675
372354861,17,4837725
372355362,29,1449811
372357040,10,2832496
372357139,39,994127
372357386,21,5215977
372357390,24,9703421
372357555,12,374243
372358245,3,111743
372358269,4,317129
372359403,56,27517216
372359982,19,998870
372360723,11,1528910
372361537,21,6160092
372362138,19,12803059
372362373,16,3610929
372362684,26,1982902
372362937,4,1172199
372363021,13,1969144
372363341,11,2510390
372364281,21,1306616
372364387,171,75453571
372364476,44,13561629
372365012,14,2240483
372365522,11,5788849
372365655,21,8197507
372365776,39,15933965
372367060,18,4754417
372367108,3,799284
372367809,8,5275860
372367916,72,31943454
372368649,12,4874790
372368959,13,2715619
372369176,23,1052779
372369314,13,5045298
372371112,77,31456855
372371448,15,3062800
372371520,21,623696
372372465,9,824872
372372774,18,5115183
372374758,19,7100772
372375313,14,995852
372375566,16,1833008
372375584,32,7894595
372375663,23,3072398
372378391,33,10204112
372379218,22,1872552
372379959,10,816781
372380561,10,2248063
372380783,8,633939
372381095,43,2437542
372382752,15,538013
372383338,20,1580032
372384060,8,2351338
372384786,17,878434
372387726,30,1486932
372389855,19,412363
372391512,12,1443008
372392666,23,1034247
372395219,36,2664661
372398714,13,716995
372399553,10,657552
372401491,5,480777
372404118,32,7035429
372406244,14,2141753
372407489,64,6056231
372407770,4,450044
372409932,22,4737189
372414387,20,1641305
372415067,17,1830125
372418144,32,2528077
372419192,20,5487692
372420709,12,1316762
372421342,31,8659444
372421417,9,126436
372422063,13,3357883
372422197,14,2772678
372425344,20,1688569
372426400,16,818848
372426457,10,1062897
372426988,14,1125124
372427764,12,1719331
372428040,20,8351784
372429055,34,1819336
372429699,9,430880
372430151,6,1837054
372430301,36,11684223
372430794,18,7553746
372431059,63,1025997
372434905,17,746122
372435033,19,6078714
372436311,4,129252
372436392,245,5469987
372436943,7,838347
372439541,10,981386
372440858,18,1590017
372442141,20,1174282
372443389,8,312491
372448474,10,574830
372449268,4,390016
372450959,15,1447602
372474672,3,185771
372493966,7,408781
372542776,9,1848620
372545477,10,288104
372550353,10,805627
372551627,11,930482
372558772,15,1179774
372558796,16,5693141
372561771,9,597530
372562116,14,788805
372566805,16,1137258
372574324,34,4213652
372578458,13,3186652
372580329,6,195741
372583105,23,1758047
372586410,59,21497778
372588080,5,190978
372588205,56,17454207
372590139,22,8590529
372591118,22,2065786
372592790,61,4260665
372592950,11,624714
372592953,8,2134662
372595754,8,2785122
372597085,16,6497295
372597641,13,3673510
372600431,3,1387886
372600938,16,1269700
372601266,12,3042644
372602142,83,35133833
372603406,17,5837076
372605616,3,1117262
372606040,7,1037145
372607687,14,4606440
372607730,13,3117736
372608115,15,4186926
372610688,19,1612159
372611868,77,8980175
372612441,3,285914
372627059,13,1383451
372632093,11,4741686
372632256,25,2325053
372635210,6,369792
372636984,24,909252
372637521,59,24990055
372637617,37,4758005
372638068,370,111844343
372638836,29,12449038
372642115,18,19872251
372643168,9,426001
372643514,3,70136
372643518,21,4973818
372644097,6,1383028
372647136,13,652370
372650943,19,14713102
372652287,29,3547122
372653101,4,674671
372653667,12,680556
372653691,4,2020970
372653966,30,1018400
372653975,16,10042942
372654419,34,14080528
372654891,37,9283536
372659381,7,3301761
372660517,22,15354804
372660711,24,7793033
372661404,24,7636154
372663637,11,3279480
372665368,19,7568571
372668680,10,38570
372669946,20,940615
372671350,47,2647823
372671691,5,239459
372673131,11,121608
372673387,14,1409357
372677762,5,434581
372678271,62,5491154
372688514,6,656805
372690086,6,179913
372691152,42,5817961
372691380,7,492726
372692772,48,2815367
372694577,12,1108285
372696703,19,2325150
372697350,49,1244149
372698823,6,730805
372699897,10,319188
372700626,20,4753475
372700731,8,1976498
372702624,171,76077112
372703491,31,9219730
372703583,36,2017385
372703739,26,6788307
372703798,6,989030
372704612,8,1893339
372706458,4,80796
372708034,9,118983
372709045,17,4063177
372709111,20,1276108
372709291,30,11247601
372710177,18,7012239
372710972,45,22037680
372716232,16,271727
372717243,10,3624372
372719826,15,4842887
372720892,23,1733380
372722031,18,7222392
372722049,39,11413759
372722165,13,2710295
372724605,13,2615476
372725209,49,13015726
372729490,8,507898
372729896,14,1111699
372730151,22,1192385
372730377,15,5201205
372732525,26,514687
372733934,17,6210330
372736942,30,9486473
372737300,14,1753866
372737507,58,4153760
372740367,10,749115
372740626,16,653953
372742839,16,1219780
372744940,10,665868
372747244,6,1393069
372747980,4,86409
372748784,15,1627350
372750585,8,1395855
372751323,44,1927579
372754347,22,2068226
372756801,34,3056439
372759067,11,1002614
372760186,41,11661701
372763342,7,1971403
372764579,14,1594446
372765490,9,5544042
372766269,11,1950706
372766990,16,3368398
372767057,17,2899849
372767088,3,416070
372768135,23,9382343
372768219,176,78531689
372769310,9,2706625
372770698,13,617508
372770781,15,4962781
372771701,21,6459543
372773213,119,39567810
372773322,22,1946604
372773353,34,25382897
372773600,4,203624
372775107,12,785063
372775194,3,1322018
372775481,8,939291
372776610,13,6722505
372776867,14,1594796
372777260,19,5933390
372778286,12,1510335
372778586,25,8485474
372778835,25,10594166
372779082,10,2541844
372779285,25,15305112
372779629,16,1028327
372779840,14,3691353
372779966,13,3015886
372782920,11,4459094
372783214,14,3969335
372783222,28,8449365
372783227,17,8383113
372783280,28,15052823
372783427,15,587287
372783482,12,4991847
372783658,14,2442466
372783699,11,6702901
372783807,5,1540607
372784738,14,2384402
372784896,10,2769879
372785262,28,1015139
372785594,11,3037918
372786001,24,9868987
372786231,15,5018141
372786983,129,44301626
372787808,12,4155124
372788279,16,2481866
372788503,37,25657234
372788688,14,3812480
372788902,16,5453618
372789518,15,7634966
372789539,73,34791966
372789759,67,30462299
372789778,15,3476772
372790051,14,1483597
372790125,15,2559986
372791025,39,3205897
372791108,15,903903
372791223,21,10467706
372791413,4,151283
372791511,15,3027702
372791599,6,2890201
372792870,17,8871695
372792919,5,1300391
372792989,30,9107673
372793966,30,11588292
372794181,24,8833525
372794404,51,17015678
372794956,30,16048173
372795398,19,7668307
372795744,3,590163
372796186,14,3001664
372796246,4,1595969
372796704,17,4009245
372797031,21,1338561
372797300,4,332289
372797735,11,3521817
372798404,15,3826437
372798469,24,6922112
372798897,147,54047712
372799560,35,9748686
372799693,19,7635911
372800308,42,32176438
372800603,16,5848174
372801191,6,2525513
372802319,16,9038102
372803328,20,5953963
372804458,27,8528326
372805750,20,1693731
372806001,13,3321198
372807328,12,974146
372807814,13,1361867
372807885,4,1214711
372808419,46,1603750
372810322,16,6318414
372810504,6,2814724
372810682,7,295952
372813698,24,1929308
372815223,36,11020420
372819542,14,709418
372820423,11,7705972
372820997,27,2563045
372823375,12,672729
372823482,4,228516
372825620,16,1008521
372825811,11,1102326
372825815,24,1393366
372826109,13,2937094
372826696,11,6162730
372829510,13,2752045
372829746,50,2986156
372832783,5,354057
372833531,59,3214653
372834448,18,1589594
372835008,13,515584
372838521,282,127714845
372839777,15,2599332
372839912,10,3784741
372840248,34,1846733
372840435,24,1131415
372841077,17,334413
372841385,29,9759647
372842641,17,10850104
372842949,4,238863
372844135,246,143779590
372844626,81,17208063
372844684,3,626303
372844687,19,1358268
372845070,13,2057962
372845091,21,1451191
372848562,7,2068023
372848836,12,2269059
372849347,9,3393580
372849729,19,8038584
372849760,14,4272899
372850682,6,412894
372851013,22,5503689
372851129,4,680520
372851814,22,1400535
372852069,17,1646447
372854268,12,1170538
372854587,11,520360
372857003,12,3084457
372857622,10,652251
372857927,5,2536197
372858116,13,4231872
372858131,335,150826397
372858442,6,1485762
372858471,10,3265992
372859302,23,11763496
372860000,29,12582080
372860591,12,1912212
372860939,32,1906837
372861021,36,15503129
372862547,7,1879638
372864655,21,6158584
372865166,4,862246
372865274,29,9411853
372865317,19,2407367
372865325,16,5893578
372865330,29,4059419
372865872,10,5127600
372867125,7,616553
372867414,48,18732512
372869015,8,2201790
372870073,42,16602216
372870232,60,3479682
372870928,3,185980
372871409,52,20743903
372871783,35,11219299
372871801,11,1428291
372871950,11,8540199
372872403,5,1130697
372873301,9,2560026
372873350,12,2697101
372873972,12,3603449
372874114,18,3365638
372875406,46,10782588
372876322,41,17220602
372877147,8,5012105
372878886,11,4794186
372878972,43,18445703
372879011,30,2222387
372879618,12,3071826
372881566,10,815936
372884151,7,2340922
372886100,33,1853557
372886931,5,1095873
372887896,14,3841391
372888328,68,20816505
372892396,17,6210987
372893312,5,448933
372896713,148,10963199
372897923,15,732342
372899482,14,533204
372908746,6,449883
372913707,12,3082773
372915688,13,2536624
372918639,9,505751
372919063,6,764645
372919097,36,5623574
372919212,13,3740530
372920952,16,748228
372921475,11,394460
372921549,15,3654157
372923389,17,6829480
372925002,15,5449469
372926674,6,3867566
372926753,3,944466
372927387,7,3468584
372929966,31,11566633
372933239,20,941639
372933775,14,1861706
372934656,68,8194720
372934665,31,2706365
372934694,7,415627
372947517,12,1741676
372948447,11,703759
372949725,12,617744
372960007,21,2079459
372962747,9,1264739
372968108,8,2440390
373017071,3,97644
373046921,8,337650
373052181,8,557290
373078839,15,1037700
373082735,34,2703970
373084425,15,730526
373092407,110,47482052
373092829,12,7157760
373093682,7,208193
373094562,120,32012839
373094783,4,5043815
373097447,8,737476
373099132,29,1325289
373102324,4,2952465
373103993,17,8651956
373105776,13,521265
373110626,19,2026353
373117600,38,2898678
373118828,25,1442107
373119206,41,1722264
373120101,33,1750572
373120312,16,1793138
373123425,14,1626933
373127072,34,8320636
373128152,10,1133688
373130666,18,1343865
373133105,18,831523
373136258,66,2954426
373139216,18,871403
373142867,8,309878
373144209,23,3759826
373144469,12,4448108
373145416,31,15079850
373145941,52,3057840
373148081,16,1256365
373148769,5,139431
373149426,201,33988297
373149527,12,1227971
373150662,13,4085735
373150808,6,1318958
373153818,15,3207891
373153922,9,999831
373154286,12,2361817
373154488,53,15855307
373155444,39,19849934
373158968,28,17299009
373160101,10,587723
373162145,7,1604452
373163075,7,695838
373163100,8,228508
373165710,74,31516036
373165790,7,1343360
373166933,24,940789
373168069,19,1933118
373169995,17,2450731
373174817,113,12449002
373174945,10,558717
373176685,43,1906005
373178020,97,3588487
373188656,20,817358
373189376,10,2543674
373190184,19,856865
373192738,53,2409087
373197014,19,3308822
373198287,8,549495
373198363,22,880885
373198598,15,594614
373203927,13,4070449
373205443,32,9480415
373212922,13,2111314
373213802,45,2428052
373213847,40,2294867
373214252,19,7794657
373215505,132,46224589
373216830,13,1103488
373217676,11,12538454
373218767,32,3424898
373220618,10,3327886
373220813,7,6339373
373223874,22,2215225
373223966,28,6986776
373224267,11,2291053
373224680,14,12402983
373225435,6,3508089
373227961,10,877650
373228386,15,4148857
373228913,12,4710857
373229244,10,4101069
373229270,43,13940603
373230842,12,613561
373231342,10,2123627
373232730,9,3582377
373232800,10,2764797
373233922,9,3918871
373234838,132,10771783
373234844,9,386994
373236679,16,6301153
373238364,13,553540
373246243,13,2373902
373249037,33,3145776
373249555,15,1113618
373252797,49,1826432
373253068,31,1210884
373255893,17,1291090
373256133,19,958006
373261406,26,3270242
373261552,6,292119
373261819,16,1264019
373261835,8,409504
373263602,28,1424516
373266163,56,1120714
373270275,3,4216370
373271108,29,8354885
373272099,197,84465673
373273548,24,3229058
373273795,13,2054955
373274272,6,2522209
373275419,7,373430
373276971,14,1314728
373277161,76,25606598
373277803,17,5224583
373279154,10,428068
373279349,21,1215724
373280691,5,1390648
373281367,10,271184
373281431,9,1550655
373282571,36,21216123
373283205,20,13262779
373283916,98,34048537
373284072,237,90258838
373286462,3,797343
373287482,10,3602738
373287821,41,11964741
373288086,11,2639603
373288740,8,3663699
373288789,13,7487260
373290271,66,18974179
373290757,12,10141894
373292523,18,1348929
373292818,12,3373861
373293085,22,15245269
373294404,44,2772836
373294527,63,25679672
373294809,3,14064
373295473,12,1513928
373295487,3,634548
373296092,39,13599088
373296683,14,1668179
373296728,18,5881243
373297005,142,48599011
373297127,5,2008584
373297132,98,28038988
373297622,28,19517937
373297783,54,21456744
373297957,16,755664
373298276,126,46620080
373298296,7,208063
373298701,16,2315655
373300615,42,14240033
373301263,8,715286
373302808,19,5065723
373302923,19,5456134
373303086,10,1146617
373304395,12,9331619
373305214,116,51753234
373306812,14,1044821
373307848,23,11055650
373307878,3,544302
373308068,29,9092452
373308391,13,4780472
373309523,61,5712229
373309886,13,816641
373310123,65,33485929
373310260,15,9213773
373310332,17,5261283
373310688,52,3396676
373311616,10,609388
373311626,47,1213885
373311909,21,1145917
373312204,6,383043
373312526,10,528585
373313528,6,323539
373314373,15,6766371
373316146,52,5172550
373316267,40,3466116
373318105,18,8704641
373318284,25,4612616
373320117,15,2433938
373320301,8,1219367
373320318,32,4666393
373320654,25,2892616
373320731,5,521286
373321045,25,1231620
373321159,5,494717
373322617,17,1180186
373322762,9,196455
373325203,113,10063164
373325617,19,2268745
373325897,5,306428
373327971,27,1945545
373332987,45,6079173
373333020,191,9782134
373333835,3,191058
373335078,6,930073
373341466,6,686863
373342354,6,890818
373344826,53,21121656
373346403,15,6139977
373347223,9,1924577
373349283,12,1223294
373349714,32,2163115
373349724,21,8606523
373350131,5,1313524
373350358,13,799840
373350767,26,8496785
373352633,94,60855830
373353871,35,22313012
373356540,210,71099282
373359920,13,2698332
373359978,38,15630978
373363218,7,3803370
373364027,6,5758796
373365768,10,975149
373366808,22,2031109
373366909,48,16832798
373366953,12,927554
373367692,79,6198215
373368459,87,39861534
373368641,7,3339397
373369147,10,3989895
373369710,33,14599185
373371381,26,9914053
373373894,22,5265605
373374955,15,6422200
373377372,49,12543119
373377650,9,739950
373377800,15,1486095
373378652,8,2934525
373378815,34,13738431
373378901,6,304584
373379212,13,2091292
373379344,10,5933148
373379489,74,34433740
373380835,19,1816135
373381905,23,9471654
373381939,3,810836
373382064,25,4512430
373382610,14,5846802
373382757,16,5247951
373382973,13,5406432
373384084,5,1250604
373384260,8,573474
373384630,36,8405239
373386851,18,8312690
373386981,9,6775618
373387004,15,5084662
373387400,18,1426765
373387420,10,1838561
373387651,22,1522002
373388762,10,2341175
373389851,27,9702843
373390604,22,7306727
373392213,9,2617054
373395126,31,1541845
373395159,13,7802235
373397406,4,1123898
373398259,95,5502319
373400041,22,6634525
373400547,10,4802798
373401613,20,1144410
373402750,17,3746856
373404057,20,1817969
373405105,27,1096881
373412548,16,853817
373414223,12,998108
373417454,95,4512227
373418008,7,309371
373420330,29,10994659
373425417,21,2576721
373425600,22,9264629
373426733,121,48022085
373427265,16,5906241
373427706,26,9976978
373428061,13,1745848
373428960,8,576523
373429856,6,3195243
373430366,7,3080182
373431569,9,353005
373432664,12,4372176
373433002,20,12186386
373434123,29,11532299
373435428,91,35220231
373437547,25,1492547
373437570,15,2469036
373438238,20,4838685
373440743,18,4902346
373441023,5,95707
373441562,17,619996
373444283,42,22777005
373444807,18,1224769
373451344,15,579798
373453604,25,2356430
373471927,24,2215703
373473878,9,384139
373493138,17,2559046
373529296,11,427890
373558883,25,2882705
373574655,22,5186779
373576424,13,4595537
373577883,16,4675433
373582373,7,183336
373597100,7,200476
373608412,8,400026
373608743,6,2852054
373610766,6,1537920
373612399,17,2541666
373612952,3,1133193
373613892,28,1354190
373616162,7,1591296
373617295,6,524062
373617924,6,18205
373618484,16,1225135
373619428,20,8446991
373620005,19,650696
373620930,12,3216995
373624638,10,758515
373625532,6,1799895
373625968,15,2479098
373627150,14,3254706
373628513,5,4135938
373629735,14,606712
373630510,16,5610494
373631840,6,1857608
373631869,20,1188902
373635468,17,816712
373640610,72,4453653
373647732,28,1267357
373648381,14,396327
373649977,29,1395182
373650874,39,2554553
373657859,10,1234177
373658299,10,1791717
373661243,5,103443
373662763,322,102542365
373663470,16,2927091
373670908,8,381809
373672177,32,1658748
373672331,17,913109
373674024,9,1155031
373674258,15,4377933
373677379,9,983528
373681336,23,6099783
373682362,27,1997737
373682436,108,71257570
373683648,15,542626
373686719,11,1296876
373688332,18,469714
373693844,12,1939859
373694102,14,635245
373696778,37,3422291
373697528,11,915507
373697741,8,750442
373698355,22,2022797
373699083,13,897810
373706027,14,373716
373706056,12,395849
373707574,17,3560190
373715071,31,2194370
373716176,5,604858
373719116,26,2974401
373719772,20,4115516
373719999,33,7154755
373722448,116,47709451
373722558,46,22605867
373726761,32,6568473
373726903,4,649296
373730347,33,8302952
373730380,16,3419601
373731015,16,829526
373731962,11,1330112
373731975,16,5327404
373732363,8,4084323
373734135,10,1565746
373734556,105,35157967
373735561,29,1225954
373736395,16,3786910
373736942,14,6743868
373737641,13,2960832
373738575,42,1796677
373740502,16,4485522
373741931,14,2664822
373742500,5,2168572
373742721,16,8461381
373742781,4,601050
373743531,11,2347826
373744964,11,870976
373746892,18,7362866
373747846,15,2464165
373748654,9,3496728
373749142,15,2365328
373751428,21,3863237
373753005,26,823689
373753994,92,9880960
373756851,8,2035038
373756857,41,3679631
373760057,6,156751
373760260,20,1391380
373762052,18,740535
373765590,13,1633527
373766712,34,2281792
373767779,16,1077202
373769646,127,9229569
373770286,21,8103382
373778268,14,2033333
373780029,19,2690629
373781446,13,501073
373781747,6,527310
373782446,23,7967686
373782462,14,2860497
373783173,48,21567188
373783214,110,11600325
373783276,4,724310
373785128,6,2018772
373786219,16,6584976
373787662,66,20753882
373787934,85,48935856
373788275,31,9679301
373788328,81,23692147
373790927,24,9970641
373791121,19,3613386
373791298,5,1299501
373792401,6,292114
373792471,8,2627282
373793158,16,602655
373794303,115,48320514
373794794,21,1315436
373795740,26,420811
373796488,5,8779744
373796982,20,6351649
373797306,12,4985055
373798058,14,4412971
373798472,208,106946730
373799218,38,8652787
373799984,15,1505741
373800356,8,1876740
373800479,396,149873503
373800817,16,7916377
373800961,15,6873258
373801083,18,9092216
373801156,118,45362679
373801301,21,2852476
373801540,17,1477008
373802687,44,3214998
373803072,27,9973601
373804928,32,13155450
373805636,6,1189910
373805665,6,7701941
373806515,6,379646
373806751,13,6983163
373807673,23,3145902
373807710,38,11219302
373808122,8,676972
373808813,130,55499272
373810353,5,1713966
373811172,38,9200146
373811300,93,41745892
373811510,23,928608
373811597,21,7327298
373812300,8,617990
373812479,18,1462009
373812745,30,15573397
373812747,17,2381409
373813144,24,6975817
373813762,11,414045
373814095,14,3721954
373814148,16,8100779
373814788,10,2487272
373814953,12,346967
373815572,10,1975521
373816599,33,1223744
373816993,4,1209582
373817344,26,12079801
373817948,16,4502747
373818171,19,1591272
373818489,6,509226
373818615,20,3987364
373818727,4,2305500
373820315,4,1035354
373820721,16,2902831
373820812,82,34274423
373821646,50,28141532
373821665,10,3040745
373822063,22,717719
373824462,23,10938562
373824961,27,1702696
373826150,16,1807390
373826360,30,8617328
373827959,13,3857911
373827993,12,2677054
373829810,13,6150474
373833004,99,29303695
373833510,8,566699
373835822,46,1850506
373837896,7,1687525
373838009,24,809424
373838433,20,1279369
373840803,16,784305
373841339,11,643231
373842735,15,801804
373843899,21,761888
373845565,22,3312058
373847933,13,678995
373849146,17,2029837
373850159,12,16140809
373852054,9,925766
373853809,15,1424262
373856000,28,1903845
373857563,4,813437
373863589,6,1127756
373863768,8,5140471
373863955,14,1870019
373865493,10,1166446
373866742,17,985115
373867021,28,9148132
373867138,29,6593849
373867205,12,1530750
373867302,43,18808531
373867712,13,911849
373868123,10,3173183
373868705,10,1055121
373870296,19,976920
373871765,64,20913179
373873269,8,3226538
373874312,134,64957315
373874323,488,147274307
373875985,4,399444
373878349,8,1714159
373878689,34,15630096
373878917,46,2392297
373880315,14,7147368
373880962,3,1314230
373880978,14,806281
373883122,22,6221644
373884077,24,5441805
373884811,28,12354007
373885091,53,19538698
373889571,18,3501946
373889614,26,15240901
373889622,10,2361305
373890431,21,13424843
373890855,14,3626662
373891596,22,1692432
373892117,16,1170717
373892323,18,4246976
373893103,113,45131854
373893344,10,1277604
373894878,22,5551282
373896096,38,16094969
373896555,10,2741677
373896718,24,15862136
373897539,26,8506404
373898771,6,773134
373899083,28,1464600
373900166,17,4113868
373900722,10,591578
373901938,43,2090461
373904185,13,4934462
373904293,34,3061014
373905153,15,1474706
373906013,8,691730
373907231,39,3698900
373909360,12,5501610
373912706,17,2346499
373912991,29,2156069
373913587,20,925609
373917178,40,2153293
373918408,109,7805131
373922579,58,3928973
373931610,15,286495
373932079,9,575936
373932450,27,6790379
373936461,21,1759101
373936567,6,1410818
373936955,10,964788
373937955,54,21331562
373939157,11,526315
373939465,8,1094352
373940333,53,11950930
373942176,17,1483527
373942536,14,1209593
373946700,6,1607530
373948520,7,698117
373949460,73,18524349
373950849,21,8667403
373952885,16,2627245
373953138,9,1436594
373953713,8,360098
373956337,7,1778990
373956814,41,20123101
373962778,24,4410242
373964388,13,2039361
373965024,15,1255269
373966932,40,5765555
373967024,28,2139045
373973319,16,1466402
373973661,16,3613365
373978504,6,310403
373981362,11,718683
373981936,16,2173114
373982369,28,8959189
373983537,58,8439169
373984634,19,818534
373985332,17,709635
373986097,13,951792
373996142,10,960591
373998907,13,1320039
374003408,15,1208695
374065506,6,362665
374086530,6,434838
374096728,10,1050268
374099674,12,576609
374109950,20,1297050
374110198,18,634076
374110653,5,182799
374110718,5,449707
374111124,12,1625930
374134130,6,150629
374137174,6,482304
374138369,78,4309060
374149112,70,4597417
374159964,3,179526
374166089,127,8972488
374168168,21,9587040
374170052,12,5051781
374170216,7,342197
374171212,9,2924424
374172309,5,192244
374172481,34,11408573
374173422,16,1048298
374174761,11,1286652
374176037,15,4522514
374176981,57,24200466
374177367,17,748311
374184525,11,2727141
374184542,14,1068340
374185125,10,2898267
374186308,6,1675078
374187730,35,10012361
374187772,16,6865460
374187822,5,937440
374188866,36,8855900
374189427,7,1302102
374191349,19,7390243
374191852,20,17857616
374195009,28,6294750
374195722,16,6156022
374197154,3,90269
374197554,65,3156542
374197718,7,390488
374199215,10,1885904
374199484,64,29827986
374201420,89,5404923
374202368,24,7623942
374206349,19,898577
374206497,25,956775
374208905,46,2749309
374209561,38,7083448
374214341,5,472550
374214492,46,3326152
374215862,6,358921
374218032,27,3916865
374219040,14,957960
374219583,18,1699531
374221932,8,665405
374222097,41,3162738
374224077,4,45488
374224355,14,1673027
374227795,39,2810847
374232908,6,1247926
374233641,17,4720722
374233716,304,106893315
374235624,9,2361171
374236146,8,2059441
374238154,12,2749263
374238348,15,4985128
374239660,32,6969038
374239769,13,842603
374240984,7,692941
374241698,11,4286512
374243175,9,2657417
374244139,4,228052
374248010,6,720019
374248904,9,884548
374249757,3,883677
374250065,4,1401231
374251697,21,1873254
374252056,35,15224414
374252325,48,7277500
374256925,60,17725946
374257235,10,11909623
374257514,13,4975245
374258710,20,7290126
374259840,14,6742468
374262238,5,1352436
374263743,23,10311343
374263785,12,4035727
374266196,9,4580035
374267584,9,274072
374270373,18,6929843
374271847,8,313792
374276486,8,1882510
374279555,14,5928489
374282305,20,2452305
374282730,51,638264
374285854,30,15065654
374286131,18,19235346
374286554,17,3646862
374287803,11,756190
374290423,8,507010
374294481,10,1000995
374300595,10,3014303
374301147,9,3182972
374302281,61,1174306
374303855,325,151235492
374304627,18,4150220
374304904,10,309267
374309552,32,10133870
374309918,14,812055
374310726,12,7957200
374312908,12,1956046
374313893,10,2072146
374316722,11,3182339
374316810,26,1899297
374317090,9,1203886
374317511,10,4732459
374317513,8,397294
374319804,26,1693888
374320651,18,11217950
374321342,18,4611061
374322136,11,2822978
374323103,8,1513951
374323292,17,2469257
374323458,79,22150719
374324467,19,2555688
374326111,6,2809541
374326301,22,6951911
374328449,73,4888872
374329487,3,79892
374329645,27,17379919
374331647,13,5299706
374334649,3,1323232
374337088,18,9138534
374346128,36,2326510
374350390,124,11395285
374352901,21,2336220
374358201,24,2579630
374359435,80,4145861
374364033,17,6924894
374365022,8,333104
374366130,36,2022381
374368130,85,36914335
374368908,6,4255620
374369500,111,7398559
374370183,28,1934296
374370735,6,294665
374370788,208,65086049
374372880,5,1055622
374373324,76,32060213
374373490,271,109501133
374373742,5,2566444
374374115,49,15114067
374374626,31,31026443
374375280,23,7880582
374377182,3,1297999
374377220,44,14641032
374377605,14,3155174
374378861,74,32432312
374378941,22,12163918
374378998,18,5177862
374379782,15,3739416
374380988,32,10833475
374381759,16,5052546
374381821,16,2691737
374382844,22,3601365
374383082,10,1715171
374383183,3,654687
374384277,4,1248235
374384359,5,2049110
374384595,3,1572093
374385157,5,1697577
374386048,30,8609743
374386160,12,5555430
374386218,25,1992975
374386444,258,128699920
374386967,23,843845
374388059,13,2404903
374388712,28,7551080
374388779,231,91521366
374388894,16,3104789
374389082,46,18214132
374390221,18,7404445
374390682,19,3451879
374390875,7,288187
374390987,13,1761964
374391683,11,2536874
374392026,88,35598466
374393090,68,26287161
374393327,20,611349
374393471,20,1359982
374395246,12,4869661
374395640,9,3625698
374396107,4,460367
374396946,18,4461766
374397030,17,3912489
374397076,13,6064727
374397834,7,3714509
374398080,14,3109602
374398478,23,9614746
374398516,15,5477940
374399280,18,3579808
374399517,6,3713490
374399744,8,4525862
374400009,51,27310893
374400058,20,941373
374400515,18,2755448
374400553,35,7649130
374400864,85,40844924
374401070,11,6205358
374401620,17,5714714
374402030,9,2815476
374402085,22,9783500
374402457,28,14796300
374402871,16,3514781
374403198,16,4562884
374403847,8,2028888
374405600,59,18537996
374406255,16,4675220
374407407,39,12935171
374408124,25,2510869
374409330,28,1151229
374409373,75,34333303
374409858,28,4224185
374410360,30,1200278
374412951,15,1432580
374413026,79,6699231
374413610,14,2496310
374416641,5,258466
374418055,9,285008
374418193,8,1545368
374420733,23,1676832
374421107,10,667284
374426160,4,894990
374430883,25,2015240
374432602,18,2295007
374433824,19,7536203
374434635,19,3440623
374435544,75,7263328
374437031,12,1235048
374437609,270,95730874
374437782,15,27893453
374438957,5,751943
374439255,7,614870
374439749,11,504439
374440332,8,262902
374441361,22,1522127
374441850,6,369028
374442202,35,9735090
374442230,9,332961
374443183,49,20483895
374445447,7,514988
374446007,26,1326406
374446384,15,3720527
374447418,15,1127771
374451711,8,2452855
374451953,85,44782143
374453042,201,73183497
374455105,32,9158051
374455373,5,188270
374456282,17,9104932
374456571,27,9474247
374457417,12,250134
374458970,12,1004234
374459361,204,73908037
374459523,16,5028512
374460380,53,17509983
374461931,19,2009648
374463394,9,4590993
374463606,109,53374772
374465581,25,4426815
374467371,4,673504
374468664,28,10484639
374468699,40,14024904
374468830,12,886405
374470608,17,770486
374470986,11,1944549
374471956,11,4183467
374474472,34,15064920
374474601,3,1461004
374478165,20,7694429
374478547,9,850332
374479914,9,1178625
374482101,8,7668866
374483961,10,948196
374485299,9,2011358
374485545,7,2470003
374486541,15,4438976
374487833,8,442689
374488427,75,6770130
374489414,25,2128510
374490275,13,1201448
374493269,62,3093120
374496324,19,514998
374497300,41,3538975
374497773,13,1742591
374499156,7,755472
374504552,40,6609663
374504755,42,2934754
374506334,19,1741021
374506922,19,569695
374506969,37,1880380
374507980,4,368911
374508912,62,4978228
374511757,7,325568
374514687,21,697189
374515994,21,1858172
374518381,17,1645529
374518912,22,4774989
374521356,55,19835709
374521817,10,2678645
374523005,21,1087997
374528924,10,751592
374530505,9,474276
374536475,15,3572173
374538105,38,15880283
374539695,8,2422840
374539785,21,5241241
374542757,19,5524414
374545933,23,7174710
374548139,11,583193
374552551,12,540061
374553919,38,1982534
374556264,10,510586
374567688,10,905971
374574084,13,687273
374575725,19,3464023
374580567,11,2882887
374626419,24,2051907
374645897,13,827264
374675409,17,1250426
374683863,13,839474
374688733,11,669165
374704423,20,3611993
374709090,9,362809
374710812,26,3480339
374722397,36,3210413
374729171,16,6473792
374734006,8,832892
374734551,22,7054414
374736724,26,1332423
374738809,14,1229073
374740448,17,4250530
374742892,10,923274
374743140,115,6861664
374744503,13,826899
374745416,20,3843484
374751734,12,247028
374755790,20,1571994
374756226,16,638702
374757139,206,63550420
374759027,10,2509009
374762669,13,1384113
374765182,16,3974451
374765563,8,2104741
374767412,4,806246
374768372,22,6227543
374771116,12,3375063
374771278,43,3266634
374772515,24,2008051
374774944,7,2200174
374779830,10,1387462
374781799,3,1219016
374781865,9,2979171
374782161,4,1270622
374782722,10,539965
374783565,10,2010170
374784728,23,7040220
374785953,13,1321486
374788293,7,1813294
374790205,8,1704907
374791831,12,1020361
374792881,12,644909
374795914,82,5765168
374798555,25,2967196
374801107,79,7898200
374801437,56,3048674
374802865,53,3265549
374806187,37,2497516
374807605,10,855876
374809589,7,463172
374810986,18,718784
374813176,12,594490
374815967,25,2766930
374815975,5,738941
374819957,10,232370
374820716,7,955231
374820757,20,4499389
374825185,13,1906886
374825208,11,482386
374830495,11,378572
374831153,449,218451341
374832841,31,8540417
374843072,19,6173470
374843079,13,234430
374845627,13,453232
374846038,36,18410922
374846262,14,7675386
374848768,22,7441878
374849073,16,3566672
374849369,21,2199402
374849941,22,6956874
374850801,5,445508
374851435,6,391991
374854160,18,8591247
374854578,23,3298190
374857646,17,1453274
374859285,32,12631994
374859352,14,1857860
374860283,26,6826316
374860308,11,563664
374860383,4,360724
374861482,11,360223
374864310,18,684538
374865297,29,1385736
374872631,15,1307287
374877160,11,944396
374878798,22,1285077
374881295,64,5847561
374883020,56,2801072
374886419,14,553514
374892842,81,3617354
374892976,108,5001548
374900550,45,2808710
374907910,31,4013415
374908894,9,2113589
374909667,13,1789754
374910721,4,1428050
374911839,13,717503
374914762,25,11823654
374915461,18,6424138
374915684,3,135571
374919927,17,4576474
374920865,11,1553244
374921270,19,9720947
374921377,13,2214029
374921858,13,1883653
374922810,197,9065680
374923135,64,26975406
374923930,26,8545336
374924386,7,318414
374926261,3,150852
374927337,26,13602726
374928302,31,13344144
374931302,14,1596803
374931871,47,12562469
374934659,10,3252689
374936531,27,17234492
374937505,24,6507492
374938397,18,2236979
374942416,41,5394156
374944372,16,9325181
374948218,57,7852512
374948267,18,584551
374950082,21,874043
374953780,3,38437
374954176,15,806121
374957719,9,888212
374958673,5,747200
374963494,15,3154211
374965271,5,1701506
374966542,33,2653967
374969967,10,834974
374970324,3,96329
374974856,124,40217875
374977714,14,6840949
374977951,90,44018577
374978458,65,29489707
374978556,14,14179235
374980575,19,845630
374981438,297,161933296
374981753,18,519150
374981789,20,6868362
374982991,18,1291670
374983057,21,2720500
374985380,60,2327498
374985423,30,7092316
374985978,15,4215758
374986342,71,22642740
374986381,15,4010363
374987700,5,1409463
374988610,17,1252204
374988618,8,691444
374988716,31,2423507
374990171,59,36045403
374990341,28,1304926
374990513,13,4838388
374990962,22,5877950
374993003,64,15097684
374993571,12,1065099
374994010,69,19662236
374994213,5,232053
374994826,33,16321539
374995023,24,5868432
374995199,46,19839709
374995491,5,2404874
374995818,80,30620772
374996320,13,3275882
374996366,7,3403893
374996401,23,6880869
374996475,17,6402436
374997540,14,4809445
374998011,16,2180189
374998118,7,165970
374998335,15,5764089
374998582,16,5693944
374998727,7,621978
374999679,65,28588547
375000345,18,5472621
375000367,18,6355888
375000943,13,8809807
375001545,85,34301845
375002381,16,5164245
375002482,77,3897171
375002851,11,2432523
375002965,109,33810365
375003048,16,3262986
375003125,7,1740233
375003174,26,4478346
375003194,39,23646662
375003218,32,13137727
375003348,85,49755870
375003486,18,1374863
375005111,6,1118169
375005374,17,2017577
375005866,7,867101
375006094,22,6718221
375006116,25,11719572
375006373,13,4377362
375006481,30,11770699
375007041,17,5537603
375008048,11,3296062
375008666,32,2709804
375009332,8,285142
375009574,115,48677643
375009601,30,12475082
375010246,11,4726286
375010322,10,1302513
375010605,39,12916657
375010665,28,10640716
375010695,72,44747162
375010878,20,3144731
375011026,19,5550653
375011356,16,1207568
375012489,30,13427918
375012535,10,1796308
375012876,18,1658993
375013880,29,6332025
375014346,20,5420105
375016347,9,2234502
375016412,13,2503443
375016441,11,1821057
375017066,68,3106302
375017347,7,2899928
375018396,28,8431314
375019054,14,502267
375019289,60,19848084
375019612,8,1105839
375019760,17,857433
375022248,38,1041878
375022792,161,13667815
375022959,4,823108
375023206,13,1658510
375024387,38,2148364
375024571,58,1935795
375025937,23,1105284
375028262,16,5161161
375031560,19,1589172
375031763,10,10083540
375034963,10,4293876
375035407,33,1848119
375037456,30,1418706
375038432,22,1915152
375039701,17,12902930
375041111,18,1170225
375042050,4,50136
375042087,14,461977
375044592,14,694700
375048224,9,1490782
375049930,28,10403038
375050515,6,472865
375053106,19,1830600
375055013,28,17047850
375055658,20,12537543
375056602,407,113696104
375057121,10,1558541
375057401,21,16341548
375058150,99,43942128
375058582,18,3278761
375059184,18,3550007
375059899,7,4699054
375062210,39,18528903
375063835,12,695928
375064603,23,3238183
375065854,77,37752127
375066007,93,5424406
375066972,14,6687347
375067086,16,5187257
375067425,4,1027957
375068483,6,496248
375068979,26,7623798
375070067,21,13280101
375072067,26,9903564
375072206,7,1810129
375072450,19,10829841
375073665,14,1066956
375073686,15,1649186
375073845,13,3392090
375074088,17,2764608
375075095,15,2058336
375075294,35,12689167
375076593,9,2271163
375076881,13,2464608
375079209,60,21394986
375079242,18,1315158
375079621,21,5424415
375081081,20,8690056
375081696,21,2600695
375082415,10,7214760
375083636,43,3316359
375083932,12,3007566
375084708,15,1448216
375084965,28,13049232
375085865,14,4959414
375085943,3,774100
375085997,9,1863738
375086118,12,1112316
375086777,15,4655941
375087399,4,736452
375088396,23,12071744
375088580,27,8321927
375089966,4,867441
375090216,15,4959232
375092581,11,2823868
375093271,5,1826056
375093325,20,4152089
375094489,7,2875739
375096765,6,1312391
375097360,19,8007832
375098667,7,439662
375099431,17,2567028
375101817,22,2833568
375101881,7,1511449
375101928,9,741563
375102118,15,1712827
375103761,29,12048315
375108578,25,3524296
375109178,27,4661638
375111967,13,695370
375112641,6,582391
375117301,17,1415673
375122128,26,2739786
375122799,11,1001282
375123690,13,5460020
375124291,10,1006321
375126507,5,438147
375126827,21,5910295
375127398,26,7453892
375128157,7,137893
375129343,122,67699490
375133765,14,851458
375134338,5,1551317
375135417,79,26272074
375135882,5,270041
375138327,7,128493
375138856,4,748295
375143658,9,1498064
375146111,30,18671428
375146990,22,1787936
375149816,7,571309
375152061,12,1496821
375156733,28,12883622
375157934,16,1640150
375158953,10,980803
375161482,16,1705005
375161742,14,2023885
375170465,5,1851792
375180867,4,142205
375180958,8,306116
375185767,5,343282
375218139,26,11062374
375237680,29,10485249
375244590,9,366626
375247178,5,424918
375277307,27,1263910
375279016,58,3337404
375291900,9,716003
375295481,4,750215
375296429,9,514920
375299227,22,1909921
375300364,21,9674058
375300656,18,2377055
375305322,19,8180819
375308262,7,1748892
375310892,16,5644261
375316155,26,1263126
375316339,3,94369
375319700,15,902801
375325385,15,14715557
375332465,43,2834697
375332973,13,3151481
375334256,22,1451449
375334722,11,765432
375335247,33,7083074
375341240,27,2798054
375345702,14,1209106
375345895,3,1280965
375347354,37,13397879
375347835,18,934707
375349291,28,11549011
375349364,16,2249466
375349743,14,5824404
375353601,8,947225
375356372,34,16103654
375358396,7,733529
375359205,26,381212
375364342,71,2590657
375366360,55,2826986
375368168,12,900579
375368459,96,5553505
375372767,13,1195549
375383198,49,4853014
375389287,97,17947264
375390463,11,3984950
375391958,36,2274500
375392844,8,4223579
375393445,12,489026
375395343,64,26668337
375395898,21,12904786
375396367,20,3178722
375399806,33,12653413
375401515,16,1964983
375402033,34,2197565
375403710,47,15884697
375403773,38,14435393
375403782,8,484554
375405787,5,320044
375405829,14,2140929
375406782,5,180930
375409153,197,18637285
375409622,49,22539553
375410943,12,2699543
375413013,10,1621367
375413036,6,326784
375413635,20,7632162
375414303,13,4250315
375414502,69,32422432
375415713,31,582765
375417466,12,4263650
375419067,10,3849509
375421846,13,6426636
375422322,17,1080416
375424310,72,5266753
375425155,10,387450
375427457,45,2159468
375428633,19,1938691
375429204,20,428930
375429911,18,1459615
375433078,4,167420
375433115,48,3714560
375433140,91,7472404
375437107,9,1498939
375443570,30,1712609
375444769,21,8981325
375445242,9,9433083
375445962,39,2721015
375450215,6,327221
375450510,26,1177984
375450872,15,1181519
375453179,13,616125
375453693,4,298351
375456371,6,337321
375456634,111,37152205
375457382,278,78101343
375459765,21,816471
375470514,5,1440535
375471133,22,1361328
375473365,146,53519897
375476274,16,1765709
375476366,12,3065613
375479536,24,22015377
375480194,8,948110
375480541,17,9238904
375481058,16,1638402
375481538,40,4794047
375483321,23,6447837
375486453,17,6657850
375486486,5,405542
375487944,15,3348955
375488345,19,10310036
375488898,5,2211154
375493289,14,746940
375494371,45,4767855
375495785,12,6250658
375495892,20,11593412
375497117,46,7597784
375498103,9,698124
375498446,20,1379482
375502083,15,1564151
375502125,9,438980
375507726,13,1466519
375511249,21,1995907
375511351,22,1129092
375514012,3,274326
375514341,36,4758407
375516497,21,3180591
375519933,32,4631157
375521723,4,74173
375522422,18,1018309
375523301,5,274120
375523560,108,57703368
375525850,60,18661968
375526298,16,1352460
375526837,3,531634
375528088,78,35971606
375529330,31,3180823
375529937,28,13604106
375530566,10,1577049
375531388,18,4898655
375532090,22,10272256
375532151,17,3897156
375532702,16,4301859
375533790,43,19055785
375534117,9,3026340
375535584,107,51735552
375535698,13,6451851
375536025,65,30333008
375536991,393,120872392
375537262,252,95661801
375538081,5,595952
375538761,18,1849168
375539417,12,1754377
375540024,18,1580277
375540505,20,6758408
375541212,18,3906302
375541429,10,1763257
375541817,3,261208
375541957,7,482830
375542167,30,7852340
375545412,14,3098029
375545640,25,9727487
375547157,14,5673500
375547348,25,11503254
375547641,12,2028986
375547767,15,5438777
375547811,123,49322117
375549746,53,1441335
375550118,60,24899793
375550275,9,3635285
375550303,26,4955283
375550732,3,1198561
375551065,12,3943076
375551211,15,3163618
375553568,5,3478566
375554106,115,59339928
375554124,23,7213226
375554497,41,7530242
375554666,20,3299417
375555369,67,25033497
375556330,29,2967261
375556426,9,4318259
375556572,122,79341377
375557804,15,2685674
375557917,12,2856423
375558739,17,9340745
375558905,41,24404041
375560082,13,2572014
375560293,8,2537058
375560398,24,14168328
375560528,15,4334262
375560800,8,1009340
375561220,12,1854218
375561253,76,31448723
375561271,36,13393656
375561770,13,5767528
375561879,21,10211823
375562069,195,78647468
375562411,15,1048553
375562415,15,6448729
375562705,10,4167260
375563565,30,7214336
375564090,13,1230055
375564698,59,22236651
375565096,8,1629646
375566343,14,986754
375567631,62,9437407
375567869,18,10432048
375568070,8,6271850
375570094,12,1001747
375570493,18,2612123
375570674,25,1679406
375572017,56,7481165
375576264,16,2089493
375577599,11,649273
375578495,6,181614
375578884,26,8156660
375578998,4,256848
375579813,8,214907
375582475,23,7655023
375584732,49,4658100
375584931,11,3230912
375586195,16,761461
375587216,13,216808
375589148,16,3645771
375589244,11,1200903
375589296,6,307900
375590720,14,806346
375591884,15,3433320
375592080,3,62510
375596578,17,1221655
375597326,8,2121039
375597375,22,763613
375601746,6,424218
375604201,18,1175198
375607570,10,725975
375607617,244,82015691
375609433,7,1499923
375610482,14,1525977
375610620,87,42111445
375613450,9,462929
375613510,6,640480
375615041,4,151083
375616357,27,5890612
375617329,10,1707778
375618506,23,2081233
375619511,11,4760032
375620721,109,39014005
375622315,14,11498048
375622966,11,2067510
375623800,10,3643822
375626599,3,1231644
375626899,48,19133589
375627272,18,3847277
375627428,16,630362
375627670,14,2369790
375628087,4,1040175
375629336,6,1379685
375629558,10,2304524
375629711,43,3306838
375629905,16,753616
375630719,7,1412425
375631468,6,431452
375631732,15,5371999
375632202,5,2958957
375633666,8,3899848
375635272,7,2805080
375635838,110,35579595
375635848,19,2987599
375635889,22,6243558
375636608,13,3543339
375637364,15,13957110
375637662,8,4153688
375637747,17,5853395
375638525,15,1036719
375639512,14,6189711
375641087,38,14800648
375641193,25,11995003
375641230,23,3299187
375641254,18,2134815
375644737,3,1399894
375646587,18,1445735
375647222,7,1612265
375647969,4,2032288
375648149,13,1729238
375650846,45,1638581
375651073,9,887300
375651994,4,2162142
375652362,65,2723173
375652711,4,2278414
375653029,86,4238006
375655117,8,2600929
375658380,19,2013083
375661758,20,968855
375664596,8,374686
375667027,29,1892501
375668025,86,10548518
375668213,3,73688
375668593,9,991193
375672510,11,575782
375676159,13,1026984
375676298,3,547248
375677040,17,4530119
375679142,49,5619654
375679302,17,4864069
375680273,29,9396091
375682255,17,2538903
375682937,26,8220453
375683420,23,1159739
375685679,17,3308562
375689040,13,3967233
375690869,11,7880837
375692938,8,2012144
375694267,19,4028565
375694776,24,1972476
375695078,5,3268849
375697895,17,710783
375700103,10,1392758
375701446,9,521029
375702477,29,3536611
375703403,12,677521
375706434,11,3850135
375709806,14,921647
375710349,20,784261
375721059,7,541234
375727796,22,1333774
375786421,12,950043
375793620,8,752850
375801098,8,377769
375802327,12,632751
375805138,13,878921
375807580,4,114230
375811997,24,1575103
375824077,58,3551542
375840203,48,15021926
375842344,18,2463174
375843992,32,10314118
375852219,36,2925926
375852369,4,596790
375854595,9,1419864
375858450,10,677618
375864433,16,4174033
375868353,43,18531988
375869952,11,768774
375876874,12,624453
375876962,43,18051787
375878559,8,273471
375879333,9,1572378
375883171,5,541343
375890604,13,4417089
375893839,11,4015195
375898209,8,421119
375903269,20,1208248
375908504,37,7641836
375910549,16,796573
375912651,20,1918112
375914766,11,869770
375914853,12,3935273
375915999,21,1403087
375926533,28,5918664
375926855,3,1258217
375928390,21,2118232
375928476,9,1979340
375931301,5,810019
375932001,17,7635138
375932845,17,4428526
375933743,98,28292910
375934126,23,7279606
375934716,64,15436080
375937145,37,2913033
375939802,8,3907154
375946252,19,5018378
375947907,11,3672423
375949677,25,8057735
375950132,10,440615
375950339,8,2350810
375951820,8,348658
375953713,21,1880983
375954053,18,707859
375954804,24,11192802
375955880,9,319779
375957049,13,350025
375958376,7,304021
375958608,31,2530294
375961261,18,2227759
375961614,55,5373821
375961748,8,811818
375962344,11,230614
375964213,5,411259
375965812,10,1676782
375966706,10,370000
375966791,31,1489588
375970428,9,375222
375972449,13,1520843
375973739,14,1428649
375975210,9,500726
375977727,30,5410020
375983092,3,94186
375983438,47,14893031
375986065,203,81352672
375988295,30,13400892
375990557,28,11950725
375994027,11,1167639
375995678,12,2267532
375995827,52,18950353
375996085,14,5127657
375997556,25,927767
376002386,104,39957582
376002472,10,2765047
376002902,4,3637158
376003043,9,323902
376003148,29,13190231
376004432,20,7658219
376007005,87,7145455
376008736,10,2421162
376011005,38,12195744
376012241,19,8227793
376013235,29,12695171
376013536,17,16816768
376015701,19,2262206
376015881,17,7532165
376017201,47,30672359
376017225,23,6538714
376019381,14,362776
376021428,6,428919
376022025,16,3725647
376024887,10,882054
376025411,18,1027320
376026468,19,710160
376026676,43,7739509
376026747,12,721996
376026945,13,568940
376030458,12,432680
376033007,10,1027581
376033759,12,1806523
376035254,8,388986
376036520,10,430880
376042557,13,574920
376042906,26,739017
376044267,15,601661
376044279,10,385741
376044876,8,1099012
376045579,15,705174
376046832,89,4249126
376049529,6,224139
376050547,30,9628446
376050675,54,26475793
376052011,155,54601197
376053098,3,84873
376053371,29,15343993
376055001,18,1910072
376056017,5,189454
376058220,6,2507363
376058382,35,9246298
376058936,30,1051967
376059846,8,2920204
376060765,9,645705
376060778,265,84754270
376062627,3,841403
376063036,11,769501
376063247,51,15330273
376063692,9,1998312
376064483,6,256965
376065104,13,2320623
376065327,12,5948632
376065738,9,2189144
376066785,44,7127117
376067039,6,1559077
376067159,3,540019
376068110,38,13753467
376068509,36,10109082
376069166,15,5001466
376069180,7,1091443
376069374,314,133546338
376070455,303,133714836
376071163,14,2223116
376071296,38,2760032
376071935,9,3014833
376072391,46,14209092
376073131,24,676314
376073263,20,10830643
376073276,27,8831433
376073947,34,7439885
376075748,3,1541926
376076694,12,2287192
376077037,19,7502840
376077611,37,2028752
376077822,38,18577778
376078271,17,4336635
376078985,10,2798494
376078995,3,593679
376079264,24,7199545
376080097,112,77000175
376080312,12,5150447
376082151,227,89512496
376082235,24,2376748
376082797,29,12759965
376082891,9,892698
376082907,32,1112488
376083528,21,6577382
376084276,26,4082317
376084670,20,2605128
376084758,17,6013660
376085196,10,3782884
376086241,16,1206900
376086630,40,20111002
376086901,11,2446971
376087033,25,8884742
376087966,7,586400
376088312,19,6603282
376089050,14,5001380
376090454,13,1777169
376091091,20,4326885
376091373,6,578144
376091512,17,10050039
376091918,7,3165658
376093631,983,79470938
376093795,8,3466387
376094572,8,3187080
376097152,11,1809722
376097376,4,2100174
376097782,19,5055970
376098018,9,240902
376098134,24,1716697
376100066,8,1984275
376101173,3,122621
376101707,10,2394405
376102702,22,1264902
376105330,43,851157
376106521,8,324906
376107631,5,2130879
376115383,9,385296
376115766,33,668996
376116789,6,266923
376120134,12,1819417
376120604,3,524385
376121602,7,363609
376121998,16,1145140
376126679,32,1224656
376126751,12,4267594
376127166,16,3014903
376127608,5,873948
376127885,21,2739502
376128049,14,7184152
376129884,6,487733
376130413,19,944264
376133260,110,48527572
376134080,73,16876064
376135349,3,402792
376137229,10,2788023
376138061,12,483383
376138395,13,851729
376139260,11,5410884
376139552,182,58754370
376141552,32,1413075
376141775,184,87484744
376144348,12,3047553
376144496,39,3538037
376144655,9,711777
376146007,51,15009149
376146230,51,2912444
376146755,15,7099430
376149618,13,3792857
376149639,17,8327341
376152077,33,2063197
376153614,13,4573218
376153993,36,18183577
376155283,12,1645575
376155300,9,1255179
376156681,15,5208879
376156874,4,924698
376157217,22,870190
376158989,52,30600591
376159179,19,8111712
376159409,15,2455826
376159468,46,19248564
376160662,41,2577078
376161607,7,6355911
376162276,14,986371
376162436,3,50374
376162519,8,1588719
376162618,69,35216337
376163145,98,36801894
376163156,44,12131634
376165819,7,532017
376166021,23,13269798
376166750,6,1096335
376168200,17,5544096
376169012,9,3831520
376170695,25,8794859
376170837,11,1391187
376170921,89,4450576
376172993,14,4873874
376173004,10,1030985
376174525,18,4796686
376175056,112,7121180
376176496,19,736408
376176551,15,8643687
376178349,10,482467
376178749,18,1227007
376181916,13,437942
376182099,23,7196906
376183479,25,2399801
376185671,15,985293
376185804,14,1457394
376187645,51,3251122
376190142,20,2177425
376190712,24,2892381
376192305,97,9638347
376192731,22,1235530
376193845,30,17901711
376200239,15,1002179
376200788,4,872165
376202290,14,598777
376203170,14,738040
376205145,10,518400
376206377,37,3065670
376207965,27,1324017
376208056,17,948390
376208126,15,1019291
376208370,13,1792699
376208618,16,854774
376210639,14,2980997
376213365,14,1257824
376217042,5,810872
376218524,6,1041634
376219264,13,3221806
376219609,16,1455876
376222483,23,2179058
376222799,21,1822223
376224001,3,1131303
376224389,28,10145175
376226138,10,21824431
376227401,85,28606463
376232500,20,1310420
376233828,3,80861
376233984,7,312666
376234643,20,5806153
376238736,15,725455
376240388,31,2034112
376242342,13,638588
376256090,30,2985024
376264786,10,773617
376276033,14,6519246
376276443,34,18239750
376281188,25,8138929
376284337,10,895315
376287698,8,738133
376289998,13,1133209
376306075,6,372881
376333005,5,511597
376346634,9,969142
376354813,3,79863
376356565,11,432987
376371016,13,4121316
376373664,20,1422469
376375613,8,2295535
376390426,11,2897238
376393523,8,294054
376394806,20,3241740
376395619,25,8777956
376395992,11,4349443
376397265,10,3245574
376398679,12,3385118
376400397,10,4017950
376400654,134,50455033
376401513,6,1192703
376402695,63,25477656
376411243,16,424164
376412460,28,11095762
376416500,19,6838740
376420506,7,425311
376423498,91,4105452
376424975,13,1158235
376427724,19,1120422
376428901,13,591208
376429340,17,1234519
376434163,41,2077052
376436052,3,354622
376436804,4,3703440
376439008,56,3428717
376439747,7,1207722
376440254,7,196265
376440513,10,885981
376447601,42,2659843
376447676,11,875352
376448915,29,4081929
376451226,7,361710
376454471,69,3931296
376454690,442,179491695
376458116,16,942378
376460544,12,4767876
376463667,19,8137982
376466136,13,2487889
376466602,7,226960
376466618,6,362529
376469420,19,802126
376471336,12,2598005
376473594,6,985666
376474996,11,1460206
376476434,9,3118915
376478130,34,11892752
376480392,8,3032004
376482436,7,425709
376484762,6,526502
376484842,21,640290
376485944,19,5634939
376487529,30,1900685
376488722,5,133107
376490389,5,93822
376493184,22,3070712
376493225,24,1744975
376493268,27,5356428
376493393,11,2343745
376493885,13,1377311
376497307,10,419622
376497459,16,1114635
376507320,58,1348657
376511161,41,3502570
376518139,27,6618156
376519160,18,624710
376523363,9,2192493
376525955,29,2848437
376528818,34,18005181
376530859,8,1842554
376531298,24,8399524
376532253,17,6290573
376534254,40,10765904
376534968,13,1087827
376536070,34,12829387
376536343,28,15362663
376537005,5,1989798
376537934,38,11559511
376539602,12,2589173
376540549,14,6076461
376541198,21,2398757
376541862,25,13269119
376542959,46,3268684
376543036,21,6760602
376543333,18,5778786
376543810,12,3379211
376546940,15,4805517
376548745,14,5733524
376551089,15,5604600
376551733,22,1681925
376553953,12,660523
376556637,37,1410616
376557685,46,3883131
376557866,32,1966037
376560677,9,710167
376564148,16,1158176
376564290,14,862177
376564374,12,417249
376570187,14,460994
376572637,44,3376362
376577825,4,799602
376580460,4,898289
376581952,40,12183352
376583573,20,2855177
376584336,48,19997934
376584528,9,1828814
376585916,4,1425874
376587012,48,3224854
376587095,17,1955798
376587459,6,1839588
376587512,166,52964874
376588550,72,36808950
376588706,8,1358698
376588770,4,2005574
376589483,37,10959611
376589617,3,993112
376589700,15,3772794
376589807,13,3469501
376590921,25,5657968
376591001,14,5628318
376594676,13,3141472
376595193,14,3528349
376595360,30,9872128
376595758,26,6523497
376596110,42,15306171
376596199,29,9567216
376596401,42,1226700
376596877,37,20333450
376597774,9,1844720
376597965,12,4371815
376598271,9,4335836
376598386,240,84550271
376600787,20,4212885
376602006,13,2385979
376602238,18,7052800
376602734,15,3405332
376603061,32,17480502
376603214,24,9472934
376603342,9,2132835
376603643,23,7771899
376604158,50,23177916
376604694,21,1048496
376605002,57,14083582
376605582,15,6441361
376606125,40,19246281
376606757,4,433863
376607101,71,33878285
376607826,23,14265622
376608093,15,3384010
376608862,3,738323
376608926,6,421716
376610179,71,4033839
376610220,71,25495151
376610807,9,1022415
376610812,46,25627390
376611214,14,1580770
376611236,26,11541903
376611489,11,5037518
376611607,14,4897454
376611615,13,5096793
376611662,11,2978260
376612052,32,2230686
376612501,15,1830099
376612609,38,15624087
376612766,12,2948537
376614242,21,4799720
376614258,11,2581304
376614387,13,3309780
376614811,15,3964163
376615287,164,59660454
376615409,50,33014963
376615815,16,3855397
376615835,25,12980137
376616129,50,20551749
376616778,34,13444900
376618320,18,1970015
376618495,19,2828132
376618874,15,6459920
376620483,3,795182
376620628,14,634861
376620695,55,25069796
376621366,16,2464429
376621408,6,479446
376621529,10,1411061
376626745,25,3224117
376628206,8,633394
376628665,8,2342855
376629282,12,531856
376629598,70,1728022
376631294,13,716215
376632224,17,6338798
376632493,32,5305877
376632813,12,1848406
376635122,5,5917727
376637675,55,10160684
376638185,27,1438441
376639376,35,3022507
376642489,26,1428149
376643483,11,1292009
376645425,30,1405214
376645968,10,1396196
376648392,9,301971
376648809,46,4016655
376650684,7,278779
376653874,74,27647504
376655236,10,27667708
376655333,16,1107142
376655634,31,4907439
376656342,3,3048370
376656864,55,5538105
376657610,20,1775587
376658063,61,37237394
376660214,387,143907902
376660560,10,2938417
376664972,4,753087
376670334,17,1336557
376671123,74,26687964
376671836,9,13959094
376671877,12,5521732
376671939,40,25441229
376672622,26,12619607
376673461,5,201567
376673813,38,9762126
376675824,20,15394422
376676988,81,33419482
376677459,89,33994483
376678457,24,1506992
376679234,7,314065
376679557,11,549965
376681050,29,11812506
376683076,6,1227858
376683258,25,2627681
376684228,12,2658598
376685179,26,1469746
376686465,5,774004
376686938,16,3000936
376687627,18,6494281
376687906,13,3112238
376688005,10,2128087
376689102,17,4479899
376689623,71,31708622
376689911,15,713817
376691194,40,3568962
376693929,23,5844965
376695271,50,7090044
376695325,6,8514146
376695583,15,453808
376696948,18,860128
376696982,15,405588
376697019,11,2058081
376697473,8,2569543
376697695,22,2737439
376698645,12,1028468
376699168,24,7353756
376699484,16,3650530
376702090,14,674105
376704092,28,11820932
376704996,22,1054238
376706321,12,706472
376711029,51,2789891
376712131,31,5455524
376716992,4,1263068
376718872,4,655265
376719752,40,3104453
376722159,85,9099780
376723944,19,675232
376724932,13,732872
376727645,16,1104204
376730975,10,1372794
376734427,16,1192068
376735268,27,2013479
376737550,11,1342783
376737865,9,3138963
376740789,14,616427
376742158,11,4109347
376743277,6,1515307
376748867,11,862946
376770029,13,702097
376838597,8,465138
376844626,7,552525
376846546,4,276369
376854037,14,387487
376858607,16,1069790
376860070,22,6366133
376865462,12,2107236
376865646,4,1237484
376892580,15,4534541
376909601,4,513457
376912368,15,968084
376914697,8,1436650
376919374,5,451285
376920224,44,9029252
376922495,11,437435
376922789,28,3918983
376924578,13,4243173
376924908,13,4632145
376930370,10,356500
376933985,28,4144101
376942354,20,1436188
376944516,21,1174052
376944702,23,2015902
376945457,4,245710
376946647,9,1725648
376948405,158,14825512
376949322,6,448517
376957643,13,1094601
376970838,9,1544352
376972251,329,154165965
376973943,162,45142502
376975553,12,4642828
376976561,11,3740001
376978197,33,2581886
376979092,10,2444394
376980740,41,15693960
376984435,11,3630358
376987230,4,237492
376994385,10,726314
376995160,12,691768
376998602,10,1290166
377008354,14,7259036
377010934,72,36730125
377022786,10,874679
377029346,5,605798
377032595,9,2232021
377033028,14,457213
377033424,6,438179
377033684,6,609780
377036379,5,765563
377038143,13,4452776
377039249,50,23134099
377043182,53,3202356
377045523,12,4585618
377045885,23,3099123
377046377,15,3794960
377049436,17,747039
377052636,9,3163667
377053191,10,3145001
377054740,22,6807015
377056714,12,2186078
377056818,13,606394
377058059,13,2711750
377058454,19,4199264
377059807,6,11235329
377060011,32,2053678
377060527,9,1859334
377063743,41,9019837
377065950,25,1369177
377066252,149,64034244
377066536,13,5082667
377066638,9,441189
377068423,17,1567982
377070738,16,1942358
377070742,9,1025045
377077279,31,2543903
377077545,13,1179975
377080693,8,1548347
377081025,6,1729026
377083262,10,1241908
377084118,11,712079
377085071,17,2315428
377085536,16,1107442
377087069,9,805053
377087606,38,1306393
377090484,18,3274104
377090868,23,1867462
377094692,10,1365689
377094972,11,1745071
377095316,130,38686328
377095943,10,1130211
377097495,10,543062
377101553,5,360434
377102087,4,1059489
377102665,8,1410670
377103705,12,2043067
377103927,4,436286
377104073,59,21951246
377104542,11,619769
377105324,25,2070025
377105686,40,21909336
377106271,51,1877956
377106409,20,8237377
377106616,6,813350
377107345,82,29540290
377107563,24,5571347
377109377,38,16304146
377109864,4,1493476
377110529,9,1422793
377111491,20,17740264
377111649,131,72908923
377112232,19,8703112
377112416,3,423447
377112529,26,10966019
377113250,14,9138263
377113999,23,1159734
377114001,14,5715037
377114316,64,25996564
377114396,15,8453817
377115307,33,10216967
377115483,42,32246652
377115943,15,499504
377117019,80,35327308
377117830,27,18804817
377118115,30,16404210
377118351,6,9787391
377118795,22,9014365
377119149,24,10406959
377119168,4,782263
377120476,11,297000
377120589,52,13796488
377120605,38,8608479
377120929,38,21811583
377121146,4,1093415
377121933,25,10988801
377122439,9,6034328
377122848,40,10766871
377123341,11,4376363
377123589,18,6164467
377124532,20,14615345
377124595,74,46005916
377125177,6,3986856
377125331,5,722004
377125357,25,16008995
377125828,5,2480819
377126448,44,17483394
377126624,7,1947672
377126864,13,4572776
377127172,20,6474301
377127851,15,2689032
377128139,12,1811936
377128170,29,7521927
377128419,65,28668327
377129385,13,3416592
377129445,92,41864259
377129703,47,31547763
377130495,27,12224633
377130669,7,3957800
377131417,10,2336933
377131473,17,2397845
377131476,4,777082
377131531,12,1673268
377132451,8,4495533
377132693,35,961459
377133174,12,3787832
377133209,8,4001613
377133657,14,3209566
377133947,21,11927315
377134160,8,2661635
377134365,15,3498081
377135301,27,1506502
377136041,22,6425898
377136698,3,1483197
377137004,66,9380129
377137175,23,9284995
377138931,15,7242748
377139004,8,3890388
377139077,27,962867
377139560,13,5901027
377140026,10,281209
377140438,50,1256371
377140541,143,7877478
377141608,16,5725797
377142325,13,9092046
377144740,22,1369813
377145564,25,1484999
377146545,93,16210022
377146740,37,3070625
377146991,10,1147462
377152683,26,1683271
377153398,76,7863668
377155934,17,1274508
377157546,43,6785743
377158015,22,1664555
377160237,14,1001655
377160977,51,2098721
377165475,7,326273
377165926,34,1287597
377168256,213,105758609
377168456,54,5371352
377168466,6,419952
377168506,13,1768620
377169151,9,567424
377173766,215,66562309
377174264,5,123027
377174654,8,1865776
377175459,22,1426602
377176968,16,2472972
377177348,31,1718412
377177504,19,2858891
377178037,94,44350496
377178285,57,24668805
377179472,7,4130846
377180990,10,2222372
377182762,9,3546180
377182764,5,3979065
377183401,69,27440572
377186483,16,1178655
377187232,12,3423822
377188030,132,40404869
377189254,28,1565766
377189363,9,2217302
377189651,12,3560786
377189963,5,816256
377190189,35,1432578
377190333,148,68967357
377191033,106,45825925
377191324,16,4115635
377193308,29,7059928
377193604,15,667350
377194796,71,8817785
377194843,47,2729593
377195709,27,11481813
377196304,10,3800196
377196782,10,2376466
377197244,69,28106290
377197562,218,76484220
377197927,312,145851432
377198981,13,4982000
377199350,54,22138534
377199721,111,50396333
377200477,37,14265323
377201554,27,9068512
377203286,5,1409100
377203785,6,467340
377203838,12,755651
377203935,12,1931239
377204594,15,2952802
377205311,22,4032507
377207393,25,1044268
377208447,18,5214212
377208851,19,725869
377209035,11,6835885
377209310,94,37381312
377210090,27,8048187
377212061,37,14948852
377212918,17,3860599
377213035,25,9262933
377213968,5,1436924
377215231,5,739211
377217823,24,8495084
377219727,12,666774
377220284,23,1449518
377221557,10,6750489
377224498,12,5291624
377225408,23,1681267
377225833,69,6192218
377226579,15,1122698
377227244,4,289609
377228219,14,1208988
377228282,11,930220
377233699,65,5927658
377234167,11,2747929
377235241,12,664622
377237237,37,1773550
377237995,18,2179564
377240580,11,755715
377242739,15,4563525
377244579,7,428329
377244842,14,369852
377248073,6,482328
377249557,12,440717
377250759,10,2900198
377254599,12,5101820
377255583,4,184986
377258082,10,1202008
377260941,46,19603841
377262150,10,1320586
377263453,7,264058
377266239,23,5513856
377267475,4,2428736
377268252,12,2331479
377272029,20,6436495
377282548,14,1145873
377286760,16,338520
377299753,11,3778574
377304572,21,4004648
377310714,18,919322
377374560,22,1404082
377379773,21,1344330
377396572,12,486047
377416687,9,448929
377420256,206,16314133
377425401,5,333158
377426604,7,542302
377430338,14,2076399
377430471,69,7773083
377435826,23,1962520
377436937,37,2349231
377441342,9,378801
377444091,7,3708377
377444656,8,470734
377444705,9,801678
377448139,9,2219677
377449873,35,3062161
377452229,29,15740711
377453865,41,2434948
377457071,11,419927
377457085,14,3245158
377458378,42,11608734
377461236,9,1420432
377463548,26,17698966
377464056,35,1442896
377464216,27,1125573
377464538,5,693920
377474358,23,1389339
377479040,10,372147
377479648,25,4465887
377485289,24,2673716
377496122,670,314142013
377498700,136,42471723
377499368,12,861264
377501766,10,1099728
377502051,13,3072030
377505327,7,2523047
377505672,10,712614
377507991,9,345832
377508354,7,2233203
377512586,13,500368
377514780,13,2872284
377515820,17,5472737
377519692,15,4082787
377526300,24,1652131
377533388,14,966993
377534843,18,5207539
377536848,11,260267
377542805,5,427645
377548056,8,384832
377553475,11,802233
377553748,5,707441
377555146,10,4861965
377557927,10,3922488
377558840,18,1048505
377558902,4,888310
377561000,18,1224768
377562193,13,4738433
377562299,3,1140255
377566511,67,21564628
377566645,4,123630
377566844,31,1654662
377568092,15,5730213
377568844,44,2219016
377569838,15,4164895
377570295,11,9155395
377571923,17,2723185
377572900,8,4075135
377572913,19,18747412
377574731,4,418941
377576247,6,3074172
377577084,10,2315467
377577342,13,3044159
377578580,9,4848869
377579176,15,6312471
377581168,15,772436
377582121,22,6260055
377582774,25,9058160
377583276,6,1953497
377583507,5,1047690
377584236,10,310293
377584469,6,229508
377584524,17,5602646
377585303,6,1286230
377585783,8,4346374
377585848,8,6068266
377585874,13,7497054
377589407,3,964058
377591002,21,6571717
377591961,14,8008247
377592865,24,1772844
377592989,15,829286
377595957,14,6093497
377596023,11,494228
377596932,16,641964
377597018,24,1967970
377597048,16,4021294
377598529,21,1652462
377598637,4,309816
377600156,8,797898
377609228,32,3067320
377611507,14,2365759
377612075,4,669202
377612204,6,966286
377615557,30,1508144
377619190,31,9451035
377623338,41,10381472
377623605,3,292154
377625851,84,24908733
377626335,74,48785625
377627036,10,3143482
377628005,8,525332
377628980,4,2039857
377629108,10,3702669
377629311,8,1218558
377629926,5,531499
377630297,11,623140
377630702,220,98465719
377631479,74,37850333
377631597,5,1690892
377632468,28,13382315
377633617,9,853843
377633674,26,9148487
377634298,10,1274217
377635053,8,3208543
377635354,125,50453792
377635608,173,72126996
377636671,57,3922903
377636922,45,16532643
377638384,4,830140
377638558,4,738304
377638584,24,10532338
377639218,21,2221378
377639429,10,1324071
377640468,10,2992791
377641177,5,1302029
377641238,7,806667
377641551,56,27285745
377641791,44,15228438
377642198,10,577586
377642703,17,5145879
377643068,21,10225645
377644298,14,4826916
377644559,4,1336781
377644764,18,6681041
377645237,51,21840614
377645843,14,4603773
377645958,7,2817468
377646316,48,17596796
377646593,15,5340406
377647197,8,1901532
377647528,15,3510651
377648122,18,10308902
377648989,8,3273145
377649668,39,14249184
377649850,33,4973209
377649895,26,1714864
377650174,17,1259584
377650323,24,9329783
377651866,15,4121904
377652125,4,1082061
377652585,16,7831375
377653419,18,2414916
377653750,6,1321664
377654011,11,2763221
377654134,5,2821046
377655878,25,11181527
377658052,12,5770611
377659037,6,3099558
377664370,29,4820178
377664544,25,4748478
377665354,26,1118605
377668007,16,551930
377668833,31,9525983
377671101,45,859504
377672437,28,2990324
377672595,11,2932845
377673851,19,1498370
377674094,19,1108864
377676059,16,2101452
377677149,30,915546
377677635,19,2566657
377679424,13,715487
377682364,24,2073527
377685480,59,4562911
377687152,6,301386
377687484,14,1483501
377687758,16,3251811
377688317,12,743205
377690875,33,14408082
377691629,32,3412341
377692683,17,2252856
377693115,6,604821
377696530,32,2449546
377697020,19,312034
377697279,58,9891215
377697580,36,2574493
377697971,14,2032725
377698531,8,3625761
377698931,7,546203
377699364,30,8872595
377699650,7,359913
377703927,34,4703699
377704306,533,214741422
377706067,9,386053
377708252,19,735657
377708346,10,556029
377709376,23,8984946
377710184,25,13216317
377711271,14,1008869
377712310,11,1537155
377712876,9,811794
377713590,114,8908226
377713630,12,4173336
377713909,10,2753390
377714915,20,8052865
377715400,22,9735691
377717743,42,17463914
377718374,17,7237266
377719276,32,23313751
377721174,13,456189
377721665,14,3059974
377722788,16,1089379
377723241,10,3193778
377723565,5,225254
377726015,10,3341325
377726708,17,5566456
377728142,6,1331766
377729845,12,892230
377730309,10,5760232
377731154,11,3307365
377731483,15,2708045
377733375,11,415764
377734175,5,457946
377736647,27,3032559
377738440,21,1141052
377742049,14,893808
377742059,10,1104980
377744257,10,646458
377744473,56,2003252
377753147,27,2189135
377757839,10,688546
377764369,36,2029585
377769328,120,9030739
377771125,12,919870
377772786,7,2162120
377775269,83,22481727
377778187,7,1532296
377780579,17,443453
377781611,18,7452010
377788933,13,2794032
377792264,8,2311204
377800807,151,10764977
377801637,8,823516
377801653,18,12083572
377802900,10,2066768
377812584,17,1528715
377821841,6,1189289
377877916,27,7192331
377880195,17,3005550
377907207,5,287672
377922289,3,107573
377922744,8,746736
377925677,18,773438
377957693,18,4535468
377959278,7,1301086
377963939,10,366760
377964654,11,2564132
377967889,3,124920
377973309,44,17966577
377974173,5,368858
377980513,3,77813
377982211,19,2419596
377988050,24,9489892
377991680,4,623017
377992299,16,4111686
377994574,4,1227224
377996414,25,5210396
377996552,8,453247
377996756,13,5199660
377997417,11,2640393
378001889,14,3837320
378002286,39,13204848
378002460,16,2627406
378002483,50,19913458
378002979,22,1083911
378005236,3,1992208
378007926,9,1234847
378011945,29,10505834
378012598,11,407649
378012704,11,322635
378013563,3,597085
378013976,3,161136
378013996,24,8232393
378016160,29,9609658
378017030,17,5053863
378023690,5,288427
378024906,19,2079139
378025893,12,1088022
378026753,22,2034904
378026755,28,3895853
378027616,18,1631459
378031140,14,1060116
378032154,14,3244983
378032312,34,1913032
378033386,6,824230
378033740,7,1720952
378035175,29,1668171
378035421,18,1067129
378037117,25,1885504
378038914,17,2613871
378039853,6,1348028
378043198,13,2907338
378045227,9,1096090
378045459,21,1041191
378045973,13,748818
378048500,11,988996
378048704,35,1477855
378049569,14,505185
378049885,205,40531667
378051731,9,478829
378051935,13,1190382
378055169,11,5304620
378056533,30,1952033
378058617,8,1162175
378058833,124,45697009
378059206,16,1010062
378060470,18,1289425
378061870,63,19157606
378062668,120,7394893
378066869,9,865765
378067009,13,1523284
378067436,9,2117871
378069182,16,3081050
378069431,16,3193458
378069507,3,119790
378072505,33,6852715
378073509,11,1044942
378075800,7,2354909
378075898,13,483747
378077871,6,539312
378078677,38,12797322
378079863,13,2360588
378082169,30,9688490
378082184,10,4003245
378083962,5,141385
378085028,20,2288112
378086372,15,3424997
378088489,17,1493113
378089222,11,959315
378090605,10,590473
378090899,41,4676810
378092302,7,766278
378097180,30,1706000
378098257,22,1510765
378098662,3,205896
378101161,32,2018782
378104676,11,2827705
378104904,11,1364099
378111425,11,596875
378119155,19,1629688
378119300,8,4563934
378121416,15,3032208
378123127,16,5858969
378125503,5,2485723
378126015,6,1032901
378126993,11,750007
378127463,26,1784826
378128206,11,3440757
378129551,52,31414339
378130569,19,5974586
378137210,9,1974022
378139781,18,13581774
378141915,68,19637159
378142842,29,2876265
378143828,8,1538043
378144102,6,1954897
378144193,18,5103443
378145292,50,17107775
378147890,11,755054
378148516,6,1316184
378152439,50,6050300
378152584,18,2705789
378152751,12,2372681
378155020,10,1404997
378157583,16,694469
378159102,13,1575163
378159392,13,927676
378159416,19,681222
378162630,11,425864
378167638,179,8448868
378168158,7,409718
378169492,10,307155
378175189,26,3040911
378178768,6,1709551
378180946,23,6578240
378181636,82,29139046
378183569,27,1359151
378184362,50,15211221
378188496,9,468914
378188546,9,2469723
378188667,182,59353999
378189227,10,5884328
378189585,128,71215558
378190033,24,8482423
378191856,4,1437403
378191941,25,10529231
378193147,27,12711241
378194428,16,4443549
378194781,12,3567100
378194953,6,1416801
378195516,14,1558538
378196247,25,9502622
378196622,77,40173120
378196694,14,4746409
378196777,11,4076129
378197473,6,2265771
378197613,4,1282726
378198647,18,4009954
378198714,46,24077202
378198721,190,82123074
378198727,14,6007595
378198962,14,6388190
378199810,6,1524031
378200315,11,5816291
378200346,56,28548466
378200681,8,1569997
378200937,15,7946090
378201348,19,9176291
378201392,62,21051703
378201708,5,2556608
378201929,46,32153410
378204026,15,2876253
378204692,32,6558544
378205522,39,16460557
378207102,37,15808049
378207252,31,9080381
378207745,32,15839118
378207982,3,677973
378208253,45,19540675
378208402,28,5516095
378208533,17,4122724
378208892,6,3119742
378208953,16,10022520
378209147,14,4736648
378209728,5,925670
378209794,15,5230449
378210345,23,5638573
378210808,32,7213654
378210855,12,3079574
378210899,11,2089840
378211045,6,2414868
378211990,65,31481813
378212319,21,8272122
378213605,17,908017
378214197,60,20988752
378214355,12,5891730
378216187,8,3254705
378216314,28,13591209
378217200,17,1052890
378217279,58,21264258
378220167,29,5405453
378221665,13,4922139
378225285,47,13849598
378225510,5,1304524
378226664,12,1840743
378227999,12,3934949
378228016,14,1162406
378231535,26,2459745
378233664,21,3849488
378236687,11,5817854
378237728,15,2318368
378248451,7,874860
378249814,70,4380997
378250276,14,746175
378251096,101,31532222
378252338,8,3015191
378252522,36,1659250
378253236,145,53370941
378253908,34,15119373
378254827,18,4071779
378255404,14,1549722
378256122,7,3196146
378256553,6,1483176
378257177,9,8795392
378257218,20,1569311
378262521,3,835101
378262725,4,401235
378262808,8,1292993
378264184,21,9132275
378267144,13,4955191
378267310,61,23276090
378267383,19,7877100
378267583,59,2846228
378268033,11,2815402
378269867,43,2522440
378269970,17,3891897
378270911,4,291354
378271614,6,71202
378271826,3,494242
378272339,15,6929490
378273485,9,2456322
378273774,3,1047054
378275187,15,866551
378276157,17,3107797
378277199,4,1550239
378277299,151,55964879
378277972,15,3366102
378278008,32,11698775
378279167,5,6278992
378280161,11,3857784
378280266,8,2849066
378280651,16,3423359
378281653,30,16172432
378283204,7,1861576
378283553,45,16676910
378284093,26,6045205
378284236,12,1856153
378285677,14,4812975
378286466,4,2431599
378286714,9,3232043
378291452,3,760155
378292771,13,1971779
378293061,207,20920422
378296486,12,3541967
378296871,72,4574778
378297480,10,1081802
378299870,42,712920
378305298,80,3920801
378305354,15,13449724
378307892,22,5219144
378308460,17,2845247
378308794,35,2782423
378309055,8,2138987
378311159,33,1797295
378312674,49,7065333
378319023,5,3031641
378320901,17,499770
378323928,7,1387771
378324202,25,1420505
378325956,11,4172913
378330444,19,676787
378331937,43,2263408
378334602,53,7150608
378335372,40,5367234
378335669,11,1555271
378343000,8,1339085
378343403,21,2232186
378344488,8,293988
378344547,10,652665
378346015,9,406218
378347280,15,2594816
378347776,15,2606345
378351636,3,2196119
378352883,25,2670024
378360380,44,1251928
378361175,8,496289
378361761,11,392490
378363103,25,1392390
378366855,9,318931
378367706,8,491284
378369346,29,1735921
378369515,8,403333
378370728,13,1468948
378373683,10,3227479
378376954,8,408953
378378620,12,4061142
378379082,39,2047389
378380258,17,523525
378381288,8,2016729
378382883,25,1129144
378389950,80,4818442
378457912,15,4637067
378461679,17,1900585
378467651,13,863879
378491688,14,4618396
378499597,20,8165543
378507137,25,1520192
378516326,6,222346
378520319,6,541613
378520912,7,227016
378522790,13,478775
378522936,12,5297876
378525153,8,349965
378527543,26,12376424
378530866,28,1200494
378531414,10,830082
378534154,15,2067305
378534729,13,3647102
378535728,11,645380
378537202,17,1829205
378538331,26,1709172
378538574,9,690687
378539650,14,1248996
378543565,181,6921562
378546701,43,1074542
378546770,110,7382936
378547340,5,542147
378549018,21,1632643
378552637,95,5521829
378555271,49,1977289
378555273,10,239879
378557068,7,335966
378557288,6,452496
378560530,31,1823838
378560542,28,1319193
378561306,26,8049595
378562138,48,2350290
378563299,45,2195708
378565757,32,12660949
378568517,9,1158611
378569268,10,527350
378569626,39,18881545
378571041,7,279106
378572912,19,5134275
378575957,30,1042237
378580239,29,7357578
378581994,20,3681019
378584074,12,2600659
378586109,45,16924429
378586250,21,3798593
378586603,17,772650
378587873,32,8094059
378588611,28,8249645
378589425,5,1083266
378592587,22,261588
378593809,10,4312584
378594453,149,7915775
378596947,45,2562962
378597644,13,865491
378599929,9,1993488
378602949,8,668027
378602952,28,6377360
378604118,22,1289848
378604212,60,5005175
378608066,38,3062278
378609439,7,367992
378615815,109,5306986
378617695,13,7408387
378622609,8,419610
378624277,25,6451095
378628730,94,5043649
378629914,6,1429784
378631557,28,15411108
378631728,12,1859930
378632497,385,71782112
378633056,14,1140790
378637191,78,26267118
378637357,18,1549603
378637526,10,1645945
378641602,13,2584412
378644703,19,9401715
378647000,33,3648113
378647072,72,30533377
378647844,10,677564
378649106,8,294048
378652615,6,489778
378653256,17,7976572
378655054,12,3173409
378655740,132,49095656
378657952,10,1153439
378658050,41,2969688
378658360,16,3325848
378659413,4,1601703
378661544,15,1444904
378661736,45,14780021
378662182,27,8030842
378662963,5,713936
378665292,10,2118788
378667350,11,616578
378670298,9,3338480
378671052,116,4411084
378671843,47,1417248
378673066,19,8509520
378673173,82,7585511
378673972,57,5606141
378679298,18,2657079
378682844,8,670572
378683336,42,3771019
378686740,24,1309887
378691990,68,4471829
378694794,18,1074080
378701654,92,9481182
378703182,21,1996785
378703769,12,701941
378705423,10,412870
378706910,5,284689
378710399,86,9223789
378712351,10,47513
378713288,19,8149155
378717955,39,6654988
378718315,39,5717583
378721832,26,8050805
378721958,12,750045
378724919,15,485653
378724958,8,2301121
378725585,15,7857930
378725870,16,14889493
378726157,24,1167499
378728578,5,2159932
378730047,6,874032
378730898,11,1821027
378731153,59,28900036
378731984,12,7384399
378731996,10,3097646
378732065,22,1414967
378732408,26,9451711
378733316,16,6341764
378733569,6,2284305
378733579,5,254459
378734953,11,983932
378737524,11,1240916
378737574,16,5866898
378738235,11,1779953
378738594,26,10981168
378738596,5,1095434
378739186,4,312530
378739502,20,1467065
378739528,10,3226904
378740369,12,6249393
378746798,49,2454186
378747299,13,4083938
378747619,156,22412120
378747803,13,835697
378747876,10,631108
378748836,93,9108188
378750181,34,1447800
378752383,32,5215572
378756362,15,2229731
378756484,14,2050614
378756601,7,733700
378757016,11,2001155
378758988,19,1620754
378760318,10,943001
378761121,27,1146307
378762546,20,530984
378762984,4,376796
378763719,119,19700036
378763869,12,1170216
378764504,4,441487
378764947,34,5028323
378765242,14,321790
378769009,11,2208567
378775536,38,6357701
378781140,416,181309428
378781542,29,2427579
378781838,19,937692
378782016,14,1810043
378782175,9,226873
378783237,18,2523447
378784236,77,30650268
378784471,7,466098
378784501,45,888998
378786547,58,33606403
378789138,15,7040383
378789609,6,1350666
378790701,127,54299641
378790877,33,12718362
378792305,44,17722779
378793055,15,954546
378793540,32,10307593
378794220,7,1116524
378794928,15,1173262
378795365,5,175122
378795715,64,23928825
378796973,56,18992833
378797242,11,3533237
378797388,13,1747551
378797412,19,602980
378797429,44,23808807
378797617,4,140343
378797766,8,1465314
378798007,14,2715968
378799900,78,32654613
378800118,20,594921
378800119,20,6533393
378800872,4,1237292
378800910,124,52374184
378801042,24,9213690
378801136,7,3057056
378801832,3,1688014
378801997,43,1220344
378803772,8,3146582
378803857,16,4660572
378804105,32,10715899
378804823,23,10554317
378804918,17,4049925
378804949,68,31261907
378805284,23,5653932
378805319,41,10414485
378806181,25,4205238
378806228,15,4931258
378806278,15,2787235
378806903,11,4432894
378807139,37,12799607
378807283,20,7569145
378808337,15,4603884
378808453,107,38596556
378808510,32,1911474
378808536,9,2756707
378808710,10,2066081
378808805,44,22862481
378809076,15,10313640
378809266,19,6647055
378809965,9,1391779
378810119,33,1686418
378811013,15,945692
378811898,18,4062606
378811936,125,54025559
378812149,20,1755219
378813291,8,2195369
378813366,20,7304031
378815028,18,4353235
378815181,16,8849136
378815741,7,2158324
378816184,15,1399646
378816207,67,27448449
378816469,19,7437142
378816723,8,1276787
378816744,41,16993437
378816931,65,28568849
378817288,38,8118487
378817309,20,4757436
378817538,6,1611510
378817907,13,2966311
378818146,14,1268553
378818447,12,2150338
378818629,208,87277340
378818659,13,1754547
378818842,17,4764355
378819205,13,5997966
378819256,19,7895573
378819417,7,2500279
378819453,13,6451088
378820249,22,5340000
378820254,15,4612871
378820738,61,30319071
378820807,14,7299704
378821672,30,10949228
378821943,20,3871483
378822419,41,10998432
378823283,11,644365
378824805,17,4766552
378824841,21,1469480
378826409,10,599205
378827363,7,223620
378829501,23,14449437
378829649,3,187240
378830672,19,943095
378831170,23,3609503
378831340,33,2000003
378832440,38,880372
378832486,15,2178841
378833006,3,449721
378835200,3,794868
378838578,35,2504637
378839158,14,1025072
378840730,12,922704
378841208,13,397029
378844316,12,304857
378844902,48,3980883
378846992,9,233189
378848707,11,1802334
378849159,36,3193794
378853102,13,649945
378855609,17,7275511
378856168,46,13016448
378857248,22,1285821
378857591,191,80186388
378858653,24,1423229
378859725,25,11220689
378860722,15,3718243
378861599,4,621570
378862480,8,1352036
378862754,8,909146
378862790,24,8586793
378863388,28,5072465
378864428,6,382990
378864843,3,1080724
378865519,29,11328321
378865951,6,2348115
378866335,15,5101649
378866432,16,3329491
378867138,6,157167
378868115,6,1809104
378870891,9,4167861
378871035,166,64622424
378872917,17,548132
378873010,20,6582079
378873599,12,5077484
378874611,14,3523593
378877118,33,1577832
378877311,12,3219383
378879198,14,3512556
378879471,327,118103998
378879849,7,1485864
378881011,8,3068456
378882306,13,1574300
378884434,20,6704523
378886010,9,2255019
378886020,94,46390935
378886104,62,3893768
378886632,4,908742
378887077,12,3239341
378887210,4,720201
378888239,3,1298528
378889272,22,4479854
378889478,10,3285924
378890340,33,3078956
378890682,9,5008332
378892148,8,2683444
378892157,112,62146135
378894482,7,1655777
378895470,12,936936
378896527,6,701372
378897183,35,9486363
378899585,19,915922
378900816,42,2877180
378901813,23,753308
378902425,13,10331957
378905652,66,3530057
378907194,25,1247132
378908786,32,2076198
378915481,13,1387917
378915561,15,1062181
378916657,11,942867
378917420,20,4271912
378917857,16,1375476
378918327,29,2833949
378920918,12,1512273
378922547,5,1767888
378923550,13,1023127
378927625,50,4890756
378929159,21,2024027
378935824,14,1371173
378937742,11,1958801
378939182,19,3296340
378943083,32,12078513
378943400,16,4414441
378943932,13,1706806
378946032,33,7861656
378947313,9,2396062
378949208,26,5593895
378952443,8,1210580
378959823,17,1723581
