Battle ID,Kills,Fame
432448891,12,3451640
432450742,10,4069104
432451204,12,3661406
432452524,161,17416439
432456717,17,6465078
432463780,11,1025059
432465337,5,378432
432468765,19,2076078
432468782,31,2262196
432468891,24,5798318
432473167,8,4494276
432475704,21,7985549
432477020,13,1325571
432477846,13,7694296
432479320,34,6244134
432480218,9,2967481
432481360,11,3996906
432481541,8,1163746
432485106,9,339873
432485196,24,2824580
432487315,4,127666
432489568,22,3065372
432490930,16,2556601
432491555,14,2265945
432496397,7,2080568
432498330,27,5505556
432499273,11,601079
432499657,21,1732671
432500042,8,3324545
432501552,11,10571303
432502005,17,1338330
432502056,16,4849725
432502821,4,96884
432503740,19,6039421
432504267,5,998720
432504448,8,2734771
432505682,54,27603817
432506055,58,29354016
432506390,6,1827716
432507632,8,2049206
432508045,16,707526
432510520,6,680366
432512396,15,1120327
432515246,17,5924634
432520215,12,1199600
432523432,11,2348048
432527496,6,292615
432527537,24,1268531
432529036,10,607969
432529990,52,4191527
432530014,29,2051702
432530266,7,379573
432538847,15,982701
432540121,14,740426
432540236,23,14387897
432550457,83,8628854
432551427,15,4204326
432551873,9,3080844
432552193,12,1836187
432553569,14,5700434
432553671,16,6514949
432554593,16,1962641
432555093,17,347447
432555737,33,13947295
432558644,45,13662408
432558778,43,20928676
432559235,14,5775693
432559780,19,982375
432560195,18,1799260
432560400,14,3114180
432561197,14,4257781
432561352,13,3812344
432561497,18,851527
432561885,19,9740223
432562415,13,1292870
432562863,13,3389369
432563062,10,1717947
432563066,4,389236
432563237,13,4865597
432563786,16,2792765
432564029,28,16711571
432564551,10,5041984
432564761,12,1374836
432564833,19,4830988
432564867,12,1229587
432565189,35,15268001
432565337,12,3847239
432565364,15,6234110
432565466,22,3466760
432565490,18,5429218
432565767,17,5229031
432565995,14,4380362
432567045,20,1123423
432567085,16,7871884
432567241,31,22009372
432567595,20,4903001
432569938,15,5528059
432570113,32,2535344
432570876,39,15049398
432570968,4,967739
432571076,139,25465793
432571088,7,686618
432572831,15,4161530
432573344,10,2509024
432573546,27,2329682
432573878,10,509309
432575276,53,5694214
432575360,6,1328796
432576404,60,29479471
432577669,70,7568082
432580824,48,3020148
432581454,29,4016922
432581983,19,8587788
432583211,13,895659
432585248,25,3616912
432585520,4,298728
432585521,18,1859150
432585672,7,716068
432588500,16,6823825
432588976,32,4945297
432590796,35,11281061
432591107,6,2917721
432591894,7,2387975
432593075,10,2205573
432593155,119,56180803
432593712,16,3375222
432595510,10,428850
432596028,21,5994787
432596809,6,2393036
432597685,32,5695989
432599376,10,1779934
432600200,8,2953503
432600221,8,752019
432600487,8,845512
432600828,42,23860119
432601593,22,4182763
432601691,10,3323396
432601943,10,3613363
432601973,19,9911093
432602058,12,2642775
432602160,13,4729246
432602525,64,29683475
432603147,11,2684953
432604158,6,1103190
432604244,5,1060588
432604353,36,5936463
432605342,19,2501770
432605525,30,8134955
432605763,14,4502897
432605870,28,10440905
432606412,40,17666586
432606439,73,41973905
432606455,15,6437699
432607074,20,3375407
432607243,258,28159452
432607659,6,1865690
432607711,22,13255529
432607936,40,17605615
432608555,19,8027605
432608916,16,4867928
432609215,6,622693
432609822,100,48703539
432609882,15,1371318
432609884,79,4382414
432610971,67,29740231
432611158,16,8711390
432611174,81,36225204
432611638,17,2851140
432612489,15,6815198
432612783,7,1165445
432613401,10,3228083
432613540,53,24257944
432615169,15,3615539
432616136,27,7378520
432616194,10,1463417
432617457,18,5428644
432618071,53,12442575
432618125,16,2413704
432618336,15,3674431
432619852,22,3776329
432619919,13,4482394
432620739,83,31459756
432621462,39,10706955
432622846,16,4007035
432624703,11,1669529
432629096,15,1616319
432631150,14,17127001
432631175,4,463249
432632546,3,141327
432634157,3,273967
432635041,17,781366
432635856,21,4744981
432637421,14,1189082
432637927,31,10469868
432637958,13,4012476
432639080,7,2590442
432639301,78,45610996
432639465,16,3006094
432640198,15,4304251
432640310,16,6620344
432641700,6,2312863
432642074,19,4164912
432642099,23,5145024
432642571,29,9097156
432642909,6,1609532
432643910,39,13924533
432644476,18,2134490
432646187,5,2906949
432647649,6,2447340
432647740,18,6866395
432647851,31,8280936
432654352,13,5179912
432654640,60,23392555
432656140,27,6599312
432656200,4,1151631
432656565,5,1523140
432657040,27,2532100
432657134,7,3255809
432657575,18,13436316
432658102,25,11675281
432658468,7,5472318
432658570,19,12911286
432659064,54,45765401
432659797,39,23209085
432661878,21,10889772
432662154,79,42298726
432663698,25,9487027
432666722,12,3665527
432671350,13,1087875
432678777,7,669480
432680715,12,1294622
432707155,3,195208
432709527,7,411513
432727030,18,6542561
432727701,14,8408771
432728070,7,1364992
432728656,49,20858858
432730461,28,2111485
432731738,12,4054775
432733313,19,6023701
432736098,8,1770570
432737673,29,11287052
432740611,25,6909468
432742318,8,5575784
432744941,12,4062859
432745787,25,18083384
432748001,8,3040615
432748060,8,999311
432748876,33,13867969
432749096,3,873723
432749613,18,6457384
432750699,22,9128213
432752069,10,2865658
432752949,11,1746906
432753086,18,11559464
432754236,16,4469349
432755159,26,15675639
432756955,11,3721769
432758108,12,4599175
432764800,16,1727289
432773433,10,554648
432776126,11,2989995
432776332,20,1882301
432776443,24,1064318
432776834,5,337442
432777485,7,759312
432777488,16,1798637
432777692,5,1478081
432777818,34,16216927
432779567,13,2846813
432779779,5,612026
432779991,4,1063724
432781133,19,4772007
432782198,15,4234184
432782351,17,5741627
432782433,15,5329394
432782489,15,5128986
432783326,10,2822805
432783675,11,969951
432784034,15,3385719
432787431,124,14218701
432787557,14,1172735
432787827,9,2690923
432791596,5,1661946
432793454,46,3498974
432795551,45,26152221
432796409,40,2708640
432797500,3,483956
432798681,33,3384998
432798916,7,2213107
432802527,35,3305244
432804314,51,4732847
432804462,6,395109
432804950,15,2308974
432805193,13,967984
432806812,31,2305733
432808727,22,1314839
432808972,11,260137
432810924,7,408810
432813485,5,606947
432823771,20,1040167
432828969,31,1479098
432829970,94,27090779
432830182,17,8221921
432832153,28,2326454
432832897,28,1534033
432833171,13,3793779
432834163,4,1219985
432835403,21,6899795
432835430,20,5550456
432837199,8,822725
432837578,29,36342262
432837867,21,5297574
432837905,66,27492577
432838365,55,42460364
432838913,23,1247668
432840080,22,8476453
432841173,7,1195254
432841844,25,6918179
432842045,45,15761740
432842127,107,45494041
432842689,29,11767997
432844638,17,4623216
432844823,8,691921
432844880,20,7206564
432844959,32,12129562
432845255,19,7111279
432845962,10,1288313
432846245,32,1394165
432847279,11,3201905
432848477,55,11664625
432848979,13,6495217
432850338,7,359345
432850506,29,4226683
432850834,16,3299647
432850868,27,9196892
432851163,29,3005252
432851178,22,1307678
432852333,5,1865148
432852370,13,3952807
432852912,14,5699331
432854033,20,555729
432854837,25,7971063
432855253,14,5030209
432856502,17,700331
432856529,7,1970788
432857363,14,1228310
432857634,18,2072498
432858256,13,2827378
432859354,42,2199999
432860464,15,1413512
432860651,6,150985
432861231,17,4518877
432861921,15,4634201
432862575,12,1027404
432865600,12,566314
432867829,44,5650378
432867891,13,3047686
432868684,21,3021040
432869925,24,1843097
432870943,11,1403625
432871001,13,651772
432872828,5,128698
432873040,59,7749307
432873339,44,6581233
432873692,32,2697317
432873781,13,900769
432873866,12,938264
432873978,24,1716692
432874655,4,963533
432874705,149,73187527
432875521,12,2940025
432876903,7,221247
432877280,20,1444488
432877529,47,21410787
432877570,8,3102267
432877800,8,320701
432878091,65,13194618
432878114,350,218091771
432878570,11,925835
432880009,13,850821
432880213,22,810210
432881357,15,5939897
432881496,5,809328
432881825,26,8042803
432882342,28,11291241
432882537,5,755328
432882603,59,42010566
432882609,34,8005839
432882891,7,642851
432883331,17,3458935
432883581,71,22759079
432883601,11,4705699
432883943,35,10836994
432885036,16,485704
432885295,11,2912066
432885421,24,2189061
432886023,12,5498338
432886105,98,40979583
432886880,21,4813715
432887099,69,41932862
432887145,13,428784
432887335,16,5800133
432887909,19,4728583
432888348,9,1248715
432888410,3,376303
432888658,26,6735235
432888756,28,9522516
432888930,17,3946672
432889013,5,1248335
432889666,10,4684870
432890028,11,1173174
432890756,95,11036268
432890864,184,117659181
432891126,23,11759676
432891258,22,7589400
432891600,21,6456669
432891773,7,1690262
432893026,10,1718652
432893037,14,4758335
432893104,8,3885512
432893717,158,74188598
432894342,18,6363928
432895053,8,1148426
432895307,11,1095902
432895466,37,16428124
432895979,25,12184398
432896415,10,405812
432896805,51,5590855
432896980,33,12206976
432898274,36,4589411
432898295,17,2563262
432898704,32,4322515
432898838,21,4399145
432900259,17,5458687
432901280,19,5572477
432901634,18,4441446
432902308,8,756426
432903237,37,7164552
432904419,25,3268372
432904729,12,1936281
432904962,20,641117
432904986,29,7683969
432905260,26,815534
432905523,3,568263
432907110,24,3959155
432907687,4,432379
432907862,18,3050971
432908972,33,1431278
432909683,18,3851762
432911577,33,737136
432913036,8,1652112
432914292,24,771530
432914533,18,1680760
432916621,17,5896562
432917993,14,7364849
432919316,19,4461218
432919321,11,972167
432919788,27,5706151
432920489,19,12140107
432920952,13,4851257
432921424,17,6634723
432921855,4,82351
432923219,8,5489392
432923481,42,15928280
432924290,30,11094429
432925270,3,3227435
432925273,13,5311178
432925672,22,1128017
432925820,69,57878693
432925954,5,1474799
432926521,6,2486180
432928099,5,1789020
432928368,24,3268491
432929361,17,1551833
432929608,11,4330715
432929929,16,1067967
432929935,124,16046225
432931321,16,6133196
432931391,4,1501628
432939020,9,1114756
432941697,18,12814208
432947907,13,1421807
432948546,45,16570487
432956801,9,866946
432956833,14,3308372
432958877,16,3424787
432962785,12,1361434
432981302,5,399976
432990049,13,3908042
432990443,3,198658
432992728,3,313102
433011972,3,111608
433018350,21,10337260
433019099,24,5330680
433020372,32,5925471
433023870,35,3967949
433027324,21,2700198
433028612,9,1034958
433028811,6,395953
433030435,14,2899850
433035087,22,9057010
433037030,7,3919288
433037781,27,8012765
433042420,17,4617050
433043179,13,5198879
433044856,13,3473705
433044943,12,3462713
433045383,30,12427701
433045421,30,10071667
433046554,11,2615106
433048477,13,4689916
433048501,15,1597414
433051409,9,2298487
433052234,14,5698032
433054137,24,2740577
433054972,11,1823108
433056253,22,1762829
433056997,8,2124626
433058472,45,3455193
433059064,9,1086595
433059076,6,577623
433059225,3,241559
433063326,7,504245
433064088,3,93394
433065406,357,129009803
433065889,10,1709482
433065967,21,6671794
433066505,15,2412638
433067986,8,591573
433069424,16,3037375
433070896,12,3831743
433071802,14,5283765
433073267,16,1977266
433074251,14,4364744
433075188,6,1269662
433075993,19,6342787
433076683,9,1701265
433076867,3,1141140
433076972,12,3878673
433077640,9,1278984
433077826,3,601836
433078351,31,9880452
433079664,15,3759556
433081270,20,3036819
433081378,11,5250514
433081934,91,11761121
433083424,23,11250499
433083549,17,4758127
433085000,29,12247491
433088205,19,1629737
433094249,25,2511827
433096014,10,981599
433108319,31,2112156
433110634,27,3204927
433113855,27,1408276
433118777,12,1458496
433119295,228,10902716
433120624,21,1453347
433121220,6,279690
433121632,10,2216018
433121878,11,1067654
433122353,7,2070865
433122886,40,10674453
433123605,30,1767844
433123618,6,1749957
433124596,16,5223181
433124804,13,1474504
433125319,63,18856134
433126202,23,2860488
433126785,34,1146205
433127259,19,887738
433128162,10,2061522
433129306,28,5803304
433131774,26,955202
433132897,11,1111155
433133240,21,1001348
433134676,68,37086502
433135022,9,2047518
433135216,13,6377245
433135753,18,6624163
433136157,13,6250169
433136402,45,15086602
433136562,16,6035499
433137002,72,29801390
433137193,8,3605095
433138305,16,863915
433138714,10,821011
433139111,10,753688
433139233,67,3703624
433139389,39,4150118
433139408,12,3095206
433139430,3,291459
433139638,10,1912319
433139708,15,5036485
433141285,11,3404297
433141948,18,2422525
433142171,12,500374
433142549,19,3916808
433142913,7,3104087
433142922,9,522599
433143164,30,10327872
433143744,15,2005060
433144295,19,2168196
433144894,5,1856702
433146143,55,5061602
433146862,18,1095583
433146973,21,2009167
433149387,12,3192854
433150184,14,1404468
433150291,8,2130700
433151371,18,1005432
433151497,37,2326784
433154113,7,407248
433156585,20,1612608
433156801,5,221777
433157767,13,6025362
433158179,13,1575881
433159086,16,949071
433159633,8,1947949
433160116,46,2645396
433160255,9,822747
433160525,7,811434
433161018,15,869925
433161069,7,610617
433161116,5,5175174
433161265,15,8671398
433161580,6,238965
433161865,18,7397498
433161989,3,1013808
433162274,3,527825
433163045,7,467630
433163087,11,4207379
433163760,21,6967813
433163771,7,2379043
433164676,93,31943440
433165158,14,1487084
433165529,9,2591621
433165589,15,5414523
433166272,5,247501
433166599,13,9558640
433166772,5,4071091
433167414,12,2015946
433167571,6,1209697
433167719,69,32546663
433167849,16,3735780
433168041,5,312234
433168380,30,7319609
433168648,57,23048227
433168834,6,406484
433169273,16,2807668
433169570,45,26553715
433169938,29,10897211
433171291,73,71777628
433171471,4,247877
433171516,14,1177660
433171567,11,1443603
433172902,16,1095722
433173158,11,3273678
433173388,16,3388468
433173392,29,4834031
433173611,14,5184462
433173957,10,845596
433174115,10,1222414
433174502,88,46589076
433174652,43,17132113
433175010,7,1310162
433175151,13,3002017
433175321,97,49266895
433175671,8,1127743
433175689,12,3135876
433175902,107,73630378
433175936,14,3167585
433176125,20,976216
433176248,12,3369116
433176748,64,30064870
433176862,37,10664812
433177581,15,4002855
433177602,50,22160995
433177655,35,12947476
433177934,30,10320974
433178088,97,53436731
433178126,17,2705156
433178131,13,4156231
433178294,12,4259025
433178432,23,4047987
433178685,6,2226909
433178762,12,3955924
433178888,4,443461
433178897,32,7080165
433179094,3,451592
433179218,18,8670875
433179267,29,1982182
433179350,28,70453521
433180346,8,1788417
433181201,6,154602
433181283,26,4769842
433181334,27,7240185
433181512,20,3580414
433181950,16,1950739
433182136,13,2203310
433182593,34,5642634
433182599,12,6297456
433183132,24,16462165
433183330,10,2634748
433183732,5,428641
433183734,44,15267143
433184362,16,3221003
433184583,12,4078152
433185409,19,6327857
433185722,46,9683441
433185903,16,2131802
433186811,41,20830376
433186933,45,9711391
433187072,13,3433634
433187479,67,28528034
433187595,9,981808
433187769,11,1144243
433187866,14,2227111
433189272,14,2077061
433189486,224,32005242
433190137,7,1854798
433190536,16,4180606
433190674,5,1929256
433192400,29,8957346
433192563,13,575698
433192675,17,9120142
433193900,14,2016539
433195077,23,8602802
433196457,28,13810116
433196615,5,1476510
433196923,45,3408084
433197021,22,14337260
433197951,14,1650433
433198616,18,1658915
433199114,14,6834393
433200265,15,1603102
433200703,187,116875418
433203108,13,3100825
433203814,11,1123633
433204363,58,9520590
433205306,12,4892018
433207225,85,38932300
433211068,19,694474
433212282,29,11194005
433213850,11,2003302
433214015,20,1928852
433214443,14,2152854
433214690,63,5899445
433214832,6,441254
433215051,12,986122
433215120,24,14762005
433216042,31,6362504
433217190,13,3008838
433217610,23,5353718
433219808,10,845403
433220510,8,272294
433220620,9,2449245
433221264,14,1048290
433222043,18,3186204
433222121,3,329369
433222212,34,13949319
433236919,16,6168726
433238548,5,165051
433239912,7,2941088
433240859,20,4488519
433242266,10,2724558
433252254,12,693390
433271747,8,408846
433283301,24,1490401
433284509,13,825208
433304236,22,1522291
433306532,21,1713398
433307630,11,1042146
433309763,23,1363623
433309799,12,758289
433309975,13,3922465
433311256,11,489255
433311401,11,2142819
433312702,38,12326572
433312770,17,7154119
433316219,28,9559659
433316258,8,663807
433317042,4,335640
433317918,11,2582857
433323905,24,3662859
433327473,8,2413162
433327814,7,1871299
433331059,6,979394
433332356,63,36035913
433332958,86,34974349
433333243,5,4007245
433335079,11,4301652
433337601,14,1189248
433342103,33,2594660
433348778,22,5800382
433352310,21,2204453
433354284,15,3295173
433356460,11,3778700
433356969,9,753959
433357548,11,7353785
433358218,5,1028005
433358768,12,7201863
433358958,14,1883073
433358992,13,3679159
433359208,12,1734833
433360811,9,2168215
433363820,46,6771258
433364169,4,402571
433364262,95,10169356
433364286,12,662919
433364919,4,70096
433369530,40,6716664
433369589,14,1563572
433370729,7,301913
433371649,12,2988659
433373758,15,1078483
433375475,30,4290300
433394097,8,2899457
433399505,7,496635
433401140,30,2658713
433402558,379,93957495
433403090,10,2161510
433404405,387,196215772
433404470,43,11394605
433405466,13,1678303
433406645,13,441695
433406993,5,1760249
433407501,29,11751632
433408240,4,570267
433408816,24,5115327
433410299,10,3697332
433410551,13,959706
433410783,41,2716797
433411872,18,5391582
433412834,21,5010724
433413228,4,2086027
433413460,6,320420
433413599,55,21273119
433413766,17,7698486
433414588,3,1026057
433415567,14,2376327
433415774,67,18191587
433416337,14,1167493
433417246,57,24257450
433417596,10,4836749
433417704,9,305328
433418444,11,3973848
433418503,15,949032
433418774,17,7955562
433418881,118,69886307
433420393,7,465931
433420539,20,8522265
433421025,36,4116277
433421223,4,254168
433421797,20,4604054
433422461,26,15153181
433423294,44,4940024
433424261,31,6945443
433426031,16,1950415
433426776,36,9531840
433426961,22,630750
433427119,39,8350318
433428951,12,1118864
433429716,40,4491850
433430762,21,2754945
433431667,4,406552
433432103,38,2320826
433432806,26,8969719
433433781,15,571598
433434066,8,298908
433435615,28,1521187
433435618,13,1160736
433435697,24,894791
433437408,16,1444149
433437796,13,1015607
433441144,21,1053229
433441263,16,2536701
433441901,13,1067046
433442004,6,421206
433443283,12,2421271
433443430,23,944613
433443732,7,311268
433444947,30,8649384
433444966,11,331331
433445473,11,3892376
433446371,49,2658687
433446568,7,2235770
433447059,17,2039553
433447321,20,2400371
433448488,73,28663774
433449136,12,4585376
433449285,38,22991122
433450375,21,1035505
433450720,8,7577651
433452065,3,2728504
433452135,47,21466771
433452254,20,1946698
433452296,19,2194406
433453132,16,32884152
433453289,37,12373552
433453293,133,82171952
433453526,12,1267852
433453664,18,2136080
433454185,56,22386420
433455459,17,2433981
433455508,85,45088348
433455521,27,4292880
433455642,17,2486062
433455838,12,6609370
433455969,6,1323160
433456126,7,2790894
433456215,14,3889223
433456226,21,6054510
433457247,22,5250893
433457521,8,1767047
433457623,46,21285369
433457979,19,11489183
433458049,164,81673463
433458223,39,13689222
433458228,11,577776
433459145,23,3995738
433459327,33,21134315
433459384,17,2148062
433459768,7,462327
433460648,7,968030
433460861,9,1013504
433461415,11,921744
433462463,27,8807079
433463332,21,909806
433463445,12,2662319
433463659,66,31466898
433463697,18,5833097
433463924,17,1217912
433464138,11,2077138
433464382,14,2095980
433464442,9,10027084
433464547,23,4416542
433464695,11,4252069
433464793,65,39570976
433464825,15,889758
433464963,38,18274581
433464977,63,41265018
433466062,9,2966894
433466357,14,442566
433466522,81,42773657
433466606,5,1954749
433466671,96,7117971
433466907,14,1341289
433467000,173,109042257
433467571,123,68884885
433467621,33,13205769
433467743,3,511000
433468874,29,10080520
433468971,19,6354918
433469044,16,1586349
433469766,4,491407
433469810,14,4390339
433469997,16,5026018
433470493,22,6645873
433472292,20,2018443
433472295,46,14907373
433472470,13,569542
433472651,8,1819214
433472846,20,4123262
433474141,320,201422357
433474371,9,536336
433474559,26,2729507
433475745,21,2208171
433476367,13,979542
433477394,17,2354658
433478844,30,2873598
433478993,19,1100640
433481071,24,4232537
433482237,131,27303106
433482844,3,616224
433482922,23,2680185
433485578,57,2851067
433488221,34,11545309
433490328,9,1234370
433491575,14,3535008
433491972,8,3308738
433492252,19,9108703
433493111,31,9902154
433494233,40,7781115
433494870,29,8919077
433495944,16,5328675
433498109,10,2318192
433498876,88,12731121
433499372,20,5862509
433500571,26,1812413
433513349,3,908145
433518063,6,285305
433518305,5,225488
433523992,5,873434
433553305,54,6565492
433553881,4,413220
433574465,26,10284459
433575796,6,1590606
433585987,6,1309687
433586197,11,4160048
433587613,55,14274217
433588570,16,3798225
433588691,4,1202092
433590205,159,141641507
433591358,7,1827527
433592619,9,2046271
433594757,13,4470881
433594844,16,11802832
433596899,32,21343498
433597476,12,2185828
433608400,33,2070800
433609936,17,2955454
433611798,16,5408486
433613266,3,397844
433613578,8,278256
433614780,26,5147477
433614830,12,3907562
433619230,11,476236
433620062,13,9310327
433621325,7,1875106
433622202,24,10653382
433635238,12,1770723
433636665,15,4084182
433639295,14,1472689
433647057,16,2049501
433652509,13,652293
433656700,8,660119
433657083,8,3692872
433658086,20,1917606
433658566,36,17236053
433659548,49,22638934
433661555,96,51487534
433661783,35,20706351
433662153,11,489648
433662339,9,289028
433663533,9,281433
433663678,14,6284458
433664444,15,4034018
433664542,11,1862642
433665983,12,5345123
433666014,9,183516
433666176,6,1492624
433666605,22,2367724
433667725,14,3656252
433668103,14,4154298
433668350,11,1291963
433668420,63,25449403
433668791,16,807102
433668796,43,15789560
433669054,50,29273986
433669368,23,2639120
433669793,13,2282601
433670042,13,6301737
433670120,7,1869143
433670516,41,21624902
433672573,17,7321008
433672587,13,5748566
433673104,7,458766
433673496,36,24905054
433674300,29,2454649
433674391,13,3237403
433674495,5,2119376
433674605,42,18173630
433674949,4,1099210
433675095,11,1382427
433675313,60,6245877
433675323,14,1015200
433676416,7,833227
433676816,5,1604082
433678282,10,3174491
433678502,15,6821215
433679735,24,11127946
433682000,17,3063337
433682352,18,556537
433682667,87,10235570
433683537,16,2361028
433683825,9,4714779
433685168,21,1917031
433685484,10,15237737
433687314,10,3369947
433688721,12,2141885
433689138,19,1277841
433689895,7,539715
433690151,24,502003
433691416,12,784760
433692924,8,545480
433693308,11,922021
433693703,32,18061725
433693882,15,7080759
433694768,12,360860
433695047,16,6108959
433695683,215,117627048
433696199,13,560985
433697212,170,92786960
433699014,12,852319
433699136,7,197057
433700259,8,7535545
433700904,11,836006
433701332,11,2325496
433701751,7,247715
433703112,52,1798249
433704743,157,88632235
433705357,17,5598052
433705496,201,106124344
433705576,4,614261
433706327,31,16028934
433706506,51,30391359
433706680,7,205037
433706977,21,3612300
433707039,5,1333749
433707101,55,28873191
433707279,397,288617189
433707421,16,3657768
433708608,25,8427776
433709880,13,3385980
433710260,10,2976116
433710416,21,9476328
433710792,50,11634825
433711176,28,7435716
433711267,8,621459
433711354,9,1850578
433711585,20,3848173
433711903,36,12068146
433712179,11,502360
433712760,3,1525840
433713495,15,4435745
433714197,24,9588150
433714347,81,42904295
433714651,22,4870694
433716044,33,15801542
433716449,80,9085580
433716485,11,6784060
433716567,192,87391775
433717663,3,381089
433718843,8,2252297
433719612,10,4944005
433719749,41,17640864
433721022,9,3744305
433721449,19,2962726
433721512,33,5439275
433721547,81,37662439
433722346,13,5206186
433725258,8,188484
433726249,9,346210
433729061,31,1680223
433729733,3,126656
433731224,19,1755747
433735196,14,769645
433735785,84,18694069
433737233,9,2129164
433739371,7,819759
433739543,8,5770533
433739687,3,856026
433740738,15,5918480
433741591,16,11002082
433743878,25,12184966
433744202,21,7472955
433745284,13,4398499
433747623,91,14126835
433747638,18,1837508
433749849,4,1252415
433753166,39,7172198
433754055,14,2709885
433755334,12,2502490
433755657,71,7820865
433756468,8,382662
433767616,13,4276453
433770890,9,1080594
433779648,17,10046063
433806074,41,4698763
433808298,81,7360925
433811034,43,7991048
433814171,38,3664711
433816822,30,2301367
433818623,15,1161602
433821695,10,2249297
433822403,5,1541440
433823693,12,4095312
433826221,8,1031988
433836671,38,13339676
433838905,10,4205749
433839018,6,571181
433839626,13,2548462
433840181,15,3767266
433840291,122,43854376
433840664,13,5793337
433841595,36,14792865
433841861,24,7939663
433843990,12,4467707
433843999,9,3283745
433845482,45,21333199
433845527,11,2127404
433845974,15,4866728
433851426,12,4258938
433852441,42,19697675
433862381,4,1062585
433863244,20,6611704
433863962,11,3186609
433864843,24,9732948
433865797,14,8801139
433866000,10,4549465
433866451,11,3331105
433867058,38,19994611
433868315,17,6509524
433878350,31,2640709
433883221,8,605241
433886645,90,9344864
433890239,24,2199831
433893236,18,2063241
433903642,40,8561804
433905963,17,1168673
433906300,4,104067
433909175,32,5842451
433909316,3,282950
433909790,16,5901977
433911094,3,620776
433911568,11,241984
433911869,34,15069329
433913574,9,301416
433915352,11,5786520
433916434,24,655961
433916947,3,883782
433917220,27,2426340
433917390,54,27227050
433918599,10,3893561
433919109,4,707676
433919870,16,13363895
433920569,97,38542937
433920826,72,28101792
433920951,31,10243646
433921052,6,5328784
433921090,23,9405839
433921110,23,9549790
433921590,10,2660827
433921613,17,2293800
433922277,9,2820182
433922302,7,419424
433923047,25,10655666
433923331,388,80409606
433923590,15,3493812
433923614,12,3401264
433923710,15,4255461
433923808,14,5437782
433924078,3,1266247
433924133,12,5486520
433926035,3,579818
433926664,19,5365177
433927051,21,7234027
433927291,22,1119913
433928247,9,2864961
433928692,9,1558470
433928755,3,520327
433929647,10,4176757
433930426,18,1784705
433932419,773,40234089
433932707,21,3316908
433934126,10,1207585
433934491,38,695166
433936382,28,5352153
433936683,14,747034
433937847,14,595991
433943019,9,1005008
433943597,19,3945157
433943943,6,413299
433947318,13,932390
433950064,46,3154259
433951146,18,5212610
433951806,9,5315153
433952069,18,1390665
433952540,16,1031687
433952949,7,518920
433953081,3,756274
433953658,7,1819167
433953722,5,4734891
433953879,147,95004173
433954138,33,10475532
433954712,29,9380720
433954811,54,27895212
433954947,26,15743463
433955384,14,5146493
433955901,11,3963936
433957030,11,740495
433957147,26,10631780
433957431,3,4324707
433958242,11,7471747
433958524,288,152345550
433958854,31,10081960
433959582,19,11485544
433959617,101,67974253
433960073,74,58328338
433960397,11,3966960
433960419,12,3432855
433960440,19,4680379
433960912,15,3860635
433961105,32,11293000
433961188,15,734975
433961502,66,23792176
433961826,10,4389050
433962366,17,3009580
433962677,5,992359
433962788,14,3100392
433963163,72,44226379
433963407,5,555900
433963911,5,868152
433964217,24,8269824
433964980,4,274763
433965019,4,442682
433965140,12,428178
433965235,31,5053288
433965298,74,40782311
433965596,4,1313599
433965741,29,3265369
433966186,19,3041484
433966739,90,42017003
433966868,10,574114
433967164,30,14484849
433967244,20,5079324
433968036,31,15311872
433969536,32,7934044
433970405,8,1638049
433972523,6,426845
433972915,27,6984964
433973174,10,3661251
433973650,5,738088
433973912,5,495631
433974670,39,20670993
433974941,13,13607606
433975232,21,2720852
433975718,35,4644610
433976404,36,1793331
433977452,11,2491448
433977884,13,1613558
433978156,28,14563826
433978749,7,1015885
433979743,21,3170235
433982121,37,5927569
433983680,192,44596858
433983693,6,572680
433990695,5,985090
433991486,10,1298386
433993291,19,7727842
433993877,8,2660775
433994299,17,6399251
433994918,14,1155782
433995129,13,3593043
433995896,37,14896018
433996565,5,2068480
433996849,16,2958617
433997132,4,551852
433997613,8,1050913
433998533,11,3087896
433998854,10,2877790
433999206,25,3756850
434000259,13,2749465
434000285,30,11222254
434001674,21,3760294
434001728,13,1747905
434002543,14,4603654
434003736,38,5815058
434003972,8,1595034
434004310,19,2831067
434009110,23,2680342
434011762,38,16262546
434012659,7,6747476
434013309,24,18406654
434014078,14,2964768
434015704,6,2041462
434049771,8,716468
434050838,11,1235236
434071295,15,7639183
434072139,13,1980356
434076661,16,8468924
434078495,8,7757671
434083500,9,1088396
434084434,3,577354
434085222,6,364380
434085875,4,1110505
434086940,30,13375775
434087563,9,759851
434090247,17,7500245
434091212,10,2265974
434091333,8,2485330
434091483,7,2041632
434092086,28,16630250
434092975,78,38347049
434093356,8,2488196
434094141,17,5897224
434094611,17,6088994
434097659,29,15694151
434101149,11,474606
434105410,12,4871606
434112706,5,1846893
434113966,14,3436371
434116250,12,2129746
434116328,10,1823752
434116620,38,13907356
434119467,32,3253732
434119970,40,2048809
434120258,31,12117725
434123382,30,3650464
434130757,13,3476209
434138684,5,478474
434141453,7,465928
434148139,16,1221042
434151315,104,12902738
434151320,7,901217
434151665,26,6327690
434152189,14,1045580
434154406,52,2871208
434154759,19,2497920
434156707,54,5363671
434157519,3,521811
434157649,7,1327317
434158584,7,577512
434158887,12,2212675
434159056,16,10258363
434160550,16,2265548
434161201,6,591752
434161214,168,28821491
434161226,5,361445
434161382,8,296910
434161719,3,608856
434162071,3,45024
434162433,64,7342773
434162601,4,1021182
434162910,36,10536093
434163173,21,3990635
434164495,12,972252
434164583,12,1203598
434165973,6,2025340
434166078,24,12348305
434166443,9,1635285
434167050,9,3196426
434167396,3,498057
434167579,25,5041495
434168200,15,3299292
434168734,31,6961164
434168850,23,5570528
434168867,18,15370631
434169004,28,10398408
434169294,4,1252473
434169496,12,5589409
434169638,13,1219660
434169654,9,2677207
434170718,56,12040506
434170724,19,5929474
434170932,3,1003176
434171086,38,3652366
434171129,121,45893629
434171324,50,28088222
434172019,19,5964241
434172132,32,13588142
434173054,3,775899
434174056,10,2562630
434175982,161,83307375
434176191,4,1013780
434176368,26,2215360
434177145,8,686021
434177703,22,9093212
434178113,15,1615649
434178412,8,2784894
434179137,4,1989098
434179258,9,218149
434179422,14,6329348
434180077,108,16599634
434180218,35,4271332
434180746,11,1126274
434181558,13,6874217
434181767,33,3863343
434182779,18,605574
434184758,7,2242287
434185192,6,1626617
434185402,5,887086
434186109,16,2472156
434186413,8,248711
434187518,3,620682
434188111,8,4728686
434188208,8,1354923
434188859,6,1632543
434189609,25,2877757
434189800,9,3398418
434191031,86,4580108
434191591,4,92586
434192874,18,1013933
434193693,17,4527776
434193965,9,362347
434193974,29,8313683
434194186,15,2168874
434194239,196,103513987
434195123,108,57612602
434195912,15,217097
434197428,6,108623
434198857,16,1058300
434199616,14,4387460
434200040,133,78109363
434200584,36,2127538
434201788,15,4478665
434202418,11,824140
434204412,26,8473479
434205774,9,3011576
434206562,24,11657196
434206872,11,607211
434206897,9,731288
434207517,216,176228613
434207661,8,770735
434208001,57,20015137
434208097,5,482360
434208305,39,30096208
434208834,45,23116079
434209010,3,564999
434209080,15,5152186
434209545,19,11451898
434210054,20,10636047
434210163,25,8801530
434210207,6,1818618
434210365,10,2777969
434210656,11,1062476
434210939,17,2896544
434211676,13,8205242
434211965,31,10516450
434211966,11,383246
434212105,9,3228577
434212204,17,2251264
434212378,24,13982438
434212684,16,737811
434212811,25,12645366
434213118,33,22128559
434213196,13,2867650
434213502,17,8771560
434214473,49,14376357
434215218,145,90155486
434215365,53,24149979
434215621,6,331390
434215674,5,1153265
434216020,18,1355273
434216686,21,7474252
434216748,90,34373591
434216912,125,56711411
434217424,22,1902089
434217837,27,8941322
434218171,15,6275567
434218360,25,10773765
434219420,18,7261145
434219765,12,6271518
434220061,56,27325084
434220635,12,1154577
434221088,11,2045626
434221772,58,40879038
434222780,18,6852083
434223075,27,18672140
434223254,14,1243304
434224738,20,3839580
434225221,96,54053084
434229172,14,3831721
434229491,78,20651473
434229893,12,4189489
434230131,15,1030471
434231029,21,5802298
434231296,29,11236383
434233503,10,738738
434234436,11,746076
434240215,10,2171159
434240553,20,5861897
434241364,16,2382862
434241496,13,1165098
434241550,6,442283
434241647,11,1104511
434241749,34,11090710
434241923,11,2353126
434242157,11,3261812
434242389,36,14412467
434243288,15,3183500
434243728,6,635185
434244471,10,4763549
434246285,65,8299688
434246335,10,828711
434248353,36,13301142
434248436,115,54084645
434248543,20,1176399
434250145,11,3039027
434251742,7,1262701
434251753,27,4056384
434253851,9,214861
434254422,11,533254
434255653,15,3633455
434259745,33,9619016
434261876,6,2232296
434262367,19,3700174
434262775,5,798028
434263371,5,1268452
434263733,4,1225044
434266405,29,11892844
434280439,20,1776205
434293431,16,3750734
434296363,16,2679174
434299300,27,2767084
434300880,17,1550683
434330068,18,1554905
434335000,15,4209949
434336035,16,7008577
434337045,11,1604794
434337681,32,8471588
434338111,19,3140564
434340052,10,597983
434340141,4,1143096
434340274,98,28414497
434340983,16,6511361
434343137,17,1440402
434344268,8,625602
434344844,9,805234
434353383,4,261208
434358643,12,5851757
434360713,9,3662069
434361630,9,3262920
434363344,4,802350
434363623,16,9240770
434363896,9,2237170
434364013,28,15269950
434364320,14,2936492
434365801,14,8512875
434367028,5,892914
434367104,26,10098497
434367308,23,7806504
434368652,7,951411
434369216,5,1691864
434385039,10,902415
434389154,14,8297247
434397543,15,896540
434409951,8,3219213
434411203,28,24701043
434412678,9,2772344
434414019,7,1720771
434415250,16,5797214
434416066,11,1064353
434416634,8,4176645
434416691,12,7832970
434416823,4,876936
434417139,13,3314105
434417687,8,2277397
434417812,4,5437499
434417876,11,4971412
434418373,21,7861794
434418536,92,71928422
434419008,3,187818
434419092,11,2235269
434419157,6,2254392
434419983,75,25151905
434420005,4,1389756
434420011,44,3136493
434420050,18,4751820
434420117,11,6913860
434420141,13,2920164
434420809,14,4252196
434421111,12,2049761
434421376,47,1054586
434422500,10,2638092
434423355,21,895581
434423372,20,2566739
434424201,11,966721
434424416,30,11763415
434424423,18,9486596
434425994,10,486962
434426005,24,2086319
434430716,27,1829927
434431266,6,1223653
434431650,20,767870
434431844,26,890732
434433008,20,6984677
434433041,20,4569352
434433151,171,8300876
434434900,24,4756158
434436727,31,3574340
434437587,25,3488287
434439459,10,341158
434440680,31,3638329
434440888,14,3103129
434442615,9,3258061
434442964,77,42339989
434444148,12,980076
434444348,25,1387498
434444449,5,197428
434445526,23,10913154
434445889,39,5177322
434446682,12,3880677
434447723,212,154534604
434447864,14,3838990
434448415,10,662406
434449465,26,8087982
434450124,328,209392928
434450162,10,1900224
434451253,20,1143967
434451966,21,12289833
434452006,16,1134065
434452629,32,9559754
434453272,7,1734979
434453843,24,1940037
434454068,18,1015855
434454092,21,5553693
434454168,42,6701754
434454280,17,860172
434454309,4,383950
434454426,4,971972
434455142,5,418233
434455159,95,60692833
434455286,33,921734
434455297,7,1084895
434455887,13,2668487
434456150,21,7841006
434456208,10,931266
434456261,39,15213417
434456866,24,8188100
434457628,10,1921765
434459000,42,22110861
434459599,9,2411269
434460209,50,5906591
434460246,21,3904636
434460333,19,573723
434460378,13,2861296
434460501,10,2029297
434460776,56,29795770
434460821,13,1531385
434460864,11,3716017
434461020,6,1308720
434461161,12,3777892
434461166,94,50380255
434461306,14,3937188
434461718,9,1991352
434462058,9,1192983
434463046,25,8891030
434463167,10,1575802
434463426,4,1191628
434463451,81,32631569
434463548,6,721758
434464222,25,13136601
434464793,39,23625590
434464939,73,23427080
434464978,14,674128
434465175,80,30463023
434465458,19,1547023
434466089,21,8483177
434466733,14,4151858
434467029,35,23344208
434467048,35,2038828
434467296,5,575827
434468672,13,3774077
434469414,14,6076595
434470266,6,2495938
434471611,19,886106
434471867,35,11346421
434473324,53,6915401
434473652,24,12880827
434474525,25,8217700
434475884,7,420335
434476697,26,9451878
434477446,10,2391317
434479811,4,115206
434480133,36,4065984
434480187,19,4625087
434480190,53,25945510
434482216,142,10123236
434483592,250,124432343
434483825,25,20772852
434483831,8,397629
434485354,7,269026
434485839,8,1304798
434486482,14,14031641
434487964,8,823253
434488554,16,6052430
434490216,30,14645504
434490703,6,2176406
434492709,17,1909129
434493289,7,4241876
434493372,6,400856
434493987,9,3872164
434494171,28,11419602
434494299,52,20091575
434494858,14,2362459
434495358,28,11776293
434495633,9,3395310
434496439,23,13653706
434496639,19,11955731
434498023,7,690874
434499196,5,1048158
434500972,22,9911817
434504294,10,3481200
434507207,17,1830725
434515484,38,4626600
434525957,11,784082
434543694,16,11526157
434563183,10,609448
434573651,5,2144983
434574144,9,3792992
434574948,6,2523261
434576775,13,5339848
434577320,12,6753982
434590049,6,3185604
434590915,9,1985430
434592577,29,8364032
434593155,17,15607679
434594182,32,12405083
434594792,15,6874641
434595291,34,23310198
434595388,29,12483100
434596173,16,2902875
434598713,59,5754906
434599760,25,15131028
434601053,4,488553
434612096,20,6856841
434614267,12,2696985
434615726,10,3521143
434616278,11,5906064
434616313,11,7240797
434617541,8,2185081
434617854,20,11617901
434619734,9,3361259
434624248,13,4082517
434625708,16,3415174
434626189,5,2107420
434627065,7,354302
434627280,8,6225133
434628110,4,221793
434628921,19,2105893
434628962,5,486680
434630123,44,15568886
434653224,18,6781823
434654118,15,700190
434658098,7,348763
434659244,5,145033
434659614,52,17030741
434659670,22,782223
434660862,13,2249002
434662541,56,21757670
434663100,96,27572664
434664397,6,1879141
434664485,12,378011
434665854,4,409388
434667531,24,16649087
434667992,4,952300
434669078,90,54504667
434669369,21,5873188
434669420,14,2460145
434669709,15,2109699
434669769,34,14573637
434670655,15,4652632
434671348,35,17653302
434671387,9,1056883
434671598,11,2903183
434671927,10,264460
434671949,13,2919084
434672367,15,5250822
434672833,4,7219611
434673224,14,3646184
434674222,12,4432370
434674507,21,8384528
434675014,13,3650145
434676346,15,746604
434676410,20,12112112
434677302,20,5944071
434677915,33,13301123
434678612,16,4102481
434678778,78,46567699
434679933,22,10094996
434679948,17,5105314
434680592,16,4195461
434680911,20,1363639
434681944,8,556653
434683328,11,1103579
434683430,10,883815
434683974,11,1989800
434684644,22,1370598
434684906,12,2422084
434685944,15,4353874
434686838,13,1023250
434686920,10,2489693
434687458,19,5692659
434687588,16,5059097
434688488,59,7203718
434689121,10,954503
434690699,153,5856015
434691336,12,4533458
434692033,12,426529
434694031,13,7788786
434694056,50,3060488
434695333,13,653095
434696679,17,14597204
434696755,50,5931839
434698055,205,168234215
434698176,57,2638580
434698212,22,4261871
434700752,16,3691140
434701049,21,969056
434701090,10,507205
434701216,37,12339908
434702237,30,13820092
434702318,161,101182436
434702655,23,5105396
434703820,5,1358082
434703912,9,355370
434705240,3,544958
434706126,76,33978230
434706932,31,10088931
434707998,6,95718
434708125,20,4596441
434708255,130,51169088
434708655,13,1261168
434708754,44,1906766
434709448,51,27540032
434709761,16,2727203
434709899,10,2167061
434710124,12,5744092
434711243,25,11317641
434711263,10,2874530
434711476,29,12198632
434711631,40,16784300
434712041,47,34608929
434712108,14,9725416
434712317,10,1691247
434712836,32,7042068
434713440,85,4791727
434713822,55,22388015
434713844,17,3122638
434714496,7,2157395
434714547,37,10085102
434714987,50,16382377
434715189,17,7756520
434715426,31,9953259
434715500,4,1128808
434716183,18,5395913
434716365,5,1371950
434716686,83,48271291
434717608,23,9937796
434717699,14,4419913
434717737,13,3790524
434718618,13,287328
434719423,130,73647205
434720217,16,4943973
434720515,10,2173487
434720898,7,1367882
434721278,21,2688992
434721727,6,2291125
434722701,7,466916
434723459,11,2970505
434724365,4,702428
434725006,58,4675653
434725839,27,6865343
434725996,25,4859092
434726178,5,1684923
434727465,110,52291510
434728191,19,1362365
434728278,6,1551705
434729983,7,1195880
434730014,58,2086609
434734502,16,1554204
434735955,20,4722141
434738133,13,7064586
434738718,416,213371092
434738870,155,58177863
434739360,17,4149274
434740163,32,5949205
434740230,15,713423
434742146,8,990985
434742198,118,11752308
434745021,7,1281595
434746924,82,14758372
434747368,206,84992375
434747945,29,9499203
434748418,16,4964968
434749491,11,3053638
434750491,38,24801300
434750853,13,1279912
434753741,10,622079
434753786,17,3885332
434754797,12,2516423
434755776,26,6661348
434756091,18,2534085
434759425,13,3708566
434761168,22,4448808
434764857,17,7374286
434765165,12,3764165
434766344,7,3670319
434766867,41,22239639
434766983,22,8290926
434767039,7,875014
434767716,101,45590703
434772718,88,46210039
434773053,5,829677
434773597,15,3733364
434775072,6,375318
434776829,11,2844914
434777271,14,993303
434779107,9,551927
434783357,11,6250621
434784207,11,4407317
434784476,29,13032225
434785027,12,4748820
434786027,14,1997791
434786749,19,11794548
434809476,3,403780
434839555,28,15841964
434841922,23,13819838
434849075,3,210594
434852224,9,257292
434853064,5,419626
434854634,18,1485548
434856209,204,84670084
434856516,78,36644596
434857169,11,2119110
434859894,34,4813662
434861109,32,11388612
434863597,83,32815679
434867526,93,38279764
434868264,20,8772909
434868853,14,3587963
434874640,12,1330268
434875437,46,3080849
434876144,8,1697851
434880336,14,2968124
434881512,17,1125636
434882818,17,5119336
434883434,20,1840579
434885518,11,2537496
434886817,56,10317336
434886825,5,4053172
434888238,7,1491406
434889606,15,2489700
434890146,20,3827417
434891901,6,1387660
434892863,18,2671955
434893816,29,6764398
434895558,5,1682409
434897464,11,3447458
434897938,16,3523833
434898167,6,1212578
434898772,7,1755021
434898903,12,2887222
434899611,11,4702992
434903231,3,985135
434904016,6,1616535
434904737,8,510872
434905742,12,2903176
434908966,6,176168
434922347,18,3938061
434922931,9,1073836
434925511,17,2147254
434925985,20,888279
434926283,13,855279
434930371,17,751304
434930373,3,92082
434933193,33,719612
434933772,19,1225256
434936772,26,527965
434938946,30,2725445
434939899,21,1588462
434941397,4,958218
434942277,14,4101943
434942929,274,116255227
434943292,22,1321439
434943994,44,15617546
434945210,6,298239
434945255,117,58009295
434945709,12,1399798
434948275,64,6204786
434948633,101,43416450
434950903,20,6667920
434951822,20,4240286
434951930,5,350965
434952479,9,817330
434953881,6,2027147
434954427,73,30821372
434954723,3,713017
434955843,5,1963190
434955975,13,5751033
434956150,17,5613950
434956762,8,554643
434957569,51,20061234
434957713,28,12543699
434957958,3,1402970
434958802,29,8022477
434959105,7,1283394
434960682,5,750067
434962151,18,1039253
434963025,8,674373
434963232,18,4384328
434963365,16,697333
434963419,319,14796458
434963581,14,1384764
434963906,12,606552
434964755,18,2464917
434964893,20,12347201
434966307,14,1184011
434966793,8,202222
434967778,129,71779822
434967814,19,6440959
434968166,6,229225
434968817,3,123039
434969541,11,7508361
434969720,24,10935529
434973645,15,749451
434977260,14,1218822
434977459,17,1736222
434978495,28,17817265
434978875,12,2693935
434980200,26,4584311
434981247,213,119691702
434981630,20,854229
434981635,136,77459709
434981734,3,511248
434983234,24,1445182
434983992,3,668440
434984471,4,970345
434984948,12,2840667
434986057,9,748907
434986206,27,3425017
434986328,22,2016588
434986361,10,5181596
434986829,43,2586223
434987768,101,46877449
434987899,5,991183
434987941,39,13508866
434988037,12,5358658
434988814,38,20123125
434989016,6,184714
434989030,13,2998059
434990358,114,88776836
434990569,188,95569124
434990836,21,557878
434990854,39,17237904
434991404,50,2140371
434991431,56,16456909
434992033,47,2593847
434992370,13,3927870
434992443,9,565385
434992602,51,27069087
434992894,58,38144229
434994287,3,1985141
434994603,18,5056018
434995144,20,3472966
434995843,4,1089958
434995928,13,7013982
434996146,32,22429695
434996389,73,41269023
434996498,12,1009711
434996549,29,18586280
434996772,62,48492403
434997279,31,9738638
434997313,14,3662063
434997426,24,16548104
434997645,118,70322049
434997680,15,4103357
434997740,35,18910043
434997924,24,19767968
434998169,13,3016026
434998260,83,30212927
434998579,53,23796070
434998603,7,2538431
434999036,31,7415354
434999869,84,44880736
435000066,31,12659235
435000949,6,6086814
435000986,24,7350007
435001119,32,10250374
435001484,39,18375194
435002470,7,488102
435002757,13,1687560
435002901,13,3454404
435002956,6,5649237
435003387,20,5160749
435003479,13,2551409
435004589,8,2831989
435004787,87,52433715
435004912,17,4293514
435005054,25,4760515
435005679,6,284388
435005695,27,8265298
435006348,12,3869659
435007153,27,3028960
435007735,12,1573719
435007832,24,1073112
435007881,16,9113214
435007956,12,682524
435008391,215,40719877
435008404,35,18542660
435008759,38,15809938
435008864,98,33105944
435009258,22,5978517
435010400,9,2424619
435010550,26,14219436
435011004,43,7242132
435012153,40,19785588
435013288,105,45600192
435016058,19,1168231
435016473,76,4323160
435016841,48,27998006
435019223,12,4166439
435022194,13,4088344
435022542,55,6213736
435022843,6,548586
435022914,22,3130185
435024688,15,2827894
435025501,24,2632164
435027067,157,86302071
435027462,23,1590708
435028264,7,1929051
435028680,42,6722159
435028872,21,1774435
435029656,22,6445393
435030652,5,309929
435030842,8,805534
435031298,24,10330072
435032386,28,4080057
435032817,19,3972609
435034395,131,63756209
435034413,15,6908743
435035106,25,7516229
435035749,26,9908542
435036164,13,1542416
435036362,10,3289239
435037485,9,435058
435037731,21,4367953
435039818,22,5361899
435040068,23,6650689
435041722,3,788417
435042763,10,1761584
435042813,6,1572310
435043704,14,4418796
435044637,21,3329281
435045091,73,9180909
435045227,12,639018
435045233,8,830613
435046734,10,896302
435047198,12,1327059
435047316,14,2358523
435050443,4,180931
435051011,10,940804
435051634,17,1477295
435053647,222,112434100
435055876,19,1366048
435056787,9,1026558
435061491,27,2180824
435063567,11,3751248
435065483,43,3577669
435065793,18,6299945
435066128,7,446764
435066375,13,3438956
435066681,24,2184774
435068728,4,154338
435069162,23,1468090
435070528,24,1017210
435072917,5,625309
435078060,3,249158
435091395,9,750774
435091959,13,1372058
435129007,5,184992
435130979,4,38052
435131310,12,4289219
435131826,31,9284741
435135353,7,884411
435136631,8,3053048
435140688,10,507351
435148717,8,308258
435149862,13,6954647
435150749,264,170822884
435150888,83,23808652
435150940,27,23456116
435154691,27,13650354
435155608,11,627005
435157741,96,26921760
435158593,5,181746
435161770,10,1924871
435162005,19,3425175
435162819,10,4252554
435163561,11,4087719
435163775,9,1109043
435164199,16,7377851
435165640,4,1314481
435166095,21,10429910
435168055,17,10336699
435171761,35,23044685
435175630,18,1061110
435176535,15,3240791
435177965,18,5787748
435180020,6,411203
435180157,15,3128173
435180587,7,325545
435181710,19,2708699
435183317,7,316892
435183714,27,2879527
435183921,30,2580113
435184051,5,364681
435185538,5,277120
435185995,7,441712
435191305,9,728046
435191338,15,632827
435191627,28,1935911
435191630,3,254892
435193648,16,4030255
435194167,86,38846097
435196608,7,1846829
435198303,28,9693546
435198420,36,19725325
435198898,9,5314231
435200756,13,1426463
435201224,13,1180799
435202404,29,3537540
435202819,15,1806090
435202933,3,176510
435203570,70,5732090
435205270,16,3250206
435207732,12,1859166
435215234,19,5252188
435221126,19,1750664
435225120,8,290150
435228309,10,717227
435234929,5,141162
435235199,12,1000943
435237424,224,161709786
435238031,10,300463
435241362,13,1148639
435245838,51,7297710
435247618,18,3964055
435249202,18,4897948
435251774,16,3859168
435253759,10,3530564
435254000,9,5004336
435255341,71,18458359
435255801,60,29772106
435255860,16,9132999
435256785,9,3251083
435256865,10,2372699
435257161,18,6196517
435257632,13,1381194
435258277,22,2353657
435258383,40,13805175
435258852,69,28118593
435259153,21,12026055
435259591,13,3354564
435259889,60,18185887
435260751,9,2220772
435260758,64,42699661
435261801,18,5561972
435262063,15,1439467
435262222,22,12882522
435263181,52,18895375
435264409,19,1270679
435265012,12,4457710
435265637,21,4312928
435265724,10,849894
435266655,36,3058997
435266879,16,5254686
435266881,6,2529484
435266931,39,10830887
435268780,14,3613516
435270039,6,699106
435270835,26,1303674
435271872,5,226814
435272352,12,1870038
435272483,15,585465
435272589,13,3725535
435274065,17,625687
435274075,75,5824962
435274719,11,954450
435277887,6,217055
435279176,13,1433176
435279897,8,649686
435280280,41,21654953
435282904,19,2371114
435283735,9,14472
435284126,124,50624039
435284415,4,2466906
435284868,4,107300
435285229,59,21928571
435285937,70,36474438
435285963,17,10236597
435286319,26,2205787
435286487,13,1079558
435286495,22,6144292
435286942,20,4918136
435286996,12,856338
435287276,8,348064
435288722,33,24133982
435288726,8,4501818
435289520,11,350587
435290070,8,442066
435290460,25,10687253
435290825,18,812158
435291353,5,603100
435292055,64,25875424
435292060,67,30707030
435293215,21,2922876
435293262,121,69709046
435293305,22,5194203
435293491,68,29155978
435293643,183,115121340
435293658,3,543286
435294112,15,3962969
435295023,10,1619109
435295383,272,140516405
435295754,44,24833407
435295963,17,6116507
435296002,10,2186031
435296511,9,2432982
435296739,47,17751483
435297470,42,23494964
435297621,21,1043310
435299191,48,30098472
435299299,56,31993768
435299517,19,5078441
435299740,3,3451011
435299939,33,16345453
435300235,15,4380905
435300303,35,13882764
435300373,5,980053
435300374,54,21087515
435300427,14,8182487
435300476,49,52801241
435300649,11,978239
435300719,65,40920014
435300807,13,4087277
435300944,38,16230879
435301394,59,28905074
435301441,6,454851
435302062,100,31170210
435302100,12,1453467
435303226,14,1849658
435303923,16,2034817
435304316,9,1337973
435305183,15,1593143
435305705,23,9299767
435305754,36,8282842
435306794,334,254928334
435307329,4,3112896
435307445,10,6788221
435308125,9,1882231
435308754,3,868398
435308823,29,15888274
435309223,9,1601000
435310548,367,220524050
435310939,94,13929034
435311064,10,6080026
435311232,18,2858634
435312388,9,1709440
435312799,34,16260109
435314590,12,2789864
435314596,71,14341611
435314707,9,951030
435315644,40,7020835
435315938,15,7778457
435316545,5,1071375
435317594,12,2348555
435317915,32,14448361
435318705,9,3537740
435320138,36,2840199
435321350,13,1147320
435322413,114,81238599
435323265,21,1802564
435325477,6,373773
435326350,142,95212616
435328759,23,6742284
435329054,16,912706
435329812,41,15816919
435330326,4,561086
435330596,130,77096929
435332117,13,1258544
435333864,4,42752
435333916,12,3505548
435334009,5,530526
435335894,6,1371160
435337011,11,1778544
435337068,9,3369096
435337657,17,1773519
435337710,18,1874556
435338028,62,34659417
435338841,18,5895678
435340538,23,2262864
435341388,15,1232493
435341618,15,4462672
435343499,15,1497506
435344855,24,3288538
435347271,13,571110
435359028,13,1659075
435397603,22,8470802
435410912,3,1091542
435412090,13,9300314
435415514,29,11263260
435418723,45,4411778
435418732,34,4621217
435422361,13,865484
435432899,41,16007153
435433347,3,706143
435435377,8,679009
435435635,11,8356683
435436426,23,9759832
435439520,9,4009136
435443723,9,790751
435447702,11,1460693
435448164,7,246977
435452227,15,920251
435454407,10,993547
435456131,25,5656649
435456342,21,2814433
435456896,12,2024111
435457524,13,1257856
435457828,35,14710926
435459495,6,2737155
435460715,8,2395989
435461402,18,5220847
435461614,26,6500467
435462185,26,8850847
435462198,17,2615244
435469295,22,13326330
435470827,10,2185865
435475076,8,908311
435501235,69,24550960
435502359,71,45642561
435503135,4,108987
435503276,15,6441585
435504487,11,268789
435504836,20,1543993
435505224,70,29342803
435507858,58,38205503
435509125,12,622264
435509632,124,57906066
435510568,9,695473
435510611,27,2985619
435510747,14,1100944
435510754,9,562606
435511056,24,2376378
435511121,25,9435543
435511600,9,406113
435512517,50,4925627
435513169,6,1385757
435513289,32,5238127
435513772,6,1898088
435514963,7,1518045
435514977,16,7777110
435515048,38,3769394
435515421,14,449607
435516625,21,1246433
435516923,12,1368596
435517307,12,4255818
435517399,14,5093460
435517448,13,1236153
435517744,21,6764452
435518243,84,36242704
435518545,6,1596660
435519406,28,8288997
435519833,9,4658847
435519886,19,2605703
435519988,31,5086745
435520246,25,9667706
435520503,24,8002666
435521019,17,4836873
435521090,14,535473
435521449,6,1508640
435522340,10,6770690
435522791,27,3615713
435522886,59,7706241
435523176,13,5056210
435523222,25,6081316
435523992,74,25994976
435524694,49,3950357
435524812,9,933064
435526418,12,663479
435527156,9,1307764
435527800,20,9748077
435528417,12,4313208
435528462,39,5109279
435529543,16,1312364
435530451,12,863155
435530571,8,454304
435531235,55,5257095
435532298,9,727169
435532358,24,6753980
435534256,44,11881898
435534298,45,4242853
435534760,16,4578118
435535939,33,3434416
435535956,32,1423045
435538389,21,470346
435541035,14,3760664
435541164,21,3492347
435541571,10,488125
435541817,21,11055549
435541920,12,938318
435543054,39,7317459
435543130,12,8103479
435543384,21,1685487
435544042,105,76841232
435544160,9,1499117
435544228,40,17670765
435544868,11,956279
435545190,21,2697973
435546356,369,192403821
435546790,15,2928067
435546841,7,751546
435548242,37,2420282
435549493,13,2717199
435551592,17,6017414
435552081,22,3239308
435552320,21,3684423
435552854,13,5902884
435553012,18,1647188
435553082,18,7004946
435553549,39,8907532
435553944,14,957319
435554828,10,439878
435554962,15,4034730
435555453,5,208160
435555777,9,207499
435555926,26,14725936
435556073,8,2122206
435556416,18,1989284
435556533,13,3134772
435556905,13,2282473
435556912,35,5271335
435557612,9,378362
435557641,36,34288047
435557980,76,46091339
435558001,10,5400404
435558127,17,5772503
435558706,27,14911534
435558739,109,60105847
435559063,91,43156249
435559515,4,153125
435559849,11,1442782
435560043,36,28777946
435560077,14,3970024
435560460,65,27485824
435560931,22,9290370
435561269,8,1403403
435561326,12,796830
435561505,17,4850381
435561878,11,2582336
435562609,9,2730349
435563248,52,8440825
435563282,13,4307599
435563317,13,872265
435563461,19,772242
435564199,13,2667646
435564663,8,708305
435565170,28,1637788
435565541,10,358545
435566116,69,7580502
435566645,26,5930076
435567108,27,4723431
435568250,17,4163338
435568292,9,765728
435569476,12,3548129
435569485,13,3066477
435569577,48,32645993
435569806,19,12323394
435570481,10,6952473
435570787,75,56905187
435571446,3,616565
435571659,10,1293694
435572031,18,2055989
435572163,53,18084142
435572358,5,220859
435573255,25,6898123
435573722,15,12191964
435575544,11,5518042
435579325,18,2625704
435580072,11,6954396
435581234,10,4007314
435583831,10,3906147
435584057,9,1750408
435584669,11,472716
435585258,11,5722122
435585788,8,1342362
435586401,6,141307
435586853,14,2127381
435588251,4,1492314
435589372,24,9730654
435590228,10,3295983
435590754,7,1123698
435591045,8,3928856
435591592,21,6807924
435591674,25,20256147
435592193,11,656636
435592799,19,6733222
435592856,8,3359111
435593951,20,5463277
435594444,13,5903509
435595253,20,9783525
435595580,5,352080
435596266,37,11686260
435596754,27,8820257
435597557,22,6904171
435598716,11,1834569
435598783,10,2047975
435599506,6,1928813
435600598,18,7036031
435600667,3,619817
435601189,12,4566814
435609932,11,1048777
435610245,7,933796
435611872,10,682419
435631924,5,337344
435648706,16,949051
435648889,7,2445526
435650921,12,905078
435668985,44,17444766
435671283,10,3722849
435671857,9,891535
435671883,33,4145100
435673979,16,1682181
435679350,33,2342427
435681908,11,934455
435683025,8,856134
435683839,7,1456949
435687168,14,8510045
435688187,17,5734992
435688259,28,12559454
435690292,29,10834459
435693360,62,38385086
435694520,46,15034751
435702323,46,4127034
435705301,14,2228845
435705367,21,2810381
435708867,41,12207423
435709642,50,5593428
435710079,15,5062873
435710959,23,11126523
435712301,12,4303446
435712330,18,1189974
435712554,3,1012944
435713217,8,3409576
435713410,18,14101781
435714556,43,4284907
435715876,35,19886537
435717351,24,7247438
435729808,16,4046335
435742544,4,222618
435747169,4,576966
435749443,14,5509702
435751062,11,766671
435753497,15,933803
435754165,54,2244167
435755218,4,594961
435756426,11,4005620
435758566,163,87976105
435764166,5,311067
435764840,4,1207502
435765608,34,17899007
435765893,41,16849538
435766044,13,2653350
435766446,12,2030643
435766734,9,2799827
435767941,24,12485799
435768125,32,2887704
435768162,24,8438043
435768429,19,2697378
435769542,13,334148
435770245,24,3734010
435770716,12,4592708
435770794,15,2118368
435771159,37,30133094
435771368,9,785397
435771549,7,704370
435771595,44,17938507
435771632,15,2793219
435774416,29,7630896
435774629,4,1649450
435775963,44,9558070
435776170,38,3569231
435776179,4,531279
435776450,18,3279230
435776483,14,6018641
435777680,46,1861057
435777854,11,1169128
435778561,18,1389488
435778927,102,28332267
435779119,15,2550286
435779478,32,4600337
435779731,18,9970763
435779936,22,3056993
435783253,17,2464567
435783372,75,8096681
435783686,10,1447406
435785426,141,9892994
435785856,9,5788914
435787439,25,986770
435787979,14,10910334
435788058,12,1423223
435788673,14,6370593
435790292,16,5630683
435790317,9,4992053
435790728,9,1334840
435790933,8,3156239
435791126,12,647758
435792201,37,11586383
435794509,15,1116701
435794978,11,3295171
435796783,25,5212256
435797233,14,1253467
435797622,12,372109
435799052,20,1308265
435799130,17,1979836
435799208,39,25535254
435799304,20,6846284
435800466,19,1641899
435800701,24,11246866
435801115,13,5275513
435802018,18,1481349
435802537,10,800020
435803095,18,1514319
435803345,13,4002883
435803534,166,86310890
435803922,9,1015026
435804011,16,10501304
435804074,30,9549277
435804926,18,936176
435805268,55,21813427
435807103,40,19129777
435807384,39,1586340
435807943,20,1999105
435810117,14,2763520
435810242,14,1972315
435810343,38,18813673
435810953,57,24080201
435811086,17,1924087
435811356,26,20374766
435811543,33,18409624
435811602,11,1227282
435812472,40,8062403
435812844,12,1568861
435812940,35,11198756
435813701,5,1009370
435813718,19,3990730
435814068,58,23215166
435814996,19,8891636
435815142,10,2579765
435815202,30,8396224
435815235,24,14498880
435816045,6,1365513
435816212,13,6654464
435816263,7,1650705
435816271,23,12105932
435817226,24,8731726
435817328,280,42270857
435817470,16,1548707
435817577,10,651525
435817602,10,2429406
435817747,35,8565374
435818442,3,554214
435819539,11,3216307
435819580,57,24287217
435820255,81,49999731
435821170,32,17690982
435821555,6,515556
435824114,18,4341580
435825280,10,4025746
435825410,13,5121130
435826398,25,7039630
435826972,13,1196127
435828116,19,3508016
435829125,27,6847135
435830063,53,14170958
435832373,15,2498979
435832549,20,1701602
435832610,14,4321404
435832652,3,416413
435833277,11,1141509
435833380,17,17457914
435833881,4,502589
435834438,11,3108100
435834850,12,508537
435835306,64,22584263
435836266,9,27250424
435836438,9,781583
435838003,11,2112712
435838051,73,8734061
435838914,22,6246995
435841405,18,6769887
435842440,21,3127859
435843155,11,3617570
435844546,27,1573316
435844823,18,2313209
435844944,88,29780426
435846084,25,12903728
435846642,12,299318
435848698,26,4675807
435849901,10,1230773
435851206,13,3046564
435851285,12,665895
435853348,22,7893110
435857468,11,3277101
435859632,16,1151973
435860867,17,834037
435860975,112,68824211
435863152,12,4630811
435864129,53,32597143
435867022,15,4725131
435868406,8,720200
435868684,15,1321747
435869041,5,453483
435873505,9,694967
435873957,38,3909652
435879123,16,2302074
435879820,10,1233859
435881906,14,1414185
435919495,19,6990918
435921182,6,1633043
435922056,15,6297445
435922427,13,3304025
435923038,15,3935576
435923219,31,15454175
435933742,21,1538755
435936058,20,1525363
435937548,22,13385158
435939465,7,564637
435940392,12,2222598
435941045,14,4735374
435941995,9,4192387
435942465,17,4380842
435942485,12,5328061
435943837,11,783869
435944113,11,3905146
435946679,50,19496275
435947105,22,2676998
435955985,9,549113
435956028,6,115813
435957338,63,13819679
435957913,90,36128038
435959912,8,938639
435960223,12,1275788
435960776,27,12884830
435962267,48,29161573
435963050,36,21846571
435964161,23,9275756
435965459,6,3793397
435966097,30,12537689
435966220,38,24516996
435966789,10,2561516
435967779,4,2008805
435969515,12,5219188
435971142,29,7833098
435985148,15,647736
435987540,13,2500386
435987628,6,561637
435988542,15,1259298
435988544,16,1951312
435988611,10,1452495
435991755,9,456120
435993704,44,7553908
436000522,23,1428314
436005004,24,11961120
436005534,15,1002528
436007308,166,14894045
436008186,7,190733
436008678,10,693872
436008769,34,12640527
436008890,18,1409341
436009190,14,3250663
436009945,18,2563778
436010800,16,651343
436011971,28,4722503
436012117,14,3947255
436013731,25,1124652
436013907,15,5726274
436013960,17,1363017
436014305,13,605677
436014925,8,211588
436015974,16,4084454
436016107,9,243428
436016354,10,1304962
436016565,24,6446651
436017266,13,1413157
436017361,5,392696
436017465,10,2172558
436018166,11,673262
436018379,15,839194
436018833,11,3261934
436018986,27,10211970
436019033,33,16431106
436020207,18,5316410
436020292,17,7446529
436020372,21,3405175
436020761,28,8041505
436020836,6,121840
436020892,7,1889004
436020906,13,7150558
436021340,16,1262614
436021431,28,16485453
436021622,19,10112914
436021808,65,6191527
436021958,16,7702426
436022252,7,1353495
436022457,11,883565
436023101,6,2552617
436023396,17,705226
436023455,16,558106
436023569,20,1153335
436023747,104,46975065
436023749,23,3694752
436023823,18,5635215
436023940,16,1726421
436024129,24,7427641
436024131,167,23538005
436024270,11,2312392
436024448,60,22150094
436024816,7,3407993
436025058,26,17061866
436025364,25,24348066
436025488,10,870163
436026714,5,233817
436026769,18,6956446
436027400,19,2245268
436028632,19,1619915
436028677,33,2024263
436030248,35,4025948
436031109,48,16291146
436031178,24,5187660
436031781,22,4164404
436032046,84,44599670
436032516,11,2611947
436032651,21,5621990
436034062,10,504522
436034080,4,727154
436034366,5,264773
436034835,9,1094808
436035445,11,176978
436035580,18,1298722
436035899,17,2373528
436036019,6,381635
436036121,12,6897191
436036751,15,2185579
436037411,30,3919312
436038185,12,3803639
436039103,25,14711607
436039514,6,2028214
436040690,15,6241810
436041029,9,1265428
436042370,13,1242635
436042788,10,645136
436044024,56,26650159
436044164,48,28489788
436045102,8,694170
436045248,15,1729974
436045567,27,10883152
436046006,7,4993358
436047286,16,777648
436047517,3,1894889
436048810,46,20624599
436049539,12,2075261
436050136,12,983833
436050227,9,4972280
436051478,12,1416437
436052049,38,3604323
436052215,9,3311962
436053262,57,37347570
436053862,37,15789204
436054038,10,2915200
436054946,48,19025304
436055197,5,1230600
436056510,62,30385261
436056669,12,591731
436056723,6,999428
436056876,10,961550
436057286,28,3818300
436058156,17,2120100
436058378,11,929301
436058698,21,5143973
436058715,10,2953735
436058724,13,3103593
436059457,3,1446969
436059893,30,11331584
436060356,101,34693958
436060661,47,18193475
436060967,8,1715978
436060972,17,2329115
436061033,9,1062809
436061123,164,109947839
436061317,17,1728496
436061451,18,11944207
436061917,12,1433370
436061951,20,999629
436062012,13,5685571
436062308,15,3644540
436062333,16,1048780
436063329,15,1657681
436063654,10,4595464
436064027,9,5561624
436064554,31,7122168
436064934,25,5638561
436065372,15,2609984
436065439,4,218498
436065453,16,4845633
436066734,47,16839871
436066747,14,6487616
436067157,22,11340691
436067318,15,1828010
436068414,70,37689607
436068478,17,4723110
436069421,27,2548257
436069942,20,3039632
436070162,11,6633556
436070302,32,11262154
436070975,8,262052
436071163,56,21235188
436071204,9,5850507
436071439,3,435593
436072348,13,3329638
436072666,53,11554947
436072700,18,1669301
436074843,14,4433712
436075483,13,4293690
436076639,6,2382326
436077175,8,5968619
436078133,39,18509815
436079079,11,755875
436080442,5,315170
436080527,3,527756
436080936,12,2316621
436081973,21,9423075
436082575,9,1538648
436083255,505,268859790
436085084,36,27445705
436087722,4,393993
436088425,12,2801385
436089882,19,8779404
436091850,16,1855094
436093747,13,2604464
436094555,22,8038369
436095754,15,3409903
436097330,31,6235643
436099818,22,3715870
436102634,27,4258192
436105469,19,766226
436109574,9,1553626
436109754,20,910294
436116054,20,3594275
436117442,5,635020
436141926,9,5789487
436142796,27,3226658
436149077,9,1278955
436165603,32,2759225
436168287,17,762497
436170516,3,832497
436171061,8,2191869
436172021,6,455785
436186093,24,11718923
436187022,14,3215959
436188358,31,13051081
436188620,20,5671857
436189988,36,21049551
436190527,25,10949141
436190706,7,9089327
436191103,9,721105
436191333,7,413211
436191833,6,4843464
436193685,28,25608232
436205618,3,5207821
436206594,18,8945710
436210053,40,11015740
436212776,35,11620208
436214649,7,685535
436214819,72,8659875
436215078,4,1263188
436215806,10,2125494
436218789,57,2256809
436226100,4,116519
436235108,4,350532
436235860,7,545460
436246280,13,4396070
436246338,15,1306370
436249506,190,99312115
436252388,12,494764
436254765,14,672386
436255444,12,697848
436256038,9,417458
436257292,7,1781342
436258605,5,2488768
436259334,43,4202938
436260181,11,2990185
436260816,14,1468730
436261091,21,6927973
436261263,8,4635163
436261441,38,2776181
436261588,13,5370622
436262007,12,3501159
436262096,11,903330
436262291,17,5497754
436262723,4,786566
436263310,15,1279062
436263317,10,2253201
436263438,16,6223557
436263633,44,23401460
436264197,21,5041652
436264424,145,102916642
436264924,21,10379070
436266078,27,3598471
436266100,25,5921005
436266171,9,1234201
436266178,40,12204356
436267120,14,1146608
436269123,8,687720
436269548,15,4184171
436269707,11,7787495
436270497,65,5142562
436270752,10,312737
436271012,60,6016777
436271250,13,4264493
436272418,14,3834528
436272443,11,439361
436273529,28,3595278
436274055,11,4934308
436275715,6,309550
436276149,10,465998
436276233,9,794469
436277062,28,7142230
436277724,16,7497150
436278095,10,617129
436278466,87,7427422
436279326,14,276378
436280321,5,441012
436281255,16,7679137
436282225,12,874365
436283400,34,17149382
436284000,37,11911194
436284123,30,3271018
436284257,7,3560066
436284500,3,1088459
436284754,748,453039912
436284975,281,104377932
436285381,6,2357924
436285600,36,1029155
436287317,4,393942
436287626,30,13182242
436287977,29,10106404
436290014,93,69591005
436290987,34,2928804
436291763,33,14900646
436292614,19,1284953
436293494,11,1232302
436296321,13,1384043
436297540,7,306330
436297601,25,16418208
436298013,36,13039152
436298313,41,10678709
436299043,17,4839824
436299062,16,864040
436299312,36,17480641
436299539,12,1195880
436300275,10,1912028
436300335,11,2509386
436301127,85,3452208
436301156,11,1230074
436301278,13,3963236
436301936,19,1942150
436303158,19,5091769
436303189,11,2889879
436303889,61,51903325
436304424,6,1145846
436304957,16,2110684
436305139,140,63437860
436305727,9,653785
436306298,9,2966366
436306363,12,4058884
436306658,40,15763001
436307038,47,18732695
436307462,42,20379554
436307511,21,2346955
436308115,7,1781939
436308611,9,1075357
436309072,19,4798863
436310424,3,2356968
436311148,17,1364223
436311632,21,1900080
436312017,11,5856744
436313445,16,1378528
436313745,13,5163775
436313995,26,11774184
436314178,32,12969105
436314381,70,17592928
436315227,55,27138983
436316770,33,19905573
436316831,37,12779452
436318895,13,1667824
436319965,24,3812156
436322246,79,18490860
436322838,5,1177112
436325267,26,6187671
436328664,16,2415458
436332115,12,1732823
436332880,30,5981057
436333058,14,8541491
436334804,15,6641966
436335574,6,2018092
436336797,26,3495472
436336848,10,4988230
436337351,9,3432718
436337733,74,6090797
436337749,25,4235154
436338055,36,12693685
436339231,15,3400282
436339715,13,1074525
436341841,51,25538931
436343496,20,3154028
436344888,19,3575118
436345607,8,681378
436346912,21,3309583
436347277,12,1082784
436347796,18,2100604
436348376,9,2024815
436351705,55,8996737
436351709,23,2977757
436353309,8,1602154
436356236,10,2508807
436358626,9,1931109
436358839,16,2315487
436360682,23,2431519
436361350,39,4769498
436361472,8,1203238
436363344,11,2464139
436386294,19,946674
436415841,13,4155197
436419899,6,108830
436428612,17,2432292
436429426,21,4690075
436430917,21,20409989
436436149,49,4171485
436436175,15,626921
436436630,50,16042117
436436680,24,17122391
436437852,25,7123155
436438797,24,2546042
436439972,85,36378453
436442612,11,2536223
436442896,25,3919088
436442998,24,1673039
436443750,24,3127576
436443948,13,2236676
436448998,11,1702613
436461352,27,6810386
436461377,6,340263
436462522,20,11765321
436463280,17,3960534
436465322,31,13455115
436466421,23,3219577
436476728,19,2641439
436481566,4,222001
436486852,13,476403
436493331,18,835985
436493662,20,946625
436495159,20,1582310
436497810,26,2398455
436499796,21,1619106
436503904,7,485607
436505339,27,2946821
436508035,19,1815441
436513153,11,4497264
436513476,36,2332358
436513784,22,1260628
436515500,42,15883264
436516240,9,1047586
436516528,16,623134
436516587,16,14973115
436517454,56,28017177
436517470,21,8710204
436517613,4,1193227
436518254,16,3933796
436518620,65,38174447
436519010,18,7329786
436522198,23,7696782
436522886,17,7457443
436523151,28,11432433
436523383,56,24996933
436524413,125,75548327
436525788,13,3590539
436527521,12,691335
436527770,13,1211973
436528470,28,1044399
436528610,8,3545162
436528696,29,2096794
436529283,51,3888714
436530374,14,798822
436530786,6,135962
436532623,16,573362
436532982,22,2030283
436534108,81,6232658
436535903,32,2134252
436536305,11,775433
436539113,24,2980334
436539253,28,9014679
436540197,28,2682790
436540435,19,722743
436543065,6,519220
436543707,13,3069019
436544106,19,10907024
436544115,9,831395
436544476,24,2932918
436544941,20,1575418
436545149,5,205622
436545502,9,349723
436545836,113,63979186
436546156,14,1441568
436546313,10,5483415
436547653,12,760065
436547931,17,1041599
436548026,5,7116630
436548205,15,4173773
436548711,10,3663898
436549574,13,1199283
436549797,63,39680387
436549873,16,15190120
436550565,17,1459669
436551236,3,487774
436551272,15,2040095
436552965,24,4888770
436553798,69,41099139
436555726,17,3417653
436556518,8,3018391
436556551,88,36734709
436556627,26,20628174
436556634,90,50890863
436557020,12,2294919
436557080,37,20394579
436557173,23,3024563
436557624,9,2356700
436558162,19,1235267
436558916,13,10801282
436558937,8,2631253
436559535,7,547747
436560290,79,44627159
436560593,8,957359
436560688,14,7546997
436560857,27,1655107
436560958,19,3683553
436561086,8,8166888
436561687,9,1024274
436562095,31,15374394
436562174,26,3019948
436562806,15,1922700
436562873,38,22075935
436563310,24,16028516
436563646,36,2410689
436563865,39,18251278
436564099,11,1338377
436564345,8,1502682
436565158,13,663605
436566384,269,184505391
436566610,15,2082024
436566898,11,2636258
436567311,68,30595586
436570001,64,24935617
436570138,6,719725
436570538,31,1958231
436570708,7,227730
436570795,8,850322
436571244,37,7906264
436571542,13,944450
436573164,8,894849
436573243,24,2543505
436573326,8,1014146
436573691,20,1354010
436574173,17,1512721
436576117,43,20418712
436576862,10,844636
436578843,5,1300120
436579878,9,7556539
436580302,10,806041
436581248,18,2796690
436582236,6,462
436582675,4,585129
436584586,3,893469
436585486,30,5582919
436585497,15,7098186
436589065,76,42942546
436589354,16,582253
436589421,69,36561378
436591555,32,17448059
436592639,17,6443338
436592917,23,2517086
436593809,45,19132676
436594013,44,35726719
436595634,9,1184688
436595756,5,3298817
436597445,23,8270688
436598971,39,2013876
436601107,19,2229965
436606404,11,683625
436608603,38,20641352
436609193,19,10413010
436609598,12,1052657
436610839,29,1604662
436615358,16,663838
436615567,16,1823430
436616346,18,641372
436617051,30,14428442
436618137,29,14378667
436619536,8,1174337
436654414,12,855728
436659989,15,952622
436684211,31,4515514
436685417,20,3505639
436686294,10,5654892
436687673,15,2955868
436689948,29,1815963
436690482,11,7573169
436690773,24,1619887
436693056,6,220408
436695454,36,3179918
436696852,8,343802
436702717,10,912211
436704792,42,25917854
436706409,33,17354857
436711432,25,8791814
436714483,13,733110
436715107,8,392647
436738314,22,3748962
436740344,19,11188895
436740584,12,4243916
436740771,22,5115854
436741059,39,17032111
436742788,26,22927745
436743601,6,2733157
436743862,17,8340263
436744819,8,2019403
436744901,16,7117718
436745330,3,992415
436746316,6,1142872
436746802,19,9883838
436747132,16,7631177
436747685,36,26488093
436761043,10,1867124
436761573,4,448270
436763210,85,6319754
436763896,8,493504
436767145,30,1605243
436770780,33,1879350
436770918,43,2820035
436778086,18,1685697
436778239,16,1100360
436783654,387,11027050
436784907,12,3073097
436787441,12,881189
436787868,18,5939904
436788735,11,307449
436789754,21,4851183
436790966,17,8209732
436791328,12,710926
436792787,7,338742
436795530,13,5851754
436795685,25,7505340
436797979,11,2473400
436798401,32,4214829
436799051,16,912658
436799577,6,320980
436799791,17,3612236
436801061,15,2846046
436801460,3,768045
436802855,24,14255388
436806160,12,1771473
436806458,26,928353
436806484,9,934844
436807306,13,2589803
436808833,20,4497391
436809998,22,760933
436810467,15,3982
436811400,10,449113
436812763,6,117217
436814011,30,1142337
436814132,11,1082618
436815436,5,705156
436815480,9,441262
436816150,20,3441541
436816334,11,4127832
436817156,80,70143601
436817514,12,2631352
436817851,29,15832958
436817853,35,11605279
436817939,9,2855493
436818089,5,1754554
436818403,271,225287824
436818480,10,1829923
436818531,14,3387631
436818725,22,4917144
436818947,23,4656840
436819018,4,211182
436819955,16,1754484
436820581,14,7074950
436820610,69,29849779
436820869,13,6519309
436820942,12,4440616
436821420,51,35567923
436821558,52,11649488
436821666,4,109221
436822346,8,1759883
436822408,15,1052762
436822549,9,1125342
436822999,8,614570
436823164,16,7709857
436823884,6,192436
436824386,32,25753844
436824449,127,67539438
436824692,12,1367688
436824828,165,77411537
436825401,3,939975
436825418,92,51060298
436825519,8,949871
436825582,15,4276046
436826151,9,2081178
436826367,52,40366540
436826459,13,4988142
436826647,5,224953
436827339,8,213934
436827683,13,888862
436827985,8,1094886
436828097,16,3523992
436828180,46,50504680
436828315,35,3425429
436828393,4,358926
436828500,8,8709011
436828504,18,703785
436828585,21,4468722
436828663,6,2721548
436828665,164,89737853
436828668,14,3631181
436829378,13,3270061
436829459,12,2073417
436829512,4,1408362
436829567,21,24853907
436829713,27,2048267
436829807,8,799018
436830396,25,12146593
436830543,5,1463965
436830835,10,2598400
436831345,10,1201450
436831448,5,1111930
436831541,16,5714212
436831700,17,5870171
436831756,6,601980
436832196,27,12114812
436832242,14,454782
436832436,87,143310364
436832739,33,6831027
436833221,22,8870643
436833308,34,10926210
436833476,18,6924034
436833605,236,162698666
436833862,8,2032838
436833888,3,78968
436834239,36,12851602
436834456,17,1418696
436834580,9,989538
436834787,11,547684
436835030,7,1556656
436835424,47,41727147
436835463,170,74508051
436835650,14,2782385
436836094,43,29573021
436836554,3,957396
436836746,7,3480355
436836770,10,2209625
436837143,43,23546170
436837150,12,719189
436837319,8,310531
436837531,126,64027655
436837683,23,7108711
436837943,33,6234241
436838103,16,4111174
436838191,32,8803465
436838301,12,2996713
436838439,11,585427
436838629,31,8910077
436838678,29,14106099
436838811,72,88318480
436839338,26,16379411
436839669,28,8053416
436839743,6,1704397
436840036,31,32300681
436840261,19,15706905
436840486,9,3543618
436840833,31,8550763
436841152,20,1299564
436841232,14,2596348
436841383,81,68434809
436841619,70,38909054
436841772,38,2508842
436841806,191,159186192
436841886,9,5041233
436842072,86,50553365
436842100,13,7389021
436842281,80,63737957
436842392,9,1160469
436842842,26,9165516
436843575,8,1918224
436843735,12,2894152
436843751,12,3232192
436843757,21,3693900
436843864,23,3383284
436844252,36,16485721
436844289,5,11055341
436844374,29,12403711
436844503,24,13522274
436844707,17,2701318
436844789,11,3962043
436844838,7,278918
436845027,15,3981926
436845097,10,3923812
436845957,150,67859437
436846419,16,1261650
436846811,15,838338
436847055,8,2516046
436847390,15,816538
436847770,3,4203034
436847985,149,147569277
436848554,13,9619629
436849343,65,5677410
436849421,165,120658787
436849428,3,648980
436849870,7,237241
436850700,58,32949478
436850711,48,18302787
436850733,37,14377495
436852045,3,426875
436852847,37,3987580
436852870,6,681270
436853041,120,78902788
436854115,312,159145619
436854353,15,4927600
436855479,158,87652833
436857531,4,49155
436858280,11,447994
436861162,8,564137
436862182,3,531977
436862625,24,2760850
436865562,10,604699
436868876,11,661861
436870871,9,2629868
436873674,26,2893290
436878990,17,4859302
436880519,111,51803757
436880593,21,6407281
436881454,85,39472152
436881664,13,2632372
436887451,18,1974220
436889455,17,711510
436889803,3,1053684
436890580,13,1117729
436892141,42,6885746
436894452,10,703839
436895996,31,2433382
436896612,22,6409558
436897346,14,5559557
436900912,18,2065822
436901255,4,319469
436902107,15,1714127
436902175,76,8773380
436903058,26,2924323
436905307,17,1882707
436911605,9,940119
436916405,15,2394347
436928065,17,1562474
436946844,15,1091955
436954922,6,721887
436961686,9,5103469
436985414,74,12054757
436989508,16,2796339
436999101,20,3366728
437003899,370,29407639
437003934,35,2165213
437004087,16,1373896
437004209,6,438659
437006896,19,5373698
437008987,15,713658
437012746,11,2614919
437012883,15,9797118
437013367,7,318255
437014590,10,3512417
437021168,3,302773
437029165,21,35724947
437030849,6,231633
437032697,7,406591
437034430,28,27552702
437036563,15,4350480
437038738,31,3196506
437040768,13,9343946
437041532,4,273565
437042972,18,31558462
437043588,18,1686811
437044143,15,5284357
437044691,23,12687991
437046626,10,1135733
437046828,18,1343648
437047833,31,3168914
437048466,31,7314630
437049573,44,5942420
437049912,7,649469
437051164,25,3173223
437051214,32,3349203
437051446,17,1629808
437052907,17,6855234
437053525,11,986490
437059902,4,346414
437060006,12,1062023
437060490,13,1278725
437061573,5,1306414
437064855,24,2539241
437065022,11,1406960
437071958,56,7034566
437074421,38,3043264
437074471,6,459462
437076867,12,1087984
437078302,7,569243
437078473,15,1959076
437079414,52,5382997
437080837,3,392079
437088097,27,2527356
437089992,14,4544000
437091544,7,3063654
437092614,29,1222949
437098338,12,974206
437099093,9,3039898
437099228,12,3263343
437102079,13,1850624
437102393,40,20847817
437102672,7,3302768
437103213,19,5625551
437103218,9,2838502
437103666,10,2622250
437103695,16,6714086
437103894,17,6722896
437104503,3,1047206
437104993,9,5399390
437105236,13,2145562
437105333,12,1885500
437105460,6,1079370
437105601,6,1273849
437105652,12,2875422
437106335,50,35428538
437107761,70,40395787
437110461,8,2810416
437110852,14,888888
437110922,4,717256
437112068,8,2979092
437112105,14,962036
437112499,15,2148761
437112985,30,1205387
437113934,56,33077627
437114395,9,505457
437114589,24,9191184
437114633,11,3780643
437115004,6,1457511
437115060,47,4778999
437115746,14,6665515
437115960,11,1565371
437116655,78,4483358
437116682,25,663389
437117000,16,799384
437117462,33,10872775
437120111,20,1028011
437120579,27,1138473
437120597,67,17405827
437120657,18,669608
437121719,26,14188013
437123109,29,1002368
437123191,3,77508
437123864,4,989084
437124369,8,1032151
437124925,4,906784
437125541,69,2996134
437125753,53,20769846
437125961,13,1241177
437127138,161,97331415
437128558,6,217735
437130162,13,3514169
437130433,44,6950531
437130513,8,825882
437130676,16,3005084
437135009,20,1477624
437136683,24,9352294
437137654,25,9659470
437137959,14,508299
437138735,3,1406344
437138808,23,11502993
437139414,24,6387276
437139792,75,46883479
437139926,16,2005860
437140061,26,7068978
437140873,23,3965305
437141606,53,29934636
437141888,47,8188699
437142315,16,1953353
437142721,102,47907402
437142837,24,10929079
437143102,24,14033906
437143629,15,3048986
437144431,76,39406041
437144763,13,1893014
437145353,129,72949944
437145409,3,509846
437145435,51,17887572
437145995,29,11444194
437145997,20,8631222
437146166,10,5361595
437146586,80,40080493
437146665,18,1081424
437146947,22,10063593
437147780,10,3475502
437147843,11,1255247
437147918,13,4155841
437148230,24,1594240
437148756,13,2786134
437148781,12,2357060
437149199,28,11332646
437149856,22,16015307
437149900,14,1235629
437150833,9,1313098
437151376,4,1025080
437151438,20,8295398
437151547,3,62730
437151704,16,2226995
437151889,6,1130057
437151932,27,8584263
437151994,7,598855
437152329,22,9805762
437152876,79,41524586
437152928,13,7262042
437153108,43,143448
437153150,47,4581877
437153243,102,35394199
437153374,24,1838218
437154167,9,752320
437154616,21,9845622
437154667,19,700209
437155851,72,5407510
437155944,40,8171507
437156168,104,15690156
437156500,17,3520805
437156798,8,3123534
437156838,7,659408
437157435,3,656508
437157549,3,104668
437158446,6,6071022
437159436,9,1692189
437160399,27,2855325
437161464,104,15483620
437162239,32,12316247
437162265,16,3050095
437162365,11,734229
437162469,9,843625
437164329,15,5611814
437164418,22,4950880
437164450,16,1297544
437164662,11,850823
437164700,5,290233
437166391,24,2499503
437166572,9,2621314
437168245,71,27942909
437172103,6,331551
437175780,19,1425652
437178311,11,2195936
437179294,20,2400440
437179641,9,1671935
437180492,6,194671
437180656,16,4383917
437180753,39,17409531
437181089,17,7737583
437182804,10,1455910
437183740,20,9893034
437183804,19,1606732
437184230,11,3801092
437184246,14,1992487
437184797,61,6566444
437185178,9,1000290
437187551,15,8068358
437188973,16,2850668
437194157,14,4795243
437194482,30,1384105
437195048,13,4172362
437198965,16,5220192
437200849,13,3931754
437233396,6,1078177
437234246,14,1345123
437234857,9,887053
437239432,10,448337
437239502,10,754150
437241398,17,1002864
437253753,12,4438675
437256694,18,11990856
437258086,26,3093157
437261008,22,11256167
437264130,14,2268751
437267480,38,3960108
437269824,35,5332507
437270218,21,10844628
437273406,55,5286266
437275385,40,4433569
437275840,20,12117517
437275843,8,524645
437279309,70,7401660
437296610,15,8608564
437297823,18,11911506
437301568,7,1498096
437301809,6,464917
437303879,219,26899529
437304672,7,1146809
437306250,17,8109958
437317943,16,874971
437330587,5,4753971
437331431,26,7661094
437331581,22,1764391
437332438,44,27197981
437336260,4,121267
437339607,4,89542
437341275,39,2868803
437342811,19,1512184
437345577,13,326985
437345706,9,3369224
437347886,26,1344374
437349794,6,149574
437350620,10,1372407
437350705,13,968403
437351687,47,22042163
437351743,6,106362
437352311,46,26460090
437353283,21,9505637
437353391,26,6281841
437353788,25,3104099
437354481,22,6856911
437354534,14,617410
437355223,10,1278339
437355273,26,13254024
437355756,18,3784225
437356039,15,2927813
437356873,30,4695953
437358206,35,11952710
437358435,12,1612596
437358659,5,932940
437358836,23,5197576
437358993,181,17439171
437359434,21,4804264
437359512,10,1949046
437360034,31,3541115
437360078,16,7542970
437360205,28,2457947
437360222,23,3751849
437360523,34,21817758
437362000,20,4042239
437362185,10,2913070
437362989,36,12650028
437363125,19,1687024
437363621,12,1513206
437363669,32,3932150
437364182,28,16645755
437364493,46,20757275
437364516,10,3454868
437364736,48,18871390
437364952,11,3037494
437365430,16,1817340
437365750,16,881513
437366048,34,13711677
437366177,11,1299995
437366821,9,1019620
437367010,9,1060315
437367089,4,379265
437367249,83,15931314
437368598,13,1366048
437368705,35,3326438
437368741,19,4460179
437368783,28,3281360
437369035,9,942381
437369097,36,22575269
437369878,4,410963
437369938,18,1937478
437370353,29,15350988
437371343,10,900207
437371392,11,1394080
437371442,13,789630
437371548,9,2837772
437372338,36,6271832
437372366,14,1718516
437372979,28,1864090
437373453,28,4361802
437373503,10,2837460
437374088,19,1647919
437374179,15,6291329
437374604,120,19166498
437376950,35,4447560
437377001,18,1411948
437377388,13,5511418
437380009,20,954857
437380804,11,2035103
437381457,19,884286
437382545,12,698977
437383919,130,81484762
437384913,13,5010427
437386393,8,1174712
437386561,15,3178535
437387655,11,872858
437388091,14,5725987
437388597,24,5754107
437389246,5,644545
437390181,91,49529805
437390560,14,1358929
437390902,11,462912
437392811,20,6572286
437392851,69,28424426
437393281,5,681979
437393548,13,3373446
437393905,8,1875130
437394276,17,3445883
437394329,7,570530
437394726,111,52860842
437395027,21,5584985
437395577,36,17984397
437395751,24,12192353
437396731,15,5445823
437396842,208,108477859
437397943,14,1241457
437397959,12,876073
437398103,73,47700449
437398410,14,2021247
437398676,23,8021671
437398810,42,12268308
437400256,7,1630433
437400273,24,9323977
437400534,16,4279540
437400755,16,3644796
437401456,141,82229250
437401660,9,2470214
437403052,9,3134008
437403180,25,2814067
437403804,82,9820840
437405541,75,31164582
437405797,28,16094632
437406636,15,3065184
437407017,20,6009930
437407052,209,118304439
437408092,28,8674265
437408418,14,3261424
437409260,12,708329
437409448,21,3150505
437410495,40,11289787
437410705,21,2198218
437410926,9,4050574
437413053,51,7100341
437414613,30,11646371
437417134,12,2900056
437421655,13,1628222
437422527,6,1003130
437423793,11,4751277
437423875,6,872537
437424281,11,3131580
437425284,13,3430382
437425947,21,2411169
437426472,8,2332816
437427023,11,780609
437427072,37,11010007
437427356,5,4544693
437427915,38,8265974
437428096,14,11449516
437428272,19,1191915
437428659,18,4748528
437430632,11,1546143
437433584,14,856292
437435773,22,5560190
437437879,13,961468
437440914,22,2368974
437442881,14,1082385
437442966,28,2284342
437446256,11,774962
437448011,13,908732
437453685,5,652477
437456145,7,488453
437466045,6,456571
437473497,4,353991
437482158,11,530447
437483697,7,544555
437510826,8,1494859
437517962,10,1239207
437518511,7,1134999
437524532,21,3410609
437525857,3,620819
437525890,18,2212904
437526633,11,3305433
437527451,18,1868517
437527612,15,6089862
437529003,5,324124
437531220,7,2234653
437533128,13,741623
437534410,28,12731836
437535139,20,1788468
437538644,17,475275
437541371,11,2365092
437542241,7,130393
437544207,30,11742712
437551616,29,8520881
437551685,13,4948555
437552413,12,235767
437567253,7,726788
437574918,15,7139293
437583063,7,500451
437583337,33,12846287
437583575,27,10293605
437586011,21,1812669
437590897,22,4381076
437590932,7,942593
437592621,18,4867902
437593215,145,52162413
437593785,8,530021
437594839,17,977318
437595102,16,556399
437595755,29,2992838
437597262,9,412515
437598053,10,6422106
437598619,4,255170
437599208,26,3210727
437600250,16,4428102
437600812,7,3296085
437601061,17,854180
437601142,17,8884693
437601381,25,1695649
437602431,25,13383794
437603200,9,1684626
437603754,33,10003073
437603963,6,1926380
437604323,18,12843354
437604668,11,720924
437605289,14,6419609
437605351,27,5057895
437605608,28,13863832
437606068,8,2474183
437606737,15,986624
437607154,10,636029
437607268,34,5588464
437607611,16,9154627
437607638,17,6751269
437607669,32,2011170
437607703,35,2632984
437607764,11,3829846
437609797,34,15998425
437610646,4,1066601
437610687,17,2487041
437610724,9,521831
437611257,7,804715
437611521,15,2599174
437611936,12,4033186
437612776,76,8458442
437613681,17,2005430
437613830,16,5250673
437614122,9,3581651
437615002,23,5845169
437615056,16,894325
437615377,10,2074894
437615585,31,4000414
437615822,52,7156498
437615982,4,274921
437616304,4,741989
437616381,32,7425480
437617165,23,10160270
437617226,42,5360081
437617313,11,2663662
437617428,22,1743638
437617449,29,8721729
437617948,33,1913080
437618027,14,2749843
437618200,6,192546
437619002,14,1599061
437619129,9,434847
437619973,29,2502282
437620476,9,1066008
437620907,55,21987571
437621516,14,1785451
437621816,15,2931252
437623277,12,1384109
437623304,3,331536
437624566,105,9163618
437624688,13,1974692
437625811,7,424139
437626381,18,1667163
437626438,9,858723
437627104,21,4670535
437627149,10,657532
437627504,118,59971616
437627944,14,2085156
437628317,36,5740066
437628712,11,1095584
437629755,20,2068123
437630509,18,1699193
437630829,16,3534045
437631041,8,974055
437631043,10,328782
437631053,186,92160248
437632105,7,46761
437633252,9,184918
437633392,8,600307
437633398,114,64986621
437634652,57,6066997
437634956,13,1470546
437634975,9,2559430
437635216,112,63458867
437637073,10,5406568
437637265,168,110166762
437637793,9,4035750
437639501,128,74378371
437639694,208,138345648
437641154,16,13654081
437642277,8,469251
437642351,8,876372
437642905,226,159606228
437642978,28,2894203
437643079,21,6384368
437643174,10,1834684
437643199,51,22856477
437643842,15,7511181
437643989,11,4628651
437645040,24,2794648
437645302,29,7662500
437645558,34,5949928
437645898,154,96103835
437646178,18,5764406
437646208,58,20584775
437646372,39,18950671
437646589,26,10997508
437647104,19,782256
437647729,7,905647
437648119,6,204899
437648284,12,3055691
437648352,9,2419883
437648671,24,5999143
437648681,51,22861035
437648881,34,12998334
437649429,28,13851139
437649613,4,16576
437649985,5,2353538
437650475,29,12354245
437650694,12,1427349
437650759,12,304831
437651083,23,5442216
437651775,3,2421917
437652020,16,5719147
437652355,17,7221431
437652575,15,1956612
437653007,18,3487434
437653477,10,3162732
437653889,25,1983970
437653980,33,666776
437654080,93,42197092
437655212,50,24185587
437655836,13,1192903
437656016,31,11254796
437656395,30,8909301
437656725,12,1943582
437656985,9,2230320
437657552,15,5299624
437658877,38,4442156
437658904,4,2209931
437658958,11,632646
437660371,35,11267994
437660648,3,377661
437661323,5,1911120
437661346,14,1759073
437662148,9,351160
437662630,89,41995797
437662671,17,1090221
437662784,10,960225
437665485,18,4400404
437665497,9,583371
437666509,12,924725
437668384,6,1140073
437669928,11,967870
437671854,13,3483117
437672340,6,2348913
437673061,12,3469009
437673164,18,1391979
437673943,17,3384990
437676346,7,9148400
437676357,9,3805910
437677379,13,454046
437678216,8,4291931
437678546,12,3431482
437678966,15,3098252
437680664,15,4060592
437680682,12,3758513
437682644,7,6867984
437683658,25,1193149
437683765,8,4036120
437684857,15,6553934
437687772,11,2425163
437690176,18,2846164
437692785,10,845994
437693939,22,8480354
437694679,5,408345
437698322,21,2485145
437698649,14,2538446
437699723,12,5635756
437699963,16,1346505
437700930,13,8775221
437734384,5,410274
437735704,11,689113
437752003,18,5622483
437756297,13,3310680
437766271,15,2957653
437767479,26,5446750
437769576,4,1262688
437770011,7,745015
437770286,5,654235
437770314,35,11205690
437773069,18,3291439
437774393,4,1259047
437774982,8,2504977
437778036,67,6470666
437781115,13,592020
437785261,8,504976
437790359,19,5638276
437790366,10,857101
437792685,8,340352
437793122,37,16602670
437794565,12,7206398
437797177,5,1727128
437798345,19,9699184
437798483,17,5477142
437799082,4,1002945
437800558,8,5201469
437800816,17,18083911
437801150,20,12857319
437804765,4,90626
437811628,22,3630835
437813466,10,5873621
437814470,21,1652243
437815806,6,290924
437823926,6,663886
437827554,32,2663839
437827803,15,1302071
437831733,31,2320231
437833756,13,13740149
437835550,43,15348910
437835599,12,680379
437835894,92,31868463
437836769,29,15491146
437836897,4,168500
437838653,32,13865229
437838848,64,20134569
437840835,44,13171919
437841317,93,51320121
437841876,18,2115626
437843779,9,8056844
437843902,12,1475047
437844257,13,3747338
437844543,10,284175
437844954,13,3053970
437845129,5,1344088
437845291,21,15050278
437845449,13,2690137
437846799,11,769270
437846880,23,7813639
437847132,59,21838200
437847363,6,3104720
437847544,10,611649
437848320,6,1874954
437849147,43,19750993
437849503,29,12489774
437849553,11,3321677
437849584,8,3303096
437850165,13,446490
437850313,3,367371
437850725,15,952533
437851207,8,530199
437851342,6,326046
437851507,3,1528107
437851826,10,2764549
437851897,39,13427846
437852378,8,517753
437852579,13,5341893
437852931,18,5751324
437853205,23,6187987
437853642,18,2117632
437854076,22,8442613
437854679,17,4517575
437855062,13,6456910
437855154,17,1376921
437855493,6,1222744
437855529,4,315420
437856238,28,14572922
437856972,3,1000296
437857465,80,6909800
437857512,32,16614605
437857743,25,10979655
437858185,9,4474269
437859329,10,3641343
437859713,9,368491
437860225,19,2988039
437861877,35,5100374
437863261,9,4789219
437864925,42,1310178
437865057,15,473046
437865258,12,1925476
437865614,19,3062657
437866917,4,1048064
437867390,19,3041579
437867624,11,463480
437868641,10,3137690
437869008,12,1484625
437869066,20,1019645
437869302,7,398238
437871265,7,359885
437872110,4,1413770
437872407,16,1964213
437872531,17,1619399
437872860,33,20286962
437873586,19,628461
437874480,23,2159319
437874919,5,875942
437875260,247,154389746
437875548,20,3090741
437875903,11,1449180
437876490,44,3983741
437877300,6,495659
437878090,20,1324173
437878583,20,3134155
437878721,17,5162811
437879904,255,159512409
437879924,18,2969693
437880118,15,1027032
437880461,6,1257159
437881282,113,54196726
437882062,12,2824982
437882630,15,7022133
437882654,13,1373998
437883296,5,801393
437883967,45,1756867
437884109,13,3551795
437885001,16,7037805
437885066,6,561775
437885157,8,358113
437885328,5,961934
437885590,15,3784328
437886216,15,2416272
437886490,22,1812991
437886606,4,1189369
437886825,15,4936258
437886869,3,607005
437886963,9,1448736
437887277,6,1721080
437887359,124,60975134
437887482,18,12563190
437887562,25,4290426
437887882,51,17596294
437888205,7,3036593
437888249,56,33721063
437888864,25,5082293
437889355,25,7071189
437889902,36,17398075
437889906,7,848666
437890565,12,2343038
437890641,18,4401728
437890663,13,5330747
437891372,14,2276742
437891563,8,233437
437891623,19,8843566
437891688,5,1697175
437891711,14,2332435
437892120,11,2474108
437892200,80,47541176
437892327,9,857075
437892408,8,3570078
437892410,3,278845
437892521,17,4383566
437893279,132,60085871
437893622,25,1023529
437894247,179,114844651
437894741,4,1454033
437894856,10,1397542
437895546,94,36176194
437895852,11,975624
437897123,12,3132953
437897174,19,4991035
437897489,33,5701331
437897663,29,8412492
437898305,14,4189731
437898316,5,301221
437899295,6,642307
437900342,19,1562902
437900601,5,513269
437900765,21,1836869
437901023,39,20210891
437902810,8,1533427
437903045,16,1225131
437903525,118,39013179
437904611,5,620981
437905288,9,632334
437905832,22,4621270
437906055,8,1363787
437909571,12,5788690
437909603,17,2932937
437910030,20,2725824
437911352,7,841441
437912519,31,14822700
437913845,21,1040448
437916535,19,5566672
437916733,88,44022896
437921324,16,1520440
437921596,10,3748663
437923117,13,5791909
437923880,24,8990377
437924567,29,26424655
437926861,9,10174558
437927124,6,1411921
437927343,34,997264
437927739,12,2630948
437928102,26,1998195
437928802,17,8435029
437929528,14,1601125
437930562,11,2669587
437931363,13,671490
437932503,10,1059214
437932556,7,751101
437934818,7,1615276
437935431,109,33591073
437935602,9,290604
437936169,14,1686525
437937253,24,4482064
437939311,9,2744983
437939509,21,2607958
437942479,21,7252565
437959963,10,1188617
437963732,20,1121371
437990469,12,3820287
437992633,10,1092200
437998073,29,4076342
438001557,26,2997190
438002422,15,859221
438002553,9,788567
438002840,9,902981
438005024,23,2283720
438005194,5,520815
438009615,17,5192919
438012349,14,6136262
438026109,21,10918992
438031693,25,1581466
438031732,16,2442551
438032682,31,16926784
438033392,19,4830670
438034106,32,15609619
438035836,21,6644534
438041075,12,984262
438043971,5,366283
438045089,12,630944
438046222,37,4691462
438048300,17,1898534
438050681,13,482968
438051690,18,1890606
438056407,17,991402
438063491,12,932526
438064155,12,1134182
438066194,31,15132790
438069453,18,1146305
438069636,5,464786
438069740,21,6666888
438071340,618,280811122
438072414,83,20387144
438072687,15,6081319
438073019,5,110466
438075500,5,1679978
438078195,33,9764802
438079622,85,6845493
438079831,37,3923309
438080488,4,3134184
438080673,6,1480414
438080745,15,943784
438081516,27,28951634
438082840,14,3235445
438082949,10,2624644
438083226,58,16983330
438083298,11,4307548
438083904,15,11488174
438084182,41,40124523
438084514,18,4993982
438084967,41,16190791
438085139,18,891345
438085327,11,316220
438085695,4,919344
438085894,9,1152732
438086114,10,3565433
438086129,48,14936742
438086969,6,5059136
438087251,32,12177006
438087265,15,385941
438087388,13,12294651
438088302,44,24587647
438089062,18,7399393
438089158,11,629197
438090133,23,8462299
438091019,17,930702
438091045,12,777496
438091730,19,7089798
438092123,13,697522
438092537,14,4575541
438092563,36,4612927
438093444,12,2007785
438094047,19,2274476
438094437,20,1725094
438096261,21,7213559
438096327,13,4485121
438096512,10,1956274
438096587,20,1894944
438098016,13,3038662
438098403,29,2264941
438098504,57,35642844
438099629,14,2532949
438100835,3,171447
438102041,9,835049
438103467,5,1088990
438103858,14,3908866
438104001,8,476920
438105110,13,2711227
438105368,14,817571
438106413,26,13005743
438106419,18,1224698
438106864,14,436025
438107641,8,532354
438108351,102,46232654
438108554,5,822643
438109165,129,48067328
438109692,13,1550924
438110694,27,2027022
438111285,5,450051
438111459,12,1824587
438112281,29,10371090
438112977,22,1710572
438112993,190,108103982
438113792,11,1048991
438114364,143,72832648
438115183,123,23945337
438115447,24,1213952
438115481,17,1554469
438115625,20,1427869
438115863,15,1828846
438116716,10,1165251
438117507,17,834334
438118130,17,917617
438118216,22,1665350
438119375,23,10397635
438119619,6,243952
438120011,35,12151839
438120502,7,2417482
438121074,45,10060705
438121354,65,38259599
438121624,22,2096922
438121679,19,6751712
438121865,9,2810011
438123274,71,33663419
438123817,197,75406768
438123899,3,1329179
438123913,58,22988962
438124013,15,3294310
438124907,83,53743138
438125320,85,52502465
438126159,12,4994143
438127021,15,5175304
438127268,50,18296111
438127848,3,1221875
438128308,9,904898
438128556,60,18019113
438129694,51,2633099
438130094,8,2584244
438130374,39,4009172
438130473,24,2954001
438130799,26,8764089
438131273,80,48616586
438131309,21,5203520
438131468,50,32671191
438132681,16,4397349
438133146,43,6439067
438133225,29,12917771
438133290,34,3680172
438134345,47,3979180
438134847,19,2615721
438135115,15,881309
438135117,47,1223355
438135476,36,12371529
438135661,102,56999088
438135767,69,41800345
438136045,3,809540
438136622,10,1141069
438136938,15,1181074
438137386,30,8116657
438138077,19,3777243
438139089,51,25285708
438139091,20,2466029
438140060,13,1129148
438140779,83,9212073
438141212,16,1194060
438143090,25,2009803
438144188,4,390831
438145470,75,8304438
438146330,16,905747
438147016,5,471275
438147387,22,6123155
438147871,3,270845
438148169,29,3071326
438148178,3,406976
438150725,170,18780870
438151177,36,4324768
438154474,10,3508666
438156278,21,10466439
438156355,24,5668452
438157165,12,3698061
438157778,27,9195014
438158642,16,4511816
438159111,18,2564569
438160267,11,2618467
438161422,22,1968242
438161934,6,390779
438163101,27,3505529
438163113,14,1413354
438163221,39,5624107
438163753,3,1366934
438164591,9,470015
438166626,11,11294321
438166953,18,8342780
438168730,30,2344326
438173266,3,86760
438174196,8,747386
438176621,14,1510196
438178027,12,806907
438190260,13,3152080
438203548,8,388094
438207388,8,705262
438237865,16,4506598
438241427,20,7638134
438247975,8,1166149
438248683,15,3576182
438251753,17,1259288
438255102,15,5636316
438255278,6,535858
438256185,24,11518257
438260646,20,7128754
438264786,12,1285821
438270855,33,2052910
438270862,19,3913379
438270910,8,927048
438272239,8,654802
438272541,17,2489715
438273865,10,2094404
438273874,98,8688038
438276989,12,913367
438277326,14,3583066
438277483,13,4216380
438277977,42,2345865
438278699,9,2591162
438279701,11,1070246
438281154,13,3847241
438303542,9,317648
438308087,8,392985
438311770,17,839658
438313579,17,1267460
438314995,14,973126
438317727,17,1436820
438318302,18,2848985
438320410,167,73462110
438321797,23,776335
438322748,28,3827167
438323601,9,502574
438323939,7,236120
438324472,87,11011297
438326116,13,507062
438326786,38,10368373
438327551,8,2306672
438328768,20,8682162
438328945,24,6656601
438329268,10,726330
438329349,74,34413857
438329603,10,669983
438330423,15,1989588
438331515,8,1977518
438331545,18,6461518
438331676,24,6246419
438332087,12,488243
438332418,73,38468461
438332433,17,7418799
438332628,8,5956769
438332641,4,428632
438332882,8,2242325
438333556,15,1310609
438333691,15,4097127
438334014,141,6468647
438334120,8,1657457
438334404,23,7962112
438334802,19,1759005
438335166,43,4364421
438335462,27,16880400
438335579,21,684817
438335762,26,10554072
438335766,9,427118
438336676,65,6680892
438336770,7,1048074
438337035,33,9476393
438337049,91,48151215
438337154,10,953106
438338503,11,5946314
438339439,36,23709110
438339685,24,3992387
438340048,14,7178795
438340510,19,4094297
438341233,37,28352958
438341774,9,654147
438342724,6,179974
438342994,15,2553777
438343015,17,1730386
438343134,37,14381244
438343459,7,1632024
438344281,14,3157967
438344925,43,26426906
438344958,29,7890458
438346634,17,2346816
438346684,9,320501
438346952,16,1792203
438347358,20,3542976
438347939,27,7328892
438348062,19,341290
438348354,18,3738383
438349484,17,1373019
438350988,16,3934040
438352092,48,6922770
438352247,60,20191983
438356980,12,2781955
438358315,66,5042305
438359474,27,6759417
438360560,26,5770319
438361688,5,660916
438361726,13,3507588
438361802,18,704383
438362053,18,4871465
438362097,15,1820340
438362162,66,47909117
438362724,16,5333634
438363040,44,26396475
438364573,12,6055431
438364621,32,229900
438365093,5,2434473
438365893,10,1575711
438365905,17,8208230
438366089,10,2276863
438366165,11,3682056
438366536,17,5786320
438366595,23,2860977
438367759,8,315287
438367940,11,3076224
438368030,46,21443731
438368049,22,9580864
438368766,155,76091281
438369026,13,1013954
438369139,18,4561083
438369395,131,58632676
438369727,28,20106202
438369834,35,21214868
438371331,25,2015589
438371398,23,3281100
438371593,6,156421
438371944,5,731386
438372041,3,459276
438372365,13,2499239
438372449,13,3242131
438372562,6,1319341
438372604,66,20057707
438372680,13,5879077
438373032,8,2501675
438373279,12,5667739
438373371,9,2238672
438373436,14,3383385
438374013,61,46245217
438374085,7,1754150
438374604,16,1866669
438374743,23,5396337
438374793,18,4637132
438374992,6,1303268
438375656,23,5948894
438375803,10,2518746
438376010,4,1568975
438376144,10,3587240
438376555,19,2385275
438376777,70,32767781
438377178,19,5373490
438377213,24,6246252
438377336,22,1480415
438377347,6,2429488
438378083,16,1243999
438378121,30,2380919
438378212,11,2685873
438378246,53,25898790
438378802,46,16677676
438379111,52,24433815
438379230,82,51608194
438379640,48,20565077
438380081,24,10291352
438380143,8,1940615
438380276,20,1747054
438380570,19,6631103
438380831,18,6961387
438382057,9,2131988
438382131,25,9612604
438382339,24,6481674
438382568,26,2296387
438382924,8,454129
438382976,167,78916695
438383427,27,3018073
438383560,57,32652544
438384338,10,3082490
438384680,23,7068293
438384978,29,4769937
438385013,12,4192384
438385849,25,11101329
438386062,15,5604920
438386112,89,49537665
438386428,8,613344
438386462,21,4677961
438387105,41,16597870
438391229,74,26666071
438392694,14,1795987
438393531,16,2344044
438394220,25,2961086
438395988,7,1778752
438397539,14,5970067
438398541,29,4566003
438402376,19,2250358
438403249,18,8508534
438405504,8,2925558
438406769,12,1191545
438407180,15,1383931
438407184,19,8998671
438408198,35,3718610
438408357,16,7470984
438408828,32,7715665
438411364,14,1371511
438422260,102,39721013
438425283,19,5881999
438427293,9,4027225
438427819,49,10185214
438428678,17,7315643
438430746,16,5395205
438433011,23,16480501
438467295,12,703924
438472863,14,1210582
438487135,7,367248
438493558,17,2381030
438497768,6,405896
438502960,7,135847
438504614,8,235886
438504823,8,614184
438507256,10,249845
438510593,8,1045365
438511534,78,28771881
438512510,70,27221547
438514294,25,1522478
438514849,7,2110753
438516029,5,1121237
438516145,16,876085
438517580,10,369696
438518848,49,12213866
438519461,25,12448383
438520161,13,1294038
438521295,102,26084061
438521992,30,9302308
438522317,6,1253256
438522461,45,10615458
438522982,18,7791590
438525898,15,4828177
438526347,4,1172191
438526528,32,2678620
438526997,10,4000098
438527039,10,1226268
438528118,14,4000083
438528165,17,1375519
438532503,21,8798911
438532632,25,7714120
438535325,28,5314600
438536544,13,1239498
438541694,34,14596508
438546653,16,1402485
438547387,40,17690622
438551321,26,2223643
438551690,12,3682758
438551888,10,3519643
438553505,16,1328712
438555329,7,610893
438555333,126,62209307
438555663,25,11601631
438559443,20,1991785
438562361,14,6535061
438569408,3,173242
438582284,13,7252252
438583399,5,178538
438588620,6,258000
438589757,5,1203715
438592348,14,593328
438594824,13,2224903
438597400,49,18458317
438598185,16,710080
438600355,9,229764
438600389,15,1043634
438600812,62,22887547
438601223,11,418441
438601985,10,435133
438604502,27,3063504
438604529,11,4733247
438604809,20,6413984
438604869,5,588690
438606400,22,2376147
438606737,7,310517
438607383,50,6230947
438607522,5,199698
438607651,48,22007110
438608071,20,1938938
438608153,13,853274
438608344,19,5193170
438608468,24,6648453
438608721,8,2577048
438608846,15,4809677
438609218,14,6374581
438609756,4,423294
438610293,18,7439449
438610411,14,582392
438610754,29,7104586
438610851,14,524489
438611135,12,4264704
438611401,14,2022789
438611467,132,61467192
438611619,16,6652905
438611965,15,2804041
438612355,38,4209368
438612876,15,789774
438613385,10,760819
438613558,78,13034171
438613713,13,3139695
438614968,340,33500269
438615345,22,8223428
438615486,50,21070243
438615757,45,3568781
438615856,11,1024624
438616011,14,889810
438616049,154,16616901
438616190,9,599598
438617829,119,8483406
438617881,6,867738
438618259,33,9280717
438618512,11,515426
438621825,50,1387847
438622329,15,961352
438623247,18,852121
438623296,40,12345482
438624283,84,15711827
438626302,7,4021301
438626441,63,7482049
438626755,15,322312
438627304,3,97323
438627977,25,6802111
438628309,23,9897714
438629552,319,30256581
438630668,8,360750
438631269,20,2765825
438632063,12,502246
438633826,20,4140869
438633976,8,971899
438635089,16,1079422
438635413,18,572307
438637915,26,1322725
438638660,20,6803524
438639557,12,2705210
438640089,40,7010972
438640476,4,1178353
438640593,12,960411
438640945,157,87136321
438641084,15,5149640
438641233,20,1449426
438641452,25,3251538
438642231,33,4874568
438642355,63,6103883
438643254,12,10407010
438644173,10,4845515
438645026,3,150444
438645424,5,1143915
438645785,24,3408048
438645874,11,2831128
438646128,6,1800760
438646561,16,798090
438646915,17,3606659
438646930,162,125050624
438647025,4,1237593
438647075,15,6738896
438647494,65,30152287
438647634,14,2853344
438647687,19,1701608
438648390,87,43101886
438648571,16,11810244
438649220,23,6218295
438649509,89,39776802
438650125,14,3294561
438650178,25,8019677
438650202,53,4696502
438650855,15,2355817
438651847,4,2229002
438652131,15,5189925
438652351,14,6039974
438652396,20,6789787
438652480,19,4569185
438652578,32,6150331
438652670,13,1509271
438652807,69,32336208
438652905,12,4593489
438653270,47,36559302
438653895,29,3571510
438653916,34,9127837
438654088,13,1050479
438654107,4,1517548
438654247,17,4705951
438654332,6,874590
438654462,15,5757699
438654731,125,61591815
438654764,11,7435376
438656377,46,7982598
438656460,40,26505213
438656535,18,6761464
438656735,83,54876980
438657592,38,3917775
438657862,81,34365820
438658518,14,20555663
438659129,77,39116168
438659202,3,136387
438659235,57,30120347
438659846,20,2081607
438660032,85,54802546
438661140,6,1793152
438661555,14,2302309
438661578,29,2947357
438661721,12,1018033
438662682,59,42943616
438663261,49,4544377
438663605,55,4819280
438663915,81,51773423
438665066,7,1861012
438665186,12,3495971
438665279,18,5221124
438665382,12,7580421
438665672,8,809676
438666912,26,2154871
438667896,7,267567
438668068,18,4063088
438668218,69,33949899
438668622,68,67677856
438668788,20,3402402
438670428,15,1059421
438670538,32,1174422
438673215,4,288156
438673280,217,99631299
438675575,13,1557707
438676864,5,1471059
438676904,55,7326250
438677235,12,1789405
438677800,29,1270165
438678929,16,2091481
438679188,81,28290208
438679406,28,15225721
438681776,14,3925315
438682148,68,2655910
438683064,7,2577750
438684530,4,161931
438684786,7,609122
438686332,14,1692657
438687246,8,335104
438687526,6,2477890
438687708,31,11012775
438688916,8,2889989
438688957,11,4511810
438690446,50,2931053
438690890,14,4162195
438691168,22,6010533
438691261,8,2244900
438692497,27,4007336
438692628,18,7327840
438693127,10,681625
438693812,28,2375374
438695106,7,1063720
438695359,5,890248
438695794,12,4342913
438695864,46,6038928
438696499,56,16057551
438697726,4,379880
438698776,11,2168225
438700497,11,385241
438701087,39,1151221
438701331,13,1112053
438703745,14,1186174
438703782,18,1609439
438705805,15,2253704
438706704,13,668460
438709974,40,2288132
438717155,15,4702503
438729739,16,11262234
438735284,5,552281
438768317,11,2105164
438778371,13,1581437
438781520,13,1013881
438783270,8,977861
438783324,7,784513
438785683,13,2968437
438798046,11,1063219
438799889,6,400635
438800389,17,6999428
438801204,14,2720019
438801598,16,1155824
438801604,4,281473
438802192,218,65162714
438806414,6,345890
438806430,4,181582
438807871,16,932890
438808168,13,1515590
438808741,14,4079719
438809380,39,4488267
438811530,82,43659781
438812055,13,5177622
438812348,6,177704
438813518,20,6467362
438813551,98,58181973
438814132,27,9281447
438814201,18,1917946
438815079,14,3472986
438815676,19,5222892
438817052,48,21773808
438818051,14,7036767
438818507,7,3992482
438819787,20,1890870
438821318,10,866423
438823007,41,20832464
438823375,35,4033838
438824001,4,820847
438826215,48,27311133
438828148,8,368851
438829036,22,2730148
438829062,12,14629762
438829536,47,5664955
438830948,18,1752504
438832313,3,193637
438832978,12,897570
438832999,7,422504
438834254,38,19629159
438834794,12,2305106
438836539,7,1545413
438836968,23,9152886
438837411,11,1821483
438839195,21,12376564
438840072,10,1867207
438840374,8,1668850
438841825,35,8240799
438842010,32,14964032
438842633,26,5703531
438844176,20,322186
438844989,6,2114482
438846200,33,13682730
438847552,8,2041718
438847873,52,29132284
438848253,11,1814724
438853331,4,847425
438854360,113,14642946
438854790,7,833448
438854888,8,798519
438855286,4,6886176
438856049,3,648017
438856860,7,2598348
438863883,13,753013
438865685,11,1608920
438871216,15,762186
438872558,3,89822
438873906,21,1244479
438875057,11,361787
438878028,7,317825
438881272,21,1976824
438888593,41,4413133
438889599,35,1564275
438892242,13,497861
438893393,15,1040950
438895053,181,70994548
438895601,28,14845827
438896317,26,2325071
438896355,12,751208
438896456,6,282716
438898011,28,6416526
438899670,14,4856505
438900746,23,1903163
438900936,3,187996
438901012,14,855870
438901483,14,5772149
438902132,15,3844816
438902479,60,24528708
438902865,7,201604
438903435,10,4730957
438903717,35,12146014
438903926,10,943552
438903948,4,3521278
438904120,14,501744
438904234,26,1143893
438904269,128,56584017
438904629,123,43561911
438904652,22,5814985
438904721,18,911176
438905047,17,1383712
438905094,7,274902
438905231,11,1101636
438906310,5,1715359
438907579,20,1549989
438907638,17,1695710
438907667,8,500856
438907882,14,1404364
438908342,6,240343
438908503,13,3949837
438909062,17,5721337
438909154,15,1924184
438909905,6,728949
438909926,4,602421
438910401,9,346834
438910515,10,364583
438911117,27,2757571
438911225,11,1828944
438911292,23,8284562
438911320,17,4853350
438911635,5,565500
438912358,4,1107786
438912376,5,998800
438912381,15,2552305
438912505,11,6923737
438912541,298,20016059
438913487,33,9566887
438913510,12,3491401
438913937,48,8390917
438914078,3,272732
438914161,24,6286240
438914670,6,480480
438914950,13,3045800
438915366,21,2613367
438915436,7,232933
438915791,13,3425940
438916707,8,2077609
438917847,28,6005002
438918304,8,645392
438918475,18,7193397
438918568,9,1346315
438919097,49,6452582
438919371,12,897806
438919685,11,2562437
438919814,9,3053769
438920187,12,827833
438921110,5,1110630
438921141,5,596564
438921887,17,9686158
438922154,19,480072
438922332,9,2700302
438922544,28,1353288
438923162,108,17280241
438923452,15,3394046
438924716,22,3969901
438925216,95,46105570
438925321,14,2416774
438925439,165,14228961
438925694,34,1481428
438927741,10,533617
438928289,47,2602474
438930320,17,1213726
438930681,66,2221305
438930685,13,2148104
438931384,30,6084334
438933109,3,575110
438933296,29,12260256
438934514,14,1819167
438934784,6,526395
438934791,6,502011
438935053,10,1216435
438935473,4,811173
438936134,17,4961413
438936270,20,10842938
438936687,6,1508704
438937198,220,128171942
438937512,12,2365243
438937776,7,528163
438937885,30,12063039
438938182,31,14483251
438938889,5,451190
438939748,78,43581154
438939911,19,3750304
438940003,61,4599630
438940545,8,1510184
438941709,16,1423794
438942424,20,2232470
438942612,10,8600283
438943834,3,4605988
438944542,73,6278301
438944629,17,617399
438944665,13,1350812
438944843,35,28022958
438944881,36,12337447
438945432,13,10674000
438945859,10,2234674
438946172,27,17858063
438946252,13,753876
438946494,24,7735960
438946682,7,2641081
438947108,28,2477459
438947579,5,489834
438948066,19,2653237
438948279,22,3663810
438948569,11,2576029
438948680,18,996295
438948753,3,815993
438948763,6,1999432
438948776,26,6409781
438948786,10,848387
438949117,21,6479133
438949137,234,93499188
438949351,21,11719291
438949439,25,7483452
438949477,45,21228060
438949483,14,1415169
438949625,14,2431354
438949845,48,29702541
438949849,13,975199
438950083,30,19687812
438950128,12,2183157
438950221,51,20740881
438950464,139,84510490
438950573,17,4446676
438950605,3,763641
438951106,31,3691320
438951419,25,3833137
438951555,54,20308420
438951621,26,7674403
438951740,8,1161291
438951747,52,19724513
438951765,19,4137094
438952810,72,51738411
438952824,7,458185
438954093,14,1272860
438954232,6,2201789
438956021,7,858649
438956521,16,8135875
438956580,10,2504629
438956836,39,14799852
438956952,72,41393156
438957933,91,56649255
438958292,16,5198840
438959639,11,1256873
438959991,11,862641
438960336,20,1724632
438960878,50,35169970
438961483,141,69953265
438961999,17,2755620
438962955,30,9099866
438963058,17,4089426
438963563,10,2668346
438964034,32,9728949
438964312,31,1074583
438964910,86,9323205
438965732,24,17587949
438966035,8,1237972
438966624,11,1550198
438966819,17,4228355
438967107,5,289018
438969336,47,10473844
438971810,16,2524194
438971822,69,9538786
438972343,6,2724625
438972416,13,2653339
438972809,32,2720242
438972894,40,20844152
438974207,21,8534999
438974564,11,2282708
438977135,102,35732313
438977418,27,12358776
438977450,10,688568
438978121,4,840938
438978802,4,354093
438981151,29,10523257
438981858,43,5459831
438983440,5,751561
438985042,10,1833363
438985342,10,2066898
438985587,16,1982119
438987015,12,1175571
438989628,6,655747
438990797,10,1950019
439003066,13,3661202
439003222,23,13476771
439013836,9,1349100
439017153,16,1474227
439028647,9,382122
439030846,8,688801
439055189,16,8260319
439062617,3,147366
439063919,14,1627762
439064482,12,1962998
439066243,17,1491569
439074827,9,4118545
439074933,12,4200243
439076108,14,4705298
439077866,21,8606063
439078254,9,3884441
439079704,19,7351579
439081224,12,4416958
439085645,5,1887735
439085740,15,6977663
439085769,10,1089840
439089511,7,5136903
439090699,28,3482816
439093419,72,28188151
439093512,10,695248
439098189,6,1228319
439099774,36,16955162
439100579,10,2793597
439100723,7,1822618
439100950,14,1021822
439101064,8,1715643
439101276,10,4385598
439101672,4,1687940
439102049,41,25827778
439102671,7,2665336
439103119,18,5697036
439104170,15,5529475
439104866,3,1218986
439106414,4,1377915
439120397,34,2905425
439121053,6,731046
439122643,27,3841373
439122714,14,1277423
439123520,24,1523719
439123597,6,205496
439123680,15,1233502
439123755,14,1472475
439124362,11,597548
439124991,13,939999
439125660,3,47940
439125699,41,20588764
439126026,9,831228
439126120,39,4551256
439126611,8,453270
439126784,164,18016263
439127548,3,567780
439128257,18,3880414
439128524,20,8809711
439130091,8,1598400
439131027,9,327058
439131384,5,2921352
439131548,47,26084433
439132008,8,1419596
439132089,19,1599431
439132794,68,35470371
439133667,18,2673789
439133774,33,18616685
439135240,27,2042927
439135437,8,411861
439135601,17,13409148
439135951,146,9701893
439136488,37,3851942
439139227,20,1026901
439139447,8,272085
439139781,8,798280
439140093,15,1124860
439141332,16,1037917
439142785,17,1657195
439145058,57,4134105
439146075,19,1044884
439146447,8,1055634
439147219,41,1998239
439148617,20,6663880
439149290,5,1035026
439149556,26,1219553
439150297,11,2211774
439150900,20,1373286
439151684,51,4984363
439151855,8,1880813
439152924,22,12781037
439153121,3,518943
439153324,18,1221580
439153938,27,1387205
439154068,27,7941752
439154812,18,2137104
439154964,27,7475148
439156663,9,1481640
439157247,21,9973321
439157558,53,30120943
439158001,18,1658425
439159124,16,1263519
439159794,21,9054796
439162293,7,2074120
439162682,11,758990
439162740,18,6132897
439162776,127,636391
439163031,8,3090400
439163317,13,1049423
439164594,111,109184061
439164760,27,9714212
439165350,14,985064
439165709,3,894709
439165768,101,73351261
439165836,17,869890
439165918,16,4043110
439166027,21,1553282
439166316,6,2681293
439167061,19,10558753
439167128,25,7045535
439167485,13,4061683
439167546,57,44070730
439168046,27,7146449
439168106,63,49717788
439168420,7,1084298
439168643,56,23932324
439169150,22,5848673
439169170,13,3595274
439169403,26,10484421
439169605,12,1019336
439169756,3,223495
439169989,17,5805559
439170069,94,34133060
439170505,23,5589726
439171207,25,2302288
439171855,11,945341
439172150,51,15925165
439172848,30,11377412
439173161,5,253482
439173223,96,62872007
439174080,60,39718687
439174116,16,5248865
439174507,5,277226
439174873,28,2169726
439174915,4,708188
439175346,77,39267151
439175482,12,4393531
439176115,21,2585583
439176126,8,1965475
439176241,31,7917348
439176386,32,13063564
439176397,42,22451994
439176474,14,843485
439176813,37,7780199
439177097,15,1000706
439177392,33,11263038
439177398,9,1728105
439177490,5,538348
439177637,6,554130
439178165,26,8718422
439178363,14,1247365
439178567,11,963882
439179173,54,42787594
439179257,10,267496
439179283,4,855346
439179359,14,5851610
439179430,8,2693278
439180095,15,2883279
439180103,25,14394784
439180969,14,1100679
439180997,3,275899
439181389,14,644812
439181989,19,5133964
439182233,17,3197102
439182319,15,2010707
439182475,13,980540
439183016,5,849541
439183046,41,5009917
439183449,4,892331
439183505,18,10572787
439184096,32,16037817
439185667,15,4268729
439185703,78,2894769
439185828,24,17635164
439186129,11,1826656
439189411,30,6559333
439189803,8,761560
439192377,11,800130
439195514,29,11075850
439200112,10,917299
439200431,46,16995058
439200434,43,27853733
439202643,20,3009761
439204060,12,2998556
439204705,5,1281580
439205381,8,1747278
439205786,8,481700
439207280,16,2135137
439208171,7,3305881
439209121,6,2461792
439210085,8,689167
439210568,13,1392002
439210914,10,2938625
439211561,5,264761
439214353,9,948302
439215277,7,978212
439219497,12,1180506
439221685,12,1668359
439223920,19,4954320
439269913,39,4162977
439278697,14,1321466
439283095,56,5344844
439283147,6,419481
439289708,15,1571036
439291183,22,1773474
439291436,19,843437
439292088,24,34968429
439292638,14,531392
439293340,41,1619999
439293688,8,523981
439294699,9,1427903
439295484,18,2451631
439296235,7,182801
439298237,20,3010996
439299226,8,3079949
439299359,35,2378967
439299787,16,10019530
439300916,21,2491705
439301541,3,55616
439301726,15,4918128
439301947,13,1835267
439302891,6,2012296
439304559,10,2592046
439306698,9,917032
439307619,32,3221628
439308231,23,3276102
439310903,5,482655
439311681,11,2980571
439312180,50,4941917
439315401,3,274908
439315893,7,1066666
439323699,32,3220396
439324104,4,834271
439324526,17,4140244
439325133,7,2315675
439326067,23,9250751
439326592,34,9485688
439328176,5,623591
439331344,11,4284477
439333057,49,26517493
439334741,8,1658507
439337703,28,9243637
439337905,9,7130485
439340763,9,1563995
439351258,12,1178340
439356149,11,867732
439357279,12,1077338
439357802,27,4547950
439357815,36,6171522
439360469,21,2066090
439362643,32,2573475
439363196,13,1179782
439365880,7,4569933
439366041,14,19321804
439366437,24,1704696
439367076,3,1111206
439367363,17,1612423
439367631,15,227649
439368320,17,3297510
439368773,11,963423
439369034,10,576128
439369535,32,2073115
439370222,8,341300
439371079,10,2437686
439372558,10,334252
439372967,21,1260538
439374449,7,218929
439375578,60,2717900
439375755,12,761838
439375906,10,348211
439375921,18,727304
439376945,4,365831
439378229,331,127263948
439378388,8,149834
439378782,16,9750169
439379020,8,483214
439379484,33,11685080
439379744,25,10141499
439379778,13,3169363
439379855,14,685694
439379989,19,10886794
439380026,14,375142
439380450,16,1404552
439381073,62,28891223
439381130,7,475197
439381144,18,3794408
439381554,12,3654340
439382326,8,620661
439382621,25,1978057
439382778,34,17109766
439382953,25,1305812
439383772,25,3403871
439384060,17,5063891
439384291,16,626616
439384800,6,12985570
439385567,16,4736733
439385769,42,20619567
439385863,60,2743664
439385892,13,492421
439386079,13,3937140
439386162,7,255711
439387010,30,1782242
439387090,12,2507315
439387386,93,38500075
439387423,8,711650
439387841,11,1305663
439387854,13,719302
439389200,30,4703686
439389870,57,5219963
439390484,6,79074
439390545,17,730887
439391596,21,1142665
439391740,60,24006625
439392002,10,940052
439392105,10,2191074
439392946,11,224124
439393087,123,5603747
439393141,17,898852
439393693,26,15406514
439394044,32,1766286
439394323,67,10753196
439394404,12,640916
439395174,30,2028571
439395782,20,5442534
439396025,57,1870450
439396458,6,662208
439397175,10,1010882
439397644,3,759643
439398106,40,16272976
439398207,14,423712
439398941,43,4148759
439399727,15,3288629
439400214,3,648368
439401342,12,472738
439401989,12,2285484
439402625,6,1152495
439402696,40,1743831
439402710,10,612143
439404206,36,4512889
439404234,10,2380355
439404661,30,1378261
439405079,69,5828574
439405822,15,963453
439405889,11,2800408
439405906,35,13959234
439405933,124,24988923
439406177,3,272684
439407114,7,2089096
439408301,9,880857
439409086,31,5438942
439410220,5,670702
439410341,21,681496
439410839,5,441945
439411484,29,2210491
439411515,29,1349638
439412829,40,2055794
439413458,287,179935972
439414095,17,4442417
439414194,40,16245311
439414498,10,4078143
439415155,15,1129679
439415371,27,1858309
439415810,22,6778519
439417133,16,1303940
439417175,67,2916198
439417944,19,732516
439419026,110,54351900
439419134,90,47750361
439419841,61,2713515
439420081,38,13133628
439420085,15,5305595
439420086,27,11949075
439420130,40,2411889
439420315,3,1374233
439421100,25,8054224
439421500,97,58054251
439422233,43,19662464
439422799,21,2032670
439422926,44,18753327
439423018,17,6322051
439423550,122,63382383
439423855,5,2324298
439424180,14,2484076
439424186,13,832147
439424872,29,2406653
439425152,16,3909166
439425223,18,3103645
439425464,41,24675947
439425775,13,4543020
439425884,7,1814249
439426144,11,2986495
439426543,26,1933016
439426903,22,6687278
439426939,15,1264676
439427072,22,7464807
439427220,74,3052229
439427479,20,2771832
439427567,6,1343524
439427708,9,605419
439427894,14,790465
439428247,74,35260158
439428625,132,104280971
439429011,26,11340959
439429291,9,2680009
439429441,17,5322192
439429697,24,9616278
439430198,139,60998352
439430325,7,1494331
439430609,14,6756029
439430627,12,743494
439430921,12,7809784
439431232,15,2974726
439431768,20,2334998
439431921,5,1910868
439432560,21,6206312
439432791,11,4455527
439433011,36,2988473
439433130,18,4296606
439433304,32,3435764
439433365,12,1189922
439433924,7,134824
439434396,7,2305590
439434404,6,821417
439434840,19,1043846
439434851,51,23317039
439435117,58,56137821
439435620,69,3613695
439436667,36,14097252
439436715,11,1163049
439437044,12,378568
439438241,12,7099755
439438541,71,47325536
439438669,11,593300
439439191,135,73647509
439439713,41,1573417
439440649,9,214264
439441131,41,1377286
439443457,22,733475
439443817,13,854643
439445903,6,345964
439446203,25,3658233
439446625,9,2455128
439447219,15,2835186
439447340,7,673412
439448800,37,5091838
439452685,50,5396463
439453056,7,815576
439453757,20,4589810
439454067,14,3895238
439455076,8,1049582
439456282,4,1772476
439457643,8,791823
439458070,31,9592897
439458088,16,5405810
439458992,19,7882241
439460742,12,3884600
439464944,8,2773120
439465444,13,2745074
439466849,18,6646670
439467200,11,2705908
439467877,37,4470570
439479310,25,12907587
439492510,36,5277609
439514329,10,687493
439515101,10,855609
439543434,9,5800586
439547382,43,13617352
439547427,4,719348
439547873,11,10839528
439548651,13,918398
439550272,20,1428602
439552357,41,11517521
439552565,12,976607
439552854,15,7250916
439553867,13,2246386
439554193,30,13002781
439554489,7,360668
439560998,26,2566151
439561520,9,1125624
439562285,18,9541070
439563336,20,1789710
439564994,23,2257547
439565688,20,9856666
439570875,64,11530520
439574683,56,9353034
439576411,15,3022668
439577772,32,9055338
439577773,15,4090051
439578311,86,29277745
439578506,36,13181339
439578825,14,6711782
439579985,23,6561821
439582211,13,5423573
439596967,16,18523623
439600900,9,795665
439607298,30,1569763
439609008,12,262770
439612787,34,2118388
439614094,23,1872132
439616019,16,396501
439616391,21,3631586
439617109,25,3616172
439617142,5,1770544
439618183,6,159072
439618294,48,11712153
439618474,24,2052014
439621392,17,604444
439621493,35,5307856
439622575,12,2959312
439623146,20,1955655
439623674,12,1098816
439623922,23,30531734
439624347,22,2044233
439624823,31,1038636
439624931,24,1103910
439626012,32,11617318
439626806,11,409291
439627414,22,2033806
439627947,23,2678892
439628016,9,140476
439628289,35,6976639
439628426,10,6896575
439629178,18,12092931
439629246,72,3813254
439629754,12,3989157
439630171,19,1225108
439630364,25,13888690
439631058,15,6220794
439631253,17,7274644
439631409,11,3652604
439631777,19,5246020
439632415,19,1856172
439632448,5,3001892
439632569,22,12735083
439633120,19,7300557
439633632,17,5904837
439633995,15,3757420
439634203,35,17694522
439634384,6,2056670
439634688,22,6992761
439634959,35,1798070
439635507,29,11079031
439636124,12,5979993
439636353,20,4567245
439636426,11,3530449
439636520,26,10004056
439637080,7,366750
439637156,14,769378
439637398,6,1362053
439638542,3,792470
439638637,39,3189620
439638639,17,5045906
439638944,40,14403378
439638991,9,2116525
439639477,6,6806036
439639733,42,1759281
439640146,61,40122290
439640363,9,755808
439640615,29,9349457
439640838,7,1449517
439640941,6,8004806
439640945,19,2803123
439642533,39,15571836
439643619,9,1801806
439644161,20,4102540
439644464,15,2533292
439644788,42,7130762
439644863,15,2929537
439644866,13,7498588
439645017,41,4697387
439646971,9,1591698
439647000,92,2719573
439648163,15,5191844
439648815,47,1702996
439648856,13,1063090
439648981,19,2279271
439649715,34,8196399
439651013,14,1166684
439652844,61,9916502
439652854,9,2660424
439652984,44,5598846
439653554,17,1106696
439653878,13,3783133
439655082,21,6397193
439658128,28,1707377
439658652,739,32364550
439658726,25,11688837
439659099,29,2354781
439660197,39,3490894
439660533,18,2872841
439661310,7,1502100
439661350,269,159116346
439661406,13,1268373
439661681,16,5052575
439661914,5,448407
439662294,18,1235243
439663069,56,20286712
439663925,18,1752987
439663967,11,2550133
439664250,10,403339
439664935,23,1891165
439665527,5,1546537
439666020,9,272188
439666624,13,429413
439666640,122,59547590
439666842,39,15589428
439666944,9,1904211
439667209,9,3242542
439667251,48,22388253
439668496,12,2191059
439669070,16,3941829
439669439,15,3378187
439669557,11,852568
439669684,13,1140058
439671033,88,46872443
439671151,46,27059786
439671251,10,458532
439671618,31,19148657
439671702,7,607872
439671890,34,15662709
439671966,37,30232488
439672039,48,20792783
439672181,29,3978003
439672510,30,10012709
439672590,37,9150743
439672743,7,10737813
439673002,14,2767232
439673208,42,13142069
439673817,23,2221887
439674328,24,5713278
439674880,13,1407200
439674973,3,333153
439675084,4,252582
439675175,44,22237050
439675229,233,121367609
439675992,30,13001739
439676158,10,370773
439676269,18,8113552
439676651,66,33108074
439676801,5,1707070
439676832,15,1316435
439677082,9,992431
439677684,13,3442092
439677685,3,930572
439678372,48,18098973
439679293,19,3553966
439679615,3,454613
439679767,12,3606682
439680079,9,630016
439680239,30,6524173
439680864,139,16778470
439680907,8,1224636
439682457,13,574078
439682801,13,4781477
439683045,14,3467287
439683233,33,18410490
439683305,4,452251
439683315,8,278394
439684341,18,5883032
439684858,10,1032589
439685152,78,36019696
439685269,17,3119919
439685780,100,51015746
439686964,9,1496594
439687765,7,831023
439688025,24,2143920
439688184,7,617673
439688271,9,1788968
439689111,3,67406
439689432,33,10271514
439691426,10,2750187
439691901,14,2295195
439692136,13,4420410
439695441,11,945132
439695804,6,628447
439696913,5,361614
439698108,14,2781356
439699407,8,767804
439701109,11,4521604
439701328,42,3607210
439704410,4,1433280
439706090,14,4831282
439706188,29,2426096
439707605,11,5560446
439708503,3,513392
439708702,16,5362443
439709160,13,2694133
439710870,3,693414
439711542,19,2451138
439711564,30,2808939
439711710,6,2272385
439712535,12,5118546
439713655,13,7352962
439714257,7,2060412
439714672,12,1931493
439714753,22,10772151
439714909,7,822466
439715343,10,852835
439716562,18,970971
439716727,9,1110788
439716963,10,2205496
439717656,23,8512328
439718184,12,1177570
439718505,11,1012314
439721206,39,2651599
439722082,8,641255
439723581,18,828435
439724708,13,313883
439725345,17,1209169
439726174,12,2084647
439727085,17,1331275
439727714,6,2031112
439728379,15,1434040
439729019,13,356209
439729589,8,3250639
439741547,8,361715
439789219,9,2273740
439791736,15,2253571
439793466,22,1323147
439797967,20,2599834
439799992,8,5275593
439800264,22,9855289
439802422,17,4178363
439802502,3,537833
439803179,64,13769805
439805133,17,4419511
439806216,41,15735351
439809403,8,3136536
439810271,23,4510141
439812182,11,1467394
439812290,9,830802
439814336,10,1069749
439821414,15,645136
439822886,11,1307756
439824556,14,1633469
439825985,11,2276826
439826728,6,818286
439826926,3,631199
439828514,40,21257676
439828605,35,9656210
439829475,7,2834953
439832906,9,1002309
439832975,22,15327964
439834628,13,1114835
439846682,18,1324225
439861055,38,5225926
439862040,26,2346290
439863621,7,961210
439865288,17,945277
439866664,19,4763658
439867739,52,19134182
439868116,62,7129035
439868281,24,3127620
439868349,5,204466
439868818,40,11509216
439869011,20,713622
439869014,18,1113011
439870714,27,7493445
439871903,4,698022
439874213,62,19885352
439874373,14,6012671
439874769,17,651711
439876730,29,2776122
439877471,33,9344738
439878818,7,439195
439879521,12,3560379
439880621,12,1077144
439881179,19,5801426
439882409,8,3706308
439882674,29,9552645
439882767,32,10102462
439883879,6,269638
439883916,28,7260543
439884004,19,809899
439885073,5,219774
439885235,10,1598103
439885618,7,2135526
439885712,21,3416942
439885844,13,4563539
439886534,46,12149561
439886644,4,6039822
439887090,8,319447
439887132,10,4004808
439887506,114,10759662
439887551,18,1915467
439888239,5,578241
439888536,4,698541
439888628,24,9962433
439890005,10,798946
439890751,17,1215794
439891058,6,2321138
439891745,108,59507774
439893311,40,8756543
439894063,19,1001698
439894764,15,4220914
439896658,17,3618971
439897045,9,275649
439897281,8,430687
439897560,23,2817366
439898810,14,3748878
439899187,5,4841842
439899967,35,2983034
439900528,13,744146
439904064,7,1292511
439904304,12,1129732
439904531,15,932801
439904981,15,2223258
439905133,20,6227164
439905576,14,7859750
439905689,10,991937
439907188,4,697576
439907218,14,952514
439907797,8,758007
439907974,22,1039006
439908107,22,877100
439908225,169,170685289
439908754,6,287708
439908766,6,85636
439909776,14,1195423
439910279,14,2540633
439910518,17,589876
439911492,5,332230
439911638,31,10070991
439912517,14,499658
439912784,18,1477158
439913192,10,3690784
439913640,19,6081730
439914729,26,4434934
439914867,21,8802673
439915229,53,28867501
439915539,25,8582653
439915581,22,1920578
439915589,6,559260
439916177,124,98999481
439916251,5,409670
439916262,5,5203661
439916807,17,1026326
439917139,25,7635629
439917704,4,1474937
439917775,13,1048081
439918167,27,5726189
439918604,23,1369199
439918759,13,5005952
439919094,6,1389968
439919099,51,24795639
439919383,28,1328443
439919547,19,5981713
439919803,10,847468
439919925,5,2004231
439920461,11,6026945
439920653,102,59072490
439920871,8,454608
439921147,128,89935493
439921703,19,9359618
439921965,22,1773522
439922200,11,1431912
439922214,15,6095385
439922279,6,644350
439922699,16,1082194
439923067,29,4537545
439923387,5,2257741
439923426,25,8021139
439924206,113,68949350
439924385,209,81398612
439924591,24,6193144
439924626,7,1613070
439925199,11,2032506
439925560,15,1929237
439925676,13,3051556
439925778,75,22743928
439926476,5,388527
439927709,68,44998620
439927744,12,1022505
439927786,22,11741619
439927928,37,4887548
439928003,24,8758072
439928201,14,3166179
439928648,31,10002774
439928707,13,4537145
439928756,14,1707593
439929037,21,7526245
439929113,24,2658498
439929198,11,44421680
439929708,7,323841
439929736,6,1353218
439930157,14,4142274
439930240,24,9579783
439930512,28,13530050
439931769,48,22919249
439932067,65,6672466
439932582,90,47861895
439932914,47,30813638
439933483,32,4908793
439934781,6,1217478
439935783,6,592909
439936997,75,48557581
439937178,7,538904
439937379,13,1166190
439937439,50,10882604
439940424,101,68273363
439942269,18,1449259
439942894,15,782867
439944215,177,104097311
439945009,16,2954435
439945394,19,1318145
439946443,13,455807
439946845,18,1623975
439948071,11,1612962
439948504,122,13884559
439951285,25,1934314
439953554,30,8347052
439953614,13,12510243
439954207,9,1324450
439955494,21,2867687
439956061,74,40752266
439956225,30,7469291
439958676,23,7358915
439958715,29,5469934
439958816,10,3251590
439959211,4,349076
439959231,10,793752
439959784,8,463101
439960366,5,943495
439960409,11,1285538
439960987,11,7802312
439961267,8,459514
439961806,22,3690876
439962543,11,1581222
439962601,27,8141959
439962902,14,4304097
439963664,63,30717208
439964449,7,866121
439967179,108,16941304
439967181,18,2452609
439967441,5,444855
439967690,19,2068460
439967902,14,1166074
439971450,7,1007500
439972691,5,1135174
439972914,16,1915255
439977674,20,1809804
439986630,9,581856
440013158,9,512137
440018913,10,536954
440019540,30,2295255
440023581,12,1296109
440025891,10,446290
440027628,5,3376211
440035803,114,19359578
440035894,10,1676182
440038755,28,11324714
440042732,30,9627701
440043347,10,2161111
440043963,29,7546629
440045550,194,80269428
440049295,30,7203060
440051570,24,6720337
440052782,3,253806
440053537,37,9461016
440055110,12,6295655
440055560,30,9523922
440056647,7,357068
440057367,9,2360797
440058005,8,506193
440061350,13,1573418
440062612,3,389330
440063424,22,1832317
440065938,14,5297653
440066482,13,6295146
440068381,31,15398069
440068556,6,241210
440069115,4,164402
440069799,5,200806
440070335,8,188878
440071441,15,941731
440073548,15,1166588
440074347,6,174534
440075878,12,2906057
440076591,50,4500786
440077439,26,7574343
440078647,19,4384963
440084737,16,4240775
440096105,11,467903
440106214,16,2171257
440108033,10,931912
440116055,196,8418100
440117201,28,1728975
440119852,13,1479399
440120085,13,997114
440121915,18,6610905
440123174,15,1328987
440123206,8,721080
440124605,9,565700
440125616,9,2655255
440126141,15,4794456
440126834,18,14516416
440127272,9,2301558
440127538,11,770066
440127659,13,4848512
440127816,16,683956
440128146,6,1650201
440128663,23,7611840
440129237,11,2789110
440129440,12,2730376
440129614,22,6293995
440130002,11,941580
440130114,19,10512573
440130207,7,4119151
440130348,8,813113
440130818,14,3797555
440131366,7,809956
440131844,14,1768147
440131926,11,1463133
440132003,39,18242155
440132183,10,2734349
440132331,15,4740517
440132840,58,29577400
440133679,15,2334058
440133906,77,8698736
440133962,27,1741524
440135167,52,19574789
440135750,190,17377524
440136025,32,7136564
440136236,6,401976
440136383,43,29085625
440136766,15,1147590
440137542,5,386585
440137866,24,1857045
440138651,11,3313992
440138855,8,770078
440140234,16,730329
440141392,19,2604161
440141636,93,36124463
440144055,15,2060490
440144105,4,317154
440145885,13,2553645
440145950,6,1471350
440146258,27,1590982
440148168,11,632826
440148637,12,849699
440149781,15,796613
440151960,24,2192107
440152492,15,1767533
440152570,14,3760086
440153450,3,197925
440155447,21,1241521
440155737,52,12212878
440155750,17,716525
440156432,19,1808658
440157409,16,1082217
440158338,148,106173911
440159247,13,1271398
440159494,10,636091
440159873,12,524309
440161600,19,2212313
440162003,45,12083170
440162129,7,658629
440162247,3,93247
440162568,39,17577107
440162925,14,1385059
440163211,10,5237436
440164043,6,242010
440164263,109,10007316
440164498,20,1777355
440164749,72,45808592
440165654,173,116338120
440165906,17,5496116
440166032,82,43071967
440166459,3,67962
440166462,21,1287179
440166782,22,1194592
440167981,13,4609126
440168228,72,17432169
440168281,3,417781
440168725,12,4248649
440168821,61,26982141
440168949,12,803789
440169235,26,9772795
440169314,94,86760572
440169384,52,19989134
440169774,4,956745
440170001,41,12567376
440170305,15,2274872
440170417,14,1722033
440170653,3,113663
440171171,64,30458000
440171360,40,16026058
440171633,45,27874110
440171695,22,1192077
440171698,53,22789655
440171825,16,6342696
440172046,13,1501328
440172089,71,41882415
440173221,182,120438022
440173637,5,1866405
440173707,15,1215369
440173915,11,4497201
440174709,10,2150139
440175866,9,2013361
440176372,34,18895121
440176782,12,982262
440176887,11,2889586
440177121,49,34629584
440177236,16,8420011
440177553,54,22953194
440177742,9,2115487
440178459,13,1678676
440178711,10,2090886
440178797,94,23991050
440178994,66,30714345
440179110,13,1599749
440179535,14,5780242
440179604,20,1488982
440179736,11,1016996
440179916,26,8933857
440180044,8,742486
440180176,31,9442109
440180907,15,4917165
440181568,23,1939964
440181846,56,34833781
440182142,125,68973087
440183163,26,1496408
440183785,10,2719925
440183867,41,3793261
440184430,15,4106339
440186023,8,2060784
440186613,354,198801461
440186651,19,4840612
440186836,4,1348956
440187386,64,46625979
440188088,20,5788728
440188486,11,2212448
440189185,15,1138278
440190779,6,959497
440190822,22,1825455
440191351,10,15096967
440191715,9,2182633
440193885,15,3277892
440194991,23,2013856
440196184,22,4242244
440196928,13,7748490
440197106,31,3167902
440198681,14,5943551
440199996,16,1969540
440202328,10,700001
440202619,12,1835282
440203742,12,8917801
440204587,7,1101151
440205760,19,14489126
440205849,33,17718706
440205900,14,1428016
440205927,16,2561001
440206068,13,1958701
440208091,15,2719017
440209580,23,13152209
440209976,30,14476153
440213820,34,6142458
440214319,20,15806266
440216900,63,11084848
440217640,12,2523454
440218690,17,395715
440219136,56,7888181
440219914,29,4523229
440221974,152,64014412
440222651,37,2752069
440223672,32,5422435
440224112,17,1518771
440227700,3,318527
440227757,29,2246016
440230636,14,1286751
440231756,8,4808433
440232200,17,9630737
440233649,28,1492557
440239998,20,1091826
440240851,23,1050228
440243615,13,488447
440265548,19,1175408
440268435,4,222595
440276308,13,949276
440285404,15,1470586
440286639,11,2810631
440298406,10,3930886
440303733,25,14038585
440305975,16,4972140
440307882,69,36242381
440309279,10,607688
440314227,13,878924
440320840,16,10431806
440321445,10,436297
440321960,24,14565412
440327939,34,11964377
440328304,21,4771832
440329659,10,2844800
440329926,9,1505999
440330864,13,4324105
440331279,14,2222233
440332468,14,3862752
440332535,41,13925405
440333209,20,1792974
440333935,27,8394752
440334500,14,783846
440335396,43,3735921
440335582,23,2340576
440338805,30,1652091
440340866,6,428677
440343482,57,6010630
440349073,13,1688481
440355412,14,695143
440357048,4,2126147
440357822,40,12516710
440358021,6,1855803
440358108,19,2175208
440358815,5,554897
440359982,5,919330
440361353,10,2141282
440362423,54,11576749
440362839,17,1228106
440364374,22,5859107
440364724,58,33375074
440366441,5,292488
440368727,22,1749399
440369632,10,913688
440375863,9,827118
440380488,12,1239480
440384652,21,2168559
440387791,12,976484
440397063,14,518930
440400979,5,498558
440402106,17,8823189
440403847,16,3820755
440408024,20,3709955
440408877,41,2328338
440410699,4,284018
440416277,13,1557421
440416400,5,202295
440416867,19,684110
440419320,8,703223
440419752,18,1125794
440420061,19,707943
440421252,31,1737464
440422841,14,2027144
440422873,6,193611
440423864,4,1141764
440423979,16,9133313
440424151,6,821173
440425077,17,6124399
440425321,12,6531902
440425370,13,1118495
440426080,5,1057825
440426708,13,584529
440426710,6,373396
440426985,37,1274636
440428340,11,921228
440431001,25,1706371
440433666,19,1040992
440434937,6,1934985
440435365,30,2973331
440437139,19,9008695
440440798,4,346875
440441632,6,538141
440441807,22,4624865
440442186,248,114525851
440442249,11,1856742
440442416,37,32619126
440442472,12,4913092
440442492,6,2892279
440442516,21,2478638
440442523,17,7039859
440442530,18,8350776
440442818,5,578519
440444421,46,30968114
440444660,16,1648991
440444710,6,869134
440445238,22,8689415
440445242,7,1644470
440445832,23,3798494
440446152,4,1050119
440446512,149,92025737
440446521,49,24882360
440446784,97,48559107
440446879,3,257044
440447043,3,397016
440447212,24,6290976
440447562,41,18626335
440447697,81,21762359
440447708,17,9025823
440447953,26,5211736
440448176,5,628840
440448213,10,2270312
440448355,12,7674104
440448464,24,12409732
440449083,66,17540810
440449670,14,5399502
440449862,10,4629406
440449888,4,1237522
440450010,31,8518886
440450358,23,4974573
440450516,17,6971073
440450559,16,2008616
440451145,15,5331346
440451270,3,1339388
440451549,21,4205533
440451927,12,2992325
440452024,19,5950500
440452333,16,1948884
440452390,112,80844136
440452463,144,11600111
440452527,5,567741
440452775,13,5635993
440452815,20,6228854
440453572,9,3807858
440453857,12,1331027
440453928,30,2917366
440454019,7,3715518
440454037,25,8849458
440454087,3,360142
440454173,33,14791998
440454271,25,14300051
440454842,28,13995120
440454997,195,38401595
440455081,52,23186655
440455344,5,584674
440455647,242,160434530
440455668,56,24034499
440455807,6,948424
440455831,4,52605
440455833,8,7084012
440455894,8,344411
440455999,16,4016149
440456133,109,58593631
440456332,19,7162229
440456508,7,988782
440456956,67,21403246
440457029,16,3428947
440457035,20,2356483
440457190,93,46411521
440457392,52,27297893
440457504,39,20822350
440457599,139,70019904
440457640,10,4140033
440457823,51,45942968
440458006,3,98291
440458202,11,1312463
440458290,280,155824042
440458394,10,1797562
440458718,14,3198855
440459653,19,4727011
440460751,4,586871
440460871,35,4289798
440461214,29,11159997
440461233,28,9108975
440461271,50,58690195
440461595,44,22879537
440461943,18,3208823
440462203,189,147976402
440462495,371,340533680
440462553,12,3984929
440462915,120,54302135
440463757,37,13191127
440464139,24,6944571
440464286,16,1051005
440464312,49,43597552
440464425,15,529309
440465019,114,60642451
440465525,16,13337558
440465629,13,1169447
440465639,104,39000029
440466132,6,1423062
440466436,44,11696000
440466532,11,2631741
440466682,25,5330727
440466719,65,35008675
440466960,59,25039892
440467042,64,21310804
440467053,7,700456
440467854,22,5252841
440468038,8,1778164
440468107,11,2560239
440468192,19,6997637
440468286,279,289834402
440468385,23,1192518
440468424,18,3936457
440468524,106,56817616
440468713,10,1647487
440468900,16,4408651
440469484,37,15239679
440469718,6,571499
440469806,15,906269
440469996,4,665048
440470107,7,2864027
440470121,8,3080363
440470353,104,81542335
440470558,6,1965370
440471410,9,3122259
440471643,36,18613626
440472686,11,1201364
440472969,22,5382042
440473259,6,5059303
440473434,17,1856430
440473436,10,1381649
440474043,80,10527056
440474131,59,34863835
440474984,53,4789267
440475812,17,3880606
440476723,82,25316721
440476830,7,591447
440477749,5,1120541
440478060,41,16790109
440480788,20,2224726
440486273,11,645380
440487353,11,1068485
440487581,11,786967
440489550,19,2281227
440491101,45,14417778
440492853,16,2413982
440494183,15,7485612
440495184,19,12819854
440495658,72,37348732
440496181,21,2959748
440496272,10,809171
440496623,23,1602544
440497854,15,5819784
440499183,4,2354337
440499330,14,874232
440499464,18,1278698
440499769,7,3426845
440499867,13,644883
440500037,20,1643293
440500407,14,4097969
440500705,12,4534118
440501080,6,2333092
440501434,11,657421
440501805,15,2300066
440502240,36,13944587
440503164,4,209664
440503417,10,1396022
440504365,11,1243870
440504388,14,15778942
440504949,10,2736611
440505479,20,7562793
440505494,25,1288866
440505673,50,24350388
440506137,58,15838592
440507157,24,8078826
440508119,17,1599941
440508248,22,2894696
440509540,54,4680189
440510203,18,6960066
440510992,11,3332245
440511868,19,2400511
440512396,4,687649
440512828,12,2047285
440513704,29,2906253
440513743,11,3160768
440514087,30,12259021
440515748,7,499833
440517884,20,2782881
440517967,16,2373751
440518771,4,620533
440519717,15,553683
440520034,23,1138227
440521158,43,6841889
440522023,30,686947
440522400,72,38526057
440522774,8,113805
440524535,25,5708624
440524844,17,1153985
440532325,20,2995490
440533111,5,130231
440533457,15,1936450
440533574,12,432438
440534536,16,5823170
