Battle ID,Kills,Fame
465569918,12,4920129
465612810,40,5423004
465612835,24,1848433
465613025,3,140881
465616054,5,1595034
465616393,6,1436517
465616600,18,1401497
465623491,15,997650
465627449,7,636463
465630243,29,3015739
465632253,12,3495868
465634150,16,1172194
465639518,19,1677748
465641979,35,11022758
465642153,10,528626
465643190,5,878093
465645554,17,7250323
465646351,17,1167980
465646503,43,12911044
465649645,40,2953230
465650686,18,2967525
465652437,14,4943830
465654079,19,879032
465654507,4,43206
465655571,30,2347650
465660454,16,2189888
465660932,7,899826
465663348,56,8132374
465669425,6,513606
465670610,28,1566584
465670673,9,2180798
465670794,40,2592825
465672201,73,42177109
465674822,16,1461436
465675944,24,5755324
465676323,9,6404834
465677080,5,763326
465677176,40,11677402
465679127,17,5808809
465679176,21,5434057
465681140,38,25392981
465682038,13,546851
465682198,9,7182674
465682361,91,71800849
465683467,16,9101742
465683840,18,8062220
465684495,5,3149834
465686060,25,11780748
465688265,119,13223817
465689440,32,17784117
465693402,52,7495583
465693809,12,1035718
465697646,19,9221872
465697815,12,905377
465705054,8,488704
465706152,9,545870
465711020,16,1038754
465721711,41,3798546
465726216,9,659289
465732354,23,488223
465734568,13,1065927
465736230,156,70766980
465736251,16,3652072
465737308,16,3052702
465743454,7,1342713
465744169,33,15152399
465744434,64,47873037
465745160,12,3164694
465746324,47,21808607
465746544,15,4779117
465747513,32,15142101
465747519,79,8288540
465747786,186,164530252
465748702,5,1071108
465748751,46,37456182
465749142,9,2756248
465749293,36,15471684
465749641,27,3625086
465749986,38,18268520
465750728,27,8016069
465750819,7,1242420
465751187,46,24766136
465751366,15,7357912
465751571,18,1519130
465751733,16,19238905
465751779,68,39958655
465751785,88,42561418
465752195,28,6802654
465752211,166,106780200
465753696,19,9108100
465754729,12,1218639
465754969,11,852272
465756311,10,1038528
465757372,15,5116900
465757865,113,83537347
465757960,37,12963077
465758044,44,3165857
465758985,18,1804089
465758987,37,3468760
465759209,11,1589805
465759861,13,3307774
465760364,9,1222988
465761536,9,342959
465762945,13,1436272
465763436,18,3683846
465763507,15,2208410
465764306,14,1094354
465765314,11,392905
465765564,15,687692
465765746,32,5992113
465767359,40,5111951
465767375,19,16574483
465768342,9,2034099
465768578,8,1562425
465769709,22,6344336
465770005,26,2679026
465770933,13,5184813
465771122,13,3214833
465771525,6,1679596
465771957,21,2339797
465772275,5,475505
465772451,10,4260
465773167,5,1167557
465774083,9,2364628
465774709,132,116303930
465775243,16,744701
465775867,72,15730564
465776221,9,474771
465776312,8,2338459
465777063,9,2321474
465778307,13,2293527
465778690,60,39891508
465779203,9,572280
465779417,17,742267
465779873,6,167499
465780155,10,3179049
465780863,18,3188388
465781597,3,533026
465782339,29,1483825
465782534,32,5132640
465782659,8,480643
465782929,170,119579575
465783864,16,1437716
465785123,29,2794292
465785710,10,700740
465785722,265,98789576
465785977,66,36804016
465786115,3,992866
465787348,32,2077088
465787374,16,852915
465787541,13,3651666
465787549,12,3565569
465787684,44,21828359
465789485,41,2078286
465790049,33,8331377
465790234,19,1182816
465790435,8,1428268
465790670,119,77150568
465793060,18,14688059
465793690,6,225681
465794205,8,2702416
465794217,26,9148257
465794234,44,17056459
465794514,26,1248741
465794618,4,802132
465794754,44,3891320
465794776,5,186933
465795320,49,15790015
465795886,21,7507629
465796023,13,1195859
465796025,19,6608437
465796347,138,107532765
465797252,6,1246992
465797464,8,204542
465797725,13,4450441
465797953,38,15642486
465797997,20,1093535
465798554,46,21819100
465799091,97,66708411
465799283,10,4697040
465800309,14,3210440
465800865,10,1809225
465801449,9,1116498
465801524,35,9396883
465801750,25,6334995
465801955,10,609532
465803045,31,23811281
465803226,15,1169210
465803334,5,1085932
465803438,7,3558444
465803749,13,6332632
465804612,14,3236804
465805199,16,1998990
465805202,16,2210769
465805723,34,10832766
465806138,10,2840510
465807259,24,2490710
465807414,12,2968869
465807810,6,1826039
465807814,29,16820685
465807918,118,57518091
465808411,11,4910141
465808842,3,490620
465809686,90,42795083
465809844,27,1387036
465810041,17,6122130
465810190,6,1521136
465810260,4,281604
465810338,18,21331490
465811266,117,72941435
465811521,19,5785698
465811750,39,4271585
465813190,13,570386
465813569,6,1489570
465814075,14,3282247
465814918,5,1004316
465815404,28,5951551
465815499,93,42708072
465815964,49,2799842
465816056,4,941468
465816579,141,104849421
465816889,41,19385690
465818345,18,3615996
465820083,16,1313554
465821270,93,21988351
465821955,466,343047885
465822710,58,4147627
465826553,8,2086941
465827765,8,1148478
465829107,14,1496654
465829151,20,4379256
465829543,254,128736360
465829733,13,5088231
465830613,116,17220228
465831874,15,3812990
465832230,13,3247364
465833299,17,598901
465833402,26,9148754
465833453,11,1945404
465836137,42,1702289
465836262,36,19964060
465836811,4,125999
465839086,7,2165944
465840249,3,900997
465841293,57,22727779
465841446,135,18613378
465841509,16,3456773
465841595,12,531936
465841682,15,566668
465842130,6,1738232
465843429,4,82409
465843647,7,357563
465844805,21,5707451
465845306,4,184605
465846823,58,30261044
465846826,12,1100573
465849562,3,629736
465849738,25,7539165
465855350,25,1277237
465861166,28,1392844
465869695,10,585715
465870553,13,2300534
465882475,6,407269
465885816,11,839489
465889762,8,1444865
465899534,14,2192020
465900539,11,1346789
465914756,5,543968
465918509,9,526286
465947014,8,689216
465951082,10,2372058
465952275,7,2634801
465955237,9,5278635
465956568,9,786926
465959388,15,9448202
465962245,22,7109740
465962653,12,1044134
465970945,49,14415595
465973290,8,1568817
465974941,61,25078413
465975040,6,7546454
465976148,7,775699
465976961,16,848243
465981707,9,1333766
465982497,9,2515958
465983258,60,28417405
465983577,54,17266843
465984092,4,1436223
465984368,16,887449
465986227,15,1468382
465987017,19,14691954
465987901,12,6059866
465988461,18,1030126
465989673,16,9771809
465990130,22,1323970
465991557,17,7356230
466002578,7,287210
466002894,9,1311942
466004827,15,1021923
466005127,33,3058227
466007390,11,7311335
466008253,14,2850598
466008384,71,17439502
466010453,6,472152
466012245,8,20447064
466012481,40,16888567
466013510,16,1095225
466014597,25,1479225
466016566,22,1753141
466018018,8,2639425
466018278,28,1386948
466018445,17,4832971
466019343,30,14666161
466020235,35,1871701
466020399,27,5107780
466021385,11,2510758
466022625,9,6124991
466022722,64,44848846
466023683,23,2705792
466023820,6,509888
466026962,21,1646907
466027527,18,5204593
466029885,13,3381283
466030221,12,691849
466030777,34,1518474
466031985,22,1597228
466032584,3,119422
466032642,9,873367
466033967,35,2078237
466034335,4,201978
466036238,20,876114
466037433,15,1293843
466039866,17,1876718
466042474,65,2310465
466048278,21,1242006
466053437,20,1375079
466055378,4,331440
466055751,16,1862292
466057422,33,4116800
466069360,56,4143284
466072540,10,806759
466075711,17,6418371
466075812,12,4642792
466076928,16,1072420
466078244,8,383905
466079292,6,2086871
466079320,51,20502538
466079349,26,8879316
466079657,7,291709
466081554,36,2520090
466083195,13,1161078
466083318,11,4388336
466083665,63,33186549
466083857,6,1112804
466084394,32,10773459
466084592,37,9801145
466085020,9,2584177
466085368,21,8974333
466086345,34,8115946
466086393,59,22945289
466087267,11,2772360
466087744,35,20164986
466090329,142,96024131
466090411,11,584339
466090875,12,3169479
466091102,60,26710233
466091109,4,1805874
466091550,13,3614130
466091588,11,426237
466091963,21,5448853
466092052,36,12803205
466092073,14,4717846
466092305,15,2575555
466092517,11,2655882
466092634,16,3769040
466092661,5,132236
466092762,16,6567799
466094729,19,5831943
466095052,22,11419008
466095832,90,20035960
466095969,30,17365822
466096161,23,6560798
466096653,12,4865945
466097132,33,9746257
466099615,38,15546158
466099899,190,101207197
466100686,10,3050555
466100697,31,1378176
466101148,11,8326087
466101396,22,1519280
466101432,60,5826219
466101524,11,2511926
466102235,7,102156
466102764,15,7563179
466103269,15,1628086
466103963,11,2963004
466104088,107,10076036
466104321,9,2800219
466105849,17,818922
466105921,30,9003236
466106359,15,1276340
466106718,34,25497282
466106911,14,969880
466107124,6,134384
466107880,20,1349565
466108101,18,2901730
466108418,109,9542257
466108501,33,3986824
466108537,6,190976
466110599,23,6137656
466111690,8,1412359
466113250,24,3009749
466113623,22,2040604
466114306,12,498683
466116527,11,874653
466116664,110,34729591
466116837,21,719677
466116904,12,2205302
466117270,6,359362
466117382,22,2760908
466118208,85,32482802
466120292,5,4316119
466121376,21,827203
466121895,18,3229125
466122635,48,28702824
466123939,17,5425594
466123965,30,2488338
466124216,17,3125080
466125745,333,179515192
466125781,9,302089
466126142,27,697680
466126878,23,13706996
466127631,28,12661228
466129665,22,4778109
466129738,59,2714988
466130172,3,69867
466130228,18,1783712
466130343,18,1688528
466130825,44,29095864
466131659,171,89522320
466133400,102,6492709
466133443,6,200076
466133893,27,13182841
466134925,7,484306
466134958,10,2717848
466134997,12,7049806
466135191,5,275512
466135410,15,3635512
466135674,22,8314225
466135766,104,50736930
466136869,87,42925620
466137046,11,4053858
466138145,171,92635048
466138839,19,4860418
466138995,57,25347111
466139029,18,6350921
466139864,55,27945224
466140219,5,1230022
466140491,196,103344747
466140505,26,9840788
466140622,4,4110106
466140651,58,29353752
466140700,64,39707207
466141182,6,1604769
466141656,11,2860347
466142048,347,261833526
466142174,21,2104969
466143107,190,95126373
466143224,10,3430510
466143657,14,4555393
466144605,27,8620053
466144900,11,2995880
466145782,3,170290
466146736,13,1122945
466147082,23,13593511
466147342,5,538604
466147540,6,1217546
466148261,14,541126
466148486,71,24409189
466148640,16,2444193
466149122,70,26005919
466150278,13,8647977
466150618,6,680985
466151595,21,10532489
466152140,3,168812
466152462,8,2294010
466152515,11,3461527
466152580,27,10689555
466152977,63,30432850
466153327,27,13011470
466153835,15,3887395
466154123,10,1097302
466154266,4,88145
466154423,5,478911
466156000,28,9343030
466156390,19,6232393
466156490,7,2881264
466156730,65,7841297
466156880,31,3725667
466158513,8,563636
466158667,13,3376067
466159913,11,577100
466159948,50,1633799
466160404,23,8227805
466162829,46,4532008
466164031,16,4840865
466164871,23,1610979
466164992,15,3973922
466166681,19,3217483
466166899,118,93627210
466167715,20,8096885
466168661,17,2242111
466169496,121,25643129
466169945,226,168363674
466170587,5,1028107
466172055,9,294641
466175167,83,8707456
466175280,106,6574400
466175287,17,3897099
466179381,132,56516762
466179749,49,15917620
466180320,78,1452490
466181884,28,2089006
466183960,4,1177084
466185078,14,7284684
466185168,13,2470455
466185716,10,499542
466187100,34,15825660
466187204,13,2700674
466188619,19,6065324
466188947,40,15705448
466189278,10,2629121
466190136,25,721728
466191112,51,3416057
466191764,12,990179
466192684,12,1892809
466194033,7,532724
466195282,42,3313836
466196335,19,928614
466199455,15,881809
466199965,31,3557380
466201790,38,3659646
466202353,5,176301
466203257,22,2077370
466206071,33,12626964
466206171,5,272819
466208237,7,572739
466210382,19,1500894
466210470,19,7994803
466211699,16,2005947
466212478,9,671645
466213447,27,23422787
466215623,28,9578091
466219789,12,787844
466221940,14,3276552
466222610,6,176902
466222923,14,4176302
466225536,3,217976
466227570,6,566686
466275810,13,5103331
466283500,24,15476970
466283783,18,1705995
466287869,3,94776
466291330,11,792935
466301069,28,2367286
466304044,20,5895485
466308639,11,1250876
466311255,17,1367828
466312307,7,1235744
466314609,51,4634845
466320175,22,2328991
466320728,14,906504
466322221,17,1042276
466324817,16,1644212
466325919,12,3445363
466326687,16,3240257
466330536,22,1886035
466331790,11,545133
466331886,8,337928
466332032,5,553782
466334073,4,125670
466334172,14,1548939
466335860,15,1007739
466336117,45,13594083
466337408,114,19750105
466337411,3,409512
466338754,3,448542
466342072,12,3451651
466345118,13,3561493
466346731,10,611697
466347223,17,1751746
466348165,5,243143
466348507,33,15470421
466349057,93,12367637
466349661,3,305707
466354026,39,3449183
466362544,18,9202168
466362563,25,1710834
466364580,9,1315857
466365225,13,647305
466365411,17,1525837
466365519,13,2888398
466366142,11,2276789
466366726,14,3422175
466368896,61,16644914
466370596,23,5838020
466374526,52,15202391
466377358,21,5935968
466377864,86,67618186
466378766,10,2751724
466379910,14,3870818
466380273,43,15985974
466380898,83,42950232
466380981,12,4312151
466383564,31,1922551
466384404,11,6003451
466386035,10,4385035
466387899,17,6741310
466392755,14,3430420
466396175,12,909288
466398451,30,1974810
466401418,16,1536553
466401949,16,3161037
466402152,12,1031540
466404065,18,1765112
466404913,22,1547215
466405946,17,7513488
466407861,11,500061
466409567,7,442787
466414023,7,261321
466420365,15,626986
466422622,94,6408643
466424502,10,502293
466425719,10,940095
466430022,79,4796982
466432652,219,123866538
466434808,7,2362159
466435922,15,5792421
466436076,69,32497102
466436284,44,9895889
466436688,6,764779
466438763,10,806825
466439785,16,2407551
466439843,137,54590703
466439869,13,4539053
466441314,16,645618
466441829,6,3406
466443010,16,4508216
466443253,51,33282661
466443437,60,37075263
466444556,82,44344497
466444883,17,5988710
466445234,13,1939007
466445647,52,2435769
466446102,18,5808963
466446381,20,4627247
466446975,8,422368
466447245,43,16579425
466447383,12,2991592
466447609,16,6732149
466448002,4,1283976
466448519,50,19051378
466448701,78,53973828
466449328,3,435072
466449399,14,4098215
466449690,24,12185263
466450242,14,18326084
466450320,59,8288436
466450398,30,41048778
466450971,14,4572644
466451130,34,9248126
466451695,10,1025162
466452760,14,4458960
466452923,11,3337743
466453070,7,1677927
466454655,10,2436565
466455110,7,549565
466455961,11,6382361
466456077,75,30321733
466456633,22,6206409
466457251,15,3823971
466457551,14,1432243
466458024,42,43074084
466458652,6,182102
466458672,8,620421
466460139,12,592811
466460331,20,3160622
466460333,10,936459
466460833,28,992788
466462231,27,3870135
466462900,8,988030
466463428,8,2068015
466465126,17,923758
466465197,10,2475306
466466915,37,11937570
466467277,15,750546
466467649,18,7547172
466469330,17,2630806
466470080,5,1624980
466470794,8,751351
466470911,33,5399494
466471380,14,519780
466471687,13,625219
466471793,8,391421
466472658,13,3847122
466472716,36,6295774
466473696,18,1599629
466474897,23,3269974
466475581,29,15868201
466475590,33,897519
466475706,12,10391815
466475999,14,1146491
466477817,113,9889426
466478387,9,537159
466478588,35,122796
466479788,130,92527431
466479990,56,4026786
466480284,27,4059307
466481157,52,20732235
466482378,16,1385190
466483297,29,2335211
466484349,4,735170
466484656,13,7049139
466485284,18,5461220
466486770,84,36007509
466487276,20,7922334
466487358,9,674220
466488568,60,25781480
466488879,8,291470
466489268,42,1455477
466489635,42,20222243
466490345,16,6848192
466490420,7,1595723
466490567,30,2245902
466490664,4,744414
466490919,24,3063659
466491060,63,21865384
466491336,13,8630233
466491411,8,2541426
466492247,4,1340313
466493394,8,1539546
466493687,23,7149351
466494563,125,112784484
466494667,4,885702
466494695,44,23750831
466494896,59,23554504
466495544,25,10362272
466495665,12,4857920
466496555,42,20150558
466496672,5,638345
466496691,26,3993618
466497001,7,1169594
466497071,52,8723907
466497340,11,1447276
466497868,75,48536101
466498499,14,7003050
466498513,27,1468188
466498699,29,23768845
466498807,42,16570569
466498935,126,62038612
466498949,5,1666715
466498980,30,3677088
466499097,4,566107
466499112,9,1370498
466499157,30,11095849
466499681,7,297536
466500092,8,1790578
466500180,19,5791618
466500295,18,2282103
466500343,4,2314128
466500461,81,46658360
466500633,11,1070575
466500968,6,227342
466501044,20,1563572
466501267,35,7249274
466501555,46,10205234
466501637,4,1534254
466502035,17,10302155
466502348,13,5310779
466502446,45,5677675
466502647,21,6701229
466502687,31,10326992
466504132,23,5708923
466504642,6,1286147
466504732,65,39076705
466504984,17,2173267
466505499,24,9104056
466505545,18,10895565
466505666,107,62673932
466506448,135,62308002
466507002,12,1030824
466507034,19,2043064
466507089,11,1243365
466508269,37,2044585
466508444,130,96913475
466508968,7,805244
466509271,60,26983049
466510519,19,3653264
466511074,11,962068
466511161,32,10641345
466512586,16,10267471
466513094,19,2040243
466514770,14,9030884
466514960,35,7594708
466515112,130,116456030
466515711,41,17100892
466516321,33,13736492
466516348,22,1801409
466517829,35,4503462
466518063,24,2108127
466518088,26,16760658
466518231,9,639780
466519866,8,2690064
466520534,5,99814
466521387,13,6633896
466521842,67,6448505
466524159,7,511726
466524197,93,42733885
466525739,20,8887023
466525860,6,1168522
466526840,84,53283901
466528220,11,2519649
466528948,7,470179
466529637,150,79827748
466533852,155,62873655
466533982,47,1700266
466534140,18,1726996
466536629,4,191069
466536821,6,363946
466538522,11,2019959
466539013,7,3489900
466539887,22,13669636
466540290,20,1363456
466540324,22,11263650
466540865,22,6926789
466541033,15,7465015
466541472,21,4776991
466541923,18,1291332
466542625,26,13071089
466543124,22,13666004
466543691,7,42970
466546128,4,2705638
466547349,13,5021404
466547793,19,1509389
466549613,4,492538
466554488,18,1121253
466555644,17,4332023
466556965,26,1371940
466557335,21,2872682
466559627,21,7694688
466561988,26,5634045
466567113,17,11311802
466569245,11,1409835
466573091,11,910435
466584093,10,435876
466585363,7,460068
466635385,7,45561
466640359,3,1294788
466651017,58,4335120
466653556,14,769337
466655858,12,125334
466657238,5,943649
466657454,16,1144597
466658341,10,3678954
466658952,21,11532366
466660045,12,3003332
466667910,5,1365290
466668298,51,22555483
466669808,24,4124976
466670047,15,5424994
466675642,27,7112416
466680069,14,612019
466684602,22,20958745
466686247,3,114859
466688441,302,68695586
466692295,18,1246721
466694330,28,4691791
466698420,7,373272
466698948,26,1991050
466710512,18,719528
466715926,4,143513
466717702,10,1331895
466717946,9,1139118
466729187,6,6671284
466735672,31,2325276
466737908,15,1254518
466738530,7,201078
466740131,38,8467415
466740755,12,1294182
466740855,105,71579750
466742159,10,2259988
466743418,4,908764
466744336,3,625085
466744510,14,793888
466744886,183,103055095
466745156,48,13171842
466746970,5,381749
466747398,5,394759
466747601,12,996455
466748304,11,1841304
466748870,7,3026913
466749374,15,4200627
466749898,11,359410
466750752,24,10669738
466751966,5,136934
466752513,4,1124930
466752859,150,81575539
466752932,13,4890466
466752934,17,4663942
466753013,21,6907849
466753325,31,1302562
466753650,52,12203438
466754073,32,7919750
466754750,14,938057
466755260,6,205356
466755267,14,5931093
466755724,28,11873016
466757052,10,1715139
466757218,5,827288
466757383,18,11438106
466757553,100,34585174
466757726,89,53793934
466758320,12,4783795
466758411,15,1336122
466759502,27,6044601
466759765,3,547808
466759784,22,10728454
466760899,46,22969488
466761195,63,3968851
466761673,23,8269613
466761794,20,4265884
466763048,67,30385443
466763452,11,2488140
466764456,40,1731724
466764517,31,16527315
466764712,40,9085415
466764943,74,7747973
466765058,6,335972
466766852,6,177209
466766977,12,1424174
466767180,28,2423426
466767738,17,34246413
466768023,58,1687905
466768457,30,1832142
466768574,17,3105863
466769169,16,3508843
466770030,48,18245836
466770380,49,39396831
466771256,14,3037508
466771566,113,42680537
466772773,70,3257087
466772889,13,883727
466773310,16,574414
466773948,89,5931935
466775874,19,2878954
466776825,21,5659621
466777672,288,13719697
466778252,19,574156
466780383,7,270519
466780484,18,3967215
466781000,15,1066761
466781929,52,3124465
466782635,24,1711491
466783096,34,11667690
466784076,13,6411462
466784616,26,907412
466786618,8,3743084
466787204,24,1027677
466787454,32,2399213
466787469,6,286957
466789103,38,375486
466790438,8,1380770
466791127,12,7711441
466791372,10,425084
466791629,13,1468606
466791693,8,1301146
466791809,4,313401
466793310,16,1490918
466793506,26,4891620
466793799,10,6415001
466794077,17,1141211
466795422,188,114888714
466795560,8,466443
466795577,21,6709851
466796713,18,619422
466796750,12,3331707
466796991,12,1139844
466797655,11,264848
466797712,59,25821624
466798237,45,18064138
466799343,56,20855804
466799496,27,2678836
466800266,17,5357044
466801055,6,2645184
466801843,129,70090379
466802342,3,1892820
466802392,15,4353547
466802502,24,9497904
466802985,7,3266044
466803604,24,2840867
466803719,19,9245978
466804029,20,1172796
466804052,15,6056258
466804224,21,12411629
466804282,7,277121
466804468,18,2964138
466804485,57,7502755
466804500,14,405032
466804545,9,2245319
466804877,33,14256272
466805242,6,462760
466805847,8,1979402
466805953,6,803782
466806045,41,7355886
466806876,14,208354
466807250,136,66298596
466807722,42,18535020
466808036,41,9525578
466808153,20,5276031
466808657,40,15746230
466808667,14,2285356
466808745,13,6243372
466808853,8,146556
466809536,4,881358
466810259,37,17853334
466811161,14,7230042
466811875,18,1141416
466812160,50,25626505
466812219,5,1290286
466812439,4,491261
466812688,24,7143863
466812877,78,38342290
466813482,40,2581418
466813548,23,1489977
466813911,57,4521213
466814362,17,6441164
466814551,14,3762013
466814583,7,1099282
466814932,30,2612172
466815287,16,6404405
466815711,13,4026444
466818115,16,13292657
466818800,9,2086435
466819150,10,2332733
466819155,35,4314057
466819308,17,1460840
466819314,14,1483182
466820736,13,1003246
466821105,35,25099950
466821156,12,2804416
466821229,14,4908267
466821558,60,9204097
466821733,21,2968834
466821735,22,3680605
466822106,24,1719361
466823169,8,1996339
466823487,11,1115017
466823790,6,1115358
466823815,14,4581380
466823989,25,7641259
466826850,4,916684
466827476,28,1632476
466827641,8,1942496
466828604,10,531712
466829871,7,453504
466830459,7,805222
466830589,3,102684
466831445,32,32143443
466831845,5,484590
466832278,32,3902580
466833344,13,1671378
466833858,7,491527
466834941,11,1484417
466835142,59,13820562
466835446,18,1360218
466835465,27,2695713
466836247,8,1029504
466836373,8,2954107
466837410,7,589019
466837804,54,17714058
466838174,63,32380248
466840184,69,26159550
466840394,33,3849809
466840967,3,648125
466841040,31,6174839
466841598,10,678347
466842894,18,3097565
466842989,4,442407
466843239,4,1920099
466843663,78,60269430
466845435,18,868290
466845872,23,3409502
466846135,4,79153
466847242,10,977680
466847281,27,5174247
466847560,21,1157066
466848250,13,1400305
466848326,13,3549664
466848767,17,3378818
466849597,18,1200761
466849665,87,70402958
466849786,16,3856719
466851382,7,393900
466851474,4,705679
466852069,40,3521625
466852197,35,3347340
466852272,73,5974872
466852442,41,4350624
466854936,15,3606868
466856247,15,5867504
466856594,22,1453953
466857027,4,511298
466857585,15,1984585
466858535,11,2719666
466861329,13,1894796
466864861,23,5221556
466865429,128,66811859
466868097,16,3452133
466890980,5,1311224
466895180,5,251759
466922466,8,492836
466924274,5,421200
466931241,54,4653829
466944939,13,5753827
466955257,45,24869239
466960802,23,2012157
466964194,9,538371
466967968,3,612316
466971160,25,7340277
466973802,6,346865
466975090,20,1036035
466976365,30,8337424
466979342,18,1028195
466981064,12,1421139
466981233,159,103543754
466982734,17,2361760
466987166,24,2572762
466987930,22,1231528
466990225,141,11671207
466996107,7,1402260
466996539,22,1907368
467000836,9,339252
467001808,34,2740412
467003658,33,4396108
467004822,76,25047445
467005065,6,986819
467005197,8,1050576
467009483,24,1449718
467009798,13,812749
467009844,3,199733
467009957,52,12466939
467011454,40,8927097
467014461,12,3582454
467014623,8,1067798
467015886,20,4339788
467016226,74,41219253
467017088,12,3604390
467017714,69,13247710
467018942,41,1958792
467021337,12,3624722
467024407,17,5696187
467025027,5,737785
467025416,7,374448
467026804,19,2143321
467026874,18,1483960
467028213,29,2031310
467032578,11,339677
467034514,21,2144840
467040142,9,526745
467043897,16,5044645
467051026,40,2059576
467053403,53,40058355
467061581,6,407696
467065225,11,346211
467067707,7,186118
467068770,12,706722
467070170,9,2807342
467071042,8,158061
467071751,64,19837369
467072871,166,6597043
467073188,9,5772748
467073630,70,24005600
467073991,133,37193423
467075607,23,1834094
467076999,5,646990
467078002,7,365197
467078874,37,2775570
467079130,31,19005234
467080843,82,1459671
467081019,7,515323
467082007,4,770328
467082170,80,22870673
467082818,16,2452809
467084253,32,12687025
467084362,250,111740352
467085033,10,3432370
467085222,118,91424426
467085246,4,2346540
467086329,15,2312907
467086343,43,23625745
467086521,4,1829552
467086768,13,3888418
467087639,23,3008982
467087647,19,1057580
467087963,13,726284
467088192,43,14349276
467089608,25,9360750
467090410,11,352598
467090839,101,58639082
467091031,11,1383161
467092835,10,2590908
467093430,8,2824653
467093962,11,415288
467095013,35,16476222
467095284,32,7368730
467095444,24,6426470
467096390,26,2184381
467096549,14,908016
467096892,21,3729970
467098619,4,3069963
467098848,9,930621
467099772,74,35978253
467099856,9,3113242
467100823,11,1141751
467101460,7,362080
467105818,12,1375613
467107270,45,2225587
467107318,26,1594178
467108808,16,803867
467110465,23,5809900
467111448,21,1446300
467111999,18,7028620
467112055,15,4130091
467112551,17,3999951
467113698,6,1825035
467114529,8,254341
467115044,7,602501
467115304,61,28856942
467115959,5,41683
467117059,15,780841
467117084,12,7172736
467117567,168,124868545
467118967,14,556114
467121150,54,30268733
467121204,132,92873624
467121320,94,23244467
467122593,280,186995099
467122746,15,4863802
467122784,164,65877352
467122792,11,2566716
467122826,12,1567814
467125484,6,1546640
467125787,108,26372251
467125849,9,2974502
467127000,11,4141807
467127624,12,2618448
467127890,58,11643166
467127923,22,1187067
467129096,7,2620567
467129147,11,794764
467129195,7,439700
467129261,24,11060324
467129944,15,1865493
467130151,466,296755356
467130809,139,96037613
467130889,26,1536654
467131087,23,6642213
467131535,7,2766329
467131628,118,29561188
467132968,162,109457815
467133222,39,8610605
467134070,10,3168857
467134163,11,1058263
467135125,5,1702240
467136357,16,6677347
467136386,15,5482703
467136397,11,1761864
467137136,16,2501454
467137240,80,50145874
467137695,31,8193026
467138656,20,2273392
467138666,41,14629733
467138915,8,1140632
467139201,19,4682348
467139802,16,2089831
467140253,37,15166940
467140829,12,918242
467142130,15,5148713
467142306,13,5305067
467142493,12,7605993
467143136,12,4199648
467143160,7,845219
467143797,11,1828168
467144542,7,259503
467145130,74,35868276
467145204,11,4092719
467145312,15,3535913
467145768,16,3953524
467145797,15,1813795
467146071,40,17722494
467147275,8,744117
467147925,3,45904
467147942,45,17864490
467147964,100,11053721
467147990,18,4381689
467148308,92,48202207
467148397,6,618379
467150861,13,3191354
467150874,44,2873001
467151255,16,2067708
467152263,43,18222796
467152880,56,17276547
467153205,157,94694881
467153530,5,292346
467154392,11,568065
467156036,12,2594309
467156406,12,2656655
467156725,8,429054
467158649,18,1123301
467158964,14,471587
467159877,22,2969707
467159965,38,12348869
467160794,16,2157913
467161058,14,417996
467162353,18,12480953
467162711,44,2729662
467163302,17,4807664
467163809,33,2869975
467166337,24,14876766
467167235,4,3181197
467167594,31,2990512
467168584,8,2421884
467170390,7,270504
467170571,67,83329473
467172168,22,7145297
467172260,5,529370
467174262,3,1057152
467174318,16,648379
467174444,6,3489104
467174501,49,22288227
467175777,10,4392844
467175794,27,16924289
467176267,30,2972186
467176685,11,1121371
467179098,11,2265598
467180736,15,883884
467182147,17,6454035
467183119,3,41851
467185198,18,9891859
467188024,18,6612525
467189100,19,1414101
467191444,24,2166390
467193205,11,943818
467193777,63,5949519
467195211,5,234888
467195340,10,1094900
467197227,10,1904902
467199631,13,2758592
467201034,15,2513956
467201600,38,10805624
467209298,3,767374
467261833,31,4254185
467283664,25,882268
467284392,5,1282397
467288930,12,679373
467295840,24,1636363
467298128,12,1521142
467299458,21,1899234
467303077,65,20777721
467307602,25,1624739
467309158,8,2217944
467310039,15,1119856
467311080,51,19850852
467311806,9,3591868
467312319,14,1783595
467312325,9,7574192
467318524,10,519897
467324199,3,178738
467324726,7,363243
467324931,12,2960444
467326887,3,740224
467327123,15,10928014
467328708,11,1513642
467331353,22,5564443
467332117,5,1395535
467332499,16,3149725
467333047,34,11260165
467333280,24,5582872
467334848,26,12649848
467334861,16,3140836
467336121,15,1922205
467337958,4,1080074
467338631,26,1888120
467339261,21,11523815
467339276,4,1353612
467339563,14,13614267
467339952,10,5290361
467343426,12,3010031
467344648,13,2307648
467345491,15,1651602
467363384,13,1302799
467379673,7,874045
467390764,6,1931746
467392768,15,910777
467392810,15,4478839
467392873,20,6529794
467393696,4,380303
467394079,5,948316
467394229,253,113608652
467394383,18,5331440
467394716,9,1769201
467395882,10,3619671
467396254,13,848406
467396588,5,264148
467399620,9,566627
467399714,4,792400
467399742,15,4810038
467400877,53,12077826
467402241,14,10556747
467403157,3,4790074
467404061,65,56052697
467404177,19,674407
467404540,40,18287743
467405747,10,1342141
467405785,56,26440141
467406038,16,3778826
467406043,11,1079352
467406597,65,47041177
467407498,65,16157346
467407983,10,455598
467408046,33,11325840
467408563,8,3323593
467408916,10,13259276
467409756,15,748858
467409847,11,2086780
467410004,46,2241950
467410470,222,127738707
467410740,20,8559621
467411847,14,4585207
467412560,141,89200301
467412931,63,12596209
467413098,35,5927204
467413513,21,9206026
467413849,34,13352893
467414079,11,623417
467415129,10,2015135
467415282,107,46143261
467415878,15,1912937
467415893,5,192206
467417220,20,7341854
467417644,44,13118453
467419457,16,1760238
467419560,3,44386
467420085,27,2215175
467421688,31,2352857
467421974,60,2608659
467422262,4,2045522
467422264,15,4342869
467422940,19,8183986
467423186,22,3696789
467423364,13,4366071
467423939,30,13679600
467424589,12,7695263
467426913,12,4072149
467428723,43,2549095
467429465,10,1624342
467429567,22,4279755
467430861,11,631461
467432608,58,2973629
467433929,20,4582967
467435206,81,61653007
467437347,20,3231518
467437448,10,931688
467439207,6,7234690
467439477,132,84562848
467439884,5,279688
467440969,33,7881892
467441834,8,1027620
467442654,80,23829991
467443374,15,1083285
467443655,192,49950937
467443754,44,3424989
467444160,8,502295
467444339,50,33700520
467444664,5,1091318
467444729,8,451618
467444847,3,856043
467445022,13,5977611
467446430,37,10256265
467447361,9,521993
467448244,56,6624354
467448493,10,3311167
467449310,35,42002524
467449686,163,96981438
467450032,92,50775270
467450359,4,552198
467450441,9,2418187
467450871,14,3222298
467451961,8,2451625
467451995,30,18924206
467452432,31,9220910
467453228,74,38461833
467453476,142,35121837
467453610,10,3048223
467454122,29,11241668
467454352,118,69021094
467456463,18,1238074
467456476,101,80577384
467456672,39,16192857
467457296,12,5211058
467457475,4,1148067
467458002,17,1208470
467458544,8,339504
467458974,7,416373
467459081,3,907236
467459108,23,6101516
467459391,16,4644805
467459933,27,10245510
467460122,23,5574746
467460588,11,5459555
467461010,6,615839
467461011,3,841844
467461279,39,21830470
467461610,124,61162519
467461706,84,29983007
467462005,30,13002885
467462487,11,7291754
467462848,11,8757788
467463097,19,3228029
467463456,10,1740534
467463596,5,141177
467463740,89,33517532
467463917,32,17240531
467464000,7,5830638
467464029,77,33685303
467464273,20,4570862
467464633,74,4389145
467464805,56,11618900
467464937,9,2666034
467465033,4,93234
467466110,13,6811402
467466541,33,14244208
467467128,17,1811501
467467474,16,4086920
467468144,35,8659731
467468455,34,10192056
467469260,17,7709615
467469798,30,11842114
467470470,84,30674570
467471007,58,4594327
467471800,7,1520702
467472797,80,27893710
467473209,36,1914661
467473275,10,370917
467473481,30,16221388
467474430,25,11269565
467474717,35,5738176
467475975,57,27900938
467476565,62,4952703
467477224,11,336214
467477717,21,12449451
467478113,33,1385896
467480132,7,966411
467482882,8,300488
467484293,19,1366112
467484705,29,5841913
467485153,200,112084580
467487372,13,1988615
467487572,15,1884478
467488281,13,2082884
467488870,21,1711743
467489745,52,3101038
467490012,21,6892007
467494502,48,35566668
467495343,16,2321016
467495422,8,2296702
467496934,5,635578
467498184,18,8656753
467500073,13,5905808
467500128,30,14403959
467502061,8,1540505
467502085,19,3269752
467503740,6,469460
467503953,10,3024898
467506156,15,2353823
467507864,63,4918185
467508915,4,296901
467512112,22,6333558
467513359,7,561386
467517943,6,1925042
467518969,10,13386100
467519376,19,4685018
467521551,18,2293158
467522706,13,1460110
467524207,27,4939185
467526261,123,29406962
467534631,30,2677240
467537402,24,2384552
467544365,9,547695
467559932,8,1309233
467564518,29,2776273
467568784,12,813502
467573219,34,4233056
467581356,7,520423
467600206,32,15127324
467615832,14,1179623
467624519,27,2306702
467625866,19,16222531
467630288,29,9573755
467636204,44,21364296
467637887,20,2247757
467639155,5,1914528
467639380,5,148347
467640919,46,10416703
467643770,4,1084591
467643927,8,1774344
467644497,17,845752
467646467,20,3040765
467646661,26,7925239
467648721,23,12686325
467650151,6,1727505
467651604,9,1126612
467651608,101,19107973
467655261,14,1021389
467655860,38,2533151
467656673,4,1337148
467657647,6,1625237
467669824,7,1122370
467671449,32,2971421
467673988,8,2339507
467675008,36,17724958
467675279,10,1863777
467675505,14,2005452
467679738,23,1937966
467680311,6,348532
467706098,23,3082696
467707365,15,4964284
467708540,67,24629505
467708824,25,1805009
467709662,26,1113586
467709959,10,2603701
467710784,94,43698970
467712418,34,7612703
467713015,47,19733271
467713517,11,364387
467714616,15,748693
467715210,9,5164291
467715411,42,11732855
467715545,5,475301
467715580,9,6397673
467716326,24,8459151
467716543,21,1866711
467717945,32,19595054
467718137,122,43109384
467718159,55,25081425
467719283,354,198797889
467719372,124,55562030
467719586,17,3905157
467719892,16,6354955
467719904,57,17442036
467720879,83,5223685
467721778,13,343306
467722067,66,16349482
467722157,19,1023783
467723341,28,14327184
467724679,4,1283804
467725335,5,495832
467725673,63,14899424
467725931,123,57083276
467726343,11,2329507
467726836,19,5893431
467726964,22,742895
467727553,29,10292994
467727898,99,49503682
467728050,19,1617192
467728205,21,1908202
467729620,20,7909748
467729732,12,3336312
467729807,54,16333537
467730525,31,21992231
467731457,18,3867630
467733023,11,638412
467733404,5,1727636
467733539,25,4711031
467734107,9,4712790
467735556,20,1940829
467735753,83,7186536
467735769,32,1455412
467736124,30,3007128
467736148,7,1127116
467736467,14,808146
467736621,32,18843463
467736749,43,32622605
467737141,9,1964376
467737986,35,1845872
467738830,29,10717713
467739838,4,1352865
467741350,10,624266
467741376,15,8162971
467741941,18,6857965
467742165,20,7744013
467742359,5,335652
467744474,8,1692323
467744799,14,724298
467745331,18,3980120
467745525,19,4835134
467745788,19,2152710
467747199,32,2250062
467748721,8,261800
467749854,3,468840
467751546,15,4654702
467751726,13,217058
467751810,18,3759394
467752649,18,4036448
467753908,43,1236789
467754017,13,1798649
467755382,80,30462421
467755584,29,11451139
467755614,93,21662660
467757231,68,4088537
467757413,7,271223
467757418,35,1822792
467758517,5,2732398
467759091,40,8412606
467759895,114,27948598
467759940,24,733247
467760039,49,22729246
467760866,11,933362
467762198,11,2448543
467762204,31,9136604
467762289,18,768843
467762629,14,552961
467763568,5,574126
467764038,13,1065888
467764452,202,54569310
467765583,22,10598171
467765920,12,3860861
467765959,73,32470086
467766238,5,1001040
467766445,6,1248528
467766691,47,14682355
467766979,11,3748500
467768572,31,7073457
467769139,24,11179864
467769644,30,17863874
467769955,31,53220210
467770399,10,1344455
467770963,11,304313
467771091,93,60761521
467771186,11,1173868
467771809,43,5770128
467772598,214,53875705
467774553,14,5780258
467775161,14,2773553
467775677,22,7444200
467775820,15,1186762
467776545,10,7369951
467776831,21,10480353
467777244,22,3727558
467777269,50,29827886
467777463,15,1746640
467777508,3,1342402
467777528,15,5656927
467777671,4,385022
467777861,21,6384881
467779606,16,544938
467779785,19,10918470
467779931,11,2787105
467780312,44,17388331
467781191,17,3421788
467781347,14,1584808
467781348,30,7853736
467781555,333,173570546
467781875,7,2160407
467782248,24,8888346
467782438,7,497574
467782856,60,32313343
467783308,11,1278008
467783833,31,9912739
467784072,118,70736690
467784530,17,1636954
467785086,14,4214175
467785737,50,19039278
467785988,12,6055739
467786151,28,13267003
467786483,10,321786
467786971,16,1348952
467787305,7,301150
467787367,48,16111567
467787380,60,22606430
467788451,11,1477500
467789484,13,458145
467789582,50,32905728
467789959,35,14865051
467790599,9,924531
467791295,7,1731223
467791378,13,5758677
467791468,18,5466873
467792159,146,11692745
467792555,10,1981072
467792586,36,7583472
467792984,11,1165999
467793749,8,650875
467795486,28,1320759
467797437,30,2158250
467797592,47,16317375
467798700,10,499934
467799050,5,364139
467799775,4,1205319
467799865,28,2812489
467800170,20,1384981
467800483,7,1181588
467801244,12,3710315
467802076,32,11394215
467802238,25,5044220
467802334,17,2660750
467803607,9,399752
467803709,17,4643457
467804535,5,1326577
467805207,18,3877021
467805819,10,827119
467806661,25,7003367
467807799,13,3009695
467807806,40,14646068
467808488,11,400475
467809280,12,4354094
467809295,60,2303902
467812256,6,176212
467812588,4,264213
467813021,17,6687318
467813372,15,1107003
467814030,10,883294
467815244,8,1929902
467815484,25,26022942
467815676,12,3298773
467815904,17,7163187
467817403,13,1364982
467817457,56,3575362
467818134,13,2141588
467820159,31,12597448
467821074,22,6227064
467821381,5,427881
467822389,13,8426872
467824078,29,10314051
467825675,19,4708890
467826139,28,11034334
467831920,28,8167681
467832400,44,2318622
467833978,27,1115736
467843174,4,102590
467844662,19,8231975
467888936,17,16375180
467911460,10,641140
467915281,5,1759279
467915771,30,9926726
467937863,10,1581936
467937921,20,9938827
467938939,9,652544
467946847,57,8606596
467946932,15,1725223
467947658,4,339465
467950190,15,985114
467957410,11,853224
467963848,75,26037723
467967349,15,3153188
467967382,16,5663433
467968247,25,8137977
467968346,69,27987782
467968974,12,4302836
467969583,21,11547292
467971814,23,7157737
467973716,6,4244411
467973932,3,1914703
467974869,13,3009317
467975134,14,5554365
467977361,14,1941373
467981668,12,1535958
467984356,8,287128
467984691,12,578932
467986975,7,441274
467987683,32,3173897
467988114,15,3368262
467990498,38,4484385
467997902,5,238154
468000491,12,3771581
468002171,29,2704484
468005565,17,1889134
468007254,3,69225
468007720,12,3789112
468010532,5,474917
468014999,7,545331
468015524,10,1425211
468016958,59,4607751
468017322,14,674225
468018482,23,1764675
468019269,8,59220
468019938,235,90621642
468021029,131,2387246
468022354,20,399493
468022514,25,2276252
468022603,32,3273308
468022991,135,42474636
468023885,24,2045549
468027240,78,31046448
468027582,10,4806390
468028413,10,3828625
468030510,10,438321
468031120,9,3223192
468031724,8,713179
468032389,22,4638161
468032713,8,462442
468032769,4,879914
468032926,7,863785
468033695,96,30356864
468033862,13,11244364
468034400,22,8086613
468034891,49,13071932
468035171,30,11812067
468035236,16,612982
468036036,83,33083294
468036415,12,9588277
468036447,8,3289928
468037617,18,6616098
468037655,29,1118444
468037994,18,6115968
468038138,12,2664411
468039592,9,3233397
468039674,14,8171262
468040411,37,12486220
468040980,23,7599093
468041317,49,12248053
468042345,37,3227491
468042677,6,933077
468042917,12,1042783
468043131,36,10539144
468043291,24,14400507
468043763,9,1814451
468045783,63,48893933
468046248,41,12119194
468046649,43,18637862
468047672,18,7501433
468047821,31,1709240
468048089,10,433971
468048333,15,1250815
468048829,30,12984945
468049850,61,33404451
468049940,13,2270175
468053122,12,6368595
468054531,19,3515627
468054868,9,2572306
468055274,24,3981060
468056117,7,1129600
468056474,17,4920282
468056584,9,271234
468057119,41,12139366
468057640,25,3393848
468057863,14,837527
468059133,19,4027244
468059239,40,4255838
468059241,22,1606735
468059628,17,12884874
468059813,77,29966516
468061752,44,1949628
468062820,18,2486850
468062937,33,7923242
468063789,47,3844656
468063988,12,2290089
468064478,29,8353400
468066560,52,17574689
468067798,21,2541818
468068671,87,26326700
468069979,16,6237023
468071425,4,917441
468071979,5,2056565
468072393,16,398501
468072711,20,1168922
468072733,8,249589
468073384,12,8308754
468073471,10,2575072
468074142,4,2546387
468074323,10,3927664
468074344,139,117813704
468074361,6,1112596
468075273,5,472944
468075432,13,5826737
468075857,24,1745095
468075984,30,10001368
468076403,21,1613638
468077227,14,3161508
468077247,196,57146593
468077394,25,1522032
468077891,22,2584697
468077903,4,1916045
468078081,14,6550162
468078248,76,58842210
468078492,82,40742827
468078755,24,10872682
468079080,83,42237812
468079646,13,3493738
468080064,17,1209806
468080409,51,16337929
468081420,34,8178995
468081583,4,1175996
468081913,12,5175755
468082733,60,16177686
468083333,28,12347114
468083383,117,96335122
468083688,115,57050423
468083973,45,13508015
468084371,19,5369004
468084439,87,38987692
468084645,4,1814265
468084816,16,3663771
468085111,18,6116346
468085769,10,513836
468086470,44,10430490
468087444,24,12097503
468087530,11,3477216
468087535,12,5221492
468087604,30,4786442
468087615,13,706951
468087639,31,11950067
468087798,8,3166108
468087834,10,4981242
468087839,139,60490212
468088794,25,1358193
468088878,18,4042140
468089154,26,20393744
468089166,41,24803639
468089308,14,4907911
468089470,19,4612479
468089589,17,5214966
468089644,3,668258
468089972,17,4421719
468090341,88,34097415
468090471,21,7585333
468091129,265,73068643
468091286,209,142309485
468091639,4,1967315
468092041,16,1437484
468092308,52,38019436
468093949,10,4641599
468094098,68,19963681
468094470,22,15209615
468095730,5,314508
468095934,9,2987953
468097043,15,1760312
468097177,5,872733
468097275,49,19941975
468097313,26,12405733
468097864,6,1825150
468098478,19,3494456
468098539,32,2931388
468098618,6,243496
468098896,8,2215638
468099296,9,2084959
468101533,67,42032965
468101663,40,13036127
468101964,10,2896799
468102651,6,1242532
468103431,57,30992991
468103802,138,132471418
468103964,18,921230
468104059,9,551826
468104815,18,5137269
468105440,68,36554614
468105465,10,2632217
468105668,14,1078048
468106183,19,3102325
468107425,6,700780
468107717,11,692783
468109260,14,3058161
468110209,23,1772800
468110475,63,2786507
468110526,9,543295
468110976,11,2633063
468112412,81,4330653
468113206,9,1644622
468113371,94,5403848
468115210,14,3504657
468118414,13,4803899
468118870,27,1088486
468119110,3,392068
468119819,12,1949955
468121178,27,3314241
468121208,6,4891146
468121747,27,1551405
468121849,11,786850
468121850,15,594641
468122037,28,7890438
468122814,26,10756238
468125012,15,5251716
468125683,13,707642
468126268,16,4747112
468127792,9,3775661
468127907,89,5652415
468128575,19,7988330
468129036,10,5222687
468130125,21,9960618
468130775,21,11273158
468131186,24,5427149
468131303,17,7418473
468131513,9,3113687
468132263,28,15183984
468132443,50,19069505
468134271,28,12776034
468137059,12,5638759
468138003,128,16292710
468138558,16,6125363
468140659,11,670238
468145446,21,1715562
468146941,45,11175862
468147227,11,613503
468148420,4,356285
468151043,23,1491738
468151746,29,1625794
468157068,20,527299
468157316,13,1500215
468158148,15,355722
468159136,26,804650
468159702,9,3840550
468159995,22,1294725
468165175,5,348080
468205838,5,1327508
468227567,7,508962
468229089,25,12441181
468238284,10,442824
468239155,13,3250027
468240646,14,4281302
468242067,12,3660441
468242554,5,710466
468245090,15,1695850
468245356,6,2939559
468249755,11,848687
468251972,15,3215806
468253365,22,1127987
468253939,23,2928472
468254545,12,576202
468260092,18,2218503
468273478,22,9426985
468273944,14,2461240
468274210,9,402794
468285273,12,744496
468287709,7,1243175
468294354,22,25516682
468297500,4,918288
468298989,14,4961347
468300480,15,1370364
468301202,4,363652
468302255,15,2127898
468306003,23,10807645
468307924,17,6001556
468308502,19,14464905
468310712,15,4096315
468311019,8,752052
468311862,3,1299248
468312418,20,1491985
468312736,13,3411282
468313513,12,3208770
468313682,18,4749340
468314807,18,6601818
468318159,34,13339183
468318355,10,405749
468321624,5,91678
468323267,10,516062
468323925,11,254178
468324531,5,294095
468328275,18,21913788
468333075,4,133999
468337647,19,1329282
468341562,76,5532015
468341778,43,3097706
468346480,25,3210842
468346499,17,1430172
468347539,22,2801054
468353869,19,695921
468354470,22,2690960
468355075,27,2766244
468357017,7,343937
468357165,21,3319996
468360079,12,6182508
468361366,31,4691919
468361456,19,948927
468362126,76,23268234
468362680,12,3198559
468364144,22,5459497
468365938,32,1077441
468366879,50,17166397
468369405,6,1317610
468369724,15,3529583
468370459,58,19914339
468372102,11,3205536
468372906,34,4363246
468373064,41,14275351
468373536,20,8786510
468373675,13,2122513
468373885,115,55341845
468374047,64,20789255
468374707,28,6899525
468376265,17,5242600
468377385,37,16037698
468377443,7,2714692
468377654,4,1544382
468377825,26,9428196
468377843,15,3878427
468378262,7,595929
468378268,36,12818322
468378874,13,4944370
468379004,21,6157772
468379370,13,6139924
468380833,17,5108532
468380951,14,1330152
468380986,50,31025421
468381656,4,826253
468382230,50,24968069
468382838,60,31918565
468383724,60,39606681
468384450,9,965003
468384456,17,13573813
468384719,23,648972
468385122,5,282311
468386585,93,58805153
468387062,9,3374279
468388049,17,411990
468388136,88,8552347
468388603,45,16935595
468388674,7,165329
468389417,14,6838354
468391668,58,30370012
468391899,6,871795
468392808,10,2786191
468393431,7,935155
468393947,26,1537758
468395577,114,11687065
468396702,6,302622
468398077,7,1105379
468399225,11,425259
468399544,16,4270740
468399797,35,10330333
468401474,113,68690283
468401965,204,109174103
468402365,32,1547812
468402490,9,1189833
468402590,7,244168
468402709,8,844434
468404355,13,7216720
468405275,8,397830
468405289,41,12694130
468405388,13,5497248
468406685,12,4325062
468407278,30,2746386
468407293,12,949309
468408992,7,3597469
468409096,45,2597688
468409151,29,251919
468410156,14,2092046
468410918,10,2776645
468411344,36,18755982
468411831,4,168038
468412100,37,11808582
468412520,113,85486739
468412816,13,3340393
468413163,3,253366
468413681,10,623735
468414265,27,964208
468414854,490,151543879
468415286,29,11507566
468416287,9,1291884
468416644,6,1495505
468416926,46,15519786
468418163,10,5057707
468418468,12,3312099
468419267,15,3311167
468419556,19,1741979
468420290,9,2643472
468420658,127,82423108
468421043,14,5213887
468421668,14,482810
468422255,67,42089221
468422288,8,1019883
468422392,33,10561575
468422641,15,747166
468423261,11,629566
468423334,3,224739
468424166,6,1396018
468424254,3,628472
468424400,127,77469432
468424541,11,1528104
468424926,10,5040638
468425368,11,4199664
468425390,13,2988121
468425604,41,14105602
468425635,7,4091384
468425814,22,9337375
468425934,5,423286
468425966,71,30366390
468426072,13,2093207
468426216,18,6427252
468426218,13,1762979
468426439,16,2979531
468426686,39,21680054
468426809,27,6534805
468426961,50,12166720
468427107,13,3578757
468427136,31,3884478
468427214,5,198054
468427269,18,5334373
468427937,12,1628155
468428116,18,4039309
468428826,8,1730232
468429280,11,1843715
468429401,14,5304907
468429404,6,907178
468429514,6,1387993
468429614,6,4276689
468429715,32,14896158
468429736,13,3713339
468429947,12,534757
468430188,79,58337329
468430651,21,6983395
468430748,28,9078331
468432305,9,1127273
468433486,12,2890351
468433586,6,2313048
468433661,208,71988914
468433871,4,442801
468433928,16,4958799
468434246,9,454114
468434334,64,4419525
468434616,18,2254770
468434618,9,3717417
468434767,12,862148
468434878,14,6733480
468435140,78,29723324
468435307,34,12280856
468435360,16,640717
468435581,17,728772
468437412,18,2073961
468437544,33,16131818
468437605,42,12908269
468437654,13,4926632
468438075,29,2882630
468438323,22,4773156
468439670,17,5048634
468439884,76,54086636
468440312,20,3353348
468440585,5,258124
468440872,13,4506583
468441125,19,2007560
468441835,88,10826132
468441916,8,888757
468442151,13,715733
468442648,41,11816833
468442740,24,10091044
468443447,3,451114
468444107,13,1485818
468445098,5,594818
468445217,12,3186107
468445286,20,1651928
468445451,12,4053818
468445756,23,1114080
468446245,17,604425
468447348,12,2901526
468447580,17,793766
468449092,15,834178
468449438,8,1442310
468450178,13,969659
468451420,8,704263
468451621,26,1346698
468452043,13,262490
468452060,49,14798538
468452146,6,1051591
468452216,22,2983053
468452348,42,4152459
468453025,17,19067214
468453421,19,11044180
468454093,29,2062958
468455847,54,5151044
468456010,91,8247371
468457309,37,2140448
468457782,32,1379386
468459483,12,576027
468460839,15,6546920
468460996,30,1143167
468462527,33,1461781
468464461,6,4960854
468464846,11,925016
468465250,15,2056537
468467049,37,9502781
468467199,9,3964555
468467432,68,5071019
468467830,19,10093451
468468679,11,799596
468469098,7,2105248
468469548,10,1875665
468469905,7,6557252
468470029,16,8948458
468470957,50,23732210
468472756,7,2147435
468473283,28,10680671
468473764,67,24541110
468473933,61,7241741
468474681,7,2485372
468476112,38,14086245
468476728,6,202416
468476906,3,614199
468478053,36,21942035
468479966,4,517479
468480903,10,526115
468483285,4,993464
468483316,56,29314941
468483716,97,6677228
468484855,10,744336
468488134,14,3190056
468488369,38,3177572
468490459,13,999887
468490814,4,1082348
468492353,11,1986811
468492949,11,2241366
468494193,3,688912
468499208,12,5787760
468502419,15,8266279
468504374,17,1831277
468506382,11,3815819
468510961,17,3427930
468512460,27,1154615
468551093,9,662232
468564426,13,1282431
468564887,7,563416
468567049,27,2231197
468567177,3,157738
468572619,11,5898608
468573410,33,2748442
468573441,7,890269
468594422,18,7218276
468596531,57,4681801
468596980,17,3603898
468601000,43,5129187
468606487,19,5396704
468608646,11,1747683
468609247,9,2432419
468609883,35,4468829
468617285,15,1718186
468618178,14,920254
468621025,6,2262632
468628611,13,3082210
468631528,11,528829
468634915,10,1796191
468635100,23,5508325
468635857,154,21303370
468636133,6,599854
468639321,7,225658
468639362,23,5284182
468640322,15,2029074
468644908,64,4000369
468647285,15,1726386
468649201,10,505783
468649449,4,580026
468650811,101,18296483
468651832,9,302911
468656880,33,8276778
468657121,7,1071280
468657253,22,3033999
468658661,22,1970161
468660419,79,9851655
468660425,13,1192465
468666437,9,1201685
468666600,11,3769682
468667039,8,487544
468667555,41,2737446
468668375,15,3692760
468668875,52,18317563
468669903,67,14730055
468671058,15,3770960
468671304,9,2271864
468673904,19,6283959
468675100,13,838021
468676323,18,6446566
468677060,22,1451708
468677300,19,6432917
468677515,175,20472184
468677658,20,2131272
468677664,5,700103
468680325,11,574676
468683479,36,2500954
468684064,42,6699321
468684066,13,996675
468684526,7,2339745
468685630,14,481828
468685700,13,7383212
468687716,18,1009491
468689457,9,675315
468689552,27,12439964
468690029,41,2453070
468693161,15,878752
468694269,89,4426185
468696555,8,719726
468702343,10,326946
468705821,5,205520
468709306,16,636435
468713524,27,1795523
468715514,17,1200486
468715575,11,1764958
468720187,20,1288112
468723704,17,1116672
468723762,15,4275676
468727018,11,433505
468727057,107,35385907
468727917,14,1341575
468729507,28,1887160
468731991,8,422001
468732015,4,115448
468732169,12,2798230
468733322,43,3571560
468733404,24,777811
468733720,14,1218362
468735208,24,2269914
468735284,19,1270280
468735835,7,457014
468738280,22,7147914
468738550,12,2611227
468738608,19,8739111
468739190,11,994924
468739447,16,3918267
468740906,18,5889101
468741171,66,30214579
468741743,12,785223
468741870,8,527033
468742321,16,1668169
468742443,270,105049509
468742459,22,3676119
468743366,5,203543
468743592,18,5158639
468743645,57,21087169
468744221,47,13107965
468744682,17,1173329
468745019,29,1215920
468745798,12,5120696
468746193,25,1745887
468746834,17,7179555
468747710,10,880781
468748698,113,58864225
468749232,24,1094002
468749553,15,6197635
468749595,21,7977669
468749778,16,716754
468749973,10,2714625
468750452,12,5497155
468750613,10,305623
468751886,14,1512167
468752220,74,3007622
468753645,9,1673854
468753986,46,21197641
468754036,6,548816
468756021,21,1204738
468756349,24,1800895
468756436,18,959447
468757645,20,1005068
468757765,7,2601807
468759701,34,11567929
468759820,15,11946944
468759909,9,665572
468762501,49,5146976
468762753,19,18961923
468763239,6,1620779
468763497,22,1864368
468763792,3,291580
468764426,11,267904
468765098,11,1004587
468765827,21,1686627
468767483,19,856962
468768012,11,16031513
468768189,10,1281309
468768290,56,39800374
468769682,6,659265
468770305,4,341416
468771207,23,1013441
468771420,22,16021406
468771773,162,177020216
468772173,12,7268308
468772366,10,2887767
468772952,16,1794553
468773122,11,2122654
468773372,55,17520952
468774820,24,1705328
468774919,19,5264232
468775544,36,3192439
468776155,8,216586
468777213,21,8093017
468777220,15,950201
468777478,25,770471
468778141,23,846784
468778685,13,1763648
468779290,3,273909
468779317,9,1708026
468779604,3,275142
468779948,13,8441037
468781014,17,8787543
468782033,12,2386116
468782694,17,2388129
468783051,18,4757817
468783105,33,1261155
468783244,19,8534383
468784000,37,21492807
468784687,6,2408835
468785155,22,10708033
468785653,15,1325663
468785690,104,66420703
468785835,13,3531603
468786063,24,6436433
468786241,22,8009392
468786361,6,243032
468786841,44,18040324
468786977,3,51730
468787204,10,2952959
468787220,13,7491905
468787225,80,24543154
468788296,14,1207088
468789245,51,3472904
468789562,146,73902304
468789679,23,7017042
468789813,34,12738154
468790008,31,14936124
468790118,70,32424436
468790416,47,16646561
468790739,63,52133441
468790817,5,1093799
468791635,6,2491956
468791716,192,168880287
468791867,59,34252335
468792342,33,6283033
468792456,7,3487640
468792749,13,3677617
468792847,17,2335285
468793171,58,13763775
468793781,26,11185840
468794110,21,4810731
468794133,49,42870781
468794349,39,10791031
468794500,11,2197651
468794570,13,4451508
468795044,40,13011472
468795949,38,12629364
468796115,39,11189355
468796191,155,159130508
468796621,5,3316313
468797566,26,9547941
468797921,56,22412258
468798037,9,2557990
468798257,19,4803858
468799007,11,1261424
468799204,50,20193679
468799224,21,4520752
468799638,27,9224070
468799965,8,536153
468801100,41,21727028
468802151,65,39406256
468802737,28,9904036
468803298,151,56983769
468803332,51,18709178
468803981,16,1775711
468805645,14,945655
468805870,10,912827
468806467,9,239864
468807431,19,8751992
468808357,21,7316752
468809700,15,711348
468810356,25,10615323
468812377,7,318240
468812383,14,1247797
468812674,16,8355585
468815063,63,4300970
468816088,22,10359658
468816174,14,959030
468816503,9,2403819
468816827,157,109458688
468820177,9,5721112
468820191,26,6638083
468820696,13,2556397
468821709,21,9139007
468824504,21,894161
468826162,6,629426
468827506,3,89617
468827657,10,420228
468828142,15,1739970
468828226,12,1291903
468829035,17,4639833
468831607,118,88886553
468831835,9,3565668
468832107,11,2529892
468832196,16,5310156
468832357,16,2272776
468832473,12,1359371
468835055,10,2636605
468857651,14,3953660
468861235,4,393957
468863337,20,5470741
468898827,15,5361808
468906794,26,3059074
468909924,34,3092648
468912662,36,2265954
468916486,28,3013574
468916526,3,84698
468923844,21,9464632
468927639,14,804158
468943241,5,332376
468945849,16,1135962
468947932,18,1324257
468948270,39,2666758
468949828,8,614491
468950553,15,3702272
468951086,15,2209512
468951566,11,3141052
468952196,38,2767765
468953398,23,3435155
468956808,7,768553
468957856,12,1640251
468959365,20,1985395
468959784,15,1670081
468973273,14,2303052
468974283,5,544072
468974423,25,4674488
468979659,29,5540070
468982226,19,5254214
468984237,27,3710405
468987383,9,938238
468987967,11,425890
468988026,23,1372348
468989464,19,1891853
468993721,5,78942
468994015,63,8267465
468994367,3,134778
468995843,24,1515171
469003076,41,1309716
469003128,19,1210723
469003341,17,776238
469014247,28,2637209
469019549,15,1818823
469020460,4,177776
469021909,15,1276928
469022404,11,1401033
469023312,12,471681
469026470,5,230459
469031262,18,9023597
469033354,6,313014
469033659,21,9063991
469035106,26,6948205
469035574,13,751842
469035694,14,1534119
469038412,8,1615284
469039463,13,1304772
469039479,5,915618
469039839,10,956673
469039862,66,31089089
469040541,15,1451150
469040709,21,3673123
469041132,5,1428376
469041633,24,2658566
469042131,8,1921564
469042297,8,1462464
469042653,15,3921355
469042821,11,1113224
469043878,120,54328466
469044188,108,51048999
469045066,10,516028
469045288,12,2191710
469045300,80,27846724
469045990,12,1636505
469046285,224,145891035
469046304,60,7902218
469046761,13,5272483
469046959,17,3291338
469047094,23,4535741
469047667,17,5176818
469048651,11,4846332
469050400,6,206887
469050850,52,9082440
469051386,10,1483743
469052709,13,4170581
469052894,55,19962196
469054106,17,3001948
469054439,22,2677532
469054451,24,1900995
469054979,4,346200
469055389,13,3906764
469056220,39,9980768
469056432,14,748078
469056971,6,809962
469057309,32,13014265
469057786,31,2986261
469058044,53,3819939
469058294,28,1790038
469058655,36,4042473
469058737,27,8854609
469059966,158,14907982
469060314,20,3700774
469061749,15,1140372
469062326,27,11212530
469063365,16,1268318
469063403,10,2938431
469063937,10,3082879
469065362,30,2345809
469065819,29,1885620
469065872,11,3018334
469066360,9,3198850
469066874,3,32704
469068647,47,6814583
469068779,7,708954
469069597,29,4090420
469069755,6,1523857
469072267,13,764446
469072403,22,11766488
469072574,80,9637803
469072701,17,1185335
469073510,16,2104052
469073515,4,152519
469073657,8,316129
469073837,8,2169885
469074886,69,12431479
469075191,3,163012
469075228,16,586129
469076953,21,7265883
469077196,30,2835730
469077829,15,769355
469078933,9,1094870
469079392,19,1501239
469079542,39,24745689
469079563,28,2618488
469079790,19,1273419
469079895,139,86727341
469081015,4,725846
469081096,31,3150793
469081587,29,7769847
469081761,12,786973
469083117,22,6111238
469083196,11,1850582
469083265,24,9789628
469084140,11,791215
469084670,4,201376
469084814,8,1294711
469085116,14,862951
469085266,18,3089984
469085642,13,4436843
469086176,90,36789387
469087138,22,1225310
469087161,37,2781837
469087307,10,3671836
469087634,44,16305080
469088727,15,3617742
469089269,13,2824076
469089441,92,44354007
469090072,18,5964910
469090100,55,4529962
469090123,12,2626212
469090439,18,6759304
469091351,145,98423991
469091719,24,3547481
469093102,47,8363515
469093610,12,5066469
469093693,44,17363579
469093802,241,199382163
469094986,8,2203278
469095367,32,18783173
469095605,39,8519882
469095914,42,21330583
469096371,14,1516739
469096510,361,179792062
469096773,41,14061459
469097051,36,8455238
469097106,4,703729
469097399,11,8003198
469097605,37,10414220
469098618,26,9601929
469098874,46,15327471
469099226,3,4767656
469099238,28,902027
469099684,22,18460679
469100261,5,430884
469100372,15,3252806
469100404,4,1183116
469101104,12,4535742
469101330,48,31076617
469101562,16,3650654
469102138,158,103721715
469102310,35,9191130
469102373,16,3766100
469102599,10,925748
469102908,111,10567859
469103586,14,1913476
469103831,9,570213
469103998,17,865143
469104283,39,18985351
469105021,4,949453
469105098,12,1890784
469105619,22,7759769
469105712,24,6886655
469105880,35,44927745
469107026,23,6869822
469108309,5,473959
469108455,21,2007724
469109833,12,623402
469109950,7,6673256
469111122,12,4103772
469111764,18,5565856
469111774,30,3757348
469112945,18,4317772
469113011,16,5547723
469113284,20,769634
469114148,113,94162308
469114536,15,1177869
469116064,19,1555967
469116573,16,1284578
469116740,38,2413359
469117047,5,110000
469119673,68,5016691
469120184,80,59077949
469121134,17,614223
469121243,18,1434496
469122636,60,4739746
469123971,17,3804351
469123973,7,494605
469124389,46,4414520
469125205,70,42419597
469126313,5,1330241
469126759,63,7362547
469129050,25,1081236
469131023,58,39910053
469131373,7,1231611
469132886,15,2930295
469132926,67,34218523
469135717,79,5116943
469136732,27,1879114
469138466,8,1319159
469139620,17,2965038
469139761,7,678701
469140324,21,3945280
469140769,28,1124461
469145293,23,1544572
469147646,25,1718121
469150062,13,2967859
469155282,21,16706736
469158197,10,2696480
469158348,14,824515
469158734,49,3691000
469197830,12,5383936
469231527,19,6399616
469232851,11,2077079
469237598,18,1260208
469243996,26,9186090
469247518,11,4157739
469248709,14,5028251
469251102,19,8114691
469251550,7,280704
469253133,21,6438190
469253979,26,1982940
469254299,8,2776294
469255851,6,1063614
469256476,9,2733300
469257114,4,1562696
469257441,9,1916304
469258877,9,3810457
469264764,13,417157
469271017,15,885202
469272006,10,1156963
469275287,15,917838
469277139,3,792415
469279394,29,1345138
469279459,32,10847302
469282254,11,2816160
469285053,12,3695585
469285161,65,2657035
469285222,11,3125055
469285520,58,30082671
469285756,8,823560
469287400,13,5610072
469288440,6,270312
469291713,40,3665533
469292011,28,2794810
469296965,23,2193189
469298167,10,346339
469298658,19,1562981
469303732,19,1367339
469305860,9,384120
469313375,6,1202722
469314159,11,554207
469314161,7,469002
469316833,6,206565
469319256,4,372974
469319759,17,895642
469323054,25,1513498
469325007,20,1493403
469325646,12,1397823
469330171,38,1430812
469331777,15,569427
469333674,3,268068
469334224,11,4993779
469334746,3,4040391
469335519,14,430193
469336289,41,15438617
469337381,3,1744782
469337540,25,1118754
469338100,360,166464008
469339338,71,21583523
469340268,28,14193276
469341028,20,10319269
469342582,47,15427817
469342820,22,1157493
469343452,29,3709973
469343679,4,127336
469343708,15,5332737
469343749,15,5774666
469344932,8,1592179
469345136,19,5230390
469345854,77,23622549
469347366,98,42589541
469347704,36,5599637
469347978,23,19957194
469348647,36,13801121
469348662,25,6327049
469348698,8,564478
469349322,13,1857254
469349835,9,942970
469350602,7,416605
469350656,111,51728231
469351262,25,10650954
469351809,9,3312126
469351847,48,8501060
469353366,24,12024236
469353598,4,899926
469353604,18,8379573
469354075,9,440289
469354561,22,1474567
469354987,25,9431959
469355632,50,28468153
469355640,53,7234845
469355647,3,846859
469357312,46,15976835
469357692,33,5130779
469357937,22,8327651
469358052,7,2196880
469359974,12,3253259
469360302,13,2884246
469360457,22,1282039
469360471,5,258347
469360628,8,2582314
469361578,11,12408450
469362452,6,215605
469363763,17,2539804
469363996,25,2010312
469365385,8,1662561
469365616,16,4697096
469366883,4,1426773
469367242,26,3160086
469367747,17,1582862
469367854,17,698113
469369075,17,1014036
469369444,6,214304
469370274,9,433405
469371089,5,185984
469371276,7,1089395
469371368,5,998230
469372202,5,277276
469372662,17,1412303
469372665,24,8476089
469372935,10,6465625
469373279,17,1826109
469375342,23,7418758
469375376,3,1127955
469375478,16,1650971
469375768,17,1351819
469376039,10,966338
469376103,37,10808550
469376589,162,91699704
469377155,79,104646720
469377386,8,922020
469378976,34,2331646
469379125,17,923978
469379255,27,1867163
469380671,4,1022504
469380729,23,3027937
469381247,14,729653
469381338,54,30966789
469381783,19,1192980
469382007,133,151947130
469383291,17,5258359
469383434,10,1662049
469383452,11,3496188
469383760,26,4947265
469384157,55,5704770
469384748,110,3852041
469385037,4,314172
469385386,12,3323810
469385871,30,2656800
469386021,10,826783
469386736,15,510707
469386754,152,96661947
469386802,10,2319441
469387044,10,973534
469387131,58,31005079
469388482,22,26599544
469388856,9,1251490
469389494,5,7781796
469389618,12,744455
469390253,26,1361681
469390721,54,24062196
469391143,14,3948487
469391153,17,7557492
469391292,10,1610510
469391498,37,3294091
469391736,7,957060
469391779,134,110655986
469392118,22,2289098
469392508,14,3668919
469392584,90,62498558
469392776,31,2373880
469392800,6,1423169
469393293,60,44379861
469393321,45,24580869
469393881,9,4500105
469394011,46,13519464
469394258,23,13289172
469394340,31,8273863
469394781,7,3526301
469395537,15,1980122
469395594,10,2494779
469395824,4,418509
469395915,9,454636
469396162,14,6273813
469396312,14,3448663
469396740,19,10687599
469396992,6,662805
469397149,8,1993136
469397324,48,17220408
469397336,20,1326679
469397345,10,3248976
469397490,15,4419385
469397841,5,1271012
469398252,47,21861990
469398276,12,7421613
469399377,93,23059661
469399787,55,35667939
469399842,11,2713190
469400073,19,4537085
469400490,20,1041035
469400610,120,56840750
469400983,117,10484630
469400990,10,3584372
469401006,17,4962033
469402427,12,1324896
469402911,18,6540459
469403154,41,29235393
469403690,5,1813053
469403914,6,257404
469404964,91,98944071
469405967,15,5941317
469406124,14,1767977
469406415,12,2747071
469407213,22,1389454
469409208,10,528378
469409230,19,511662
469409258,12,3272306
469409545,22,14758572
469409592,13,10309105
469409689,7,3404416
469409894,57,16837873
469410317,10,2824821
469410732,55,2872605
469411394,17,5157484
469411658,217,174331249
469411806,4,919511
469412010,13,4331310
469413255,15,2901657
469413377,9,552744
469413873,55,5349982
469413960,4,226081
469415559,17,5301786
469415826,15,5230983
469417417,11,3360593
469419211,29,12259204
469419513,6,324292
469420608,9,416594
469420755,13,7481132
469422730,45,3274608
469422758,23,903340
469422864,19,1971055
469424064,18,3443540
469424863,14,3597690
469425270,12,579048
469425749,60,5054470
469426319,79,5130982
469426426,19,1737243
469426856,52,12889887
469428682,68,8316727
469429599,3,117464
469430361,14,1549568
469431091,14,3226419
469431475,7,909477
469431668,22,4934099
469432494,35,2116083
469432540,13,4305080
469432731,8,1978949
469434627,25,7308433
469434689,16,13780644
469436083,13,2173442
469437737,24,2667672
469438705,22,4672747
469439042,12,5525279
469439681,15,5538214
469441317,16,1263707
469444922,10,3956656
469446535,38,14611313
469450992,22,2247348
469459718,10,1988128
469462204,7,786937
469463676,20,5970323
469469495,15,1611771
469470656,28,2864214
469482895,3,131226
469508044,5,461003
469515825,27,1504205
469520197,10,6186641
469526941,11,887464
469528812,13,1096328
469539902,24,2859897
469543357,14,806477
469545716,26,2279296
469546634,12,5383672
469548449,4,177050
469549945,4,481586
469552680,3,219519
469552835,57,4941401
469553328,8,231908
469553926,17,896743
469554998,16,1275625
469555454,4,1478168
469556599,35,9246216
469557061,13,533919
469559795,10,507164
469560114,17,5490765
469561937,21,24897785
469568164,19,18620291
469570775,36,29640106
469572392,11,1019110
469573551,40,2979414
469573824,51,4341540
469576498,25,2730242
469577948,10,1456790
469578113,6,1390258
469579065,17,3743454
469579240,24,8344166
469579896,24,8555010
469581505,69,20125702
469583412,10,420690
469583988,29,8316491
469584453,3,680076
469584474,26,8198829
469585479,10,570739
469585528,61,36365717
469586454,18,3962375
469587950,9,429717
469588293,33,28173854
469588669,57,27350552
469589017,17,4382076
469589063,12,4451264
469590606,15,6841490
469598188,25,3785574
469600073,7,368717
469605307,21,1340477
469608938,17,1062024
469612838,13,2049098
469613429,4,172889
469618124,16,593716
469624404,16,941176
469624534,5,2709120
469628300,7,271176
469629370,7,376015
469630804,13,4308067
469635948,16,4183366
469636688,22,4765854
469636939,372,168011839
469638197,7,338251
469638684,68,23758530
469638955,5,125680
469639060,4,666676
469639855,47,16703788
469640688,16,933056
469641308,250,127396582
469646281,20,2413598
469647666,38,1883576
469649076,12,1457777
469649768,4,736652
469650214,16,3287186
469650368,13,3845299
469650471,9,4097242
469651818,146,97391300
469652167,17,4969001
469652442,9,1619830
469652902,17,10971014
469653369,28,15031769
469653958,17,4330319
469655065,114,80695881
469655504,14,2842202
469655679,15,6777471
469656715,17,14986618
469656758,44,3281216
469657359,29,2414261
469658438,12,4263431
469659576,14,3963434
469659884,5,304664
469659969,27,9020927
469660006,26,1628761
469660294,27,2201566
469661356,56,34182455
469661420,6,1027934
469661659,23,5818747
469663622,23,7609436
469664837,19,1687094
469665212,15,2235256
469666297,74,5423217
469666340,17,3331927
469667398,11,669549
469667618,19,1973840
469667739,11,2830514
469668797,3,251734
469668886,33,13395122
469669499,41,21136831
469669675,41,14585076
469669832,6,3491734
469670409,5,225432
469671846,8,1126032
469672616,104,8079493
469673592,7,1605047
469673659,37,1781746
469674269,16,1409692
469674704,3,616335
469674975,17,1054082
469676207,70,18237765
469677329,40,5045210
469678250,5,921405
469678402,11,871892
469679038,11,1982940
469679042,29,1400740
469679789,20,4714847
469679792,12,1268194
469681921,8,3969860
469682502,36,3977788
469682529,109,24409297
469683006,7,705563
469683964,10,409212
469684614,262,171593562
469684719,31,1399426
469685056,17,3399833
469688090,44,4337584
469688655,8,2026615
469688884,12,3538286
469690245,5,1108714
469690462,6,2792301
469691801,61,65091328
469692710,23,5419306
469692815,25,1528249
469693138,8,1450696
469693516,6,181480
469693870,15,4844553
469694055,53,37948974
469694291,4,2937471
469694875,58,4506307
469696163,368,333752469
469696182,13,1483037
469696514,35,1386108
469696842,46,36264616
469698197,21,7785928
469698252,131,113082243
469698947,32,9648286
469699503,35,15668385
469700181,14,4356676
469700186,62,63349872
469701254,39,13950210
469702143,109,144674443
469702332,6,1504802
469703023,4,2519366
469703041,36,9292777
469703143,28,10164207
469703603,34,23829655
469703606,13,1752911
469704121,39,15700426
469704464,29,1192371
469704658,28,7968803
469705126,9,2762290
469705274,5,334777
469705921,4,159227
469706170,121,93722204
469706373,33,10624550
469706406,14,3510117
469706704,57,22558813
469707051,11,1075362
469707328,9,1624628
469707539,27,10706426
469707630,4,2303375
469707736,5,1464912
469708010,12,408735
469708844,8,3044043
469709870,26,1594974
469709881,21,1227194
469710130,24,4697375
469710379,14,2883556
469710456,78,30203854
469710909,16,3675400
469711079,42,18090962
469711253,10,330560
469712372,31,1659378
469712476,99,74686758
469712719,41,16562188
469712823,20,15187591
469712875,24,1770949
469713053,16,1126488
469713170,24,8634031
469713303,88,48794519
469714648,53,2954179
469714951,11,724872
469715169,3,159086
469715920,7,1195184
469716037,9,1022550
469716250,11,3907372
469716675,22,11925193
469717403,10,4206894
469718579,22,1430354
469719903,34,9361380
469720189,57,5426659
469720479,15,7423928
469720651,14,3172772
469720871,65,46599388
469721043,13,1280007
469721390,21,2529995
469721623,13,2556433
469723165,10,767584
469724470,14,465117
469724669,7,743164
469726933,15,526705
469728178,7,1454903
469728384,156,31861347
469729242,10,509633
469730104,10,268750
469730267,8,251268
469730995,21,9066227
469731739,19,3701738
469732111,15,655348
469732120,19,2375747
469734566,14,1036244
469736441,12,684658
469736985,8,2183345
469737714,17,3921339
469738073,54,5797780
469738973,13,8545415
469739616,6,264767
469741282,5,1544551
469742176,7,1226869
469742666,69,38107466
469743965,19,5701411
469745031,12,2912922
469745216,39,2970191
469745733,30,2005457
469745776,13,5154144
469745817,10,2443301
469747331,17,1197535
469747793,24,7769337
469748037,10,598546
469748861,22,6609552
469749016,10,637310
469749105,20,2779996
469749406,14,2274622
469749671,11,722627
469752266,21,6970039
469754429,19,1573978
469755822,6,692598
469756078,9,680643
469758567,24,2085804
469762848,18,1177299
469763254,21,5953525
469765152,7,753696
469765165,23,5543967
469765285,8,2370716
469766014,15,3519436
469766064,7,552296
469766272,15,7903867
469768551,10,1343020
469771862,14,4597306
469777261,5,497948
469808516,27,2922113
469813305,61,6294417
469835054,23,6901796
469842895,15,1488300
469846162,16,1161012
469846268,15,4096066
469846718,62,5040877
469850192,28,2479913
469852327,13,698593
469857811,33,2336286
469857873,6,345902
469858446,6,382494
469863437,6,2429924
469867492,6,2575087
469867756,33,21164392
469869221,9,7054170
469869341,17,6958627
469871030,12,652343
469871148,9,2899127
469871299,22,2279399
469874759,13,674613
469875819,3,306217
469876475,16,694005
469882817,33,4391434
469886547,76,7593287
469887378,8,309211
469897238,31,12762224
469897782,3,76370
469898378,7,410083
469901041,19,15318888
469902061,23,4847379
469902667,4,159590
469903537,11,509098
469904941,38,8379063
469912803,12,517289
469917721,23,2183990
469927814,10,484435
469933717,18,764265
469934290,10,9659913
469935106,22,4228352
469940042,33,2182628
469940523,42,3292037
469942986,71,6500802
469943225,6,602167
469947014,24,2564789
469948422,27,8610586
469949285,9,1298721
469949377,9,457859
469951024,39,7419666
469951389,50,3857514
469951584,35,2664727
469952000,20,718300
469952602,30,6412119
469952764,22,591532
469954694,12,457146
469956403,4,1438890
469957657,14,5523661
469958014,58,24498439
469958102,8,1839503
469958179,29,3464415
469959278,18,580044
469960280,50,32977791
469960812,87,39101889
469961754,10,2101445
469962184,4,360561
469962289,20,789286
469963158,52,30867533
469963363,27,3609910
469963431,11,3491590
469963552,76,110115297
469963902,253,119996693
469964035,4,961864
469964715,3,780635
469964918,19,12810187
469964958,37,10470251
469964998,4,121923
469965645,12,4365196
469965715,9,431338
469965891,7,3152438
469966054,11,634210
469966411,6,944810
469966761,6,1643237
469966765,9,3558905
469966892,99,45964660
469966952,22,11995426
469967035,40,2206359
469967462,19,5632369
469967814,95,52961289
469967922,43,16252910
469968328,13,4432132
469968672,25,30807226
469968820,30,13036962
469969052,16,4322535
469969401,46,23649629
469969620,26,13465015
469970390,8,1041788
469970710,10,2275908
469971212,5,107428
469972316,69,21624628
469972706,17,3180833
469973242,112,64344151
469975005,30,8305928
469975062,4,167712
469975110,27,2345478
469975173,11,862254
469975531,17,1026664
469976971,26,2016317
469977573,9,1818379
469977728,15,3642543
469977755,14,2290395
469978151,6,1893945
469978537,6,1271446
469979052,13,5465880
469980035,25,11972373
469981088,20,1841570
469981089,12,3328975
469981236,49,9155391
469982461,4,666077
469982623,141,97302867
469982787,20,2916328
469983961,17,15368002
469985035,28,1191773
469986787,43,4860612
469987109,20,851091
469987561,22,1479408
469987881,48,25379502
469988698,11,4189878
469989163,16,2676347
469989500,15,1300787
469989755,14,650867
469989803,9,4112755
469989909,180,116251275
469990438,8,1404021
469992064,22,755616
469992559,13,4904919
469992689,73,6065935
469993327,27,8278446
469993522,13,3136750
469993952,33,12455656
469993978,6,545948
469995552,23,5085575
469995759,25,7120710
469997028,12,346623
469997325,171,14053274
469997601,5,185627
469998135,6,345518
469998204,16,1464292
469998479,314,23162260
469999106,25,6529893
469999987,25,2172747
470002216,11,617197
470002581,11,381891
470002786,16,1405608
470003057,10,859568
470006319,11,1518187
470006862,33,2176651
470007352,7,1059175
470007790,12,2530652
470008168,30,9957073
470008480,10,1252398
470009498,14,912241
470009578,21,9219060
470009794,10,1152394
470010398,47,23122607
470011815,23,7875566
470012300,20,6458491
470012510,78,5641711
470013344,49,17783770
470013393,4,1851785
470014103,40,17000162
470014345,237,210096177
470014754,16,1447803
470014927,25,9216468
470015078,32,1311280
470015673,20,6264172
470015791,26,12212637
470015876,79,33308371
470016102,7,2553059
470016634,271,187951085
470016783,4,1582811
470016815,18,3136359
470017064,37,12168642
470017097,18,11715487
470017120,9,5837478
470017131,8,2336434
470017964,25,6772961
470018158,29,11145856
470018181,12,643348
470018839,23,8555920
470019023,14,1455192
470019027,8,1800640
470019206,14,965358
470019417,11,2145287
470019530,24,4300795
470019726,28,12011354
470019786,14,303817
470019809,104,64837522
470020561,24,5753980
470020723,25,8584497
470021092,7,2511263
470021192,8,10818129
470021309,164,121523199
470021485,8,328782
470022451,11,1110966
470022517,21,13622861
470022601,6,1356594
470023838,22,1017612
470024318,31,1839630
470024916,7,1124054
470024921,22,1461811
470025136,20,10468197
470025480,13,3843069
470025616,6,1464967
470025690,6,671210
470025859,10,3806310
470026231,23,7766394
470026569,17,5319354
470026693,15,4766991
470026939,5,3414509
470027129,6,1659659
470027527,40,3457615
470027793,83,64211413
470028036,13,4866675
470028155,5,1169125
470028561,98,77702484
470028626,20,9718758
470029725,4,500762
470029877,8,2027467
470029962,9,947230
470030101,8,548692
470030286,14,4037030
470031397,5,2873071
470031423,55,16743756
470031788,8,4352668
470032278,3,364992
470032623,40,4591840
470032823,10,3521988
470032854,16,4336841
470033006,13,2714455
470033540,6,501431
470033602,24,1359042
470034398,89,83421193
470034612,21,5343698
470036225,58,6767029
470036232,16,911179
470037456,24,1215122
470038554,3,2823418
470039821,3,1045235
470040643,33,13185248
470041382,15,1922933
470043528,5,187699
470043668,11,780979
470043723,18,1898322
470045145,144,16039466
470046605,13,1470720
470047582,77,7914505
470047635,19,5101666
470047653,102,11384010
470047785,8,626189
470048537,14,5791686
470050415,32,2305185
470052932,8,2401552
470053907,28,2092546
470055231,10,912790
470056791,32,11141193
470057161,29,8676359
470058086,40,3157856
470059080,18,11791468
470059173,27,3920481
470059789,14,3405185
470059814,10,251332
470060476,17,951857
470060998,37,25892950
470061177,38,1574601
470061915,29,5830796
470062169,14,3929223
470062438,13,16142821
470062686,4,142610
470063918,9,685905
470065082,11,532639
470065800,15,2233750
470066153,14,871509
470067232,11,979868
470067464,15,25335448
470068704,41,2539620
470068727,23,1692999
470068778,22,2859348
470070031,7,535758
470070662,31,11594909
470070990,17,1575049
470072359,13,14439378
470073480,36,3316018
470077893,28,2673842
470079367,18,2103700
470083310,23,1651190
470085377,3,608351
470085791,9,8760200
470086680,13,940354
470087559,33,7918273
470088987,20,10063012
470089108,7,1988246
470090046,16,4127479
470093404,21,1824590
470096936,7,2228483
470126033,7,446819
470134331,14,1276144
470135600,72,7654409
470141422,21,4521308
470155544,14,1774128
470155631,11,1212625
470156840,19,1640112
470158818,10,1163765
470161055,20,5122640
470163992,6,483750
470171865,5,170067
470176414,9,3978043
470180621,8,697344
470180991,16,1296622
470181982,11,2902871
470184001,8,321450
470185916,24,8714522
470186357,11,293262
470189049,31,2669551
470190525,17,6658134
470194222,12,430823
470195622,16,336672
470197720,38,3632616
470202366,3,133047
470206898,28,6696314
470207666,201,36254557
470213628,6,161553
470215793,5,85904
470219008,4,255256
470221156,5,117323
470223374,91,5099722
470224805,13,757059
470227423,3,277517
470233574,8,511378
470237695,32,120196
470240459,9,391638
470248130,5,386691
470249122,10,709410
470254832,214,17604808
470254933,51,4763221
470255354,16,894760
470256307,14,1266292
470256669,28,3336321
470258199,24,1119135
470261739,9,500947
470263621,12,695997
470263831,23,2509967
470266632,14,889237
470267431,18,1069889
470268909,34,13046707
470269057,10,1603187
470271307,15,1910397
470271978,8,2378085
470272042,45,3089443
470273376,14,3383682
470273745,10,6572352
470274226,21,4242127
470274733,20,1969788
470274789,18,3272985
470275074,12,661057
470275180,5,1223486
470275312,28,1706804
470275372,95,40839573
470275780,6,196125
470276292,18,4864933
470277201,26,1175638
470277544,21,2066755
470278007,10,506425
470278523,4,2553868
470279802,105,41373516
470280110,160,215108658
470280419,43,1923797
470280668,14,3361626
470281067,44,14985810
470281300,14,2742540
470282386,33,16589441
470282413,14,1851317
470283514,18,2520333
470283659,39,13851645
470283720,31,17157516
470284636,153,203272376
470284851,16,3357108
470285490,28,13867723
470285519,11,2998156
470285638,6,953254
470285648,18,5778371
470285782,10,398565
470285921,6,935088
470285924,15,2849057
470286490,19,6556268
470287596,25,11397292
470288199,44,17705485
470289537,17,7260816
470289542,17,4723488
470289718,9,289153
470289810,41,4440388
470290308,6,178254
470290454,14,6551760
470290482,30,11890169
470290618,34,2891900
470291405,27,4779926
470292812,32,15505206
470293280,29,1173784
470293918,27,13262185
470294375,7,365342
470295702,12,3292380
470297073,116,9511678
470297787,8,2683788
470298424,14,3437418
470298436,8,296337
470298562,19,5563434
470299865,22,1952928
470300236,11,2541684
470301362,21,1570898
470302329,125,9258984
470304320,7,881424
470304451,11,2892999
470305621,7,155234
470305663,12,1631617
470306650,19,1219604
470307557,15,3849733
470308225,31,8499130
470309556,6,187657
470310534,30,2715347
470311179,26,2291162
470312020,64,22709038
470312432,21,590285
470313890,10,2233599
470315264,36,3284859
470315328,119,5742517
470315349,7,762702
470315795,18,2739564
470316268,24,650272
470316401,14,3996436
470316648,6,1445945
470317117,11,2531546
470318683,7,1730966
470319379,16,1647545
470319704,14,3812561
470319752,10,472854
470320413,46,20699067
470320533,16,484242
470321173,17,4027169
470321190,19,5968158
470321835,17,2176981
470322981,8,13827208
470323112,17,5505519
470324262,29,9594910
470324844,25,2352654
470326103,12,3197998
470326600,17,5000913
470326866,6,432474
470327095,36,14077053
470327561,11,1153134
470327567,20,3165187
470328313,36,9614580
470328674,8,372458
470329069,10,443591
470329242,15,8821885
470329348,7,2211244
470329870,8,2710048
470330014,14,1111220
470330797,27,10208669
470330992,8,150583
470331429,41,20821401
470331449,12,516342
470331578,17,5800562
470331947,111,88352401
470332160,10,2945556
470332290,11,345514
470332535,24,1533400
470332630,8,1269250
470332770,23,20646876
470333278,3,1026540
470333588,64,14167961
470333761,16,3723613
470333779,13,2609983
470334025,29,23162554
470334132,24,5223365
470334451,12,4979353
470334844,6,3304825
470334852,66,57101117
470335015,10,413568
470335022,4,378420
470335199,29,11244495
470335408,26,9102355
470336513,14,3955484
470336781,20,8018701
470337225,45,6246248
470337392,22,1702065
470337511,19,2220977
470337672,6,113320
470338077,4,586780
470338394,16,5280063
470338448,18,4044622
470338491,13,8324789
470338946,79,64962087
470339400,21,4950171
470339624,21,15421116
470339656,43,20129816
470340024,15,828874
470340592,32,2552996
470340824,12,431669
470341260,19,1548396
470341622,15,2717831
470341843,25,3323678
470342498,38,14069785
470342943,110,8236956
470343043,21,6542955
470343357,17,961357
470343590,11,2774435
470343802,16,4223719
470344186,22,8098050
470344247,103,46884367
470344680,91,41363571
470345190,18,1042239
470346382,12,277920
470346526,33,1441725
470346733,16,4895744
470347967,5,3626852
470349014,48,24292098
470349120,25,840702
470349321,24,2733325
470350128,11,3503605
470350895,12,1090254
470351489,15,768959
470351624,25,530931
470353505,19,1648540
470354604,17,10833953
470355221,9,432646
470355989,7,1743952
470356623,26,31934223
470356632,18,1433423
470356694,20,2060444
470357189,15,1380459
470357210,4,292505
470358875,19,1192106
470358939,11,1089879
470359083,21,2893115
470361097,40,2192332
470361388,20,4099247
470362141,28,8668598
470362656,6,208623
470363531,14,453567
470363565,32,2330636
470364244,20,1379033
470365979,12,966516
470366524,10,605730
470367662,43,2842325
470367926,13,3970813
470368130,22,1119968
470368383,7,252198
470368685,20,3430982
470370675,13,680411
470372288,11,2142715
470372463,9,1004601
470372824,20,5176115
470374645,20,1021484
470374928,66,46814058
470375356,7,534383
470375365,13,18608382
470376028,6,1362258
470376353,23,4714892
470377406,38,16521764
470378350,29,1610175
470379080,4,618497
470379625,10,2131884
470379719,12,1133313
470379768,9,5749497
470380665,12,1508085
470380930,10,2327179
470381777,18,9420393
470382331,15,4449814
470382387,14,1800269
470383209,6,1031970
470384045,5,1247017
470384905,4,1133103
470386993,12,4402295
470388567,41,5083856
470389335,11,511020
470390663,12,7844225
470392035,5,346362
470392222,12,530129
470395036,10,916149
470398898,12,1134754
470403865,20,1472193
470406422,9,471445
470407114,22,1564069
470407273,12,1690494
470408747,39,3192404
470410736,21,34105860
470411576,22,5638243
470412597,17,516426
470414146,6,188661
470415942,62,5030831
470418340,12,303253
470419476,23,1537081
470421786,23,704718
470447148,4,386189
470447618,29,3312065
470450306,22,1458602
470450464,8,748009
470455726,21,1550158
470461018,5,149899
470462234,19,1212208
470477714,44,3928940
470478039,7,344133
470484068,25,3279390
470492389,34,4812785
470493873,4,124255
470496810,49,19636815
470500662,30,16922065
470501456,13,939126
470504315,29,2916846
470507583,7,569729
470507710,39,1843410
470509866,55,5001842
470514140,18,867351
470516122,42,2275365
470518999,12,809178
470521299,39,3869019
470521383,4,537806
470521388,24,749944
470523982,6,258064
470524421,13,3064649
470527845,14,2655348
470527852,19,836903
470528018,18,834604
470528412,23,3850046
470530274,9,493710
470531995,12,340175
470542286,12,338860
470544164,14,677914
470546037,19,868935
470552660,18,3510466
470553618,14,1217575
470553668,27,7820967
470554337,22,2649737
470554832,14,1453156
470555960,29,4514988
470561198,21,10733823
470563265,15,6114091
470564619,12,3270874
470565803,14,975699
470570961,10,617228
470577316,111,11407181
470584122,18,3293834
470584406,3,114884
470587999,47,6049827
470592494,13,961772
470593558,21,3041892
470593819,57,627632
470602368,21,1243315
470604719,33,1618213
470605223,65,3153677
470607565,11,620495
470608339,30,1445174
470609435,16,6864538
470610229,3,13162
470611032,11,1136730
470612830,6,696250
470613694,18,1203344
470614813,23,2651120
470622297,7,415320
470623155,24,3624584
470625196,35,2569543
470626954,24,2631775
470627138,15,10807960
470629609,41,15062490
470633076,5,618228
470635719,20,1120521
470636256,8,1503648
470637416,103,70280408
470638938,23,1505728
470639790,8,272995
470642653,7,494946
470646657,7,2916203
470651851,11,485907
470653037,34,13654590
470653097,4,287071
470653553,14,1556284
470653759,135,51252911
470654148,28,6367660
470654218,12,1068995
470654245,17,5161826
470654658,4,3356688
470654749,28,16365515
470656445,7,740978
470656505,11,2070505
470656844,31,10111027
470657071,5,139648
470657343,11,2453753
470657994,4,985156
470658039,10,1434008
470658121,42,5753981
470658161,3,560908
470658451,13,1549429
470658507,109,88175657
470658733,17,6614039
470658783,3,481173
470658799,73,43945876
470658806,14,9054217
470658907,8,2173910
470658960,9,2284410
470659443,27,3203573
470659907,98,49611182
470660016,4,535554
470660143,7,2459801
470660171,22,7534206
470660188,29,7969252
470660422,85,42952178
470660434,72,57338728
470660532,8,295285
470660644,41,2776697
470660745,40,10801079
470660752,15,11961368
470661446,7,410683
470661659,3,379650
470662196,11,600896
470662551,15,3114947
470663009,23,6792516
470663078,6,1932614
470663324,101,19056415
470663378,123,134894008
470663381,42,12634843
470663409,7,756073
470663600,64,50897277
470663729,35,31252261
470663862,4,177632
470663863,15,3243948
470664068,45,24803932
470664094,7,3903150
470664911,197,26036090
470664976,20,2337937
470665170,3,44306
470665869,53,17915918
470666118,46,40585914
470666305,94,37737801
470666407,6,653524
470666454,40,6244386
470666792,47,23691887
470667045,258,135625248
470667078,50,17677510
470667225,7,1205492
470667405,41,3291486
470667790,15,8699219
470668293,7,2778254
470668300,49,20203046
470668410,28,28572805
470668767,28,5085079
470668810,36,38111156
470668870,7,2627509
470669160,6,1199639
470669797,67,23653881
470669899,152,104294938
470670015,49,18013288
470670633,9,2672577
470670947,194,117756841
470671022,140,144410700
470671156,166,50905784
470671501,9,1292702
470672092,3,116010
470672132,16,7230418
470672683,3,1601010
470672854,15,10735393
470673096,37,2061850
470673286,74,36080435
470673326,11,3663498
470673392,72,33226879
470673534,82,35011206
470673802,4,10434601
470673939,4,495995
470674364,25,5909946
470674737,19,4910764
470675102,74,26220225
470675191,55,13066462
470675213,6,216180
470675597,9,706273
470675678,9,547715
470675886,49,30167469
470676946,72,31761573
470677512,8,1432279
470677600,26,22540120
470678134,33,9813338
470678143,210,156451999
470678697,4,952620
470679370,28,9617633
470679470,5,2501996
470679528,9,525001
470679650,19,1522114
470679924,14,3217464
470679956,3,272790
470679967,18,2157743
470680086,17,8082220
470680564,37,19672069
470680748,49,48076404
470680820,10,3697537
470680834,18,6874946
470681003,3,2408761
470681070,18,5737695
470681166,10,2613904
470681558,17,6816487
470681610,6,3668440
470681614,262,269163685
470681790,7,526429
470681878,15,2736284
470681885,24,10304429
470682250,55,24396405
470682356,16,3084202
470682563,23,5302812
470682825,154,172331897
470683113,48,28775821
470683307,30,5214442
470683451,16,2001411
470683625,6,1978532
470684491,13,1705717
470684698,179,82087703
470686267,14,660427
470686276,14,401657
470686558,11,690467
470686589,37,13096049
470687036,15,3088099
470687298,141,163850834
470687588,9,349093
470687853,37,10047443
470688135,27,13691875
470688229,71,60062962
470688288,11,3891873
470688508,12,2721165
470689038,16,783330
470689216,10,2651830
470690047,8,6496388
470691056,16,9674577
470691617,17,957798
470692210,17,717775
470693517,26,1650462
470693930,67,5777262
470694678,7,431317
470694705,221,251658895
470694743,52,2464220
470694831,23,9321065
470695097,13,3024874
470695895,13,697728
470696544,7,6740676
470697560,29,7141737
470697850,24,7157099
470698246,21,10198883
470699806,8,3097292
470701252,22,5650616
470701261,37,9132815
470701381,66,8668026
470702181,34,1590248
470702636,7,3350436
470703016,9,859652
470703980,11,418823
470704250,31,8495192
470704345,14,2232375
470704956,160,131833695
470705950,25,8928
470706002,11,2610925
470706573,42,3697730
470706923,26,9220595
470706943,11,3455620
470707753,9,1001662
470707842,9,777461
470708275,9,1200859
470708805,160,6339642
470710930,15,1655390
470711274,4,427994
470712808,14,4518717
470713203,7,2528136
470714041,11,1286106
470715419,5,214950
470720118,61,6186332
470720451,19,2752994
470721155,8,2132297
470722272,74,16152263
470722467,8,614595
470725388,60,6325901
470726029,8,999647
470726143,33,17333617
470727617,18,4847227
470727674,18,4037495
470727872,17,1322185
470729396,29,10560961
470729903,17,619026
470734742,38,3102348
470738477,13,6329968
470738983,8,1129394
470740380,4,168293
470741667,14,9376043
470742388,21,2810563
470742629,48,2976013
470745254,11,994694
470745263,13,1499843
470746578,9,771220
470748940,26,1591683
470749691,45,2847842
470752442,9,578672
470753350,14,6395036
470756394,17,13604713
470759294,13,736533
470759401,16,2787106
470760468,30,1226882
470761239,6,583023
470761386,24,8294237
470761453,21,15525465
470762054,21,1932269
470762966,12,1165755
470764840,13,615834
470772970,21,1694795
470806391,10,1386394
470809564,23,1971500
470812634,16,1131886
470815231,21,1795136
470815551,18,7936743
470821273,30,3934456
470823573,21,1038692
470825713,36,2792654
470844702,31,1914203
470845942,21,5961596
470846611,4,2501561
470852426,11,712598
470854531,42,2475476
470854609,19,1683262
470854627,18,1880498
470857421,16,1397429
470858161,48,40255672
470859167,16,1056196
470859868,18,1538575
470861112,18,1147901
470861434,27,1801259
470863396,6,732065
470863734,3,313968
470864773,16,1690124
470865727,6,421528
470866377,131,10695038
470867690,16,3122734
470868563,16,4306528
470870524,13,2872466
470874422,7,1412214
470878413,16,3414881
470881963,20,4027267
470882142,4,618796
470882333,50,26660501
470884040,9,1720448
470884264,99,7164290
470886335,37,15278435
470887201,7,543423
470890434,19,1309139
470890796,53,5956489
470890967,6,833118
470891944,4,301506
470901761,45,5961842
470903364,10,1239937
470904584,18,1016116
470905409,9,2552236
470907001,23,7490624
470907142,26,6317985
470909833,11,428123
470912591,23,1487570
470914339,26,7160561
470915125,11,395488
470915575,17,8746544
470916203,43,5655969
470916635,9,339855
470917196,9,370185
470918197,13,737487
470918439,7,2430120
470919058,19,3875348
470919355,29,1729929
470920081,15,3901113
470921097,8,2587974
470922274,18,4698143
470922351,8,3907990
470922538,8,332608
470923155,28,12761561
470924384,11,392958
470924545,10,1687814
470925002,31,9374259
470928132,15,835989
470928650,41,8911406
470929985,51,4383642
470930019,22,1026216
470930607,23,4689306
470933579,12,1023630
470934508,19,967017
470934533,18,4175921
470936098,38,2473489
470940642,10,1083592
470941239,9,298585
470942802,9,747964
470945098,16,2124548
470945206,10,640360
470945664,15,2894535
470947284,51,6113063
470961770,16,520053
470969858,12,2765106
470970624,12,588797
470970683,10,1125534
470971866,12,1027877
470972684,203,20101314
470973404,18,749304
470975779,11,3232027
470976364,27,1998676
470980453,7,187443
470981128,15,12302616
470983175,11,728517
470983503,15,5501583
470983786,4,170653
470985574,31,5669286
470986194,6,320614
470986588,22,2147714
470986994,9,2872365
470987048,21,1412459
470987171,15,11153802
470988191,6,1645551
470988282,12,1283589
470988578,30,1576853
470988621,29,2771340
470989330,7,475987
470989726,46,3523836
470990413,28,9825455
470990748,12,1489496
470991060,14,2848290
470991092,5,4600230
470991505,10,616386
470991693,115,69302690
470991809,18,7676868
470991836,15,4904635
470992002,34,11891940
470992047,12,3174563
470992493,41,21290287
470992745,21,3167985
470993263,25,10498854
470993407,33,9831665
470994127,31,16829132
470994238,10,1015642
470994714,11,1393809
470994745,21,12841508
470994792,16,2368940
470995049,23,10005357
470995235,27,12352713
470996548,56,27729675
470996792,23,6756567
470996830,24,1131757
470997072,447,50933366
470997145,15,2414542
470997174,15,5905612
470997739,11,1013153
470998201,39,4470903
470998437,19,971167
470999333,14,1095133
470999690,39,5302087
471000145,28,7331320
471000735,38,17490183
471000879,35,5788218
471001550,25,6283929
471001641,5,1828538
471001763,24,10909705
471001971,33,14041191
471002987,40,4002979
471003189,23,1834082
471003750,40,36216098
471004031,22,5638423
471004655,13,4144521
471004897,48,15507116
471005299,12,561038
471005599,20,2573167
471005809,8,232112
471007606,5,339856
471007945,146,77404932
471008011,11,2168798
471009591,31,11657342
471010115,7,523031
471010626,12,2585724
471010752,17,2314825
471010809,10,2596073
471010836,28,7865378
471012228,15,3775571
471012461,22,1877532
471012703,17,5409126
471013330,23,2852085
471014737,9,474237
471015305,16,1350549
471016778,22,6965457
471018162,20,1249335
471018189,13,3419668
471019140,8,437387
471020176,7,542771
471020779,23,2456379
471021528,20,5416258
471022787,3,654016
471023002,22,5221412
471023004,33,3201886
471023362,24,3277693
471023989,19,3126972
471024074,13,3677033
471024109,20,2237011
471024312,9,2166380
471024770,16,1192939
471025031,27,3441131
471025087,11,1805618
471026820,24,8809463
471027167,16,768224
471028762,7,1242917
471030363,8,350692
471030391,44,12485909
471030681,8,2062705
471030737,13,3585955
471031239,26,1500840
471031841,63,31979527
471033544,3,2464076
471033813,126,77165838
471033922,9,3247956
471034442,24,9843524
471034935,11,1575990
471035422,15,4560140
471035532,4,191789
471035664,28,4693576
471036080,5,121669
471036270,420,284502054
471036397,33,24918841
471037055,24,9899362
471037262,12,5687030
471038548,198,110014791
471039214,18,4085189
471039303,67,36463171
471040496,54,3598314
471040741,20,4628870
471040937,20,2570766
471041102,50,21072441
471041227,127,64876740
471041594,5,1489280
471041715,11,3271290
471042021,13,636812
471042251,23,9945831
471042316,34,9322404
471042366,4,896838
471042735,19,6129676
471042910,136,78830102
471043069,110,89180794
471043897,23,9838725
471043971,10,1123398
471044329,21,1525514
471044993,7,2581191
471045432,135,64227314
471045695,16,19959272
471046850,10,2449772
471047018,98,48174668
471047061,39,16837446
471047697,4,233507
471047764,7,1881749
471048296,35,14061088
471048528,99,24593863
471050052,6,3006068
471050194,10,2876476
471050972,4,862906
471051183,18,9086272
471051796,40,26812020
471051914,82,42167365
471052006,22,969331
471053293,9,2308707
471053709,35,2755033
471053852,14,4175765
471053878,22,6173090
471054078,20,6625162
471054376,38,14333827
471054453,21,5684192
471054872,15,1650155
471054964,35,4907453
471055095,18,806482
471055387,22,6332194
471057191,8,6019788
471057575,9,9312830
471058027,28,19504297
471058124,471,335836404
471059652,28,1843610
471059749,8,2176108
471060537,21,5100543
471061017,10,720420
471061749,20,13067236
471062969,11,496696
471063066,33,1006097
471063140,14,476773
471064782,7,1606143
471066655,16,1869924
471066683,21,1803531
471067515,9,314712
471068784,43,12915631
471070276,16,590780
471070664,5,120934
471070873,5,1632814
471078299,12,726096
471079189,18,855032
471079680,14,2077403
471080144,29,3295629
471081019,81,41085069
471081163,27,10240452
471081651,44,19057947
471082103,6,452091
471083526,20,720132
471084048,12,2061309
471085448,7,1909381
471085514,22,8469191
471086023,16,2929005
471089093,26,1538894
471089350,23,2654339
471091411,10,2006022
471093993,7,682054
471096566,6,553714
471096687,18,940739
471112500,16,1173470
471114955,8,657308
471117153,12,1567958
471150542,12,928072
471151980,16,2193451
471175232,4,1349676
471176219,11,914387
471176297,18,8690855
471177820,16,5277917
471179526,15,1368628
471179762,13,978272
471180891,14,629957
471193025,11,2545526
471193155,16,949485
471196305,6,1016322
471198170,24,14306445
471200899,7,2611102
471205671,34,3753465
471205784,9,6513774
471210810,9,1984648
471211578,22,14097982
471216411,5,147060
471218072,14,812461
471220227,31,1992632
471221050,12,472593
471225247,31,2733183
471228683,5,439652
471229279,37,3911520
471245745,14,530447
471247399,4,66878
471248712,17,3262034
471251531,19,1494108
471253142,21,5417593
471257621,21,1906460
471259497,33,5669850
471260539,20,2355823
471261199,16,1349397
471263011,10,3619271
471264734,62,23834830
471265413,6,435762
471266039,59,2790002
471266239,28,8051962
471267021,12,2261126
471267460,16,2465432
471267553,2128,81598689
471267852,5,534174
471268644,5,990906
471268871,18,2001012
471268901,17,1509223
471270433,89,37349646
471271081,9,3019504
471271490,21,5592933
471271709,65,24906154
471271903,211,135557925
471272266,15,3552394
471273384,40,18920470
471273721,14,2014712
471274467,95,60075199
471274829,12,2605919
471274944,11,76246
471275028,23,9228489
471275196,16,3674781
471275447,5,2113531
471275532,19,11090463
471276247,97,64289795
471276633,64,21218196
471276696,10,1873887
471276709,14,1332687
471277481,44,14950776
471277506,11,2426251
471277729,14,2518961
471277938,110,70820901
471278023,42,26740886
471278384,3,847800
471278498,7,1925846
471278817,23,1641909
471279265,15,2305111
471279269,20,6733741
471280223,6,2674084
471280768,50,22642892
471281557,10,8568322
471281954,168,91205838
471283662,61,28659213
471284179,14,950611
471284276,16,6725099
471284771,42,1645952
471285033,11,2442148
471285247,8,1352939
471285732,14,991289
471286009,7,2615069
471286546,23,2377064
471287165,13,4921215
471288166,7,1222598
471288470,27,10926670
471288689,7,1463975
471288921,18,3687056
471289294,6,243898
471289321,18,4073248
471289419,11,2523189
471290667,10,1291065
471291197,45,15122690
471291570,8,277072
471291607,59,27467086
471291717,15,4104734
471291921,12,2685115
471292268,6,123090
471292949,8,347170
471293213,9,1090619
471293493,24,6393298
471293781,23,1434960
471295005,69,24880601
471295085,5,87625
471299446,14,5044027
471299711,43,12035833
471300113,12,1133413
471300317,38,13652690
471303016,13,613824
471303261,9,828177
471304987,42,4071722
471307253,25,3968204
471307880,58,20738978
471308005,22,6268178
471309737,10,1220026
471309944,7,147037
471311089,11,310076
471312350,16,1264899
471313977,31,1139251
471314116,22,12291179
471315422,48,16969643
471315619,53,17426199
471315836,176,18823761
471317500,4,16677
471318090,6,654168
471318919,16,1423138
471319437,4,98046
471320068,77,10402315
471320188,30,1701887
471320438,9,1300142
471320460,4,856259
471320575,10,2852029
471320784,50,4561197
471321679,16,573473
471321830,135,65123170
471321964,9,3187126
471322070,26,3685754
471322504,62,24157315
471322640,20,4419118
471322761,25,2245737
471322833,16,2720202
471323660,7,2487646
471324414,4,1644462
471325339,9,250239
471325410,52,2616588
471325637,20,7961202
471325702,58,25013673
471325956,10,1544645
471326198,67,5389036
471327176,9,1518297
471327319,44,22531917
471327751,4,1334267
471328599,12,5104163
471329329,128,67355718
471329330,38,13444388
471329551,7,520792
471329709,68,29510102
471330125,51,20442699
471330351,10,1259345
471330361,12,729582
471330890,17,914542
471331229,48,23081030
471332152,3,86398
471333504,96,9152649
471333703,25,12057893
471333953,14,3008050
471334309,9,1066233
471334624,7,985434
471334727,7,423659
471335277,6,1693203
471335314,18,667967
471336172,10,2492234
471336374,12,1168486
471336507,4,980699
471337441,12,1231863
471337737,22,2687050
471337776,4,311439
471338261,178,77508523
471338608,26,4662829
471339086,17,5327026
471339369,17,4435065
471339894,10,2903483
471339901,5,1759635
471340432,46,3786623
471341069,27,1970074
471341598,3,879569
471341858,10,859606
471342149,16,4874326
471342179,8,2990377
471342886,13,13661786
471343047,6,617638
471343313,9,2682401
471343467,12,465114
471343559,10,2698080
471343783,21,3658477
471344803,39,11737437
471344986,5,1071165
471345123,7,558426
471345450,6,1509876
471345643,31,1505565
471345864,13,1022212
471345969,10,4068865
471346213,19,792552
471346336,89,48102716
471346726,52,3871520
471347967,11,5160855
471348025,5,1492509
471348770,20,6307998
471349068,6,1400307
471349365,8,519528
471349694,20,2611924
471350859,19,1457330
471352639,131,8632081
471352652,46,5643962
471352749,13,3600560
471353507,10,278841
471354222,18,1106201
471355332,60,21524518
471357848,19,1189135
471359207,9,718269
471359525,16,4895629
471359546,18,9733481
471360194,34,13133621
471360707,30,2650814
471361696,25,7219873
471362732,6,682475
471364354,13,318742
471365165,19,7771861
471365306,12,696755
471365901,25,8457473
471368051,12,5032863
471368386,11,3967978
471368516,13,1431079
471368852,8,3530913
471369560,29,11391175
471369582,21,5798157
471369678,23,7300947
471369929,3,744393
471370628,20,2283322
471371008,29,9904011
471371180,6,3492308
471372930,12,6311985
471374622,21,5264562
471374951,16,1290226
471375304,33,14923906
471375914,10,2085281
471376572,50,3870386
471376811,16,3029201
471377243,31,10638561
471378215,8,1319538
471379603,4,969182
471379911,48,20995216
471380356,14,844060
471380493,16,3296604
471380936,13,601351
471381346,26,5498119
471382617,25,814597
471382992,21,6959897
471384265,14,1140403
471384337,54,4830177
471385433,48,4929025
471388064,10,2116071
471388284,12,1390850
471390795,47,4997641
471391112,7,355687
471391948,3,64550
471391998,7,799749
471396898,8,235064
471398909,14,1729087
471402103,4,369371
471405752,9,1501409
471432429,3,219815
471434923,8,418905
471462262,17,7303460
471464876,14,6042397
471466503,13,3633046
471469342,46,3326542
471472963,56,2307365
471477593,21,828989
471478041,11,319460
471479420,24,7023169
471481157,14,602554
471481770,105,39001397
471483806,62,16397433
471485377,52,3509568
471488518,24,13480761
471496285,31,1321181
471504326,37,32917304
471505858,11,2394715
471507437,20,1279619
471507957,9,349063
471508068,203,120412554
471508070,22,15310898
471508917,83,31072647
471509038,61,34522918
471510933,40,2375804
471514086,15,4905045
471514333,7,2820905
471515829,13,1639665
471515885,34,15602927
471518069,9,514463
471518466,6,184319
471519431,5,324490
471519995,10,1351596
471523240,11,444225
471526165,10,762532
471539226,4,263399
471542419,17,742670
471544321,17,2520960
471547936,11,2188529
471550802,10,905186
471555054,7,1389805
471555440,9,256382
471557920,36,2092756
471561718,28,2867326
471562930,4,213921
471566431,19,2782929
471566514,29,7242822
471566564,67,22488483
471567876,189,99779922
471568176,11,1691570
471568664,82,27276526
471568737,6,402798
471569779,15,2183402
471570299,49,11253082
471570349,18,4170853
471571441,80,19985089
471572457,4,265252
471572916,71,4630846
471573137,17,6193686
471573276,43,21542897
471573675,97,20014325
471573805,226,66611763
471574696,14,3728251
471574740,10,1042439
471574744,58,6334431
471574883,15,4535713
471575985,130,104707062
471576084,22,1728203
471576816,113,41868311
471578378,17,5900015
471578648,25,6010658
471578908,145,70079541
471580161,21,696455
471581394,22,786742
471581851,31,12449516
471581972,37,12285647
471582153,18,4415118
471582880,8,382392
471582923,17,11054310
471583876,9,816192
471584083,41,29044951
471584390,4,945722
471584773,63,41670297
471585194,19,5539672
471586208,61,41543907
471586308,23,5394961
471586724,21,2311279
471587104,8,1853049
471587269,25,11867311
471587418,14,4178343
471587921,7,6846395
471588243,18,6838365
471588776,12,1845367
471588854,26,6821670
471590626,28,10432658
471591397,21,717733
471591750,13,556979
471592464,268,25627007
471592758,28,1096808
471592899,20,10424893
471594809,6,391697
471597008,5,566500
471597114,54,21693516
471598122,26,802372
471599279,30,10225977
471599931,31,10947867
471600742,12,1477654
471601027,22,1567213
471602309,70,16985348
471606712,13,1045725
471607742,15,1852947
471608472,58,6168835
471608589,14,838390
471610212,4,270049
471610286,7,2044648
471610562,13,7416482
471610585,22,6796742
471610830,11,525575
471611546,8,802598
471611833,51,3699138
471612178,19,1808995
471613017,17,7278535
471613978,25,8112993
471614526,11,497494
471614592,7,601816
471615271,5,1478582
471615991,118,14569264
471617291,7,516606
471617306,3,777247
471617414,82,35528937
471617692,46,2345243
471618214,14,1093630
471618350,5,171664
471618557,127,90677654
471618741,274,118447255
471618920,10,688934
471619736,6,1976784
471620559,14,1275257
471621560,25,10101366
471621741,13,1533865
471622609,21,12744106
471623244,20,4748425
471623854,8,230112
471624558,6,138265
471624817,21,3999474
471625098,4,56435
471625434,50,4007860
471625813,7,3146223
471625897,49,19507542
471626393,21,2041154
471626506,90,47782310
471627670,63,22520602
471627761,20,2544847
471628491,13,2946809
471629245,14,6546883
471630343,9,1592315
471631232,64,29659482
471631638,22,7828286
471631963,6,773993
471632089,17,204822
471632700,4,414964
471632892,28,10939103
471632984,10,580831
471633008,25,8860795
471634217,11,687052
471635102,15,3602224
471635312,57,23936864
471635520,7,195817
471635768,11,6788593
471635912,15,2350242
471635986,22,2995635
471636174,27,10017067
471636686,22,7975991
471636694,48,31010659
471636715,24,8542247
471636993,17,3551054
471637998,155,93306775
471638015,9,396513
471638060,5,2388488
471638535,7,1657161
471639074,5,1490010
471639162,13,896100
471639348,64,25955888
471639518,67,21362595
471639550,4,1728642
471639552,12,1474698
471640073,9,1061879
471640603,74,46482852
471640779,20,2217832
471641745,10,3932900
471642461,11,4080862
471642741,14,2442550
471642761,23,4389951
471642812,73,36217636
471642914,16,4584774
471642933,50,18621362
471643361,61,18879545
471643769,16,3557276
471644036,60,2719810
471645598,5,149570
471646526,8,3444134
471647004,13,5068828
471647228,14,3242718
471647476,13,4070080
471647617,89,52040236
471647629,33,11088045
471648611,19,6198522
471648788,30,15289889
471649416,19,3882307
471649575,22,703983
471649749,22,2348176
471649788,63,44046978
471652593,17,1549822
471652600,29,2242601
471653277,14,2438013
471654361,10,616664
471654364,44,2867458
471656756,10,3343848
471658349,13,3857966
471659260,11,2294673
471659385,11,1461414
471659744,40,3152233
471662145,12,5662821
471662349,22,5751753
471662603,44,4505856
471663462,9,6842588
471663631,19,1205337
471664286,36,3794558
471664677,20,10208724
471664724,282,107352861
471664890,4,514187
471666156,41,9662035
471667025,5,473626
471667753,24,2306702
471669855,14,1708445
471672490,14,561920
471672810,15,10350660
471674257,9,2694227
471674709,13,952023
471675360,16,2388951
471676806,45,18935435
471678647,15,2710439
471678973,21,1776524
471680145,24,14962843
471680179,48,17799929
471680500,21,4435541
471682124,28,6665085
471683411,23,1786873
471683462,23,9030382
471684025,24,19299773
471690294,15,641104
471693044,20,1216497
471695689,17,2370728
471700480,13,2566794
471701938,17,10657302
471703608,10,2210240
471703824,18,10158690
471704715,9,2129762
471743704,16,8879192
471760330,20,842265
471764171,19,7806366
471766163,12,970451
471767619,18,1962304
471769145,20,1066767
471770925,30,2607602
471772483,7,1429322
471773591,20,716022
471776328,65,3828673
471783822,23,2558684
471785448,14,1147840
471785851,10,3883591
471785905,14,1207196
471786026,4,224700
471791228,9,1036572
471791374,14,1143358
471795445,16,3761408
471796989,11,1003376
471797520,36,10876719
471798422,4,196335
471809853,10,464629
471810345,8,460964
471813494,7,405840
471815608,24,6288275
471819026,4,329595
471819621,12,528455
471820325,22,6062862
471822168,10,2363569
471823879,24,17026856
471824358,16,487031
471825047,8,650588
471825710,15,17532681
471825913,18,2199210
471827835,19,10426112
471827871,4,1177448
471829190,14,4749768
471829207,8,261892
471830728,11,1364624
471830988,31,12998188
471832504,7,600926
471834964,47,1514221
471841364,14,2728161
471844789,6,421826
471846052,20,1129602
471848325,9,509537
471849392,31,1698485
471853835,6,514084
471857738,27,1265753
471859742,25,826877
471863926,29,2351669
471865714,11,1507421
471865890,8,478727
471867452,28,2787661
471871378,25,1438209
471872042,37,1405242
471872816,80,15801427
471873201,9,5566168
471874388,72,10202539
471874768,18,2210486
471875056,197,48180853
471875769,7,868129
471876522,12,1111302
471876794,9,5313961
471876935,26,5759223
471877714,15,4017744
471877928,10,350613
471878361,3,342062
471879582,26,6439158
471879762,324,145224178
471879771,15,4120653
471881127,25,6620034
471882431,20,1302347
471882486,19,3915134
471882924,16,4823005
471883360,13,3970248
471884812,16,1325589
471884998,12,316030
471885467,17,7144780
471886299,12,9603823
471886985,3,14120
471888480,43,13972195
471888584,12,2618885
471888996,39,2345512
471889300,16,1623915
471889468,31,8629136
471889631,20,6921286
471889633,27,11628473
471890017,11,3522877
471890054,4,1726757
471890131,39,17645069
471891269,17,7077603
471891360,5,1127885
471891714,17,10245746
471892360,26,1164171
471892366,15,3929883
471893035,24,6173988
471893181,133,78970205
471893326,12,1012339
471893504,28,24010668
471894212,15,4466617
471895202,30,10012389
471895406,9,2216244
471895553,12,1518735
471896195,37,13687182
471896908,149,87910847
471898132,36,15969949
471898862,11,5184711
471900362,12,685375
471900583,122,62848141
471900860,80,5431985
471901089,11,2631280
471901270,16,1434267
471901858,19,4926722
471901865,50,33148451
471902425,58,22038283
471902565,46,8877892
471903018,60,28691722
471903743,12,452939
471903910,16,4617956
471905551,8,571715
471905708,17,1516584
471905955,16,1450652
471907694,79,6596723
471909229,18,825459
471909520,13,143710
471909715,8,3228568
471911966,32,2157952
471912693,9,764877
471913017,7,1924495
471914690,17,1717694
471915714,21,3809630
471917485,7,191517
471918826,11,1227261
471919207,16,567969
471919449,32,3402082
471920730,23,1183672
471922180,270,187589547
471922367,12,4332827
471923147,13,680737
471923660,31,13845695
471924549,22,4971561
471925410,125,89502449
471925563,15,2884476
471926534,23,2065434
471927732,9,534255
471928218,20,4761388
471928267,13,1016620
471929561,8,2254380
471930433,84,34598729
471930770,40,2467850
471930870,7,254398
471931185,6,739992
471931231,61,26388323
471933563,14,2110591
471934022,12,2759589
471934195,33,7810708
471934473,5,261501
471934557,15,1240673
471935296,16,13251263
471935573,34,10572609
471935631,10,383221
471935705,16,9526901
471936019,12,1695241
471936804,6,822675
471936916,11,3679429
471937237,71,47209615
471937536,16,11106613
471937918,45,9711157
471938128,93,46063972
471938601,59,32236767
471938687,241,132833018
471938893,16,4230528
471940075,35,18576869
471940166,194,65463796
471940330,47,12940109
471940377,13,1512310
471940623,19,11350984
471940834,11,2358432
471941170,18,2607946
471941344,11,7352790
471941410,6,5093289
471942097,16,3598547
471942301,9,3584036
471942316,11,2253129
471943794,46,23847002
471943954,58,31460061
471944999,124,75777743
471945420,10,6100562
471945809,19,7713788
471946234,13,6849782
471948002,11,777598
471948275,14,272165
471948291,54,25933635
471948303,16,5156772
471949566,34,1692611
471949865,13,815212
471950139,29,4177844
471950675,17,2002053
471950950,8,545684
471950952,33,8507899
471952047,36,11682541
471953649,32,2157301
471955678,16,12908969
471956228,211,97877421
471957050,10,4304507
471957174,21,6749071
471958823,20,1321715
471958891,21,5759833
471959648,56,7295870
471959655,31,3278493
471959792,8,812512
471961826,14,3435698
471963430,6,1808765
471963876,22,3493437
471964082,7,301764
471964792,30,1116670
471965656,78,22454056
471965848,20,8773362
471966362,3,1332444
471966854,15,535181
471967020,6,222521
471967120,13,446098
471967152,47,2841852
471967173,301,55639426
471967365,227,129500383
471968510,38,15412444
471971576,18,80173
471974538,6,1724386
471974977,22,2617636
471975097,25,1228409
471975742,7,459147
471976912,3,512911
471980910,17,4150468
471981064,8,1036102
471981715,13,3916678
471982376,11,651530
471987581,8,833219
471988455,17,2002018
471989538,112,7596857
471989577,17,2438927
471991153,16,2239281
471991172,26,10068622
471995159,8,1372731
471995717,27,1656154
471997761,44,3333793
472049017,15,19586186
472074501,10,1019607
472074640,16,6889423
472077312,7,1925618
472081835,14,1511851
472084500,5,550059
472084608,9,930162
472086794,8,370300
472089897,58,10601427
472090584,22,4926330
472091433,24,3266693
472091644,20,12983241
472092471,25,6307184
472094395,26,5190190
472095810,12,3024948
472099226,9,2180496
472099496,14,4916887
472100463,20,5109625
472101110,6,1941270
472101937,26,9534614
472104580,3,471763
472105151,23,4532412
472109394,12,1367934
472110493,8,58656
472111363,13,1705769
472115109,21,1471139
472119415,9,2113936
472119421,6,243786
472120551,82,6634821
472120782,32,22990990
472121114,25,1559244
472122752,45,28795097
472125123,26,2913902
472128984,46,2767245
472135438,24,2966022
472140805,14,785274
472144488,33,1479072
472145229,41,18901435
472150825,25,2177738
472153625,34,2487978
472154303,25,1734854
472157776,9,597212
472163300,24,5697812
472164363,30,21297451
472165372,8,243402
472167773,11,939037
472171553,31,3102148
472173168,48,2764018
472173174,15,786059
472174318,23,1383201
472176446,6,300278
472176579,83,49008959
472176822,254,22832765
472177170,76,17392613
472178073,53,15183780
472179414,18,1116151
472180249,8,340018
472180953,9,1555345
472181456,129,63855580
472181780,75,12231451
472181851,20,7240506
472182577,12,2624147
472183343,14,595139
472183578,63,18107937
472183921,117,29017011
472184097,4,171896
472184507,18,5370975
472184955,5,1394413
472185619,13,617800
472185743,6,1250787
472186694,11,3791069
472187384,18,1585049
472187650,21,5582244
472188345,479,249719233
472188635,37,8824758
472188870,86,19685633
472189206,36,2680819
472189322,12,12792393
472190564,23,8108136
472192597,36,11687411
472193350,36,1862747
472193923,15,854386
472196055,9,1222809
472196160,6,1597827
472196290,18,2897046
472196590,4,1513801
472197361,22,4084589
472197409,9,4720956
472197554,15,2448705
472198127,1086,77428744
472198224,27,7124160
472198566,9,531723
472199036,55,5032693
472199401,36,13934090
472199617,19,1119121
472199627,16,728327
472200995,13,1524716
472201796,13,6320979
472201997,11,2402616
472202209,11,1506272
472202292,6,1111665
472202531,38,9781595
472202533,22,7349066
472202907,5,262126
472204166,36,3673609
472204386,19,1117944
472204498,24,2551088
472204605,115,58749110
472205017,13,2378248
472206355,23,7153266
472207332,17,1975864
472208319,6,235934
472208491,14,623664
472208537,16,983852
472208584,10,1035214
472208992,10,705087
472210444,15,1960064
472211295,493,344338587
472213723,12,682790
472214707,12,365532
472216081,16,1752151
472216660,62,4022652
472217181,73,6462817
472217379,22,1284182
472217698,8,1080018
472217701,8,39827
472218643,12,506395
472219198,7,300259
472219786,9,1997435
472220122,10,1277766
472220480,35,717305
472220950,13,502042
472221384,14,3413054
472221757,19,5558967
472222232,38,11929231
472222678,240,209503000
472223048,48,5520921
472223152,22,1036260
472224012,15,3338491
472225459,34,8092779
472225556,13,6052778
472229201,14,1403089
472230671,5,405580
472230800,47,20309511
472230932,18,3755624
472231080,9,846964
472231751,44,21158899
472232281,30,11071990
472232428,10,667479
472232670,5,508393
472232788,6,298178
472233202,14,1250445
472233395,10,406781
472233500,3,2118628
472233878,23,1148251
472234025,265,163564917
472234235,35,1269751
472235963,7,1605591
472236999,15,842238
472237436,139,54601562
472238043,7,439798
472238242,8,2129868
472238699,25,10151947
472239178,6,3516399
472239690,32,8891052
472239718,23,1806711
472239727,9,2563569
472239763,27,6913433
472239878,7,2585858
472240406,13,3640710
472240746,48,28521826
472240839,68,20953336
472241385,12,819104
472241501,10,675731
472241930,26,5462619
472242359,8,7651531
472243358,19,4363920
472243369,11,4505398
472243519,95,36336969
472243522,7,3135830
472243912,22,10337625
472244108,27,1021803
472244344,16,4999722
472244498,16,4672684
472244559,12,3252453
472245372,58,2422924
472245617,26,3643068
472245766,81,51876152
472245767,22,6935448
472246077,7,2245506
472246464,28,10286449
472246690,60,33379379
472246949,18,716382
472246984,29,7950542
472248091,15,964320
472248222,24,8301423
472249036,61,28010554
472249046,21,4807693
472249074,66,15358753
472249229,13,2341840
472250014,43,21890905
472250232,10,2622848
472251381,100,52073726
472251419,6,4673839
472252747,34,2363416
472252776,50,21283645
472253226,127,118829850
472253605,33,13169436
472254377,9,2954933
472254465,9,964275
472255002,15,493265
472255483,41,2794637
472255701,13,970788
472255871,12,811026
472256242,21,4514326
472256712,9,3464992
472256875,53,22348952
472257147,123,61991067
472257150,41,11345386
472257297,8,2214742
472257907,17,8009362
472258940,257,105364640
472259064,11,2155278
472259306,12,646947
472259390,32,4504212
472259909,12,697062
472260086,23,1346102
472260408,104,43835758
472260576,18,870659
472262257,20,1344669
472264299,6,164248
472264655,13,601740
472265659,14,4265216
472265681,20,801823
472268875,52,10802009
472268940,16,3841028
472269187,9,416043
472269268,15,1347941
472269306,24,7538762
472270446,9,1227956
472272358,35,2787912
472272436,37,2838157
472275562,16,1923057
472275591,15,1905917
472276251,47,4396106
472276267,16,4202700
472277689,25,3586532
472278752,17,1493383
472279338,6,885198
472279446,23,1904055
472279751,12,1358240
472280510,8,828829
472280658,7,1425392
472281351,16,1364558
472282907,24,837748
472283090,11,4355986
472283112,12,574200
472285505,27,1049975
472286311,36,2237340
472287313,12,1211682
472287341,20,1015699
472288450,22,5887706
472289428,14,691530
472290861,13,11430876
472291078,29,3480101
472291666,25,9177678
472293176,15,714989
472295157,19,4624529
472295848,25,1579704
472296097,4,290937
472296600,9,2333703
472300574,17,1308134
472302047,22,1459243
472304676,15,1608135
472307873,13,6005693
472319025,8,760095
472324272,8,897305
472331246,18,2980785
472331979,6,403651
472377319,10,486274
472382522,9,391368
472385021,20,26354292
472388951,9,2359557
472390521,13,2756417
472394228,30,1876664
472396365,26,2189414
472396688,11,3076862
472405406,26,22465928
472406195,28,14793119
472407290,16,947558
472407847,17,10561582
472412435,8,1514057
472412573,15,1551577
472412781,4,324939
472413820,5,439045
472416201,6,1223578
472416703,32,5318947
472416802,115,10262478
472417281,16,4177809
472422998,21,2265528
472427314,11,1122729
472428137,9,334168
472428510,12,654676
472431013,6,359671
472432389,7,1807432
472433627,6,194150
472434992,11,1957054
472435713,8,542364
472436349,7,2530639
472437379,56,10830167
472450239,8,2243148
472461741,14,7350366
472467187,9,1650857
472468601,14,2256997
472477564,15,4778606
472483623,12,1332158
472486375,30,2708533
472486380,16,1013076
472488491,17,1208193
472491314,9,553116
472492730,150,6428303
472494084,4,156334
472495807,178,52321279
472497511,5,521759
472497822,21,2941227
472498722,18,2855052
472501120,62,18224897
472503632,15,1347440
472504463,25,1354422
472504603,142,69288074
472504621,10,489275
472507234,35,11781411
472507337,11,2610004
472507467,40,2589155
472509678,45,17298924
472509926,18,5282552
472510501,72,32967756
472510980,17,6666517
472511205,18,5437532
472511891,10,2425363
472512415,56,15802334
472512617,15,2123074
472513609,6,1661555
472513951,14,10249141
472514722,22,6401468
472514888,30,7330625
472515483,24,12749330
472515680,10,2249083
472515992,33,15351591
472516076,7,604380
472516392,19,7761486
472516822,18,8933800
472517122,44,27158938
472517396,15,1062753
472518132,14,1079596
472518336,20,3166142
472518774,19,13904336
472518814,15,819070
472519143,74,21646995
472519742,42,33435662
472520304,21,2976129
472520636,10,1936095
472520980,68,5404194
472521373,26,1196239
472521433,23,243734
472521463,118,12099916
472521526,444,21900966
472521687,23,1099781
472522003,11,2856095
472522690,40,12728986
472522855,9,7633657
472523320,10,2810468
472523966,11,5745567
472525825,22,854958
472526056,105,7970016
472526217,29,3030048
472526237,4,755376
472527556,20,6629601
472528593,26,7020279
472530032,26,775177
472530274,26,1755130
472532501,19,1981543
472532795,4,419890
472533554,22,1145665
472536154,16,546732
472537058,14,874213
472538187,18,2464285
472540793,20,941130
472540932,13,1163680
472541486,20,1336325
472541922,24,1204259
472542303,280,134788802
472542463,5,2179045
472543311,26,13430368
472543460,505,22963952
472544017,25,2588701
472545486,32,6098087
472545525,14,4123203
472546970,5,905333
472547490,21,1111896
472547625,16,6116585
472547768,18,1532752
472550443,20,10938424
472551498,9,445368
472551553,13,1039533
472553491,22,4933893
472553986,43,23574460
472554314,55,36836960
472554441,6,1660726
472555012,302,217179359
472555299,26,1366335
472555901,98,66166942
472558398,64,20305240
472559723,11,7715189
472560157,38,10994733
472560302,8,324517
472561117,12,575448
472561481,21,6106792
472561720,70,43119003
472562530,58,24476025
472562692,12,8483741
472562833,10,22308
472562840,187,106439131
472563382,20,1232454
472563455,8,2933043
472563477,17,2131872
472563625,6,1618779
472564037,76,38392134
472564386,47,15791581
472564929,13,6919992
472564950,17,3330417
472565465,38,8556907
472565660,12,4400983
472565894,73,62894946
472566201,13,5071869
472566377,22,6307045
472566648,5,2107246
472567232,38,2049699
472568731,20,9024341
472568949,19,5587055
472569379,25,5325736
472569402,11,3743286
472569658,29,2048358
472569874,105,9581702
472570725,124,79346575
472571533,31,9627142
472571565,8,1424480
472572725,49,17998610
472573122,7,346622
472573477,16,6110613
472573896,11,918072
472574671,38,29622130
472574763,17,901219
472574965,36,17513926
472574969,121,76981281
472575147,140,69627963
472576035,7,2074632
472576620,32,13096116
472577171,26,7305319
472577585,22,2281269
472577810,8,1230616
472578339,7,2538584
472579104,11,1109644
472579354,9,2951244
472580569,18,5003897
472580581,162,91348324
472582957,46,17324345
472584885,15,633612
472587815,23,1125198
472587979,10,989318
472589958,38,3315845
472592695,13,1990362
472592888,110,13045219
472593519,43,9406234
472595952,48,3221219
472596110,25,6347455
472596273,6,153282
472597960,16,6904368
472599669,5,438102
472600744,10,632787
472600987,16,1630682
472601515,12,1486286
472601971,57,1916628
472602167,10,243907
472603293,22,789283
472603858,35,4954976
472604381,17,1222484
472604726,4,78838
472606441,19,7815935
472608167,26,1295923
472608861,27,2662750
472608981,6,367466
472609414,29,1467074
472610332,12,882244
472610659,35,3048921
472611877,24,5667152
472612255,32,5300342
472615062,9,917110
472615164,7,1109931
472616015,23,8108474
472616501,19,2264033
472618368,11,7177291
472620046,22,15871352
472624209,5,522958
472624413,22,6812953
472628563,18,1272534
472628864,3,63106
472630166,16,1387011
472630192,9,828108
472631341,11,343219
472631961,7,919706
472634251,5,111970
472635781,13,6363761
472635870,24,1883165
472635927,20,16384130
472636300,8,3588030
472637747,62,5596388
472637860,7,403905
472639189,7,475530
472640859,9,1214000
472646356,11,587702
472695357,12,18109591
472697322,10,2411490
472698587,20,1742052
472701178,25,4946760
472702383,11,598939
472705354,38,17277299
472711689,33,3501185
472716796,12,2580856
472721148,17,4475538
472722882,16,2905430
472724400,10,1799287
472726403,18,9497475
472726830,15,1086216
472730953,13,1063185
472731235,10,453426
472737228,46,40094445
472737745,19,5043372
472738813,51,26005137
472741218,91,59503029
472742833,8,1594359
472743839,5,1037440
472745287,41,20262354
472746674,10,1605012
472747702,53,35372499
472749277,14,2860133
472749782,38,21135158
472750015,16,3127408
472752320,14,7090364
472753321,13,4109015
472753344,11,1240816
472754352,6,2119130
472755409,36,14007850
472755597,13,1340288
472758972,42,4253326
472759483,13,1086483
472762332,32,2797235
472762611,17,5228533
472764734,13,736998
472764889,18,1496290
472765395,9,11755211
472766077,19,4299380
472767966,13,607850
472768269,19,7993743
472768770,10,2857236
472770182,16,745408
472770555,14,1295690
472774739,51,4327063
472775022,17,4332826
472776344,14,6854103
472777799,14,1538023
472778072,85,24041165
472778170,5,1947804
472784308,27,1206368
472785179,11,506782
472786193,20,4871478
472787034,13,490868
472787885,24,12201103
472788007,15,5727119
472789852,23,5229892
472790937,15,4654411
472792491,8,411393
472792517,5,180842
472793006,13,823909
472796002,27,10322306
472798102,8,2115853
472802736,18,626061
472803627,24,1597997
472803886,10,1604384
472804158,14,2802889
472805929,8,949496
472809440,14,2184609
472813862,97,2654580
472824164,3,116605
472826344,23,1308691
472828888,48,2276286
472835714,62,4304440
472838816,8,374642
472840315,16,907023
472842086,204,67003193
472842265,12,781132
472842656,18,6115034
472843631,20,1658429
472844029,17,1647117
472845572,9,366213
472846029,566,166640364
472846616,7,1571090
472847032,35,1782963
472847646,48,12352694
472847648,65,16432025
472849077,28,1366516
472851944,17,961964
472853270,11,614298
472853699,6,1119016
472854009,10,842745
472854857,97,6409553
472855122,17,3346980
472855624,15,4887631
472856618,7,1738868
472856643,55,13999411
472856744,11,1673630
472856976,11,5006629
472857375,38,18413549
472857481,28,6571787
472857842,31,9311242
472858013,96,34113228
472858291,19,729432
472859056,29,9081940
472859152,19,6991521
472862479,10,1077727
472863295,22,15142266
472863491,59,4329808
472864070,7,774764
472864471,13,2631659
472864996,15,594829
472865073,9,276903
472865426,21,8907468
472866096,16,3623149
472866875,165,110704419
472867094,9,3284896
472867620,7,5690360
472867950,8,949375
472868114,20,703463
472868186,10,375442
472868461,14,10885223
472869264,39,9703988
472869771,46,19402570
472870558,14,1732025
472870701,13,3415073
472871094,26,1340465
472871754,8,225141
472874060,10,4613030
472874724,42,26123961
472874882,30,1815261
472875193,43,3288657
472876174,11,507375
472877385,16,1502029
472878343,11,470295
472878353,8,182548
472878364,74,10114479
472878439,37,15613747
472880758,63,38973011
472880950,28,1896274
472881858,11,2904382
472882028,16,667444
472882036,5,3287927
472884239,19,768937
472885056,17,547764
472886252,26,1615387
472886766,13,1081486
472887018,6,1879611
472889152,3,812424
472890722,5,1641453
472892524,50,18234741
472892892,14,2312076
472892947,10,398568
472893740,6,897713
472893840,16,4202104
472894689,7,1935288
472895095,172,148603043
472895171,7,295256
472895531,61,8485063
472896444,8,366579
472896863,7,2108908
472899484,7,859097
472899989,7,1535101
472900545,11,2805344
472900762,14,1630311
472900984,7,2389801
472901502,9,1009091
472901726,69,24309903
472902239,23,8586081
472902292,122,71704574
472902454,6,1835032
472902563,17,1247593
472902867,57,38487886
472903245,32,2713993
472903305,35,21643174
472903507,5,1444856
472903577,5,1092470
472904031,32,3570592
472904286,17,11067674
472904377,26,7444030
472904583,11,800710
472904908,6,259894
472905158,103,44726062
472905425,19,8097397
472905597,4,299432
472905620,29,3894818
472905816,10,433415
472906056,3,1149761
472906295,60,21741985
472906823,309,261457287
472907282,22,4102006
472908097,41,13179370
472908162,24,8038569
472908201,4,1036890
472908258,119,83614828
472908332,12,2146366
472908772,22,14906073
472908972,18,2839963
472909138,14,1550106
472909435,183,87972401
472909637,22,6430514
472909639,15,5259178
472909813,6,5181562
472909846,12,2681161
472910511,55,20824052
472911109,8,1608046
472911237,30,18856270
472912429,11,3734680
472912744,21,3399045
472912790,37,18103977
472912945,31,11407074
472915432,23,14922476
472916481,26,8505221
472916513,25,10064343
472917558,10,2615215
472917599,26,7613401
472917913,36,12212344
472918225,24,12149355
472918842,33,12633390
472919112,5,1010594
472919437,13,751628
472919752,121,84744616
472919937,174,63646183
472920140,19,4877910
472920235,22,7537889
472920810,15,886346
472920917,17,4312898
472921179,19,6604293
472921265,14,1699712
472922208,21,2488532
472923478,30,10350022
472924568,65,23066316
472924784,6,1731640
472924900,34,16076156
472925128,36,2539423
472927669,27,11787162
472929324,14,2942900
472930474,107,11720604
472930490,70,43674592
472930880,13,3279918
472932352,16,1575623
472934560,18,3601220
472935037,11,2910010
472935196,30,2656754
472936681,20,6525902
472938433,6,2045134
472938700,5,363464
472938914,13,10075057
472938982,3,1218624
472941613,4,3890248
472942712,4,593289
472943001,14,7882058
472943808,17,859965
472943826,28,1475856
472944009,6,285524
472944509,11,2719298
472944670,16,979457
472944920,7,3376853
472945380,18,2249488
472946770,21,2265121
472947312,7,548970
472948571,5,492248
472948899,15,1275050
472949045,5,710463
472949353,83,66658954
472950777,40,16127492
472952585,142,103765278
472952697,13,866205
472952881,116,53461222
472953472,11,1427536
472953637,23,6071574
472954035,24,1664561
472955623,15,489113
472956762,7,1217060
472956899,18,2037442
472957024,8,1153822
472957720,6,573636
472957897,110,82206863
472958235,5,4735116
472959453,33,1897072
472961782,12,2827068
472963894,4,237246
472965270,15,5118151
472965570,8,1594189
472966233,20,1031741
472966451,10,1082388
472967429,14,981567
472967656,36,1900520
472967718,31,7899593
472972258,10,791823
472973061,18,1865676
472974675,19,1411541
472978594,7,633724
472981497,13,711832
472982093,23,5722073
472983849,8,797902
472985635,18,2595447
472988543,11,526835
472989352,11,13833560
472991747,14,6431337
472997417,15,2421835
473000104,27,2400070
473016779,14,1124940
473055254,15,1588034
473056083,10,906333
473057146,29,8807209
473072411,19,4796737
473077714,17,5864152
473093430,28,17606822
473094795,22,2625330
473095339,23,1245329
473098781,6,1214196
473099040,21,1500542
473099717,124,31875379
473100946,22,1927352
473103360,9,334401
473109062,16,5231036
473111584,12,3056571
473112311,8,2237158
473113048,36,13689737
473113617,13,5714658
473114223,10,733434
473115526,19,5090743
473115673,16,4536032
473115813,138,83770522
473117691,4,1075489
473119739,5,1613600
473121304,12,4982909
473122280,16,920486
473125765,18,3328568
473126315,14,843812
473126527,20,5890751
473128332,7,3279339
473132281,6,918743
473132397,93,7108032
473136258,110,8102420
473136355,24,1972284
473138623,12,755582
473139975,13,1649181
473140080,3,829464
473141118,3,596073
473141232,6,265889
473141798,74,38789041
473142811,15,1212257
473143273,17,1118540
473143540,30,2780446
473145793,101,7140156
473146998,24,7470615
473149809,12,10819262
473150184,16,1314922
473150254,12,775875
473151922,5,287115
473153755,11,768061
473154002,15,803276
473154016,8,470710
473155501,66,3717702
473157112,14,8821600
473159397,13,7372346
473160842,17,583892
473162809,25,11369895
473163283,113,10856667
473163294,42,4085502
473164595,36,2527442
473164655,19,1141041
473164767,42,2479542
473165236,7,407514
473166112,18,2689788
473172254,16,3632810
473174965,9,639171
473175987,18,1049353
473176469,65,4003509
473182546,14,1071849
473192196,242,21145599
473192489,18,1182801
473195798,8,316602
473200406,32,2590204
473200540,12,710208
473209397,7,1016696
473211634,71,5406775
473212573,57,23390171
473212576,24,2354250
473212593,8,1601391
473214693,163,30941320
473214992,100,5883338
473215735,15,1903162
473216755,7,327995
473216759,5,163670
473216937,4,1293606
473217886,38,8148271
473218008,8,2726731
473219674,9,2730109
473219866,14,1132220
473219976,7,333795
473220112,7,180691
473221762,7,316312
473222386,5,830820
473222492,14,4584810
473222760,6,138557
473224875,19,3481817
473225056,5,696262
473225130,7,2661687
473225785,25,11670026
473225891,66,27250589
473226091,21,5727803
473226722,6,1301211
473226943,111,65478122
473226982,23,2304717
473227305,19,5953586
473228294,128,68984802
473228471,4,1070878
473228559,8,1880794
473228564,20,909131
473228765,6,177588
473229489,31,11965262
473229854,25,8256781
473230034,18,7934599
473230195,14,3352219
473231015,33,9578016
473231265,22,9018679
473233042,14,4773596
473234201,13,4537864
473234229,21,1706650
473234340,23,5729222
473234599,16,3955704
473234763,21,10754102
473236137,104,45376232
473236413,75,28734101
473236457,3,191159
473236531,27,1785768
473238051,4,573475
473238261,15,9836954
473238953,13,1400872
473239439,25,2783736
473239495,34,2964708
473239565,60,35836880
473239835,21,2213989
473240967,5,914570
473241040,7,553850
473241914,63,11504371
473244266,396,21576413
473244471,31,6651413
473245186,15,2645850
473246395,5,2247736
473246432,8,2011680
473247433,43,12393338
473247808,12,332907
473248329,6,769049
473249822,36,2573353
473251120,16,2293274
473251668,11,2817200
473252891,25,10813018
473253898,105,8729957
473253919,15,2203599
473254144,27,13009153
473254495,13,2890486
473254847,27,1342772
473254848,17,4399749
473256349,17,2351925
473256812,18,781495
473257308,29,9958219
473257625,12,4654559
473258373,15,506339
473258553,4,340218
473259702,20,2304299
473260002,18,503016
473260251,23,1329061
473260927,12,482736
473262506,25,1552232
473262757,25,4935168
473264127,8,972757
473264923,22,2010533
473264995,8,678038
473265962,269,14884517
473266386,33,1568376
473266542,8,260693
473266734,3,692199
473266743,8,937587
473267140,27,2989893
473267668,30,1759697
473267921,12,1457716
473268037,5,323036
473268071,4,641857
473268455,12,5225475
473268892,12,3566007
473269416,12,2898212
473269437,5,840602
473269763,34,10572050
473271358,5,540243
473271392,24,6720128
473271910,32,3803614
473272442,11,7047992
473272625,19,1091407
473273159,16,1116530
473273371,12,5103361
473273485,15,7265944
473273562,15,1155702
473274440,15,3946165
473274755,157,83586030
473275056,45,64986708
473275189,4,1094263
473275290,8,2791869
473275439,8,1002763
473275683,19,3039060
473275776,14,15277497
473276619,5,146178
473277066,7,9408562
473277101,29,12307925
473277257,19,4965183
473277444,107,45347514
473277575,46,18828678
473277708,11,4466242
473278121,9,4355206
473278150,12,2794003
473278646,13,2829807
473278892,18,6002114
473279034,18,8498122
473279185,7,1585252
473279220,5,2702327
473279424,3,494866
473279630,9,6716169
473279938,10,403320
473280138,168,120902559
473280144,17,4972108
473280764,26,7532610
473281127,26,10909146
473281189,32,21817782
473281613,29,22177993
473281812,75,21753295
473283186,17,1407114
473283426,12,912579
473283442,83,33473329
473283608,103,63963251
473284007,84,34829904
473284574,72,1945651
473284945,23,3638634
473285499,7,489796
473285538,36,7360107
473285555,25,5040175
473285772,17,3412463
473285942,16,3035389
473286178,19,1893513
473287093,19,9621993
473287137,38,20454781
473287257,4,771896
473287439,17,1240299
473287445,5,130905
473287452,36,13175064
473288578,6,1345584
473288977,9,1796222
473289030,33,2344138
473289142,12,580526
473289331,18,998839
473289399,43,27052007
473289501,53,24210238
473290035,44,5241174
473290485,7,3226993
473291062,16,1958999
473291252,14,2696774
473291462,77,41238011
473292082,6,1552212
473293901,41,18946586
473294326,11,1617123
473294489,37,6621162
473295039,8,1968510
473295253,61,22179521
473295700,14,4321067
473296089,12,2409699
473297078,43,22376144
473297378,81,7083429
473297495,25,1828587
473297517,10,862866
473297641,18,4858994
473298098,68,61438784
473299105,6,2729835
473301015,55,22537828
473304657,13,634877
473305618,8,445194
473305909,13,769648
473306448,10,1993735
473306868,26,2387200
473309867,3,260640
473310005,10,553512
473310735,28,4992930
473311472,25,2451729
473312772,7,3087513
473312778,87,61146941
473313469,9,2782245
473314613,16,12587751
473315513,3,1134112
473316370,120,68761946
473317021,10,2757006
473320834,55,4580462
473320880,11,279812
473322130,25,3699753
473323069,19,5307905
473324722,106,67787634
473325132,39,16347370
473326004,16,4795797
473326521,15,5084784
473326819,39,11734820
473330723,9,2503037
473332543,16,6254624
473335366,31,2848644
473335910,18,1865540
473339214,53,4281442
473340775,21,3310342
473340940,25,1290009
473341151,17,2784258
473341227,4,631820
473341909,310,92747297
473342307,36,8181157
473342702,22,1233130
473343211,38,2331888
473346518,32,7662421
473349086,22,1777905
473350329,16,1920384
473350332,34,8327837
473350564,14,7036392
473358007,11,1176645
473363517,7,376232
473369051,5,180361
473384076,3,117118
473422472,13,1303833
473425819,12,608699
473431179,4,199786
473433452,31,12812269
473434746,3,39928
473441169,26,7578995
473442851,90,30285470
473447734,6,355061
473448185,63,18102815
473449414,3,1084042
473450172,5,1673270
473450523,5,257217
473450724,26,3044135
473451751,5,2397341
473462788,7,285480
473464127,20,1930404
473464972,8,584748
473468008,11,866203
473469601,5,345579
473470233,26,3982986
473472564,20,1503010
473473222,29,10191813
473474232,16,833132
473476114,10,2506150
473476503,133,40567316
473476947,35,3341067
473477573,68,26359562
473478431,11,13324555
473480260,35,17400373
473486055,6,1468276
473486872,13,3298655
473492430,18,1705482
473496337,47,2909506
473499054,12,376721
473502182,10,1170322
473513641,23,1252183
473516412,7,773819
473517826,54,3777395
473520577,96,6160956
473522246,42,3028522
473525356,3,128956
473526459,23,1178409
473528120,5,268276
473528126,22,1199278
473528323,5,551922
473531334,61,3241062
473533263,24,2552164
473534563,190,70009002
473535402,9,2666442
473535893,16,1019327
473536268,63,15140459
473540725,674,231223698
473543610,13,4845858
473543963,203,105994739
473544745,20,1301631
473545077,31,3063457
473545290,15,1437898
473545895,11,4358542
473547274,7,798370
473548487,6,156871
473548608,3,197081
473548879,25,19115856
473549267,8,607636
473549936,5,151752
473550062,8,283545
473550316,20,5304924
473550911,45,23963466
473551039,10,269386
473551486,3,700034
473551859,19,5556752
473552052,43,24283790
473552224,36,17507644
473552507,23,17646516
473552858,3,453568
473553514,21,6949851
473553598,6,3000316
473554489,24,4093279
473554709,11,2197417
473555215,13,2458294
473555464,27,1184314
473556456,9,2458737
473556939,58,21884564
473557067,10,1729033
473557182,11,6341666
473557577,7,536880
473557855,13,2526746
473557910,39,17652124
473558060,7,360505
473558590,6,290913
473559158,16,569069
473560017,560,28680844
473561317,10,2351492
473562281,13,2512920
473563803,32,1594381
473564323,16,680231
473565524,9,1859491
473565978,12,853007
473566298,15,2771670
473566454,7,1754062
473566736,11,308882
473567049,11,1462568
473567640,38,2185434
473568027,23,1428489
473568767,12,2966849
473569471,26,3941678
473569494,15,1619226
473569848,18,867605
473570980,10,370916
473571658,20,1859873
473571833,28,1245416
473572041,17,1722317
473573442,13,3917715
473574582,22,693288
473574761,26,1024236
473576153,11,838287
473576635,56,3528494
473578490,13,435839
473578948,42,12465917
473579716,37,2610162
473581201,15,970013
473581447,21,933709
473583118,40,2814063
473583172,14,1114309
473583390,17,718122
473583412,14,1232672
473584018,8,8648399
473584637,6,413382
473585975,10,586918
473586145,5,217352
473586226,16,601608
473586474,23,821378
473586481,8,972980
473586577,21,4996368
473588314,13,397610
473588482,18,1055833
473588826,14,874167
473589055,15,1352614
473589631,41,3498569
473589785,113,4927094
473589904,22,1216404
473590016,17,6697787
473590996,9,529649
473591120,7,368839
473591133,14,4326322
473592167,22,5879825
473592236,116,6273287
473592313,17,4348480
473592416,35,1979906
473593181,16,1117086
473593264,111,106064246
473593816,20,1419337
473594607,3,620304
473595013,24,7835851
473595937,35,19462856
473596030,116,98818040
473596101,3,358350
473596656,32,3563977
473596752,24,10694115
473597029,15,1249908
473597086,29,18037160
473597132,11,747019
473597524,78,37570445
473598842,24,1536672
473599097,114,95387252
473600763,59,24702593
473600843,12,1537713
473601013,177,86244467
473601025,3,4333683
473601300,22,1552996
473601432,25,555853
473601577,6,327069
473601584,13,521519
473601597,32,10443405
473601643,75,21720857
473601706,144,91604844
473602190,9,922019
473602306,31,1735007
473602379,20,7278522
473603261,35,19407516
473603569,8,1534560
473603773,6,228028
473604241,63,20638793
473604255,33,7610577
473604552,100,78610337
473604585,6,862907
473604655,11,436739
473604717,36,13008104
473604798,48,29860483
473605783,134,102905819
473607277,55,10691436
473607700,81,3788119
473608022,11,2597789
473608579,7,360848
473609046,6,719136
473609313,75,44928502
473609695,13,2325939
473609986,41,2552672
473610085,15,5753200
473610099,5,1140019
473611120,5,1859138
473611786,3,60695
473612005,44,16242237
473612303,12,3045697
473612329,40,21413846
473613323,12,5731292
473613920,18,2687639
473614113,29,5794091
473614235,15,11555929
473614885,95,48548431
473615449,24,7759637
473616931,10,1369763
473617367,3,829342
473617775,169,105880969
473617982,25,1297483
473618078,77,3031998
473618360,62,5853467
473619194,12,6778223
473619575,5,1060664
473622090,11,629999
473622254,8,371408
473622759,31,2058985
473624365,26,6717405
473627271,11,1063947
473627342,19,2602119
473628397,16,1973776
473629006,44,4197160
473631035,134,40734536
473634344,27,560473
473634366,10,477585
473635332,13,1147236
473637284,10,414116
473638000,11,1435350
473638422,21,2845881
473640092,10,904913
473640533,21,4549398
473640987,20,1321777
473642279,9,2710252
473642737,13,482638
473643178,15,933126
473643734,9,5907972
473646070,18,8836536
473646349,13,3406772
473647233,25,20841584
473648247,29,2014308
473648873,17,1252656
473649177,12,1013981
473649655,126,5164551
473649844,24,4159953
473651035,6,1754636
473651314,22,1501065
473651714,10,597394
473651886,26,8525318
473653216,12,1176700
473654800,7,497345
473655896,9,800906
473658243,26,1290315
473659518,12,566036
473661105,17,1112534
473662632,380,70147389
473662847,12,814696
473663876,8,588211
473670809,9,2736769
473671588,3,111272
473672244,8,531289
473673108,17,2019296
473673831,10,1131320
473674449,40,2279746
473676577,13,1612824
473678322,21,1982125
473680137,12,808116
473689428,11,932395
473721298,11,591733
473744434,24,4816063
473759251,20,4202957
473760720,6,2215623
473762468,36,8777769
473763981,72,4670775
473764499,6,2165103
473765133,5,995538
473767002,35,2721594
473767975,14,468168
473768060,5,245446
473768494,13,3348238
473769875,9,3331039
473770221,22,21791223
473770540,17,1551870
473774492,5,347913
473774522,18,2133795
473782424,53,3133184
473783564,33,2263308
473787531,28,2501730
473791491,14,1068726
473791636,15,3309727
473793863,25,3297611
473800035,30,2084385
473801528,11,198891
473805096,9,680566
473808635,9,616317
473815595,13,2559011
473820441,20,10395342
473823055,3,94719
473824690,15,1551271
473825011,23,1071318
473827493,21,1094239
473829796,29,1893920
473834796,7,216549
473834876,12,950049
473835576,119,54092212
473836317,10,811769
473836885,58,4907469
473838711,14,562561
473838947,30,1884056
473839175,10,2718975
473840913,18,11461563
473841377,11,817398
473842285,79,30594483
473842376,10,3113769
473842994,116,43584126
473843235,9,716217
473843693,18,1621572
473844314,15,1213153
473846229,21,2264691
473846957,5,129648
473847045,21,1339310
473848385,12,458150
473848614,16,781794
473848800,76,23927205
473849081,10,1808507
473850050,24,13261868
473850296,28,1189117
473850597,8,2285969
473850704,14,4849133
473851850,4,793168
473851983,13,4482472
473852431,172,82346102
473853069,27,16583779
473853488,31,12835796
473853893,15,1733390
473854189,15,4479111
473854655,19,7904098
473855497,16,2307918
473855871,9,6507980
473856330,13,5367201
473857001,16,5778271
473857008,12,6875495
473857484,23,13328834
473858788,14,3630294
473858833,13,3264692
473859752,100,73334058
473860057,55,26683713
473860480,14,662400
473860979,22,4146515
473861483,11,1034983
473862094,14,491755
473863102,25,1986023
473863110,3,549969
473863598,8,2371479
473863711,117,11375776
473864056,19,2688023
473864069,27,16663329
473865656,5,464318
473867128,24,5521935
473868281,12,1113894
473870290,27,4731686
473870670,74,7026644
473870855,8,8124831
473871336,20,2557642
473872592,19,2936962
473872658,11,820552
473872852,23,20874756
473875502,12,4516191
473876578,89,52669480
473878018,19,622188
473878073,17,721525
473878130,9,791180
473878384,47,1193954
473878555,19,1156519
473878757,7,290141
473878860,6,2587410
473879805,51,14169903
473879892,5,574960
473879990,30,21343479
473880060,23,1598010
473880253,29,1230494
473880783,8,417053
473881125,6,2023272
473881230,19,547912
473882004,17,9565959
473882023,15,6563287
473882603,40,15833048
473883144,187,76495606
473883275,22,7004157
473883469,26,9192596
473884844,15,1988865
473885000,16,937193
473885101,9,966996
473885112,141,75226329
473886322,9,1118005
473886491,25,4596663
473887248,50,20151665
473887493,14,7739416
473888571,3,562136
473888783,8,1747799
473888881,23,3281412
473889464,33,1479023
473890751,104,49034490
473891136,20,1048900
473891635,64,33790600
473892971,5,1056476
473893596,19,2314898
473893765,93,7199151
473895460,3,188190
473895617,5,1243821
473895638,11,491020
473896772,13,7748040
473896982,23,4603492
473897142,8,652462
473897283,23,8693921
473897750,9,760432
473898131,6,1311458
473898221,68,43185312
473898226,10,5434221
473898387,8,2120796
473898731,12,3065819
473899127,42,15759277
473899288,13,608832
473899951,79,36527105
473900221,55,24165679
473900229,17,6506800
473900460,26,8963186
473900758,155,110945282
473901150,25,2934056
473901463,31,4891307
473901845,34,11777191
473902778,8,3943934
473902804,15,7126336
473902886,42,5112279
473903391,144,89881442
473903428,14,655982
473903594,26,2089018
473903644,28,6729739
473903667,12,489318
473903853,133,75493681
473904425,212,100295235
473905492,86,25825061
473905613,19,5207361
473905901,16,1121947
473905944,17,3326153
473906175,10,2377530
473906252,14,4508053
473906296,5,5528660
473906568,39,11876040
473906578,6,658767
473907063,10,852382
473907486,16,1549441
473907977,13,3537817
473908398,81,62657814
473908618,6,1262646
473908764,24,15643253
473909238,42,8888602
473909246,34,3115938
473909361,14,3270478
473909469,33,15725025
473909477,11,2762569
473910038,24,5436603
473910143,14,4010981
473910902,31,11064987
473911406,6,1785905
473912879,53,29651834
473913264,11,4490892
473913413,36,2483463
473913455,10,577311
473913744,39,5614791
473913790,35,15803146
473915261,123,74170115
473915655,12,7214595
473916338,31,14230590
473916395,12,1439871
473916400,19,1586319
473916683,72,30657158
473917681,5,3793850
473917745,12,1026386
473917858,14,2087160
473918295,46,23553549
473918630,21,4303412
473919919,24,12015880
473920436,12,538533
473921064,29,1769846
473921170,3,2169192
473921185,28,1002864
473921413,53,24585375
473921805,38,17256303
473922111,14,568188
473925672,21,12446274
473925972,12,1304881
473926411,30,9855710
473926468,9,722505
473927804,10,3307250
473928003,10,11640247
473928335,9,824593
473930405,7,51109
473930878,12,1546865
473931353,33,9707662
473932210,3,886198
473932267,18,10237743
473932920,19,1603382
473935066,90,53896959
473935425,32,19882796
473935744,7,2936517
473936477,20,733027
473936795,15,3799620
473937160,11,3692319
473937498,27,11173326
473937901,20,1671801
473938920,14,2986719
473939289,8,4033028
473939295,15,640227
473941423,168,105675078
473942295,15,849629
473942947,25,1620328
473944693,11,1068493
473945196,7,952842
473949037,10,2341477
473949893,125,74934417
473950969,15,2789208
473951287,16,393643
473952497,12,783812
473952766,9,544990
473953356,142,5512757
473953446,21,1499800
473955972,22,3777430
473956174,19,1775431
473956953,9,2660263
473968531,28,2272524
473972237,26,19799542
473972361,14,540393
473978863,13,1461319
473981122,8,1750848
473982032,34,14984755
474054920,15,2303320
474058277,17,786869
474066199,24,6640933
474067034,84,10443734
474072038,7,320558
474072620,83,23006745
474092220,14,1198595
474092627,8,3564589
474093553,22,1415552
474096842,10,4664739
474097600,111,37390943
474100718,16,9222929
474103471,19,5892952
474104244,4,371231
474105468,10,2428822
474105685,18,1674153
474106793,7,1807020
474106917,5,267835
474108004,12,2487446
474112763,26,10379755
474121689,6,552610
474124373,18,2482530
474124794,14,1567677
474126721,32,17517497
474128711,209,18297775
474130083,31,2498545
474133757,24,1271422
474154689,23,1018675
474156971,4,392744
474158980,109,48487188
474159137,4,168051
474159779,120,60109933
474160985,10,649379
474161605,31,8989394
474162385,433,183682081
474163855,24,2251853
474165595,94,23297628
474167482,67,18821435
474167828,54,4289069
474169147,10,1374655
474169828,11,393561
474169872,18,2712030
474169976,48,18090703
474170356,4,152236
474172462,10,2546589
474172844,22,5659045
474172880,13,378764
474173356,22,7250226
474173847,96,67561611
474176234,6,777381
474176244,15,930676
474176451,12,337313
474177022,18,2116964
474177061,9,2519921
474177476,6,1297343
474177845,90,34197326
474178019,13,3498041
474178648,14,701239
474178841,3,355817
474179433,4,1167362
474179934,9,1952363
474180592,7,1727236
474180628,235,122818730
474180933,63,34349902
474181802,18,6026222
474182385,15,2200523
474182757,41,2564379
474182852,9,303302
474183014,9,1057068
474183274,10,492746
474184089,18,3740718
474185074,18,14191177
474185359,238,116745201
474185555,17,1024683
474186389,16,4851499
474186711,10,445626
474186947,10,8202716
474187626,16,5769345
474187724,20,1084708
474187824,7,2167088
474188037,6,4512552
474188244,61,5357023
474189785,46,2148583
474190302,19,6625308
474190315,3,1700784
474191126,12,4195134
474192559,5,2285998
474194273,44,3654590
474195384,10,5283000
474195823,8,2992756
474195845,12,859561
474195863,8,411154
474197145,16,2108915
474197476,53,13909453
474197793,23,1706480
474198225,6,1630610
474198278,12,8565320
474199626,17,1292928
474201314,36,1763153
474201411,16,1049594
474202291,13,4462455
474202859,9,510549
474203818,8,143938
474205413,70,1532857
474205493,16,4487612
474206034,15,685029
474206118,71,9934097
474206464,141,47200097
474207228,8,917914
474207950,22,9286817
474208671,4,164291
474208961,7,795749
474209059,13,4002823
474210358,85,35575306
474210765,7,623840
474211735,22,1965351
474211741,215,14105124
474212579,4,236103
474212663,216,16171426
474213253,17,718977
474213524,20,1751565
474213624,5,602595
474213795,16,659364
474214041,22,6227899
474214934,12,11375657
474216098,37,1296765
474216591,12,874927
474216711,8,405024
474216780,15,446037
474217183,9,328982
474218107,11,746252
474218183,17,5741108
474218274,20,1750164
474219691,14,915567
474220996,7,1014234
474221344,9,1329593
474222198,14,558925
474222406,25,2928372
474222559,8,1443592
474222901,44,18078579
474223047,10,2829507
474223264,10,2226121
474223796,10,256540
474224450,12,583748
474224454,17,1998506
474225153,129,85932154
474225332,187,100437618
474225438,14,4141663
474225627,21,7967577
474225633,40,8192193
474225708,54,15049023
474226140,52,26680666
474227151,7,2284010
474227195,32,2557838
474227479,64,27976416
474227776,11,425150
474228132,4,829313
474228986,5,1560464
474229121,49,28676907
474229157,32,19465609
474229180,12,1843333
474229235,60,33537408
474229325,40,14399146
474229352,11,983108
474229365,27,6615092
474229512,127,73453532
474230217,30,11999846
474230505,9,2999037
474230632,15,4606557
474230919,18,5101760
474231095,17,4771128
474231552,5,49965
474231647,15,7238178
474232671,137,71478041
474233023,20,5786961
474233280,43,17354658
474233602,18,794639
474233810,22,4343170
474233953,42,28736200
474234547,31,9616947
474234883,20,7088147
474235199,65,26873652
474235285,14,3585795
474235427,43,13458880
474235982,22,6019360
474236045,19,9112924
474236529,13,1282052
474237293,66,21020033
474237387,6,282114
474237431,81,23164936
474238371,7,1436758
474238419,6,1729034
474238535,62,1625861
474238828,13,3331842
474239099,31,12889231
474239160,50,3165785
474239663,57,35245624
474240384,28,29180532
474240444,42,25293186
474240770,5,466355
474241698,8,1026014
474242411,19,3483423
474243421,43,29499428
474244543,38,8524323
474245370,34,9961023
474245399,28,5627008
474246240,133,68576483
474246336,22,5223852
474248466,22,1274751
474249999,97,25700249
474251787,13,3663212
474253240,26,8407356
474254840,24,2533656
474255280,20,1347373
474255715,673,226375562
474257464,13,2137308
474257935,9,400608
474258081,16,1252117
474258945,8,2083084
474259218,16,854880
474259521,14,3620830
474259575,6,192377
474260344,18,4767607
474264887,142,48810357
474268720,9,553090
474269616,21,5189339
474270174,3,722851
474271732,27,9486126
474272555,24,9502026
474273068,20,9027418
474273455,15,1615545
474274969,18,2113363
474276109,12,797992
474276554,14,4681143
474282917,15,827351
474287411,19,1618813
474288213,7,437011
474289883,44,2427047
474293546,5,505644
474299312,14,1856783
474306362,6,647945
474310139,16,1374376
474311402,12,374868
474312846,12,598705
474313321,8,364730
474315287,17,1175232
474317163,5,125610
474321808,4,252967
474336993,10,845018
474354919,19,1267625
474355647,32,2152161
474359502,14,182714
474386125,43,12799224
474386553,18,5607721
474386929,8,282862
474388357,12,6776105
474390735,14,5317647
474392008,24,12143806
474392017,4,538650
474392893,9,1411784
474394097,26,12054576
474394203,5,665340
474395124,3,761218
474395191,19,1073870
474416039,10,503227
474416087,12,826281
474416640,7,1862223
474424477,48,37813437
474424673,10,999268
474427756,6,1996202
474428554,7,994657
474431318,14,4430014
474433215,29,4352911
474433358,12,1212661
474433897,9,390390
474437482,10,131540
474439717,27,1015414
474440702,7,3283310
474442650,10,484295
474442813,3,81101
474443866,31,2745773
474446326,7,394752
474450966,10,561485
474454365,7,496922
474454551,46,25036139
474456419,7,263953
474456793,54,26344142
474457278,6,570099
474463322,22,941808
474465117,20,1053464
474465875,8,611159
474467288,6,148721
474471375,43,4842712
474473879,168,46334106
474475339,12,1004040
474476091,3,419036
474476924,12,489911
474476930,12,765016
474478369,78,16514281
474478885,10,432809
474480961,16,5413462
474482309,14,866943
474482551,26,989442
474483362,17,1209670
474484230,11,2432921
474484699,5,3210448
474484727,8,880444
474487001,9,753436
474487009,68,5787551
474487329,45,20324230
474487393,12,2586707
474488363,76,46754275
474488420,31,27041483
474488499,132,74806196
474488680,24,11074670
474489246,4,307894
474489701,9,1455150
474490202,15,3995471
474490400,12,2106213
474490782,27,17329424
474491622,14,3876889
474492165,264,139324673
474492254,36,14843916
474492768,9,748669
474492906,7,312857
474493595,66,26365880
474494005,16,1363724
474494297,9,864761
474494824,47,5485246
474495143,9,2056698
474496096,7,454351
474497412,15,654631
474497949,6,1812653
474499141,23,4683369
474499378,6,1371054
474499488,32,2413164
474499781,33,3267159
474499842,53,36876745
474499939,30,5932575
474500549,32,26640859
474502624,34,9671369
474503110,14,5652231
474503202,28,620992
474503211,14,1092480
474503635,15,890276
474503693,10,3558077
474503932,173,8974724
474504588,28,14176751
474506625,13,608842
474506895,12,5173110
474507737,19,2728263
474508295,55,5136687
474508610,23,6646213
474508970,178,5791473
474510551,14,642158
474510731,12,2351991
474511393,15,1211225
474511406,3,68571
474512018,24,6207790
474512567,22,7283913
474513146,5,160885
474513378,17,544961
474513467,10,624820
474513779,8,62140
474514193,26,3917618
474516255,29,4028268
474517155,8,3398444
474517230,16,623495
474518788,21,14241502
474519109,14,989693
474519339,18,759113
474519663,26,12410337
474520801,15,1159970
474521081,23,1771772
474521865,34,7640911
474521953,14,686770
474522150,15,2112980
474523052,9,780246
474523681,34,5727351
474524105,27,12686247
474525314,9,382468
474526678,23,15065005
474526720,15,6368836
474526833,16,1326758
474527337,13,350931
474527359,24,5616243
474527474,9,1417737
474528946,10,501280
474529090,194,69134213
474529563,29,6804124
474530088,7,2018703
474530623,20,1646210
474531294,11,1527986
474531848,14,3543229
474532042,78,28293304
474532069,35,1315783
474532421,132,100683135
474532594,16,1939858
474532947,40,15973091
474533234,22,1392289
474533616,10,3746211
474533814,29,3674076
474535751,13,7199821
474535814,63,35358602
474536268,55,27990263
474536729,74,45446337
474536843,21,5540007
474536970,21,1431836
474537218,153,78400238
474537325,21,4770929
474537528,56,19947020
474537736,4,714514
474538018,24,4452498
474538434,10,3457278
474539182,8,2108411
474539207,19,487979
474539400,72,41518055
474540359,113,75481312
474540664,24,7479539
474540701,68,28494781
474540923,24,8245328
474540937,19,5913068
474541247,68,25425813
474542071,18,9414594
474543117,24,1872082
474544046,11,984826
474545207,22,1024108
474545243,6,179797
474545393,15,3813305
474545430,42,18080495
474546205,8,3699024
474546278,301,20779379
474547155,65,36425927
474547663,13,980011
474547872,62,3530028
474547901,14,673783
474548310,9,3079120
474548493,9,1017005
474548895,3,175629
474550212,80,31738442
474550384,15,4933720
474550464,15,4766329
474551183,8,338937
474551271,6,763491
474551441,8,912208
474551565,3,1649599
474551678,59,18209777
474551975,9,720263
474552044,14,810688
474552430,74,54942604
474552564,13,6218450
474552747,20,6453574
474553061,8,1722628
474553558,32,11576603
474554968,15,1581284
474555679,33,10730170
474556200,153,11012292
474556247,3,758834
474558771,16,1515206
474559081,17,6582383
474559755,9,1922779
474560450,6,578224
474560952,17,1643771
474561255,16,915867
474561350,12,385366
474561971,25,2353459
474562361,23,1054255
474562691,13,1397485
474563595,35,10712788
474567601,33,1915746
474567723,7,561984
474567782,7,831467
474571757,23,1292309
474571762,28,3499309
474571810,9,595671
474572488,8,593956
474572724,5,724024
474573300,32,2892166
474573664,6,1397021
474576300,36,1649870
474578397,9,348276
474579573,19,5266025
474580063,6,689605
474580589,12,489416
474581044,19,4071528
474581265,13,4430482
474582304,40,2970808
474582832,16,1564625
474583061,19,8451346
474583130,17,4174533
474584459,17,7956688
474585004,12,2810702
474585825,17,1217722
474585897,22,8150813
474585997,15,3004549
474586598,13,6955933
474587727,16,2706955
474589038,12,3376575
474590590,16,1686850
474590617,7,754228
474592114,7,97467
474592905,17,2232029
474597636,24,3569453
474598265,9,376589
474600307,23,4188269
474601289,80,10477463
474603623,7,96949
474606246,14,2188796
474611665,13,889427
474613890,16,753255
474631537,8,888961
474687349,3,271096
474693268,8,496196
474694825,8,270693
474696787,7,370674
474697822,4,1139729
474698046,4,215178
474698962,44,16316879
474700714,3,405320
474701322,36,4146242
474702895,29,7235929
474702906,33,2088187
474704846,17,3561750
474706244,6,3853832
474707932,6,2972153
474709362,20,7268661
474720800,11,1137264
474729897,10,4790646
474732012,8,4825837
474733615,10,2634538
474735014,23,9320097
474740966,10,500991
474744423,81,6518452
474744629,7,597686
474748323,38,4621095
474758329,89,1741437
474759996,100,9941617
474766388,13,1086256
474767102,56,1654231
474767422,16,898064
474769904,15,541662
474772536,33,3689657
474774334,56,3619891
474777300,16,396746
474778442,6,140247
474778515,260,24857319
474783751,39,2329592
474786897,15,2057163
474787284,4,866656
474787599,26,1666626
474787867,18,4256048
474788805,18,6305497
474788898,399,235487363
474789322,60,3835720
474789677,20,1904209
474791130,60,19925954
474792861,34,12028840
474794708,17,1484299
474795046,17,1089697
474795474,4,148405
474797566,13,4008177
474798088,10,3116517
474798487,410,256658912
474799241,7,2920503
474800180,12,6858575
474800626,16,1078168
474801040,3,506296
474801101,21,12103590
474802012,8,1644008
474802301,9,3739390
474802307,8,315816
474802638,35,4027426
474802756,24,15904258
474803903,26,5902528
474804245,7,1225959
474804885,15,866901
474805090,7,2009930
474807503,10,1890396
474807512,31,11363848
474807604,35,7614115
474808666,7,516634
474808749,16,3218341
474809119,13,5699883
474810083,18,632336
474811792,77,52946621
474812468,22,5134253
474812781,42,6938050
474812931,9,2796986
474814156,25,524906
474815244,9,2108053
474815630,29,2343160
474815901,8,438734
474817467,16,780808
474817673,13,557862
474817717,17,3432493
474818072,14,4507709
474818079,13,460603
474818127,5,639239
474818764,22,6022130
474820460,43,4068399
474821649,20,9189820
474822337,8,223754
474823361,47,13306073
474823512,20,3626119
474823658,13,2437269
474824336,9,761119
474824633,38,2584509
474825365,27,9827198
474826521,24,1413754
474826813,18,1029866
474828109,30,2261116
474828916,40,6648950
474829262,16,4220964
474830347,40,2072219
474830364,3,201228
474830519,13,1134872
474831531,13,2581834
474832371,29,5256328
474832704,24,8439579
474832770,14,868299
474833386,19,1261392
474833432,4,1029442
474834414,25,1252102
474835699,25,2707543
474836181,8,1523028
474837046,15,4304526
474837347,125,53575967
474837716,10,528881
474838278,17,1932270
474838843,25,1090962
474839026,10,255359
474839430,50,10760410
474840644,15,4889200
474840733,30,1045726
474841103,8,498554
474841177,11,2756530
474841650,10,1079950
474841690,4,1338818
474842236,52,19639689
474842870,141,63488753
474843842,6,1279162
474844632,6,16594048
474844805,59,3000612
474844969,15,3314746
474845171,10,2347557
474845484,27,6851128
474845743,5,518337
474846045,16,1969695
474846417,10,2806499
474846731,61,34669036
474846911,173,132682059
474847114,14,2083981
474847187,13,4160388
474847732,12,677891
474847935,14,6108037
474848629,22,5760471
474848969,13,2791485
474849147,9,407887
474849505,31,12353148
474849700,21,9812318
474850175,13,3781601
474850197,135,93795001
474850393,32,16801375
474850879,11,4282631
474851246,9,350432
474851292,17,678296
474851468,112,35863035
474851556,4,2217908
474851780,8,1314881
474852147,19,3031212
474852431,213,133782283
474852598,29,1508050
474852663,10,2514041
474852851,5,184218
474852878,22,12272556
474853063,141,56982856
474853439,5,205963
474853544,93,64841588
474853638,6,1264103
474853934,16,4107769
474854381,201,151163646
474854979,51,32759987
474854993,16,659620
474855718,5,1206184
474856990,11,5086826
474857326,153,13145610
474857554,39,12653775
474858415,7,2671166
474859010,31,15693965
474859269,17,5938342
474859335,6,202019
474859552,10,3087889
474859982,9,723307
474860275,35,15175113
474860633,6,757850
474860758,97,86729424
474860771,12,3320470
474862093,9,2906433
474862229,16,4482441
474862514,5,229340
474862715,19,2310481
474863270,15,6716462
474863306,43,14129808
474864548,161,126704012
474865043,9,3495695
474865136,38,16892159
474866048,13,629095
474866133,52,3858688
474867228,167,128333647
474867345,15,1446237
474867606,18,4491040
474868723,47,16713701
474868775,15,1227973
474869322,18,961098
474870570,13,1245228
474871159,25,7291787
474872509,242,14958303
474872684,17,643747
474872719,73,4844698
474874488,13,552451
474874680,14,5365351
474874696,10,666256
474875473,38,10703565
474875816,28,2310434
474876163,20,4583900
474878411,18,94685
474880032,10,2092068
474881720,3,179637
474883956,25,1961814
474887826,196,62424331
474888808,14,683382
474888839,15,895966
474890651,11,702578
474891841,6,939843
474892117,7,343272
474892720,15,4110857
474893070,41,5063727
474893084,42,9131158
474893583,45,5696016
474894830,26,1247695
474896563,22,6727985
474897591,9,2724007
474898755,12,3623597
474899422,9,491688
474899428,5,287884
474899482,4,174484
474900647,10,2538538
474901749,29,2138665
474902059,12,1077555
474903832,16,3013994
474906958,12,551612
474914299,5,690918
474921256,6,220615
474924090,7,856630
474930647,9,427829
474933734,27,2201804
474936064,10,576615
474937325,13,380732
474938238,9,177274
474939460,15,280376
474941259,20,793093
474941634,7,136220
474942716,11,225033
474943798,13,1159164
474944266,7,360537
474946758,13,2355400
474948177,25,1366359
474949948,17,3550575
474990561,15,5133891
475004640,25,3163594
475008638,24,2302861
475011362,10,589852
475014577,15,1102448
475017409,21,927175
475019907,29,1796570
475022316,13,516184
475022433,12,1435320
475026384,77,43752510
475027294,8,1171166
475028117,9,136605
475028344,14,4258070
475029602,4,193252
475030277,49,26843098
475030830,19,181979
475030885,7,2078262
475031869,14,4224781
475033184,13,3106038
475035394,27,2454669
475035424,15,1119069
475035467,10,3533498
475039275,12,4148361
475039497,31,1625085
475040217,12,1076810
475040565,17,2689615
475042677,98,42219854
475043219,25,8572135
475045256,28,2783998
475046485,23,7393352
475047190,93,8647630
475050900,9,485202
475051091,9,611505
475053023,11,863303
475054475,8,309610
475059011,57,3762893
475060938,39,3276928
475065934,171,63178375
475068600,17,7055302
475071405,21,2028697
475071812,32,1515289
475072501,11,2557907
475072906,6,347936
475081495,12,3738634
475082084,11,12673167
475086487,27,3325439
475086502,22,1772048
475086743,17,3943865
475088705,50,7378549
475088723,19,1666960
475089300,20,1641534
475091870,16,1029463
475093835,5,821932
475098881,5,159507
475099794,37,3776100
475100853,7,1340296
475104702,49,4558530
475107312,20,831455
475108217,60,2832245
475110258,22,2643269
475113952,33,1923226
475114192,23,1993257
475116095,24,1971591
475128160,50,1465184
475130918,291,176776613
475131283,13,3006227
475132681,22,7805366
475132982,27,7752485
475133376,25,8681809
475134366,18,7456389
475135259,11,1102728
475137276,64,4012173
475137279,18,2163557
475139197,9,7681924
475139218,14,5358572
475140552,24,2114412
475140585,32,10144563
475141887,7,223558
475141979,6,295166
475142263,26,5914169
475143609,13,291201
475143813,11,507508
475143818,165,60431275
475143904,59,38695487
475144473,21,2036366
475144850,11,416900
475144991,16,6267084
475146017,9,4215462
475146316,14,1706312
475146870,44,33194448
475147025,14,1666396
475147326,19,12212502
475147508,15,1756302
475147544,27,1097505
475147909,11,2561962
475148336,7,2181371
475148413,6,446887
475150372,3,830572
475150480,12,5466245
475151973,24,5001814
475152054,38,13960458
475152240,37,5726479
475152679,31,15864253
475152796,27,1462780
475153787,14,5716657
475154125,6,1957615
475154284,15,2217894
475154356,12,2713137
475154401,18,4058860
475154624,60,51331089
475155208,7,217522
475155927,19,4730974
475156583,56,2320403
475157722,14,728507
475158093,10,1110351
475158123,23,2467499
475158707,17,235084
475158815,5,112160
475158929,9,2161104
475159154,53,4753629
475160013,54,5452578
475161205,20,6435711
475162241,45,2100055
475163601,35,1939975
475164591,14,840860
475165838,12,1075779
475166334,5,321348
475166521,7,168757
475167462,4,433671
475168020,20,1676075
475168091,21,1332898
475170413,18,1390028
475171404,26,6211142
475171834,9,640010
475171899,25,8672262
475172844,129,30692998
475173424,58,44506440
475173792,6,456848
475175464,13,3643061
475176261,9,481293
475177492,99,10825260
475177811,303,159456759
475178707,14,5162038
475178848,20,2151867
475179383,38,15771151
475179669,7,1909560
475180183,28,10396438
475180862,25,4082765
475181615,20,10355812
475181821,41,2516638
475182316,13,5382983
475182654,6,1071317
475183958,14,1001884
475184473,12,3669650
475184525,12,6277022
475185898,24,10575931
475186834,4,859096
475187157,17,802067
475187949,19,1701010
475188090,40,18044466
475188150,36,17865980
475188445,6,3567929
475188988,35,1610216
475190216,16,4945656
475190477,334,208440705
475190567,14,9470717
475190885,10,3161992
475190928,15,1140223
475190939,73,46531509
475191412,55,22545017
475191414,15,4710838
475191615,3,931748
475191770,74,45036784
475191797,13,3390958
475192115,27,3534617
475192259,11,2950201
475192372,99,53037309
475192502,17,3697766
475193363,6,2793523
475193448,17,7302154
475194113,15,4945042
475194445,14,2165336
475194493,19,2423656
475194721,33,18329972
475194798,30,6543908
475194875,19,5413498
475195111,41,7531572
475195690,12,4153166
475195947,15,709763
475196612,38,10852197
475197266,8,1464348
475197960,14,3306169
475198305,19,689264
475198627,8,2042757
475198982,35,14387833
475199235,18,6105553
475199850,17,8011031
475199986,143,113742349
475200739,21,6105486
475200749,8,1957168
475202167,71,29871712
475202582,8,396801
475202702,12,3174816
475202842,5,1256990
475202861,16,3619825
475203124,164,99474311
475203406,27,12862828
475203959,6,1733731
475204380,114,64840293
475205386,6,1758167
475205388,6,1270949
475205948,19,2655077
475206173,62,20878238
475206859,8,2539890
475207306,12,5782953
475207889,32,4216580
475208293,68,29823343
475208427,8,2498798
475208676,13,604022
475209147,7,1151011
475209628,9,2309013
475209791,6,2632308
475210523,56,25081117
475210734,37,1330475
475210834,12,3281063
475211049,9,2061284
475211467,30,13425139
475212009,14,2476501
475212547,61,5860466
475212851,42,18938161
475213519,11,4092424
475213644,31,5392693
475213696,6,1552163
475214075,85,46008142
475214176,10,693359
475214801,16,1158739
475214966,12,667089
475215085,7,543434
475216057,6,2703358
475217571,20,1290394
475218384,7,444663
475218717,5,1322442
475219080,13,3981155
475220148,13,4523384
475220307,153,45530967
475220538,31,3753620
475221616,8,2650130
475223458,18,2041273
475225300,25,1370353
475225653,9,803818
475228290,16,6137713
475228979,10,1171688
475230997,45,1237136
475231291,28,1085251
475234548,4,169543
475234855,37,4350022
475235310,4,843458
475236356,15,8660502
475236919,14,677938
475238711,26,3184852
475238931,11,4288454
475239555,20,4176561
475239697,58,2197567
475240823,50,37642808
475240933,16,7349660
475241162,3,741276
475241238,5,2326169
475242278,17,5694356
475242450,13,3902983
475244430,31,9323118
475245503,8,1969063
475246454,23,873748
475247011,25,17922317
475247295,24,8652966
475248437,7,5066076
475248615,50,10386695
475248653,36,8999359
475249893,25,1159237
475250672,17,2442142
475251378,7,1495113
475252376,13,2150322
475252424,20,708997
475255930,26,5225267
475256453,19,1277567
475256504,16,3028253
475257450,23,2346730
475257931,15,4350944
475259494,15,1246786
475260916,21,2626417
475261340,13,1389352
475263437,68,4908617
475264462,24,13056073
475268285,24,1489762
475268666,11,4978584
475268903,8,500785
475269044,12,5265300
475270808,12,681490
475272654,17,902108
475274049,13,3593884
475274673,18,2154638
475276115,10,915413
475277626,17,977452
475278598,28,6574891
475280746,13,1906168
475286785,20,2551136
475288247,20,2049517
475297481,8,938975
475315169,5,978716
475317620,34,3267648
475327394,46,4527562
475332651,17,835702
475334024,28,1485068
475336190,7,209233
475339594,9,281200
475341056,9,365807
475343193,54,4011484
475344141,6,189516
475357777,6,3217413
475359145,7,259191
475359174,41,18235825
475364493,11,1145884
475370138,26,6175910
475379257,25,1941763
475379505,11,991110
475379770,8,488226
475381701,24,1867974
475385781,16,1296209
475388654,36,2315583
475389673,37,15511551
475390508,47,22840129
475394621,11,4314224
475395717,38,23360572
475396198,24,8794011
475396869,23,6931310
475397926,11,3469240
475398538,12,673673
475401057,16,5315802
475403541,10,853866
475403544,5,552477
475405366,30,9940441
475408212,13,3156877
475409871,12,1534702
475411677,23,1913190
475413066,13,605994
475416525,16,1110173
475416969,34,3685110
475420539,30,2726549
475420705,17,4032539
475421299,30,4172689
475423044,27,7735921
475423831,15,4824036
475424095,7,692249
475425547,9,762777
475425611,8,819862
475426068,11,929839
475426121,10,297952
475426312,20,3713842
475429873,33,4132041
475430338,7,837667
475431203,7,437644
475431968,88,35131097
475436002,18,4737524
475436045,37,2841888
475437845,6,109747
475438537,23,4139177
475440996,17,987005
475441479,21,1662140
475442952,15,2111144
475445498,8,680954
475446780,29,14977773
475448901,17,5990112
475450218,4,214491
475451290,12,1676068
475452438,21,2532468
475456620,15,3870334
475457526,10,1019696
475459867,100,8890421
475466714,18,1700829
475470164,22,2462134
475471535,30,2640500
475476858,20,2280182
475489640,17,1588742
475492013,10,224478
475494487,25,6405148
475495389,156,50557475
475495786,21,1265772
475496253,47,16083421
475497573,44,1839340
475498020,17,709027
475498610,42,2500075
475500146,222,107130063
475500685,23,3960302
475500718,10,2075896
475500893,26,1693778
475503281,127,7317597
475503318,4,160182
475503473,4,1065550
475506203,15,1115448
475506688,51,19929604
475507217,3,1029720
475507465,38,12747405
475508128,77,37707846
475508135,39,10416484
475508412,36,26407023
475509017,5,1031822
475510102,21,6346116
475510250,27,6978278
475510402,11,3666675
475510731,7,168177
475511634,23,15530433
475511656,10,806638
475511708,39,12652323
475511752,103,49680074
475511760,12,4167380
475512228,52,3366379
475512738,3,373678
475512837,19,6332650
475512954,14,584911
475514596,9,1535904
475514963,14,3386894
475516215,15,4727367
475517000,8,394388
475517172,65,12199032
475518237,81,43048719
475519197,24,7614650
475519993,5,146175
475521590,14,727299
475521613,12,1122849
475523197,29,3549667
475523423,28,2040256
475524061,13,4430285
475524404,30,9620211
475524715,44,10367620
475527710,53,23517271
475529593,9,801460
475529916,9,2250469
475530271,8,390042
475531230,10,986710
475533750,8,372893
475533980,13,1143468
475533996,11,709649
475534152,13,555453
475534894,28,7100824
475536658,11,427006
475537214,11,2597314
475538008,10,1386889
475538133,20,2661477
475539061,53,14752406
475539101,7,2369745
475539407,6,1089437
475539515,11,349583
475540255,9,766537
475540726,74,19639471
475540913,5,1012054
475540939,4,352633
475541408,6,1687627
475541703,19,1942304
475541984,5,89557
475542292,19,938136
475542550,6,233698
475543321,39,13712720
475543338,24,8035964
475543380,9,408948
475543414,16,970629
475544961,12,622607
475544999,47,24111131
475545819,20,5056241
475546100,18,5694009
475546164,11,657576
475547028,8,447040
475547321,4,682590
475547578,15,682488
475548176,22,1572732
475548473,9,1890192
475548629,22,11649774
475549462,44,13263884
475549482,26,10192237
475549892,24,5052258
475549931,21,818801
475550299,22,1412637
475550741,11,2928611
475551773,129,86326032
475551855,10,662385
475551885,23,5429754
475552130,9,782323
475552938,33,6129743
475552946,6,628781
475553046,438,232744472
475553154,9,3380796
475553445,4,454114
475554558,20,7148130
475555127,22,5912799
475555141,17,4811578
475555170,4,1606505
475555830,3,1004139
475556307,121,92197038
475556728,130,75014274
475556848,11,5989244
475557335,41,12935434
475557542,17,9421935
475557596,44,22926302
475558368,13,3480146
475558723,35,14907914
475558797,9,4347856
475558826,55,16130256
475558962,23,9026350
475559428,77,42106863
475559758,19,2520012
475559995,14,11223001
475560149,5,2275465
475560509,42,13800642
475561281,224,133316702
475561402,118,55494315
475561461,17,7562042
475561866,13,562844
475561876,64,29165559
475562322,5,213054
475562385,18,4559558
475562513,52,23405221
475562775,12,2887096
475562863,20,1352664
475562876,16,7391999
475563838,8,221693
475564642,10,9036408
475564855,8,264414
475565325,31,8485844
475565348,23,13387802
475565746,7,1103171
475565815,14,5568328
475566134,92,81993123
475566189,38,18644444
475566556,31,9261266
475566599,43,3252727
475566986,14,3111269
475567473,43,17189842
475567551,19,977073
475568324,86,35344398
475568478,18,7973133
475568690,8,523485
475569486,102,62620209
475569937,109,53574841
475570161,50,25067322
475570981,28,8399915
475571065,25,1458856
475571590,4,4542978
475574058,16,6199595
475574067,48,15042411
475574281,23,9540021
475574582,13,3887594
475575514,25,6593613
475575668,14,1932667
475577662,20,1967750
475578424,25,8644843
475578558,12,3188249
475579038,7,455431
475580313,22,6576915
475580564,17,709582
475580872,16,4129311
475581591,28,10019831
475582098,8,2238321
475582618,11,723730
475582700,18,2507984
475583366,10,3428010
475583709,8,665256
475583785,24,17557156
475585087,20,1656340
475585196,15,3764847
475585367,13,4309017
475587397,169,18077047
475588665,6,272229
475589738,9,2062328
475593577,18,2763390
475596504,28,1733652
475597415,13,898962
475601940,31,1743326
475602341,8,1521228
475602649,14,3680138
475603038,5,1904680
475603760,7,3599133
475605778,9,3256365
475606032,14,4400562
475607554,42,3729964
475607622,11,533614
475607697,3,203754
475608281,6,742944
475609009,17,4173233
475610134,19,3241068
475610690,28,3662833
475611729,12,8261068
475613787,12,1159343
475613792,9,185237
475617716,31,888419
475620768,16,1070077
475622238,3,6839109
475622997,9,3370789
475623124,11,222396
475623813,13,4435323
475624725,82,16878645
475625584,22,13551099
475626495,9,2097851
475628584,7,699237
475628814,15,2302210
475629421,18,2330642
475636691,13,1946643
