Guild,Kills,Deaths,Fame
Neko no Ikari,38,2,355005
VK Army Freeman Reborn,15,1,1277510
MAMA DEL MATI LOVERS,14,1,118858
Me Agaln,24,2,5280589
SoloPl4ya,104,9,7034503
Pin Pals,11,1,484317
Kronos Ascendens Judex,52,5,2515832
C E R B 3 R U S,10,1,835854
No-Fucking-Mercy,9,1,761906
BLOOMS,69,8,11530843
Albion Lone Wolf,16,2,2484802
ZMZZL,8,1,353625
Industrias Sougad SA,24,3,2417445
Baby Family,167,21,10421975
86-Eighty six,47,6,2548115
testguild1365,15,2,793269
WITH THE LEGENDS,22,3,941287
OIIA OIIA,109,15,11337256
Heer,7,1,1690596
ELDERYN,7,1,654608
Nightmare of reapers,13,2,822433
HiperactivosUMSS,19,3,2063228
M A V E R 1 C K,24,4,2210349
White Lodge,12,2,1875101
Chuchu Noturno,6,1,1029804
AURA ROADS,6,1,1418400
DacH,6,1,254044
GoriIas,6,1,374143
S A F E Z O N E,6,1,1800389
ChillinClan,6,1,357319
Lone Shadows,47,8,1718734
Antartida,52,9,2960758
GoodGrief,28,5,1849966
ILONELY,28,5,1077381
Dramatics,11,2,279209
Giga M1lkers,22,4,5932348
Brothers Of Lost Hope,22,4,944856
Terror Of Solo Players,133,25,13027342
LAPLUZAM,21,4,1839327
Trulicity,10,2,917175
YZ main,5,1,105805
Cursed Pumpkins,5,1,795967
DARKLOL,5,1,117308
Encarnados,15,3,504872
ARCTIC GUARDIANS,25,5,997337
Skibbidi toilet,5,1,1036518
Rising Crows,10,2,436154
Amigos do sol,5,1,26771
Lazamgutsmile,5,1,1104366
Tudo Magnata,5,1,125019
MAJIN-BU,20,4,2311322
Morrendo na MIst,10,2,352116
RAAMPAAGE,15,3,2004259
hongchenggongren001,5,1,505419
P R O,5,1,751944
Dont Time,5,1,17852
Crimson Gank,5,1,59058
BANANAS EN PIJAM4S,5,1,1139376
king Criynsom,5,1,515285
DIVINAS,94,19,22886272
Red is dead S2,118,24,8102389
Mortem Imperium,147,30,8316923
The North Order,24,5,638998
The Death Saints,28,6,1122139
Real Whois,14,3,194682
Mazapan,60,13,3994177
FULL-DESPROFIT,32,7,3903786
Ryomen SuKuna,41,9,2611338
Hisoka,135,30,4621309
PERDEMOCAMINANDO,9,2,127934
Skullknights,13,3,907804
TURKS LAND,13,3,1125267
QUIERO DORMIR,21,5,1531810
Split Second,543,130,229767667
Dires Bane,414,100,42464564
Tal da PANELA,103,25,5939817
Ordem do Nada,4,1,126699
Bandit Kill,40,10,5673566
0-BRGAL-0,4,1,156692
E X O T 1 C,4,1,33087
auraaaaaaaaaaaaaaaaaaaaaaaaaaa,4,1,786842
Dynasty Of Thieves,4,1,1840408
xvolks,4,1,53310
Imperio Dos Anoes,4,1,57432
Walkers Of Avalon,4,1,12881
UNERG,4,1,179444
V 0 1 D,48,12,5517659
BLACK DE4TH,4,1,65857
Solo Blade,4,1,207183
SNUFFF,4,1,1816179
MINISTERIO DA DISGRASSA,4,1,262045
GOBLlNS,72,19,3256313
17:00,11,3,945154
SPATEN,11,3,245755
PIU-PIU,11,3,248857
Stay Lit,18,5,1610976
Trevourss,18,5,208141
BRAHMA CHOP,36,10,2496528
DarkChains,546,154,225067842
Hatedd,21,6,1986708
Branlo17,7,2,464112
GrandOne,7,2,50100
PENllS BLACK,470,137,107968589
WH4TS4PP,106,31,31497969
BORN IN ROADS,58,17,2032126
Maximum Effort,2302,682,150749878
One-Legion,10,3,524326
SAGRA2,30,9,1743239
FARMER MONKEY,20,6,2147095
GELO E TECO,1284,391,507100750
C0C0R1C0,170,52,9846582
Doble OC,4184,1283,438906829
Check Him PC,13,4,1307657
G E N K I D A M A,239,74,9462406
L0S TILINES FREEMAN,16,5,979527
BOMB SQUAD BR,16,5,1569989
Tropa da KaBUM,35,11,1274508
INDOM4BLE,28,9,2772710
Just Drop4,1704,548,264073716
KAMOTE VAPERS,34,11,4129788
SIN PORCENTAJE,106,35,37516476
I Paradise I,528,175,149376056
Limpa a Call,3,1,601148
El Holandes Herrante,12,4,685073
NoSoyAlka,3,1,663458
eTERNITY wARRIOR,30,10,1707074
HOHOLUA,3,1,29178
Last Templar,6,2,449048
Blueberry Poachers,3,1,407361
Cold Eyee,6,2,982765
Livempire Games,30,10,3026036
Revengers Suku,3,1,61176
ORESHNIK COMPANY,3,1,874111
Fischer projection,3,1,39202
SAND BLOOD,6,2,281095
VERGANZA 2,3,1,412889
79th Battalion,9,3,261177
Cok o Clock,6,2,275476
Z I O N,3,1,132483
HomosexualParadise,3,1,296130
Faixa dou GAZA,18,6,366148
usBALALAIKA,3,1,382858
Valle de sangre,3,1,282870
LA MALDAD DE CAMINOS,3,1,2540904
The South Park,3,1,326555
Flank,6,2,216637
Hybrid Moments,3,1,356954
MLBD,6,2,128436
Merce 1,6,2,665157
Chingen a su madre,3,1,539259
Aenima,6,2,296001
Das7as9,9,3,1117344
ALC4TEIA,15,5,503796
xSentinelSx,3,1,499844
Be better,6,2,935037
B I N B O C O,6,2,578990
C A L L E J E R O S,72,24,5262066
Captain mazen,3,1,370732
Sindicato dos Refinadores,45,15,3268109
PERRYS,3,1,124151
viva la libertad carajo arg,3,1,119839
Golden Knights Royal,3,1,80120
Colmillo del Atardecer,3,1,9511
The Princess,3,1,658356
The Oficial Deadly Alliance,3,1,45810
2 CONTRA TODOS,3,1,345613
Mi Hermanito Galactico,3,1,295767
Bears and Maces,104,35,3788869
HeIIheim,143,50,13353929
Fuera venekos,362,127,119012479
Mao de Elastico,1129,399,384515089
NotFures,79,28,33934675
American Mini Pig Association,14,5,771343
Team Flex,22,8,2899638
Nyiajhmoob,11,4,253567
R U I N S,11,4,932157
Sangre de Mercenarios,11,4,808433
Hijos de la Anarquia,71,26,8983525
LUISJOHANYT,30,11,2116865
DARKM1GHT,2950,1097,1332658026
Evil Kool Aid,4765,1778,1805705613
S-A-N-G-R-E,8,3,180650
Team Aguacate Hot,8,3,976432
X ZODIAC X,8,3,677841
UN NUEVO AMANECER,117,44,7858325
PlataLey,21,8,909895
Portadores DeI Caos,78,30,4523449
Drakonty ligea,26,10,626856
PATAS DE OS0,44,17,2114173
OnlyChads,739,286,57794334
Roofroof,209,81,83165026
Battle Rush,815,316,251358757
Warriors of the AEsir,54,21,3866203
l VNZL Gang l,64,25,4014971
Eternal Defiance,538,211,48666643
LOS-GATITOS,5,2,199418
Juan Pies,5,2,282726
Heroes sin capa,5,2,694519
Divando fixa,5,2,440251
rushlevel,5,2,105738
fecha as aba e firma,5,2,214440
Ordem da Primeira Expedicao,10,4,697877
Cornos Unidos,10,4,258324
Shadow Vultures,99,40,12668147
Faction Army,628,254,46180849
HEILPVP,403,164,24549867
SuperSonic LegendS,105,43,6124897
D I N O C O,3985,1637,1566674701
P U L S A R,34,14,6363130
Sword and Fist,51,21,2660029
Shoes Store,12,5,887562
Avalon Gap,12,5,650445
B_L_A_C_K,50,21,4945549
S0LO-LEVELING,126,53,6885897
ANASHEIX,19,8,3381005
Let Me Gamble,38,16,13620941
LOS MATROSOS,78,33,3215031
A CASA DOS BRASILEIRINHOS,26,11,7759818
Club Winx,33,14,1815298
Los Memoriosos,113,48,18757814
UGotRatted,75,32,19216546
Prejudicados,21,9,904606
ORION PARADOX,21,9,1320839
Explocion de Sabor,42,18,13970712
xx Lone Wolf xx,51,22,4913307
Curriculum Vitae,3762,1660,1593320374
Lethal Warri0rs,1848,816,229357934
FAS-Tercios,9,4,130072
1MARAUDERS1,9,4,773929
Black Rose Creed,9,4,1309735
Pandemon1um,11,5,939048
Public Display of Assault,66,30,6127060
Orden Del Loto Verde,22,10,2532717
Epic Hobos,66,30,4172093
DOUX,46,21,3222488
Spazzin Out,139,64,8340618
VlNLAND,97,45,20146630
Nihil Terminus,15,7,4231966
Loyalty Matters,377,176,34915987
Jonhnie Walker,17,8,1220008
M Y S T R A L S,70,33,10427854
I N D O M I N U S,70,33,1896906
N0T HUMAN,912,431,242082854
M A N I F E S T O,274,130,8994473
C4 Gang For Life,59,28,8834344
MelhorGestao,63,30,11382250
Leckeres Essen,23,11,1930606
ENDANGERED,2587,1241,1194871485
Cardiac Arrest,25,12,1542819
Antiguos Guerreros Aztekas,125,60,10734184
HUJING,162,78,44136025
O Gank,31,15,1026754
K1llZ0N3,39,19,916892
Projectt X,39,19,2975271
Wanted PKS,130,64,27151848
Rias,73,36,3431117
This-Promise,81,40,6535938
Greenwood Stronghold,2,1,68550
Guardia Nacional De Lymhurt,2,1,28297
MS6,2,1,128771
True Damage Og,2,1,69847
Papuclan,2,1,297804
Killer knights,4,2,662204
M I N D L E S S,10,5,653629
Blood and Ashes,12,6,1282769
Clan Reyes,4,2,60510
NO BB NO LAILAI,2,1,146928
Kerosene,2,1,28931
HA-HA-HA-HA,2,1,98217
Knights_of_ blood,2,1,106266
Gubki,26,13,1600508
Void Team I,4,2,490634
X-V-X,2,1,364985
Monkey Rats,4,2,1289299
T e a m R o c k e t,6,3,1143603
I NM O R T A L E S,2,1,120052
Teem Player,2,1,26769
Tribu de Judah,6,3,359702
Tropa du Balacobaco,2,1,223514
FENIX1,2,1,25246
Fortress_ project0,2,1,61952
Goldwaechter,8,4,469805
P1vass,4,2,651676
ARTHUR KING,2,1,173322
Gurken Schurken,2,1,154078
Memento Moria,2,1,172209
MasterBoys,2,1,18783
La Corte Del Bufon - P,2,1,324547
n choran,4,2,447126
ArtFarm,2,1,92842
The Dirty Innkeepers,2,1,144383
Doralingus,2,1,127926
La Cruzada Carmesi,2,1,73055
M 4 D,2,1,284899
Farmers Agresivos,6,3,320496
xAPEXx,2,1,108593
D z N,4,2,278113
Minions do Pantano,6,3,443577
Eroth,2,1,788306
I OLD MONEY I,4,2,103060
SKOLKO FEIMA V CHAS,4,2,137997
Knigths_BroTherHood,2,1,289880
Los Pachulines,2,1,57531
Night of Depths,36,18,2808138
Lost Bay Traders,6,3,277798
Big Brawl Clap,2,1,1420170
La Vaquita Saturnita,2,1,115144
Empirial-Kittyos,2,1,42687
PPYF,10,5,534350
Warborne papi,2,1,19741
Mia khalita anti-gank,6,3,556401
pico y martillo,2,1,92152
Wu Ji Bi Fan,6,3,2328160
Zysas,2,1,50453
UFX,20,10,2982630
P R E D A T O R Z,8,4,345899
ira del legado,2,1,78084
ouro boro,8,4,425436
Excidium Solis,2,1,142466
OVERTREDER,2,1,18991
only The chosen,2,1,17445
GUERREROS CELESTIALES,6,3,674194
El Puerta Truco Empire,2,1,7853
SHADOWHARVEST,2,1,63264
Golden Vengeance,2,1,82587
Los Burritos del Sol,2,1,113563
Beware of Killers,2,1,177132
welcon gamers,2,1,148097
Chubacas,2,1,159309
Z_WARRIORS,2,1,54723
A TROPA DA NATA,4,2,108973
V I A J E R O S,6,3,995669
MED1AN0S,2,1,835464
155 NA HCE,2,1,14808
Hijos de Wiracocha,2,1,158362
Mad-Brothers,8,4,957253
within the light,4,2,942972
caballeros oscuros II,2,1,208689
P O W A,2,1,311700
Free MoNEEs,2,1,26132
MalioTamTam,14,7,1723941
Los PaltePantis,6,3,568564
demon piggs,4,2,46716
The Emperor hand,2,1,36539
SLIEK,2,1,83393
KOOPA-TROOPA,4,2,155469
S E N R Y U,14,7,632758
M A I D E N - L E S S,2,1,429602
ll HACK ll,4,2,3787737
SILDUR-WORL,4,2,472373
BAROQUE -WORKS,2,1,43278
Donkers,2,1,67856
IN UR BACKKK,2,1,67690
INDECOPI,219,110,22854529
Evil Gatitos,1375,693,435427073
HELL KILLERS,196,99,67301275
H E L L C O R E,193,98,21740901
GANKOLETEIROS,120,61,12140953
Stay Close,759,388,338440029
ENVIADOS,31,16,2777276
D3stroyers,112,58,6821368
I Diamond Dogs I,81,42,22400985
Gods Corp,102,53,15433979
OG BlackWater,207,108,43282712
Erome,604,317,159840752
1NFIN1TY,249,131,83235090
ARMONYYY,19,10,1626592
IMPERIO MAKUS,982,520,81589016
Slammed,1857,988,819264126
AlterFirsted,15,8,997587
Te Garcho,13,7,1071980
Hijos del Sol Ardiente,50,27,1472679
ASP3RA,61,33,6858131
LOTO NEGR0,138,75,10238808
Bandana Brothers,22,12,2751520
Los sin retorno,11,6,1004089
BlackSm0ke,1424,784,154499706
Donkey Division,87,48,3695745
LAST TlME,9,5,2557716
WB POLlCE,104,58,2707593
Evil AssassinsGreed,1109,621,282424272
GALA GROSSA,25,14,1500877
Hitsquad,1112,623,466366992
Uxon Fortex,107,60,50535588
PlVAS,6718,3772,2554880147
Flor Morada,122,69,63929186
HAI HU,122,69,5359382
Llamitas Su Su sum,802,455,215208550
Solo-Gank,111,63,4474526
Decent Folk,63,36,3270224
Timoteo Army,7,4,937212
Redness Crusaders,7,4,1099841
E F N E S,7,4,819818
CLUB - S P A C E,21,12,1876043
G0LDEN C0MPANY,7,4,857526
Air Fryer,585,340,94893693
Upside,3990,2325,1258551658
S L I C E D,2223,1299,785173245
Mono Con Navaja,2055,1202,648903708
I Nothing I,1108,649,177693165
La Pl3bada,17,10,1339349
A L O P E C I A,144,85,13849069
minoris pretii,27,16,5037122
We Bare-Bears,69,41,7383208
Victory or Valhalla - NA,1127,673,335618532
PEGA NO MEU PAU,5,3,122544
Mach 1,20,12,1534514
Siphon Energy 0,5,3,129602
FABRICA DE TANSOS,75,45,7396099
TheChiefs,5,3,374735
WhiteSm0ke,5,3,544692
Not so Stock,5,3,1388919
Luck Army,5,3,577986
Liga Del Sur,5,3,329144
SOLO PLAYERS FACTORY,5,3,824728
Monkey Company,5,3,400908
Gloria Prusiana,5,3,639735
AIea iacta est,45,27,3981022
Horny Loot Donkeys,5,3,290582
HOSANA,5,3,135409
Got Talent,155,93,27156401
Narehate,25,15,1721752
MARMITARIA,10,6,1414900
Ridin Dirty,5,3,436917
headbutt,155,93,36698807
End 0f Discussion,10,6,2287492
sOuL GripperS,5,3,175590
Free Beer,731,445,283389686
Deaths Verdict,18,11,1724262
Ecos da Ruina,121,74,4799907
Mythix,1481,906,468304363
JFures,31,19,1640950
PROYECTO-CORE,458,281,51351284
R3conecting,2162,1328,741778511
OS CORINGAS DO ALBION,39,24,2198366
ACM1PTX2,13,8,2594094
DragonForceS,21,13,2795146
O-U-T-L-A-N-D-E-R-S,29,18,2188356
MOTORHOME,180,112,67667257
0peraciones especiales,24,15,1835492
Caixa Economica FederaI,8,5,2320968
ViGAME,16,10,1888906
YOU_ARE_DEAD,5954,3722,517114562
A N X X I E T Y,836,526,99624611
Girei,73,46,6541608
IMPOSTO FUNERARIO,228,144,17726845
TheMadness,11,7,316385
Bridge To HeLL,36,23,4320306
Nirvana Calling,525,336,199295118
BLACK HAMM3R,84,54,20981377
4NONyMOUS,14,9,505803
CLAP BACK,160,103,42422442
GO INSIDE,285,187,50748754
escuadron salchicha,35,23,4759551
Wyze,273,180,160230635
True Gentleman,1039,688,203417740
Contingent,2307,1535,1001753142
FrostMaurne,3,2,29041
M E T H O T,3,2,205476
caos y origen,3,2,198789
LOS FTTA ROYAL,6,4,350248
Os Protagonistas,3,2,49553
Restos de morgana,3,2,545937
Bread Addicts,9,6,424969
Heroes Runicos,9,6,972298
N0 MOLESTAR,9,6,802496
Crias Apenas,3,2,172425
Petesaurios,15,10,2744644
SIN COSTA,90,60,4182749
LAS CANDYS,3,2,45095
Albion Bet,3,2,179846
The Last Team,9,6,684008
Hospital psiquiatrico,3,2,182619
LOS HIJOS DE LA VIUDA,3,2,244513
PunhosFlamenjantes,3,2,152670
Polaris Major,3,2,1715268
4LMA PERDIDA,3,2,90597
Game Development Department,21,14,870627
Thunderkittens,3,2,12246
Dragons Paradox,3,2,288
ClanGojo,3,2,160838
FARMERS AC,3,2,164444
Lluta Esports,12,8,316370
FearFactor,3,2,57838
A Vida Nao E Um Morango,6,4,1475570
Welcome to Chernobyl,3,2,97691
THECABAL,12,8,2124273
El Tren D3 Aragua,9,6,843091
VELUM MORTIS,6,4,557359
Blue LabeI,389,260,83567514
DEATHR0W,473,317,189340523
Complejo de Pocho,144,97,9097057
R A D I O,278,189,110439817
Veni Vici,1067,730,408803994
L A S T - H U N T,19,13,1560637
El indio solari,913,625,204195341
One-Day,609,417,100069979
Just_chill_to_start,16,11,1238739
NO HOLDING,1564,1076,551120547
Dies-Irae,1378,950,490391473
Therian,42,29,9170708
Blood-_-Ravens,13,9,678766
Fortshitlings,13,9,2090166
kako21,26,18,2675612
LIFE IN CAMLANN,26,18,3173184
LE SSERAF1M,208,145,68621783
Inspeccion de Billeteras,281,196,31798150
DISMOUNT_HERE,50,35,2906400
Elite de la Sombra,10,7,1170635
KON TAC TO,342,241,76058270
Sprint With Me,1802,1277,586567408
Y O P A L,79,56,17181596
99F00D,614,436,220929891
NoFreeThinkers,908,645,309537506
Sturmbringers,118,84,12791160
Roads Nerds,66,47,12501062
H U R S T,199,142,21726751
Sol_Naciente_T1,7,5,1110818
LEGION MIGAJAS,7,5,410756
LOS ROMPEDISCOTEK,35,25,6409195
Aguapanela Encantada,133,95,20391567
Watch ur Six,7,5,1248029
TDK,186,133,7518125
At Arayan Kelebekler,60,43,4738961
Make Albion Great Again,3439,2466,1331425873
L A S T W O R D S,400,287,119462414
I JustUs I,39,28,8433231
Rohirrim Company,39,28,2947517
Sono Ku,841,606,254645016
Zero-Time,44,32,1318517
Who is Lobitos,11,8,3937954
I TheSect I,11,8,692297
Escarveil,81,59,5173092
Cuys In The Clap,351,256,147919049
Only Strike,230,168,12022790
Kingdom Fury,15,11,1892040
R4GEOUT,15,11,1462017
Sea-Sky Fraternity,847,622,227270870
F U L L-C O U N T E R,403,296,86567613
Unholy Core,137,101,8518512
Gatitos Mimoshos,541,399,152225945
N I G H T C A L L L,27,20,11696252
PlatinumEmpire,27,20,1271864
We Trade,35,26,3762516
PRIME MODE,454,338,121714039
YaKcheYa,143,107,49161275
Dragonwake,4,3,247335
cefiro,4,3,190631
Soulrend,4,3,121664
Fight Club BR,4,3,379166
Pura - Sangre,16,12,2052819
ORFANATO SAN JOSE,4,3,493141
Shi no tenshi,4,3,386974
N o m a d z,112,84,8459177
Evolve,8,6,1221996
FORT STERLING BR,4,3,286728
Red-kill,4,3,509298
The Ghosts1,4,3,466782
RestInPieces,4,3,305206
Radiantis,8,6,228840
LOS COCS,8,6,352866
los arcanos asendidos,4,3,53974
Els Gats d Or,105,79,6570103
16:00,947,715,368979923
Living Legend,127,96,12367340
Mafia Rybna V2,29,22,851065
Papel e Caneta,25,19,904389
II Genesis II,25,19,1117050
M R T A,25,19,2319484
CAZA GANKER,176,134,16087634
New_Horizon,329,251,72431236
XKXK,60,46,3677662
Bold Intent,69,53,3922097
Cheer,709,545,181041719
Xx El Oasis xX,13,10,239778
S T E L L A,13,10,2237123
Serpens TakaTaka,175,135,37892169
Ice Fort,57,44,3783070
Ava NNoiseZ,22,17,1513071
De Late,9,7,3086141
Gonzalez03,9,7,3983553
ACORDA BRASIL,9,7,662833
The Skull Bearers,83,65,6406368
Sunters,14,11,576550
Marmotas Mercenarias,66,52,13082089
AWAKENEDWARRIORS,19,15,658440
Ethically Sourced Loot,38,30,1257730
KULDAUN,195,154,14935539
GGNOOBS,134,106,12470283
Aslet,24,19,2986457
les fr valoir,270,214,61969335
The Lonely Men,1277,1013,670258331
MEVECH,233,185,123489256
Ignum,401,319,163208458
Caminos De Arena,137,109,3928706
zNecromantes,5,4,387928
H U M U N G O S A U R I O S,5,4,271853
AURA PLAYERSS,5,4,1298677
IRMAOS SHELBY,5,4,66912
I SOLID,5,4,131048
Q u a r t z,15,12,847113
An-bu,5,4,323856
E X I L I A D O S,5,4,333635
BLOOD MERAKI,5,4,361979
SILENCI0,5,4,490351
MDKs,5,4,594474
Symmetrie,10,8,1187189
Tr4t4 D3 4lbin4s,20,16,1974608
CompletelyStrange,702,562,44157273
Los Elegidos Por Jesus,67,54,4677030
Piratas420,292,236,89841805
Ministry Of Bandits,1940,1568,420908136
Silent Partners,74,60,5413143
Anyth1ng,127,103,22696801
24 - 7,297,241,52347801
II INMORTALITY II,16,13,1787300
LEYENDAS DE ALBION,11,9,166622
A L T - F4,11,9,5516761
Hold My Pocket,199,163,46832535
IFures,4738,3882,1964851449
Ciervos Negros,39,32,2937687
Reino Nomada Erizal,17,14,790966
Obsidian Blades,295,243,96033814
TakeOnMe,40,33,6161667
BLACK---BULLS,63,52,9966332
Dismount And Death,64,53,6112395
Eyes of the Darkness,47,39,3325658
The Uppers,60,50,3855692
Freedom Flex,18,15,2658060
Hasta que todos seamos uno,6,5,687107
SIEVEN,12,10,1188836
Esoteric Cult of Cthulhu,6,5,558827
Covil Do Wolf,12,10,815119
Skyrise,373,312,84835086
Companhia Pele Ferrea,49,41,4744137
SWAT RELOAD,19,16,4534899
Carry 0n,222,187,94100942
desavence,1660,1415,623582528
Gyere Gecy,14,12,3009922
LinajeOscuro,7,6,226587
A T O R M E N T A D O S,14,12,619536
Death Heros,14,12,586322
oiham,7,6,477282
H E L L O C O T T O,50,43,13792076
RUSH-B,200,172,17183919
AFK 444,73,63,2851394
ForAgartha,59,51,1502681
BLOOD HOLLOW KNIGHT,89,77,12998369
Da RushinG,269,233,53722943
BrawlCore,15,13,799822
Infan3,15,13,2973705
Nexus,258,224,36940055
Your Iast Breath,64,56,25590850
The Legion of Reflective Fall,16,14,1167029
GANGSTER SOLO,24,21,784543
Orden-Real,8,7,956718
L4 LUJUR1A DE TU T10 El N3gR0,8,7,767592
Error 404 Not Found,1058,927,280492277
G A M,74,65,5295798
We Profit,802,705,306567949
Bryllanos,220,194,15089050
1AZEROTH1,34,30,2098843
TEAM BOMBITA,17,15,512800
Un Monton de Gordas,171,151,12104621
OriginPoint,180,159,36596425
Treasure Tales,1067,944,49614816
BLACK TAPE,1469,1300,292196077
LatinWarriors,707,626,258984003
TU MAMMA,1189,1053,509564788
xX The Jokers Xx,946,838,240462858
Be Careful,142,126,38129894
Feel The Silence,71,63,9772312
Abyssal Hunt,18,16,1116882
STTP,45,40,9726700
Chubby Lovers,9,8,888597
I Dont-Know,18,16,2743655
Guardia-Nocturna,18,16,1271556
Keybump,2364,2104,848650144
Brain not Found,55,49,6390314
Andetakers,47,42,3828888
QueenAnaRevenge,221,198,69124384
TEAM DINAM1TA,246,221,31515223
Mystic Tecolothy,876,787,339003100
N I E B l A,10,9,412388
Birds and Feathers,10,9,1310554
No-Respetamos,20,18,2102926
BERSERKERS_CA,30,27,1016831
Ganaderia Triple X,10,9,1346583
Last-Pass,71,64,6110495
Guardianes De Asgard,51,46,3640535
Overprice,1650,1489,427805001
KR SEED,810,733,137456723
Be Silenced,422,382,118791591
B U R N I N,1525,1385,690297014
No Lineales,33,30,3309147
CAPIBARA GANK,33,30,4281998
DESASTRE DEL-REIN0,11,10,1283217
Bloodkillers,11,10,3739616
TADALA e BALA,22,20,3437143
Alpha Shadows,11,10,1654697
XXX ZZZ XXX,11,10,1102497
Arroz Clan,182,166,6430855
WIND BREAKERS Y-R-T,80,73,1671142
Sex Appeal,47,43,6408889
Spetsnaz Grail,533,488,127139698
light chaser,60,55,11000499
Right Nowz,206,189,22441360
TyrannT,1464,1346,583690153
I Call Out I,162,149,49516157
LOS_Yakuzas,25,23,3010268
Outlimits,2758,2538,1278558918
T O R O S,251,231,52164214
xll ARCANE llx,63,58,5633495
BombSS,101,93,49494265
One For Albion,13,12,1115237
Ava Owl,79,73,8242161
SOLxCRUEL,55,51,3277606
Post-Mortemm,14,13,3405724
A Gangue Trololo,252,235,16306955
QANKUNA,15,14,1682444
mi gremio DANIALEISA,15,14,312715
P R I M O R I A,475,444,95844933
Make Albion Great Again II,521,487,204170430
SunOfGods,170,159,48841501
R - I - S - E,48,45,6575525
Shadow garden NG,17,16,2123342
S Y N D 1 C A T 3,157,148,17852008
Angry Apes,163,154,23659462
S-N-G,92,87,6625591
VIGILANTES DEL TEJADO,131,124,10668730
Death Sentenc3,79,75,15875661
My-Bad,21,20,3988838
AIter Ego,367,350,120985877
Loto Escondido,68,65,4145689
SnuSnu,46,44,15231323
Rainbow Kitten,25,24,875701
AO University,2983,2865,1240017682
Mighty Claws,133,128,26250820
Eevolution,55,53,7571022
BlackW0rld,28,27,2706526
The Insanity,170,164,15322767
IPaniC,436,421,131794230
FETTY WOPS,31,30,4379375
FaIIen AngeIs,572,554,131561643
P R I M E R G O L P E,139,135,26403036
TheMonument,37,36,5012075
B E A R P A W S,77,75,12111929
ONE PUSH RUN,162,158,43660135
Keepers of the Quagmire,122,119,23345707
Monkey Leaders,41,40,5393307
Fire And Ashes,290,283,14568518
YOU ARE LOOT,130,127,13847444
iVoid,473,465,114127383
Rogue Natives,3588,3541,1831832453
Black Ursa,390,385,103278975
Royal Ratpack,804,795,203905794
IIFures,732,726,357800860
Albion bandits,51,51,4039611
HALCON BLACK,16,16,3572404
TheLASTDisband,7,7,226382
Strategic World Empr,1,1,62073
Albion War,2,2,52044
La Orden de Escarcha,2,2,162516
LOSDIBUJITOS,4,4,2257238
0NU,3,3,540821
Rincon Del Zafio,1,1,3954
A Merchant,1,1,133515
Disband V,1,1,150012
Monstruos del Vacio,1,1,91834
BayasAzarozas,1,1,14166
ENERGIA OC,2,2,395552
Last Team,1,1,30351
ZZaguilarZZ,2,2,29470
SoLows,1,1,144260
El sotano de albion,1,1,8220
E L Y D R I O N,281,281,64756389
GGXL,1,1,306502
Black Orden BR,1,1,121274
YeetDynasty,3,3,68592
INFAMAS,1,1,43443
KNIGHTS OF HONOR BR,1,1,91136
Sponsor Me PLease,1,1,89668
Cabras da PesteBR,2,2,211728
Castle Crasherz,1,1,82386
R3NEGADOS,1,1,198212
Claiohm Solais,1,1,60297
COLOMBIANS GOD,2,2,78911
osoblanco,4,4,146918
LEGENDARY1001,1,1,141756
NO GANK NO FUNNY,1,1,5724
Papusoides,2,2,208358
El Clan de Ouroboros,1,1,23382
Tuskateers,8,8,567378
Ryod4n,1,1,25939
SOLDADOS X,3,3,891247
Pijus Magnificus,1,1,462365
WeryTash,1,1,64755
Ejercito del Rey,2,2,136683
os goza e dormi,1,1,360
I Take Care I,1,1,453296
Crystal white,1,1,21264
Hell Birds,1,1,18144
RMT Business,1,1,63360
BOCA DO CENORA,1,1,166561
Xandar God,3,3,157348
Pick Up The Phone,1,1,16660
Discarded Saints,2,2,1632
Los Chuchi,6,6,1105149
Dark Turn,4,4,126611
BlackDeath35,1,1,62964
R-35,1,1,22038
ANYTIME ANYWHERE,2,2,81642
UKHU,2,2,1626858
Voces del Bosque,1,1,112371
T e G,1,1,69998
QUE PAZA PERKINAZO,1,1,180847
EGlendarios,1,1,24149
Los Caseritos LC,3,3,31809
BRIGADA BALROG,1,1,84762
LEGION DE EXPLORACION Z,1,1,45600
slayer of the beast,2,2,270209
End Of Silence,2,2,566344
Bastardos del Titan,11,11,734089
TEMPLARIXS,9,9,1579832
PvP All Day,3,3,289719
LAST SHIFT,22,22,2043075
Eternal-Reign,1,1,652195
la recluta,17,17,662981
PIBBLE,1,1,135851
La casa del novato,1,1,21582
STALKER-of-THE-DARK,1,1,63018
Os Preversos,4,4,155178
Overthinker,1,1,25526
Legion of shadowss,6,6,1063001
ONLYON,3,3,831626
Red-Hunters,1,1,108666
Gamehouse,1,1,65930
Los Milanesas,2,2,408367
ADASTRO,7,7,606346
Good Tryers,1,1,24752
Kontradiski,1,1,65757
ToppanLagann,2,2,49196
RAISE A TOMB,3,3,337956
Los Mama Toto,2,2,87366
the_warriors_martlock,1,1,136446
Legion Ainz,5,5,53269
Need silver for Porsche,5,5,93084
cheap builds enthusiasts,1,1,95229
caballero eternos,1,1,204766
W800tCraft2,2,2,104982
Carn Dum,1,1,78779
RMNT,1,1,139590
kING IN THE MIST,1,1,311499
CALCINHA ATOLADA,2,2,331022
Made 1n China,5,5,925079
Hero To Zer0,1,1,23559
Death Pact,1,1,147547
DIVE TO DIE,81,81,19672203
Suryen,15,15,936612
THE BAD BOYS 1,1,1,10437
Herdeiros de Erebor,4,4,158588
Wardens of the North PH,1,1,22238
UNOS,55,55,5345934
Los especiales,2,2,61015
Incas smurfs,6,6,211266
TheHope,1,1,84915
I V E N U M I,20,20,800816
tigres Brancos,17,17,4039903
LEGION ETERNAL,3,3,162424
LivingDead,1,1,2964
LS reino terrenal,1,1,1942
Rayzems lair,4,4,491290
xThe Solo Guildx,1,1,214916
CRISTIANISM0,1,1,50974
Latin Unit,1,1,59367
CALCINHA DE RENDA,19,19,5132599
NAM FRI FRULI,2,2,583357
La Orden99,2,2,305078
PCY ZONE,1,1,10459
The Life Sneak,2,2,158678
bald brothers,1,1,155680
Ghosteyes,1,1,14473
Revolution Deathsquad,7,7,1241989
POTASAKROMITA,1,1,720
Doggie Down,43,43,24014772
El toqui Lautaro,2,2,280718
Crimson-Reapers,2,2,164529
Touch of Malice,4,4,171340
SkILL ISSU3,1,1,45420
Chill and trade,1,1,21141
ONE FOR ALL T,1,1,111425
HCE ROYALTY,8,8,581407
La Hermandad Del Oro,1,1,26579
x_LEGION_x,11,11,214528
Silver Perdido,2,2,40017
Ghost de Sparta,4,4,24753
LAGS YOU,4,4,424593
Los Celestiales,1,1,3591
N O R T H - S T A R,1,1,212004
Gatitos-Esponjosos,1,1,116155
ordenim at solemnitatum,11,11,197895
RICHER THAN U,1,1,10700
Pisca Alerta,1,1,288125
Amigos da Floresta,1,1,8616
Zukaritas,25,25,4543655
King Spear,1,1,32527
Knights Of Monkey,4,4,410987
W 4 R G,12,12,2599084
Anti Gankers Club,1,1,22979
XxGatosNegrosxX,1,1,8016
LA PARA DE TU CORO,1,1,20357
Myuri Mercenary Company,1,1,18217
Les Kassos,10,10,1465671
LiFe BRiNGeRS,1,1,47031
Soul_Knight,8,8,697074
INFINITY_BR,2,2,21797
A TROPA DO VOLEI,2,2,29937
llMXMll,4,4,1304921
xVIDAx,2,2,114657
Diesuvive,1,1,119052
U L T A,38,38,7776728
3RL,1,1,9372
Social Credit Approved,9,9,679837
I The God Hand I,11,11,638242
La panza de Oguri,1,1,27944
Absolute Boundary,2,2,31736
skilldiff,3,3,85448
VOID HECHO,3,3,349501
El Arcano Del Loco,3,3,127808
Aullidos,1,1,11286
THE_DARK_LEGION,1,1,16656
Corrupt Killer,1,1,38713
Los Malditos del Albion,2,2,59980
21st Sinn,3,3,222758
C o n g o,1,1,357537
Sangre Pretoriana,11,11,647598
GOLIRAS,1,1,6931
l FALSO POSITIVO l,3,3,267194
VALEBAT,2,2,228082
V1ctory or Death,18,18,1737780
Traders league,1,1,9103
LonelyWolves777,1,1,42096
Shishio,1,1,57001
Los Namekianos,4,4,734145
UGLY PRINCESSES,1,1,1125985
Build Back Inflation,1,1,213669
JORNALEROS_DE_LA_PENUMBRA,2,2,146147
Exclusivo,1,1,75564
Egirls Enjoyers,4,4,950977
Family Affair,1,1,29753
Jeagerista,1,1,121216
O B L I G A T O R Y,1,1,39345
oLTz,14,14,519377
BEAST-HUNTER,1,1,210114
D-E-S-T-I-N-Y,2,2,978003
ThePanas,2,2,247757
DARK SOUL STAR,11,11,147401
AX Clan,1,1,32742
Rats Loot,1,1,74911
Twilight Avengers,1,1,131232
Festa Estanha,1,1,275998
Sabuesos del Farron,1,1,646300
MINOTAUROS BR,6,6,865346
LOS PILARES DE LA FAMA,34,34,1173515
Los herederos de Hierro,14,14,840847
MAGOS Y ZORRAS,7,7,773385
INTERDITS,2,2,457080
STONGHOLD LEGENDS,1,1,126286
The one 00,1,1,171117
0UTNUMB3R,4,4,458125
Xanxiety,2,2,262628
Rafinha,1,1,69284
Mafia Del Calamar,1,1,223082
MusicLovers,1,1,5610
Sangre de luna,8,8,992577
Waiting for 1v1,1,1,50677
IIMENTALII,8,8,894962
IMPERIO ALEMAN,14,14,943971
Pay Up,1,1,34881
Macanosos,1,1,5694
Lixeiros Do Pvp,1,1,17277
Storm Riders Reborn,2,2,183599
ESTA ES MI ESTATICA,1,1,86196
Monkeando la Back,2,2,178388
Osos-de-elite,1,1,73629
Exiliados del Pacto,1,1,73332
Murder Silencer,2,2,74204
R3D3NT1ON,1,1,34113
Cocholate Casero,1,1,372549
Los Gladiadores,2,2,56855
V de viagra,2,2,221874
entre-la-neblina,3,3,119652
RATIRL,1,1,85778
Les Tabarnak Du Nord,8,8,1705123
Los Mamiferos Invertebrados,2,2,181826
R A K Y A T,2,2,112516
cuenta secundaria,1,1,232705
S p a d e s s,2,2,135762
Nacidos para morir,4,4,86653
THE FAMIL,3,3,280986
DARK WOLVESS,3,3,17690
Webweavers,1,1,187188
D I V I N O S,1,1,6349
NewMountMoon,4,4,463808
Silencios de lo Infinito 23,1,1,28890
Glorious Angels,1,1,46498
Milongas Plays,1,1,99662
My Punch Into Your Ugly Face,2,2,46080
FOUR RIDER,3,3,366274
Operacao Troll,1,1,25334
Legion Radiante,1,1,64368
Cosmic Warriors Arg,3,3,127253
K1nngs,1,1,39448
Bufones de Ava,1,1,52636
Nueva Adelia,2,2,228293
Legion Indigena,1,1,28716
Los Bayardigan,1,1,20673
l E-V-O-L-U-T-I-O-N l,1,1,36165
The Comunity,1,1,37781
ThreeSetsDown,1,1,21197
Elite Demolition Group,1,1,113211
LOS BOLAS ROJAS,2,2,138834
The Family M,1,1,145719
Legion De Patos,1,1,39168
CACHORR0S,3,3,434387
H-E-L-H-E-I-M Haven,1,1,159661
Coureur de Bois,3,3,143097
Still Rich,5,5,232143
HellDogs,1,1,37235
Os Druidas Psycopatas,4,4,214515
Atmospheric,2,2,102679
Instic,4925,4929,1959259477
MANIAC BEARS,748,751,258170082
COMARCA HOBBITON,208,209,20335244
Liga de Legendas,127,128,7006319
THE ARCHIMAGOS,202,204,28870332
EZG0TO,100,101,19689691
Warlocks Legion,79,80,30723517
KNIGHTS OF BRIDGE,257,261,20638656
Aesirs,210,214,23874003
Shadowclaws,50,51,6339855
Shall We,141,144,13795515
MISTSO,36,37,5327706
Caballeros Del Pasado,331,341,54426420
MAZACRE,129,133,21095738
OSIIRIS,122,126,13147796
I N S O L A T I O N,82,85,15766197
F R A T E R N I T Y,75,78,6643959
Eterno CaoS,25,26,661747
U Are My Profit,692,720,129131713
Sindicato De Los Paputs,24,25,1913227
Arcosanti,650,678,205849148
Grougaloragran,133,139,10132366
Los Faloperos,41,43,3125126
Daddy8801,20,21,2569213
The Lonely Skibidi,794,834,320323397
Orden Hospitalaria,807,849,133056914
Fuma e Farma,19,20,2195267
Mercenario NoMercy,19,20,3559429
next page,128,135,29575027
LOkOO,128,135,21158408
P U R G 4 T O R Y,816,861,279214411
Go to Bed,18,19,1804552
THE DARKNESSES,70,74,12465462
Life is game,935,989,216994106
CECOT,168,178,35869534
V4TOS LOCOS,67,71,18372067
Wandering-Souls,180,191,14348273
THE TRUE ORDER,208,221,32665402
MINORIA,92,98,13589937
U D S,45,48,3714429
Legacy Corporation,673,720,158065604
NEW G3N,527,565,183848001
E M I N E N C E,180,193,33356288
THE BURNING FANG,13,14,3005545
ROKhan,218,235,63195787
Please No Hit Me,128,138,15484248
La Banda De Los Kamikazes,37,40,1621724
N A G A S A K l,906,980,233259345
pan con mortadelas,12,13,338562
OathBreakerz,238,258,65282541
The Rugrats,3228,3510,998931347
GRAN_TUMBA_DE_NAZARICK,91,99,6711782
MOONLIT BLACK CATS ACADEMY,11,12,557937
Mikeh,11,12,1159997
Legion Pochos,11,12,1182464
Ghost Divers,21,23,4467308
Eternal Knights of Shadows,312,343,31797703
secret heaven,10,11,752562
D A E M O N,270,297,110516815
I M O R T A I S,2529,2783,927927375
OVER DISASTERS,88,97,6514127
Flying-Pigs,19,21,3926540
King Surf,28,31,17970233
D E C L I N E,191,212,55281148
los akaskis,9,10,108209
Normal y Tropical,9,10,1695898
Feed,9,10,372047
M A N I A C,153,170,8317241
FUERZA FENIX,9,10,1045086
Road Of Ruins,18,20,2030454
Los Narcisistas,597,666,163666983
Ass Breakers,84,94,8608758
Insanos por PVE,217,243,21223176
Black Dragon Aeon,357,401,65707254
Snow Specters,73,82,3215223
TOP TIER BANGERS,16,18,385420
Union Knight,8,9,721918
Parolo,8,9,2882350
Maximals of Caerleon,8,9,617557
Donkey Punchers,8,9,191643
K R Y T H A,16,18,1178492
VK Army,313,353,57188621
Silver-Ghouls,37,42,3605208
DEVORADORES DE ALMA,36,41,1446695
honor kinghts,21,24,845918
Sickarios,7,8,307517
EQP ODIO,7,8,110177
Eternity Specters,21,24,860838
Posty,7,8,460017
AssassinsGreed,14,16,1761556
TARGARYEN E-SPORTS,7,8,541431
R E Q U 1 E M,55,63,7983359
XxMorpheusxX,41,47,2823480
Puchainas Gordas,54,62,9489354
Road Ratters,27,31,1835846
Rokosos,496,572,97387219
No Sensee,13,15,607390
DEMENTOMORI,26,30,3793206
Reyes del Respawn,39,45,6978443
Nena y Los 77 Petes,13,15,1384884
Team-Wolf,19,22,799196
B L E S S E D,25,29,2046441
H-E-L-H-E-I-M,50,58,6291632
La Furia de Midgard,104,121,10751594
Banddle City,440,513,135392615
K 4 FN,18,21,2279372
A N T A R E S,18,21,2621947
The ghost knights,6,7,1436966
BROTHERS THILL DEATH,6,7,649779
HERCULEZ,6,7,222605
Caidos_Del_Alba,132,154,8932286
en Venezuela 1,6,7,338103
NIGHT GU4RD,6,7,189962
R 0 Y A L,6,7,220817
Gente que sabe,12,14,1640733
WhiteLotus,17,20,1068208
LosMismosDeSiempre,17,20,2273392
T R I F A R l X,61,72,22849693
DPSZero,33,39,3033725
Phoenix Rebels,350,415,67032384
VALKARION,123,146,4226294
Aponia,339,403,39942449
Dreamfall,190,226,53176022
I Devil V1ctory I,110,131,20664931
RascaBolitas In Your Back,352,420,143925809
Orden Palomera,5,6,1095605
H O L Y B I B L I E,20,24,1688753
Hijos de Eru,5,6,427622
La Federacion Y,595,714,167012809
xxXLoquito y asociadoXxx,10,12,1531976
Gun Runners,5,6,554697
GUARDIANES DEL ABISMO,335,402,67489412
Depth Squad,5,6,670359
YAKUZA_G,15,18,1013268
I O BLOCK I,5,6,110839
Roses-Academy,1027,1233,205384293
ETHERNAL-GLORY,94,113,6946432
JAMAICA,49,59,5942590
The Plaga,666,803,213956050
Darkness INC,319,385,93015007
E l i x i r s,19,23,3104323
Punky Punki,450,545,156708095
La Guarida del Joker,194,235,54443235
The Real Aggression,818,992,181598544
I Loniez I,390,473,100028614
Last Bench,215,261,63171672
NO LOCK,56,68,3470564
Ill Be In Your Mom,56,68,8199719
MICHI BROTHERHOOD,107,130,17053103
DARK PRICE,60,73,5398178
ArLand,225,274,21662850
zGameZ,215,262,37692030
LycorisRadiataa,185,226,54348497
Kitty Killers,36,44,4823498
BRAZZUKA,9,11,419866
clan del viento,9,11,2423528
DULUK,31,38,3360683
The Jolly Rogerz,115,141,25497987
Infinite Astrolis,92,113,8117206
League Of Depths,13,16,2014998
Banana Republicc,13,16,6040662
Kill Or Be Kill3d,78,96,12787213
1-Culto De La Luna Eclipsada-1,13,16,970588
IMPERIO DE MYNOGHRA,86,106,4935254
shadow f1ends,54,67,5448851
ThegusT Kings,29,36,1278652
Ultima-Ratio,97,121,22016283
Via Nocturna,105,131,17991655
Recolector y Farmeo,4,5,184947
GamerSRevengers,12,15,432090
GENEI RY0D4N,4,5,164651
UtopiaMX,4,5,359512
Mas Respeto,20,25,1229215
Prime Void,4,5,251026
MXS2,12,15,2098483
Circle of Mirjan,4,5,338759
Death Tour,4,5,112597
Blood Wolf Team,28,35,1680245
Guerra de Faciones,4,5,353773
XxTropadoUrsoxX,4,5,1659842
Mercenarios Sin oficio,4,5,339589
Hermanas Margaret,8,10,269741
P0choLandia,19,24,1983518
CALOTE CLT,87,110,6785542
Black Aura,34,43,1045185
XNoMercy,864,1099,275929384
Imperium Viss Ignis,58,74,4819580
Blades of Avalon,99,127,15395314
Unslave,4334,5563,2010004799
A P E I R O N,379,487,82645726
The Bacons,49,63,5814004
NyxReign,7,9,1179082
Redemptio Aeterna,7,9,339808
LA CORTE DEL REY,7,9,1062835
SOMOS RANDOMS,7,9,2435571
Profit In HCE,7,9,308436
Sangre de Esparta,7,9,560054
THAUREM,17,22,1588709
IDark-DragonsI,34,44,11473447
R 3 T I R E D,203,263,44244037
I Warriors Company I,761,986,103561281
ShonioKami,27,35,1935156
OLIVERIAN 2_0,10,13,1002051
Nomadic Sentinels,10,13,1393001
HIMIKO SONS,10,13,1195828
No Straight Roads,36,47,4342989
Vulture Tyranny,13,17,4172014
Griffins Riders,571,747,207235552
LOS SIERVOS DE LA MUERTE,123,161,29394799
Warlord Syndicate,55,72,6124769
Los Caballeros Del Oni-Chan,460,605,154621486
TheHordeGM,95,125,14704088
Ecos Del Vacio,19,25,2404475
Honoris,452,595,41906788
El Tren del Hielo,114,151,15508723
The Aegis Project,49,65,8763641
Game of Zero,3,4,503912
KARABURMA,6,8,898502
PbI6AkU,3,4,338424
Farm to Market 51,3,4,309966
M E R M E L A D A,6,8,1044291
ArGentiNidad,3,4,661534
ASTARA,3,4,99533
BACKYARDIGANK,3,4,45647
Mobility,3,4,364280
URSOS AUTISTAS BR,6,8,1823837
Dragons of Abion,3,4,305875
GG PERO NO,3,4,7416
the guardians of wars,33,44,7938765
renegados del infiero,3,4,698784
RECONECTION GANK,6,8,629237
Tenryuubitos,9,12,382470
Solo Xd,3,4,389946
Last Darkness,3,4,147837
OS MAMACOS,6,8,148480
senpapi,3,4,220302
EL CHUCHU DE ARAGUA,15,20,2350812
WE COOKED,107,143,8110091
DRAGONS-OF-ROADS,50,67,3964378
VITERIUM,44,59,2625344
Ceifadores-de-Almas,70,94,12512793
IFireForceI,84,113,10593725
D1SARRAY,23,31,4108245
Los 0cupas,250,337,60316212
xX Mystic Xx,20,27,676165
Aura-Chill,20,27,2337379
Ordem Aracnidea,20,27,1431214
memepaws,48,65,2368272
La Madrigayra,110,149,5846449
casperblack,14,19,473459
U-S-E-L-E-S-S,28,38,2509996
LIFE AND HONOR,103,140,14062550
SOMBRA-DA-MORTE,103,140,6087291
DaOneNOnly,50,68,3427020
OUTLAW5,94,128,21573386
A L C A T E I 4,58,79,4956030
H3roLag,22,30,2121194
Rohan kingdom,11,15,278731
E S C O R I A S,11,15,615047
KURO-S H3LL,145,198,10576299
Pirates creed,41,56,5903174
SH4DOW G4RDEN,30,41,8195399
IRMANDADE DOS RENEGADOS,49,67,2333865
Proyecto Nefalem,32,44,5960578
Pentachill,42,58,10277489
Mafia Sindical,215,297,43915433
M A N D A T O R Y,435,602,50955612
LatinKarma,13,18,196345
NightHunterss,13,18,1168352
BearLiddle,52,72,5574144
L 0 B O S,88,122,12419806
GATITOS TERRORISTAS,54,75,9603756
JOMSVIK1NGS,18,25,2947698
IG2I,82,114,23628364
H E L L _ D I V E R S,149,208,27885613
I N S O L E N T,371,518,62598172
B L I N K,106,148,23171802
The Blessed Ones,5,7,774548
AETT Blar,5,7,299764
LA TABERNA DEL TROLL,5,7,626157
1El Continental,5,7,327444
Morbid Grave,215,302,17552475
Gankers LetaLes,1128,1586,245048700
Sweet Violence,438,616,89305814
Alpha Rats,187,263,44041702
The Lonely Mauron,76,107,9199332
Legion Brocoli,71,100,5893448
Dont_Cry,78,110,24281598
Yeguas avalonianas,243,343,74203850
ON PACE WAR,12,17,230625
Stop Crying Baby,12,17,579710
Bandit Lords,86,122,9840216
ANNlHILATION,307,436,72528295
Anti Hype Rus,14,20,1265688
Drakebound,119,170,12297624
Templarios Gold,21,30,1559436
B L V C K B U L L S,7,10,1301749
we dont want fake people,7,10,311684
Paladinos Sagrados,7,10,810763
iCore,16,23,1543948
A U T I S M O,34,49,5446964
Toy Soldier,122,176,10681928
fairy tail3,45,65,5557760
Hellgrind,9,13,1573592
300m,183,265,68593501
MAS57,40,58,3502592
xGuardianes del abismo,11,16,1088467
E R E B U S,107,156,9512662
ROYALCROWN,39,57,6425433
Night-Wolves,149,218,49749239
P O S E II D O N,30,44,18905020
N E V A D A,62,91,12232905
Interrupted Signal,32,47,3742865
LEGION CUY,102,150,14992704
R E H A B,441,649,113749529
Seakalm,36,53,3950891
xXBad IdeaXx,188,277,23951743
iBurn,40,59,6037395
McDonaIds,75,111,2688159
Adeptus-Custodes,27,40,1521897
FATAL1TY,29,43,1817222
Mute Zone,190,282,42948046
Honey Fingers,66,98,10574135
We Are Yakuza,82,122,9039723
I Think So,125,186,26066200
EL REICH,16,24,828393
La Cota905,2,3,26896
Refimeros,4,6,561016
4FUN IN BLACK,2,3,54667
Account not found,2,3,200816
Kedoin,12,18,814256
Shikanoko,2,3,1845234
GANKOLETA,4,6,697938
Soul of Gold,4,6,3199911
Uknows,4,6,231302
Batata-Gankers,4,6,2451711
Taverna Da Engenharia,2,3,179269
Nous7Familly,6,9,536921
OLYMPUSMX,2,3,81225
CosmiC-ChesT,6,9,1332428
Bleeding Apes,4,6,833062
LOS_GALGAROS,2,3,99469
I---GatardoRecords---I,2,3,126758
touros negro,8,12,284154
pocho power,6,9,591379
Eternos del Abismo,16,24,1284796
l ESCALATION FASST l,2,3,386345
Leguminosidade,6,9,102660
ARKADIA GHOST,4,6,373411
RIZZO,2,3,90161
DESMONTADOS,2,3,33072
Mandalorianos de Chile,2,3,182273
Onyxia Z,4,6,153777
Guardianes Del Espectro,4,6,726951
Goddess Morgana,2,3,92575
MiXueBingChen,2,3,119464
TALLADOS,16,24,1522499
Negocios a Parte,2,3,105049
PINTIBINTOCAS,2,3,57496
LierAndSnake,4,6,1345153
FRANGOS INC,4,6,631657
TEMPLARS_ORDER,4,6,381602
ZEFIRO,2,3,449222
CAOTICA,10,15,1160760
Mystic Avengers,22,33,2454543
Gatos X locos,2,3,1038002
LORDS DAEDRAS,8,12,671481
Grand Kaos,2,3,266617
Phantom Horde,2,3,97038
Bariloche,4,6,1759915
the woolfs,2,3,175663
Final Forms,2,3,58236
PLAN 3K -GENTE POSI,2,3,52458
Hiden Assassins,2,3,66077
ONLY-F4NS,14,21,1210347
ERECTION,2,3,19431
Z 0 N E,82,123,8603514
Monky Nigth,4,6,150790
GGBR,2,3,63992
Lobos Dourados da Noite,4,6,534132
KINGS OF DRAGON,2,3,214775
PRIMARIS SQUAD,2,3,80757
Anti-Tesis,4,6,344034
cadets of antisocials,2,3,204795
GuildPotato103,2,3,37503
LosUltimosWendigos,2,3,58035
HEARTHGUARDS,2,3,139656
Tumba de la Espada,6,9,573006
K-O-Z-A-R-K,4,6,138792
Royal Circus,2,3,371011
The Wolves Of Valhalla,2,3,14264
Ordo Militiae Templi,2,3,77965
Granjeros_Cie,2,3,311174
Born To D1e,167,251,53146779
Os Sem Nome,151,227,8021291
TIERRA - MEDIA,135,203,39947375
Atrasa Lado,45,68,13979579
M 0 R D O R,35,53,9504876
KillSquad,68,103,4133763
Happy Hour,29,44,3609809
Pay_For_It,226,343,59300236
Divine Departure,67,102,5787935
The Kingdom Of Guardians,19,29,876955
Pure State,17,26,2294741
DivineVoid,153,234,51273108
PLAYB0YS,68,104,26120295
IT s ShoW TimE,385,589,38844443
RedLine Empire,200,307,26085364
The Bells,253,389,27094827
lB E R S E R K,405,623,85518402
REVELATION CLAN,13,20,2105334
Chronus,13,20,507480
NIFFLHEIM,72,111,28716592
Paz Eterna,59,91,7902564
You Okay,51,79,5150730
Escoria Rebelde,118,183,28665399
T-5,29,45,1911053
THEPIGMAFIE,9,14,495726
C A T A C L I S M,9,14,369726
I REVENGE I,501,780,176148516
Ban4nas De Pijamas,41,64,14474222
Los POCHOcloss,422,660,52743536
MEDIEVAL SHADOWS,131,205,29726624
NAVAJA,53,83,4219405
PRIMATA MOD,618,970,161269513
Zerg Incoming,7,11,404702
Dark Foundation,14,22,810953
A-S-G,35,55,2868442
Eromita,31,49,6567612
Fire With Fire,225,356,35136200
Red banditss,36,57,16160614
OSOS AUTISTAS,131,208,21162944
Mythic Vanguard,228,363,23587465
LOS CHASQUIS,54,86,4249710
H3rois da Tret4,178,284,30126473
Baofengyu,67,107,15670680
Obsidianss,5,8,2335639
Jacobs,5,8,433744
H4LLOWEEN,10,16,315712
N0 FUTURE,10,16,692975
Evil Paura,188,302,31938462
Krozakov,586,942,238770749
KING MANE,164,264,10373510
Critical-Hit,54,87,3272620
F E A R M E,361,583,100039963
MASKEICOS,13,21,654525
Furia Nocturnx,1778,2877,439925006
Velo Rojo,108,175,32177740
Onliners,8,13,594283
III HASHTAG III,83,135,13006567
The Destruction Company,176,287,19525638
LIOZKIRO,30,49,1246355
F0rwardUnt0Dawn,11,18,1173143
La RevelionLx,22,36,2210630
Raven Of Morgana,314,514,114604619
Guardianes De Nazarick,25,41,2603639
Veel Glorie,50,82,6435929
Cavaleiros Avalonianos,95,156,13059695
ClAN PR3STIGU3,14,23,895060
4 20 ALL THE DAY,14,23,3861659
Redentores da Prata,17,28,1341733
I Heavenly Demon I,94,155,7495622
f-BarZini,32,53,3011683
Anti Sociais,101,168,14094231
K O D O K U,21,35,861611
Golden Moose,9,15,1998444
Tela UwU,3,5,666913
Government Subsidies,6,10,275029
Grid Hollow,3,5,454116
MODO GUERRA,3,5,321831
LEGENDARY PEGASES,3,5,203295
RROMPECRANEOS,6,10,75412
SIMIOS GANG,3,5,259756
Black Alienz,3,5,66426
Umbrella the Revenger,3,5,160422
C O N F L I C T I V O S,3,5,532547
Southern Merchants Guild,3,5,1707155
Team Combi Gaming,3,5,1451479
La casa de goku,3,5,103740
Reds Monkeys,6,10,1349122
Gaiola,3,5,498098
ParadoxUniversal,6,10,452515
Axx Brakers,3,5,201941
LOS PRIMOS FC,3,5,303730
ANGELES GUARDIANES,3,5,167152
I Guess What I,12,20,1374896
Trippie Redd,30,50,881548
Zoltrak,12,20,319897
Black Veil Order,3,5,343714
W R E C K E D,160,267,29584359
Dark FuneraI,67,112,14674225
X-PvP,202,338,61510974
IN MOR TAL,34,57,2681191
PROJECT ELITE,38,64,15425677
Last Bober Dance,475,801,127402352
Cavaleiros de Vera Cruz,75,127,8679122
The Kings Codex,72,122,15020044
V O R A C I T Y,152,258,44457141
Explore The World,273,464,38092255
BLACK NIGH,20,34,1567737
Los Hermanos Pollos,17,29,521409
CeridwensLittleHelpers,17,29,1018689
frentic of valor,7,12,901389
CLTs de Bridgewatch,21,36,1626326
DRAGON INFINIT,21,36,3808185
Eikonic,752,1292,183677857
LEVELEANDO SOLOS,32,55,3317523
SAT1VA,107,184,22708781
Taiko,237,408,31338875
Tributos,18,31,4229382
R 4 V E N,78,135,19073591
Harvesters of the Hopeful,773,1348,133939930
Red Zone Delivery,4,7,100378
B E A S T Y,4,7,239575
BOW GAMING,8,14,535519
5ymphony Of The Night,12,21,1823135
MaDFK,4,7,1024147
L E Y W I N S,4,7,106701
LOA MATA CAPIBARAS,4,7,309164
Hollow Specs,52,91,6881003
Prata Negativa,4,7,38725
Stand Out,4,7,1447256
La Guardia del Templo,4,7,186805
Cyan,324,569,54606450
Ordem da Cupula,70,123,1674305
SKY GUARDIANS,33,58,2818762
Hamburg Kid,46,81,8055563
JOKERSPRANKS,13,23,1259168
Evil_Eyes_System,13,23,956396
N A M 3 L E S S,436,772,101747615
ETERNAL NIGHTS,31,55,6831606
L I O N H E A R T,40,71,3605340
Cuervos sangriento,18,32,1337425
RAD4R,9,16,1016910
xCATACLYSMx,9,16,283751
Life is game II,9,16,4113796
MIRAME Y TE MUERES,9,16,978823
IVEXI,86,153,12086692
Te Brawlea Un Negro,32,57,7970396
L E G E N D A R I O S,114,204,16415822
Doislave,101,181,54246122
C A M B A D A,198,356,37030215
Von supremo,190,342,24332422
LA CRUZ DE ADAMANTIUM NEGRO,5,9,604528
Yotaze 06,5,9,316409
LOUCADEMIA GANKER,10,18,274666
PAUS MOLINHOS,5,9,704309
SacredCreed,10,18,2348179
REDD HOUNDS,10,18,592092
SDMN Sol Da Meia Noite,10,18,561542
Communist Commando,5,9,253456
Evil Monarch,5,9,490908
I APEX PREDATOR I,5,9,323208
Stacksfree,5,9,342569
Quinta Ordem,77,139,5616125
OnlyFame1,21,38,2905555
ABYSSUS X,37,67,14988714
The Dungeon Of The Black Compa,107,195,6465702
Corranlabola,102,186,11242421
R U L E R S,6,11,366565
NXBR,6,11,220274
Searchers Of The Lost Candy,6,11,249794
Earned,6,11,1657655
F0CUS,6,11,250354
Captain Timo,12,22,1676961
Private Union,6,11,700766
HOPLITA,168,309,40989831
ADEPTOS DE LA PAJA,131,241,21640052
Black-Vortex,33,61,1199803
AltoRango,7,13,281376
RedGlitchs,7,13,1053951
Reality Deniers,7,13,598763
Santuario de las sombras,7,13,408705
Marlock Watchful Company,7,13,511941
Los Perilleros,35,65,4120211
II W A R R I O R S II,7,13,585542
ARKADIA WORLD,101,188,13866993
-,8150,15212,1240626018
Shadow Runners,15,28,1127989
DATE A LIVE,188,352,42693097
LosHijosDeLaLuna,8,15,967297
Lord Of Loot,16,30,1560940
Martlockanos,25,47,1512474
Throwing Chair,151,284,28318218
BONDE DO KONG,17,32,723182
MeT4LCorp,96,181,5307728
Chen t,27,51,1555283
Twilight Knights,45,85,4280937
Sertralina,9,17,8345220
ELITE MONKEYS,9,17,1144090
N0TCH,18,34,9140832
L U S I T A N I A,88,167,12532473
H Y S T E R Y A,10,19,549923
XMxAxYxHxExMx,10,19,772872
Loucos Por PVE,139,265,11876250
Finis terra,27,52,3019876
S K Y R 1 M,70,135,10305799
S-TARK,15,29,756838
Holy_Templar Order,15,29,1919009
XANGELESXSANGRIENTOSX,16,31,485774
SexyMadaFaka,27,53,926400
EL LAG DE LAS HCE,29,57,5856290
I Made in Abyss I,48,95,12661274
GreMiO dE cerVeCeroS,52,103,5632349
Secta del guante,2,4,233262
THE RO0STERS,1,2,13793
Big familly,3,6,251636
Black spring,1,2,234677
Os_nao_ve_bicho,1,2,109304
G E M A,7,14,2749916
Dragon Cross,1,2,89384
Platigolds,1,2,7272
IEEE,1,2,78841
Legio Fulminis,128,256,9252496
M I S T W A L K E R S,2,4,8946
Los Pochitos de Taty,8,16,1230938
Rioting,1,2,85843
AFKINGLAND,3,6,265192
L0PEZ,1,2,42018
Viatorem,1,2,168507
H O S P I C I O,4,8,144799
suisei no gotoku,1,2,146725
NEXUS 4,1,2,53576
Yellow River Boys,1,2,113221
Family_of_Gankers,2,4,33445
OneWarrior,1,2,129059
JJMonkys,2,4,206627
L E G I O N - N O C T U R N A,4,8,126375
Clube do Bola CDB,1,2,191539
Gati Army,1,2,20232
Solid Blue,2,4,208769
Assassins Creeed,2,4,863548
Crazzy Train,1,2,87063
BLACK MOONS,4,8,491211
La mula embotellada,20,40,3859692
Fauces de Avalon,4,8,1444568
I Minimum Effort I,2,4,221590
familia croods,1,2,138091
Formosa Overlord,2,4,303861
LA MARCA DEL EXILIO,2,4,49411
Snow Raiders,10,20,1412697
L U N A T I C S,1,2,50694
Poverty Maker,1,2,94815
CAZADRAGONES,8,16,1396590
Gooners INC,3,6,229457
CmDTeam,5,10,258667
Detonadores de pochitos 2,1,2,28329
SEX_MEX,1,2,72366
La Hermandad del Espresso,16,32,1792453
Big Rooster,1,2,73363
S0MBRAS DE ALBION,4,8,64723
DRAGON B0RN,1,2,37855
MIRMIDONS77,2,4,395948
hwm,2,4,147707
Desterrados_1,1,2,109755
Anti Nikkers,1,2,168782
IS NOT MY STATIC,1,2,95500
Garrafuria,35,70,1095619
Mst-Theford,1,2,239354
La Tropa de Trooper,1,2,20866
NeGhada-SA,1,2,16654
War Dreams,5,10,892513
KchaPoshos,1,2,57988
UberBlack,1,2,1515627
MulitaSquad,5,10,594806
l UNBROKEN l,1,2,2367866
la orden de la sombras,3,6,572346
Rob1n Hood,6,12,447168
Batutinhas,2,4,71211
Puchas De Mamut Peludas,1,2,97691
GR7 EXPLODE,1,2,1459218
Onslaught,2,4,110794
kateghatt,1,2,240
IceWorldPlayers,1,2,80593
La Senda,1,2,97069
The Guardian Lords,4,8,602863
Chud Legion,1,2,106356
Three Lights Star,1,2,37198
Fullfarn,1,2,81458
Maceio,1,2,41176
FATAL M0DEL,1,2,3206
FURIAN,1,2,33568
CLAN DE LA ORDEN,8,16,693400
Dark bandit wolf,1,2,8474
Project Vanguard,10,20,1208788
MIB MADE IN BRASIL,1,2,284401
Guerreros Nordicos,1,2,33861
Rat Got Depressed,1,2,10032
lobo blanco,1,2,90651
G O D S IN L E V E L,2,4,1291329
Tribe Qiluete,1,2,244991
Mambo Special Downbers,2,4,485107
Saturday Night Wrist,1,2,36125
North Karjala,1,2,1765
LOS INFERNAIS,4,8,253663
Harvester Kin,5,10,783185
knights bl00d,2,4,566234
Player Zero,3,6,102808
APAE Bahia,12,24,3822369
Mata Bot,1,2,444269
Las Liebres de Rhosgobel,1,2,102100
Steel Whisper,1,2,103919
Jorge REBORN,1,2,172026
Guardian_de_LYM,1,2,31277
BROTHERS OF DESTINY,6,12,106232
El Trovador,1,2,28923
Hope S Horizon,1,2,53322
DIOS DEMONIO,1,2,108252
Hermandad de la llama Negra,3,6,276530
F N T A S T I C,2,4,120108
Purple Moon Wolf,1,2,524159
Atan,2,4,246939
MR20,1,2,54398
Tanks On Leash,4,8,1252409
RAT CULT,2,4,57258
solo boliviano xd,1,2,128093
demonxx,1,2,0
Caballeros Oni-Chan,1,2,10286
Guild of the Black Crow,3,6,216584
RatatuiS AO,1,2,291572
The Mind Breakers,1,2,112914
THE SAINT INQUISITION,1,2,126607
ARE HEADING,1,2,70146
DEX-terity,5,10,485725
Unlucky Cats,4,8,284621
GRIM EXODUS,1,2,406963
ATTRICTIONN,2,4,131443
RE-BO,26,52,7710603
Black Gnomes,1,2,9204
Synergon,1,2,51348
Ultimos Guardianes De Martlock,3,6,435780
Body Hunters,1,2,22926
A N T O X I C,5,10,250847
TROPA DO INGUICA BR,2,4,71118
FULL CAP,13,26,710120
Shadow Of The Colosus,1,2,198959
La ruta de la seda,2,4,184002
x P I R A T A S x,1,2,89046
Night Avalon,1,2,15453
Its Time,3,6,240252
Outono,3,6,1032137
Brx1,1,2,88581
Lovelyz,1,2,538928
Fate Empire,2,4,7872
The Cowders,3,6,145842
GuardianOfSomethings,1,2,100866
PE NA PORTA,1,2,45360
CORACAO DE DRAGAO,1,2,70519
Feudo-comumistas,1,2,113591
Eclipse Of Destiny,3,6,130668
gorylovers,1,2,94175
New Embassy,2,4,61806
Esparta16 02 26,1,2,82984
Avalon Nighwalkers,1,2,78358
B A G U N C I N H A,2,4,36030
sam612,1,2,262574
VIK1NG0S,1,2,7522
Kharazam,1,2,49835
MAD LIONS LATAM,1,2,183452
II HunT II,2,4,140046
A ORIGEM,31,62,1253818
Silent Merchant Monk,1,2,353973
New Repub,10,20,420788
Fate Zero 1,1,2,190994
xVENOMx,1,2,96541
WanderingSouls,1,2,14092
forja desmonorada,1,2,25538
Lord of ghosts,1,2,15805
Vorathis,1,2,136962
Trebeil,1,2,1498796
Los Bronzas,1,2,128559
BANKR0LL,11,22,728378
Blackstone orderr,1,2,139420
THE PROGRES,2,4,177151
ValHalla Club,1,2,61285
M0NKEYS,1,2,860704
II OUIJA II,1,2,6715
KM KINGMAN,1,2,21553
CRD1404,3,6,150135
I N F I N I T Y - W A R,2,4,76160
Coletores Black,1,2,48801
IIHail HydraII,1,2,21234
n e m e s i s,2,4,121713
BlackClower,1,2,59505
S k y y,3,6,194723
CAERLEON COVENANT,2,4,130584
xX Heralds of Ironheart Xx,1,2,291363
Los Peores Saqueadores,7,14,136464
SF2CREW,1,2,267826
The Shiree,2,4,428703
Western Legion,6,12,408018
el abismo de helm,1,2,88107
valcri,1,2,175009
DawnOfDominion,1,2,10849
BOOMSQUAD,2,4,165402
O V N I,3,6,147324
West Coast USA,1,2,42579
PopsiLabsi868,1,2,18960
los perros locos28,1,2,73278
VGS Vagabondes,1,2,11596
Aguilas Del Zulia,1,2,86131
israelalmendras,1,2,106880
Einzelgnger,3,6,51241
IMarshalI,1,2,75926
Vivallo,1,2,58208
CURSED ANVIL,1,2,65257
llBLACK DEATHll,5,10,809831
LOS AMANTES DE TU PRIMA,1,2,42727
Ghost Kingdom,110,222,31177584
SEX and PVE,91,184,24556460
GT FENIX,35,71,2649777
Crazy Club,220,448,82697337
VME,215,438,45633029
Phoenix Fury,26,53,1670941
IMORTAIS ACADEMY,96,196,19451247
Black St0nes,22,45,2101486
PRED4DOR,42,86,3208299
K-Pangas,21,43,5515521
Southernsons,21,43,2067914
Northfall,15,31,4118667
XXX3XXX,15,31,739974
Unison Squad,42,87,26072563
X EL REINO AVALON X,120,249,12104098
L I N U X,13,27,1058140
Shadow of KIng,13,27,4185253
NEVER PROFIT,37,77,2182960
Guardioes Avalon,36,75,4170106
EL UNDECIMO MANDAMIENTO,12,25,1220965
Hideyoshi,11,23,2706594
Golden-Horde,11,23,1227773
Druidae Umbrae,11,23,620606
SIGTRYG,162,340,29770926
E FOR EVERYONE,10,21,1286555
Magical Mystery Tour,39,82,1558414
i GAME OVER l,28,59,5029293
Cassiopea,9,19,733032
Os Templarios das Trevas,9,19,448833
Rage of Camelot,8,17,1533655
X EL ULTIMO REINO X,829,1776,224950516
Beverly Plaza,7,15,409880
M0RS,21,45,3819021
Albiolines Crew,14,30,668756
The vicious,21,45,2793592
T-B-O-W,28,60,1989944
BELEGHOST,187,401,33549856
M O N A S T E R I O,192,412,31301138
THE CANGACEIROS,26,56,2673226
Gatitos Embotellados,13,28,7197324
SKY- C r i m i n a l s,26,56,2988577
IS MY STATIC,170,367,36482826
Rise of Stark,36,78,4435447
Oasis Community,6,13,504407
Trash Collectors,6,13,611817
Dont Stand There,12,26,1520148
Blodfang,200,434,42851281
Shadows monarchs,17,37,1877898
Outland Anglers,108,236,14543811
AsMeninasSuperPoderosas,124,271,40522857
NYAC,42,92,3542767
LATIN RACE,68,149,8885777
TheSpartanSQUAD,76,167,9804882
NECRO DARK AND LIGHT,5,11,288821
Corvos de Avalon,5,11,376968
Vulkanor,5,11,530693
Not Safe For Work,5,11,255602
Core Cats,25,55,2669522
Cla Destino,10,22,572013
Farmers Delight SP,5,11,684432
Volans,10,22,626341
D O L L Y,69,152,18213017
Los Jibaros,51,113,2951727
Furia nocturnx 2,36,80,6728929
Havana Club,9,20,1805125
Demonic death,24,54,3949142
INDOMABLES CUBA,4,9,112122
BUSCA CAMARAS,12,27,1445427
Twin_Dragons,4,9,822589
NotGood,4,9,143288
LOS TILINES DORADOS,4,9,49396
MorMonkeys,4,9,379589
TEAM Of DEATH,39,88,5648393
Clearance,132,298,26992162
T-E-S-A,27,61,2262437
x Militia x,55,125,6570963
The Boss World,149,339,21864955
LegionOfOne,110,251,8040384
B L A C K - A R M Y,46,105,6795378
PERRO CALLEJERO,21,48,2825878
Shroom Squad,14,32,5244018
X Y R I S,87,199,13119059
Battlewise,34,78,8730624
FlRE GODS,10,23,852627
Killers Kawais,10,23,2931157
I N J U S 7 I C E,13,30,1831651
PK Killers,16,37,1703641
Z A M U R A I,16,37,2825401
D-K,44,102,2531301
BRZK,58,135,21116368
Time Is NOT Passing,3,7,592686
Fanaticos Por PvE,108,252,10583580
Super Clap,3,7,363043
komPayasos,3,7,352539
S O C I O P A T A S,3,7,428348
With Lemon,3,7,516643
Vanguard Killers,12,28,1166187
Nightfall Army,3,7,339986
Black Clov3r,6,14,148748
VILLA MIX,3,7,97437
Ek-Balam,3,7,37318
The Valorants,3,7,379365
NorrDskoll,3,7,423671
los chauchis 2_7,3,7,256185
Fellowship of the Bear,3,7,193902
El Lag Nos Mato,3,7,178808
AlpaKnights,3,7,283433
Hemp Rats Cartel,49,115,6918548
OLD CANNON,11,26,651595
Martlock Patrol,33,78,2455031
Albion Mobile Guild,22,52,1140532
DRAGONiTA,11,26,2593753
C R I M E N,94,223,22573716
Legion Of Farmers,8,19,1538063
ARMY EMPIRE,8,19,482900
Cyber Dragon infernal,8,19,772801
TheDarkKnight,8,19,863779
VALAR HARKONNEN,8,19,836277
Legion_Martlock,26,62,2883148
Booty Boppers,56,134,4280544
Deorum Mortis,91,218,34904077
Laughing-Coffinn,30,72,3254340
Cordeiro Comunista,5,12,342927
Th1rd Party,5,12,157215
ZzZLEGENDS,5,12,381160
Los Purificadores De La Plebe,5,12,226747
MENDINGOS DO AMANHA,5,12,397463
STAFF ELVIN,10,24,486425
FandG,5,12,371047
Corvo Attano,5,12,1113357
Las Prras,12,29,591324
Open-Fire,31,75,6169679
Legion Celestial,50,121,2575352
TeamLeagueMacaques,7,17,759538
FamiliaXZ,9,22,675753
Policia Peruana,9,22,938046
Romondoto_Morocco,9,22,1613164
SpookyBR,11,27,1217759
The Irish Mafia,61,150,12712157
ESCALIUM_JDM,13,32,1419543
X-Noxius-X,17,42,1375170
Un Tercio De Lokos,19,47,3193524
Le Fetit,37,92,1567491
I Winx Club I,2,5,179685
INNOCENT KILLERS,2,5,1120529
F O L K V A N G R,32,80,8032911
Receita Federal RFD,2,5,296882
Oficoda Gang,20,50,3437715
The Pampeans Hub,6,15,797004
Los Enanos de Erebor,8,20,410111
cult of ash 2,2,5,370155
Dungon drivers,2,5,1192946
TRONO DE GUERRA,2,5,53250
trabajadores11,2,5,370804
The Shadows Inmortal,2,5,370112
Vanguarda Infinita,6,15,1884138
SpartanMx,8,20,791881
Staatsfeinde,32,80,3687382
Royal Conquerors,2,5,111901
FREE TP,2,5,252089
Legion No Fear,2,5,140712
DDR3,4,10,229247
LA_ORDEN_DEL_OLIMPO_FS,2,5,593081
S U C U M B A,10,25,2221459
Evil Rugrats,2,5,439210
AKATSUKlI,2,5,229721
Beef Stewar,4,10,883659
PROTETORES DE MARTLOOK,2,5,90156
TU Y YO 11125,2,5,177831
Viejossabroso,2,5,488104
PERVSALEN,4,10,1092004
TCHESNE,2,5,92870
Pericos Morados REQUIEM,2,5,499117
Pheobe Ann Eleine,4,10,531560
Fernelius,6,15,1167230
RisasDeMorgana,2,5,339021
C O N T A C T O,4,10,260139
AllMax,2,5,218624
Expedicion X,2,5,76860
Escroc,4,10,105792
The Last Nest,2,5,105401
Heroes Del Silencio,2,5,995439
TheRevenants,2,5,90965
Evil-Gank,25,63,4586809
xNova ImperiuMx,26,66,1432195
Genesis Rising,11,28,811180
GREMITIUS,20,51,3902853
souls fire,9,23,661267
Quelthalass,34,87,6671664
Nictofilia,125,321,23793497
Ephemerals,56,144,12274242
los rompe corazones 1990,12,31,825482
Kalacas Shidass,29,75,2877391
Espadachines Negros,55,143,12818880
SWORDX,25,65,1793067
Astroputologas,5,13,536646
Rain house,10,26,1123279
Vanilla Legion,109,284,8004591
DIABL0S,24,63,2156155
LegiondeNoobs,24,63,534586
A V A-L A N C H E,11,29,2004833
SECTUM PRIME,36,95,11556400
sin-miedo,14,37,1225496
The Celestial Lions,129,343,26270146
Ox Cart Collective,3,8,193633
Wolves of the Void,3,8,249224
Ethernia,3,8,55674
Hyddr4,9,24,150995
VASH ESTAMPIDA,18,48,3767282
FULL TIER 3,6,16,482842
WHITE-MOON,3,8,1213787
THE-KRAKEN,3,8,222109
Th3 W1tchers,3,8,99036
Axxis_Shadow,3,8,534605
MASTURBANDAA,6,16,1459670
The Black Wolvess,9,24,1359989
Exiliado2 Del Valhalla,16,43,2575994
F U R O R E,13,35,2486224
YronSide,13,35,817370
boars head tavern,23,62,1278688
RISING HUNTERS,17,46,700432
HuntersDungeons,17,46,2022552
Reconnection,21,57,2327329
Cuervos del Yunque,7,19,1523047
Resurgence OF King A,7,19,487138
BESOS NEGROS,32,87,4188451
COROA NEGRA,11,30,1660468
F A L A N G E,11,30,536781
VENENO T8,314,863,99391862
Crux Del Sur,211,580,61434013
Roam With Us,12,33,690105
A m b i d e x t r o u s,4,11,197706
1AVANGARD,12,33,2109485
The First Kingdom,8,22,200580
WIPE_OUT,8,22,747566
X La-Ultima-Orden X,4,11,310428
GUILD-OF-SHADOWS,4,11,211017
WORLD WALKERS,8,22,738704
4K TEAM ELITE,8,22,840940
MOSHi_MOSHi,25,69,1984030
Fallen Stars,26,72,2172434
Templars of the white raven,13,36,2742279
Los orcos,13,36,1999653
Fino Senhores,9,25,1302417
KLInGG,28,78,2319400
Asgard team,39,109,5780741
Breathin,5,14,396867
Asesinos sin Rostro,10,28,1493953
VAL - HALLA,10,28,691605
Santuario de Quietud,16,45,1577067
L4 SECTA,43,121,5126263
R0SA N3GRA,11,31,3666784
Drachewyrm Order,17,48,1647312
Brownies Catolicos,6,17,1165042
CEIFADORES-DA-ALVORADA,6,17,416941
INVICTOS VORAZES,19,54,4233643
FURIA DIVIN4,75,214,23199702
Hofring,7,20,1726042
Legion Del Orden Y El Caos,14,40,2702428
Assassins of Valhalla,17,49,3707012
DeathRunnerss,10,29,797119
Martelo Forte,23,67,2065611
OBLIVIOM,14,41,2131979
Discipulos da Folha,15,44,1626604
EminenceOfShadows,16,47,1326231
OUTSET,84,247,14174097
H0N0RABLES,41,122,4799874
V GATHERER,1,3,6523
Yowsito Family,1,3,2810
RECEITA FEDERAL SP,1,3,120538
Amaterazu,1,3,75870
Brasil imperio,1,3,12898
Da Black Lotus,7,21,976055
Gold - Warrior - Forget,1,3,96012
FARMING BLACK 01,1,3,60786
LOYAL TO LYMHURST UNTIL DEATH,5,15,502116
In Morte Libertas,3,9,185327
No Silver Only Honor,1,3,70798
LittleGankers,18,54,2127434
Br41nL4g,9,27,4207261
IGUANO POWER,1,3,237036
DEATH GHOST,1,3,18970
Demon watcher,1,3,45036
B L A C K M I R R O R S,1,3,84402
Anos80 best age,1,3,3066
El Camino Ninja,2,6,233887
Sons of Babel,1,3,213557
Moonbury,1,3,52914
HonjoMasamune,1,3,292384
AVALONIAN-CATS,7,21,1047404
El Ministerio De Los AzulesARG,1,3,672716
Barbaros Da Neve,2,6,43614
the Seat of the Soul,1,3,58176
CONEXOES,3,9,167895
Error Loading Guild TMT,2,6,407839
insolated,2,6,303387
BLAM,5,15,487972
EstirpE_PolaR,5,15,596800
RETORNADORES,2,6,77565
DINAMITE,6,18,165391
Tilinesios,1,3,54220
Megatrones-MGT,2,6,30324
MONARCAS SOMBRIOS,2,6,161611
Nyx2,1,3,90096
TIME KEEPER,1,3,10798
ll_MONKEYS_ll,4,12,193396
CRIMSON HYDRA,2,6,97472
BrigadaFantasma,4,12,379215
LOBOS DEL HIELO,3,9,412370
AAAAAAAAAAAAAAAAAAAAAAAAAAAhAh,1,3,331958
Amigos do Blackjack,5,15,477450
Federacion Poison C4,1,3,4008
Heretic Network,4,12,784157
S H O T T A S,2,6,1557391
ONICHAN UWU,1,3,11850
VlCl,1,3,76732
GRAM IMPERIO DEL TAHUANTINSUYO,1,3,13863
C A R N I F I C I N A,1,3,77112
Cycle Breakers,1,3,178979
VOEN ASUR,1,3,39109
Los Peaky Grinders,1,3,125661
IRON-THRONE,2,6,205655
NoMeDeja,2,6,266315
Chupalaa,12,36,1222884
F N A T I C,1,3,131631
WU TANG LAND,5,15,231082
ZADONW,1,3,286413
LAS ESTRELLITAS DEL MAL,2,6,254140
Gonar The Nemesis,4,12,678184
RealGladiadores,1,3,72156
Escudo_BR,12,36,551523
VIOLENT SOULS,2,6,326785
K a t t e g a t,2,6,128028
Exylos,2,6,126100
Deuses Alcoolicos do Bar,14,42,1262500
Sped Runners,1,3,32076
Mulita Squad,1,3,217171
No Mercy Zone,1,3,42394
PorLyD,1,3,85944
Sangre del Sur,3,9,297129
DES0RDEN,2,6,15724
LoremIpsum,1,3,46487
FK UNDERWORLD,3,9,330596
ME VENG0ENTUFACE,1,3,114268
Old Erra,1,3,32300
Cursed Abismo,2,6,44922
l SKYPIEA l,4,12,1338577
Asura Strike,1,3,48456
ARS-GOETIA,7,21,782532
Casa-Targarye_BR,2,6,264105
Can Rock,2,6,70500
ANNIHILATION-PIDORESHION,1,3,393198
KnightsHaven,1,3,912
leprechaunx,4,12,244307
LOS-ROSACRUSES,2,6,97888
luna de sangrienta,1,3,130109
salvadores del mal,1,3,49877
La secte du Coq,1,3,65744
Pescadores unidos,1,3,216107
EXCLUI2,1,3,114258
BROTHERHOOD OF LIGHT - BHLT,2,6,77771
Pacto de las Sombras,1,3,201560
Albino OffIine,1,3,120201
The Midnight Dragons,1,3,314322
Bridgewatch United NA,1,3,291376
Adventury,1,3,13272
A S T R A L I U M,1,3,30298
Yo Mom Dyntka,1,3,139479
HELM OF AWE,1,3,27704
Chronic Banditz,2,6,334633
Energy Drink01,1,3,46062
Custodes Veritatis,5,15,921159
I N T E R B A N K,4,12,488747
Pr Lion,1,3,80020
Union Democratica,3,9,254917
O P P R E S S I O N,2,6,209651
LEGION MORFEO,2,6,10568
Economy - VIRUS,1,3,97632
La sombra de Godzidios,3,9,209382
KBforcex2,1,3,5940
Sol de invierno,1,3,425006
Monkey Factory,1,3,166915
grey_knights,1,3,102151
Los Ermanoss,1,3,13737
Vikingard,1,3,8191
Frost Monarch,1,3,12965
BLUEDEER,2,6,150991
SHADOWS OF ZERO,1,3,200640
Shadow Reign,5,15,431320
LA_COMUNIDAD_DEL_ANILLO,1,3,470984
Nomads of the Mist,2,6,131221
DelRomo,1,3,12504
Last Journey,1,3,148993
1Exclusive1,1,3,51682
Only Treasures,2,6,139612
Taverna Curupira,2,6,125508
R3dZ0ne,1,3,299174
P-D-V-S-A-K-47,1,3,35310
High Respect LFNM,1,3,22665
Los Vacunadores,1,3,47424
Amishalom,9,27,338983
Scarlet Ghost,1,3,66473
xXBlackSpadeXx,1,3,131105
fear the depths,2,6,259675
El CLan del Loto Blanco,1,3,1202675
Ainz Ooal Gown 47,8,24,146616
XvoTeam,2,6,107264
D e l i n c u e n t e s,44,133,5746600
Soldados do Kong,23,70,4455693
GO0NSWARM,18,55,2723027
GrandeTumbaNazarick,14,43,1681420
Black Martlock 1,12,37,2160033
HiDrA Reborn,126,391,36640162
Raices Eternas,19,59,5560518
Soul BR,34,106,3860655
PRlDE,31,97,4136260
LEGION_DEL_FENIX,54,169,8452618
Apocalipse13yy16,23,72,2822698
LADINOS,7,22,335333
Lethal Farmers,7,22,1205660
Shadow 0f Avalon,14,44,2122997
Caballeros 0scuros,7,22,700688
Hunter Assasins,76,239,6249393
HORA _DE _AVENTURA,30,95,1861169
YOUNG - PLAYER,6,19,588814
S O L O L E V E L I N G,62,197,9335759
Midnight Alchemists,11,35,431610
F O R B R I D G E W A T C H,10,32,983743
latenite,10,32,1003179
Fear Syndicate,5,16,308445
trigeales,5,16,154255
La Nopalera,10,32,1977652
MUG MUGIWARAS,19,61,770206
LATIN WOLFS 999ms,9,29,832949
Forasteros del Ocaso,9,29,1375638
WinterLat,30,97,10526271
Black - Lotus,34,110,6432830
BeerSquad,12,39,4366720
The Wolf Company,24,78,3484694
CORTE CELESTIAL,8,26,899635
Bloco,4,13,956568
Ultima Voluntad,16,52,1396092
NAGARIS,4,13,461761
Cansado de ABA CANTV Albion,4,13,384619
SOLO PLAYER S,18,59,2070878
VENENO BLACK,92,302,21795525
MadeIn987,14,46,203891
La Escuelita de Albion,26,86,1150665
V for Vendetta V,3,10,1950266
CARTEL DEL GOLF0,6,20,1815595
LIONS REBELION,3,10,473715
DRAGONFROSTH,3,10,55622
The WildRovers,3,10,71662
Infity force,3,10,214450
The Wandering BlackSmiths,12,40,663263
No Life No De4th,3,10,838500
N A N T A R,3,10,320980
the knights of the abyss,9,30,1243794
Sektor_Grinda,3,10,227583
Valhalla Weapon,3,10,145694
LosEspartans,6,20,1287251
ORDEM DO ESCUDO,6,20,576338
AZTEC Soldados,3,10,222194
The Tecno Cube TTC,3,10,65881
NEW TIMES,3,10,280841
Serenity Now,6,20,710359
Witless Mercenaries Tavern,3,10,153412
INVADERS GG,79,265,11610061
Las Cabras,11,37,736093
Inglorium,16,54,4679998
Steel-Legion,8,27,1421269
Throne Of Chaos,8,27,2476098
0s Guardioes,21,71,2647316
D E A T H S I L E N C E,13,44,1074870
Jorge el curioso,13,44,1168482
Asesinos De Sombras,5,17,409917
Brawl Army,5,17,462085
UnEikonic,5,17,3635243
C A S T L E V A N I A,5,17,374997
Republica da Creponia,5,17,823168
KDA-ALL OUT,20,68,3801516
Mors Certa,60,204,10551107
Avalon Runners,5,17,212581
Skullborne,12,41,3087878
CAT-CH,12,41,2998241
RETADORES,7,24,742541
SAV AGE,7,24,347204
DinastiaNordica,9,31,553534
BLOOD OF HELEA,11,38,1069221
DEVTA,19,66,2077679
os lobos solitarios,4,14,135878
M i l h a r a l,2,7,158260
SIGARRO,2,7,42612
IImperial Army,2,7,565243
BLACK KAIZEN,2,7,66122
Legions of Knights,2,7,206982
Demons Cursed,2,7,328077
NONA LEGIAO,2,7,233183
LOS GUEVO GRANDE,4,14,300908
E L D R I U M,8,28,5818440
8 0 8,4,14,317649
CANG,2,7,140450
TH3 BANNED,2,7,596566
T R O N O S,2,7,79909
La Soberana Orden de Malta,2,7,298632
N E C R O P H Y M,2,7,339538
Rising Legion,2,7,1183619
POISONBEAST,2,7,64741
Therians,2,7,25348
I PARADIGM I,43,151,14197068
Jardim Do Sol,33,116,8633787
BLOODY-WARRIORS,23,81,5323473
Cydonians,11,39,521310
Linhir,82,294,12608770
A N I K E T O S,17,61,1087631
Mi Banana en Pijama,10,36,2217065
R A B I T A,5,18,864186
Kaserio,5,18,139639
malditos pochos,5,18,680878
Green Shield,41,148,9872586
B1oodlust,16,58,2916963
Corte caniche,3,11,83510
Jesters Pair A Dice,3,11,698453
CapaAzull,9,33,824720
LVL30,3,11,239208
Thetforever,21,77,1954920
mi 2 chamba es albion,3,11,119269
C-esT La MorT,42,154,3708896
The Dipers,6,22,725775
Evil Outlimits,3,11,449296
Colmillos Esmeralda,3,11,382505
pigs bad luck,9,33,736229
People Inside,3,11,301307
THE HELLSINGS,6,22,668227
Coletores de Traumas,3,11,557561
S H I S H I G A N K,10,37,863329
ABYSSLEGION,20,74,2651593
Lymhurst Tribe,7,26,2582816
LEGION GR 300,14,52,698746
Wild Egy,8,30,1801404
RAJONES FC,8,30,835379
shewma,4,15,317927
I CarpeDiem I,4,15,3480685
Piratas _Vzla 1,12,45,1617653
S E L V A G E N S,4,15,461219
FURIA-ETERNA,26,98,7252729
DYNASTYC,9,34,2104917
Volkzsturm,14,53,3633892
Cyan I I,48,182,5929470
Municipalidad de Rio Turbio,5,19,716230
VenenoT6,5,19,683684
Blood Brotherhod,5,19,299566
W I T C H E R S,5,19,345784
TravelersUnion,11,42,417345
iFLAME,6,23,634690
LosTorosNegros II,6,23,343897
x Guardioes de Lym x,13,50,1269991
GRRENWOOD,7,27,218360
Bananal,2,8,104505
BannanaBoys,1,4,8149
Mano de Acerro,1,4,17281
OSOS BLINDADOS DE SVALBARD,1,4,22377
Peb hmoob os,1,4,211424
CultAssassins,2,8,527857
CLTunidos,1,4,177284
B E L L U M S,3,12,313961
rgd,2,8,605006
xCONDENADOSx,2,8,253943
UW Uivo de guerra,2,8,140824
MIDDGARDD,1,4,143431
CaindoAoContrario,7,28,449417
Romanos Invasores,2,8,194130
No_Sense,1,4,44450
Anti Evil,29,116,4924808
l-Night,1,4,39257
Lyons of Lymhurst,2,8,145865
Panic Legion,1,4,172439
Guardia_De_La_Noche,4,16,567031
De4d End,1,4,571903
AssassinOfTheDarkness,3,12,160903
One minute,4,16,274084
Void Dreamers,6,24,1747275
Black Pearl Pvp,1,4,114378
PepaPigg,1,4,266326
MercCorps,5,20,1943749
Shalom Adonai,1,4,17039
De Voluntate Fratrum,1,4,95250
SHADOWSOUL,1,4,157012
A T O M 1 C,2,8,360719
HellParadise,9,36,358936
S H A D E S,1,4,47110
Quetzal Dorado,1,4,64684
SKYNET ALTERRA,1,4,139876
Ultimates,1,4,99690
NIGHT RAIDER GM,1,4,93879
Furia Carmesi,1,4,84567
HeterosDeDerecha,3,12,1231639
Iran Team,1,4,107427
MACHADO CEGO,1,4,9182
iFamilyALENDA,2,8,122884
Tenebris Domini,1,4,49452
CONFRACTUS,1,4,36409
P-oRTuGaL,1,4,33042
PriestoftheMoon,1,4,176668
Winter Nomads,1,4,42125
MEMENTOMOR1,1,4,142449
los dos reyes,1,4,286991
THE WANDERING FISHERMENS,1,4,87528
APAGAX,1,4,299586
B M H O U S E,1,4,3072
angel1lobo,1,4,39159
never of dragon,1,4,217649
Golden Key Syndicate,2,8,702767
ROAD DOGS,1,4,209911
RAGNAROL ETERNAL,1,4,94551
Sword Crusader,1,4,36288
AVENA 2 OSITOS,1,4,116262
Blackk Shadoww,4,16,986340
OpeenBlack,1,4,188445
Widows Mark,2,8,565688
Phantom Gate,1,4,20152
yemaya y elegua,1,4,236181
xX-P_K_2-Xx,3,12,587476
Conclave Eterno,1,4,40697
mercenarios del mayab,2,8,24885
War Ponies,1,4,100646
Project Faith,5,20,77316
Supreme Kingsx,1,4,25512
Las Frutitas,1,4,129531
P 1 R A T E S,2,8,119934
AURUM NEXUS,1,4,203244
LumosMaxima,1,4,81824
los caballeros del sur,1,4,32542
Dinastia JAujINA,1,4,29315
Warthog,4,16,371171
Clan Cisterna,1,4,211371
BuShi-Dos,2,8,139373
BAI DI,1,4,49492
H A R A K I R I,10,40,927069
Pure Nightmare,1,4,32332
Caballeros de Ezequiel,1,4,303948
Deux Aias,2,8,135411
INKA EMPIRE,1,4,474218
InmortalesVNZ,1,4,16046
AvaTalk,1,4,36495
Foso Sangrante,3,12,393845
VATICANUM,55,222,14019813
PilitromR,10,41,1889379
IExodus,9,37,770286
Hiyoko gakkou,16,66,2617966
Zone X,7,29,443743
OneOfUsIsInvis,7,29,2578343
Black-Oath,12,50,3045850
Los Monkys Locos,6,25,411517
MushroomOverdose,11,46,622841
Pochos Anonimos,5,21,1945203
Windgrass Police,4,17,179704
0-L-Y-M-P-U-S,8,34,1316831
M O S C A,4,17,221118
R E X,4,17,410098
Marca Sangrienta,8,34,682321
SHINJU,4,17,661453
KINGDOM OF FARLANDS,11,47,765838
PROUD LIONS1,7,30,298500
I DieHard I,20,86,2435211
ATALIA,3,13,281185
GOZA BOLSONARO,3,13,192864
Nie Tryze,3,13,747374
Sancadores,3,13,595287
H I D D E N S,3,13,660575
vendicta,3,13,498379
TeJoNeS eZqUiZoFreNiCoS,11,48,1304469
EJERCITO FORT STERLING,24,105,4980812
EXC3LSIOR,33,145,7046319
i The Line i,5,22,1615086
Pretores,22,98,4078333
R E V O A D A,2,9,51058
Heaven-Doors,2,9,285439
Legionarios-Del-Tocino,2,9,254151
MMAF-PVP,6,27,470961
Los Valientes de Daviid,4,18,808956
CLThanos,4,18,277148
Grizzly Bears,2,9,330204
Knigths of Dark,2,9,417328
RatherStrange,2,9,95369
Medium,6,27,571987
Oscuridad demoniaca,16,72,1939403
Thetford Gankerss,4,18,226956
Zhongji Gangtie Xia,2,9,250248
S K A L D R 7 N,2,9,209905
CABALLEROS_DEL_LAG,2,9,161939
Hojas Blancas,2,9,86880
Legendarios LATAM,4,18,690784
los Tigres nobles,4,18,749268
Yihad,2,9,128038
Cubanos X El Mundo,2,9,107693
L Casterly Rock K,2,9,157672
YingYangTCC,4,18,296749
warriors in black and white,2,9,50358
MartinLutherMing,2,9,1191408
Drakthar,4,18,445692
Faction Wars,51,230,6241511
E X P E D I C I O N A R I O S,22,100,6074079
Ginger Valley,9,41,724885
Rivalli0n,7,32,166470
VAGOS VE,5,23,524770
LosTios,5,23,1074161
Falsos Positivos,3,14,1171542
L--A--G,3,14,183927
S E V E R E N C E,3,14,1109494
Bastion_Pretoriano,3,14,573382
MAD _ DOG,6,28,871858
DECAPITATORS,7,33,433284
More GG boy,7,33,1040708
wings of the void,7,33,934995
GODS SON OF DRAGONS,11,52,2319539
S A G A,9,43,1233429
Dogs that Dunk,5,24,460624
GRIFFINS-HEART,5,24,835951
Destroyers Creed,5,24,317321
Tanmalitos,5,24,343857
Mercenarios De Martlock,62,299,5729395
LA ORDEN DEL SAGRADO ROSTRO,12,58,1919364
ll TRUE DMG ll,6,29,258208
PHAMAKIA,2,10,698588
The Death is Brazilian,2,10,148422
Shadow warriors01,1,5,208023
Reformatory,2,10,80049
Infamees,1,5,44027
DRAGONS BLACKFIRE,1,5,184579
Trackpad Footpads,1,5,17692
BELCEBUTH,2,10,86148
El Panteon Del Rastreo,2,10,241747
W - M I S T T,1,5,264377
SrLord,2,10,286941
IMPERIO ROMAN0,3,15,131614
impitoyables,1,5,129040
Sons of Reapers,2,10,333231
Insanity Br,1,5,28430
BRIDFOBOS,1,5,98156
Portadores del Vacio,1,5,156739
La Grompo Team,1,5,5678
GaminJa king,1,5,53630
IRONFIST-LEGION,1,5,71163
Reignfall,1,5,59366
T-R-O-P-I-N-H-A-x,1,5,403648
churejones,1,5,170918
GUARDIANES DE LA LLAMA ETERNA,2,10,102134
Black Feathers,2,10,205789
RIOt heiters,3,15,433729
Salto69,2,10,193233
Z3L4D4CL4N,1,5,357691
Dioses de la Guerra 1,2,10,297512
DienteHielo,2,10,375918
ANTI - MAGE,1,5,48662
Adventurerss,1,5,27918
Galaheim,1,5,55162
OLIMPO DE LOS DIOSES,2,10,218890
S A T A N - Faction War,1,5,265744
Ragnarok of camelot,2,10,220271
PriestsCastle,1,5,37337
Agro Sanctum,1,5,150607
S 0 L,1,5,133594
Milfs in your area,1,5,26912
The Darchangel,1,5,8412
J O N T E X,1,5,54282
IMPERIO VENEZUELA,2,10,249478
xS2x,1,5,196893
KR Sangre x Sangre,3,15,231921
Sombras de Wolff,1,5,325277
DEADNASTREVAS,1,5,211909
M O O N F A L L,1,5,57546
SpiritualGuardians,1,5,263744
Evil Tyrannt,1,5,275329
Derby,1,5,471974
Ale limon,2,10,167465
Serial Killers 2_0,1,5,40914
COLMILLO DE PLATA,1,5,108139
Aesir de Asgard,2,10,317866
Delta Ozaukee,2,10,66333
CULTO - LOS MIL SOLES DE ORO,3,15,265967
ORDEN ELFICO,1,5,47037
Valarianos,1,5,64476
Rocapicha,2,10,484690
BR Free Fire,1,5,83401
Morbidly_Obese,1,5,55973
Waifu Thighs,1,5,70368
Montaraces de Thetford,1,5,212571
Kamikaze0_0,1,5,44535
Caminantes del Alba,10,50,703477
PRIMATA PRIME,1,5,139052
Estupichafas,5,25,2056295
DarkUnicorns,1,5,155855
Last Dead,16,81,1986661
Patolicos Anonimos,10,51,1616122
LOST-BRASIL,8,41,1632124
chepakillers,6,31,512185
HAWKEYE _TF,12,62,2468860
6-TRINIBAD-6,5,26,282768
r00db0is,5,26,1687281
BR Coroneis,39,204,3307976
TheLittlePigs,4,21,367533
MOON WORSHIPERS,4,21,2214117
ArteGamer,4,21,76267
Insanos Express,14,74,1107574
Die Edlen Krieger,3,16,315640
AVALON1AN0S,18,96,3196331
MORN1NGSTAR,3,16,1214589
Cockz Company SPA,6,32,556552
D - GHOSTS,5,27,1196019
No Fight No Profit,5,27,1863120
HERMANDAD PJ,10,54,1176336
Omega Inferi,9,49,859887
The Storm Riders,9,49,1566803
Secret Vanguard,4,22,296535
Tark Assassins,2,11,229735
ILHA EPSTEIN,2,11,516824
DIZZTOPIA,2,11,260541
Shadar Kai,2,11,860693
Degenerate Nation,2,11,914558
Rat-Gang,2,11,247000
VORAGO,5,28,245380
Cerberus-Alpha,11,62,2248650
The New-Order,26,147,2858829
Ghoststrike,3,17,340754
Mundo Balca,3,17,1084836
figueiramal2,3,17,5225296
soleil legend Free,3,17,356624
Pintopolis,3,17,534460
jabali del caos,10,57,1908101
FINIMO ELEGANTE,14,81,1251432
ALLUMINATI,5,29,671122
OSOS DEL INVIERNO,7,41,469936
Volaos Gamer,1,6,32900
1 PR1ME 1,1,6,12048
ShadowWizardMoneyGang,2,12,34622
N0 Game No Life,1,6,212080
Companhia 98,1,6,86659
Get-Rich-Or-Die-Trying,1,6,16997
Skies of Arcadia,2,12,180604
TEAM GORILA,1,6,20720
Midnight Sons Eternals,1,6,194931
Solidarity Inc,3,18,850395
AntiGankSquad,1,6,115461
Seguidor de Yotsubagod,1,6,41240
Death Lag,1,6,62602
cazadores de recuersos,1,6,216419
MOIX,1,6,103429
The Geneva Checklist,1,6,8880
TemuSquad,1,6,342588
Sand Spiders,1,6,1123779
BlackWolf1,2,12,182988
Amazonia Gang,2,12,524630
Dark Banshees,1,6,42668
Fracasados SA,1,6,13419
FORJA DEL ORO,1,6,22164
XAlpha HuntersX,1,6,211823
LEGION--POCHO,2,12,112137
Army Group,1,6,49052
one-armed,4,24,365238
Les Militaires Sans Frontieres,1,6,37723
gloomy smile,1,6,27601
Wasteland Core of Engineers,1,6,14397
ARTIST KILLERS,1,6,142612
XX-PRO,1,6,30184
REAL BRONZIO,1,6,100306
Yanami,1,6,82270
Caminante Nocturno,1,6,226448
Fallen Sacrament,5,30,436377
Novus Imperium,2,12,168271
TestigosD-Jehova,5,30,797709
LOS CABALLEROS REALES,1,6,129063
Take-it-Easy,1,6,85504
TYBS,2,12,248260
ILLICIT HOMMIES,1,6,86623
Dream Killers,1,6,437594
Custos Sagittae Rubrae,1,6,27829
NOTHING-the-SHADOW,3,18,790445
clan pochos,1,6,105804
Fofos,1,6,342712
Guilda sem Horario,2,12,238708
Nekkand,3,18,368149
Guardioes de Mandalore,1,6,48028
nomolestes,1,6,247696
LOS_MISIONEROS,2,12,309060
UnionHispana,1,6,190241
Mizo Pride,1,6,72018
amoral,10,61,2615546
Latinos de Orion,8,50,1178345
De Cuba,3,19,659736
Mercenaries Order,3,19,511553
O Vale,3,19,681271
Los Malditos Siete,3,19,162142
G L A D I U S - S A N C T U S,3,19,162156
TSHF HYENES,5,32,336028
Apostolos de Avalon,5,32,841163
Los mancos clan,2,13,687925
The Dark Legion of Kaelor,2,13,137016
TwoKiss,4,26,754524
Los Hijos del Exilio,2,13,245330
Floral,2,13,118543
zhubisimagonghui,2,13,1200952
LOS INCAS EL IMPERIO DEL SOL,2,13,350790
FollowMe,4,26,242511
Autumn Wolves,2,13,460532
Growers united,2,13,458345
The Baspar,8,52,2618652
Ultimate Lords,3,20,363987
NigthShift,3,20,989647
Focaris,3,20,920835
R 0 M A,9,60,848705
Dreadbound,3,20,206682
DEMONS107,9,61,1974279
SCARLET FLOWER,1,7,1203972
Nightshade feathers,1,7,11378
D i v i n e Z,3,21,988869
DECENDENTES DA ALVORADA,2,14,770359
Quantic Ducks,1,7,143770
Toxic Latina,1,7,157410
VeryDificul,3,21,382466
Los Guerreros del Pasado,1,7,68074
Dalbaland,1,7,8478
imperio de la orden sostenible,1,7,21267
PRIDE OF AVALON,1,7,51511
GirlPowerS2,1,7,126553
Pochitos Salvajes,3,21,527235
xxxxKINGxxxx,2,14,84988
Los Osos de Albion,2,14,220596
V E 1 N Z,1,7,180856
Mushroom Cult,1,7,142747
Salamanders Legion,1,7,90034
NOCHE de ALBION,2,14,337980
U-L-F-A-R,1,7,514346
S O L I T U D E,2,14,220195
Marg1nados,2,14,276142
Fury of the Skull,1,7,44400
RIDERS OF ROHIRRIM,1,7,482075
OldsPapus,1,7,55546
LA CHICHA DE TU VIDA,1,7,128069
Unidad Obrera,1,7,18390
High Council of Low Standards,2,14,359601
LosCuervos,1,7,201879
Mistery Of Galaxy,1,7,175772
RabitaForever,1,7,34182
Honor y Gl0ria,1,7,19719
CLUBE DOS BOLINHA,1,7,69021
aventureiros de lym,1,7,27032
OsRubros,10,71,3035078
I T-4 I,4,29,107477
Team-suicide,6,44,1325645
VOX BELLUM,3,22,211283
FOREVER GAME,2,15,781563
THE INFINIT,2,15,121243
GHOST_BLACK_88,4,30,1629850
GUERREROS DE ALBION,6,45,1111501
House-Of-Dragons,4,30,601475
Tempus Veritas,2,15,315277
Los_Jinetes_del_Apocalipsis,2,15,173962
HIJOS DEL TITAN,2,15,445847
THE-BLACK-BULLSS,3,23,72465
Divine Hell,4,31,431352
Llamas en Pijamas,4,31,738644
LevelOfTheGOd,4,31,523036
The Slim Army,5,39,529040
Death Of Souls,5,39,667732
SIMON BOLIVAR,7,55,596284
las catacumbas_100,4,32,365419
Metiendo El Huevo,1,8,139554
Paladines de Teemo,1,8,81569
UNFORSAKEN CHAOS,1,8,72090
Les hommes de Sparte,5,40,676747
The_StrawHats,1,8,492014
Ethernal Rush,2,16,487359
Salamangos,1,8,172428
BLACK DOGS UTC,1,8,29210
Frieren Reborn,1,8,7786
LOS CUNUMIS,1,8,157432
klefedroniarze,1,8,54379
CAOS FENIX,1,8,184929
Herdeiros da Cruz,1,8,70413
Fenda Do Crime,1,8,6112
FarmLiberty,1,8,233127
Working Man,1,8,133475
SANGR3 NU3VA,1,8,306037
DDARTH,1,8,155681
AinsGhoal0wn,4,32,1141940
Souls_Of _Gods,1,8,272670
Brotherhood Anarchy,2,16,669346
08:00,2,16,550999
Unreachable,1,8,18718
new world order1,1,8,81180
The City Underneath The Ocean,1,8,294073
KBRA,1,8,93908
Ouroboritos al Ataque,1,8,149694
CRIMSON C0VENANT,3,25,335575
VaiTomando,2,17,479069
Egipto,4,34,4484570
Guardia Nacional AO,2,17,96590
MILLENIUM LOKOMOTIB,2,17,101183
Picantes Crew,3,26,171918
EL CENIT,3,26,321379
C A V A L I E R s,5,44,590766
RatosDeAlbion,1,9,858161
Leal Fortaleza O_o,2,18,237746
T E N S H I N,2,18,394339
EL MAS POLLO,2,18,790120
Los pochabis,1,9,122311
Paralellun oficial,1,9,145402
PISA E PASSA,4,36,280421
THE VALHALAS,1,9,254204
LOS KRAKEN,1,9,37611
Winter White,1,9,127168
SANDMANs,1,9,173846
The Way of Kings,1,9,614944
Livertiparty,2,18,136571
Hunterz zone,3,27,552030
Banda de Bandidos,1,9,104805
Red Cavaliere,1,9,23919
ChurrascoCerveja,1,9,49319
Gangue dos Gatinhos,1,9,639294
La Liga Resiliente,1,9,118737
A N A R C O S,1,9,145140
ZimZomZoom,1,9,87746
GOD LIKE CLUB,1,9,40384
AKROMA,1,9,317180
Eternal Shadow Pact,3,28,667717
IDEMASIADOSI,3,28,441395
LOS WAZINES,2,19,522664
Voidrift,2,19,151251
LA GANGA DEL CRAFTEO,3,29,158895
INDOMITABLE LEGION,14,138,2642464
angeles del olimpo,2,20,881803
alcosto,1,10,120180
La Herejia de las Sombras,1,10,73775
Lendarios BR,2,20,228711
MANGO BORN,2,20,573759
Verguizas Kbronaz,2,20,267805
Beer Barrel,1,10,302336
LOS CAMINANTES ROJOS,1,10,68673
LA_GANGA,1,10,266886
WarPaint,1,10,801408
Retour en Ville,1,10,186309
Tenochtj,1,10,106724
LegendsOfCaosZ,1,10,20186
PCG Ithilien,1,10,165496
SALMOS144,2,20,121973
Elite Nostra,1,10,45822
Castel-Black,3,31,836076
Knights of Empire,3,31,155928
SavageMonkeys,8,83,1771474
Sol da Meia-Noite,2,21,913623
V-KINGS,2,21,677536
Trup phatasma,2,21,99430
FRYDA,3,32,662745
Mafia Farmera,3,32,424243
xXRebelion X MalXx,8,87,2337507
Bullskull,1,11,101178
violente,1,11,349062
Guardians of Galaxy,1,11,240043
Sith Lords 66,1,11,80909
x-UBUNTU-x,3,33,1750354
RoyalVoid,1,11,76791
CAPYBARA TEAM,1,11,721919
BastionWar,3,34,333729
Wua-Tong-Klan,1,12,281844
EspartanosDelEste,1,12,277459
IMPERIO REPORT,2,24,1066203
IMPERIVM ONLINE,1,12,609487
GRUPO LATINO AMERICANO,1,12,4008
Loot or Let Die,4,48,3491945
Mundo guante,1,12,27386
AFKTEEMSINMANOS,1,12,408162
FatedHearts,2,24,800089
LostS0uls,6,73,1171312
Island Dragon,5,61,541573
Predathorss,1,13,435273
Sparta0115,1,13,45470
Lar da Vaca,2,26,369022
DEFENSORES THETFORD,1,13,80743
The_Shadows_Hunter,1,13,175993
EmberBeard Empire,1,13,154345
Los DeMenTes,1,13,492849
T E S A L I A,1,13,311779
Last-One,3,40,459055
Ell Sacro Imperio,3,40,321946
F O R R E S T E R,1,14,19245
Death Requiem,1,14,174557
lFOOD,1,14,61764
The Garden Dragons,1,14,301438
Cascas de Bala,1,14,82980
Halcon escarlata,1,14,53788
Bandidos de caerleon,1,14,194936
iTunes,1,14,292874
Los Hijos de Avalon,4,56,2037193
N 0 X,1,14,1397486
ORE WA SHADOW GARDEN,1,14,262104
RONINS_BR,1,14,683848
T H A L M A R,3,43,630378
ConnectionProbleM,3,43,186433
Mamma Mmia,8,118,176927
PERRITOS CALLEJEROS,1,15,540878
Guardias del honor,1,15,30474
WolfMafia,1,15,185382
NAL national albion league,1,15,283979
Western Paradise,1,15,32532
Ordem dos Cavaleiros de Cristo,2,30,152332
Chongo Buchannens big day off,2,30,429374
Forja dos Novatos,1,15,205076
GRIMORIO DEL NUCLEO DORADO,2,30,166061
R A M P A N T,1,15,111978
SOMBRAVELOZ,2,31,1670012
K PA MI XAN,1,16,353886
Warlod366,1,16,139135
LosMalcriados,2,32,593135
FATAL RECKONING,1,16,181656
Brasil Wars,1,16,324827
THE_NEW_GENERATION,1,17,56286
los piratas de zona negra,1,17,161389
MeowReborn,1,17,320334
Wild Primes,1,17,80777
EXILADOSS,1,17,237530
xX Maquina Del Mal Xx,1,17,329462
T h e _-_E x i l e d,1,17,233342
P0c4s L4 M4m4,2,35,971784
Death Clowns Society,4,70,619370
AFKnaticos,2,36,318204
M E T E 0 R A,1,18,424575
the-legends-back25,1,18,128580
EliteDeath,2,37,405386
Chipi Black Chapa,1,19,186118
Escarcha de Sangre,1,20,390385
Dungeon Plunderers,1,21,314598
LEGADO DE FENRIR,2,42,584587
wheres the loot,1,22,130350
Colhosp,1,22,71238
LA Lame De Braise,1,23,193972
SUPER SQUAD1,1,23,73685
Nigth Red,1,26,122631
TEEN SMOKERS,1,26,485929
Solaris guardian,1,27,283220
20Pegar,1,27,464804
Ordem Draconico,1,34,372221
TARGARYEN 0,0,1,14963
Thehoffmans,0,4,17115
LOS FUMETAS ATACAN 420,0,4,352517
Torre Mayor,0,1,0
A Turma do Garimpo,0,1,21609
GearScecando,0,1,0
Terceirizada,0,4,0
La guardia de Tyrael,0,2,0
Eisenwacht,0,1,0
Sinergia Arcaica,0,1,0
THE GODDESS OF PRISMA,0,1,0
Homiesexuals,0,1,0
EmoCraft1,0,1,0
Infernal Tigers,0,1,0
Pyromaniac,0,5,119337
ALVARADA ETERNA,0,1,0
Alpha0mega,0,2,1105
ULTIMO IMPERIO AZTECA,0,1,0
CannaBuds,0,4,11070
Get Off My Mountain,0,8,176613
Brotos Solar,0,10,205802
KARTEL DE TIKTOK,0,2,0
Celestial Gladiators,0,5,13804
MobileError,0,1,0
Guardian of Adventurers,0,5,3673
Dungeon Reapers,0,1,0
the jabatos,0,10,34538
zSimTeam,0,3,13740
Evil Eikonic,0,1,0
VICTORY GAME,0,2,26187
Guardians of the Fortun,0,1,0
I JUST WANT 1V1,0,1,29503
THE MARTILLO DE LOS EONES_2000,0,14,134731
AR toros negros,0,4,0
Solus Arcanum,0,4,0
NOT-FOR-THE-WEAK,0,1,0
OvM,0,2,0
linus crebia,0,1,0
The last gamers,0,4,65776
LOS MIGAJEROS,0,1,0
novatos os melhores,0,1,141764
gurises,0,2,82822
SC 4ever,0,1,0
Meiky Black Company,0,2,0
MATILHA DOS LOBOS,0,3,0
Los Caballeros del Lirio,0,1,0
a Lo Humilde Pa,0,1,0
Puchaina-family,0,1,28294
Ancients resources,0,1,0
I Salamander I,0,1,0
EquilibrE,0,45,1965298
Hammer Dahn,0,1,0
kubo-sama,0,3,3336
DWAYNE _LT,0,2,0
Liquid Snake,0,1,0
Bridgewatch love epstein,0,3,7779
Los Hijos de Tyr,0,3,38692
F I E N D,0,1,9690
Kinigth,0,3,0
Dusken,0,3,0
Deema,0,2,193455
Dunkler Dreiklang,0,7,47457
NINJAS_RED,0,1,0
LeagueOfPlatanos,0,1,0
Butched,0,1,9453
La Tribu ELAM,0,2,4335
TCOTC,0,2,166904
S E R P E N T,0,1,0
0- Team Castillo -0,0,1,0
sagre fria,0,2,0
Green chest energy,0,1,0
Vigilantes del Fuego,0,2,0
xXLegionesxxdexxleonesXx,0,6,117714
l GREMORY l,0,4,121936
The Secret Guild,0,7,0
Medusa_Lair,0,6,5779
CHINELADA AVALONIANA,0,2,48757
GirlyGuild,0,1,0
La Perla Negra JW,0,2,13927
VULTURES RAIZ,0,1,0
Crystal Glory,0,2,111506
D R D,0,1,0
S-T-M,0,1,0
xGUHx BR,0,1,3756
Ordem de Bridgewatch,0,1,0
Crimson Blades GXT,0,1,1985
Othercide,0,2,2468
Nacion PenDragon,0,10,75714
ESCALETION,0,3,0
The Pleshure of Frostspike,0,1,32683
TROPA DA BAGUNCA,0,3,22602
The arctic monkeys,0,7,36155
A b a d d 0 N,0,2,0
Leyax,0,1,12775
Segredo-Foz Br,0,6,0
Shadows Avalon,0,1,0
LOZ_CRUZANTAZ,0,2,0
legionbrhue,0,1,0
War Game,0,6,597
Torhu,0,2,4845
Bounty1,0,1,11971
Realeza de Ferro,0,1,0
Solo Nomad,0,1,18684
xGankers Slayersx,0,3,80345
MASTER OF MISCHIEF,0,2,189244
Invictus Galatas,0,5,135078
D r e n g r,0,1,0
Gatitas Rompehogares,0,1,0
Anonymhous,0,4,52044
Os Mala,0,8,26892
sin fronterasxd,0,2,0
Kunlun Jade Qingjing,0,2,0
ETERNOS DRAUGR,0,3,53305
andersojese,0,2,0
Anti niankers,0,3,0
GIGI NIGI,0,2,0
ZELS,0,1,0
Michif,0,1,0
K A R A N T I N-19,0,2,0
Legion Dark Night,0,2,66835
Gram Bo Lubie,0,2,0
Knights of Grace,0,1,14810
cobra throw,0,5,30397
The Mobile,0,2,0
Lovers88,0,1,0
Aspects de la Recolte,0,2,0
Bandanor,0,4,0
BloodBlossom,0,1,2862
BAHAMUT-6D,0,1,50719
LABANDADELHACHA,0,1,0
Pelotao BR,0,1,0
TheRudeBoyZ,0,2,0
ESQUADRAO BRISADO,0,1,0
Brigada Dai Gurren Nalgas,0,1,110928
coven of the crow,0,3,0
lord dragons,0,15,152850
A_REV0LTA,0,2,0
Error 405,0,1,8391
Sibirien-Konferenz,0,2,0
los cuervos negros,0,1,0
six souls,0,1,42235
OpPaladins,0,1,0
yFenix,0,1,31475
Kraken Jokes,0,1,0
PL SEMPRE 3 CRIA,0,4,5788
Los_Perros,0,2,14491
Heraldos del Valhalla,0,1,0
Hundings Rage,0,3,0
CAMINANTES Y MULAS,0,1,0
E S P A R T AN O S,0,1,16438
los sin chamba,0,4,34763
forever33,0,2,0
Pressas Brancas BR,0,8,46398
cobras renegadas,0,2,0
ALAS_BLANCAS,0,2,1332
working depthss,0,5,19956
LYMHURSTS CHAMPIONS,0,2,1552
La Gran Inquisicion,0,1,37525
SonnenWappen,0,1,0
Robonia,0,7,1320
Wish Masters,0,1,0
SMUGGLER KINGS,0,3,0
StratsCo,0,8,164974
Iron age,0,1,59282
Los Pilines,0,1,0
Achkur,0,2,64968
Dwargon,0,6,20868
knull-s,0,2,0
SOTAVON,0,2,0
Hobres-de-Honorr,0,17,134638
de4th crows,0,1,65201
Arcana Mortis,0,4,78228
Cavalon,0,2,0
Mula_Peo,0,1,0
SaltLife,0,1,0
Los Jordans,0,2,812
FALCOES,0,2,0
Cavaleiros De Prontera,0,1,0
Escorpiao Negro,0,1,11526
Os Xexelentos,0,1,0
Tik Tok,0,1,22414
LA HORDEN DE LA SOBRAS,0,1,16954
Scansoriopteridos,0,3,8048
Ultimo bastion de la humanidad,0,2,0
The Legion Of Asgard,0,2,47072
TheJoNhsViKiNgS,0,3,60873
Canes Bellum,0,1,0
Joint Custody,0,1,0
DBC Brigade,0,1,0
MORANGO-DO-AMOR,0,2,8324
BellacasCorp,0,3,0
Cycles of Gilgul,0,3,180398
THELAST KNIGHTS,0,1,0
the dragons house,0,1,0
Bl4ck End,0,5,129093
Small Town Saviors,0,9,111141
JAEGERS-SAT,0,3,59367
Peacefulness,0,1,33232
Knight Blood,0,1,13419
Golpe-Critico,0,1,22887
LOSALBIONISTAS,0,1,0
FACCION PAPITAS CRUGIENTES,0,1,33701
Eastern Dragons,0,6,0
eminences in the shadows,0,2,92203
lordemi,0,3,0
Guardias Imperiales,0,6,173058
FAETON,0,2,0
Red Raider Inc,0,1,33350
Quiet life in a dungeon,0,2,0
BARRACUDA2,0,1,4803
Viva la Arepa,0,1,0
IsMyCastle,0,1,79728
Rebecca,0,1,0
Coffee Femboy,0,1,0
The Stick Of True,0,1,180864
Final Fantasy Vll,0,2,0
bibibubu,0,2,0
PlataHunters,0,1,0
Dab Disciples,0,1,2440
Midnight Foes,0,2,41308
GUARDIANES DUALES,0,9,32235
FORTSTERLING FORCES,0,1,0
Familia de farmers,0,1,0
Toxic Very Toxic,0,1,3199
Exilium Tenebrarum,0,2,0
CRUSADE FORCE II,0,1,0
Ruta63,0,2,11885
NGRZ,0,2,0
utopa,0,3,0
It Takes Time,0,1,153903
The Darkin Ghosts,0,1,0
los araganes xd,0,4,0
Lovent my Albion,0,1,33043
Raven Watchers,0,1,0
CTA-MURT-Csa,0,3,89869
New better beginning,0,7,11512
DUBAI FACTORY,0,1,1332
GetTheMoney,0,1,4252
OwlOfDarkness,0,8,180545
Soul Society Team,0,1,0
bringz BoyZ to the yard,0,4,69764
Maceta Gang,0,1,0
CASTAMERE,0,1,0
LAST WARNlNG,0,1,0
Los Temprarios,0,1,31569
La Comunidad Del AniIIo,0,1,2231
FULL-GRUPALES,0,3,40282
Os Beckyardigans,0,2,0
Los Caballeros de la nobleza,0,1,0
Sentinelas da Natureza,0,2,133015
Raged Psyco,0,1,5132
THE TRIBE BERSERKER,0,1,56859
T E M P L A R l 0 S,0,2,0
100CALCINHA,0,1,0
Dabs,0,1,123755
Tosty Guild,0,1,0
Mex Aztecas,0,7,18255
Legion Mugiwara-Clan,0,3,11904
LA GRAN_TUMBA_DE_NAZARICk,0,1,1093
SOCA_FOFIS,0,1,0
locos12,0,4,105443
North Blizzard Creed,0,8,95090
ForTwoDollars,0,2,0
HI-HIDRA,0,14,79685
HuH focus helear,0,1,0
GuildPotato1509,0,1,0
Brazilians,0,4,118432
cucumelon,0,2,51314
HATECLUB,0,4,144461
Boi Feliz,0,1,41209
ODST - First In Hell,0,1,0
Z1GROM_PL,0,2,148824
zFRIGORIFICO,0,2,0
G4M3RS COL,0,3,181579
TheScarletCrusade,0,2,3923
Voidborn Order,0,4,264643
Ave Sangria,0,2,0
Clan rictus,0,1,0
Los tentculos,0,4,41417
MontaPuerkas,0,1,0
Lymhurst Royal Academy,0,2,51089
CLN SexyLove,0,3,0
Coletores de Almas BR,0,13,368899
Repercussion,0,3,10645
ALEKINE_DEFENCE,0,7,2383
Cafajestes,0,4,14553
LegendariospartanoS,0,5,0
Hashashin666,0,1,15488
miaw2511,0,3,2420
adios vv,0,8,8479
los chiques,0,3,0
PALADINS300,0,6,61475
SagradasTierras,0,1,34706
Tropa do Gelo,0,1,33729
Los Sin Build,0,4,46689
Sanguine Reign,0,20,289830
BestFriendsForever,0,2,42415
A T E N E A,0,1,2621
Economia silver,0,3,2621
PYJARDS,0,6,95405
The DAY,0,1,0
Panama Warriors,0,5,7938
Free Wanderers,0,1,0
Amedontradores,0,2,1523
SENTENCIATORI,0,5,26039
Spy Question,0,8,10723
Los BrOderSs,0,2,0
AZHEDA,0,1,109683
Heroes Of Silencio,0,4,43206
O-NILES,0,7,7740
Piratas De La Muerte,0,3,16223
the kingdom of light,0,1,0
Mugiwara of Mictlan and Xolotl,0,6,5304
MEPhohol,0,1,0
BIGS Hunters,0,1,84217
Caceria Salvaje,0,27,57153
XTGoldenFox,0,10,45900
Elbereth,0,1,101924
MUNAY,0,1,0
myownshitshow,0,3,32347
LA BICH0TA,0,1,0
Belligerent Bastions,0,1,0
Pal lobby,0,2,89333
Serafines,0,3,8056
ZolDycKx,0,1,8089
Los Hijos de Ares,0,9,233049
The Rat Gang,0,7,117492
The_Family89,0,8,23644
WarTag UA,0,1,0
the legion of dragons night,0,9,203442
7 Segundos,0,1,26918
REINO ANARKIA,0,1,0
The Wagner Group,0,1,0
The - Resistance,0,3,72895
Gran Gatsby,0,2,92549
Contratistas,0,1,0
LOS ESCLAVOS DE VALKI,0,1,30608
Twys Maple Kingdom,0,1,0
EL REINO DE LAS SOMBRAS,0,1,0
LOS_BRO777,0,3,1201
Playgraud,0,1,0
Furros3,0,2,0
J0KER s,0,2,0
LEARN OR DIE,0,1,0
MY BAD - NO CRY,0,2,15201
Productores De Albion,0,1,0
Faction Wars Treasury,0,1,5235
UsGuriX,0,4,113501
Ferrolongos,0,3,31761
Bugatti RD,0,1,0
FUFUCORPORATION,0,1,0
Runners The One,0,1,57901
O Caixao Sorridente,0,1,76247
P o s i t i v e,0,1,0
Dias 1,0,4,10680
Honor and Strenght,0,2,0
degggrfd,0,1,0
ZoldyckHaki,0,1,0
TOLEDOT,0,2,0
Huargos Corp,0,8,120955
Mammba Negra,0,4,2429
The SiNx BR,0,2,0
guardians of night,0,1,3763
Tokyo Ghost,0,2,0
T Dragons,0,4,0
N E S T O N,0,5,87430
pecado scapitales,0,16,31085
DG Squad,0,3,0
AII In,0,1,0
gotitas del saber,0,1,104810
No Kill No Loot,0,1,0
Yami no Kishi,0,5,115177
The Deprived,0,1,71372
Second Home,0,1,0
Amigos do Liro,0,3,16232
Revenant Dominion,0,2,38719
Goopas,0,1,0
D I C E D,0,9,0
Make me cum great again,0,2,0
Travel Planners Are Pervs,0,8,6732
GANGSHI,0,2,30615
Los Escudos de Huitzilopochtli,0,3,21098
El Burdel De Bermudez,0,1,45989
Shadow Odyssey,0,1,0
N O S F E R A T U S,0,6,12047
Poneicornios,0,1,0
M O N O P O L Y,0,1,18501
Floripa 048,0,1,0
AREPA ENJOYER,0,1,0
ANTAR3S,0,1,0
Magna Horda del Templum,0,4,34410
SpinoGod,0,2,24221
LOSPEDOFILOS,0,1,0
H0TL1N3,0,2,1258
Dr_Locked,0,3,0
Deus Cria Nois Mata,0,2,23773
Legion Tendida,0,1,0
NordicHell,0,1,25616
Wah,0,1,139816
LosHijos DelNopal,0,3,4182
Defensive Healer,0,2,0
Speds on Eds,0,1,0
Les Licornes Francobelgeoises,0,1,0
League of Albion,0,1,12678
Deo Mortis,0,1,24230
TheBushyBank,0,2,200379
Los Corkones,0,1,0
Team-Latinos,0,4,10429
LETAL_HUNTERS,0,12,38753
THE UNDERWAY,0,5,497544
Aldeia da Folha de LYMHURST,0,9,25990
Lil Shadow,0,1,5908
Buxa Clube,0,9,24109
Legacy of Antheia,0,3,34610
los gankeados xd,0,1,0
0sS3mfutur0BR,0,1,0
Eternal Radiance,0,3,116984
las bolas del dragon,0,1,20178
Morganitas,0,1,0
WolfToken,0,1,25113
THE_GAME_5,0,1,0
White Rams,0,5,27355
Ancient Dragon Lords,0,2,0
Iron Fist Order,0,2,0
Yupilandiaa,0,2,306233
THE_LIARS_GZ,0,2,3169
One Last Knight,0,5,1230287
Aliados9,0,1,17289
Standard Incognito,0,3,0
Le Gungnir,0,1,1656
LOS KASIQUES,0,2,0
Red Sun Company,0,2,4361
RUS ZONE,0,1,0
tropa do CLT,0,1,7677
ESKR2,0,8,166921
La Orden De Lancelot,0,1,0
kingdom of sword,0,2,0
F O M E,0,1,0
Corte Funebre,0,5,5685
platinum green,0,4,68733
PvP waiting room,0,1,0
Hell Soldiers,0,2,1449
Lupo,0,1,0
Vai pro Canto seu Animal,0,2,0
P A S T R I E S,0,3,0
Kittens of Sterling,0,2,0
Toxic Legacy,0,1,2040
Turkey Empire,0,1,0
Ethereal Trading Company,0,8,55091
Cannabis Club,0,1,0
S5C,0,1,0
Iron-Warriors,0,2,24168
LeinadFer,0,3,0
GLADIADORES L,0,2,80593
QUESOCUBANO,0,4,40936
Tea__party,0,2,10906
PATRULHA,0,1,1432
Fire Worshipers,0,3,21159
Hour Of Darkness,0,3,3207
Sombras crecientes,0,3,47715
ll CRY OF FEAR ll,0,1,271212
JN_Hunter,0,1,0
Party of tea,0,3,28217
MUITO DURO,0,4,0
Leon D Juda,0,6,2913
Clan-Uchiha,0,3,5242
i l l u s i o n,0,1,0
Aliciella,0,3,21836
CENTINELAS DEL SOL,0,2,0
ESPESIALES,0,5,0
G2G Pride-Coalition,0,1,0
Sonserinna,0,2,0
Tdg lta,0,3,39646
Go pve-pvp,0,3,0
Brecilien Gang,0,2,0
ranzinzagg,0,2,0
mipi entusna,0,2,1840
Bratjas,0,13,113284
Mi Martillo En Tu Piedra,0,1,0
Informals ravengers,0,3,0
Nya OwO,0,1,0
THC Addict,0,6,0
Sombras de Yggbrasil,0,1,79379
CasualPlay,0,1,70782
LA NEGRONETA,0,1,24169
LOS-CABALLEROS-TEMPLARIOSS,0,6,0
Zwart Vuur,0,1,0
PartidoCiberneticoNacionalista,0,5,21907
Celestius,0,1,0
D4ddychill,0,1,0
valientes cruzados 7,0,1,0
solitariosjdrs,0,1,61663
Noobi United,0,1,0
Midnight Club,0,1,18799
Gank N Gather,0,2,0
SCZMG,0,1,0
For Honor In Glory,0,3,0
RagnarokApocalipsis,0,2,0
S A R C O F A G O,0,4,0
DEATHMARU,0,1,0
CCSI,0,2,5761
Nigth Raid X,0,2,117903
Project Farmer,0,1,0
B A Z U C O,0,1,0
Imsiduos,0,1,0
Legion Cuero,0,2,82590
EL MURO DE LOS 7 REINOS,0,4,0
Assassins Of The Kings,0,4,98171
OG GANK,0,1,0
Zero Consequences,0,1,194429
Knights_of_Bloods,0,6,11948
MInOs COMPANY,0,2,0
Os Executores,0,2,0
DIXON671,0,2,0
Economy First,0,4,0
Bushy,0,2,0
The Great Depression,0,1,0
Hce Life 01,0,1,0
Stacked Deck,0,1,0
Perros de la Luz,0,2,6459
TimGuards,0,2,0
Day-Breakers,0,1,0
AGIOTAH,0,1,48247
Los Pichula del Mamani,0,1,19104
solozxz,0,1,0
kamikase527,0,2,11186
Elites DemonS,0,10,36407
parrillera33,0,2,0
DEPORTTADOS,0,1,0
CyberTek Gaming Reborn,0,2,0
SIRIO,0,3,0
BirdyFamily,0,2,32150
DeusAeternum,0,1,0
Audite Mortalis,0,5,0
TFO,0,1,0
the dark reavers,0,1,10070
TordesLichts,0,1,0
Albeaneers,0,7,0
Wind Night,0,1,0
THE IGRIS,0,1,59254
BoiCetha,0,1,2266
JOKERS-FAMILY,0,1,0
Mercy in Hell,0,1,0
MURDEROUS_BUTCHERS,0,4,0
Ascensio Serpentis,0,4,80951
I BGF I,0,12,35167
Lions are great,0,1,0
LOSCAZAFANTASMAS 2,0,3,0
Baroes De Lymhurst,0,3,7043
ShadowTraders,0,5,13202
LJ_POWERFUL_LJ,0,1,22838
The Sons of Chaos,0,2,79413
S-Snake,0,8,14823
Sin Tetas no hay Paraiso,0,1,7753
Dragao Mistico BR,0,1,0
MetallomisochkA,0,1,13153
Wall of Thetford,0,5,21424
Forsaken Knowledge,0,5,11490
RED KRAKKENS,0,1,0
ass destroyer,0,12,27502
Argentum Online,0,3,0
asesinos de la luna,0,2,17732
Bloody Mittens Society,0,3,0
The Black Dragons BR,0,3,20918
Irmandade dos Magos,0,3,15735
Xx EL ULTIMO REINO xX,0,1,0
Extendo,0,2,0
YUNc,0,1,0
ARM kazak,0,2,0
phenix rising,0,2,0
Phantom Brigades,0,5,1418054
Twilight Vipers,0,3,21005
G E R M O N I A,0,1,46116
GUARDIANES DE KRONOZ,0,2,0
Los Hermanos Calientes,0,1,0
Fates Reign,0,2,0
Guardian Nocturna,0,1,0
MengXinHuiSuo,0,1,27164
Caballeros Juramentados,0,2,0
GALLOS LOCOS,0,1,5235
ROMPE ANUS,0,2,0
Final Conflict,0,1,0
El Puerco Y El Perro,0,16,56366
MYTHIC ORDER,0,1,5638
crisbelys,0,3,2123
The Order of good guys,0,2,52033
skullhood,0,2,11652
corronchos,0,1,0
Honyadaka,0,2,0
Touros Do Caos,0,1,30507
The Desert Outlaws,0,3,1409
warrior faction,0,15,31544
LegionSpartan,0,1,0
NightBr,0,2,0
CABALLEROS DE PAPEL,0,2,11410
Pesca de OuroFish,0,4,5809
Conflict,0,3,18619
Aincrad Dominion,0,2,8126
youglas,0,1,0
Insanes32,0,2,0
III DISTRITO ROJO IIII,0,7,2137
ABSOLUTE TERROR,0,4,77518
Venture Ghost,0,4,62094
El culto al pan,0,2,34767
BLUE ZONE GANKERS,0,1,48288
LOS WAZONES,0,2,69771
ANTIGANKERS DRAGONS,0,3,12557
Immperator,0,1,0
MasterMC,0,2,0
Fleau Fatal,0,2,70664
MG HiLL,0,2,47868
Tavola-Redonda,0,4,21221
TheZone,0,1,23755
Diddis House,0,6,64927
novalymhurst,0,1,0
BUGG,0,1,10266
Brotherhood Fallen Order,0,4,40414
ALEUZENEV,0,2,0
Bunny Girls,0,1,0
OS PATRIOTAS BR,0,1,0
HEROES_OF_EVIL,0,4,12355
Aracnideos Br,0,1,0
EL BANCO DE HIERRO,0,4,11907
Residents Ravens,0,2,1593
MonkeyChapoYT,0,1,0
Waiting For Warborne,0,7,20918
If you like pina coladas,0,3,10459
Iceworld,0,2,271091
Supreme Dominion,0,12,79428
BIRD SPARROW,0,3,3639
DAISLUS2,0,1,0
Neymar,0,2,45879
Aspec yc,0,1,0
Elite - Warriors,0,5,75009
GANAR ES MI PASION,0,2,69560
Family Tempested,0,1,49319
Serpentine Craft,0,2,0
The Carefree Fishermen,0,4,41968
AVALON-ROADS,0,1,20245
UN CROMOSOMA EXTRA,0,1,0
CEIFEIROS de BRIDGWATCH,0,2,0
XX YGGDRASIL XX,0,2,0
IMPERIATUS,0,4,0
T-800,0,5,0
Shadows Figthers Br,0,7,0
Old M0ney,0,1,7598
Vullturess,0,1,0
II CAPMAT II,0,5,385448
ROMPE TESOROS,0,1,0
abisal,0,1,0
New Londo-Ruins,0,5,174915
WayOfValhalla,0,8,39433
MoneyLovely,0,1,11818
The WhiteBeards,0,3,204733
Gardiens Du Pentagone,0,1,0
zSlayer Guildsz,0,1,0
DarkSocietta,0,1,0
Tripulantes De Mumm-Ra-420,0,1,0
L y r i c,0,1,0
GANKERS-WARRIORS,0,1,44280
And out come the wolves,0,2,1512
P-R-I-M-A-T-E-S,0,4,23093
Old Order Women,0,1,13290
Killerskinners,0,3,0
CaseOh,0,1,0
vengadores celestiales,0,1,40338
PURE AND TRUE,0,3,79193
Troupe Of Fools,0,2,42874
MP THE BRINGERS OF DEATH,0,6,588987
A Legiao Sombria,0,7,54013
POISON GARDEN,0,1,90780
MARCHA,0,1,6004
ZZZ Y ASOCIADOS,0,1,0
ikkiguild,0,3,0
irmandade Assassina,0,1,28604
Legion-Fenix,0,2,0
DESTERRADOS DE LA NIEBLINA,0,12,112873
MTDN,0,2,71899
OVCE,0,1,4870
Puttees,0,1,0
Whiskeylandia,0,2,19972
Death Latin Army,0,1,72758
Rastreadores del Bosque,0,5,19972
AVALON_DEATH,0,1,67226
DementoresBJ,0,4,3053
farmers forever,0,1,0
RevoLuTionRun,0,4,2557
GIRTH,0,21,364864
Los desterrados de la Angola,0,1,209701
recoleccin 192,0,1,0
TheMenKill,0,5,98582
xXNitroXx,0,3,16525
K4BARE,0,1,0
Murythal Reine,0,11,22611
Piratas no Deserto,0,2,0
M I N D,0,1,351464
PikaToFly,0,1,0
MommysFav,0,3,0
Entity of Grey,0,3,0
nacion sagrada,0,1,0
GayNENRyodan,0,1,62367
ratatullys,0,3,0
free elite,0,1,0
M A C S,0,1,6953
The Place of our Heritage,0,2,2571
NightWolfsxxx,0,1,6413
BEAR DOMAIN,0,4,0
The Crowd,0,1,0
WhiteShadow,0,10,268358
Future Bankruptcy,0,1,11667
Los-ChingaMadres,0,2,59173
the eminence off shadows,0,6,8148
oOl_WinterFall_lOo,0,1,14401
HELLPSING,0,1,0
Qadesh,0,2,0
Legion Hispanica,0,2,10104
The_Dragon_Knights,0,2,0
Zero X,0,1,0
S-A-B-B-A-T-H,0,5,100268
Bonde do MELEKA,0,3,22467
clubONLY,0,1,0
Humans Only,0,6,160563
guerreiros do pve,0,4,0
Los Farmers letales,0,2,0
Armor is for Noobs x,0,1,0
Hellhole,0,1,5302
DECADENSE,0,6,20677
So Na Jaca,0,1,0
BrSolitario,0,2,0
XNUMENORX,0,3,0
Compania negra,0,1,35824
S U N and M O O N,0,1,0
Bloodfang Warriors,0,1,115329
T I E M P O,0,2,0
Knights of Arcana,0,2,29799
MARANATA,0,5,173505
Caminos dorados,0,1,79477
DCPC,0,8,4947
Sora No Otoshimono,0,5,159367
MAQUILOCOS,0,1,0
Volta Killerzynho,0,1,0
Almas Atormentadas01,0,3,67054
ILOKINGDON,0,2,0
Fu3nm4s,0,1,0
Pergamium,0,5,6296
LoversSong,0,2,57145
THE CANON,0,1,0
los titanes,0,1,0
Sabertooh,0,3,0
inmortales_xxx,0,4,7003
Focus healer,0,3,0
far-MEX,0,1,3642
Albi0n-0nline,0,6,144667
N E X X U Z Z,0,4,219459
Eclipce de Asgarth,0,3,72467
Tom ee Jerry,0,2,0
Aoba-Josai,0,3,40943
Fiend Club Inc,0,1,8663
MGfarm1,0,3,46372
VALHALLA ROADS,0,1,0
THE FERCHOS FAMILY,0,1,0
ROYAL LINEAGE,0,2,7474
ROAM GANK COMMUNITY,0,1,0
los_managers,0,3,27031
Los pitos,0,8,31889
Meth0D Reformed,0,5,213758
NotForgive,0,4,0
Purga Sancta,0,3,1161
TheMoon,0,4,0
Ordem Do Graal,0,3,1603
Unfortunate,0,1,0
Solo PR0DIG0,0,4,0
CLTs ALBION,0,4,65141
el ejercito del orden,0,1,20695
Walkers of the Tree of Life,0,1,24761
cCLTS eEXPLORADOS,0,1,0
La Hermandad de los Grifos,0,1,105660
SHE NEVER LOVE ME,0,3,19624
u4gvn,0,1,18632
Outlier Collective,0,1,0
Liga da Sombra,0,1,0
Sangue e Minerio,0,1,12638
Artison of Albion,0,2,31806
AllyLess,0,1,0
asesinos sin mascara0,0,1,0
Awful Company,0,1,266562
La Joya del Pacifico,0,3,28827
Juramento do Eclipse,0,5,68510
G A N J E R O S,0,4,29592
regressor,0,1,0
G O T H 4 M,0,5,22651
EL NEGRO JHULIAN,0,2,0
SteelWolfLegion,0,2,0
Valhallas Fury,0,4,31872
Wolf Family,0,2,0
Los Zetas nueva generacion,0,3,105745
I JORDAN I,0,4,772110
Javalis de Merlin,0,3,0
YTNoragamiYT,0,2,1063
Les Chevaliers de la Flame,0,2,0
MiChIs EmBoTellAdOs,0,13,123085
Eminense shadow,0,2,0
River-Carp,0,3,0
l Band of the Hawk l,0,1,0
GR_LEGENDARY,0,1,0
O n e - P i e c e,0,1,0
JoshBank,0,1,0
Zz BLACK ICE zZ,0,2,22624
No Bragging,0,3,3740
CALIBER 50,0,10,16502
El inicio de una era,0,7,120090
Ethernal Kodoku,0,2,0
BEASTCOAST-1,0,2,18952
LosDelta,0,2,0
ArvizG-Company,0,1,52636
The GoodBooys,0,3,50671
LEGION REZAGADOS,0,1,1603
Los Dusk Raiders,0,1,0
ECLIPSE sp,0,1,0
paco gerte,0,1,0
La Mafia de los Sin Techo,0,3,14036
LOS YAGUARETE,0,15,61554
MovimentoDireitaTravequeira,0,7,19992
Los Ogros Rojos,0,1,0
I N C A R N A T E,0,1,130688
CRIMSAN DAGGER,0,2,10104
Make Alblon Great Agaln,0,1,0
La Santa Legion del Cuy,0,1,0
FUERZA ELITE DE MARTLOCK,0,1,44836
Seita Celestial,0,1,0
Jusin,0,1,55483
1st Trade Company,0,7,16526
XyuBalayka,0,1,0
RealG4Lifers,0,1,0
Bro Job,0,1,0
L4NCELOT,0,19,293871
WAN7ED,0,2,24841
Amazon Legends,0,1,44836
REAL NO FAKE,0,1,0
BRISAS,0,1,0
T R 4 U M A,0,2,205880
xXBLACK LIONSXx,0,1,0
Toxic Frog,0,1,0
WHITE PARTY,0,3,207189
THETFORTH NO KYOJIN,0,1,0
OS PREVERSO,0,2,0
uniao dos buxa,0,1,0
Malag,0,2,0
Moe Seekers,0,1,224803
0urOb0rOs,0,1,0
Albion Depths,0,1,6346
Your_Bunny_Wrote,0,1,0
kami kakushi,0,3,3612
INLUX,0,2,0
TVD LKA,0,1,0
NoSeat,0,1,0
The Nhoibla Order,0,1,46771
Zha-think,0,1,16153
Dreamfyre,0,1,0
Serafimy,0,1,0
Good game br,0,3,0
Hexabite,0,2,0
C A R R I E R,0,1,0
Xx ETERNO LEGADO xX,0,3,0
SOL_DOURADO,0,4,56798
PK 420,0,5,25735
M A C A C A D A,0,2,0
CLOKWORK,0,1,0
State of Solitude,0,1,0
HEINSENBERG,0,5,241918
Guild_Wolf,0,2,17600
Sos Ouistiti,0,1,240300
Chinese boy,0,13,75245
Solaryz,0,2,33728
CARAMELITO ARMY,0,2,10023
MEXFORMINIOS,0,2,0
Colecthors,0,1,30521
SHADOW DOMINATION,0,2,33880
Strada Famiglia,0,1,0
The Fen Folk,0,1,0
Los inmortales-01,0,1,0
The Blister Exists,0,1,32502
I FOOD,0,1,32502
Only2,0,1,3737
Tres0sitos,0,1,0
GamehouseII,0,4,146966
Soldados del Alba,0,1,0
Los Altomayo,0,1,0
Bad Donkeys,0,1,0
anarxia mati poryadka,0,2,0
XINKALI,0,18,153563
CONERCIABTES,0,1,0
Caballeros Templarios de Fort,0,1,29861
the_path_of_the_loot,0,3,54225
LORDS DARKINS,0,1,4617
MALVADOS-Y-ASOCIADOS,0,1,0
CASA-STARKs,0,1,0
Pescadores de Cuba,0,1,16707
Rule them all,0,1,0
GORILAs CLT,0,1,0
The Roswell 51,0,1,19468
DARK MARINES,0,1,0
La Orden de los Istaris,0,1,0
Military Misfits,0,1,0
Talentless,0,3,24481
The great Iron Legion,0,1,0
Godfathers,0,1,0
los-sellados,0,1,0
Sniper Bishop,0,1,0
Asgard Hall,0,6,241289
TEMPLAR10S,0,1,0
Ironman-made,0,1,0
BAR DA ROSA GORDA 2,0,1,1130786
Villa Vastaya,0,2,219427
Ernia,0,1,0
El Concejo Fragmentando,0,1,110128
NRSKING,0,1,0
Naturalist,0,2,2660
B-0-P-E,0,3,0
THE OLD FAMILY,0,2,0
Loot or Lead,0,1,18090
I DEMACIA I,0,1,0
agreencultor,0,1,0
GoldAndGlory,0,1,0
Os Reis Magos,0,2,4371
Other-World,0,2,0
AEZIR Kingdom,0,1,50382
LA ELITE X,0,1,0
ASIMETRIA,0,1,0
pan con mayonesa,0,3,75839
Torrada,0,1,0
Majoras Army,0,1,0
LOS_SIMPSON,0,1,0
Never Give Up Please,0,1,0
The guardians crystal,0,5,25199
Ezpezial,0,1,0
LOS TEMPLARIOS IRATASI,0,4,0
Hogyoku,0,1,0
La Comarca- Br Arg,0,1,0
Chuds,0,3,0
Lobster Inc,0,16,337255
Alianza Arlequin Moderada,0,1,0
ILUMIPAPUS,0,5,69254
N3xt Level,0,2,0
Valhalla Seekers,0,2,82538
Kings Abalorianos,0,1,0
UwUknights,0,4,0
Calanguinhos Nordeste,0,2,63526
Y U R N E R O,0,3,2959
Die Hard Gaming,0,14,211417
Academia de asesinos,0,1,0
THE REBORN_FENIX,0,1,41302
BestFriends,0,7,171537
Irelyths Dragon Knights,0,1,2226
The Originalls,0,1,0
Fofoqueiros,0,1,159080
Heavenly Hunters,0,4,0
Gank Me Gently,0,1,5480
Legionaries of War,0,5,12680
losdestruye12,0,5,0
sociedad-de-almas,0,1,0
I MoneyGuild I,0,1,0
fort-Luan,0,1,75293
Dragones centinelas,0,20,186198
Err0r-404,0,2,0
Guelos,0,1,0
Oberflou,0,1,0
ATRASA LAD0,0,1,0
Caos Brutal,0,2,0
Ice Canines,0,3,0
ELITE CLAN,0,2,0
Nova Guild,0,1,0
Velonegro,0,2,26156
Elite PvE Brasil,0,3,12572
Albion-con-queso,0,1,0
zzz333,0,1,0
Alined,0,1,0
ALEXANDRIA NONA,0,1,0
Garden-of-Shadows,0,2,8943
Morgana Outlanders,0,2,0
Spiritus Gladius,0,3,0
TheRapazes,0,1,0
The Trade Central,0,1,4720
HONOR1,0,1,0
Martlock Mercs,0,6,33147
CrassoError404,0,1,30072
BrutalClows,0,1,0
Sobrevivientes_de Albon_sin_pi,0,1,0
culto a morgana,0,1,9781
DMTS,0,2,21563
La Pochiza de Lymhurst,0,1,0
ALORIA,0,1,0
We Were Chaos,0,5,33644
00ThetfordRef,0,1,0
RED-SKULLS,0,1,0
Kingdom of Swadia,0,2,12614
Eternity Fame,0,2,509334
LOTHLORIEN KNIGHTS,0,2,0
Leveling 01,0,3,29862
TRIBU DEL OSO,0,1,0
Los buyminectors,0,1,34292
HijosdelCaos,0,1,85674
FORSTEFERSAW,0,1,0
V O L K R U M,0,2,5685
Sheetz,0,5,903664
World No Game No Life,0,5,0
IGNIS MORTUM,0,2,0
KZ _ARMY,0,3,3720
Os Beitiadores,0,1,0
C4rpe D1em,0,1,0
VN Vo Dich,0,1,0
DOPAMINE CLUB,0,1,0
Kraizen_Gaming,0,1,0
Keepers of the Unknown,0,13,106461
los mortadela,0,2,34642
Shadow Dancer,0,3,0
Naciones Unidas,0,1,0
Synergy Squad,0,1,369635
1STALKER1,0,1,0
EL ESCUADRON ANTIGARCHA,0,1,0
NANAQ JUCUMARI,0,10,3452
Sukan Valtakunta,0,1,33042
COOMERCIANTES DE ALBION,0,1,12869
Hora_Do_SHOW,0,1,4008
IGNIGHT SA,0,1,0
Azote de Gentle,0,1,0
O RPG DE MESA,0,19,184966
Suddenly Lost,0,1,0
Zer0 Prof1t,0,5,0
No vendo Trap,0,3,224931
At4udRisu3no,0,1,0
M U L A G A N K,0,3,0
Argentina_Tucuman,0,1,65354
NO TALENT,0,3,6086
Dojo of Makarov,0,3,55768
THE NORDISK,0,6,2367
TADALA fellas,0,1,0
Murcielagos,0,3,100384
DARK HORSES 1,0,1,25407
THE GANGSTA,0,1,0
4 E 20,0,4,86714
S-O-T-D,0,1,0
Los Compa Nochas,0,1,0
Kill Die Revive,0,2,0
Refluxo,0,5,57498
Direfrost Rebels,0,3,0
The White Dragons House,0,2,0
ANARQUIA CARCARA,0,1,11271
BenchWarmers,0,4,108465
wit of niks,0,1,7087
SillerosBroSR,0,1,40288
Orfeus Gaming Team,0,1,0
RipWar,0,2,0
Angel of Light,0,1,1120
Mad porqueno,0,1,0
Lua Azul,0,1,0
Eximios,0,1,0
El Credo De Los Asesinos,0,1,0
Miaulord,0,1,0
S o U n,0,1,0
sedesemsangue,0,1,0
S7ven Seas,0,1,40924
lymhurt AJ,0,2,0
La_Gran_Tumba_de_Nazarick_1,0,3,86574
Mafia 420,0,1,36496
COFFE BR,0,2,0
Angeles 0scuros,0,1,0
Raha ry,0,1,0
Petalos Negros,0,1,0
Gremio de recolectores,0,4,112988
MasterKills,0,1,41458
HULAJ,0,3,0
cerdo cap corp,0,1,0
Snowborn Legion,0,1,0
EXILIADOS DEL NORTE,0,4,71361
legin oscura,0,1,0
Bohemius Gang,0,1,90976
Kalymdor,0,1,0
Retrograde,0,1,17445
Blackclaw Empire,0,1,9003
Ching Mi,0,1,172964
Crowler,0,2,0
MAFIA del SUR,0,1,40708
BrainStone,0,1,8769
Hospoda,0,1,0
Garras de Fenrir,0,1,0
Wings of Legacy,0,2,0
Los Capis,0,1,0
E F E,0,1,31810
Hylianos Field,0,2,0
The Long Road,0,2,0
Movistar,0,1,2383
S E V E N A T I O N,0,1,0
Soul-Hunters,0,2,0
malakatski,0,1,0
Instituto de Pescacion uWu,0,2,0
Stalker Freendom,0,2,0
CLAYMORE COMPANY,0,1,0
LAMBDA PROTOCOL,0,2,294520
winerhold,0,1,1264
Iranian Empire,0,8,59714
Siervos de los Antiguos,0,9,37106
GOTOPLAY,0,1,0
Board of Brewers 2,0,1,0
FRENTE COMUM,0,1,0
Cathedral of Morgana,0,2,0
CrimsonCrux,0,2,29394
FarmSword,0,3,118686
brayanxd,0,1,0
InfinitY WarrioR,0,1,23248
MuerteATeemo,0,2,126886
The_WolfGang,0,5,94115
D4RKF4LL,0,4,15175
LOQUITOS_PVP,0,1,6579
Zeruda no Densetsu,0,1,0
kanedase,0,3,0
ROZH,0,2,296242
P3RSIST3,0,1,0
EVIG LIV,0,3,26794
Frostfire Rangers,0,1,0
Reales43,0,1,0
Dragones de sombras,0,2,0
KYOTO_BR,0,1,56691
KameLord,0,1,1802
Forjados na Guerra,0,2,108196
AGUIRRExLEY,0,3,15216
BloodShadow Reign,0,3,34877
4K TEAM ELITE II,0,1,0
LordsBog,0,4,0
HomiesexuaIs,0,5,479871
Tribu salasar,0,1,0
Ojo de Alcon,0,12,109282
Old_Family,0,2,0
TemplariosRS,0,3,0
DeBoots,0,5,31126
gothyk dragon,0,2,21541
Metalurgicos de Fort Sterling,0,1,0
Golden Castle Strelitzya,0,2,0
IPANDAi Caerleon,0,5,2643
Seguidores del Cro,0,2,38158
Submarino Boliviano,0,2,0
CSD- BRESERKERS,0,1,0
LOS MAKUSHI,0,8,69830
C0NQUERORS,0,1,0
Mafia Latina,0,1,0
TMX 2,0,4,191221
The Buckaroos,0,1,1476
Punish me daddy,0,1,0
Unknown Genesis,0,2,241900
NASARIksz,0,4,35353
Star of chaos,0,1,20239
GojoSatuory,0,16,11400
Tropa Auriverde,0,6,20596
AUF ARCANJOS,0,3,1536
LA ORDEN DE LUZ,0,1,0
el vnzl,0,7,81148
Ethernal Wanderes,0,2,0
BODEG4,0,1,0
Best Cook,0,2,9908
Noobs_at_Home,0,2,0
ZKT1,0,2,65338
Teufelskerl,0,1,4679
Santuario de la Productividad,0,1,18633
Dead Pixell,0,1,0
BLACKARG,0,2,0
HT-GN,0,2,0
MERCADERES IMPERIALES,0,1,0
The Crying Ghost,0,1,0
Demolition Boys,0,1,0
EastCoastGhosts,0,2,23760
moonsoftcraft,0,1,0
V-D-N,0,1,117308
Neft,0,1,0
Dank Dynasty,0,1,0
Morzhum,0,4,45625
loscornos,0,1,30508
Velar Hub,0,1,0
Armed Ballistic Forces,0,2,0
AQP South Lion,0,1,0
TAMASHII,0,2,18275
Crusaders of Solair,0,2,0
No Counterplay,0,1,1680
xXMELGAREJOXx,0,3,34878
SOLO TRAIDER,0,1,0
VIVA LA PLATA,0,1,51029
I AM AT0MIC,0,1,7753
Os Desgarrados,0,1,2123
Falange Fort-Sterling,0,1,0
Insane of Avalon V12,0,2,5341
THE ANCIENT DRAGONS,0,2,0
Dynasty of Creation,0,10,154372
DirIewanger,0,1,0
EL CULTO DEL OESTE,0,1,0
Trabalhadores100,0,1,0
Wolves from the Underworld,0,1,0
IP ABUSERs,0,1,0
El Imperio Latino,0,1,0
CARNARIUM,0,1,0
bmb camera de gas,0,1,0
Los Regalados,0,1,0
ESPARTA_01,0,1,0
Porco Porco Porco,0,1,0
REV3NGE,0,5,0
Royal Industries,0,2,0
504,0,3,0
The Lion Jota Vnzla,0,3,32443
RECOLETOR_ERRANTE,0,1,9908
Slow-Mo Killcam,0,1,0
ThePrensadoBoys,0,2,0
REINO LETAL,0,1,15495
MancosIncorporated,0,3,9289
Bayug,0,1,0
Las Sombras Errantes,0,1,0
0rder 66,0,1,0
AAPAE,0,5,92273
OFICINA DE BUXAS,0,1,0
kill kings pro max,0,1,23332
Ze Ruelas,0,1,0
Mascat Guild,0,1,62754
BW-HOME,0,2,22308
il paramo,0,1,0
Legion de las Aguila,0,9,23069
NAVARONE,0,2,7949
Flying Psychedelic Painters,0,1,0
Dark_kills _RD,0,1,0
Night Unstable,0,1,0
harry potter sem harry potter,0,1,17319
TWISTER METAL WARRIORS,0,1,26097
M E S S I A S,0,1,7446
SkinAndBlood,0,1,0
Sunlight Dags,0,1,0
CAZAD0R3S,0,1,0
Wolf Pack - Albion,0,4,28931
Tensu,0,1,0
Crow Friends,0,1,0
A Dinastia da marola,0,4,0
XXXXQUEENXXXX,0,2,14217
BR_Gankers,0,1,0
Born OfThe Dragon,0,1,0
Ascensa0 Bad0nica,0,1,0
Albion Online IronMan,0,1,76908
the lost fool,0,2,41335
Profit Paradise,0,1,511784
Al Chile,0,3,0
FKC y Asociados,0,8,46175
Th3 Lost 5ouls,0,2,23332
Crying Goddess,0,2,22803
Sata-Bear,0,4,63439
Farmando XP,0,1,22803
open world solo,0,1,0
Demons and Wizards,0,1,92361
Safe Guard,0,10,47901
BANK BLACK,0,1,0
xX_T3lAviv 3sportXx,0,2,348947
Infernal Black Legion,0,1,0
Dragons Of Tenebris,0,2,37502
TNQ,0,2,0
Tuata- de-daan,0,1,0
XXGallosFinosXX,0,9,56392
junta revolucionria de Theford,0,2,20809
MINBYUNGGYU,0,2,3515
RUSbeear,0,2,40143
Clan-Zenin,0,2,5609
blood blood blood,0,1,10611
LOS SAJONES,0,1,0
Real-Matismo,0,1,3656
ELEGUIDOS DEL DRAGON,0,1,74413
Master Price,0,2,23487
OidMortales,0,7,35440
Dragon Verde,0,1,0
LEGION CHOMBETA,0,3,0
East Avalon Trading Company,0,1,0
Pocos Locos,0,10,0
SIPES DOMUS,0,2,0
Whale Sharks Incorporated,0,6,2137
Scav House,0,1,465512
serodartenep,0,1,0
CLASSIC BR,0,1,0
CODORNAS ASSASSINAS,0,1,17847
AGRO BRASIL,0,1,0
La Brigada,0,3,47752
olImpuz,0,1,0
Fisherman King,0,1,0
xxxARMY OF STONExxx,0,1,0
Monchitos,0,1,0
Stone Ghosts,0,3,0
The Knights of Thunder,0,2,5429
JARCHKJEada sab,0,1,0
Legion Rata,0,1,0
Campeones de Martlock,0,4,90061
IDpsKidsIrl,0,1,0
strife720,0,2,10380
ICE Enforcement,0,1,7826
Los P1ng0nes del Norte,0,4,0
Pandinhas,0,2,50182
monkey clup,0,1,7558
Segadores de Ceniza,0,34,345862
Mining Engineers,0,1,0
A FAVELA VIVE,0,1,24826
L0S Huerfanitos,0,1,0
Luz de Ia noche,0,2,24016
Exploradores da Riqueza,0,1,0
VAGANTES DE BRIDGEWATCH,0,9,31715
Avand Heim,0,1,23862
NSS WHITE WALKERS,0,1,0
Cero Kite,0,1,0
A U R 0 R 4,0,14,123105
CUSTODES TERRAE,0,1,0
Vanguard4,0,3,7018
Galo do Senai,0,1,46532
Secret Services,0,3,27207
WOLFWHITE,0,1,0
Eisenwalds,0,1,0
Ishimura Ghosts,0,2,0
462T,0,1,10542
La Orden Psijic,0,1,0
Lomito solitario,0,2,0
DRAGONBLESS,0,3,108135
Os 100 Destinos,0,1,0
I MISS CLICK I,0,2,247762
HIJOS DEL GLORIOSO SOL,0,2,15539
Silver-ally,0,1,27869
EETERNAL LEGENDSS,0,3,0
BERSERKIR VIGMEN,0,1,29396
Clan 420,0,1,0
NIVIX,0,3,44828
Pochos-Locos,0,1,0
LosGorgonitas,0,1,79916
Esqueti,0,1,24010
ultrakil,0,5,0
CARMILLA,0,1,13957
Bu11s,0,2,83185
808 HI LIfe,0,1,0
EsquerdoPatasDoCabare,0,6,0
Illegibles,0,2,0
ONI HYDRA,0,5,121355
V I O L A T O R Y,0,3,21757
SAMURAI OF DEATH,0,1,0
Top1Coleta,0,5,0
TheTempest,0,4,11727
Los Exilia2,0,1,0
E X T,0,1,0
Les mercenaires de albion,0,3,0
OWN,0,1,5170
THE CONQUERING KINGS,0,1,19462
the Luck,0,1,0
Party Shaker,0,3,69588
Corporacion de Mercaderes,0,1,0
PERMA BEARS,0,1,530779
Chernodvor,0,7,88634
Clan-del-Cuervo,0,2,0
playera chill,0,1,28543
GUILD-ARMY,0,1,47147
Xbox,0,3,3578
XD LEGIONES FENIX XD,0,1,0
JOKING with MONEY2,0,2,0
Colmillos de Hielo,0,15,58120
S-P-D,0,2,33981
Ancient Shadows,0,1,1468
Mantos Pretos,0,1,128124
archero,0,1,15368
Guardians de la Noche,0,1,0
Nunca Mas,0,5,9927
MMerchante,0,3,6480
Paladins of Blyn Brae,0,1,102304
team compota,0,1,6480
Blue Shinigami,0,2,45457
Hello Cotto,0,2,244695
LyonKing,0,1,0
THE HERD ONE,0,3,36292
Energias Engarradas,0,1,0
Ordem Jedi I,0,3,16307
The Shanty Raiders,0,2,0
YuReM,0,1,0
FIRST PERSON SHOOTER,0,3,0
LOS GUERREROS OSCUROS 410,0,1,17840
DEATH DESTROYER ARMY OF 7K7,0,1,0
CRIMSON JOY,0,1,0
Muralha Celestial,0,2,0
Assassin -Dragons,0,1,69440
los arcanos de la noche eterna,0,12,51946
Escuadron Langosta,0,4,6014
por animal,0,1,2481
PSOMI,0,1,0
PLATA O MUERE,0,1,0
Predadores de Perereca,0,1,0
MASIVO,0,3,19174
LEGION_ FANTASMA,0,1,0
LOOOT HCE,0,1,23092
SECRET-MEMBER,0,2,0
Ya Te La Sabes Mamon,0,1,0
Albion Project,0,1,0
F0RERUNNERS,0,4,15849
shadalu,0,5,13213
CLANDESTINADOS B370,0,2,0
Nazarick41,0,1,0
NoCry_BR,0,1,0
los tigre,0,2,26224
P O L A R S B E A R S,0,1,11182
SHURAKANS,0,2,30250
Tr0pa do Caramel0,0,2,65258
Chirri Babies,0,2,14231
Los Esclavistas,0,1,0
DIEGOLGT,0,1,10064
Memyselfandhim,0,1,78631
S T A T E R A,0,1,0
Bane of Darkness,0,1,0
Nosfferathu,0,1,0
YOWAIMO,0,1,0
Luluzinhas Club,0,1,39020
Spirit Of Flame,0,1,32015
Crazy Society,0,1,63380
Vectorium,0,3,112074
Rosa Lunae,0,1,0
Pap4FooD,0,1,0
Fox Covenant,0,1,0
Diem Impetus,0,1,34733
Famlia All,0,2,12777
lolliani,0,1,0
coletores sombriu,0,2,0
TheSunBros,0,1,0
LA CRUZADA DE LOS MONOS,0,2,26111
The Dead Rebel,0,1,0
AL-MINSOD,0,1,0
Vueltas la amenaza,0,4,50419
JADE WOLF,0,3,12281
Isla Banana,0,1,0
Black666dragon666,0,1,0
solo Badon Mist,0,1,0
I SWEAR I HIT IT,0,10,9581
ATON,0,1,0
Level_online,0,1,59876
Monkeys Divers,0,5,747368
FarmerUnidos,0,1,0
The Sealords,0,1,12360
PDG COMPANY,0,3,0
Tropa dos Coletores,0,2,0
rey demon,0,7,175803
THE ORDER OF AMBITION,0,4,0
Guerreiros Da Excalibur,0,3,1536
The Wallstone,0,1,0
GUILDSHALS 2,0,1,0
GUILDA OS CELESTIAIS,0,1,0
Bellatores Noctis,0,1,0
FILHOS DA NEVOA,0,1,0
Jester Life,0,2,6523
PH4NTOM_BRIGADE,0,1,49021
A B I,0,1,0
MEDICO DO SUS,0,2,0
Manito en alto,0,2,0
ghost soldiers br,0,11,86843
ESCUELA _PARA _PRINCIPIANTES,0,1,0
OS BUXA S,0,3,0
La Vallee Du Nord,0,2,0
Olds Hunters,0,1,274103
hermanos kpos,0,1,67690
Los extraditables_HDM,0,1,0
PRINCES OF DARKNESS,0,2,6556
el clan de las bestias,0,1,71332
LALAAAA,0,1,0
Crupanov,0,6,0
S W O R D X,0,1,34597
Craft Of Panties,0,1,0
2AinsOoalGowN,0,1,0
Bolinho City,0,2,0
100 CARINHO,0,1,0
CARIBES,0,2,7605
Dinastia Do Be,0,1,0
Ordem do Pequizeiro,0,1,0
DeusLivrimeDosGanks,0,2,0
Huevo Chiquito,0,1,0
Stanleed,0,1,0
Nterozoldyck,0,2,118628
Knight Lonely,0,1,30906
THE MISSSPELLED MAIGES 2,0,1,0
8IIIIIIIID,0,1,0
Blackjjack,0,1,0
Katza,0,1,0
Duelist,0,3,235469
Los Pumas Negros 1,0,1,0
RedbullF1Team,0,1,6257
Sanctum Inquisitionis,0,1,0
Ordo Novus,0,1,0
Team saqueadores,0,1,0
ASSASSIN INFERNAL 646,0,5,29646
Ataud de la muerte,0,1,0
Modo Chill,0,2,0
A G I L A,0,1,0
SHADOW PACT,0,1,5891
ANARCANGACEIROS,0,1,0
N00b Stars,0,3,0
ComandoLatino,0,1,0
Espartan07,0,1,9908
HEXXO,0,1,0
Nameless Brotherhood,0,1,0
O Salseiro,0,1,4984
Pacifistas1,0,1,5480
Comunidad Toxica,0,1,81326
OGTRADERS,0,9,93167
A MAIOR,0,2,0
Tempel-Tuttle,0,1,0
S E L V A,0,1,0
Aventureios,0,1,0
EXIS,0,1,0
Banguardia De Moria,0,3,251401
CaracasCity,0,8,214428
NVL,0,1,0
Horak,0,1,0
U m b r a - D r a c o n u m,0,1,42067
FreeHugs,0,1,0
DARK HICE,0,1,0
Out Kast,0,5,31146
xLEGIONx_FORTSTERLING,0,2,77714
La banda del Hacha,0,2,0
Legendrios,0,1,0
THE DEMON CRAZY,0,4,0
VlOLENCE,0,2,59876
Colmillo de Hierro,0,2,120861
agias,0,6,46274
La-Huerta,0,3,50318
40 Acres and a mule,0,1,149336
I LOVE BLONDE GIRL,0,4,3066
Furia Sangrienta,0,1,0
TheSmurfs,0,1,0
LEGION ZER0,0,8,150807
Y-A-M-A-H-A,0,1,43487
Guerrilla Tactic,0,2,32594
V23 HUN,0,1,0
killers titans,0,1,0
Guild Licar,0,2,0
TAMALESHIPUDEN,0,1,31793
Hidden Hands,0,3,8400
The Call of the Gods,0,9,25807
Mystic Brigade,0,3,0
EL REAL CONO NORTE,0,5,187302
Cosmic Star,0,1,0
RIP2U,0,1,0
Engelus Company,0,2,49110
Blade 0f Justice,0,1,0
I All Rise I,0,1,184277
MATILHA CLT,0,4,58132
Xeque_Mate,0,1,0
DREAD US,0,1,0
mayan,0,5,13100
Lion_Knights,0,3,47929
Snake Squad,0,1,0
THE HATED GUY,0,14,79613
L4 Banda del Halcon,0,1,0
FEMBOYS_LOVERS,0,1,0
sQCF - BRASIL,0,1,12244
Doomswordss,0,11,41581
Lycani,0,8,243727
LAGBIOON,0,1,0
OSA-MAYOR,0,2,0
pugshub,0,2,2144
UGU GANG,0,1,0
Covenant of Rhaegal,0,2,0
Senta-Pua,0,2,0
Mors Certa Hora Incerta,0,2,0
Comando Sur,0,1,0
TUSSI GANG KIRK,0,1,0
LOS TULA RIKA,0,1,0
Rules Of Hell,0,4,92907
CUBAN KINGDOM,0,2,0
Los Caballeros de Hurin,0,1,0
DIABVLVS EX MACHINA,0,1,0
Bloody_Lotus,0,1,0
FamJam,0,1,12881
V LOGAN,0,3,283491
Caxas,0,1,43298
section 8 guild,0,1,582
NUEVA SANGRE LATINA,0,1,0
MortosVivos,0,1,0
RenegadosRJ,0,8,1140
LA ORDEN AVALONIANA,0,1,0
nagahs,0,5,0
Clan Kelvin1104,0,5,15566
Avalon_Fury,0,8,181558
Seven Clouds,0,3,6759
mobileon,0,1,46839
ColmillosDelNorte,0,2,0
BL3ACH,0,2,0
Hunger Lurks,0,2,377803
High Heavenn,0,1,12557
SUPERCUTES,0,7,0
Caerleones,0,3,334005
CABALLEROS DE NEBULA,0,1,0
DeChil,0,1,0
Avantris,0,1,0
El Pacto De Los Tres Reyes,0,6,285520
neverevermen,0,2,0
CM-El Imperio de la Sombra,0,1,0
DEADLY_BROOKIE,0,1,0
League of Legends VIII,0,1,36704
Da shoes,0,1,0
Los Bayardigans,0,1,0
Exilium Claw,0,1,0
Sacro-Imperio Dragoniano,0,1,0
AlckatraZ,0,2,0
NAGARE,0,1,3963
Knights And Chivalry,0,1,0
Time Of Eternity,0,5,37117
Legends Of Fallen,0,1,0
Melapelagornis,0,1,0
LA MAFIA BRASILENA,0,9,105026
MGTOWS,0,10,71820
Coletores da Paz,0,3,7823
albion online master,0,2,0
I Only Collect,0,1,0
MlDAS,0,3,86952
Official Collection Department,0,1,0
Los darkyns,0,1,0
MG-42,0,2,0
ViciosuS,0,2,0
MUGROSOS,0,9,208620
GANK COUNCIL V2,0,2,0
THE REOKS,0,1,27837
LA ESTRELLA OSCURA,0,5,183358
AlMAS en PENAS,0,1,764
zeuz farmear,0,2,0
FARMAR E DORMIR,0,6,5729
MITAYERO,0,1,0
Winged Glory,0,1,0
Guerrillas of Destiny,0,1,0
OXIDIAN RP,0,1,11795
ProEvilz,0,1,0
Weak Goons,0,4,104342
OLYMPPO,0,2,0
Arcanum Aquila,0,5,0
Los hijos del Sur,0,1,0
KeepMow,0,5,180898
DEMOND DE MARTLOCK,0,1,60284
CNNG,0,11,114194
Fairy Tail 23,0,1,0
The Espectro,0,4,0
Night Covenant,0,1,0
PILAR Primordial,0,1,0
Demonios legendarios,0,1,0
CHAOSFORCE,0,5,0
ReyesDelSur,0,3,0
REYES DEL AMANECER,0,1,0
WW_SLONI,0,1,102631
Discipulos de Avalon,0,1,0
Velo Carmesi,0,2,8734
EL_JURAMENTO DE LAS SONBRAS,0,1,0
Forgotten of the Void,0,2,0
Kool Aids,0,1,0
KLAN69,0,1,0
GOLD MADENN,0,3,64554
X sTARS BLACk,0,1,0
Os Rexuxudinhos,0,1,0
CZRM,0,1,8521
300 STAR,0,1,0
Orden Del Temple MCXVIII,0,1,0
P I L A R E S,0,4,0
I JOMSVIKINGS I,0,1,0
SACR3D,0,1,14386
The Templars of Hell,0,1,0
FAT4L FURRYS,0,3,20391
NORDSTREAM,0,1,0
BLACK FACER,0,1,0
Stark Union,0,1,0
FarmersXD,0,2,20808
LOS ANTIPROFIT,0,3,0
So um Game,0,7,0
Traders and Merchants Guild,0,1,0
HERMANDAD NEGRA,0,1,0
ONE PIX,0,1,26061
Circus No More,0,2,0
el pacto 0k 0k,0,2,84833
American Craftsman,0,1,0
LATAM-LYM,0,1,0
KyroPanas,0,2,37120
INQUISICION420,0,1,111131
Econyx,0,2,25072
X_Dreams Walkers_X,0,1,0
V-KINGS II,0,1,0
Tavola Redonda 1,0,1,0
farmsquad,0,1,0
WarriorsKings,0,1,0
SUN_DARK,0,7,104787
Schidturs Guild,0,1,22758
Dab Neeg,0,2,0
BLACKOUTZ,0,2,14940
Umbral Hunters,0,2,0
pezcuezon12,0,2,71898
Ganks my Life,0,1,96679
Mil_frecuencias,0,1,0
Vox-Populi,0,1,35538
PREMIGENIO,0,1,0
La Hermandad Femboy,0,4,139158
La Silk Road,0,1,0
Namorar Nao Da XP,0,2,15447
La Orden Del Musgo II,0,5,0
LEGEND OF RONIN,0,2,0
Monte de Alba,0,1,0
7mikes,0,1,0
Meowsters,0,2,3746
AV3RNO CENTR4L,0,1,0
Nemesis Command,0,2,91058
Team ADOBO,0,2,26066
NoPieceOfShiet,0,4,0
Rayitos de Luz,0,7,0
DuckDuckGoose,0,2,37174
Hokasodelsur,0,1,0
Peru Es Clave,0,3,0
Nethlor,0,1,0
Colegas de Barrio,0,1,0
OO2,0,1,10802
Power Play,0,5,116543
SodaGang,0,8,43249
EL VACIO ETERN,0,2,34743
Big IP Energy,0,1,0
Servicio de Impuestos Internos,0,2,174096
Esparta Full,0,1,11788
KYUDO,0,1,0
Golani Brigade,0,1,0
BUSHlDDO,0,8,0
fraternid4d,0,2,97728
RADIANTESs,0,12,117522
Bridgewatch 137,0,1,0
Diordaha,0,1,0
Shadowden,0,1,44516
LOS-_-PINGUINOS,0,3,14659
Sief,0,1,0
RSMX-Radiacion Solar,0,2,0
Albion Beta,0,4,25776
Cazadores Escarlata,0,2,3370
X1 DOS CRIA,0,1,1685
Habibi squad,0,1,0
AQP_cayma,0,1,0
l G 0 d a z y z Z l,0,4,24543
Los de PR,0,2,0
Hand of G0d,0,5,19431
Nananhoshi1,0,2,0
regards,0,2,0
UNITED one,0,5,114077
Dragones D,0,1,0
LEBENNIN,0,1,0
Strength_and_h0n0ur,0,1,0
SAMURAI5,0,1,50654
K0HTEHT,0,1,0
Ruthles1s,0,1,0
KOALATION,0,3,0
Jaguar House,0,1,0
The Dark Roses,0,3,37133
PhatLootz,0,1,0
Corvos Peregrinos,0,1,0
Guardianes de la Orden,0,1,0
Blood-LusT,0,14,54878
B A T M A N,0,2,0
STARKXBAKO,0,1,0
NinjaLooters,0,2,21711
Macaco do Coco,0,1,0
Made in Cali Malo hablar,0,1,0
Clan LoboGelido,0,2,0
Y 4 K U Z 4,0,1,0
Albion Fishing Squad,0,1,0
I-Phoenix-I,0,1,0
CONSORCIO MAPOCHO,0,1,76668
A T O M I C - F U N,0,1,0
Organizacja przestepcza,0,1,8457
TTVjoshRGT,0,1,0
Full Loot Enjoyers,0,8,68988
Xwarriors,0,1,4149
Rand0m Guild,0,3,8000
femboys hunters,0,4,2355
OS DEUSES,0,1,702
Makiavelo,0,3,61470
Tempest Of Wolves,0,1,0
Sky flowers 2,0,1,0
The Seven Knights,0,1,40082
STARTING POINT,0,1,0
Bogas Rild,0,2,0
TheMonkey,0,1,26344
Skirm2236,0,1,0
Hellmanns,0,2,15287
U-Mad,0,2,2017
1KOKE11,0,5,0
ArrowStorm,0,3,59470
Avanlon,0,2,14396
LA GANGA MAMACUL0S,0,1,0
La legion farm_R32,0,2,33826
un clans mas ok,0,2,0
ForeverPeace,0,2,105297
NEO-METAS,0,5,15472
Elowen,0,2,0
Order Of The Watchmen,0,3,6138
Explorers Harvest Union,0,4,7282
Kokiri Warriors,0,3,4406
Doberman_dangerous,0,3,7153
Republic Of Legends,0,5,7736
Morgoroth,0,2,0
gudofinhoss,0,2,51606
of crazy,0,2,0
MERCATON,0,3,30089
LOS ASIN PRELERS,0,1,0
LM OFICIAL,0,2,22177
crimson bloodd,0,1,4551
RATOPIA,0,1,0
ONE FORT,0,4,0
FULL PK,0,1,0
bayit,0,1,0
Cyber Legion,0,1,0
Irmandade das Sombras,0,1,13723
FILHOS DO BOLSONARO,0,3,0
Black Ghost,0,1,0
los bros3,0,1,22894
I Ready I,0,2,0
RONIN-NOBLE,0,2,24878
morre morre 2,0,1,0
Emissaries Of ThetFord,0,1,0
Vikings of Death,0,1,1884
INVICTUS CORE,0,2,34736
Templarios XII,0,1,0
Sankru,0,1,0
Wyrmroot,0,3,0
Royal MeLon Miel,0,3,53901
Reino Zephyrion,0,1,0
Noxor,0,1,582
Forja Viva,0,1,0
BLACK----MONEY,0,12,178730
GUNS S FLOWERS,0,1,0
PRO TITANES,0,1,2927
ENTIDAD,0,4,0
The Black-Briar Bandits,0,3,0
blackhooll,0,1,0
hermanda del velo,0,2,57797
BLACKLEGENDS,0,1,0
La Armada del Trono Negro,0,1,0
shika3011,0,1,0
Ur0boros,0,2,93340
the DMNZ,0,2,93421
Alas De Acero Negro,0,8,3088
Osos Guerreros,0,5,60591
Primal Kong,0,3,11656
shmebulockk,0,2,0
The Soaring Flames,0,1,0
BL4CK SUN,0,1,107572
Ethereal Flame,0,2,0
TerrorR,0,3,16893
QuA,0,1,0
WIZARD LIZARD ORDER,0,1,0
TimTula,0,1,23517
Supremacia Apexana,0,1,0
I empty,0,1,0
Dungeon Lions,0,5,89932
Sange_and_Yasha,0,4,117050
G0lden Ring,0,1,0
l WinterWolves l,0,1,0
Farmers of Fortune 96,0,4,23233
TRABALHADORES-eltin,0,1,0
XxWakandaxX,0,1,7159
D a r k H u n t e r s,0,2,3564
BlackSunZenith,0,1,136711
ANTHOUSE,0,1,256118
Zonebreakers,0,1,11877
Legiaoreal,0,1,0
SHADOW CLAN002,0,1,12257
The Honored One,0,1,0
HIPOPOTAMONAOFAZSOMDEBURRO,0,1,0
HIJOS DEL FARMER,0,2,2680
Los menos letales,0,5,182582
Testigos de Goku,0,2,30447
FARMA E DORME,0,3,16915
1R0N,0,1,14148
ENAMORADO-y-suS-LOCOS,0,1,0
cz beat,0,3,0
SHIGANSHINA CREW,0,1,0
Bandy2,0,4,253287
xBSGx,0,1,0
NeoMustage,0,2,7065
MORVERA,0,3,104510
Corporacion ZaVaRick,0,4,11920
GoldRest,0,1,0
X LA HABANA X,0,2,18589
Parol Cubano,0,1,19015
Carpe Noctem Invicta,0,1,0
Boca Scan,0,4,2912
fundacion speed wagon,0,1,0
N0 WAY HOME,0,8,9531
Lil Coronas,0,3,30736
mestre cozinheiro,0,7,138426
Caminos De Avalon,0,1,0
Hevel MC,0,1,0
THE MONSTER-S,0,1,0
Gather and Kill,0,1,26658
Coraline,0,2,0
KIRITOXD,0,3,117602
Team Demons,0,1,0
Granda Legacy,0,1,0
LegionOfTheShadows,0,2,0
Thranduils Halls,0,2,305050
Cook Nation,0,2,0
Seguidores de Sideral,0,1,0
PREMIUM DRAGON,0,2,0
Shadow Garden xXx,0,6,1156
EL CAMINO AL DAO,0,1,9122
LTIMO AMANECER,0,2,0
kurosh hunters,0,1,1473
Gundavilus,0,1,0
BDU,0,1,0
ASTRAD,0,1,40273
FRIJOLEROS MX,0,1,0
The Monkey Kings,0,1,24508
Assasins of Gods,0,1,0
6443 martlock,0,1,0
G-H-0-S-T,0,2,926
PORTALEROS,0,3,104597
V I N D E X,0,2,0
WsK Tahiti,0,4,28924
Balaque,0,5,7018
Insane SquaD,0,3,0
ALMA PERD1DA,0,1,0
ROYAL DESTROYERS,0,2,103505
los sin trabajos,0,4,0
J HCE J,0,1,0
Les Protecteurs Des Chats,0,3,0
MONTALBAN,0,2,0
SixthSix 03,0,1,0
Os Buchas BR,0,1,0
VNzueLA ASesinOS De AlbioN,0,1,0
MESSISMO,0,3,4305
Calm Before Chaos,0,6,0
Von Rugenbauer,0,1,0
Intergalactic Space Hobos,0,2,0
Mercilessly Slayin,0,1,0
BLOODSTALKERS,0,1,0
IMPERIO SCAMN,0,1,75400
zona_55,0,10,122974
GARRAS FRZ,0,1,14688
BM Squad,0,1,0
fastdemoon,0,1,0
Bolivia_Se_Respeta_CrJ,0,3,0
camera 34,0,1,0
Mystic Brotherhood,0,1,0
TeamAsere,0,2,21520
Errantes Eternos,0,18,119056
Chars Temple,0,1,1392
Only F4ns,0,1,9387
INTI PAQ INTI,0,1,0
Eclipse primordial,0,1,0
Ghost Site,0,2,0
Revolta dos Mobile,0,1,116081
La Marron Gang,0,1,92479
OS BRANCOS,0,1,0
Punky Punky Letales,0,1,5113
Black_ Banner,0,1,0
La Orden del Fenix Gris,0,1,0
N O C A P,0,1,17967
THE FORSAKEN REIGN,0,1,0
DragonLilys Den,0,17,0
HC - Hellfire Club,0,7,75696
Descendientes de Apolo,0,2,7587
Bree-land,0,3,1264
Shampagne,0,1,0
Andrmeda,0,2,0
The Cumin Legion,0,2,0
Calvados,0,6,0
los bakanos,0,2,0
GUARDIANES DE LA OSCURIDA,0,9,74159
Curs3dGr33D,0,1,0
Arruined king,0,4,34613
Manto oscuro,0,4,0
No Considero Mala Leche,0,4,42015
LEONES1z3,0,8,0
LosMANdigeroS,0,6,15224
ZAGORI,0,4,365826
04EXPLOER,0,1,0
4Ever_COLETORES_BR,0,1,3793
COSAA NOSTRAA,0,1,9315
Caballero_Templario,0,1,85088
ORDEM DA LUA SOMBRIA,0,1,0
Treasure TrackerS,0,2,40024
DEATH W8ING,0,2,0
La Legion Del Aguila,0,1,8457
Dark Rebirth,0,2,0
B Company,0,1,97110
TheElderWarriors,0,5,3534
Secta_de_la_Cripta,0,1,0
Grandes guerreros,0,1,24382
VAASCO DA GAMA,0,2,256899
LOS AMANTES DE TU MADRE,0,2,0
Por la plata baila el Ganker,0,1,0
Polar-ICE,0,1,5410
ACJP-Blacks,0,1,0
King Gorillas,0,1,0
Skull Brotherhood,0,1,0
Grandline south,0,1,0
Fandelmonga,0,1,0
4 FIRM4,0,1,7959
Sabor Veterano,0,1,0
Rivendeland,0,7,457935
Guardians of the Hunt,0,2,13819
FOREST SAMURAI,0,1,20911
XxRESURGENCExX,0,1,27180
The BreakerS,0,3,81329
RK Ragnarok,0,1,0
cazadores okre,0,1,0
Dragones de Hierro,0,1,0
R4TATUI,0,1,0
Souls Takers,0,4,46735
B O N T E N,0,1,0
LIDZ,0,8,2389
xxAlbion Online xx,0,2,0
ABSOLUTNE CINEMA,0,1,53297
Ordem Branca de ZARACK,0,3,4089
TEAM OF ELITES,0,2,0
Jupiter na Lua,0,1,0
shellWhale,0,6,1404239
eternal legends 19,0,3,7066
Haladar,0,1,0
Chimkens,0,1,0
Caminho do Monarca,0,2,791
LOS COMPADR3S,0,4,0
Espadas de Avalon,0,1,0
LosNieris,0,4,0
Mayaz,0,2,0
CLANPELOTAS,0,1,0
Lymhurst Services,0,6,5795
THE TAREXOS,0,1,0
Torress,0,1,0
FORCED KILLERS,0,1,0
TopG Hellgaters,0,4,18783
Criados Do Inferno,0,2,0
The Seekers of Valstheim,0,3,0
Oath Breaker,0,2,0
Red killers_20,0,10,12955
Vladilie,0,1,0
CORMISS,0,1,0
CasaFarm,0,1,0
manc0s team,0,12,500065
Inferno Company,0,1,2948
ARKCORP,0,1,0
Christian Academy,0,2,14356
ShinWen-WenSha,0,1,0
Velkommen til helvede,0,2,23634
AlcatreiA,0,1,0
When pigs fly,0,3,209774
EspadaYFuego,0,2,19011
Brecillien Cavalry,0,1,0
The Slapahoe Tribe,0,1,47770
ZoEiRa Br,0,2,0
squard suicid,0,1,0
ll Legion of Vikings ll,0,5,93182
Second March,0,1,136528
Los Caramelitos,0,1,0
Healing womens trauma,0,1,0
AlphaBM,0,1,0
los macacos,0,5,0
SOLDADOS DE THETF0RD,0,19,30199
Lymhurst Royal Cavalry,0,1,0
Brothers of Shadows,0,2,0
Magic Rampage,0,2,0
PaRaLePiPiDoS,0,1,15544
Fairy Mouflons,0,1,0
KISS KISS,0,2,0
Tier 4 In Our Back,0,1,0
Vai pra Vala,0,1,0
Of GLory,0,1,0
Bonhommes,0,1,32019
hormigas quimeras,0,6,16023
Te la saco,0,1,0
Rats Farm aura,0,1,38599
Cerveja e Vodka,0,1,0
lanza de acero,0,4,13394
Death shade,0,1,0
21 FPS,0,13,358555
universe breaker,0,2,0
GENESIS CHAPTER 3 VERSE 19,0,1,0
LosAutenticos,0,2,0
REAPERS SOULIGHT,0,2,27143
LOS MIAU,0,2,56074
LEGIIAO,0,5,24139
Furia Farmers,0,2,0
Irmandade FAWD,0,1,0
Dragon Disciple,0,1,0
NUEVO ECLIPSE,0,1,0
femboys perukistanos,0,1,602446
The Big White Cock,0,1,123478
VIOLENT PIXELS,0,3,10564
SEM PENA,0,1,1551
BBC Coins,0,1,0
Taiti Clowns,0,1,0
Principio de Incertidumbre,0,6,732529
Inquisidores De Las Deidades,0,1,0
The Browncoats,0,1,0
PLAYER PROMEDIO,0,3,0
Cavaleiros do Rei,0,2,19230
crazy7777,0,3,102287
FTK Gang,0,5,68621
BRKS89,0,1,0
Sociedad de Amas,0,1,42265
F O C U S S,0,1,0
Grav3robbers,0,1,1859
LettosCompany,0,3,0
DEATHGOIDIK,0,1,0
E L E G A N T E S,0,1,34381
The Egg Family,0,4,32687
M0rn1nGstar,0,1,0
Winter-Wolves,0,2,0
Children Of Mana,0,1,2184
EverGreenTrees,0,1,0
los caramelos,0,1,2440
Kickass Drunken Legends,0,2,0
Morgninstar,0,1,29288
TOCV,0,1,0
Infinity - INF,0,1,31619
T-r-y-n-i-t-e,0,4,72310
Death-Note-G,0,2,15250
Infinity Fate,0,1,0
TheBikiniBottomDweebs,0,1,172550
Et cetera,0,1,10353
A S G A R D R,0,1,0
HighLand69,0,3,0
The Rising Sun Pirates,0,3,30267
Legionarios de Fonsi,0,2,5174
Anger Issues,0,1,25236
THExNEWxorder,0,2,7454
caballeros hoscuros,0,2,0
Negros Reales,0,2,119064
EL TEMPLARIO,0,3,0
PINACULO DEL ALBA,0,9,40175
MaestreCrew,0,1,0
KOKEKOS,0,2,0
SOUL NEST,0,3,0
N 1 G H T R A I D,0,1,14074
Realm of Destiny,0,7,26073
BISMUTO,0,1,12134
kAMIKAZES 13,0,1,0
Juramento De Los Caidos,0,1,5682
Los-Caballeros- Sagrados,0,2,7677
Saeta,0,12,433603
RegencyAMF,0,1,0
SON-Los Salchichas,0,1,0
One More Chance,0,2,0
Real Life Friends,0,4,17877
Alkaragan,0,1,0
seabass,0,2,0
Guardianes Lee,0,3,4409
I-N-V-I-C-T-U-S,0,2,6238
Thetford on Top,0,1,0
Dupla de 1,0,3,111837
WORLD CAFE,0,2,0
LA CHUCHA DE SU MADRE,0,1,0
FR-Farmer-FR,0,1,0
Casa Targaryen XXI,0,6,47453
The Last of Gods,0,4,0
GuerreirosDoalem,0,4,59302
Bastardos_Sin_Gloria,0,11,1405
AL41,0,3,19596
Culto de Ouroboros,0,2,0
warriors-of-sunlight,0,2,0
Jinxxs Garden,0,4,24992
LoboSolitario23,0,1,0
Los Michi Fumetas,0,3,0
ACADEMY OF WAR,0,13,132431
Os Ordinarios,0,2,0
osugremoi,0,1,8704
The Wolfs Of Thetfort,0,1,0
COMQNDO-LTM,0,6,91292
Sancta Ascensionis,0,1,0
XisdeHouse,0,1,0
PnMxD,0,2,0
Explorador Solo,0,1,45369
CABALLEROS DEL GRAN ARBOL,0,3,43118
Tonaltecas_01,0,1,0
House Therenas,0,1,211963
black-knights117,0,7,11842
Deaths gods,0,3,30709
muhteem purna,0,2,1293
soldado templario,0,1,0
Troll Karma,0,1,0
Mondragones,0,3,0
GOOD FELLASS,0,1,0
Casadores de Gerras,0,3,12816
Wipe Programado,0,2,65934
Os Ceifadoreis,0,5,73134
fuerza farme,0,2,30025
NIssin,0,4,0
X Visionarios X,0,2,0
Capigank,0,2,0
WYRMWING,0,1,25242
ASTROPIA,0,5,0
Ancient Dominion,0,2,0
Pelourinho Power,0,1,0
Orden de Lucifer,0,1,0
Salud,0,2,5352
Montaraces,0,19,455700
WolfOfSterling,0,1,26568
Connection Problemss,0,1,0
LA DOBLE K,0,2,0
Caballeros de la Luz Dorada,0,1,0
T G C,0,3,54121
Black Mage Arrow,0,2,0
Explosao Galatica,0,1,0
Fishin Impossible,0,2,0
THE SILENT ASCENT,0,2,0
MiG on Top,0,1,0
Mesh masters,0,2,22683
The Undead and Unwanted,0,1,0
T H E _ B O Y S,0,10,76997
mouse rockers,0,1,6919
Illustrious 27,0,1,0
C22 WOJTEK,0,1,0
Mlegendari,0,1,0
OsSemDiscord,0,1,0
Hidden Power,0,3,7478
FAUNA,0,1,0
ROGUES SQUAD,0,3,75417
Caravana de recolectores,0,1,1281
leones_carmeci,0,2,20767
MOBILE GG,0,1,0
Bozominions,0,1,18399
gotta go faster,0,1,0
Pitucos,0,1,0
Los LCD,0,1,0
Dynamit,0,1,16094
OnTeam Fortress,0,4,38956
AESTHETIIC,0,2,77702
Power UP,0,3,67922
Red_Town,0,2,7677
The Wealthy Citizens Of Albion,0,1,0
POCHO FARMERS,0,2,0
ShadowOfDarkness,0,1,0
TR4UMA,0,3,77702
Its Just a JOKE,0,4,0
juilinege777,0,2,29876
VENTISKOS,0,3,27831
Os Sem Loot,0,2,0
OLIMPO GENTS,0,1,0
Cursed Souls Of Albion,0,1,0
Guarida de Lobos,0,2,110135
FairWar,0,1,0
Colosos de Honor,0,1,0
Erzatz,0,3,26033
LOS ZOPILOTES,0,1,0
Celestials of Blood,0,1,0
The edgerunners,0,1,0
Ahuevshie,0,1,9006
Clemencia,0,1,0
TOoff,0,12,48231
El sagrado farmer,0,2,0
Herederos del Yunque,0,1,0
Monosos,0,2,7009
UltraViolenc3,0,1,131800
ROUBA MEL,0,4,44474
Iglesia,0,2,0
Elyseos,0,1,0
S A B I S H I I,0,3,0
Wolves of Graymane,0,1,0
Caximira Killers,0,3,0
A new day,0,1,0
Foreigner DarkNights,0,13,68256
Heaven Pierce,0,3,0
S I L EN T W O L V E S,0,1,218942
SoloWordPe,0,1,13680
Latinos01,0,1,527203
Iron Reapers,0,8,93712
Chiwires Tacticos,0,4,0
La Hermandad de Cuys,0,1,33744
G-I-G-A-Y-U-K-A,0,1,0
NewYorkKarto,0,1,31908
PvE-Tempest,0,1,111369
CurtoSolo,0,1,0
Kills hunters,0,2,26754
Nach Deutschland,0,2,0
Qkracheros,0,1,0
URSS VPERIOD,0,5,0
V1K1NGSS,0,3,0
Viudas Negras Fx,0,5,15522
Monkeys in Briefs,0,3,10775
kastoria,0,3,61716
Therabithia,0,1,5956
ZATORI,0,1,71294
Lords Of The Hunt,0,1,0
Special Access II,0,6,67043
susurradores del infinito,0,1,16783
Comanjer,0,4,21710
the empire copyula,0,1,125237
BloodVanguard,0,1,18254
The 13th Fox,0,1,0
O C A R T E L,0,2,0
Pikachu Kingdom,0,1,0
Falling Skies,0,2,49564
0 - 0,0,1,0
PikNik,0,1,0
Lunae,0,8,52350
Guardias del Bosque Negro,0,8,41886
P R O M I N E N T E S,0,2,0
Policia Feder4l,0,4,303358
Magnus Ulf Ivar,0,1,0
nova legio,0,2,0
A U R E O,0,1,8717
Abyssal Vanguard,0,4,0
MOMERA GANG,0,1,0
Ovayork,0,1,9862
QuarunAgents,0,3,24058
Corvos Necromancers,0,1,0
P0LICIA MILITAR,0,2,12270
Anjos Valhalla,0,1,2416
Las Baddies,0,1,28323
Nobres BR,0,1,0
Cosmic Warriors,0,1,47766
Maracuya,0,3,18869
GOLD SEEKERS,0,1,0
Gold Noob Family,0,2,0
pez del infierno,0,1,0
AP_EP,0,1,5463
Orden Fall,0,1,0
Monolithus BR,0,13,89941
Acolitos Sombrios,0,1,187635
SALAMANDRAS GANGSTER,0,2,0
ROSECRAUS,0,2,0
Hollowest,0,1,0
0-0 reltih 0-0,0,1,0
HEROIS DO CRAFT,0,1,0
soliddude,0,1,0
La Republica De Jack,0,3,26917
Time Lords of Ava,0,16,11174
The Only King,0,0,9760
Die_Imperialen,0,0,2773
el chero de 12,3,0,1061092
M D R,1,0,150200
LA ESCAMA ETERNA,0,0,12352
MUSHOKU NO TENSEI,1,0,64584
Order of the Holy Kings,0,0,1660
Manikomi0,1,0,27405
Legiao do Sol Eterno,2,0,14661
Evil N0t Human,0,0,926466
Odins Missing Eye,0,0,49627
FONES-OPAVUN,0,0,373846
Boku no hero,2,0,87503
Cueva de merlin,3,0,103491
G 1 V E N C H Y lymhurst,2,0,58336
Recanto FS,0,0,21616
P0w3r Rangers,1,0,574127
Culto do Lag,0,0,3462
Crit or Quit,0,0,67552
Emeraldia,1,0,25478
Guhnomes,0,0,846344
Lunalunar,1,0,25512
T U N I C A,0,0,23160
Gloria Terra Argentum,0,0,48241
Velum_mortis,1,0,2304
LABORIOGRANADOS,2,0,70620
Dedogol22,0,0,35844
elpoderdetodos,0,0,0
Pepperoni Nipple Party,19,0,5854073
El Mercader Ambulante,0,0,13686
O GALO MATA,2,0,68567
GreenPath Syndicate,0,0,30
Mortal Kumbia,0,0,136332
Ilani,1,0,19490
CORTESIA DA CASA,1,0,2604
GRE 17,1,0,66891
INICIATYVE,3,0,33092
Hiluu BB,4,0,355463
Miaulock,0,0,12504
Guerreiros Do Passado,0,0,7618
hi mane is,1,0,412856
ASSU,0,0,36751
EscuadrondelaMuerte,0,0,19403
KAER MORHEN CASTLE,1,0,14864
AVENGERS_ASSEMBLE,0,0,24106
Mano Obrera,0,0,59314
LaOrquesta,0,0,83649
OlhosLagos,0,0,26784
ilCALAKMULli,1,0,114900
Piratas de Sergipe BR,0,0,13620
Gremio de Comerciantes GM,0,0,17859
Los Sayayines,0,0,14598
La Cebolla,0,0,58525
REPUBLICA DOMINICANA MMG,0,0,14227
llOllOll,1,0,101007
S-I-E-N-T-E-M-I-T-R-O-Z-O-N,0,0,96205
Nine Star Hegemon Body Art,0,0,12230
Lobos Acechadores,0,0,30524
AnonymousDads,0,0,13223
NDEs,1,0,137694
GoopGoop,1,0,103335
x R A T S x,1,0,157767
Dark-Furius,3,0,203733
Rising Wolves,0,0,15900
Energia ejaculada,0,0,16099
White Bear Vanguard,0,0,5685
The Last Danc3,0,0,15184
LaGuarderiaDeHerculons,13,0,1890733
GR1MR3AP3R,1,0,11201
Mad Misfit,1,0,17682
los mejore mankos,0,0,17666
guardianes del cervero,0,0,2206
iloveyoueyes,0,0,96631
tlm2,0,0,7209
El DESPERTAR DE LOS C-A-S,1,0,73569
Winter Crows,0,0,9335
Mundo Libre,1,0,83677
Tevinter Imperium,1,0,69738
Aggressive Rat,1,0,32841
Outnumbered Enemy,0,0,32841
Venekitos en cerru,4,0,52054
Vanguardia del eclipse,1,0,27362
Young Farmer,0,0,4125
SHADOW UNTERS,1,0,48413
YO SOY YO,0,0,22562
Shagram,1,0,67068
Tantalus Troupe,0,0,12764
Onion Pxssy,0,0,7041
FORAJIDOS DEL GUASMO,0,0,2864
Mystnigh,1,0,40896
WhyYouLying,0,0,210011
Imperio Real IR,0,0,7156
VIP Persons vainglory,0,0,2137
LATIN DE LABURO,0,0,33668
hermandad del lobo,1,0,25464
shadow island,0,0,5010
Infierno Supremo,1,0,76719
Nigrastellae,0,0,21545
La Camara de los Ents,0,0,3526
abyss of nanashi,0,0,3526
TiempoEspacioKriptomonedasOro,2,0,52158
DIOS CON NOSOTROS_ RIP CHUKITO,1,0,26730
120 ARCO DE GUERRA,1,0,6000
S h a d i l a y,2,0,401688
La Nacion de Sion,0,0,32265
Court of Fools,3,0,166112
DEAD M00N,1,0,42087
Cruzada Sombria,0,0,53501
Tide Watch,0,0,26097
BLACK BOMB,0,0,38674
Gamers Inn,0,0,1372
XuxupinhaOtaku,0,0,31234
Eprosthesyan,0,0,81855
LOS COMERCIANTES DE TEMU,1,0,71338
SH4D0W,0,0,21978
ONLY-UP,0,0,1371
TOROS NEGROS black clover,0,0,8785
Caps Lock,0,0,2699
Omgs,0,0,13066
Wesola Gromadka,0,0,81436
The True Orden,0,0,29370
Dark Milk,1,0,25296
Enemies of Reality,0,0,342411
The Royal Stags,0,0,54577
Pato Roco,1,0,23688
La_Gran tumba de_Nazarick,1,0,134531
Deja Farmear MIERDHA,0,0,4437
T0RTU6A,0,0,30431
Crystal Masters,0,0,7056
EL AXIS,0,0,25568
el cartel de la sangre,0,0,39592
the letal ganks,0,0,20971
Los Albailes,2,0,294161
CLANPAPA,0,0,20817
Eien no Zanen,0,0,5302
ONG Akatsuki,0,0,3404
kolorita,0,0,3404
MU3RTO DE HAMBRE,1,0,4104
Reino Sagrado,0,0,75155
KILL BILLL,2,0,27494
AquiAcabou,0,0,3583
IZI-BOOIZI,0,0,7166
abababa,1,0,343317
FKN300,1,0,76734
Rick adn Morty,0,0,16206
lest timer,1,0,303262
SmackTown_Gaming,0,0,6941
lBlack Handl,0,0,9578
Lightziel-Mx,0,0,1356
Bugs Gold,0,0,32286
Renegades of Fate,0,0,30618
Just Me Bro,0,0,46181
Zone Segura,0,0,83512
Latinos Maleducados,0,0,40916
INFINITY RACERS,0,0,24514
CHAMBIADORES,0,0,1945
S O Z I N H O,0,0,1945
PllVAS,0,0,242783
BIGMORTOR,0,0,46771
XAudaxX,0,0,7959
frente de liberacion mercantil,0,0,14185
gramoxone,0,0,20269
Lives Knight,1,0,24508
PVA,0,0,31107
VILA MIX,1,0,87741
Crafting4MyPocket,1,0,20122
FAZ-2,1,0,114561
BR Justiceiros,0,0,65425
yosre111,1,0,11736
Belekada,1,0,139337
Ysa e Edu,0,0,86689
baussolobolo,1,0,189905
LSD MASTERS Kiev,0,0,30941
THEFORESTGRIN,0,0,13583
Fanatic,0,0,15175
los ijos del abismo,0,0,4999
kawaii fortune,0,0,642
JOKING with MONEY,0,0,50677
Graymane,0,0,1968
EugeoCompanyGrvm,1,0,7772
Oclock,0,0,39277
Clan do Corvo,0,0,6337
XX_XX,2,0,463076
Leon de Espartano,0,0,1470
YUCE,0,0,32097
DeiSepulchrum,0,0,219968
Veiloaks,0,0,4161
New Valhalla_plus,0,0,1225
LAST INFERNUM,1,0,782344
Mambo Special Force,0,0,205861
red kings of fort sterling,0,0,7497
NoNameBandits,1,0,190690
treenew,0,0,2134
SICKOS,3,0,126995
Tabbib,0,0,16076
PRESSAO-ALTA,1,0,98573
Lime Tree,2,0,178006
FOREST MONSTER,1,0,251476
Crimson Adventurers,1,0,176349
Tijuca,0,0,9030
The Axaris Pact,0,0,40533
HIJOS DE KANEL,0,0,14493
Heraldos del Destino,0,0,83070
Highskull,0,0,63682
Lion of spirit,13,0,733408
Dayseekers,0,0,4417
De4th Punch,1,0,12666
LosBBs,3,0,198530
AlterAetherum,0,0,115135
S U N Z,1,0,0
P C D,0,0,218975
Cuervo Negro 3,0,0,40276
MELONES,0,0,19915
PVE CORP,1,0,92664
DK Death KIllers,0,0,5888
LUNACRECIENTE,0,0,9086
The Lion Slayer,0,0,9086
Duendes negros,1,0,16638
BDeUnaCarisia,1,0,591410
GATITOS LOCOS,0,0,55070
The Glory of valhalla,2,0,26447
Broski and Broski,0,0,2236
tuu y yoo,0,0,2946
Aucatrazzzz,0,0,8262
G-R-E-E-D,1,0,50702
NOX HUNTERS,0,0,7188
Casacus,1,0,36601
LionGate,1,0,16249
Heal Mee,0,0,457297
OrderOfTheWhiteLotuz,0,0,17445
Divinity Knights,0,0,254044
ROFLANY,0,0,14037
Black Summer,0,0,4493
S KUL D,0,0,4483
Titanes Carmesi,0,0,4749
ALL BANDITS,1,0,47214
Vorn Kuldohr,0,0,20234
B o n e H e a d z,1,0,90246
B L 0 S S 0 M,0,0,760583
KING MAIN,1,0,196476
ChimpsBET,0,0,3552
the king berserker,1,0,82080
ThePochitos,0,0,4784
N 0 C R Y,4,0,154582
veru,0,0,16333
I Olds Gods I,2,0,615967
HellgatesX,0,0,192253
Femboys y Empanadas,3,0,270013
Holly Michaels,2,0,405467
MoreThenGhods,0,0,20430
SandBox Unity,0,0,1970
Silence Black,1,0,104571
EZCARCHA FTS,2,0,221752
ALB4M,1,0,69456
DELULAR,1,0,55075
Pay Your Healer,2,0,50514
Warsong Offensive,0,0,1446
Aufingues,0,0,6596
migus,0,0,31619
QUE-XU-MIRAS,0,0,13936
PERROS CRIOLLOS,1,0,52111
Solo Players Only,3,0,229336
Netos Da Dora,0,0,34780
C0BRA KA1,1,0,13896
Nigerudaiyo,0,0,5983
The Kings Of Chaos,1,0,115110
TR0PA DE EXPL0RACA0,0,0,6444
Bar 70,2,0,38071
Faelight,1,0,91683
Dungeon Cleaners,1,0,17996
KnightNight,1,0,323581
NaDien,0,0,4581
W A R H E A D,1,0,110402
TARGON - OSO,0,0,26490
Hands of Florence Nightingale,0,0,26490
Clash of the Titans,1,0,144765
PORTUGAL TUGAS,0,0,21235
KILL--LOOT-PROFIT,1,0,34926
ATRUPECARMESIN,0,0,2965
ASGARDEN,0,0,59801
Charming Chicks,0,0,9622
Sons of Asgard,1,0,7869
AYAYA ARCHIVE,1,0,465133
Sacerdotes del Kaos,0,0,9324
Tank de Havaianas,3,0,238202
Katteggat,2,0,164919
Z 3 R 0,1,0,320814
Patea Enanas,7,0,173304
Peliadores Sin Ley,1,0,24144
Crimson Trading Company,0,0,11795
Dad Bod Club,0,0,11127
Tahuantinsuyo Renacido,0,0,29464
The Dark Scythes,3,0,259229
black dragon XD,0,0,6180
NC_BLACK MAFIA,0,0,43647
Order 0f Light,0,0,21702
Pastafari,0,0,46454
A CLOCKWORK ORANGE,0,0,127295
Banco Real,0,0,1304641
T_A_K_U_R_A,0,0,2703
Ad Aeternam,0,0,2169
Masiosare,0,0,42265
Alba Ruthenia,1,0,104105
Union Rusovietica,0,0,6856
1Bounty_Hunters1,0,0,18680
Asoc de Pescadores,0,0,97657
Sinister Militia,2,0,45945
Project Diva OwO,0,0,50244
The Grandussys,0,0,27833
IncidenteTunguska,0,0,8112
baby_yoda,2,0,74865
MonkeyPush,1,0,149730
InsolenteZ,0,0,12980
Picha_ Cortas,1,0,13182
Golden Frogs,0,0,68959
Lilly Laboratory,0,0,68959
Abbad0n,0,0,18399
JAQUE MATE Imperio del Monarca,0,0,3465
Dragonslayer29,0,0,21991
SAINTS LORDS,0,0,63208
LLetzte SSonne,1,0,13128
Pesca Free 8,0,0,31393
epstein is alive,0,0,68959
Tlacoyos Asesinos,3,0,83707
Mao Tse Tung,0,0,1898
Ciruelaxx,0,0,23285
Black Order 12,0,0,280846
PCBM GOSTOSO,2,0,4111127
IAMNIUBI,0,0,639868
Metz,0,0,43427
The Falllen Of Avalon,0,0,71994
Phoenix Aurea,0,0,10208
KALGARALAND,2,0,263928
Ball Fondlers,3,0,69453
Volshebniki Polya,0,0,21213
LaPutaLegion,0,0,60770
B E R S E R K BR,0,0,172911
One piece ghost,2,0,222691
The Pecunia,0,0,36022
Barkirras,0,0,6045
Umbra-Corvi,1,0,237018
Probably Hostile,0,0,16437
AdventureQuest World,0,0,22708
Massive Blob,0,0,120404
Bountry Hunters,0,0,11475
Adictos a las Scooby Galletas,1,0,270053
Never Get Bomb,2,0,140799
PanMohoso,0,0,22521
Diddy Did,0,0,48999
MARTLOCK F0RCES,1,0,45712
Lilith house,1,0,370465
The Monarch of Shadows,1,0,13623
SERVIDOR FALIDO,0,0,56205
CALL-ATE,9,0,829548
BIMBA_BOMBA_KUEV,0,0,196599
Colmillo Dorado,1,0,63378
ZIKILL,0,0,325805
x_BANDA DEL HALCON_x,1,0,7050
AA Silver,0,0,7038
Solecitos,0,0,8901
Of Fire And Blood,4,0,34201
H A M B R E,1,0,28220
SYNDIC4TE,1,0,23105
La Mafia del THC,0,0,89356
asdfg123456,0,0,8840
HomsteadDeNocte,0,0,21687
ONESRAMGUILD,1,0,140615
HALO COD,0,0,4752
La Casta Tiembla,0,0,4752
Tu viejo,2,0,27244
Genei Ryodan Reborn,0,0,6490
Gen-ei Ryodan de Aragua,4,0,77479
Dont Be Afraid,0,0,182675
Gank Reach,1,0,104458
Los Bosses,0,0,72904
Prussia Enjoyers,0,0,63462
IMPERATOS,0,0,5788
LOS HOMBRES DE NEGROS,1,0,11735
M I S T E R Y,0,0,4089
Ts RED,7,0,225784
SOMBRERO_DE_-PAJA,0,0,5534
M Y R M I D 0 N S,1,0,32515
centuryon,1,0,64764
Premos Cult,2,0,52100
Tryhard Anti Ganker,1,0,72924
E N M 4,4,0,93452
SILVER NIGHTMARE,0,0,2958
The-Kingdom-Terror,0,0,41284
ROAD-POLICE,0,0,36721
Lethal Hurricane,0,0,49762
ENERGIA AVA,1,0,99524
ARS OCCISIONIS,3,0,90224
THE UNSTOPPABLE OF THE NATION,0,0,19253
Ehrenlegion,1,0,11784
DRIFTERSs,0,0,11920
SOMOS FARMERS,0,0,19163
LosZukulentos,5,0,158197
BLoons TD,6,0,2101848
TEAM HEROIC,0,0,29920
Free Venezuela,0,0,11832
LAFCKGANG,1,0,123228
Fortunate Embers,0,0,21790
Happy Henrys Pub,0,0,27289
Dead Circus,0,0,36704
Watones On Your Back,2,0,146252
Merry Men,0,0,37496
Chiriston,0,0,87615
Pelego FIno,1,0,20012
CTN,0,0,40945
Almas Del Invierno,0,0,90246
XafaHousers,0,0,16530
M A N D R A G O R A,1,0,59022
Boulevard De Las Dagas,0,0,15390
disturbed777,0,0,14150
TETERA WAR,0,0,160992
XIQUEIRINHO,0,0,29532
xxxBraveHeartxxx,2,0,118256
HRHG,0,0,2037
NAZARIC The Great Tomb,0,0,29061
PHOENIX-ABYSS,0,0,56269
Khem,0,0,57605
Buckfutter Strip Mining Co,0,0,11090
cadets of life,0,0,285540
Alunos da UERJ,1,0,8196
Ragmirok,0,0,190233
SANTUARIO FEERICO,2,0,237525
sarue5,0,0,5084
Gangue do Machado,0,0,21087
Albion je srce Srbije,1,0,35535
COHORTE ESCARLATA,0,0,5886
KUROHANA ATHENAS,1,0,114615
Sistema - 01,0,0,6485
9orNONE,3,0,204714
Wacky Inflatable Tube Man,0,0,862
Gatos-atigrados,1,0,74376
Los Ratatuis,0,0,4346
AMIGO DO DONI,1,0,16443
MinhaCasaMinhaVida,0,0,619
CLAN LOS GLADIADORES,0,0,1884
escuadrib pinter,1,0,160761
Choragiew Krolestwa Polskiego,0,0,1685
MG-KING,0,0,98128
GREAT NAZARICK TOMB,0,0,2985
MAKEl,1,0,102465
Os Filhos da guerra,0,0,57461
Valhalla-Saints,2,0,30430
Los Ultimos en Pie,1,0,57039
Buchas Gang,0,0,296432
LOS SIR,0,0,1176
las gatas salvajes de lorenzo,4,0,76970
PLZ DONT RUN,1,0,9512
Aeternam Requiem,1,0,161056
ZT LOVE,4,0,914491
templarios extorsionadores,2,0,572470
BrigaDeBar,1,0,260846
Los Bro,0,0,7951
Ratas Egipcias,1,0,55779
Lux Immortalis,1,0,105730
old school rap,0,0,9236
Master Mouse,0,0,104399
103CHORIZOS,1,0,65553
presentimiento-exe,0,0,3232
tropa_do_kreitim,4,0,136781
Belfast,1,0,87074
Guardians of the Eternal Void,0,0,14706
I Club Penguin I,0,0,15956
OrderHeadshot,1,0,4752
Los Chill Anti-Gremio,0,0,12142
Evil Azerot,0,0,182831
xX-GUARDIA VAREGA-Xx,0,0,13042
MARTELO DE FORJJA,2,0,709535
P O C O Y O,3,0,899394
Circus of Avalonian Roads,6,0,356524
N0ble Society,0,0,733
PermaCC,4,0,403138
Fearless Fighters,0,0,34648
PrimeGear,0,0,95543
Sword of the Fig,1,0,25872
LunarGrove,0,0,5544
AURORION,0,0,35397
TEMPLARIOS WXW,0,0,23074
Black Patrols,0,0,53818
In_The_Abyss,0,0,3009
KINGS OF DARKNESS 1,0,0,3459
INFINITY WARS ALBION,0,0,104615
12CO,0,0,16453
ThunDer W0lves,0,0,26033
JOURNAL LAND,0,0,64521
Laughing-Coffyn,2,0,88644
Blackstaff,0,0,154194
SMELL OF FEAR,0,0,22111
AO_Pumadera_Argentina,1,0,172880
D3v4sT4C10N,0,0,5641
ZLOY K I N G,0,0,53471
Megamante,0,0,2985
Clan Cyrene,0,0,36221
LoliPop Burglars,0,0,67050
YAHOMIA,0,0,37027
THE FARMERS SQUAD,0,0,10904
Famous Company,4,0,44973
Beast Blood,1,0,116077
SKULL BURST,1,0,36958
Bruxentopia,1,0,152915
THW FIERCE,1,0,51427
BIGLEG,0,0,115151
Reino Zenin,1,0,214275
Imperio dos Ursos,0,0,12232
NotTimeIamDad,0,0,24424
Los Ravioles,0,0,33309
los Titanes 2 0,1,0,8988
Los Farmsas,1,0,59185
l HAVOC l,0,0,6124
INU PIA,0,0,1316
The Iron Phoenix,0,0,341110
La Chopofamilia,1,0,13273
Valloleth,0,0,107783
Goldens Coffee,2,0,285219
ARROZ CON CHAUFITA,0,0,44401
Cherry Bonsai,1,0,36990
TamoJuntos,0,0,5178
OutlawsInvictus Respect,0,0,2528
THE MORTAL REALM,2,0,99953
Brotherhood of Natercia,1,0,77616
The-Graveyard,0,0,7915
Thet Bank,1,0,46682
IMPERIUM LEONIS,0,0,3435
GANK3D,0,0,33521
los templarios3223,0,0,81854
Bau-caerleon,3,0,13972
Evil_1,1,0,46671
Monkey Gods,0,0,213884
FarmeoExtremo6,0,0,145828
Banckson,1,0,118992
SPARTA370,3,0,76732
LOS ESPARTANOS REALES,1,0,301184
Los incaleables,0,0,7670
Recuerdos del past,0,0,13941
el farmer solitario,0,0,9006
SereelWorld,0,0,6236
HanSuiSanHu,0,0,8439
Stake,0,0,8439
Ordem de Surya,0,0,13698
The Femboy Is Life,0,0,18999
Echoes of Avalon,2,0,54595
AKASHI NEGOCIOS LTDA,0,0,9471
XXX CUBA ASSASSINS XXX,1,0,36409
Los choriplaneros ATR,1,0,9612
LIDER 07,1,0,163001
Mi2244,0,0,71684
LazyTrees INC,0,0,2782
AliasHero,6,0,373153
CARNERO NEGRO,0,0,37301
Ratos 777,0,0,14599
Negrilsons Prime,0,0,13874