Battle ID,Kills,Fame
1364140993,8,1439260
1364141302,19,1016216
1364141457,11,296895
1364141484,9,2007742
1364141629,6,1118274
1364143091,6,1138093
1364143632,10,16502746
1364143983,17,1449232
1364144639,32,8132579
1364144697,12,3588138
1364145155,10,591142
1364145158,11,2680500
1364145765,10,71652
1364146509,38,1249405
1364147198,132,28242688
1364147407,23,5004351
1364147478,18,570208
1364147516,11,1528578
1364147951,6,534833
1364148901,20,3991080
1364149294,55,2354318
1364149570,10,2351780
1364149885,13,1018343
1364149996,76,26296888
1364150211,12,1638507
1364150845,36,19533465
1364151775,14,4382649
1364151789,89,49267712
1364153763,23,1171831
1364153830,15,2779138
1364154520,8,309747
1364156045,6,2300670
1364156374,27,4147877
1364157607,12,1416424
1364157726,13,2139286
1364157802,18,5383401
1364158027,13,3180426
1364158317,66,11857896
1364159266,15,2329357
1364159281,10,855090
1364159589,5,1957951
1364159693,18,1569007
1364160707,15,4971985
1364161450,29,8197124
1364161640,21,7768554
1364162020,13,718211
1364162302,18,1117242
1364162414,7,1374186
1364163887,28,3556810
1364164245,13,1485085
1364164648,43,17041004
1364165137,11,1722557
1364165522,13,1554065
1364165723,30,6854350
1364166267,20,6669537
1364166359,22,2729825
1364166571,36,926821
1364166933,30,3215285
1364167060,16,388359
1364167359,22,6885608
1364167828,12,2303511
1364168483,31,1719044
1364169069,12,3546922
1364169147,11,738372
1364169310,39,8626548
1364169629,14,5611922
1364169895,4,1656180
1364170669,3,154377
1364171236,33,27193716
1364171403,14,1640889
1364171560,100,8441622
1364171671,17,5039421
1364171878,29,5044659
1364172617,43,2937846
1364172794,23,11287265
1364173040,26,1449790
1364173481,39,3742195
1364175570,5,1535234
1364175665,81,7672855
1364175828,19,2587733
1364176610,10,3601859
1364176678,9,6387302
1364178604,15,7609001
1364179520,7,969734
1364180273,9,852332
1364181673,20,2277689
1364182254,19,1374874
1364183559,20,8944560
1364184206,23,1554363
1364188003,7,2937258
1364189094,40,3745159
1364189175,12,1744953
1364190903,6,499003
1364191869,17,6093005
1364192584,39,707702
1364193528,22,2405713
1364193697,34,3038061
1364193985,4,392715
1364194446,14,10162541
1364195606,12,653181
1364197809,50,4746654
1364198408,12,2544987
1364200531,4,949109
1364200565,39,16283537
1364201007,18,279143
1364201486,4,436699
1364201739,17,949845
1364202338,221,90112691
1364203236,49,23289640
1364203751,6,740459
1364204321,66,6773362
1364204715,77,26721771
1364205011,12,543341
1364205440,17,4207740
1364206149,44,8916185
1364206771,5,325846
1364206837,12,1034370
1364207042,14,2748173
1364207152,14,5042442
1364207297,8,2693862
1364207916,13,236703
1364208857,5,355799
1364209712,44,14210168
1364209770,24,3079726
1364210532,21,1940036
1364211516,16,3284398
1364211897,11,560345
1364212513,18,8623121
1364213617,21,4589348
1364213741,21,3735967
1364213929,37,13432433
1364214437,5,779349
1364214571,20,3847438
1364215073,18,2561648
1364215386,14,1965287
1364216096,9,1184506
1364216605,34,13315502
1364217150,19,5345406
1364218105,24,1082083
1364218801,15,12050390
1364219553,10,1933255
1364220380,10,2280239
1364220421,27,12291827
1364220649,25,703162
1364221517,20,13913468
1364222191,9,1616413
1364223708,4,1291843
1364223956,24,10430953
1364224158,26,12345836
1364224889,22,6715427
1364225043,86,54245380
1364225196,22,1700499
1364225598,20,6121278
1364226337,6,1269799
1364226999,20,5973275
1364227101,13,5590893
1364227738,24,8359334
1364228068,38,7735052
1364228266,5,2080066
1364228462,12,3571274
1364228520,11,2351128
1364228637,5,1675311
1364228984,19,3145293
1364228990,13,3798176
1364229738,16,743522
1364229845,32,11561922
1364230052,29,13791038
1364230147,19,4096067
1364230917,14,5138319
1364230930,29,4402169
1364231076,5,1497120
1364231523,6,421410
1364232705,14,6872114
1364234063,20,415907
1364235075,9,5064500
1364236035,12,4278096
1364236368,3,1411954
1364237029,5,2002072
1364237467,23,3837701
1364237477,27,7726448
1364238336,15,855531
1364239183,19,8798046
1364240157,56,4594275
1364240186,22,1969957
1364241402,6,1126905
1364241620,8,4144104
1364242708,12,1404509
1364243069,28,7502532
1364243230,5,422870
1364243886,35,5911124
1364244522,8,2683179
1364244700,18,515048
1364244980,9,1320261
1364245413,44,3353957
1364246418,3,366891
1364249411,4,1254798
1364250144,10,1156216
1364250552,42,11570980
1364250556,14,642985
1364251331,12,1122702
1364252103,42,5720255
1364254312,62,2330711
1364254565,5,898353
1364255071,11,740987
1364257045,13,825400
1364257712,71,23992657
1364257924,137,57378208
1364258412,45,8704340
1364259073,10,719569
1364259894,21,4363294
1364261009,9,3095817
1364261409,21,667688
1364261596,16,985232
1364263448,8,694103
1364264112,26,18815910
1364264170,25,4704779
1364264218,73,13596641
1364265156,39,10680557
1364266529,92,39648283
1364267146,20,815124
1364268906,23,997438
1364269192,7,2993695
1364269414,7,1417625
1364269833,17,4455422
1364271610,59,20159029
1364271652,4,2419417
1364271776,21,5347518
1364272221,81,19966629
1364272285,8,3542832
1364273341,13,4313001
1364274097,17,2361317
1364274167,13,4093053
1364274212,32,6382452
1364274403,5,1086740
1364275391,35,1849863
1364275741,35,13227350
1364275809,12,2927174
1364276441,15,2578784
1364276756,20,7407949
1364276885,6,1658147
1364277149,9,417921
1364277319,13,1834594
1364278578,21,1557703
1364279151,9,1421668
1364280332,28,6152637
1364282983,27,2713821
1364283018,19,1510621
1364286568,17,5628512
1364289932,19,1103458
1364291292,19,1662602
1364293207,26,2181816
1364301120,23,11167279
1364344204,15,946285
1364348257,17,1131214
1364361766,16,2820598
1364368779,15,1390965
1364394387,24,4569420
1364402157,11,3107009
1364403297,17,3414482
1364405995,36,11864662
1364408403,14,3888990
1364413675,11,1511082
1364414620,36,4849978
1364419741,45,6489605
1364421641,39,5397294
1364421645,6,1203386
1364427474,9,299103
1364429364,17,4254493
1364431523,10,1242502
1364431834,17,5459022
1364432748,13,2862553
1364433161,28,3735059
1364435253,14,1947033
1364435432,22,6728082
1364437256,15,4102616
1364437305,11,3806303
1364441666,18,5674819
1364443055,6,3210148
1364443123,9,3486442
1364444112,16,14504333
1364445412,17,808193
1364446125,82,14010341
1364446837,18,511102
1364448072,18,2145350
1364448149,16,4605149
1364450334,10,749285
1364450577,19,1283458
1364458065,11,453698
1364460146,31,1047901
1364460181,8,775432
1364460534,24,1558376
1364464765,15,1076977
1364464951,18,1384760
1364466085,32,9567855
1364468894,7,1540774
1364469908,23,2073725
1364470263,14,4210058
1364470655,12,2018921
1364471120,14,607360
1364472489,22,6962600
1364472561,7,1880765
1364472898,29,665382
1364474072,152,46427363
1364476582,50,3964624
1364477133,22,1503101
1364477139,8,1614976
1364478302,39,2607613
1364479609,52,19586598
1364480577,5,624625
1364481379,18,18446817
1364482615,30,2122920
1364482861,15,7830323
1364483155,18,1772545
1364484730,8,2219829
1364485479,8,1958295
1364488152,41,3089096
1364492162,10,425589
1364492839,11,384864
1364495013,27,2183788
1364497856,12,652880
1364500076,58,4783559
1364501825,12,2692870
1364505007,4,1274926
1364505891,21,1140786
1364507913,41,14643336
1364512164,4,1014291
1364513115,18,550699
1364513830,51,20316573
1364516945,12,3993423
1364518167,226,140943137
1364520788,48,26193014
1364520940,6,2255245
1364521772,9,2446100
1364522132,5,331829
1364522327,3,1189732
1364524126,59,5322479
1364525158,30,9114004
1364525661,17,597155
1364526902,23,6707557
1364527567,32,18202635
1364529396,16,3291675
1364535258,12,1760944
1364535371,29,3040431
1364535982,34,1557352
1364536423,55,1752706
1364536842,10,2924320
1364538110,39,979993
1364539797,11,1906999
1364544291,13,1620146
1364545724,21,2590390
1364546094,10,835941
1364546764,15,1260217
1364548160,12,949915
1364548370,44,1155058
1364549654,6,417800
1364550563,6,807366
1364552186,10,3165245
1364555716,10,1746701
1364556095,6,1108302
1364556964,60,15414718
1364557129,32,3621540
1364557519,7,497321
1364557640,11,1214911
1364559100,11,4647775
1364559206,54,3097511
1364559800,45,24524627
1364559971,24,705584
1364560212,15,878630
1364560266,54,1715300
1364560948,10,853683
1364563515,12,1105712
1364564048,12,2304817
1364564747,17,5915899
1364564762,27,989576
1364565122,9,1993863
1364565416,19,1528087
1364565560,9,2125478
1364566393,8,683353
1364567450,23,8457891
1364567636,13,3126623
1364567861,57,1296936
1364567908,12,1224835
1364567960,26,9076443
1364568589,27,1233834
1364568928,12,2057997
1364568998,13,2469268
1364569570,13,5528840
1364569598,25,7070291
1364570335,7,837236
1364570448,7,790305
1364570601,71,6642493
1364570993,71,1528845
1364571859,18,11168644
1364572078,14,1483077
1364572449,14,827719
1364573198,6,3858308
1364573399,34,1362510
1364573418,25,2022869
1364573439,17,1937468
1364573582,10,6682217
1364574045,3,189171
1364574477,9,903976
1364575660,80,1933548
1364576030,19,1551293
1364576113,7,2399318
1364576856,27,11257500
1364577247,79,1858162
1364577413,6,2198485
1364577635,13,4244418
1364577881,17,5368373
1364578128,22,11389247
1364578245,11,768650
1364578451,23,4549175
1364578628,25,10934865
1364579442,5,918584
1364580309,117,3009993
1364580584,17,969778
1364581323,4,204887
1364582383,26,1520036
1364582437,4,1327101
1364582670,27,7529212
1364582777,72,37335187
1364583007,15,93586
1364583410,13,4086548
1364583634,9,4511028
1364583968,15,5206886
1364585046,8,1883625
1364585146,11,5324415
1364585601,16,1316229
1364586624,6,1091826
1364587942,6,306886
1364588273,31,10664781
1364588814,12,2779278
1364589106,9,1718890
1364589431,8,697699
1364589453,12,772910
1364589701,12,310880
1364590179,8,2358323
1364592490,13,2606184
1364592766,4,1335123
1364592774,6,2402458
1364593288,53,3971971
1364595475,156,15859251
1364595626,87,9482551
1364596517,10,603944
1364596555,8,864228
1364596826,8,1679919
1364597467,5,190152
1364597601,53,5434452
1364597659,22,1297894
1364604031,42,2294582
1364604864,19,1081614
1364605089,59,3081421
1364606010,151,19249058
1364607753,48,5315354
1364610160,12,722703
1364612387,5,270031
1364612416,8,763658
1364612521,170,81343648
1364613702,12,2165968
1364614213,18,2057989
1364614530,14,1404270
1364614912,30,4261618
1364615434,127,63237179
1364615519,21,1118273
1364615708,14,923058
1364616803,23,13242564
1364617230,5,647857
1364617962,4,368537
1364618417,171,84620267
1364618588,5,528763
1364619557,20,2061882
1364619866,7,1347061
1364620099,10,179786
1364620251,38,2849146
1364621669,9,607235
1364623253,25,14587133
1364624453,10,963526
1364625023,18,4390518
1364625309,24,6959755
1364625495,10,1120487
1364626131,44,25301992
1364626184,51,3681865
1364626207,23,13939821
1364626762,35,1856703
1364627113,27,4564955
1364627236,3,1050140
1364627574,23,5218232
1364628275,11,111871
1364628727,13,3932122
1364629058,18,2308299
1364629335,12,4021898
1364632127,11,775821
1364632274,9,2693913
1364632641,8,3594346
1364632836,45,14959488
1364633118,13,2771552
1364633380,7,915079
1364633578,12,2759170
1364633840,4,1081626
1364634279,52,2159010
1364634830,10,780255
1364635290,43,20410129
1364635426,28,1293650
1364635963,11,2901636
1364636087,27,16610926
1364637132,18,5010812
1364638036,10,3044179
1364638565,4,6658604
1364639042,11,1523779
1364639187,12,10040595
1364639754,19,1812038
1364639890,22,4735874
1364639915,20,1495754
1364640232,11,12734299
1364640645,17,2629877
1364641520,11,3809389
1364641844,13,7618194
1364642225,11,3686513
1364642318,23,5253131
1364642621,36,11750263
1364643044,15,6899413
1364643179,9,4054009
1364643431,25,11133437
1364643831,18,4382985
1364644113,5,1581804
1364644331,3,357142
1364644355,13,11109489
1364644735,8,1014101
1364645232,9,7231598
1364645618,7,422994
1364646591,20,6987008
1364647589,11,835045
1364647627,11,407452
1364647968,13,3172263
1364648453,15,2960608
1364648618,45,3253644
1364649520,21,4093548
1364649630,11,3048046
1364650418,10,2878793
1364652030,24,13409661
1364654683,6,2140960
1364655231,11,2383996
1364655881,9,743225
1364656571,11,1845467
1364656762,27,4853912
1364658945,200,19072056
1364659597,21,833014
1364659714,56,11996168
1364660022,32,1031388
1364661883,11,1401482
1364664114,30,2953436
1364664939,16,4018137
1364666275,31,1642646
1364666704,27,3065919
1364667354,9,1116707
1364667583,7,4444458
1364669367,14,4450374
1364669577,9,3426306
1364671293,4,1049307
1364672061,9,8711997
1364672197,78,33689100
1364672806,12,79526
1364673866,3,559824
1364675203,6,2215300
1364675486,137,47868598
1364675509,5,848963
1364675904,32,1182757
1364677395,3,634175
1364677584,55,6235794
1364677974,3,2378444
1364679898,6,1702082
1364680185,19,5977569
1364680952,17,3142281
1364681366,12,1265802
1364681705,15,2367240
1364682765,16,1279065
1364686206,11,1885182
1364686348,29,1548763
1364686501,9,1791111
1364686572,30,7331088
1364686668,95,52520752
1364688684,10,1237365
1364690730,5,1549176
1364690917,13,1292229
1364690925,19,1562734
1364692085,211,83381720
1364693012,11,5216997
1364693026,4,815411
1364694906,13,3516918
1364694972,17,6570530
1364695565,4,861475
1364696153,17,6687872
1364696708,16,3403646
1364697393,32,2972099
1364700377,4,146594
1364700528,12,1569493
1364701680,14,707992
1364701983,75,6929373
1364702645,23,3252692
1364703065,11,1869063
1364703858,10,1052144
1364704454,15,1727301
1364708525,11,507154
1364709956,14,1101325
1364715043,7,682807
1364716440,12,871992
1364717912,10,533612
1364720401,23,1670255
1364721393,25,1850404
1364724274,11,1484615
1364731274,14,2962487
1364732806,21,4378461
1364796154,14,749638
1364797215,7,625385
1364799510,9,399304
1364801666,42,3709738
1364805212,17,1209855
1364811860,11,303110
1364813869,10,801354
1364815514,4,202062
1364815661,13,3323763
1364821629,14,632828
1364825055,5,247928
1364825214,37,2026794
1364826910,9,867019
1364827708,4,198470
1364831031,19,1455952
1364831503,23,1024070
1364835421,8,694539
1364835950,8,685522
1364836115,10,989214
1364837561,15,1679176
1364837592,9,881133
1364839589,13,879688
1364839725,52,3775762
1364839928,8,616543
1364842052,28,880471
1364846948,57,1976461
1364848827,9,451263
1364854551,10,1151315
1364861471,43,12887739
1364865475,12,4531142
1364865641,4,1715610
1364866601,3,841489
1364867472,11,1916095
1364867829,14,3021013
1364869070,18,1863328
1364869370,16,7467471
1364869439,9,413864
1364870097,9,2713635
1364870742,30,23079759
1364870859,16,5328914
1364871294,18,897846
1364871518,46,16101944
1364872867,70,7264960
1364872893,10,1464390
1364875278,6,566504
1364875641,14,5770670
1364878324,119,11936257
1364880980,13,822704
1364881104,29,2606688
1364881776,17,3502086
1364882806,11,707574
1364888854,4,229545
1364888972,20,1468693
1364889856,7,2613809
1364891449,12,487158
1364891913,112,10409975
1364895299,18,1940254
1364896270,14,6510361
1364896719,5,1768910
1364896822,34,10092185
1364900655,16,2184398
1364900739,13,492138
1364901039,106,30768027
1364901664,5,462975
1364901829,30,2117478
1364902393,6,3742895
1364903465,109,10834163
1364905348,47,13495204
1364905877,14,6587620
1364907030,38,2673634
1364909777,6,931921
1364910378,20,11959779
1364911473,6,959992
1364912283,9,2057738
1364912785,39,12702437
1364913192,7,517806
1364913595,29,2752850
1364914091,4,1578236
1364914437,20,6706364
1364916013,13,1289862
1364916649,11,266102
1364916690,12,2338426
1364916799,65,6183788
1364917036,15,1466516
1364918614,27,7140366
1364918800,15,6920303
1364918848,26,3248532
1364919584,8,1306622
1364920578,8,1269412
1364921287,14,1368837
1364921637,18,610739
1364922538,3,241311
1364924205,147,14857945
1364925290,20,1146228
1364927196,16,4746668
1364928774,13,426143
1364929589,40,2383249
1364932281,16,1068462
1364933377,115,7598183
1364935266,14,1469978
1364935492,17,2000406
1364937019,8,663094
1364939170,83,11648970
1364939491,19,5995206
1364941461,13,1540883
1364941692,5,734908
1364945676,4,2113805
1364945942,63,6653451
1364948104,18,2569948
1364948451,15,7384261
1364948603,9,2688887
1364949053,10,597841
1364949345,33,895950
1364949804,5,612655
1364950398,17,2380969
1364950632,169,13224868
1364951088,19,6000260
1364952255,7,1292599
1364954089,18,1731027
1364954498,14,7368246
1364954921,43,3041378
1364954990,5,1686596
1364955322,8,1588671
1364956319,45,5882463
1364958604,6,942283
1364958934,49,1787351
1364960113,5,2203965
1364961442,31,20576006
1364961611,28,9792980
1364961701,157,76418416
1364962295,9,2705211
1364962305,5,1527260
1364963737,6,2802941
1364963790,21,3403085
1364964821,6,841725
1364965547,13,511631
1364966761,14,9693008
1364967396,46,17218620
1364968041,22,1565686
1364968488,15,8342922
1364968789,54,1167291
1364970240,13,3075380
1364971838,10,905092
1364972741,17,4215827
1364973053,13,7502493
1364980061,14,4596012
1364980642,24,2514299
1364981236,7,1038241
1364982108,17,4787680
1364982333,11,1039502
1364986163,9,771523
1364987100,6,2234950
1364987760,14,7533794
1364987774,101,2923136
1364990524,35,2367484
1364991843,14,4565920
1364994276,7,2217123
1364995428,9,3216424
1364997389,17,706528
1364998509,29,1568309
1364998820,29,1747583
1365000406,4,17792
1365001310,52,2993479
1365002231,10,2328411
1365002297,11,2888449
1365002547,13,1945908
1365003067,167,78075688
1365003569,8,715869
1365003656,11,391105
1365004104,45,3174111
1365004239,3,865888
1365004875,23,8737604
1365005594,19,510857
1365006188,32,9346891
1365006608,7,498529
1365008541,9,992223
1365008647,16,2213630
1365009513,17,5178460
1365010553,14,5312818
1365010560,21,6431475
1365011560,15,965277
1365013141,66,1636647
1365013960,5,1416073
1365014266,26,359895
1365015370,4,1483688
1365016021,34,15593145
1365016058,26,1701971
1365017786,19,4847573
1365018032,75,2117000
1365019006,13,1753060
1365019845,15,223558
1365020051,5,284880
1365020206,36,9999501
1365020231,10,1172544
1365020372,4,2322385
1365021421,11,755903
1365021950,27,787202
1365022403,41,3945892
1365023493,18,1848836
1365023633,10,1015958
1365024213,35,2487057
1365025607,10,385604
1365026191,9,1518206
1365026359,17,6150561
1365026423,14,2673346
1365027483,85,2331759
1365029597,24,3732916
1365029772,20,1148861
1365030845,62,1810863
1365030884,11,171576
1365031200,50,4525971
1365031290,74,2619599
1365031944,69,6181739
1365032296,17,1713730
1365033912,10,1279786
1365034797,6,1625192
1365038793,52,1150752
1365039578,110,13239556
1365039851,11,3181331
1365040222,18,2013294
1365044544,18,532952
1365044986,14,839099
1365052411,25,221494
1365052708,56,3756936
1365056624,58,24959113
1365057087,105,45015034
1365057184,15,3470360
1365057648,99,11183766
1365060156,170,18165340
1365060800,50,1181941
1365061464,22,4800384
1365061991,50,14913258
1365062671,7,408203
1365063767,11,3016270
1365063928,31,9069960
1365064741,33,40110177
1365066850,14,3543889
1365066889,31,6291706
1365067003,8,893462
1365067696,3,1187281
1365067933,27,708186
1365069369,36,14887381
1365070744,33,11298368
1365070982,8,3328064
1365071265,22,2529609
1365071696,35,10957542
1365071755,19,3330284
1365072271,15,10760795
1365072465,5,2876481
1365073247,13,2841698
1365073264,24,5734522
1365074655,28,10145680
1365074901,4,414871
1365075725,23,18122993
1365075980,13,1858509
1365075996,5,532063
1365076334,23,10216220
1365076605,61,17181914
1365077573,12,3694660
1365077803,14,1412110
1365077965,10,667576
1365078793,8,3268803
1365078947,25,1388556
1365079159,9,2840984
1365080094,18,6207563
1365081141,11,2001837
1365081662,13,1244003
1365081963,20,2185252
1365082910,35,9741528
1365083074,13,1226780
1365083178,23,19317796
1365084129,9,1395539
1365084481,12,1466962
1365084558,24,2206428
1365085117,8,1021012
1365085442,14,1959369
1365085757,9,968573
1365085794,4,97755
1365086953,10,2613486
1365087023,15,6444265
1365087251,33,36053396
1365087266,49,16186528
1365087648,11,1921264
1365088341,21,15831648
1365089036,15,4582654
1365089870,15,3926394
1365089885,37,16088833
1365089992,18,2329399
1365090118,10,1635525
1365090336,39,1726017
1365091339,20,8935574
1365091550,28,1903356
1365091670,22,8713178
1365092345,8,814217
1365092727,29,2494435
1365093560,10,3232200
1365094548,11,1575368
1365094707,6,2389835
1365094954,14,703097
1365095184,15,1529072
1365095218,6,295093
1365096659,3,766466
1365097715,4,1079028
1365099640,8,2073541
1365099736,157,15853063
1365099769,175,12705060
1365100602,9,620907
1365102013,18,1230025
1365102788,22,2008203
1365102880,21,608132
1365102981,15,7713238
1365104949,3,83950
1365105046,7,782010
1365105784,8,1121938
1365106751,3,1636094
1365109446,13,1764322
1365110668,21,1532409
1365110801,3,1672
1365110996,26,1683401
1365112696,17,1378605
1365118472,49,4004394
1365119364,14,685016
1365121104,16,2223867
1365121827,112,27808093
1365122172,31,3479532
1365122664,11,2352440
1365122789,5,1463423
1365123013,21,1290049
1365124119,229,76934793
1365124465,6,545836
1365125811,11,1001581
1365127625,12,5080018
1365127812,7,354481
1365127822,15,3117343
1365130164,30,1979088
1365130475,23,3624559
1365130729,28,3195951
1365131605,5,869216
1365132359,8,40277803
1365132884,7,1085263
1365135127,28,16701128
1365135442,36,1684943
1365135501,47,21299015
1365135564,20,7358345
1365135792,11,2213402
1365136041,12,1840106
1365136294,15,3310555
1365139271,10,2846838
1365139333,14,3019929
1365139711,44,2805130
1365140229,17,3861350
1365141516,26,7179643
1365141633,18,1930174
1365141826,22,14123898
1365142002,15,2938113
1365142226,5,574146
1365142515,136,11186963
1365143907,13,3100254
1365144282,19,7690838
1365145603,23,6022152
1365146141,4,1010513
1365146282,15,2110360
1365146398,15,1273065
1365146578,13,1930031
1365148066,7,1626230
1365148120,8,760346
1365148375,28,7269909
1365148453,10,677830
1365149292,22,3151640
1365149436,15,10649942
1365149439,11,2547160
1365150658,5,230771
1365151407,8,2015066
1365151724,15,3144533
1365152520,10,285306
1365153727,27,10878321
1365154068,11,761523
1365154689,13,1722568
1365155450,15,845094
1365156089,12,1466826
1365156348,19,3143160
1365157010,11,1112556
1365160947,24,340463
1365162268,12,1015529
1365163656,30,2235872
1365168560,12,1068200
1365168900,16,3990748
1365170464,12,3456117
1365171072,13,8644568
1365172569,55,5315193
1365173816,19,10467505
1365175105,26,9376661
1365178958,15,1277689
1365182153,17,1540357
1365204253,20,16340675
1365216586,12,4846212
1365235430,22,1486637
1365238181,13,5087526
1365242420,11,2006720
1365243190,16,883035
1365244927,12,504974
1365247004,14,568265
1365260371,26,8924709
1365273549,9,894278
1365275943,20,1382859
1365276264,7,599236
1365282586,12,480973
1365284146,11,636889
1365284233,144,59803850
1365284949,37,2885515
1365285590,21,1103113
1365288303,34,2707754
1365291618,33,4327321
1365295318,37,3049841
1365301462,17,1102092
1365301892,5,110549
1365304576,4,128616
1365305115,20,5398170
1365306879,29,4937557
1365309702,13,1389540
1365310797,14,818359
1365311237,31,8340522
1365313539,25,6628415
1365315449,13,1196742
1365316689,12,1694962
1365317298,15,8498347
1365319670,15,3723691
1365319915,56,4949044
1365321144,18,4681702
1365321957,14,1319359
1365322885,13,2585068
1365328667,52,5077573
1365335490,14,1140021
1365335557,17,886798
1365335624,10,279925
1365338315,25,8188612
1365338639,45,2595330
1365338916,4,685588
1365339856,16,2042605
1365341694,8,1389739
1365344354,33,7599185
1365346308,24,1693269
1365346462,12,5971972
1365346673,12,1547767
1365347391,15,1179486
1365347532,6,1685954
1365347554,3,127260
1365348229,6,297211
1365348254,29,3665488
1365348715,19,6500163
1365349431,11,405844
1365349845,22,12152425
1365352841,18,3506426
1365353579,33,3352233
1365353685,16,3923197
1365355369,25,6552453
1365356274,68,18265790
1365356484,21,4947360
1365360260,21,3033858
1365360532,13,4760590
1365360726,150,16199623
1365360769,5,277427
1365361953,11,3823276
1365362812,13,4459676
1365365418,11,1089864
1365365980,9,728688
1365367639,60,4493195
1365367912,58,4282548
1365369178,13,1271267
1365369620,14,1248044
1365370635,30,4200689
1365372545,13,1353442
1365372553,243,23681699
1365372764,72,2935599
1365374197,13,8768364
1365382251,8,254959
1365383847,34,14599382
1365384961,4,269210
1365386407,35,3718076
1365387916,17,5498620
1365388643,22,404175
1365391051,95,36342600
1365391088,16,5133164
1365393283,3,443336
1365393674,14,921070
1365394211,12,680318
1365397752,121,36943560
1365397941,16,847362
1365398395,16,722301
1365398734,4,326326
1365402452,9,2955165
1365403284,8,5189343
1365403991,36,16073370
1365405115,42,17875694
1365405783,27,8112913
1365406859,145,46992117
1365407834,30,514506
1365408467,11,3701307
1365410648,61,22347271
1365410965,16,673632
1365413001,44,11307356
1365413282,22,5249870
1365418803,21,6462937
1365420461,159,16106049
1365423631,66,6129770
1365424347,6,353747
1365427017,15,595006
1365429048,43,1296591
1365431294,12,707288
1365436107,26,2070916
1365436934,6,937385
1365436973,6,3056539
1365438768,48,18254263
1365439397,5,275950
1365439901,14,3769529
1365443676,5,4062160
1365443920,11,3540753
1365443932,4,1155370
1365445730,4,355896
1365447786,31,13027821
1365448952,21,1224867
1365449035,9,1161845
1365450498,5,2041017
1365451686,32,14340952
1365452021,29,4684728
1365452697,36,3365280
1365453382,14,1151963
1365453420,3,2055848
1365453447,4,614146
1365453795,11,1918031
1365454039,21,2572681
1365454083,7,2809952
1365456207,6,376296
1365456932,16,3780023
1365457257,5,849686
1365457566,9,2386611
1365457946,18,3512316
1365458363,16,5299146
1365460377,16,10109126
1365460383,27,7250151
1365461108,15,10371623
1365461236,151,68093053
1365461331,20,5546293
1365461409,12,2304269
1365462057,17,4016020
1365462495,26,8995064
1365463210,20,1824934
1365463408,17,3153244
1365464870,32,8121525
1365466339,22,11988628
1365466411,6,2110602
1365466480,8,2092197
1365467199,190,92952499
1365467742,18,4786390
1365467846,29,15733033
1365468519,16,6193129
1365469253,8,3186991
1365469882,55,8112861
1365469971,26,6015370
1365470764,15,622079
1365471646,11,1898354
1365471887,66,36656887
1365473461,15,4687420
1365473670,8,305236
1365475309,24,1123040
1365476675,17,645935
1365477395,17,10797596
1365477409,54,13605941
1365480206,84,5715528
1365480411,512,59949109
1365484263,19,1428587
1365486748,7,368467
1365490439,16,1059107
1365492226,7,1006545
1365495024,9,195231
1365495215,50,2127304
1365498563,8,585544
1365500390,6,217277
1365501771,323,167712253
1365502990,17,366481
1365502992,67,2087411
1365503959,16,372787
1365504496,16,2191717
1365505813,21,629625
1365505937,27,1675653
1365507090,37,4702725
1365507319,5,140602
1365508858,54,13369873
1365510532,16,204856
1365511387,13,8826958
1365513107,22,1505135
1365514459,22,2807056
1365516174,15,3062746
1365518588,8,572212
1365519590,29,12106586
1365520085,45,814864
1365520209,71,2433862
1365520615,29,9698637
1365521012,84,4430182
1365521449,22,17669857
1365521756,21,2046410
1365523171,17,282255
1365523868,13,2671771
1365524320,60,1828964
1365524544,18,20130247
1365524817,10,3341934
1365525296,9,7452947
1365527232,72,3179201
1365527392,11,1061523
1365527936,10,3807191
1365528267,61,3417023
1365528363,5,1221252
1365528781,4,1394140
1365528961,10,2481420
1365529072,28,11223475
1365530395,30,1117741
1365531054,17,4215924
1365531056,13,811688
1365531289,26,4318383
1365531701,5,8093446
1365532122,9,338440
1365532128,7,889181
1365532160,19,7276354
1365532516,16,14445136
1365533345,11,1402291
1365533691,37,24557061
1365533753,18,728430
1365533783,3,1616683
1365533954,20,12924607
1365534585,48,1618928
1365534865,9,574839
1365535573,35,12457800
1365535805,8,2313454
1365536136,30,8646002
1365536621,18,6139264
1365536776,78,2976012
1365538413,3,1889374
1365539172,27,2313035
1365539683,37,1220777
1365539928,29,14878738
1365540180,23,2032861
1365541070,44,1498075
1365541200,69,3325747
1365541207,3,1500726
1365542217,11,368654
1365542728,18,7638124
1365543276,14,4305135
1365543330,21,2076182
1365543517,11,5234573
1365543659,485,37963758
1365544773,19,1324598
1365545459,20,1948418
1365548923,12,5687168
1365550923,19,2180371
1365551044,14,6834645
1365551408,26,2717282
1365551652,43,19810481
1365553786,16,4665976
1365554148,14,5430290
1365554777,7,882276
1365556154,28,2252614
1365556464,7,515968
1365556839,95,45707918
1365558672,15,9196066
1365559356,17,2313203
1365561485,29,4441539
1365562345,12,648870
1365564046,8,1125473
1365564846,24,4058320
1365565341,10,1772994
1365568619,6,3168457
1365568803,17,3694373
1365569530,26,10902941
1365569743,77,6049389
1365569787,10,845097
1365571948,117,67345444
1365573118,34,6330001
1365573821,10,382257
1365575221,3,365735
1365576590,7,450457
1365576778,14,3713436
1365577127,13,2254626
1365577388,13,7714424
1365578358,49,2414610
1365578445,30,2446247
1365578749,23,705748
1365579282,10,1359261
1365579743,51,14270680
1365580276,52,18860104
1365580952,30,3344884
1365581004,7,1303698
1365583400,20,5980566
1365584109,16,3764969
1365585066,15,983523
1365586113,4,810659
1365587227,236,152132012
1365587633,11,2755409
1365587641,6,637196
1365588060,23,4833134
1365589720,11,2579312
1365589848,18,6578995
1365589879,10,1427743
1365589961,25,1758758
1365590402,20,703197
1365590579,12,4159086
1365590645,38,18785016
1365590896,7,2589436
1365590967,38,9755552
1365591601,22,9298281
1365591775,14,9491526
1365591965,76,7178741
1365592047,11,2518796
1365592472,7,778632
1365592826,55,4812514
1365592972,11,3857443
1365593164,25,18746578
1365593389,31,7976648
1365593975,42,26856375
1365595601,11,4961601
1365596159,13,193697
1365596345,44,12518686
1365596871,22,3654855
1365597414,21,9381821
1365597605,12,428996
1365597692,135,15724493
1365597696,17,1806574
1365598369,39,7467287
1365598397,28,11612694
1365598473,18,7147961
1365598772,10,1384904
1365598793,14,876323
1365598923,25,1132894
1365599085,6,1139430
1365599344,31,19074588
1365599854,8,514549
1365600150,7,4754022
1365602401,10,1313570
1365603230,19,2690504
1365603422,6,856376
1365603875,11,583908
1365603879,6,720586
1365604225,44,5907670
1365605232,8,625536
1365605273,23,6170767
1365605911,24,6433488
1365606670,26,775091
1365607059,100,12827332
1365607301,5,641151
1365608721,84,1957396
1365609740,18,4429463
1365610242,12,690345
1365611049,24,17001180
1365611669,4,1318791
1365613842,68,6587503
1365614313,11,3867895
1365614797,15,4499747
1365616391,69,5686928
1365617054,3,487451
1365618053,9,1292391
1365619395,3,65400
1365619640,12,291273
1365620531,20,6533480
1365624310,7,658672
1365626845,9,1738175
1365629155,11,10453202
1365632259,41,3610858
1365632918,72,26486968
1365632996,9,121514
1365633463,45,21070154
1365634510,19,3977779
1365635749,18,2435111
1365640224,20,1401347
1365640442,3,114421
1365641201,38,4617256
1365642380,18,1746027
1365643197,42,11667312
1365645666,21,3396210
1365646274,28,12886685
1365650108,18,10635391
1365650182,20,4822101
1365650448,12,10696576
1365650475,8,438335
1365651746,15,1839453
1365652472,12,511391
1365654395,20,5183034
1365654565,8,429307
1365654744,28,8078931
1365654763,12,937388
1365654765,72,29414078
1365655875,25,15274562
1365656142,33,7735668
1365657243,18,3454689
1365659155,11,3575105
1365659582,14,3605689
1365660453,11,12321160
1365660458,17,4174327
1365660706,13,7100156
1365661573,17,11051032
1365662576,90,10781650
1365663440,20,2572826
1365663946,6,2345165
1365664867,4,4868299
1365668705,24,5399115
1365672360,11,6579204
1365675246,26,9291399
1365677683,17,872209
1365681937,12,1369484
1365687183,14,1074811
1365687522,20,1589819
1365688118,19,6517197
1365690652,12,1122183
1365691863,42,7028163
1365692232,27,1973014
1365693679,27,2661045
1365694239,9,423909
1365695754,22,5837917
1365698238,36,3125588
1365698819,15,1107043
1365700883,10,1858325
1365703090,31,2394893
1365705980,18,1714074
1365707857,33,3814542
1365710819,15,2976707
1365713738,9,1339756
1365719405,27,2817778
1365722563,8,2103589
1365728473,14,1492797
1365730033,13,3219277
1365733729,30,3322502
1365737803,14,1525718
1365743315,14,563717
1365751802,13,2091266
1365759385,21,3587186
1365759842,10,12035726
1365762827,18,2172463
1365769953,8,799436
1365769992,10,11644358
1365779136,15,646802
1365784180,12,12957103
1365786327,17,1977826
1365800513,15,1153735
1365807594,5,694851
1365809714,19,9202742
1365810773,21,8083505
1365813884,11,1299172
1365820127,13,682751
1365822386,23,1006472
1365823128,15,724539
1365824285,6,828911
1365825079,15,889583
1365826026,57,1168875
1365826266,4,777755
1365826374,23,2525976
1365827013,29,2573890
1365830989,50,3772182
1365835775,34,2829824
1365835864,8,217998
1365836136,20,836271
1365836509,23,1271273
1365837479,8,10288
1365837696,25,3299508
1365837895,4,555487
1365838953,7,6509293
1365841531,29,3516999
1365842046,15,910706
1365842307,8,178418
1365846265,28,11687812
1365847221,15,1802189
1365848755,42,13416961
1365849014,42,5142373
1365849187,13,777647
1365849593,9,932818
1365849701,28,9584488
1365851305,145,8952154
1365851942,21,1549124
1365852083,38,12947644
1365853528,54,12699689
1365853850,20,7644929
1365857049,13,2094900
1365857153,15,5954897
1365857668,22,8489652
1365857916,7,963887
1365858039,23,1044782
1365860762,14,6045746
1365860886,29,12793480
1365860948,12,3498038
1365861359,10,884879
1365866726,14,3402116
1365867320,16,4923142
1365868619,18,3577210
1365869346,80,7319331
1365871814,11,3226541
1365874801,9,2043644
1365879317,13,1306971
1365882449,51,3880920
1365885841,33,2635788
1365886692,72,21736104
1365890411,7,526232
1365891451,57,15662664
1365891551,7,1940239
1365891824,6,361905
1365894083,30,1789054
1365894376,90,23653088
1365894701,30,2736117
1365894770,26,6397725
1365895519,10,2067832
1365896315,24,6424521
1365896541,27,2012973
1365896552,9,752426
1365898582,6,943058
1365900221,5,1348092
1365901979,86,24382231
1365903037,15,1480186
1365904210,12,1245205
1365904353,21,5576252
1365907406,4,443842
1365908415,6,1043429
1365908666,18,519100
1365908742,41,11202406
1365908861,11,589237
1365909043,23,4471415
1365909977,44,7970374
1365910181,42,24316703
1365912681,10,8282226
1365912699,41,11995296
1365912887,11,3402983
1365914023,80,4249453
1365922799,71,2553049
1365934238,151,76092585
1365936951,13,5265634
1365937000,3,665200
1365940050,10,4468607
1365940748,22,791483
1365941125,4,1196468
1365941510,30,14139294
1365941622,16,8366196
1365943125,187,100050192
1365944701,8,3189835
1365945043,31,10437063
1365945910,62,25263096
1365946780,71,3955733
1365949257,3,212023
1365952245,22,6692431
1365952664,5,808738
1365954045,75,42735167
1365956044,32,2825231
1365956499,24,8115799
1365956784,32,7200858
1365957126,53,23018275
1365957205,32,17311001
1365957596,13,991160
1365957615,8,506131
1365958024,33,3700983
1365958236,38,24169507
1365958502,28,8214514
1365960118,24,10923351
1365961203,16,726077
1365962208,104,50249521
1365962533,19,4131979
1365962598,47,22998747
1365963092,27,1468736
1365963833,23,1307210
1365963852,13,4589080
1365963891,63,27901031
1365964777,4,186151
1365965147,21,4386352
1365965154,35,21677549
1365965698,12,2367017
1365966299,22,7397891
1365967014,15,2901684
1365967800,7,214625
1365967965,11,3375087
1365968305,7,1973537
1365969459,11,1479738
1365970399,5,1009515
1365970885,9,397494
1365971587,47,927024
1365971952,13,3793773
1365972065,5,231075
1365972287,45,3516486
1365973120,13,533095
1365973243,192,20402175
1365974054,14,1036452
1365974964,75,8573673
1365975613,7,489311
1365975725,19,2196980
1365981371,12,1974523
1365985320,78,8217932
1365987927,9,580957
1365988122,24,5640002
1365988830,9,1000866
1365990310,3,81853
1365992857,8,492039
1365994522,56,1580568
1365995086,20,2587334
1365995134,45,4559208
1365998995,62,2240466
1365999333,15,524603
1365999791,4,512903
1366001137,28,5501446
1366003589,34,3053987
1366004957,4,1260176
1366005550,26,4744802
1366005927,4,648979
1366006637,68,18861261
1366007155,12,410054
1366008325,13,3168907
1366008436,33,2702109
1366008529,214,13084707
1366009479,64,2257751
1366009675,51,2294802
1366012654,67,2496254
1366015895,27,1538611
1366017218,11,2668842
1366017463,15,486396
1366018135,28,9848407
1366018305,39,17119655
1366018825,11,3176472
1366018873,5,295035
1366020914,48,21895253
1366022635,17,1543827
1366022858,792,72975550
1366023598,17,16749293
1366024120,16,3767973
1366024382,18,3324232
1366026023,56,3242653
1366029458,72,5649835
1366029686,10,724942
1366029787,29,1408579
1366030388,13,2058971
1366032546,9,415753
1366035606,15,1713901
1366035704,65,3390130
1366037158,18,1323628
1366037375,31,351095
1366039309,26,1470122
1366039945,4,203903
1366040082,57,6460803
1366040754,21,1307529
1366042863,16,1286644
1366043576,10,194756
1366043757,13,1316708
1366043910,21,577300
1366044478,16,1963224
1366048641,25,2465194
1366050589,18,1510011
1366053262,12,4167047
1366053408,34,837523
1366053925,10,1002253
1366054562,9,1915210
1366054684,8,225223
1366055023,13,1740326
1366055224,196,2363237
1366056052,5,637164
1366057013,7,199615
1366057444,7,304083
1366057658,6,661148
1366058665,5,230912
1366059287,3,490472
1366059879,8,1170051
1366060841,5,2457744
1366061373,8,241897
1366061718,15,2268338
1366061749,3,338298
1366062469,45,7659369
1366062870,12,805488
1366063036,33,2989703
1366063541,37,11262510
1366064055,27,6600594
1366064597,16,2108375
1366065019,12,796441
1366065666,3,1797300
1366066441,29,12716423
1366067188,7,2468204
1366068831,6,1453418
1366068906,18,847470
1366069887,8,1202754
1366070548,23,11934579
1366073135,9,1089390
1366073156,10,4343813
1366073653,10,3234623
1366073853,35,21090074
1366074315,40,2291888
1366074437,10,917120
1366074591,5,2129269
1366075463,68,21927799
1366076079,32,3856133
1366076257,19,1998633
1366076318,49,18751443
1366077896,13,586592
1366078362,22,6997726
1366078381,6,424245
1366078931,11,689870
1366079022,23,18065246
1366079298,3,659056
1366079968,13,4027942
1366080268,35,26813940
1366080939,17,4406232
1366081504,18,4307969
1366082061,77,46837450
1366082626,16,815240
1366082898,8,6488765
1366083381,29,12211805
1366083548,7,996295
1366084008,30,13117022
1366084043,43,13154249
1366084091,24,5581271
1366084584,10,382734
1366084677,16,3479260
1366084990,13,1701759
1366085086,30,12379649
1366085119,11,540594
1366085611,10,1093199
1366086399,44,2658358
1366086496,11,7020296
1366087173,55,15167267
1366087224,34,17519142
1366087417,12,2346008
1366087561,12,2763341
1366091106,29,12051220
1366091322,15,4320742
1366091646,34,886460
1366092093,23,8041222
1366093013,13,1383283
1366094370,33,14916007
1366094745,16,513358
1366095703,17,1192887
1366095707,27,8164976
1366095972,21,14085281
1366096457,3,542271
1366098013,20,2183183
1366098067,19,7528345
1366098272,48,1609697
1366098522,8,179239
1366098753,14,1274865
1366099265,10,1616481
1366100146,25,1193412
1366101968,35,15929867
1366102356,11,827345
1366102467,21,1416406
1366102849,17,2023958
1366103670,17,1044517
1366106561,13,4303647
1366106706,11,1024029
1366107545,8,2041093
1366108422,14,653387
1366108985,17,1360518
1366109714,60,2878396
1366110778,109,7067487
1366111556,23,23942795
1366113198,41,2390814
1366113441,14,723764
1366116285,11,606642
1366116887,141,12568761
1366117015,8,212157
1366118399,18,8666770
1366120339,19,1627321
1366120431,16,926123
1366121537,13,736742
1366121774,7,547012
1366122297,23,8314577
1366124058,14,10564976
1366124071,12,695602
1366126173,12,3359371
1366126792,32,789096
1366128747,26,1913706
1366129619,16,1309208
1366132769,50,5747285
1366132859,25,1682972
1366133230,38,2344944
1366133305,33,15512025
1366133364,18,1815448
1366134771,26,527970
1366136398,32,5617718
1366136961,25,8091503
1366138139,10,2005475
1366139337,29,10849005
1366139682,21,8628818
1366139880,5,720036
1366140395,9,3198537
1366140728,10,1185208
1366140811,18,5091182
1366141656,24,666548
1366144349,8,2238031
1366144555,38,11162872
1366144991,32,9696349
1366146302,15,1039230
1366146471,10,743157
1366146856,14,5268011
1366147052,18,1737096
1366148638,5,1148411
1366148953,7,1067336
1366149606,24,2380290
1366150063,52,3878348
1366150492,15,2428585
1366150572,19,5033378
1366150988,10,431792
1366151969,5,165873
1366154374,19,816773
1366157275,21,1484557
1366158764,10,1988920
1366158874,4,615955
1366160981,45,4752024
1366162768,5,547116
1366163061,10,497816
1366164674,24,3359864
1366166577,9,899234
1366167825,42,4948256
1366170014,23,1368073
1366170768,14,1331542
1366172611,49,6501488
1366173140,35,1058769
1366173683,15,4128125
1366174497,25,3224239
1366174688,9,480453
1366176249,6,608862
1366177660,15,1855468
1366177793,10,393769
1366184839,17,2215255
1366184901,18,2789100
1366185526,16,1171842
1366187752,6,556090
1366205002,15,5047989
1366230535,12,1642227
1366242169,15,2848797
1366245512,9,508722
1366251354,16,696497
1366251521,18,724033
1366257290,5,140244
1366257426,13,686357
1366263483,43,4171205
1366269397,9,291420
1366271300,52,3549667
1366272587,11,610308
1366278487,22,674532
1366281560,27,2671168
1366284498,12,1079519
1366288871,19,1209660
1366290840,11,459349
1366292973,22,2159758
1366293400,109,6746967
1366297089,27,2135002
1366299516,17,1330314
1366299840,4,875867
1366300266,16,5614199
1366301573,15,3584669
1366305930,17,1329814
1366307999,13,3746487
1366308198,11,525369
1366309178,107,10932666
1366309583,11,2565303
1366309941,10,8425346
1366312685,39,3370549
1366314179,55,4747888
1366314260,8,520490
1366314566,13,706554
1366314700,20,476381
1366316011,14,801727
1366318381,43,1124612
1366319410,27,1548817
1366319509,36,2551012
1366320508,33,1887778
1366321054,15,720571
1366321385,53,36954071
1366325094,52,1645792
1366326970,9,603899
1366327294,15,1842228
1366329414,138,50856054
1366329764,45,6183473
1366329878,18,1547625
1366333266,33,13036698
1366334999,14,5507368
1366335791,10,929319
1366336371,13,1602427
1366336392,16,1017094
1366339463,18,686996
1366342119,15,2685961
1366343839,15,1770349
1366343983,25,1942699
1366344232,26,388422
1366345159,25,1329015
1366345540,115,68299604
1366349136,26,502916
1366349884,7,2274693
1366349894,22,7804528
1366351940,15,7065220
1366357805,16,2077764
1366358024,18,2573610
1366358465,5,1396944
1366361754,10,4496657
1366367856,46,1320324
1366369153,14,2102600
1366370615,12,2165134
1366374354,106,10342894
1366375068,14,2170226
1366380673,7,1220856
1366381109,21,3897361
1366385149,44,3241666
1366386268,17,3390522
1366386817,19,1725512
1366387224,28,548161
1366388586,22,1688085
1366391923,54,5907435
1366391948,10,1614440
1366392736,10,3108441
1366393666,24,2045226
1366393928,289,110750178
1366394036,30,10738107
1366394881,10,5350127
1366395211,9,776447
1366397854,41,1122898
1366399803,10,1485651
1366403067,5,761668
1366404191,13,3320403
1366405235,8,1009587
1366405714,13,656221
1366406963,7,582162
1366408421,9,1061966
1366408437,12,860705
1366408498,8,2324760
1366408801,10,1086632
1366409125,6,839248
1366409936,12,2044869
1366410190,106,14291428
1366413090,6,1419414
1366415132,17,661818
1366415245,6,1573214
1366415872,80,7471710
1366417454,20,26005755
1366418226,16,3997997
1366419255,42,1187909
1366420048,16,5338515
1366420231,29,1465279
1366421352,7,2721599
1366423086,73,12835271
1366423743,9,1817180
1366424003,14,6535501
1366424182,9,2809765
1366430794,11,8684915
1366432088,34,1334848
1366432825,9,568776
1366432893,15,645538
1366435665,3,219447
1366436625,10,3750411
1366437279,36,3452628
1366438377,78,30338506
1366439045,24,7816609
1366440283,16,657595
1366440327,22,5493890
1366440546,10,2536725
1366441511,12,1674270
1366441783,29,14655957
1366441837,8,1088805
1366442954,14,904280
1366442988,16,8533150
1366443830,13,783271
1366444875,9,1315153
1366445368,38,567941
1366446347,32,13576635
1366447322,6,1642502
1366447412,30,5014658
1366449095,24,4746014
1366450214,13,3757890
1366451598,18,4983171
1366451926,16,6579395
1366451966,7,501488
1366452275,9,187818
1366452932,16,3190108
1366453063,14,3950401
1366453088,5,6743779
1366453430,11,1281272
1366453893,12,1855034
1366454514,33,11509959
1366454894,120,46207398
1366455117,24,9314117
1366455834,23,3684152
1366455845,4,155680
1366455977,186,79148155
1366456075,10,3133174
1366457437,10,4507318
1366458099,5,1040645
1366458381,14,1494388
1366459007,35,21029136
1366459124,9,3716496
1366459234,24,7159559
1366461008,18,7308790
1366462206,13,7889818
1366462394,34,13778574
1366462407,14,5282209
1366463701,131,66216794
1366463757,23,2871577
1366463865,34,18014945
1366464097,7,2504951
1366464335,11,292007
1366465639,32,11561608
1366465648,8,601548
1366466380,15,4839948
1366466598,28,9860115
1366467514,19,8248864
1366468344,14,9975012
1366468607,13,4674078
1366468792,12,2927802
1366469285,10,679218
1366469618,35,11533898
1366469691,17,14011132
1366469775,7,587589
1366470145,4,5242011
1366470292,13,3091148
1366470599,14,5107241
1366472917,11,3756866
1366474466,13,739495
1366475237,57,4313714
1366475606,6,318815
1366477120,6,555885
1366478278,18,1255558
1366478969,11,1618668
1366479524,27,3206832
1366479583,12,1010673
1366480331,17,1215834
1366483972,28,1508977
1366484326,44,3537620
1366486245,23,1812567
1366486251,25,2339005
1366488997,16,2343848
1366491367,9,5759128
1366491807,39,15738185
1366492830,3,104531
1366494961,156,12514959
1366496033,18,2094440
1366497611,22,7039064
1366500533,30,7675666
1366501221,36,2590693
1366501356,24,4276830
1366502731,57,28675738
1366504083,6,292905
1366504386,5,278053
1366506852,35,11046370
1366507567,19,1061115
1366508820,143,72437889
1366509221,44,948054
1366511174,15,3818967
1366512458,23,4877971
1366512932,19,1259435
1366513535,19,4842280
1366513951,22,1600920
1366515479,24,1943635
1366515518,23,5012824
1366516783,78,30402308
1366517863,16,8771994
1366518484,40,4300688
1366518638,72,4852336
1366519340,24,1104913
1366519814,13,1767782
1366520768,14,810756
1366521029,46,945876
1366521537,10,3272210
1366522238,34,8375936
1366522571,4,1249448
1366522957,58,9660762
1366523020,11,5419901
1366523252,7,1306735
1366523309,13,3511364
1366524733,22,2448242
1366525485,39,25712938
1366526859,36,6544650
1366527197,56,3517258
1366527270,10,1302901
1366527565,18,1204418
1366528323,24,7477051
1366528772,126,4660500
1366530147,39,1540595
1366534817,9,1979307
1366535326,4,328769
1366535473,29,4738719
1366536079,21,618174
1366536590,5,2740325
1366536853,36,10613772
1366537843,6,667557
1366537853,11,2361327
1366538363,37,1425167
1366538498,7,1144662
1366540021,18,1954719
1366543099,15,1620747
1366544036,18,8251990
1366544902,21,1329691
1366545869,17,513854
1366549486,13,737286
1366549607,13,662384
1366550886,18,927557
1366551437,14,1177579
1366555102,6,556089
1366555571,20,2920581
1366555879,17,840079
1366557789,20,898443
1366557814,8,2635502
1366558136,25,2082154
1366559815,19,379967
1366559949,19,482090
1366561507,224,114087542
1366563171,44,5467599
1366564539,12,3642759
1366567187,74,5925444
1366567643,47,18809424
1366569596,4,205902
1366570743,22,941949
1366571256,4,699958
1366572463,7,1917571
1366572517,6,1461317
1366572691,37,3229676
1366572766,24,1839083
1366573565,36,15646569
1366574586,154,75407847
1366574906,4,118895
1366575623,26,7684610
1366576075,14,11748600
1366576483,39,13142524
1366576495,32,3596470
1366577351,13,2742191
1366577584,8,3388867
1366577681,40,3187186
1366578503,16,3389047
1366578623,6,1474312
1366581134,8,1147308
1366581593,33,632160
1366581922,21,6296869
1366581925,4,783419
1366581950,26,2305109
1366581962,13,3650265
1366582917,25,1673070
1366583123,16,622313
1366583486,16,10043954
1366583919,11,1117318
1366584694,11,2583625
1366585102,39,4492081
1366585548,29,12860844
1366585733,10,448271
1366586369,22,12730190
1366586629,19,7425547
1366587003,7,842763
1366587040,52,16600866
1366587456,11,3635458
1366587640,22,7304581
1366589511,16,3274151
1366590321,10,3847876
1366590415,52,22035106
1366590867,30,7462882
1366591168,15,267504
1366591998,11,2320333
1366592051,21,4966917
1366592101,10,1635604
1366592930,9,1578767
1366593615,3,699771
1366595477,32,9846572
1366595895,6,467777
1366596577,8,1405347
1366597304,9,6918492
1366597794,8,3376401
1366598920,9,2724663
1366599228,10,995292
1366600500,59,5637619
1366601384,12,949793
1366601415,7,294001
1366601705,28,2783418
1366606370,78,10060640
1366606514,25,1251915
1366608678,26,1766309
1366610702,4,2045156
1366610881,86,6750984
1366611837,20,2758502
1366611885,12,7040453
1366612545,15,2223625
1366612772,37,2214985
1366613267,11,2047316
1366613623,10,4474520
1366614677,12,881336
1366616783,15,6590161
1366617952,9,930074
1366618291,12,642067
1366618818,16,4885757
1366619094,9,914921
1366619582,14,1718710
1366620258,3,420817
1366620334,53,3672532
1366623092,10,1487140
1366624842,12,446664
1366625414,11,749210
1366626834,44,12765054
1366627540,9,446831
1366628080,14,1919526
1366629117,4,626094
1366630146,56,17906616
1366630506,20,706136
1366631200,17,1512268
1366632275,12,1318766
1366633283,13,2122187
1366633385,135,2939274
1366633513,27,9326299
1366635543,27,24064411
1366635958,12,4002317
1366636208,29,9333103
1366637058,22,4016792
1366639400,5,1702697
1366639866,9,1359053
1366641189,21,7538308
1366642025,21,5642905
1366642523,23,13966855
1366644520,10,890281
1366646284,14,8919310
1366646855,14,1558277
1366648167,43,4081072
1366648732,6,697565
1366652815,64,4860981
1366659673,13,1052313
1366662139,49,4722133
1366669737,19,3020133
1366679027,9,530400
1366685368,17,2093890
1366709364,14,4747012
1366732850,35,16597681
1366738399,16,657825
1366742236,11,529206
1366742884,4,227698
1366751340,12,760775
1366755402,10,1540431
1366758034,14,7372576
1366761342,8,276375
1366763635,8,1014039
1366768000,106,11408840
1366772444,19,2882816
1366777486,8,466235
1366778469,10,1455317
1366778695,18,738683
1366780373,10,431947
1366781304,8,716943
1366782855,22,1578662
1366782862,18,1986560
1366783556,27,9737285
1366785114,26,12480720
1366789131,79,41328503
1366789485,5,1405949
1366794382,32,19517366
1366795739,12,3621588
1366796661,22,14519189
1366797647,27,8540139
1366799307,17,10282438
1366800429,12,5238521
1366804989,5,151054
1366805984,7,579382
1366811272,8,390900
1366813701,104,6613098
1366817220,5,235919
1366820653,39,1736470
1366821186,161,48354790
1366821959,133,39305258
1366826058,11,629663
1366828020,6,1790110
1366829023,67,24138444
1366831677,33,10735110
1366833486,15,3493656
1366835547,59,16842586
1366835559,27,8975584
1366836564,12,678646
1366836705,67,26773858
1366837959,5,177215
1366838854,14,5099671
1366839839,9,714501
1366842182,10,984740
1366845109,28,3255289
1366846033,17,963500
1366850036,19,1155883
1366850502,17,1007146
1366851015,35,4767791
1366856511,7,723456
1366857962,6,474559
1366858657,8,535403
1366859415,18,1483254
1366860442,242,129038037
1366861573,15,3375834
1366863230,7,486415
1366864647,7,467382
1366868519,7,438990
1366870261,17,1397018
1366870308,22,1149738
1366871866,24,1280680
1366872723,23,13029594
1366874373,13,831938
1366875653,12,8471569
1366875890,14,1411992
1366876268,9,1105675
1366877196,4,2215732
1366877717,13,3638564
1366880294,116,58121401
1366880557,3,171152
1366881767,3,876375
1366882298,7,2156740
1366883077,27,7287743
1366883335,25,11233886
1366883789,20,5756405
1366883927,11,3355031
1366884799,11,3408330
1366885197,14,1022252
1366885276,8,2202699
1366885306,19,1154924
1366887675,79,4548831
1366888005,12,3211217
1366888100,16,2205187
1366888710,17,702916
1366889359,12,5968974
1366889561,14,4742807
1366889739,20,5843387
1366891315,54,5732654
1366892465,102,9317452
1366896178,6,281042
1366897600,17,3274554
1366898015,76,4610428
1366899395,11,849949
1366899765,17,861100
1366900452,5,638454
1366901035,20,278812
1366904736,11,1172383
1366905166,17,761142
1366910012,6,257453
1366911323,63,8556453
1366913087,7,923595
1366913969,19,3049080
1366915624,25,1883385
1366917432,21,2997721
1366918660,6,112413
1366921276,11,180133
1366922291,16,2096476
1366922596,7,2599871
1366923220,12,621271
1366923260,9,494680
1366923748,26,8221998
1366926134,30,19301023
1366926291,9,543800
1366926405,7,441564
1366926619,4,467188
1366929023,60,29249212
1366930655,10,1369579
1366931281,13,931992
1366931608,15,1547047
1366932028,26,897989
1366933067,8,2454924
1366933268,35,14436904
1366933668,31,6050463
1366934160,10,2773010
1366935422,14,5044934
1366936188,19,3738589
1366936683,46,1432287
1366937933,10,1611963
1366939246,11,3168160
1366939846,24,14029044
1366940042,13,7236585
1366940791,10,4652194
1366940860,22,9411932
1366940912,15,7151535
1366941784,24,16361750
1366942344,16,5815054
1366942772,18,19051194
1366943192,7,2673200
1366944991,30,1554802
1366945123,24,12299950
1366945886,3,1525055
1366945888,13,21631508
1366945953,94,80738742
1366946444,6,152572
1366946904,9,3011273
1366947138,9,682448
1366947183,3,578946
1366949279,12,1109872
1366949966,11,4312118
1366950794,9,1013013
1366951052,13,1038215
1366951989,12,1904713
1366952271,22,1489240
1366953109,14,1115632
1366954424,45,2045970
1366954806,12,2627040
1366956559,14,915932
1366956831,46,2776726
1366960706,16,3934089
1366963130,13,3165434
1366964528,36,2522201
1366966990,7,1377473
1366967296,21,414732
1366968228,15,5363118
1366968433,6,141126
1366969732,17,520791
1366970259,8,781493
1366971169,93,4327162
1366971519,15,393739
1366971588,20,1113149
1366972886,3,1425206
1366972889,16,1382058
1366973261,7,1593141
1366974063,117,59207924
1366975012,180,82579751
1366975131,40,14696301
1366975295,10,3138323
1366975407,13,2541466
1366976116,11,1060754
1366977444,18,1277899
1366979030,26,1128401
1366979979,12,767547
1366980414,17,4877071
1366983243,16,8060766
1366984512,7,851034
1366985165,48,20242800
1366987605,21,2960834
1366988489,48,16058482
1366988514,20,3695456
1366989699,36,5841417
1366990680,8,1628777
1366991290,21,5136936
1366991529,5,343238
1366992021,8,597475
1366992069,19,3459681
1366992441,16,24752792
1366992743,61,30217908
1366994297,3,780683
1366994463,30,7875084
1366994716,110,67156679
1366994738,12,3432013
1366995428,97,86927429
1366996259,4,4530587
1366996309,20,4938550
1366996818,15,8764665
1366997423,14,10941232
1366997538,11,1482367
1366997701,31,2207389
1366997978,15,6443597
1366999889,4,2735929
1367000384,8,1485407
1367000675,12,2434233
1367000999,18,3745101
1367001108,23,16113464
1367001463,19,4474989
1367001497,28,12297993
1367001606,81,32911477
1367001980,107,80464694
1367002463,14,2252528
1367002785,24,4231672
1367002893,31,13371030
1367003565,12,2986199
1367003675,7,1366617
1367004354,30,15381847
1367005302,8,606016
1367006149,10,2518901
1367006287,10,7113812
1367006810,6,500924
1367008173,3,647538
1367008467,25,4268488
1367008716,17,457695
1367008874,15,631484
1367009418,86,89655559
1367009677,9,523419
1367010256,17,3555592
1367010600,13,4044045
1367010880,80,6449004
1367011500,12,309220
1367011609,19,6462376
1367012052,19,1950274
1367012849,80,7127136
1367013486,33,3623132
1367016016,19,2389875
1367018795,17,5888661
1367019124,10,1859128
1367019253,15,3537994
1367021365,10,449650
1367024298,39,3705426
1367024443,12,1244410
1367026634,9,1135345
1367026711,25,1960418
1367027021,27,1888946
1367027233,3,214139
1367027336,136,48331037
1367028777,20,1622505
1367029153,12,554042
1367030258,24,1926904
1367030655,13,4482815
1367030718,22,1615191
1367031527,15,644013
1367031917,11,1284737
1367032021,10,1010298
1367032541,19,4213876
1367032799,10,2256847
1367033910,7,275031
1367034306,9,1200682
1367035813,4,113980
1367035984,3,621890
1367037012,78,25448492
1367038346,24,4493425
1367039160,22,8480720
1367040115,13,964945
1367040759,6,2587219
1367042507,41,11938217
1367042631,14,1214508
1367043069,16,6060759
1367043427,20,514365
1367043429,23,9629684
1367046165,18,5502701
1367047400,124,63898124
1367048027,19,6126926
1367048584,47,2007085
1367048815,8,388369
1367048919,11,4279887
1367049519,23,7464819
1367049783,14,1560027
1367050184,14,4548901
1367050444,17,4720283
1367050475,32,855407
1367051450,33,6399188
1367052172,21,10136996
1367052872,28,1791323
1367053621,22,25060658
1367054215,71,14481488
1367056245,7,2623443
1367057421,24,2047214
1367057806,10,1614913
1367058233,7,3151195
1367058645,58,6903608
1367059427,44,4762556
1367059504,4,591456
1367060556,65,6416871
1367061110,17,1405257
1367063255,8,3688660
1367063656,16,1406255
1367066712,12,1086520
1367067817,12,720312
1367069317,9,400032
1367070189,13,1088998
1367071282,17,625110
1367072201,20,1329040
1367072249,13,4809950
1367072567,22,14564600
1367074556,20,1320562
1367078675,8,279111
1367086801,7,357474
1367117638,10,403450
1367134346,20,1788132
1367140863,30,2375753
1367153717,16,697910
1367153942,14,2693353
1367161200,12,666724
1367162416,4,286832
1367163332,6,420599
1367164695,11,1220953
1367165257,11,956939
1367165434,12,1099241
1367168739,17,6473036
1367169190,19,1870731
1367170897,14,5328723
1367171859,10,3759473
1367173720,39,2465469
1367180035,8,999384
1367182333,8,437329
1367187207,53,9066222
1367190651,17,10569233
1367192275,9,513260
1367192358,58,2226150
1367193505,5,1863583
1367194326,15,1918367
1367194867,3,750022
1367195211,10,2238745
1367196480,64,20021161
1367196914,16,4563113
1367197908,12,1557773
1367198849,10,2313856
1367200539,9,1204648
1367200649,19,6222358
1367201973,20,5278087
1367202592,13,1041068
1367202783,28,2068165
1367205046,3,1476872
1367205463,25,13103625
1367209315,43,12954334
1367209374,8,1437010
1367212205,103,10185086
1367212738,10,430525
1367213746,17,5983261
1367225277,20,2662118
1367225549,6,824299
1367226038,6,691618
1367228175,22,3682960
1367228918,9,1903502
1367229629,16,1265732
1367230795,37,5610613
1367231876,20,3059718
1367233440,14,1219878
1367236519,35,2529197
1367236783,68,1195410
1367237327,10,649854
1367238898,21,2640380
1367240121,15,5506710
1367240186,25,3167530
1367241026,95,36138337
1367241132,30,203885
1367243116,24,9284476
1367243298,15,1017988
1367244124,9,1850529
1367244279,10,9547842
1367246578,13,4938511
1367247457,20,903517
1367247980,16,5021862
1367248405,3,385995
1367249075,13,2213845
1367251727,29,1528317
1367254641,15,1361845
1367257548,6,132059
1367261654,6,1397286
1367263321,39,21023873
1367264259,11,3153487
1367264774,93,27756230
1367264830,106,49755435
1367266060,86,8577089
1367269137,5,497972
1367270975,119,59308992
1367271865,3,823058
1367272873,26,9422285
1367274193,6,5231221
1367275333,43,13128634
1367277750,26,8184808
1367279239,13,1820398
1367280239,71,31699884
1367281447,5,1224807
1367281593,34,1148329
1367283341,3,1512087
1367284171,15,4637218
1367284831,69,17507188
1367285258,10,4408768
1367285561,11,2250299
1367285779,11,4287214
1367287489,15,1916881
1367287802,42,13946708
1367288307,15,3236008
1367289924,16,3674211
1367294039,13,3378442
1367299867,27,3782282
1367300087,4,375459
1367300355,10,1448483
1367305306,6,655700
1367305990,41,5239180
1367306229,7,433109
1367306242,11,593718
1367307984,16,8837970
1367311477,4,607439
1367315685,7,1926050
1367315935,141,63936232
1367316229,9,738264
1367316349,5,460100
1367318725,12,622994
1367319721,31,2868423
1367319990,17,4576084
1367321002,66,5282048
1367321149,13,950548
1367323209,18,2541439
1367325718,5,5077048
1367327011,60,20548466
1367327356,10,1947735
1367328778,13,7315943
1367329182,11,7769283
1367329507,8,1596293
1367330584,26,2034484
1367331317,22,9196900
1367331880,17,1479759
1367331988,16,3194445
1367333250,4,716097
1367333344,40,10256663
1367334913,15,6637370
1367335668,14,2846222
1367335951,11,352074
1367336245,8,2717316
1367336732,13,2572522
1367336977,20,16074138
1367337688,18,1318962
1367338396,12,4882167
1367338743,51,27213758
1367339173,23,2500362
1367339638,3,775070
1367340013,30,12286508
1367340655,4,1217172
1367341408,10,4120921
1367341739,6,146337
1367341857,6,952356
1367342701,58,2666898
1367342852,6,3224090
1367343036,14,7329255
1367343683,60,1512980
1367344521,20,4334289
1367345052,11,2773527
1367346272,12,4270061
1367346790,22,1283060
1367347494,90,7458107
1367348060,16,1263738
1367348362,11,5169845
1367349017,20,671675
1367349194,12,995572
1367349317,16,6139184
1367349573,9,3435118
1367350310,81,7331862
1367350680,38,3839361
1367350730,13,1146858
1367351034,7,2366787
1367351275,13,1456051
1367351520,9,507222
1367354755,29,11368382
1367355480,52,3484801
1367356039,113,2904399
1367356595,20,1096846
1367358059,20,7155874
1367358470,44,1728685
1367358740,4,335826
1367359069,8,1311712
1367361087,20,11947188
1367361175,9,2206930
1367361565,5,517720
1367361882,12,1548864
1367362710,17,5615880
1367364990,17,2141253
1367367052,12,2180314
1367368540,16,1817370
1367369339,48,3148334
1367369487,14,1178756
1367369580,6,658209
1367369924,13,3618068
1367370317,9,1482365
1367374504,50,6305416
1367374565,45,10219937
1367374667,7,211431
1367374916,27,6354641
1367374926,29,1936416
1367375053,19,667793
1367376374,17,5745300
1367378284,10,2092879
1367378729,13,2736417
1367379129,19,5516090
1367379379,59,14733469
1367380400,8,985226
1367380615,13,1486573
1367380737,29,2152353
1367381313,30,1700834
1367381539,112,61932661
1367382039,151,21608129
1367382118,49,5420450
1367382247,55,5492265
1367383634,27,11120262
1367383945,20,1409548
1367384457,17,4655947
1367385410,31,8523508
1367386441,15,2069907
1367386870,6,3295418
1367386937,7,1984572
1367387978,36,24287858
1367388502,11,271557
1367388816,8,1969872
1367389187,472,194961771
1367389634,92,40379139
1367389746,20,5972454
1367391263,34,5648416
1367391447,37,2482339
1367392101,23,6468075
1367392798,10,3183560
1367392838,44,33599097
1367394362,14,8789244
1367395158,11,509504
1367395909,12,1901358
1367396704,11,12149999
1367396842,80,58024241
1367397036,8,1705104
1367397182,14,4257844
1367397338,20,3167247
1367397584,13,1827128
1367397711,5,1876034
1367399165,36,12494474
1367399606,13,3317320
1367399608,92,27363835
1367399636,7,1955651
1367400000,13,10652522
1367400368,17,426933
1367400723,35,12185625
1367401393,31,3104601
1367401615,10,612128
1367401860,16,5890603
1367402018,14,6044993
1367402446,11,500056
1367402571,111,47122140
1367402628,5,1513799
1367403051,19,7522157
1367403437,14,1463895
1367403833,8,3305281
1367403898,33,12892092
1367404148,5,545802
1367404340,35,5938793
1367404665,27,2016876
1367405015,8,2918342
1367405119,12,1303402
1367407465,12,1969351
1367407718,13,1614444
1367407780,8,3748464
1367408262,19,7050924
1367408696,26,13150763
1367409077,14,7340123
1367409874,13,577868
1367410303,30,2776259
1367411660,11,6828066
1367411844,20,1913747
1367412717,229,28560946
1367413169,14,5212743
1367413285,14,1680760
1367413602,11,1400899
1367413637,11,827151
1367415779,14,6233132
1367415845,9,1157039
1367416567,33,24260885
1367423627,37,10395523
1367424675,9,1681722
1367425208,10,8591510
1367425518,19,2851750
1367432176,30,1202345
1367434167,260,96518299
1367435713,11,833863
1367435819,9,6210392
1367436288,52,29081402
1367437738,22,5045608
1367437783,12,4810163
1367439830,18,24696411
1367440298,66,15407794
1367441229,10,3376558
1367441338,23,3551513
1367441699,8,1227399
1367443307,9,546430
1367446198,43,14879572
1367448268,15,2887834
1367449956,11,750619
1367450306,20,5577949
1367451996,11,4620694
1367452951,25,4593973
1367453091,14,4460438
1367454319,4,3058143
1367454874,23,7185888
1367455071,16,4815898
1367455093,19,1129351
1367455170,35,11472249
1367456553,4,751302
1367456950,7,1612603
1367457083,7,2447237
1367458265,10,4607569
1367458302,15,4024731
1367462130,13,530117
1367464494,20,2463156
1367465223,4,608942
1367466160,16,781579
1367471898,37,2766666
1367476534,11,3604685
1367478956,6,627688
1367479739,17,2418405
1367482216,11,536758
1367483441,9,713227
1367485849,15,1062728
1367509021,11,548325
1367542580,15,1978046
1367552768,9,591955
1367557722,5,123648
1367561147,8,556921
1367562691,19,1237419
1367576387,23,2698921
1367586805,11,2421362
1367592953,61,4141695
1367596632,7,1918066
1367597574,15,1935293
1367598467,11,2731297
1367598502,5,527502
1367602112,41,22460973
1367602497,11,1265702
1367603482,16,2776174
1367604117,31,10193428
1367608324,11,262524
1367611045,38,2700693
1367611399,12,3728398
1367612134,3,497450
1367613132,14,4274859
1367615634,53,3902871
1367625038,112,30602821
1367625076,63,19725742
1367627336,4,304127
1367628411,5,1326240
1367628475,31,1644465
1367630513,11,2680680
1367631402,113,30945576
1367631699,37,821680
1367635300,59,17662959
1367635633,9,2121497
1367637791,22,6931198
1367638141,12,1092610
1367639219,60,29293280
1367640691,7,2511355
1367640800,13,4227782
1367641406,16,1390612
1367641806,9,844251
1367643313,3,993560
1367644229,12,2577950
1367645164,17,1749228
1367646564,14,3445218
1367648688,7,918184
1367649610,29,2446511
1367651385,113,7417830
1367651446,13,491290
1367651650,17,803173
1367652754,79,2613482
1367652966,19,823545
1367656637,23,4016256
1367656640,18,1921293
1367660275,15,1291680
1367662634,103,6424623
1367662957,112,14002484
1367663283,6,383127
1367663769,17,6203688
1367664167,9,2242197
1367665363,20,1743223
1367666986,14,4371270
1367667322,28,996042
1367667839,82,34695953
1367670910,18,994351
1367671467,48,18625654
1367672238,16,1413463
1367675094,14,2651637
1367675727,5,1964196
1367676330,20,512637
1367676830,9,793889
1367677377,3,621895
1367678337,17,6450935
1367678733,20,8017580
1367681500,15,4425890
1367682717,64,32049015
1367684540,16,2244259
1367684794,15,2761516
1367687975,11,792220
1367690445,61,8313451
1367690664,24,8363844
1367690781,43,4611966
1367693740,18,2056371
1367695794,16,1600043
1367696874,108,10528454
1367697449,15,561077
1367698171,22,1138957
1367699374,19,2442845
1367699855,43,2534975
1367699865,45,1467744
1367699920,9,1117407
1367701595,33,3560910
1367702118,3,527690
1367702318,6,535322
1367707030,31,2996305
1367707132,16,1577907
1367707172,3,251583
1367709146,32,4520919
1367709294,12,874284
1367710863,14,1090521
1367711468,74,5444923
1367712695,25,2699666
1367712952,42,21567813
1367713811,12,10820992
1367714707,4,478384
1367715797,5,665912
1367715884,32,22162178
1367715992,60,908454
1367717062,16,1632255
1367717526,16,3211818
1367718788,120,15193646
1367719149,7,843910
1367720319,6,242690
1367720543,47,29240235
1367720730,6,652991
1367720895,12,4169540
1367721328,79,19651558
1367721585,30,1403364
1367721619,28,8330746
1367722375,19,10142546
1367724247,26,8102858
1367725595,38,41042577
1367725723,23,8505521
1367726917,9,1005060
1367726935,39,527131
1367727712,13,884626
1367728130,4,219291
1367728251,12,4497763
1367729634,24,25603770
1367729830,56,31958548
1367730082,13,620757
1367730200,15,2475059
1367730231,37,11405097
1367730791,22,5497651
1367731260,10,6192772
1367731746,12,616349
1367732222,6,1931615
1367733314,7,2914971
1367733850,43,19164703
1367734444,40,3759527
1367734570,27,8473641
1367735442,6,1843866
1367735723,5,1459800
1367735732,5,1317443
1367736041,5,1765271
1367736708,14,632173
1367736867,19,14608790
1367737205,58,6808722
1367737445,16,1819152
1367738525,17,6747657
1367738711,17,15413644
1367739023,13,718090
1367739118,13,536532
1367739678,17,2156196
1367740255,9,2315493
1367740345,21,3112176
1367740724,10,3801692
1367743606,12,517825
1367743646,19,933125
1367744517,7,2548220
1367744761,11,4678451
1367745326,8,782992
1367745461,69,2595109
1367745745,13,3933835
1367746133,22,8230699
1367746885,15,1290421
1367746929,15,1360963
1367748509,7,2375709
1367748676,16,2682262
1367750342,127,9893114
1367752442,13,484908
1367752803,11,1750420
1367753000,15,2141904
1367753013,9,3323167
1367753023,3,241659
1367754548,9,352641
1367754961,10,1225701
1367756156,12,3205677
1367759560,12,709782
1367761358,10,1203287
1367761661,5,312790
1367762773,20,9643361
1367764416,18,1343302
1367765014,148,10393601
1367767300,9,1151673
1367768778,18,2207513
1367770382,26,1322913
1367771276,3,8060
1367772022,11,4552372
1367772142,12,1671053
1367772817,5,1703033
1367773471,23,786006
1367774191,15,3638819
1367774217,22,4008234
1367774724,4,261849
1367775087,19,3748924
1367776701,257,152871879
1367776725,12,2039449
1367776727,9,5283760
1367776992,9,613496
1367777487,5,2163395
1367778266,19,21517896
1367780656,10,1696082
1367780749,19,1319541
1367782130,41,16515944
1367782268,23,3646538
1367782298,31,8512001
1367783202,11,1028950
1367783280,14,9988459
1367783564,50,30567883
1367783797,20,2015724
1367784039,8,912382
1367784183,14,4790185
1367784978,21,6707522
1367785750,20,10260837
1367786132,21,1900039
1367786562,35,1158408
1367786599,20,448150
1367786678,16,3078786
1367787352,29,16788738
1367788287,49,29807672
1367788377,8,4807178
1367788389,42,18882036
1367788790,10,581826
1367789810,4,916725
1367790938,36,9998984
1367791021,36,4086221
1367791724,10,6081439
1367791826,9,728330
1367792307,27,7814494
1367792478,11,2030866
1367792480,71,18833926
1367793114,14,5568085
1367793417,45,19551573
1367794086,6,1567531
1367794290,229,112932831
1367795073,10,9765663
1367795337,27,8342631
1367796852,11,5510144
1367797341,11,2120037
1367797911,34,11543652
1367798061,7,592086
1367799424,23,6143484
1367799692,12,1721592
1367800477,14,5135173
1367800655,17,4275184
1367801655,11,1005065
1367801738,17,763768
1367801797,12,5304265
1367802311,15,5515177
1367802476,12,4837870
1367803367,13,3467914
1367804392,25,4171771
1367804511,87,9059813
1367804740,20,6966555
1367805097,18,7884528
1367805413,100,7263331
1367805452,5,1126028
1367806379,14,635559
1367807165,6,315822
1367807940,45,12476175
1367808197,21,7140244
1367808960,11,2386839
1367809378,67,3528365
1367810591,12,729326
1367811842,5,1017641
1367812563,38,2573355
1367815689,42,3625557
1367815771,16,999486
1367816726,11,736850
1367817134,27,2512247
1367817644,4,492577
1367818035,5,266376
1367819033,12,4340861
1367820635,10,2454741
1367820669,18,1042212
1367821333,31,3085025
1367822190,11,5266546
1367823539,40,4406011
1367823685,17,801823
1367824130,18,3493836
1367824467,19,1584178
1367824677,14,5224197
1367824811,30,8087703
1367826898,12,2606299
1367830283,145,84480443
1367831496,16,2976169
1367832866,162,56764604
1367833103,15,6572923
1367833701,18,4775722
1367834054,3,373690
1367834339,3,116018
1367837690,5,1029815
1367837991,23,4668119
1367838750,27,15260778
1367840530,30,6281915
1367841443,10,1043657
1367842358,27,2629598
1367842678,29,8161463
1367842942,14,6739774
1367843021,13,1553512
1367844637,42,13265556
1367845243,12,2774093
1367845864,14,4380805
1367846880,30,10032484
1367846940,20,2706669
1367847046,7,1056988
1367847685,41,16184488
1367849205,15,2243770
1367849672,21,9994331
1367849674,15,2216005
1367850070,18,5494749
1367850542,18,2167049
1367852619,15,2523239
1367853803,14,1656965
1367853994,155,12607094
1367854374,17,1910777
1367855497,14,1808604
1367855820,21,912432
1367859781,5,898074
1367860309,29,2909277
1367860344,9,841606
1367867706,13,1013037
1367867727,14,2080485
1367868407,7,590163
1367869914,26,1926080
1367874563,31,3807692
1367918547,27,2078325
1367937633,9,742108
1367937641,6,210238
1367946912,12,575624
1367951468,11,852900
1367954584,21,1307994
1367956689,11,848517
1367959507,10,2309783
1367961403,14,700570
1367964584,12,707665
1367968712,6,261635
1367972543,7,275606
1367973938,12,2637892
1367977282,29,14300431
1367986321,5,267128
1367989196,11,247891
1367992821,23,18873457
1367993251,14,860481
1367994912,31,1365948
1367996332,18,1432587
1367999517,4,2792543
1368000754,14,1350234
1368000765,14,5378159
1368001705,11,924625
1368001857,20,11917158
1368003500,10,2910196
1368003563,14,719085
1368005568,23,11531156
1368006074,7,1904559
1368007082,11,957893
1368009348,35,28827853
1368010441,11,1808494
1368010494,13,2896643
1368011644,9,547162
1368011904,14,973798
1368012385,43,5815756
1368014463,21,1157154
1368016794,47,5494348
1368017107,13,1415948
1368017903,21,1427052
1368018135,15,1755358
1368023409,9,606103
1368023966,25,2104894
1368024085,15,2623297
1368024488,36,2616030
1368026382,39,4417355
1368027855,18,1720060
1368028291,210,68208704
1368030646,11,1224540
1368030795,13,1055828
1368031413,4,544849
1368032732,5,236078
1368036025,10,4089430
1368037590,40,13582117
1368039403,14,1636289
1368039584,16,4880933
1368053209,17,5548782
1368057174,11,6344220
1368057830,4,145614
1368060098,7,639091
1368060621,28,1297081
1368060884,18,1924313
1368062586,26,8701652
1368064054,82,12153427
1368065126,15,4405867
1368065688,6,397165
1368065817,5,894515
1368066736,15,4365690
1368066814,7,265641
1368066821,187,76266652
1368066908,6,2389950
1368067374,19,1251344
1368069129,11,1924658
1368070260,25,2483566
1368070502,123,70430678
1368071168,40,14116228
1368072372,19,1481744
1368072738,57,5482293
1368073386,23,7726256
1368073745,3,711866
1368074045,18,3731923
1368074924,11,3546014
1368075050,7,2399246
1368075110,29,7698169
1368077428,50,13182875
1368077703,9,940293
1368078410,82,41311191
1368079004,55,17388088
1368079214,7,1856958
1368079692,20,1644377
1368079971,3,1304135
1368080794,15,1879851
1368081985,28,9421180
1368082695,6,2668367
1368084205,38,11561992
1368084449,23,10027272
1368085000,8,1774137
1368085041,7,2230877
1368085682,11,2648347
1368086144,10,502635
1368086484,18,977963
1368087088,23,5758921
1368087300,37,10313184
1368088194,17,1476009
1368088916,77,6036261
1368090516,9,720963
1368091531,25,10705628
1368091823,11,1824674
1368095026,8,430902
1368096764,13,740241
1368098097,17,1239584
1368098993,10,2384808
1368099727,18,5111376
1368102719,19,1699808
1368103172,41,4276552
1368105119,39,6054194
1368105764,36,2309727
1368107780,24,13445734
1368110864,13,918491
1368111452,15,8929462
1368115819,11,309378
1368118092,52,5015255
1368119544,12,1011591
1368121184,6,120607
1368124210,9,866920
1368124356,19,6547117
1368126196,11,2538727
1368127473,71,25274384
1368128296,11,2614166
1368129688,8,264346
1368129705,6,1153189
1368129865,10,5532635
1368130756,7,2137286
1368130852,3,1117188
1368131643,125,49074790
1368132129,15,2415874
1368132590,20,1322736
1368134005,12,4094957
1368134170,5,1345048
1368134338,6,2327762
1368134444,21,8833432
1368134818,4,797162
1368135102,10,1867207
1368135402,17,966943
1368135796,20,10778915
1368136796,6,1907136
1368137282,39,36559356
1368137538,11,1183085
1368137828,27,7270596
1368138024,16,4626121
1368138462,9,6953479
1368138948,15,8126633
1368139329,6,1863936
1368139402,25,13970830
1368140526,9,1039331
1368142123,6,378678
1368142137,11,3517601
1368143359,16,844301
1368143795,11,5731739
1368143927,17,25367099
1368146162,16,698946
1368147784,3,2413506
1368149309,16,717009
1368150322,10,3439883
1368150619,11,454671
1368150739,15,5457973
1368154397,18,663021
1368154639,20,2977325
1368154982,11,3358454
1368155137,7,628904
1368156735,120,7842486
1368158599,57,2962217
1368160458,10,336635
1368160470,80,36772959
1368164028,14,2563191
1368166031,23,724897
1368168372,4,1212631
1368168517,14,3413144
1368170754,11,310792
1368172788,89,38484057
1368174264,3,330606
1368174357,110,40863998
1368175731,9,563329
1368176589,7,913880
1368177032,13,4216519
1368177679,31,7010311
1368177882,13,230609
1368178271,61,3099017
1368179516,4,1142702
1368179797,258,92036212
1368180804,17,2669883
1368181157,5,693340
1368182004,3,507957
1368182681,8,1313200
1368183122,20,3813501
1368183331,16,5222761
1368183726,12,1433717
1368183864,10,653219
1368183968,16,4451845
1368184571,30,5015272
1368184882,6,2413456
1368186328,36,14974626
1368186979,61,59719133
1368187373,19,2035093
1368187527,4,157587
1368187723,15,5736211
1368188042,32,9017501
1368188062,13,3429574
1368188916,47,3723366
1368189079,6,329213
1368189223,22,3327824
1368189536,27,5466194
1368189760,10,2749418
1368191193,6,661509
1368191857,13,1793487
1368191995,26,6303620
1368192244,14,2916761
1368192384,3,313996
1368192495,10,3534181
1368192893,15,2565379
1368192959,5,2289594
1368193216,52,1696249
1368193438,96,66847995
1368193468,15,5132172
1368193839,4,1819804
1368194236,6,1365480
1368195090,4,1445566
1368195461,36,1313137
1368195561,22,2437278
1368196035,15,11843139
1368196423,7,3488450
1368196664,26,8348225
1368196743,19,6519837
1368197009,21,7547698
1368197161,11,3254733
1368197660,7,2260629
1368197724,8,1058377
1368197812,15,2775863
1368197991,9,1993830
1368198393,9,3317494
1368198453,37,10946306
1368199992,10,2819804
1368200214,50,21716043
1368200638,7,2707560
1368200743,10,1062916
1368200926,34,12467907
1368201334,13,4266041
1368201849,7,677520
1368202808,18,2770169
1368203530,20,1811200
1368203572,12,4091955
1368204927,10,1174148
1368205791,16,6214952
1368205851,8,660194
1368206897,17,531974
1368207670,18,1211125
1368207852,10,7056253
1368210102,6,1112034
1368210796,25,2486156
1368210800,13,1253370
1368210899,11,4242692
1368212481,50,4625440
1368213026,14,1624866
1368213564,46,1577343
1368213734,21,1515641
1368213799,23,10060975
1368214634,16,1287971
1368215103,12,726259
1368216240,42,1958362
1368217567,31,14036879
1368218283,21,1480325
1368218810,9,629166
1368220316,33,3124050
1368220595,12,1774132
1368221099,25,1777117
1368222642,11,4396547
1368223165,10,4498709
1368227403,28,1879479
1368228359,12,2748292
1368228697,15,1857018
1368230024,53,5662634
1368232139,7,1573488
1368232686,8,868556
1368234007,12,527654
1368234760,8,1367534
1368235556,33,1460982
1368235577,13,3717668
1368235641,26,2825598
1368236023,21,5606747
1368236180,5,405073
1368238732,30,7042352
1368239521,85,36759882
1368239827,27,5636906
1368240987,5,1176296
1368240992,15,3931376
1368242712,8,2832832
1368242870,19,5498436
1368243362,3,1085381
1368244597,16,5717418
1368245881,24,8461102
1368245909,14,1555644
1368246140,16,5313689
1368246910,41,18092216
1368247556,30,13034426
1368249490,7,1326231
1368249916,17,7878873
1368252843,13,8140068
1368253087,12,5278222
1368254596,18,8269939
1368256200,18,4095882
1368257115,17,5031030
1368266873,22,1175449
1368298702,19,3135962
1368300252,5,1052623
1368308926,11,618432
1368311747,29,3144797
1368315728,12,777335
1368322332,9,566348
1368338406,25,8610791
1368347080,27,4516337
1368366053,15,5334948
1368368935,11,6936050
1368371673,22,5721048
1368376450,11,1365292
1368381921,7,731906
1368384376,27,3044687
1368386126,86,5714651
1368387844,38,1643349
1368400751,33,15977546
1368401979,20,3799346
1368404514,20,2036125
1368408955,6,203601
1368409961,18,1354948
1368413115,134,8178108
1368413179,74,2909210
1368420430,17,1090442
1368422831,34,8282823
1368423453,11,1417303
1368423632,10,334593
1368424683,31,6076754
1368424687,3,394956
1368424931,19,1673258
1368426354,10,3875358
1368426462,17,236382
1368426567,25,3199891
1368426712,7,56241
1368427513,15,1435956
1368427953,10,1766784
1368428086,16,1055867
1368433138,34,2771040
1368434678,21,7011536
1368435388,15,4997400
1368435705,16,946673
1368437968,36,913836
1368440054,34,18571996
1368440417,13,5395009
1368443294,52,22219660
1368450581,28,1424019
1368459760,29,1504692
1368462208,8,424654
1368464404,8,2345829
1368464523,3,1379550
1368465134,53,4034960
1368465171,65,7541322
1368466762,60,18637902
1368468228,119,46485448
1368468436,7,1831947
1368469091,32,3138687
1368470710,26,8399382
1368472628,22,1709640
1368473039,13,2453362
1368473283,10,1591222
1368473298,9,915784
1368473991,13,3891297
1368476672,36,1360910
1368477268,20,2332616
1368477876,9,2449548
1368477971,24,7242502
1368478004,12,2707769
1368478760,37,17188029
1368478970,9,1855490
1368482312,8,2237141
1368483049,19,5142358
1368483150,17,7066962
1368483186,13,1223050
1368483885,7,292403
1368484244,37,10600392
1368484373,13,3933191
1368486850,9,6577522
1368487188,13,3633636
1368487222,50,14495814
1368487610,20,8760648
1368488278,12,3705157
1368490859,132,15192668
1368490904,10,602466
1368491032,32,3429403
1368491292,20,3589382
1368493253,10,747456
1368494281,24,7493874
1368494987,4,797211
1368497444,9,1030151
1368497544,25,7383926
1368499018,16,2300449
1368500398,9,1210442
1368502932,5,1261650
1368503838,28,2761115
1368504404,3,4425098
1368507194,45,881155
1368508557,11,3124846
1368509403,3,378724
1368512083,7,248044
1368513401,21,8666470
1368514643,25,4571132
1368514922,52,14458644
1368514952,23,1787048
1368518785,27,8811014
1368519965,5,239487
1368520581,31,5140176
1368521401,18,4092510
1368522152,10,697809
1368522961,67,1552854
1368524330,32,10526582
1368524702,16,1009369
1368525799,21,16897165
1368527061,26,17076077
1368527063,4,1438492
1368528522,34,14175096
1368529469,19,2007886
1368530320,29,23211963
1368531399,27,10841703
1368531833,19,790458
1368532715,6,1632754
1368532737,8,3420932
1368533134,18,432585
1368533147,18,856849
1368533271,11,494353
1368533468,18,10258164
1368533789,17,4243359
1368534163,8,712581
1368535044,26,8332520
1368535050,27,17803681
1368535613,17,11019985
1368536762,18,4874231
1368537555,33,17681025
1368538667,16,9659476
1368538673,25,13290593
1368538705,23,695233
1368539418,3,2510558
1368539448,9,2217315
1368541174,25,2350728
1368541591,22,17145299
1368541732,14,25184362
1368541755,26,17574645
1368542657,20,14856416
1368543644,13,5054169
1368545059,46,7152171
1368548401,31,4470296
1368548800,27,3926241
1368550019,15,1028760
1368551822,10,777128
1368552700,15,1394079
1368553835,120,5631851
1368553951,21,1628866
1368554171,26,2486797
1368556646,6,404174
1368556920,4,236546
1368557295,7,447211
1368560262,16,1183921
1368560708,4,93791
1368561837,9,1471225
1368562230,17,1126734
1368563702,41,3753037
1368564827,45,4185258
1368566904,27,5408197
1368567391,32,2114393
1368570331,28,3504013
1368571081,25,886925
1368571299,28,5639714
1368573288,26,6445575
1368573965,11,919728
1368576549,8,675825
1368576806,15,921918
1368577262,12,823267
1368577805,5,996325
1368577899,19,681448
1368579867,14,4529178
1368580388,49,6586285
1368580493,12,935294
1368580876,70,38888283
1368581068,39,11747314
1368583018,24,1846148
1368583085,25,9235681
1368583327,4,1092486
1368583365,20,11959807
1368583890,19,1798404
1368584108,10,983564
1368584260,22,2050837
1368584525,3,908233
1368584832,18,4791617
1368584948,8,2105247
1368585636,44,1863374
1368585817,15,806804
1368586516,75,43358759
1368586696,17,6249568
1368587420,13,3462118
1368587984,42,30050301
1368588064,12,9623445
1368588407,156,23696231
1368588598,16,7273527
1368589065,5,1743700
1368589104,30,11547582
1368589419,13,751232
1368589746,9,3059373
1368590022,25,18740911
1368590128,16,1932854
1368591330,10,892361
1368591791,9,5069556
1368592905,40,10660833
1368592928,13,3040104
1368593108,25,11316363
1368593282,18,1808008
1368593494,4,2166812
1368593798,14,4782756
1368594272,58,24450760
1368594583,19,7840017
1368594672,6,1367742
1368594819,48,27449695
1368595047,14,4402510
1368595050,21,3222114
1368595347,24,3389009
1368595464,32,1988662
1368595725,17,11372516
1368596445,14,6742648
1368596873,10,2111497
1368597729,27,11347814
1368598197,15,1423990
1368598272,6,3758771
1368598294,11,2874949
1368598450,4,1164016
1368599715,10,5916751
1368601628,11,4925949
1368601982,23,15457723
1368602074,23,3115610
1368602178,11,1261252
1368602888,12,3622829
1368603038,18,9118894
1368603094,27,2330751
1368603103,10,1461310
1368604140,6,831296
1368604351,46,16324182
1368604660,20,9945397
1368605186,98,3209377
1368605368,24,7242660
1368605681,66,6688844
1368606808,23,2552293
1368607450,53,10766856
1368608532,12,2211212
1368608715,31,2561923
1368609742,20,1204224
1368610674,49,4814354
1368611121,28,6517669
1368611480,27,10248287
1368611615,16,2152531
1368611897,8,546040
1368612751,16,4874188
1368613884,14,1568979
1368617271,8,1132735
1368618411,3,76840
1368620358,8,768684
1368621118,20,32346274
1368621628,11,4838269
1368621725,13,3694936
1368622909,27,2151797
1368623378,18,372953
1368624686,36,2998096
1368627944,19,5424160
1368628111,10,926369
1368628301,3,256286
1368628328,3,30090
1368628398,10,1491332
1368630834,24,615251
1368631275,11,532036
1368632429,38,4570720
1368633669,108,13268583
1368634356,21,5319809
1368635693,9,1906216
1368637053,4,989842
1368637096,20,1000293
1368638957,7,1733446
1368641751,39,8918035
1368641983,53,30747144
1368642506,28,2151637
1368643203,16,6027219
1368644066,11,509219
1368644111,14,3693131
1368646559,20,2247210
1368647567,3,701417
1368648749,24,2174176
1368648892,11,1182641
1368649042,47,19351959
1368649238,8,321336
1368649784,26,3712442
1368649791,16,7888674
1368650680,7,1959274
1368650758,8,2190920
1368650768,3,535764
1368651068,14,4475543
1368651340,10,2761686
1368652665,20,3661019
1368653241,3,1209878
1368654200,11,2892087
1368654650,25,6405024
1368655692,49,13481689
1368655877,68,49539692
1368655915,17,4817887
1368656012,11,5505280
1368656343,15,5130082
1368656501,32,11412012
1368657273,13,2150789
1368659258,17,12269251
1368660963,23,3043323
1368661082,75,58452770
1368662322,10,519749
1368663068,18,1419562
1368663795,54,33551220
1368668899,16,3280819
1368683732,30,4061932
1368684844,24,5943774
1368694579,14,2569457
1368722899,17,2101309
1368749176,23,1393854
1368751015,16,1619435
1368760317,11,507892
1368763272,11,942906
1368764633,23,8364640
1368771507,52,2986602
1368773070,7,68106
1368777085,5,187862
1368780917,17,1120766
1368788116,7,571252
1368791189,39,4816253
1368797877,11,472749
1368797936,42,4625389
1368799240,15,6107595
1368806934,119,17983332
1368807755,19,915473
1368810661,53,3509103
1368814415,98,15922201
1368814438,6,1050428
1368815457,4,610034
1368819776,15,3565696
1368821176,8,654728
1368825877,6,438508
1368826608,47,2914379
1368826986,13,2797189
1368833416,68,4871414
1368833424,55,2222392
1368835136,53,4735306
1368839347,15,660547
1368840286,18,1333218
1368842626,14,7990165
1368842640,20,2148161
1368843957,11,363457
1368844071,16,1364182
1368844108,7,2367446
1368845203,30,13288336
1368846905,33,9037046
1368848595,12,350956
1368850735,11,9333744
1368851734,14,1831587
1368853596,43,3694375
1368855346,11,1612620
1368861421,10,462579
1368864166,14,379278
1368865883,20,2132350
1368871312,6,480133
1368872912,23,2054086
1368873005,18,4319307
1368874599,26,990806
1368874892,7,1477154
1368876201,45,9572644
1368876876,18,5668375
1368877841,11,1820342
1368878221,3,249010
1368878567,7,1156966
1368881202,8,371783
1368881793,26,2430145
1368883659,12,3553129
1368884563,9,728110
1368884777,26,18475420
1368886512,15,743404
1368887718,15,3140851
1368888183,47,4721930
1368888649,64,7136819
1368889015,96,29780423
1368889649,12,3169108
1368892230,11,3254554
1368892532,11,4058793
1368892897,6,1325567
1368893148,9,3046315
1368895043,118,5429049
1368895167,13,587959
1368895275,18,1187221
1368896571,5,1296156
1368898216,56,1315827
1368899038,30,9056639
1368899722,9,1825399
1368901423,25,1430708
1368903765,14,5515932
1368905305,21,8782912
1368905866,12,3213378
1368906917,17,1262259
1368907177,92,2604775
1368908551,19,2655592
1368908801,16,1040672
1368909633,15,3775348
1368911214,25,1154781
1368912797,73,1986878
1368916945,57,5649710
1368917755,23,4805841
1368922501,14,1037803
1368922700,64,4845946
1368923974,4,1264065
1368924101,13,1159232
1368928256,21,5022816
1368929128,181,87996254
1368929233,298,186240965
1368931108,9,5226204
1368931842,20,8147977
1368933214,16,1073144
1368934285,104,2325637
1368934683,14,1354938
1368935451,9,888998
1368937154,79,6171955
1368937852,14,950358
1368937969,19,3088837
1368939125,6,1733442
1368940451,6,3311596
1368942145,34,12236287
1368942248,38,8499703
1368942470,22,9329694
1368943277,26,9317477
1368943349,51,1057300
1368943620,4,700289
1368944066,45,25288439
1368944418,8,1189801
1368945845,11,3210124
1368946889,11,1685008
1368947249,17,5757414
1368947693,18,4221350
1368947758,34,7776760
1368948362,6,1957832
1368948879,12,5436965
1368949773,42,12970497
1368949814,39,38811316
1368949992,25,9289078
1368950058,17,5629964
1368950363,96,63848151
1368951734,20,1159199
1368952388,12,2496955
1368954031,61,26740881
1368954610,14,6532584
1368954683,40,24492853
1368954831,15,5799750
1368955020,54,41043881
1368955864,18,2277266
1368957908,7,923231
1368958767,11,3810837
1368959058,34,18899158
1368960096,4,813818
1368961593,9,2196378
1368962749,5,649068
1368964362,133,11917484
1368966453,12,668402
1368966772,15,2125070
1368968154,6,331989
1368969180,17,782889
1368973151,45,4799353
1368974968,23,1618492
1368975811,5,3223136
1368977867,7,980518
1368980544,17,3652360
1368982946,23,1734669
1368983258,37,1722442
1368983323,45,14187194
1368983834,10,410194
1368986693,21,9457729
1368987138,14,592755
1368987578,17,2068959
1368987839,32,10048644
1368987964,171,14530658
1368988058,13,1204630
1368990570,13,1081666
1368993545,19,1255781
1368994608,27,995963
1368996007,19,7339595
1368996313,12,262352
1368996326,7,985097
1368996600,29,12754335
1368997011,14,4733672
1368997437,13,1434728
1368998959,21,6985018
1368999207,49,3041981
1368999212,15,5004953
1369002527,4,1633132
1369003778,65,4780182
1369005035,8,1071321
1369005451,28,6737601
1369006404,17,3908683
1369006433,87,45219494
1369007371,16,5923429
1369007559,13,1246721
1369009092,54,4919804
1369009972,30,2124844
1369011213,16,5053754
1369011709,13,3496146
1369016263,14,2658606
1369016472,22,6395414
1369016937,17,5287540
1369017887,39,4024255
1369018532,89,5552082
1369019159,33,2312621
1369019328,6,444657
1369019528,14,2656685
1369021538,13,386607
1369022696,38,1615429
1369025398,15,772966
1369025504,19,4761139
1369025720,20,1069465
1369028034,16,357928
1369029048,10,6747996
1369030196,29,2260355
1369031044,20,2301556
1369032059,66,2726959
1369032920,19,3311399
1369033368,7,2088835
1369035109,25,965451
1369035841,33,926355
1369037159,13,6313649
1369038322,12,1117803
1369039670,22,8735904
1369039994,4,481829
1369041220,14,698478
1369042133,9,3525026
1369043931,24,7673046
1369044669,25,5568577
1369044861,11,2635622
1369045220,48,15559977
1369045660,203,86520049
1369045971,26,25502887
1369046623,102,36329580
1369047422,16,2424514
1369048890,42,1751528
1369051713,16,6261021
1369051976,21,9721174
1369052000,43,11875309
1369052109,17,1239294
1369052797,38,14421343
1369053756,15,3832210
1369055098,10,1571498
1369055229,14,2656925
1369055406,26,6139693
1369055807,13,3860049
1369056551,12,613710
1369058561,21,2511026
1369059855,17,10518615
1369060107,14,6729107
1369060852,26,18736088
1369061236,27,1644102
1369061284,11,1613910
1369061606,64,55963508
1369061649,22,19360752
1369061857,28,1253652
1369062549,53,828591
1369062571,19,7993411
1369062870,19,5387065
1369063331,17,4398781
1369063632,3,888784
1369063773,11,693670
1369063815,6,1092568
1369064690,31,13041243
1369065704,10,6438704
1369065789,8,2115131
1369066273,7,1819817
1369066655,19,13726626
1369066793,9,1885379
1369067344,60,5415084
1369067885,26,3325853
1369068828,15,12604509
1369069442,16,6071347
1369069509,6,1121610
1369069649,45,2845646
1369069893,20,4017905
1369070407,28,1965447
1369070768,18,8692534
1369070784,10,639665
1369070922,19,1846322
1369071195,13,1390605
1369071837,35,13254919
1369072069,8,891622
1369072705,16,4302495
1369072796,18,2356791
1369073058,19,13703036
1369073131,11,2857094
1369073197,34,15235819
1369073894,32,12972452
1369073909,18,4699269
1369074655,7,2456746
1369074989,12,10854947
1369075653,17,2224721
1369076488,4,1624834
1369076748,12,1127266
1369076803,53,4111277
1369077144,3,716044
1369077643,28,8604668
1369079318,27,16948961
1369079365,5,585024
1369079589,8,2036158
1369080158,28,7484634
1369082082,13,4062598
1369082585,9,1800633
1369083002,45,2287828
1369084038,14,1913232
1369084070,11,1116767
1369086353,21,1134389
1369087198,63,4576866
1369089660,25,1302635
1369089682,12,1333571
1369090548,8,700250
1369091743,29,1110623
1369093570,17,2143835
1369093654,7,432473
1369094162,12,425811
1369094388,7,3361672
1369094648,17,1733802
1369095027,20,2076633
1369095407,16,4710967
1369096833,12,646951
1369097564,31,6009291
1369099921,15,787398
1369100008,15,17004082
1369100632,20,1455819
1369102799,12,1785020
1369103304,36,1822603
1369103563,585,15364248
1369104777,8,226997
1369106022,7,1135505
1369106673,19,1351476
1369107805,11,698086
1369108949,8,1334422
1369110688,36,5727957
1369111044,8,3139740
1369113882,27,9560604
1369117283,15,793566
1369118410,23,1231844
1369118810,26,8787344
1369118821,33,5926347
1369119326,17,2744457
1369119819,18,4656129
1369120071,11,6715960
1369120615,84,5915370
1369120767,63,30042434
1369122553,11,2336760
1369125380,9,3096431
1369127036,16,6517373
1369127166,42,6183318
1369127316,12,1331906
1369127628,44,18052379
1369128059,9,1959764
1369129611,6,708863
1369129929,34,11352078
1369130686,6,3373048
1369131492,23,5891199
1369131916,42,34779119
1369132021,12,3301668
1369132094,12,4137047
1369134069,13,1168250
1369134287,31,3027248
1369134353,17,2218466
1369134593,9,536610
1369134808,10,2587628
1369135340,19,4870978
1369135811,26,7999889
1369136042,104,18330870
1369136327,30,11444455
1369138045,14,2022531
1369139250,19,7013819
1369142541,7,4852407
1369145060,11,486021
1369145338,12,4387658
1369145459,25,1473904
1369147222,21,10027092
1369147699,20,2711711
1369147864,16,1848378
1369148595,42,1751910
1369151768,19,5628367
1369157258,49,3675548
1369158274,36,4460573
1369162487,20,1106217
1369162697,9,1345950
1369162945,66,13123827
1369169429,49,2716038
1369177965,11,414328
1369179908,14,804907
1369223848,18,8696480
1369238231,7,595633
1369239550,8,552439
1369245859,15,1137165
1369253906,24,1193958
1369255161,18,4788590
1369258470,17,5613307
1369258791,17,2754863
1369263435,7,349355
1369263623,22,1436778
1369264911,25,2244389
1369267377,12,4396465
1369267820,14,668364
1369271220,38,2394447
1369274609,17,31333967
1369276138,23,1178018
1369279183,28,1858019
1369287067,27,1325349
1369287816,10,880704
1369290080,9,5283391
1369290115,14,1788497
1369292259,15,1064933
1369292493,17,2001999
1369293376,10,1987393
1369295242,20,6388404
1369295400,6,2162886
1369300671,11,1154741
1369300884,14,166905
1369303633,12,2355272
1369305606,7,432203
1369306441,33,1764084
1369307892,11,1141779
1369311312,13,1892879
1369313067,22,1885694
1369314048,6,2215353
1369320415,82,10245291
1369320872,10,2814118
1369323326,17,2335835
1369326907,53,3374391
1369327706,17,1292345
1369329845,23,4392379
1369331201,56,5464824
1369331460,7,3040851
1369331691,39,17265346
1369332896,8,1034668
1369334704,14,1515007
1369336124,39,13119235
1369338175,26,7202582
1369339905,11,3508155
1369340293,29,13052198
1369340963,11,870968
1369341259,44,727962
1369341925,75,2422034
1369342529,11,1075871
1369342626,13,457201
1369343049,38,11345072
1369343308,41,17433366
1369346057,17,2762514
1369347737,12,4257334
1369348185,9,2229120
1369353945,54,4640050
1369354047,19,1014940
1369355175,74,47971814
1369355263,30,466324
1369357830,6,527345
1369360739,27,3318844
1369364244,14,7983482
1369367130,18,754960
1369367171,15,1046873
1369369219,5,780947
1369372160,17,4684007
1369372234,30,1787907
1369373509,31,2603650
1369373676,7,909123
1369378919,35,2974092
1369379079,13,1885581
1369382801,16,793147
1369386670,42,2132777
1369387066,11,845778
1369389112,52,13777703
1369389383,13,2494131
1369390171,6,448414
1369393249,9,1389906
1369394062,30,7593943
1369396148,47,5132611
1369397337,7,736935
1369398814,22,3689462
1369399248,19,1271508
1369399617,42,14592283
1369402509,9,1309694
1369403161,46,19595804
1369403973,6,619836
1369405954,54,7302008
1369407482,13,920575
1369410919,13,1648695
1369416584,12,4195777
1369418075,49,3072413
1369418295,13,974649
1369422045,30,3111782
1369423522,20,385372
1369424999,14,931312
1369425921,46,930319
1369426463,20,2155077
1369427788,30,2963683
1369430239,31,2574278
1369430662,18,2762477
1369433465,7,2477549
1369433880,69,591775
1369435305,11,12236180
1369435898,62,15424043
1369436453,6,222072
1369437487,31,2744314
1369437489,30,2679133
1369439875,10,902102
1369442550,4,978258
1369443772,8,2154361
1369444466,20,655508
1369444653,5,1179065
1369445555,23,6531776
1369446316,29,13224850
1369447892,17,1732362
1369448350,21,956803
1369449248,22,11743681
1369449446,16,7913202
1369451377,66,35309606
1369451590,31,10066570
1369452414,46,29178813
1369452620,19,3019662
1369453378,47,32716120
1369454107,12,2535931
1369454721,12,3642766
1369457421,18,2475896
1369457427,42,28975392
1369457498,46,17259683
1369457514,32,14227111
1369457865,21,8512366
1369458344,22,11503313
1369458696,27,10727584
1369458917,17,2483472
1369458994,12,3276214
1369459681,28,12437674
1369460469,30,18217307
1369460633,12,6063755
1369460751,5,1040909
1369461502,127,75522877
1369461596,11,2161318
1369462271,8,3947874
1369462307,29,12693522
1369462857,16,3436536
1369463245,5,1901100
1369463340,11,3740445
1369463733,41,1901696
1369463968,93,34134075
1369464508,25,5505417
1369464626,5,341645
1369466087,24,2378604
1369466712,27,2131239
1369468845,19,5488926
1369469338,10,1554309
1369469844,19,736140
1369471709,22,817138
1369472232,68,7101131
1369472692,21,3929462
1369473467,21,2053046
1369476719,17,983512
1369477805,7,489250
1369478462,40,930838
1369478919,10,946212
1369479307,15,356484
1369481123,7,80544
1369482074,4,357150
1369484978,17,1545791
1369485321,11,4150367
1369487561,30,2177017
1369489806,10,882392
1369490525,29,2646574
1369490982,9,461868
1369491780,14,5039486
1369494026,16,2710853
1369495217,10,2938873
1369497165,4,1512861
1369497572,29,10999820
1369497884,10,2778613
1369498845,193,8445599
1369500523,7,293143
1369500545,13,4639210
1369500547,29,2970184
1369502877,15,988264
1369504049,8,1404323
1369504272,14,6766086
1369505301,4,830025
1369506484,10,887412
1369506603,22,1110894
1369506769,12,377939
1369506835,23,14255585
1369507384,28,20681959
1369507559,11,2391059
1369508640,25,2578467
1369508686,12,3118848
1369509135,24,2268756
1369509383,19,1206821
1369510473,25,1589005
1369510802,34,20791185
1369510878,31,10977596
1369510964,11,4729258
1369511623,12,3894931
1369511685,10,479901
1369512303,21,430324
1369512650,19,8398620
1369513098,12,127474
1369513129,4,685524
1369515787,21,3368878
1369516065,22,1204853
1369516324,13,1049035
1369517215,13,3494422
1369517576,189,10664852
1369517760,11,5629290
1369518209,9,2676484
1369518643,84,8127265
1369519367,10,2904883
1369520480,9,1545680
1369520658,55,26770468
1369520736,42,19941192
1369521235,27,4333353
1369521471,14,4374448
1369521633,19,10467803
1369521839,31,2094007
1369522120,31,9211889
1369523727,7,1701506
1369523783,34,3009411
1369524672,4,3031404
1369525027,3,1046619
1369525245,7,1712019
1369527658,33,11213567
1369529420,12,410919
1369530051,12,2422551
1369531956,45,4751365
1369532494,31,5962303
1369532889,14,1263383
1369533319,18,1657104
1369534509,10,2362012
1369537007,62,3715434
1369537611,19,1492145
1369537893,8,835648
1369538083,8,1272533
1369539145,8,521123
1369540539,7,292626
1369540575,14,703190
1369540987,14,927901
1369541223,22,1521943
1369541947,18,927345
1369542546,14,1534852
1369547650,13,1250107
1369549011,7,461175
1369549179,10,598156
1369552783,9,2834283
1369554579,20,5755224
1369555516,54,17556405
1369555641,61,12485263
1369555854,21,2318847
1369556300,23,6094392
1369560383,12,64983779
1369562453,55,1136771
1369562457,6,896765
1369563509,9,761627
1369564500,15,799295
1369564980,8,203876
1369566109,67,9113886
1369566729,29,10392621
1369566862,25,13730351
1369567367,89,8024510
1369569391,4,1350968
1369569458,36,8220881
1369570052,13,7077372
1369570834,14,966024
1369571010,20,7266635
1369571113,55,11628047
1369571607,21,6349900
1369572441,18,6353991
1369573197,34,13798878
1369574198,22,2799657
1369574609,6,4784438
1369574835,5,1367494
1369575035,68,23442194
1369575139,18,8715026
1369576301,29,12101107
1369576373,22,841397
1369577004,14,4087402
1369577152,24,1828809
1369578555,29,10633745
1369579878,18,12435110
1369580698,18,5604681
1369581239,22,6690084
1369581859,12,10367339
1369582149,6,1803212
1369583039,15,6417382
1369583487,12,670000
1369583941,11,1640821
1369584308,25,10653318
1369584429,13,3081025
1369584616,49,28607339
1369585614,8,5670542
1369585756,7,9213690
1369586372,16,836298
1369586677,13,8725096
1369586850,12,1108632
1369586859,8,1026230
1369587134,18,7402365
1369587385,16,4192113
1369588133,18,2585054
1369588400,27,1493035
1369588649,14,2076237
1369588695,377,18008898
1369589178,69,23330413
1369590398,7,994278
1369590469,3,1985556
1369592287,37,11842044
1369592544,54,52187226
1369593331,165,18729261
1369593677,29,1468486
1369594504,17,18003621
1369594514,19,9129844
1369594693,16,5864178
1369594999,15,1344938
1369595886,45,1972530
1369597145,9,4981293
1369598020,33,7443513
1369598221,10,1143878
1369598464,14,2427594
1369600770,6,666410
1369602022,8,4225420
1369602336,9,467041
1369602425,22,2094087
1369603605,29,599727
1369604745,62,8875180
1369605136,10,871316
1369605453,29,1870540
1369607070,13,4800294
1369607106,24,1468508
1369608928,12,4260252
1369610135,8,517843
1369610642,9,1098737
1369611721,10,973463
1369612375,45,2139951
1369614473,21,8736904
1369616073,46,18111820
1369616185,11,1494177
1369616512,29,1535948
1369616586,10,1152998
1369618271,13,1313360
1369619059,16,6416662
1369620173,15,1273132
1369620444,26,8452531
1369621027,19,6560401
1369621281,19,6016455
1369622038,20,774991
1369622071,23,1458914
1369622381,54,6505255
1369623629,17,741157
1369623898,5,958942
1369624136,91,34347547
1369625585,22,6043918
1369629215,16,5634576
1369629777,20,11599167
1369630189,14,9296197
1369631071,41,15549865
1369631257,15,6875344
1369631404,3,1034439
1369633040,15,3649811
1369633096,7,811291
1369633858,29,1210441
1369634216,19,11523019
1369634303,5,1297795
1369635939,7,2059703
1369636755,17,6469453
1369636923,16,6358257
1369636997,3,288398
1369638247,13,3767410
1369639299,25,1324464
1369641486,18,653371
1369647857,12,1708849
1369649188,11,580981
1369662085,6,255439
1369714455,5,449364
1369723423,18,3891807
1369735500,3,145950
1369746702,26,2603959
1369758378,24,11580054
1369762503,18,5980024
1369770721,37,4111109
1369773297,14,5827730
1369773624,7,1370073
1369783594,19,1953513
1369795062,12,152102
1369795635,6,1197804
1369799316,67,26778713
1369801180,38,3076422
1369801673,8,699286
1369802118,19,8616216
1369803820,5,1021859
1369807562,17,10030966
1369808044,25,8903982
1369808121,14,2625250
1369812057,13,4265093
1369812751,15,662116
1369814887,8,2969562
1369824680,21,1043460
1369835765,63,17857050
1369837417,62,16689796
1369837446,111,59325801
1369837805,70,18829914
1369839498,33,10885349
1369842322,8,554223
1369849476,102,27544523
1369850049,7,1639285
1369851849,18,10697172
1369855181,46,1279473
1369857592,28,8535291
1369859032,22,8924599
1369862408,26,1073210
1369871576,85,8895175
1369872471,33,563951
1369873389,36,1832412
1369873499,15,841908
1369880863,15,534190
1369882618,13,939679
1369884015,5,579801
1369885697,14,956236
1369886659,39,4175739
1369894377,9,3224638
1369896790,66,4307820
1369897713,18,3564170
1369900023,6,60504
1369901879,37,18693235
1369903664,22,14762290
1369903723,5,266046
1369904991,19,1325511
1369905346,18,1769299
1369905357,7,547038
1369906079,17,5333419
1369906137,8,849609
1369908411,32,2769004
1369908418,37,9213944
1369910720,171,26851718
1369911208,174,113545913
1369912330,15,1157312
1369914379,9,2276016
1369915080,10,3146562
1369915998,9,5461435
1369916591,86,6036115
1369916675,16,2507379
1369917679,22,8741909
1369917701,31,24482498
1369918342,44,3653304
1369919599,6,365341
1369919798,6,4201195
1369920424,69,33932406
1369920480,24,8573604
1369921002,14,3885041
1369922892,9,2344332
1369923154,20,6342677
1369925644,53,7668932
1369926488,11,612124
1369929018,10,425775
1369935295,15,855796
1369935473,21,12311312
1369936247,15,826634
1369941849,21,1913763
1369945632,31,455362
1369946235,12,529733
1369948503,15,3238350
1369949889,6,963465
1369951753,40,5998565
1369952543,11,376798
1369954274,5,586170
1369955732,22,1016400
1369960690,5,276213
1369963047,27,2822228
1369964857,57,26823466
1369966243,16,3659178
1369966349,4,4172580
1369968605,19,5582407
1369973630,27,2887345
1369973742,20,5179789
1369973922,11,948863
1369974420,7,515584
1369974855,7,2199371
1369977518,11,3376143
1369978942,23,26490684
1369979320,21,10914236
1369979400,54,21154043
1369979546,4,1985797
1369981261,16,2478784
1369982790,14,8114290
1369983697,7,1181584
1369984815,9,448182
1369985136,10,862575
1369985261,7,3372324
1369985308,35,21490070
1369985487,35,12321980
1369986968,52,21697854
1369987794,35,5799084
1369988465,13,4108128
1369988891,218,130502976
1369989175,17,4389413
1369989578,7,2107255
1369989619,18,11601978
1369990474,11,7610133
1369992134,5,1337181
1369992385,3,1437720
1369993216,18,13192492
1369993769,5,1725260
1369995002,26,7910847
1369995102,12,2800960
1369995171,11,5488848
1369995218,10,1800003
1369995278,5,2061388
1369995689,11,581950
1369995907,11,5170220
1369996857,17,8377623
1369998090,11,1211949
1369999161,8,439761
1369999807,25,4482396
1369999952,4,2096180
1370002001,6,669076
1370002101,14,3736403
1370002532,17,1102928
1370002720,4,1165348
1370003091,22,1448128
1370003409,3,2006785
1370003904,9,1215254
1370004889,12,1384422
1370007913,22,9267510
1370011128,43,10355098
1370012037,12,3874376
1370013073,12,4083505
1370014628,42,3367620
1370015143,14,6122427
1370018483,23,1622057
1370024377,15,5111022
1370025047,95,7444491
1370025165,14,3114789
1370033212,9,766466
1370034122,6,829196
1370037612,35,3558153
1370039141,19,2070071
1370046900,41,3455634
1370047525,18,8688885
1370048513,30,2243068
1370048723,18,2089958
1370049552,30,2494937
1370049833,8,1878929
1370050365,16,2035292
1370054045,7,618604
1370054601,23,653827
1370055802,23,9673656
1370056025,10,2003826
1370056283,18,3933317
1370056536,20,7136639
1370057508,33,37074701
1370059724,7,786800
1370059769,33,21282887
1370060745,27,10629778
1370061022,11,2053199
1370061452,37,11633533
1370062051,26,32556324
1370062578,18,1930687
1370062688,50,2995874
1370062897,10,1046441
1370062947,17,8018816
1370063763,18,1014089
1370064127,5,3487300
1370064729,11,1315975
1370064946,19,4359709
1370065911,24,8641226
1370066281,9,2470300
1370068032,12,2761376
1370068665,35,14114646
1370069311,9,3193669
1370069438,7,999579
1370069820,12,2753081
1370070366,4,1345144
1370070775,83,30369488
1370070923,12,1462261
1370071093,31,17184763
1370071208,29,1781342
1370071212,12,327111
1370071856,13,957705
1370072288,18,879016
1370073783,4,1573900
1370074650,14,2399920
1370074790,5,1440876
1370074932,9,2537526
1370075170,13,3491375
1370075220,17,779805
1370075973,6,3873159
1370076761,16,8414202
1370078075,6,300948
1370079684,14,556997
1370080076,20,3106490
1370080651,10,3010531
1370083080,11,1161078
1370083481,22,1356508
1370083987,9,1153495
1370085342,61,7287412
1370086228,9,2922504
1370089036,5,584793
1370089460,119,11777415
1370091838,28,3722083
1370095970,16,1225151
1370096842,11,390995
1370096857,19,2890721
1370097254,22,1465183
1370097990,28,1187186
1370099145,24,5542004
1370101181,24,4703887
1370101689,4,2742509
1370105118,14,2641977
1370105278,31,11772889
1370107126,12,1797221
1370107693,96,35777946
1370110265,21,4445961
1370111167,12,1442371
1370111435,9,868147
1370112487,15,1203941
1370112622,93,42125465
1370115115,32,3355572
1370116317,57,16246022
1370117358,7,1097726
1370118198,7,3301312
1370120546,14,3502306
1370120801,5,1170504
1370120917,14,4765094
1370121276,14,902948
1370122042,13,2287465
1370122995,9,1868421
1370124028,90,53526422
1370124100,22,5355837
1370126158,28,4442062
1370126680,8,442749
1370126688,20,9630044
1370128229,71,21632888
1370128565,24,9779267
1370129343,17,4616755
1370129628,21,2726678
1370129661,11,1893154
1370130083,20,1466723
1370130991,11,10464053
1370132743,34,6339128
1370132840,8,383480
1370133955,9,3889184
1370135833,28,11004427
1370136922,8,2533148
1370137469,12,6429447
1370139007,16,3629103
1370139231,16,3404429
1370142370,23,2847477
1370142867,21,1435220
1370144373,14,4325010
1370145846,52,5987575
1370161861,5,839387
1370232724,21,2098065
1370234466,36,4253064
1370239110,10,826477
1370253209,22,1723370
1370264053,7,664881
1370283073,27,2171592
1370284647,17,12802403
1370287726,5,432814
1370293201,17,6393163
1370296172,16,6190959
1370304489,6,291543
1370304928,12,796803
1370318180,13,840637
1370319965,30,10739840
1370320781,15,332898
1370320882,137,37912313
1370321582,12,597951
1370325978,15,3612503
1370327307,38,9502941
1370328768,14,4323693
1370329942,15,3776828
1370332723,15,4467987
1370336287,31,13597242
1370337349,27,11803891
1370338871,6,3568383
1370340811,9,2567915
1370340871,18,9289814
1370341713,14,3855538
1370343929,17,10351294
1370345318,32,12569351
1370352188,21,1150545
1370352776,11,1037650
1370354994,12,3024639
1370361573,16,977070
1370361788,13,3220034
1370364161,38,1010836
1370364366,42,5663144
1370365747,11,646589
1370366570,27,1237457
1370367965,12,1900801
1370369294,17,1046034
1370369917,19,4607891
1370372600,16,3335825
1370374650,8,1673774
1370375001,7,1280789
1370378960,17,4796911
1370379521,60,5810928
1370380666,60,18855450
1370380850,7,518701
1370384210,29,3601432
1370387826,9,448348
1370387933,48,14884974
1370389123,19,9768711
1370392445,30,14407025
1370395487,53,4699908
1370404066,7,685649
1370404118,14,738841
1370404580,84,2243894
1370406625,91,6078888
1370406635,10,385156
1370412083,50,2998143
1370415670,7,3836902
1370415939,18,3692258
1370418033,21,1660722
1370418770,101,37524276
1370418772,15,4743266
1370423505,6,670547
1370423709,123,52394361
1370428687,13,1521144
1370431049,6,1291852
1370432139,29,9366126
1370434806,5,449534
1370434847,14,1702993
1370435172,125,46006210
1370435666,18,10746595
1370438343,21,691447
1370439187,16,1281605
1370439546,36,1153231
1370440221,21,1289097
1370441336,277,103300299
1370441478,16,578848
1370444109,136,72834667
1370445804,14,2804832
1370446339,20,2403540
1370447306,15,1332377
1370447734,12,4461270
1370448593,30,2631792
1370449356,10,1053630
1370449631,9,212169
1370450397,10,4029762
1370451123,96,7006338
1370453494,3,2306816
1370454648,10,3766156
1370454767,23,1247052
1370456618,16,3775507
1370457070,11,374396
1370457959,12,2997703
1370462757,8,1372954
1370465097,38,2110686
1370469466,11,3531526
1370470360,9,2118341
1370475147,14,933382
1370480264,7,205016
1370483741,3,1398682
1370484675,25,2729991
1370485391,39,21479376
1370486205,16,1022797
1370486650,26,1637579
1370491627,131,83186916
1370492301,10,2944367
1370493527,20,6307798
1370494085,24,5037023
1370494782,28,12966614
1370497773,13,985566
1370499340,7,2623206
1370499680,54,4796691
1370500020,10,3935388
1370500306,15,5971325
1370500869,13,1233273
1370501024,19,6870064
1370502521,28,15570569
1370503150,10,9929965
1370504094,68,39841973
1370504128,20,7133367
1370505665,42,21796687
1370505958,21,5385718
1370507881,17,6208959
1370508797,12,4269810
1370509015,31,1189747
1370509322,14,6078502
1370511179,34,15076735
1370513360,8,797990
1370514325,20,1476701
1370514654,6,1980019
1370515413,18,6261275
1370515521,19,6220006
1370515902,14,4681852
1370516118,14,1580378
1370516620,12,4732853
1370517010,29,19270694
1370517200,13,5769696
1370518824,15,7002667
1370518866,13,3012200
1370519169,12,5104147
1370519412,15,916228
1370520659,17,5136778
1370521442,20,9646662
1370521737,27,15980560
1370522324,10,3874653
1370525995,23,1418150
1370526077,3,154657
1370526576,44,30646105
1370527283,64,36671627
1370529538,15,1679886
1370530584,237,19242252
1370530951,19,1392390
1370531700,23,1476824
1370532514,10,1740017
1370535931,108,10380786
1370536102,47,4935023
1370536345,68,1711341
1370537046,6,309215
1370538487,13,1011797
1370538527,7,457398
1370541107,17,2492991
1370541175,17,1330438
1370544311,11,430917
1370546646,37,5713195
1370551792,65,6907472
1370557035,27,1604357
1370558727,12,815203
1370559074,22,581503
1370559657,5,530759
1370563048,32,2675191
1370563198,50,5619903
1370564865,14,1940665
1370566049,59,3215154
1370566717,30,4638996
1370566905,26,960787
1370568516,24,2511573
1370569996,17,2022839
1370571383,10,1033544
1370571944,34,3263507
1370572140,9,676736
1370572584,6,107380
1370575591,15,899548
1370575795,52,12261313
1370575947,10,13384707
1370576697,16,4633137
1370577210,14,7399922
1370577608,20,4834468
1370578122,15,3957728
1370578861,21,16059941
1370579113,15,9788531
1370580325,13,3340512
1370580980,13,6761699
1370581466,21,6815060
1370581787,6,2043728
1370583493,21,2706438
1370584221,3,1200178
1370584589,18,1821908
1370584906,14,8057643
1370585004,11,1089578
1370585241,10,763566
1370585951,10,592451
1370586218,5,1120435
1370586854,10,2689130
1370586897,4,2510118
1370587997,38,19637586
1370588669,16,4222453
1370588689,14,1096397
1370589149,19,6998961
1370589689,13,7729576
1370590290,17,15794514
1370590684,26,1458416
1370590785,28,3512475
1370590971,23,15166075
1370591029,36,33710941
1370591141,8,2719859
1370591305,7,814307
1370591351,11,2642363
1370591471,21,7567487
1370591622,16,1445988
1370591701,52,34741066
1370592327,24,1536060
1370593022,28,8112314
1370594257,25,3448905
1370595117,22,12823218
1370595683,4,512552
1370596102,7,249062
1370596644,21,11011104
1370596750,18,1798142
1370596797,26,3314518
1370596927,43,21074988
1370597262,14,4767219
1370597419,24,16918555
1370598358,13,1150078
1370599006,14,1364155
1370599437,20,4795719
1370599782,6,459591
1370600531,14,5182558
1370601211,238,25536624
1370602011,103,23243902
1370602891,15,2397946
1370602926,30,23805163
1370603358,19,1258563
1370603595,14,1335018
1370604643,20,2652064
1370605556,3,766905
1370605714,20,1777122
1370607087,9,513207
1370607270,22,989254
1370607554,25,14603331
1370608170,64,5233868
1370609227,12,746637
1370609940,11,499862
1370609951,15,694613
1370610409,11,2594279
1370611177,10,1451481
1370612087,8,648600
1370616623,6,746345
1370616753,8,423532
1370621838,5,662441
1370623208,28,3731521
1370623964,41,2816808
1370625186,18,3233557
1370629932,19,1556961
1370630767,11,700310
1370633071,4,124793
1370634106,7,2121593
1370634416,16,2287734
1370634590,83,5641553
1370635038,12,1112046
1370635618,53,4151496
1370635620,11,742685
1370636497,5,935903
1370638266,14,1781016
1370641983,15,5285151
1370644189,11,3593473
1370644847,21,2773177
1370646349,59,5590366
1370646461,23,2040191
1370649578,9,1325157
1370649758,7,2529736
1370652648,12,1676001
1370652903,14,2258523
1370653093,32,10029229
1370653146,7,438802
1370653924,17,9301730
1370654877,14,3196163
1370656031,8,1164566
1370656385,14,4399343
1370656926,17,5901059
1370657714,5,2108013
1370657982,9,1352497
1370658226,46,22605065
1370658985,24,5124276
1370659561,33,6888201
1370659847,31,20950778
1370661764,11,1313542
1370663051,46,5099402
1370663252,15,1002694
1370663697,11,994257
1370663990,28,9482666
1370664745,19,2686096
1370666997,22,3624351
1370667512,13,3580990
1370667581,19,4121259
1370667911,13,1849110
1370668007,4,200701
1370670091,32,3294827
1370671457,13,6216008
1370672353,6,547664
1370675580,10,610512
1370677126,27,2531969
1370677338,5,4692448
1370679134,22,1872644
1370680531,19,1921493
1370700876,7,1665989
1370705458,14,1333546
1370730076,9,992593
1370738632,21,1874466
1370755843,4,107440
1370758893,17,4219643
1370771227,18,1591874
1370781545,16,1054132
1370789746,10,770999
1370799003,5,182841
1370802550,21,2794402
1370803697,10,271346
1370803737,8,246570
1370807242,19,1056397
1370809197,32,2688521
1370810068,10,851787
1370811719,14,3751779
1370812746,8,367737
1370814691,42,1835266
1370816378,28,1684910
1370817717,14,938367
1370819725,19,1578077
1370824555,45,2608754
1370831143,18,1337072
1370834965,20,6447586
1370835445,14,2314967
1370845947,20,6636832
1370846943,8,2899286
1370849960,15,3776911
1370854843,17,4829687
1370857015,14,1100371
1370858433,39,16634494
1370858903,13,6488021
1370860818,21,11350033
1370861076,15,4296553
1370865491,12,2476012
1370871606,30,2005409
1370879509,8,903479
1370879924,24,5312395
1370881922,34,13522961
1370882566,8,482817
1370884936,17,6837605
1370886203,122,41153629
1370887214,22,4077847
1370890344,16,4066897
1370895132,7,2041984
1370896522,23,5096542
1370897327,13,1710226
1370897594,28,10135620
1370898462,10,3020618
1370899380,26,1064018
1370900450,8,1603703
1370908280,14,7387517
1370908842,48,2397980
1370914009,17,1280396
1370917199,42,2714741
1370918987,17,968277
1370920894,15,2624017
1370921788,29,1262956
1370925808,10,521073
1370928551,28,5891985
1370930092,8,820300
1370933271,8,905022
1370934110,22,1807091
1370934592,232,81629967
1370935148,18,5893308
1370936180,9,1790004
1370939047,16,7869781
1370943135,9,220192
1370946299,4,386577
1370946429,18,2306083
1370947081,25,6467920
1370948210,55,29899666
1370948798,42,24904261
1370949626,5,239801
1370952287,26,5943995
1370952934,22,4209981
1370955294,17,1891323
1370956120,3,1294274
1370957040,9,3091717
1370957191,17,8810323
1370957779,23,8276688
1370959034,20,9199941
1370959943,27,3279539
1370961788,114,10868991
1370962591,47,3056244
1370963403,13,4190269
1370963743,5,466118
1370964364,10,889728
1370965372,21,1339721
1370965775,8,2033171
1370966521,12,1198898
1370967492,8,640166
1370968413,5,294089
1370969502,12,5485381
1370971562,15,697964
1370971791,43,993740
1370972454,10,544439
1370974693,30,2668336
1370974961,40,2154300
1370975358,7,5907124
1370975492,38,1849223
1370975624,44,6496223
1370975847,4,607620
1370989152,5,293028
1370989369,15,16844951
1370990964,19,10092064
1370991310,45,25606384
1370991440,24,1103450
1370992489,3,1363374
1370995626,15,531158
1370996906,22,1588382
1370999188,24,10822345
1370999514,13,6627855
1371000902,19,3658981
1371001021,8,4712716
1371001220,12,3470557
1371001342,10,348868
1371005136,11,781043
1371006664,13,7027938
1371007090,43,12877772
1371007783,32,2587559
1371008208,15,5020741
1371008928,6,1756523
1371009627,13,1043886
1371011035,179,85127913
1371012891,25,8810861
1371013062,15,5376998
1371013750,55,19949390
1371016575,27,12464983
1371016809,6,2974654
1371017580,10,4592067
1371017602,21,1661537
1371018739,11,1639996
1371018802,23,1682262
1371019016,12,1036072
1371019157,17,4805405
1371020966,12,6355930
1371021420,9,2116076
1371021542,28,8334606
1371022059,27,2619531
1371022541,20,4134140
1371024603,11,1374105
1371025507,11,3972698
1371026670,20,10179032
1371029106,11,2717743
1371029226,8,296316
1371029285,8,3209423
1371029587,7,702363
1371029685,20,2389415
1371030419,17,2656813
1371031641,19,1860521
1371032270,119,10139263
1371033066,12,1632575
1371033690,16,1849647
1371035205,11,1542340
1371035789,23,7609394
1371038678,11,2137479
1371044851,6,325194
1371045530,19,8423913
1371046749,8,672680
1371048954,38,1647990
1371049382,34,1784334
1371050744,14,1592900
1371051801,5,462432
1371053457,113,8183381
1371053590,19,1104633
1371058014,13,1871338
1371059332,13,582318
1371061009,9,442705
1371061074,21,4515289
1371061476,11,1753410
1371062340,18,718059
1371064148,19,2921917
1371064775,12,1108184
1371064818,23,3482376
1371066819,170,28190273
1371067057,44,6742188
1371067984,6,173536
1371068585,46,22123863
1371069041,10,1017117
1371070936,74,5653566
1371071314,33,8536311
1371071336,21,781499
1371071630,20,1945751
1371073608,29,17049760
1371073711,36,6471215
1371074387,9,1494414
1371076401,45,4031793
1371078032,14,1276971
1371080094,28,14539610
1371080637,13,4602801
1371081219,84,50291599
1371081995,28,1723494
1371082071,8,2140432
1371082146,37,20115074
1371082721,142,11716731
1371083183,18,1620608
1371083810,39,17374086
1371084062,17,7476350
1371084543,12,6187337
1371085144,79,6574535
1371085153,14,720055
1371085664,11,2057888
1371085938,13,5519685
1371086074,5,2041799
1371087694,14,6909138
1371088354,31,7079548
1371088777,12,1564840
1371088978,22,12252457
1371089116,76,32492317
1371089310,18,1369627
1371089591,16,9206361
1371089898,6,3196658
1371090002,4,823456
1371090177,9,1894318
1371090797,24,8865377
1371092674,4,201642
1371093065,25,8345705
1371093453,3,159373
1371094070,42,4238457
1371094159,5,153509
1371094777,14,1625351
1371094805,16,1625787
1371095222,15,1989363
1371095599,23,5871856
1371095751,7,1103818
1371096081,51,11007067
1371096723,11,2870853
1371097185,22,13714417
1371097403,45,14668901
1371097807,29,4544463
1371098056,38,21879326
1371098646,19,4110651
1371098965,9,966734
1371099318,26,9167893
1371099409,5,1434778
1371099563,149,13339559
1371100114,37,1983417
1371100153,9,1177002
1371102578,31,2256770
1371105937,79,56534919
1371109555,17,8075270
1371110713,8,4448105
1371110948,30,11827198
1371111046,7,391185
1371111082,5,509978
1371111219,12,1266840
1371112451,33,2469156
1371115088,9,3031748
1371115490,4,473490
1371115879,13,833081
1371118702,4,1099306
1371120236,39,835181
1371120357,4,198214
1371121803,21,2081497
1371122851,35,3260442
1371129153,12,1111843
1371129415,12,715434
1371129655,57,5653254
1371129788,12,515845
1371130581,43,9228699
1371131039,16,1922699
1371133339,32,2657938
1371136709,22,308548
1371136928,15,6521682
1371138260,9,430255
1371139793,13,1283557
1371141381,51,16831256
1371141528,46,17065634
1371141876,44,19020304
1371142209,84,20018652
1371142258,15,2042626
1371142340,13,1289367
1371142647,10,244557
1371142725,24,6994053
1371144818,19,3529970
1371145571,19,2070080
1371146281,19,9613778
1371146871,25,6359293
1371148260,66,12893916
1371149843,14,4363910
1371150244,8,2384981
1371150409,12,1304120
1371150598,20,1423260
1371151126,93,46323359
1371151289,5,2399437
1371152458,20,6650910
1371154004,9,2824252
1371154215,31,11128326
1371155039,10,1315230
1371155181,13,598099
1371157025,13,1495012
1371157631,8,765973
1371158151,74,34844848
1371158182,8,1155247
1371158663,12,3568736
1371158772,6,1450290
1371160077,13,2156338
1371160464,13,7105101
1371160484,31,2460915
1371160991,12,1977925
1371163291,4,689292
1371165459,18,1097128
1371166670,10,312409
1371168429,31,3603745
1371168488,17,2025702
1371169485,19,5221639
1371173084,15,1392188
1371175056,7,2303668
1371180818,7,724641
1371185969,8,572877
1371187018,48,3726805
1371207865,12,1630643
1371220643,16,3941456
1371236515,8,422164
1371238182,19,1763703
1371250455,16,1617311
1371251863,14,1793883
1371252753,15,772046
1371252909,7,767094
1371261261,12,627061
1371261824,15,552685
1371263559,11,686741
1371264291,17,812940
1371275990,9,1159436
1371278376,11,562036
1371280593,21,7104169
1371283827,12,1732177
1371285683,14,832029
1371290784,24,1547645
1371294222,7,406686
1371295628,9,1157576
1371301508,39,4259461
1371303671,4,675532
1371309522,13,11408356
1371324441,11,580443
1371326089,26,10152437
1371326609,18,4133714
1371326932,14,7024298
1371334380,12,709793
1371334818,4,81717
1371336734,3,1257597
1371337805,32,14157554
1371343390,21,995148
1371344307,45,3714881
1371349470,8,425774
1371351802,20,3048972
1371352013,41,3889191
1371353659,9,313962
1371359820,20,5765139
1371360973,184,62442506
1371362133,19,4956040
1371363217,41,13287363
1371364011,4,1012531
1371365788,34,1892736
1371365792,17,994134
1371366079,5,472910
1371366352,48,21735668
1371367310,16,22096254
1371368944,4,589664
1371369156,11,720457
1371372756,29,8768322
1371372946,22,3905625
1371378148,12,2083809
1371378468,20,5382496
1371380517,17,1068575
1371382478,21,3726562
1371382688,8,1576832
1371383927,42,3316566
1371389808,48,3715419
1371390948,12,1394908
1371397128,13,1347311
1371404125,20,1986906
1371407741,27,1952963
1371408751,72,5301037
1371411110,23,2299465
1371412139,7,1186820
1371414245,96,42213712
1371414376,7,2276206
1371414534,35,919387
1371415950,12,410974
1371416523,3,1319338
1371416939,23,3986622
1371418585,154,59587048
1371419128,24,16741916
1371419947,17,1338259
1371421445,65,26316316
1371421788,8,1002278
1371422521,25,7415537
1371425036,13,4457250
1371425554,35,15048924
1371426919,6,2127882
1371427040,10,526132
1371428512,17,5090857
1371430287,12,3423640
1371435380,5,3218437
1371437022,22,8473726
1371438623,10,7155429
1371441110,9,1492072
1371441677,13,4232932
1371444042,44,2704629
1371447268,18,5368632
1371447523,31,2667674
1371448441,12,516828
1371448721,11,4315621
1371449143,14,1057117
1371453102,36,3247128
1371456040,11,2444540
1371457570,50,2852468
1371461520,13,619625
1371463730,5,558256
1371463872,47,2986021
1371464722,41,13755893
1371465047,22,1175208
1371466513,16,1352729
1371466715,28,2633389
1371467454,5,2550082
1371468661,10,575602
1371469928,59,27507027
1371470127,40,13695009
1371474228,18,744009
1371474433,11,8740656
1371475538,26,9140045
1371477887,18,8069834
1371479101,4,1558532
1371480092,13,6843662
1371481241,12,600439
1371481308,17,6300696
1371481805,77,6784858
1371481967,26,13843875
1371482194,13,3718361
1371483559,10,797268
1371484529,24,2368817
1371485054,5,738351
1371485272,10,6125636
1371486111,9,1483355
1371486961,12,6152330
1371487201,5,642779
1371487344,9,405812
1371487376,10,3161625
1371488531,7,5776102
1371488741,40,2574496
1371489328,7,594697
1371489343,7,1160998
1371489459,8,3654196
1371489550,17,4054878
1371489957,15,1791688
1371490128,26,12519090
1371490211,38,26576785
1371490913,24,13012508
1371491653,24,16224393
1371491949,23,1854288
1371492747,11,4371266
1371492946,31,11921383
1371493888,13,4318887
1371494309,12,3328677
1371494825,8,1436473
1371496892,25,17327957
1371498386,7,1142392
1371499296,12,2943975
1371499358,64,6577704
1371499698,7,3838410
1371500004,14,6697713
1371501047,12,959171
1371501587,107,4551748
1371504391,13,626319
1371504532,11,4317535
1371507008,8,1179020
1371507120,20,6204322
1371517953,12,1428520
1371518751,12,799538
1371521841,11,3666409
1371523359,25,1277299
1371524698,6,2617730
1371525712,9,1039907
1371530938,13,3271944
1371532136,8,2569843
1371532289,269,5054539
1371532995,20,1845565
1371533601,32,2258101
1371535142,9,1352312
1371535933,25,5057872
1371537263,25,7534247
1371537304,25,1297604
1371539424,22,1195525
1371542153,15,2030462
1371544587,7,1261651
1371547283,13,7276464
1371547714,29,2592237
1371548155,19,5266342
1371548950,22,2750815
1371549575,34,4425647
1371549932,10,3102121
1371550362,8,516401
1371550719,18,461342
1371552406,13,1438226
1371552673,6,326134
1371553528,23,7517604
1371553535,8,2286141
1371554295,36,21410344
1371554486,13,1151654
1371554833,31,23223985
1371554982,14,1348888
1371555041,20,9719533
1371555445,8,3088129
1371556350,29,17080291
1371557246,23,7622660
1371557373,36,23101735
1371557405,6,683006
1371557725,21,2672730
1371558627,9,2811339
1371558723,27,11984066
1371558866,65,35329802
1371559687,32,5883816
1371560265,5,1101496
1371562166,41,17337465
1371562351,6,2044824
1371562855,24,6030170
1371563513,24,3141401
1371563707,24,4899229
1371564327,4,3195902
1371564408,14,4992463
1371564688,35,19006073
1371565414,10,315279
1371565551,24,5506799
1371566369,31,4559596
1371566789,13,7843968
1371566920,11,1259535
1371568285,13,743610
1371568874,13,1195445
1371569215,7,543936
1371569515,20,7866527
1371570254,25,10660633
1371570414,10,5449915
1371570644,24,6653640
1371573538,13,5239487
1371573988,85,8754345
1371574890,6,484054
1371575238,11,1324730
1371575697,19,2527045
1371575816,20,3640577
1371576049,66,9975316
1371578344,46,3412261
1371581176,3,166986
1371583150,21,1331791
1371584470,14,958076
1371585077,8,413410
1371585627,32,2028951
1371585841,6,622208
1371587619,4,135992
1371588447,16,1073186
1371588643,44,2731558
1371588696,13,275450
1371588862,35,2625401
1371589016,7,628006
1371589604,12,1498122
1371589938,9,480030
1371594306,57,4890356
1371594987,14,6372329
1371597348,7,886863
1371597561,5,406742
1371597701,195,87536150
1371597999,11,5117079
1371598319,7,3724702
1371599766,15,1732535
1371603658,16,5253726
1371608180,21,2000880
1371608654,42,15476902
1371608909,5,1646139
1371609314,15,2284912
1371609894,19,559063
1371611387,5,413883
1371611400,5,1415780
1371611587,17,4924487
1371614413,9,3283995
1371615880,4,1690885
1371617567,3,485205
1371617956,15,4988421
1371618291,30,1798298
1371618714,3,518112
1371618723,30,11011490
1371618794,15,7158262
1371621020,7,551759
1371621439,20,15305485
1371622984,5,2106817
1371623137,11,3851065
1371623553,28,8454712
1371625447,81,37228374
1371626402,4,198199
1371627419,7,3096015
1371628672,53,4994490
1371629152,7,1568529
1371629177,6,264257
1371632749,3,718822
1371658970,16,597310
1371662569,4,486924
1371664147,5,953248
1371664221,15,2679383
1371666325,11,1204057
1371666426,3,346031
1371671197,15,3146759
1371685241,12,1053344
1371686327,6,280667
1371690990,13,1174498
1371694490,9,825761
1371707687,33,2768109
1371708432,8,879064
1371714362,11,942941
1371715522,28,2990755
1371716841,23,2028860
1371733223,9,547770
1371750362,11,3490921
1371750946,3,115728
1371755363,8,268064
1371755462,8,1970278
1371755556,18,1187590
1371761269,11,3140678
1371763603,27,1693455
1371763824,33,10151691
1371767202,35,22792033
1371772154,13,932290
1371772849,8,899569
1371774806,8,1323673
1371775237,64,5361161
1371784378,36,3169608
1371786204,14,2026448
1371787787,32,3823390
1371795212,19,5974232
1371801221,19,5834177
1371802108,13,2029027
1371803285,16,4368296
1371803313,17,4729273
1371805827,11,1050860
1371807014,20,6872707
1371810502,11,832455
1371815398,13,2361325
1371821041,60,9750439
1371825903,3,640530
1371827112,7,514027
1371829983,168,55440048
1371830349,31,1349205
1371832313,16,2137973
1371834440,27,2622642
1371834442,24,2272661
1371834697,107,5437731
1371839729,47,13752189
1371845522,22,1300891
1371847085,29,11032891
1371849647,16,3851856
1371851770,5,185093
1371852725,72,33409375
1371853622,10,785003
1371855236,43,8131206
1371860548,24,2121811
1371866231,13,1450222
1371867088,42,1279518
1371869481,13,1413811
1371877830,39,17131251
1371878576,23,1722366
1371882605,69,25467919
1371882637,12,495009
1371882892,25,2433390
1371885867,17,657660
1371887732,10,3436546
1371890892,14,410393
1371891653,8,2459871
1371893006,3,703252
1371893081,30,12359815
1371893242,22,1161739
1371893797,20,2683958
1371893873,8,4078636
1371893965,8,581369
1371895351,10,2612036
1371897067,14,9612286
1371897205,56,15284629
1371898603,4,2213042
1371900966,15,8203874
1371901819,17,6422631
1371904721,74,49275357
1371907530,25,8404298
1371907904,16,21827373
1371908020,25,7925498
1371908840,14,9777856
1371909368,135,14188835
1371910103,12,1380777
1371910957,32,937095
1371914406,12,1378764
1371914791,12,3750494
1371914959,12,927508
1371920051,15,2550021
1371920840,17,1497569
1371921756,27,14111838
1371925219,32,785458
1371925718,21,2039083
1371928531,5,181038
1371928573,17,1949048
1371935118,12,1314593
1371936436,6,662612
1371936835,16,1305625
1371937593,66,35324584
1371937736,10,3053226
1371938195,73,2478103
1371944762,19,1777504
1371949814,13,15861642
1371949917,9,3290846
1371950094,17,5181032
1371952734,6,1688092
1371953791,11,182370
1371955215,13,7339210
1371955577,17,2260868
1371956052,13,3905751
1371956748,11,1292366
1371958196,22,8372039
1371958324,6,2312799
1371958577,29,11249831
1371958822,14,7816778
1371960741,25,1589186
1371960923,10,1672415
1371961144,27,14792195
1371961561,22,11600055
1371962491,6,1474272
1371962563,18,830971
1371962611,7,3010255
1371963177,15,670185
1371963800,6,443797
1371964177,15,3499697
1371965244,8,3175985
1371966545,12,1874696
1371967693,10,653072
1371967737,17,7933763
1371967812,10,2581664
1371968839,13,710645
1371969311,9,4077169
1371970037,26,11393755
1371970312,6,1360078
1371970441,32,1292788
1371970506,25,2111222
1371971676,26,10813619
1371972416,41,2874839
1371973589,27,11237872
1371973691,14,1529139
1371974819,20,7479032
1371975564,19,704553
1371975730,26,929819
1371982042,19,984502
1371982421,13,1419180
1371982560,16,10750687
1371983503,10,4231414
1371984392,25,5705128
1371986350,11,4570077
1371986632,16,941805
1371988284,25,2696501
1371988325,17,4138085
1371990230,13,636864
1371991829,20,2812758
1371993649,17,1232856
1371997285,9,2342195
1371997752,14,3549160
1371998707,13,768686
1371999333,15,1238707
1372000778,29,8320607
1372000917,5,324980
1372002340,25,1197007
1372003239,11,812603
1372007822,15,4293813
1372008488,8,1686258
1372008853,16,1007359
1372011265,19,23849705
1372011601,9,898599
1372013110,29,601954
1372014091,15,1857835
1372014104,20,6946966
1372016279,21,11194600
1372016686,9,5697505
1372017343,18,4681122
1372017780,11,11016639
1372019073,8,1493663
1372019139,18,8203629
1372019812,25,19808945
1372019828,27,8569785
1372019943,13,2244856
1372019973,16,6395300
1372020834,10,2737408
1372021470,7,8351811
1372022488,24,10602454
1372022498,14,5250696
1372023366,22,7920216
1372024082,9,3972699
1372024292,16,1670000
1372024543,7,851060
1372024818,13,951458
1372026012,11,2286124
1372026208,5,7640141
1372026629,10,4276939
1372027680,34,23502466
1372027708,18,3276204
1372027757,18,7102958
1372028283,8,2792449
1372028707,16,10612316
1372029054,7,1490523
1372029066,14,2519078
1372029121,10,4779539
1372029144,25,6888282
1372029412,21,8606960
1372029919,20,1633571
1372030719,27,9347381
1372031612,15,2531863
1372032260,18,5375791
1372033001,19,4504699
1372034247,7,2313685
1372034435,14,22251119
1372034475,17,2580349
1372034870,14,8691541
1372034933,16,3156315
1372035228,7,270853
1372035401,22,10064321
1372036985,14,643333
1372037904,19,3502119
1372038617,4,782533
1372039097,14,7085780
1372040171,23,2035258
1372040712,42,27244220
1372041715,4,620620
1372042336,18,1838692
1372043006,16,6559094
1372045691,21,3130836
1372046487,16,3858069
1372047056,38,3572964
1372047179,17,726894
1372047204,46,4874154
1372047868,5,381000
1372048527,9,4554404
1372049176,20,5867305
1372049365,23,2510471
1372049692,17,1895779
1372050541,5,1072760
1372052390,17,2475475
1372052827,17,3364904
1372052943,8,384782
1372055180,8,706210
1372056144,18,1901029
1372056424,13,1303808
1372056639,11,412018
1372057092,13,3607277
1372058948,61,6440714
1372059052,11,913600
1372059477,13,2828786
1372060114,12,2781620
1372062107,91,2799894
1372062193,12,1096385
1372062486,136,9392769
1372062610,10,28267412
1372062797,3,107341
1372066975,23,1679252
1372067248,11,993593
1372069480,10,381057
1372069782,42,2976575
1372069881,8,731649
1372072062,23,1991794
1372072262,37,10886293
1372072496,10,353973
1372072777,7,306928
1372073361,16,2273230
1372074235,17,1010542
1372076117,36,4438499
1372076261,20,2133807
1372078795,19,917136
1372079831,13,1698583
1372081306,10,5072124
1372081418,19,2058657
1372081682,15,9028837
1372082685,12,1177106
1372084807,13,1563004
1372084858,8,5810070
1372085377,20,918000
1372085393,13,1552137
1372087120,7,1250654
1372087172,20,1382960
1372087512,116,59000016
1372088383,14,9531919
1372088565,21,7378449
1372088825,96,10743520
1372088911,12,5943209
1372089820,75,6632833
1372090916,6,564090
1372091564,4,621722
1372091641,27,7693592
1372092728,19,6656364
1372093658,11,3286840
1372093784,10,5436720
1372094051,8,213312
1372094463,12,6053491
1372095291,21,2858888
1372096767,8,1364820
1372097386,24,13629061
1372097452,14,1817739
1372097859,5,1194623
1372098924,8,2637805
1372099025,23,7057669
1372100158,19,1513181
1372102433,11,1347013
1372103021,13,5887666
1372104022,21,932624
1372104485,13,742688
1372105273,22,5923270
1372105586,41,1655376
1372106518,9,1151645
1372107121,16,2145073
1372107799,11,880247
1372108419,9,1517041
1372109092,39,2552110
1372109636,9,1099928
1372111109,10,638867
1372111235,22,4642894
1372111737,34,2405897
1372114318,14,1375003
1372115450,21,1721143
1372115517,18,1345171
1372115520,11,677577
1372117614,17,1027036
1372120622,43,2039863
1372122414,21,2019951
1372126796,19,1100479
1372132280,10,321465
1372141091,7,298017
1372141615,17,4246283
1372147902,35,5331964
1372149234,10,1901325
1372151443,25,3760346
1372153613,26,5817450
1372157684,16,2302059
1372158977,13,1806605
1372159132,5,667584
1372172571,12,1560446
1372174147,7,589565
1372177827,8,722036
1372180287,11,1233225
1372186956,4,438192
1372187630,8,800844
1372188487,16,3215592
1372191159,20,1264785
1372195144,12,513232
1372206051,9,952105
1372211434,18,4379410
1372225422,17,1470632
1372231169,8,1515968
1372247984,32,2441307
1372248010,5,394270
1372255344,11,1008277
1372256111,15,1375147
1372260162,9,534583
1372263383,14,739771
1372264000,5,228940
1372271071,204,100070197
1372271340,8,893111
1372275772,27,3345690
1372276242,203,95150312
1372276410,15,4332352
1372278891,4,1437408
1372279963,8,640395
1372282525,8,282855
1372282527,8,4662532
1372282949,4,1020611
1372283394,10,2581354
1372283426,11,878550
1372284123,13,1005607
1372284614,16,5140554
1372284886,32,17716051
1372286652,11,3211318
1372287549,16,2983701
1372291593,10,3635444
1372291620,16,2443614
1372295453,22,6343784
1372295992,19,1638397
1372298429,68,37183591
1372302905,15,786399
1372317335,10,695504
1372321498,25,8229712
1372322560,7,818169
1372329432,5,2225518
1372330140,9,371566
1372335813,131,69956714
1372336858,20,5625305
1372336938,8,4897324
1372340348,14,5745659
1372340459,77,24375573
1372341875,6,1960610
1372342337,7,1168910
1372347002,10,396779
1372353250,7,408028
1372356521,5,989858
1372357665,14,1315810
1372358657,10,533865
1372362415,10,1146832
1372370274,13,5756325
1372371306,17,1229258
1372371961,12,1878163
1372373206,38,3212034
1372379244,45,11896384
1372380502,17,1553458
1372385124,30,6310767
1372385817,10,1624098
1372386210,9,1508346
1372389544,226,110750864
1372395924,33,11210688
1372399224,15,4704644
1372399786,154,58152344
1372401020,35,9143815
1372401867,78,23738979
1372402074,9,812307
1372402669,11,4576860
1372403134,11,1188007
1372404773,22,15440459
1372405170,8,6336207
1372406257,105,40672062
1372406767,12,4408474
1372406805,11,3714549
1372412806,16,4415410
1372429244,10,514368
1372429635,26,1999633
1372432754,8,304322
1372434195,42,1748434
1372434630,7,3152971
1372436336,11,2105856
1372439621,18,2196252
1372449706,81,57439724
1372450595,128,104383917
1372451612,12,529190
1372453027,31,2683359
1372454265,11,1384529
1372456283,16,9951169
1372459674,14,8138231
1372460140,43,19282220
1372460206,13,3918550
1372460249,14,2055276
1372460433,5,1282383
1372460649,40,27700969
1372461650,13,2140016
1372461866,13,5325947
1372462922,39,3373399
1372463154,11,1472912
1372463192,13,5814588
1372465286,13,5949854
1372465609,40,13032397
1372466200,21,7197476
1372466648,100,56207428
1372467017,176,80234946
1372467582,20,10548690
1372467919,15,3547680
1372469418,22,10340496
1372470135,10,2882670
1372470975,20,6805035
1372471290,19,4789945
1372472372,35,9019595
1372472932,14,19115261
1372473117,10,3514411
1372473347,16,6649600
1372473399,42,14936913
1372473717,14,6080495
1372474036,22,11307714
1372479076,101,7609782
1372479828,5,366887
1372480344,24,2174435
1372481784,14,6364910
1372481889,15,1899790
1372482834,7,1696208
1372483005,15,2606168
1372488469,97,11032408
1372490436,4,147696
1372490640,7,444777
1372490685,6,1062070
1372491079,20,2069120
1372491284,10,928551
1372494714,12,1638589
1372495707,10,3688137
1372501093,23,1054375
1372503267,87,51681634
1372507049,12,1476246
1372512444,14,1525930
1372514420,10,1214582
1372520751,31,44625017
1372524538,10,2340621
1372526977,25,14465491
1372529885,8,3355137
1372530500,30,27619849
1372531488,9,709597
1372531752,8,425425
1372533016,120,85756240
1372533166,27,8226252
1372533448,34,20918596
1372533622,4,1796780
1372533878,6,1625118
1372534189,17,3079664
1372534331,72,23944343
1372534548,37,6643163
1372534666,4,856454
1372534798,77,45374566
1372534907,19,4612535
1372535027,36,17160521
1372535130,20,1872581
1372535522,41,24805667
1372535603,34,8935973
1372536037,13,3375800
1372537326,40,15249078
1372537807,19,7681001
1372537890,5,1332116
1372537917,85,30742266
1372537955,15,2356630
1372539074,14,5961568
1372539260,7,887872
1372539606,15,3747326
1372539809,71,41812233
1372540175,8,1827659
1372540226,13,3246934
1372540265,15,1944722
1372541179,56,57544211
1372541356,10,1257150
1372541415,33,17636750
1372541525,5,1177810
1372541647,12,2910224
1372541972,21,6602210
1372542691,182,48918497
1372542845,147,142022399
1372542993,85,30278520
1372543050,8,9970122
1372543161,7,966882
1372543257,62,32428167
1372543456,18,5845338
1372543867,46,16350244
1372543893,7,1604058
1372544191,24,5984990
1372544253,128,104965591
1372544290,8,1536740
1372544296,18,928592
1372544567,78,40441626
1372544608,3,1071274
1372544625,11,1339228
1372544866,33,16944679
1372544921,59,23547116
1372545038,32,9184564
1372545525,3,874125
1372545707,52,17093407
1372545996,16,2752346
1372546386,47,19162253
1372546440,11,3754674
1372547644,7,1978388
1372547718,66,24887720
1372547918,6,1774330
1372548081,246,138316151
1372548788,178,38792324
1372548813,30,10523544
1372548915,287,84651311
1372548943,68,173713165
1372548977,396,177848837
1372549079,38,18561295
1372549204,10,1501716
1372549224,202,251446124
1372549443,12,105659
1372549743,6,344651
1372549748,7,3945875
1372550312,12,2436132
1372550571,163,33458398
1372550573,12,2448199
1372550615,5,748367
1372550657,9,2355894
1372550736,5,630451
1372550944,49,16997587
1372551652,3,375117
1372552885,3,371156
1372552939,89,46179733
1372553085,7,1191623
1372553433,92,42325994
1372553905,35,20203162
1372554241,29,16487321
1372554907,7,2269998
1372555557,117,128700110
1372556080,13,3592216
1372556446,20,7916978
1372556799,19,782023
1372556823,7,490537
1372556859,4,4256612
1372558075,109,191012752
1372558237,45,16713301
1372558334,9,4437675
1372558862,16,915909
1372559011,30,10612277
1372560635,5,1141077
1372561368,3,1433203
1372562171,37,21152663
1372562775,13,5290980
1372564106,10,673642
1372564166,15,7768278
1372564770,54,35543527
1372565761,34,22630091
1372567079,11,4877703
1372567742,12,2367787
1372569885,58,1910055
1372572380,100,114585141
1372572903,5,528640
1372574048,35,2682774
1372574081,25,1841358
1372575012,20,519845
1372579112,6,1115879
1372582262,19,4308419
1372582540,17,1572105
1372583435,25,660955
1372585133,23,2394064
1372588234,15,2585459
1372589921,16,2287559
1372591299,38,3724734
1372591694,110,8241667
1372592522,16,5388808
1372593515,24,4789974
1372596365,26,28672276
1372598397,34,1177878
1372598696,21,7526356
1372598841,13,4335129
1372598945,42,10846802
1372601630,18,7000850
1372602110,60,5837143
1372602405,14,2891524
1372602742,50,21678612
1372605219,20,4624759
1372606567,14,6665181
1372607795,8,658388
1372608289,25,10341819
1372608681,13,14814093
1372610712,9,1588143
1372611597,20,2027138
1372611623,12,5382390
1372612029,7,597310
1372614316,38,10388403
1372616456,19,4112350
1372617257,17,2149847
1372617334,13,1142168
1372617819,9,2526850
1372619809,18,1481748
1372620331,20,7345812
1372620624,10,356007
1372626725,25,8071218
1372626840,3,613320
1372627994,9,337819
1372628263,42,1802978
1372628273,9,2670948
1372629126,6,828883
1372631178,75,4834568
1372631711,14,805706
1372632223,10,1537685
1372633718,4,481745
1372634324,7,837436
1372635804,5,858150
1372636353,8,1149442
1372637218,56,4170477
1372639886,63,7257539
1372640083,20,1176312
1372641935,17,13226939
1372642533,9,490347
1372643789,20,1195257
1372646151,19,1457270
1372646473,8,456456
1372647781,5,335142
1372648938,46,6565699
1372649830,25,8502444
1372650463,7,713896
1372651556,9,1180197
1372651695,18,5392191
1372652090,16,2727960
1372652921,21,1216339
1372653791,5,448022
1372655461,57,22246565
1372655816,26,18030530
1372658286,7,330344
1372661598,9,369442
1372661642,25,22280186
1372661894,18,2676405
1372662248,20,1064751
1372663099,10,1145958
1372663565,3,246744
1372664579,13,774221
1372666293,13,3670476
1372666333,17,10708735
1372667049,31,21793066
1372668567,22,2364652
1372669086,34,1606066
1372669519,8,1515411
1372669601,16,4002368
1372670742,31,1662614
1372671051,12,841134
1372671350,12,3352799
1372672325,28,1608845
1372672345,13,485316
1372672764,13,2695556
1372673431,10,2804187
1372673994,25,12652084
1372674026,6,528027
1372675066,29,9846651
1372675267,17,13755856
1372676860,21,2787035
1372678303,21,6832610
1372678914,15,4571667
1372680048,19,860500
1372680630,30,6116670
1372681039,21,8825981
1372681093,29,21465143
1372681126,13,1344914
1372681182,21,7856542
1372681589,13,3245745
1372681893,16,3746145
1372681970,34,3764199
1372681973,6,328622
1372682870,37,1798405
1372683862,14,8343519
1372684655,14,4245816
1372686576,12,3136152
1372686927,34,1920262
1372687686,17,2099275
1372687760,13,3863870
1372690435,16,3782777
1372694657,120,2562578
1372696849,13,2542020
1372697492,28,2537069
1372698655,16,2303127
1372700601,9,3859072
1372702401,9,2344598
1372704638,7,547675
1372706835,12,1782808
1372708692,39,1387841
1372713898,27,2734108
1372722954,18,1477550
1372732506,14,7982826
1372734176,19,2291811
1372736496,9,2558162
1372739079,24,1544028
1372740584,7,707647
1372744157,3,92403
1372745313,14,1747965
1372748510,8,1404274
1372748925,5,925774
1372753949,27,3480451
1372758247,30,4346825
1372758320,3,344900
1372761138,11,2313503
1372761813,16,1746252
1372779118,12,1068466
1372782568,8,781017
1372784758,9,455130
1372784778,15,5547932
1372786649,20,1018882
1372804050,14,3720412
1372815784,10,5317587
1372822866,8,2555823
1372850680,13,4025170
1372868870,67,38096688
1372871497,17,4802692
1372872655,13,269214
1372873982,144,50499105
1372877026,16,1990591
1372879221,5,1241255
1372879244,31,8220680
1372880057,5,641828
1372881635,42,33832812
1372882116,12,1317160
1372884610,11,2163451
1372884910,5,4558192
1372886130,8,1202024
1372887654,20,1198374
1372889189,3,1270258
1372891153,12,3366948
1372894638,9,3368788
1372898586,5,226242
1372902260,8,1384532
1372908285,21,3659216
1372909712,17,1591294
1372911179,8,315601
1372913172,37,1450301
1372913664,15,2127152
1372917440,28,1879227
1372921804,6,895370
1372922458,40,2734586
1372925857,12,838123
1372926096,193,113992901
1372927749,10,8886436
1372932049,15,2175578
1372933148,8,403876
1372933809,25,11641757
1372934613,3,351874
1372934938,7,628941
1372935240,17,5643423
1372936554,11,2632984
1372937536,228,105080253
1372940125,9,877320
1372940135,21,1630802
1372940406,6,1332217
1372941121,15,3557440
1372941180,17,1536502
1372942488,28,24398188
1372942956,37,10763972
1372944426,21,5762300
1372947041,72,33082281
1372951073,9,2196325
1372956817,15,3208541
1372958771,16,770562
1372960169,21,2009127
1372962064,13,1218234
1372963041,6,306951
1372964583,9,1540231
1372966947,15,1161969
1372969342,26,1400827
1372975747,25,8279726
1372976776,26,2008385
1372976906,12,1766302
1372977173,14,995547
1372977194,10,619697
1372981978,28,513650
1372982678,10,506248
1372982789,19,6075974
1372983247,145,51327319
1372984850,5,187949
1372985726,69,1241781
1372990759,20,570813
1372991460,19,1387832
1372994907,20,6849198
1372998293,121,35912001
1372999149,25,6067709
1373000104,25,1451513
1373003202,10,2835716
1373003979,12,5820014
1373004722,13,2234246
1373005051,19,901329
1373008567,29,1487508
1373009679,17,3802480
1373010120,17,14631185
1373010942,17,2255005
1373011084,22,3449717
1373012182,32,11312626
1373012658,5,687137
1373013489,35,8232158
1373014146,3,395813
1373014745,16,6352803
1373015640,5,2308640
1373016001,5,452264
1373020483,40,1097884
1373022239,19,3824582
1373022717,51,2883270
1373028696,24,2707808
1373028823,15,1282805
1373031492,17,1083461
1373032547,16,2332637
1373032760,16,1394804
1373039757,19,1514794
1373041719,16,1675224
1373041732,29,3177714
1373041856,16,819065
1373042275,37,2756375
1373044067,28,2120300
1373045449,17,2523325
1373045688,13,817651
1373046764,11,2605741
1373048117,17,1034031
1373049522,3,117890
1373050430,19,3535051
1373053655,12,1223509
1373053907,13,691844
1373055578,7,3022280
1373059607,3,1320179
1373062234,34,11487735
1373064436,16,3703749
1373064548,22,4869966
1373065459,24,4240119
1373065936,17,1398890
1373066986,14,1203621
1373067311,54,24616095
1373067673,74,14537438
1373068424,21,2388445
1373069741,10,1625637
1373070820,16,949292
1373070861,99,83593401
1373072681,30,4313089
1373073920,23,8874543
1373074519,11,3663346
1373074628,9,2326711
1373075399,24,14441355
1373076050,25,13625926
1373077345,14,6159035
1373077584,11,1678608
1373078150,21,1643577
1373079627,17,3363479
1373079930,9,2957578
1373080230,17,4575859
1373080662,113,63466338
1373080805,13,2488919
1373081050,24,4912193
1373081087,7,3238743
1373081102,102,34613901
1373081115,13,1137114
1373081651,7,1604345
1373082649,16,4505649
1373083600,10,5145941
1373083817,22,9176968
1373083832,22,5639618
1373083837,7,1000901
1373083918,11,2198216
1373084115,12,2192929
1373084144,17,1867325
1373084319,14,3838748
1373084941,10,4155794
1373085154,15,1638051
1373085167,19,1118566
1373085185,12,4190558
1373085885,20,7724119
1373085975,23,6959974
1373086521,33,1097600
1373086687,14,5181951
1373086987,14,4391998
1373087234,10,3945729
1373087926,12,536551
1373088640,15,6637266
1373089781,18,3718608
1373090384,6,1071192
1373091835,6,782119
1373091924,67,8515259
1373092578,8,2691218
1373094045,21,4653394
1373094416,8,409209
1373095875,5,998707
1373096773,15,3475063
1373098083,32,1582105
1373098948,25,901793
1373101248,22,3129121
1373102849,10,485593
1373103935,15,1884853
1373105872,17,1180077
1373110165,43,3785543
1373113227,14,1002460
1373116243,27,4733804
1373117781,59,7893697
1373123409,95,44018947
1373123768,16,9437713
1373124446,8,523063
1373127263,15,1622421
1373128354,5,202724
1373128584,18,6886476
1373129020,8,1166664
1373132468,17,1161796
1373134139,15,1813867
1373134313,17,1742826
1373134440,93,68134665
1373135093,15,1799723
1373136510,18,7134777
1373137369,10,879132
1373137929,16,2972368
1373138753,11,1770852
1373142316,23,688870
1373143316,17,8606175
1373143536,20,1760002
1373143819,18,1875478
1373144223,15,2245730
1373144269,9,3369021
1373144326,8,609760
1373144475,14,2526326
1373146296,14,1319665
1373147363,11,4979431
1373147596,56,20215931
1373150268,14,1582335
1373150412,28,8457173
1373150465,25,10177580
1373151012,59,4944016
1373151642,16,3495627
1373151812,19,4513934
1373151851,33,29795507
1373152379,18,4257311
1373153607,7,2129262
1373154124,23,6849765
1373154726,8,2724824
1373156271,30,1903475
1373156745,15,8316748
1373156961,9,3265853
1373157425,11,1017436
1373157494,38,28624294
1373157521,10,8818564
1373157871,20,5869448
1373157876,9,2020354
1373159127,8,691465
1373160439,19,4688490
1373160705,12,2990788
1373160835,12,2700701
1373160862,7,3386409
1373160951,12,747581
1373161550,24,1686839
1373161782,21,8417865
1373162660,10,2863955
1373164186,10,5461220
1373164439,15,4626209
1373164587,11,1193988
1373165754,63,3288527
1373165767,14,3741276
1373168821,9,501105
1373169014,12,1187852
1373169425,4,2021498
1373169526,14,1366781
1373169747,49,21968758
1373170022,20,1991934
1373170482,10,956911
1373171299,61,6240898
1373172064,9,519343
1373172964,52,2884150
1373174720,16,3378144
1373179057,42,3206495
1373180666,66,4252668
1373184710,12,4278527
1373185642,24,1757324
1373187725,26,1813326
1373188887,12,2104146
1373189119,25,1926791
1373189575,28,7015274
1373190392,14,643468
1373191681,8,426800
1373191691,9,4531015
1373192322,13,780128
1373192950,11,1146516
1373194298,22,4442863
1373195005,12,1902341
1373196333,8,998688
1373196825,44,7634507
1373199087,25,21069896
1373199122,14,721641
1373199984,19,14219802
1373200986,27,3811909
1373203647,17,1350336
1373205181,18,703738
1373206596,12,1952503
1373206919,21,1405006
1373207064,14,4376543
1373208456,7,1094453
1373208964,15,7060286
1373211310,9,6013118
1373212460,38,38180370
1373213481,16,4989415
1373214142,24,5959291
1373214961,299,147461996
1373215179,12,2076254
1373216082,63,33187263
1373217211,11,1089534
1373217214,27,3440701
1373217340,29,30803962
1373218203,22,5990284
1373218248,10,309848
1373218463,26,5033542
1373218530,7,1342155
1373220100,22,6974529
1373220202,36,14843659
1373220472,20,5617683
1373220600,16,8034636
1373222516,21,6509922
1373222795,16,2438338
1373223373,16,1215395
1373223551,18,1419781
1373223579,28,8875692
1373224877,8,2454822
1373225027,74,36811002
1373225225,5,210122
1373225271,15,1792202
1373226221,15,1599361
1373228397,12,4640983
1373229210,15,1038808
1373230078,186,98765298
1373230647,14,9447039
1373231786,13,1933777
1373232294,6,1105090
1373232753,11,2236089
1373232882,15,711451
1373233178,29,2235231
1373233449,27,5434819
1373233471,27,8611178
1373233525,7,1935812
1373233846,3,945913
1373234275,8,2534551
1373234404,20,5281549
1373235040,27,12602550
1373235085,21,6546251
1373235133,14,668243
1373235157,6,616879
1373235296,49,20447660
1373236131,22,6899985
1373237328,19,3819613
1373237713,17,3109478
1373240755,14,966596
1373240818,8,1574280
1373241654,8,4548206
1373241694,14,585522
1373245088,41,2585038
1373245611,18,1841672
1373245893,50,4098563
1373246412,25,2837824
1373249343,33,17870736
1373249395,14,1590962
1373249648,5,252951
1373251064,14,1103298
1373251646,21,7720328
1373251753,4,1593188
1373253793,14,812257
1373254196,14,2802758
1373254255,12,5768529
1373255240,11,661142
1373257603,9,575829
1373260521,29,2628240
1373261192,11,1884130
1373261792,12,625503
1373262529,27,11325758
1373263986,38,2828611
1373264702,8,546169
1373266140,40,1504870
1373266837,15,1778848
1373267026,107,50576252
1373267829,14,9187277
1373269869,9,250156
1373270588,11,2755538
1373274237,31,10398123
1373278073,12,580798
1373279027,5,1397662
1373279272,17,715696
1373280957,12,851905
1373282111,14,10654898
1373282766,15,12977488
1373283347,9,3387221
1373284675,21,7904527
1373284956,7,459634
1373285529,12,529150
1373286094,30,7664735
1373288451,13,1063576
1373288704,20,8363179
1373289429,12,5539529
1373289845,16,6063499
1373290575,89,33112258
1373291553,35,8615065
1373292412,18,6388435
1373292419,9,387789
1373292645,34,9626730
1373292958,19,8862281
1373293040,10,598537
1373294455,14,3740083
1373295742,8,1937436
1373298147,12,1307370
1373298789,7,3501724
1373299059,7,434373
1373299235,18,5881998
1373299622,9,433207
1373302223,21,9841921
1373302313,5,1112104
1373306358,4,260595
1373309192,11,3265847
1373336209,9,847245
1373336229,26,10523785
1373386348,44,25047414
1373404876,12,2351535
1373411837,10,716552
1373429921,11,734335
1373433654,12,1898406
1373435892,102,53746387
1373436821,9,1561745
1373441423,10,3876225
1373443143,9,2902055
1373443938,16,11951247
1373444206,15,4606870
1373444942,29,8081791
1373448982,11,2658690
1373452782,5,140485
1373457339,5,156537
1373459164,12,700801
1373461423,10,1974864
1373462540,4,1165086
1373463483,10,1626602
1373463851,12,3648335
1373464781,7,60332
1373465819,8,978155
1373467835,13,2790325
1373469068,15,3711216
1373470140,26,9246650
1373470186,3,513183
1373470623,17,1341481
1373470942,13,3724200
1373471312,16,4756181
1373472212,40,15357700
1373472348,16,3612328
1373474411,6,2494339
1373474576,11,1692419
1373476231,239,156332416
1373476265,5,377267
1373476709,35,8797714
1373477228,24,6850449
1373478641,24,1073039
1373479239,7,1934894
1373480009,15,7277698
1373480904,23,18472005
1373482501,39,12986877
1373483152,35,12089827
1373483174,10,1045002
1373485815,22,4447699
1373486178,15,411959
1373486233,7,2491137
1373486455,3,932509
1373486612,32,9031795
1373486624,30,16923855
1373489021,11,2158360
1373489448,46,39651759
1373491102,55,26873392
1373493132,12,783282
1373494578,12,719535
1373495406,37,2381408
1373499642,27,2316950
1373508843,25,2095631
1373509720,7,2825880
1373510240,195,102230235
1373512510,25,1201236
1373514343,7,2011854
1373515507,23,3826418
1373517997,97,30263618
1373518654,77,21098614
1373519127,18,3608892
1373520826,63,7989009
1373521815,7,2018287
1373522720,12,1903128
1373523645,28,12775488
1373524125,6,1249676
1373524856,10,2009786
1373526169,18,1220472
1373526386,9,1817371
1373527730,37,8946551
1373529212,12,4177691
1373529416,49,10013561
1373529605,36,12082980
1373530417,55,4955717
1373532597,16,3741528
1373535624,20,6792248
1373536658,11,1346922
1373537441,132,40320390
1373537450,52,17481332
1373539374,25,7648635
1373539828,35,10043569
1373541526,13,6946099
1373544500,8,577344
1373545167,29,5005935
1373545618,8,1138338
1373546300,10,4252942
1373547317,10,1182672
1373550045,57,3282786
1373551411,5,707074
1373556993,28,1657001
1373560159,24,1427605
1373562527,17,482037
1373565453,65,26900645
1373566687,72,39824575
1373566702,171,8533447
1373569155,41,27793465
1373569361,5,3163768
1373569956,7,400261
1373570865,12,771510
1373571741,15,4221036
1373572720,5,120443
1373572961,27,1992641
1373573017,10,1990353
1373573568,57,3559658
1373574477,16,1866696
1373574850,4,102430
1373575960,45,19105921
1373576563,28,6722285
1373577479,37,1442179
1373578150,22,8891314
1373578747,161,98507561
1373578812,6,1246687
1373579483,7,5582130
1373579720,6,1069794
1373580459,6,1585815
1373580755,164,75438497
1373581171,7,2341529
1373581662,4,789967
1373583118,17,5539468
1373583799,10,5754756
1373584131,14,1030751
1373585786,4,361629
1373587121,5,726366
1373589832,34,3828155
1373590668,15,5378354
1373591574,19,5608460
1373591985,23,5133359
1373592062,67,50730389
1373594429,22,7909321
1373594818,24,18222064
1373594861,44,1179901
1373594931,7,852596
1373595731,33,15381864
1373596547,21,5800789
1373596826,20,1926409
1373598241,16,741138
1373598738,14,1648017
1373598904,13,3407507
1373599101,8,511128
1373599803,11,2832151
1373602577,4,236272
1373606453,75,4874146
1373608301,65,4430325
1373609682,19,2754959
1373609827,3,70712
1373610075,9,2577581
1373610487,74,3845229
1373611598,4,130884
1373615425,42,2065463
1373617124,13,4316249
1373617128,21,824143
1373621771,22,3093893
1373627111,10,704073
1373627599,43,13063303
1373629954,54,3452431
1373632432,4,825296
1373632972,118,69602045
1373633012,32,4984931
1373633289,9,1843916
1373633407,12,2095769
1373634356,44,2750002
1373634835,34,2259529
1373634841,12,1051187
1373634985,17,3740134
1373635709,10,2789109
1373636293,10,5200427
1373636667,94,3167937
1373638156,7,813439
1373640006,13,667383
1373640714,31,12032422
1373640727,8,1979690
1373642695,19,4900065
1373643835,13,1015729
1373644560,30,11803470
1373644820,19,6935112
1373645845,54,28712340
1373646818,8,483352
1373648457,5,1403896
1373648615,100,46335746
1373649052,14,827090
1373649381,5,234824
1373649441,5,2535077
1373650056,9,10796092
1373650162,12,2767083
1373650225,5,152394
1373650381,21,7970088
1373652106,56,19712439
1373652600,32,17318045
1373652925,5,3006834
1373653548,19,6189492
1373654201,20,7165135
1373654258,17,2841836
1373654520,6,959189
1373655426,34,14716568
1373655799,18,10858877
1373655971,20,10628095
1373656293,126,68338093
1373656679,11,3435279
1373657496,12,1390041
1373658008,17,4173705
1373658669,10,462859
1373658780,8,2277145
1373659215,15,6037895
1373659534,9,1432363
1373659697,16,4698249
1373659767,30,17121631
1373660941,19,6304197
1373661381,18,2039890
1373661511,14,5777952
1373661886,20,4750266
1373662121,21,1195295
1373662194,14,8669355
1373662226,23,7272133
1373663375,11,2736871
1373664133,21,13931005
1373664541,27,18142813
1373664969,12,2977968
1373665278,9,679802
1373665913,19,2797750
1373666896,58,5290925
1373667355,7,1946350
1373669553,12,1155178
1373669988,11,1746066
1373670601,18,1561944
1373672033,27,10162949
1373672847,15,10233199
1373673045,21,2192454
1373673470,21,2644785
1373673952,7,358317
1373674442,14,4027480
1373676028,207,16209017
1373676894,14,6286566
1373680067,16,1876521
1373680931,20,1169669
1373682946,9,836744
1373684490,26,752435
1373684854,11,599764
1373685059,52,1376268
1373687024,15,948302
1373689857,25,2411096
1373690459,50,15417912
1373690902,5,307391
1373694382,10,1196346
1373697672,14,1418928
1373698689,19,810790
1373698949,9,609522
1373699081,37,3443874
1373699588,28,365548
1373700333,37,11098565
1373701475,4,407097
1373701813,8,2207462
1373702818,25,6983000
1373702825,42,15402664
1373703250,15,15195776
1373704219,12,1351483
1373704640,7,225256
1373704816,64,36424982
1373706386,11,1954582
1373706531,7,2394183
1373707150,4,325305
1373707433,13,3068990
1373707753,6,229401
1373708542,4,868427
1373709418,26,6708215
1373709955,30,9098675
1373710580,184,40903963
1373710964,16,6104507
1373711203,18,4084138
1373711539,13,5047400
1373711562,19,1513071
1373712156,8,610041
1373712672,32,17820912
1373712762,66,5546542
1373714053,122,104748983
1373714131,3,2054622
1373714137,11,2959838
1373714192,3,1209670
1373714738,5,212863
1373716109,5,586597
1373716494,21,4213359
1373717252,22,9717042
1373717504,72,23662225
1373718390,4,1113290
1373718734,85,53349894
1373719216,17,2031795
1373719884,20,4157950
1373720728,11,3681484
1373720989,28,9717178
1373721386,10,3871888
1373723724,12,2694385
1373724364,66,35199543
1373724373,13,801809
1373724624,5,1477575
1373725147,18,1910822
1373725346,6,1505608
1373725622,25,10357715
1373725711,6,579645
1373725991,17,3912424
1373726282,7,2416641
1373726695,16,7166577
1373726986,48,11351391
1373727776,26,13724412
1373727839,9,3606618
1373728589,14,2196054
1373728879,22,4736119
1373728917,12,11496804
1373728982,23,11526996
1373729056,9,470836
1373729430,24,3118218
1373730573,32,16530871
1373731011,100,48288619
1373731519,22,5690404
1373731786,18,4981031
1373732516,9,2612842
1373733461,34,16187399
1373733861,39,16064946
1373733947,15,11165935
1373734063,28,9162715
1373734166,45,3773783
1373735107,61,17262157
1373735508,20,10514871
1373735862,28,2036979
1373736544,26,4703707
1373736762,4,1434225
1373737176,14,1970476
1373737372,16,6600383
1373738158,20,7301649
1373738348,13,4234747
1373738362,19,8012363
1373739561,35,11290477
1373740031,6,153592
1373740578,31,10623606
1373741160,22,29601267
1373741942,3,816025
1373742158,9,954246
1373742570,20,3880945
1373742824,15,12509887
1373744168,38,16322293
1373745524,12,6932104
1373746414,3,783649
1373746535,17,615617
1373747704,25,16641068
1373747918,13,6991931
1373749561,11,1242650
1373750460,11,741409
1373750673,12,1365036
1373751825,19,4363394
1373752173,22,1470792
1373754119,50,3904007
1373754404,11,813726
1373754423,6,645726
1373754465,15,897933
1373754922,5,1309521
1373754996,12,1030591
1373757011,21,2298354
1373759423,17,1014394
1373759992,3,1559528
1373761793,9,6130795
1373763123,16,1247472
1373763180,9,447997
1373765412,13,450696
1373765432,7,1273005
1373766541,6,1852983
1373767048,130,14939807
1373767378,23,2133305
1373769596,39,1749874
1373770335,40,5852695
1373770664,49,3656886
1373772319,8,2632946
1373772930,34,722389
1373777721,21,1536028
1373778975,25,5260734
1373779074,11,3664304
1373779382,8,2100337
1373779602,5,1439092
1373779769,6,202454
1373780707,36,3237168
1373780709,7,275275
1373781165,8,1272015
1373783253,23,7268578
1373783561,89,36169370
1373785376,12,4277623
1373786296,37,6840779
1373787243,22,1596116
1373787545,9,4510423
1373788526,6,1571036
1373789179,13,3740965
1373789329,75,38549127
1373790562,14,3412006
1373791509,43,28114517
1373792052,36,11977252
1373792265,22,9573489
1373792789,6,5601752
1373793205,9,52752
1373793707,47,3142290
1373794499,25,13591588
1373794720,6,3711944
1373795487,9,487549
1373795685,12,3051982
1373795969,36,9407045
1373797047,27,7265481
1373797382,24,4538985
1373797492,40,1715427
1373798835,16,5618596
1373800670,46,10954745
1373800907,39,15578834
1373800943,19,4041042
1373802399,27,3704348
1373803241,9,2558916
1373803665,11,4385888
1373804731,20,2138610
1373805522,6,1194054
1373806251,18,2111724
1373806991,18,1200797
1373807542,21,8102078
1373807731,22,11061254
1373807826,10,3077114
1373808090,22,5758822
1373808272,4,1982823
1373808921,16,3590394
1373809990,40,9728524
1373810985,4,2021486
1373811617,22,1954892
1373812227,14,4885621
1373814075,13,5836011
1373815920,5,1863975
1373822187,6,569797
1373823339,13,1032250
1373846059,11,1143363
1373878320,10,480216
1373879983,10,555380
1373889340,18,629675
1373892953,34,4093766
1373893012,11,1312140
1373895016,6,1611122
1373896689,7,1225661
1373901221,28,3088002
1373915556,84,35771546
1373927569,15,761338
1373929380,25,1693586
1373946468,14,2667411
1373967015,10,3920372
1373968599,39,11940968
1373978592,31,1668915
1373980178,61,4511288
1373987937,9,1561645
1373989305,39,11118458
1373992663,159,51677139
1373993147,22,7472988
1373994551,5,247868
1373995841,19,1740526
1373998539,8,1540764
1373999000,9,809465
1373999049,105,27695062
1373999095,3,639106
1373999589,15,3294659
1374001414,27,6900782
1374002462,17,5646294
1374003982,136,63684188
1374004015,10,1099587
1374005271,6,2901640
1374005909,11,2506024
1374006674,36,5601413
1374007383,9,1762698
1374008016,17,1303537
1374008845,11,5336799
1374009698,19,4810184
1374011978,9,1138636
1374013451,11,5808431
1374013472,3,634504
1374014877,12,909016
1374015134,11,2860813
1374015627,12,5005189
1374020583,32,8584322
1374021135,14,5736710
1374021765,14,3937299
1374026488,18,1650346
1374026791,15,5334402
1374028153,17,2358495
1374032304,14,553908
1374032637,39,1942068
1374037977,21,571281
1374038659,6,226211
1374042042,73,33342185
1374045997,93,30760814
1374047554,31,2513689
1374048372,28,7390039
1374049427,3,846731
1374052524,27,8169317
1374052893,3,586568
1374053031,217,153508582
1374053159,12,2617543
1374053206,47,7702428
1374054746,9,2028007
1374056354,19,6485960
1374056450,38,2986716
1374057303,144,55648473
1374057584,3,68175
1374058280,30,14015569
1374058564,9,5778476
1374058742,17,1616038
1374059776,12,3587298
1374059914,23,6779863
1374061812,14,2217305
1374062088,12,3949906
1374062492,6,1013712
1374063193,23,5732905
1374064286,3,3454981
1374065314,8,2178277
1374069149,9,2029946
1374069224,47,23324984
1374069653,11,3804308
1374071174,87,37525854
1374071617,21,2221460
1374072203,39,21357034
1374072784,4,1354126
1374072963,12,2735921
1374074569,8,3410545
1374077982,11,3969904
1374079754,33,11226359
1374081002,22,1928395
1374082369,3,878893
1374084451,5,1787270
1374085473,8,401404
1374090225,7,491761
1374094631,18,814435
1374094949,22,948579
1374101300,5,723503
1374101412,4,786485
1374105006,36,485812
1374109487,25,8082584
1374110888,21,6538835
1374113325,4,169374
1374115065,20,1663410
1374116269,17,6673646
1374117343,4,878069
1374118184,14,1283134
1374118627,3,679344
1374118811,9,658772
1374119175,7,433260
1374122224,4,408229
1374122365,120,56967254
1374122633,18,4971285
1374122660,28,7212475
1374123983,29,2320951
1374124457,3,505077
1374124697,117,68227384
1374124913,4,409514
1374125671,5,2873591
1374127324,24,7123676
1374127961,57,21599591
1374132002,29,10813924
1374132026,41,18701128
1374135160,18,6010315
1374135333,22,7277829
1374136078,17,6622736
1374136201,12,513381
1374137261,9,4270061
1374137647,12,4535478
1374140559,19,5261356
1374140848,43,2346541
1374144047,11,14422815
1374144567,61,5234285
1374145525,5,729166
1374147405,16,1029846
1374147767,21,1196193
1374154026,7,624688
1374155176,20,1150313
1374157010,8,457347
1374157398,21,1185983
1374157421,13,853043
1374158632,19,1947776
1374160370,19,6810617
1374161842,10,633245
1374162103,32,9922553
1374166327,17,1189120
1374167540,11,1037464
1374168483,15,7382846
1374169642,26,8604254
1374170544,56,12023036
1374173165,18,4880593
1374173248,46,13668345
1374174666,42,2104498
1374175036,12,441476
1374176941,62,26031520
1374180007,10,1424420
1374180717,8,433578
1374182008,54,22369159
1374182128,6,3719211
1374182653,9,2107735
1374183412,3,414302
1374183559,113,65951027
1374183624,4,1691578
1374183704,44,20337919
1374184751,7,460327
1374185303,10,893354
1374185801,34,8756300
1374186004,10,972704
1374186402,22,6621062
1374187023,29,11724745
1374188024,14,10901531
1374188212,5,1489406
1374189480,6,2180274
1374189508,20,7899824
1374189565,12,1778183
1374190217,67,3995557
1374190443,23,6591576
1374190916,19,6833264
1374191075,42,30304482
1374191959,148,49885722
1374192374,25,2420585
1374192578,11,1237762
1374192870,13,7359523
1374193488,15,995023
1374194570,25,7775471
1374194845,7,3270638
1374197617,18,6910640
1374198054,6,684710
1374198609,46,22541785
1374198619,30,16896816
1374198913,12,5335852
1374198970,56,26180971
1374199852,18,1956278
1374200211,23,10572579
1374201445,5,1616556
1374203591,16,2050555
1374203731,16,14243517
1374204579,26,10898921
1374205400,8,407081
1374207415,19,9241713
1374207454,26,6341003
1374208546,12,6132629
1374209789,35,612517
1374210369,7,2531685
1374210588,22,1665376
1374210974,11,1645173
1374214138,92,5617172
1374215047,4,377463
1374215507,11,6802703
1374215957,10,544085
1374216595,11,1416936
1374218011,25,1976945
1374218977,8,296043
1374220327,78,1822320
1374221013,15,2289004
1374222821,9,1091244
1374223310,12,1371884
1374224031,16,406788
1374224301,42,3013818
1374224899,10,595096
1374227169,20,9165994
1374228102,25,449075
1374234140,29,10987441
1374234525,8,760041
1374235070,33,756801
1374235153,6,176582
1374235976,11,857115
1374236302,13,3166358
1374236813,18,10574342
1374238570,21,12423713
1374238591,20,4108987
1374239243,7,1494793
1374239588,40,12157088
1374239839,46,18356885
1374240802,270,88025751
1374240804,3,488280
1374241279,250,180894134
1374241934,10,1561899
1374242147,291,51508740
1374242168,112,19374882
1374242588,27,6976906
1374243100,109,38227107
1374243679,13,2201296
1374245064,53,15695715
1374245084,10,2592610
1374245516,13,873875
1374246274,8,341729
1374246770,3,850585
1374248409,21,7979685
1374248589,7,5169802
1374251190,124,47471971
1374252044,181,82856616
1374252386,7,5129205
1374252422,67,1905684
1374252657,11,3360717
1374252965,10,1066980
1374253245,41,8633343
1374254486,12,841632
1374254768,4,500360
1374256055,31,2355330
1374256330,19,7096151
1374256475,37,6919295
1374258362,78,39055689
1374260210,8,3822408
1374260526,10,4809866
1374261665,19,5573577
1374262288,13,2909036
1374262422,26,8157190
1374262815,11,7335777
1374263547,19,7459066
1374265679,68,19653286
1374266009,14,2483465
1374266468,26,8977941
1374266676,22,16214816
1374267534,61,35492497
1374269537,15,3297165
1374269652,31,8236176
1374269894,105,42616946
1374270069,14,4211282
1374270227,22,8243708
1374270757,19,6260619
1374272251,55,4142017
1374272480,3,308784
1374272820,64,28578904
1374272892,8,426297
1374273139,19,6457987
1374273638,25,6112079
1374274509,9,1381093
1374274651,5,1817282
1374274940,8,1005539
1374276000,23,4688833
1374276469,18,5626332
1374276692,40,15398764
1374276788,36,12339416
1374277214,19,2058764
1374277301,5,1019537
1374277908,17,6539882
1374278386,8,690826
1374278401,12,5197397
1374279467,22,5346672
1374280022,36,18073794
1374280041,13,3147466
1374280701,4,231667
1374281763,11,1789332
1374282987,12,1515298
1374284206,10,737223
1374285513,19,7791258
1374285935,100,8606127
1374286135,3,483392
1374287564,7,325747
1374289291,70,5336528
1374289817,15,1116290
1374290203,16,1367420
1374291231,7,2124962
1374293304,16,1581260
1374295558,13,2117613
1374296078,14,910254
1374297444,6,66175
1374298198,12,874000
1374298348,50,14015405
1374299352,6,823617
1374301163,10,292613
1374301916,13,1332457
1374304949,55,4765445
1374305932,16,1812641
1374305958,5,328888
1374306272,36,2270304
1374306836,26,1360143
1374309864,14,4241476
1374312134,23,3512741
1374312968,28,3629916
1374313497,158,67148080
1374313562,95,11487654
1374317363,7,856344
1374317831,38,10084751
1374318268,39,11733416
1374318679,5,439206
1374319762,24,1244015
1374319915,13,4296907
1374320129,20,3497328
1374320617,8,499555
1374320707,28,8842561
1374322105,121,9195378
1374322133,13,2501015
1374322703,9,484834
1374322847,3,1047970
1374323060,45,13785845
1374323747,18,6449755
1374324158,5,812756
1374324252,82,23296467
1374324439,38,14167741
1374325249,64,8947529
1374325298,11,1464023
1374325507,258,125690212
1374326292,9,3012386
1374326461,9,709290
1374328583,33,2752578
1374329329,14,2913456
1374330969,18,5664778
1374330996,31,4185540
1374333444,7,2309625
1374333458,6,3212768
1374334474,39,17100749
1374335125,24,8540085
1374335262,37,9350987
1374335555,35,22016214
1374336723,12,3318774
1374337060,11,3482868
1374337105,10,1608505
1374337296,3,807828
1374337950,15,3778477
1374338847,27,7996886
1374339165,23,4866453
1374339311,15,6815934
1374339440,9,893937
1374340341,7,2275324
1374340728,21,8916775
1374341442,37,5758456
1374342392,28,13818151
1374345081,20,4313677
1374346485,13,2600684
1374346910,33,2810034
1374347060,20,1759842
1374365716,7,2899498
1374368517,31,14928637
1374381888,47,6858310
1374388920,12,1746504
1374389012,20,8388329
1374390184,36,6195110
1374399573,9,1169399
1374410722,14,575076
1374417264,7,501042
1374420521,15,4743689
1374431857,13,3061967
1374434356,21,9472246
1374438728,5,573475
1374440187,13,2163282
1374444316,8,511868
1374447022,6,804146
1374448796,9,471224
1374461185,6,503862
1374464315,10,3006158
1374466156,81,30156033
1374483999,26,9491899
1374484991,9,2470489
1374488451,17,4330020
1374490094,6,4683208
1374492293,14,7722554
1374510289,52,4071102
1374511615,82,25320750
1374512289,61,13783172
1374514272,15,6129947
1374517297,94,21648586
1374519903,4,297406
1374520139,19,11988325
1374520627,6,1554077
1374522142,6,1406556
1374523203,26,7190498
1374523601,12,9317407
1374523623,15,3271736
1374525888,10,2783511
1374526610,81,31217096
1374527738,23,7939739
1374528518,7,268954
1374530634,16,3952209
1374530755,124,49227557
1374533372,5,2448788
1374534430,28,3024344
1374535661,18,10784867
1374536441,13,1027538
1374538828,3,1768754
1374539169,14,914880
1374539346,13,2114005
1374541073,7,1097347
1374541573,8,651296
1374542499,17,7641699
1374548313,4,198642
1374551419,18,7401283
1374551804,23,4416535
1374555792,201,68547133
1374557905,20,5594310
1374558778,3,66392
1374558862,6,1257595
1374559947,57,17395089
1374560193,80,23177206
1374560337,218,88237959
1374560556,7,1347150
1374561354,10,3206202
1374563575,8,1188509
1374563984,24,8052714
1374565212,114,43768180
1374567760,56,14153577
1374575604,8,1628928
1374575661,95,65610586
1374576808,9,1577624
1374580541,6,1109045
1374591779,17,1217110
1374595625,3,806205
1374595663,158,108563718
1374595869,6,366245
1374596979,7,8522049
1374602955,40,1464542
1374603108,6,271111
1374604969,3,358581
1374605413,7,2648688
1374605470,6,1617829
1374605496,109,33103294
1374606076,72,29152343
1374608037,202,107934270
1374608396,8,1069362
1374608446,12,3168049
1374609938,79,43559130
1374610455,14,725584
1374612361,32,13628356
1374615337,12,2730934
1374615654,41,17984166
1374618496,15,2916681
1374618975,35,18445376
1374621067,11,729867
1374621139,48,17664593
1374622800,51,14156252
1374625937,35,14242591
1374626841,29,6241111
1374628227,36,16898829
1374630304,14,4027024
1374630355,16,3928890
1374634120,17,1683603
1374635659,11,2441271
1374637168,24,5250305
1374645951,13,1213811
1374648228,4,162712
1374648273,25,3528214
1374650229,8,1726007
1374650909,15,916539
1374651662,30,1970779
1374651720,22,1702910
1374652576,4,217920
1374654305,10,361119
1374656079,9,8002469
1374656804,9,1153773
1374656994,16,1119114
1374658467,27,8709599
1374659313,18,2262902
1374659622,30,632988
1374662357,18,1172416
1374664070,12,1299436
1374665291,4,242719
1374665985,4,855151
1374668441,93,48757646
1374669599,8,1348951
1374673343,3,945255
1374674216,11,4057387
1374676007,10,804192
1374676391,10,1701872
1374677360,69,18090020
1374677890,30,2067393
1374679175,5,2430669
1374679327,3,232460
1374681324,44,15114484
1374681534,26,7575106
1374682112,3,656514
1374682743,13,3470534
1374685391,16,4077761
1374685420,14,1209994
1374685479,106,42512379
1374688564,8,553471
1374689254,6,3150212
1374689441,14,6559496
1374690511,5,1774502
1374690766,22,7667818
1374691164,6,6486138
1374691925,35,17525067
1374692576,82,24653403
1374692622,36,13677732
1374693717,7,4129907
1374694394,6,1338008
1374694942,9,2579130
1374697051,44,14882515
1374698046,9,1104154
1374698699,16,4438315
1374698727,5,537305
1374698851,11,4567897
1374698963,21,3196601
1374699928,49,28114626
1374700305,8,3765105
1374700366,11,2287148
1374701473,24,7565591
1374701696,12,3721548
1374701982,27,8963530
1374702073,18,1693727
1374703564,47,26978215
1374704567,17,7611167
1374705510,11,5097776
1374706801,32,1019533
1374708380,7,305964
1374708467,3,589696
1374708947,15,6503066
1374709165,13,1151200
1374710401,10,1567720
1374712455,19,1259964
1374713093,4,1397298
1374713292,12,2432288
1374715451,26,678826
1374715842,3,966467
1374718687,12,646407
1374720891,18,9174422
1374722591,31,1208376
1374723766,11,5402582
1374723807,11,5456723
1374724984,26,5205782
1374725697,19,2639118
1374728230,33,1494862
1374731349,13,1240394
1374733544,15,1888982
1374736012,51,2013627
1374736244,15,3821069
1374737730,26,14798261
1374738573,13,5964001
1374738680,15,3655400
1374739966,11,1650959
1374741247,34,10207331
1374741391,9,686499
1374744066,8,595593
1374745667,5,1382760
1374746400,13,4192223
1374746498,9,2982971
1374747283,26,2650991
1374749081,160,90220793
1374749167,6,1951709
1374749506,28,6544970
1374749571,50,4927409
1374750076,8,2901361
1374750125,33,14089781
1374750514,9,661646
1374750676,78,23219381
1374750930,12,1433885
1374751958,13,1768559
1374752688,17,2131674
1374753117,15,1378869
1374754516,4,1075742
1374755776,92,62013131
1374755801,23,16610982
1374756013,10,1872607
1374756365,12,1168405
1374756502,17,904970
1374756511,100,54392656
1374757084,23,1934902
1374757099,11,985261
1374757756,24,1794377
1374757951,29,2509719
1374758683,18,6924800
1374759355,8,1449989
1374759520,3,136040
1374760090,98,6371715
1374760354,9,789646
1374760509,45,47632716
1374760675,30,676557
1374762306,11,6930432
1374763317,12,3207410
1374763610,146,40694141
1374764254,22,10252054
1374764337,12,1399364
1374764592,9,995194
1374764892,10,3532845
1374764912,31,4972746
1374766606,13,4799090
1374766950,23,5160869
1374767441,25,1671595
1374767557,5,5140041
1374768476,12,1049683
1374768564,18,5129729
1374768629,26,4544601
1374768686,23,1402703
1374768896,73,25805477
1374769175,14,1457468
1374769567,19,7908063
1374769862,9,776395
1374770121,16,3839650
1374771315,3,462753
1374771608,69,25329379
1374772052,33,10699041
1374772451,7,2749411
1374773220,17,9961282
1374773381,13,5081038
1374773615,61,37769189
1374773847,14,6414754
1374774040,8,2385991
1374774475,13,1278479
1374774951,11,6419391
1374775203,15,3640681
1374776884,13,2221600
1374777532,26,10405873
1374777992,17,3574830
1374778146,10,1928344
1374779453,19,641203
1374779648,12,1918162
1374779699,24,3739271
1374781202,45,26022069
1374781895,97,8769889
1374783803,31,5906665
1374784519,13,455816
1374784568,10,5516850
1374785761,6,1924645
1374786100,13,2193768
1374787610,6,2116522
1374787922,21,1786498
1374787988,13,6703359
1374790998,3,514497
1374791120,12,3424661
1374791408,23,4216480
1374792521,51,5959981
1374792635,10,1251055
1374793285,9,1578534
1374793996,5,1132512
1374794537,13,1634485
1374796768,25,802251
1374798570,9,4427499
1374798628,14,2549245
1374798896,20,1532493
1374799021,4,3028632
1374802969,9,4378016
1374804167,28,2553013
1374806763,21,4328249
1374808157,4,916232
1374808445,14,965877
1374809275,171,55211065
1374809337,5,269829
1374810236,24,2470797
1374810851,9,3287343
1374810913,13,2841756
1374811470,34,6960538
1374813557,44,18479658
1374815072,28,17056777
1374815123,44,10702498
1374815527,34,1767472
1374815684,30,10165244
1374816344,3,782115
1374817135,13,3093150
1374817619,21,7064534
1374817907,95,42348443
1374818849,32,17595854
1374819404,29,8311383
1374820561,16,9055473
1374821322,14,5251119
1374822301,36,3227600
1374822452,5,381990
1374823075,72,55814747
1374823187,18,4673526
1374823467,44,16702429
1374823576,56,9709888
1374823702,11,3677826
1374824377,7,291479
1374825290,7,3027780
1374825371,15,4891902
1374825378,12,1952838
1374825789,28,5441241
1374826038,12,727671
1374826732,45,10646389
1374828195,24,6268766
1374830316,4,1542628
1374831012,10,1785886
1374831151,16,1424020
1374831744,6,1817983
1374831891,18,10589301
1374832893,15,1832664
1374832951,7,807275
1374833239,5,1048441
1374834183,21,1725893
1374834521,16,6400097
1374834602,8,3086778
1374835434,6,2050541
1374836229,8,1643784
1374836762,8,4279540
1374836791,5,1339456
1374837065,27,10527386
1374837246,11,1603305
1374838246,13,2993149
1374838825,47,2074509
1374838840,15,6182284
1374840389,22,6945624
1374842393,7,1094539
1374856889,26,2212512
1374860111,12,1438059
1374862098,14,2838776
1374871115,7,971971
1374874078,12,3006730
1374876713,4,160206
1374881765,46,6474821
1374882220,3,314929
1374888287,23,4075784
1374925488,7,341353
1374941375,7,397663
1374976108,25,6481330
1374976787,30,2104120
1374977726,31,2095054
1374980989,13,730649
1374985869,10,2837679
1374986894,18,2982566
1374987486,31,11972702
1374989382,29,8520416
1374990652,13,1429892
1374990872,14,2672593
1374993354,15,2211367
1374997014,19,1247228
1375000452,29,1318942
1375007050,12,4611828
1375012379,98,30694267
1375013505,19,4380938
1375018681,99,31892684
1375021659,13,6644650
1375022419,11,3320852
1375024984,10,1372474
1375025466,37,17057914
1375026118,10,622787
1375027181,28,8681637
1375029039,10,4260621
1375029902,17,899837
1375030049,5,222389
1375030820,64,21366571
1375031765,8,313628
1375031882,39,12488275
1375034112,9,631951
1375034169,8,1839749
1375038931,43,2912403
1375046405,16,1697747
1375053745,5,140250
1375053818,5,324743
1375058614,311,107916573
1375059210,27,10847249
1375062508,8,2331258
1375062615,7,512655
1375064295,6,1201407
1375064855,147,55397837
1375066403,9,2618330
1375066720,8,2618819
1375068259,25,6796524
1375069933,49,19060618
1375072815,4,1034579
1375077618,15,984698
1375078633,19,1104300
1375079475,55,3046587
1375081989,36,14604851
1375082757,78,42646579
1375086066,10,397658
1375089300,49,31203778
1375089420,6,1813190
1375093136,17,835650
1375093619,7,91775
1375094103,14,1796366
1375095166,27,1697216
1375095916,11,3715256
1375098776,13,618767
1375099479,27,11742234
1375101802,9,1087398
1375105951,59,23810682
1375108552,18,3593884
1375110137,16,1198252
1375110885,192,80394418
1375113193,34,4824380
1375113832,112,42034412
1375114141,32,13475115
1375114478,60,13285958
1375115188,15,2747963
1375118154,45,13819779
1375118398,5,1545693
1375120386,5,3113931
1375121392,5,959264
1375121976,178,35836227
1375122406,15,4070376
1375124388,89,34283451
1375124813,32,15514620
1375125545,7,2042336
1375126857,12,3058032
1375127265,24,9518176
1375127497,5,1440527
1375131465,13,2712541
1375132251,49,22498922
1375134144,55,16881919
1375134821,21,10003033
1375136672,59,21846274
1375137334,26,6146408
1375137448,33,13995621
1375141882,10,1061656
1375147763,16,3913587
1375148022,5,1357076
1375148189,7,19709328
1375150047,52,1516962
1375161421,65,3331708
1375161580,26,8691314
1375164302,14,1126695
1375165085,16,1207155
1375167526,5,1119555
1375172204,29,17660745
1375173843,14,454962
1375173879,220,84965311
1375174496,14,635286
1375177999,31,515706
1375179039,10,733430
1375180567,19,5217673
1375181098,9,1836862
1375182156,10,264687
1375182445,12,906865
1375182800,50,1303275
1375183463,29,8385381
1375184396,25,6763889
1375185417,8,1540399
1375186552,11,249961
1375186727,24,245555
1375187209,16,733411
1375188903,40,26749975
1375189643,70,22111641
1375190074,3,2229539
1375190684,3,963394
1375192231,22,5223030
1375192468,10,658114
1375192546,10,896230
1375192758,7,2106779
1375193755,12,5184805
1375193987,20,5141505
1375195070,15,4063150
1375195937,57,2892791
1375196256,20,9803889
1375197235,5,1030342
1375197332,12,1214406
1375197549,5,68252
1375198771,14,8832455
1375200855,15,6584281
1375201053,20,8139150
1375201067,19,2470232
1375201935,16,664239
1375202059,60,22511975
1375202416,8,2371100
1375202837,14,7013856
1375202992,22,8211892
1375203858,21,1273826
1375204163,42,29141470
1375204802,14,3803898
1375205043,11,3321789
1375205747,14,726620
1375205810,6,2840707
1375205854,17,9022345
1375206035,20,9271917
1375207316,58,3593437
1375208095,13,5033877
1375208251,11,2372127
1375208401,18,7358759
1375209325,17,2732271
1375210584,8,1099777
1375211597,22,16409690
1375212989,13,4763954
1375213302,15,5712145
1375214343,62,5085982
1375214651,20,799305
1375214826,5,953710
1375215517,27,1690368
1375215919,8,1705477
1375216109,24,1937378
1375216316,40,33565522
1375217628,15,1772310
1375217709,5,1522127
1375220519,19,809149
1375222527,91,5965439
1375225901,20,1575317
1375227328,24,2946218
1375235548,12,574228
1375241012,23,1005864
1375243202,84,8663272
1375246262,40,24718081
1375246911,22,5442431
1375247428,10,2014929
1375247844,17,1401263
1375248948,10,2091002
1375249185,266,133017747
1375250158,51,40982819
1375250222,14,1694954
1375250476,92,32135857
1375251432,4,361597
1375252790,10,659495
1375253624,41,15609043
1375254730,32,12060997
1375255081,11,1032855
1375255145,44,5202551
1375255365,65,30937156
1375256447,80,54167556
1375256640,5,718324
1375256870,3,1011524
1375257944,11,968369
1375258006,78,21382532
1375258081,8,1385364
1375261128,48,14998583
1375261450,12,4885983
1375261914,15,767637
1375262093,3,235852
1375264346,51,5757208
1375264469,12,7649433
1375264623,21,12155808
1375265042,120,3380392
1375265098,19,6879229
1375265190,30,8098759
1375265315,29,8588681
1375265359,7,456518
1375265766,48,11697865
1375265922,16,2491899
1375267637,43,18316017
1375268703,65,24271642
1375268786,58,17855100
1375269061,4,684163
1375269264,52,2544488
1375269334,57,28127153
1375269677,13,3508491
1375269832,23,9180972
1375269849,9,2391234
1375271192,12,2776479
1375271227,21,977471
1375271273,33,4857376
1375272612,67,2677185
1375272747,14,5744351
1375273279,269,159079643
1375273348,26,9226434
1375273367,38,10068000
1375273506,6,1534975
1375273973,19,10277002
1375274334,26,15414589
1375274369,7,6139441
1375274411,53,25013517
1375274797,26,15148588
1375275871,63,22498748
1375276785,20,6244164
1375277237,30,5165137
1375277875,19,2452315
1375277969,5,2023863
1375278185,8,930608
1375278652,12,1596286
1375279324,20,5702068
1375279508,23,17556373
1375280003,18,9424581
1375281850,5,1068724
1375282447,43,19995201
1375282457,13,3631515
1375283072,17,1435596
1375284226,26,7710071
1375285135,17,6368652
1375285701,10,2956322
1375285981,14,3667235
1375286348,10,703124
1375287652,39,28691937
1375287658,16,3699218
1375288642,9,2207631
1375288666,35,19337600
1375289044,22,2076654
1375289121,8,285764
1375289401,15,1437957
1375290467,8,3889387
1375292400,17,1308692
1375292454,14,5811203
1375296097,34,2650970
1375296842,41,1435024
1375296973,20,989681
1375303731,23,2024512
1375307228,9,3237486
1375307264,23,2814673
1375307388,20,1768455
1375307420,8,671041
1375309439,9,2361041
1375310653,6,1717820
1375312313,18,1432188
1375312818,31,2471893
1375315547,12,3204994
1375316973,5,1444587
1375317277,439,165114345
1375318005,49,20363632
1375318881,7,1629480
1375319256,22,1580459
1375319282,11,773914
1375320100,18,3411109
1375323614,19,5446069
1375324427,17,1750656
1375324437,15,4229812
1375325601,18,6160579
1375326159,7,1720391
1375326372,15,4039979
1375326573,64,40132384
1375326768,18,2798992
1375327017,14,4209142
1375328771,13,4042526
1375330060,12,930616
1375330192,15,8320157
1375331503,14,4347087
1375332475,21,8924622
1375333362,6,198756
1375333597,26,15652807
1375334698,34,11675863
1375335484,19,6587862
1375335894,4,1515415
1375336563,6,725950
1375337497,16,3082410
1375337518,58,30608679
1375338635,36,14814822
1375338985,42,12761327
1375338994,10,494800
1375339610,17,1868288
1375339957,22,994204
1375340916,20,4506487
1375341346,15,2909797
1375341590,8,1750488
1375341834,6,2702054
1375342146,27,7358993
1375343923,6,687314
1375344039,9,824535
1375344788,30,14818436
1375345277,16,3303550
1375345970,5,2595300
1375346060,3,169694
1375347149,21,4175508
1375347379,20,6918962
1375350642,11,1236447
1375350882,33,3219206
1375362679,13,1027316
1375364978,32,3086479
1375379621,9,1878747
1375387026,6,217462
1375389231,5,704537
1375393277,12,10402122
1375394434,12,2788338
1375432898,40,3639755
1375443197,9,852814
1375443457,6,727947
1375453846,9,533177
1375471293,11,1399044
1375473632,4,124915
1375476843,7,1114826
1375478987,12,826731
1375483822,51,4138082
1375488975,9,665124
1375490812,3,166054
1375497021,13,2802578
1375498483,14,5570860
1375498521,10,978431
1375500040,5,1573951
1375501249,9,621173
1375503519,41,2333029
1375511127,5,472125
1375512408,76,6013362
1375516458,3,142798
1375518123,8,859435
1375522602,10,616268
1375522605,8,520557
1375525021,78,21176772
1375525343,5,464220
1375526694,33,1517003
1375527445,31,2219531
1375527736,16,3032628
1375527757,5,339780
1375528391,145,48346427
1375532186,21,3204168
1375532518,6,849205
1375534536,13,1042132
1375535526,37,16099137
1375536569,6,255273
1375538845,9,4722544
1375539375,13,3516457
1375539926,72,25969134
1375540387,10,2528037
1375540554,4,639696
1375542429,15,3238797
1375543920,18,1713656
1375543982,24,5573245
1375544261,5,252351
1375547579,15,5579466
1375548437,12,4583578
1375549085,9,4286599
1375554370,21,12768455
1375572234,274,79782556
1375574773,14,1411224
1375578928,8,1089707
1375579204,8,1800202
1375582270,60,23523696
1375583827,5,1486188
1375586147,18,5114411
1375590083,13,2126365
1375590196,10,3968019
1375592751,7,231591
1375593726,25,3674374
1375593794,14,5254841
1375595142,100,41823961
1375596157,32,9750121
1375598303,10,2869326
1375599622,97,48928143
1375606103,5,416819
1375613653,34,103518
1375613963,19,1894007
1375616106,33,3568371
1375617142,52,1401789
1375618747,16,624207
1375623060,54,5025980
1375624446,11,1202182
1375626764,13,4218552
1375627204,11,1078347
1375627677,7,643928
1375629018,9,1820062
1375629223,3,3582
1375630026,6,664055
1375630227,104,39310138
1375632121,55,27258103
1375632285,25,2633491
1375633096,176,15168572
1375633396,12,733439
1375635848,64,19991135
1375637867,13,2366666
1375639489,17,1098282
1375640263,41,16165589
1375642846,9,8033970
1375644297,12,725984
1375647919,5,2449415
1375648313,12,218568
1375649459,32,11003059
1375651469,13,12208226
1375652176,14,5420192
1375652261,13,906697
1375653412,49,1298352
1375655496,4,478353
1375655511,4,2465520
1375655564,9,4972102
1375655568,23,8680008
1375655926,26,1291858
1375656005,13,716504
1375656090,31,8735622
1375657133,6,1094338
1375658318,9,1815007
1375660345,27,1830480
1375665570,17,1840974
1375665917,16,4355326
1375667530,34,1253836
1375668512,64,7409019
1375673410,18,1086697
1375675188,15,669075
1375675480,10,515567
1375675944,8,601496
1375676108,14,1707923
1375677138,4,896978
1375679034,9,872406
1375679037,31,1764077
1375679979,30,1595130
1375680469,26,1271833
1375680801,11,521728
1375681538,25,9660419
1375681841,19,2560500
1375682605,38,2677194
1375683478,3,222805
1375683782,7,374654
1375684034,16,1047574
1375685036,8,464966
1375687580,33,3800052
1375689263,15,2144999
1375690857,66,18793650
1375691063,41,17894768
1375694323,16,1587884
1375694659,9,2365063
1375696541,41,18441433
1375697273,37,12708034
1375698512,32,9912983
1375699840,12,1403894
1375700269,17,1672279
1375700766,200,87425794
1375700958,15,4452022
1375701880,10,223113
1375702819,24,1934145
1375703140,5,3503370
1375704374,35,10109110
1375705761,42,16380291
1375705788,27,2013069
1375705951,25,1931675
1375706045,20,7702789
1375706109,14,4302834
1375706137,41,1220630
1375707134,24,1065648
1375707831,72,1249200
1375708058,17,2801754
1375708298,24,1740914
1375710142,220,105006848
1375710284,9,2284107
1375710820,16,3200828
1375711809,27,7862485
1375712661,8,4150002
1375713741,6,1605315
1375714029,14,1037531
1375715384,18,458433
1375715839,20,2781068
1375716387,20,8639368
1375716447,10,7659247
1375716992,17,5478215
1375717753,27,12738135
1375718016,35,8195690
1375718895,13,3588439
1375720803,205,85276279
1375720879,18,8880952
1375721875,13,6318805
1375721888,35,6194913
1375722768,66,37551956
1375723475,20,2329163
1375723643,20,10068490
1375724043,18,912018
1375725301,12,1256668
1375726601,6,768590
1375728868,11,827471
1375730116,20,2137691
1375730794,28,2487967
1375732995,13,6989340
1375733311,22,1460437
1375736155,4,1369442
1375737391,25,1286481
1375738488,12,772830
1375739351,21,8155255
1375740003,6,10081142
1375741320,27,660796
1375743640,10,1490868
1375749020,22,2718967
1375749554,7,2408582
1375750993,11,3579832
1375751350,12,1007428
1375751895,14,3564010
1375757777,18,1662657
1375761115,16,359322
1375761490,27,518361
1375764876,84,37338555
1375765215,14,4080681
1375765990,114,41199027
1375766179,723,71003948
1375766838,14,1550230
1375766916,17,4653604
1375767005,14,937425
1375767203,25,1188285
1375767495,8,335988
1375767896,26,1798219
1375767968,31,11771469
1375772037,9,3814181
1375773196,152,107306846
1375774539,13,2483844
1375776333,155,75312138
1375777156,24,350633
1375777995,9,4784502
1375778950,99,9904675
1375778992,45,22091162
1375779207,44,11983132
1375779452,10,2712776
1375780103,9,764142
1375780267,23,11656680
1375782884,12,678452
1375784217,12,4065917
1375784813,30,6974191
1375785447,17,4977641
1375786194,11,2241273
1375786597,13,780749
1375787000,6,661227
1375787025,20,8785116
1375787295,8,3963599
1375788984,28,1696888
1375789132,104,51221670
1375789932,112,48832480
1375790102,68,7095261
1375791241,27,7390565
1375792008,26,17237400
1375792221,5,534594
1375792427,13,3388502
1375792634,3,132223
1375792770,6,409915
1375793028,9,5328250
1375794323,19,491086
1375794809,26,573259
1375795134,14,2494082
1375795170,25,2545416
1375795902,41,6274927
1375796576,9,432529
1375796752,11,2722104
1375796960,16,8488890
1375798076,15,1128292
1375798903,19,4962557
1375799117,10,5127422
1375799186,6,1316476
1375799320,14,10681034
1375799342,97,59903243
1375799766,24,13062226
1375799814,16,3644338
1375800265,35,7944938
1375802944,46,18372593
1375804783,6,700453
1375805690,9,623556
1375805867,18,1433244
1375806053,23,6213586
1375807614,5,219877
1375807675,6,166891
1375807738,30,1506997
1375809064,15,3032896
1375810304,14,2354247
1375810869,12,10111576
1375811022,8,1461193
1375811253,5,1611175
1375811876,49,3773449
1375812585,74,1827874
1375812880,22,1630673
1375814792,15,1110699
1375815476,19,5268661
1375816199,16,1453071
1375816750,29,14134286
1375817180,5,256066
1375818246,16,2114502
1375820168,11,2870256
1375820198,16,1051251
1375820711,9,418777
1375821419,10,866314
1375822927,3,322910
1375824019,40,3117930
1375827475,12,2984366
1375827736,7,545177
1375828446,9,1818689
1375829225,30,8457657
1375830191,8,4755293
1375830378,7,612113
1375831977,15,5124214
1375834666,14,4337239
1375837231,20,8671459
1375838200,21,1206307
1375838342,258,62842671
1375838427,21,1901320
1375839116,4,939499
1375840644,18,2955521
1375841075,152,61388254
1375841740,9,3446460
1375841939,31,12197177
1375842088,32,11989944
1375843888,7,3389333
1375844229,5,1835499
1375844829,12,914335
1375845982,19,8530799
1375846287,9,1835648
1375846721,170,60193200
1375847156,11,206178
1375848478,58,2364267
1375848806,32,9174189
1375851693,12,2645417
1375852518,34,10374154
1375852787,31,11674376
1375854712,13,2781690
1375855087,41,4402506
1375855455,18,9598921
1375855874,20,413355
1375856457,18,1035095
1375856966,14,1523657
1375858650,73,15420989
1375859050,23,6889367
1375859960,18,6565606
1375860009,13,1784226
1375860194,20,1056191
1375862382,28,3424583
1375862684,21,5508276
1375863003,20,5256736
1375863626,4,106620
1375863913,60,28947727
1375864449,15,3768264
1375864783,16,7252557
1375864896,29,1248326
1375866722,31,5151378
1375867485,43,22636799
1375868292,7,223711
1375868696,10,2737673
1375869839,35,13315699
1375870040,5,966158
1375870263,8,1081913
1375870751,12,4311686
1375871264,36,4837641
1375871935,5,2008571
1375872205,18,638348
1375872255,22,8037276
1375872752,9,979807
1375873031,38,2713015
1375873363,11,3153174
1375875147,11,2487898
1375875302,31,20160740
1375875805,3,329978
1375876531,4,1619426
1375878028,16,1679670
1375878683,27,7323269
1375878875,10,8554231
1375880596,11,8607151
1375883584,19,5593154
1375885602,14,1425934
1375891423,22,6511536
1375891628,78,7915922
1375892902,38,3649314
1375897992,8,1180677
1375901399,16,969743
1375905409,13,822701
1375907065,24,4691855
1375908149,16,2839259
1375920217,13,934887
1375920293,21,1886081
1375921687,11,810451
1375932333,9,979947
1375948611,13,10932425
1375972654,7,325399
1375981933,6,381364
1375986141,23,1353278
1375986363,6,312210
1375987862,8,302010
1375989834,12,757725
1375993182,6,1032395
1376000753,45,17926709
1376002679,51,17684311
1376035802,14,2107154
1376045945,31,16330580
1376047105,73,2045357
1376050629,15,4652672
1376052146,27,1904776
1376056223,23,12093088
1376057541,7,615673
1376057784,14,8598613
1376059250,31,4621047
1376059635,14,1912227
1376060522,53,18268409
1376065031,15,7384485
1376067613,16,4331046
1376089844,142,87544326
1376092594,24,9950968
1376094882,52,39692899
1376095682,10,2239238
1376096258,3,109257
1376097983,14,17631405
1376098090,4,1083991
1376099124,31,4958573
1376100033,62,20277348
1376100755,17,9609519
1376103872,13,4109298
1376104441,23,5219429
1376105424,84,3595106
1376105673,26,1837780
1376105946,28,11229054
1376111957,10,4910656
1376112065,12,1615750
1376113002,16,1313818
1376113742,7,295766
1376113940,7,1623225
1376114273,10,2788168
1376114306,10,1697435
1376114544,19,3022715
1376114962,33,657641
1376115272,16,4512749
1376116831,4,2580673
1376117195,61,13241494
1376117843,8,742171
1376117914,16,3589164
1376118959,23,10477550
1376119218,24,8292788
1376121025,9,1738644
1376122593,15,458072
1376123017,6,1358492
1376123735,3,348481
1376123821,13,1507896
1376124973,10,3797658
1376133724,26,2683641
1376135752,31,1321946
1376136540,68,902919
1376137909,8,379708
1376142948,10,873422
1376143864,8,1547246
1376149035,15,990127
1376149326,4,2324601
1376150596,6,2964833
1376152558,5,1010685
1376152974,8,2550892
1376153798,34,649354
1376154329,13,6645691
1376155567,50,9814748
1376155674,14,7735967
1376156240,37,9398215
1376157212,142,84034887
1376157290,97,71265355
1376162007,16,11010500
1376162500,27,5653710
1376162518,11,3152366
1376163872,6,1770532
1376164671,4,1060074
1376165530,12,1600624
1376165678,9,4795479
1376165897,17,4695293
1376167009,24,10160075
1376167385,20,3949502
1376167411,26,7658591
1376167518,8,4652066
1376170526,16,4477344
1376172140,26,5817257
1376172216,3,430518
1376172615,12,3015799
1376172671,134,57022551
1376173128,96,2930806
1376174418,67,19196383
1376175926,21,3599621
1376175992,3,757731
1376177819,17,4155917
1376178275,4,1321417
1376179465,36,10101733
1376179472,26,9585119
1376180493,59,13684098
1376180773,20,7089036
1376181242,100,41521678
1376181994,41,22687426
1376182140,5,722259
1376182735,11,4232771
1376183191,9,2234803
1376186113,6,1266426
1376187978,3,493236
1376188883,9,1564826
1376194264,12,1714934
1376195576,19,6212195
1376195882,20,321814
1376200772,27,1323301
1376202048,15,3369256
1376204870,4,198244
1376212478,13,266553
1376216406,39,541065
1376219801,16,1315480
1376221354,56,1637094
1376221406,5,737034
1376222494,6,833086
1376223652,13,5667415
1376225894,29,8137267
1376227421,9,1286839
1376229217,17,2074896
1376229525,8,2183629
1376232124,12,3046441
1376232911,17,6461751
1376233622,14,8469667
1376234563,105,33993242
1376235211,170,62162413
1376235996,56,29285925
1376236115,10,2686122
1376236484,4,1138016
1376237740,20,1130924
1376238459,33,10618902
1376239369,25,5403833
1376239420,36,22015014
1376242157,31,10523769
1376243888,9,1042686
1376245081,13,4723939
1376245119,56,28761896
1376245376,35,11631151
1376245673,11,4554353
1376248495,12,3396101
1376248684,37,4277895
1376249166,91,36979592
1376249432,16,7583787
1376249784,16,2321429
1376250495,3,632572
1376251174,21,7699785
1376251803,190,92325703
1376252501,100,52293292
1376253914,39,13011253
1376253964,5,1982016
1376254687,11,2624648
1376257254,14,595969
1376258468,21,6962168
1376261078,9,6143697
1376262206,30,9933936
1376262643,6,319955
1376264411,13,154327
1376265809,96,3079912
1376265898,13,1132018
1376266463,4,2631171
1376272059,25,2218736
1376275282,18,2112545
1376277666,30,4827036
1376277960,10,7839295
1376278634,17,958352
1376279305,37,3680266
1376284177,10,1467576
1376284381,23,2490878
1376287697,41,3023882
1376288248,19,2477820
1376292485,10,489604
1376292489,149,47737253
1376293071,112,59352847
1376293304,13,5375204
1376293573,4,547293
1376293887,6,157471
1376294315,21,9952050
1376296133,11,653884
1376297236,71,5742775
1376298214,18,11844197
1376298505,5,578259
1376298798,14,7061218
1376301152,8,3602183
1376301191,14,1468184
1376301813,15,6057293
1376302539,28,4903415
1376302746,11,1288226
1376303053,59,23160475
1376303205,30,21181163
1376303233,6,333187
1376303294,190,59519821
1376305566,60,20326276
1376306873,30,7134955
1376308477,28,4417433
1376309265,22,14702643
1376311309,4,226086
1376311960,21,5469145
1376312058,9,1361495
1376312293,9,1316823
1376314714,11,2356131
1376314919,24,16145485
1376315252,9,1612421
1376317830,5,1604730
1376318018,16,5837945
1376318911,53,10466980
1376319665,14,1325727
1376320553,24,8361470
1376320710,23,3055128
1376321173,13,2819811
1376321713,12,2259540
1376322159,8,1762790
1376322760,43,5912499
1376323013,15,8193931
1376323090,20,2188437
1376323568,7,1685042
1376324789,21,2738162
1376326070,6,2674640
1376326413,8,1803424
1376326424,25,12335014
1376327068,24,5234843
1376328642,27,12092790
1376328776,8,2728515
1376330651,9,2199365
1376331255,13,2128193
1376331744,30,288690
1376334358,41,827714
1376334574,27,16516544
1376337522,35,3254117
1376337944,7,397365
1376339411,11,7834954
1376341948,13,1063449
1376342283,10,4559984
1376343548,12,1239701
1376345428,41,1997165
1376347262,17,1439642
1376347747,5,554754
1376347960,47,1791781
1376348783,15,2324846
1376349216,9,780184
1376349494,53,4762142
1376349609,11,1436537
1376350191,9,1274852
1376351583,9,2295349
1376354757,12,979753
1376354914,20,288499
1376356084,16,350275
1376357034,11,820092
1376360368,83,3791465
1376363275,13,3796346
1376363739,8,530476
1376366206,7,763216
1376369010,57,3146429
1376370092,27,9756605
1376370105,69,18723592
1376370186,18,4531239
1376370364,7,1828889
1376371675,32,3061853
1376375159,19,347963
1376375335,43,16681984
1376378767,8,542776
1376381623,39,1083924
1376381759,19,1319380
1376381982,28,1447535
1376382179,12,862835
1376383133,11,1248639
1376383347,3,924806
1376383919,51,11120823
1376383941,36,2467001
1376383967,71,33187102
1376384219,21,693158
1376384292,4,1102438
1376385998,104,38325278
1376387124,28,887529
1376388851,39,6292239
1376390868,16,1195874
1376391343,3,2936418
1376391744,23,1719556
1376392492,21,7262022
1376392825,5,978210
1376392909,33,11353441
1376393021,19,6867287
1376393223,53,23916569
1376393316,15,1487111
1376393368,7,4201933
1376394022,24,10939613
1376395111,19,3406158
1376396012,12,7459474
1376396511,20,7972892
1376396755,13,1492762
1376397921,22,4215635
1376398594,3,271630
1376398695,11,3008280
1376399330,17,9274890
1376399441,8,391204
1376400880,22,914494
1376401083,25,10692642
1376401192,28,4800203
1376401516,32,5553312
1376401716,13,1151166
1376402055,33,12911713
1376402553,21,1515463
1376402925,3,657360
1376402982,15,1063978
1376404158,15,721381
1376404430,29,11156207
1376404694,12,3251118
1376405311,17,2527532
1376406099,24,10318863
1376406780,21,11527126
1376407279,13,2588575
1376407706,21,4266606
1376411122,7,2116928
1376411462,25,17406346
1376411621,26,8965399
1376413288,4,667368
1376413487,9,5049222
1376413511,11,1982063
1376413567,15,2708084
1376413591,20,8329803
1376415240,14,2692634
1376417124,5,151925
1376417860,5,822472
1376419434,9,2282570
1376419908,31,16083190
1376420325,20,1970324
1376424364,19,5299134
1376425261,19,17709947
1376425894,23,1249855
1376429113,15,835042
1376430469,9,333548
1376430554,11,632332
1376435123,43,10018816
1376435191,9,944844
1376436439,22,1897196
1376436574,14,4308042
1376437872,10,592412
1376439809,4,1130936
1376440413,15,2039273
1376440926,15,1854738
1376442510,46,6286096
1376442640,12,1383996
1376442698,7,653185
1376443847,261,108455374
1376445021,44,12754525
1376445033,164,70036030
1376446145,14,1830738
1376446300,256,103320051
1376447672,6,2604386
1376448387,19,9487029
1376448729,89,35389295
1376451339,5,2049349
1376451489,14,9032944
1376451883,3,375872
1376452397,24,6218425
1376453096,6,2819585
1376453573,13,6038863
1376454674,16,4000895
1376455590,7,719468
1376455800,35,3091031
1376456084,28,1848621
1376457163,49,36766181
1376457679,32,16466639
1376457986,16,3392088
1376458333,17,3816272
1376458708,35,12364947
1376460644,25,15371199
1376461376,27,6095015
1376462959,37,9921877
1376463684,16,3870031
1376463876,93,2259807
1376466101,56,23078338
1376467564,33,12229437
1376468714,96,34449699
1376470183,10,1660721
1376470365,29,18530069
1376470687,15,4099907
1376471685,25,8427938
1376472162,16,591158
1376473314,6,1671828
1376473627,21,6269280
1376474025,30,2515723
1376474456,10,2694048
1376475737,33,9054533
1376475897,35,19534860
1376476474,3,587572
1376476575,16,5655363
1376477151,28,1710627
1376477374,22,863817
1376478465,8,2843496
1376478809,10,2396133
1376478826,45,21214999
1376479713,6,1626166
1376480348,12,4185664
1376480587,21,7318656
1376480658,16,5594523
1376480952,15,8151908
1376481406,27,16503492
1376481742,45,2434342
1376483805,18,6358198
1376483818,13,3867384
1376484678,17,5594199
1376487080,11,2039720
1376487477,17,3617154
1376487715,40,1344087
1376487873,19,1929381
1376490020,63,5465959
1376496450,75,3481373
1376496907,30,3003675
1376498811,7,373690
1376501697,23,1081069
1376502566,4,465072
1376508180,48,5402225
1376515323,13,2066817
1376516993,23,1345635
1376519366,18,2306084
1376522218,13,4763086
1376522739,52,9876862
1376525142,21,1241266
1376530041,15,614545
1376537118,12,802656
1376538198,25,3651882
1376542465,31,85907995
1376551476,23,13436156
1376604257,15,889259
1376616024,31,2170728
1376619669,10,1852265
1376623350,4,372788
1376636175,11,959936
1376649022,11,756284
1376650281,36,15721355
1376658379,17,828875
1376661120,20,3048409
1376662704,21,2038228
1376668498,32,7760210
1376668949,29,15577292
1376670308,46,3694755
1376670843,6,585386
1376672706,14,4274480
1376672775,34,15206569
1376678107,6,213285
1376680275,7,200327
1376680817,21,6525174
1376682094,20,9189499
1376683223,17,5049884
1376685678,9,2058658
1376686127,9,848497
1376686317,27,9959129
1376687440,31,9177899
1376688555,11,2593935
1376689086,7,1531687
1376691747,155,12258406
1376692992,106,52932385
1376696929,7,342924
1376698737,7,254474
1376699787,10,3392549
1376700244,124,73087613
1376701945,11,524060
1376703612,14,830364
1376704914,15,1183520
1376706596,126,66012188
1376706933,8,1727207
1376707230,4,303584
1376708955,16,13003070
1376709066,4,1654679
1376712554,56,6951581
1376713125,5,230428
1376713547,12,716412
1376714266,27,5274108
1376714897,5,1638982
1376714941,11,1061547
1376717032,11,1576794
1376717654,19,2019374
1376718540,21,6246749
1376720392,7,3854398
1376720971,14,4186321
1376721179,5,1577142
1376721868,4,689309
1376722363,24,8255886
1376723080,22,2685507
1376723147,20,4450529
1376724136,39,11179907
1376724147,32,7679820
1376724427,9,2721418
1376724907,17,6647708
1376725488,7,4560407
1376726313,8,2486662
1376726384,148,45522409
1376728025,4,1265451
1376728448,5,1410673
1376728669,24,8500111
1376729049,19,7829428
1376729412,81,48867435
1376731133,22,4241649
1376731185,51,1285075
1376731240,26,8535190
1376732244,19,1762039
1376732781,42,12829444
1376733082,7,2436432
1376733182,8,3853587
1376733243,3,1144082
1376735317,10,849686
1376735536,16,4991687
1376735840,12,1655330
1376737089,10,1232041
1376737987,16,1754636
1376740056,15,3408148
1376741305,14,2978342
1376741477,47,10949906
1376742670,22,3602342
1376744785,18,3696895
1376745884,7,1617310
1376746687,19,1030736
1376747340,25,10015322
1376750219,17,3111354
1376753450,20,1548402
1376757691,10,2316301
1376760692,4,211950
1376760733,27,2287123
1376761193,13,915022
1376763248,12,648861
1376763380,13,1100769
1376770824,10,635800
1376771130,80,2359937
1376772683,13,2020042
1376773232,48,1891305
1376775233,174,91364623
1376776573,189,88848812
1376778708,18,3581525
1376779332,41,1881815
1376779401,12,365471
1376780250,16,707063
1376781037,154,83680840
1376782287,11,2909954
1376787831,15,5043567
1376788716,14,9042980
1376788771,9,1462757
1376788808,4,2153708
1376789301,33,1038177
1376790118,35,1185234
1376791265,17,7283145
1376793539,105,66633278
1376794049,6,286049
1376794824,150,78417649
1376794942,65,14653466
1376795333,9,2198766
1376795554,4,1384573
1376796642,9,239837
1376796798,7,1694238
1376796994,24,17307164
1376798692,275,129990092
1376799017,79,3158122
1376799563,24,2604485
1376800644,20,4812759
1376800677,11,965444
1376801146,3,928535
1376802273,49,15516680
1376803575,7,811297
1376804090,37,18803540
1376804414,13,723030
1376804609,8,6035508
1376805483,26,7416430
1376806693,36,9108152
1376806780,7,2020779
1376807176,57,16701823
1376807922,16,6696997
1376809951,4,1681763
1376810373,8,1072779
1376811467,13,5319300
1376811693,31,15922143
1376812610,6,1163101
1376812993,9,415726
1376815212,12,2841815
1376815251,20,3262471
1376815960,5,890312
1376816453,18,4581872
1376816455,41,16734479
1376816843,16,2312187
1376817518,17,2913674
1376820214,15,2611991
1376820764,14,2213245
1376823306,6,1606289
1376823557,5,941057
1376826476,13,2304729
1376826757,15,1657090
1376828872,9,634393
1376831748,20,1088513
1376835985,19,5255576
1376838441,19,2174074
1376840512,7,1250647
1376841204,12,931066
1376847322,36,9544868
1376850155,20,2401649
1376850844,21,6558503
1376851566,52,2201399
1376853414,30,3857337
1376854525,5,227250
1376858173,29,2249524
1376858919,5,1021186
1376858981,5,351469
1376862425,19,2090426
1376862565,46,4823933
1376863125,96,32743859
1376864463,8,762291
1376865038,4,1744251
1376865134,13,1620543
1376865169,17,2379114
1376867732,13,4380461
1376870620,10,1118859
1376871174,3,886585
1376873242,3,1068634
1376873405,5,2736244
1376874439,22,7826134
1376874838,19,4042606
1376875421,67,29764128
1376877628,17,7446800
1376879077,4,401254
1376880793,12,3240112
1376881957,7,1624258
1376882524,5,128366
1376882625,26,4522611
1376882758,9,3736935
1376883382,10,2266992
1376884004,5,459962
1376884588,8,5862714
1376884618,15,5934493
1376886834,44,18584882
1376887024,6,2000316
1376888142,103,65528708
1376889209,109,53281691
1376890656,4,520010
1376890883,11,1950900
1376891308,17,775940
1376892274,52,17521933
1376892591,27,3923016
1376892843,5,945098
1376893062,53,16549931
1376893186,14,3481304
1376894263,17,5152818
1376895052,27,7890090
1376895569,38,22493306
1376896356,27,6927131
1376896819,34,25789920
1376897447,10,3171258
1376897638,28,5510639
1376898525,58,27915420
1376898585,16,586831
1376899212,17,4369655
1376899585,33,24402743
1376899689,11,7645928
1376900071,53,20117597
1376901934,11,3023854
1376902469,32,7420317
1376902804,23,22879467
1376903047,12,1561517
1376903367,16,5492227
1376904871,23,5278401
1376906352,12,581321
1376906467,20,1859184
1376907081,120,8866780
1376911913,35,636138
1376914018,11,480233
1376915652,80,4481002
1376917504,23,573214
1376921111,94,2229750
1376925292,34,2590299
1376925516,17,1057089
1376933849,14,1154560
1376936101,20,1219986
1376936668,154,63371978
1376938504,19,2113685
1376938564,19,7364593
1376938838,59,6421338
1376941278,8,69705
1376942922,42,765608
1376944611,32,26028206
1376944630,46,12313605
1376945562,92,36376548
1376950501,11,7355537
1376952504,9,2428359
1376952818,361,189971712
1376954281,37,8421357
1376954529,23,6402885
1376954876,44,1704360
1376955611,27,1563209
1376956561,12,703198
1376958228,65,51475450
1376958868,27,1389828
1376959379,5,1480948
1376959951,31,1647010
1376960670,8,313350
1376960865,7,590186
1376964412,11,1199041
1376964996,4,897726
1376965712,61,29302114
1376965915,25,1970584
1376966217,23,910364
1376967652,17,3906948
1376969827,14,907404
1376970364,23,1726222
1376970411,12,1681823
1376970720,25,9335728
1376970736,28,9884764
1376973161,21,9455672
1376973300,12,2755855
1376974142,24,8195991
1376975816,5,2671865
1376976018,7,1518720
1376976802,9,757059
1376977110,16,2185234
1376977574,38,16217508
1376977643,31,4000802
1376977686,7,1685480
1376978123,22,1164187
1376978980,65,16439344
1376978983,23,714637
1376980308,24,11642400
1376982226,29,11061845
1376982369,5,452463
1376984564,10,648359
1376985439,68,4412314
1376985913,15,1297021
1376989337,16,678363
1376990492,10,4750513
1376991548,22,1777486
1376994398,10,1858810
1376994658,10,673315
1376995198,9,799861
1376995236,34,4096614
1376996180,61,5878993
1376997501,15,2744477
1377003399,10,3629084
1377005430,6,805935
1377007901,34,1977231
1377007926,10,1821867
1377008900,10,713229
1377010707,7,1162713
1377011215,21,3048168
1377015463,6,249483
1377016471,11,2284617
1377016645,29,1992324
1377018597,6,773968
1377019264,12,3042708
1377020307,59,10936379
1377020654,16,2088093
1377021076,14,1914751
1377021707,8,1488021
1377021747,240,23560991
1377023146,10,925006
1377023399,13,1043314
1377023876,32,3534593
1377025448,59,37477673
1377025506,23,2488017
1377026285,24,2405678
1377026932,12,3166945
1377026955,16,7740779
1377028387,36,2151660
1377031953,13,2558840
1377033497,27,17806496
1377034469,73,39153361
1377034709,137,72814396
1377035007,12,2182885
1377035390,34,18844264
1377035819,11,2596355
1377035923,43,15762749
1377037084,335,212389218
1377038166,9,1880034
1377038311,27,1935283
1377040041,9,364858
1377041566,32,12474502
1377042472,6,4194965
1377043301,15,2018050
1377043460,33,15557855
1377043578,8,325537
1377044125,193,108688056
1377044458,25,2790300
1377045172,25,7157154
1377046242,38,5655355
1377046531,14,1366352
1377048915,53,19580372
1377049871,33,18559726
1377050146,42,11061165
1377050747,10,2375227
1377050942,22,5386400
1377052100,12,2334073
1377052257,56,11450785
1377052418,8,1154495
1377052551,14,5224729
1377052660,8,878678
1377053169,15,1850375
1377053521,39,3599395
1377053840,9,917499
1377054105,22,6705406
1377054408,21,7862367
1377055287,10,2645840
1377055361,8,2347741
1377056643,7,1492288
1377056673,9,1570013
1377056679,33,12957438
1377057246,20,9619406
1377057492,13,3019256
1377058719,20,3570078
1377058806,16,8745125
1377060075,19,1984536
1377060153,13,5556484
1377060617,98,42384114
1377061369,22,5916673
1377062726,31,3254629
1377062810,18,3401019
1377065814,15,419793
1377066499,25,1631034
1377066610,13,1815890
1377066905,4,118477
1377068043,13,1691869
1377068401,14,4711895
1377070613,21,2010883
1377072135,18,3558816
1377072948,26,5451728
1377073789,29,735913
1377074735,10,740633
1377075406,12,431339
1377075457,6,678071
1377079015,17,708051
1377080249,20,2418180
1377081339,10,541415
1377084538,19,2093913
1377085150,16,759080
1377086598,11,612864
1377089794,8,184611
1377091526,45,711285
1377092041,305,130678102
1377092992,106,42835431
1377093906,13,4579205
1377094018,188,65191323
1377094439,14,599322
1377096009,18,5255629
1377096120,170,62326633
1377097077,15,525487
1377097160,6,290844
1377100253,195,100192319
1377102741,16,4143091
1377103360,8,1254005
1377103625,13,7087026
1377107137,12,4760059
1377107139,19,1810680
1377107717,11,3330063
1377109524,19,7946354
1377109736,11,4969105
1377110669,13,3953876
1377111713,14,4609539
1377113792,5,1200932
1377114133,12,532888
1377114566,8,2010363
1377115023,11,3691755
1377115205,10,5470353
1377115326,24,6115099
1377115696,22,6125802
1377115888,21,2447946
1377116497,23,8934751
1377117307,18,2038100
1377119353,37,14132566
1377119789,17,2082587
1377120054,12,682126
1377120687,10,6238251
1377126251,13,1344051
1377136502,15,1452712
1377139766,20,9238884
1377152007,4,315610
1377191573,6,170250
1377193280,18,2247185
1377217756,6,795329
1377229673,16,2619515
1377232787,13,9009111
1377260182,21,2029432
1377260599,19,4475351
1377260644,11,521468
1377267561,37,13381288
1377269647,18,6191777
1377269891,16,3846964
1377271035,18,3464834
1377274114,7,2864720
1377274188,65,5779565
1377283217,17,1832787
1377283721,136,74113107
1377291344,7,2773667
1377294957,13,2831436
1377295745,21,6037193
1377296188,5,592270
1377297304,10,2362576
1377297901,91,24643580
1377298429,94,39197366
1377299309,95,32486087
1377299375,7,1713375
1377301627,5,753209
1377301741,23,8807996
1377301786,97,44485826
1377305264,9,2042837
1377305405,64,25365645
1377306901,3,287281
1377306923,5,732574
1377308001,31,9848110
1377308102,71,18077799
1377308243,7,962713
1377308890,21,5555276
1377309616,89,31871905
1377311991,21,6032753
1377312069,307,180348831
1377312569,16,6875870
1377317026,4,535313
1377319363,23,8428681
1377326060,10,3936201
1377326678,131,8272253
1377328197,11,653609
1377334128,13,1742348
1377337576,40,2833532
1377340266,4,2010936
1377342617,3,237493
1377343971,82,43846250
1377344353,19,5236461
1377344947,53,17254468
1377345147,19,3588879
1377345427,5,1239598
1377345571,23,2433150
1377345714,30,12558598
1377346011,20,12552288
1377346847,4,973683
1377348976,4,2199873
1377349663,68,36254858
1377350922,9,3202023
1377351019,64,20841086
1377351263,80,30844633
1377352196,5,1749772
1377352200,183,93770476
1377353217,3,197145
1377354781,59,19860696
1377356113,23,7243779
1377356652,14,2178127
1377357816,4,1164489
1377358965,3,14640
1377359419,9,2638865
1377360299,8,1741219
1377360515,46,18956115
1377361813,11,3788200
1377363270,9,3922911
1377364895,7,3676388
1377365311,25,2834612
1377366971,16,8375469
1377368399,15,3661705
1377377576,54,3199152
1377382796,28,2026560
1377383750,29,1234098
1377388147,18,1984856
1377389019,9,922774
1377393259,12,6019863
1377393852,5,600268
1377394765,47,19125892
1377398281,24,1405847
1377398735,11,1553973
1377399504,184,91739779
1377407717,18,3453875
1377408915,19,5118940
1377411372,20,3877498
1377411745,24,1805242
1377413800,18,8180581
1377416938,4,1323648
1377417926,16,1257421
1377417984,4,1821534
1377420053,8,1785776
1377421148,59,26350044
1377421402,5,2132355
1377421466,27,11326485
1377422324,35,3061324
1377422657,15,3901181
1377423071,11,3839896
1377423127,53,11599477
1377424622,20,12141461
1377424647,16,1222070
1377426079,20,7920294
1377426610,4,136826
1377427663,9,960900
1377428503,30,1552801
1377433438,6,1086066
1377433597,11,530184
1377435129,7,257441
1377435550,12,4881528
1377437018,20,2205233
1377438191,27,1744626
1377446032,17,3573570
1377447795,28,3996626
1377448436,9,1377118
1377450007,21,2113712
1377450139,13,627202
1377460201,81,5649793
1377462195,107,50455283
1377462576,36,9871713
1377462857,27,1427377
1377463097,8,1041461
1377464231,8,745235
1377464495,27,626920
1377465763,12,3371109
1377466233,27,4087774
1377468128,18,11955680
1377469877,62,37229408
1377470698,31,16520833
1377471459,388,144033493
1377471870,23,5834426
1377472463,11,6055913
1377473716,6,2717163
1377475058,6,275191
1377475121,3,776019
1377475136,34,17710674
1377476176,5,6256081
1377476882,42,31303317
1377477249,13,2698873
1377478714,6,711992
1377479685,36,18221917
1377480279,65,1562058
1377480410,14,5399753
1377480889,69,24384087
1377481245,5,1054470
1377481639,13,5767708
1377481846,25,15669823
1377481869,85,34218566
1377482918,30,4728051
1377483090,7,803671
1377484295,10,272100
1377485742,33,13471237
1377485898,9,2194672
1377487105,5,2315215
1377487312,19,11643491
1377487844,50,19375359
1377488169,11,5245369
1377488840,16,3977161
1377489040,39,15517603
1377490377,6,1419554
1377490982,7,1752154
1377491712,18,2394164
1377492911,20,1385752
1377493029,11,2554016
1377493822,9,2360867
1377494420,58,24099500
1377494531,12,4600568
1377494784,36,10266286
1377494835,7,398750
1377495862,18,6719741
1377495964,13,3065766
1377497589,3,1596885
1377497872,3,448588
1377498677,21,3287533
1377500965,18,2380692
1377501497,25,281333
1377503273,24,12094382
1377503529,12,1909302
1377505516,13,3596129
1377506447,16,624785
1377507087,10,933420
1377507861,19,4289270
1377508551,38,1286628
1377512379,13,1476857
1377512485,6,2318316
1377517458,11,3311941
1377527495,44,1665278
1377527525,21,10740421
1377530349,4,732213
1377533711,6,587017
1377535274,71,31192624
1377537232,20,515239
1377537625,19,4246155
1377538173,28,7294644
1377540006,13,4316021
1377543012,45,15567252
1377543152,24,975075
1377544154,16,913412
1377544184,12,4736967
1377545838,17,497456
1377546202,53,21920004
1377546724,124,46371238
1377547115,21,4335291
1377547163,20,2821278
1377547420,130,57873849
1377548111,12,2134902
1377548270,78,33361833
1377549052,4,802547
1377551040,127,81184669
1377552024,17,1359226
1377552028,4,186764
1377552845,20,4610456
1377552994,22,2240155
1377553137,17,3787711
1377553371,17,13100747
1377553515,10,2965865
1377554984,28,11006974
1377555267,110,36643365
1377557656,9,510737
1377559588,13,7701262
1377559984,10,4367260
1377561233,20,7148643
1377562403,31,11681876
1377562735,21,8809241
1377563117,28,9480256
1377563300,14,3369993
1377563918,15,6637807
1377564059,10,11612002
1377564170,13,2401319
1377565196,20,3682919
1377565831,15,2598710
1377565985,8,2465429
1377566086,14,4360822
1377566521,11,1413342
1377566597,8,1273104
1377566775,19,7513654
1377567011,11,3310143
1377569204,16,5055511
1377569473,16,467233
1377569636,9,2311928
1377569709,29,1419425
1377569987,24,14179965
1377570023,36,6398498
1377570558,16,7457358
1377570757,9,2610023
1377570912,22,7511374
1377571196,4,637836
1377571376,12,5282070
1377572194,9,4077674
1377572273,11,4986516
1377572445,15,1883485
1377572529,11,4464032
1377574244,24,11208718
1377574260,8,1512795
1377574716,12,3766484
1377575002,37,13211044
1377575070,11,2342544
1377575631,8,880118
1377576090,8,701816
1377576410,9,5365079
1377577313,23,16522559
1377581792,12,3295335
1377581834,97,61280120
1377582778,5,3310142
1377583281,11,1303786
1377583618,8,398102
1377583772,14,851702
1377585512,16,3369385
1377589356,5,3197112
1377590380,9,3444567
1377591105,6,8220936
1377592402,14,4270006
1377593623,51,7654366
1377594320,7,655145
1377595162,16,4934558
1377595314,7,1387314
1377596879,8,2634135
1377596909,6,752699
1377597086,19,616449
1377599723,53,1196667
1377601245,12,199282
1377605422,25,434492
1377607346,5,452798
1377607979,18,2878602
1377609194,38,627740
1377610175,12,1833570
1377613380,16,3707710
1377613793,16,173973
1377615793,51,17736499
1377616876,213,45648760
1377617245,32,13808621
1377617272,9,4582726
1377618057,18,3601203
1377618746,69,35100065
1377618832,86,2248370
1377619662,3,740330
1377620038,10,514705
1377621081,44,11526653
1377621793,41,2681007
1377622080,10,2483084
1377623154,8,2783862
1377623170,23,9063036
1377624412,208,82433628
1377625467,15,2661958
1377625487,27,2284628
1377625629,14,13657243
1377627515,38,1200390
1377627863,32,13003987
1377627977,19,5857378
1377629248,21,7688435
1377631116,9,4513734
1377631500,8,1052705
1377632157,20,8854831
1377632495,7,799317
1377633344,4,1050710
1377633870,35,17776089
1377634361,17,3598256
1377635093,40,13428478
1377636131,55,2541839
1377637223,7,3538691
1377638486,16,4655174
1377639301,6,1756026
1377640056,19,4858473
1377640150,9,2351875
1377640274,14,3753293
1377642038,16,6486514
1377642792,10,732954
1377643138,17,4156410
1377643367,8,2086428
1377643967,7,497372
1377645580,15,13494006
1377646151,15,1120282
1377646452,14,786627
1377647292,32,3898646
1377653330,12,736622
1377657132,12,1242542
1377664406,11,630346
1377670270,8,1000920
1377683524,27,2456707
1377688630,17,895365
1377709575,3,2374721
1377710070,17,7076520
1377711438,17,1600423
1377713057,21,3063498
1377745511,13,555735
1377764048,8,3307511
1377766145,7,429942
1377769106,44,4588041
1377777803,15,5193074
1377780216,21,906230
1377780430,8,2470172
1377782175,6,1058745
1377782717,9,5310092
1377783258,23,6069849
1377784124,17,5518494
1377785574,32,2175095
1377787849,22,7522544
1377791261,4,255288
1377793805,79,4628250
1377806564,6,279658
1377808351,97,52242068
1377810536,62,24284984
1377810599,10,3246778
1377812233,4,2808008
1377813381,133,58149875
1377814685,4,223602
1377815704,154,89172737
1377816020,21,892642
1377816802,28,9257709
1377817302,13,413490
1377818774,101,23899713
1377820996,194,141766789
1377821396,55,30290365
1377824462,34,12579676
1377825216,8,2980475
1377825587,8,2534626
1377825848,14,2320771
1377827311,3,332448
1377827544,11,1860539
1377828788,58,20750107
1377829477,13,3118076
1377833178,12,709081
1377833319,10,2384023
1377836218,15,4465760
1377839985,10,696215
1377844729,14,1280308
1377847265,24,4768598
1377848142,3,106444
1377850727,16,7714740
1377850843,8,3028777
1377851883,13,4296274
1377853477,8,3005985
1377855320,139,53521427
1377855516,5,1709158
1377856666,18,4672993
1377856962,186,98251930
1377857205,11,2278374
1377858050,40,11858306
1377859452,36,5263743
1377860482,17,3305575
1377861085,33,7883880
1377861236,12,2430482
1377862762,7,769612
1377862831,257,155899573
1377863150,7,2231877
1377863258,4,234213
1377863481,20,1826083
1377864347,22,4098612
1377864830,13,3758029
1377864915,10,2547153
1377865487,6,760323
1377866541,11,5508734
1377866547,5,1079181
1377867514,5,1262378
1377867663,129,64402854
1377867776,8,815654
1377868361,25,4948800
1377868971,7,949750
1377869716,38,10734882
1377869831,103,38524104
1377871320,3,1135272
1377872427,11,4544705
1377874060,5,1154868
1377876404,22,4339497
1377876517,14,5934249
1377877367,52,29699025
1377877992,20,8098707
1377878325,60,22290588
1377879949,8,3431413
1377881416,5,1640861
1377883274,42,15602756
1377897135,19,1583640
1377897405,20,1457217
1377906129,39,15105389
1377910356,162,79635693
1377912070,3,519937
1377914688,10,889434
1377917242,11,2435667
1377918446,12,3488870
1377919382,4,785131
1377920058,12,875138
1377920896,39,10600756
1377921976,10,1403962
1377922263,9,3099797
1377922474,91,2438029
1377924678,24,6405034
1377926008,7,2822477
1377926889,9,452132
1377930092,20,9292331
1377931055,3,858479
1377935461,3,216130
1377938755,8,915219
1377939883,25,1115950
1377940099,8,1930256
1377941253,10,423324
1377945801,45,2545254
1377947604,15,764306
1377947837,32,40006863
1377949355,35,1001885
1377949524,10,4047695
1377953759,27,3398525
1377959828,55,971700
1377960495,16,460542
1377960933,10,892140
1377962666,30,1511563
1377963407,7,1796336
1377967717,18,1912008
1377970823,271,112612470
1377971209,27,6166711
1377973982,36,3214506
1377976425,26,19073153
1377977393,3,41797
1377978031,5,431258
1377978641,45,3519897
1377981124,198,95675404
1377982143,14,1778438
1377982841,203,99292790
1377983523,5,274068
1377984038,61,33473196
1377986973,21,10292985
1377987558,15,3814086
1377987978,5,451954
1377991745,218,98701661
1377992077,5,693165
1377992355,8,1768822
1377993303,12,2766903
1377993709,13,8243812
1377994497,11,3507339
1377995596,9,2168288
1377997073,5,1333792
1377998005,93,46744783
1377999664,19,4496689
1377999847,14,4364125
1378000599,22,8770001
1378001027,12,2478016
1378001192,14,7570950
1378001265,9,4051838
1378002173,12,1218692
1378002680,15,3853871
1378002919,7,4324823
1378004485,51,34270547
1378004630,12,5809349
1378004869,13,5397314
1378005598,32,10116411
1378007912,19,6623542
1378009736,86,12432488
1378011646,37,12679388
1378012280,4,283121
1378018299,3,528739
1378020209,25,2094752
1378020694,33,11649183
1378030511,14,6434713
1378030792,23,4807154
1378032468,24,2248154
1378034864,81,7704399
1378035056,13,493733
1378035687,5,501188
1378035938,12,7733449
1378036954,25,11885124
1378039567,10,1296569
1378042455,57,1833688
1378045416,11,3931269
1378046197,41,12251845
1378047280,4,795209
1378048272,36,18193514
1378048961,22,7742938
1378049469,8,3222240
1378049591,6,13600974
1378050054,383,130304895
1378052130,23,3873233
1378053307,255,90552018
1378054395,130,62248386
1378054687,25,7021936
1378055400,7,394418
1378055647,19,2832836
1378057419,30,2071345
1378058261,17,3607190
1378060025,15,8990674
1378062056,36,4754536
1378062192,64,40513915
1378062723,16,4533102
1378063272,14,627436
1378064368,30,2206040
1378064495,9,1173315
1378064649,44,26597453
1378065294,9,679029
1378065639,13,3074839
1378066024,17,2705185
1378068874,33,29944630
1378069357,135,95702877
1378070219,23,2588372
1378070469,23,11437008
1378070813,122,55188509
1378071872,5,3254021
1378072122,10,896779
1378073933,15,2480399
1378075161,30,9322686
1378075979,6,1274095
1378076126,7,415604
1378077008,29,11692751
1378077108,13,3368970
1378079021,39,27285125
1378079477,35,16842813
1378080038,30,15169774
1378080096,16,6706730
1378080383,9,563959
1378080940,14,3165927
1378081000,24,14686956
1378082356,22,1893217
1378082711,21,6920045
1378084150,14,2624330
1378084475,19,2599656
1378085256,9,738565
1378086237,12,7672981
1378087209,25,828137
1378088959,9,568239
1378089351,18,11512763
1378090084,15,3776369
1378091264,23,6441146
1378091403,13,2911660
1378092818,16,3419627
1378093193,30,4070998
1378095157,7,208627
1378097869,7,979245
1378100574,12,3996499
1378102192,7,267882
1378104233,14,1195408
1378109017,32,2861716
1378111777,47,17634122
1378113330,16,1477965
1378117852,31,14460287
1378118082,83,42982004
1378119850,26,4656716
1378120730,16,5691594
1378124381,32,10439389
1378124976,77,36528562
1378124994,6,2076215
1378126862,11,422091
1378127274,30,6372621
1378127593,15,5563265
1378128235,38,10308013
1378128900,36,28066716
1378129180,65,20858131
1378129474,12,1824906
1378130159,15,3435374
1378130519,22,8725987
1378132282,54,2850797
1378133059,23,3790386
1378133184,6,103857
1378133186,16,6075047
1378134033,49,22489949
1378135799,4,1736231
1378135890,33,16044508
1378136468,64,10282420
1378136766,12,4689138
1378137156,9,778784
1378137208,46,14543566
1378137582,11,575966
1378139281,40,12344508
1378139661,3,638777
1378139868,34,12211301
1378140192,17,5740391
1378141276,167,79798080
1378142154,11,1260364
1378142252,10,3790137
1378142579,54,33899458
1378142908,32,12341147
1378144240,14,1691724
1378145085,17,3631053
1378145414,12,6175172
1378146140,8,2078274
1378146759,12,3573405
1378147578,22,9497382
1378148146,8,736577
1378149619,16,465730
1378149934,7,527175
1378152589,15,6107230
1378153021,13,9769030
1378162543,16,781287
1378163651,10,2655645
1378177452,13,1258446
1378179032,23,1891091
1378185948,62,7266844
1378193933,11,933998
1378200020,6,212482
1378228830,10,1743577
1378239735,34,2512294
1378244805,15,3733106
1378250056,16,3057262
1378250560,14,519823
1378252522,15,1131980
1378260722,11,1050005
1378279293,7,515517
1378280058,17,4840761
1378281622,27,12849366
1378285533,8,991144
1378287951,9,2350268
1378290507,24,9129588
1378293166,12,3670141
1378293602,13,3296368
1378297571,13,918558
1378304578,14,2781897
1378305122,16,917202
1378308335,24,5923812
1378308447,5,587228
1378310448,16,4586069
1378314627,37,16247476
1378315075,5,886458
1378315246,20,7093075
1378315395,3,587336
1378315965,4,121101
1378316885,43,12315952
1378318073,3,710724
1378318513,7,3434176
1378319122,11,2709767
1378319880,128,79341099
1378320074,3,529981
1378321247,4,266372
1378321681,14,3994893
1378322921,20,1586158
1378323887,8,6916092
1378324914,20,11126894
1378325763,57,18409832
1378326699,13,5025321
1378326944,32,13431404
1378327104,62,27902447
1378327292,10,3423692
1378328121,11,4099597
1378328868,31,13430907
1378328997,28,12490136
1378331444,6,1298181
1378333761,10,636661
1378334977,14,4446291
1378342827,26,8637204
1378342950,81,2617866
1378350945,5,182781
1378354279,7,621358
1378356790,4,855562
1378357949,5,1609499
1378358045,7,2511291
1378358236,171,51945258
1378359369,11,3851833
1378359504,238,136940958
1378360267,5,172602
1378360584,4,1433713
1378360903,4,1111368
1378362177,6,1240934
1378364333,24,10816431
1378364378,25,5244779
1378365079,15,4449034
1378366603,79,23266351
1378367324,8,1833742
1378368441,49,21260018
1378369037,42,15937381
1378369198,16,3314952
1378369459,28,6086120
1378370071,109,45380319
1378371583,11,1208551
1378371997,28,8567208
1378373095,38,13548782
1378374531,24,8116923
1378375106,8,2172765
1378375372,21,1638584
1378376292,4,512651
1378376525,3,486849
1378376589,11,2551487
1378376625,12,3060634
1378377698,44,12174827
1378378195,31,5401893
1378378662,10,3160100
1378379076,11,4226580
1378380855,13,3994274
1378381535,15,1907296
1378382423,20,7698184
1378390013,5,224081
1378392188,29,2577813
1378394414,13,20872018
1378404980,8,2209209
1378407010,34,2580833
1378409217,37,14917142
1378411395,39,4040118
1378411981,16,1408965
1378411999,50,16149823
1378420813,47,19719797
1378424065,16,971283
1378425945,16,4363673
1378426371,12,3109914
1378426640,35,10544312
1378426971,3,305673
1378427932,16,4187696
1378429668,16,5586109
1378431247,13,10618317
1378432146,63,24969351
1378433078,15,3407003
1378435243,7,1981050
1378437860,15,3225111
1378439036,15,7100860
1378440782,19,8067493
1378444354,11,3992379
1378449074,6,362215
1378450636,25,1804613
1378452706,16,636968
1378453055,74,40813324
1378457189,6,507976
1378458760,7,1879761
1378458936,7,842942
1378460361,10,432640
1378460526,13,583902
1378460863,20,667584
1378462177,16,7120970
1378462627,22,3200686
1378463527,9,470440
1378468497,14,2404802
1378470003,28,11168226
1378472056,13,8124800
1378472132,13,1433082
1378472934,6,1037679
1378473397,103,33565319
1378473594,19,4843572
1378474134,15,6834055
1378475748,54,2123396
1378476393,6,368936
1378476530,13,4005108
1378478214,29,2173308
1378479667,25,5129444
1378480878,43,2219959
1378482809,25,17680694
1378484424,79,21204250
1378484525,8,1716286
1378484813,4,513864
1378484854,6,531277
1378485919,9,2326212
1378487076,6,2203644
1378487279,12,3463521
1378488212,127,3688915
1378489096,30,997265
1378489235,17,6004660
1378489678,14,5465601
1378489891,11,1918974
1378490219,17,8541817
1378490369,10,2200633
1378491984,20,4642992
1378492111,3,487259
1378492823,20,12436339
1378493081,13,1809663
1378493606,15,2944978
1378494270,122,35213726
1378494811,18,7484550
1378495200,68,3557609
1378495374,38,10572037
1378495451,21,9733465
1378495567,36,15987370
1378496364,28,8991915
1378497170,24,8740528
1378497775,8,4468386
1378497949,12,2430951
1378498017,8,1022860
1378499172,9,3222756
1378499592,19,925342
1378499924,10,564010
1378501875,61,25087100
1378502068,14,4853227
1378503301,9,4292015
1378504770,19,14899151
1378507755,29,922306
1378508029,17,4924574
1378508376,18,12491325
1378508712,7,930829
1378509162,14,2860369
1378509227,43,1431034
1378509579,16,10768734
1378509583,15,2500054
1378510666,17,842053
1378511707,25,1791422
1378511812,10,2648652
1378512965,40,5181611
1378514674,7,319669
1378515388,20,676674
1378517089,25,5020241
1378518761,31,630665
1378519606,17,4928675
1378524939,9,740926
1378525394,14,850230
1378526404,3,30061
1378528776,39,3105811
1378530834,14,1146414
1378533303,15,1404292
1378533966,12,1171529
1378536929,7,445965
1378541495,17,6071238
1378542853,128,54352123
1378544362,128,46738271
1378544364,6,64530
1378549773,242,126753631
1378550664,39,2940354
1378552133,14,4358383
1378553626,30,9125766
1378555557,11,2443716
1378556009,3,728256
1378556047,9,3108398
1378556906,27,9314957
1378557571,14,4229192
1378557611,9,3098261
1378557632,8,3888961
1378558803,8,1927137
1378559759,3,851093
1378560404,7,224712
1378561596,18,4177172
1378561713,16,2939797
1378561930,13,9034273
1378562910,19,5265431
1378563070,163,88853404
1378563452,20,1427803
1378563835,16,1155323
1378564142,34,7748146
1378564322,9,4062207
1378564745,30,10547277
1378565314,30,8436300
1378565402,4,584130
1378566000,13,2706584
1378566173,61,30114015
1378567285,13,6529583
1378567327,79,45664132
1378568357,16,2445840
1378568448,26,8542825
1378568895,27,6233689
1378569847,23,2563047
1378570219,50,20522690
1378572755,6,1544449
1378573196,19,2155878
1378573329,18,3412889
1378573620,75,24396992
1378573724,9,969966
1378575263,7,2509732
1378575383,11,2546658
1378576079,84,45264995
1378576477,6,1662356
1378576493,18,12156280
1378576739,15,3077791
1378577101,26,2735804
1378577183,16,3442247
1378577836,18,2959659
1378579131,11,1050740
1378580716,16,5428179
1378580837,15,5251026
1378581229,8,1589218
1378582264,19,8962779
1378582563,11,1152128
1378584080,12,2331445
1378584585,8,1402499
1378585040,23,1921991
1378586391,25,484013
1378586883,50,18426054
1378587328,21,1523444
1378587925,10,3071372
1378588531,22,1897568
1378588725,17,3055147
1378588832,18,2077831
1378590298,50,2845462
1378592276,20,760551
1378592661,14,5386891
1378592932,90,6024965
1378592954,19,2068762
1378594242,14,1866076
1378598046,13,2777162
1378600392,14,1146396
1378600633,19,3837495
1378603609,5,467086
1378604946,6,566648
1378605047,16,2963631
1378606167,9,783441
1378607477,38,1259175
1378608534,22,2401889
1378608871,52,4058786
1378610944,17,2686441
1378614175,10,935781
1378614394,3,184763
1378615982,36,15727957
1378617502,285,129023797
1378617591,17,2271670
1378617656,17,5199188
1378618036,17,3977466
1378618271,127,41161679
1378618871,16,1064109
1378619192,12,7665508
1378620130,21,1317990
1378620881,24,1139882
1378621331,84,28307845
1378622399,98,38037282
1378622734,6,1061309
1378622798,7,161141
1378623476,5,2218223
1378624021,17,4076379
1378624370,14,1177899
1378626296,14,3465401
1378627438,38,3847182
1378628626,90,41034271
1378628671,9,472301
1378630075,16,4030691
1378631613,13,5517434
1378631855,10,3639885
1378632072,14,6699373
1378632153,12,1137272
1378632820,16,628086
1378633533,19,1853269
1378633694,16,5502755
1378635004,122,38307578
1378635431,15,1358599
1378637488,41,22432011
1378637533,46,11327608
1378638416,3,88228
1378638789,23,7995767
1378639488,25,7621743
1378639985,16,3544655
1378640785,28,17398969
1378642283,29,1406680
1378643108,20,10542020
1378645667,12,812511
1378645973,19,7134908
1378646163,14,2902252
1378647423,6,453636
1378648173,4,236079
1378648694,19,2120080
1378650014,12,728071
1378651116,6,1299578
1378651991,27,1507394
1378652943,13,4212478
1378654882,15,444351
1378661150,17,7462104
1378664724,24,228103
1378664752,40,5430244
1378667424,13,2575371
1378667977,25,6889784
1378667987,7,1289889
1378677184,23,1938212
1378679394,9,2966472
1378689294,21,8493621
1378693402,25,15673218
1378696814,12,985698
1378705656,10,743964
1378716933,12,4997569
1378720577,18,9928446
1378723402,23,1184440
1378739602,10,621110
1378740603,56,25644859
1378742206,103,46965221
1378742768,18,1177166
1378742776,14,565610
1378744854,30,1373022
1378766071,11,1104049
1378769884,16,1250371
1378778192,4,1209446
1378780634,4,54701
1378781393,56,24466781
1378784718,6,1107370
1378785492,14,1562691
1378788405,9,358242
1378791977,6,2381966
1378794940,3,266195
1378795177,8,4708646
1378796843,13,1829351
1378798049,24,1700685
1378800484,3,199354
1378801848,50,25055906
1378802946,6,2614652
1378803537,3,79525
1378805003,4,498470
1378806310,8,357915
1378808202,16,741915
1378809040,6,224250
1378811833,121,73177331
1378812690,6,893794
1378813733,32,6776331
1378814869,89,42843524
1378815471,6,1583387
1378816162,10,2687112
1378816879,277,152946840
1378817892,5,1195126
1378818774,13,1379903
1378819046,5,1885367
1378819499,85,26751253
1378819809,69,32091430
1378820003,15,4022855
1378820509,7,1620430
1378823171,7,511735
1378823353,10,2361110
1378823655,31,12319470
1378823817,16,5740787
1378826485,9,4752105
1378827099,5,854403
1378827521,9,2376451
1378829327,5,2134894
1378829383,5,2096108
1378829828,12,4592836
1378831075,6,2918105
1378832544,17,1078058
1378832611,31,8798899
1378833848,21,8264917
1378835484,8,1328328
1378837585,20,1274050
1378846897,13,794385
1378849349,8,518185
1378853227,55,34142407
1378853235,18,1898415
1378855215,17,1358168
1378856370,109,44556716
1378858381,9,1410687
1378858484,338,212091179
1378859309,11,1980284
1378860553,16,2333814
1378860669,7,1934988
1378860850,7,685856
1378860875,12,5504928
1378861454,164,59224901
1378862412,23,2188592
1378865968,123,49202375
1378866482,39,4263992
1378866510,19,4256088
1378867983,37,1928157
1378868309,51,14445584
1378868936,75,24234045
1378868986,75,28194737
1378870562,19,4243066
1378874038,12,4382376
1378874152,34,9852991
1378874227,49,11084248
1378876161,11,6205018
1378877255,9,3145405
1378877264,167,92429975
1378879086,30,8147363
1378879639,22,7080844
1378881961,18,1243740
1378882218,67,27296975
1378882644,23,5973346
1378882883,19,4839303
1378883900,8,856023
1378884930,19,801264
1378886140,21,1369002
1378886847,6,396598
1378887302,7,1087052
1378890104,7,743041
1378891969,30,1151895
1378901853,11,1115126
1378912962,9,4433501
1378915119,10,709065
1378916163,26,1566899
1378917311,134,43895360
1378918953,110,37474244
1378923357,28,2376847
1378924526,63,15671636
1378925850,9,497073
1378926033,43,4698382
1378928952,14,780579
1378929029,12,1060056
1378932321,30,11888977
1378934317,13,3362050
1378936231,10,2821271
1378939017,11,3185524
1378945159,12,284216
1378945470,13,986883
1378949686,11,778329
1378952359,10,858053
1378955992,6,242785
1378956018,3,343313
1378958199,23,1942615
1378958751,6,215568
1378964851,13,1024640
1378966677,23,1927510
1378966906,17,983222
