Battle ID,Kills,Fame
1325377720,6,152483
1325378963,22,12810145
1325379517,9,61585
1325379631,14,1508496
1325383084,9,1671028
1325386189,12,5214986
1325388060,10,5935252
1325389141,12,6360937
1325389981,19,2671701
1325403011,26,916157
1325410206,4,449040
1325412593,14,98473
1325414539,19,6419822
1325418135,7,243700
1325419560,5,244548
1325431517,10,1424881
1325432547,13,3000744
1325436209,16,1400341
1325437352,13,1410921
1325442446,22,2942052
1325494622,12,6197518
1325495530,3,209555
1325499777,6,366399
1325522529,13,637055
1325527159,6,694748
1325533228,14,3322569
1325538807,17,736480
1325539007,19,980443
1325544940,13,3379559
1325545767,8,620041
1325548845,15,6136035
1325548987,7,3444973
1325550846,24,6193740
1325554813,8,387582
1325555505,11,520783
1325556067,6,358536
1325556107,26,1631259
1325556797,13,3790801
1325559404,15,1217730
1325560837,50,4828554
1325562281,7,821861
1325562445,42,960642
1325566023,16,957067
1325568720,21,1064944
1325571399,11,1852042
1325572133,24,956670
1325574992,3,164611
1325577646,112,36008454
1325577718,18,1453454
1325577881,3,972274
1325578785,38,19586766
1325583582,15,3853592
1325587228,5,3758210
1325587572,16,3673104
1325587830,42,15136872
1325589230,24,1030489
1325590673,32,503222
1325591571,50,25788434
1325594777,10,1138387
1325594919,6,499947
1325598047,14,8246938
1325601095,9,5368354
1325609778,11,1401466
1325615754,36,1274015
1325621530,12,411176
1325621753,26,8718515
1325629037,15,4031582
1325632408,7,1622974
1325632861,29,2295170
1325634743,15,3544219
1325635631,13,5774566
1325637229,37,4145784
1325637316,14,4169177
1325637333,16,4829007
1325638622,33,1875695
1325638760,34,3590156
1325639097,21,10645946
1325639966,16,6303404
1325640124,21,12467992
1325643427,12,2778012
1325645031,38,12463815
1325645721,22,5445637
1325646247,13,2279261
1325648536,99,6374972
1325650253,16,1298413
1325652455,11,721227
1325655865,44,930148
1325657112,7,3325474
1325659081,17,216900
1325659681,15,4018445
1325661560,46,2790482
1325664473,12,2177072
1325668180,17,2481466
1325670389,76,42579147
1325672656,8,509287
1325676249,12,647432
1325677730,19,3891810
1325677958,10,777437
1325678600,5,857086
1325678901,11,3055806
1325681228,36,2350830
1325681745,5,1589450
1325682514,58,7255869
1325682651,19,1962514
1325682965,23,1698699
1325682987,29,2120162
1325683791,57,4935576
1325685058,5,568145
1325685795,7,316309
1325686065,12,4310620
1325687124,8,1521220
1325687360,145,63987647
1325687659,13,4816400
1325688569,8,1840464
1325689333,39,4233068
1325690169,13,1192873
1325690183,15,2045723
1325690467,5,452211
1325690472,11,2832201
1325690645,18,7247231
1325692805,5,199542
1325692956,9,3112791
1325693844,5,686828
1325697066,8,3652105
1325697102,19,1475029
1325697551,3,918633
1325697722,51,2814235
1325698655,25,314935
1325703071,21,6007700
1325704336,17,651696
1325709230,17,1406455
1325709368,10,221507
1325709826,17,5381941
1325712204,42,3002503
1325714661,45,935014
1325715129,11,1582098
1325720325,10,474396
1325722782,37,14354504
1325722975,74,50434205
1325723158,14,2254008
1325723850,40,2412370
1325724411,11,526599
1325725330,11,1092972
1325725534,47,16006935
1325726612,139,67129639
1325726620,3,667569
1325728282,24,9010170
1325728536,21,7103909
1325729129,15,4153649
1325730422,8,1289119
1325730643,30,962186
1325731289,21,557849
1325732279,64,23157017
1325733313,22,2933818
1325735300,10,548348
1325736374,19,5161049
1325736762,10,10159938
1325737424,48,24478181
1325739429,13,3608485
1325739625,43,19939931
1325739740,20,7352031
1325740099,20,5289674
1325740667,17,1518067
1325740938,11,1848017
1325741046,9,2495141
1325742158,23,1700732
1325742516,53,24546095
1325743893,14,6458648
1325744406,34,11128234
1325744588,20,14582962
1325746082,13,1509363
1325746532,19,2690681
1325748069,6,2223265
1325748407,43,11182583
1325748769,21,3242447
1325751418,28,2767615
1325751668,12,1292312
1325753870,14,400034
1325754290,54,2078443
1325754511,11,356589
1325754824,4,196403
1325755601,10,444150
1325757558,16,622203
1325757798,24,1224529
1325760362,14,628668
1325761497,21,758176
1325768133,18,575506
1325768887,15,1001459
1325768904,13,1992786
1325773958,65,6463613
1325774787,33,3661799
1325774902,13,2529113
1325774943,3,1135065
1325776211,18,8117775
1325776364,58,20239512
1325777110,31,11374250
1325777169,21,7939660
1325779237,13,1378148
1325780272,51,5029498
1325780333,26,1470817
1325780439,9,1225830
1325780921,10,1636941
1325782364,70,34480571
1325782567,30,10378785
1325783158,6,3955589
1325784231,41,2562870
1325785393,39,16745303
1325785425,12,873416
1325785479,21,1143522
1325785491,41,11103977
1325786095,4,695018
1325786386,9,7083739
1325787218,59,2142333
1325787896,91,29089085
1325789052,22,15673070
1325789430,34,6267937
1325790380,51,2800829
1325790622,70,34319311
1325790791,3,799540
1325791104,8,386814
1325791606,9,4744358
1325792306,10,918952
1325792586,11,2777850
1325792636,10,5339027
1325793076,46,28669802
1325793217,22,669143
1325793524,18,2715482
1325793526,37,7162515
1325794663,19,3418785
1325795126,13,2963348
1325795931,23,8302915
1325796080,21,4348969
1325796100,14,6613352
1325796288,41,14330073
1325797206,9,993253
1325798094,32,11511609
1325798878,6,3975234
1325799223,14,2746070
1325799275,13,2516040
1325799457,14,605757
1325799770,85,65249342
1325800314,10,3838772
1325801716,26,6379908
1325804516,13,7992179
1325805381,6,964122
1325806010,8,373020
1325806242,6,503655
1325806469,27,1287940
1325806603,41,1433124
1325809129,19,6581830
1325809556,28,7091015
1325810623,38,3487528
1325811481,12,4688931
1325813308,7,3899798
1325815282,29,11483844
1325815934,27,11044173
1325816290,10,5532260
1325816356,37,1456816
1325816374,19,5021038
1325817271,28,712625
1325818074,10,564980
1325818702,16,1618190
1325819287,11,1544534
1325820732,10,491433
1325822267,12,2923474
1325822376,5,758897
1325822624,17,864110
1325824981,13,661531
1325825898,31,2882055
1325828882,3,870657
1325829080,33,9508801
1325829194,6,933120
1325829351,13,576486
1325829668,3,785562
1325830613,13,3453148
1325830993,28,8573482
1325831986,24,5458449
1325832952,50,31726147
1325833072,17,1121349
1325833592,4,1201035
1325833787,6,1889187
1325835025,31,8150344
1325835134,58,25088351
1325835136,8,1455346
1325835450,18,7080830
1325835664,22,8696277
1325836160,12,2306209
1325836377,5,4153293
1325837184,52,12443340
1325837946,11,3497186
1325838181,21,2062428
1325838380,85,32434969
1325838554,10,2417810
1325838930,7,761845
1325839099,7,3101310
1325839928,8,3093530
1325840274,30,9577267
1325841495,47,21632802
1325842308,4,2059272
1325843488,20,7411331
1325844201,16,568556
1325844414,8,1996803
1325845134,10,4912532
1325845280,14,4247213
1325845617,64,15296783
1325846479,19,6212623
1325846773,5,117513
1325847517,6,1168963
1325847704,81,5283359
1325848033,41,11577641
1325848305,8,3668801
1325848718,34,2211379
1325848913,87,26212757
1325849140,75,34008213
1325849356,34,15624282
1325851186,14,9663356
1325851613,23,7546200
1325852490,9,266878
1325853082,14,1596574
1325854952,15,1889530
1325855004,5,418916
1325855032,30,8297591
1325859854,48,6573686
1325861235,50,6030896
1325863858,18,672396
1325873109,10,893707
1325879770,14,1069128
1325890920,13,1187089
1325913298,20,6286011
1325950959,19,1698144
1325955711,17,1932573
1325969024,12,4929391
1325975765,17,3009126
1325978265,18,5487487
1325979227,29,8649357
1325979585,29,1167027
1325982246,18,1169056
1325983239,23,6038853
1325983676,9,392337
1325984206,5,2536443
1325985234,20,5656264
1325985331,22,1150910
1325988896,26,927491
1325989260,11,3789531
1325989609,23,7564118
1325990034,29,9242539
1325990973,12,1513939
1325992970,10,975588
1325993620,6,4242059
1325994935,11,2123629
1325997207,23,8251561
1325998771,23,871181
1326000625,9,2264235
1326003370,11,2883480
1326005123,8,3847279
1326006262,8,5274981
1326010823,223,80358457
1326011343,4,1215292
1326011970,3,97100
1326012067,32,1714198
1326012628,7,2177455
1326012733,12,2947110
1326012885,19,5472014
1326013129,3,335702
1326014188,49,24737049
1326019523,14,7075573
1326019801,41,3975313
1326021388,12,6495622
1326022732,5,1638146
1326022781,48,14831910
1326023174,14,2900300
1326023333,16,4394976
1326023901,21,7953453
1326024634,161,52907242
1326026145,35,12816929
1326026649,455,184063667
1326028986,34,1473263
1326029549,19,2255054
1326031860,16,3916522
1326032226,24,909040
1326032706,23,4711718
1326032886,12,720751
1326033409,15,2349820
1326039715,7,162229
1326040912,10,3176906
1326042656,22,1036243
1326043547,14,4514061
1326050863,8,1185005
1326054308,22,5213134
1326060045,11,2962862
1326063330,10,3242712
1326063429,63,19035798
1326064703,27,4502178
1326064980,13,1357497
1326066197,27,9563091
1326067175,89,3286401
1326067247,6,450710
1326069130,14,8127433
1326069411,12,3072721
1326070177,95,30959841
1326070823,15,770720
1326071021,29,22765263
1326071822,16,4391979
1326072028,14,7823425
1326072236,10,2665916
1326072637,75,27994940
1326073391,9,2815843
1326074954,53,24158563
1326075267,65,1528395
1326075729,18,6351003
1326077326,13,1765354
1326077842,34,17091393
1326077898,10,2821898
1326078144,6,727306
1326078225,17,1821868
1326079324,11,2840326
1326080807,22,2300359
1326080936,22,5220580
1326081701,13,1170531
1326085781,11,4400811
1326086233,13,1321346
1326087499,20,5440851
1326094469,12,1248860
1326095710,20,1357755
1326097726,18,2692714
1326104516,14,3382439
1326104682,16,2120077
1326108314,175,78798631
1326108773,16,684330
1326109614,36,12650110
1326110568,20,6595364
1326110606,30,1005232
1326112279,10,433831
1326112759,15,5314654
1326114428,12,578723
1326116891,34,2945165
1326118397,31,8575937
1326118612,22,736127
1326119952,3,1019383
1326120443,156,94487145
1326120598,4,1436295
1326121486,46,12606720
1326123124,19,1543286
1326123271,73,3053067
1326123375,38,953514
1326126754,7,2701295
1326126822,25,1610707
1326128036,8,2448763
1326128257,16,5255056
1326128652,38,12920785
1326128840,12,1919733
1326131016,23,9542619
1326132968,14,3019009
1326133161,23,876658
1326134452,38,3553491
1326138873,28,2927808
1326138893,22,863572
1326139738,15,4267828
1326140581,9,393009
1326144003,14,498286
1326144438,21,10706388
1326147591,23,519355
1326149450,20,396895
1326150830,13,9466997
1326151911,11,4339451
1326152974,137,3639273
1326154084,12,510695
1326154379,17,3693216
1326156681,20,366060
1326157241,12,1546564
1326157432,9,3653733
1326158651,15,5666612
1326158890,11,2559930
1326159742,3,627164
1326159769,24,6271953
1326159835,10,419009
1326159869,26,2138641
1326159973,78,29317226
1326160009,190,128981042
1326161373,13,2223552
1326161528,511,178841374
1326163709,3,603738
1326163924,12,775524
1326164850,17,11104405
1326164891,20,3080896
1326166340,15,1339451
1326166555,16,1305848
1326167398,193,94146834
1326167978,19,5613464
1326168137,20,15018095
1326170895,7,15479694
1326170911,15,5318114
1326171862,14,921186
1326172311,11,877663
1326173936,36,1990195
1326173988,17,749830
1326175294,42,22325404
1326175855,125,4353461
1326177154,22,7480155
1326177340,62,6304287
1326177657,109,43027524
1326178028,8,220227
1326178582,8,498339
1326179739,25,10674374
1326179893,10,5007658
1326180609,16,4724552
1326181455,22,2878808
1326181568,8,1849326
1326181773,17,12782065
1326182793,5,1515921
1326184887,30,15521735
1326186658,14,5640604
1326186793,12,5185768
1326186818,16,1722819
1326186829,16,1015974
1326186830,69,6947724
1326187363,88,4142954
1326187599,12,5344451
1326187975,28,3148312
1326188198,40,14612442
1326188319,38,2671397
1326188365,7,894004
1326188439,228,127858660
1326188850,6,415326
1326189267,21,4345715
1326191761,15,3586360
1326193006,7,110677
1326193707,12,437848
1326194158,15,1683147
1326195257,13,646594
1326196747,4,525055
1326197443,13,1412721
1326197573,18,1360500
1326198547,67,2933938
1326199405,6,2315951
1326199618,43,1479950
1326201010,14,817664
1326202514,8,398389
1326202743,8,1720945
1326202848,18,1769114
1326203313,20,2326075
1326203728,5,599600
1326204669,13,3971327
1326205321,26,5038604
1326205572,19,1192074
1326205617,13,2284756
1326206115,48,5742999
1326208018,17,4264505
1326209332,24,3162280
1326211228,29,1636740
1326211818,10,918366
1326211895,22,2612621
1326214273,26,1795412
1326214528,10,1281393
1326214589,12,1860300
1326214614,5,563196
1326216055,26,1258455
1326216852,20,3560474
1326217961,21,4971658
1326218559,51,1713175
1326219041,10,638701
1326219339,13,2098484
1326220170,29,2426894
1326220888,15,2630384
1326220967,101,33743826
1326221061,4,204361
1326221774,10,10972298
1326222329,10,399291
1326222494,9,1993151
1326222619,18,3539097
1326222717,10,2337108
1326224343,17,10821472
1326224391,250,67648407
1326224746,17,1373583
1326225753,45,10800131
1326226557,19,1481754
1326227558,40,7267269
1326227622,13,5302252
1326227969,5,1017528
1326228893,42,6510765
1326229295,7,1289106
1326230450,20,758207
1326232069,71,29382077
1326232344,40,19705177
1326233066,19,18450911
1326233573,42,2134378
1326233642,12,3356574
1326234260,86,33447096
1326234410,14,2929219
1326236327,12,1441690
1326236455,16,3943947
1326236504,199,43960820
1326236623,3,1634428
1326237818,6,1469367
1326238016,5,515150
1326238687,60,22202845
1326238754,60,10094886
1326239415,61,10359456
1326239699,29,18433006
1326239970,9,4742051
1326241791,19,1240718
1326242263,11,1611122
1326242432,22,5628028
1326243180,8,1248895
1326244174,23,7491685
1326244458,18,17646012
1326244770,13,3884865
1326245019,14,2357953
1326245368,5,1687772
1326246170,13,1234586
1326247070,16,4487259
1326247802,11,1592235
1326247903,24,5534571
1326248125,13,8313878
1326248241,39,20141911
1326248593,9,2180769
1326249053,7,1633473
1326249068,16,4410815
1326249521,7,1312600
1326249606,17,6115804
1326249641,20,10172542
1326250564,20,2589542
1326251409,16,2754339
1326251415,23,2222609
1326252632,43,25300150
1326253840,19,1661707
1326254510,13,2002403
1326256289,11,6488266
1326256506,6,634722
1326261088,13,905478
1326261278,4,127772
1326262554,14,439325
1326264177,10,900929
1326264675,5,503623
1326265020,17,5400582
1326266201,19,1404039
1326267489,43,2656391
1326268058,17,5539783
1326271742,13,265335
1326271793,14,4404507
1326273233,20,6507705
1326276478,20,7781394
1326276947,23,471323
1326277294,11,1068601
1326277599,5,2087374
1326278477,86,1612794
1326279058,6,4492713
1326279196,17,4621814
1326279246,19,2752733
1326279409,39,10596499
1326280488,16,5124890
1326281482,8,1645842
1326281816,104,27646140
1326282650,11,1179274
1326282932,64,26414019
1326284002,10,4205905
1326284114,51,9001944
1326284270,13,5629740
1326284767,25,974704
1326284792,20,283247
1326284817,34,6376761
1326285026,53,16395013
1326285879,4,345818
1326287609,22,11518695
1326288386,232,60341206
1326289012,31,12655989
1326289163,13,10396200
1326289723,35,2850044
1326289881,18,3811242
1326290006,6,1453044
1326290561,30,5694149
1326290932,40,988635
1326291327,3,1929490
1326291760,24,16928065
1326292621,19,548879
1326292641,76,24634499
1326292903,5,621716
1326294156,102,41477821
1326294833,15,3986611
1326295127,18,3939967
1326296212,14,2686885
1326296236,10,1393118
1326296692,13,3727926
1326297266,18,3533972
1326297772,13,3596924
1326298718,6,2795316
1326299463,18,3247080
1326299826,11,1262632
1326300066,12,3965254
1326300171,17,2396495
1326300352,36,35350568
1326301413,24,8014914
1326301630,15,1581413
1326302255,20,10875342
1326302267,21,6702321
1326302674,9,4444195
1326303455,15,6063363
1326303903,4,333537
1326304314,18,2550143
1326304365,50,20596777
1326305394,12,1176929
1326305815,28,1394364
1326306224,22,6797540
1326306762,22,7845723
1326306871,26,8755475
1326307778,16,2650958
1326311502,16,1036156
1326312517,18,5570849
1326314549,8,252604
1326314877,24,1059693
1326315695,9,300843
1326315847,16,4219412
1326316830,5,627546
1326321454,13,988695
1326322158,9,2479651
1326326928,14,726750
1326328909,24,1627120
1326329133,16,393591
1326329888,48,2845710
1326332724,43,1054915
1326333148,77,4649181
1326333533,36,2634225
1326337619,10,785504
1326340378,29,2489639
1326341095,23,1229891
1326346343,8,1673317
1326362854,11,377610
1326382471,4,625242
1326390740,100,46931765
1326407589,10,1012074
1326409102,12,1184728
1326410388,11,1138872
1326412386,20,1216411
1326412887,18,2754068
1326420268,10,689560
1326424975,7,3310693
1326430997,3,228194
1326446367,21,10073208
1326451713,18,1231459
1326455478,33,13039030
1326455971,11,2780727
1326457809,8,1565060
1326459146,10,4128346
1326461851,24,15485010
1326463787,15,650797
1326464788,8,1422441
1326466391,21,2414906
1326469841,26,1266076
1326470335,69,24953288
1326473293,95,39817867
1326476570,26,3534587
1326477715,10,1276971
1326480070,9,2583991
1326480336,14,1000075
1326480970,21,341671
1326481195,504,205622421
1326481258,20,5599733
1326484230,16,3783853
1326485577,37,15062544
1326490905,13,1317345
1326491664,35,8533702
1326496168,6,484933
1326496547,19,6453926
1326497620,14,699451
1326498258,4,2127600
1326498362,41,3980299
1326498665,4,292500
1326499381,14,3493494
1326500212,13,5363820
1326500233,54,14654260
1326501345,11,2871072
1326502388,17,4910730
1326502672,9,790605
1326502935,9,728765
1326503070,16,3842998
1326509262,5,1201945
1326509943,98,66829250
1326510705,9,1892945
1326511074,11,663303
1326511512,31,793349
1326511636,15,1614203
1326512032,8,563057
1326515180,18,684910
1326516138,24,2470055
1326517099,3,61549
1326520333,26,935182
1326521988,146,8779595
1326525310,7,422231
1326529632,23,1171526
1326529943,7,1734782
1326530395,57,14005203
1326531576,46,2094988
1326534538,4,417006
1326534808,7,2007452
1326535730,9,285790
1326535877,12,539465
1326536146,11,3427329
1326538133,3,394366
1326538181,28,4800001
1326538263,22,10442987
1326538958,20,6142817
1326541881,18,3164921
1326543041,29,9871436
1326543388,20,1343189
1326543994,25,8310490
1326544432,16,839980
1326546566,8,1935854
1326547733,71,23113229
1326547934,13,257708
1326549458,4,1342888
1326550037,61,4672758
1326551036,17,2329020
1326551225,18,4073436
1326553559,17,4956946
1326555899,14,1835593
1326558552,11,4491804
1326558971,37,1392279
1326559058,23,1554768
1326560517,7,317830
1326562501,23,1160657
1326562620,36,2076011
1326566952,11,1172795
1326567302,3,131733
1326569243,41,1153889
1326571806,82,6860260
1326573026,55,25963081
1326573490,24,10676833
1326575958,9,755315
1326576945,17,848554
1326579594,10,1458623
1326580381,25,2306578
1326582744,53,3329366
1326584819,12,5029787
1326584914,41,11724397
1326587234,43,23176053
1326588426,3,728045
1326588951,5,1049904
1326589442,16,1902743
1326590043,17,4115998
1326590347,40,14657288
1326591714,15,745964
1326592049,15,7347982
1326595621,10,4210597
1326595841,13,3872565
1326595926,11,10163300
1326596584,13,5269941
1326596960,4,864652
1326597251,102,50405765
1326597588,111,65325890
1326597633,6,1340416
1326598638,6,1533672
1326599003,11,3303620
1326599383,15,2004427
1326599613,70,31329811
1326599887,26,10905083
1326600200,36,11249858
1326600787,18,2366266
1326602340,41,26296995
1326602465,39,17910383
1326602799,19,8166364
1326603401,52,22496063
1326603655,27,8752999
1326603935,50,23858849
1326603949,14,5229839
1326604778,227,98960021
1326605372,8,2093119
1326605510,31,1543774
1326605659,32,2151212
1326605672,20,2176420
1326606153,17,4028611
1326606283,29,7299887
1326607310,65,29852714
1326607671,13,5577420
1326608075,18,1641839
1326608980,10,2580762
1326610619,15,4972168
1326611026,15,16298461
1326611350,16,2973249
1326611679,7,983940
1326612220,6,632476
1326613551,50,1585671
1326615185,6,1069669
1326617337,31,3019725
1326617434,15,1141396
1326618618,9,1592791
1326620394,42,12368042
1326620396,13,2455243
1326621892,33,5078154
1326622463,18,1376970
1326624411,22,8274522
1326624634,39,1101296
1326633023,22,6528822
1326634379,63,34268353
1326634497,200,76722309
1326634678,19,1105143
1326634766,15,2077424
1326635055,18,1332148
1326636420,19,4561299
1326636667,16,4358587
1326637102,9,2147353
1326638250,5,1942473
1326638848,49,16411804
1326640405,103,5043923
1326641104,30,10218180
1326641266,6,1369274
1326642027,28,1826780
1326644001,80,29158478
1326644308,18,6105648
1326644381,68,2093506
1326644383,8,1580690
1326645419,5,1650584
1326646143,157,44331072
1326646359,24,6932741
1326646523,3,5168634
1326647790,13,6711021
1326648269,15,6539824
1326648387,14,4806154
1326648406,15,1886658
1326648760,3,607780
1326649129,16,4538691
1326649518,19,7655553
1326650126,15,5956507
1326651096,11,3024704
1326651305,20,4736992
1326651577,18,3894844
1326651743,7,3575544
1326651976,12,3350336
1326652301,8,203409
1326652413,30,17488799
1326652961,15,3407254
1326653839,18,7034623
1326655541,10,2552405
1326655604,9,4227169
1326655982,6,2221371
1326656037,4,928700
1326656112,12,1717097
1326656504,15,1945431
1326656910,42,1351479
1326657336,15,1678648
1326657402,20,12799189
1326657446,31,13638658
1326657464,21,5187741
1326657739,26,5711848
1326657988,39,13311646
1326658613,24,3677178
1326659953,16,3130295
1326661245,11,16627724
1326661941,18,9300108
1326662074,10,1696128
1326662164,22,9757031
1326662617,35,13393069
1326662888,25,3869666
1326663118,17,2205843
1326663904,27,787883
1326665414,5,151429
1326666088,13,1827172
1326667036,29,14283076
1326667209,25,1864653
1326670695,13,17186073
1326670885,25,2626212
1326672334,50,2884169
1326674104,14,775463
1326681557,9,725951
1326682274,25,1750650
1326683150,39,1534632
1326683689,10,2423778
1326684314,11,1158169
1326684996,12,1829212
1326686576,13,5442352
1326686705,20,1255895
1326687352,39,4952927
1326690274,32,16001019
1326690669,9,1700557
1326690766,11,1557245
1326692334,24,9801247
1326692740,45,8240927
1326693765,197,61341794
1326693837,15,542402
1326694873,45,11357606
1326694999,18,3074888
1326695186,64,12190931
1326695756,13,2845932
1326695987,90,3664232
1326696080,11,1042949
1326696258,21,2280583
1326697169,9,921123
1326697513,94,35505993
1326697800,19,1693849
1326698178,20,14906528
1326700524,4,203840
1326700682,8,269587
1326701547,20,10056959
1326702832,23,3515846
1326703037,11,4424509
1326703514,11,2596146
1326703660,16,3029906
1326704224,13,1761980
1326704543,30,15263403
1326704628,44,22617203
1326704838,10,620870
1326705933,11,3236640
1326706827,24,1953039
1326707190,27,1257138
1326708036,9,1148736
1326708069,21,16049811
1326709226,13,1387871
1326709760,47,23178302
1326710409,3,465752
1326711076,9,2021531
1326711146,18,832755
1326711244,11,4362847
1326711914,19,5265411
1326712029,7,2177612
1326712332,4,67759
1326712709,16,12768004
1326713371,24,13873496
1326713408,13,2205122
1326713567,83,4505686
1326736440,9,845724
1326737647,8,3403106
1326740129,18,778598
1326742075,18,1345512
1326743142,13,3835608
1326743706,17,2222474
1326743739,40,1743734
1326746672,3,285140
1326747459,4,591912
1326747862,15,4333983
1326748393,274,121196548
1326748607,69,24168886
1326749580,18,694130
1326749632,16,4545064
1326749705,25,11683922
1326750504,10,1120763
1326751581,3,845876
1326751806,23,8452641
1326752361,43,24585018
1326753051,6,3226121
1326753567,27,6849266
1326753939,57,11163208
1326754059,21,3857514
1326754065,22,4845281
1326754208,69,30003549
1326756242,19,5539847
1326757071,32,8072244
1326757760,23,6924258
1326759528,8,2621993
1326761047,23,3641474
1326761802,15,1353024
1326761974,29,2386225
1326762107,11,1462635
1326762816,10,3534356
1326763787,55,38922818
1326764136,48,8022983
1326764203,11,594016
1326764987,29,9260539
1326765424,38,3917815
1326767137,27,2146706
1326767899,12,1854967
1326768037,36,2275132
1326768327,25,1835494
1326768486,10,2120664
1326768733,10,1226220
1326768874,11,1334909
1326769007,78,6129337
1326769516,37,12829267
1326770496,6,370056
1326770557,10,731745
1326771255,55,23563738
1326771343,6,1583430
1326772065,119,5869504
1326772933,7,1857877
1326773119,18,2484216
1326773248,33,15180217
1326774724,16,5676980
1326775005,4,240
1326776156,29,2444985
1326776172,8,1607315
1326776706,15,736977
1326777792,14,1299091
1326777866,10,2762776
1326778582,10,2391182
1326779315,10,2052860
1326779681,34,3599468
1326780836,12,5390709
1326781153,20,660009
1326782231,3,522484
1326784809,11,652659
1326784895,16,1539557
1326785906,25,6785239
1326788327,15,1046376
1326788830,15,710019
1326792958,19,581776
1326793312,11,376431
1326794083,64,2570104
1326794422,17,1519147
1326795762,14,670350
1326798729,28,3099205
1326799969,31,919440
1326801632,19,1171212
1326801674,16,3211400
1326809594,10,524675
1326809715,20,1470253
1326813914,6,604407
1326814060,6,616887
1326815874,10,1186397
1326817142,5,605645
1326817327,6,532457
1326821189,19,1111848
1326821328,7,474798
1326824247,19,1211795
1326834620,6,1230682
1326838777,21,7643626
1326847302,16,7116239
1326848530,15,4301116
1326861424,9,625341
1326871837,19,2718805
1326885017,20,2624397
1326887747,12,1083954
1326888307,23,4634102
1326889563,16,4329016
1326891286,36,5927477
1326893281,18,1100391
1326896868,20,1199774
1326904182,21,1358996
1326911245,11,845728
1326922287,8,1964518
1326923746,18,5552419
1326923821,8,1290295
1326926624,14,1552275
1326930189,6,2425592
1326932073,6,3388712
1326933921,12,3337091
1326936423,24,3505361
1326938480,181,15817325
1326938831,17,854133
1326939571,12,829938
1326939651,7,250189
1326951734,22,1469035
1326954560,19,1214750
1326954586,7,934623
1326958960,29,7275280
1326959730,100,43646840
1326961041,10,1557035
1326962228,25,3125086
1326962760,10,1332876
1326962826,39,14408328
1326963151,7,444292
1326964434,14,4249479
1326965628,18,534379
1326965668,10,2640019
1326966772,13,389857
1326967592,14,6920525
1326967609,16,5328634
1326967658,6,2014096
1326968967,3,1757492
1326969191,21,9027955
1326969823,40,10616589
1326970526,13,1420074
1326971165,13,373042
1326971848,18,8150687
1326971893,24,8166579
1326973901,5,1321469
1326973960,11,3588934
1326974245,4,1793748
1326974717,15,7198088
1326975687,20,4480272
1326976302,3,528500
1326976530,10,7113044
1326976798,16,5286385
1326977711,36,2641476
1326978026,22,8898088
1326978928,20,5451825
1326979014,10,4288246
1326979578,105,37957636
1326980209,4,794691
1326980614,22,1661492
1326980802,19,6481454
1326981756,45,11951039
1326985777,19,7255749
1326986006,17,1704524
1326989076,74,1842040
1326994243,18,4870878
1326998600,28,2528446
1327003649,5,269703
1327006455,7,759092
1327009299,97,30296182
1327010469,14,3914249
1327011097,345,156471831
1327011164,22,7199825
1327011628,18,2469589
1327011977,19,4428850
1327012932,17,952384
1327014067,17,12802705
1327015613,34,13441559
1327017214,24,936409
1327018814,8,3118457
1327019086,40,15096430
1327019713,8,1858535
1327020667,29,9345381
1327021538,10,493698
1327023073,4,604943
1327026271,11,3548328
1327026715,4,818676
1327026739,12,3352604
1327027302,28,8532549
1327027316,10,3190330
1327027653,16,3688666
1327029228,11,3119056
1327030133,31,1692424
1327031247,10,907808
1327031353,48,16243851
1327033005,19,6385422
1327033534,11,2939079
1327034352,17,9556142
1327035211,25,6848838
1327035747,15,3699418
1327035776,20,6325357
1327036122,15,2012048
1327036235,21,6650523
1327036739,5,804933
1327038390,16,4044553
1327041798,28,1093925
1327042617,32,14122176
1327044120,3,130755
1327044487,33,2105924
1327044545,48,3196865
1327046694,42,1092362
1327052882,21,4477378
1327052896,8,284072
1327052955,19,899961
1327054267,96,3157098
1327054496,187,14729324
1327055837,14,6992466
1327059570,40,2133322
1327059742,40,4596681
1327060698,45,1634860
1327061266,54,2360359
1327067363,21,1295929
1327067735,25,1842920
1327068465,14,2323772
1327068742,19,2526304
1327069791,3,1251437
1327070368,20,12649881
1327071476,42,17191874
1327071898,13,798208
1327075372,22,3600798
1327075416,22,1568975
1327076077,59,16897362
1327076164,12,7744501
1327077246,15,1338873
1327077982,151,63402503
1327078339,6,125189
1327078422,25,29894416
1327080628,14,4715718
1327081603,28,14995173
1327081813,3,52826
1327081889,27,16165503
1327081983,22,11612612
1327083844,33,12841760
1327083942,49,3650893
1327084000,11,864709
1327084762,7,1526040
1327086127,18,9805239
1327087614,18,6032212
1327087645,8,3184730
1327089123,20,5269387
1327089993,17,2069683
1327090189,53,23188239
1327090275,22,12788504
1327090468,32,19804666
1327091468,10,8114450
1327091510,7,2374941
1327091670,41,21702225
1327091714,8,612496
1327091974,17,7430921
1327092059,28,13003808
1327093999,15,8210922
1327094100,12,8820340
1327094291,23,3332438
1327094401,19,5647175
1327094440,72,39386178
1327094486,20,2658291
1327095528,11,2698743
1327095704,21,12110932
1327095943,13,2472302
1327096201,3,1336965
1327096361,41,19203134
1327096487,21,6055112
1327096994,25,7279077
1327097005,16,10984548
1327097440,14,1041134
1327098055,59,2665181
1327098299,19,7685607
1327098308,10,3383430
1327098619,6,3951485
1327099096,13,3901795
1327099694,39,22528961
1327099801,8,2746454
1327100445,19,1273989
1327100993,5,365754
1327103913,23,5023283
1327106249,10,2686183
1327106389,9,2654250
1327106643,12,5773106
1327107230,20,4234420
1327107638,46,1168271
1327108208,10,2035954
1327109289,14,600678
1327110703,66,32636857
1327112340,7,1754427
1327113397,12,386298
1327115521,19,1349077
1327118915,15,954036
1327122399,35,6077986
1327122662,35,2413677
1327123689,154,55786508
1327124184,29,11394960
1327128353,234,74647410
1327128599,14,665759
1327129827,59,21592914
1327129850,10,2963553
1327130255,6,374237
1327130406,20,1587243
1327130759,33,20725278
1327132374,21,1479173
1327132891,11,2017278
1327133183,15,2172192
1327134865,15,7336651
1327135088,18,8989811
1327137037,14,7469849
1327137575,40,17584100
1327139321,11,3264907
1327141102,19,11118129
1327142009,10,2242309
1327145457,13,7146197
1327146053,15,3813504
1327146555,3,2649500
1327146796,8,1641225
1327148115,21,6696174
1327148984,18,6758460
1327149616,31,3971770
1327150670,12,3685660
1327151094,20,4312979
1327152645,11,1177373
1327152887,14,7212811
1327153118,14,6931578
1327153294,12,3161266
1327154227,14,6345115
1327155325,15,4800368
1327156676,33,3709892
1327156785,24,1636234
1327158419,70,5313972
1327159837,27,2489161
1327162912,33,8326962
1327165939,19,774491
1327166180,21,1025672
1327167228,15,4351474
1327169304,72,12882049
1327170216,6,1117710
1327173312,18,1234011
1327173730,14,1390706
1327177257,18,1274160
1327178993,11,732112
1327180836,22,1521890
1327181320,54,3197939
1327181530,7,674586
1327181786,52,15541337
1327183166,6,709230
1327183488,26,2049882
1327183858,15,386419
1327185324,36,489797
1327185652,16,2646877
1327186961,9,196040
1327188799,37,7991710
1327190149,32,4214880
1327191246,46,1457362
1327191606,17,2373636
1327192884,14,798925
1327193681,9,1512205
1327193934,13,2686437
1327194856,13,2004754
1327196694,15,6720754
1327196816,11,607090
1327196932,19,3927265
1327197187,16,7480234
1327197242,36,21195576
1327197346,26,1602537
1327197583,45,20307516
1327198601,5,583100
1327198700,116,14074329
1327198778,31,976166
1327199696,23,14299433
1327201534,3,952928
1327201571,37,15536365
1327202259,13,5071512
1327202289,21,459252
1327202381,18,4239794
1327202495,9,2839468
1327204605,25,19427889
1327204614,17,3661161
1327206324,36,17891031
1327207201,11,3696418
1327207568,11,318059
1327207925,64,2121513
1327208054,19,6305006
1327208079,52,29094711
1327208333,14,5933564
1327208794,16,4110021
1327208951,18,4480752
1327209037,12,5189816
1327209254,13,1854144
1327209525,8,1677308
1327209648,16,1912529
1327210104,12,1472993
1327211140,22,1870709
1327211302,11,732782
1327212222,17,1243308
1327212823,176,9777225
1327213581,113,9011071
1327214000,22,861996
1327214162,20,2413380
1327214228,15,1270114
1327214346,3,2051871
1327215554,16,1293281
1327215572,13,845170
1327216017,13,6498950
1327217508,14,443803
1327217887,18,6782976
1327218032,24,1349029
1327218176,24,1910037
1327219098,6,734907
1327219394,6,725860
1327219623,17,3876385
1327219678,8,290547
1327219876,16,1155850
1327221205,6,301737
1327221632,16,1011903
1327221893,27,438482
1327222022,7,1269211
1327222492,9,396453
1327223693,9,857618
1327224743,56,2216806
1327226019,6,800324
1327226831,18,4514556
1327226878,13,1146380
1327227254,56,2717251
1327230548,37,2331649
1327235450,23,673751
1327236599,12,1566515
1327239472,32,12720000
1327240761,12,7466850
1327240987,27,3493544
1327243144,40,14060963
1327243815,23,762177
1327244767,7,2009392
1327245480,23,6850456
1327245765,26,8033661
1327246552,11,3782642
1327246900,10,1165328
1327248208,13,7212214
1327248306,21,347165
1327248500,24,3995713
1327249799,16,1763804
1327249997,24,8655215
1327250342,19,535427
1327251494,3,508378
1327252875,17,1449053
1327253159,33,753427
1327254037,23,5890408
1327254453,33,1168961
1327254853,16,860577
1327254959,16,3212452
1327255226,67,34010350
1327255636,28,6954536
1327255733,16,5422816
1327256269,74,1580633
1327256691,9,2463590
1327257359,18,1924730
1327259257,21,1812508
1327259338,11,4274650
1327260004,22,8798051
1327260283,19,5736828
1327260306,10,3171033
1327260887,14,4214025
1327261094,10,1797907
1327261494,3,630361
1327262656,61,20184601
1327262869,9,408516
1327263222,7,1946660
1327263824,35,16051939
1327265907,17,17841858
1327266043,22,1798432
1327267085,21,1182653
1327268272,13,4436065
1327269038,69,21038778
1327269762,28,3947378
1327269849,13,4216919
1327270233,11,992272
1327272787,12,768484
1327274069,11,631876
1327277316,9,1969655
1327279118,15,4038321
1327289243,39,2198545
1327293310,14,1126881
1327296503,16,1527816
1327301004,29,2944826
1327304731,5,340005
1327306661,20,1208188
1327334622,22,6303866
1327346237,16,7425534
1327366458,6,251186
1327367895,7,374186
1327368086,5,144382
1327371303,7,229964
1327373127,16,690865
1327373938,8,262448
1327374089,48,5221110
1327376391,37,3016400
1327382205,8,588451
1327385367,16,1077611
1327387866,20,1101513
1327388358,19,3778586
1327389061,25,13656094
1327395670,10,737589
1327396168,12,3275332
1327399690,13,644532
1327403723,21,1663226
1327405816,18,2771324
1327407969,52,962657
1327409943,38,1700332
1327410644,7,542806
1327416700,15,539873
1327418573,133,42094231
1327419108,13,2551045
1327419823,13,421944
1327420536,14,638022
1327420646,11,632593
1327422399,21,8200239
1327423835,4,592387
1327424551,31,1931660
1327425403,11,1874505
1327425975,10,2247311
1327426750,12,4607157
1327426814,22,5747244
1327426844,15,11053721
1327428162,57,15622339
1327428725,8,2221618
1327428876,4,164046
1327429999,32,13297192
1327430323,10,2295628
1327431851,22,1476133
1327431955,16,8640851
1327432365,3,1027323
1327435875,31,12654472
1327436172,23,5213833
1327436895,7,1681570
1327439461,16,1107671
1327440411,6,137371
1327440453,18,799733
1327443536,23,15370660
1327444505,21,1799692
1327445376,10,177589
1327447815,16,4464537
1327448257,16,1021459
1327449113,39,2352510
1327449252,5,316216
1327449498,13,874103
1327450007,9,414031
1327450549,5,1305246
1327452099,14,1056330
1327452862,22,1488008
1327453479,10,620623
1327453864,11,1385138
1327456258,259,19905151
1327456260,4,57694
1327456621,10,812191
1327456898,4,477701
1327457288,5,978545
1327457298,31,3112995
1327459058,125,39132321
1327462054,20,5159558
1327463023,20,1283081
1327463446,20,2045113
1327465015,6,1413599
1327465581,5,995511
1327465994,7,491779
1327467310,18,2921524
1327467501,10,656425
1327467835,6,1966179
1327468386,184,83453178
1327468445,21,1531538
1327468488,15,2671850
1327469853,9,19429531
1327470785,31,5734992
1327471713,17,4795001
1327472533,24,9191554
1327472838,42,12746591
1327473003,19,7104854
1327474193,31,6121849
1327475859,28,2886801
1327475890,16,1347748
1327476086,48,21453382
1327476412,13,1736503
1327476924,29,7420901
1327477330,21,8965502
1327478223,36,11999359
1327478390,18,1996628
1327484800,14,3303879
1327485182,42,3396181
1327485576,25,2185261
1327485846,11,447824
1327485966,83,3704098
1327488272,12,1124893
1327489623,23,1557210
1327493100,26,960693
1327493731,16,87403
1327497342,18,2206761
1327500078,24,931280
1327501000,14,3332828
1327501420,7,289281
1327502485,215,71682463
1327503957,18,5929945
1327505877,6,2040220
1327505892,11,6141173
1327507000,12,4300222
1327509053,12,2591900
1327510409,23,1062976
1327512024,118,76497504
1327513366,13,3349666
1327513591,5,4696011
1327514368,15,3546629
1327515388,23,6330541
1327515422,23,9722508
1327516821,16,5750560
1327517486,14,3008398
1327518389,13,6897270
1327519046,11,382248
1327519532,25,1690493
1327519748,29,26435149
1327520639,30,2436959
1327524539,10,2116888
1327525572,15,13660415
1327526074,16,3036097
1327528939,10,2762972
1327529954,17,3083797
1327540156,14,845961
1327540900,20,4893065
1327544334,63,2717345
1327545770,18,3076019
1327545952,16,3901619
1327546164,14,3301091
1327547372,110,2337732
1327547889,12,409127
1327550990,29,11816217
1327551666,10,536042
1327552535,47,20882599
1327552576,17,5308772
1327552830,105,39953727
1327553033,72,5035279
1327553357,16,1079438
1327555094,39,15696132
1327556180,46,18690712
1327556852,12,4552494
1327557085,38,13647380
1327557822,27,6290525
1327557867,9,1100337
1327558021,10,1833894
1327558249,42,13533791
1327558253,175,10074366
1327558745,81,39211863
1327558820,20,4383709
1327558988,99,36389565
1327559898,23,4230299
1327560560,29,13733356
1327561326,13,4950099
1327562707,5,2543052
1327562722,39,7120476
1327562774,49,12413414
1327563221,44,1723915
1327563388,12,1076819
1327563761,264,112161791
1327563928,29,11744422
1327565150,307,141967358
1327565247,24,1836222
1327565837,11,6905747
1327565907,89,32048371
1327565980,13,3982263
1327566238,22,5885627
1327566483,11,3185839
1327567724,56,18426346
1327568503,4,1719117
1327570801,9,2772376
1327570934,5,2078245
1327571202,9,10394070
1327572105,13,834560
1327573184,10,2453442
1327573207,4,172817
1327573740,17,511572
1327575219,18,5713320
1327575445,5,145713
1327575898,20,3494805
1327576113,57,23622747
1327576932,87,9390141
1327576980,14,8061713
1327577062,12,1244726
1327577715,14,2803350
1327577848,16,934487
1327577887,12,1386688
1327579672,18,3309688
1327580935,13,14756852
1327581007,11,3523477
1327581922,9,843228
1327581955,312,30849087
1327582114,13,14317938
1327582856,21,2069834
1327583151,4,694167
1327585219,4,189209
1327585547,26,3382949
1327586152,9,929466
1327588415,15,1554820
1327589469,159,17511265
1327590050,23,851529
1327590210,79,3805287
1327591838,14,472075
1327594791,8,1261784
1327594873,18,1090307
1327595044,53,2619139
1327599011,27,1327805
1327600676,20,780072
1327601540,12,2001727
1327602344,13,1326319
1327603909,11,429135
1327604644,20,2922804
1327605488,16,2206955
1327605877,16,1018628
1327606168,7,525425
1327606231,48,2498512
1327606496,15,1767472
1327609161,10,838211
1327610000,68,5422325
1327610151,24,6873695
1327610343,16,1987691
1327610959,17,3206707
1327611889,47,36380948
1327612240,15,2181395
1327614351,21,8698789
1327614505,10,4361720
1327614657,24,6140500
1327615834,16,1860061
1327615872,122,43760961
1327615874,12,1272364
1327616729,46,19769162
1327617218,25,12304402
1327618059,5,1410194
1327619257,139,72807816
1327619578,9,771574
1327619849,4,142874
1327620465,12,458694
1327620580,7,698237
1327620926,38,20255460
1327621176,35,1946039
1327621728,37,4094193
1327623838,100,53943719
1327624299,16,2260076
1327624677,14,1622377
1327625396,5,361647
1327626592,28,2488877
1327627261,9,2550750
1327627853,7,2165734
1327628142,52,41125674
1327628153,12,699188
1327629750,15,6809412
1327630599,7,268474
1327631563,25,970573
1327632743,28,2198754
1327632764,18,5457758
1327632943,33,40874813
1327633075,20,3927469
1327633732,19,1861371
1327635157,8,3019490
1327635247,12,2467218
1327636692,9,2644748
1327637449,11,2376484
1327638079,19,9435126
1327639171,17,1636729
1327640114,5,2178400
1327640163,9,2468105
1327640187,11,2858282
1327640590,6,1039633
1327642583,31,10327958
1327642673,6,1083437
1327643909,12,199435
1327645163,17,8765873
1327645429,17,4703066
1327646893,14,1395446
1327648676,12,1174645
1327656412,7,436313
1327656420,18,1347535
1327662069,10,690923
1327662271,5,594251
1327663061,13,1829040
1327664942,25,8275121
1327665461,27,8573650
1327665829,10,1425759
1327666879,14,3044767
1327667451,40,11083906
1327667817,3,1029842
1327668461,22,1377769
1327669122,38,1273027
1327669327,61,2869134
1327669422,207,91313595
1327669968,13,3211691
1327670154,13,814675
1327670314,41,20044579
1327672620,11,3170986
1327674107,11,1130491
1327674237,5,1192454
1327675995,40,12016655
1327676339,5,417750
1327677712,48,16515207
1327678202,44,7770833
1327679581,13,3518185
1327680116,37,15513546
1327680714,34,2095068
1327681363,15,956206
1327681602,44,11854587
1327682768,8,3849488
1327683720,26,17433115
1327685928,56,5170088
1327686423,3,629874
1327687396,7,3247188
1327687487,10,3407813
1327687519,12,3144569
1327687592,27,22865747
1327687978,37,11343324
1327688977,12,6075161
1327689001,13,4478387
1327690259,17,5153083
1327690532,9,1257666
1327690562,3,938530
1327691452,13,3945741
1327692031,22,7852338
1327693027,3,619264
1327693093,21,2458803
1327695747,8,2256025
1327696190,15,4528783
1327697334,11,497870
1327698868,26,2377328
1327699987,20,1126365
1327702126,38,1781039
1327705080,9,1964164
1327706269,33,1717748
1327711794,9,714799
1327713645,34,1143769
1327714066,17,1204197
1327716613,32,1713020
1327721600,10,2532868
1327724466,24,1779319
1327727874,37,2091347
1327729874,9,642753
1327731143,6,831116
1327754639,20,4252270
1327757486,6,1042273
1327760036,14,3573883
1327762848,10,6283050
1327769320,19,5699233
1327778865,10,728510
1327779691,10,1689066
1327780909,18,4974794
1327784988,32,2871972
1327794998,13,1078582
1327810798,13,2757952
1327818717,12,4549601
1327819179,5,1522289
1327823319,33,2002180
1327825526,51,4195751
1327828041,16,3302806
1327834754,20,3062029
1327835468,34,1749926
1327836403,11,353562
1327837895,7,3976445
1327838502,14,947572
1327838660,10,2806075
1327839520,78,32359856
1327841056,16,646279
1327841275,13,3391828
1327842131,37,2918722
1327843272,23,6441162
1327843311,17,2173183
1327846595,22,1163575
1327846983,93,27056473
1327847723,25,7107503
1327848935,60,4260048
1327852097,11,298244
1327853406,15,2498748
1327853499,48,19446799
1327854222,15,846622
1327855404,11,4498109
1327855643,24,15037025
1327856668,23,1018638
1327857173,34,2594343
1327858850,10,300068
1327859573,5,255972
1327860571,39,2193516
1327861978,10,880115
1327864746,10,3707053
1327868646,30,859847
1327869838,20,1867608
1327877042,148,23426671
1327878682,280,97035442
1327882462,25,3483866
1327885805,17,4069313
1327887088,15,5844994
1327887592,18,722586
1327887656,72,27713221
1327888832,38,1480107
1327891627,99,29576914
1327891718,30,4853704
1327891819,13,1495633
1327892287,6,1373964
1327893156,8,487720
1327893614,16,7505077
1327894636,11,4559234
1327895632,27,12820781
1327895941,25,9328225
1327896135,12,2062985
1327896488,12,2155549
1327899070,22,8314019
1327899138,12,5927661
1327899303,14,5259893
1327899639,32,8240768
1327901456,20,7993373
1327901519,18,637364
1327902231,19,717029
1327903205,5,838407
1327904703,71,3392446
1327904947,29,6770438
1327906282,13,3956048
1327909237,8,32312574
1327911344,13,1493497
1327913969,20,1088852
1327917233,4,400121
1327921560,38,1969418
1327923930,229,81870184
1327924129,15,1410581
1327924864,8,765589
1327925028,78,21347878
1327927093,58,15930498
1327928538,8,755698
1327929012,9,469382
1327930257,40,1414775
1327930397,83,39426697
1327930497,21,1546961
1327930890,27,958173
1327931994,148,58580413
1327932356,12,2099732
1327932707,204,100901422
1327934281,14,5537467
1327935705,17,4492005
1327938357,13,3574632
1327939208,15,2281757
1327939665,3,1926794
1327939708,24,8744761
1327941098,28,1997877
1327941201,12,2559403
1327944004,16,3715414
1327944262,5,1317922
1327944723,20,8546686
1327945247,51,3119693
1327947302,7,1629033
1327947555,35,9448073
1327947621,7,3216654
1327949902,4,876189
1327950001,10,8593917
1327954416,11,1126116
1327955478,12,455794
1327958105,18,792612
1327958365,24,1880798
1327959703,13,5668200
1327961611,21,922027
1327962155,31,1477494
1327966344,16,947614
1327968389,16,650579
1327970220,18,5601371
1327973719,21,11408929
1327976209,10,987404
1327976296,89,35788640
1327977509,44,16078959
1327977718,22,634760
1327978504,8,3611723
1327978811,18,4780801
1327980875,11,7553514
1327981186,38,1669489
1327981808,61,29970939
1327981960,7,328589
1327982258,34,1812586
1327982329,88,43302166
1327982380,9,766214
1327983091,14,5117192
1327983988,7,800251
1327984795,3,712967
1327984900,33,2883807
1327987090,20,1033554
1327987263,160,56755418
1327987443,106,7368895
1327988220,12,888850
1327988396,6,406758
1327988461,48,8303727
1327988726,22,8011298
1327989441,16,1193400
1327989871,11,1844659
1327989920,14,9673002
1327990272,6,472677
1327991368,23,3037271
1327992120,18,1813289
1327992363,15,1504624
1327992741,9,1269911
1327993995,24,12936578
1327994057,26,5908682
1327994063,15,3739430
1327994068,14,662011
1327994253,20,16792066
1327994898,12,2271694
1327995200,5,1114062
1327995256,23,3980291
1327995405,30,15634993
1327995525,22,10717761
1327995746,4,2020175
1327996294,20,2709885
1327996668,7,4243559
1327997744,27,4339637
1327997831,4,1139294
1327998166,43,11819144
1327998493,30,2074467
1327998501,11,6890092
1327998653,10,523665
1327999102,22,12246470
1327999169,14,1160707
1327999396,16,4718793
1327999565,10,1903138
1327999966,11,6519004
1328001561,10,459547
1328001953,67,2202637
1328003240,10,4482698
1328003363,28,34711073
1328003895,9,967024
1328004124,21,10917166
1328005033,18,8655289
1328005881,12,454034
1328007419,51,5458032
1328007849,5,221097
1328008469,16,2694576
1328008918,8,1337023
1328011376,12,5478914
1328012149,16,6820784
1328016232,71,2238861
1328017211,18,1039079
1328018394,12,809379
1328019325,23,994498
1328020702,10,1699038
1328024328,31,810126
1328025223,53,2885699
1328025475,12,1062673
1328031197,9,136684
1328031332,39,1238724
1328033801,407,198312326
1328035246,25,1426242
1328036338,24,8217784
1328037225,30,10058668
1328037591,24,562978
1328040141,10,421674
1328040727,62,3188408
1328040948,62,3212842
1328041035,63,15279039
1328042996,26,7893786
1328043857,12,10674266
1328046090,54,25222237
1328046114,8,3374596
1328046116,18,2690839
1328048863,17,3460602
1328049702,17,5916873
1328050238,120,62022419
1328050954,14,4003301
1328051618,13,4462321
1328053225,7,1310262
1328053598,149,64614429
1328053882,13,2236527
1328054702,11,4093391
1328055488,4,1814656
1328055570,30,22278853
1328055838,3,337274
1328056653,16,5415157
1328056732,10,1390304
1328057373,42,4098647
1328057424,5,1836046
1328057646,8,898945
1328058123,5,1091644
1328058141,14,5026850
1328058177,10,4952454
1328058242,17,2415808
1328059434,6,462294
1328059437,21,6851081
1328059827,7,2722267
1328060097,17,2516712
1328060301,18,6516913
1328060324,5,278681
1328061038,21,4759469
1328061282,7,1577293
1328062268,12,3848053
1328063681,4,1557352
1328065798,12,1105058
1328066368,27,11444366
1328067388,10,1444197
1328069161,8,1261964
1328069414,23,3363709
1328070863,17,1270765
1328071746,5,3791248
1328073733,8,3713661
1328074123,44,1329743
1328074580,9,1168950
1328076343,14,591944
1328076996,7,1237986
1328077238,14,4007278
1328077891,3,717940
1328078781,11,795073
1328080165,51,5430106
1328083074,88,2511995
1328087273,9,4410325
1328087581,55,9754145
1328087861,65,14751668
1328089316,6,1514733
1328090927,3,1545050
1328091260,29,5294826
1328092255,12,3304429
1328092606,8,4046496
1328093066,17,547011
1328093737,13,3468465
1328095379,41,16409384
1328095766,19,3390702
1328095920,34,18484542
1328096876,83,25473782
1328096984,13,488387
1328097345,9,1158127
1328097412,58,38382632
1328099544,96,44765892
1328100866,25,17589385
1328100975,19,1120048
1328102878,78,36406082
1328103504,11,3726768
1328103742,7,185040
1328103745,38,9664611
1328104588,15,5899564
1328106172,12,1236755
1328106268,26,10183740
1328106979,9,846090
1328107428,38,31253917
1328107538,19,4905994
1328107927,13,4805590
1328108791,15,1036603
1328109217,26,1600407
1328109334,10,2291997
1328109464,13,8978362
1328110178,51,51249535
1328110738,17,3498011
1328112585,11,588533
1328112648,13,5414125
1328113318,13,3708179
1328114030,11,2463988
1328114579,8,547727
1328115667,11,617793
1328116172,17,9961733
1328119446,49,7032862
1328121931,16,7469563
1328125933,6,763810
1328128953,14,3251255
1328129197,35,9412131
1328131218,15,1113623
1328143524,19,1364931
1328146869,10,1106298
1328147583,14,1351159
1328159301,22,1752509
1328162389,8,580660
1328188604,18,1203122
1328190560,38,3395999
1328192630,19,1886321
1328201602,14,1850173
1328203626,36,7893643
1328209435,10,4066829
1328213450,13,1250199
1328214280,9,212248
1328223514,147,59660465
1328225562,12,520614
1328235498,30,16762806
1328236396,4,784230
1328236774,24,1780087
1328237692,17,2568149
1328238251,8,3182398
1328239251,11,3170277
1328240093,15,6287563
1328240275,6,1569150
1328240885,30,3750436
1328242428,13,3214478
1328242560,17,2580814
1328244051,15,506465
1328245020,85,7624387
1328245690,25,2603615
1328249966,14,1214839
1328259473,15,552070
1328260410,13,707682
1328260542,9,496266
1328261432,39,11833147
1328261884,14,3414033
1328261962,10,2430396
1328263177,49,17522856
1328263553,17,1999297
1328264717,6,508160
1328265185,8,2204694
1328265284,14,2523435
1328265293,35,7019363
1328266506,16,4677699
1328267297,8,1481793
1328268937,4,730193
1328269536,34,22910649
1328270774,45,13729550
1328271331,23,3854775
1328271467,3,43300
1328272060,30,11484044
1328272210,3,1733375
1328273445,11,3697571
1328274962,68,22425891
1328276091,17,5646030
1328280916,8,582221
1328282119,13,1133561
1328282344,17,6981729
1328282995,34,12838329
1328283004,6,580269
1328288636,17,858384
1328296596,63,23075478
1328296698,65,1474887
1328297240,16,2057091
1328298064,10,1309629
1328298880,6,1414236
1328299882,4,725163
1328300143,16,1386028
1328301738,8,407552
1328301834,3,993168
1328302442,24,8126370
1328303685,18,3132531
1328304428,35,12589152
1328304786,5,414103
1328305970,113,31121529
1328305972,11,2774618
1328306132,44,7917754
1328307356,7,1387092
1328307938,10,3537252
1328309417,28,8874816
1328310281,6,1579798
1328310317,49,25071298
1328312781,8,2684109
1328313148,26,7646517
1328313407,9,3336903
1328314879,9,3535904
1328315838,9,1211912
1328318112,13,2522564
1328318155,13,2867981
1328318816,30,5621983
1328319318,11,3954091
1328321830,16,2129874
1328323180,16,1262408
1328324189,15,3515416
1328327656,60,5722806
1328328246,7,717894
1328328350,5,379710
1328330641,14,1623564
1328337085,32,2202361
1328339388,18,8027138
1328340238,38,1445126
1328342171,4,44916
1328342679,7,431794
1328343190,44,3104412
1328343804,23,9072004
1328343918,15,4473136
1328344829,5,406555
1328346076,8,1668369
1328346205,19,493098
1328347494,112,41705651
1328347701,73,26822689
1328348964,17,1109734
1328350509,16,4573731
1328350772,13,1258638
1328352100,9,2578026
1328352753,265,114602188
1328353389,44,16694707
1328353753,80,5630709
1328354669,13,2814267
1328355575,27,20395910
1328355734,42,21793089
1328356639,38,3220036
1328357315,21,1206339
1328357658,5,4411272
1328358500,183,72673695
1328359012,14,4671534
1328360964,14,662857
1328361192,25,1793635
1328361205,12,773852
1328361690,10,439357
1328361818,11,2365995
1328364074,25,29002732
1328366946,14,955002
1328368023,6,1320024
1328368169,30,14534579
1328369295,20,2364179
1328369942,14,4431241
1328373572,15,935203
1328377492,23,1082497
1328378599,11,543403
1328390612,11,2811016
1328390730,9,4976263
1328390828,80,38850944
1328391252,7,829566
1328392339,19,3660414
1328392598,87,38693964
1328393010,5,422711
1328393841,4,971589
1328394792,18,1778714
1328395434,3,11288
1328395566,137,10766340
1328395849,52,18593094
1328397258,3,124163
1328398368,16,2135883
1328399120,52,1926388
1328399350,6,151846
1328399972,4,5317733
1328400380,193,115550928
1328400703,6,1111230
1328400904,125,56165835
1328404265,27,8086399
1328404479,15,2905701
1328404657,16,12769861
1328404681,6,995384
1328405355,12,4696346
1328406164,5,3392286
1328406884,4,382458
1328407311,17,10130473
1328408526,22,14364615
1328409285,33,14579019
1328409517,24,8769819
1328409648,41,14401759
1328409673,8,2476715
1328410149,39,25634701
1328410609,17,1918899
1328411439,19,2249972
1328411896,72,5359422
1328412618,6,743290
1328413140,22,17444356
1328413362,18,5259365
1328414708,3,1101863
1328416052,61,60125450
1328416240,22,8284784
1328416283,15,14740766
1328416513,34,5134015
1328416547,25,7819413
1328417619,24,5984364
1328419378,40,18636630
1328419607,10,3392735
1328420453,14,3365750
1328421635,26,8174510
1328421842,23,2444686
1328421947,7,194083
1328422102,9,1610642
1328425030,14,1215843
1328425306,17,17058788
1328425575,12,883932
1328425663,16,1366407
1328426265,11,1257304
1328426868,20,1232712
1328426934,20,1635380
1328427447,15,19785831
1328430906,16,612432
1328431026,5,198685
1328431955,8,619414
1328432108,11,1132277
1328433241,20,2570306
1328434707,9,295724
1328435396,23,3793610
1328435468,20,2014763
1328440064,11,3649573
1328440151,49,1539592
1328441105,35,2278736
1328442686,14,4173419
1328442789,11,1186744
1328444325,35,1890474
1328445406,17,3418043
1328446305,15,526138
1328449329,80,1687119
1328449385,11,290066
1328449422,43,40707950
1328450733,32,7204290
1328450833,14,2410018
1328450884,15,1968516
1328451537,11,6534857
1328452151,8,2627560
1328452283,12,5481998
1328452644,11,1587216
1328453336,4,700640
1328454741,13,1176996
1328455160,40,25806491
1328456187,17,14369736
1328456241,10,2564971
1328456360,6,1503198
1328456363,17,2058932
1328457406,7,1741559
1328457572,39,27418520
1328457695,9,2181982
1328457993,15,2952008
1328459366,37,10028498
1328459548,5,1791277
1328459661,12,1144050
1328460563,8,1989668
1328460622,45,28232824
1328460653,13,2225256
1328460735,13,5142260
1328460948,11,1072898
1328461109,8,4072428
1328463197,11,7610282
1328463220,8,8075589
1328463919,10,4670363
1328464912,22,9707592
1328464997,5,898917
1328465354,13,6305275
1328465429,18,1026279
1328465721,19,384028
1328465777,14,6489745
1328466047,4,758544
1328466234,11,5558495
1328466904,12,1746903
1328467408,22,9395393
1328468340,5,925495
1328468574,20,8963893
1328468726,6,1820863
1328468981,14,4171883
1328469813,6,243890
1328470121,14,2302085
1328470237,10,456700
1328470277,8,222460
1328470781,15,1371196
1328470821,14,3225336
1328471453,14,4657582
1328471501,11,630978
1328471534,18,1182574
1328471699,3,1408654
1328472875,8,3756962
1328472890,12,3304991
1328473460,23,1247573
1328474363,12,5933003
1328474418,4,4704651
1328474770,8,3239459
1328475214,21,1441473
1328475787,15,3174364
1328475793,11,5922609
1328476298,7,2230846
1328476557,15,1542564
1328476637,71,8816229
1328476651,13,360915
1328476899,70,9009697
1328476976,19,2415176
1328477200,12,4212190
1328478513,25,10481171
1328479712,25,1916278
1328479896,87,4327130
1328482963,6,515348
1328483656,13,2466479
1328484540,21,690460
1328485677,22,1648059
1328486646,10,929726
1328486816,43,5104417
1328488311,44,7254065
1328488321,4,666091
1328488350,3,159431
1328488409,18,1967970
1328488441,12,837683
1328489400,16,7066615
1328490728,19,988836
1328491879,9,5681168
1328492483,37,5005269
1328493063,21,1035293
1328494033,9,638572
1328496004,21,1234073
1328498942,11,3948363
1328499611,54,6939309
1328500147,40,2451003
1328500594,9,2153788
1328500812,27,1480700
1328501612,190,101122351
1328501939,12,2866564
1328503486,64,3625443
1328503958,22,1603090
1328504701,47,5977895
1328504914,22,4507864
1328505151,16,30495
1328505863,37,873877
1328507580,27,19971009
1328507855,28,6674032
1328508808,5,47230
1328509091,12,3343034
1328509737,26,6199027
1328509816,23,5201649
1328510198,38,18846152
1328510759,18,5507851
1328511285,27,5640888
1328511380,5,3213967
1328512526,11,1049564
1328513246,8,1714115
1328514265,240,106883407
1328514409,106,63088376
1328514807,28,3857166
1328515418,30,29360571
1328517472,21,4801526
1328518894,32,6459598
1328519348,11,1099067
1328519766,20,3708684
1328520466,15,5072398
1328521970,14,1253701
1328523240,6,1444202
1328523533,34,2676582
1328525264,48,9434975
1328525445,23,8038288
1328525914,17,5213191
1328526081,18,11766120
1328528072,14,748006
1328529829,15,5780799
1328530160,27,20857876
1328534777,14,6106818
1328537296,24,907066
1328538150,27,1521501
1328538603,6,1008387
1328540655,7,301829
1328540837,10,4205080
1328542423,8,3025479
1328551912,10,609681
1328552625,16,1058255
1328564063,3,407445
1328576419,12,620658
1328577109,14,1023400
1328590767,40,3284352
1328597430,8,685809
1328606078,14,2903684
1328607114,12,757684
1328608460,25,1299162
1328610343,28,1955972
1328614941,22,1235248
1328617575,35,13785072
1328626287,12,1430092
1328628386,17,1930961
1328629456,10,644958
1328636056,17,971669
1328644674,8,141067
1328650187,23,1868298
1328651685,16,3077718
1328652190,9,1407577
1328653191,8,3263961
1328653795,9,4033127
1328657723,11,2070839
1328658566,24,3663220
1328671545,16,893403
1328672795,46,14935948
1328674982,16,4771394
1328676500,34,10943140
1328677125,16,3948871
1328678200,91,29848551
1328678720,28,11467576
1328680006,20,8080060
1328681343,60,2931392
1328681415,12,8092633
1328683154,15,1997054
1328685707,35,22268712
1328687609,36,11107142
1328689580,19,7881598
1328689887,25,7333775
1328690257,30,1746714
1328691182,11,17689891
1328691684,13,4321721
1328692207,26,12577010
1328697802,8,1613064
1328710709,58,4570403
1328711048,11,2659828
1328711254,9,398066
1328713233,76,26349288
1328713426,7,1841076
1328713638,16,1346973
1328713720,42,10955194
1328716294,7,3099698
1328716709,74,17558659
1328716804,6,1222807
1328721129,8,367649
1328721237,17,6108442
1328721389,49,16564150
1328721903,5,1957570
1328722225,18,1074195
1328723838,23,4624842
1328724347,21,1746653
1328724492,30,6564456
1328724597,68,3257645
1328725870,11,4318511
1328728692,47,882019
1328728983,6,1596685
1328729502,3,382918
1328730267,9,743120
1328730621,11,1604168
1328731505,14,726558
1328731808,7,2431641
1328734202,24,11430080
1328736700,9,753704
1328738163,23,1807361
1328738410,24,2230758
1328741682,17,491180
1328750576,31,3561154
1328753594,17,502222
1328755728,31,6135543
1328756683,9,3605108
1328757119,33,12932690
1328758118,3,599016
1328759537,9,3352446
1328759878,22,2355152
1328760181,64,25894712
1328760380,12,3538081
1328761126,58,29511185
1328761697,18,1552354
1328761785,18,6513603
1328763015,13,4781811
1328765452,57,2145611
1328766043,21,8306369
1328766213,52,21000801
1328766370,43,4897794
1328766654,5,1445121
1328766678,9,261026
1328767621,126,62476020
1328769624,20,5642594
1328771507,29,8030991
1328772404,21,5867931
1328772641,13,592486
1328775018,40,17088136
1328776361,19,9664639
1328776899,11,570390
1328777629,14,543401
1328779660,15,2778390
1328781772,31,1700177
1328781966,21,1677928
1328783416,22,1334933
1328784022,15,2799087
1328784421,112,14577314
1328785058,57,5987928
1328786051,75,10050502
1328789933,10,1885666
1328790704,20,1553505
1328791449,21,7769851
1328792510,39,4449728
1328794295,17,2033136
1328794709,47,3993450
1328796739,14,3738120
1328798173,4,296214
1328798445,18,6972839
1328799545,23,1419659
1328801071,24,2118925
1328803844,58,32315169
1328804859,104,39640433
1328805637,14,2982958
1328806114,19,2440872
1328806295,33,6328353
1328807318,83,23543328
1328807348,18,1163973
1328808054,25,7328740
1328809153,41,19400621
1328810788,39,11623119
1328812128,10,667820
1328812131,111,50013851
1328812154,21,7484460
1328812769,5,863083
1328814367,6,1104669
1328814376,19,5624756
1328815107,8,3982189
1328815656,9,10392820
1328816351,7,2524246
1328816411,46,41055172
1328817196,4,1895197
1328817318,11,10281112
1328817496,93,52431019
1328817800,17,5171403
1328818191,18,3246126
1328818417,12,3387570
1328818829,18,8163529
1328819283,26,12974874
1328819667,9,3376184
1328820332,14,5264786
1328820517,30,11674645
1328820587,20,1308287
1328821186,44,15263203
1328821288,14,8414713
1328821771,17,2744563
1328822544,31,10788769
1328822808,6,681510
1328823251,35,14064988
1328825383,3,90169
1328825621,50,42195212
1328826498,10,4640108
1328826694,66,32217659
1328827093,22,4439445
1328828143,13,1369695
1328828174,17,6032283
1328828420,13,1602791
1328828791,8,1728439
1328828860,9,2318636
1328829342,20,2351119
1328830119,17,6655065
1328830624,6,1170456
1328832478,7,1801782
1328832677,14,1159088
1328832938,37,24103000
1328833126,236,30870472
1328833501,14,2659086
1328833813,9,448528
1328834283,63,2324680
1328836899,37,593177
1328840210,6,192182
1328840988,9,393837
1328843025,5,118319
1328843668,5,486967
1328846064,5,367186
1328848325,35,1338402
1328849580,30,2335283
1328849678,49,3165913
1328853778,22,808418
1328854689,39,3007338
1328854709,106,7187918
1328855075,13,818972
1328860069,48,15307035
1328861108,3,739650
1328862919,5,416907
1328864229,5,1444060
1328864362,24,8090210
1328866216,5,1832695
1328867716,21,951137
1328868178,82,33180485
1328868263,6,9547727
1328868804,9,895519
1328869659,3,971471
1328870350,25,8426277
1328871186,17,672177
1328871193,13,1889486
1328871435,9,4769417
1328871609,18,1293919
1328871969,20,5378466
1328872309,91,47448383
1328872397,57,48414355
1328873142,19,3195533
1328873922,27,11344960
1328874579,82,50321170
1328874806,20,8521319
1328877349,76,87584459
1328877576,19,4489337
1328878106,50,2099793
1328878738,17,1866161
1328881664,45,15040588
1328882804,69,3432043
1328883462,3,1165900
1328884199,20,5285401
1328884554,18,5780560
1328884856,28,1572747
1328885355,12,5056820
1328885662,104,80145026
1328886881,21,6586321
1328887337,11,3004914
1328888531,11,606754
1328888807,10,4117204
1328890004,16,2556328
1328890298,5,2926756
1328890859,11,6033580
1328891554,22,5199546
1328891821,280,37795509
1328891964,11,2465251
1328892547,24,1238881
1328893806,7,470964
1328893921,22,2114162
1328893946,30,923451
1328894175,13,2665053
1328895486,20,2257836
1328898083,62,3125434
1328898241,32,7446240
1328898745,28,2751046
1328899042,43,1637525
1328906323,18,5086813
1328908721,16,1590393
1328909393,27,1967963
1328912806,11,323985
1328914571,12,3752453
1328916708,13,9030322
1328917367,144,80186018
1328918751,13,2955245
1328919093,26,859632
1328919629,12,1050381
1328920553,18,8110493
1328920615,36,12178701
1328921032,15,3624331
1328921209,14,4860539
1328923537,37,6448098
1328924102,20,10020462
1328924999,68,38475075
1328925642,8,965859
1328927198,59,1652826
1328927561,5,1385180
1328927723,76,11632886
1328928226,7,537140
1328928876,17,4452610
1328929129,112,39514437
1328929577,21,6264530
1328929971,13,3812946
1328931027,11,540487
1328931189,163,107997917
1328931330,6,1159805
1328932497,16,8111051
1328933098,14,2743936
1328933128,15,5301453
1328933700,33,13064272
1328933838,12,3005600
1328934954,21,15273397
1328935176,21,1120474
1328935735,16,4623134
1328936114,3,378299
1328936334,27,12006369
1328938534,16,4089406
1328941313,16,723478
1328941899,16,3770538
1328943330,8,460209
1328943365,6,391870
1328945942,5,732205
1328946939,4,1410585
1328947546,14,5227586
1328948951,4,1057900
1328960818,49,6316751
1328963677,10,992478
1328965625,13,2845118
1328966819,11,883543
1328967777,11,530918
1328968857,134,10548165
1328970835,6,410489
1328974696,10,1059438
1328980503,6,1419447
1328981297,23,2430395
1328984082,23,1904230
1328987635,17,1255948
1329013803,10,908173
1329021370,35,16149190
1329026742,19,6474536
1329029967,119,12006335
1329033628,4,181152
1329038413,16,1614158
1329039097,9,1097026
1329047022,28,2077250
1329050589,17,659047
1329053027,16,1178108
1329054058,13,1157465
1329057405,11,7663652
1329059157,23,5660433
1329059498,9,2110716
1329062807,31,6582854
1329064380,10,2873254
1329068569,59,3852796
1329070670,14,467040
1329075101,9,1287679
1329077192,11,457488
1329083404,5,883137
1329083492,9,2280337
1329084264,12,2900575
1329088788,5,1032259
1329089879,48,14900899
1329090889,25,9021255
1329091070,125,70065373
1329091784,14,3804462
1329093012,21,9929549
1329095150,16,4722413
1329096858,75,30733261
1329096879,25,6689686
1329097169,6,279586
1329098074,19,6500160
1329099693,71,29291539
1329100382,17,3813982
1329107032,26,1151840
1329113801,41,2546675
1329119278,54,2970309
1329121562,50,17925218
1329121996,162,57066224
1329123348,6,982617
1329124612,60,14889053
1329125839,59,7520363
1329126048,21,2671445
1329127778,6,1987926
1329129797,64,34005146
1329130026,11,909060
1329133126,102,1751384
1329133168,16,629979
1329135524,27,554469
1329136727,23,9156568
1329137272,13,3747504
1329138253,14,6982474
1329138736,10,4182459
1329139595,14,3661503
1329141234,11,5496257
1329141238,14,4918197
1329142571,16,3587163
1329142767,15,4772229
1329143623,26,965224
1329146039,29,2129422
1329148437,12,3051431
1329149277,30,2810943
1329149391,27,630944
1329150688,17,1132545
1329154836,44,1150614
1329158800,40,819366
1329160501,19,1403203
1329162167,16,1441250
1329162942,33,1037346
1329167378,7,2412262
1329168933,10,1217693
1329168970,7,2519126
1329169012,43,12660263
1329169442,39,9690003
1329169715,55,14558077
1329170910,31,600859
1329171467,6,477238
1329171967,49,1467276
1329172078,15,5138720
1329172232,5,312703
1329172788,15,4685102
1329173297,11,2568457
1329174308,15,5879759
1329175144,29,590484
1329175931,16,5289442
1329176008,13,1263538
1329176220,6,225418
1329176809,23,10397895
1329176903,5,3676522
1329176939,206,71310739
1329177701,6,785829
1329177781,61,17434874
1329177881,9,2162726
1329178119,53,32149924
1329179546,8,172341
1329180453,11,4812519
1329180598,11,4143212
1329180946,35,13002400
1329180982,22,2270855
1329181371,50,1939721
1329184938,14,4913444
1329184988,185,102652281
1329185230,17,4553800
1329186597,7,3081460
1329188460,41,15672211
1329188554,10,1052780
1329190453,78,10197607
1329190951,16,4241995
1329191828,3,659574
1329195296,149,17018762
1329195410,14,863794
1329197761,28,4124172
1329200188,4,89395
1329202366,19,1556894
1329206587,13,1281075
1329209642,32,3759433
1329210747,6,483810
1329211409,14,402361
1329212077,6,1017430
1329213887,16,1668729
1329215807,84,29923085
1329216026,11,1475926
1329216279,9,683931
1329216647,11,731374
1329219019,173,90916043
1329219021,15,4042155
1329219619,140,47514166
1329219889,14,705757
1329220701,22,3841065
1329220914,8,516539
1329221160,43,18438722
1329221285,29,10734220
1329221311,24,9410092
1329221665,13,5719938
1329222148,10,2640359
1329222204,39,2803165
1329222569,5,380862
1329222644,15,3761271
1329223168,33,2305500
1329223312,14,1208080
1329223756,190,41010571
1329223905,12,421576
1329224294,70,3853462
1329226286,32,11593816
1329226370,93,22510294
1329226677,5,2606682
1329227094,29,587665
1329228045,36,2317710
1329229485,13,3834945
1329229960,34,13763994
1329230295,13,7581005
1329231508,41,2829818
1329231699,9,635315
1329232399,54,26620681
1329233985,47,17585612
1329234541,16,11960789
1329234603,10,3535773
1329235387,4,135414
1329235969,8,2469457
1329236556,13,1414515
1329236746,12,673341
1329236897,11,2960337
1329237900,37,2165841
1329238655,35,6040849
1329239159,37,14809140
1329239751,15,675567
1329240381,15,4672625
1329241005,17,5542970
1329242135,16,7794943
1329242222,14,3339450
1329242551,8,2373556
1329242761,11,1713796
1329243055,21,7763850
1329243439,10,3071998
1329243889,13,6295321
1329243944,16,1174029
1329244085,13,982689
1329244116,12,1615594
1329244287,12,2421152
1329244981,14,270734
1329245363,119,6791020
1329245810,14,2360046
1329246414,29,3074223
1329248020,57,3562782
1329248680,20,1552735
1329249272,23,2998718
1329251125,13,770860
1329252291,4,1334879
1329253285,16,2395180
1329253897,9,1382358
1329255505,39,2674122
1329256770,47,1184334
1329257013,11,1706108
1329258593,6,2061562
1329258759,24,2049516
1329259378,66,4549161
1329261084,6,165369
1329263997,7,346469
1329265022,10,290829
1329265287,6,215525
1329268718,30,2141071
1329270649,10,664878
1329270769,16,3585126
1329271320,50,926439
1329272724,117,52530260
1329272964,12,2437782
1329274246,124,57210884
1329275064,6,2052135
1329276322,22,2535457
1329276792,11,1654401
1329277410,5,842198
1329278341,22,6077295
1329278911,5,5956300
1329280195,10,1198793
1329280416,56,3946985
1329283054,13,5374523
1329283357,144,66628441
1329284322,24,8402582
1329284909,14,4405895
1329285197,21,2110718
1329286182,27,3012219
1329286414,3,913000
1329287245,10,3743902
1329288285,9,4462870
1329289022,15,8539901
1329289057,13,7187355
1329291598,37,13438793
1329292272,12,4538165
1329292420,8,5797219
1329292885,3,1017910
1329293000,15,4489547
1329293517,8,921808
1329293539,13,7532285
1329293667,20,6605427
1329294279,29,12361573
1329294606,21,16455146
1329294987,23,10443200
1329295065,9,1996161
1329295487,4,1164050
1329295871,9,769852
1329296280,4,5356300
1329296548,71,2740704
1329296705,11,700331
1329296840,14,4140741
1329296965,15,4886956
1329297053,28,13024366
1329297368,15,3523956
1329297664,11,2525273
1329297837,16,10682602
1329297912,4,1336182
1329298418,11,1428932
1329298468,17,6750823
1329298487,6,992371
1329299460,41,27801031
1329299509,5,7188131
1329300278,5,291554
1329300495,47,4636488
1329301377,14,6424950
1329301827,7,1569086
1329303743,12,3401671
1329303796,15,3922550
1329303831,23,323809
1329304515,17,1069712
1329305405,47,4031247
1329306795,11,2242149
1329307781,25,18418817
1329307857,20,2884417
1329308352,13,346847
1329308576,7,2313582
1329308592,7,1793672
1329309900,14,642570
1329309947,31,1064376
1329311170,18,2233220
1329311637,8,3327139
1329312486,29,2377727
1329312855,22,1277057
1329314775,6,1992924
1329316862,18,1009246
1329317845,86,40222683
1329318331,17,3109526
1329319742,93,3822860
1329321860,17,1075049
1329322264,13,952073
1329322775,11,1409622
1329324892,15,3909320
1329325321,54,3204999
1329327387,69,5883851
1329327706,7,253232
1329327748,8,484722
1329330291,11,2050326
1329331124,11,961623
1329331920,18,1502999
1329333453,15,1127781
1329333922,8,2375148
1329334169,16,1359849
1329334979,16,4567974
1329335056,9,633211
1329335203,22,2053283
1329335232,10,969308
1329336279,12,4040959
1329336350,12,6820093
1329336590,8,1430217
1329336977,31,5061703
1329337337,15,981242
1329337629,9,4049093
1329337731,25,4099737
1329338208,11,3217414
1329340054,5,563917
1329340987,14,6525494
1329341008,22,8309202
1329343046,48,9602183
1329343418,32,1179721
1329344157,6,981228
1329345189,37,6029233
1329346265,16,5370561
1329346354,10,433596
1329346883,31,14761576
1329346958,4,1299705
1329348497,5,918768
1329348649,10,2541407
1329348652,11,4151836
1329349536,14,5680904
1329350561,19,1840992
1329350658,39,22633433
1329350970,4,1337382
1329351073,11,1618845
1329351631,17,13199894
1329351678,6,1503187
1329353229,17,5757275
1329353857,20,6197761
1329354181,21,8108883
1329354353,18,1007725
1329354481,14,1496839
1329355432,24,7224477
1329356640,10,3948627
1329356856,24,17637647
1329358532,17,1772585
1329358708,35,30218531
1329360676,5,1617842
1329362691,16,6856069
1329362985,11,3107173
1329363441,6,1005966
1329363538,3,1712839
1329364290,74,6021243
1329367327,16,2960762
1329367530,8,185405
1329367738,6,1286649
1329368523,13,717830
1329368578,15,1376682
1329368677,29,1597593
1329369477,24,12174088
1329369741,15,1023927
1329373659,9,1278226
1329374295,25,1587660
1329374316,11,572470
1329378258,11,1135354
1329378314,22,841219
1329380890,11,14880537
1329381242,29,2676686
1329382585,22,577527
1329383685,16,1025172
1329396147,10,594616
1329411079,9,1986834
1329417404,7,530426
1329430250,24,7434675
1329439751,32,3234518
1329445897,7,2904852
1329446695,6,1281085
1329447597,31,4107544
1329448003,14,2925151
1329462092,10,566213
1329478345,3,88448
1329481382,8,2453768
1329484048,50,34512050
1329487077,8,1084143
1329490987,9,590425
1329491217,10,2511411
1329492409,8,2788200
1329492952,49,24421558
1329493811,9,2667561
1329496143,7,2114232
1329497165,67,33586886
1329498011,3,1261666
1329499656,7,3636502
1329500974,14,3939259
1329500981,74,5523841
1329501169,19,4721963
1329502207,29,8901903
1329502754,14,2038671
1329506202,111,16547069
1329513250,13,3131519
1329516146,35,23237492
1329516738,18,892759
1329519274,9,487489
1329519441,19,1093350
1329520248,37,2403073
1329521944,40,2593854
1329524210,31,1467360
1329524277,13,437354
1329527822,9,1994305
1329527882,34,15081012
1329528296,27,8864825
1329529480,67,8383243
1329529621,9,1006342
1329529931,6,1295377
1329533634,18,2858800
1329534189,4,437931
1329534438,39,9788125
1329534449,21,7917531
1329535155,28,7501073
1329535349,21,7174942
1329536269,12,1964226
1329536883,165,71014414
1329537525,5,186262
1329538514,15,6860936
1329538799,4,510222
1329540880,11,5442546
1329541063,19,8435568
1329541559,21,6767314
1329542046,9,3026264
1329543317,27,1756858
1329543545,6,2745681
1329543601,61,22433390
1329544911,33,16494464
1329545344,4,2759949
1329545575,17,5664659
1329545785,14,2451962
1329546956,4,129499
1329546987,5,200415
1329549051,7,970554
1329549469,18,6631478
1329549635,38,11182779
1329551204,13,9568636
1329552663,45,848975
1329555130,17,2861738
1329559093,49,976940
1329560103,15,1336802
1329563424,8,1253545
1329570022,66,21165822
1329573272,7,881176
1329573533,18,5088915
1329576775,98,36138584
1329577076,9,3226718
1329577208,15,265371
1329578275,20,2052254
1329579578,69,32702926
1329580986,17,9704060
1329582705,18,12027284
1329583608,14,1148723
1329586597,75,7462873
1329587408,30,885005
1329588811,31,24535491
1329590859,14,5846223
1329590927,12,3225673
1329591198,11,1107496
1329592027,13,4644388
1329593011,16,6325607
1329593058,45,15565192
1329594285,9,6095369
1329595922,8,1426564
1329596831,14,3909354
1329596956,21,871268
1329599329,119,12770670
1329600067,8,1195193
1329602492,74,1895450
1329603109,18,3439280
1329604342,30,3245948
1329605519,19,738783
1329605660,16,1526579
1329609096,6,509370
1329610220,3,64100
1329612213,3,234808
1329615048,5,928932
1329615120,21,621816
1329616795,72,9233487
1329616883,45,4671140
1329617412,15,318323
1329619490,7,889207
1329622416,14,2048816
1329624292,20,1570082
1329625598,11,1831497
1329625943,30,4959746
1329626163,19,1555505
1329627297,13,6109173
1329628815,8,2104579
1329629787,14,5553462
1329630304,16,1178663
1329630580,23,6384640
1329630786,29,8859493
1329631191,8,2527222
1329631765,24,26125820
1329631950,33,12699327
1329632321,64,3022436
1329632377,13,3521929
1329632913,53,31350339
1329633152,44,16324955
1329633225,116,50416820
1329633488,5,1483246
1329634606,47,19933644
1329635322,6,1626224
1329635611,22,6530140
1329637376,24,11161097
1329637820,27,15716311
1329637981,34,31434152
1329639000,16,9589241
1329639816,5,1878306
1329640825,9,560722
1329640878,26,7286646
1329640883,66,22038784
1329642624,12,3780364
1329642966,13,5243162
1329643176,21,10652695
1329643617,17,1049376
1329643863,34,14561158
1329644122,35,16630189
1329644349,17,4446886
1329644977,14,3932400
1329645028,14,3893808
1329645049,60,18537773
1329645893,30,15781600
1329646235,16,11103665
1329647057,14,1342627
1329647456,9,1946128
1329649195,25,9608962
1329649333,45,9788510
1329649709,65,6413070
1329649760,8,3202594
1329650163,11,2303869
1329650371,37,3550757
1329650431,26,3362891
1329650466,13,3412423
1329652757,40,20582687
1329656450,11,1128540
1329656511,15,3228621
1329658796,16,906260
1329659738,8,262463
1329660807,63,1435853
1329660908,33,7602766
1329661049,10,1306248
1329661636,6,701492
1329662187,7,597490
1329663070,69,4798399
1329666938,12,571496
1329667218,5,302488
1329667517,22,1379421
1329667874,118,20745144
1329668861,51,9326723
1329670041,31,7346054
1329671526,14,843052
1329671677,101,6278646
1329672203,4,1460582
1329672391,12,3078204
1329675592,20,20594129
1329675724,58,2476864
1329677260,132,78749995
1329678613,21,1233738
1329679753,10,1056158
1329681028,39,9544982
1329682941,5,1145329
1329683808,7,1695471
1329684694,19,6527399
1329685481,10,2753840
1329686818,13,3898185
1329687111,7,2461980
1329688478,130,64855124
1329688978,31,8615591
1329689477,14,3066677
1329689483,9,5436722
1329689998,14,3513348
1329690523,11,1392300
1329690691,7,485517
1329690785,13,1126664
1329691152,37,17404911
1329691555,11,2819315
1329692813,13,7417620
1329693154,10,384146
1329693552,8,3387561
1329695318,4,1860910
1329695522,16,4092194
1329696023,4,383319
1329696539,6,256145
1329697032,18,16664014
1329697096,30,11041275
1329697259,36,17082490
1329697782,13,4584443
1329697896,21,14820339
1329699219,6,158674
1329700358,71,6381897
1329700534,33,4476642
1329700620,9,2159319
1329703493,23,10115977
1329703649,16,3035314
1329703766,11,7664519
1329704874,12,3273608
1329706338,13,912171
1329706687,19,644507
1329707578,47,4905171
1329709224,19,755621
1329711360,16,406814
1329712149,36,1859744
1329713106,9,782536
1329714694,16,2184642
1329717832,25,1352871
1329717996,21,918985
1329718900,16,1230601
1329719403,22,1766989
1329720362,12,1264623
1329722047,13,691484
1329722432,41,1929331
1329722543,12,846824
1329726790,16,2105264
1329727782,34,1343178
1329729533,28,9276983
1329731133,30,8405909
1329733370,11,3106823
1329733827,4,708008
1329735101,40,3061710
1329735541,6,3209197
1329735623,8,2945984
1329736113,9,2508435
1329737063,16,2450411
1329737378,50,12098070
1329737641,64,31384183
1329737996,5,985279
1329738870,16,4806893
1329740434,19,4898823
1329741821,90,3001269
1329742068,10,1381060
1329743064,10,13040234
1329744220,39,27195294
1329744548,27,11955426
1329744616,13,3354440
1329745160,19,852066
1329745717,3,69114
1329745726,21,1981307
1329746236,89,34929941
1329746316,3,4290396
1329746754,44,16646518
1329747176,13,1674516
1329747241,11,4799593
1329747812,51,33079411
1329747943,24,1629693
1329748576,13,1534505
1329748973,5,2341674
1329749789,44,21438395
1329750513,14,1647677
1329750929,25,6963505
1329751050,12,1771286
1329752141,24,1989127
1329752637,16,4265346
1329753007,4,1808582
1329754248,11,7290174
1329754812,18,10394432
1329755279,19,4246444
1329755532,18,3965898
1329756187,10,1117049
1329756288,8,8614462
1329756518,21,1317871
1329756612,10,963236
1329757176,16,4205368
1329758650,33,3004235
1329759143,5,870607
1329759730,14,2184631
1329759905,9,401724
1329759967,25,4873401
1329760292,10,1408251
1329761360,22,4090102
1329761570,19,4109822
1329762000,8,1450487
1329762821,31,2922358
1329763910,38,7006021
1329764045,16,3379275
1329766053,10,2253206
1329766384,3,670937
1329768915,35,1880982
1329771620,5,188090
1329773186,19,4255652
1329776779,34,9004387
1329777662,6,472049
1329780267,13,888613
1329780707,15,1303083
1329781911,6,1051593
1329786250,30,22212693
1329786396,6,1721630
1329786434,82,31764137
1329786459,6,1443488
1329786823,3,1091340
1329787008,20,6222813
1329787703,13,1597791
1329787749,15,3851980
1329788306,89,22565573
1329788504,11,1913434
1329789712,33,6435531
1329789774,5,1852607
1329790874,13,893823
1329791416,122,38406781
1329791818,13,2571988
1329791968,29,1029236
1329792845,3,781881
1329793620,11,3645181
1329795523,48,42171640
1329796136,18,1278167
1329797052,4,742768
1329798543,14,6139512
1329799418,31,4369893
1329799818,11,3617215
1329800071,51,20222726
1329800124,12,1118395
1329800329,26,2974808
1329800716,378,14711607
1329801195,79,64341013
1329801538,41,28906550
1329803507,13,3142231
1329804801,26,907805
1329804840,34,7044625
1329806732,18,7116592
1329807007,42,4024009
1329809431,17,15922941
1329810947,5,1331377
1329811231,16,6571380
1329813083,13,1195136
1329813127,21,2413346
1329814929,26,5570772
1329816758,38,11621244
1329819184,44,4091180
1329820721,102,7569791
1329821610,10,3690030
1329824103,21,7111813
1329825622,17,2149371
1329826039,35,4447146
1329826419,14,2330393
1329828118,45,4335414
1329828436,18,1742297
1329828633,6,671759
1329829810,6,2032633
1329830808,20,1555183
1329831197,18,10005260
1329832338,11,1313582
1329832983,43,5176515
1329835289,22,4470746
1329839289,14,688186
1329839332,17,2668325
1329840349,13,3121719
1329845692,20,1238179
1329848386,16,2304672
1329854004,14,1180717
1329855882,11,754850
1329861698,20,1618532
1329861705,4,295974
1329869386,13,1500932
1329894534,11,725975
1329895812,18,4838905
1329895989,9,2426173
1329897734,31,2215014
1329899417,25,3908576
1329904907,20,1970586
1329907191,10,1430323
1329907277,9,3327926
1329910033,6,1416559
1329910551,20,1296892
1329916568,12,6771370
1329917594,11,596618
1329917921,11,5566668
1329921656,29,1455304
1329939563,6,359953
1329944681,12,1634973
1329950016,31,1709355
1329958807,34,7151849
1329959820,16,792068
1329961457,66,29015896
1329961899,14,4998720
1329964372,18,2539810
1329964822,15,1820353
1329968957,11,614422
1329970545,39,15962885
1329973653,26,739833
1329976445,17,1076212
1329978357,13,3868643
1329979215,19,1361680
1329980037,30,10757968
1329983250,60,21912624
1329985898,42,2103685
1329988722,12,397879
1329988725,31,1889969
1329988812,11,406380
1329989316,39,5609449
1329990214,3,145053
1329990313,26,2771494
1329992449,7,331690
1329992737,6,1457918
1329993326,24,6341736
1329993666,27,8932942
1329994299,14,1536934
1329994527,38,24037157
1329995777,17,2277674
1329996071,7,1829951
1329996255,17,3859554
1329996558,40,2928309
1329998108,11,3640097
1329999543,34,2124262
1330001259,74,36306634
1330001965,53,1036275
1330002326,35,12000092
1330003426,12,2456273
1330004149,36,2727651
1330004936,19,6499657
1330005093,8,1506528
1330005873,75,42829168
1330006829,21,8630610
1330007821,20,2112349
1330009004,3,1170742
1330009293,6,2172272
1330009629,15,2982632
1330010436,56,18514152
1330011314,5,901654
1330011415,18,1591324
1330011517,71,25106491
1330011674,11,3608839
1330011856,25,7748887
1330012122,15,5369346
1330013967,8,2298784
1330015928,14,6713369
1330016554,36,458940
1330020735,11,17225784
1330022589,80,7391565
1330022989,13,2118226
1330024763,49,3314447
1330024991,13,997147
1330036039,12,1506206
1330039461,6,236893
1330040206,66,20075311
1330044124,169,49341327
1330044338,4,604654
1330044479,6,2043216
1330045265,11,2321494
1330046383,36,24394822
1330046744,38,19032057
1330046947,16,2611302
1330047199,10,3803731
1330048766,20,10717129
1330049522,59,18740723
1330053876,20,7328092
1330054609,3,1177655
1330055812,113,42736433
1330057642,6,1817605
1330057747,9,1935816
1330058259,13,841982
1330058335,47,18118782
1330059823,63,31632045
1330061593,76,30417413
1330061773,37,11008216
1330064584,23,7304196
1330067020,64,16464924
1330070468,22,1294344
1330071266,15,2531295
1330072600,16,691352
1330074757,8,1256580
1330079386,14,2300775
1330082663,15,554059
1330083760,4,398056
1330084069,22,2294474
1330088120,11,1091298
1330090523,34,4399223
1330094153,7,1839105
1330095039,4,842353
1330095112,12,3456751
1330097955,14,1381509
1330097957,16,3861809
1330098685,22,1571182
1330098774,17,4663945
1330099012,17,1339761
1330099243,22,2313285
1330100536,81,38543430
1330100934,45,1367865
1330101620,32,621016
1330101709,13,689764
1330102273,10,507110
1330102632,44,12625252
1330102695,151,68709392
1330103826,13,1307779
1330103954,124,58775406
1330104523,64,24212608
1330106630,47,17256332
1330106696,17,2038013
1330107539,12,5030175
1330108365,32,21102407
1330109314,8,2410007
1330110101,17,5110746
1330110377,9,961166
1330110692,10,2386237
1330110843,14,3055014
1330111775,17,6529260
1330111797,23,3157111
1330112196,36,10211225
1330113576,4,529131
1330113598,55,23196382
1330113981,10,736006
1330114539,5,5598075
1330115825,21,7291026
1330115942,8,3326137
1330115977,12,3016769
1330116114,8,1528291
1330116384,14,4380452
1330116523,35,14830967
1330116822,8,6211125
1330117968,13,1706170
1330118480,15,3668272
1330118504,18,4042378
1330118762,12,2026451
1330118871,4,1719282
1330118936,7,908415
1330118980,14,6228932
1330119104,79,40929983
1330119197,17,6325955
1330119376,14,5249124
1330119821,14,5270506
1330120797,167,89746821
1330121324,11,2709127
1330121391,26,3714236
1330121566,19,7354033
1330121796,10,883440
1330122689,59,23396252
1330122890,67,4591516
1330123115,12,6188380
1330124298,69,2624545
1330125612,12,5073551
1330127382,10,1668215
1330127847,24,11301418
1330130318,11,881477
1330131348,9,185917
1330131556,4,451254
1330131709,13,835201
1330132282,41,5230065
1330133944,10,1080064
1330134658,7,3050627
1330135924,81,3382672
1330136025,14,6698461
1330136799,15,5027507
1330136968,9,289142
1330139144,36,8724362
1330139146,13,2224148
1330139259,12,1791844
1330141637,8,508331
1330141711,247,29714192
1330143709,16,1465957
1330143732,25,1132380
1330145924,16,1210117
1330147452,87,5241956
1330148000,13,344972
1330152073,9,467989
1330153188,12,736748
1330153500,224,71137241
1330154698,17,5117223
1330156033,33,2589837
1330158282,99,35219485
1330158759,12,4802165
1330158784,10,3517407
1330159795,52,3229363
1330160296,10,454607
1330160621,137,51140863
1330160916,10,645544
1330161318,7,188438
1330164417,10,1982362
1330164648,6,907508
1330164742,12,4255819
1330164864,11,1570540
1330165946,56,26092861
1330168209,14,5151133
1330168481,22,2521852
1330168555,8,713783
1330169184,9,4786650
1330169753,44,17624001
1330170431,20,7734799
1330170731,16,3272952
1330171129,7,3723422
1330171891,20,4001779
1330172251,19,8175410
1330173248,11,1163822
1330173762,9,3013056
1330174170,41,978226
1330174299,21,9545049
1330174366,11,1312651
1330174493,37,15687031
1330175133,12,1151974
1330175638,5,152211
1330175834,4,1151274
1330176053,11,303800
1330176185,21,8442065
1330178722,3,1160137
1330181985,5,671903
1330182511,45,10451937
1330182579,10,2544040
1330183697,100,15974289
1330183763,10,2133985
1330185793,10,2958182
1330185953,31,1642269
1330185987,5,1349793
1330187581,27,1092860
1330188945,13,1015637
1330190167,17,2917501
1330192052,5,894334
1330192597,393,94434959
1330192694,5,467351
1330193755,3,642532
1330194163,7,515943
1330194626,11,1244922
1330195857,71,5368407
1330201571,35,1016724
1330204162,16,3044394
1330206231,12,3470284
1330207073,20,8171806
1330208069,12,1408872
1330210631,208,101131628
1330211837,38,1524404
1330215163,50,2458228
1330215208,16,3701991
1330215363,6,1827139
1330216165,37,6571238
1330217065,5,388325
1330217953,40,892685
1330218298,20,6740291
1330219359,7,317579
1330221753,81,42039524
1330221826,13,5554500
1330222039,39,20190194
1330222934,62,26743733
1330223786,17,4400721
1330224506,14,8727577
1330226576,104,59735840
1330226869,69,25622558
1330227941,24,761895
1330228829,9,2221203
1330229670,17,654109
1330230131,8,76002
1330230593,4,220024
1330230742,7,1848213
1330231118,19,2935718
1330231238,6,1072885
1330231390,13,1682970
1330232871,14,1604491
1330232919,12,4101523
1330233016,9,1540342
1330233551,12,3473327
1330234266,23,6750092
1330234441,4,422374
1330234643,8,2741682
1330238060,19,5026926
1330239371,16,505918
1330239975,32,7106567
1330239986,28,1011256
1330240745,12,3456928
1330242140,12,1096281
1330244672,18,1328503
1330245079,10,2824915
1330246646,18,2412933
1330247303,28,518335
1330247797,11,2841062
1330248415,20,3054158
1330248837,22,3890054
1330250260,11,4053794
1330252656,7,1127291
1330256320,13,3258233
1330257767,23,2812920
1330258494,13,3736672
1330260307,12,1308817
1330261920,12,611537
1330262598,14,3562129
1330263502,30,5042153
1330265715,70,26233118
1330268458,44,21789307
1330268581,3,599598
1330269884,15,5909058
1330270649,54,19114965
1330271909,7,2322070
1330274505,20,2384566
1330274616,19,9659646
1330276729,14,4949530
1330276791,139,62033013
1330279320,27,13196328
1330279471,13,2769301
1330280397,64,7236861
1330281623,12,4141873
1330283024,15,800472
1330283974,16,5350801
1330284209,11,742646
1330284421,12,11923686
1330287278,15,3023288
1330287448,15,800140
1330287455,12,5891960
1330289896,32,3585561
1330291295,10,1757708
1330291535,9,811388
1330291661,75,6562646
1330293521,35,3079210
1330297613,19,2802083
1330299569,21,5127316
1330302413,11,2313997
1330302983,28,16559799
1330304181,22,2615100
1330311430,18,3499148
1330326248,15,1411626
1330331328,18,7571314
1330347233,38,4036129
1330350718,8,618118
1330350847,21,8009430
1330355462,4,1736281
1330357264,37,14723263
1330357480,20,4342030
1330365469,20,6967458
1330365623,12,903303
1330368820,26,2342829
1330371500,10,2594798
1330385232,6,267624
1330388515,22,1823821
1330389694,14,1262781
1330390335,17,1299474
1330395353,11,978568
1330398698,20,1442168
1330400273,13,6253843
1330406210,122,17586983
1330408149,7,669412
1330420535,54,2842779
1330424009,28,3962496
1330424644,8,6183210
1330425170,39,969588
1330426757,16,988525
1330427263,6,2432964
1330429483,15,4021150
1330429681,11,2731940
1330429985,22,1507508
1330430102,26,10595261
1330430834,7,675452
1330431091,13,722772
1330431992,30,8816016
1330433212,3,689088
1330433790,10,2376806
1330434537,6,3025336
1330435574,16,4835338
1330435776,42,16412333
1330436453,11,3073564
1330437062,25,6808584
1330438295,10,2919341
1330439524,21,8630201
1330440129,33,11422030
1330441822,9,796050
1330442231,8,1402248
1330442799,15,4456551
1330442985,15,5973387
1330445508,7,976487
1330446201,4,142716
1330450891,15,9139168
1330453585,32,2031805
1330454387,27,2845347
1330460057,12,1042527
1330463995,215,59820948
1330465277,53,14780624
1330465429,10,2133553
1330466984,14,4591939
1330467027,109,40657557
1330469783,7,434133
1330473438,47,16265330
1330474552,16,992306
1330476248,33,9247243
1330477033,80,24186120
1330478385,117,55559821
1330480872,14,1391302
1330482148,40,15568261
1330482832,62,16472158
1330483186,34,15905986
1330485608,27,2291348
1330486933,13,456553
1330488156,3,444273
1330490125,93,7396199
1330497149,68,5880937
1330498403,13,1090016
1330499755,34,2812584
1330500789,12,1814823
1330501561,136,3348315
1330501962,20,1416694
1330507664,3,1331013
1330508095,4,545562
1330510099,17,5907822
1330510447,44,19519184
1330511003,8,1652560
1330513320,5,407514
1330513690,10,898799
1330513793,20,4118381
1330514737,150,73433845
1330515413,10,2650191
1330516243,28,4906121
1330517507,75,34300534
1330518043,14,5388230
1330519257,8,5646275
1330521549,10,2354088
1330523585,22,1150136
1330523651,20,2549935
1330523819,10,2752516
1330525413,25,16533216
1330525510,22,8281146
1330525842,3,932270
1330526047,9,3337787
1330526973,20,7073557
1330529205,48,1144633
1330529751,14,2406544
1330531999,18,1623409
1330532103,21,6525153
1330534635,15,2378656
1330534972,14,513781
1330535936,26,5390362
1330536084,72,3497349
1330536411,8,827799
1330540016,9,946350
1330540653,26,1012188
1330541892,125,12432259
1330541968,45,2458063
1330542277,37,2463306
1330543208,12,364575
1330547793,22,2593664
1330548290,6,344331
1330548822,11,331612
1330549289,16,1810043
1330550879,74,4913004
1330550941,7,239277
1330551339,10,803255
1330554001,17,822299
1330555989,31,1672085
1330556413,8,394664
1330557210,31,9045895
1330557244,19,1552212
1330557847,35,15180187
1330558565,13,427760
1330560016,33,12638574
1330562350,6,5253875
1330563231,361,178741971
1330563359,18,602707
1330563835,19,4686486
1330565774,72,29947877
1330567402,4,2533020
1330567646,23,1705053
1330568662,23,1458029
1330568805,7,765813
1330570049,5,1456739
1330570327,11,1977011
1330571247,25,7771528
1330571713,5,867000
1330571927,26,20502671
1330573179,13,1081241
1330573468,14,1970232
1330574024,25,16059687
1330574225,5,1388380
1330574280,59,29549099
1330575803,15,2839497
1330575827,11,375925
1330575915,22,6064941
1330576012,6,4577585
1330576172,15,5792930
1330576197,9,2460418
1330576283,67,2696547
1330577556,4,216812
1330577607,8,1560107
1330578037,10,7103632
1330578500,22,7209302
1330578502,16,3186101
1330579095,48,20968626
1330579421,35,18097025
1330580061,14,1827906
1330580090,16,5882393
1330580193,10,2302421
1330580546,10,2822098
1330580991,5,3094989
1330582288,54,21207476
1330582477,16,2980311
1330583387,17,4281929
1330584297,30,6096248
1330584546,14,2970143
1330584615,6,3932316
1330585430,4,1676148
1330586493,23,5569620
1330587142,12,5913757
1330587589,11,1369217
1330587956,50,1985646
1330588359,8,1854516
1330589097,91,38529055
1330590511,4,129499
1330590645,23,10767684
1330590801,16,4740272
1330591063,7,3498141
1330591574,12,3289339
1330594580,18,1186145
1330598503,28,782215
1330599006,15,1393656
1330599686,8,262260
1330599833,4,122485
1330601216,10,544035
1330602814,13,1803082
1330603698,5,258547
1330603914,42,5333776
1330604032,22,1223047
1330605956,9,1945098
1330607024,9,1007703
1330609935,29,1115109
1330611681,16,8139850
1330612604,17,3524642
1330615672,22,312264
1330615835,26,1032812
1330617279,18,2719901
1330617558,19,543030
1330617932,25,10865671
1330618755,26,8461467
1330621876,8,3793460
1330622201,36,1982575
1330622970,22,4977313
1330623374,19,10181030
1330623422,29,7554543
1330623911,4,3612266
1330624195,18,6750108
1330624536,24,2064939
1330625768,65,44232525
1330626964,26,9294129
1330628177,32,788033
1330629095,5,2746488
1330629766,19,8961896
1330630965,15,4638130
1330631226,17,2748665
1330632789,12,2525550
1330633384,5,249134
1330633485,5,484863
1330634125,10,5759214
1330635352,24,1366342
1330635576,37,13745959
1330636051,18,2302405
1330636406,12,1363247
1330637039,6,2613961
1330638072,18,6153026
1330638151,12,3082650
1330638267,7,1350430
1330639220,13,2761053
1330639487,6,809721
1330640222,35,17353607
1330640368,4,307770
1330640465,15,2640729
1330640685,16,1393915
1330641729,27,2468604
1330641765,8,882984
1330642165,26,12202526
1330642198,22,3005024
1330642367,6,1881316
1330643423,15,6140643
1330643997,8,219160
1330645202,28,12245088
1330645315,16,3971693
1330645424,8,2479590
1330645718,12,2921345
1330645745,11,1380368
1330646389,36,25659754
1330646543,27,9630732
1330648255,6,1411123
1330648969,7,899580
1330649227,8,850985
1330649421,16,7177245
1330650011,15,1722079
1330653240,65,2412707
1330654627,39,1769092
1330654841,12,3146196
1330655193,13,1668741
1330655834,29,6072463
1330656104,7,480077
1330656818,4,703035
1330659033,14,870274
1330660969,3,564925
1330661540,17,1583334
1330662350,10,512856
1330663873,19,4044019
1330665613,16,727096
1330665654,22,589029
1330666014,15,4450158
1330668074,8,535390
1330668142,21,3082110
1330669683,19,390256
1330671012,36,13215676
1330672562,8,708781
1330674282,131,49047466
1330675130,16,1147780
1330675443,41,14290567
1330676267,13,763482
1330676533,32,13962223
1330677218,15,750050
1330678160,12,1533617
1330679522,12,1900262
1330680879,92,2144541
1330680909,18,2233605
1330681139,31,13573948
1330681619,14,779413
1330681809,94,40331535
1330682093,31,15166663
1330684016,8,384999
1330684751,14,993152
1330687927,18,1769527
1330689228,8,365894
1330689679,25,12354943
1330689855,9,1074756
1330690113,18,4043097
1330690301,15,187172
1330690725,32,2333735
1330691593,34,4401384
1330692225,58,4497833
1330693882,31,8958142
1330695370,15,1908227
1330695699,26,2103845
1330695714,27,1495708
1330696070,6,123189
1330697665,9,939039
1330699873,161,13124384
1330700184,13,642509
1330700416,8,664159
1330700865,9,642360
1330702099,19,3556562
1330703827,12,875404
1330704351,13,3031248
1330704366,3,1910158
1330704615,20,2108769
1330705370,6,1617940
1330705940,6,454528
1330707214,13,2769508
1330707844,25,2016745
1330707954,7,2285570
1330708486,16,1174869
1330711123,13,2807437
1330721781,20,1277911
1330730999,18,693990
1330735920,19,1842045
1330752890,14,1429477
1330753579,15,1553764
1330772740,13,1059083
1330782084,11,608301
1330791530,4,306730
1330793000,12,770613
1330794004,27,1849065
1330794363,30,1986756
1330797032,23,4638910
1330797683,35,1047762
1330805160,15,858767
1330805333,6,3122389
1330813183,14,3886231
1330813637,18,6878699
1330815373,7,764332
1330816001,3,181176
1330816730,10,2025914
1330817049,345,37356815
1330828381,15,1375117
1330829597,5,264685
1330834718,3,12950
1330836195,34,11203100
1330837629,63,21812253
1330839580,15,2095076
1330839587,15,4229013
1330840275,16,1735079
1330843802,5,1182945
1330844129,14,5047292
1330844440,22,7495386
1330845303,48,1601814
1330846105,10,2636320
1330847180,5,770223
1330847907,15,4108465
1330848467,13,4827980
1330849099,61,22328815
1330850419,6,4212153
1330851416,5,1803022
1330851589,14,3698336
1330854045,30,14173884
1330854070,20,3673795
1330854107,15,3101646
1330862855,17,1288795
1330870352,11,310244
1330872835,19,5021478
1330873778,252,92542052
1330873939,20,1563660
1330875353,16,1314676
1330875880,12,3035329
1330877729,20,2387689
1330880719,85,2440579
1330881088,11,2753620
1330884537,24,2038955
1330884684,3,707754
1330885849,20,6368233
1330886351,10,2404651
1330888008,8,2314707
1330888018,26,6933123
1330891464,51,23317588
1330893183,18,1097526
1330896197,10,911615
1330896680,10,173944
1330897120,19,993518
1330898098,42,2385412
1330898430,17,1627790
1330898613,16,816103
1330899750,14,611754
1330900223,26,739127
1330903519,107,11141449
1330903552,37,693998
1330903895,5,465342
1330904134,11,1454699
1330904599,18,621928
1330908547,21,642114
1330909599,183,11986652
1330914657,8,671291
1330917433,27,10110039
1330917885,9,482813
1330919382,106,64749942
1330921701,226,75488480
1330925697,9,3165556
1330926473,19,2490651
1330927586,20,1462095
1330928141,9,884339
1330928608,16,2518155
1330931675,16,1103640
1330932104,22,7299351
1330932129,3,1823144
1330933217,5,1392189
1330934148,54,1494299
1330934940,50,2188862
1330935092,12,4009216
1330936259,88,48207718
1330936398,23,9693462
1330936898,12,2809054
1330936985,3,512404
1330937104,6,1260777
1330938228,3,1352103
1330938374,3,835864
1330938604,15,2201367
1330938701,23,17863490
1330940219,4,1061185
1330941337,6,2486628
1330941378,13,1100555
1330941460,12,4153295
1330942990,27,1191655
1330943111,21,7737576
1330944214,10,641763
1330946834,376,18576401
1330955107,30,830281
1330955742,28,1915735
1330956222,15,2257392
1330963788,20,421356
1330964994,104,79590439
1330965535,18,368694
1330967081,156,78837486
1330967342,18,359699
1330967739,8,915394
1330968311,9,757661
1330969111,71,19551960
1330972174,13,7760293
1330973093,23,7257785
1330974378,73,30036234
1330975159,10,3508542
1330976463,188,53850463
1330976636,7,3047848
1330976727,20,1924105
1330977134,39,19348741
1330977480,21,10813581
1330977635,27,17516083
1330977860,11,2227903
1330978089,6,1457922
1330978672,4,780342
1330978881,3,990774
1330979473,11,3002158
1330981239,20,8697169
1330981589,12,2223536
1330981681,13,627217
1330983230,63,29739941
1330983243,18,6485213
1330983734,6,482782
1330984624,50,19854401
1330984875,29,21339169
1330985139,18,2284343
1330985537,21,1676412
1330985648,39,9915524
1330986896,26,28779961
1330987153,20,5385873
1330987308,4,126056
1330988070,18,5869197
1330988565,34,16951980
1330988939,6,2008479
1330988959,16,2142182
1330989025,21,4339928
1330989151,23,6116435
1330990523,13,3722237
1330990748,18,6463607
1330993018,15,6436322
1330993374,8,6631680
1330994554,12,2034238
1330994840,9,2572538
1330995572,46,3331970
1330995706,24,12727651
1330995828,13,4515692
1330996519,21,1509804
1330998608,14,2321405
1330998976,23,9321742
1330999825,4,185328
1331000178,68,10668389
1331000765,8,911560
1331000769,16,1500007
1331001122,6,1010451
1331001422,16,604473
1331003376,21,3180879
1331004862,17,589897
1331006930,18,8051515
1331010189,17,1936779
1331010391,11,631430
1331010459,15,1964355
1331012619,24,2216560
1331013972,24,2711884
1331016276,24,5978268
1331018043,17,1441291
1331018772,27,3280717
1331018805,58,32585212
1331020214,17,4371758
1331020709,48,37528503
1331020837,14,957028
1331021749,16,1233570
1331022838,26,1459057
1331023390,23,2993805
1331023468,30,7890956
1331025145,89,45023220
1331025284,31,7044679
1331025538,3,875474
1331027132,12,2115265
1331027843,115,10670148
1331028156,4,119478
1331028474,113,9571602
1331029347,68,50808828
1331029940,19,943428
1331029942,14,677934
1331030283,17,3713689
1331030499,17,3623771
1331031498,40,11380165
1331032580,16,1211333
1331032852,29,1204230
1331033560,7,358753
1331033656,10,8354212
1331034461,14,1169752
1331034789,20,2420450
1331035770,16,1898450
1331036186,11,992599
1331036800,12,1036658
1331037256,20,5194941
1331038291,31,12297459
1331039538,36,1077798
1331039683,17,2801244
1331039848,12,769706
1331040119,14,8716911
1331041309,17,8496585
1331041777,14,1242134
1331041861,21,790978
1331042028,9,354878
1331042145,19,2363625
1331044462,19,9964131
1331044815,9,686819
1331045071,29,4607101
1331045106,66,23226009
1331045692,56,3817666
1331045883,7,5173605
1331046205,4,375396
1331046255,25,5987881
1331046459,30,21465587
1331046756,10,511667
1331046829,10,651986
1331047020,11,802224
1331048034,20,6346620
1331048051,10,1204279
1331048222,22,907151
1331048777,14,5159829
1331048982,49,1587589
1331049450,11,1312162
1331050142,11,2736973
1331050689,4,485678
1331051636,11,4014366
1331051676,40,16406077
1331052823,10,3917554
1331053084,24,2427328
1331053280,9,7950263
1331053805,29,2715921
1331055002,24,4943513
1331055442,8,796582
1331055488,24,2245866
1331058544,76,2653457
1331059683,7,1032841
1331060169,59,4996767
1331061694,3,443519
1331062219,4,388725
1331063663,11,959550
1331063765,25,3831465
1331064276,31,1378030
1331065252,85,2468759
1331070418,15,605401
1331072031,14,1270425
1331072710,11,590173
1331073637,6,1729485
1331076022,41,4160831
1331076185,9,745952
1331076782,4,210211
1331077458,6,1150389
1331077563,341,206560638
1331077635,37,901000
1331077677,4,271403
1331078466,5,1821912
1331078975,5,21252
1331080367,21,4170421
1331080379,7,55129
1331080503,21,449956
1331082385,18,482008
1331082704,35,5855019
1331082817,22,13425741
1331083288,11,2235934
1331083430,41,1720788
1331083519,63,34605005
1331083740,16,4051645
1331087174,145,92724875
1331087471,18,6419758
1331087741,25,17025155
1331088382,9,3330957
1331088762,68,5562281
1331088891,6,405314
1331089736,17,876483
1331090352,12,5433465
1331092051,12,561758
1331092671,10,2902233
1331092930,4,1210995
1331093502,8,2998693
1331094367,13,4097347
1331096571,18,4698802
1331096800,12,1775925
1331097143,19,7617627
1331097706,16,2003432
1331099749,6,1903356
1331099957,13,2784889
1331100199,14,3883222
1331100933,21,705360
1331101052,33,1788892
1331101788,5,546513
1331102709,3,785171
1331103064,21,2168648
1331103479,29,1307253
1331109423,25,807067
1331111887,29,6277413
1331115262,8,629208
1331115975,23,1494991
1331120029,32,574433
1331120456,10,683037
1331121555,11,789552
1331143188,37,2601176
1331161270,12,6684432
1331182453,8,839199
1331190812,14,567910
1331204263,15,1529209
1331204284,3,266249
1331207565,13,471549
1331209830,34,5880884
1331214827,8,1217964
1331217260,6,2068409
1331219794,7,2760355
1331226246,13,552069
1331237627,3,117084
1331238492,10,334154
1331238793,5,628683
1331238839,15,634774
1331239846,13,3697029
1331241492,13,3341243
1331242201,14,1098952
1331242215,24,9404046
1331242331,30,5250630
1331242479,9,646358
1331242875,39,13874013
1331243450,72,19797857
1331244909,43,16029462
1331245258,20,6455891
1331245451,13,2290547
1331247908,6,809737
1331248332,19,4116486
1331251809,35,11402029
1331252262,20,818773
1331252956,10,209274
1331253156,5,2269812
1331253653,5,812620
1331254690,35,7999392
1331255392,9,926619
1331257527,12,2975779
1331260801,7,2430608
1331263858,23,1768051
1331266961,11,604780
1331278796,146,51381690
1331279494,16,2338524
1331280482,130,51803242
1331281810,42,2269726
1331282824,36,1906014
1331286266,24,1507432
1331287348,10,2692996
1331287600,192,4121641
1331288324,10,3798472
1331288731,95,42590065
1331289017,43,12964656
1331289180,21,3448591
1331290718,44,24606106
1331290944,12,2832604
1331291905,10,3684273
1331292442,12,1284251
1331294443,11,3223882
1331295175,13,3770339
1331295202,6,1766052
1331296240,5,1679132
1331298431,4,1879680
1331298951,18,3844567
1331299185,6,1615451
1331299748,12,4341738
1331299769,256,27164929
1331301136,14,3988884
1331307337,68,704160
1331314290,14,5087811
1331318902,23,8197669
1331321051,55,18410663
1331321632,5,1912505
1331322376,143,46460458
1331323954,21,1443822
1331324690,10,3895778
1331329625,10,2135484
1331330387,11,1224844
1331330787,8,1217725
1331330912,33,3182289
1331331767,21,4365388
1331333256,6,2005053
1331333283,10,1793893
1331333370,18,10438217
1331333431,4,1474613
1331333948,23,2362690
1331334172,11,1037442
1331335273,19,4131776
1331335387,40,12888383
1331335693,6,1015841
1331335780,10,719950
1331336324,40,20742760
1331337000,11,1916761
1331337026,33,3229503
1331337177,27,4949317
1331338321,16,9253472
1331339551,4,3088435
1331340579,9,644792
1331342840,14,600396
1331344556,15,2743091
1331346989,12,1637052
1331347178,15,983603
1331348521,15,1470195
1331349195,19,3931618
1331353297,78,7532610
1331356166,15,707295
1331357288,9,1251575
1331359115,158,13075288
1331359567,5,383733
1331361389,41,5356528
1331361494,9,511411
1331363841,18,1878420
1331364917,149,88612265
1331367746,29,8709448
1331368318,13,407667
1331369192,109,45678182
1331370013,33,11107799
1331370184,31,12723017
1331370484,11,203067
1331371123,31,1847632
1331372373,10,1040289
1331373584,30,1454995
1331374117,44,17829484
1331374288,18,7054244
1331374364,16,1063215
1331374460,18,988652
1331374866,10,2380385
1331375438,27,33261471
1331375715,6,924790
1331378335,56,11999214
1331379088,16,278235
1331379112,37,11308419
1331379537,22,1361640
1331379539,31,1689126
1331380185,21,1903598
1331380325,41,17191551
1331380544,12,3642952
1331380693,178,89618790
1331380899,35,715824
1331381272,8,1349516
1331382116,16,9729877
1331382619,11,3735899
1331382850,6,346316
1331384120,27,3859957
1331384313,47,10347446
1331384746,58,38659482
1331385029,7,594771
1331385582,16,7792312
1331386270,23,3796489
1331387003,20,2227688
1331387269,9,2023804
1331387882,29,804607
1331388005,7,2004791
1331389300,10,2323876
1331389430,15,2193835
1331390064,19,4921028
1331390298,10,1223375
1331390338,10,716964
1331390572,125,3165848
1331390626,36,14022570
1331390945,6,4142872
1331391223,13,3901715
1331391639,38,11085505
1331392394,4,235584
1331392458,18,20433201
1331392788,64,7795651
1331393680,5,2211436
1331393816,14,335143
1331394337,11,3361602
1331394949,27,2994113
1331396174,19,945239
1331396740,21,8142024
1331396746,6,952259
1331397629,33,3863112
1331397818,8,513053
1331397837,13,1797933
1331400514,21,1600464
1331400774,17,4073605
1331406009,20,2228622
1331406848,11,6648345
1331408869,9,231143
1331411298,4,375065
1331411945,17,1594671
1331414447,12,865692
1331415609,9,865430
1331416787,27,465444
1331417145,11,1129539
1331418237,11,3417608
1331420391,33,3682042
1331421751,7,994087
1331422133,29,806400
1331423254,23,1279300
1331424058,23,1056247
1331425148,64,2565923
1331425304,23,710678
1331425700,6,2042851
1331425749,13,754828
1331426592,18,750212
1331426757,27,11713160
1331427210,48,4411740
1331428546,3,1212988
1331428938,20,1328042
1331429795,30,960702
1331430391,18,5977251
1331430801,30,15734382
1331431263,5,1631651
1331433710,36,3763680
1331433806,21,6511197
1331434420,9,418066
1331434570,19,4078212
1331435516,3,879492
1331436618,161,84365922
1331437111,67,33913439
1331437778,15,895420
1331438641,12,4924362
1331438773,16,742956
1331440450,16,1086616
1331440617,11,5180222
1331440813,6,958378
1331441422,4,1742408
1331442059,20,5317696
1331442793,11,1462868
1331444768,23,7041508
1331445026,80,3462876
1331446058,18,7055066
1331447599,14,1139510
1331447669,5,404667
1331447774,15,2177309
1331447957,26,16901887
1331448729,15,3674528
1331449323,25,12059834
1331450314,46,25049436
1331451434,10,2033746
1331451558,48,8777182
1331451856,24,870692
1331453440,31,7774967
1331453570,11,2608080
1331453607,22,2671621
1331454169,18,1951642
1331454187,11,941638
1331454699,49,1212409
1331456362,13,7119755
1331456435,15,12139487
1331457006,8,2621140
1331458080,8,1983345
1331459321,13,1955229
1331459358,23,2327076
1331460290,13,1207122
1331461278,21,3963621
1331463009,52,14721114
1331463422,12,7459499
1331464117,5,233324
1331466158,11,1550407
1331466912,26,2088884
1331470688,11,697134
1331472235,21,1216232
1331475710,19,3298805
1331476159,27,2050084
1331476420,9,499865
1331477034,13,821321
1331478351,11,2769938
1331480232,198,117014801
1331481795,39,5929967
1331481995,78,30002990
1331482644,23,2518374
1331483260,74,7931349
1331483324,11,3047415
1331483560,6,1206415
1331483971,36,2313789
1331484680,7,352055
1331485632,14,3764201
1331487694,39,2245638
1331487837,47,19486998
1331488066,9,2403579
1331488493,14,3917239
1331489900,29,4582963
1331490747,19,1134187
1331491405,13,2786788
1331491842,15,1934864
1331492790,17,5135596
1331493102,16,2246460
1331493110,31,23444431
1331493614,12,623938
1331493829,48,3478334
1331494648,15,1659368
1331495783,14,744306
1331496062,13,3640698
1331496766,16,4290183
1331497682,13,1904960
1331497758,12,966463
1331497966,15,3140262
1331499703,37,2188292
1331501403,8,2866322
1331502882,37,2368346
1331503797,6,2358245
1331504377,8,985651
1331504636,13,2112350
1331506748,22,845527
1331509865,59,6549704
1331511760,16,1457553
1331521149,19,1070167
1331531884,18,3476512
1331532513,21,5442631
1331537580,16,2065689
1331564385,8,797274
1331566689,7,1290963
1331573030,15,3244848
1331582215,28,1781612
1331599659,15,2305703
1331614947,14,968862
1331617142,17,6044669
1331617976,17,7143331
1331620553,17,8298610
1331624280,158,14999588
1331624303,11,474334
1331628145,16,772717
1331631242,4,9861697
1331632637,14,945628
1331633056,5,374682
1331635214,24,10460029
1331640304,3,578898
1331642995,245,94802104
1331645087,4,722810
1331647971,11,4093094
1331649982,10,1602445
1331652016,16,6171290
1331652996,40,17860145
1331656322,9,1014892
1331656485,17,13284406
1331657065,15,10155044
1331657593,6,2839877
1331658518,14,6587499
1331658712,12,6435383
1331658738,7,2443166
1331663979,64,5509919
1331664062,12,1645596
1331664570,11,1101015
1331664616,33,3551982
1331665011,11,1536583
1331670859,43,17475977
1331671245,15,1825393
1331675859,23,3949960
1331676778,61,3934441
1331680357,17,2352328
1331680900,13,990987
1331687792,25,11762889
1331688516,17,1496559
1331689772,15,3769506
1331690812,73,36395244
1331694183,10,3336796
1331695638,9,2062595
1331698788,5,860711
1331699419,24,7768704
1331699992,6,3686901
1331704389,5,2165135
1331710117,18,737239
1331710677,29,837412
1331713225,88,7902313
1331714045,34,2502947
1331719840,36,2878802
1331723780,15,5604552
1331724062,103,59523841
1331726231,14,3078369
1331728065,4,144641
1331729406,229,131561359
1331730848,7,1524738
1331732201,12,3829710
1331732481,18,3719411
1331735012,27,8068241
1331735224,16,4665404
1331736556,54,16999234
1331737436,15,1942361
1331737578,109,60181547
1331737753,11,768349
1331740802,6,2301424
1331741388,4,862349
1331741449,31,819140
1331741527,7,2801415
1331742137,30,16091189
1331742341,11,3862123
1331742408,9,2103833
1331743673,11,2690448
1331745883,29,3803121
1331746277,6,868145
1331746288,3,146136
1331746511,16,1528268
1331747217,14,5355105
1331748907,54,4757616
1331749462,12,2413605
1331749861,13,1906966
1331750170,8,165607
1331752743,41,1524091
1331758060,7,537071
1331758188,23,2842949
1331761958,60,1784399
1331762781,10,2863430
1331764587,15,1072963
1331770984,19,2709094
1331772948,13,775705
1331774805,15,6254572
1331775451,19,4584064
1331776562,18,501544
1331776840,36,3212151
1331776930,11,1414076
1331778690,16,4815274
1331778958,39,2772936
1331779372,8,585482
1331779506,25,4653555
1331779878,50,4249182
1331779960,17,2575261
1331780841,122,72600182
1331781634,35,3550159
1331782001,4,1677910
1331782024,9,2493962
1331783229,19,561630
1331784857,41,24426781
1331786311,11,5546247
1331786876,33,16489407
1331787180,5,1888948
1331787235,37,7935029
1331788189,5,1103168
1331789079,4,626972
1331789265,20,8880609
1331790037,14,872077
1331790286,49,5577377
1331790786,6,811143
1331791104,4,580543
1331791737,9,3509298
1331791966,13,1211339
1331791969,24,11330194
1331791996,67,50506497
1331792273,8,2907316
1331792560,26,5096957
1331793532,14,3130671
1331793720,11,2184306
1331794338,6,2625879
1331795166,18,8905770
1331796093,31,1839369
1331797119,25,781065
1331797258,19,13642830
1331797528,27,2940944
1331797692,12,1924601
1331797802,7,4484076
1331797848,5,2442406
1331798148,18,1664936
1331802838,10,1240649
1331804379,10,485887
1331804727,20,1843317
1331805901,28,1337003
1331807628,23,3151601
1331807821,11,2391594
1331807941,45,2467292
1331808123,9,840227
1331808596,11,1413180
1331809274,14,3211331
1331809537,15,2867522
1331810502,20,1121642
1331811907,11,8420766
1331815055,4,674246
1331815446,29,2266017
1331817470,5,117066
1331817767,16,4007307
1331817894,9,713345
1331818534,10,2538984
1331818937,18,4032828
1331819714,12,1359474
1331819769,8,1645726
1331821526,20,1717535
1331821619,27,3871694
1331822633,3,596308
1331822688,4,501567
1331823119,12,1243084
1331824138,19,10248422
1331826594,31,4206755
1331827484,18,1549622
1331827918,20,1979998
1331829713,11,3442545
1331830344,47,31546325
1331830912,18,1929470
1331830988,277,164955958
1331831749,9,657487
1331831801,87,4059104
1331832583,8,3817346
1331834347,20,1443795
1331834524,4,1269166
1331836241,15,7925786
1331836926,13,2245469
1331837259,9,525923
1331837355,8,3028299
1331838519,44,23226442
1331838549,37,17505530
1331838628,22,6202845
1331838775,27,6664050
1331839207,17,3163297
1331840174,11,3062544
1331841181,20,7743069
1331842277,7,2286184
1331842801,18,3242535
1331843185,6,2353025
1331843859,8,298002
1331844655,4,2109690
1331845207,19,8401679
1331845226,46,24042024
1331845932,10,1286053
1331846325,34,17810055
1331846896,15,1902006
1331847103,17,7587132
1331848204,13,3531958
1331848261,22,5109181
1331849228,15,3724577
1331850061,6,1309140
1331850604,21,5272505
1331851031,38,12408426
1331851527,7,1508060
1331851792,10,568779
1331851802,25,10399991
1331852051,41,13457980
1331852340,13,4705808
1331852596,27,3193196
1331852805,13,2532847
1331853423,15,769235
1331853683,10,1006213
1331854306,7,586585
1331857004,12,2678715
1331857039,46,6018031
1331857267,17,935646
1331858022,6,323283
1331858448,17,4955007
1331859209,13,3545227
1331860911,9,375410
1331861653,12,716121
1331861719,13,1759502
1331862117,12,1177828
1331862979,10,595104
1331863090,53,3818574
1331864138,23,3320445
1331865501,10,1633251
1331865994,33,5096933
1331866114,28,975451
1331869715,11,851474
1331869903,13,1163368
1331870166,13,2645139
1331870298,11,583873
1331871361,18,2130398
1331872363,72,4024304
1331874207,9,2509665
1331874790,7,638588
1331878054,27,8258257
1331878142,39,25647913
1331879757,11,1106464
1331880493,10,440200
1331880552,40,30897165
1331881293,31,1838944
1331881748,82,5318010
1331882851,5,1239650
1331883081,15,1602058
1331884922,32,3342687
1331885147,108,57385938
1331885194,58,26690579
1331887238,10,1618470
1331887886,25,6844017
1331888661,21,7093888
1331891129,14,5132523
1331893288,95,38924634
1331893506,16,4549541
1331894754,28,5054673
1331894876,7,1907546
1331895961,7,3750331
1331896092,18,3319790
1331897547,16,4294901
1331897955,4,1927834
1331898245,18,1110450
1331898267,11,1108211
1331899522,9,3105074
1331900024,26,8381033
1331900485,5,1439477
1331902490,6,2560351
1331904403,15,1382843
1331905390,14,4768143
1331907268,28,2145658
1331911270,34,2602826
1331911475,21,1721469
1331912205,13,1556088
1331918114,14,1686926
1331920462,10,1242517
1331921892,14,884013
1331924560,28,869790
1331926111,41,2800005
1331930108,17,949411
1331933791,21,1152051
1331937769,40,3206402
1331957074,19,6070070
1331971870,13,4064625
1331984336,74,7552642
1332006494,11,1052635
1332013831,12,929807
1332014201,22,2803957
1332016901,8,747315
1332018405,8,2828180
1332021318,12,3076335
1332021878,16,808727
1332022760,40,792688
1332022982,17,5368091
1332023981,10,3263875
1332025185,10,3070476
1332025768,13,5461816
1332032907,10,1177800
1332039791,6,1214885
1332041813,14,2808032
1332046818,44,443928
1332047966,59,19320445
1332049993,50,3331832
1332050805,7,284922
1332051617,6,1054802
1332054565,49,5179362
1332054586,4,354849
1332054597,5,217873
1332054707,34,1509044
1332054727,52,14542271
1332055133,10,699361
1332055422,3,107826
1332055679,6,717559
1332056708,9,569312
1332058124,9,2269172
1332060179,26,1457837
1332061832,17,6964357
1332064191,5,426788
1332064741,4,388892
1332065353,18,3603046
1332072475,19,4666425
1332073878,14,3102693
1332082764,11,181809
1332082922,10,273168
1332085116,14,1582676
1332086306,13,4937269
1332088971,31,10076997
1332091920,6,1150690
1332092667,7,1506132
1332093304,10,2759987
1332094180,6,1535400
1332094464,23,12684282
1332098694,51,14975698
1332099767,22,7331840
1332103625,56,1400996
1332105368,6,455374
1332111364,3,147656
1332113298,24,599044
1332114345,207,6802137
1332115034,17,1303637
1332125102,5,855704
1332125854,7,2400390
1332126776,13,443504
1332126831,16,1266381
1332132521,7,3314854
1332135522,219,137873205
1332136818,3,631606
1332137167,13,5223718
1332138928,25,7976180
1332139091,11,3029670
1332140566,9,2642700
1332140590,12,6875604
1332141697,43,20593370
1332142925,11,9334429
1332143355,18,1919147
1332144237,10,2312354
1332145370,10,6419422
1332145702,79,38499747
1332146068,14,2587558
1332147355,14,6296952
1332149591,9,1055597
1332149610,4,182035
1332149774,26,14624217
1332153630,52,1564588
1332156154,12,908694
1332157280,9,848345
1332157646,11,1826979
1332160555,168,14671153
1332161236,9,973630
1332161775,12,564229
1332161788,3,117015
1332165554,16,3111646
1332166902,20,2591684
1332167106,3,12570
1332167132,19,3230749
1332169211,125,6424668
1332171803,29,10380553
1332173259,12,3513896
1332173304,23,5694690
1332173434,93,38477466
1332173659,9,1073068
1332176612,17,4222212
1332177183,8,1925956
1332179211,24,2216234
1332179551,12,438796
1332179674,42,16085815
1332180504,16,5154911
1332181269,12,1598413
1332182321,20,1802830
1332182461,13,6414037
1332183124,15,1160610
1332184537,9,3664230
1332185060,9,3111940
1332186157,11,3611930
1332186716,9,760194
1332187398,26,1508638
1332188368,13,6825552
1332188845,60,3571642
1332188931,6,3019989
1332189135,9,3416541
1332189491,23,1522194
1332190530,13,5392494
1332191907,4,1710565
1332192170,109,2955740
1332192227,17,3362247
1332192265,8,630614
1332192432,9,4707722
1332192500,9,2445298
1332192839,20,6972177
1332194402,8,476620
1332194716,9,5358686
1332195357,21,4877573
1332197803,20,1192053
1332198443,26,7450047
1332199538,28,9740859
1332200584,20,4528772
1332200716,18,823172
1332202003,30,5759242
1332202465,12,914699
1332203987,13,1325583
1332204832,48,2437365
1332205493,44,20264334
1332207206,25,2229698
1332209409,12,951246
1332210113,15,1324689
1332210782,34,955207
1332211805,29,4704022
1332211897,18,1235139
1332213363,25,1320114
1332213433,7,821225
1332214455,13,1212380
1332216541,27,694716
1332217668,46,2658754
1332218880,11,1620632
1332220237,23,1333847
1332220965,11,182080
1332221786,7,645370
1332224569,20,1362599
1332224943,15,314963
1332225720,5,365011
1332228449,13,4047996
1332228712,6,370536
1332228896,24,13336143
1332230200,4,6191846
1332230916,13,5813950
1332231684,18,2327399
1332232389,26,2488295
1332233411,11,616933
1332234383,13,4460016
1332236218,36,16373052
1332236265,16,950817
1332236774,4,72432
1332238510,12,704061
1332238706,16,5115313
1332238827,25,3495751
1332239028,14,4515984
1332239085,11,2777669
1332239553,25,8534322
1332239851,32,2405435
1332240187,9,489238
1332242440,27,17888135
1332243692,41,20079911
1332243714,3,811155
1332244081,29,4496411
1332244267,20,18199496
1332244605,15,3818065
1332244647,12,4085562
1332245161,33,10151306
1332246683,32,9641211
1332246825,29,16107342
1332247310,45,5019478
1332248816,27,3561027
1332248843,17,3860962
1332248974,25,665539
1332249202,13,935759
1332249338,14,1702619
1332249531,47,988413
1332249617,12,3105562
1332249940,24,14956090
1332249942,5,3243675
1332250104,14,4045186
1332251199,9,1681527
1332251413,10,853479
1332252400,15,2614477
1332252725,3,739828
1332253135,5,2509863
1332253237,13,12977492
1332253534,12,1160070
1332253572,16,1668562
1332254294,19,1844574
1332254447,22,1787068
1332254825,17,1020446
1332256467,27,2175680
1332257447,23,1678708
1332257987,7,1690054
1332258581,12,4937965
1332259138,17,4416132
1332259606,3,800333
1332260066,11,3593159
1332260698,20,1500728
1332260783,19,1948840
1332262240,55,33030306
1332263403,10,5891287
1332263436,3,976009
1332263894,15,3110407
1332264096,23,456150
1332264956,7,1034895
1332265684,11,780104
1332266327,78,42566630
1332267462,27,1495755
1332267752,14,2072957
1332267756,16,2662837
1332269799,44,3184439
1332270937,5,107945
1332272857,14,3463671
1332273565,9,895961
1332275407,24,3073398
1332276888,22,1236583
1332277199,12,928114
1332278569,9,334329
1332280092,29,2302941
1332280372,110,10036352
1332280983,185,64532829
1332281447,8,2207412
1332281523,94,6119933
1332281752,20,4490639
1332282834,5,126375
1332283128,9,807515
1332285185,14,4955774
1332285845,13,2138084
1332285990,19,2680371
1332286683,17,3769338
1332287250,18,1375433
1332288199,11,1439330
1332291790,15,3588902
1332291900,16,3954169
1332292312,24,6146496
1332292941,77,37966160
1332293213,8,303453
1332295047,10,943260
1332295051,5,411558
1332295506,16,2055023
1332296709,8,2367703
1332297583,14,4784240
1332298353,28,4679138
1332298380,17,6896980
1332299031,13,6216764
1332299033,23,2139649
1332299245,13,2014711
1332300461,28,4819128
1332300514,15,3463349
1332301418,35,441514
1332302718,20,3935256
1332303281,22,9559790
1332304022,22,9424032
1332306092,8,2180452
1332306636,24,7791517
1332306872,23,3280576
1332307033,12,3068821
1332308453,9,837399
1332308668,16,3394021
1332309178,25,1789274
1332309276,15,1365109
1332309762,26,1105403
1332310925,11,1831987
1332319208,12,4282572
1332320160,23,1387626
1332321113,11,1980396
1332321343,11,4122407
1332324788,12,1176995
1332327860,15,1300455
1332327988,23,2476987
1332337851,11,1451237
1332339064,16,999322
1332340141,18,2505289
1332340689,16,1196075
1332349850,27,1600747
1332361616,12,5930971
1332365804,16,1136953
1332366820,19,2376480
1332367232,7,234459
1332368435,6,538091
1332368705,10,1584471
1332372483,66,54160778
1332387921,23,1691790
1332409355,27,1505148
1332413376,16,829417
1332414576,28,3066149
1332419955,20,1615544
1332421713,24,4730083
1332424464,30,13043380
1332432420,29,2071465
1332433123,22,1414802
1332434149,16,6288731
1332437226,4,108833
1332439050,15,2198274
1332441315,18,773050
1332444164,38,2806965
1332446231,123,6652781
1332446235,16,1039494
1332446589,3,152535
1332447133,8,405921
1332447135,9,938295
1332447467,21,6528435
1332449568,6,2025208
1332450799,5,932778
1332451005,13,1233147
1332452875,14,3192131
1332453906,48,14528259
1332457714,15,4989397
1332467787,21,10908093
1332473735,15,1069667
1332473937,16,653656
1332474356,12,808678
1332475080,5,1351792
1332477409,88,32634931
1332477623,15,8121599
1332485181,9,2249448
1332486316,5,1588522
1332488197,31,11262766
1332488475,25,667304
1332488610,13,2870991
1332490307,15,6411844
1332493297,11,3018140
1332493934,26,8301050
1332494440,26,948204
1332496101,56,21804706
1332501065,17,6425790
1332502565,53,1993496
1332503592,41,4590763
1332503695,24,10451683
1332510637,30,2179522
1332510706,24,1914267
1332511950,22,13852821
1332512865,91,6699227
1332513351,12,853761
1332513414,43,1659220
1332521037,16,4595123
1332523350,26,1475847
1332523788,26,1499373
1332523980,10,2356192
1332524124,40,13444947
1332527944,6,441984
1332531751,4,162196
1332532395,48,1343712
1332536450,25,1935804
1332538152,10,4030622
1332541453,12,1114826
1332541646,80,7850404
1332542511,18,8097851
1332544421,14,4281271
1332545435,19,3975868
1332547077,4,512430
1332555824,10,1274420
1332557693,12,1422638
1332558457,31,1481432
1332562819,16,1366265
1332566612,46,1625860
1332573860,17,2154256
1332575574,17,5962515
1332580365,4,2313215
1332580949,28,6309491
1332581326,13,4286306
1332582933,34,18975165
1332584313,28,10439824
1332585086,6,184555
1332585400,11,1204432
1332586597,67,24253782
1332586783,4,1619023
1332588580,10,3356875
1332588682,14,10992154
1332588838,26,24558904
1332588854,5,1869402
1332588887,6,2325816
1332589325,14,3901574
1332589747,15,4004118
1332590002,26,2216080
1332590086,28,3193709
1332590143,15,5756780
1332590423,6,4936289
1332590940,6,1899617
1332591402,49,22242597
1332591554,16,3189426
1332592410,27,11532384
1332593070,21,9958032
1332593592,14,6564540
1332593599,114,58700213
1332593604,25,9483739
1332594194,20,14439514
1332595621,13,7073144
1332595769,11,2803947
1332595986,21,6689684
1332596952,24,642175
1332598867,23,4565484
1332599192,7,491753
1332600552,91,49258862
1332601625,11,1067018
1332602235,18,414731
1332605403,13,5342711
1332607564,14,7043318
1332610181,45,1195821
1332614400,6,271774
1332621834,11,2800298
1332627558,13,14866363
1332634868,23,33067538
1332636943,16,1631058
1332639760,12,535232
1332640411,5,1376054
1332640478,60,3847970
1332640501,7,2987120
1332640657,20,1241209
1332640850,62,50522974
1332641200,3,1228928
1332641366,17,4390778
1332641399,6,2056643
1332641496,11,2969486
1332641894,6,1857022
1332641985,36,7969665
1332642209,13,3528844
1332642311,39,29472153
1332642672,53,44519450
1332642971,173,91244203
1332643048,28,17638773
1332643673,4,958448
1332643701,3,1143900
1332644274,18,6681783
1332644320,10,3313844
1332644429,14,4047264
1332644850,32,16311932
1332645033,20,5672895
1332645230,14,5215838
1332645250,20,4723034
1332645333,8,7368559
1332646122,21,11949984
1332646167,29,13993668
1332646332,23,10608615
1332646718,49,23125179
1332646914,25,7359896
1332647200,7,3752205
1332647428,11,1539379
1332647532,14,2990306
1332647658,33,13281975
1332647783,9,3901501
1332648238,7,2404170
1332648368,53,17976747
1332648519,16,8703365
1332648898,21,5446860
1332648982,5,2472572
1332649005,11,1263726
1332649085,25,9973135
1332649392,30,13150688
1332649592,6,10887208
1332649994,68,40930526
1332649996,127,122100317
1332651100,77,55699501
1332651339,34,3989147
1332651970,13,4660433
1332652366,163,86030926
1332652871,15,417037
1332653279,47,53793511
1332653286,65,22917621
1332653378,4,326096
1332653652,6,352816
1332653772,10,4058059
1332654128,13,3089925
1332654691,34,27269103
1332654798,112,71375621
1332654840,9,617959
1332655060,128,66992853
1332655116,47,25375870
1332655168,33,9779825
1332655385,31,9340227
1332655564,87,64908284
1332655596,8,354155
1332655865,21,7369284
1332656236,60,29201986
1332656514,4,1437399
1332656708,48,54274626
1332656748,7,468710
1332657452,67,28667346
1332657572,14,1077320
1332657677,5,3223757
1332658371,8,7647535
1332659470,167,25398356
1332659903,121,76707661
1332660369,63,29982768
1332660566,13,4343864
1332662609,5,843646
1332662918,48,47228832
1332663708,48,1088520
1332664368,61,20273139
1332665190,97,33588281
1332665386,113,93072612
1332665410,8,2206765
1332665412,139,96411280
1332665687,43,2237458
1332665707,34,9398240
1332666264,21,18054490
1332666814,41,2366392
1332667677,5,2031929
1332667762,14,4903571
1332668206,33,28822053
1332668415,17,4493426
1332668765,16,1852817
1332669027,4,950781
1332670016,5,952456
1332672687,13,3120282
1332673355,18,746974
1332674482,14,1311872
1332675953,58,37020339
1332675996,23,6730141
1332677177,12,1375634
1332677393,14,1069497
1332679560,12,572418
1332680028,13,3386258
1332683022,35,919738
1332683435,8,843419
1332686976,22,2062756
1332687777,15,5362957
1332689248,12,9422632
1332693394,20,5701299
1332694173,10,590778
1332694973,5,1129338
1332695122,8,1584931
1332695575,9,1697248
1332696354,18,709830
1332697621,10,1769265
1332698353,8,471167
1332698571,13,1355309
1332698598,3,431168
1332699539,7,1246855
1332699553,10,812978
1332699750,11,818854
1332701963,21,1326110
1332704256,25,8037520
1332704886,4,1538805
1332705571,15,4382736
1332706132,47,1495753
1332707206,18,5431080
1332707295,10,3967407
1332707602,35,11651146
1332707910,66,3532034
1332708660,10,1537925
1332709093,19,7405264
1332711495,8,984829
1332711575,18,2316072
1332712605,26,6532243
1332713234,22,5413347
1332716026,49,9268889
1332717626,30,415690
1332718428,20,3326195
1332718512,7,1202840
1332720938,4,110280
1332722633,20,1391207
1332724222,12,1348203
1332724751,13,2031943
1332726194,27,1131507
1332728912,18,2885776
1332729817,16,1760635
1332729964,11,736441
1332730343,21,2201107
1332734560,63,5613258
1332734909,17,910397
1332736282,25,681776
1332737906,10,1263328
1332739758,7,448292
1332740383,20,1413647
1332744231,12,3163714
1332746071,26,9505182
1332747150,13,1821531
1332749863,17,1944561
1332750110,32,10968595
1332752909,13,1534835
1332753665,17,3995152
1332754602,5,2522935
1332754611,19,3416616
1332755338,10,4145479
1332755823,4,1881741
1332756484,5,2200747
1332757224,18,6264509
1332757249,14,14123643
1332758562,6,2034721
1332759694,9,1023374
1332759744,4,2598046
1332760727,15,553689
1332761356,30,17370363
1332761494,18,836687
1332761812,22,3250422
1332762671,25,3033981
1332764275,6,1834422
1332764780,8,6165201
1332765563,40,15219689
1332770695,11,3549724
1332777933,19,746242
1332780109,15,451689
1332781927,21,492017
1332784479,147,12728963
1332784591,15,1207046
1332784668,13,894586
1332784738,7,288195
1332784871,9,504755
1332787466,41,2172209
1332791548,23,1752603
1332791764,19,4209388
1332793481,19,2366699
1332794027,19,2524218
1332796781,39,6248068
1332800725,15,785423
1332801726,29,3618183
1332803568,7,227087
1332804563,14,5903676
1332816345,4,321984
1332819419,17,1540069
1332837331,11,1701860
1332841812,22,2659857
1332858560,11,705797
1332859111,9,687701
1332860324,14,1937493
1332863706,15,1282669
1332881130,13,1326471
1332882655,13,2700890
1332887461,27,2012964
1332889101,48,553521
1332889787,22,1642558
1332901015,31,2814227
1332901021,8,311166
1332901925,18,711457
1332904348,9,672946
1332912513,17,6680502
1332919386,14,5030788
1332921009,15,5478999
1332922544,3,1443036
1332923582,11,10003645
1332928252,19,1081725
1332929004,227,27122038
1332929897,11,599893
1332932832,7,639205
1332936638,42,872037
1332942693,33,2134888
1332945351,25,730308
1332945384,186,73478001
1332950023,5,133759
1332952574,8,410077
1332955929,14,701065
1332957853,51,4751690
1332957864,9,672649
1332961034,16,1951963
1332961082,14,7291779
1332961755,14,6190711
1332961932,34,649582
1332962620,8,2250096
1332963025,15,10126674
1332964161,32,3950870
1332964163,11,1415393
1332964779,10,663253
1332965505,57,28167143
1332966216,21,836431
1332966496,20,8790095
1332967961,3,1651994
1332969293,6,613466
1332969423,19,6673375
1332970561,6,271642
1332971339,9,4234036
1332971699,15,5432440
1332972521,13,893295
1332976157,11,1900235
1332977337,5,464407
1332978391,10,6036868
1332980005,16,6318099
1332980787,59,1447433
1332982308,42,1931490
1332982938,14,4448419
1332988921,21,2002001
1332991081,79,1840320
1332993240,18,3419016
1332993745,8,1763659
1332995482,51,3563760
1332996544,14,1352592
1332998415,16,5266822
1332998762,18,9975954
1332999055,18,1427838
1333001172,16,1876749
1333001964,9,1437729
1333002529,16,3149800
1333005390,21,13566872
1333006674,11,2065058
1333007414,14,3577818
1333008561,37,2267672
1333009411,30,1624724
1333012639,11,3916913
1333013528,29,3463778
1333014229,14,3280173
1333014871,34,13313414
1333016343,16,4329920
1333018300,32,3052581
1333018684,17,1942025
1333019278,18,5722232
1333019710,21,1724283
1333021379,82,21366981
1333022319,20,778070
1333022424,20,1654499
1333022938,15,3333663
1333023511,14,2847580
1333024282,14,2186137
1333024900,13,2438074
1333026088,88,30159462
1333027742,5,93055
1333029656,54,2739601
1333031493,130,13309174
1333032499,15,324450
1333037602,26,1155358
1333038384,12,4579054
1333043122,17,1249808
1333046728,18,955975
1333052690,19,1802067
1333055700,27,5212109
1333057606,3,365617
1333059412,19,1911421
1333060408,14,5203894
1333060537,17,6172899
1333062148,46,20334802
1333065645,10,1640623
1333066320,11,1267227
1333066631,9,4079691
1333066850,37,15804929
1333067228,18,2520340
1333069301,27,5143213
1333069672,31,1498537
1333070928,16,4828096
1333071617,13,3051962
1333072214,25,16687898
1333072375,10,3009322
1333073359,32,11784982
1333073519,32,11812444
1333073945,11,2505374
1333074191,19,7682836
1333074213,11,5645705
1333074979,12,3283531
1333075320,8,2183074
1333076454,47,46188761
1333076570,18,1207085
1333076947,11,3182208
1333076989,23,9395995
1333077300,151,56878928
1333077367,38,25118260
1333077486,85,16001695
1333077614,34,11924025
1333077624,12,2820887
1333077656,39,4046395
1333077677,10,1630460
1333077870,4,1037730
1333078224,56,3221145
1333078351,15,5990663
1333078784,17,11301472
1333078800,6,623237
1333078979,7,998338
1333079175,7,486082
1333079559,3,286777
1333081602,74,24569364
1333081670,10,2618686
1333082155,45,24932562
1333083180,66,31153352
1333083498,9,2490048
1333083556,6,909229
1333085055,13,780971
1333086381,10,4760458
1333086619,16,3109830
1333087054,49,3212138
1333088845,21,7283962
1333088886,11,5224533
1333089349,18,8051938
1333089986,26,1301599
1333090224,21,9039188
1333091355,6,207942
1333092393,11,5583427
1333092880,29,11241898
1333092906,11,3266891
1333095345,15,1135036
1333097559,18,2270624
1333098042,19,8766415
1333098226,9,4429493
1333100519,39,18119225
1333101270,14,14114280
1333101970,17,899146
1333104392,7,1025819
1333105408,18,1438972
1333106639,16,554507
1333109046,7,450652
1333116711,23,7461649
1333117496,84,11339424
1333119212,12,1435943
1333120649,8,2619997
1333121200,14,3509785
1333123728,14,11691774
1333124380,15,2593773
1333128343,21,4725010
1333128449,10,3155387
1333130071,17,642900
1333130272,23,9808976
1333131011,16,2367060
1333131188,9,1821229
1333131309,10,2112462
1333131677,11,889078
1333133050,13,2778307
1333133264,10,4406116
1333133282,15,2933853
1333133609,12,5489717
1333133721,22,1292821
1333133738,25,2114259
1333133993,30,12106833
1333135909,8,3229967
1333136291,10,6191488
1333136765,37,9553486
1333137634,65,2813022
1333138460,27,9204829
1333139674,23,11361045
1333141126,14,1895863
1333141561,8,2001213
1333141964,10,3650113
1333141978,9,3190974
1333142013,7,1532739
1333142886,5,1164655
1333143131,15,1386238
1333143214,21,6589162
1333143804,12,1203687
1333144664,17,276606
1333144783,19,9908298
1333145123,19,6971102
1333146394,12,1046169
1333147280,55,4202949
1333147670,27,1331724
1333149529,41,4534306
1333149731,15,2930326
1333151668,13,2607564
1333152031,11,1780078
1333154502,15,2304148
1333155470,15,1103640
1333156532,17,1246077
1333158488,10,1145808
1333160052,10,699718
1333160212,33,2492819
1333161526,31,8667226
1333162748,26,5343968
1333164956,23,4614658
1333165582,11,574990
1333167001,20,1458771
1333167118,14,4183824
1333167517,9,1021052
1333169423,21,2023780
1333172055,6,445377
1333173750,75,7265522
1333173837,75,6761296
1333174774,41,11109761
1333175413,36,14121184
1333175512,9,886226
1333176402,15,1977170
1333179451,37,12372869
1333182083,9,600780
1333182643,25,2554426
1333182682,30,835472
1333184154,22,1641497
1333185279,10,1991750
1333185623,43,1377199
1333185812,14,420942
1333186186,32,19907651
1333186416,8,803326
1333186758,38,21492341
1333186866,10,793828
1333187514,21,6404252
1333188259,78,2560547
1333189423,9,2928508
1333189828,11,4987594
1333190612,3,270536
1333191698,12,1868937
1333191706,9,2705327
1333192412,8,2621619
1333192815,14,4132161
1333193397,4,1151180
1333193808,13,4925776
1333194539,12,6601514
1333194882,45,24470604
1333195357,11,1285840
1333196150,8,1100288
1333197986,30,13331327
1333198152,22,12550620
1333198814,6,2991275
1333198990,13,961988
1333199489,19,4078444
1333199651,21,9332157
1333199727,3,2960638
1333200098,17,676542
1333200217,16,6341467
1333200230,37,1155407
1333200528,16,1905945
1333200676,29,12753448
1333200728,45,14144133
1333200917,20,25218408
1333201558,34,8904218
1333202497,10,4926758
1333205782,35,5425136
1333205811,14,1318608
1333205989,3,192717
1333206106,19,26746066
1333206519,221,10767614
1333208553,6,334925
1333209263,28,14230677
1333210231,7,407914
1333210356,18,445478
1333211749,14,1517875
1333211924,6,481959
1333214859,42,2250529
1333216010,22,2440482
1333216234,23,1651288
1333217084,5,1048323
1333218659,47,349438
1333220809,13,1345472
1333221249,4,241124
1333221269,8,341652
1333221907,23,2022035
1333221945,19,3369748
1333223726,31,3975052
1333224481,32,7835021
1333224634,10,988192
1333226356,19,2932844
1333227886,13,3718024
1333229401,12,872127
1333229556,91,6319690
1333230760,14,2096823
1333231852,13,738825
1333232392,13,1046006
1333232447,28,2789127
1333233176,17,2572180
1333233874,10,1849350
1333236512,11,872727
1333236727,9,1083067
1333236787,15,1173279
1333238908,156,25097950
1333242188,23,7239086
1333242384,26,6290841
1333242713,27,2070366
1333245926,3,848293
1333246624,62,32459257
1333246678,17,4733341
1333247272,25,10385657
1333248970,12,3786369
1333248974,27,6679869
1333249627,24,14916090
1333253006,7,2812830
1333253569,6,297312
1333255375,5,4939952
1333256753,18,1656862
1333257433,93,3849473
1333257703,21,2048544
1333258310,7,3491660
1333261176,7,836907
1333263580,13,3710892
1333264114,3,252078
1333270303,3,1506588
1333277085,22,3949739
1333281078,33,2112349
1333282523,10,278014
1333283538,42,5957685
1333303533,10,775710
1333303712,13,1419564
1333321701,12,2804930
1333323161,18,6603934
1333326564,11,1801808
1333338295,57,4246618
1333340589,14,604960
1333341861,15,1335751
1333369030,6,1100360
1333370056,11,544483
1333370678,25,1910682
1333377241,17,8057939
1333379628,15,725845
1333383214,39,4419368
1333383383,4,529011
1333384306,31,3789665
1333384349,9,1002765
1333385697,47,1344693
1333387832,17,945686
1333389381,37,3021858
1333391536,14,1326334
1333392589,35,7736423
1333393267,37,3385327
1333396801,11,439489
1333397516,143,45414041
1333402079,9,6975305
1333405763,12,2726007
1333405885,10,35277
1333407157,54,17860810
1333408926,9,5915480
1333410561,10,2743364
1333412936,20,6079370
1333417617,7,2503281
1333419192,98,8722933
1333420488,18,860978
1333422488,24,7489368
1333423957,32,3665929
1333428098,57,3595877
1333428692,36,840206
1333436341,58,19782447
1333436508,15,607998
1333436640,98,6568447
1333437163,8,1641739
1333439715,14,1627119
1333439914,25,2475394
1333443402,78,22002378
1333445583,16,931910
1333446036,6,613997
1333446185,23,6521700
1333448746,53,15087513
1333451427,18,9982505
1333452384,12,545200
1333452587,15,1382804
1333453372,20,6864938
1333454080,26,9747830
1333455132,4,179864
1333455894,12,2929915
1333456000,53,885107
1333458383,8,1862692
1333464943,36,4445300
1333465874,7,2064960
1333475013,107,3785654
1333481771,12,761226
1333482138,49,2198781
1333482937,4,179140
1333487247,8,467731
1333487855,17,1270641
1333488378,12,3075420
1333490117,6,487076
1333491595,18,1627281
1333491637,14,2161694
1333492647,11,2947794
1333493412,30,659181
1333494658,38,10489391
1333495382,17,1536531
1333497486,53,29030067
1333498454,11,5373950
1333498653,14,4362718
1333499470,18,4641443
1333499478,6,590358
1333500066,25,2828029
1333500575,199,98438796
1333500675,11,838666
1333500788,24,11557776
1333502742,20,4069126
1333502841,27,13705605
1333503275,19,4946845
1333503720,13,1165252
1333504160,26,992081
1333504642,10,242694
1333505107,13,6081367
1333506209,11,4804926
1333507901,40,463130
1333508815,11,4030667
1333511149,157,22827885
1333516250,7,2245231
1333518082,18,3016299
1333521402,27,2866130
1333521754,31,1653360
1333523493,4,147218
1333524751,16,577892
1333525697,9,803191
1333526220,30,1826571
1333528858,24,2569507
1333530055,3,289830
1333531865,26,2926479
1333533190,9,1470866
1333533194,9,475446
1333533686,19,1049405
1333533714,9,456486
1333536584,26,1068668
1333538949,29,2236104
1333539919,15,3804430
1333540468,13,590355
1333541167,12,3002728
1333541872,14,3139672
1333542068,25,2597264
1333542712,27,1287380
1333543161,28,8029963
1333544362,23,254841
1333545681,105,46825616
1333547075,62,31443704
1333547754,33,11713848
1333547765,68,3584265
1333548216,9,634759
1333548987,8,3247931
1333549266,55,3412030
1333550119,12,4624962
1333550178,14,3566397
1333550700,80,19877048
1333550704,14,1859127
1333551075,8,521978
1333551763,22,7672816
1333552162,11,1694071
1333553260,24,695844
1333554531,17,7008309
1333554612,21,6689591
1333555157,17,878362
1333555296,32,17481181
1333555381,17,9295204
1333555510,23,6496940
1333555521,11,4787290
1333556020,10,1303283
1333556167,8,2159082
1333556771,42,12887877
1333556786,20,11521301
1333557401,9,3392943
1333557882,36,15828806
1333558155,9,781372
1333558650,23,1706485
1333559212,20,2133764
1333560125,44,19718199
1333560467,32,1197427
1333560524,10,2978152
1333562597,8,2769632
1333563204,22,6929693
1333564776,7,2243770
1333564857,17,6226045
1333564904,34,2549313
1333564931,16,2215078
1333564944,20,8013248
1333566410,11,4057043
1333566953,21,7789164
1333567650,6,366670
1333568864,67,4957414
1333568951,10,6521444
1333570686,12,4451263
1333570877,12,1564166
1333570902,29,2393602
1333574992,9,1114960
1333575302,17,1599716
1333575743,9,567458
1333576147,50,1565030
1333577627,29,3256071
1333577841,15,3557208
1333580515,15,1083461
1333581874,14,1066639
1333582839,35,2922193
1333585003,18,735785
1333585764,9,737451
1333588855,11,1821160
1333590952,7,1278115
1333591903,10,455972
1333593372,8,2362015
1333594622,23,9202565
1333595011,17,2456247
1333595608,10,1521828
1333595684,54,14899638
1333598229,29,3594698
1333598320,16,4408008
1333599534,13,789835
1333600479,119,5089774
1333601324,13,1674699
1333601943,20,1304250
1333603435,18,10475210
1333603923,19,1603832
1333605255,13,4970975
1333605487,25,13662692
1333605684,10,7754885
1333605792,11,3433554
1333607895,24,14245127
1333608552,33,20330383
1333608942,16,5180617
1333609751,5,1205129
1333609937,9,1644040
1333609988,10,2882309
1333610153,7,3140784
1333610329,19,10967726
1333610943,11,1820419
1333611546,7,995682
1333611567,3,893245
1333612080,16,2516208
1333612352,12,4311123
1333613009,15,7043295
1333613241,7,1765393
1333613761,16,3746872
1333613872,88,46712526
1333613938,78,3282915
1333614282,10,2523673
1333614957,3,874125
1333615290,17,1369917
1333615471,24,6397465
1333615593,20,5320798
1333615828,27,9792365
1333616001,16,806882
1333616029,14,1184040
1333616412,15,6647691
1333616543,53,2312370
1333616557,30,4229473
1333617421,24,7848078
1333617444,10,1652842
1333617766,53,37291782
1333619014,6,1988034
1333619038,15,5323297
1333619068,48,7838440
1333619100,14,2239546
1333619373,4,270903
1333619725,32,4448516
1333619928,16,1425726
1333620239,8,864874
1333620576,39,27273722
1333620714,20,16250114
1333620953,32,2706079
1333621660,56,4795650
1333622425,12,3271752
1333622767,10,1124558
1333623794,9,964289
1333624466,12,741832
1333625496,101,5469481
1333625600,12,464400
1333627980,8,2223181
1333628652,23,3409341
1333629299,10,938599
1333629433,4,644982
1333629709,32,180792
1333630720,16,4396128
1333630922,13,32262788
1333631155,11,414678
1333632880,14,2797571
1333634989,39,10124390
1333638839,9,494633
1333639126,11,1647324
1333639539,48,743700
1333641203,17,13148002
1333641307,21,4381659
1333641582,15,8876027
1333643316,51,1544085
1333645192,5,399318
1333650680,12,1495679
1333651108,10,3725814
1333651188,12,1035293
1333652909,42,5472320
1333652956,19,4327291
1333653140,43,11552655
1333654360,15,4064317
1333656800,19,1002006
1333656843,16,3035376
1333657217,11,356471
1333657795,24,5938013
1333657877,51,25212078
1333658614,18,1542981
1333658950,36,5398386
1333660723,12,2947965
1333661372,20,1278009
1333663309,47,17051010
1333664669,15,2394540
1333664992,46,22778424
1333665075,129,8080510
1333665439,23,10842000
1333666607,23,5096932
1333666772,11,2588319
1333667487,18,7965748
1333667684,10,472243
1333667889,18,4532475
1333668538,11,835496
1333668906,12,780030
1333669215,6,3698460
1333669217,146,93149372
1333670917,11,1266174
1333671211,8,351964
1333674673,10,724380
1333674844,10,7963141
1333675449,28,2360868
1333677027,9,2195220
1333678045,10,1012469
1333679657,11,930459
1333679790,19,1418615
1333683119,28,9993661
1333684521,9,2603927
1333687478,17,6135953
1333689171,25,5128113
1333691767,16,630644
1333694994,10,569475
1333742126,13,2912840
1333766105,16,647179
1333767611,7,620323
1333768445,9,3601464
1333770178,6,2654325
1333771501,6,2587255
1333771683,7,518978
1333772398,35,15655793
1333778529,16,1710503
1333781960,21,2900059
1333783894,10,573899
1333789452,13,1756437
1333789517,100,7979134
1333789772,14,432383
1333792196,23,8663147
1333793976,18,6534981
1333794839,14,3979121
1333796641,17,1408969
1333798052,16,2270035
1333799115,13,825574
1333800464,16,1568362
1333805143,13,3482670
1333810500,41,1363315
1333814449,3,1387833
1333815438,49,11957635
1333815629,14,4214527
1333817210,20,3511878
1333818701,12,1125382
1333818884,5,1522986
1333819303,12,2323452
1333819567,46,11458836
1333822592,22,3954498
1333823003,30,3198971
1333823596,35,10937599
1333826936,15,10157632
1333827390,33,3303451
1333828276,12,1682910
1333828536,7,2769214
1333829194,16,11077955
1333829689,28,7369490
1333831534,8,2723948
1333831826,29,2533782
1333831935,17,5165968
1333832378,5,2780599
1333833204,24,7611103
1333833839,8,901900
1333834898,12,4646573
1333837240,6,557039
1333840216,20,3368816
1333840265,9,386186
1333840957,29,1431373
1333845368,7,2714674
1333846887,5,1273132
1333848076,33,25814559
1333852242,65,31071344
1333852342,242,97965757
1333853111,18,1070795
1333855341,12,1311443
1333856774,13,1100230
1333857287,58,20720197
1333858039,11,6179500
1333858713,14,1438243
1333860916,40,13873062
1333861392,30,1178770
1333862923,57,12235919
1333863772,3,1177284
1333864109,8,686019
1333864158,85,30216566
1333865259,38,11600090
1333865475,8,2250291
1333865658,6,344010
1333869152,4,892544
1333870427,59,20235548
1333871170,36,10883314
1333872254,39,9045229
1333872456,21,1217761
1333873500,23,562819
1333874015,6,1522441
1333874323,16,774879
1333877982,7,2154660
1333879684,10,727308
1333881140,26,8586743
1333882246,18,301173
1333882796,8,764046
1333882859,13,2022407
1333886040,16,531725
1333887822,6,439668
1333889804,22,635314
1333889864,103,1995782
1333893037,34,890877
1333893278,6,2439357
1333893922,24,1109316
1333895338,24,8231302
1333896024,24,5100657
1333898464,4,892768
1333899444,40,1221822
1333900419,24,3351228
1333901841,142,3146403
1333901880,8,72118
1333902902,29,8113907
1333903126,19,1138246
1333905672,5,1890652
1333905967,8,573944
1333905973,78,33983104
1333907309,24,797913
1333907895,13,690578
1333909135,12,3198777
1333909716,10,2760816
1333909740,7,2699219
1333910387,11,7012508
1333911431,29,1383120
1333913100,11,3502589
1333913198,22,8397047
1333913812,49,3180911
1333914389,21,7438208
1333914980,10,3554631
1333916866,12,2279125
1333917320,18,1055532
1333917535,19,608715
1333918438,29,14547621
1333919010,6,1744012
1333919186,9,1433629
1333920394,21,592773
1333920535,10,2072467
1333921975,3,96757
1333922754,20,459538
1333923793,30,1637982
1333923865,14,1442382
1333924035,13,5740010
1333924381,161,6406856
1333927922,18,5790215
1333928941,15,573259
1333929177,14,4390699
1333929602,24,1872069
1333933160,19,2654584
1333937379,14,500903
1333942265,27,1149982
1333943632,41,9529469
1333944030,16,136963
1333944496,27,1177208
1333944902,7,1309256
1333945519,19,814864
1333946228,11,2538781
1333946634,6,1567640
1333947218,36,12426935
1333947990,62,5635223
1333948423,7,1700014
1333948885,8,338829
1333949879,6,3639148
1333950077,51,20622742
1333950255,15,1373624
1333950842,3,193136
1333950868,40,13804984
1333951283,25,8290880
1333952271,6,1081293
1333953799,44,29068453
1333953922,79,5883809
1333955588,70,39302287
1333956371,33,10069614
1333957405,15,4111597
1333957792,88,28363650
1333958474,185,101882773
1333958809,17,3256949
1333959314,14,1277300
1333960107,22,2058296
1333960274,6,1172196
1333960759,15,929069
1333960878,7,3792272
1333961216,5,2418268
1333963024,14,4713822
1333963069,14,4604102
1333963073,4,17068
1333963641,17,11312673
1333964557,5,709784
1333965061,22,14652528
1333965590,20,14031605
1333965702,8,3195026
1333966009,59,24253478
1333966673,16,6509839
1333966885,46,17948318
1333967647,74,5635768
1333968144,15,7517759
1333968707,12,3952866
1333968714,56,4188435
1333969003,40,30786365
1333969569,18,7654625
1333969884,38,3923586
1333970016,6,396747
1333970385,13,4001039
1333970581,23,5763955
1333970835,4,490728
1333970911,12,673164
1333971199,12,5025758
1333972289,16,2139629
1333972331,25,17412979
1333972601,16,476239
1333972925,45,16892472
1333973742,5,2330827
1333973947,17,7496304
1333974468,20,7261035
1333975258,14,7855633
1333975326,351,41633166
1333975737,19,2059325
1333976063,13,3160537
1333976334,19,3158595
1333976362,6,840
1333976897,20,5917597
1333977550,13,8049176
1333978070,24,1355678
1333980607,23,9718409
1333981277,48,663465
1333981371,10,2445056
1333982209,53,17677500
1333982867,10,766006
1333983074,15,3572950
1333984308,34,2852163
1333985292,6,652397
1333989243,6,2195460
1333989406,58,24192047
1333989659,11,1109468
1333990158,13,1541070
1333990480,25,7559472
1333991045,47,3376144
1333994680,10,366725
1333998796,24,9852799
1334000913,47,1165131
1334002956,16,1458910
1334004290,11,1100295
1334006039,4,721067
1334006800,62,961765
1334007072,12,1146920
1334007112,5,876713
1334007892,10,1158620
1334008538,90,38867715
1334008676,38,12389551
1334008835,40,6327471
1334009885,7,1455575
1334010788,15,983313
1334011497,17,2569039
1334015610,14,1368165
1334016249,60,17041954
1334018344,10,1728581
1334018635,13,2565498
1334019469,7,3920297
1334021442,33,1121335
1334021557,12,563777
1334021785,16,667843
1334022543,11,2310653
1334023048,10,2420779
1334023529,13,6464066
1334024018,8,4414790
1334024052,38,15498182
1334024563,20,7969839
1334025099,9,3352809
1334025268,7,2140348
1334025649,13,1679316
1334025991,51,5334411
1334026376,19,1711990
1334026807,9,3191280
1334027030,10,9421126
1334027230,17,4111754
1334027667,13,3582932
1334027671,30,26503912
1334028266,16,207317
1334028729,54,31055205
1334029336,20,13350633
1334029925,18,1543028
1334030578,16,1699674
1334030734,5,503389
1334032246,18,5610154
1334033945,15,970115
1334034530,106,9795173
1334035525,23,5592872
1334035692,7,541762
1334036811,19,2172121
1334038234,18,8080929
1334039608,17,2124519
1334039666,22,1557061
1334040557,16,6982335
1334043052,17,1943548
1334046768,10,1404626
1334047310,12,9972994
1334048080,15,605123
1334048922,3,43780
1334050615,26,792289
1334052094,10,5423047
1334053205,14,3748367
1334054271,5,65708
1334056578,14,4084062
1334056592,17,1723761
1334057735,78,21391415
1334057955,23,747722
1334058614,7,2740562
1334058627,71,31203496
1334060328,60,23822356
1334060871,14,1931340
1334061097,29,8559449
1334061299,16,2698283
1334061867,18,1311169
1334062187,27,1364478
1334062935,12,3889183
1334063005,24,2325395
1334063569,9,3201312
1334063963,16,2275994
1334065612,11,2215396
1334065645,14,609609
1334065828,21,5878020
1334065961,15,2270158
1334067145,62,24085425
1334067622,19,3449479
1334068758,12,5609607
1334069218,198,87673357
1334069238,25,9899587
1334070179,26,4867404
1334070821,17,4099228
1334071427,49,7106936
1334071431,3,231195
1334071787,19,3584540
1334072053,24,3644883
1334073590,21,1905884
1334074326,19,1746134
1334074492,12,1651682
1334075102,28,10005184
1334076283,7,575339
1334076813,23,6660978
1334077058,12,8621305
1334077466,20,1178770
1334077618,11,5368004
1334078379,15,1592506
1334078408,4,856185
1334080026,16,6581378
1334080138,25,4030482
1334082662,28,4036262
1334083212,11,888087
1334083433,36,4720039
1334084038,14,325151
1334084679,44,4102453
1334085358,13,2705754
1334087219,31,1810742
1334088256,16,2308461
1334092086,18,993085
1334098119,16,1033386
1334098270,22,2452023
1334098327,11,931100
1334099818,21,2234713
1334100182,16,1154727
1334101029,122,9929586
1334103665,36,4601425
1334105031,32,4624882
1334105499,9,2469185
1334105560,12,841267
1334109301,18,3130065
1334120119,12,2060954
1334121706,5,386979
1334147580,15,3470130
1334153913,7,682156
1334161503,31,14037060
1334163822,19,2439587
1334165129,4,281646
1334165281,10,557710
1334166503,15,597964
1334178730,23,3940487
1334184436,24,1197723
1334187083,21,2489895
1334189785,24,3043706
1334191337,12,870912
1334191926,90,15261918
1334192149,17,587112
1334193051,5,1058734
1334194527,6,64414
1334198980,95,6312953
1334199946,15,763243
1334203618,90,14029110
1334204902,21,5861003
1334208162,12,1567378
1334208761,89,9309163
1334208779,21,1398864
1334213365,15,1499115
1334214055,3,258420
1334217379,8,483685
1334218796,89,9349163
1334222881,15,5293477
1334223193,4,557467
1334227052,14,6883935
1334227983,14,507082
1334229222,19,900311
1334229886,24,9260636
1334229992,29,2889749
1334230084,7,2002411
1334231914,26,1631761
1334232807,26,6986603
1334233111,6,2047972
1334234347,45,2169428
1334234715,43,17441915
1334235466,18,5092421
1334238414,15,10134205
1334239326,12,632745
1334239563,24,10258434
1334243314,42,9148381
1334243342,15,1935991
1334246112,11,753766
1334263313,77,28908629
1334264209,26,658010
1334265893,254,95472680
1334273928,40,2767978
1334275299,5,2112691
1334276872,23,5449542
1334278095,13,928025
1334278140,87,5080150
1334278948,3,933979
1334279438,6,1179376
1334279449,24,5942283
1334280659,25,12890869
1334282677,14,2521761
1334286343,6,123860
1334286695,27,2373903
1334293796,12,735108
1334297676,12,1513670
1334298035,22,2196482
1334299786,14,751799
1334301743,8,659000
1334302057,21,1191804
1334303441,5,1090157
1334305206,34,8862605
1334309912,27,8575991
1334310385,32,10266419
1334311066,21,7596024
1334312147,13,970183
1334313576,64,29571499
1334314918,14,2054815
1334315055,252,23116889
1334315405,17,5018059
1334316791,7,3997815
1334318309,21,1881813
1334318465,37,16391007
1334318602,16,4650607
1334318838,31,2305724
1334319248,7,1294829
1334321336,18,6459443
1334322163,14,3561930
1334322802,5,2606308
1334323326,15,6492563
1334324638,21,3036354
1334325546,6,2783187
1334325751,3,2612970
1334325917,27,2225844
1334326312,12,4398575
1334326692,49,27837762
1334327172,16,13989957
1334328167,16,1786786
1334328316,20,1243271
1334329737,106,12346202
1334337552,11,2089940
1334346143,16,1284969
1334346809,7,552856
1334347212,26,2152072
1334347409,19,1043093
1334347454,22,2162479
1334351723,10,345004
1334352158,15,1057481
1334355440,38,10521380
1334355896,17,1200230
1334356520,27,2198347
1334358313,61,32617325
1334360337,15,5067282
1334360760,20,1167027
1334362387,31,10396622
1334362535,13,827224
1334362824,27,9162416
1334363184,8,1227034
1334363824,11,1077614
1334365222,27,3757544
1334366286,11,2689465
1334366977,29,7912596
1334367335,15,2019480
1334367797,27,16491613
1334368060,17,5666026
1334368064,17,1124692
1334368163,18,6801104
1334369044,44,16145382
1334369380,15,6473219
1334369910,72,34287350
1334369912,6,583607
1334371005,18,6112780
1334372453,23,2964976
1334372738,5,402510
1334373140,25,12224404
1334373180,14,7495161
1334374125,8,556555
1334374295,9,2343975
1334375132,15,3164887
1334375587,40,25201143
1334375801,47,45158508
1334376661,9,1050792
1334376712,12,4051713
1334376963,11,5030865
1334377868,27,6857067
1334378222,22,2071550
1334378696,7,3398386
1334378964,30,12931617
1334380730,8,287720
1334380800,6,721081
1334381433,8,341996
1334382598,22,4775600
1334383312,15,2453607
1334386438,58,6033333
1334386777,15,606249
1334388654,5,13364208
1334391133,3,161180
1334391625,26,6642458
1334392128,16,2446232
1334392618,17,4118722
1334392990,17,554814
1334396700,22,1148722
1334396839,17,5861737
1334398048,35,2279381
1334400142,59,5080004
1334401000,14,527853
1334404245,15,544288
1334404875,30,301230
1334405525,3,96328
1334405990,15,8548754
1334407692,36,10504386
1334408431,57,6267459
1334408478,27,4469199
1334408490,13,482603
1334410248,11,4351175
1334410364,20,1826272
1334410697,28,1732325
1334412705,7,278605
1334412912,4,166410
1334413427,25,7008314
1334413808,5,339603
1334415809,7,2175334
1334416744,6,680366
1334417101,65,19523138
1334418048,13,8818478
1334418505,142,19744585
1334418875,10,1020097
1334422521,64,22838305
1334423089,16,820811
1334425476,20,2739879
1334425814,15,5583448
1334425962,6,1766691
1334426946,13,1894002
1334427065,26,12741619
1334427793,14,2259214
1334428006,22,970896
1334428277,12,15498065
1334429373,27,5549694
1334429722,12,596926
1334429795,19,4510388
1334431187,11,413485
1334432586,21,9051952
1334432632,24,2584638
1334432665,25,12461997
1334433108,8,1733579
1334434209,14,4037627
1334434525,21,4436994
1334434609,9,3083279
1334438051,7,647920
1334438639,9,2311442
1334439317,61,25488153
1334439362,11,8186873
1334440012,12,6221550
1334441445,12,5061061
1334441718,17,3830985
1334441815,11,1831694
1334442226,13,699523
1334442802,74,23124106
1334445113,10,4844724
1334446591,12,12282566
1334447804,12,2739403
1334449202,20,761719
1334450864,17,3150537
1334451961,16,5243480
1334452496,215,15673647
1334452846,13,676990
1334452939,6,364827
1334456949,16,845205
1334456975,6,311296
1334458725,8,278933
1334460067,15,4002374
1334461391,9,1996009
1334461669,34,671133
1334462293,53,23381870
1334462889,10,898767
1334466828,18,1635359
1334468698,20,1104559
1334468726,89,27616240
1334471225,11,1266678
1334472235,18,751657
1334472265,15,3022338
1334472273,22,4340819
1334473383,14,608062
1334474213,24,7545777
1334474953,103,42272989
1334477520,32,4968483
1334478823,9,2961829
1334479310,20,3913929
1334479814,27,8479086
1334480313,21,4601964
1334480563,16,1022785
1334481556,17,4969577
1334482873,79,10239913
1334482996,11,5137109
1334483481,10,3708406
1334484760,25,6758256
1334486663,26,3977745
1334487251,16,1844740
1334488200,12,6454098
1334488450,3,823810
1334489042,9,4006371
1334489148,8,201547
1334489821,21,4683403
1334491849,6,1825237
1334492278,242,40927820
1334492877,40,9961833
1334493541,7,487224
1334495159,42,4958885
1334498160,9,1071428
1334499658,6,216095
1334500741,7,2581414
1334503458,12,576609
1334503507,9,645031
1334507276,19,12048950
1334508871,9,578374
1334512093,17,1639833
1334519272,18,2425303
1334521732,16,777524
1334547932,11,932828
1334555042,9,236851
1334567226,26,3577382
1334568430,14,1072759
1334570176,21,1309065
1334571154,39,2622272
1334573283,16,1111083
1334574168,10,9325983
1334574180,9,428249
1334575239,18,7184256
1334589531,8,1235036
1334595398,11,1082618
1334614282,36,883447
1334614413,16,930207
1334616291,11,6172268
1334617804,14,4737849
1334618321,8,642080
1334623167,36,2457820
1334623267,21,1559976
1334626496,14,3662038
1334626682,15,4489136
1334630678,13,3217416
1334633795,12,3139615
1334634043,48,4426815
1334635387,52,3432337
1334635998,3,804068
1334636431,24,8062534
1334637592,28,8889564
1334640001,26,1402457
1334642218,10,1515137
1334643305,16,868551
1334643615,31,16295089
1334644450,11,272822
1334644961,15,3988297
1334645308,21,1778963
1334645504,13,3270953
1334645990,34,3645764
1334648492,38,16788218
1334650863,17,359887
1334653534,8,191608
1334660536,41,1573669
1334671867,431,145411272
1334679393,17,5250844
1334681895,11,1051788
1334682301,12,2918649
1334682532,27,7053714
1334684903,24,6477975
1334684936,16,5193142
1334686091,15,8970477
1334687251,15,770953
1334688787,15,4923516
1334691309,43,8736794
1334694524,52,4994824
1334697870,8,480815
1334700307,7,367124
1334700705,11,504463
1334701406,34,3017566
1334703435,59,7434131
1334707028,37,2672980
1334707877,16,1086038
1334713301,16,344480
1334713519,64,27625652
1334714697,11,710689
1334715618,11,1267144
1334716916,18,465835
1334717108,21,2536466
1334717266,26,1777599
1334718993,50,21838713
1334720231,22,1437787
1334722132,123,61527231
1334722180,13,706788
1334722488,16,6124876
1334725035,17,1848779
1334725614,17,1159977
1334727243,3,744358
1334727855,8,3318621
1334728492,11,5680255
1334728927,12,5235486
1334729387,10,1008743
1334729652,12,868150
1334731056,4,1000535
1334731257,25,16102575
1334731393,8,3929288
1334731466,16,4225233
1334732161,40,16457199
1334732398,22,5424715
1334734028,15,2291502
1334735613,16,6013657
1334738022,144,11894445
1334738433,69,6174350
1334739280,20,1445393
1334740788,9,4128294
1334741842,36,4678782
1334742805,11,676689
1334746083,20,901094
1334747727,23,2899993
1334748596,12,789202
1334749521,12,1656312
1334749875,65,4357249
1334750300,7,334753
1334750454,8,687330
1334751284,31,2124857
1334753972,18,588711
1334754091,92,5032810
1334754555,4,352581
1334754856,13,1171673
1334755969,27,9307401
1334756279,3,117132
1334756787,15,5388357
1334757651,26,2104414
1334757787,5,415854
1334757932,7,719837
1334758549,10,490181
1334758715,39,12806850
1334759663,99,53514402
1334760728,60,20633038
1334761096,95,48750630
1334761302,9,3972705
1334762597,21,933001
1334763570,62,23800766
1334765029,3,1396835
1334765411,22,1701730
1334765462,14,516149
1334766498,14,3567857
1334767733,19,2238991
1334768151,23,12559970
1334768828,77,26756032
1334768880,69,26193154
1334768891,11,251782
1334769086,11,2964086
1334769183,43,18685449
1334771269,75,2586630
1334771352,7,10494037
1334771426,12,730221
1334771801,20,590216
1334772814,18,5148655
1334772918,18,8642795
1334773102,29,24569978
1334773653,135,43786353
1334773860,23,504348
1334774952,16,877120
1334775520,21,4685136
1334775961,6,2294794
1334776099,25,18716524
1334777290,13,1771148
1334778420,28,1376485
1334779230,14,3110493
1334779651,19,4407161
1334779722,7,3374906
1334780338,9,277538
1334780870,12,3492443
1334781168,20,11106143
1334782313,5,1851238
1334782449,19,7675924
1334782760,18,3493257
1334784925,13,9049623
1334785212,9,1965486
1334785323,4,956896
1334785632,18,9559980
1334785905,25,1982663
1334786206,15,3036449
1334787557,34,1114384
1334787843,31,6705790
1334787946,10,268529
1334788151,4,507932
1334788313,14,1674740
1334788572,7,1836003
1334790467,5,125051
1334791994,7,1691243
1334792666,46,2406335
1334792785,84,6191882
1334793055,44,3612188
1334794563,22,4614633
1334794633,45,7368524
1334795151,4,188660
1334798657,9,2141368
1334799678,18,2522959
1334801810,41,3871101
1334806420,9,1976336
1334809043,48,3426114
1334809090,7,423444
1334813640,3,636360
1334813961,15,11756216
1334814567,28,15822497
1334814637,78,4494027
1334814901,34,11580422
1334814959,82,29298346
1334815482,15,707093
1334819636,46,19477704
1334819731,7,5381565
1334822269,23,1056291
1334822692,6,2071525
1334823079,15,6265759
1334824865,14,4340300
1334825460,18,1102284
1334826043,13,3316866
1334826865,30,22669672
1334827044,34,10636773
1334828095,16,4392599
1334828659,30,2108765
1334828737,15,7982407
1334829124,10,1101059
1334830239,26,11534745
1334832047,8,3479772
1334832278,13,2920000
1334832284,70,27992139
1334833250,20,7114295
1334833399,50,30111646
1334833739,21,2378497
1334834266,37,22506446
1334834668,24,20449097
1334835910,14,4056108
1334838203,13,7539324
1334838426,19,8923392
1334838451,36,1199432
1334838849,4,310088
1334839319,21,862676
1334840512,47,22834748
1334840532,4,190462
1334840538,94,50439938
1334841389,13,1558821
1334841440,23,3261234
1334842017,5,522419
1334842389,9,1807666
1334842462,27,17985120
1334842848,30,15809375
1334843503,18,1986871
1334843642,46,11714209
1334843876,11,2667568
1334844313,12,222122
1334845129,16,3717376
1334845769,19,2348403
1334846033,31,28137962
1334847482,13,3730003
1334848323,34,1493051
1334849166,5,520022
1334849584,8,1116846
1334851227,14,5252447
1334851376,15,5692029
1334851650,40,3483194
1334851726,41,2776250
1334852091,10,973200
1334855582,14,742145
1334855654,18,1499506
1334855883,11,1312277
1334856634,200,18175360
1334857072,8,2381856
1334857835,18,2610025
1334858969,4,139143
1334859320,21,4048374
1334861714,26,2819103
1334863591,4,231881
1334864928,12,1158388
1334866678,22,2566042
1334867233,23,932006
1334867997,15,3940437
1334869415,24,1277883
1334872831,4,1115295
1334873320,11,856655
1334873680,53,13747649
1334874348,12,3767789
1334874408,8,7181049
1334874491,12,1361276
1334875829,115,52138015
1334875845,15,5797461
1334877979,4,1090840
1334878207,9,3243944
1334879755,20,1832890
1334879890,59,19501690
1334880372,33,34479779
1334882568,35,263608
1334882700,14,4800705
1334882709,15,2276116
1334882970,6,2182137
1334883343,7,2269235
1334883945,88,40084210
1334885282,17,6618429
1334885582,38,8217082
1334886987,10,3036898
1334887728,15,16205344
1334888094,5,1468182
1334888509,25,12672498
1334889364,17,89209
1334890688,8,565042
1334890926,24,6978337
1334890997,31,17324634
1334891048,9,990955
1334891511,4,209868
1334891621,32,7516674
1334892821,11,1221425
1334892964,16,5904997
1334893428,8,87972
1334893545,39,21018838
1334894993,19,5023101
1334895780,3,1477473
1334897204,24,1906684
1334897489,19,5688324
1334900882,5,1667423
1334901817,13,3968182
1334903406,13,10193961
1334903566,16,6017207
1334906237,57,3466683
1334910346,6,318173
1334913140,12,558962
1334914255,15,513230
1334916925,10,752037
1334918933,11,1920567
1334929254,10,1706306
1334931259,3,178888
1334932037,13,4989604
1334932825,16,2338490
1334940460,7,764030
1334955004,23,11045491
1334974230,10,1886142
1334979535,9,443708
1334981168,44,592007
1334981814,6,1317432
1334987453,21,465386
1334991278,17,689648
1334991749,30,3070336
1335000904,16,967894
1335015724,67,5234587
1335017626,22,4879882
1335017808,17,12492392
1335031139,16,1005168
1335031814,21,1765471
1335033353,4,292831
1335034553,17,2187624
1335041007,16,3867810
1335041761,20,6064762
1335042008,38,1612993
1335043539,12,3034225
1335046583,19,1048160
1335046778,17,3880865
1335049181,10,3230079
1335050084,20,1825393
1335050386,21,6864489
1335050576,8,757397
1335053665,17,5236474
1335055050,15,4907067
1335055299,11,7503803
1335055564,25,6273827
1335060192,13,726548
1335064876,21,697856
1335071095,33,1537217
1335074032,8,5691897
1335075798,15,680406
1335076111,26,1596755
1335076423,255,84765794
1335078575,11,784305
1335078926,40,10958332
1335079154,39,11517823
1335079952,108,7371429
1335081492,67,6254299
1335087384,215,77540594
1335087846,14,712962
1335088504,9,2757685
1335089092,27,9116119
1335091505,9,823240
1335091977,15,545558
1335092674,8,2889883
1335094659,37,2429677
1335094709,54,1628839
1335095771,25,2595238
1335096555,47,21286894
1335096886,77,4313461
1335099930,9,4424718
1335101090,33,8640624
1335102037,135,11982834
1335105472,24,1734957
1335109332,27,7805863
1335110149,22,1468615
1335111627,18,2988851
1335112731,31,8199294
1335113793,21,2071592
1335114729,8,559438
1335116178,20,1112289
1335118595,7,301234
1335119534,17,689418
1335121114,13,3243598
1335122547,47,2288977
1335122632,47,1200137
1335123882,8,382742
1335125270,13,44585
1335129282,15,435544
1335129896,10,821532
1335131194,7,3326141
1335131293,15,2149514
1335131318,21,608618
1335132214,6,2825924
1335132980,55,13584516
1335134037,7,2860745
1335134733,20,6217659
1335135073,19,4784281
1335135091,29,21021373
1335136321,9,2276730
1335139676,13,5721321
1335140315,16,11251559
1335140553,15,4686718
1335140603,19,683465
1335140830,13,4017060
1335141350,8,506311
1335143831,12,2122591
1335143961,8,565983
1335145303,17,1287762
1335145441,36,19289369
1335146436,30,20710728
1335146517,18,536586
1335147976,12,312741
1335148416,15,397930
1335149542,25,1190994
1335149606,28,1424135
1335151955,17,679030
1335152559,23,1098486
1335153570,13,901831
1335153820,46,3158647
1335154527,9,826052
1335160713,31,1171827
1335163895,9,577466
1335165135,14,578347
1335166916,16,1132353
1335167035,26,1294919
1335168148,108,38378340
1335169044,79,2984192
1335169646,130,9848096
1335169780,16,2455564
1335169926,23,3023299
1335172304,34,16848313
1335173054,105,40858769
1335174009,13,10237735
1335175659,10,924616
1335176095,24,10755363
1335177033,157,67721187
1335179745,10,3293537
1335180616,20,11049588
1335180718,26,10551502
1335180811,10,4669672
1335181219,4,842757
1335181639,29,9679786
1335181750,4,83175
1335181876,16,10191047
1335182242,12,911744
1335183430,26,2042498
1335183517,8,2113379
1335183524,11,638221
1335183952,42,1457778
1335184666,16,1587249
1335184838,13,5238981
1335185887,11,1436908
1335186400,20,1337626
1335186441,84,6340042
1335187037,19,5549946
1335187438,39,20738374
1335188846,10,3867379
1335189016,19,6945265
1335189568,17,18186851
1335191873,36,17741488
1335192839,26,14636317
1335192937,3,817848
1335193204,35,20130668
1335193396,25,14802208
1335193463,25,1673313
1335193595,15,6815556
1335193851,17,3788097
1335193886,15,4550103
1335194030,27,8416369
1335194365,11,215942
1335197123,12,222514
1335197970,10,634997
1335198559,29,18331522
1335199612,6,157822
1335200549,20,1445315
1335200733,37,1872363
1335200797,86,5653894
1335200992,17,1655701
1335202402,14,1390165
1335203143,7,894008
1335204593,28,1476771
1335205006,31,13517153
1335205034,61,8532166
1335206720,8,1003532
1335207901,27,2917931
1335209770,19,2097595
1335210543,17,1775401
1335211135,11,1541504
1335212744,12,1443579
1335213678,9,849721
1335214439,39,2844730
1335214579,7,25179086
1335215040,25,843467
1335215363,26,584082
1335217193,21,1482677
1335217321,36,2874885
1335217885,9,452236
1335218319,17,1761266
1335219119,73,4584306
1335221993,9,844327
1335222564,8,419601
1335222711,10,313900
1335223069,7,425728
1335225899,15,6890339
1335225982,11,2946473
1335226457,43,16398547
1335226512,20,5739904
1335226636,12,2455668
1335227490,17,5688919
1335228467,3,233106
1335228732,20,2469383
1335229007,15,5644702
1335229472,28,2376722
1335230897,23,1686141
1335231310,5,356260
1335231481,15,4045979
1335231632,4,1055759
1335232086,12,2775407
1335233084,27,19153448
1335234735,25,11904101
1335236043,17,5009201
1335236234,5,1008380
1335236307,19,6003569
1335236311,16,1050033
1335236836,10,3168698
1335240117,37,11080641
1335242298,13,7124109
1335243362,17,4991220
1335243432,9,5881363
1335243707,33,11402056
1335243736,10,2606100
1335244898,18,5025169
1335244967,16,8301467
1335245445,9,4039253
1335246043,8,3838089
1335246556,20,19129365
1335247106,18,9391265
1335247150,43,3459767
1335247278,17,973858
1335248326,11,2968225
1335248333,31,12327845
1335250210,12,3856237
1335250287,40,24713419
1335250477,10,2540480
1335250664,20,5135456
1335250704,12,3117823
1335250722,6,1802303
1335250938,19,7443014
1335250981,8,2824779
1335252019,29,19144890
1335252564,4,396444
1335252977,17,7308244
1335253111,8,4062226
1335253218,30,2121840
1335253523,24,12250382
1335254212,9,3798753
1335254459,6,1505532
1335254835,49,22498357
1335255164,10,776450
1335255667,12,3373379
1335255795,15,5722424
1335255812,9,1082843
1335256454,24,1243974
1335256588,11,2294816
1335259464,28,794917
1335260474,6,291831
1335262472,9,394052
1335264303,16,1106678
1335264420,10,3435882
1335265177,24,2080420
1335265379,12,3764819
1335267935,8,855128
1335269925,32,2006811
1335270994,11,620545
1335271548,28,1590315
1335271600,15,1360069
1335271630,31,1939683
1335274841,30,1188688
1335276184,65,4688555
1335277153,24,1071764
1335277251,15,2110065
1335278063,9,1815043
1335278261,20,2894325
1335278265,3,514074
1335279713,6,1074032
1335281354,25,2190819
1335284229,23,6272773
1335284265,38,3356448
1335286135,4,255548
1335287119,6,581414
1335287760,10,915131
1335288286,13,4917097
1335288298,27,3169464
1335289253,30,2332738
1335289629,34,1518962
1335289778,21,918300
1335291763,20,3536238
1335292664,10,449216
1335293280,16,909075
1335294420,22,2868273
1335295162,3,509096
1335295785,9,2367430
1335295931,15,2799471
1335296517,11,485768
1335297510,11,835804
1335298550,8,1195173
1335299055,19,7027485
1335299407,47,29182863
1335299481,24,6063311
1335300147,15,816669
1335300273,14,704520
1335300710,18,2780662
1335304865,8,1100087
1335304890,60,16915757
1335304981,17,3440645
1335305239,10,1547620
1335306124,11,4258333
1335306523,12,5028948
1335307373,12,1950325
1335308014,18,8337630
1335308250,4,3053449
1335308365,21,3196229
1335308620,10,748938
1335309108,5,1728622
1335310056,9,2098068
1335310242,5,3808789
1335310686,5,128203
1335311260,13,1108608
1335312091,21,16448105
1335312417,10,1071506
1335313628,10,3720474
1335314715,20,1884942
1335315244,20,582904
1335315300,13,4939785
1335315449,14,1687616
1335316904,16,694374
1335317542,7,1266152
1335318035,70,12879035
1335319343,27,1157219
1335319546,11,981779
1335320106,4,796225
1335321908,15,5254488
1335321939,36,6732536
1335323322,36,7689079
1335327733,18,1182535
1335332094,10,1830821
1335332537,14,1111841
1335336863,11,1042211
1335339528,20,983948
1335344962,10,1822235
1335347427,13,988392
1335351019,13,1286730
1335351434,12,11044640
1335359366,6,278858
1335361434,10,832471
1335363347,20,191941
1335365433,20,136565
1335368139,29,307443
1335391794,17,1114060
1335399357,8,1140806
1335400914,14,2515584
1335404768,11,868372
1335412304,29,1360187
1335414417,8,369469
1335420494,29,2498770
1335421035,9,1209182
1335422706,20,1072373
1335424619,17,762187
1335440135,16,6296458
1335452092,14,2125071
1335454309,14,47270
1335454611,22,4524895
1335455930,18,6042103
1335458013,13,3114069
1335458449,20,4778864
1335462123,19,1110559
1335462236,5,20096
1335464765,6,263760
1335465802,29,819920
1335469110,13,630604
1335471049,28,1396693
1335473855,9,668803
1335475231,48,2939433
1335475297,44,1123138
1335475327,20,1196069
1335478001,51,2142125
1335479364,6,196369
1335480404,37,16589149
1335482372,87,3123316
1335482798,25,1199136
1335483047,90,9560306
1335483782,32,9981473
1335485331,7,2050501
1335486511,27,8447457
1335487268,17,718016
1335487674,29,1997145
1335491984,60,7034789
1335496078,24,7791095
1335497110,16,849590
1335497343,16,5986454
1335498502,32,1997215
1335498629,11,2561712
1335500002,12,690551
1335500421,3,878104
1335500469,4,2711869
1335501622,7,792733
1335501803,12,4844966
1335503893,3,762574
1335504117,11,546499
1335504121,13,1157208
1335504875,7,4908730
1335509606,23,1044570
1335513138,30,3013876
1335516324,32,484045
1335517788,8,477281
1335519587,22,14217439
1335519657,31,2414074
1335519840,59,4527752
1335524855,5,69534
1335526395,36,9071017
1335526498,66,1143763
1335527153,26,1951163
1335527891,16,667215
1335528046,11,1062431
1335528145,357,148715628
1335530213,36,23475629
1335530345,22,3059964
1335530453,30,6929507
1335531040,12,1815182
1335531817,34,7648724
1335533218,11,1486001
1335534878,26,17430470
1335535693,7,240099
1335537421,7,661576
1335544627,33,2643661
1335544645,19,8304656
1335544947,11,4034255
1335546343,22,1539958
1335546625,11,2361190
1335547338,4,82194
1335547677,27,7546121
1335548839,13,7312316
1335550337,18,1381450
1335551761,7,2695457
1335552341,33,14589080
1335553255,5,368565
1335553585,15,578410
1335553798,96,48462489
1335553980,33,12271518
1335554287,5,2604111
1335554942,9,603073
1335555661,16,3261278
1335556684,10,567743
1335557062,9,568682
1335557163,20,1304152
1335559219,7,557526
1335561455,5,804176
1335569187,7,336514
1335572933,9,730994
1335576177,3,134766
1335576206,9,725630
1335578578,23,1107134
1335578607,14,915318
1335579942,18,4307889
1335580106,12,1095477
1335585480,16,9257775
1335588793,5,1424977
1335590309,22,13104135
1335592000,37,2599423
1335592393,18,4931029
1335592735,5,645836
1335596173,11,1260561
1335596327,5,7493790
1335596627,28,16046028
1335597082,5,1288417
1335597518,10,2135654
1335597708,79,30277047
1335598956,69,28617612
1335598990,16,12629078
1335599425,20,5762808
1335599861,51,10144164
1335600246,17,995435
1335600603,33,22641394
1335601355,15,1317269
1335601404,11,3560977
1335602262,20,13435187
1335603328,28,18100064
1335604749,16,4836870
1335604789,11,4775635
1335604801,11,2106453
1335605454,3,86571
1335606014,11,2135779
1335606044,13,8202606
1335607505,22,3369514
1335608335,8,709505
1335610053,37,9581367
1335611209,12,598661
1335611884,15,1641697
1335613330,32,684394
1335615006,28,22302682
1335620610,35,1533234
1335621729,16,2493956
1335622201,7,301749
1335625878,14,3384823
1335627204,13,1121632
1335627721,18,1458100
1335627925,6,304714
1335629870,5,533362
1335630152,16,1007060
1335630455,104,7507941
1335631093,37,24052394
1335631221,20,980904
1335631418,4,239541
1335631428,8,288996
1335631689,21,821260
1335633395,7,791603
1335637813,330,161378910
1335638100,71,36397086
1335638541,19,4914981
1335640158,9,783080
1335641828,160,18680506
1335642121,9,1153000
1335642678,16,828595
1335643721,61,23881995
1335645865,9,453656
1335647273,10,5224034
1335647526,12,3738588
1335649848,24,20461022
1335650179,50,20385019
1335652571,4,291831
1335652838,131,49779735
1335652881,16,5784239
1335653086,10,861683
1335654001,8,7035096
1335654403,4,5233239
1335654836,25,8965854
1335655856,18,19694816
1335657526,7,219267
1335657782,10,4826938
1335658463,22,14247435
1335659037,13,1748791
1335659836,19,11400894
1335660055,6,1052327
1335661595,6,2381465
1335662478,18,1479005
1335662853,14,6698543
1335664314,8,473284
1335664522,10,3014006
1335665099,13,388934
1335668372,19,2004205
1335668526,37,2682885
1335671739,17,982768
1335672612,33,3810099
1335673003,19,8197117
1335673307,10,3136001
1335674133,7,859246
1335679421,14,1885157
1335681664,28,2300819
1335681952,8,2980636
1335683398,13,3119713
1335684702,27,1866228
1335688020,24,8363666
1335689144,51,2552264
1335689204,67,1264489
1335689314,7,474401
1335689417,50,19400206
1335692552,37,36384592
1335693011,76,37182830
1335694297,10,3579728
1335694312,39,4108789
1335696332,7,596560
1335697082,10,337478
1335697612,19,3106998
1335698392,67,32447218
1335698536,10,5271075
1335699917,30,26198269
1335701345,61,1124374
1335701777,17,6976587
1335701828,11,273839
1335701868,81,10126829
1335701899,11,2179597
1335702875,20,2259119
1335704096,105,49165438
1335705155,15,1802049
1335705381,5,1836991
1335705745,26,11908187
1335707066,5,1318469
1335707483,11,668614
1335707895,39,18562570
1335710228,7,633515
1335710273,17,1949237
1335711227,12,4132254
1335711359,3,1075970
1335712471,48,25148770
1335713011,14,7056613
1335714326,9,2784861
1335714406,18,1719612
1335714521,11,760354
1335715302,14,10775233
1335715903,26,17262517
1335716035,4,223049
1335716347,15,49024941
1335716863,12,4328583
1335717485,8,3709269
1335718266,20,4904157
1335719425,21,16697294
1335720403,10,4902721
1335720572,16,11750656
1335720927,9,879720
1335721012,10,1807211
1335724029,12,4363935
1335724414,51,4644042
1335724657,7,739246
1335725269,19,2501828
1335725837,7,5217037
1335726958,15,665323
1335727066,3,336348
1335727675,19,3769503
1335728130,34,717319
1335728599,14,6414116
1335728733,18,4962122
1335729452,4,291203
1335730792,56,4018966
1335730896,26,2409589
1335731110,9,1374878
1335732097,8,1360906
1335733003,20,1251640
1335733408,16,1464111
1335733494,63,1686188
1335734063,8,4205912
1335735441,14,9211876
1335736018,22,15350974
1335736986,21,2016800
1335738121,14,1042228
1335740511,11,2594067
1335741577,19,3912408
1335742140,5,573775
1335744451,24,1731967
1335744615,18,980397
1335744646,7,429885
1335746070,3,568808
1335747629,10,810738
1335748527,49,11300078
1335749720,86,4657461
1335750218,4,842520
1335750294,11,1513159
1335750565,33,8466982
1335750781,16,1265769
1335754343,73,14159997
1335754742,21,7412824
1335755512,17,3979823
1335756756,12,377880
1335757678,6,563174
1335758331,28,15561442
1335758434,21,1024494
1335760311,8,1036291
1335760532,6,548979
1335761789,14,3834997
1335761985,11,2634940
1335762211,29,2545166
1335763000,10,389706
1335763675,21,4763674
1335763846,11,463044
1335765011,5,1600560
1335765218,13,3875319
1335765348,14,5109045
1335766018,11,3184515
1335766693,7,788882
1335766736,14,3325043
1335767099,11,360640
1335767110,13,557596
1335767525,18,8298137
1335767788,4,1055978
1335767984,38,12349583
1335768002,39,11623209
1335768150,8,2302845
1335768299,10,491113
1335768627,15,4029948
1335769246,21,2439937
1335770462,145,9723695
1335770652,12,4156882
1335771163,3,724375
1335771692,6,1258356
1335771847,15,5607199
1335772200,6,2976800
1335773310,10,2173028
1335773574,12,10425833
1335773735,15,1966743
1335775154,6,3150039
1335775938,15,3804176
1335776681,32,15272985
1335778115,10,1000138
1335779049,3,826641
1335779822,14,2030913
1335779942,44,12368333
1335781869,5,808713
1335783275,54,24021071
1335786228,3,127793
1335786429,95,55867823
1335786782,13,6152261
1335789996,24,3039987
1335790440,10,660086
1335792731,18,1488024
1335797000,110,4811909
1335798506,22,1470140
1335798925,56,3554521
1335802771,30,2978841
1335803220,6,2421082
1335803749,19,1999254
1335806217,14,413644
1335807558,17,1050436
1335807648,19,4115227
1335810729,10,2338135
1335811229,14,2444083
1335813066,26,1987005
1335813699,8,683262
1335815347,26,3580202
1335815409,4,243885
1335829688,15,2223332
1335839511,6,587215
1335842224,19,8633047
1335864574,10,412978
1335866284,33,4895422
1335868678,3,93197
1335869250,9,410703
1335869445,50,295232
1335873936,8,406419
1335884208,18,1097706
1335887549,8,372852
1335887584,7,365883
1335892320,32,7758472
1335893265,14,803343
1335897353,21,1415434
1335900856,8,236722
1335906253,15,946104
1335906679,4,108356
1335910773,19,791100
1335916575,12,984618
1335917919,19,4620347
1335922168,8,2075806
1335923204,30,1872622
1335927850,11,1682773
1335929553,7,2182082
1335930294,14,2367990
1335931021,10,6605240
1335931751,7,228627
1335931843,9,3517129
1335932673,7,2985813
1335932897,12,645671
1335933060,21,4928472
1335933304,9,338812
1335933818,8,381238
1335935303,5,367579
1335936222,18,1225941
1335936225,5,390450
1335936565,19,1105994
1335936852,14,761068
1335938154,3,76663
1335939637,3,1276038
1335940973,4,83545
1335941102,16,679809
1335943346,8,534186
1335944820,8,837352
1335944954,19,607492
1335945721,9,830229
1335945842,35,2195174
1335945978,3,547342
1335948930,168,25748156
1335948966,17,2197633
1335950654,7,3676855
1335950677,9,1272549
1335955942,17,1287440
1335957862,9,447843
1335958450,12,2671219
1335960346,39,15855511
1335962395,49,18046614
1335964190,43,13208490
1335966142,16,4348587
1335966774,27,1483839
1335967182,5,1780859
1335967225,15,3476878
1335968350,30,13676268
1335970465,133,38199027
1335970875,33,10090686
1335971265,15,4534207
1335971591,19,493112
1335975606,28,9927043
1335975693,11,669983
1335978425,16,4783657
1335978468,11,3255097
1335978786,64,26720528
1335978797,20,649854
1335982707,17,3994522
1335982728,17,4856219
1335983873,24,7454521
1335984568,5,1254954
1335985264,11,4377267
1335985590,15,6865779
1335988500,23,8340663
1335988692,64,10287897
1335989720,4,642660
1335989814,7,2557941
1335991076,29,2347999
1335991442,31,2342399
1335992959,14,7945076
1335995902,9,14847469
1335996131,9,844272
1335996887,89,4203874
1335997097,7,423139
1335998866,8,522334
1336003245,14,2538237
1336007991,94,10852687
1336008371,6,657809
1336009624,11,663341
1336009665,33,22423025
1336012653,58,36932338
1336013148,75,23844640
1336017218,17,621215
1336017867,7,2613206
1336018448,54,12847843
1336019294,152,55293497
1336019876,31,9832311
1336023264,15,401143
1336024149,66,20834014
1336024168,25,7074939
1336024316,12,4165456
1336025331,4,937959
1336026578,21,9157665
1336027083,20,16569547
1336027144,17,3293482
1336027287,50,22964673
1336027931,5,1471081
1336029637,17,1250136
1336030270,5,2146941
1336030597,27,9746426
1336031471,16,1408132
1336031651,12,5882948
1336032497,69,6357441
1336033255,10,294240
1336033452,13,3597822
1336033709,11,530830
1336034372,24,8682567
1336037246,19,10568404
1336037803,12,10440205
1336038037,18,315917
1336038524,21,642359
1336038963,19,6817519
1336043746,148,16417249
1336053195,25,1853541
1336053548,78,4015503
1336058221,15,2414764
1336065571,14,1898126
1336066641,12,776883
1336067105,95,4063806
1336069099,27,3113340
1336070037,16,2064288
1336077561,87,2164838
1336078170,29,1403535
1336079274,14,3713293
1336079315,6,2399454
1336082075,6,508129
1336083108,22,1474061
1336083508,21,7216736
1336083601,38,20261080
1336084594,20,8688713
1336085061,3,257390
1336085177,16,4718906
1336086172,17,9873090
1336088986,18,7013104
1336089303,4,230127
1336089343,28,9710403
1336089353,7,2426565
1336089463,3,29298
1336090136,20,6358187
1336090175,15,6096212
1336090611,128,102947162
1336091386,21,6121061
1336091482,8,1951888
1336091790,43,21639230
1336092496,18,3732627
1336092955,122,12037880
1336092960,33,12020573
1336093165,17,1942782
1336093278,17,1315544
1336093640,18,9990443
1336093906,3,1112836
1336093954,18,6249208
1336095234,14,2264774
1336095523,19,7295318
1336095685,15,8865202
1336095730,13,3884152
1336097604,43,22548582
1336097845,9,1849277
1336098124,69,29373093
1336099053,13,3639317
1336099264,11,3549139
1336101660,22,5599688
1336101738,41,14623325
1336102650,18,2696623
1336104416,48,3111169
1336104859,15,2051852
1336110014,14,1937640
1336110231,80,5023688
1336111803,12,407111
1336117568,11,1134584
1336119120,23,1906558
1336127614,9,754716
1336128326,18,5793729
1336129712,12,469277
1336132569,41,18922100
1336133916,14,2777835
1336134399,50,16142235
1336137107,10,4381480
1336137270,98,31935937
1336137785,10,3290097
1336138814,23,8073593
1336139077,5,2954450
1336140719,10,2114407
1336141303,4,6295162
1336141932,18,6769416
1336142272,6,1860674
1336143429,11,3597545
1336145188,24,3013215
1336145262,16,6404905
1336145342,51,16750214
1336145562,17,2917465
1336146577,26,9290002
1336147417,10,4337117
1336148508,8,4348135
1336149128,15,5686779
1336151803,3,306483
1336152131,12,6211969
1336153899,19,5139588
1336153932,15,4487480
1336154016,3,961420
1336154754,58,2110997
1336155128,15,2720752
1336155587,31,42208933
1336158793,27,665281
1336159210,184,16301426
1336159771,25,1403061
1336159847,23,2580163
1336160001,10,2483003
1336161253,9,701534
1336162137,18,2564886
1336163045,8,1744495
1336163489,8,197010
1336163895,30,1832812
1336165159,45,565137
1336166033,19,2181580
1336166606,16,1964684
1336166728,12,4379500
1336167849,12,486154
1336168254,22,1345854
1336170170,10,1505083
1336170398,26,8075656
1336171963,9,3578703
1336173511,25,2094016
1336173842,14,1080825
1336175491,12,745900
1336177017,50,1711646
1336178325,16,1920567
1336180671,25,449458
1336180733,11,4330152
1336181060,73,29800280
1336182041,23,510333
1336185543,5,1647353
1336188548,6,1119802
1336189531,92,4492269
1336189535,35,9643891
1336190992,118,43591891
1336190996,11,3029822
1336191200,21,2025611
1336191783,6,3334824
1336192793,5,492710
1336193629,30,22079083
1336194127,17,4974541
1336194967,94,46003625
1336195188,11,1271541
1336196082,22,7708264
1336196130,9,918259
1336196844,9,451093
1336197032,84,34183730
1336197224,26,17207514
1336197756,21,1380981
1336198310,20,852283
1336198354,29,2375339
1336199859,3,960009
1336200230,14,3865534
1336200392,37,29723308
1336200744,18,1021675
1336201620,23,8548006
1336201747,10,490013
1336202820,11,3192028
1336205346,10,3726739
1336205765,10,1363610
1336205875,11,1284282
1336206076,31,3504463
1336207787,13,3292904
1336208084,5,1666134
1336208981,35,17682309
1336209033,17,3449003
1336209110,13,3602423
1336209275,5,782440
1336209657,13,4531704
1336209889,20,15838429
1336210012,10,2116306
1336211677,14,3530417
1336212726,14,5838437
1336213195,75,7934418
1336213321,13,3882025
1336213543,12,3538384
1336213963,20,1367266
1336213965,14,9027669
1336214009,5,265480
1336215049,10,535701
1336216760,12,1249482
1336216840,9,3099150
1336216916,35,4820064
1336217072,18,6679877
1336217251,11,307294
1336217871,6,345553
1336218871,9,1616447
1336219825,16,9458008
1336219897,14,627944
1336219952,12,9093957
1336220983,6,863976
1336221885,23,978384
1336222565,272,16080372
1336223031,43,3954496
1336226250,30,4613532
1336228126,19,2069092
1336228148,11,2437996
1336228874,7,761366
1336229082,18,1052276
1336229964,33,2081802
1336230303,11,1870764
1336230665,9,3822949
1336232578,36,3190024
1336236449,12,1819092
1336240046,9,3121907
1336240814,202,14668528
1336240896,35,1908812
1336243223,5,1284861
1336248236,18,975272
1336249683,47,22352495
1336250250,5,1638069
1336250695,13,1828854
1336251357,4,2459841
1336252822,27,6531980
1336253047,8,2025500
1336253735,14,449488
1336253740,6,648943
1336254209,15,7451158
1336254995,39,1648609
1336255199,14,3130417
1336255238,12,678326
1336255826,21,2897648
1336256786,10,3450537
1336257139,18,1213487
1336257330,21,1095386
1336257476,4,1434215
1336257482,37,27720239
1336258756,15,4411532
1336258797,30,21682004
1336259665,3,830872
1336260047,5,299503
1336261019,13,2270069
1336261080,4,698148
1336261323,11,432518
1336261583,9,2954069
1336262398,5,597150
1336262532,16,961903
1336264379,9,752478
1336264395,15,536338
1336265747,10,825116
1336266321,17,1845123
1336266569,27,3747828
1336267302,7,320620
1336267607,7,2886470
1336275625,26,1474511
1336277004,11,2398368
1336277244,26,3926284
1336281411,14,950370
1336283783,24,1275318
1336286905,14,467112
1336286996,7,869377
1336288078,17,1759303
1336288890,14,891063
1336290297,28,491186
1336297367,11,1198247
1336297615,7,814672
1336326839,26,3953725
1336327534,12,1673778
1336330596,9,1177243
1336345461,12,598647
1336349974,13,1129399
1336358673,15,1301923
1336360513,13,2756311
1336360538,17,3986886
1336360651,22,1257621
1336362114,5,286132
1336362247,15,1904244
1336365369,17,676467
1336367397,12,1845703
1336368795,30,2256368
1336370740,9,361562
1336370915,10,2278627
1336371101,12,2237069
1336371744,39,3870671
1336373203,4,124043
1336375272,13,892889
1336379801,17,1410444
1336381589,7,294410
1336381783,55,5449581
1336382080,3,433487
1336382347,4,241960
1336382408,7,295597
1336382544,8,296256
1336384019,21,1760443
1336386432,70,3383747
1336387733,8,903253
1336389898,20,4110827
1336390726,9,589052
1336392226,10,305718
1336393512,16,476657
1336394648,25,1449413
1336397771,7,1405069
1336400568,20,6075042
1336400967,40,12584877
1336402445,6,471705
1336404469,16,4328277
1336404769,28,10555442
1336405110,20,5878997
1336405375,28,3704532
1336407412,10,2133819
1336407442,19,2302152
1336408748,15,953380
1336408800,14,5480102
1336410876,9,465840
1336411063,18,6408267
1336412386,11,632700
1336413600,9,4241297
1336414944,28,10236896
1336414968,19,7259420
1336416470,4,1099072
1336422341,10,4891196
1336422506,92,53691162
1336422864,18,1877146
1336428556,65,3243675
1336430953,21,1989819
1336432474,25,1257934
1336438291,13,364614
1336441737,11,3346197
1336443883,36,9305729
1336446236,49,13924807
1336446691,12,2862436
1336447677,9,1127141
1336448236,30,7949164
1336449779,31,5920122
1336450541,28,8934332
1336452794,5,1103085
1336454119,61,6376170
1336456013,297,14693368
1336456813,8,3631737
1336457455,17,2815209
1336458491,3,571803
1336461739,13,8083375
1336461783,147,19179232
1336462171,13,236723
1336465316,17,1126637
1336472940,4,92130
1336478303,12,1728818
1336478721,22,4031833
1336481163,14,936092
1336483157,5,942775
1336484139,30,2062536
1336484377,78,20324071
1336485658,17,1261126
1336489488,92,7637648
1336489495,12,879375
1336489660,3,295966
1336491759,17,4801553
1336494744,16,2288096
1336497213,23,8967937
1336498405,5,2044900
1336500052,16,5373396
1336500445,53,29013336
1336501062,21,15152990
1336501087,9,2701351
1336501175,12,560954
1336502224,15,1060431
1336502797,20,531335
1336502908,12,473553
1336504375,17,15225914
1336505321,16,4819904
1336505697,108,46819459
1336506582,27,17467146
1336506765,26,1097781
1336506800,17,4196770
1336507229,15,6004194
1336509914,27,12999686
1336510910,117,11371769
1336511963,18,1572695
1336513508,28,1738702
1336514955,3,1193010
1336515239,23,3670026
1336515802,5,355661
1336516214,10,139047
1336516455,32,1055023
1336517879,72,3190436
1336518246,79,4797495
1336520425,6,442806
1336520427,24,9005762
1336520900,30,2780768
1336521323,51,2342095
1336521619,18,1164043
1336522333,3,174322
1336523311,8,1087741
1336524856,9,324066
1336528049,15,942721
1336529597,11,1042312
1336529772,42,2270562
1336530272,5,592568
1336531557,27,7550331
1336531879,32,7513046
1336533576,161,81910772
1336534410,24,1002059
1336534721,450,212085031
1336535734,16,4658747
1336537550,21,4844205
1336537704,28,1403334
1336538960,52,20114239
1336540619,10,369273
1336540784,12,556022
1336542152,3,1261846
1336543353,120,3432798
1336544533,18,977839
1336544891,4,401586
1336546658,20,8110077
1336546972,9,831450
1336547059,13,3835997
1336549098,8,485734
1336549625,9,5067511
1336550208,31,10571233
1336550443,15,5814533
1336550853,21,844999
1336551878,10,6631588
1336552315,17,1228395
1336552351,31,23695373
1336553413,12,2404392
1336554288,14,7150908
1336554792,5,2157899
1336555524,13,705120
1336555724,9,2959818
1336556718,11,5781640
1336558263,19,5621278
1336558585,50,2904413
1336559087,30,10834738
1336559673,8,3407704
1336559841,43,1078404
1336560010,38,2805351
1336560420,3,197121
1336560805,10,3454638
1336560826,21,13898571
1336560922,26,17592644
1336561100,18,1690712
1336562704,16,3867641
1336562755,37,11700103
1336563928,15,3760666
1336564359,20,632152
1336564988,10,502009
1336566380,25,8777613
1336567751,17,13692290
1336569807,20,921324
1336572833,66,3505285
1336574909,10,1269688
1336576499,43,20822224
1336577191,27,4190279
1336580632,6,618982
1336582308,8,744976
1336584078,23,3316650
1336584608,19,1569866
1336584649,12,2376818
1336584692,6,881633
1336585655,6,1144424
1336585712,13,1426365
1336586049,52,2833426
1336589137,9,397188
1336590094,5,526233
1336591446,8,994630
1336593033,16,2686872
1336594126,9,2427322
1336594338,9,1405430
1336596021,20,3621679
1336597113,5,320189
1336597719,15,1201530
1336598401,27,5585188
1336599245,5,155420
1336599254,31,2327528
1336599358,34,23394258
1336600386,13,2432538
1336600635,152,22838438
1336600689,29,5837829
1336600998,6,169770
1336602884,34,2581507
1336604005,39,3702407
1336604152,397,14392994
1336604334,42,23450727
1336605265,17,5250660
1336607174,32,11724503
1336607228,17,8901537
1336609340,24,16718092
1336610649,18,1705569
1336611198,19,8929867
1336611750,11,1379342
1336612198,31,15691589
1336613152,18,2870230
1336613339,14,783920
1336613666,26,9292895
1336613892,42,18069699
1336615137,4,1197430
1336615594,12,2963539
1336615944,5,2173512
1336616381,94,6497373
1336617009,64,31484646
1336617296,20,4282648
1336617594,8,434909
1336617720,3,2071599
1336618169,16,931390
1336618483,11,4467374
1336618926,19,2899835
1336618973,22,3137694
1336619704,9,1884165
1336619984,3,2128752
1336620214,12,8169932
1336620445,10,3554634
1336621162,11,546798
1336621379,13,6816873
1336622057,17,5314408
1336622681,24,4707424
1336623084,16,5644309
1336623112,35,10197391
1336623391,8,2293803
1336623472,143,77120379
1336623786,23,1979110
1336623958,13,750536
1336624507,28,6791737
1336626104,90,4863407
1336626730,18,1005285
1336626935,11,1057381
1336627384,13,5911700
1336629882,17,1865225
1336630106,26,2152787
1336630498,23,2417034
1336632142,14,3826650
1336633299,8,1790230
1336634098,6,327435
1336634191,11,928337
1336634407,3,330192
1336635861,19,4165514
1336636518,16,4652385
1336637133,25,11969121
1336639816,15,1905135
1336640214,14,1697651
1336640551,37,5807773
1336641072,34,15381695
1336641653,17,3708353
1336642807,3,353434
1336642827,18,1993856
1336646509,10,689644
1336646549,19,5158047
1336647116,11,575880
1336647371,30,759650
1336651587,28,6136215
1336652106,30,7972419
1336652638,3,894093
1336654342,22,5650865
1336654477,19,2435399
1336656501,6,81547
1336657252,17,1461924
1336658419,21,3913037
1336660260,25,2921397
1336660523,27,3730353
1336661777,21,3903792
1336663476,24,1596756
1336664583,16,4726307
1336666556,24,9302806
1336666638,12,507024
1336667435,15,1353660
1336667808,10,3081369
1336669327,23,5982166
1336669995,30,1709470
1336670386,22,5311753
1336670469,12,2611687
1336670727,15,5088703
1336673141,12,6439706
1336673939,12,7790933
1336676288,33,1097271
1336676840,25,1512080
1336677309,20,7701849
1336677473,19,1525516
1336681914,24,2742314
1336682304,33,2351880
1336683927,12,4291939
1336684766,20,670936
1336685360,15,1372367
1336685848,10,5155512
1336688078,14,1026176
1336688534,21,13639653
1336689926,12,3658650
1336696089,18,1417407
1336716224,37,9052816
1336747077,10,4717326
1336748407,13,5302285
1336758444,15,1248406
1336765832,17,1055104
1336768233,18,1456170
1336771269,17,1073368
1336771682,3,255011
1336773324,11,696887
1336778754,20,821050
1336781422,34,1461218
1336785697,6,561822
1336787731,92,5298661
1336790697,10,2685399
1336790795,11,4593532
1336793838,151,16482731
1336799388,17,4235412
1336801567,12,3651483
1336804473,46,3076903
1336808570,14,433286
1336810557,20,2153844
1336814481,76,41885378
1336814520,41,3455920
1336814671,64,7996685
1336817650,33,12646881
1336818012,28,1314874
1336818426,15,4844729
1336820042,29,10321850
1336822000,12,3275816
1336822730,16,4842897
1336824176,7,709313
1336824458,19,7724811
1336827630,6,1433833
1336828486,14,5470860
1336828559,8,1698682
1336830594,9,1154871
1336831101,14,1032702
1336831287,5,2947273
1336831531,10,3425857
1336832151,25,6676106
1336832855,12,635914
1336832974,10,1710600
1336834523,18,9230224
1336834636,3,2230132
1336837800,104,11204261
1336837929,8,1567482
1336840728,99,1243911
1336844424,85,6226770
1336845769,15,735398
1336847022,8,844662
1336847219,43,2297646
1336849125,10,1108461
1336849476,48,2600815
1336853627,14,610975
1336853902,50,2719676
1336854235,13,1018881
1336861225,31,1988713
1336861867,36,8746111
1336864905,10,1249716
1336867417,21,1236520
1336868222,9,1324659
1336868367,4,5648912
1336869891,10,2850576
1336871476,35,9283159
1336871604,63,19326673
1336871680,35,17237996
1336876598,38,4804241
1336877794,12,1143932
1336880420,85,2576284
1336880886,12,4144770
1336881085,9,333942
1336884895,9,459060
1336884931,4,951110
1336886043,27,2238462
1336887027,15,3440986
1336887489,21,2575638
1336888187,20,710593
1336889479,100,2825923
1336891972,25,1072786
1336892347,19,8016
1336895576,32,1028802
1336897487,5,9499
1336897821,53,26825299
1336898651,5,870279
1336900673,10,417202
1336900852,25,679761
1336900995,17,1145232
1336903276,11,4921238
1336905089,33,1280855
1336908197,28,12810309
1336908773,7,3440596
1336909539,58,1975508
1336909934,10,1525410
1336910138,32,13033005
1336910281,26,17722387
1336913683,33,3334859
1336915528,23,243753
1336915761,19,4845937
1336916876,11,1252319
1336917727,11,3469453
1336918535,7,2082131
1336919440,111,3311627
1336921548,14,916601
1336921608,9,3726926
1336923523,34,14918099
1336923551,31,2205515
1336927667,12,1539621
1336928353,34,3500222
1336928639,10,1129967
1336928963,15,2313157
1336931396,17,1021514
1336932337,23,499747
1336933402,19,1710754
1336933866,26,4980624
1336936909,14,1363166
1336937728,14,2310458
1336939326,12,652478
1336940974,13,540275
1336943235,20,3769036
1336943632,30,7146323
1336944769,21,781944
1336945379,9,511885
1336945515,15,581776
1336946790,51,3870047
1336950162,3,105003
1336950728,44,23953848
1336951837,57,31551494
1336952587,20,7759175
1336952809,9,835747
1336953455,164,79616135
1336955403,49,2888162
1336957027,56,19627643
1336957351,10,574826
1336958022,6,2163543
1336959391,21,8035593
1336959507,12,1245409
1336960867,25,1255017
1336961217,13,11578370
1336961272,29,442875
1336962001,14,2059572
1336962023,3,201823
1336963029,19,1845229
1336963810,3,2600869
1336964660,9,2463410
1336964865,7,3219083
1336965451,17,8589675
1336965536,62,4524181
1336965595,47,2499326
1336966249,35,7015725
1336966593,20,2125813
1336966879,22,2804927
1336969052,12,485630
1336969211,31,1677337
1336969237,12,1855525
1336969758,8,3145025
1336969809,39,24805085
1336970150,9,7013221
1336971252,4,1109507
1336972322,9,2358526
1336973134,77,32629989
1336973418,6,17273450
1336973466,17,4987054
1336973907,75,42111704
1336974217,24,2788893
1336974641,30,8677900
1336975406,6,169114
1336976512,20,5515980
1336976969,57,3263347
1336977179,10,974699
1336977288,10,3828421
1336977538,112,7640021
1336978830,7,1683607
1336978946,3,38321
1336982126,21,1951202
1336982309,82,16468053
1336986112,16,643267
1336986704,15,2722114
1336986709,10,7274499
1336988703,150,5675133
1336989942,86,2590966
1336993689,70,12967433
1336995521,34,2765052
1336996905,24,4363751
1336997933,13,972606
1337001291,11,568528
1337003217,130,83441389
1337005376,70,3544864
1337005465,10,710420
1337006960,35,4218415
1337008379,45,2056238
1337010076,3,1214824
1337011102,16,809486
1337011108,17,758035
1337012278,112,48533200
1337012370,3,922076
1337013505,26,14652489
1337013817,14,1574073
1337014233,25,2573238
1337014660,26,6256089
1337015369,14,1232513
1337017061,13,1564130
1337021053,39,13954380
1337021209,86,38415632
1337022081,80,6584905
1337022346,4,1550811
1337022747,3,156682
1337023686,27,6528913
1337023948,10,1334071
1337024113,41,17241208
1337024179,53,28014198
1337024993,9,2214201
1337025058,3,424184
1337025977,13,2006496
1337026463,12,814213
1337027376,14,3759020
1337027539,11,3556648
1337029367,27,4254052
1337029624,12,3981222
1337029705,6,295677
1337029707,12,5267297
1337030487,19,4074179
1337031216,40,24346336
1337031693,6,879243
1337031711,12,4702536
1337031933,32,2719933
1337032360,33,25234825
1337032434,29,16184058
1337034196,19,4890188
1337034596,10,3229870
1337036196,14,2997462
1337037285,18,9308312
1337037877,20,3257498
1337038428,21,635743
1337039772,11,1038755
1337039973,14,1501622
1337041507,44,6421845
1337043739,12,4839197
1337044020,36,15111680
1337044484,35,1080863
1337044973,44,2296340
1337046021,4,1385278
1337047239,23,6598907
1337048390,13,800620
1337048927,15,4599152
1337050681,14,5461081
1337055349,16,1690408
1337056489,4,275735
1337057024,10,692358
1337058557,14,629599
1337058821,7,1048114
1337059021,12,1440222
1337059345,23,4236225
1337062181,19,2290177
1337062923,13,5822994
1337064631,19,5364371
1337064660,8,1012936
1337065311,16,872003
1337065783,12,2779691
1337066076,8,618731
1337066260,21,8381421
1337066263,12,2299345
1337067217,8,70541
1337071265,25,2731047
1337072551,30,7654571
1337073254,15,1549097
1337073386,13,600345
1337074247,45,531021
1337074502,36,28665575
1337076446,23,1950834
1337078088,19,702401
1337078241,12,9004584
1337079118,15,895925
1337080184,13,4009497
1337080737,9,6227567
1337081565,52,36520607
1337082867,14,1011521
1337082897,7,4408253
1337083533,5,1789940
1337085322,11,7958837
1337085425,13,1825303
1337085860,17,2398540
1337086375,47,20643615
1337087917,12,4198193
1337088585,17,9382546
1337090274,82,10068457
1337091831,9,6257770
1337093190,20,2232209
1337093788,11,6426834
1337097442,11,867356
1337101242,15,2348458
1337101392,3,196158
1337109251,16,116731
1337119071,3,185881
1337124148,12,2029340
1337152481,9,549470
1337156812,34,14690070
1337170393,15,700838
1337171458,24,2160310
1337174886,11,437667
1337176539,22,1768707
1337179735,16,733444
1337187267,19,1007610
1337198073,6,386809
1337199742,26,2471340
1337203665,4,393020
1337211132,3,247997
1337215580,9,381945
1337220387,26,4770206
1337220731,15,6885912
1337221785,14,533487
1337224539,14,4794369
1337225275,18,7058379
1337226562,11,1715725
1337228525,7,2049304
1337228564,42,10703874
1337228571,8,2000632
1337230517,18,6301470
1337231134,21,1371485
1337236004,13,3818607
1337236117,20,2437924
1337238167,9,3055292
1337239050,7,292702
1337239905,18,1295457
1337240535,18,2042593
1337240604,15,1386157
1337243312,59,4329642
1337253381,3,646935
1337256321,3,1389740
1337256646,31,496429
1337258787,4,661480
1337260810,77,25220974
1337261814,88,54950585
1337261863,7,790254
1337263227,9,2295318
1337266333,100,31480017
1337267274,14,5610081
1337268280,69,4550530
1337270358,12,660546
1337270635,10,4090678
1337271773,20,7981105
1337274098,8,2904631
1337274413,64,27650728
1337279096,8,506202
1337279183,32,1324782
1337280465,123,8330691
1337287287,59,2910715
1337296986,14,4557968
1337302117,12,3060894
1337302650,11,472924
1337306544,24,989872
1337307296,13,586238
1337308610,23,14901348
1337309030,10,423451
1337309570,42,1031854
1337311899,8,520424
1337312274,26,12243827
1337313081,22,4508841
1337314195,14,423794
1337316416,16,7430222
1337316496,6,4545376
1337317381,4,96408
1337317704,15,1397810
1337319095,43,17420131
1337322208,30,1393761
1337322681,19,2603967
1337323029,36,20637399
1337323769,23,620661
1337324918,24,689873
1337327580,3,247186
1337328265,11,551096
1337329943,14,3446184
1337331141,10,455738
1337332645,17,564156
1337335238,68,6480923
1337336690,5,423036
1337337517,16,1089069
1337339726,48,624197
1337340692,21,665145
1337342949,8,3136275
1337343779,11,4807331
1337345964,73,6468531
1337346576,55,2891710
1337347403,11,1253480
1337347864,49,17567263
1337349435,53,430006
1337351421,6,468085
1337351627,11,960163
1337352608,203,110428196
1337352749,45,3164129
1337353876,26,981770
1337354514,26,6390325
1337355246,6,1253201
1337356327,14,1004978
1337357441,11,1137426
1337357768,12,12643017
1337358533,20,8549555
1337360813,104,4143252
1337361438,23,16524494
1337362681,51,15160217
1337362744,31,2983033
1337362789,38,3821287
1337362866,24,1482950
1337363157,16,1526021
1337363697,34,10524048
1337364191,11,561470
1337364480,10,1983417
1337364792,5,4359365
1337366506,19,12055754
1337367008,9,1449623
1337367055,23,1453247
1337367083,13,4046896
1337367204,9,918779
1337367935,142,13419059
1337368757,21,6937810
1337369725,35,650692
1337370203,16,2819037
1337370313,19,5822025
1337370808,26,7423994
1337371313,10,508757
1337372856,17,4655224
1337374120,7,2948230
1337375036,14,7517008
1337375683,24,1912038
1337376535,104,12723984
1337377015,44,4294181
1337377036,5,576926
1337377301,8,1138254
1337377492,24,2424653
1337377747,18,631050
1337381259,67,2896624
1337381739,9,312792
1337382280,14,723754
1337382518,7,849207
1337382529,15,3918655
1337384572,38,1019322
1337387880,26,5206774
1337392044,8,2906288
1337393189,53,17224492
1337393722,10,485759
1337394144,81,2072208
1337394623,18,2245537
1337395667,16,3086574
1337396021,13,385620
1337396651,52,1134988
1337397482,15,1975718
1337400428,10,1248917
1337400762,22,3834188
1337400841,10,3599311
1337401549,16,3853578
1337402271,7,559295
1337403797,10,591363
1337403908,13,1906712
1337403919,28,3519671
1337404084,17,3936768
1337404118,22,5320949
1337404332,10,3456970
1337404398,8,466969
1337405813,6,1395185
1337406187,9,749483
1337406433,34,12959775
1337406737,14,3173129
1337407356,6,1215483
1337407434,5,2394601
1337407844,63,3855938
1337408386,15,2666370
1337408606,15,4676208
1337409403,42,13687072
1337409631,18,4429282
1337410150,86,41588051
1337410159,7,1270355
1337410183,19,580325
1337412181,17,1622620
1337413441,6,2873502
1337413833,94,7762168
1337413885,24,16745800
1337414478,62,23128081
1337414924,8,1682146
1337414958,11,689758
1337415140,12,1006120
1337416740,9,1559163
1337417004,12,1491227
1337417346,28,3471677
1337417488,9,786686
1337417580,5,1262355
1337418418,28,15314532
1337418635,8,2129468
1337419423,5,299853
1337420118,12,5533377
1337420250,31,3177875
1337420717,9,1256004
1337421015,3,724321
1337421103,40,2862996
1337421262,16,416941
1337421375,17,8757129
1337422737,22,6948514
1337423422,3,973058
1337423427,29,4991349
1337423662,4,1633054
1337424462,13,5107803
1337425207,4,2632080
1337425646,11,5560274
1337425755,9,340215
1337426179,34,695697
1337426442,15,2876432
1337426718,11,848871
1337427344,29,1136027
1337427689,10,2515120
1337428775,5,742853
1337429149,16,9882883
1337430200,18,6509564
1337430424,28,15705258
1337431672,13,216509
1337432115,56,29316360
1337432158,13,4536369
1337433012,3,1964133
1337433199,13,849715
1337433833,18,2813994
1337434061,6,611416
1337434316,11,409429
1337434997,9,3396128
1337435573,18,2827302
1337435598,23,9074285
1337436552,86,11551902
1337438551,92,2173412
1337438931,25,2062044
1337440750,35,1269766
1337441558,12,2798942
1337443006,12,905402
1337444111,7,1031834
1337446064,12,4113654
1337446498,19,499606
1337446695,10,4370510
1337448875,52,4368342
1337449816,21,926278
1337449846,16,760286
1337454657,8,2309214
1337454945,46,4165309
1337455122,20,2600798
1337455735,45,5568321
1337455857,15,2492665
1337456453,9,671492
1337459394,27,10479530
1337459429,104,30973901
1337463849,9,4534346
1337464467,28,4462813
1337464719,17,5119248
1337465782,8,832512
1337467164,23,9482903
1337470381,13,1319360
1337471304,33,1362141
1337471414,21,10068518
1337471963,22,11195990
1337472893,11,1421565
1337473278,16,4336841
1337475156,11,3767622
1337475746,196,145152967
1337475780,21,6566355
1337476462,9,712854
1337477331,24,1419693
1337478621,15,3926650
1337478939,7,7021219
1337479297,10,2914896
1337481001,7,2634035
1337481139,19,3151857
1337481337,28,8113707
1337481655,31,12775631
1337482193,21,787692
1337482638,37,23383803
1337482663,26,7452383
1337485377,11,5083291
1337485385,12,1664884
1337485608,29,2817648
1337488428,23,1757397
1337488559,16,2344399
1337490572,11,646559
1337496949,8,418562
1337497459,23,2629322
1337506132,35,1856321
1337506265,20,975946
1337508317,35,3069775
1337508324,25,2827612
1337510366,29,3377965
1337510736,3,4793860
1337512423,97,7705814
1337512457,9,1193999
1337513632,28,3910854
1337518569,50,3149430
1337523055,17,1772455
1337525213,13,775951
1337527841,9,753286
1337549767,13,1500442
1337551693,6,2552299
1337556515,47,4174476
1337578645,12,673640
1337586298,9,524961
1337589573,18,1979055
1337590140,18,7728556
1337594305,4,338320
1337595148,12,1409823
1337595367,5,594531
1337599071,18,802949
1337602606,4,357939
1337602800,13,2899810
1337603041,7,2470136
1337603820,10,598992
1337604991,82,6385472
1337609577,33,6550583
1337610351,87,1201033
1337613976,11,608683
1337615792,14,816100
1337624335,7,462552
1337624628,153,32011112
1337624785,37,855132
1337625986,7,408297
1337631616,39,1084554
1337633958,26,1039829
1337635055,11,3862877
1337635465,22,7632535
1337638190,10,4600389
1337638612,6,137406
1337642409,9,3498255
1337643780,307,34748365
1337644338,5,720790
1337646031,15,6910327
1337646901,12,788230
1337647089,27,4176837
1337652536,6,299860
1337658485,14,1724137
1337664485,24,1770627
1337664557,27,831919
1337665760,19,532511
1337666758,15,1912767
1337669429,74,27349196
1337672507,13,583582
1337675894,16,8518095
1337675967,9,2720696
1337677706,26,1094408
1337678105,48,1495420
1337680433,13,3683568
1337684739,9,340576
1337686375,18,562250
1337689081,17,324950
1337691629,13,2014784
1337692855,124,4006494
1337693684,17,6974572
1337698124,24,1308871
1337698611,12,366764
1337699078,56,14461812
1337700924,88,28420637
1337701547,18,4905362
1337704109,24,1142268
1337709650,24,8745985
1337711681,4,999858
1337712857,10,3550773
1337713933,47,22266098
1337714522,11,2561534
1337716063,15,3976473
1337716523,12,3220490
1337717995,6,278841
1337718844,36,18778961
1337720647,27,12897523
1337722937,6,2753867
1337724049,50,27460877
1337724907,11,6747687
1337726932,15,813401
1337729426,19,3862273
1337731510,40,5040536
1337731890,12,3347066
1337733583,5,414341
1337736106,67,11596984
1337736746,7,345431
1337736781,16,896861
1337739083,20,811265
1337740573,9,540996
1337741961,83,15166393
1337742334,13,1106674
1337742565,8,478360
1337743062,4,276217
1337744015,14,2936067
1337745343,107,4995687
1337745981,18,1600829
1337746613,3,104049
1337747624,18,5287553
1337749206,10,1531248
1337750280,17,816687
1337751412,46,4957430
1337752074,12,595596
1337753025,16,1302194
1337753922,8,2138590
1337756669,57,31909151
1337756851,157,61466139
1337759107,28,1438600
1337760322,7,360894
1337762112,37,3750421
1337764006,14,2491081
1337764910,38,13069844
1337767393,11,3513488
1337767906,15,759730
1337769046,28,3054714
1337769365,53,1933838
1337769554,10,2619824
1337769925,11,2279983
1337770366,9,2559769
1337770803,19,15647928
1337771460,35,12574298
1337771628,15,932695
1337773192,19,5680583
1337773506,7,2667378
1337773642,25,1299857
1337774157,5,1493683
1337774494,9,1561598
1337774837,13,1813975
1337775516,7,1422321
1337775610,14,807152
1337775740,13,4716130
1337777461,18,2658925
1337778217,6,388312
1337778473,11,1819002
1337779087,5,2203763
1337779200,69,25366049
1337780131,14,848068
1337780505,14,907830
1337782971,6,228653
1337783932,6,2408095
1337784767,16,738556
1337784904,98,90624903
1337787166,12,454189
1337787898,28,2346406
1337794380,19,1065225
1337794460,21,518480
1337796645,129,76868991
1337797370,5,1923565
1337797983,12,1212042
1337798720,41,35586549
1337799918,53,2614853
1337802713,17,931318
1337803175,45,4373078
1337803359,7,1627780
1337803769,23,784338
1337804258,17,1280636
1337804761,13,5378921
1337804902,13,1068775
1337806573,17,1606318
1337806829,105,44378319
1337808768,12,2308453
1337809061,26,3097869
1337809201,13,1777241
1337811305,27,2454495
1337811406,39,6917409
1337811626,7,651658
1337811642,10,545325
1337813073,17,4373807
1337814404,15,4585356
1337814444,10,2364472
1337814855,17,2339520
1337815413,14,4464766
1337816706,36,27857163
1337817418,10,500052
1337817786,20,940140
1337818149,12,2178910
1337819417,38,5048769
1337819790,30,6694419
1337819978,12,6308852
1337820616,12,2838873
1337821346,5,452118
1337821707,12,3595540
1337821835,58,15168560
1337821845,23,3577756
1337821965,23,1097408
1337822152,22,7066039
1337822974,30,15617785
1337823805,6,2208558
1337824744,17,7455097
1337824807,11,1986016
1337825364,10,3001734
1337825557,6,392132
1337825566,5,1430430
1337825621,96,10563605
1337825628,109,51817660
1337826722,14,3505698
1337826730,19,9830573
1337827329,25,6302022
1337829676,30,15614376
1337829963,7,1178147
1337830254,33,11762609
1337830471,11,11164206
1337830885,7,2566990
1337831019,16,3553110
1337832171,15,7265079
1337832827,4,1968492
1337832981,23,2730325
1337833043,18,7035149
1337833521,16,4062883
1337834054,14,737055
1337834109,22,8484107
1337834211,168,14797398
1337834233,38,13162125
1337837160,13,2618297
1337838746,8,2926212
1337839448,17,9597817
1337840059,12,6073957
1337840719,12,2474275
1337842195,20,4000468
1337843072,19,7390267
1337844052,40,3380308
1337844657,25,4891493
1337845465,8,3559328
1337845620,11,566400
1337846355,34,30878070
1337849620,32,2171131
1337851489,18,2791462
1337851866,17,2680777
1337853741,17,936082
1337855234,15,640382
1337855759,17,1581629
1337856406,5,343761
1337856945,37,1515991
1337857369,16,751771
1337858421,14,5196215
1337859411,18,844833
1337859483,51,8530791
1337860161,28,3029817
1337860175,5,491589
1337861297,14,795785
1337862212,32,11030215
1337863458,40,2744817
1337865005,11,520416
1337865373,27,1381588
1337867934,18,1478681
1337868225,17,2682314
1337869950,10,1449814
1337870510,23,2384293
1337870515,14,801217
1337870725,9,1669979
1337871871,11,2768441
1337872020,52,3863787
1337872749,9,574825
1337874525,3,511852
1337874727,12,350112
1337874979,7,444646
1337875438,6,2572228
1337875555,14,3847346
1337877224,14,1840347
1337877478,3,729231
1337877606,20,6568725
1337878725,14,4138376
1337879065,12,3909143
1337879135,21,3252068
1337879274,5,1430441
1337880334,6,139198
1337881367,17,2945543
1337881905,4,4300687
1337882731,11,5819452
1337883551,30,9370188
1337883799,29,26067414
1337883839,20,6434810
1337885595,16,8296165
1337886341,24,2630414
1337888572,20,2753496
1337889359,18,3238842
1337890392,17,722460
1337890730,9,522342
1337891135,12,2077635
1337891266,14,943924
1337892727,14,872918
1337894680,11,962652
1337904251,15,1038453
1337906228,15,997875
1337908048,26,3344489
1337908110,27,4332157
1337909623,9,2163908
1337913944,25,4669335
1337921822,12,2553808
1337930537,16,1230560
1337946674,16,2200917
1337955111,27,2480946
1337956122,29,15706167
1337957517,16,7742203
1337963187,21,2212485
1337966956,18,1115616
1337976485,15,793756
1337983538,15,861947
1337986171,25,1178038
1337989915,12,583584
1337992176,9,684134
1337992406,8,573168
1338000835,4,474
1338001912,35,10980806
1338002136,6,724596
1338005356,55,6632875
1338012838,27,1391319
1338014997,32,2632631
1338016882,32,4757622
1338022178,77,991027
1338022261,17,838710
1338027126,35,1877176
1338027567,13,476697
1338027740,47,2794283
1338030575,32,1531594
1338031934,21,2020842
1338033533,16,6890619
1338033567,12,2289523
1338036883,11,3470415
1338037547,48,22169560
1338039089,54,4607772
1338041262,6,2504808
1338043247,35,14831965
1338047672,7,319530
1338051250,31,2565194
1338051355,57,5069192
1338051488,11,1149755
1338051684,10,10368486
1338054987,58,3205149
1338061030,14,1173597
1338061672,31,2959518
1338064433,12,648697
1338064813,36,2285743
1338064874,3,201493
1338066702,14,7527485
1338071225,12,4011258
1338071506,31,2745760
1338073305,23,1264009
1338075215,10,404198
1338076260,15,5562557
1338078410,7,2054049
1338078617,11,4137879
1338083199,13,1501527
1338083551,27,665108
1338085178,17,1046741
1338085305,4,1291704
1338086858,10,686599
1338087562,4,615364
1338088590,188,25598028
1338088666,48,4593579
1338090218,11,3443595
1338091985,13,388294
1338092877,21,1676562
1338094779,25,554902
1338095304,55,4643226
1338097744,15,887302
1338098975,12,2938956
1338099441,44,3188964
1338099587,21,842058
1338099966,5,358922
1338105344,54,5425936
1338107303,39,971795
1338108555,6,316841
1338115200,13,487122
1338116466,20,9015755
1338120803,7,2362841
1338121843,37,16943353
1338121920,7,1459578
1338122325,5,963802
1338123092,26,13121511
1338124010,12,2519134
1338124145,11,5140065
1338125220,11,1079985
1338126992,3,639869
1338128219,18,1975000
1338128498,15,5713741
1338128972,24,5995189
1338131650,40,16123482
1338134440,33,1142474
1338134816,12,1955082
1338135194,88,8435980
1338138215,6,591944
1338138828,19,1746207
1338139070,16,547800
1338143053,18,2575390
1338146016,8,3657464
1338146451,11,324981
1338147517,17,2994128
1338148195,29,2321165
1338148557,13,3167824
1338150157,8,1134436
1338152471,16,1456297
1338152775,62,23502346
1338156199,21,1586349
1338157076,16,3694568
1338157639,12,714896
1338159257,9,1268707
1338159873,15,4156326
1338161144,14,1755019
1338163849,13,760029
1338163914,45,5090645
1338167948,13,5453658
1338167963,9,2103613
1338168319,30,674834
1338168471,13,2885744
1338169386,16,1286849
1338169746,27,1338242
1338172534,14,1766116
1338172974,14,4349584
1338174378,42,28108506
1338174575,3,33409
1338174655,30,9828802
1338174954,21,11167092
1338176297,3,3610943
1338176732,10,4637024
1338177396,20,2645610
1338177477,5,702941
1338177673,6,954050
1338177776,13,5210794
1338178185,23,1125326
1338178370,4,161460
1338178832,9,1163706
1338180018,12,6788747
1338180140,4,259197
1338180169,37,13749745
1338180195,67,2324518
1338181400,18,947560
1338181515,8,1412641
1338181790,11,3270006
1338182857,9,1602206
1338183280,27,10597443
1338183300,45,4082163
1338183904,16,1083385
1338186009,12,466002
1338186245,8,4646116
1338186381,248,31282012
1338186682,4,1203538
1338188741,13,1397121
1338188885,14,1136341
1338189156,17,8360701
1338189373,19,1384345
1338189710,20,6385093
1338191162,10,1882309
1338191598,23,3125610
1338192420,16,2534900
1338192463,29,756530
1338196699,28,515965
1338198114,16,2790321
1338198615,34,3503911
1338200082,30,3799011
1338201446,16,950821
1338202371,19,251722
1338207310,14,1246782
1338207437,22,9659589
1338209488,32,2183472
1338211623,92,41284692
1338212589,25,8739498
1338214696,50,19903080
1338214865,7,747667
1338214978,45,4575350
1338215897,22,3003395
1338215962,17,15079435
1338216290,152,65193525
1338216562,18,726084
1338217790,3,1220804
1338219467,26,8771575
1338221869,18,6861395
1338222003,9,660059
1338222925,20,605589
1338222935,16,1254094
1338223142,3,974720
1338224005,25,9820150
1338225628,242,21594404
1338226156,17,8199653
1338226261,26,3197220
1338226630,15,1379219
1338227400,16,5313080
1338227442,31,1730259
1338228311,43,27978272
1338229872,7,828561
1338229913,17,9311743
1338230165,27,11857801
1338230267,16,1287351
1338230929,18,5217371
1338230990,17,6688548
1338230994,13,4333766
1338231211,9,1155263
1338231735,8,4103975
1338232290,35,2215074
1338232691,22,4403133
1338232819,3,179234
1338233101,37,14505656
1338233332,8,551277
1338235123,4,2665957
1338235331,15,939568
1338235553,28,2921340
1338235674,9,3531633
1338236045,6,1536840
1338236315,17,11628018
1338236448,9,411222
1338236649,14,4769652
1338236915,54,28693202
1338237488,12,5925754
1338237880,3,940035
1338239097,13,3315660
1338239283,11,9085452
1338239757,30,6497282
1338239973,9,7858595
1338240215,7,1679213
1338241195,8,4809350
1338241436,10,447570
1338241835,14,3157413
1338242868,175,14249798
1338243506,20,1289703
1338243793,23,919240
1338243897,31,4261404
1338244941,15,1620229
1338245646,40,10590340
1338245715,5,250921
1338245766,12,1901336
1338246152,13,3769507
1338249447,19,1911063
1338249765,5,230154
1338251050,8,577444
1338253179,29,12613740
1338253577,49,1784791
1338255963,13,3642558
1338257444,11,2624394
1338258246,50,6502035
1338259844,11,1265236
1338262431,30,1430657
1338264565,18,2137830
1338264754,19,2951922
1338264908,11,1179480
1338266579,41,5400059
1338267305,37,8972337
1338268194,41,6233716
1338269799,37,16226139
1338270108,25,6168403
1338273135,10,586376
1338273389,48,1338896
1338274658,42,5532210
1338276274,44,20427344
1338278940,12,611569
1338279442,75,996113
1338282072,17,7940088
1338282175,55,2157037
1338282584,22,2018335
1338284146,20,2090316
1338285149,12,10442332
1338286412,20,1454003
1338287068,10,8695486
1338289063,10,2892639
1338289268,18,5249294
1338289466,9,4409970
1338289512,14,1323005
1338290224,7,6178963
1338290368,50,18222216
1338293123,8,652085
1338294887,18,2123593
1338295093,17,5195512
1338295234,21,6370427
1338297373,21,10866029
1338298131,12,1553475
1338298459,22,595115
1338299303,90,6561537
1338300756,11,1353695
1338303769,16,997302
1338304228,28,3001518
1338305941,9,634766
1338308385,13,2822861
1338309758,10,747420
1338311817,13,1210416
1338312366,14,615574
1338318299,5,476433
1338319021,15,1600781
1338320262,10,467726
1338321501,17,3025718
1338322364,11,1542607
1338324446,11,819769
1338324582,13,3162282
1338327810,5,569161
1338328335,14,851903
1338330538,13,1453708
1338333547,21,2481667
1338334886,21,3431759
1338335534,12,2346983
1338338845,4,149236
1338339691,23,1883403
1338339994,25,1955063
1338341448,6,571810
1338342958,26,1972269
1338343288,9,350624
1338348282,14,924639
1338354458,18,4263701
1338360739,42,15851163
1338377580,26,8436098
1338381824,12,4261423
1338382955,10,933223
1338397436,10,214649
1338408414,6,368668
1338408563,12,467977
1338429240,44,2983980
1338431654,12,964071
1338440520,4,359776
1338444006,19,8986449
1338444449,11,4360021
1338444705,18,4169777
1338444731,12,511746
1338445936,27,1576255
1338447818,26,11601689
1338449362,17,5920770
1338449894,12,2961993
1338450549,22,11467229
1338451087,18,1405817
1338451250,6,320320
1338455726,203,20213772
1338455812,3,173419
1338465144,18,5272327
1338485158,3,363428
1338489178,6,2418744
1338492384,27,10959858
1338493533,4,1382753
1338495735,11,1878811
1338495961,7,2146198
1338497408,9,3434831
1338498743,7,2596151
1338499708,11,2944691
1338500928,11,1029332
1338507621,64,4641450
1338509619,17,1171125
1338525288,11,1561713
1338534135,14,1142535
1338535086,6,678618
1338536908,10,1504438
1338537394,25,528274
1338538443,11,4296269
1338539289,12,686698
1338540579,27,706098
1338540599,5,2166722
1338540688,6,934161
1338542914,14,634838
1338542970,32,2790469
1338543616,114,50869796
1338543863,7,2601706
1338544665,47,3834967
1338545712,25,10172804
1338547152,16,4129992
1338547267,9,1876494
1338548451,10,3047460
1338549423,23,4576590
1338549666,12,2923769
1338549724,9,1573554
1338551133,125,6300839
1338551679,11,3851343
1338556344,7,132030
1338559237,14,406163
1338561616,7,732775
1338564850,16,1488501
1338566235,33,710716
1338571433,22,2253609
1338577264,12,1328797
1338579121,9,16969
1338582980,18,887677
1338583841,20,1503911
1338584943,22,6097571
1338589562,21,6739685
1338591851,15,2828629
1338592684,13,3100102
1338592690,57,26749854
1338593968,5,221817
1338595513,20,12878224
1338595949,18,2365213
1338596474,115,52675668
1338597223,28,9250583
1338597734,149,62877820
1338598656,14,6145055
1338600311,28,14990660
1338602755,13,2355825
1338602767,15,6950428
1338602853,11,2877174
1338603914,13,7362700
1338604523,39,13145369
1338604770,91,31228446
1338604978,28,10617165
1338605197,27,11688334
1338605279,21,8966358
1338605610,69,36036708
1338607419,4,1932180
1338608183,13,4243531
1338610034,19,2772772
1338613253,6,705951
1338614611,93,2642755
1338618180,4,773761
1338621211,15,3375264
1338625018,66,3715617
1338626636,20,1657115
1338627606,42,3204208
1338628341,14,2246886
1338631608,12,1076961
