Battle ID,Kills,Fame
1350983581,27,1820299
1350993669,8,262378
1351000012,11,3048754
1351000477,7,319223
1351000533,175,187715112
1351000618,25,9616154
1351001823,13,6683458
1351003697,22,19040445
1351003893,11,754409
1351004381,10,2000967
1351004843,19,5656191
1351004994,31,15032886
1351005677,13,1777258
1351005777,70,42483140
1351006018,6,2462211
1351006069,42,1588653
1351006094,11,430451
1351006213,45,16977173
1351006280,13,4991690
1351006328,16,4965642
1351006445,16,6086631
1351006487,19,5255181
1351006609,6,1776917
1351006678,12,1633721
1351006757,5,1086983
1351006824,3,1324260
1351007042,9,23106033
1351007489,4,946725
1351007962,21,5018469
1351008649,19,2170015
1351008678,22,6925545
1351008977,127,61452024
1351009137,11,3263156
1351009725,53,30763206
1351009919,36,22305340
1351009939,39,2971034
1351009996,11,5686612
1351010009,5,1460776
1351010115,11,228605
1351010395,11,6236201
1351010605,25,7384294
1351010789,3,4139480
1351010949,15,2724089
1351010975,22,8989938
1351011039,23,1716648
1351011060,6,924378
1351011496,7,869737
1351011582,3,1046899
1351011949,22,12427105
1351012054,8,2165848
1351012074,160,61039108
1351012323,26,2072242
1351012815,47,45358008
1351012819,50,19480449
1351012986,17,4789855
1351013176,36,19058773
1351013398,20,4612345
1351014302,11,594202
1351014379,3,774518
1351014382,14,311859
1351014547,17,5207122
1351014737,13,3844757
1351015055,30,14126554
1351015286,15,2908558
1351015355,21,7612712
1351015632,189,108404116
1351015638,138,253315419
1351015955,6,1416533
1351016011,14,4120693
1351016213,40,16799172
1351016356,15,3547560
1351016416,6,1109215
1351016453,348,194301609
1351017053,13,3061471
1351017537,9,2439501
1351017722,13,3098198
1351017789,12,378786
1351018466,460,230981696
1351019187,99,65282751
1351019358,18,10493486
1351019838,58,21365463
1351019869,33,19730821
1351020147,81,73984281
1351020403,143,40643707
1351020576,11,998798
1351021663,6,3486784
1351021952,22,28893774
1351022225,23,4924878
1351023248,21,4039174
1351023784,5,2126189
1351023943,19,2511421
1351024404,27,6527380
1351024936,26,9790679
1351025508,7,2069601
1351026345,16,8858375
1351027099,26,6560457
1351027194,11,2781777
1351027225,28,4226527
1351027254,29,14958329
1351027454,93,41486942
1351027482,76,4378218
1351027511,41,23493066
1351028837,97,122020137
1351028925,73,32205285
1351030055,11,2595248
1351031584,22,14719624
1351031587,15,2021314
1351032194,10,738025
1351032234,40,12899141
1351034513,54,46513362
1351036209,18,21417211
1351040195,31,634131
1351040892,17,624378
1351044325,27,4082624
1351044577,6,4483618
1351045991,7,726022
1351046266,6,13413592
1351046516,73,14440758
1351049843,8,1224066
1351054353,12,2704807
1351056064,12,654777
1351059186,10,717058
1351061704,11,720059
1351061874,20,3660198
1351063142,17,4172750
1351063272,22,9784546
1351063359,8,3667402
1351064101,9,4108920
1351065412,26,1737071
1351067311,8,3840878
1351067344,17,4419131
1351069691,9,2969587
1351070307,352,35968902
1351070495,48,3634224
1351071370,29,1297206
1351071509,15,4802113
1351073434,4,455479
1351075780,7,1566423
1351077384,13,4567148
1351078217,14,7761909
1351079168,14,967651
1351081645,11,1917422
1351082530,12,373238
1351084860,12,6984028
1351087235,19,931791
1351088983,29,1021262
1351089115,10,626960
1351090090,11,715399
1351090865,20,1212743
1351095835,8,224892
1351095881,19,500942
1351095971,17,1426086
1351098958,4,296472
1351100640,12,2687786
1351100932,25,2815619
1351102155,15,1481817
1351102238,19,7418613
1351102680,11,1158511
1351103292,19,1515871
1351104119,33,2806060
1351107466,24,6925822
1351110120,14,1241616
1351111235,19,2287211
1351112254,35,20236050
1351112509,17,4184362
1351113472,35,3948080
1351114413,19,1078873
1351115824,4,87018
1351116096,19,8230027
1351116861,16,1595082
1351118179,14,778905
1351118678,3,663064
1351118697,21,2479916
1351119871,35,1233842
1351119877,5,1271750
1351121135,35,2032749
1351121704,24,5057218
1351121875,13,7360959
1351122521,14,8556886
1351123023,26,2573434
1351125118,13,456199
1351125204,13,5234834
1351125878,15,1526790
1351127260,13,5866648
1351128646,18,2024594
1351128785,11,2569945
1351129962,9,6607945
1351131015,70,6697985
1351134544,10,1946507
1351136502,11,5695429
1351138674,4,337702
1351138831,69,1921595
1351141278,12,2521584
1351141362,15,1690077
1351143786,14,802654
1351143901,8,591369
1351146479,22,991838
1351151382,29,3149185
1351161205,10,885832
1351184487,14,2071474
1351191650,11,2500302
1351201154,20,2294302
1351206153,28,2104991
1351208632,10,653886
1351211647,18,7206268
1351212284,22,2151926
1351213650,4,558057
1351246533,14,889526
1351247649,36,2686770
1351251701,8,1055308
1351254205,10,658037
1351254308,6,326147
1351257616,7,322568
1351262242,19,1074960
1351269523,30,2428623
1351271505,12,4743325
1351271920,49,19635442
1351273359,18,2335898
1351275431,12,632688
1351278477,18,6734919
1351278815,6,172425
1351281095,20,7076010
1351283192,60,3579424
1351284841,13,4006514
1351292038,8,270098
1351294293,11,410480
1351295170,20,1639145
1351297500,20,2699580
1351297619,7,605465
1351300267,22,1251216
1351303889,6,365766
1351305480,15,1209315
1351305744,7,958297
1351309252,22,2203129
1351310500,37,1495948
1351313433,7,2121218
1351315223,21,10350510
1351316734,74,5705990
1351318682,17,1293219
1351321085,22,855537
1351322886,6,877678
1351326472,13,955049
1351327029,59,4510039
1351327376,11,5082255
1351330451,64,20060157
1351334212,5,328690
1351334302,44,15151275
1351334633,61,4300327
1351334936,18,771285
1351335065,23,657224
1351335167,13,3863045
1351337345,23,6177849
1351338219,15,6812433
1351339696,164,21593433
1351339750,19,1846817
1351342755,20,1143019
1351343493,10,840894
1351345740,37,1731809
1351346429,9,676722
1351347191,14,3844607
1351348924,16,1716992
1351348933,8,793573
1351351605,22,2487876
1351358287,10,534976
1351358492,7,1792237
1351359033,41,1920832
1351360255,16,10159146
1351360454,60,5105732
1351360467,4,484861
1351361517,11,755140
1351361843,41,31360994
1351361943,21,10064011
1351364628,11,6821282
1351367431,89,4017126
1351372479,33,2343547
1351375613,27,7469892
1351375901,21,896809
1351377106,7,1020889
1351378319,11,559331
1351378795,14,3095682
1351383210,25,1952736
1351387467,19,6577376
1351388123,30,664776
1351388209,12,3225915
1351392641,14,4548639
1351393004,182,10272700
1351393086,25,1432017
1351393396,11,14634263
1351394802,19,1542512
1351395200,14,11730376
1351395578,10,5623445
1351395847,99,6530358
1351396735,16,1247000
1351397049,61,1682586
1351399120,9,594983
1351399755,7,1516456
1351401301,14,2238793
1351405858,13,971932
1351405897,21,1394149
1351408299,13,792160
1351409462,103,7671593
1351410992,17,5709037
1351411160,32,1743196
1351413163,6,1030751
1351413470,13,2754670
1351413584,22,1506077
1351414251,3,359243
1351415487,25,8982998
1351418021,51,4846356
1351420036,5,247203
1351421357,27,5389649
1351422548,5,288058
1351423263,27,3241619
1351423543,63,27104229
1351425415,27,1758598
1351427173,26,2865129
1351428472,9,2951647
1351429852,8,1677600
1351431173,4,2358816
1351432661,18,407262
1351433595,7,780326
1351433748,19,7281068
1351433899,87,2035041
1351433928,10,478420
1351436941,229,131957580
1351437286,29,11448889
1351437386,12,971333
1351438200,8,1004183
1351438884,101,47268364
1351439189,12,5469877
1351440420,21,3695184
1351441721,11,5649548
1351442349,23,9503489
1351442463,24,14495168
1351444244,89,72025975
1351444326,15,1252356
1351444647,20,1492956
1351445041,4,2083560
1351445330,98,50013941
1351446763,9,3278514
1351447491,23,10447367
1351448401,18,5537427
1351449006,15,5559955
1351449135,15,4575614
1351449249,17,6346343
1351449271,14,1813257
1351450083,23,11452844
1351450901,17,3343720
1351450932,33,4224428
1351451033,23,6605561
1351451056,9,2258649
1351451360,23,4555518
1351451579,9,2346215
1351453630,25,9292094
1351453636,13,4474379
1351454127,35,12074093
1351454194,10,3635313
1351455440,27,501285
1351456121,6,1548495
1351456424,52,4796131
1351456737,20,1542900
1351456908,9,805726
1351458350,3,1440413
1351458442,26,11549718
1351458924,15,2446079
1351461113,5,153432
1351461399,27,18759283
1351464532,24,1365220
1351467367,16,874459
1351470296,7,384057
1351473816,10,572705
1351475783,11,264522
1351475911,23,1514881
1351476488,11,187506
1351480098,8,911130
1351481792,53,994559
1351484243,13,1370867
1351484939,32,1522990
1351485940,21,820859
1351488457,11,2315946
1351488808,9,2368179
1351489414,49,1340998
1351490287,9,1219371
1351492605,12,6111845
1351492855,5,789655
1351494492,7,2427891
1351495413,8,1929220
1351495422,9,252136
1351496118,7,1422348
1351497615,13,4759909
1351497760,16,3005368
1351498130,51,22300200
1351498238,7,2452031
1351498303,14,3704309
1351498668,8,2449470
1351498838,10,441104
1351499968,19,8924711
1351500818,11,3189163
1351501296,71,3801111
1351501299,25,5938887
1351502335,6,1532985
1351503484,22,3371618
1351504116,11,4859246
1351504338,32,10194423
1351504389,11,1029388
1351504527,26,1291316
1351504993,17,19313815
1351505502,81,3711378
1351505593,13,3344081
1351507334,17,20831037
1351507671,7,1630224
1351508030,11,3038740
1351509054,32,2508263
1351510606,17,2431451
1351511819,11,3080843
1351512056,30,9397401
1351513662,16,1058662
1351514243,101,9832297
1351514524,11,634359
1351514553,95,8836233
1351515535,9,2352271
1351516988,121,15989102
1351519718,18,1299003
1351520220,4,237364
1351524908,15,815700
1351525416,12,1388281
1351525662,40,3142171
1351526303,10,542091
1351527033,8,342890
1351528438,141,4625087
1351528465,28,1916308
1351528573,16,2149195
1351528586,22,2516460
1351530483,18,700209
1351531900,8,594185
1351532353,28,4183404
1351532878,6,1069831
1351532903,5,1688894
1351533110,11,4133242
1351533289,6,784086
1351533672,39,3622386
1351534279,18,1040755
1351534284,20,2068645
1351537182,11,2447655
1351539631,8,331575
1351540308,16,869262
1351541036,18,4859896
1351541173,15,1911487
1351542278,44,2378057
1351542503,37,6346022
1351544653,33,3771331
1351545173,11,1325222
1351546697,25,2793515
1351547106,21,12705500
1351547576,19,2378973
1351548281,63,2837057
1351548372,31,1092201
1351549419,14,1635561
1351550169,6,187594
1351550875,17,890870
1351550981,12,5594553
1351551247,9,1220625
1351552444,9,1137131
1351553180,20,3429529
1351553450,16,5250263
1351553523,17,2382619
1351553565,16,2255659
1351554045,17,6506471
1351555612,10,3269699
1351556733,8,2851825
1351557128,27,7888200
1351557155,7,501624
1351558087,9,512100
1351558189,3,774908
1351558392,13,3313586
1351558450,9,2139554
1351558945,48,942579
1351560021,23,5091796
1351560345,16,1415443
1351560593,10,3550141
1351560818,11,2764946
1351560889,10,330738
1351561412,16,6599632
1351561669,47,13053212
1351561918,15,5617403
1351562221,17,9619322
1351562315,15,2167627
1351563734,14,815876
1351564338,8,2008085
1351564439,24,7570862
1351564900,18,9840380
1351565220,13,4213938
1351565260,22,3426472
1351565391,16,6235254
1351565741,3,1704856
1351565945,10,395411
1351566176,21,11834710
1351567956,7,305081
1351568933,21,12982558
1351569550,230,27789016
1351569960,24,2089886
1351570201,23,1520008
1351570272,19,13059435
1351570359,21,5210721
1351570373,6,460801
1351570808,28,2417350
1351571231,3,133674
1351572148,29,879730
1351572427,9,722627
1351572483,34,17732727
1351573472,51,2794593
1351573796,112,14293842
1351573873,23,2086533
1351575346,20,276036
1351575588,9,703022
1351578058,14,1746885
1351580561,11,1029568
1351580580,21,8550616
1351580652,22,1315676
1351581026,7,578179
1351582156,12,2778600
1351583211,13,790192
1351585086,18,653177
1351585834,23,10637425
1351587127,11,3320064
1351588127,13,469179
1351588167,36,1313593
1351589500,11,1122633
1351591909,9,1883749
1351593699,17,898175
1351596919,11,368142
1351596939,24,2672244
1351600018,6,478723
1351604378,13,5764481
1351604523,7,3132893
1351605611,21,5856999
1351605965,13,3981460
1351608167,10,729766
1351608435,28,11770822
1351609207,5,2574771
1351609978,12,2044735
1351610353,98,37730668
1351610807,17,7985169
1351611279,10,16754381
1351613430,26,23877781
1351613587,13,10589385
1351614371,9,3116445
1351615982,47,3094740
1351616024,17,8896330
1351616822,22,2424934
1351618407,36,3005136
1351619823,16,2183969
1351621926,4,273387
1351622922,15,1189989
1351623546,3,164742
1351632739,18,1676994
1351633300,39,4624042
1351635738,11,1444888
1351676780,10,4472283
1351677712,13,4520402
1351693217,20,1630560
1351707758,12,2258761
1351708118,20,5559566
1351722833,19,7085946
1351728509,30,7520456
1351728543,6,220815
1351730153,34,15518586
1351732007,13,5616188
1351735666,242,24204995
1351735771,5,407932
1351735981,25,2278004
1351741372,10,1344058
1351744543,13,1374211
1351744910,9,1169941
1351754671,7,2047380
1351755843,23,7281551
1351757502,6,1545075
1351757599,12,2380514
1351758765,20,6645483
1351758992,11,1741559
1351760115,17,4313205
1351760203,40,15097251
1351762871,38,7678572
1351763444,3,1230429
1351764337,26,8350610
1351765401,7,5547437
1351765534,26,10574651
1351766721,32,836642
1351766876,32,10552633
1351766922,9,1187290
1351767143,14,5938572
1351769474,4,131683
1351771060,25,2448581
1351771952,12,4602668
1351772870,11,4131282
1351779043,19,1768457
1351783110,14,6202971
1351784702,20,2469248
1351787620,10,875706
1351788589,4,424675
1351790098,4,677053
1351791471,59,19602877
1351791789,34,13343145
1351791995,22,2081260
1351792637,34,6885393
1351793129,192,87892593
1351794158,20,6848316
1351794834,6,931892
1351795028,98,33215693
1351795379,57,16929697
1351796270,10,2507541
1351796495,6,2563563
1351797308,8,3124941
1351798743,4,1792784
1351799770,10,2225198
1351800940,15,10180121
1351801352,9,1937504
1351801420,23,873640
1351801717,98,39156510
1351802366,105,39284260
1351802943,49,9061422
1351804007,18,2652618
1351804190,6,8561185
1351806230,31,13148249
1351806808,39,16722256
1351808855,12,1178645
1351809169,17,1614813
1351809244,3,240441
1351810852,30,3307790
1351811663,91,9318502
1351812187,3,973500
1351813005,22,6450083
1351813040,6,256661
1351813900,12,3361061
1351814174,3,143679
1351816583,29,2875679
1351818675,17,1448606
1351819661,12,2979341
1351820197,21,3254846
1351821866,21,1822948
1351822043,9,544418
1351824052,14,799739
1351824135,11,692770
1351824239,35,4538095
1351825900,34,1478455
1351826096,4,130519
1351827184,9,461662
1351828139,28,3574384
1351830984,17,2089015
1351832937,67,13308612
1351838375,4,1445502
1351839051,19,1215454
1351839195,29,11708157
1351841979,6,87409
1351843578,9,2387930
1351844117,46,20511777
1351845276,15,7247896
1351845633,114,53980659
1351848593,51,20757655
1351848849,12,2995317
1351849361,7,358526
1351851513,23,8776428
1351855451,237,105672033
1351856823,12,1941425
1351856867,28,1397231
1351857379,13,1093652
1351859341,8,987118
1351860881,20,878009
1351862466,46,5176258
1351863991,76,5975253
1351864492,12,1041665
1351865210,9,1066896
1351865786,22,1379294
1351866571,18,2365118
1351868772,10,917446
1351869544,25,4906330
1351871833,14,525146
1351873011,7,503883
1351874124,12,3959473
1351875756,19,1543252
1351877431,9,662651
1351878793,14,3431195
1351880693,13,4617262
1351882830,19,7749193
1351882895,47,27603445
1351883360,19,4066015
1351884097,36,10580364
1351884563,77,25764002
1351885552,19,719663
1351886631,24,7849033
1351886848,20,2641906
1351887191,11,1590007
1351887996,29,4344779
1351888616,6,1097032
1351889843,3,994492
1351890935,7,510879
1351891096,11,3662211
1351891158,15,8067944
1351891604,24,17967253
1351892155,4,1200375
1351892311,13,7381438
1351893074,10,4017251
1351893147,30,6290640
1351893273,6,1152416
1351893330,13,671610
1351893675,81,37833970
1351893896,33,8700497
1351894593,9,545475
1351895076,14,4209766
1351895315,24,1529233
1351895790,33,19560595
1351896152,59,27360999
1351896752,21,4331282
1351897008,23,2398809
1351897089,9,2901215
1351897345,11,1223311
1351897575,14,5262804
1351897805,5,2761835
1351898140,4,1303251
1351898362,20,8420504
1351898417,33,539409
1351899306,72,20395207
1351899537,164,74865561
1351899738,67,50705878
1351900830,12,4968790
1351900915,71,47166412
1351901507,22,13201158
1351901897,22,5327062
1351902387,48,23237142
1351902836,14,1681937
1351903030,10,1276057
1351903996,16,1214756
1351904450,5,849127
1351904500,9,3191979
1351905234,4,2222118
1351905905,8,3417434
1351906330,5,1463425
1351906779,22,1111685
1351907317,7,413765
1351907651,11,4121073
1351907751,41,23413531
1351908234,5,334664
1351908987,12,2118507
1351909125,31,782177
1351911736,10,154545
1351913482,21,3636765
1351914213,12,765134
1351915246,203,15320547
1351915309,12,604909
1351917568,23,10910135
1351918485,28,2185845
1351919512,7,3144155
1351921865,25,1124162
1351922063,58,2003203
1351923399,31,1819764
1351923412,6,413388
1351925736,6,812772
1351926526,9,428394
1351927468,12,957792
1351929849,21,13534638
1351929854,7,422563
1351930485,70,4228823
1351933152,8,1024192
1351933611,38,6750383
1351934002,43,24684640
1351934633,24,6686390
1351935071,15,1810715
1351936199,60,24975652
1351936907,14,717874
1351937080,62,25448726
1351937540,32,5308798
1351937829,16,5041110
1351939148,4,1041039
1351939174,30,7892224
1351940184,22,1648070
1351940398,16,838767
1351941343,18,6414435
1351941498,47,12464003
1351941828,7,393688
1351942774,41,20329189
1351944244,16,1703075
1351944320,27,625601
1351945110,37,10116213
1351945396,12,1184293
1351946124,62,38843172
1351946757,36,9942882
1351947538,26,17701043
1351947597,38,8717685
1351949637,14,4882964
1351951019,86,40244831
1351951084,25,1351884
1351951122,64,3596682
1351951999,24,5654880
1351952316,6,1978984
1351952346,44,16041255
1351953329,11,1449355
1351954874,4,108306
1351955395,4,1310970
1351955950,9,1675112
1351956928,30,11049167
1351957931,21,1994184
1351958184,70,3814111
1351958716,10,542945
1351958794,5,367078
1351959289,5,1768224
1351959424,40,5336551
1351960404,41,11356389
1351960785,6,1227610
1351961365,21,7167356
1351961398,15,4547719
1351962286,5,504898
1351962421,29,11333549
1351962821,18,1152816
1351963824,7,1806046
1351964137,23,6568249
1351964299,53,27324916
1351964818,7,1215672
1351965127,19,912257
1351965377,15,5608152
1351966435,17,2743144
1351967886,4,2548277
1351968028,16,7682236
1351968054,22,1892529
1351968397,20,3248061
1351969473,138,10814220
1351970161,6,530695
1351971304,14,815966
1351971640,4,1747779
1351973243,12,1414735
1351973627,24,9932260
1351975422,6,294922
1351975627,14,1033661
1351977120,38,1746618
1351978070,40,1595344
1351979304,3,677450
1351979817,35,2353442
1351980984,18,4276210
1351981638,34,8966839
1351981743,6,210116
1351983189,11,4613349
1351983725,27,8987588
1351986003,5,983594
1351986040,8,883948
1351987329,24,2701169
1351987463,28,2259966
1351987615,11,514034
1351988018,39,2360324
1351989474,4,468997
1351990080,17,2144621
1351991603,33,9896060
1351992449,8,570063
1351992633,21,870197
1351993049,13,1443130
1351993855,28,5915143
1351995916,6,1375885
1351996820,34,9219109
1351996955,24,2349148
1351997442,12,3683081
1351997518,4,249476
1351997682,33,10100544
1351997796,67,7083281
1351997918,3,589211
1351998430,65,25865851
1351999381,20,764002
1352001917,13,3875969
1352002953,87,38279140
1352004924,21,12130415
1352007121,12,5159507
1352008706,14,7298158
1352009295,34,10463671
1352009514,7,1473064
1352009620,50,15861699
1352009897,17,4820999
1352010944,4,1440003
1352011086,7,6694434
1352012174,33,5481671
1352012191,16,1432486
1352012415,54,33911133
1352012656,28,11913332
1352013460,3,1354119
1352014805,14,3687488
1352015281,12,9414703
1352015503,15,3356219
1352015963,15,5656673
1352016498,6,5507600
1352017332,33,15280813
1352017864,13,1718379
1352018839,19,6583438
1352019528,27,2689185
1352020985,13,7816415
1352022478,39,22316070
1352031484,12,1785178
1352035073,3,1026891
1352035603,3,836454
1352035653,10,1305501
1352037306,27,1245515
1352037349,5,2414994
1352037851,4,1112026
1352038420,5,3302811
1352050445,23,1836710
1352055960,10,1614663
1352079661,7,337483
1352085907,15,596574
1352102048,12,2135718
1352102790,18,1753390
1352102947,18,5144313
1352105370,14,2752546
1352106686,40,6463896
1352111613,32,2634178
1352120162,17,2912862
1352123449,16,2233345
1352130861,47,15090990
1352134477,32,10383571
1352134575,6,461998
1352136575,17,4206249
1352139634,24,3980767
1352141226,127,18798504
1352141541,16,819655
1352141632,17,732438
1352147297,30,1530950
1352149713,31,3664425
1352149779,23,1079458
1352154465,48,18017694
1352156325,21,14895707
1352157730,214,63632252
1352157836,28,11258236
1352158747,19,2292781
1352160037,4,1240578
1352161786,98,46722746
1352163439,47,17092630
1352163809,14,1435220
1352166146,14,1079716
1352166151,28,1943179
1352167528,66,5435916
1352167909,13,1704197
1352168139,14,9585801
1352168743,38,22119909
1352171486,13,3363979
1352173232,65,35175839
1352174866,16,1795750
1352175006,20,1280558
1352175158,11,1344235
1352176753,15,1704521
1352177203,84,6309674
1352178927,17,758074
1352189883,12,840298
1352190324,7,1737870
1352190632,4,1071458
1352190792,28,7630356
1352191885,12,1706180
1352192086,7,1978961
1352192503,23,5239246
1352192723,23,4965423
1352193887,5,911262
1352194062,226,53568524
1352194068,10,530857
1352194690,9,2493896
1352195696,11,1257421
1352195761,43,17888381
1352196727,6,656235
1352197095,30,9197628
1352197463,27,757124
1352198327,249,103599908
1352198496,4,750647
1352198727,38,8969920
1352199023,11,686320
1352199964,5,1505015
1352201312,16,4182922
1352203756,53,19893351
1352203792,14,622032
1352204026,28,7512486
1352204295,15,4125322
1352207642,13,3952186
1352208982,55,15896463
1352212217,4,2613260
1352215890,6,1213120
1352219273,22,8283351
1352220978,35,2273739
1352222888,5,147204
1352223689,16,2626135
1352224614,32,3509924
1352228553,12,2478505
1352232387,4,43593
1352234638,21,2294437
1352234949,38,2347272
1352236098,6,243888
1352236491,13,4053805
1352236962,10,371514
1352237766,12,677596
1352240709,64,4436745
1352242890,7,5500522
1352245116,26,11425456
1352246108,9,3013165
1352247814,31,15024790
1352248185,8,546816
1352249337,46,22055647
1352249556,12,611958
1352249659,4,2238817
1352250662,6,1702148
1352251989,6,1768809
1352252247,41,23386784
1352252377,5,1312383
1352252492,9,629943
1352253453,14,1878094
1352253504,27,1913527
1352254175,18,8639548
1352254691,14,3238229
1352256065,29,10616595
1352256964,15,1165486
1352258902,13,659512
1352259645,12,554147
1352259983,4,223785
1352261028,27,2523844
1352261496,18,7647622
1352261840,89,7626935
1352262372,7,363723
1352262860,19,1347112
1352263385,13,642254
1352263731,22,2694178
1352267628,11,313106
1352268043,16,725088
1352268526,8,524331
1352268922,15,2413151
1352269867,36,3879487
1352269874,5,285983
1352271677,28,2475265
1352272801,7,666774
1352273159,51,2681497
1352273380,20,940056
1352278041,12,827636
1352279476,25,1030304
1352279524,40,2109523
1352279666,21,953791
1352280933,18,823203
1352282689,121,35950809
1352282730,7,1272641
1352282854,50,10623440
1352283063,314,73733837
1352283306,36,9823584
1352284399,15,4987334
1352284778,47,4406181
1352285849,102,53988322
1352286308,18,4174014
1352286734,7,2034009
1352289600,11,434280
1352289880,15,3695960
1352290137,7,4705420
1352290169,20,707424
1352291065,21,6666148
1352291614,15,4170637
1352293176,4,864912
1352294063,8,466820
1352294418,69,36593042
1352295090,193,11080536
1352296508,5,961443
1352297240,47,2720981
1352297710,11,2976502
1352297746,19,2558776
1352298046,9,1695013
1352299020,11,1853244
1352299432,5,1217341
1352300558,41,9730912
1352301034,104,33601388
1352301593,23,4338010
1352302198,35,11604147
1352302300,21,9884739
1352302353,13,701621
1352302646,31,8863449
1352303516,25,6872811
1352304576,11,5971936
1352305463,13,1633947
1352305592,4,378366
1352305599,13,1745103
1352305776,7,1166172
1352306967,25,8207021
1352307012,34,16243815
1352307440,8,4845081
1352307574,11,1389605
1352307661,14,8261506
1352307894,8,1871988
1352308681,4,638701
1352309469,12,1170660
1352309595,35,3330843
1352310087,12,1427921
1352310457,13,2117519
1352310522,12,3901850
1352312982,20,10467959
1352314328,13,946250
1352315274,14,4976886
1352317621,60,4008164
1352317727,22,2783614
1352317851,31,2491011
1352318050,10,828557
1352318530,10,484247
1352319002,18,6845718
1352320731,15,1038288
1352321840,15,877453
1352322587,17,2546721
1352322882,21,1002916
1352323680,33,3282185
1352324169,27,629154
1352327460,23,5941749
1352328157,17,1828007
1352328853,11,1897631
1352329100,9,3708908
1352329239,14,5528199
1352329570,5,614572
1352330046,25,1809860
1352330748,131,3746340
1352333745,27,3598327
1352334034,30,4606209
1352334044,22,2987430
1352336783,13,581115
1352337438,26,13726587
1352338752,14,4261547
1352339316,45,16717703
1352339570,3,524412
1352340138,10,445709
1352340267,28,2594160
1352340449,14,1634148
1352341247,36,10374091
1352341974,8,4057127
1352342130,7,1995778
1352342390,153,90224020
1352342880,89,31595901
1352343952,21,849815
1352344352,63,25523425
1352344863,143,34000241
1352344984,11,2108563
1352345405,9,1508734
1352345441,8,3619794
1352345796,12,2171894
1352346570,5,240090
1352347882,29,3544057
1352348109,6,9251012
1352348410,4,181687
1352348414,57,14323571
1352348961,73,38245039
1352349414,48,16500370
1352350214,176,40425494
1352350404,25,6197039
1352350885,30,3926036
1352352981,5,2778677
1352353251,86,53307054
1352353917,4,889159
1352353981,89,43529376
1352354284,8,555590
1352354491,47,4566901
1352356109,20,4196207
1352356973,46,21895405
1352357130,15,3464926
1352357566,20,7079533
1352358486,27,24021557
1352358806,12,790911
1352359809,18,3565482
1352360544,12,1738608
1352361406,7,1614256
1352361785,36,13746001
1352362285,50,19276956
1352362563,8,386963
1352363005,81,42972784
1352363072,32,787076
1352363254,9,683842
1352363757,11,3188019
1352363777,18,4163821
1352364614,50,19941810
1352364734,28,9217635
1352365419,11,710973
1352365760,5,1637635
1352367977,41,16125819
1352368016,10,2708784
1352368699,12,3351949
1352369856,13,3208353
1352369970,10,3165987
1352370295,5,305319
1352371774,19,3154314
1352372006,18,5457959
1352373492,24,1815005
1352374200,12,4955835
1352375411,17,4959590
1352375955,223,23984918
1352376001,8,2841782
1352377434,55,25723393
1352377624,67,1873741
1352378707,350,23731531
1352379134,60,1149508
1352380900,5,1586748
1352382836,31,3133333
1352385390,44,4006141
1352388149,16,1025539
1352397428,10,3112367
1352398523,19,862965
1352399648,117,23728074
1352400395,5,1066426
1352400582,35,1107357
1352401268,41,13336135
1352402073,28,13389068
1352403059,79,24755798
1352403135,87,40869958
1352403156,41,14810277
1352404825,8,927957
1352404896,14,1928149
1352405986,21,6885720
1352406623,178,102807171
1352406675,6,2865452
1352407365,22,3154812
1352407821,17,2666880
1352408089,38,5373857
1352408450,23,15207493
1352409653,17,1087952
1352409732,14,1284711
1352412709,43,13629808
1352412987,9,495612
1352413174,28,811243
1352413267,11,886092
1352413609,38,11196326
1352414951,28,19314365
1352416550,93,32920957
1352416995,12,2480478
1352417486,18,5328303
1352418276,16,4984347
1352418476,11,491472
1352418599,3,740375
1352419353,11,5474998
1352419453,10,763683
1352419675,18,6931882
1352420762,20,4002538
1352422644,10,3848264
1352423094,45,4231360
1352423950,31,4571369
1352424084,76,5102566
1352427513,26,517530
1352429047,8,1055596
1352429479,7,579651
1352430084,21,2531623
1352430308,22,1635801
1352431296,15,5629589
1352431731,18,1904214
1352431962,35,1158470
1352432775,12,1462412
1352433581,12,690338
1352433905,60,4903684
1352436926,21,2325220
1352439016,84,9101191
1352440748,9,723400
1352452540,6,213597
1352454581,35,2040719
1352456622,28,4072869
1352461242,16,2085346
1352462997,27,2972071
1352465684,13,1287491
1352472490,10,979002
1352483559,15,1694975
1352494450,16,689382
1352494745,10,1181000
1352495141,13,1605482
1352497427,17,1474683
1352497827,13,764180
1352500100,21,3551310
1352503285,6,188451
1352504607,52,6569300
1352506951,7,198729
1352508261,24,1384342
1352516052,12,447289
1352519073,30,14644437
1352523973,18,9397296
1352527885,20,4037803
1352528244,21,9310876
1352531638,17,1127802
1352536126,11,1166126
1352540845,31,3688985
1352543381,23,8236306
1352543615,5,725425
1352544460,13,4264241
1352547641,69,6640673
1352547806,12,615552
1352548392,10,456283
1352555681,5,197538
1352558727,4,268322
1352560067,8,1965539
1352564146,62,14946420
1352564543,4,917460
1352565806,16,4323248
1352569161,32,9972546
1352569371,16,1441123
1352571485,33,2213762
1352572333,17,6275441
1352574631,19,3008430
1352577157,17,3698057
1352577207,4,2932644
1352577334,10,2392363
1352578042,7,996309
1352579369,19,8700632
1352579508,12,1351269
1352579557,4,160242
1352581096,10,1029384
1352581845,5,1528144
1352582115,26,3320060
1352582915,12,3913044
1352582960,20,4989780
1352583467,19,5856702
1352583743,22,1964184
1352586235,17,1030070
1352587076,14,1348023
1352591456,15,1729078
1352591747,17,1147714
1352592396,41,1461198
1352593545,7,975259
1352596772,6,972395
1352597150,6,2355133
1352597891,17,4128534
1352598226,35,584211
1352598736,3,399010
1352598961,183,86666167
1352599312,28,3515532
1352599814,13,1589801
1352599922,209,79477675
1352600699,5,1123246
1352602230,6,1695688
1352602883,17,4507892
1352603696,17,3945231
1352604442,144,39423988
1352605459,8,1078061
1352606736,17,8879326
1352607257,6,1887339
1352607599,18,3396023
1352610297,9,904565
1352610448,88,30125522
1352610540,34,11875401
1352611929,9,2131368
1352612155,24,1122951
1352613262,9,286332
1352613637,9,4135388
1352615495,13,5474365
1352615902,57,3642118
1352616392,11,506456
1352617062,71,25220144
1352617402,6,2060769
1352617430,16,4702031
1352617685,6,167467
1352623352,107,10128041
1352623441,3,281764
1352623604,3,88593
1352627463,9,5399177
1352630684,25,1468875
1352631837,44,2917997
1352634512,22,1951351
1352634541,12,1877629
1352635100,31,2256483
1352640804,14,3325370
1352642792,26,1424260
1352643542,54,18389006
1352644125,8,3468410
1352644710,20,5624698
1352648237,11,22542270
1352649076,10,499678
1352650314,11,1725916
1352650648,11,5061393
1352651372,7,516306
1352652845,15,5267571
1352653759,31,1660066
1352654400,19,945098
1352655930,11,1835608
1352656139,6,1366605
1352656723,11,3457130
1352658723,9,573022
1352659158,10,373333
1352661405,25,4715666
1352661665,30,7633501
1352661908,42,21409809
1352663874,6,482276
1352665596,14,892277
1352668086,18,5688772
1352671753,20,621615
1352674810,25,2435621
1352677229,21,1854907
1352677644,15,2432484
1352678610,9,563381
1352678623,21,607145
1352680352,167,70953140
1352681341,27,3289267
1352681352,8,615500
1352685997,6,3698787
1352686599,12,704726
1352689300,288,98389377
1352689668,27,5801438
1352689724,32,1850006
1352690186,21,4912762
1352691877,8,2627385
1352692012,10,1003303
1352692976,15,5289016
1352694381,54,34243617
1352695044,17,3616397
1352696761,10,5958721
1352697111,4,391831
1352697657,16,3872394
1352698501,139,54049437
1352699172,10,1550960
1352699249,9,5522606
1352701166,31,15810357
1352701819,27,3927267
1352701950,6,5160040
1352702405,14,1134518
1352702425,15,4555919
1352703521,10,1163787
1352704468,14,355076
1352704576,30,13225580
1352704632,11,810837
1352705059,16,7811302
1352706311,31,8486343
1352706808,13,2762885
1352707681,18,8524919
1352708490,46,15088652
1352710288,7,185514
1352710450,28,11021115
1352710628,18,3077814
1352711268,31,33427020
1352711733,30,7344784
1352712247,77,42512505
1352712440,41,16608087
1352714283,42,7479906
1352714459,41,19103771
1352715730,28,3288918
1352716195,14,9403860
1352716975,20,23774733
1352717957,19,1343018
1352719816,51,10678853
1352720030,13,2541073
1352720197,4,433966
1352722623,19,1684574
1352722964,19,592912
1352725760,29,15070755
1352725814,8,1022795
1352725932,28,11265514
1352725947,16,5410588
1352729319,22,1908056
1352730529,20,440826
1352731258,12,1647684
1352732736,15,1550398
1352733312,9,416103
1352734466,11,764617
1352734469,8,601099
1352735210,10,755542
1352738430,15,4986012
1352738552,63,3202019
1352741715,38,3300414
1352742042,22,956807
1352742746,15,3563897
1352743319,24,11827120
1352743597,10,6100821
1352745028,5,443392
1352745525,7,711760
1352747241,22,6023942
1352747811,8,1106757
1352748868,56,2301349
1352749640,107,37570546
1352752000,19,7689586
1352752554,3,877030
1352753160,14,6450997
1352753398,45,18918529
1352753586,92,14463059
1352753844,7,206028
1352754262,3,550923
1352755472,29,6716694
1352758590,19,11266191
1352758908,8,2378557
1352760869,4,992297
1352760908,30,1622864
1352760991,128,55288944
1352761805,35,12701405
1352762520,14,655705
1352762724,19,13908352
1352762755,8,3304236
1352763925,8,2589954
1352764509,13,3882782
1352764895,13,1349597
1352765475,6,1128971
1352765574,38,25681017
1352765702,29,7094972
1352766434,22,1133945
1352766727,29,6412333
1352767256,57,22379309
1352767511,14,5627303
1352767911,9,3966633
1352767952,25,6539349
1352767981,14,16570981
1352768428,46,3254206
1352768876,10,5159949
1352769553,14,4022876
1352770949,9,947146
1352771095,21,7291949
1352771560,12,3430544
1352771806,9,4690583
1352772663,12,9385170
1352773028,17,6459313
1352773046,28,11794984
1352773286,24,4408500
1352773360,8,2286063
1352774056,13,1682181
1352774655,49,17697268
1352776654,11,5798722
1352777587,7,1418367
1352777703,41,21490677
1352778229,24,5544599
1352778328,12,3417385
1352778425,333,38376437
1352778799,3,935718
1352780047,16,4054621
1352781502,10,2299226
1352781749,17,1964191
1352782228,4,615499
1352782315,16,5207719
1352782320,29,1280442
1352783404,14,977521
1352784042,26,5679373
1352785725,5,178923
1352787863,12,733040
1352789555,29,4216331
1352789898,16,1666271
1352792527,14,3294798
1352792833,8,1315152
1352793724,36,1603619
1352795821,14,2657923
1352796581,19,2696658
1352797031,26,1264984
1352797315,29,2999464
1352798801,8,2624244
1352799722,43,8477205
1352800535,23,11039189
1352800867,17,1835644
1352801726,23,9626223
1352803312,18,2828706
1352803352,29,4021786
1352803829,15,1086382
1352805489,12,4411113
1352805739,27,3409600
1352805750,39,5614337
1352806421,9,2607692
1352806627,36,16599813
1352806699,74,13433669
1352806826,12,9338928
1352806857,17,3337790
1352807003,3,500534
1352807129,6,2213150
1352807636,29,5514439
1352807962,16,4541488
1352809469,28,1463862
1352809832,207,63833395
1352810539,18,10551514
1352810895,31,3745312
1352811135,30,14115344
1352811182,37,17566997
1352812156,72,33564509
1352814384,14,2362732
1352814503,4,322914
1352815081,19,1066992
1352815182,170,20635160
1352815209,18,4306870
1352815788,7,460293
1352816869,8,1430395
1352817161,20,11878266
1352817183,5,1491552
1352817525,43,7763226
1352818110,26,12178641
1352818480,18,14531723
1352819091,44,34511796
1352819143,22,7027207
1352819396,20,1192316
1352820129,11,9567733
1352820361,8,2234155
1352820380,42,2377080
1352820623,69,32009835
1352821603,48,24816353
1352821729,7,3093372
1352822640,8,1169974
1352822681,16,2489086
1352823372,10,4549676
1352823946,10,3416097
1352825018,127,14190800
1352825229,6,250286
1352826720,6,2491965
1352829065,6,160148
1352830066,10,3787076
1352830391,16,1845274
1352832496,18,2240459
1352834555,16,3707011
1352834567,15,2770622
1352835572,9,1149984
1352843231,35,5724632
1352843287,18,4417500
1352847543,14,1028013
1352865370,13,2063813
1352886589,9,501102
1352894968,7,228956
1352916444,27,1442615
1352918595,8,754486
1352918897,26,3391558
1352920623,18,1708404
1352920809,34,3367409
1352921056,24,11609568
1352925430,77,7892984
1352938106,14,3211601
1352941537,9,2436855
1352946713,15,5148379
1352950091,45,6403066
1352950100,5,791447
1352950636,3,239041
1352960431,104,39272469
1352963183,11,1625448
1352965810,49,17240370
1352966908,16,1834977
1352967512,14,840155
1352967727,22,8087698
1352968248,16,853404
1352972243,15,1355200
1352973267,22,5906843
1352973458,33,10204836
1352974109,14,8811018
1352974171,3,823834
1352974800,27,13716395
1352975721,6,393547
1352976053,36,553701
1352976431,17,5614646
1352978309,7,4560311
1352979268,5,3284878
1352979750,17,1565328
1352980597,12,3170530
1352984052,9,1012712
1352990047,16,459440
1352993082,83,42113638
1352993985,14,2237196
1352994090,11,465079
1352994097,20,689069
1352996623,15,3693574
1352997097,55,16622857
1352997228,360,133917416
1352997316,13,4360802
1352997941,96,20836469
1353002210,61,28702365
1353003306,12,2216835
1353004323,17,4938179
1353008128,11,4428471
1353008578,12,5303576
1353008688,23,5361134
1353009052,7,379486
1353009379,12,12413860
1353009605,4,896438
1353009932,11,3474276
1353011119,62,45253055
1353011684,19,13117884
1353021442,13,467038
1353021584,9,961452
1353029716,19,1362252
1353029871,4,230968
1353036619,8,513578
1353040480,24,2078719
1353041150,59,26737820
1353043259,12,1539635
1353043475,80,35288410
1353045122,12,4248667
1353045444,14,1380885
1353050525,8,706671
1353052702,17,12593290
1353053489,12,1509596
1353054337,17,5076915
1353056604,21,4219431
1353057643,119,80390071
1353063323,83,2526126
1353064062,7,2158406
1353067991,11,1330806
1353068668,38,2301140
1353073031,14,622191
1353074381,6,680913
1353075713,16,963105
1353075927,120,3345207
1353076850,24,1680065
1353078081,11,1132433
1353079225,9,1554479
1353079435,48,17201929
1353081821,24,2113066
1353082271,15,6394380
1353084412,10,4712424
1353084962,121,47387905
1353085085,12,953484
1353085770,10,3291075
1353086065,54,14649651
1353086723,260,101517874
1353086921,35,18557099
1353087919,16,1690803
1353088221,14,631059
1353090201,12,1369148
1353091073,16,15308691
1353091965,23,33278935
1353092987,56,36493058
1353093690,12,1466631
1353094619,38,12777697
1353094808,19,11118301
1353095115,11,1723292
1353095378,7,2808745
1353096123,14,4284363
1353097930,18,6610402
1353097967,9,2093423
1353098918,20,17803873
1353099641,6,2828508
1353099666,20,7923692
1353101724,10,3901433
1353102095,14,4349828
1353102237,11,5124783
1353102307,4,379957
1353102478,12,5961428
1353104261,8,1545471
1353104486,10,703090
1353104752,3,1295980
1353105953,9,3424004
1353106705,18,3285989
1353107954,14,891130
1353108261,28,13858983
1353108377,19,11083421
1353110619,4,89237
1353111564,46,4815997
1353111654,37,1235189
1353112886,55,1643903
1353114169,7,672727
1353114481,38,2174169
1353115068,19,2242935
1353115240,13,1086994
1353116655,14,1675656
1353118842,18,1272242
1353120456,4,111292
1353120963,13,1408306
1353123010,96,7434743
1353123370,8,458297
1353123456,30,4298549
1353124133,10,1169891
1353124723,8,440937
1353125430,17,782374
1353127188,25,848781
1353131976,23,960295
1353133104,12,1127698
1353135073,122,58169527
1353135148,70,14469591
1353135216,66,8190081
1353135273,18,7144510
1353135459,13,5671838
1353135461,9,3940233
1353136388,105,49530575
1353136449,123,26091712
1353136688,6,1424397
1353137031,14,5292717
1353138465,26,3397399
1353138536,58,35638488
1353139099,54,19170870
1353139643,13,3215799
1353140893,7,84782
1353142290,9,1563207
1353142632,21,1517885
1353142783,8,3233551
1353142968,23,1834764
1353143914,51,36913347
1353145066,13,844662
1353145071,39,9694206
1353145631,72,22881698
1353146352,14,2051634
1353148631,5,1326955
1353148849,8,1460883
1353148935,14,5119778
1353148993,13,1685975
1353149457,5,59913
1353150080,22,924529
1353150383,9,553198
1353150386,64,33711776
1353150416,126,56683113
1353150882,22,6351858
1353151331,12,2671646
1353151789,19,4107922
1353152231,16,4904973
1353152769,5,1183576
1353155067,58,34096037
1353155506,15,785740
1353156134,13,4618855
1353156305,41,20886861
1353156340,3,489593
1353156511,35,3370205
1353156715,24,9484797
1353157510,12,6103428
1353158116,11,2534060
1353158660,12,3152702
1353159179,7,933340
1353159618,8,5193974
1353159722,7,1165363
1353160105,4,1553368
1353160166,12,3654299
1353160535,60,25330569
1353160799,31,235576
1353161448,11,2582592
1353161768,13,7298047
1353161831,36,27978323
1353163314,19,5950808
1353164226,8,6075973
1353165725,18,6384455
1353166653,69,4970819
1353167819,21,2729829
1353168242,8,1776534
1353169151,12,6641850
1353169284,38,4417365
1353170380,17,8537586
1353171156,23,2906414
1353174021,19,2899860
1353175473,13,2317149
1353178078,13,7935413
1353178088,52,6345419
1353178620,23,1775755
1353180636,3,221112
1353181062,7,679823
1353181970,32,2353773
1353182389,16,3895173
1353183194,20,1211604
1353183934,19,1913831
1353183968,8,600449
1353184330,13,4293783
1353188381,32,4341062
1353188449,14,3048930
1353189179,20,1153436
1353189417,35,4908301
1353189889,29,3921207
1353192539,12,1920620
1353194581,23,1219472
1353195102,12,2169224
1353195200,109,6778482
1353196459,14,2120995
1353197177,30,7349606
1353197267,14,5658219
1353197461,14,7156280
1353198554,12,2923335
1353199222,85,32405937
1353199340,27,13349068
1353199411,12,2726029
1353200169,12,4470469
1353201470,164,29468397
1353202283,25,10139239
1353202444,11,7424221
1353204906,45,1780282
1353204924,62,30343341
1353204970,96,10535445
1353205055,7,336572
1353205303,7,899904
1353205564,20,5145354
1353205983,6,2388175
1353206617,11,2881130
1353207967,6,618061
1353208048,23,9589066
1353208846,16,6590706
1353209043,90,36242747
1353209693,55,22517284
1353209854,6,263551
1353211264,30,15193264
1353211268,16,3019821
1353212440,10,2332201
1353212958,13,5179220
1353213417,34,4327631
1353213508,9,1496476
1353213959,21,1872576
1353214333,9,1364679
1353215070,23,2302279
1353215448,23,7567728
1353215900,7,2922292
1353216198,14,1018485
1353217290,5,310657
1353218847,24,2277904
1353218873,11,6400940
1353221095,11,473180
1353223099,8,721710
1353225657,25,2752822
1353228508,18,963559
1353230482,10,1257881
1353257054,6,1483039
1353258620,11,2099430
1353261216,21,2243084
1353262823,16,689115
1353266258,5,418103
1353280479,17,7286831
1353282695,14,1379653
1353283852,11,4336784
1353323189,24,8788497
1353324885,24,1558096
1353325581,30,13823508
1353331160,28,2594619
1353331935,68,5698422
1353335081,7,412465
1353335097,13,1173672
1353336588,9,4478374
1353336788,44,1348517
1353338487,6,1002500
1353339860,121,14349161
1353346845,51,1810716
1353348648,5,207357
1353349293,69,6830671
1353349356,5,412560
1353349360,7,551813
1353354170,49,3133807
1353354996,9,1338411
1353356282,8,1997560
1353356491,36,18452744
1353357444,35,1466472
1353359889,39,7402062
1353362491,50,4618585
1353362741,19,4830010
1353367783,60,4260437
1353368666,3,23190
1353369119,10,1684957
1353369453,4,1509093
1353371611,15,5815924
1353378831,14,1264189
1353383409,23,1801067
1353388481,30,935887
1353389144,21,2298912
1353389865,22,20252521
1353392646,145,64712503
1353392775,29,1217878
1353395186,12,788444
1353396164,5,2943476
1353398957,15,3442313
1353398981,10,1881806
1353400958,16,2825527
1353401133,99,40228793
1353401717,9,2640509
1353402326,10,2744483
1353403247,8,2786755
1353403754,9,3414355
1353404570,7,1496979
1353404795,25,9995514
1353407030,46,19915305
1353407729,18,4757295
1353412154,8,2641844
1353412984,11,2108920
1353414307,61,1564070
1353415845,10,5987894
1353416328,11,1017125
1353417287,16,1314347
1353420319,12,1277968
1353421092,20,11381856
1353426270,15,1316531
1353427545,16,850260
1353431272,10,1282193
1353432375,11,1112280
1353433157,8,695556
1353434719,92,3748297
1353436728,4,143632
1353439090,6,113169
1353440682,15,808350
1353440750,18,3114511
1353444273,8,748779
1353444302,17,559233
1353446472,89,52162277
1353446748,9,403546
1353448762,50,4234601
1353449099,21,285672
1353451368,7,2500755
1353452031,117,52088405
1353452635,4,3362027
1353453425,42,2247490
1353454124,9,3965293
1353454290,27,10249647
1353455704,25,8522645
1353456629,11,851410
1353457472,4,486175
1353460263,4,149744
1353462677,26,4965739
1353464072,56,2742811
1353467258,14,944351
1353468298,9,881110
1353470221,24,963427
1353475590,14,5404286
1353476823,36,977156
1353479388,12,3191605
1353481670,16,1194412
1353482380,3,87292
1353485456,20,1717395
1353485545,18,9574248
1353485686,8,437755
1353487762,63,30064175
1353488734,27,9895654
1353489073,27,4348543
1353490179,27,864913
1353490290,10,2619321
1353491294,7,3119558
1353494081,29,2264958
1353494498,6,1830003
1353494672,66,19191077
1353494822,12,802214
1353495324,6,756133
1353496735,49,2037935
1353496913,50,2536333
1353497298,3,2137788
1353497392,86,40015560
1353497570,45,11933012
1353498763,11,2602608
1353499033,24,7899663
1353499238,16,6328358
1353499376,37,4769415
1353499668,16,2823967
1353500209,32,16139386
1353500737,7,3040734
1353501193,27,10070572
1353501349,5,1294377
1353502281,11,506923
1353502293,14,2494653
1353502570,29,20616758
1353502650,8,3007088
1353504175,3,336832
1353504647,24,4735572
1353504918,6,669539
1353505272,8,5150585
1353506283,10,3502223
1353506389,19,6767840
1353506986,14,3799747
1353507128,10,5380167
1353507887,54,4579721
1353508369,4,617608
1353509072,6,1028424
1353511277,5,537191
1353511729,26,1229169
1353511792,12,2236933
1353511925,69,3262404
1353512723,17,2395759
1353513255,4,462425
1353514112,22,1390617
1353514532,18,1525863
1353515610,10,2434325
1353516494,15,1137236
1353518528,36,897567
1353520228,4,443909
1353520338,5,665702
1353521752,18,2164424
1353522338,12,683650
1353522442,39,2690722
1353522577,22,1103031
1353523101,23,2187850
1353523568,20,2672751
1353524323,21,2732428
1353524658,8,710607
1353526376,9,622124
1353529968,56,3852474
1353531056,116,72900640
1353531339,9,2378058
1353533095,17,12756205
1353533729,44,10244815
1353534476,23,6679550
1353537709,16,42888
1353537731,13,945344
1353537799,318,143486379
1353539423,12,827500
1353539956,16,2765256
1353540306,19,2147636
1353540894,27,10802197
1353540910,10,3056293
1353541138,17,6084698
1353541561,9,1620718
1353542709,7,369234
1353543855,11,2283507
1353545386,14,1451597
1353546140,32,21289542
1353546470,27,11476003
1353546576,66,32989840
1353547165,21,1192788
1353550450,5,1266519
1353551061,15,3604737
1353551423,10,9675996
1353552680,16,1963812
1353552736,8,2698276
1353554369,12,6679192
1353556557,13,4511121
1353556635,23,1163844
1353557753,16,5331164
1353557781,10,608858
1353558045,10,755576
1353558157,7,1766406
1353558783,9,175436
1353559168,24,11326846
1353559718,20,10287764
1353560088,15,6467868
1353560347,8,1367380
1353561045,17,7381055
1353561118,24,7535330
1353561184,9,2256430
1353561500,36,13968324
1353561899,8,194052
1353562190,15,3521048
1353562208,9,340561
1353562715,13,1196024
1353562851,54,21363760
1353563017,7,3511391
1353563752,6,1448490
1353563876,15,1686545
1353564040,9,919203
1353564823,21,9430245
1353565486,6,951688
1353565696,16,8198798
1353565897,20,11747309
1353566737,14,1763318
1353566870,46,14135731
1353568220,29,1463331
1353568390,39,10899069
1353569194,43,17657269
1353570327,37,19504009
1353571055,5,312879
1353571082,250,26774971
1353571274,82,8075279
1353572093,44,20482975
1353572905,20,3288865
1353572995,7,987838
1353574065,11,5452552
1353574156,9,452594
1353574533,9,1498729
1353578397,19,18480118
1353579165,12,3786174
1353579729,20,392099
1353582509,9,412444
1353586350,96,10111720
1353586458,8,401753
1353587938,23,4365041
1353590702,9,2662708
1353593780,17,1021367
1353594609,45,8983927
1353594611,40,5732153
1353598113,14,717897
1353600256,44,11913276
1353600888,92,52033595
1353601618,15,2551826
1353601626,8,1993900
1353602283,4,1016847
1353603162,14,3737844
1353604152,15,2015603
1353604671,6,1419809
1353604815,3,1629567
1353605786,18,2825372
1353606440,32,4691427
1353606506,32,11430361
1353607841,10,3392822
1353608952,3,769193
1353610916,35,12651094
1353612231,17,5280380
1353613164,56,25841239
1353613759,28,8177598
1353614508,15,5779925
1353615640,20,2999606
1353617771,42,12235579
1353618799,31,13755530
1353618975,10,6040287
1353619422,22,13148247
1353619817,15,3675096
1353620118,15,8061897
1353621628,13,4935961
1353621865,13,2676701
1353622086,19,1240245
1353625342,14,2148376
1353625497,15,6776358
1353625724,22,2396902
1353626856,19,1976040
1353628008,6,579653
1353630449,22,2730984
1353631463,56,6237647
1353631923,25,2262448
1353640148,24,8557731
1353641064,20,1156659
1353643644,10,419246
1353649896,15,2541097
1353650009,15,3159045
1353653748,14,3175228
1353655832,20,1135146
1353660256,10,739695
1353666580,6,542750
1353668360,22,3139691
1353671731,7,1557739
1353675500,24,1520474
1353679808,9,1899766
1353700709,14,1156262
1353710252,8,481107
1353716861,11,1192457
1353717544,8,531667
1353726009,13,813643
1353730366,11,583832
1353734473,7,138197
1353736485,21,1386058
1353741565,7,723189
1353742899,11,1016250
1353753335,112,5601152
1353756244,14,1481627
1353756556,8,366904
1353760487,9,1455603
1353763088,42,3504845
1353763359,67,20937675
1353770853,11,844561
1353771233,17,644598
1353771975,295,26483675
1353772896,19,1558042
1353777798,8,384819
1353778098,49,798951
1353781814,36,1930549
1353786243,40,4162927
1353789556,93,7185056
1353789564,51,4869175
1353791065,13,3100778
1353791600,16,6238295
1353794453,49,22069876
1353795813,28,15006825
1353797105,126,32871669
1353798483,27,1858887
1353799246,26,549024
1353800793,36,13903513
1353802412,175,77083206
1353802849,22,8604943
1353802974,5,2205243
1353803229,8,3114350
1353803974,14,1030107
1353803989,100,2929422
1353807194,15,5034252
1353809487,8,161002
1353812181,26,7469998
1353812609,85,42126622
1353813708,23,9880373
1353814621,24,2459250
1353814662,15,1440849
1353815288,5,212649
1353818842,66,5508729
1353819208,146,11510962
1353819605,15,92625
1353821497,15,3696969
1353822294,35,4380140
1353823134,46,3660187
1353824807,30,2415309
1353826707,157,25986712
1353827176,19,6463341
1353830876,15,5377579
1353833029,14,1991380
1353838238,4,744000
1353838429,10,193768
1353839016,13,675943
1353840205,11,485526
1353841665,35,14396993
1353842203,8,1546777
1353842429,38,4483306
1353842433,3,154849
1353844317,43,11316389
1353845591,112,53991703
1353846473,6,1311372
1353846737,30,2038290
1353847117,25,8800515
1353850214,46,21562898
1353854166,24,8812217
1353854320,36,15847894
1353856558,7,2531148
1353856773,24,3399482
1353857378,5,1374289
1353858450,63,31225097
1353859273,28,7963666
1353859724,11,3475035
1353859929,12,3303809
1353860064,143,75979768
1353863162,12,2759847
1353863308,22,4851264
1353863841,13,486988
1353865195,15,1360308
1353868152,8,3873258
1353870065,16,7242633
1353873716,12,4296816
1353874521,17,4401355
1353876157,10,7378675
1353879925,29,4018251
1353880698,19,500338
1353884835,19,1711590
1353885881,10,602375
1353887319,22,1780935
1353888788,14,2521468
1353889569,21,2356081
1353891912,52,4320577
1353893526,27,3321308
1353893581,51,35540507
1353895543,120,57272530
1353896161,10,851680
1353896921,190,109311092
1353898733,7,3721640
1353899918,8,2630030
1353901265,8,808225
1353901332,4,691367
1353902289,68,34038962
1353903093,44,17764331
1353903408,5,489345
1353903464,23,9697060
1353904876,6,2217182
1353906081,38,1304978
1353906754,37,23724479
1353907424,14,5976658
1353907531,18,3891895
1353907545,15,1976937
1353908219,16,10433373
1353908566,13,4166160
1353909253,57,29519021
1353909659,182,80778871
1353911067,126,56969731
1353911304,15,3760456
1353911745,48,26446971
1353912044,27,13349629
1353913607,3,975127
1353914691,10,6263424
1353914765,64,22792509
1353915401,15,9184459
1353915810,17,1490219
1353915909,5,1493784
1353916479,6,886349
1353917734,17,9517077
1353918096,36,17065384
1353922505,12,1841490
1353923875,28,2512618
1353926269,9,594162
1353926271,5,410086
1353927000,18,6466422
1353931766,12,4937824
1353931769,69,5260198
1353934407,30,1299537
1353937639,10,991790
1353938999,258,28515693
1353940425,42,1692841
1353944690,77,36975510
1353945349,7,624525
1353945806,54,13769661
1353946626,41,14260840
1353946645,17,11717441
1353947398,8,569660
1353947880,37,18304769
1353949550,51,8949758
1353949995,31,15820548
1353952973,39,24453171
1353954054,26,8349185
1353954203,7,355377
1353955422,62,3045938
1353955801,4,1166124
1353955870,15,6242413
1353956796,40,10264334
1353957016,191,74699068
1353957101,16,808376
1353958217,62,18558405
1353961086,14,1290734
1353961239,14,5947754
1353962391,29,2426307
1353962658,11,3298921
1353962790,18,7705608
1353963468,19,11298988
1353963515,16,3180369
1353964906,16,7191911
1353966992,10,1602133
1353967101,11,1166474
1353967583,15,4581561
1353968942,14,719884
1353969474,21,840715
1353974143,8,1185088
1353974701,9,2487881
1353975220,15,4345726
1353976044,354,40675939
1353976530,9,1002956
1353976735,19,6864250
1353977856,8,850358
1353978077,20,1744568
1353978484,54,3013491
1353980023,12,3193659
1353980138,6,580823
1353980215,13,2039664
1353980248,15,1857441
1353982674,47,9310701
1353982868,10,3038673
1353983761,25,1146032
1353986788,59,3685250
1353989070,8,2268611
1353990787,13,451318
1353991204,14,22951623
1353992546,55,4021210
1353992943,14,6190185
1353997249,23,1495262
1353999263,12,1442710
1353999823,9,189799
1354000027,12,2919767
1354000867,26,34313846
1354002846,55,15944507
1354004616,15,2467922
1354005438,7,1918075
1354006636,5,369380
1354007207,26,4397078
1354007439,4,1108430
1354008234,46,11630704
1354008468,14,1418164
1354008701,15,2610368
1354009650,10,3731795
1354009839,6,580628
1354011078,54,1823046
1354011681,7,1432579
1354012037,14,5089858
1354012562,16,4275237
1354012803,14,8664707
1354013156,9,972978
1354013580,9,822273
1354013758,8,7004038
1354013984,62,44551408
1354014132,10,734300
1354014402,40,1874174
1354014617,67,25246981
1354015004,16,4247998
1354015727,79,54317501
1354017026,26,13568925
1354017193,13,3541610
1354017441,9,1323550
1354018175,5,814872
1354018301,9,1326072
1354020112,13,726122
1354020225,65,42787326
1354020572,12,4117565
1354021676,28,23245542
1354021849,9,2626907
1354022284,27,5779356
1354022479,9,878247
1354022504,19,7738217
1354022564,24,5526403
1354022819,58,1667687
1354024081,18,1653069
1354024429,75,30307112
1354024723,12,3439601
1354024854,16,2386585
1354025456,20,1028029
1354026617,16,2810037
1354026623,20,5605213
1354026918,35,22476568
1354026969,14,10001681
1354027404,12,8087371
1354028557,14,6476442
1354029337,40,11394215
1354029746,16,4748731
1354030211,45,2542946
1354030427,5,827412
1354030593,20,14104962
1354030894,28,20825380
1354030968,23,2729718
1354031917,15,1726374
1354032273,11,4577397
1354033768,8,516168
1354034657,34,2539233
1354035536,25,18558658
1354037400,14,833513
1354038063,5,240058
1354039328,9,2149938
1354044995,10,1361016
1354045414,79,1732048
1354045420,6,545202
1354045606,9,645547
1354045798,11,1795839
1354046379,9,439569
1354048238,17,1356713
1354049217,16,1081775
1354049693,36,2841347
1354049798,12,1724616
1354052649,14,798486
1354053184,15,2724034
1354053944,62,8749629
1354054965,19,857579
1354057095,12,1075338
1354059663,15,4714938
1354059886,18,1679030
1354060615,13,1681177
1354062809,13,3902313
1354063688,5,1540489
1354063899,16,661964
1354064936,21,1452075
1354065745,22,1661402
1354067123,414,83781216
1354067537,3,674179
1354069168,11,3798662
1354069347,32,3113186
1354071481,39,17823017
1354072327,7,2059375
1354072423,12,578062
1354073627,15,1938567
1354074057,12,3347362
1354074247,11,533435
1354077193,24,819331
1354078907,4,116201
1354079291,9,3929119
1354079885,14,2821392
1354079982,9,425505
1354080248,21,5252273
1354080323,12,3528643
1354080945,14,2618545
1354082768,27,11200386
1354082977,21,8127973
1354083678,20,7331405
1354085823,34,3831251
1354085838,25,2799984
1354087504,36,13157517
1354087821,13,2726515
1354088556,11,828356
1354090849,68,4199173
1354091371,10,286820
1354091830,145,18335340
1354092677,19,4318118
1354098452,26,3415845
1354101097,14,1027281
1354103226,33,4519125
1354111514,10,1335096
1354116939,21,1250274
1354124465,9,693281
1354126923,14,1153386
1354129796,15,1350928
1354136930,8,1395133
1354141897,17,2700476
1354144568,9,855960
1354148001,13,1526632
1354151926,16,1697789
1354167061,18,7471468
1354171552,11,4459849
1354193010,17,12895672
1354194382,40,21465761
1354202880,21,1777960
1354204803,35,17216483
1354209410,40,3961139
1354209625,13,4773899
1354212059,13,945801
1354213997,28,2047229
1354214523,7,471588
1354215628,12,1023710
1354216672,6,294391
1354223598,21,2308441
1354230250,27,1791459
1354231234,25,988971
1354242342,3,76218
1354243657,13,2590243
1354247216,36,3322887
1354252911,64,1416825
1354254384,43,18511718
1354257381,9,422169
1354259377,32,1472881
1354263255,11,1321319
1354264639,12,5062073
1354265603,21,2112124
1354266488,11,1463133
1354266600,20,3067528
1354267086,465,145390715
1354268174,32,8339504
1354270378,101,22536905
1354271720,50,13070649
1354273938,15,1682065
1354275176,60,13497631
1354277338,10,1576362
1354279916,9,3293411
1354279990,30,2784552
1354281339,38,17087711
1354283362,25,2538886
1354283936,5,529127
1354286337,16,4615580
1354288145,27,3059458
1354289419,5,2643631
1354289580,16,3152433
1354289956,16,2749775
1354290320,11,745273
1354290591,15,6049199
1354292420,16,1834541
1354293904,17,205598
1354294234,10,4129489
1354300952,8,552582
1354302092,110,3204159
1354303929,39,3938806
1354304692,34,745589
1354306717,83,9895771
1354310865,12,2264690
1354311715,4,147170
1354312524,16,1080443
1354314292,12,2432025
1354316125,29,2210818
1354316436,9,17379613
1354317018,34,2201541
1354317070,12,1564102
1354317231,17,482791
1354320317,27,1788456
1354320523,16,1900837
1354320813,12,1024245
1354322202,42,1156791
1354322662,19,2819372
1354325359,121,17163198
1354326847,16,695512
1354328013,13,1434022
1354328476,3,1200814
1354330136,10,2012256
1354330316,130,51003631
1354331046,42,13825376
1354332061,20,2477965
1354337101,46,27845521
1354337882,6,1003012
1354338724,10,1857264
1354340315,14,3345357
1354341702,14,2579645
1354342601,15,8078107
1354342848,40,15735398
1354343129,61,27849415
1354344770,68,11673535
1354344923,27,9134511
1354345057,37,3216896
1354346284,74,1571248
1354346506,8,786193
1354346519,12,1474893
1354346623,7,1223286
1354347526,7,2038163
1354348222,11,981082
1354349391,26,8446129
1354350273,64,2354991
1354351054,3,57642
1354353409,13,955608
1354353553,9,1222759
1354354341,41,12517320
1354355052,12,2646469
1354356794,61,2373208
1354366765,21,1711778
1354367033,88,2576270
1354367621,5,874009
1354369899,4,1171848
1354370026,36,2070496
1354371746,21,8082568
1354375785,30,9814548
1354377046,8,712972
1354378865,24,324440
1354379344,19,968639
1354381808,57,43243541
1354383721,15,4623604
1354384641,171,90496485
1354384844,16,1519730
1354385199,17,11450807
1354386063,6,1686293
1354387979,4,928808
1354389427,111,70945100
1354390360,27,673439
1354391797,14,4781717
1354393512,33,14681290
1354394633,224,132464002
1354394667,7,5435903
1354395571,8,2342056
1354396901,17,1420203
1354397475,37,12516504
1354398213,16,1772745
1354398417,5,1722649
1354398960,70,51666145
1354399343,15,7509690
1354400608,3,624636
1354401597,76,5573057
1354402482,30,12979335
1354402629,82,26585024
1354402638,13,646679
1354403621,10,2580054
1354403678,23,8908786
1354403953,100,67833941
1354404124,82,35292715
1354404286,18,2448090
1354404592,15,9507140
1354404785,176,13887616
1354406327,6,1498397
1354407645,11,4267482
1354407754,29,1831110
1354408901,25,17588010
1354414324,4,446109
1354416730,10,7006145
1354416924,12,557943
1354417447,11,963814
1354417707,4,117142
1354419061,20,3702334
1354421237,6,399675
1354421327,21,1168400
1354424444,20,2970669
1354426311,16,1042096
1354426500,43,2058310
1354427639,41,8058144
1354429234,33,4624425
1354429287,28,3960283
1354429433,15,1796016
1354430717,15,2750684
1354434937,16,3455624
1354436053,7,219339
1354437443,7,592579
1354439300,18,4530858
1354439788,60,17292659
1354440490,27,3038219
1354440800,13,1453051
1354440953,16,1148880
1354442873,19,642861
1354444006,51,12010542
1354445953,68,28496635
1354446936,5,5075358
1354447010,7,1918631
1354447019,143,5869620
1354448471,33,14932664
1354449173,26,1967350
1354451944,14,776664
1354453071,16,7180216
1354453325,9,3201522
1354453916,138,15166627
1354454478,15,4221490
1354455353,3,898833
1354455479,10,3093086
1354455962,25,8543635
1354456528,11,1876612
1354456742,61,17456891
1354457035,108,40208600
1354458763,5,2718875
1354459715,8,1793552
1354460095,19,5232995
1354461069,14,898337
1354462199,23,17050527
1354464522,13,2903745
1354464642,3,1399608
1354466365,60,8166892
1354466916,79,1373882
1354467043,33,7959190
1354467049,16,2336535
1354467131,6,581559
1354469260,10,1268588
1354470345,11,3116828
1354470890,4,1749486
1354471234,48,4053832
1354471297,6,2337108
1354471547,6,185088
1354471566,17,4387576
1354471710,262,23569170
1354472787,8,1606517
1354475391,8,2636728
1354475675,8,4475814
1354476305,14,6027937
1354477122,47,3735733
1354479642,11,1274119
1354479958,26,12152018
1354481819,25,4423252
1354482192,31,2487282
1354483217,8,1724304
1354483611,194,6205289
1354486313,43,3205913
1354486528,24,1424621
1354487347,13,2656904
1354487565,22,5969396
1354492111,16,2085045
1354493036,7,826422
1354493123,25,1378697
1354494432,22,7855177
1354494891,11,509003
1354495717,18,5320917
1354495815,13,3305159
1354495928,229,170500074
1354495951,106,14559693
1354496666,10,1163778
1354498358,10,6173848
1354500029,5,192893
1354500283,19,10316849
1354502849,90,39880575
1354505122,8,486469
1354506159,46,15244890
1354506350,7,1251543
1354506610,11,3405334
1354507629,13,781855
1354508704,38,14170640
1354508935,13,11030229
1354509853,16,12339475
1354509935,20,1439436
1354510261,167,62262544
1354510794,48,17042316
1354510802,17,4966400
1354512346,62,4344109
1354512412,11,1134652
1354513487,9,3862941
1354513679,27,11394350
1354513871,18,1550045
1354515071,9,1111078
1354515413,13,7825498
1354515436,12,2485740
1354515640,38,1000995
1354515792,26,10210271
1354516128,13,1152032
1354516264,9,1092133
1354516527,11,1552440
1354516925,20,12756279
1354516993,13,2636586
1354518405,27,7589980
1354519202,13,2183983
1354519765,19,15931820
1354520029,11,4417405
1354520099,18,22656036
1354521024,13,6448027
1354521268,48,18714037
1354521316,13,687551
1354521486,34,20277345
1354521680,17,7238031
1354523182,8,705059
1354523252,18,836234
1354523280,13,2247038
1354523600,22,10034658
1354523910,130,65473587
1354523995,14,2052614
1354524730,16,2614910
1354525239,39,457512
1354528952,102,54912377
1354529032,13,3949211
1354529295,118,7711946
1354529598,14,714272
1354529830,13,890941
1354531094,42,24483220
1354531579,10,518296
1354531948,11,1532022
1354534220,13,452951
1354534552,8,1750738
1354536488,24,7152972
1354536633,71,25762520
1354537155,17,5253482
1354537850,27,1557877
1354539425,40,3139628
1354543272,14,1483842
1354543285,22,2549899
1354544070,77,1327463
1354544460,25,1444526
1354544590,25,6058450
1354545234,34,21052508
1354548491,53,10317705
1354550083,70,6153873
1354550456,32,7022597
1354551694,13,1078376
1354552481,5,329674
1354553079,6,1727246
1354554205,4,1024898
1354555066,13,1368952
1354555441,18,5078273
1354555699,56,8889444
1354556193,13,1259963
1354556297,228,89139996
1354556840,3,557724
1354557355,23,2313754
1354558498,40,20345489
1354558941,22,1236676
1354561820,5,287958
1354562308,29,9859136
1354563355,8,1285135
1354564160,54,37723141
1354564878,10,1737603
1354564996,10,605901
1354567176,112,46943823
1354568523,125,47850060
1354569324,13,2706356
1354569953,16,10018923
1354571782,8,1552838
1354574201,19,4337628
1354574725,22,2984753
1354575097,3,143600
1354576036,21,2093959
1354576333,28,1680643
1354576734,5,269828
1354576960,86,8812640
1354578323,36,4449109
1354579088,21,3727009
1354583229,22,1995972
1354583747,24,1789334
1354586223,23,3171381
1354587191,35,2934834
1354590056,11,2971465
1354590087,8,771664
1354602031,17,14859412
1354605013,18,37452178
1354607470,12,554975
1354607786,15,3059978
1354612624,34,2147378
1354615554,21,674429
1354649699,17,1894457
1354651373,14,1713201
1354652123,14,1283484
1354653142,18,1630883
1354653325,3,375877
1354656401,15,2447337
1354665832,20,5562127
1354686750,16,5028491
1354689672,21,1521158
1354690118,7,1712038
1354691533,3,582039
1354692319,3,625266
1354693253,13,111180924
1354694337,3,110215
1354695581,15,1061481
1354697933,13,457593
1354698515,14,2208567
1354699781,9,290991
1354701708,19,3037881
1354702229,16,1411763
1354707624,14,1326744
1354709430,60,13721666
1354709681,3,1123745
1354710699,11,5200709
1354712846,18,12429066
1354716396,11,527725
1354717394,18,5081744
1354718307,7,1621899
1354718698,41,13343686
1354723834,22,13197823
1354724264,30,10483529
1354728053,163,16599073
1354730107,3,990106
1354730190,19,1025565
1354735936,36,1238476
1354736426,23,24085206
1354739836,13,1145780
1354740685,52,2333471
1354741772,12,821105
1354744329,30,3793024
1354744357,10,1084860
1354744451,4,228806
1354745298,197,76441248
1354747458,18,1127093
1354748030,11,6070106
1354749064,42,1911175
1354751516,14,5727412
1354752168,12,1002362
1354752486,4,830100
1354753235,30,12395268
1354754089,11,2995911
1354754799,9,1683341
1354755775,24,8979712
1354755790,8,2230645
1354755836,6,1326307
1354755938,25,1299674
1354756260,24,9162136
1354757286,91,28703506
1354758401,85,44666844
1354759196,48,31420163
1354759346,83,26434503
1354761158,12,3595029
1354762460,6,267154
1354763694,8,692046
1354763716,11,3376986
1354764434,22,838948
1354764458,18,1886452
1354764591,7,2097333
1354765770,28,3483159
1354769333,32,2305904
1354770737,32,3066687
1354771963,14,1229039
1354772911,12,967114
1354776372,24,943646
1354776624,15,1108107
1354780958,8,2255023
1354782477,30,1378257
1354784995,298,4670468
1354789261,51,14939791
1354792145,7,1189777
1354792329,14,816123
1354793147,4,961708
1354795512,9,3054410
1354798306,12,3825498
1354798671,233,9893361
1354799630,19,1608136
1354801159,5,468570
1354802614,19,6193724
1354802632,16,768059
1354802989,7,2686000
1354804080,17,552762
1354804489,19,1184010
1354804871,13,4266777
1354806463,29,1703462
1354807288,8,1996228
1354807551,8,431540
1354808363,9,2219742
1354809421,18,4352809
1354809507,13,5238013
1354809858,16,2975077
1354811662,78,6430111
1354812749,36,713204
1354813136,15,815303
1354814742,10,3700898
1354821080,24,1803052
1354823954,6,537701
1354824074,12,1190990
1354825549,30,701822
1354826441,36,3272194
1354826843,21,897789
1354826992,24,1232916
1354829512,3,144858
1354830401,35,2862526
1354830831,18,2448190
1354831193,16,772708
1354831216,66,2931735
1354833983,34,1933643
1354835591,20,1051071
1354838128,7,502945
1354838698,26,3018063
1354839260,14,2717747
1354840562,13,3505081
1354840947,16,11065548
1354842042,12,1264883
1354842292,13,1016662
1354844183,23,12215859
1354844317,19,885264
1354845213,22,3363775
1354846066,113,3928011
1354846882,27,9318036
1354847517,122,32185369
1354847539,34,16204031
1354847639,37,7229070
1354848050,72,6911576
1354850048,9,2040801
1354850295,9,219997
1354850609,20,4610004
1354851062,15,2428861
1354851777,31,13863721
1354852448,109,14081753
1354853126,29,15578892
1354853914,26,10438273
1354854039,42,5539945
1354854452,17,2957841
1354854638,8,1615846
1354855735,11,2009406
1354855921,17,4747165
1354856064,15,3884270
1354857168,95,20128474
1354857885,12,2654010
1354858141,5,1407322
1354858348,16,6083286
1354858440,12,1822882
1354858560,22,8552063
1354859414,42,18015094
1354859650,7,771784
1354860423,16,509152
1354861038,21,7131863
1354861915,68,3909356
1354862266,17,9750520
1354862329,19,1021539
1354862455,5,1459298
1354863507,24,2995199
1354863624,13,3519095
1354864282,28,6688545
1354864511,18,1545761
1354865102,6,805405
1354865222,53,40551867
1354867141,15,6628640
1354867159,29,1551785
1354867261,8,2564107
1354867280,100,11916092
1354867384,14,5795782
1354869516,28,10983512
1354870544,9,608253
1354870846,12,4627713
1354871679,49,5733551
1354872528,32,11572481
1354874089,13,461076
1354874168,98,9180512
1354876370,5,808918
1354876882,26,1147518
1354878524,11,834435
1354878932,21,2661502
1354879345,17,4305870
1354881719,3,107132
1354882359,5,664221
1354884316,27,1211726
1354885676,37,3048709
1354889816,65,13259786
1354891322,17,1273271
1354891500,278,24115246
1354891875,84,4835391
1354892192,14,6835622
1354892299,5,292214
1354894933,80,40251234
1354894987,20,1041268
1354895710,16,2836626
1354896460,114,21530853
1354899218,30,2145431
1354899492,33,10890336
1354899979,16,1043459
1354900283,32,9226925
1354900722,17,3110299
1354903357,7,364755
1354904010,42,1110362
1354904422,14,1675021
1354905067,36,12241281
1354906381,22,800442
1354906424,18,7989043
1354906804,6,476778
1354907069,13,1545919
1354907071,6,1019860
1354908383,4,1078429
1354908480,7,2537093
1354909937,34,16116900
1354910399,3,1436300
1354910913,11,1923375
1354912457,16,1818145
1354912479,35,15276847
1354913386,11,4690256
1354913417,67,32917931
1354913540,27,3504671
1354913964,55,14529484
1354914024,12,9670567
1354914837,48,16421514
1354915609,18,10451356
1354915720,27,10493460
1354917034,36,17645546
1354917375,4,5007824
1354918857,8,2064863
1354919042,19,5549107
1354919052,20,6508215
1354919099,26,11052822
1354919372,13,1408113
1354919571,20,7816767
1354920054,3,716183
1354920154,20,7508798
1354920312,22,5105073
1354920500,28,15596601
1354920530,10,4615316
1354921293,29,13842509
1354922792,9,2275697
1354923727,9,2288126
1354924481,17,1682731
1354924555,17,4159845
1354925114,9,3087160
1354925388,15,11801544
1354926028,17,6632399
1354926091,60,5504199
1354926859,15,1021514
1354927194,3,444432
1354927384,9,3599969
1354927659,9,656632
1354927925,36,21382954
1354928030,13,5310695
1354928176,13,3374353
1354928190,6,702558
1354928970,11,1923338
1354929178,33,2219075
1354929355,21,2029106
1354929435,20,8091110
1354929490,8,3148273
1354930095,5,1478047
1354930476,74,33761034
1354931482,17,4256461
1354931538,24,1790463
1354931780,23,6837457
1354932309,93,3221689
1354932698,12,4647154
1354934091,20,4884852
1354935540,26,1627795
1354939306,40,3912251
1354939382,34,6097334
1354939502,8,1080683
1354939641,9,1192239
1354941828,39,24306671
1354941914,19,5637180
1354944041,8,342493
1354944594,31,1709948
1354944658,13,1316239
1354945570,71,9784459
1354945816,10,1496584
1354945946,12,2064176
1354946985,6,401370
1354948631,12,1972578
1354951203,25,521856
1354951582,44,1715456
1354951905,24,6596378
1354952017,4,193821
1354955877,12,1665495
1354956396,42,13293932
1354957563,10,361276
1354958369,41,26625747
1354958647,11,2950883
1354958678,12,645784
1354958684,12,1341431
1354959971,18,1388036
1354960300,44,14420981
1354961243,11,3273026
1354962760,82,44501537
1354963269,35,4674808
1354964477,8,531455
1354964982,9,3867972
1354965107,20,1486656
1354966043,19,1432578
1354966933,3,1204385
1354968920,22,2002480
1354969518,88,20836442
1354969797,17,3746099
1354970751,10,4866526
1354970781,19,6283110
1354970958,19,2826094
1354972744,14,3728250
1354975090,9,1947106
1354975119,5,1772649
1354976217,6,1594892
1354978437,8,1294184
1354978777,15,5950863
1354979683,31,2400012
1354979990,12,2268526
1354980848,35,18663771
1354983055,9,1386155
1354988038,25,2199216
1354991359,24,2221516
1354992749,16,1638768
1354994902,6,254984
1355003209,16,4348220
1355007315,11,1060857
1355010989,12,1364277
1355033978,18,1255576
1355044757,5,393338
1355050516,13,4747577
1355052335,15,1422082
1355053526,21,9187740
1355060920,18,1894035
1355063503,13,5081140
1355066933,14,5428378
1355069004,10,310589
1355072017,24,2327401
1355073538,7,342931
1355073765,16,5298545
1355078860,50,2645261
1355079142,4,169716
1355079875,25,9893263
1355081788,13,941484
1355085453,14,985284
1355085738,7,258758
1355088020,6,293055
1355090268,31,3240648
1355090805,16,5458930
1355090941,76,4781068
1355091672,12,5314004
1355092814,8,5322425
1355096894,7,539982
1355097738,114,12349015
1355097958,5,557271
1355098212,5,547655
1355098221,5,229547
1355098952,15,1432561
1355103680,8,676043
1355105491,11,2548654
1355111961,12,1358420
1355112671,16,2070491
1355114699,25,8557493
1355115354,4,147762
1355118273,6,1232474
1355118748,14,3014004
1355119786,18,4522062
1355119951,22,6604830
1355120632,6,805802
1355120665,30,10812430
1355121248,32,12278873
1355122922,39,12179728
1355123529,24,10186242
1355123770,5,147069
1355126793,21,5071687
1355132469,47,1727964
1355132571,18,1681108
1355140154,24,1607821
1355149225,5,1600700
1355149447,15,4173615
1355150372,45,15416391
1355151329,33,9048142
1355152726,38,9713676
1355153404,11,1289887
1355154802,271,85420815
1355158625,34,6516349
1355161119,10,2981760
1355162241,4,1199543
1355162277,20,9109527
1355163597,35,7482517
1355164633,30,10579352
1355178428,4,307757
1355186884,102,32013066
1355187395,53,4433379
1355194173,124,50778697
1355194575,12,1402716
1355195751,54,1175444
1355197933,26,8762485
1355200614,138,58629815
1355201400,4,1368694
1355204287,29,2577452
1355205065,15,3273095
1355205176,3,425477
1355206460,57,1545623
1355206892,17,2879743
1355211886,19,3664287
1355213572,9,994852
1355214065,8,518126
1355214159,14,815964
1355215926,62,8293759
1355216794,80,1570311
1355216878,29,1511636
1355216901,10,813771
1355217287,13,538293
1355218725,104,13717472
1355219053,28,1918916
1355220563,12,1181540
1355221196,20,1341395
1355221952,9,800290
1355223098,23,1365079
1355226432,10,312926
1355227630,11,593252
1355227837,47,1745747
1355228367,11,595648
1355230943,5,213744
1355232453,17,1408621
1355233989,5,2948331
1355234209,51,3793105
1355234963,16,1201427
1355235428,21,528035
1355235454,35,4561070
1355235491,77,35093354
1355237530,18,14862927
1355238446,22,1470421
1355238568,31,656706
1355239941,18,9693955
1355240224,41,1757877
1355240347,8,3723539
1355240384,20,3926917
1355240591,11,512186
1355241718,11,616532
1355241739,16,599583
1355242340,46,4921501
1355242932,65,25588396
1355243565,10,4811184
1355244251,30,1545112
1355244813,3,991626
1355245800,8,1020246
1355246069,7,2861426
1355246602,10,947881
1355247005,11,8549878
1355247053,16,5515729
1355247180,11,6842166
1355247435,27,18769097
1355248758,9,1478622
1355249182,47,4171431
1355249192,7,813087
1355250541,16,608646
1355251106,25,3810779
1355251728,19,2932865
1355253278,22,16708638
1355253595,16,10590937
1355253920,13,1848570
1355253963,17,8291757
1355254600,18,6590299
1355255260,25,11910810
1355255686,50,24968091
1355256124,16,15338995
1355256240,30,20857873
1355256249,12,2261472
1355256428,47,24652169
1355256696,34,3258675
1355257659,9,6169792
1355258700,6,158752
1355258730,13,5931923
1355258964,14,5740766
1355259745,16,1741686
1355260016,9,1207384
1355260439,7,1631375
1355260527,19,712322
1355260982,14,1678818
1355261398,21,2916219
1355261421,26,20302510
1355261518,54,19127245
1355262603,8,476530
1355263340,14,5444554
1355263886,16,1637010
1355264985,36,2334416
1355265351,11,581855
1355265820,4,460023
1355266977,18,6624761
1355267528,10,687886
1355268044,21,1502512
1355268072,9,907298
1355268101,8,676653
1355272039,3,400516
1355273100,21,609364
1355276068,40,1816036
1355276131,11,717403
1355281378,42,4132502
1355284382,13,1235527
1355286446,4,179816
1355287907,29,1825899
1355289276,17,1666270
1355289496,25,1150436
1355289583,4,128568
1355290098,12,646188
1355290603,4,238827
1355293478,10,3985529
1355294513,25,1863250
1355295297,19,1717985
1355295397,74,25409392
1355295475,7,745770
1355295836,6,2025493
1355296282,24,1877862
1355297066,35,2678455
1355297461,5,1619825
1355297914,99,55684071
1355299842,173,69190008
1355300035,11,820940
1355301182,17,6784184
1355301362,57,4008166
1355301481,5,398074
1355301769,33,10398122
1355302078,7,521111
1355302254,30,6001181
1355304184,16,754953
1355304300,4,489160
1355305258,8,959835
1355305402,65,23635580
1355305582,28,23143211
1355305765,49,13395735
1355305773,18,5017146
1355306038,11,4104768
1355306247,10,2257262
1355306484,14,1295743
1355307200,8,377110
1355307384,6,2838911
1355308458,12,6494189
1355308462,13,6537055
1355308962,18,3111049
1355309355,25,4918003
1355311061,32,9822539
1355311804,79,1582049
1355312121,5,1012016
1355312480,18,4338337
1355312574,17,2529015
1355312880,17,14144619
1355314491,8,4019823
1355314765,20,726887
1355315076,22,1214351
1355315160,11,13555718
1355315244,59,18961298
1355315934,12,4613680
1355316046,13,7909461
1355316423,22,2521381
1355317079,23,7413778
1355317405,34,12845912
1355317436,11,4552524
1355317660,26,5862771
1355318074,9,2651506
1355318103,7,1539469
1355318608,3,348575
1355319147,65,21513974
1355319504,29,12421648
1355319697,23,4706952
1355319943,19,5328027
1355320276,32,6124945
1355320916,13,1651643
1355322073,24,4732768
1355322966,13,1844606
1355323490,23,5994961
1355323945,21,6239956
1355328765,353,34138877
1355328877,10,1972781
1355329023,11,620221
1355329342,7,1937857
1355330733,69,1533048
1355330944,13,899847
1355332799,17,2543301
1355333908,6,457408
1355334588,9,1069395
1355335719,32,8400902
1355336107,10,698338
1355338213,17,12119731
1355338255,8,592171
1355338294,22,3516982
1355338878,24,2663104
1355338886,8,620020
1355342346,11,490608
1355348519,29,1577496
1355349895,25,7449201
1355349909,64,24352712
1355350191,13,2839482
1355351993,28,7076280
1355352271,19,4915316
1355354079,51,16127563
1355354178,90,9810339
1355354618,22,4382949
1355355501,26,1934032
1355356405,3,814944
1355357786,10,3306811
1355357877,25,8350489
1355358238,163,55139427
1355358293,15,5519653
1355358448,9,1896031
1355359154,18,842920
1355359349,47,18087115
1355361961,4,1680545
1355362138,71,24902725
1355362314,10,2496598
1355363006,4,569129
1355364596,77,5753483
1355364883,5,385092
1355366107,33,3493092
1355367789,12,3312576
1355367807,13,3654147
1355368356,68,19524802
1355369124,16,5281794
1355370150,11,4679658
1355370499,21,999156
1355371215,35,2880491
1355371269,13,842091
1355374950,19,801504
1355375324,17,14744649
1355376933,29,1902312
1355377639,18,1615367
1355383848,8,1364740
1355383988,12,1495162
1355384583,11,941163
1355388116,19,3138683
1355393400,21,2571679
1355393437,12,1303306
1355399822,8,454189
1355406033,9,1183895
1355430211,6,136406
1355434300,6,511391
1355454309,8,599960
1355459144,20,1611598
1355462329,21,7219341
1355465331,12,1033761
1355472039,5,182206
1355478095,13,3859025
1355479674,4,105643
1355480779,11,1086566
1355483441,9,2675874
1355483615,6,382430
1355483624,5,364652
1355486838,14,4282686
1355488257,48,4182541
1355488358,9,765447
1355488581,6,500888
1355490463,7,392253
1355491791,79,12997991
1355492318,24,3495131
1355492325,8,1120091
1355492431,3,305084
1355493907,13,4415636
1355499856,40,3921341
1355500194,9,1048231
1355504324,3,558904
1355505301,49,21823612
1355507153,31,13852205
1355507392,93,21347738
1355507655,17,7731528
1355508352,18,9265896
1355508439,46,18658888
1355509903,5,777576
1355510703,5,1168691
1355510773,19,4493379
1355513466,15,3014072
1355513631,72,33827235
1355514366,44,15019874
1355515972,7,1654660
1355517849,22,3661074
1355518131,40,17276925
1355519317,14,7562680
1355519601,9,1667734
1355519649,7,743239
1355520309,6,471869
1355524585,16,719978
1355526333,42,1412606
1355527342,19,620955
1355529628,10,1341660
1355530373,11,670735
1355531065,16,1314790
1355533157,24,2190644
1355537827,48,1676813
1355538737,33,2185887
1355540782,15,4069215
1355541269,6,1704523
1355541388,4,327088
1355541465,5,1846003
1355542704,192,71922595
1355543184,99,53618215
1355543219,5,229795
1355545332,249,81546196
1355545443,8,1996832
1355546418,34,1460000
1355546641,7,2678134
1355549522,13,1051579
1355549665,29,13511187
1355550605,76,27309870
1355552163,9,2091102
1355554146,18,5168289
1355554823,19,5245654
1355555748,59,23336108
1355555765,4,251409
1355556134,16,709029
1355556539,11,4718605
1355557211,3,691962
1355558185,7,1569889
1355558544,23,8550703
1355559251,5,1269518
1355564038,8,1491051
1355571578,14,1810484
1355574488,6,208135
1355581104,10,596486
1355581286,3,334229
1355586295,15,4820327
1355587382,19,6733507
1355589076,9,5151943
1355589080,37,13166006
1355589336,32,15188521
1355591307,77,32355216
1355591922,11,879309
1355594550,21,8255087
1355595405,41,16425539
1355597044,68,30721438
1355597488,7,1623722
1355598938,9,4758604
1355601298,20,7027494
1355601451,7,1629871
1355602273,12,3821615
1355602566,9,2901115
1355602938,21,1149706
1355603361,14,2320230
1355605486,42,6036811
1355606632,6,225030
1355608177,12,1019361
1355609012,9,414487
1355612993,12,2267796
1355616568,38,2323063
1355616937,8,734759
1355617135,47,2238042
1355617145,11,3064191
1355620261,110,9151603
1355620701,10,3585076
1355625197,23,2894584
1355628015,10,1632253
1355628772,19,652153
1355628857,18,2162545
1355629435,8,565431
1355632670,9,524770
1355634318,9,1649331
1355634403,13,3886952
1355634905,44,23061959
1355635178,19,2230309
1355635439,17,545536
1355636599,4,382372
1355637621,19,1501420
1355637739,3,653620
1355638404,9,4253242
1355638877,19,1549293
1355640133,208,96325336
1355640913,145,25184874
1355641504,13,4847548
1355642051,4,1951242
1355642129,11,352560
1355643118,15,4217926
1355645039,96,3267458
1355645268,8,1030405
1355646124,20,4524819
1355647025,23,14645305
1355647314,10,1433710
1355647575,28,941447
1355649047,23,1977329
1355650981,43,24847570
1355651182,8,1577333
1355652330,18,6690800
1355653120,6,226737
1355653923,12,1566976
1355654876,16,5230332
1355656095,4,358260
1355656731,10,3615498
1355657009,5,924292
1355657235,15,3763941
1355657686,9,3636302
1355658652,7,2976445
1355658660,17,5384364
1355659400,5,440906
1355659479,3,654566
1355659739,6,3497852
1355659892,3,1622837
1355660253,11,1007066
1355661242,18,8983197
1355661620,259,25313133
1355662011,11,732086
1355662954,16,1390309
1355663399,10,2106938
1355663543,12,2198428
1355663845,25,10950196
1355664696,31,12489188
1355665422,3,693969
1355665771,19,4297739
1355665885,32,27432592
1355666273,9,5026657
1355666519,10,1868780
1355667975,4,2184361
1355670469,10,5414786
1355672701,22,934363
1355673530,18,1962312
1355674348,11,823144
1355677615,17,540200
1355677944,47,1963990
1355686462,21,7656248
1355687337,25,2301649
1355687456,10,7575215
1355687822,66,1895848
1355688248,65,17886850
1355688367,60,25456349
1355688758,20,1661623
1355693604,13,1407382
1355694016,86,36665068
1355695328,7,1301620
1355695675,7,838266
1355697074,18,1948421
1355697139,26,24466727
1355697933,11,540040
1355698547,13,2260827
1355700750,37,15163251
1355700954,42,15697890
1355701046,16,3433616
1355701311,12,4550670
1355701588,10,682680
1355702523,27,10385827
1355702787,3,706408
1355703598,16,3037542
1355704078,146,68020243
1355704092,17,2934441
1355704237,19,876867
1355704420,42,1120325
1355704541,149,68161383
1355705219,7,427771
1355705381,24,3034385
1355706724,56,15159495
1355707245,5,686178
1355707356,17,4357210
1355707402,19,5893879
1355707950,14,4961087
1355708355,17,7678015
1355709639,10,2430529
1355709882,79,26691600
1355710847,11,5767372
1355711861,26,4573806
1355715450,39,17933229
1355715666,23,6323091
1355716216,15,4673728
1355717083,12,2964993
1355717485,17,5529228
1355717590,15,3712588
1355717717,12,1737436
1355718544,12,3065484
1355719251,9,4472757
1355719568,41,2072274
1355719778,12,1344943
1355720031,9,717925
1355721160,15,7301474
1355721195,21,3823862
1355721660,14,6895784
1355721860,135,16117611
1355721962,16,1626352
1355722747,10,5173780
1355722770,10,5314151
1355722849,16,3254166
1355723823,20,2963962
1355724308,16,2019459
1355726565,14,5301947
1355728087,9,425720
1355728331,8,1358629
1355729489,10,552090
1355733849,33,9582046
1355733957,14,1693346
1355735364,26,1588493
1355736155,8,322078
1355736920,11,1812380
1355737320,6,162474
1355740921,423,105091302
1355742166,15,3420533
1355742372,4,619684
1355743796,16,2950508
1355743854,27,15752784
1355745248,8,1017506
1355745675,15,3620530
1355747344,11,3003542
1355749781,25,9051945
1355749859,10,1040474
1355749904,16,6531052
1355754546,14,1911245
1355754852,23,2497318
1355754927,13,1437115
1355755325,12,2689536
1355755367,24,988560
1355757278,35,10942816
1355757312,265,91266069
1355757557,5,820688
1355758776,25,11634136
1355759411,9,749935
1355761347,71,26056262
1355761420,7,572701
1355761484,14,3495216
1355761679,33,9926553
1355763394,11,1453855
1355763675,17,6779406
1355764103,105,61960808
1355765992,5,2668034
1355766671,27,8425206
1355767968,51,4171837
1355768563,5,3139020
1355768854,59,4148446
1355770408,6,4031018
1355771406,7,627778
1355771959,69,8308245
1355774361,3,154964
1355775007,8,461673
1355775216,20,1960504
1355776478,33,4582396
1355782251,10,616008
1355804454,13,2009928
1355851984,6,225354
1355854471,9,635484
1355855016,71,31666462
1355855543,38,4484809
1355858008,6,268835
1355858573,36,13019296
1355858878,6,106226
1355862163,17,1173918
1355862177,19,2177255
1355876823,17,598047
1355881937,14,1442306
1355882589,8,3010032
1355882601,17,5116550
1355883529,10,892870
1355888001,76,7023105
1355893630,24,1497545
1355893635,13,2051090
1355894222,27,1772017
1355900000,26,8226558
1355903645,45,20859420
1355904209,44,15479672
1355904335,17,8679317
1355905567,11,1722563
1355907562,23,5534609
1355908256,52,1151576
1355909215,11,2248154
1355910386,16,4982022
1355912472,3,4653664
1355913143,24,5826300
1355916363,14,3599235
1355917809,16,696077
1355919345,261,29668651
1355920768,30,3152120
1355922268,6,339814
1355924925,7,444630
1355932493,54,7818266
1355934762,7,2427894
1355935105,377,142340884
1355936303,49,16791417
1355937681,10,3456863
1355938412,7,911126
1355938995,77,19657333
1355939431,13,5622991
1355940525,90,34245360
1355941308,12,595312
1355942355,34,9535875
1355942578,8,1481597
1355945668,38,1342028
1355946040,31,10260943
1355946276,19,5206068
1355947332,99,21223781
1355948001,23,7470975
1355948422,7,1987445
1355949279,32,2618557
1355949324,33,17999955
1355949653,26,9333296
1355950943,31,9707829
1355950956,32,15193446
1355954898,64,27971359
1355958931,81,1856049
1355963130,17,2437289
1355967908,14,10445262
1355971529,21,1967785
1355974737,21,8043908
1355976151,38,12517184
1355976564,6,478922
1355978121,64,33043312
1355983969,4,773113
1355984626,64,33489091
1355985101,107,54042791
1355986058,16,5794961
1355987167,6,2089904
1355987568,21,6364009
1355988690,19,5849595
1355989205,15,1644324
1355989684,13,1156607
1355991258,5,1968920
1355991688,10,9238738
1355992078,26,11524853
1355992273,42,12485240
1355993953,27,14346705
1355994562,114,56572497
1355995309,14,5998230
1355995643,29,13538037
1355996925,14,674235
1355998815,89,48000695
1356000693,13,1480332
1356001011,20,1719667
1356001111,4,413756
1356005442,17,553292
1356005489,44,6766876
1356005845,41,3203432
1356005926,30,2391449
1356007630,5,5440125
1356011446,92,10370446
1356012589,12,2079409
1356012839,12,723730
1356013319,38,2885095
1356013765,27,1722137
1356018175,49,1561684
1356018662,117,15637764
1356018970,7,2378132
1356019277,9,579474
1356022133,6,133092
1356022290,148,37827691
1356025247,4,1042392
1356025643,20,2461247
1356027629,12,2755902
1356031169,83,70516825
1356031180,5,2005247
1356031962,8,784193
1356032458,18,7543674
1356032463,110,56463152
1356032661,23,564134
1356033240,8,3492085
1356034255,11,3680039
1356035459,8,435350
1356036884,7,917425
1356037431,24,12972847
1356038200,18,7572855
1356038473,60,40902733
1356038874,29,8438289
1356038949,94,58866485
1356039093,9,1834410
1356039295,32,11975395
1356040938,13,7706243
1356041615,135,61635238
1356041763,32,9355387
1356042409,12,3018575
1356042548,7,2079726
1356042685,13,2699562
1356043208,11,1550730
1356043728,19,5481081
1356043750,11,1537131
1356044424,31,17970702
1356044678,18,10527193
1356044746,30,8604163
1356045056,32,1056319
1356045405,21,4002234
1356045548,5,1911696
1356045672,254,136753788
1356046359,6,2006304
1356046936,50,19825169
1356047236,17,6843176
1356048794,11,4224584
1356048863,41,3287027
1356050597,13,692087
1356051444,10,2155718
1356054030,21,1269145
1356055960,10,608206
1356056457,23,1856677
1356057879,5,532953
1356058742,59,2763370
1356058922,23,4053598
1356060532,19,1093727
1356060654,9,910070
1356062423,22,766023
1356063744,14,553048
1356064179,23,852964
1356064191,16,503351
1356074804,9,633199
1356078525,26,9970863
1356079879,27,11008337
1356080168,15,1691566
1356081538,33,11998563
1356083006,16,1157643
1356083244,71,30351673
1356083995,38,22334930
1356084174,13,1648576
1356085547,11,1715298
1356087364,21,1143613
1356088229,14,5702191
1356088491,23,2430030
1356089204,3,472621
1356089555,33,5491726
1356089803,15,3055941
1356090356,21,1887884
1356090849,7,1835524
1356090996,45,27602559
1356092216,5,1171560
1356092632,22,10773154
1356092900,43,15630193
1356093319,22,2197426
1356094159,9,4107912
1356094252,3,1422444
1356095232,22,8346733
1356096090,12,5709655
1356096112,8,2259833
1356097328,10,1490406
1356097447,16,852792
1356097820,23,6554574
1356098899,84,35038900
1356099062,16,10199005
1356099448,10,2500774
1356099726,31,8851031
1356101040,29,1606872
1356101599,22,3592502
1356101847,18,3626460
1356102167,9,3818277
1356102217,4,1436237
1356102396,8,6855255
1356102831,9,7304009
1356102946,12,7263003
1356103303,17,4404703
1356103573,27,10396851
1356103937,10,2485472
1356104460,21,5527282
1356105046,29,7503240
1356105103,10,4846810
1356105410,14,7642552
1356105534,8,4007177
1356106400,10,1101064
1356106707,6,1391850
1356106969,24,9348940
1356107653,5,2638742
1356107856,78,15065621
1356109546,17,5184257
1356109555,53,13898757
1356112444,11,3149982
1356112928,13,2867796
1356113229,14,4344177
1356114759,68,4588186
1356115284,23,11209236
1356117471,12,3718446
1356120286,20,3496152
1356121385,13,2487875
1356122635,19,3485915
1356122825,35,16312264
1356123472,6,562895
1356125972,25,5693106
1356129311,10,697241
1356132429,33,1599662
1356133061,217,83270506
1356133103,4,894055
1356134681,5,1730788
1356134935,12,3138744
1356135001,21,3717170
1356136328,25,4891305
1356136375,12,1541945
1356136457,3,2555310
1356136661,6,1938396
1356137739,6,981504
1356138061,13,3852952
1356138076,8,1996681
1356139558,8,1243392
1356139739,18,6426311
1356139835,166,55197382
1356141124,6,2926986
1356141236,34,4126172
1356141672,15,10551981
1356142422,33,11032610
1356143131,65,35227094
1356144367,15,5155575
1356144706,53,17093970
1356145523,3,294632
1356145612,4,449857
1356145644,8,3396515
1356145830,36,30951567
1356146151,12,3421625
1356146153,8,1564771
1356146504,25,2920752
1356147534,12,6203100
1356147839,37,10310203
1356149976,61,21256698
1356151848,10,306314
1356151898,18,4409111
1356152284,137,63182133
1356152348,15,6208687
1356152857,6,1668151
1356155715,35,4909063
1356173654,25,929045
1356180023,10,4945852
1356218896,14,5343446
1356223499,6,325169
1356241941,23,20449139
1356247221,9,444146
1356248768,11,633649
1356250714,10,650190
1356253091,47,3886722
1356253152,15,1350306
1356255975,22,1169010
1356261500,4,268903
1356265054,12,717946
1356266078,15,1139151
1356266280,4,283740
1356270293,17,690820
1356275583,18,575013
1356292740,22,6429689
1356294844,10,3296517
1356295220,9,2115629
1356296862,29,9644657
1356297128,26,1950722
1356299725,27,8069101
1356300847,36,14853584
1356301165,11,3160410
1356302128,55,3155757
1356303508,13,1714201
1356303580,18,4718913
1356303707,113,66314975
1356304213,30,10173230
1356305627,3,887031
1356306315,12,1847597
1356306604,19,992284
1356306738,26,15772880
1356307340,20,9171899
1356308606,20,1792471
1356312100,35,3956906
1356312411,8,839030
1356320339,7,254261
1356325569,15,1659137
1356326085,14,992208
1356326728,26,5761521
1356328742,31,5440277
1356330575,7,1191203
1356331216,27,7842725
1356333010,6,1542198
1356333660,138,59762842
1356334235,11,2706066
1356334251,7,2182605
1356335326,24,7478512
1356335442,303,134497862
1356336887,30,6215129
1356337781,14,1101500
1356338938,15,6276833
1356340902,9,2554920
1356341284,15,5184577
1356341309,5,932562
1356342609,78,26799534
1356344150,10,1969588
1356344325,14,6635359
1356344398,7,646523
1356345826,6,758621
1356346399,28,998483
1356346405,19,4388196
1356347317,28,4876391
1356348292,8,2435593
1356350237,8,4072437
1356353796,10,1082182
1356365446,8,832659
1356369183,42,14233337
1356371153,62,2820842
1356374728,8,2125161
1356379889,6,549501
1356380043,10,797904
1356380059,10,740499
1356380182,26,1797535
1356381157,59,26158396
1356382437,24,3320126
1356383425,109,45438874
1356384969,41,2620982
1356387407,12,661866
1356387925,27,12600438
1356388099,22,12320018
1356389108,14,1432192
1356389699,9,1998775
1356390737,14,1473803
1356392442,30,18238402
1356394603,4,253725
1356394747,55,34122403
1356395710,33,3268189
1356396795,18,12547494
1356398035,10,1757399
1356400571,61,7830729
1356401721,10,717535
1356405434,19,1331365
1356414603,14,5027634
1356415191,31,1712059
1356416466,3,893656
1356416956,230,45310434
1356417145,12,5635711
1356417692,281,160669790
1356421349,9,6362458
1356421942,11,865356
1356422431,10,2075401
1356422637,28,14111127
1356423649,167,90726030
1356425282,17,13930263
1356425418,8,778669
1356426246,97,40259002
1356428602,11,3282583
1356429285,13,8997032
1356429409,25,2167398
1356430053,33,9112165
1356430318,47,1093984
1356431819,9,2330084
1356432423,32,26081622
1356432702,27,1713958
1356434171,10,5134060
1356434272,11,3119621
1356434983,28,1698589
1356435715,9,2934001
1356436530,34,4172918
1356437155,27,1387039
1356438072,7,2907709
1356438217,5,1633458
1356438707,103,50252187
1356439154,7,2721464
1356439427,19,8590796
1356439644,12,1250026
1356440600,19,15427815
1356441797,7,1718596
1356442337,6,638247
1356442618,18,2042645
1356442876,4,2186990
1356443354,9,450159
1356443818,19,1021939
1356445017,8,3820
1356445704,18,2016458
1356448836,15,7191626
1356448842,6,398695
1356448937,31,2418446
1356449271,16,7902572
1356449312,11,2135325
1356449334,27,1530738
1356449344,28,12448725
1356449509,33,3480751
1356449936,16,1505695
1356450430,13,6677851
1356454032,13,2586433
1356456169,26,4484291
1356457309,11,1206907
1356457343,4,1278187
1356459755,32,11893667
1356459791,3,252053
1356459834,21,3449585
1356460519,19,2901313
1356460906,20,558708
1356461149,10,1236363
1356461163,4,375252
1356461830,72,8331547
1356464165,12,527079
1356464560,19,808340
1356469088,6,1558854
1356469426,13,857732
1356471655,361,119888565
1356472160,14,7060717
1356472675,62,40365021
1356473033,3,120271
1356473341,12,1721401
1356475253,15,2647967
1356475643,18,16141204
1356477070,17,1273359
1356477896,23,4934260
1356478286,17,2672481
1356478589,9,2792119
1356480135,109,48749356
1356480762,31,4126829
1356481131,5,562411
1356481833,81,2456758
1356482628,14,4807803
1356485571,13,6856016
1356485652,23,1672062
1356485892,51,27197637
1356488551,193,29837575
1356488597,23,3270001
1356489420,26,2861615
1356489463,5,931117
1356490187,3,3649892
1356490738,11,2578857
1356491708,37,1813646
1356491765,102,38783843
1356492078,52,23431053
1356492857,17,1059098
1356493021,25,6271410
1356494974,3,117744
1356495628,10,2572314
1356495957,23,7156027
1356496405,34,16805194
1356496797,24,14944940
1356496889,14,10613871
1356497435,25,19195894
1356498532,21,6651706
1356498997,3,985361
1356500664,21,1056115
1356500760,21,10780958
1356501444,15,4652108
1356501496,696,92930053
1356501690,14,6315911
1356501804,9,1817371
1356502032,19,6488640
1356502415,14,1738535
1356502986,27,863381
1356503610,15,909258
1356503727,18,13607212
1356504344,10,1219344
1356506083,17,7330920
1356506179,10,5638775
1356506561,14,3452822
1356506642,17,2116299
1356507796,11,795528
1356508032,20,10006820
1356508125,6,417820
1356508159,32,1302221
1356509500,18,955619
1356509634,10,1658315
1356513325,30,1789477
1356513454,16,873309
1356513745,16,3435602
1356513931,29,23332148
1356514570,13,492655
1356517214,20,1972478
1356517975,27,978833
1356518429,17,3575963
1356524261,4,274830
1356526017,14,144294
1356528139,21,4623215
1356529990,10,681761
1356532067,6,763228
1356532094,45,5654127
1356534228,67,18143683
1356535601,91,39908304
1356538751,6,1900090
1356540251,104,47530432
1356540402,25,709434
1356542918,26,1734912
1356544910,63,21637093
1356545299,19,4609443
1356545581,10,2145717
1356547065,29,3027393
1356547669,13,3222180
1356547913,14,3664859
1356549439,12,2629323
1356549491,16,13728910
1356551389,9,1972952
1356551461,53,27931586
1356551681,33,3553225
1356556235,12,3054786
1356557377,137,63396200
1356558040,10,6517697
1356559095,5,1964071
1356559248,4,1210663
1356561838,26,7660378
1356562892,3,1864501
1356564407,22,3050126
1356566135,17,1803057
1356566418,22,1375126
1356567757,15,2455502
1356568494,31,2767070
1356569498,13,878970
1356569889,11,446710
1356570923,11,973120
1356571027,13,584793
1356572159,42,3497566
1356572363,8,394233
1356572419,16,858419
1356572556,5,467820
1356579986,15,1309755
1356582123,14,2671817
1356584524,14,867706
1356587093,6,738714
1356590881,11,590994
1356599470,25,5518557
1356617306,8,8842406
1356632719,14,1370177
1356643923,16,2918615
1356645840,17,1159785
1356647054,14,1080967
1356665730,26,2016088
1356671172,10,854896
1356678986,21,4089551
1356683675,12,2961298
1356685121,27,3147700
1356689348,25,10445453
1356696422,7,2401154
1356701659,4,127189
1356703276,16,1214048
1356704582,29,2160781
1356706014,5,2091443
1356706631,27,2499006
1356707226,4,540136
1356707367,47,3387550
1356708776,6,472441
1356718842,47,1100474
1356719908,14,577290
1356721120,5,45992
1356723488,106,8237885
1356725268,25,5981711
1356726742,9,3239139
1356727790,14,4326875
1356728760,53,28801953
1356729149,49,21438497
1356729466,45,14788968
1356730285,4,1211294
1356730897,64,30145935
1356731155,26,1138272
1356733099,10,3715627
1356733562,36,11512961
1356736658,51,19849666
1356736900,127,6335021
1356739586,3,1078746
1356739729,90,43731204
1356741899,135,54032191
1356742049,24,11846929
1356743549,29,10635852
1356744521,5,1892412
1356747599,30,20036989
1356749941,5,2080388
1356752398,38,1101771
1356753358,16,3729793
1356757241,11,370723
1356757578,28,3156782
1356759456,16,915386
1356764768,16,2059382
1356764842,19,1608698
1356767205,13,3593812
1356768745,45,5349897
1356768843,68,6963415
1356768901,5,239307
1356773021,13,1868975
1356773139,31,9732252
1356773957,3,458835
1356774999,77,29812360
1356778714,7,1781122
1356779844,79,20634798
1356782970,12,879435
1356783221,137,55457503
1356783314,13,1696308
1356783745,8,4306231
1356785748,80,3233473
1356787260,48,12534672
1356787884,6,744064
1356788217,23,1223662
1356789122,8,865915
1356790650,58,3918903
1356791470,45,13557790
1356791544,40,2866460
1356792025,18,572237
1356792104,11,7745877
1356792324,33,8322920
1356793321,10,1269182
1356796083,20,520229
1356796252,36,3148118
1356796259,10,1310250
1356797211,34,8870071
1356799632,15,3500008
1356800207,109,4773633
1356800650,45,3723119
1356800708,18,515957
1356801590,13,1437268
1356803066,43,1683674
1356810636,70,1560572
1356815389,18,740663
1356816075,28,2513797
1356818091,24,1028942
1356823676,11,773443
1356824185,20,1862954
1356826913,26,843588
1356829065,42,55265098
1356831170,14,3577654
1356833437,169,75772028
1356833791,7,1751996
1356835339,5,1048356
1356835536,5,520730
1356837248,19,11163490
1356837995,21,8292257
1356838185,9,2256408
1356840094,21,6182608
1356840313,16,8335742
1356840604,16,5337406
1356840921,9,1172300
1356841541,11,2110512
1356842178,67,33881210
1356842650,132,53750639
1356842678,60,27677718
1356842839,4,1241758
1356843733,12,2485870
1356844249,15,5849031
1356844553,25,10961151
1356845825,20,7509133
1356846422,42,11398015
1356846700,7,1830639
1356847061,20,6637549
1356847110,18,9706149
1356847130,78,31438598
1356847553,14,2211990
1356848153,8,1656856
1356848269,21,12183445
1356848981,28,13095650
1356849042,11,6297912
1356849767,14,6353430
1356849901,15,2821205
1356850333,6,5180728
1356850970,93,36979815
1356853182,68,22283501
1356853373,15,1715969
1356853703,27,12448767
1356854099,9,2227274
1356854345,6,1290932
1356855168,6,955763
1356858989,11,567904
1356860635,16,9412170
1356865922,25,12086546
1356866455,15,1548252
1356868907,33,12558533
1356870423,3,345282
1356870617,44,1427711
1356876067,8,435423
1356878544,32,2316798
1356881240,9,6488006
1356884360,57,4822130
1356884474,18,1873881
1356886133,26,14438575
1356887002,10,1003726
1356889002,32,9446559
1356890898,5,647730
1356891019,12,2636255
1356894024,7,2029276
1356894136,12,1990765
1356896611,38,30800991
1356896698,27,5862432
1356896935,86,41309881
1356896984,28,9896825
1356897050,40,14653556
1356897483,32,7137134
1356898076,8,2632395
1356898604,20,5233467
1356900038,14,3548752
1356900265,16,1471842
1356900597,3,242259
1356901493,25,14067493
1356902735,5,528030
1356904626,32,12571823
1356904732,62,6173778
1356904952,8,706677
1356905087,24,13263150
1356905122,10,1340824
1356905613,4,162795
1356906056,12,3106907
1356906912,10,1331627
1356907153,12,5625677
1356907369,129,15224902
1356911585,18,3080810
1356913597,14,1004085
1356917686,10,1356659
1356918103,5,361207
1356918110,14,4214811
1356918425,18,1837033
1356919468,23,1162780
1356920169,5,439377
1356922413,52,2979005
1356924568,7,237161
1356928754,16,10708579
1356930004,12,1078659
1356932844,53,21154004
1356932939,22,8116060
1356933175,7,1751603
1356933235,61,3544024
1356934719,11,562958
1356936269,4,924286
1356936533,6,4482040
1356937160,94,34606856
1356938666,12,5081849
1356938829,122,58210765
1356938998,16,726996
1356939986,12,1194659
1356941183,17,596398
1356944520,18,930140
1356944555,42,17566045
1356946347,14,3021955
1356946666,16,1315815
1356947755,17,6319269
1356949134,17,2258795
1356950290,13,3747177
1356950928,27,1636374
1356951214,30,402871
1356951386,7,4612768
1356951762,153,83297587
1356952044,20,925778
1356952317,93,13251500
1356952988,9,4671007
1356953509,14,2682724
1356953628,13,2748456
1356953657,87,39068293
1356954272,50,239723
1356954367,10,3040689
1356954547,19,8479381
1356954694,21,3159994
1356954947,16,12511058
1356955069,14,6538299
1356956290,17,9112780
1356957021,12,3912079
1356957289,12,4701909
1356957489,12,1702219
1356958425,47,14869954
1356959680,4,1570357
1356960407,34,24707614
1356960783,13,15090507
1356962102,25,18547540
1356962289,30,9549478
1356963953,14,5249523
1356965470,18,14891833
1356965961,9,4630812
1356967576,27,11035017
1356968127,21,5648711
1356968625,3,312037
1356969396,12,1013253
1356969470,12,3429409
1356969506,42,16513242
1356969923,13,3069636
1356971897,23,9268346
1356972514,7,878299
1356973024,6,980742
1356973545,60,2363124
1356974060,10,1273016
1356975291,13,708974
1356975379,127,10040344
1356975846,11,781964
1356976076,4,1781868
1356977428,32,1021753
1356978851,16,7793959
1356981579,20,7114262
1356983105,13,3202240
1356985750,20,767712
1356987899,10,1602364
1356988126,38,733289
1356989311,43,1988921
1356993084,14,978453
1356994931,5,1166076
1356995001,12,3676615
1356996243,21,4036257
1356996723,28,11150040
1356997651,19,2575588
1356997932,5,1612314
1356998829,54,21194542
1357000560,28,17840574
1357000646,16,599291
1357001111,25,2695601
1357001555,23,1398686
1357002197,93,46384976
1357004060,13,4101964
1357004470,4,1139231
1357005402,134,34849500
1357005518,19,756141
1357005873,13,842570
1357006487,11,760462
1357006828,4,1089029
1357007137,27,1609408
1357007194,16,8011072
1357008978,86,23981868
1357009315,21,17651272
1357010190,21,3758068
1357010573,13,2659252
1357011095,16,1956088
1357011988,70,39019209
1357012966,6,1173396
1357013453,18,8898635
1357014577,7,1169991
1357015226,9,3729473
1357015351,10,2320275
1357016729,15,2121821
1357017146,12,4802210
1357017742,21,964858
1357017976,17,3905053
1357018145,9,2346476
1357018358,14,8810600
1357020383,8,2361681
1357020509,13,3034494
1357020519,23,10539343
1357021190,9,3884371
1357021512,28,4259876
1357021553,13,2477045
1357021669,11,1046547
1357022075,8,1089487
1357022860,16,3577376
1357023683,26,239110
1357024835,13,916296
1357026113,9,1032724
1357026971,23,686373
1357027477,35,18306449
1357027616,25,972484
1357028124,26,4299441
1357028138,4,941200
1357029009,19,1606498
1357030096,12,2852870
1357030580,17,2936695
1357031027,138,9965703
1357033386,41,4870544
1357034334,41,1821316
1357039130,131,3621176
1357041347,10,1116755
1357041567,6,1445331
1357043463,9,1601127
1357043884,22,1558489
1357045485,18,6763096
1357053699,12,3432575
1357056660,19,7919137
1357056819,14,1150802
1357057024,25,1400038
1357060569,38,2019568
1357063391,16,940386
1357070422,8,1973191
1357071097,34,1799492
1357071367,10,906792
1357071434,10,949749
1357077036,6,465610
1357077389,19,1106594
1357080330,7,10472824
1357081266,19,31010325
1357088803,14,1250670
1357097531,43,1573993
1357106406,19,5886148
1357116762,17,4631860
1357118634,6,474279
1357119383,48,2376131
1357120837,18,1417196
1357123520,25,8140672
1357134602,60,8259483
1357135985,17,929662
1357147774,10,4083582
1357151522,17,1402710
1357158231,13,643170
1357167408,14,1515339
1357169479,10,4238112
1357169851,16,1213706
1357174230,24,2613423
1357176158,25,5341433
1357177151,8,1522367
1357180214,11,5156543
1357183410,10,435697
1357184141,23,614619
1357185599,26,3379678
1357187962,4,1055474
1357194976,11,1278077
1357197117,10,767411
1357205026,13,959543
1357207599,16,6634850
1357210459,24,13780462
1357211068,103,41725717
1357211990,24,8736410
1357213193,18,6172687
1357214556,6,340910
1357215818,25,9922191
1357217890,50,28447524
1357218476,25,8320576
1357219054,22,6612565
1357219674,15,2070852
1357219695,56,15981059
1357220511,23,9814851
1357220619,16,1308500
1357220998,114,28938831
1357221021,6,468075
1357223853,49,22335232
1357224214,4,976207
1357224446,5,2145688
1357225001,13,1308503
1357225594,29,2172269
1357225766,17,6310378
1357226789,34,968664
1357228874,89,39981053
1357230407,38,13296115
1357232200,10,579469
1357232784,6,1463146
1357235185,20,6939276
1357237261,50,2139551
1357237671,17,1528850
1357241161,13,5713902
1357242474,16,3295383
1357243825,26,2640273
1357245195,34,3362864
1357246372,29,1761366
1357247684,49,738375
1357248142,26,11969473
1357248957,6,175794
1357249115,143,8728902
1357250971,21,4086979
1357252219,94,7843576
1357256600,5,1478997
1357258828,11,738269
1357259068,64,21119919
1357261306,34,889840
1357261650,8,703489
1357262015,270,86193493
1357264089,87,36437911
1357264643,11,574250
1357265548,8,55290
1357266663,10,1022124
1357267475,12,693136
1357268796,24,1569134
1357269428,8,756632
1357269924,62,23263405
1357270380,3,724594
1357271414,21,853336
1357271460,66,34228088
1357271956,9,2924676
1357272989,20,3215331
1357273015,16,2607402
1357274042,6,330236
1357274879,19,391828
1357275052,16,724314
1357275789,33,789478
1357276556,13,1141741
1357276965,95,40639791
1357277394,24,1693444
1357277958,13,1197025
1357278145,60,21045709
1357278526,65,16043739
1357280195,15,1776982
1357281278,15,3624714
1357281952,34,600327
1357283526,8,227357
1357283535,57,16596969
1357284423,42,7939716
1357286437,40,20086398
1357287039,11,465712
1357288572,11,959213
1357288614,9,1190813
1357288987,10,3877120
1357290583,57,1678086
1357290666,22,4120249
1357291654,21,2236233
1357293344,15,7716999
1357293432,13,6103809
1357293489,28,13656673
1357293756,20,691556
1357295720,11,475978
1357295722,20,2144418
1357299058,15,647486
1357299351,32,3442454
1357299496,4,225008
1357300118,19,1508300
1357302017,11,331295
1357302589,119,2419871
1357302700,35,1364748
1357305008,13,807076
1357305019,10,618105
1357305368,15,3228921
1357305963,30,3136692
1357310747,19,1367769
1357311510,6,400697
1357313359,60,22293169
1357313622,11,922407
1357315291,46,5890532
1357315692,11,660054
1357316238,18,1787480
1357317008,31,825337
1357317925,6,1894884
1357321277,9,3833517
1357321754,102,2824528
1357322162,4,990678
1357324097,5,1758805
1357325629,167,81198771
1357326444,16,545588
1357326729,32,2510608
1357327918,5,957581
1357328158,155,89169119
1357328840,17,2504985
1357329326,25,1257128
1357330006,14,882928
1357330127,7,549956
1357330715,17,489250
1357331489,5,1233066
1357333280,12,2081579
1357333569,12,4338192
1357333590,22,11339443
1357333922,13,2989105
1357334261,14,7904239
1357334653,30,2177794
1357334992,7,445622
1357335375,17,9852280
1357335952,25,14368553
1357336297,6,657362
1357338235,38,6781157
1357338524,4,1288608
1357338851,55,26989545
1357339449,26,1374285
1357339703,27,14629051
1357339749,12,4324893
1357340014,4,1125386
1357340639,19,927216
1357341451,47,11210437
1357341889,29,12594824
1357342365,16,7795297
1357342399,8,3605631
1357343311,31,2957109
1357343671,14,1613723
1357344275,15,3561722
1357344734,13,3358299
1357344854,32,2082060
1357344879,9,446838
1357345266,16,2821586
1357345807,15,7838364
1357345868,115,49787602
1357345919,15,3330547
1357346534,35,39040100
1357346841,49,17910986
1357346885,44,15315724
1357347442,10,2172578
1357348003,15,7102829
1357348277,16,2230614
1357348731,19,4039639
1357348752,12,996724
1357349854,10,2787411
1357351530,14,3198612
1357353232,5,789543
1357353326,167,25213424
1357353330,35,4416161
1357353628,13,3294657
1357354453,9,684848
1357355058,9,478142
1357355496,20,8966521
1357355763,17,1069589
1357356985,23,2332403
1357357038,9,1512836
1357357417,8,2817727
1357359299,36,7770479
1357359689,41,3348455
1357360073,12,956932
1357362893,25,640022
1357363939,10,751570
1357364720,50,5064246
1357366479,37,3487718
1357367233,9,1657768
1357367864,18,764531
1357370802,41,4870762
1357374154,29,3633395
1357374650,7,1689886
1357375186,15,1331656
1357375730,10,2446471
1357376324,44,1742102
1357378780,10,721566
1357379146,16,726236
1357379166,8,584157
1357379401,5,1618590
1357380973,5,421392
1357380997,26,2220165
1357381606,10,5635733
1357381619,14,839126
1357382658,11,718589
1357383999,5,5638963
1357384268,22,1258437
1357385763,11,5089245
1357386256,24,1631628
1357387657,15,2056762
1357388924,28,11386780
1357389024,6,4422046
1357389247,4,837592
1357390740,81,11294444
1357390916,35,12706087
1357391163,10,2958806
1357392253,134,94553188
1357393145,42,13726744
1357393156,6,1605309
1357394619,12,3595688
1357395115,27,5487431
1357397448,97,61073492
1357397523,32,2469048
1357397683,16,9670896
1357398046,10,4694397
1357400220,18,8711451
1357401220,13,2238703
1357401429,25,10253773
1357402107,12,5610414
1357402520,14,557571
1357402777,3,332873
1357403111,7,1471836
1357403897,13,3444204
1357403902,15,4661030
1357404539,9,707248
1357404542,40,9557667
1357404773,17,4445187
1357404917,20,7157707
1357406550,31,12840421
1357406625,30,813742
1357407421,20,1261301
1357407670,10,1883135
1357407782,15,7310444
1357408449,20,1458378
1357410323,47,19612654
1357413791,9,739985
1357414214,11,3494946
1357416054,130,16470636
1357416328,30,882822
1357417053,22,2246480
1357417420,12,1603982
1357418917,11,795849
1357419688,18,4159855
1357420753,55,4572355
1357421924,13,1877296
1357423559,17,2563530
1357424772,12,1054114
1357424843,21,804597
1357424962,10,849783
1357425788,218,8607213
1357426515,9,407800
1357426710,17,870891
1357427738,11,3027730
1357429673,17,1680595
1357429681,9,809240
1357433499,41,967464
1357434244,23,3425900
1357434798,48,17340811
1357438236,22,637454
1357438265,71,19329248
1357439974,6,226862
1357440964,29,1417500
1357442939,11,4133859
1357443645,7,866885
1357444708,71,32634713
1357444950,19,593912
1357445523,46,18418365
1357446227,4,426332
1357447465,3,855818
1357447743,18,11934896
1357450488,13,1630961
1357450863,64,24756830
1357450957,65,1860986
1357452180,16,3947598
1357452345,8,417828
1357453426,39,19489179
1357454429,6,2397612
1357455917,10,953025
1357456976,6,3674413
1357457369,18,4223187
1357457394,16,8745036
1357458041,28,4051850
1357458071,18,7652520
1357459558,20,9012838
1357459592,3,1260371
1357460311,4,750982
1357460857,9,3610228
1357461008,6,2100858
1357461241,12,1239871
1357461656,20,6367664
1357461909,12,1686293
1357462027,7,5377050
1357462401,70,43364532
1357462604,11,6328617
1357462795,27,18692548
1357463311,13,4042452
1357464350,4,1091292
1357465151,8,2522666
1357465211,16,1224082
1357465473,16,3241634
1357465485,10,4935000
1357465575,19,2499309
1357466468,8,2840339
1357466724,9,1437794
1357467152,24,2674109
1357467378,41,1230497
1357467827,6,1376692
1357469517,27,11003193
1357469697,18,5257715
1357471722,19,1122109
1357472300,14,7289542
1357472493,19,5310018
1357472545,15,4106539
1357473750,16,1227555
1357473957,16,1192876
1357474911,44,10950428
1357475278,9,260919
1357475355,23,15061922
1357475377,49,8684512
1357476480,17,928819
1357479810,11,916701
1357480269,20,4267874
1357480342,27,17150952
1357481094,3,1273381
1357481511,23,14147499
1357482096,17,1412124
1357483995,22,1385332
1357484678,15,3462373
1357485248,72,4349802
1357490946,16,727341
1357491898,57,1055891
1357492999,8,489372
1357493119,10,900065
1357494761,3,499068
1357496501,4,1264795
1357496997,19,5959666
1357498078,26,2816027
1357498742,31,8113338
1357500456,253,124700612
1357503611,26,9570175
1357503638,5,999607
1357504124,8,1386644
1357504374,207,50839435
1357505186,72,24098859
1357505543,16,5287785
1357506786,34,14784589
1357507347,34,2688947
1357508244,70,4914770
1357508860,9,444021
1357510238,26,8448123
1357510887,33,3072513
1357510991,3,382840
1357511086,35,12255577
1357511745,16,4086173
1357513603,13,3774693
1357513736,24,1583219
1357514518,9,304625
1357514584,8,1076596
1357514702,26,667003
1357515631,76,39994778
1357517247,12,2348604
1357519503,28,2001337
1357519609,9,2992770
1357520416,10,2569273
1357521315,21,3677866
1357524712,15,755819
1357527982,16,2072244
1357530958,12,637755
1357538122,27,2504672
1357541224,5,1786620
1357541411,14,286900
1357551148,33,9197242
1357554970,11,721043
1357562795,14,1295534
1357578429,11,1218182
1357584652,38,2201404
1357589119,16,2778911
1357598976,15,8641396
1357609903,8,679272
1357614894,21,1087199
1357617072,5,658437
1357617633,38,25542749
1357626256,15,1161016
1357628235,30,2209080
1357632515,10,519786
1357633558,12,4503418
1357634628,18,4034403
1357637706,22,3172126
1357638938,14,1782553
1357639762,12,3202767
1357646699,30,4767562
1357646908,10,2575030
1357651061,20,20302500
1357654214,9,1566449
1357660469,3,715962
1357662261,34,11084124
1357662431,47,15934477
1357665100,37,15869289
1357667638,11,3718444
1357668343,164,66448138
1357668859,42,14559023
1357670548,16,1340938
1357671812,91,41873164
1357674332,13,2407042
1357674537,9,4423666
1357675077,4,4218566
1357677922,19,7461615
1357681532,3,74600
1357681832,202,18171322
1357681843,22,1440688
1357682106,15,1368579
1357684237,7,762568
1357689135,13,392097
1357692864,53,7372962
1357696384,73,21259941
1357698452,20,6000979
1357699717,46,13815537
1357701462,132,55625458
1357702896,9,1507894
1357703616,39,2195445
1357705174,66,13903411
1357705236,5,1079946
1357705239,12,3402887
1357705521,5,1189936
1357706194,71,29280607
1357707107,8,4164482
1357710249,5,1143973
1357710266,8,2209985
1357712781,30,8995155
1357712877,3,2324503
1357713915,3,969438
1357714494,23,10069717
1357715104,35,9345995
1357716075,6,236862
1357725709,18,1816179
1357731902,27,1958217
1357733940,25,565837
1357735839,39,2166934
1357736775,7,2302789
1357738327,16,1576689
1357739064,12,4053477
1357744410,17,1113382
1357746870,12,1043691
1357748305,40,19954958
1357749177,11,663896
1357749770,14,709084
1357749795,24,1144845
1357751532,16,14002692
1357753156,5,1369045
1357753211,35,14208366
1357754759,8,1835209
1357755066,15,3835252
1357756325,49,14736458
1357759339,13,1755689
1357760039,79,40476716
1357760065,27,14213463
1357761797,286,12904970
1357764095,3,262843
1357764818,8,351039
1357768156,123,15963812
1357768268,7,517448
1357768376,11,2988806
1357769088,10,819526
1357772595,16,3802582
1357774113,35,6130810
1357774702,6,1133837
1357778878,30,928636
1357781589,70,4765142
1357783036,12,2416601
1357785274,58,3983732
1357785362,3,102073
1357785390,14,2496411
1357787579,12,603788
1357787645,155,7918330
1357791463,10,640032
1357791597,85,37142528
1357791713,6,1149397
1357791860,8,902803
1357791916,13,930521
1357792388,14,2547878
1357793503,13,4852793
1357793748,16,5406467
1357793867,35,13453155
1357794291,24,5957649
1357795150,16,8322390
1357795557,65,4445699
1357795839,5,163805
1357796931,8,6580034
1357797136,13,6263295
1357798545,3,1470632
1357799881,41,17270651
1357800623,29,5243813
1357800721,214,119244862
1357800821,104,61260319
1357801622,18,839123
1357801855,12,11406817
1357802883,153,46981737
1357803723,8,859104
1357804022,12,1287202
1357804374,19,1405178
1357806051,5,798084
1357806107,20,19717026
1357806924,7,3463175
1357806978,11,2568560
1357807483,72,41491640
1357808183,54,6196839
1357808198,28,970701
1357808276,8,997166
1357808775,10,1519719
1357809788,182,109020624
1357809847,21,5932371
1357810073,17,2702902
1357810605,28,5520534
1357813032,25,8108426
1357813840,11,3399673
1357813904,30,1511360
1357813946,46,1779087
1357816095,15,1133241
1357817166,10,3156079
1357817282,7,2354296
1357817534,57,16831696
1357817614,30,13318242
1357817701,9,1100456
1357818262,12,2187789
1357818440,27,24538697
1357819276,12,1381057
1357819822,12,5995586
1357820730,12,3805307
1357822464,58,5034153
1357823013,5,928631
1357823144,3,651104
1357823231,12,1927303
1357823884,16,1471980
1357824230,34,1608503
1357824390,23,9273052
1357825989,48,28400585
1357827377,17,1193376
1357827797,7,2917199
1357828103,24,1325821
1357828942,20,8930629
1357829528,14,892928
1357830823,17,5733483
1357831092,24,977622
1357831126,29,11500663
1357833125,15,1275126
1357834469,6,942288
1357836629,12,1278603
1357836748,46,1219747
1357837469,12,1007464
1357837541,50,11049143
1357837567,16,1533421
1357840560,35,2015838
1357841330,11,4114499
1357841380,18,1967030
1357842242,11,4923323
1357842305,47,1328708
1357843280,12,1311156
1357844745,8,587943
1357846476,7,787161
1357846664,93,6819742
1357853052,10,1509708
1357853601,20,1470823
1357854006,24,8850993
1357855091,56,2438839
1357856583,22,2044428
1357856986,10,4374243
1357859306,11,819207
1357859876,13,4392617
1357862233,18,3317586
1357863002,18,1645909
1357863237,29,11995428
1357863693,187,51854802
1357866413,19,8677975
1357866514,10,2862285
1357867785,12,7857460
1357869673,112,30598288
1357870010,33,7169122
1357870481,68,29220671
1357870689,23,2415455
1357871246,8,389811
1357871361,16,2223328
1357871708,18,8303343
1357872421,11,1776554
1357872651,6,2227787
1357873529,23,14931504
1357873705,4,1211021
1357874288,10,1206007
1357875247,60,1076405
1357875756,10,6769068
1357876331,12,4016344
1357876381,5,2598698
1357877342,19,4614645
1357877932,18,6169583
1357878109,6,2167974
1357878232,7,2266640
1357878755,18,13597945
1357880275,22,7767133
1357883745,18,1189088
1357884323,8,442898
1357884631,16,8170002
1357885079,4,2994248
1357886461,22,9698220
1357886913,76,1644301
1357887382,17,1319680
1357889083,7,743185
1357889445,12,1499296
1357890108,13,8917330
1357894249,67,5492337
1357894891,13,535388
1357895101,20,7641232
1357900366,20,1151647
1357902308,14,2607471
1357902671,12,2145268
1357903513,22,2174807
1357906302,11,933509
1357906857,32,12556698
1357908297,17,2883720
1357908509,200,52092947
1357908921,8,1322685
1357909235,16,627542
1357909265,5,1394072
1357909584,240,94325865
1357910759,55,4281069
1357911099,15,996450
1357911515,31,7132420
1357911592,4,1360186
1357912813,22,4754278
1357913129,76,24933141
1357914485,46,18264010
1357915063,9,3022519
1357916273,14,5222883
1357916386,4,738338
1357920220,7,4279910
1357921104,12,1155629
1357921222,13,7662734
1357921611,44,3025024
1357922331,5,1630894
1357922357,9,2389979
1357922396,107,9937149
1357922687,8,1365052
1357923908,8,2835265
1357925415,40,5942958
1357925463,28,7081961
1357925712,55,38607074
1357926367,56,18277470
1357926660,6,6474552
1357927900,28,13624714
1357929325,11,2360858
1357929752,11,1548060
1357931633,29,11677878
1357932244,12,765011
1357934073,10,1294694
1357986247,10,547768
1357988114,7,352609
1357991156,16,833700
1357991644,8,617121
1358012624,17,2341818
1358018560,8,1394051
1358020881,33,12992754
1358022731,26,3120077
1358039911,19,1228258
1358040703,12,5856866
1358041327,6,831545
1358041349,13,1496537
1358042950,6,3140977
1358043559,15,7105280
1358045056,17,1095452
1358045076,11,548249
1358046381,19,1187391
1358048538,10,3310267
1358050817,24,3030350
1358050993,11,733266
1358060074,5,827657
1358060807,32,11252505
1358062452,62,2225762
1358063428,15,505987
1358065205,13,4580161
1358065385,14,5347755
1358066668,21,1956062
1358066998,91,49549105
1358067478,41,13404547
1358069484,6,1177690
1358071250,51,12327929
1358072879,16,840347
1358074043,46,19854462
1358074570,33,11767686
1358076767,18,5445944
1358077133,16,8437496
1358078331,19,6494992
1358078933,7,319698
1358079550,7,2093249
1358081317,44,8562368
1358081508,16,5387167
1358086639,17,1087206
1358089428,11,839981
1358092187,10,1124289
1358093524,23,2091905
1358095459,5,207144
1358098732,40,14515530
1358099108,7,2156975
1358099261,24,9596377
1358101475,8,5737257
1358101600,13,5159000
1358102960,49,13849527
1358103454,59,19454027
1358104397,88,28667203
1358105142,16,4903278
1358107047,21,1482825
1358107499,151,54123952
1358109925,25,9116605
1358110220,8,2793224
1358112527,7,264626
1358113401,5,525405
1358113968,24,9289286
1358115227,9,7456281
1358116200,24,6205060
1358117210,6,775992
1358117860,5,869859
1358120281,7,84930
1358120662,16,1175430
1358122483,73,8393808
1358122868,22,2155916
1358125126,74,3233118
1358128686,24,923939
1358131358,13,638572
1358134088,111,15326513
1358134279,15,2444144
1358136587,40,2071880
1358144751,9,3672145
1358145061,10,4472805
1358147106,5,425169
1358147475,45,1495487
1358149192,9,701672
1358149279,17,4913066
1358151317,8,378834
1358151441,18,6429529
1358152936,49,17446466
1358154837,9,2769780
1358155014,92,41751236
1358158050,14,5004239
1358158166,9,960385
1358158194,8,556744
1358158916,23,6594634
1358160289,8,3895619
1358160744,15,5163094
1358161182,4,881956
1358162598,4,984126
1358163130,5,7228676
1358164979,23,1283666
1358165042,5,479379
1358167899,65,4620036
1358168426,12,472308
1358170858,12,863520
1358172346,29,1836210
1358179252,13,846211
1358182233,14,678643
1358184639,9,497146
1358186021,27,2383300
1358186705,10,819852
1358189309,11,1822236
1358189884,41,5070027
1358190802,14,2153223
1358191540,114,8650442
1358191551,58,17027738
1358191685,16,2021028
1358193310,157,109318829
1358193678,25,7558916
1358195040,21,8433213
1358196082,16,1017821
1358197070,6,1637194
1358197753,13,31538231
1358198733,10,365659
1358199317,11,232684
1358199866,9,2525467
1358200643,7,2043793
1358200748,23,6481698
1358201962,12,3797235
1358202074,27,10094374
1358202654,65,36474889
1358202790,13,4195277
1358202803,27,10041695
1358203152,19,3421467
1358203737,10,6378746
1358204184,15,3810132
1358204952,14,258980
1358205337,6,940525
1358206641,10,594556
1358207009,21,2111599
1358207091,13,5862456
1358207140,14,5986714
1358207214,33,16611807
1358207348,21,6194537
1358207354,17,794538
1358208556,17,5275151
1358208618,132,72828788
1358209583,20,2293575
1358209622,12,3548366
1358209820,10,2956794
1358210539,11,4290052
1358211559,11,1110108
1358211986,20,4000551
1358212009,19,6674904
1358212158,11,1945465
1358212602,5,2518736
1358212903,9,399011
1358213859,9,861390
1358214086,5,3094931
1358214415,9,3292863
1358214605,6,9460583
1358215070,13,1096991
1358215186,6,2013474
1358215488,32,10897440
1358216042,103,2385838
1358216126,16,369172
1358216133,9,3431830
1358217107,4,641739
1358217500,11,4376069
1358218672,10,12202208
1358218970,12,4603461
1358219783,23,4279219
1358220953,11,2983639
1358221371,9,916249
1358221928,12,361857
1358222608,13,2537831
1358223911,7,314259
1358225353,19,8681326
1358226104,17,524867
1358226516,9,308105
1358229187,21,7562813
1358229346,16,855340
1358229429,43,1780533
1358230412,6,1515944
1358231111,145,19476489
1358231122,24,3990060
1358231357,16,607141
1358231360,17,1513033
1358231955,8,643715
1358235154,10,1302723
1358238706,15,8369234
1358240129,58,1865040
1358243143,15,2927643
1358244067,57,11440503
1358244460,29,3009804
1358246906,76,32745855
1358247249,7,1937586
1358247252,11,2995346
1358247381,83,27993499
1358247432,13,4471831
1358247586,92,3405738
1358247670,4,158258
1358247710,140,61797950
1358249418,252,31343767
1358249960,50,1179078
1358250117,30,5925000
1358250660,24,10164577
1358252172,147,58909423
1358255699,16,4805733
1358257969,19,2129745
1358258674,20,10243748
1358258676,8,3567048
1358259666,28,8577821
1358261245,36,17385612
1358261937,40,28274513
1358262220,12,4825747
1358262254,30,7834893
1358262310,81,27232405
1358262539,6,1133685
1358262635,33,12639701
1358263560,17,3926524
1358264012,19,5349689
1358266553,15,247724
1358267264,10,629006
1358267568,12,11363794
1358268600,55,22098038
1358268735,14,4379562
1358269226,27,7402292
1358269369,16,10905441
1358269498,12,12158090
1358269856,3,780364
1358270340,11,7041106
1358270509,22,3216354
1358271738,9,5022065
1358272498,23,8523442
1358272511,304,156105836
1358273238,10,1781663
1358274038,15,213875
1358274321,29,1565310
1358275217,5,602547
1358275620,10,4062373
1358277403,10,1209023
1358277891,7,1248699
1358280591,31,1034872
1358280727,13,752106
1358280989,28,2485950
1358281474,41,2678816
1358282203,4,6079932
1358284801,6,5393482
1358285094,12,3838474
1358285645,16,2227493
1358288009,11,4646480
1358288674,28,1500378
1358288733,12,6224627
1358288862,3,1841410
1358289261,26,1060666
1358290669,3,5157222
1358291058,6,263049
1358291499,19,619563
1358292199,18,1567711
1358292931,11,8798777
1358297025,20,1047784
1358297474,27,2561708
1358297906,13,978019
1358300161,8,1259753
1358300386,13,529516
1358301120,198,64177901
1358301143,18,2701756
1358301899,27,1866794
1358301960,15,544428
1358303984,217,105466067
1358305496,77,6759896
1358306623,32,9995051
1358307069,86,34257901
1358307359,12,3049286
1358309219,19,2793329
1358310942,20,2682035
1358312311,5,923138
1358313290,7,2617300
1358314069,90,33929132
1358315299,8,2525846
1358317598,38,21240037
1358318535,39,13598507
1358318622,19,6226098
1358319037,5,1142987
1358320433,10,2355389
1358320503,66,25389972
1358321300,38,28600823
1358321364,18,8120157
1358321706,3,1508034
1358325070,9,758151
1358327009,23,8811892
1358333847,29,1371235
1358342894,9,760029
1358357808,20,1365681
1358361327,6,257006
1358361811,17,3398247
1358376212,10,792376
1358378012,21,14155637
1358388576,7,646808
1358394992,47,3543055
1358399803,18,1503461
1358404445,14,1532961
1358405568,11,410280
1358406697,12,5497406
1358415681,13,3806893
1358431766,20,2655873
1358432135,7,614033
1358433250,16,2444787
1358438893,8,2431556
1358439507,28,3220514
1358439997,12,1320860
1358445709,20,2708013
1358445925,11,1169613
1358458991,109,35004163
1358459453,15,3340019
1358459966,9,2359416
1358464126,11,1000104
1358464684,5,1276584
1358464808,38,16541227
1358465647,13,8266323
1358465979,4,938679
1358466428,9,364381
1358466625,17,5261464
1358470078,30,18071544
1358471368,20,4891582
1358471866,9,2972991
1358473769,13,3487328
1358476076,19,1170598
1358477552,14,1850104
1358478524,18,1136713
1358485202,37,897219
1358488945,28,9491743
1358490880,16,4008057
1358491049,114,46728624
1358491156,16,3898120
1358491596,10,870138
1358492456,16,934724
1358493835,63,19466845
1358495110,15,5386835
1358496020,59,22807494
1358496882,23,9827727
1358496966,353,125745820
1358499373,4,2391908
1358500803,6,1707082
1358502003,12,4750613
1358502859,22,2601767
1358502952,39,13711681
1358503506,24,8043288
1358503995,28,9259171
1358506699,41,10604771
1358508745,20,3857246
1358519023,24,1676160
1358519324,6,679206
1358528014,6,984924
1358530972,29,3746479
1358531429,15,8542183
1358533245,121,51631890
1358538509,56,1584148
1358538564,3,1032030
1358541542,10,447007
1358541833,262,136799977
1358542388,16,1296606
1358545417,10,2449880
1358546468,33,9758118
1358547172,22,5723458
1358547780,38,2781773
1358548956,14,6684431
1358549483,11,671101
1358550609,74,54652882
1358550745,5,2677895
1358551036,5,90201
1358551690,17,7531571
1358554777,14,3047053
1358555886,5,1041801
1358556191,5,489977
1358556822,14,8244574
1358557196,8,2117050
1358557475,32,2857531
1358557568,6,375522
1358562496,16,5211642
1358562607,13,1609425
1358562919,70,5015126
1358565000,18,22034472
1358566559,8,1076431
1358567512,8,498533
1358567687,48,3621597
1358572831,23,25084858
1358573876,3,106538
1358575668,10,1427497
1358577385,17,694881
1358579971,138,67653682
1358581736,43,1817181
1358581793,8,417784
1358582212,216,46837185
1358584259,10,1901242
1358585361,3,470200
1358585749,10,3789382
1358586672,23,433948
1358586721,12,3868800
1358586922,18,1049039
1358587019,136,47707382
1358587027,39,22764112
1358587836,13,16145613
1358589439,8,5207724
1358590344,10,2149377
1358590932,40,1021191
1358591359,60,6556708
1358591407,8,928529
1358591466,27,1038920
1358591580,8,3049026
1358591777,4,347743
1358592118,25,1168947
1358592229,7,2519512
1358592473,103,53089493
1358592761,20,685806
1358593121,9,2114284
1358594427,12,2268385
1358594482,31,11177638
1358595878,24,6871158
1358597690,6,491208
1358598925,62,22266940
1358598930,9,1743355
1358598988,16,6093117
1358599627,6,1585799
1358600662,26,8739210
1358601666,24,17845646
1358601907,92,41045090
1358602672,18,6888446
1358602921,3,1225332
1358602947,34,15995580
1358603342,5,618866
1358604104,19,1809757
1358605576,24,9824928
1358605846,24,1982375
1358607420,16,6025062
1358607985,24,9241091
1358608049,35,13389963
1358608669,124,9254242
1358610034,25,13668531
1358610176,27,9712594
1358610855,36,2732596
1358611342,13,782422
1358611541,46,5241222
1358611604,29,15144319
1358614680,10,464544
1358614805,3,348375
1358614968,9,3195243
1358616159,5,326050
1358616878,84,8359436
1358617660,61,7297281
1358618394,21,1259943
1358619278,3,286197
1358619597,9,2151673
1358621209,13,710450
1358621309,120,7730671
1358621872,3,329157
1358622190,11,413387
1358622283,9,837027
1358624208,14,3270816
1358624704,3,176981
1358625622,6,656474
1358625894,7,4782052
1358627143,19,1110378
1358628239,34,12020619
1358628872,8,792016
1358629663,17,679674
1358630089,16,1645969
1358631192,65,2433606
1358631429,9,1151799
1358632736,22,2196547
1358632857,34,2143281
1358633014,10,401216
1358633600,84,9698678
1358635506,55,21248345
1358635908,6,445029
1358636985,29,9611032
1358637523,29,23348813
1358638821,62,5598625
1358639404,91,32427073
1358639959,7,2706420
1358640738,21,5283267
1358640762,22,2223904
1358641216,5,1252026
1358643878,166,94098801
1358643949,46,2014173
1358644328,49,23076109
1358644393,13,534274
1358646717,10,480238
1358646867,5,2527098
1358647352,9,652182
1358647473,13,1389486
1358648162,100,32877845
1358648334,20,8856313
1358649674,15,2402776
1358649871,12,3588531
1358650478,24,5385653
1358650525,45,14063518
1358650864,22,6819817
1358650901,72,37583480
1358651366,15,1382547
1358651481,12,1363337
1358651487,3,702
1358651510,3,975015
1358653012,78,25517752
1358653496,63,4327659
1358653674,10,2755321
1358653784,28,1584213
1358654069,13,2968152
1358654424,9,1019961
1358655196,12,1214591
1358655431,7,1820222
1358655584,12,693424
1358655589,3,312197
1358655743,14,944048
1358655772,17,447379
1358657042,11,2929065
1358658278,23,4859437
1358658901,17,4037456
1358659129,28,13794714
1358659710,22,7642430
1358660441,57,19781856
1358661057,17,1092921
1358661142,18,1347255
1358661146,21,2499665
1358661362,16,4164638
1358661519,72,6753559
1358661681,29,1289362
1358662061,37,9893871
1358663876,7,1555028
1358664007,44,32463625
1358664311,16,448425
1358664676,15,4613127
1358665080,22,5937040
1358665556,33,15679346
1358666153,12,3348720
1358666737,13,10853865
1358667018,29,598979
1358667273,17,5818417
1358667293,13,3703367
1358668213,16,8024633
1358668539,26,1496037
1358671046,7,435531
1358671277,134,14504793
1358673781,59,1772979
1358674374,8,466917
1358674400,6,92342
1358674577,22,1574354
1358676164,66,4545371
1358676214,55,4200274
1358677511,15,992783
1358681777,14,1891454
1358682519,19,4349125
1358684729,27,1105815
1358689294,8,645611
1358690627,28,2788542
1358690931,9,646379
1358692785,19,2927401
1358693175,13,4221110
1358694402,7,630110
1358695836,324,121630733
1358696598,12,1542141
1358696791,35,5414171
1358697870,11,2356431
1358699353,16,4929039
1358702026,44,22100333
1358705811,17,8787590
1358707406,6,4004229
1358708441,3,1132245
1358709061,3,742189
1358709239,5,1478630
1358710078,32,12515594
1358711170,14,3368391
1358711208,61,18879090
1358711458,9,2165884
1358713020,18,5707968
1358713110,25,9486357
1358713115,26,4691034
1358713320,50,24834455
1358715079,9,1015874
1358715230,9,1272658
1358731369,21,1968575
1358740509,10,1068817
1358742633,18,1240716
1358746253,4,136059
1358750396,7,1797807
1358766406,5,224227
1358776646,7,182566
1358780714,15,782014
1358789544,22,2790306
1358798320,16,2012666
1358801889,11,1168347
1358814038,20,8213002
1358815960,30,8748020
1358819124,14,650062
1358819737,13,2547443
1358822976,13,3598570
1358824623,5,343761
1358824811,11,4335919
1358825932,12,2053860
1358827021,4,311715
1358827564,14,822826
1358827696,24,9339303
1358829106,33,2631968
1358833104,91,11251343
1358842152,5,424347
1358845179,81,5998414
1358846405,9,267342
1358847451,18,2061776
1358849545,14,1834980
1358852721,30,18438748
1358855460,7,2364900
1358856014,17,4082696
1358857556,15,2264424
1358858606,30,18827546
1358858651,118,58925847
1358859935,42,13621538
1358863258,19,724760
1358863811,32,12908233
1358863970,16,5926196
1358864706,7,3599214
1358866145,4,854196
1358867719,36,22385472
1358867759,24,1502379
1358872883,12,905439
1358874213,7,334152
1358874510,14,1508052
1358876544,23,2348378
1358879237,11,671444
1358886541,297,112123197
1358887644,78,36727374
1358888211,163,68305434
1358889450,38,11774994
1358892963,11,1348800
1358893134,9,2849731
1358894326,5,1049388
1358896447,8,1607470
1358896861,8,1612480
1358897308,72,22483332
1358897910,60,29274322
1358898333,33,8382275
1358899424,8,3019496
1358900237,5,623039
1358900765,3,501136
1358900975,5,709949
1358901557,4,2542414
1358901615,113,32787966
1358901665,22,7343497
1358902949,14,3667201
1358903034,47,21067513
1358904272,35,13176086
1358904669,9,2400711
1358906056,4,710784
1358907525,5,1413623
1358908224,16,5063828
1358908477,23,1644316
1358912321,15,1031151
1358912728,30,3112570
1358918498,19,2701118
1358924484,22,1497091
1358925579,8,825555
1358927016,22,1216817
1358927059,164,91460606
1358927174,20,9660588
1358928239,28,18668045
1358928330,11,1313156
1358928710,22,5073950
1358931164,60,39100876
1358931615,107,43826887
1358931854,15,5368186
1358933724,115,62499243
1358933728,22,1697642
1358934658,18,591467
1358935517,11,3536501
1358936605,30,9950515
1358937631,12,1210537
1358937804,24,631832
1358939081,22,2772504
1358939760,9,870263
1358940082,29,7630934
1358940331,17,6759189
1358941254,45,17414856
1358941392,7,2758353
1358943272,8,407404
1358943357,24,1756932
1358944227,17,10629414
1358946258,62,5672234
1358947360,35,16241069
1358947916,19,3656639
1358948508,20,1460863
1358948759,6,2120111
1358950398,14,5519411
1358952617,26,2476563
1358955203,14,1636466
1358955284,11,1073144
1358956948,22,1012578
1358957651,7,1994423
1358958972,9,290829
1358959845,11,994010
1358963954,6,193898
1358965317,35,19588497
1358966407,16,775121
1358966707,6,749824
1358971729,7,817147
1358972567,4,251483
1358972684,15,470914
1358975466,7,454602
1358975593,10,857202
1358977396,22,5180315
1358977979,43,5718130
1358978431,4,766841
1358979355,26,8951384
1358980377,3,340403
1358980482,27,1333184
1358980557,4,727418
1358981425,63,10595370
1358982106,26,3653343
1358983132,21,8158645
1358983958,32,16672425
1358984032,10,2923074
1358984141,6,932250
1358984266,20,6785413
1358984419,26,5308776
1358985820,5,1691038
1358987510,30,11080125
1358987624,307,189877905
1358987985,9,3071503
1358989160,11,4739768
1358989215,24,11730509
1358989261,30,1394124
1358990059,23,4154919
1358990112,23,3349809
1358990237,4,744677
1358991176,23,6090319
1358991641,19,21868356
1358991757,17,1249952
1358991814,136,68116143
1358991963,12,1846712
1358992315,36,3250888
1358993024,13,10714877
1358993723,15,1381950
1358995031,3,1310970
1358995649,17,2395500
1358995859,26,4833796
1358995924,19,8891493
1358996348,53,26115590
1358996444,3,251077
1358997397,4,272638
1358997458,18,5754770
1358997498,35,2073338
1358998187,16,2511402
1358998684,32,20316016
1358998934,23,6636789
1358999273,25,503962
1358999413,16,2345353
1358999504,10,1050964
1358999814,29,15379823
1359000349,29,13749242
1359000719,9,1811594
1359000875,11,4626959
1359002600,12,2964114
1359003761,56,1557964
1359003788,22,20033476
1359004020,4,704027
1359004158,4,801305
1359004195,10,5583126
1359004530,20,585114
1359005675,15,1833374
1359006275,55,3463520
1359006538,6,259535
1359008174,13,1372454
1359009284,105,5285308
1359009581,7,464314
1359010171,9,2651325
1359010290,17,12370408
1359011074,9,2888473
1359011097,119,10512478
1359015506,30,520762
1359015785,64,11883517
1359015911,12,1432372
1359016293,7,615462
1359017503,4,457132
1359018398,18,1919093
1359018537,12,1411106
1359019013,4,195477
1359020444,11,1434963
1359020468,15,2137678
1359020594,7,667198
1359021891,34,2135833
1359023678,22,9387209
1359024026,17,2260798
1359024427,5,633477
1359026630,20,2032895
1359026888,9,721303
1359029750,16,1808716
1359029765,4,297976
1359030213,109,4336551
1359030875,18,18958154
1359037410,3,682822
1359038015,8,440468
1359038386,22,7519625
1359038414,10,3787730
1359038854,17,1518182
1359039362,119,69102961
1359039489,8,1517458
1359040556,18,9856939
1359040795,41,16121414
1359041639,9,4646773
1359042193,62,5336423
1359042248,31,14617421
1359043463,21,4028754
1359044274,9,1542153
1359044869,14,7604741
1359045189,15,1788768
1359045299,13,1020687
1359045948,14,671653
1359046443,27,7015660
1359047056,25,727177
1359047565,10,3499714
1359047970,41,17863931
1359047982,48,21852718
1359048846,16,4238091
1359049314,13,1109180
1359051085,4,1982746
1359051874,6,4002325
1359052286,26,7033811
1359052688,30,1308321
1359053340,11,3734754
1359053770,5,435034
1359053886,39,20109579
1359053916,14,4501212
1359054268,12,2336394
1359055000,8,2000399
1359055024,10,665910
1359055729,16,10924938
1359056203,18,3197335
1359057140,12,2178853
1359057336,10,1096843
1359057459,14,1004169
1359057559,13,7565090
1359057910,12,11578301
1359058038,26,7539445
1359058151,15,846714
1359058581,17,703205
1359058630,18,3129926
1359059010,14,4703698
1359059264,17,2560704
1359059724,7,1521746
1359060242,6,1628830
1359060632,4,151170
1359060996,29,18779284
1359061796,23,6319603
1359062772,9,719186
1359062832,42,2914529
1359065300,36,3301552
1359065662,16,2290014
1359066006,12,578250
1359068438,22,13928815
1359070293,11,401645
1359070310,90,4623645
1359071535,29,769411
1359072330,10,3189586
1359073103,87,5229259
1359073604,25,2193547
1359074598,11,1544839
1359075431,12,909304
1359077060,9,1587067
1359077533,21,705967
1359077669,28,381470
1359081453,13,2761259
1359084021,7,212771
1359085149,13,712388
1359086457,12,268359
1359089268,15,1020122
1359089959,11,605558
1359091334,19,831904
1359091618,21,4473367
1359092279,247,149981918
1359093128,94,56049876
1359095183,133,48705994
1359096468,14,5585758
1359098076,38,16671626
1359098124,13,3501593
1359099405,130,27964675
1359099839,11,2950525
1359101630,9,293900
1359102157,8,618240
1359102692,17,3012223
1359102833,315,157352244
1359104026,14,623736
1359104292,11,756576
1359105481,17,11506714
1359105613,16,3694177
1359106203,154,31300140
1359106452,32,14648189
1359107314,9,4113632
1359109490,7,1132237
1359110242,16,3475194
1359110325,26,12992231
1359113989,131,17260244
1359116293,35,14348882
1359121435,16,2131460
1359122776,30,10318309
1359125693,7,2428984
1359128104,22,1693801
1359128567,16,6561600
1359130029,16,1545441
1359131839,23,1109870
1359141733,6,1444611
1359182404,14,1498252
1359185025,19,2552783
1359222823,13,1008722
1359223504,12,596643
1359225224,24,4782980
1359225243,14,1457891
1359227157,24,2177768
1359227562,5,450250
1359228694,15,1021654
1359230578,12,2071650
1359231158,10,677200
1359231798,12,1371998
1359233938,10,2496805
1359234932,11,1337474
1359236170,10,1180209
1359238396,17,3070456
1359238653,21,1312635
1359239187,15,2718814
1359240497,15,1100438
1359247870,10,685689
1359249031,6,574753
1359250864,12,1730160
1359251880,11,3535870
1359252309,19,1496177
1359252858,5,164162
1359254400,5,818116
1359255397,12,1104630
1359256041,7,706612
1359256213,3,870589
1359256320,3,696864
1359257309,35,13853243
1359257383,11,1302402
1359257436,53,14989837
1359260104,14,4901688
1359261445,4,66553
1359261713,11,1200941
1359261779,66,30122703
1359262630,17,888082
1359262978,28,8938437
1359266131,8,410486
1359268521,6,2034218
1359271533,41,2940543
1359275345,13,1991301
1359275506,34,4179079
1359277993,13,933008
1359278079,4,732874
1359283643,50,1374718
1359288036,32,3921906
1359288623,7,1596435
1359288759,145,46910260
1359289262,52,13488228
1359290300,7,1165678
1359290656,26,9815369
1359291167,90,34821845
1359291847,41,10114785
1359292968,5,1266853
1359295413,32,11881866
1359296944,55,32898797
1359297370,58,21913331
1359298293,18,3676394
1359298512,21,2185972
1359298900,8,626625
1359298990,178,60247526
1359299186,26,6832302
1359299201,23,1513311
1359301024,10,1188537
1359301333,82,32028375
1359301926,11,2176071
1359302038,9,2525856
1359302249,25,7964946
1359303471,9,1872402
1359304446,36,11171498
1359304610,10,1418854
1359304666,16,4302592
1359305560,13,4158938
1359305625,8,434160
1359305943,16,4831259
1359306240,15,8515647
1359307789,24,11749915
1359308361,8,2104503
1359308412,3,795369
1359308477,13,1301600
1359312067,4,826953
1359312251,29,2645081
1359314075,17,4865581
1359319564,44,3431478
1359322766,23,1610571
1359324924,9,561112
1359330645,12,1035920
1359334870,48,19183038
1359337289,94,36204005
1359339265,9,3126107
1359341980,18,1691894
1359342167,28,8221689
1359342450,6,2004827
1359342516,180,70459917
1359342764,12,1210743
1359343808,45,21503023
1359344703,14,6216692
1359345117,7,841156
1359345233,23,2323829
1359346943,6,897386
1359347031,11,4506670
1359347544,55,18704194
1359347924,28,1115105
1359350228,13,937295
1359350563,17,7077133
1359350604,87,39231633
1359353335,16,9606068
1359353847,8,1132721
1359353971,31,10836673
1359354939,26,7313132
1359355075,44,23146405
1359356961,6,1732916
1359357552,14,1970432
1359358399,12,652834
1359358540,6,497444
1359359218,16,1072886
1359360894,14,1132909
1359361824,18,1258920
1359363403,14,889634
1359366970,37,5098842
1359367475,14,4787251
1359367879,9,495673
1359369583,42,867343
1359370309,21,1180433
1359371875,42,15375550
1359375622,12,997386
1359376023,3,552490
1359376622,20,2349713
1359377157,30,4085432
1359380746,13,1698499
1359380759,18,2295489
1359382139,9,1045381
1359382447,20,734376
1359382497,20,3286347
1359383494,13,1661703
1359383779,13,4916754
1359385029,123,42547975
1359385542,24,1000443
1359386891,14,1463367
1359387722,19,2350294
1359388355,25,5027615
1359388594,3,740252
1359388718,25,25039816
1359389945,23,517940
1359389980,17,3442549
1359390631,11,3045801
1359390712,18,2608214
1359392299,22,17936417
1359392834,16,1494965
1359393156,7,920717
1359393328,14,5590552
1359393715,13,953588
1359394572,12,7363595
1359394864,9,924761
1359394921,9,5887521
1359395164,10,1486425
1359395767,24,9450442
1359396037,53,13028541
1359396357,19,1035327
1359396665,14,3453514
1359396806,24,6445055
1359398399,19,726563
1359398841,9,1202589
1359398998,11,2874802
1359399578,10,3830627
1359399824,10,3574977
1359399935,47,31423489
1359400302,29,3826685
1359400327,18,2805061
1359400530,14,5296028
1359400614,14,7372268
1359400746,18,2565879
1359400965,57,2832475
1359401982,17,7124565
1359402432,15,3195510
1359402758,39,25492975
1359404232,23,3558975
1359404257,41,12763454
1359404386,27,2549299
1359405247,15,5982783
1359405857,19,5359350
1359405919,11,1202798
1359406624,94,52969447
1359407540,19,3408138
1359409717,17,2504633
1359411595,15,7302240
1359412186,13,905610
1359412576,11,933865
1359413089,19,1267836
1359413536,14,840169
1359413749,13,860700
1359413761,26,1566623
1359414782,50,1806470
1359415795,20,2642011
1359416412,6,509951
1359419452,7,1524874
1359419634,22,6041791
1359420101,12,1017037
1359420480,8,700725
1359423116,15,1494527
1359423317,7,1002439
1359423702,19,1214955
1359424292,14,2969414
1359425882,70,5088040
1359426109,6,819314
1359426658,9,749803
1359427504,15,779831
1359431238,16,235128
1359431613,15,5591227
1359432352,8,1686858
1359432721,18,2047272
1359433921,4,398417
1359435413,23,425255
1359436209,11,637494
1359436304,10,2654684
1359437821,7,2408797
1359439349,26,460493
1359440330,22,8537287
1359441670,30,1482333
1359441864,7,49283
1359441871,11,2564859
1359441884,6,178890
1359443470,22,7287418
1359443652,58,4537747
1359445190,15,223849
1359445409,13,5419291
1359445797,9,1384567
1359447593,7,2223438
1359448248,27,8315706
1359448494,32,13062133
1359448674,10,2376997
1359450134,220,110018270
1359450259,14,5163500
1359450359,8,3807236
1359450755,7,404161
1359451068,16,4037560
1359452190,15,1410988
1359453246,81,24237739
1359453657,12,1361526
1359454278,10,1974494
1359454493,18,5821170
1359454523,19,5312603
1359454698,9,3594471
1359455491,7,389430
1359456246,4,3365209
1359457112,11,6527264
1359457434,12,1221210
1359457486,24,18952342
1359457563,5,360111
1359457612,11,487505
1359457728,58,1792498
1359459036,48,3566887
1359459041,28,7374752
1359459209,60,2111246
1359459613,12,1512466
1359459880,16,1630543
1359460065,10,2874165
1359462119,6,800621
1359462525,14,3844801
1359463428,4,1639721
1359463997,12,8429673
1359464168,35,16265824
1359464234,20,1826770
1359465300,3,1252177
1359465669,17,2615396
1359466012,12,472956
1359466450,24,4945901
1359467439,5,550327
1359467701,46,27996951
1359468282,12,746728
1359468997,20,4556094
1359469237,8,1490888
1359469788,24,23341785
1359471476,5,1198803
1359471651,29,2003786
1359471927,3,430072
1359472317,11,1146833
1359472568,32,2789122
1359473770,10,868559
1359474945,12,3782036
1359477630,109,2929008
1359477925,87,14064849
1359478859,5,1705671
1359478909,57,976548
1359480038,19,1687683
1359480393,23,30613581
1359482982,28,4483373
1359485560,13,5932739
1359487295,9,3534936
1359487429,21,1172333
1359492029,10,1551243
1359495764,24,514976
1359495813,18,2589449
1359497916,16,6083380
1359498038,64,3935856
1359498138,15,1223791
1359498153,5,455348
1359498544,9,2367263
1359498919,12,14255991
1359499286,3,749097
1359500254,5,961233
1359500555,7,1085530
1359500690,14,844453
1359500853,53,18592460
1359500971,24,2600483
1359502608,10,2456888
1359502695,24,882656
1359502791,23,4585550
1359503080,20,1192827
1359503708,32,2512259
1359503960,6,2255410
1359504445,19,3710733
1359505325,7,2198458
1359505438,23,6392379
1359506069,62,29360386
1359507372,442,208824088
1359507657,19,6627385
1359507913,7,847663
1359508291,16,2107327
1359508303,23,6487820
1359508499,16,8040317
1359508526,54,17059536
1359508888,150,61013694
1359509396,9,738817
1359512724,132,52039403
1359512863,92,1597048
1359512907,4,1141714
1359513205,17,5631812
1359517391,70,6690087
1359518252,10,1884716
1359518797,8,1001516
1359519365,66,24079478
1359519616,4,795150
1359520736,18,2228804
1359521539,13,2529920
1359522464,19,4180797
1359523418,86,42636416
1359524164,8,1763507
1359524964,13,1005210
1359536340,12,475909
1359538735,21,1120572
1359544400,23,1463747
1359547726,15,1976596
1359547957,20,1211952
1359552132,22,1732671
1359558271,10,777696
1359565103,20,1469417
1359566780,25,1793830
1359596873,12,749451
1359606494,38,2744748
1359611716,20,2317019
1359620154,20,1995132
1359625319,8,730153
1359631940,25,1816453
1359632753,11,1224556
1359636936,7,466907
1359636986,8,198636
1359637119,13,662135
1359642031,10,482246
1359644021,8,520673
1359648821,9,555157
1359659347,23,1645850
1359662904,33,945100
1359664923,8,1351916
1359665395,16,807949
1359669856,6,493339
1359670293,14,614272
1359670640,22,5043459
1359673985,101,7769349
1359676173,5,203416
1359676276,28,9110430
1359683815,3,308695
1359684162,54,5031496
1359690585,11,883462
1359691624,64,29371335
1359693567,5,2090203
1359695738,76,31692088
1359697083,4,579046
1359698867,16,7878687
1359699111,39,3686174
1359700103,130,46973312
1359701402,33,20224478
1359702835,4,183657
1359704228,3,2314249
1359704465,127,43855998
1359704597,11,807743
1359705417,6,551804
1359705586,14,6814709
1359705958,10,2896563
1359706734,45,993277
1359706878,5,1701030
1359707591,14,520348
1359707618,35,14720681
1359708035,159,5884059
1359708919,15,3624035
1359711130,49,19444937
1359711241,3,2028034
1359714155,18,3638773
1359714202,13,5810723
1359714758,15,5976994
1359714886,5,1911896
1359715095,11,547557
1359715999,14,1494063
1359719014,11,4481945
1359719678,39,947402
1359720084,75,2332592
1359724011,10,321047
1359727591,3,2026579
1359728402,26,1331533
1359730085,28,5883518
1359733552,10,842132
1359738315,30,943178
1359740402,13,4716396
1359742315,39,12207621
1359742607,5,708085
1359743086,41,15278202
1359743698,22,9569207
1359744805,10,2843119
1359745031,176,78416775
1359745072,23,5964763
1359747166,54,23399705
1359747833,35,7423575
1359748501,26,11109566
1359749237,8,1231972
1359750620,22,4404693
1359751081,31,11237598
1359752233,12,1091317
1359752698,109,33597345
1359752700,47,10082557
1359753897,137,53161086
1359754256,83,31797453
1359754686,10,760080
1359755786,21,7313402
1359757042,59,29086239
1359759093,8,2063319
1359759800,100,32375422
1359760082,26,8016065
1359760429,82,29907181
1359761122,28,3972524
1359763221,3,1418195
1359763615,17,5964251
1359764640,68,27145200
1359764810,9,1065434
1359768404,27,902307
1359772688,14,2554377
1359775064,5,2737826
1359775282,7,710082
1359777410,20,1148167
1359777615,12,351786
1359778227,17,1563939
1359778922,21,2828873
1359779369,7,2971440
1359780299,18,9161137
1359780320,17,1315933
1359782138,7,659300
1359784433,12,989915
1359787025,18,2907540
1359788376,15,1551327
1359788489,31,2499933
1359790483,8,687434
1359790604,7,311779
1359792836,18,1384551
1359793158,3,40512
1359793649,13,2638438
1359794236,5,652300
1359796692,8,491411
1359797813,116,54509198
1359799022,62,3525398
1359799575,15,1312353
1359800399,7,5580397
1359801665,35,2597950
1359801714,12,1414368
1359802454,41,20440755
1359802931,107,42826307
1359805648,29,2143879
1359807636,13,5783580
1359808010,5,181679
1359808540,21,2800198
1359808843,5,2033094
1359809055,186,87759451
1359809500,23,7412058
1359809923,20,8702264
1359810681,22,6026644
1359811230,156,64821813
1359811441,21,7758616
1359811593,6,1815888
1359811640,27,14112464
1359812603,25,3106274
1359812782,7,761352
1359813021,20,6534128
1359814443,21,4366703
1359814791,41,13985299
1359814894,8,3534947
1359815415,3,1310059
1359816131,16,5968737
1359816221,48,14709872
1359816225,10,1247738
1359816246,4,2466644
1359817938,8,4454222
1359818134,9,3321949
1359818158,19,5115402
1359818210,14,7521077
1359818518,11,3680736
1359819237,27,876929
1359819298,8,4790184
1359819330,19,6901188
1359820008,11,3343579
1359820179,14,3413816
1359821061,18,13028896
1359822708,11,2841746
1359822749,26,9340736
1359824067,29,1307355
1359826622,76,32767307
1359828714,10,1275378
1359831488,63,39725820
1359831913,14,1355538
1359832458,3,3458058
1359833137,61,1967215
1359833150,14,883969
1359836600,10,994982
1359838283,15,752854
1359839507,4,244702
1359840099,14,1567892
1359840659,13,1506003
1359842861,32,2555182
1359843370,6,270698
1359843521,17,7291598
1359848322,162,12825783
1359849203,6,3099497
1359849278,14,1863088
1359850489,15,1951841
1359850998,26,1302351
1359852037,16,1275532
1359853277,17,1289544
1359853626,7,1947441
1359853811,101,12007977
1359855333,17,3046798
1359856232,19,861242
1359857698,39,2137693
1359863034,10,1005716
1359863064,22,880879
1359863226,167,11293861
1359864273,20,2071055
1359865744,18,1043951
1359866318,9,2484991
1359866542,32,8089297
1359866546,20,8641331
1359866688,9,4070327
1359869283,13,1726810
1359869371,12,4939781
1359869607,13,1922451
1359871025,28,3163785
1359871563,7,2675349
1359872484,22,10124103
1359873471,14,549296
1359873604,13,1760418
1359874505,30,602272
1359875512,33,11579783
1359875730,10,3817523
1359875879,12,644675
1359876427,17,1032144
1359878771,9,2552712
1359879076,51,1713511
1359879284,14,7398846
1359880515,28,1479184
1359880732,24,654478
1359884376,37,11793619
1359884938,19,1075101
1359887707,44,1176021
1359889118,4,993682
1359891352,11,3705490
1359891744,14,1058722
1359891909,6,583436
1359892311,20,961594
1359893185,7,1556621
1359895529,43,4629709
1359896649,23,3840441
1359897850,25,2324674
1359898081,14,2037412
1359900856,13,1410981
1359901227,8,453483
1359901811,53,3737934
1359902496,14,2659868
1359904302,8,1505638
1359909721,38,10712780
1359910227,11,4099183
1359910349,6,1724705
1359912532,11,3137104
1359912857,41,10779593
1359913018,20,249087
1359914164,13,3447248
1359914762,22,9941660
1359915793,18,6928808
1359915861,4,1617414
1359915889,5,1089835
1359915961,4,926544
1359916566,10,2478541
1359916635,17,1789784
1359916647,7,645035
1359916774,19,2260863
1359917093,7,666800
1359917556,3,1298565
1359918093,33,16708688
1359918912,4,1860648
1359919066,10,2171663
1359919131,41,1533962
1359919782,25,9324847
1359919890,12,5164756
1359921347,11,565705
1359921756,15,16381206
1359921899,30,7705278
1359922361,15,6473195
1359922507,8,5726626
1359922541,21,1177021
1359922846,17,7675135
1359923142,16,2754495
1359926211,13,1628641
1359926654,84,1988651
1359926995,21,9613654
1359927147,22,5933355
1359927718,26,7958292
1359927792,23,499263
1359927865,13,2646436
1359928548,18,14563057
1359928611,115,53848413
1359928769,8,2560915
1359929235,14,7538297
1359929414,9,2007722
1359929853,11,3144387
1359930588,32,25266115
1359931040,11,2342747
1359931670,19,9773665
1359931682,18,5135045
1359932073,13,3732031
1359932512,13,1501347
1359932689,7,2971460
1359932735,38,16783110
1359932835,5,1360742
1359933517,6,1562879
1359934532,14,4434327
1359934623,11,833718
1359935307,21,6886710
1359935692,19,7130654
1359937058,10,3177041
1359937604,15,10747569
1359938254,11,1980897
1359938268,8,818771
1359939742,7,2297698
1359940129,13,1738420
1359941000,14,6251613
1359943330,13,6188229
1359944057,10,1043227
1359945168,11,811424
1359946426,16,1624543
1359946472,21,854812
1359946803,18,701965
1359948729,18,2271888
1359949583,22,5396060
1359950760,15,1536733
1359951115,18,1185769
1359951323,7,688622
1359952401,103,3947687
1359953853,12,3283642
1359955297,70,2446756
1359955472,40,4992168
1359957874,22,1672369
1359965422,27,2476560
1359967039,7,2319522
1359967822,7,2838188
1359968526,391,192611054
1359971136,12,1311176
1359971485,21,4738817
1359972982,18,2749129
1359972996,157,5769775
1359973769,15,1838850
1359975050,15,1992992
1359976021,34,10631508
1359976212,36,1732030
1359976862,33,2093944
1359977739,12,4341872
1359978321,23,2191903
1359979986,34,5175261
1359981047,108,11136026
1359981123,50,12316630
1359981274,26,1843568
1359981798,11,4655276
1359982314,9,1366628
1359984278,117,54939206
1359984392,78,1514736
1359984409,7,1594868
1359987058,11,1754442
1359987425,40,18662554
1359989030,27,7005468
1359990220,16,10908263
1359990230,40,4620213
1359991136,10,907110
1359991874,12,4681802
1359991935,82,3197862
1359997063,5,8073143
1359997452,5,847158
1360001802,29,2875091
1360008074,19,1254297
1360008741,5,621853
1360013688,22,1201189
1360018085,8,1258430
1360020902,16,2970314
1360023258,40,1146882
1360025561,25,2246608
1360027080,10,88300
1360029043,21,2771687
1360030374,21,4705361
1360035383,36,6690652
1360039283,30,4443329
1360043287,23,3299965
1360043385,5,515791
1360043450,16,2130602
1360046843,15,1756525
1360047172,41,7290390
1360047260,5,936673
1360075263,21,1524611
1360082401,24,1834225
1360084869,14,4109021
1360089370,15,809578
1360119841,8,4010923
1360120216,32,1223556
1360123644,10,3124404
1360129875,21,950899
1360131267,15,4899568
1360131972,8,643909
1360132080,8,1237356
1360136887,16,4426073
1360145004,5,547455
1360145021,3,98956
1360145408,5,353382
1360146816,22,1385017
1360147110,11,5292933
1360147565,26,7171093
1360151277,27,1714224
1360151347,18,2200873
1360151512,10,2057341
1360151767,32,2872536
1360151848,60,3058906
1360153556,22,9043091
1360162518,9,1573488
1360162520,19,2284821
1360163663,5,426079
1360169502,20,1629012
1360169852,15,2746342
1360173531,11,111933
1360175157,50,6165410
1360175169,4,199314
1360177259,33,2232735
1360178861,31,1097701
1360180072,32,1008380
1360181130,10,1241371
1360181543,8,1365332
1360182483,19,4892307
1360182539,10,1615208
1360183960,9,4242707
1360185975,9,696156
1360186785,23,16486189
1360191449,11,851036
1360191629,9,3144399
1360192907,16,4169757
1360193490,26,12835517
1360194486,37,13303550
1360194733,14,3080932
1360195084,11,923795
1360202168,76,8699111
1360204855,16,735605
1360207242,29,1221570
1360207496,25,1361705
1360209120,4,1197228
1360210019,10,481516
1360210226,5,1194195
1360212731,32,1933430
1360213848,36,750471
1360214890,18,367936
1360220628,12,598651
1360220691,17,1089432
1360224255,13,2737936
1360224946,4,338684
1360225495,23,3485023
1360225828,160,69244978
1360227065,3,1048280
1360227277,6,4840402
1360227878,6,1511151
1360229345,7,3202057
1360229933,19,2886594
1360230684,24,1580290
1360230859,12,893306
1360231397,36,982371
1360231629,5,574356
1360232505,19,591265
1360233165,8,2318230
1360234158,16,5144981
1360235922,167,73839130
1360236023,307,97570409
1360236042,3,430484
1360237473,152,61904179
1360238548,15,2518617
1360240304,25,6496364
1360242903,263,143455136
1360242944,28,384612
1360244900,15,3057507
1360246626,22,1314924
1360249107,5,108912
1360251661,16,6903069
1360251965,14,2455764
1360252077,14,3466658
1360252886,4,1643606
1360256412,16,3590365
1360256648,11,1242483
1360259725,67,4040850
1360266058,6,423541
1360266229,51,5276757
1360273409,39,2629273
1360274105,20,2462924
1360274382,4,532327
1360276437,77,2580353
1360277657,6,290737
1360278069,30,3267326
1360278505,30,1128431
1360282446,100,3253678
1360283494,21,2006865
1360283625,186,106516113
1360284117,10,2240115
1360285008,6,289317
1360285719,11,671953
1360286244,12,6330457
1360288889,36,12477601
1360289918,8,4059845
1360290504,13,1262602
1360292728,13,5919750
1360293146,5,2527931
1360294647,45,16429940
1360295558,34,7582784
1360297448,25,8971939
1360297486,247,141762774
1360298329,34,24796124
1360298411,18,6267558
1360298791,69,10511850
1360298865,53,25283987
1360299397,86,2363020
1360300752,18,8028134
1360300942,16,2786842
1360302809,90,34055807
1360303387,19,15402700
1360303552,15,6063642
1360304927,19,1908732
1360305280,34,9551306
1360305294,19,6797446
1360306637,6,1374191
1360306823,10,1781368
1360306870,44,18619947
1360308432,84,2439325
1360308517,20,10239929
1360310984,9,2439178
1360311657,16,2821290
1360311814,6,1271285
1360312500,17,2185084
1360312526,16,4823436
1360313568,12,3164920
1360314660,47,21527227
1360315424,39,4191420
1360319287,19,5671284
1360320222,7,614399
1360320804,39,1516930
1360323630,30,2950785
1360323663,21,1299210
1360323799,23,1595675
1360326109,20,1176294
1360328402,18,9487547
1360329301,14,811917
1360330687,17,1072396
1360330854,10,1840313
1360332926,4,402403
1360333153,48,8999031
1360334892,20,765720
1360335789,8,1378083
1360336812,21,3005019
1360336915,10,2897818
1360338655,7,499512
1360338804,17,724214
1360339069,21,1245046
1360341338,228,160610101
1360341515,23,1207696
1360341915,39,9435359
1360341965,13,332850
1360341971,64,4467216
1360342207,29,7823470
1360342853,16,1720539
1360343102,22,3113971
1360344636,5,568984
1360346592,15,3622803
1360347151,9,916337
1360347699,8,2807148
1360348326,13,2405368
1360349187,14,2033940
1360349255,26,8773520
1360349907,13,618368
1360349964,4,408994
1360350342,13,5123805
1360352229,41,15892014
1360352347,19,1901097
1360352993,23,1245372
1360353326,20,907597
1360353683,12,2238501
1360353900,9,6916996
1360355592,41,1706399
1360355998,14,7185929
1360356802,19,2449786
1360358570,34,2718882
1360358579,22,10434411
1360359215,5,1568412
1360359297,4,981616
1360360082,18,3928306
1360360325,14,5828401
1360360996,18,1612945
1360361680,16,4936633
1360361756,17,5526146
1360362008,41,13706739
1360362513,5,82892
1360362632,5,291094
1360362862,11,843913
1360363056,32,9393259
1360363290,24,1564575
1360363365,13,5885085
1360363376,58,23587504
1360363729,14,708572
1360365006,11,2476776
1360365940,9,3578330
1360366466,16,4873076
1360366656,28,985695
1360366898,14,382114
1360367219,18,6065160
1360367721,10,1993391
1360368926,13,754541
1360369202,10,2049226
1360370158,26,4111391
1360370218,18,8438289
1360370319,12,3259302
1360370536,27,689786
1360371462,21,8783677
1360372163,15,4592344
1360372265,4,1764190
1360373157,16,3727849
1360373647,45,6781998
1360374373,12,3115796
1360374590,10,1932322
1360377224,30,3018186
1360377685,15,3279555
1360383228,6,727139
1360384450,13,1112063
1360384467,27,1926686
1360384479,34,1586486
1360385119,7,856308
1360385187,12,4025306
1360385282,14,1777289
1360388356,13,1897407
1360389933,49,1167537
1360393298,16,1600497
1360394128,12,703736
1360394495,3,2396031
1360398355,20,1335341
1360399392,54,1584010
1360399617,16,9986015
1360399952,44,20066287
1360402204,13,4108917
1360402226,33,14582742
1360404708,33,9617129
1360405771,116,38507105
1360406087,4,1546849
1360406718,14,1303252
1360406868,3,374088
1360407461,38,12868325
1360408086,143,59974124
1360409216,20,12430836
1360410047,7,2561639
1360410230,12,3491418
1360410256,14,462401
1360411214,14,837677
1360411460,58,24473191
1360411882,15,4853086
1360411999,42,16878771
1360413215,32,8545138
1360413738,14,2966175
1360414677,16,2423670
1360414802,7,1749876
1360414945,16,5607828
1360415400,28,938788
1360416536,23,2496068
1360416767,18,1006406
1360416969,19,7115873
1360418084,11,2383521
1360418518,130,95831642
1360419292,12,813246
1360419462,18,7820537
1360419930,22,11001846
1360420415,38,21042714
1360420761,8,3202590
1360422359,13,3364848
1360423551,17,17040404
1360424156,11,1845374
1360424300,13,552945
1360424968,12,4424295
1360425105,15,4736938
1360425128,7,418627
1360425744,4,1218352
1360426117,18,9792393
1360426311,8,3126742
1360426676,12,9643805
1360427112,93,1915627
1360428145,21,2440228
1360428824,6,1096707
1360429596,10,622266
1360429952,66,32036361
1360432242,32,12992383
1360435297,8,1444928
1360437113,16,3180575
1360437380,11,1747229
1360437598,14,3185641
1360438559,25,3592447
1360438973,24,4045095
1360439377,55,5410944
1360440980,42,10589555
1360443501,13,1070809
1360449411,15,4644755
1360453371,16,550850
1360453885,27,12120451
1360456103,10,2127802
1360456937,102,34366386
1360457902,63,15157938
1360458322,10,725029
1360458707,566,160834384
1360459411,33,4510956
1360459755,4,621200
1360460727,31,8894455
1360462572,36,20387547
1360463925,18,4567214
1360464831,197,70244979
1360464903,136,70237792
1360465731,67,45999170
1360465964,37,11618880
1360466118,9,6794743
1360468941,105,55613711
1360470126,6,984152
1360472962,7,1958049
1360474422,21,10222677
1360474597,14,5101811
1360475023,5,339552
1360476236,4,302165
1360477587,9,3690860
1360478177,17,1081455
1360480259,4,1339027
1360480370,14,4241584
1360481950,10,3781444
1360505692,15,1241897
1360512233,12,829218
1360515761,24,1738414
1360517622,6,549296
1360521099,11,2872310
1360521436,8,971232
1360522374,10,1043283
1360522407,11,2975190
1360525743,17,3596258
1360535412,8,708521
1360542191,6,269561
1360562782,8,332057
1360569555,8,526733
1360572783,26,1120982
1360585339,9,715792
1360585413,16,814751
1360588734,19,2064415
1360589167,18,2607810
1360593306,12,1484411
1360594927,17,7083103
1360594938,4,318093
1360596480,12,4096352
1360600508,24,889628
1360600809,15,1174307
1360605247,29,2669182
1360613721,29,1139931
1360615104,15,3548094
1360615635,5,329935
1360616564,24,2050442
1360617453,90,12740917
1360617764,13,1603762
1360618142,238,27359044
1360618492,10,2716685
1360620244,9,743727
1360622437,3,180897
1360624594,19,1397942
1360624622,14,903659
1360625461,11,2584005
1360627874,9,770341
1360629491,6,4030686
1360630887,14,5836688
1360631138,8,2638001
1360631398,17,5324682
1360635304,46,3872644
1360635635,38,3546932
1360638377,11,1203710
1360648814,17,1411777
1360649392,4,267699
1360649478,122,44255337
1360650216,12,1271527
1360651371,125,48136426
1360652099,9,859863
1360654478,460,171609346
1360654886,150,70117666
1360655117,4,2343433
1360656885,29,8383394
1360657659,117,38320497
1360659061,5,1389450
1360659131,16,6481712
1360659784,264,105993156
1360660448,4,718662
1360660471,16,4492762
1360660486,12,2620759
1360660657,21,6451520
1360660784,30,11451713
1360661777,13,2484394
1360662384,39,12564437
1360662902,46,1672667
1360663275,63,35217150
1360665732,72,29962366
1360666180,7,1627851
1360669661,19,4633953
1360671539,19,6259822
1360672561,7,2085914
1360673230,7,2347368
1360675012,13,1699288
1360675881,19,6855428
1360678815,20,2422176
1360679709,8,1952751
1360684271,31,721966
1360687769,18,1016787
1360689858,9,1546140
1360692411,4,388875
1360693105,6,1016085
1360696283,184,107264451
1360700136,16,802203
1360700774,17,891074
1360707590,7,2649171
1360708627,23,5259530
1360708906,12,1991697
1360710798,22,10131530
1360711479,10,4142471
1360714587,10,1900357
1360715333,4,809631
1360715955,25,8226105
1360716740,14,3920720
1360717335,18,5689397
1360717640,18,3037603
1360717921,13,846077
1360720400,12,2211301
1360722686,31,2768443
1360723025,15,4009822
1360723428,25,2376647
1360726661,13,1165407
1360727602,16,550011
1360727911,63,4616862
1360729518,18,1009753
1360731054,16,630876
1360732132,9,626565
1360732698,11,2265516
1360733636,15,1360347
1360735127,79,6151323
1360735767,12,2157826
1360736168,5,298315
1360737842,21,2236905
1360740365,10,1521067
1360742039,19,1415593
1360742978,8,614258
1360743927,8,1021619
1360744148,18,2215657
1360744366,14,1312837
1360749988,41,6686693
1360750633,16,6060292
1360750656,31,2567788
1360751045,4,2655194
1360751651,13,1940227
1360752563,23,4444494
1360754004,22,1680168
1360756734,23,883756
1360757484,9,3533573
1360758986,23,371622
1360759428,65,24140550
1360759578,19,873241
1360759642,13,5590807
1360759877,9,3501676
1360760097,17,8250517
1360760349,5,1018138
1360760380,13,3813017
1360760610,16,1814441
1360761362,15,2371079
1360762236,27,1859790
1360762919,17,3676728
1360763581,83,34083804
1360763906,3,1072246
1360764227,6,5206091
1360764622,12,857476
1360765679,19,3943333
1360765995,40,12812241
1360766470,24,4389815
1360767116,8,405912
1360767213,32,13797698
1360767381,13,853997
1360767551,24,3003648
1360767601,9,5131874
1360767684,31,2513429
1360767807,6,2018631
1360767875,17,1281414
1360768353,6,775832
1360768381,7,4974438
1360769173,14,3030567
1360769712,11,2776599
1360770402,11,1535217
1360770523,17,5165284
1360770679,32,27309779
1360770953,15,870287
1360771093,10,2562261
1360771678,7,6657307
1360772626,43,14505822
1360772722,34,15379797
1360774538,35,8078675
1360775240,21,14130464
1360775244,11,5251080
1360775446,20,4451865
1360775876,11,6415598
1360776660,32,7231608
1360777569,8,3273303
1360777571,20,2255023
1360778096,12,1628683
1360778152,18,3549725
1360778355,84,1813052
1360779172,12,3575401
1360780296,13,1880183
1360782304,27,1859171
1360782328,9,1570466
1360783131,14,4367367
1360783464,32,7797956
1360783807,19,3404522
1360784081,19,2300997
1360786474,13,9307455
1360790649,6,687930
1360792138,11,2001948
1360792865,11,478290
1360793360,5,349506
1360794095,7,624725
1360794292,14,1673760
1360799499,16,2356377
1360799508,27,995876
1360801430,27,10523650
1360805177,7,2379142
1360806956,18,5793887
1360807126,23,9757722
1360807388,12,844674
1360807832,16,970268
1360808042,16,1341737
1360808169,17,6766827
1360810565,13,8523586
1360810695,8,590473
1360812386,37,27852437
1360812556,81,40938648
1360812697,44,8906289
1360813085,4,1545104
1360813129,14,631717
1360814786,22,7332725
1360815125,31,772445
1360816223,67,2410180
1360817162,13,2216423
1360817619,36,1210525
1360818513,13,11062441
1360820057,11,3433560
1360821307,31,15363769
1360821583,8,703123
1360822173,6,1366856
1360822300,35,18030841
1360823599,18,1266892
1360823818,13,6082903
1360823924,11,1439290
1360824135,22,2143973
1360825000,40,16138686
1360825430,36,15450120
1360825480,8,3899530
1360825833,55,23963716
1360825932,23,7175827
1360826378,10,2482488
1360826712,72,58236982
1360827096,17,1755940
1360827931,27,14560086
1360828014,10,2199412
1360828022,13,2298468
1360828598,9,2055805
1360829263,22,1643029
1360830065,10,2838313
1360830239,22,1024117
1360830371,6,3074805
1360830929,20,1406361
1360832821,10,2150588
1360832875,63,28660986
1360833055,25,2548097
1360833698,19,4765806
1360833812,13,10635264
1360833855,21,1991507
1360834008,11,5330159
1360834037,8,4976315
1360834097,21,626181
1360834684,10,3573721
1360834875,6,909710
1360835302,10,2382386
1360835561,35,13933453
1360836027,75,2300867
1360836404,8,1937337
1360836486,11,4445701
1360836701,18,4119211
1360837003,12,2647832
1360837162,14,4515566
1360837648,15,5690595
1360839069,7,926752
1360839071,15,6892668
1360839678,13,8934401
1360839751,15,6730014
1360843727,10,1395937
1360843924,19,3774595
1360845802,9,1109400
1360847561,23,3057503
1360847922,14,4167714
1360848376,13,1376212
1360851076,13,1105891
1360851854,5,849623
1360852721,21,733018
1360854118,8,203414
1360858562,17,454391
1360859120,31,3058131
1360859131,13,475266
1360859429,44,19211785
1360859760,14,1100675
1360863351,17,2358851
1360864475,174,58761354
1360865042,8,2105561
1360865301,68,23773065
1360865832,11,419767
1360865874,10,2740089
1360867514,78,34881339
1360867668,93,34183978
1360868821,15,1513555
1360869237,16,4496389
1360870227,19,836879
1360872081,25,2208668
1360872419,6,1017035
1360872899,5,2002906
1360873697,16,4699688
1360874150,11,2340603
1360874503,45,13757290
1360874539,4,1115289
1360874666,104,41940454
1360875308,17,538169
1360875570,26,13577863
1360875851,23,1186054
1360876531,100,21303707
1360877859,17,764440
1360878873,48,10697731
1360879606,18,3014552
1360880245,46,7021779
1360880875,7,471127
1360881683,26,17401459
1360882144,6,1300237
1360882837,18,3617070
1360884039,4,1038130
1360884789,4,1159102
1360884843,8,4310831
1360885358,10,4892298
1360885953,10,481643
1360886071,6,2051609
1360888069,3,816643
1360888400,12,1246946
1360890299,44,3136334
1360890731,21,815010
1360890774,15,3429994
1360892604,9,889347
1360897504,15,814783
1360899992,40,3067567
1360916321,12,8369294
1360921896,5,313688
1360935239,16,11878498
1360940072,9,2374714
1360941511,9,1226620
1360943479,7,326930
1360948291,14,678654
1360951961,6,549636
1360955203,100,5515563
1360956514,8,717570
1360963003,34,2239180
1360965765,7,284403
1360968155,8,425826
1360971945,38,1945116
1360978619,7,362113
1360983334,21,1707788
1360983573,18,1106453
1360985798,19,779989
1360992725,9,1025604
1360994079,5,275565
1360996321,5,317381
1360996514,29,2974138
1360997711,20,7335153
1360998571,16,3695389
1360999069,28,1337342
1360999900,19,6958473
1361005938,54,6490256
1361009392,35,2311107
1361011158,9,661174
1361011412,15,5302968
1361014804,23,2750208
1361018444,7,762829
1361020575,5,936183
1361024152,12,1874638
1361025198,9,164259
1361025963,29,11543471
1361026502,25,7373534
1361028064,27,9315734
1361028618,8,2171416
1361030103,23,9327309
1361030127,11,972005
1361032479,4,908356
1361034326,14,4698606
1361034350,24,12865584
1361036535,11,3986914
1361040465,42,2910504
1361041421,24,2091012
1361044892,5,599144
1361047563,12,684300
1361052288,52,9597648
1361053453,286,139976146
1361053926,17,4875959
1361054659,10,927511
1361055906,12,3899502
1361056531,8,2221413
1361056625,26,2775098
1361057341,4,374831
1361058039,16,5794271
1361058313,164,58374345
1361058563,21,1387197
1361058713,16,4408264
1361058854,10,3640853
1361061245,11,4659459
1361061956,11,880132
1361062506,28,8599156
1361063720,25,2518533
1361064136,12,2812423
1361064149,352,112215002
1361064307,90,39744275
1361064437,38,22641697
1361065586,74,4056994
1361065635,21,4959621
1361066761,11,3914322
1361069540,62,25496110
1361069628,15,4525989
1361069947,105,7734922
1361071477,17,5092146
1361072229,55,20727869
1361073845,20,9713563
1361073878,30,8293572
1361077013,7,358145
1361077566,11,762002
1361080123,49,2537576
1361080500,24,1588323
1361083560,12,343070
1361086797,25,2306176
1361088010,5,321111
1361088160,15,554332
1361088759,38,2355909
1361090523,12,1006424
1361091212,29,769372
1361092499,3,67932
1361092712,7,708150
1361093249,13,4082538
1361095136,29,3225066
1361095824,10,617943
1361096498,3,179104
1361097204,18,606138
1361097929,53,2470228
1361101520,4,379050
1361101719,88,43891942
1361101825,14,137127
1361102325,11,4577662
1361103352,3,342569
1361104593,14,6525179
1361104855,53,27150205
1361106226,11,1882185
1361108939,6,307129
1361109416,10,1906920
1361111850,17,6101823
1361111937,14,4606327
1361112385,66,27324794
1361112519,7,1801177
1361113002,11,5210494
1361115397,36,12523686
1361115474,6,2422132
1361115561,29,1818220
1361115687,51,22259901
1361116991,23,7301796
1361117453,3,644447
1361117583,33,10657950
1361119404,17,1110606
1361121017,16,3635803
1361121116,12,1951921
1361121338,25,1375740
1361123537,6,297035
1361124414,34,1094592
1361124901,30,2551592
1361125594,10,1673047
1361126198,10,1418795
1361126355,101,7766358
1361129849,33,3540380
1361130227,8,370893
1361131640,21,796696
1361138580,32,1090621
1361138616,10,814172
1361140485,11,644668
1361140755,3,249208
1361141668,23,1441859
1361142495,17,2078565
1361144201,24,2026606
1361145836,33,5833753
1361147767,14,1939736
1361149856,17,5217573
1361151496,10,1029528
1361152862,8,1000825
1361153889,19,3335498
1361154383,6,666736
1361154505,20,6459702
1361155565,29,19417276
1361155713,48,29983547
1361156006,13,1067257
1361156064,17,1365233
1361156089,9,279979
1361157319,47,19729779
1361157416,3,412825
1361157723,13,3474663
1361158793,134,18571565
1361159156,39,20263041
1361159384,6,1663742
1361160041,11,4251764
1361160066,14,3258091
1361160458,22,6809515
1361160504,20,1194023
1361161245,24,4240971
1361162032,14,1633648
1361162159,12,1713114
1361162344,22,2274085
1361162789,16,5303172
1361162956,37,16959758
1361162984,23,1985391
1361163434,7,2531150
1361163797,16,6783069
1361164965,45,23981295
1361165081,17,2198619
1361165316,8,4436465
1361166399,34,14554687
1361166963,47,32629188
1361166992,9,6294396
1361167809,18,5568480
1361168001,14,4318786
1361168945,12,3147104
1361168997,20,7537716
1361169356,4,4867979
1361170733,5,684046
1361170774,16,2972090
1361171033,51,15802135
1361171424,7,3182369
1361171649,5,1888177
1361171877,57,25292227
1361172049,27,9967941
1361172371,42,34973089
1361172387,5,180999
1361172404,5,1165791
1361172785,12,3198630
1361173050,8,2118730
1361173354,19,9483156
1361173458,70,16849257
1361173918,26,1802581
1361174410,6,408030
1361174436,21,5320838
1361175244,21,6754935
1361175508,43,934342
1361175797,16,5448224
1361177065,8,1368403
1361177603,26,4885472
1361177866,19,4348734
1361178857,27,9478977
1361178871,3,46634
1361183345,17,1623199
1361183861,7,2388184
1361185246,18,9901131
1361186264,33,2461968
1361186588,11,1086580
1361186739,13,782665
1361187474,6,233062
1361187499,4,1848631
1361187614,14,605387
1361190290,23,1639304
1361190297,15,10159757
1361191114,39,1420906
1361191942,39,690031
1361192099,39,3449199
1361192422,25,2255221
1361193305,8,941107
1361193423,10,1036077
1361194590,21,1841703
1361195319,6,424545
1361195900,41,1699481
1361198089,27,2512915
1361201403,8,551190
1361201513,5,850547
1361202974,22,3855584
1361204182,9,956771
1361204818,13,5009696
1361206454,19,7489943
1361207253,6,171048
1361207760,10,1265476
1361208479,6,75460
1361208553,6,1844724
1361209319,9,2497276
1361209487,67,21837905
1361210620,18,2259345
1361211519,40,12131318
1361212251,17,7986394
1361213123,20,1031395
1361213744,37,3077140
1361215587,40,2339888
1361216206,52,23985496
1361216966,5,373993
1361217707,86,39573383
1361218000,172,29771712
1361218318,96,2699896
1361218451,13,8647965
1361219636,16,2273355
1361220757,21,9424230
1361221412,15,3618196
1361221592,15,2782368
1361222968,9,2428669
1361223695,22,10981080
1361224349,18,5795146
1361225279,10,6198026
1361225350,22,6323002
1361226491,17,6003042
1361227477,9,724227
1361227980,17,3496901
1361228920,58,3300017
1361229075,17,4628801
1361229349,15,6351292
1361229523,6,1283540
1361229559,20,10960397
1361230019,18,5426566
1361230034,8,2932770
1361230736,4,2130101
1361231414,31,7813388
1361232718,9,11439014
1361233438,11,5491701
1361233528,13,3667413
1361235077,36,722533
1361236825,4,632175
1361237161,37,2140979
1361237422,12,4170105
1361239003,10,3252881
1361239922,9,2534338
1361240113,115,3413784
1361241116,40,1574503
1361244287,46,1681687
1361247973,8,622926
1361248851,24,1345396
1361248918,16,1882103
1361250365,9,432405
1361250567,47,3909837
1361251904,154,71948703
1361252034,20,656609
1361253887,12,504520
1361255046,6,1095492
1361255092,26,2741528
1361255996,12,504399
1361256842,14,6552587
1361258944,31,1284984
1361259837,15,2782232
1361260536,28,8650552
1361262089,112,24256618
1361263273,35,3169260
1361263607,29,20951235
1361264218,19,841421
1361265700,8,805368
1361267523,6,1876708
1361267826,12,1532218
1361268598,21,1680101
1361268926,24,1814630
1361268962,14,1064390
1361269659,37,1912469
1361269825,15,3318956
1361270611,11,502384
1361271689,297,58265625
1361271798,10,931932
1361272177,13,758788
1361273953,35,12537176
1361274021,14,1284010
1361274757,4,886560
1361274900,29,9741722
1361275364,13,3290377
1361275641,3,2128610
1361277234,214,113303963
1361278264,16,6463812
1361278287,25,7989523
1361278494,6,2062244
1361280631,14,7031857
1361281682,19,5143647
1361281773,14,3028324
1361282421,7,1946647
1361282537,4,833918
1361283514,5,1560975
1361285666,23,4497286
1361288496,17,4592042
1361307186,15,994111
1361322672,17,2856906
1361343920,10,2070336
1361357985,6,656768
1361361219,27,15995330
1361366044,39,14885550
1361375318,8,685086
1361375524,7,734408
1361377545,29,1077580
1361377764,8,668045
1361380487,14,2520852
1361383601,16,1721432
1361383648,7,389186
1361385248,9,1394499
1361386105,23,3310126
1361387592,8,2104969
1361390789,3,789419
1361394818,14,2626213
1361396261,25,2093308
1361396480,18,1976928
1361400046,17,4773767
1361400470,7,489253
1361401191,18,4537094
1361402823,27,7522536
1361406303,17,5889163
1361407964,20,3330712
1361408168,8,1016869
1361408222,50,21882518
1361408364,8,909431
1361410958,10,1233521
1361410978,20,3045643
1361416527,13,1012677
1361418454,14,3909174
1361418979,17,1845503
1361420510,12,3189698
1361421094,126,15863849
1361422291,40,6449594
1361423247,67,23141834
1361426245,13,5035837
1361427050,12,7698049
1361428353,4,1176998
1361429848,41,14910360
1361430423,56,4815155
1361433226,8,2203913
1361434107,7,1794587
1361434390,11,4061105
1361434636,13,727468
1361434677,10,1852491
1361437809,15,496006
1361453648,5,1042628
1361454788,9,5076315
1361455095,7,2501900
1361455151,14,3755324
1361455278,22,7162249
1361455664,9,683816
1361456266,137,63765271
1361456425,45,16076185
1361457924,10,2314877
1361458271,43,16312654
1361458438,29,11496991
1361460237,68,16029774
1361461284,8,1789843
1361461843,25,9311458
1361462451,15,1435373
1361463733,88,35887868
1361463814,62,23402364
1361465135,13,5307862
1361467634,11,6329362
1361471189,11,3098153
1361471610,167,20130903
1361475746,16,2379624
1361480733,12,689085
1361487642,17,1247559
1361491094,16,5256529
1361492942,9,3463413
1361493998,8,625868
1361495003,70,21404557
1361495536,5,323906
1361497175,50,27820236
1361497614,8,1969923
1361498752,12,4697753
1361499834,6,2105680
1361500858,7,1595622
1361501793,19,7023145
1361501888,65,36435677
1361501988,5,2529219
1361502488,54,19850131
1361502728,19,2373287
1361503528,3,702663
1361503585,25,13190748
1361506517,12,5533042
1361507921,9,13520438
1361508480,7,2549288
1361511707,41,860519
1361512528,26,1621919
1361516359,23,3814498
1361516416,10,776719
1361518775,38,987932
1361519311,15,947561
1361521852,12,737651
1361523872,15,544166
1361525265,29,1175173
1361529734,16,455102
1361530082,8,693824
1361531116,29,958590
1361532450,33,2102124
1361535913,79,5481078
1361536822,16,1059060
1361538641,11,1552811
1361538749,24,6189762
1361539510,12,2419169
1361542966,19,7946134
1361543092,56,2020429
1361543971,29,1691388
1361544035,43,10792673
1361544096,8,3123186
1361544832,10,6520416
1361545065,4,1392341
1361545688,21,400906
1361546039,18,4650326
1361547259,15,6367520
1361548052,9,3225583
1361548187,38,1680053
1361548543,54,26924582
1361549147,17,5507780
1361549171,47,13760971
1361549266,34,13197031
1361549829,10,704507
1361550667,3,560670
1361552084,50,36394566
1361552932,10,1427167
1361554051,27,3372174
1361554666,69,2077456
1361555849,18,5736427
1361555904,9,7583642
1361555938,12,2474057
1361555983,32,4582489
1361556183,7,1888027
1361556503,24,2064392
1361557136,62,5814255
1361557160,17,3020355
1361559138,18,4090511
1361559379,13,5481378
1361559462,12,2633501
1361559722,7,2568879
1361559777,20,10151121
1361559809,18,1672364
1361560732,15,10191843
1361560741,8,2953684
1361561250,11,704147
1361561927,8,517591
1361561937,20,11705908
1361563090,12,7506313
1361563442,21,1100944
1361563646,17,1085752
1361563933,17,1125791
1361564238,27,11874060
1361564269,37,4054079
1361564306,15,678956
1361564823,29,2023684
1361564940,18,4703186
1361566368,110,8434170
1361567537,9,1901658
1361567571,8,1849745
1361568655,42,2083551
1361569202,70,1213451
1361570928,13,1454370
1361571086,127,16857801
1361571149,31,3429266
1361572108,7,1130865
1361572445,15,704951
1361572995,11,746727
1361575757,17,657965
1361576165,8,2233207
1361576474,32,2355237
1361577759,19,2445525
1361579613,20,881429
1361580415,7,487283
1361580469,7,214099
1361581114,15,4790843
1361581156,114,1758177
1361582063,32,2828020
1361582089,17,797923
1361582450,8,1052844
1361583215,21,7507274
1361584445,13,1781732
1361584706,4,359541
1361584783,5,576085
1361586997,58,10385440
1361587535,12,1719902
1361590434,11,561504
1361593042,20,8961782
1361595197,181,71762456
1361595273,12,7569443
1361596155,52,4051597
1361597131,4,1236470
1361597724,7,1317527
1361598775,21,378393
1361599083,13,802751
1361599693,4,474512
1361601212,20,6018419
1361601241,13,11718842
1361601574,45,20495636
1361602061,3,1237979
1361602424,17,3918259
1361603138,49,2044935
1361603890,19,6141568
1361603946,264,157327686
1361604929,11,360980
1361605553,16,3910588
1361605822,52,52600784
1361608282,19,4863831
1361608339,24,2756651
1361608578,4,804955
1361609819,28,835164
1361610362,8,1133104
1361610740,39,16297777
1361610995,18,2213748
1361612250,14,1005147
1361612798,20,1192478
1361613384,18,510481
1361613974,24,13032951
1361614300,47,21144699
1361615597,36,17263339
1361615887,54,17053284
1361616689,17,6822212
1361616770,6,1428065
1361617560,23,8890463
1361618256,77,5271003
1361618947,25,1451929
1361619935,24,5366259
1361620114,25,9910818
1361620637,13,2400512
1361624259,4,852038
1361624299,195,19234380
1361625099,14,1257966
1361626930,36,19088364
1361627102,9,497656
1361627616,12,2345913
1361627831,8,4504965
1361628301,30,8381994
1361632610,26,1841417
1361633220,6,3773504
1361635198,20,9608393
1361639397,8,357955
1361639851,12,8721056
1361639950,8,2694987
1361640075,9,2357221
1361641278,6,725379
1361642406,9,1831494
1361644639,34,6736019
1361646172,32,14622639
1361646533,11,1494633
1361647199,18,1944158
1361647751,61,38170154
1361648435,12,2944491
1361649266,67,4351423
1361649496,12,2405251
1361651061,129,71734558
1361651220,6,3580253
1361651603,6,600798
1361651735,116,48445223
1361652483,6,2735350
1361654184,35,14549426
1361654567,11,5301977
1361656523,44,1101060
1361656726,22,3559103
1361657069,83,26136141
1361657342,49,25747189
1361657388,15,4193557
1361657638,19,2784532
1361658060,53,4682672
1361658424,16,2479937
1361658599,20,4955551
1361659655,27,2037349
1361661295,3,379221
1361661369,54,20714431
1361661771,6,193983
1361662113,18,1360639
1361662160,5,2107658
1361664213,12,2225581
1361665596,46,31465501
1361666527,31,4923287
1361666739,54,20245200
1361666975,16,4480685
1361668201,9,492395
1361668228,66,3650154
1361669089,17,3675519
1361669703,29,1683886
1361669797,40,23923978
1361670673,26,8184203
1361671698,15,10404785
1361672487,8,600005
1361673367,14,835477
1361676700,6,584756
1361678220,18,1176993
1361689445,29,2492966
1361692542,14,846522
1361693416,11,3020870
1361713492,10,2202473
1361724071,16,611166
1361728909,3,40806
1361733656,15,976018
1361743419,8,460777
1361743478,14,935632
1361752789,12,1253308
1361766319,11,586889
1361776638,9,531738
1361780572,5,912562
1361781319,11,4988040
1361781549,9,1168397
1361784623,17,1196481
1361784945,11,624026
1361786962,7,873091
1361787099,7,576513
1361788094,16,4524835
1361789654,62,8491265
1361789831,8,416120
1361791475,18,1341398
1361794739,25,9923791
1361794777,12,1045078
1361796429,31,1721397
1361802093,33,9175934
1361802989,33,2839481
1361805636,5,648978
1361805787,19,12437749
1361807011,9,2388684
1361807869,78,16896898
1361811200,38,13357232
1361811486,12,5457343
1361812027,4,1335094
1361813662,49,16818703
1361813689,11,560507
1361814510,21,6068983
1361815208,4,2146643
1361816129,25,9757266
1361816622,23,9517215
1361820159,12,638562
1361822491,70,5621159
1361822839,17,1077996
1361829403,31,2854909
1361835836,15,847988
1361835861,18,7274050
1361837360,132,63495109
1361837579,8,194198
1361839467,15,3497133
1361840410,15,5777817
1361842029,227,60496095
1361844256,19,8733167
1361845510,14,4956377
1361846796,8,1704846
1361846879,71,28815651
1361847780,86,39828951
1361848071,6,433153
1361849706,44,19303136
1361851424,14,2317708
1361852727,22,5448531
1361853755,10,4851610
1361855321,139,11476402
1361858763,158,77878876
1361859447,6,461538
1361859629,12,3833861
1361864457,19,2259008
1361867985,13,634634
1361869942,31,2354632
1361870257,3,50472
1361873694,23,8624957
1361874892,15,1218070
1361875516,4,228460
1361877638,123,68763249
1361878595,12,7429288
1361878665,15,639084
1361879409,10,4492849
1361879618,13,3796228
1361879637,46,12950453
1361881504,30,2768369
1361881896,18,1226744
1361882713,16,2857242
1361883512,24,13669481
1361886053,11,719314
1361886701,16,7068356
1361887091,140,60823490
1361890525,150,73178783
1361891223,44,14782893
1361892780,3,248232
1361893455,18,10980290
1361894045,10,847376
1361902108,25,3520908
1361909034,14,1591552
1361910411,41,4391957
1361911315,23,1214333
1361915128,11,572508
1361922113,28,3633513
1361923254,22,1307642
1361923679,24,552584
1361924064,11,1375643
1361924208,250,126033861
1361925772,4,633840
1361926049,19,4738698
1361926940,12,1183473
1361927140,7,2497209
1361928338,13,424746
1361929366,10,3487153
1361929608,12,8702573
1361930124,8,2514344
1361930572,6,2934707
1361930682,10,4306850
1361930790,9,1608495
1361930910,26,10407278
1361932546,43,17478159
1361932743,12,1927427
1361933048,7,776139
1361934627,21,1420986
1361934916,20,6856591
1361935394,13,4146876
1361935645,19,4684539
1361936014,22,1911812
1361936345,10,6541615
1361936458,12,1996809
1361936651,14,537106
1361936689,12,3894978
1361937082,16,3500469
1361937618,11,3198190
1361938745,5,1350897
1361939108,17,6018951
1361940039,25,5349687
1361940231,16,1813396
1361940437,56,37511653
1361941104,11,2088371
1361941303,13,8624820
1361941569,8,2024555
1361941725,34,23595261
1361942020,34,20449677
1361942448,12,4472888
1361944455,3,1117226
1361944537,9,2285115
1361945389,12,5080666
1361945856,13,887259
1361945880,24,6220753
1361946976,9,6737604
1361947410,11,2758894
1361947564,22,10703948
1361948598,10,663412
1361949001,44,12226387
1361949203,21,15592477
1361951019,40,3082835
1361951842,22,10521714
1361954373,23,1561417
1361954919,25,1583029
1361955381,36,1894441
1361955506,16,2906443
1361955613,17,4425932
1361956430,27,1264484
1361957999,12,1235983
1361958252,13,1197261
1361958435,6,956450
1361959191,20,2036155
1361959622,16,5283524
1361961863,12,679636
1361961950,22,1635223
1361962788,101,2917367
1361963010,12,1783757
1361963223,49,1701808
1361963914,10,1063362
1361968548,30,1727214
1361968629,37,12257060
1361969489,13,995806
1361969772,16,928897
1361969850,4,334520
1361972713,6,550882
1361974077,27,935135
1361974983,25,1487063
1361975644,82,12845306
1361975757,19,5687015
1361977004,45,11858314
1361977614,13,7679221
1361977960,272,136350723
1361978786,10,6334380
1361983902,10,2109575
1361988606,39,1747580
1361988823,50,16297920
1361989830,16,10578070
1361989850,14,3456112
1361990400,45,1961534
1361990459,6,1215097
1361990644,90,6067100
1361990933,29,13961693
1361992095,17,3304556
1361993487,22,6106935
1361993526,28,8474651
1361993808,7,3672293
1361994207,29,9480884
1361996570,11,3512181
1361996574,31,17314044
1361997174,11,5485124
1361997420,6,918962
1361997780,13,2303055
1361997929,72,12584137
1361999925,10,759492
1362000089,13,3079221
1362000302,16,4838647
1362001253,3,1924044
1362001582,24,5571312
1362001829,17,4553858
1362001850,24,5862999
1362002012,13,2171396
1362002574,15,5510901
1362002684,79,14389101
1362003577,20,1007807
1362003775,38,13834328
1362005149,9,2685048
1362005508,49,23282664
1362006104,13,1046290
1362007222,12,1958456
1362007231,7,1073552
1362007487,3,1165115
1362007834,5,165027
1362008887,9,1876666
1362009170,10,4014804
1362010050,47,4516414
1362010515,15,4931695
1362010747,36,6876201
1362013127,5,939891
1362013914,7,881183
1362016613,14,4086490
1362016788,103,8774161
1362017871,54,1895371
1362020555,10,669324
1362020606,17,3436855
1362021492,15,5262420
1362025004,10,4541638
1362026971,94,9326061
1362027465,58,4926067
1362029927,27,34660790
1362030422,18,1006255
1362032778,3,952192
1362033287,26,1449881
1362033290,11,5006892
1362033357,102,53879659
1362034487,10,2251221
1362034861,10,2724039
1362036350,13,3008265
1362036380,36,1471314
1362036572,28,9586104
1362036786,10,1085123
1362038356,110,12951285
1362039231,102,44405716
1362039850,17,1114499
1362042286,7,1186914
1362043259,56,2787622
1362043822,20,1468052
1362044147,12,4140511
1362044584,8,524627
1362046009,25,7266457
1362046108,10,2562133
1362046504,21,9847482
1362046763,4,430983
1362047033,54,9140916
1362047590,16,5160205
1362049464,11,3070478
1362049926,44,3418435
1362049997,22,9134164
1362050097,17,899881
1362050967,15,4196398
1362052187,19,6297089
1362052745,14,7927999
1362053578,30,5558415
1362053675,3,444724
1362054275,8,395298
1362054858,19,7141998
1362055055,4,984347
1362058179,10,5166589
1362059810,23,1271910
1362061131,12,6944847
1362061476,15,2101712
1362061499,13,1353837
1362061824,18,2582712
1362062800,13,5383856
1362064394,19,1176698
1362066284,17,1361173
1362070221,26,3146444
1362075180,19,2066493
1362078809,35,1323062
1362088511,3,185081
1362145295,13,676999
1362152561,17,1661727
1362161474,17,3012372
1362163128,9,2813311
1362163146,10,5083044
1362165723,20,4344876
1362166516,39,14292973
1362166937,24,1964579
1362168711,5,2867408
1362169797,6,2340309
1362172069,21,11942148
1362178457,22,9258880
1362179617,14,865482
1362185882,5,726886
1362186739,4,1080809
1362186776,12,917407
1362193757,38,9816760
1362194824,17,8146141
1362195037,14,985993
1362196307,33,6640078
1362198630,29,7870593
1362199279,27,10291749
1362199953,13,4602673
1362201396,53,16019975
1362202215,16,7956587
1362202522,16,1651918
1362203324,19,1123531
1362205585,8,1044006
1362206537,8,2864884
1362207564,19,7639573
1362213135,14,1363960
1362215837,15,710799
1362225313,159,34505702
1362226180,22,5491897
1362228322,20,2539717
1362229724,137,59548373
1362231034,6,685631
1362232688,34,10867128
1362234846,4,1521451
1362236087,61,24861406
1362236456,60,22052881
1362237056,28,10499371
1362240256,74,30443062
1362242932,10,5921243
1362244613,11,3948007
1362251047,57,4675595
1362252547,20,4060469
1362252621,8,2425610
1362257194,55,2470815
1362258989,8,299367
1362259102,14,849124
1362259349,4,274570
1362261150,17,1033621
1362261712,20,1220275
1362262269,7,1216700
1362266289,7,2304569
1362266825,12,515745
1362268206,71,26378721
1362269616,20,2294737
1362272852,91,37148993
1362273588,32,15607699
1362275681,19,4836251
1362278221,14,354935
1362279122,93,32524454
1362281755,9,3567158
1362282588,18,9311246
1362283649,4,884229
1362286018,11,2198567
1362286353,32,14868364
1362286403,9,3101289
1362286769,25,9543954
1362291760,21,599142
1362294283,7,1895633
1362300156,16,1512923
1362301715,9,2722166
1362302217,11,552843
1362302977,11,661120
1362303028,29,3524908
1362305092,17,2147666
1362305286,54,4894952
1362306460,54,3640451
1362308020,11,590998
1362308057,17,2311965
1362308129,17,918670
1362309011,13,1264207
1362312817,33,2382491
1362312913,74,2499561
1362312943,59,6149507
1362313679,19,3821417
1362317276,11,5757365
1362317391,47,3558669
1362317960,25,4028869
1362317999,5,510126
1362318551,122,73366115
1362320357,30,1381741
1362320725,7,539946
1362323378,14,7613252
1362324900,150,8912594
1362325116,10,1165444
1362326793,130,42587715
1362327613,23,772571
1362327723,9,736596
1362328357,9,9505080
1362328469,7,270316
1362328564,70,38164966
1362328643,11,3331238
1362329941,40,22502542
1362329945,18,6903808
1362330148,4,1272224
1362331195,6,1257665
1362331494,27,755200
1362332149,8,4056024
1362332548,80,43226222
1362333972,16,9822375
1362334133,16,4679042
1362334157,5,120799
1362335018,6,1425701
1362335669,28,1767816
1362336225,6,2284127
1362337888,9,3622849
1362337970,5,548779
1362338195,3,1083342
1362338779,14,3340155
1362339069,7,534731
1362339344,10,2014097
1362339529,36,15869701
1362340119,30,18392144
1362340205,5,761504
1362340215,12,960161
1362341109,23,14530702
1362342568,31,1451943
1362342613,18,4492471
1362342615,37,14007997
1362342960,13,557839
1362343216,23,3674772
1362343226,9,1400274
1362343868,3,410764
1362344184,6,478760
1362344622,24,707030
1362345794,7,1073867
1362346106,4,1120392
1362346590,23,2636538
1362346653,5,346099
1362347079,13,1824476
1362347149,47,4072142
1362348542,8,1257086
1362348589,23,8030979
1362348704,35,2913267
1362349232,5,197867
1362349816,9,1007088
1362350235,18,2450894
1362350476,61,3844382
1362352031,53,1675480
1362354302,37,800410
1362358888,41,763520
1362359370,17,1987272
1362360355,17,1349817
1362361070,15,935172
1362362383,53,22972055
1362368362,17,1123861
1362371172,26,4876556
1362372815,10,593663
1362373499,15,3298096
1362373858,48,7615674
1362373912,24,3047741
1362373934,38,4183171
1362373936,8,831787
1362374070,8,1057271
1362374953,8,1712051
1362377285,31,3616938
1362378263,32,6162978
1362379163,25,6006014
1362379340,41,2715347
1362379666,21,3964956
1362381259,14,6316624
1362382932,7,1421961
1362384245,5,8651791
1362384605,14,7915350
1362384859,3,605749
1362385133,12,5313225
1362385269,10,3190804
1362385697,46,5350949
1362385798,15,3534877
1362385914,52,20038346
1362386099,9,2362831
1362386358,28,1788929
1362386560,67,27971480
1362386601,16,2994101
1362386711,7,1909551
1362387334,4,297660
1362387757,9,1034724
1362387976,5,3405208
1362388690,19,1811050
1362389325,19,3319404
1362389783,18,2096393
1362390153,16,2786050
1362391482,6,392610
1362391615,25,11556715
1362391648,74,23139689
1362391987,18,2723607
1362392062,15,2857706
1362392110,15,4325907
1362392226,14,5340064
1362392283,7,5243182
1362394063,18,4425286
1362394421,13,585759
1362394590,26,1466361
1362394992,14,2832948
1362394997,16,1182015
1362395311,39,15425167
1362395502,16,6035171
1362395804,18,2216570
1362395995,6,2496656
1362396294,28,3075919
1362396369,13,3708234
1362397148,47,15419413
1362398154,23,8680774
1362398182,23,4234755
1362398201,35,17515619
1362398748,8,1698977
1362398909,15,3373500
1362399102,16,2850791
1362400129,9,645029
1362400653,15,3356752
1362400809,26,9170400
1362401078,19,7574779
1362401085,76,8857020
1362401254,25,8085602
1362401391,25,14066954
1362404456,8,1043634
1362405172,11,855462
1362406459,18,927740
1362407191,8,1429603
1362407614,5,576248
1362408077,7,2828611
1362409321,29,1459344
1362410558,21,2078267
1362412085,20,1699276
1362412985,16,2484037
1362413303,15,822224
1362413518,7,254786
1362413597,81,7516694
1362414758,41,4266885
1362415384,9,4034647
1362415705,55,912548
1362415923,41,3093146
1362416258,10,405932
1362416706,11,1000567
1362420158,63,6704513
1362421502,111,7924013
1362422706,18,2308071
1362425847,16,1118217
1362426638,30,1394776
1362426754,30,2084721
1362427724,10,1391657
1362429000,350,132620769
1362430733,14,2332532
1362431091,3,178353
1362432182,14,2481842
1362432616,110,9739838
1362432729,5,842521
1362433130,4,159734
1362433376,32,764395
1362433571,27,2515607
1362434622,20,4294984
1362434641,5,1006894
1362436037,18,1378631
1362436803,13,6286881
1362437239,216,33252975
1362438383,5,960512
1362439028,25,1284684
1362439081,20,2913438
1362439926,17,3531277
1362440311,22,4326392
1362440339,104,36893919
1362440648,13,1174615
1362445500,15,2416895
1362446425,12,1106959
1362446627,4,869790
1362447250,12,739726
1362447904,13,2564178
1362447923,16,3636702
1362448823,23,9082679
1362449168,20,831432
1362449267,7,2912751
1362450832,43,12740218
1362450838,25,2920079
1362451262,15,1618962
1362452010,24,1123971
1362452365,5,1661018
1362453746,29,14627375
1362454495,20,6544046
1362454614,14,4927300
1362454740,18,2436367
1362456864,15,1003598
1362456878,53,3491567
1362458516,14,3291207
1362458881,16,3302357
1362460458,6,303824
1362460934,6,322970
1362461153,9,408579
1362461865,15,17769721
1362462818,29,1623662
1362464710,12,6008581
1362464916,50,4688320
1362464933,5,482867
1362468633,13,2794557
1362469016,14,5060367
1362469861,7,1136911
1362471814,16,754199
1362472072,17,3163217
1362473583,8,1043815
1362476073,38,3295987
1362477182,4,322777
1362477915,7,527939
1362480716,7,437871
1362483527,35,2347868
1362483560,10,783705
1362483867,27,1296841
1362489057,5,156795
1362489574,14,529121
1362491059,16,2253530
1362494605,13,971073
1362501240,15,1779208
1362521495,13,1188285
1362525050,8,1414174
1362530562,9,385449
1362532232,5,322011
1362537223,19,6673935
1362537324,16,1159884
1362544293,16,849920
1362546183,20,1200512
1362556695,24,1758439
1362557083,28,1379033
1362562052,21,5345519
1362562240,70,7395601
1362568606,22,1117043
1362568838,11,895917
1362569842,13,459167
1362569923,21,4876244
1362570522,10,411275
1362572545,24,1974021
1362578757,9,354213
1362581013,21,1789433
1362592995,8,310996
1362593959,15,2127810
1362594701,3,1199188
1362595003,23,8113933
1362595885,13,1859287
1362596783,20,8406396
1362599228,4,2029287
1362599427,13,7925198
1362600186,6,1061172
1362600202,15,5901098
1362600912,23,5547461
1362602043,16,7128557
1362603195,9,1880271
1362603420,24,6606413
1362606445,11,2258041
1362607070,112,8422549
1362608210,35,7428229
1362610067,17,792789
1362615947,8,435533
1362618001,19,1295978
1362627197,21,7331747
1362631162,27,1039616
1362631621,49,29451783
1362631678,5,897840
1362632401,16,3588881
1362638998,19,5420741
1362639868,15,751819
1362640532,18,853455
1362644244,38,2618173
1362644300,20,5820575
1362644548,7,1505424
1362646418,18,6082845
1362646761,7,1053995
1362647572,19,2363143
1362649297,4,1518865
1362650434,6,1044373
1362652623,20,14480848
1362664299,14,887633
1362670912,21,1629691
1362673240,33,6225965
1362677029,20,1581455
1362679312,42,9344456
1362680925,32,2003090
1362685132,13,1323613
1362685562,20,1159864
1362686276,10,851652
1362687070,23,12664088
1362689274,7,2938805
1362689285,19,6563589
1362692074,13,5106926
1362692883,28,24244680
1362694968,6,2554536
1362695104,15,3979455
1362695444,41,17156697
1362696308,45,728425
1362696981,38,12513606
1362697232,23,1023580
1362697794,14,542141
1362699924,42,2551147
1362699928,6,574991
1362701107,49,13743089
1362701973,14,529348
1362704579,37,2483920
1362708794,13,586240
1362709961,23,1813918
1362710799,9,1508283
1362713883,22,1467101
1362717250,27,3050674
1362722672,17,830759
1362724592,14,1168990
1362725302,12,1275167
1362725341,5,290872
1362727135,4,1678393
1362729931,40,1620611
1362731883,19,2325258
1362733204,52,4637410
1362736094,9,4576167
1362739520,23,9731061
1362740166,6,2927160
1362740535,28,6817864
1362742577,22,12319945
1362743218,6,1545923
1362743642,24,8697207
1362744394,14,4909702
1362744977,41,28451375
1362745481,62,25837636
1362745606,27,8081749
1362746635,156,84409845
1362746782,13,1292433
1362746849,3,616082
1362748047,22,1500108
1362748211,11,3547517
1362748239,50,19729251
1362748444,26,13338991
1362749471,15,647733
1362750325,16,699180
1362751389,22,5796742
1362751718,12,2041171
1362751966,16,2562556
1362753169,113,58276504
1362753453,18,3174713
1362753492,30,12037319
1362753511,8,3958421
1362754365,14,2463615
1362754381,34,18198490
1362755977,16,7346969
1362756473,9,1488090
1362757014,12,861332
1362758141,16,5796743
1362758872,21,2248488
1362759601,156,21505198
1362760010,25,1786812
1362760343,19,9218584
1362762341,29,3455403
1362762917,117,5187905
1362764042,31,2214449
1362764785,23,879410
1362765229,9,4323543
1362768017,4,553236
1362768643,23,864757
1362769431,5,443438
1362770009,7,1603191
1362770520,38,3180524
1362770583,8,773033
1362773008,10,1828563
1362773493,4,508210
1362774486,15,712933
1362778077,14,2081119
1362778367,16,1757260
1362780514,14,981323
1362780547,6,832731
1362781949,40,2126865
1362783348,49,4292572
1362783989,6,1432215
1362784123,17,674098
1362784402,35,8812890
1362788936,16,647858
1362790312,9,339827
1362792507,10,289607
1362796129,9,4115340
1362797739,21,962788
1362799321,17,3292879
1362800148,129,194005729
1362800519,6,1938888
1362801513,24,6391731
1362803210,8,875107
1362805468,13,3930513
1362805621,74,83967826
1362805667,12,14843655
1362806140,23,936014
1362807205,13,6726287
1362807621,31,14308263
1362807842,14,8759379
1362808248,20,5719918
1362808338,35,21680775
1362808494,11,3730106
1362808537,6,2732294
1362808743,6,500910
1362808788,40,8025270
1362808790,18,6174718
1362808944,19,3135981
1362808969,84,41890036
1362809591,6,937826
1362809709,59,56641022
1362810023,9,8991991
1362810864,5,1236567
1362811288,31,17831820
1362811774,9,430160
1362811826,10,7372792
1362811880,18,2557362
1362811931,9,60966
1362812032,6,1311905
1362812131,6,2098190
1362812187,14,12816332
1362812221,24,3001198
1362812714,32,4355246
1362812951,32,8984144
1362813049,30,8818870
1362813451,10,5787471
1362813483,37,58656478
1362814601,23,7657259
1362814605,6,2018762
1362814660,20,5404735
1362814879,19,3099359
1362814916,155,32107816
1362815157,9,1980307
1362815710,16,6081678
1362815737,26,3609372
1362816314,7,825952
1362816486,238,447866032
1362816489,4,1097168
1362816557,7,932242
1362816849,16,5270293
1362817082,13,2854336
1362817202,6,544907
1362817275,45,27447489
1362817545,39,22736749
1362817894,15,4528568
1362818250,294,354233305
1362818755,100,12369741
1362818854,65,31592311
1362818880,50,17673776
1362819566,10,44529511
1362819905,22,8694316
1362819957,37,18579954
1362820550,4,659049
1362820594,12,818473
1362820640,16,5133752
1362820745,68,43280409
1362820892,9,3248886
1362820990,11,8889819
1362821067,6,328117
1362821141,29,3496349
1362821931,24,14452321
1362822465,14,1581251
1362822559,78,42820897
1362822635,18,3645043
1362822698,86,50076488
1362822826,6,1616319
1362822846,3,676718
1362822961,20,1135854
1362823269,134,74654951
1362823313,155,107731279
1362824208,72,46661071
1362824418,22,513290
1362824949,14,4574522
1362825209,17,1321742
1362825864,204,146971073
1362826487,19,3822110
1362826603,8,650032
1362826827,17,4647848
1362826869,16,2707314
1362826939,92,58839251
1362826981,6,1228296
1362827066,32,5223079
1362827110,27,20633949
1362828641,7,448165
1362830195,700,82094096
1362831434,33,10968369
1362833233,53,31104280
1362834311,7,619219
1362835444,12,412529
1362836377,6,245368
1362837273,20,7625749
1362841288,8,599356
1362842644,23,823603
1362843336,104,11012752
1362844141,18,2426311
1362844900,9,1039752
1362845629,11,599308
1362845854,24,1155215
1362848226,6,601119
1362850723,28,955375
1362851784,13,1583909
1362851963,34,2707270
1362852651,8,740906
1362854271,112,6865986
1362855353,18,2302242
1362857193,5,232054
1362859074,29,3619626
1362859844,8,3502221
1362859919,21,6741182
1362859972,7,275608
1362860225,22,3123023
1362860724,12,3390812
1362861431,8,1206206
1362863052,16,5898384
1362863674,11,1516827
1362866552,48,23377461
1362866564,44,858978
1362867008,8,492869
1362867135,22,1807954
1362868117,14,1130933
1362868463,15,2628269
1362869055,11,1104215
1362870969,6,1000442
1362872091,16,8036934
1362872931,9,614328
1362873645,6,637035
1362873993,13,658311
1362874114,17,6024254
1362875107,56,8897695
1362875367,34,4405259
1362875724,33,10767724
1362875919,18,1168022
1362875966,11,3017952
1362876546,11,10985238
1362876914,23,10049414
1362877759,7,415722
1362877957,37,35183492
1362879668,15,805529
1362880556,15,6815079
1362880711,19,1231343
1362881010,11,2252243
1362881666,30,13591447
1362882150,19,8334367
1362882552,17,1659240
1362883319,4,131944
1362889956,6,796566
1362893863,44,8497033
1362895389,18,1095665
1362897465,14,3115360
1362899425,11,1042565
1362903134,19,835703
1362904578,19,1619931
1362912715,47,4873538
1362914564,10,660395
1362917032,14,2426422
1362917986,20,1762274
1362918220,15,904433
1362918395,35,5140528
1362918799,6,588011
1362919860,15,8426709
1362921031,43,1150052
1362921125,11,8940702
1362921395,12,3273968
1362921739,10,812146
1362922671,17,6340916
1362924689,18,674655
1362925368,23,2234101
1362927315,22,9066980
1362928155,29,4782737
1362928349,17,1271775
1362928617,14,3824620
1362931849,7,1665018
1362931875,10,1008149
1362933819,23,8060848
1362933916,11,2572498
1362934105,21,2521588
1362938554,15,1335976
1362939771,10,1220525
1362939794,3,125455
1362940079,16,1226134
1362941255,24,1168494
1362942772,19,7293749
1362944559,13,2093647
1362947033,16,4588866
1362947837,60,4237123
1362947851,9,1369856
1362947905,8,559727
1362948617,26,1389160
1362953720,24,2068259
1362954759,12,2553862
1362954777,35,3729368
1362960209,9,822618
1362962165,16,242110
1362964071,5,2500592
1362965223,27,6040801
1362965265,6,1096031
1362966302,9,358187
1362971491,13,9124569
1362972005,7,1864264
1362979686,19,2211949
1362982038,19,942005
1362991811,34,3151914
1363026669,29,2391487
1363035693,16,1249244
1363046667,20,3783635
1363047692,7,497400
1363053793,72,5128863
1363062360,9,728460
1363066205,27,2456608
1363070078,6,249700
1363077582,27,9652288
1363079412,5,364735
1363079670,29,2230729
1363082778,6,323494
1363084446,23,6909612
1363089315,32,10913685
1363093268,22,12070416
1363093279,25,1832315
1363093283,72,7619460
1363094182,14,3661984
1363095112,3,448771
1363097166,56,1401194
1363097261,10,3161182
1363098029,21,10308794
1363104550,5,151446
1363106657,15,4234281
1363109964,17,6138811
1363111620,19,2799047
1363120794,17,2616082
1363121810,6,246055
1363132321,60,1364594
1363132611,17,4929560
1363134163,35,2376075
1363134593,16,5730611
1363137149,13,806705
1363137853,19,4131915
1363140076,13,2700309
1363141119,16,5670568
1363141747,11,7413669
1363142481,16,6068075
1363142954,15,1636831
1363144846,12,3328673
1363145211,22,1469781
1363145474,30,1929927
1363147588,14,3815727
1363147915,11,1849133
1363149361,13,466760
1363150591,9,620092
1363151151,13,579291
1363152463,14,1458117
1363153783,7,277411
1363154321,8,391140
1363155201,59,8844238
1363155789,114,7461979
1363156421,13,1084335
1363156513,17,1635260
1363156680,10,549369
1363160302,5,185056
1363162533,28,4653780
1363162795,14,617108
1363162968,15,2736011
1363163419,20,1253222
1363167241,7,955181
1363168545,10,497919
1363172230,38,6919632
1363172796,23,2134024
1363174320,16,614214
1363175021,31,6560918
1363175414,39,4149418
1363176049,11,374446
1363176394,7,489805
1363176397,79,5456575
1363177058,10,260875
1363178482,10,361553
1363179080,14,1118789
1363182384,60,3658917
1363182507,178,11770225
1363183246,14,993381
1363184677,58,1776693
1363190732,35,14248211
1363192229,9,2786936
1363193131,13,2679719
1363196595,17,3828512
1363197310,16,830376
1363198258,42,17699447
1363199582,16,2876443
1363201529,10,1623761
1363204701,47,15658514
1363204826,45,19039548
1363205069,18,8180898
1363206651,16,2513146
1363207402,7,3960588
1363209468,14,5513580
1363212803,30,2029408
1363215094,16,962834
1363215096,26,6677535
1363217069,5,496050
1363217428,14,4446725
1363218820,100,10730171
1363221931,64,11120290
1363222420,5,229791
1363224440,17,820840
1363226267,19,738450
1363228240,15,871963
1363228606,23,1169051
1363229463,14,975492
1363231962,51,2947117
1363237988,10,805607
1363238455,33,2052242
1363240554,270,137405832
1363244177,18,791411
1363245177,31,2671131
1363247726,16,704388
1363248799,18,1046405
1363249744,21,4060578
1363250217,19,1696599
1363252388,31,7006939
1363253158,3,1851119
1363253481,11,8080218
1363254514,16,1158890
1363254715,4,9392510
1363255755,7,1819494
1363256402,16,6375646
1363256468,6,1535741
1363257154,59,34176067
1363257188,145,93349929
1363257342,60,4170236
1363257551,11,3100977
1363259003,16,6403252
1363259261,32,11611465
1363259893,20,1807968
1363260020,21,18204023
1363260735,92,35336176
1363260792,121,52240401
1363261022,18,6984352
1363261284,20,813314
1363263347,20,9428769
1363263965,15,6659136
1363264316,24,10133293
1363264491,104,52498754
1363265716,28,14241643
1363265866,21,1431474
1363266499,50,12687770
1363266613,9,458275
1363266697,3,56504
1363266832,26,8901288
1363266971,11,5962492
1363267020,20,5103256
1363267124,11,874475
1363269282,15,7547193
1363269441,8,2189622
1363269461,9,1255947
1363270094,8,1682482
1363270173,26,21012409
1363270711,24,3483639
1363270789,25,2287482
1363271063,18,3020471
1363271138,19,5251153
1363273160,48,17360491
1363273406,14,1481949
1363274688,21,3891799
1363276709,31,15721354
1363279004,5,1204407
1363281122,7,4811507
1363281588,11,609786
1363282836,5,872091
1363284141,35,2208336
1363285754,5,995385
1363285923,12,1475994
1363286702,18,450248
1363287191,12,4205288
1363287923,17,3463320
1363292214,20,2710353
1363293214,12,1728470
1363294229,12,1545635
1363295697,4,2120625
1363297189,24,1167322
1363298111,34,24018126
1363298861,8,2326260
1363300019,23,1559253
1363300907,18,3408895
1363301580,68,2729203
1363303305,16,2337548
1363303410,41,2241306
1363304056,28,18067952
1363305322,12,1386153
1363306260,26,9764051
1363307089,4,971398
1363307276,130,3198723
1363309015,8,438484
1363311454,20,9974020
1363311502,32,6279808
1363312311,15,2805271
1363313776,9,725588
1363314091,27,4259868
1363314438,33,1830364
1363315902,15,691086
1363316346,20,14540999
1363316481,15,3355013
1363318077,14,403757
1363319236,17,7443783
1363319411,36,14011068
1363319418,7,3645056
1363319711,20,5165758
1363319869,19,1557828
1363321849,18,1451200
1363322202,8,1273641
1363322610,16,836401
1363322852,10,1925913
1363322965,21,1330290
1363323171,35,2138220
1363325239,20,7295518
1363325529,21,4867091
1363326083,9,2447047
1363326136,13,767067
1363326412,12,1870003
1363326472,32,21549199
1363326538,23,18355489
1363326649,13,2882799
1363327383,14,2044330
1363327931,9,1001651
1363328372,10,1391857
1363328732,9,2949544
1363328902,11,633813
1363329413,15,771916
1363329690,8,1142925
1363331028,12,629469
1363331935,12,605854
1363332094,8,792638
1363333359,37,17180128
1363334029,11,1421050
1363334593,67,1706380
1363335809,9,1790917
1363336468,9,939158
1363336561,28,2860666
1363336907,11,1071911
1363336928,56,3701966
1363337143,95,10914081
1363337885,13,2462778
1363338467,16,1547422
1363338587,28,4589917
1363338720,11,1088288
1363338986,10,708281
1363339680,21,3168409
1363340999,21,5751160
1363342497,18,1566198
1363342653,20,1006836
1363342693,12,767213
1363343064,13,1528621
1363347816,38,675641
1363348203,14,1182870
1363348868,14,842459
1363349163,4,855605
1363349650,12,2256950
1363350672,31,728318
1363354324,42,16016667
1363354850,11,852818
1363356480,54,3467251
1363359292,17,896093
1363359697,32,4779518
1363359747,12,1271485
1363361965,59,5316835
1363362150,49,20787187
1363365764,27,9495078
1363366662,18,1019502
1363367824,4,300264
1363369201,17,2431325
1363369444,43,16638941
1363369625,80,5889634
1363369643,6,245564
1363370384,14,1675768
1363370477,5,455028
1363370973,5,509623
1363371618,6,1105936
1363371799,13,2200925
1363372084,15,11620904
1363373266,8,3252655
1363373699,18,2488223
1363374748,31,8606286
1363375838,28,11083103
1363377026,7,2261547
1363377323,7,1670050
1363377478,14,4723492
1363377757,7,1444662
1363377765,16,5095375
1363377999,64,28105656
1363378241,8,1196362
1363379137,8,434354
1363380743,5,1312421
1363380977,110,10356100
1363381230,19,5520237
1363381645,9,4432246
1363381837,34,6963925
1363383176,14,4345881
1363383416,31,7966810
1363385586,20,5996907
1363386263,11,2952328
1363386316,17,4599915
1363386478,4,848784
1363386780,31,4435674
1363387214,17,2346163
1363387243,8,2173226
1363387786,43,3887712
1363387791,10,4714598
1363387950,37,11564410
1363389130,18,982679
1363389160,9,5194372
1363389655,11,2365417
1363390216,20,4652888
1363390911,29,7409808
1363391328,30,19150702
1363391697,5,4455918
1363392452,91,5352623
1363393516,23,6670902
1363394552,15,2263951
1363396053,17,5498016
1363396536,19,5677234
1363396913,29,1102810
1363396965,15,1411951
1363397247,8,843360
1363397753,6,244207
1363399727,12,3927161
1363400878,41,2541536
1363401085,11,7400522
1363401287,22,8109182
1363403229,38,3033648
1363403298,6,2091690
1363406639,38,1408667
1363409453,23,1283005
1363411529,37,8232765
1363413061,17,2141755
1363414885,38,2771197
1363418109,5,817396
1363419027,12,775228
1363422120,23,766575
1363424638,14,1723502
1363424734,33,3781884
1363429533,64,11607033
1363430135,15,2031206
1363430715,47,4398817
1363432245,9,1760039
1363432420,13,1430315
1363434335,10,403878
1363435227,18,9933444
1363435607,14,3610787
1363437365,4,1225831
1363437543,31,3183881
1363438505,5,1112064
1363439038,3,511746
1363439167,32,10737424
1363439998,9,2885484
1363442402,49,3681578
1363444161,8,1973925
1363444415,9,3587065
1363445197,22,6963414
1363445421,14,1807109
1363445439,18,3756719
1363446376,14,2478150
1363449442,6,1935981
1363450650,8,542575
1363450812,11,2197916
1363452646,22,2591648
1363452779,8,340413
1363455268,13,1379961
1363456039,7,2628819
1363457775,19,3521263
1363461203,19,2211446
1363473368,6,210230
1363476430,11,943915
1363477346,21,1958533
1363479217,16,1747980
1363497511,11,551315
1363505973,10,741098
1363507917,7,378750
1363509138,19,890796
1363524508,6,542760
1363530430,7,581224
1363532408,3,161378
1363545728,7,2076786
1363548947,17,6393857
1363550317,170,86212465
1363553514,13,900654
1363562769,21,4586018
1363568014,39,5200646
1363572634,28,2758950
1363572645,11,1184205
1363572681,10,1210064
1363572755,5,432039
1363575473,27,4178648
1363576550,17,868165
1363578174,25,2169828
1363580733,54,3209374
1363582453,13,1289609
1363588636,16,1035339
1363593391,10,770262
1363594667,44,5019195
1363595134,5,1019963
1363596676,34,25000504
1363597242,15,5358660
1363599510,19,8900530
1363601412,17,1306051
1363601677,3,953191
1363602430,5,1499789
1363602971,12,3989040
1363604309,27,9222729
1363604829,9,800996
1363605277,10,8122112
1363606811,10,2926099
1363609403,15,1591652
1363614421,42,3527797
1363626764,23,8210260
1363629382,17,1146115
1363631281,55,24208978
1363632174,16,1152537
1363634081,3,961213
1363634799,16,4053480
1363634991,17,3302165
1363636087,10,3043663
1363636516,19,1564013
1363636534,21,5276645
1363637489,12,6482830
1363637513,11,3176938
1363637900,24,6235481
1363638357,20,6444464
1363638826,12,6106802
1363639764,12,5612127
1363640239,36,12640764
1363640944,24,10957001
1363643535,12,3713305
1363646335,26,6198800
1363646581,17,6370178
1363648582,13,689172
1363649514,6,2331920
1363652874,66,4873395
1363654595,19,1106455
1363655234,20,1624242
1363655348,14,653015
1363655391,6,343720
1363655865,9,1345592
1363659771,12,715945
1363661868,13,2122582
1363663644,6,183714
1363664255,50,2873983
1363670395,16,382116
1363671680,16,1002159
1363673450,25,2550166
1363673646,7,965553
1363673662,10,897091
1363674130,11,282438
1363675509,14,1800938
1363677869,24,587002
1363678683,4,900770
1363679775,6,971333
1363680251,7,973487
1363680822,21,1158553
1363682085,24,10303981
1363682894,78,42282670
1363684332,17,2007441
1363686281,7,3515362
1363687036,7,1278299
1363687419,19,1791041
1363687461,4,2080240
1363688274,42,21388356
1363688773,101,46240363
1363689156,4,1342798
1363691628,10,1298802
1363691644,14,732809
1363693453,15,344302
1363695611,34,1254653
1363699417,104,3138491
1363700049,294,16971823
1363703927,3,297460
1363704148,26,4210332
1363706277,13,3007963
1363707523,48,1236570
1363713155,18,1853012
1363713329,3,271685
1363714538,17,3825755
1363716714,26,2809512
1363718075,36,2304541
1363718213,42,2566358
1363718394,5,421424
1363719642,115,1916400
1363719664,11,616082
1363720215,7,2598243
1363721177,20,1312691
1363721569,87,28057578
1363723644,9,1829261
1363724000,25,1797809
1363725322,10,2340877
1363725544,15,3768868
1363725677,16,2200755
1363725958,7,1562678
1363727800,36,6149596
1363730849,11,1815161
1363732128,4,743860
1363733121,33,11163510
1363733968,5,626249
1363734717,27,3046252
1363734776,3,2031879
1363734865,8,2865072
1363735247,19,6546451
1363735632,8,3517829
1363735757,7,1965367
1363736248,8,3840391
1363737513,6,173128
1363737550,31,7147354
1363737740,17,8260685
1363737865,30,1997532
1363738501,32,18163472
1363739150,18,2971278
1363739531,20,932255
1363739912,44,12492724
1363740517,10,4051130
1363740962,8,204056
1363741106,6,2324782
1363741296,3,94912
1363741300,22,1085850
1363741347,27,1280045
1363741392,31,15204592
1363742165,6,957973
1363743216,11,1714188
1363743926,21,9103053
1363744322,5,168659
1363744395,35,7460090
1363744868,27,1118000
1363745194,12,3458022
1363745772,8,1041323
1363746487,13,1647060
1363746574,9,1420271
1363746870,10,7625767
1363746949,15,3997174
1363747191,24,13275097
1363747260,15,681639
1363747262,11,7713310
1363747700,15,1692285
1363748245,14,2722780
1363749196,9,2860824
1363749881,10,3940536
1363749931,24,6273287
1363750104,32,1005414
1363751037,98,2591887
1363751267,19,9810029
1363752715,23,2298803
1363752961,5,1683633
1363753529,13,1088243
1363755898,11,4333416
1363757318,14,669270
1363759089,12,3451561
1363760362,17,1555288
1363761392,23,1794218
1363761707,16,2199490
1363762051,46,16223450
1363764757,21,2688355
1363766155,19,2422911
1363768246,9,976150
1363768708,31,3029771
1363769717,4,86370
1363773646,13,3393141
1363774278,21,1324272
1363774500,21,1191047
1363776155,44,3202684
1363776227,13,7397197
1363776533,321,184847772
1363778204,3,662782
1363779444,5,10828171
1363780040,7,1361697
1363784499,21,5693685
1363785948,233,111753502
1363785974,19,713326
1363786299,23,9148093
1363786612,14,2499412
1363787050,16,7657699
1363787495,22,1235813
1363787578,30,5480450
1363787849,109,64169259
1363788905,17,1095503
1363790185,24,501644
1363792147,14,6007221
1363792800,4,626244
1363793583,5,1719463
1363793772,12,1455860
1363793823,138,50714118
1363793898,14,1699120
1363794134,13,1161722
1363794141,36,10818002
1363794433,16,3120606
1363795424,32,11712228
1363795525,9,4916552
1363797587,15,5898335
1363797883,10,1588117
1363798047,24,1422264
1363799063,12,3110236
1363799198,10,4484476
1363799439,33,7509520
1363799946,27,16054528
1363801575,9,674175
1363803126,37,11745723
1363803418,7,2101287
1363804037,5,3532731
1363804246,24,6471261
1363804310,11,472730
1363805142,28,1691089
1363805542,12,2959192
1363806152,10,1101601
1363806245,22,5224262
1363806252,27,6818235
1363807282,17,10785686
1363807471,18,3919763
1363807661,13,5143832
1363807853,3,1654754
1363807893,35,3324321
1363807969,6,1296480
1363808753,29,6132249
1363809357,5,1852511
1363809465,20,5134096
1363809515,55,1804251
1363810417,39,17490921
1363810572,4,471348
1363811826,36,34599604
1363812289,25,4215425
1363812845,18,1102561
1363813149,19,9250743
1363814333,16,2939280
1363814354,13,2014222
1363814721,23,17274052
1363815250,10,3562495
1363816246,20,2511140
1363816387,6,1375104
1363817868,98,2595567
1363817903,12,4759249
1363818418,7,1758210
1363819188,44,3706186
1363819223,14,9002721
1363819884,26,9433651
1363821066,20,1884799
1363822146,26,2902834
1363822251,12,968489
1363823319,14,634584
1363823567,10,1179940
1363826036,11,1102866
1363827029,64,6004964
1363829648,21,465261
1363830688,9,637175
1363831223,27,1141265
1363833479,107,7993108
1363834270,45,6159964
1363834838,8,2250737
1363835879,9,894482
1363836194,15,764177
1363838711,3,412672
1363839204,16,2499033
1363842058,7,539465
1363842420,13,1725639
1363843353,4,245229
1363843668,87,6245515
1363850151,25,6743425
1363850831,74,27878056
1363852013,18,2620708
1363852695,22,4209538
1363853221,18,4847393
1363853329,24,2748563
1363853380,16,1928366
1363855275,13,1734460
1363855291,19,2358754
1363855981,12,3372615
1363856197,18,5845415
1363856283,3,497267
1363857589,13,1382408
1363857929,9,3418045
1363858212,19,2209420
1363858320,30,12846257
1363858459,15,594810
1363858609,17,2987920
1363859228,24,12454708
1363859268,8,1469795
1363860654,20,1431606
1363860791,17,6611644
1363863183,9,2731402
1363864794,5,156085
1363864842,26,1719400
1363865418,14,4695618
1363865584,7,2128912
1363866768,27,8614323
1363867414,29,7843296
1363869730,12,623590
1363870090,8,682388
1363871657,14,3408318
1363872365,19,2137909
1363877125,25,11046103
1363877692,16,1068642
1363878800,15,3191411
1363898452,37,14453786
1363908359,10,1357480
1363918648,4,199841
1363948945,15,2562232
1363960526,13,3823366
1363960802,8,2753644
1363970348,19,1662190
1363971105,6,94651
1363972818,6,499885
1363977417,19,2947395
1363977569,10,534870
1363977796,11,1074478
1363980932,25,7988517
1363987483,9,1556863
1363988382,12,4073966
1363991657,9,939576
1363997894,6,396813
1364007665,16,5318029
1364007922,29,5428360
1364008061,17,3070229
1364010473,9,651056
1364011867,15,2750250
1364017765,9,2590287
1364018791,14,696033
1364018847,5,1563741
1364019387,22,6803876
1364020670,12,10077096
1364024660,14,2982040
1364029957,8,2748108
1364032833,10,413746
1364034509,24,1365537
1364039579,44,1238460
1364043369,9,576302
1364047192,29,8311707
1364048894,27,9606102
1364050831,60,16672260
1364052490,37,14535948
1364054652,49,25847996
1364055551,10,439473
1364056661,11,1908602
1364057806,5,742717
1364058061,4,930155
1364058595,20,10901175
1364058935,30,9961856
1364059478,39,11331425
1364059790,15,2109167
1364062736,7,365043
1364063235,52,20359527
1364064165,24,5442639
1364065032,16,6834383
1364066831,64,18100499
1364067019,13,1942409
1364068167,19,6040839
1364073682,13,2357612
1364082681,25,1418014
1364084963,15,1945400
1364086273,15,2147986
1364088995,113,58435188
1364089301,41,15863895
1364089779,5,669824
1364090930,9,391119
1364091180,10,3017361
1364092141,14,1054697
1364092284,4,345070
1364094344,6,1692122
1364094829,5,442471
1364095028,5,540199
1364095407,21,7774711
1364096470,109,6324606
1364097158,60,21780016
1364097503,3,812484
1364098778,4,409532
1364099835,108,46560467
1364101557,138,71064830
1364101805,16,7546332
1364105556,38,16877093
1364106106,13,1558372
1364106108,118,68071588
1364106262,8,1437408
1364106405,13,706813
1364108624,12,6324224
1364109520,12,659404
1364109994,12,958747
1364110005,13,1962625
1364110652,12,3402221
1364112043,6,2406180
1364112054,4,1184776
1364113190,14,3404133
1364113353,8,727532
1364115380,68,2701463
1364115484,4,2055856
1364116191,8,1783199
1364116420,14,3111094
1364116815,14,1511795
1364117086,21,921053
1364118445,14,3680341
1364119280,66,6237306
1364120141,17,2046129
1364120770,3,682724
1364121565,8,1103330
1364123283,24,3352039
1364125134,11,3120323
1364128706,12,996421
1364128781,10,749116
1364128854,13,1432375
1364129806,73,2205272
1364134375,9,583353
1364134621,24,16047223
1364135748,32,2169251
1364135875,12,984051
1364136920,23,2154455
1364137700,9,1537299
1364138422,13,718834
1364139057,9,406413
1364139600,8,1976126
1364139648,11,2339556
1364139700,34,9598226
1364140391,178,81958316
1364140668,37,4829443
