Battle ID,Kills,Fame
1378970438,224,102927605
1378974116,23,2466222
1378977397,224,78498896
1378977822,9,479158
1378978911,24,5536948
1378979139,6,485541
1378979562,16,3631562
1378980391,7,891885
1378981024,15,3622700
1378981612,20,7680519
1378982783,307,113083439
1378983233,12,4914739
1378983592,11,2764820
1378983683,21,1132879
1378983685,10,4538863
1378983912,10,2577312
1378984802,13,374415
1378987716,23,6559899
1378988638,6,1515811
1378989110,20,9230464
1378989223,49,3390503
1378990629,5,85720
1378991025,12,5084587
1378991073,24,678682
1378992825,5,2558719
1378993846,18,8587659
1378994047,11,4008432
1378995345,12,8899748
1378996395,30,7398501
1378996889,24,10559905
1378997270,12,3404523
1378997931,22,5226541
1378998094,22,10328958
1378998900,3,1189500
1379000215,14,4314907
1379002515,21,7024199
1379003126,22,12231397
1379003395,16,7882682
1379004074,38,27426778
1379005822,59,4473853
1379006952,33,2364483
1379008211,5,69864
1379008304,57,874898
1379009806,34,1449654
1379010159,16,2799834
1379010609,12,1371718
1379012306,44,5408468
1379014131,45,1250649
1379018796,9,770597
1379019040,22,2855988
1379020676,8,740516
1379021913,3,324705
1379023418,10,2215331
1379028185,6,1745117
1379028252,50,2884899
1379028544,22,1341257
1379028821,22,862553
1379029691,99,2987823
1379033461,31,3728819
1379034136,93,42140187
1379035091,7,2586132
1379036672,13,763267
1379038912,5,395704
1379039313,149,42984125
1379040517,5,277374
1379042899,13,1338120
1379043442,20,41132609
1379043671,145,66617499
1379044532,153,44740798
1379044542,42,3738630
1379047686,13,3359256
1379047815,13,1571460
1379048722,42,6029210
1379050742,16,4148253
1379051469,12,4010355
1379052255,13,868356
1379054040,33,2738363
1379056377,31,2906021
1379056782,7,1715486
1379057218,21,6871304
1379058175,21,3918332
1379059585,4,862809
1379061492,41,11376232
1379061710,42,3187931
1379061783,5,899740
1379061901,33,11294918
1379062434,16,1145113
1379062855,9,2793121
1379063065,16,9241994
1379063111,13,4106547
1379065401,14,798057
1379065890,44,11993781
1379066429,3,192240
1379066459,260,149655831
1379067090,16,6435204
1379068334,19,5441155
1379069985,17,3382354
1379070086,18,6853336
1379070190,10,1412397
1379070657,6,1430234
1379071307,9,2201363
1379071429,14,1198892
1379071799,10,2914504
1379071807,12,1035878
1379071855,27,3147246
1379072700,20,6908011
1379072745,19,7170830
1379073201,14,10131027
1379073602,47,10121737
1379073805,14,2911938
1379074711,89,35571751
1379074723,33,5917104
1379076301,9,1024100
1379076631,13,2612699
1379077128,13,782912
1379077324,8,1973500
1379079388,4,391501
1379079538,11,757097
1379080333,7,3193209
1379082189,18,4773699
1379082558,34,5562881
1379083595,4,861542
1379084317,17,9443482
1379084497,14,4039782
1379085058,82,7940270
1379085278,44,3539303
1379087723,41,3043755
1379089864,13,962620
1379090162,18,4137331
1379090649,8,4540216
1379090927,13,527687
1379091486,19,5162280
1379091672,14,1640278
1379091683,11,620624
1379093106,7,945865
1379093607,9,1205881
1379096149,51,3768768
1379096502,4,464297
1379098470,5,1017823
1379099936,29,2317410
1379100933,43,3625369
1379101934,8,579695
1379102322,16,743980
1379105102,26,2085660
1379106807,14,3774907
1379108902,13,2720225
1379111293,33,10688994
1379112920,228,75843458
1379114437,24,5069458
1379116088,7,1162345
1379117733,5,1461277
1379119351,196,59645074
1379119382,9,294725
1379119670,97,33965981
1379119998,22,647058
1379120515,3,625162
1379122696,28,8311528
1379123051,335,124270459
1379123788,13,5072065
1379124025,24,7376609
1379124897,6,154962
1379125645,34,10247602
1379127462,54,14293967
1379127710,9,289633
1379129157,10,1004852
1379129712,31,6404097
1379131234,18,4722948
1379131538,19,11852257
1379133301,39,2325094
1379133365,21,3947764
1379133507,7,247380
1379134986,11,589258
1379135973,4,1280636
1379138223,69,26760661
1379139039,15,4929468
1379140131,45,9737721
1379141618,46,24451585
1379141829,14,6444227
1379143242,14,6526372
1379145555,14,7937512
1379146064,14,7387967
1379147366,21,1933503
1379148118,20,5371603
1379148267,6,1442310
1379149736,6,1833911
1379149787,12,3117121
1379150525,17,11438833
1379150640,10,788511
1379151709,12,2756547
1379152170,5,390288
1379152294,26,7673465
1379155682,13,5427656
1379156350,5,1385360
1379156479,13,2160840
1379158140,15,3707142
1379158149,8,1822120
1379161640,19,13863810
1379162259,16,2376482
1379164623,25,1545550
1379165462,27,2616306
1379166561,12,1225398
1379166797,3,90804
1379169730,25,1013699
1379171325,17,4388503
1379175019,58,7702037
1379183048,14,596785
1379184908,10,4422058
1379186528,9,1896136
1379189522,13,2444829
1379194315,14,1033150
1379196706,20,1249314
1379200032,16,873840
1379206834,10,1666260
1379207155,5,1198936
1379210109,20,2585094
1379210559,10,2722133
1379230359,12,8221737
1379241578,21,841046
1379245979,15,1289133
1379246966,19,5383513
1379256365,29,9864829
1379258483,36,16132059
1379258866,34,3526262
1379259847,14,876972
1379282392,8,1102533
1379300790,17,5179800
1379321078,12,4180904
1379321562,11,4243870
1379332039,10,1682180
1379333836,34,14666490
1379335670,86,41322520
1379340097,20,4981085
1379340216,13,3110347
1379341388,13,4331448
1379350492,6,2001532
1379351322,135,62095071
1379352783,4,735213
1379354999,19,8031910
1379356860,14,681382
1379359328,34,6222605
1379359835,6,6134954
1379360494,31,7839401
1379362566,12,3116041
1379366385,15,4945396
1379367544,6,891799
1379367896,4,615621
1379369827,17,6765543
1379369860,7,801492
1379369952,26,11215692
1379371398,13,5495359
1379372476,50,10746886
1379373113,34,8124239
1379374210,39,17477738
1379374928,20,2790340
1379377889,11,3876999
1379379441,13,780648
1379379540,38,18295683
1379380049,13,1776261
1379380450,10,3518225
1379381527,6,454297
1379382314,160,60426235
1379382699,7,254837
1379382942,9,3469384
1379383400,39,12911902
1379383930,6,1940649
1379384078,62,2351959
1379385432,51,24172575
1379388962,12,4490355
1379390145,6,921222
1379391890,44,8080821
1379392160,6,1305069
1379392247,10,942583
1379393615,3,372547
1379393747,36,12866414
1379395199,172,69390931
1379396625,11,3457617
1379397211,13,3934835
1379397312,17,4789981
1379399589,37,994997
1379399838,6,1002388
1379399893,23,10528982
1379402937,29,1963340
1379404159,12,4175614
1379405091,16,1873754
1379407053,19,3408749
1379407321,13,760955
1379407930,49,20149322
1379411206,9,291974
1379411578,25,1476041
1379411864,7,1601560
1379413218,13,1067206
1379414630,5,4125304
1379415152,10,2283734
1379415978,15,6342293
1379416480,87,53628191
1379416522,29,3486338
1379418996,9,3975677
1379420787,5,1785860
1379420830,11,766639
1379420832,4,210069
1379421302,17,601296
1379423428,13,9367674
1379425669,7,4201130
1379426093,6,430408
1379426884,11,4249244
1379426992,71,34370677
1379427765,16,4530124
1379429641,10,4040528
1379430915,6,2045171
1379431899,56,19617471
1379432794,17,2816163
1379433192,10,3001984
1379433946,7,3170255
1379434037,10,1552578
1379435064,12,2278084
1379436142,29,10599486
1379436933,15,2004119
1379437090,127,75766508
1379437319,15,2950883
1379437781,30,7894581
1379438616,11,1763854
1379438692,119,43094376
1379439111,16,1655037
1379440313,12,2378589
1379441681,9,2228929
1379442548,104,54746513
1379443046,8,2257068
1379443327,8,857147
1379443492,14,2146670
1379443785,53,15026857
1379444353,4,245226
1379445897,23,8409734
1379446641,30,7983982
1379446932,14,2993733
1379447135,10,1306623
1379447609,10,3105043
1379448268,12,2288694
1379448336,6,1006632
1379450244,29,4491641
1379451697,121,15032035
1379452011,17,5680535
1379454749,17,5982949
1379457446,22,738647
1379458874,18,5198207
1379459706,7,1195948
1379460041,20,5001742
1379461105,24,1014301
1379462139,38,19311213
1379463053,13,2717770
1379466054,16,3473465
1379469943,12,400982
1379471374,15,2088958
1379471826,20,140358
1379472728,10,948756
1379476294,21,1883170
1379482873,28,3468601
1379482945,16,7769825
1379483490,10,505560
1379484064,17,1379468
1379484495,17,4186733
1379488133,28,1862016
1379490117,6,707499
1379492631,13,693422
1379492807,11,882672
1379497819,140,48569789
1379498184,17,1136654
1379499827,20,1387372
1379501021,33,10534339
1379502302,14,599140
1379503137,9,880175
1379503308,24,9232578
1379503512,13,2157715
1379507267,7,3324363
1379508187,5,615912
1379509815,14,4204444
1379510141,23,3311021
1379510592,22,5836057
1379512698,48,13929192
1379514098,93,37172777
1379514614,14,3312293
1379515483,6,4152493
1379516879,21,881027
1379518446,176,79833987
1379518723,5,2163547
1379518850,9,2013164
1379519375,10,721182
1379520316,3,239234
1379521769,72,2717039
1379521886,17,1226736
1379523363,31,1891743
1379523400,4,248480
1379523492,84,38378143
1379523604,28,11867106
1379524180,9,2293736
1379526829,37,4965756
1379527293,15,8835417
1379528478,6,1400936
1379529692,13,18703528
1379529754,5,152953
1379530590,24,7414653
1379532305,4,1475057
1379532327,7,733957
1379532467,9,679997
1379533995,18,7919030
1379537363,12,1776520
1379537383,22,2668998
1379537802,22,5443944
1379541211,16,1059581
1379541406,31,5132982
1379543749,42,1430148
1379546841,5,82342
1379547337,6,493318
1379547972,10,1006362
1379549791,114,10097078
1379551634,20,1407324
1379553697,35,1020337
1379554967,73,3420218
1379555326,21,798833
1379555546,15,7192782
1379556740,12,1499211
1379557047,9,619521
1379558784,22,1981094
1379561319,12,580537
1379561387,21,1661393
1379564404,9,458185
1379565245,30,2609498
1379568690,9,145980
1379570188,12,3281019
1379570211,7,2966693
1379570729,45,26630913
1379571898,13,11807474
1379571985,54,15309851
1379572539,6,286158
1379573405,17,1389872
1379574745,60,4330013
1379575196,76,33324223
1379575342,8,3287303
1379576224,77,43597616
1379576791,8,13066865
1379581608,11,1704519
1379582094,130,53868685
1379583377,42,15075031
1379583510,14,2122856
1379584129,4,1013945
1379584495,10,4471593
1379584760,303,184784053
1379585772,10,2610331
1379586606,85,24889325
1379588746,22,11851470
1379589635,15,14735917
1379590138,24,8765209
1379590198,8,2429114
1379591241,14,706886
1379593072,14,1647352
1379593729,13,6179472
1379595508,216,73696174
1379595699,14,1329929
1379596416,6,2157898
1379596589,5,1050679
1379596847,11,6177459
1379598207,7,2602024
1379599285,22,10554306
1379600371,5,1733111
1379600428,36,2932207
1379600620,10,3834115
1379600874,15,1667480
1379601040,4,106380
1379602343,19,4869666
1379604472,15,3348256
1379604901,12,9110854
1379605125,3,737425
1379605294,4,699090
1379606110,15,1211887
1379607735,20,1790421
1379609611,15,1585729
1379609640,22,6712196
1379610763,7,735640
1379612866,18,6603715
1379613914,12,559835
1379613981,19,1357839
1379614895,9,612882
1379617241,14,1965276
1379618802,16,2375463
1379618920,15,1158139
1379620020,33,3563081
1379622141,31,3524138
1379622373,11,6162889
1379626805,17,1437744
1379627019,8,238630
1379627285,27,1312512
1379627753,25,2339269
1379629433,24,2608385
1379630880,12,700400
1379634677,20,1920440
1379635794,16,626765
1379639178,14,520163
1379639215,11,1388110
1379639217,4,602063
1379640104,17,2578052
1379640721,8,333436
1379642951,11,529677
1379642987,35,4686257
1379644205,29,11347138
1379644288,8,490072
1379644835,99,35983757
1379645024,294,93034288
1379645806,9,849382
1379646338,314,168072752
1379646626,3,336077
1379647523,16,3030566
1379647850,6,703279
1379648640,11,1093114
1379650419,17,13391199
1379651781,12,3056891
1379652031,36,11495310
1379652781,10,933364
1379653006,29,1207085
1379653304,12,4429707
1379656106,5,1190990
1379656216,10,977291
1379657174,4,1342813
1379658037,8,1946272
1379658117,4,130476
1379658333,15,5220104
1379658937,13,2129934
1379659105,12,1107584
1379659270,28,9040076
1379660161,4,796929
1379660196,9,675678
1379660275,12,1514684
1379660642,25,8743910
1379660937,16,721332
1379661133,7,555280
1379661489,14,2089817
1379662329,210,103781833
1379662444,148,8928354
1379662748,32,17811427
1379662926,33,7853290
1379664017,36,2110921
1379664784,125,2047126
1379665083,45,31716557
1379666028,15,1321169
1379666068,60,24153464
1379666301,19,1760511
1379666777,22,1634944
1379667945,21,12483782
1379669581,12,3695191
1379670199,16,1429043
1379670679,5,268744
1379672049,15,5705361
1379673293,18,6095507
1379675039,11,686460
1379675429,7,1687847
1379676066,37,1029232
1379676297,23,11309198
1379677177,4,1117906
1379677260,14,3178931
1379677935,19,543444
1379678452,5,1710238
1379678598,17,4788253
1379679304,11,4187778
1379679748,9,2056131
1379680463,18,5142286
1379681229,18,6384416
1379681808,11,2073989
1379683447,17,865572
1379683501,18,1727939
1379683540,15,4352401
1379685469,32,2273449
1379685623,26,4322282
1379686563,34,7827611
1379686565,12,1986991
1379687059,22,3837814
1379687710,64,982769
1379689261,27,5511945
1379690772,47,12842179
1379691104,20,3057248
1379691943,10,781353
1379692612,31,2055677
1379695110,40,13001559
1379695136,11,3014830
1379698576,14,2963770
1379699885,12,3822243
1379700932,49,2863586
1379701679,18,1411938
1379707453,26,2061032
1379709567,29,16522464
1379711421,17,2241320
1379716035,15,1406067
1379716890,18,4558453
1379717274,117,45319823
1379717671,23,2322156
1379717950,22,2365980
1379719572,26,1601217
1379720531,12,1007118
1379721792,40,3264528
1379722128,31,8014169
1379722699,6,1062515
1379724687,3,997562
1379725068,63,19672638
1379727515,11,1013880
1379729079,25,2064715
1379729367,29,10111862
1379731561,16,1079221
1379732738,7,1855410
1379733692,68,23338890
1379734736,15,5500069
1379735814,19,1029026
1379735915,22,7980921
1379736979,32,2519162
1379737455,114,38367406
1379737473,38,16046435
1379738627,17,2415552
1379739220,11,100985
1379740346,12,765044
1379741033,11,3438435
1379742514,13,1391584
1379743456,20,878437
1379744053,7,457772
1379744391,50,15999625
1379746023,18,2655512
1379746530,13,3655910
1379746682,38,18281986
1379746715,9,8525631
1379747108,7,231873
1379749502,8,3173594
1379749749,8,1002908
1379750613,64,25030763
1379750709,19,7077882
1379750780,9,1814875
1379750818,14,2489635
1379751692,11,728417
1379751903,28,12884975
1379752353,13,5172195
1379753926,15,835090
1379761670,26,3200413
1379762150,18,804937
1379762799,22,9262562
1379763223,9,1009176
1379765425,29,1413776
1379767280,40,8308138
1379770519,14,1158455
1379771284,37,3863060
1379773126,21,1598992
1379776341,6,449640
1379777343,14,1506239
1379780595,27,2115282
1379785243,11,731632
1379787593,33,3091389
1379791113,30,10554833
1379794536,28,2296616
1379801816,9,12978990
1379803820,15,1518452
1379806525,24,1970436
1379808186,17,779400
1379813810,104,5773194
1379817251,13,8277793
1379854329,16,1069839
1379860797,8,405103
1379873215,28,14634903
1379888867,14,716941
1379889341,17,817034
1379896624,37,3760893
1379897042,11,967506
1379900852,28,1146369
1379907903,5,184023
1379907922,8,2372305
1379908550,11,1198918
1379908556,32,2267310
1379911947,18,1582982
1379913013,6,339942
1379915213,11,979489
1379917591,50,2733591
1379932933,45,1804453
1379932952,26,8117828
1379939389,18,6174595
1379940666,12,6392821
1379941762,9,3613514
1379944178,20,3307508
1379945754,12,1117077
1379946289,18,4412817
1379947266,13,1054171
1379947567,9,724774
1379950006,21,921780
1379952420,146,14235382
1379952636,29,9779586
1379953863,25,1753260
1379961341,10,940351
1379964543,3,452478
1379964590,10,78900
1379966764,23,9455638
1379967890,29,3343146
1379968247,28,11009739
1379969448,7,726756
1379970720,27,12414511
1379971003,10,744793
1379972031,7,1993657
1379972346,56,27481295
1379973509,5,1461112
1379974602,28,9787534
1379974690,13,2198308
1379975046,9,1767162
1379975221,17,423989
1379975714,6,1072654
1379976670,37,9122456
1379977440,29,7889006
1379977618,16,3685286
1379977736,6,3139683
1379978716,13,4707819
1379980937,10,9208011
1379981039,47,19121884
1379981194,59,17447657
1379981288,295,151577104
1379981441,23,8119019
1379982566,9,1946568
1379983196,31,12606310
1379983862,14,3608990
1379984968,132,92534698
1379988942,29,9189929
1379990325,41,2405291
1379990716,13,527834
1379993116,14,4110567
1379993169,12,1055063
1379993933,40,13011886
1379994101,12,4508443
1379997082,98,41862599
1379997093,15,2712999
1379997235,13,4084270
1379997783,12,1427636
1379999453,11,2261282
1380008687,14,774140
1380021985,24,551774
1380028226,5,1028852
1380029221,8,574828
1380029979,26,4187666
1380030369,7,2330281
1380033064,7,2847668
1380033112,4,298647
1380033341,135,80363172
1380034364,10,4021848
1380034967,34,8807616
1380035192,4,209695
1380036709,46,10587924
1380037439,5,704974
1380037691,36,10036066
1380038678,129,67929518
1380039394,12,2502104
1380039909,59,17843385
1380041460,5,1501196
1380043489,6,1758534
1380044456,70,26522153
1380045316,5,5171966
1380045568,7,3826734
1380045885,246,87833957
1380046347,150,82565657
1380046355,79,24981903
1380046738,3,124208
1380047303,6,1539809
1380048099,31,6892078
1380049514,32,10592061
1380049770,8,1931653
1380050084,7,2417899
1380050980,18,6653877
1380051065,69,26163987
1380051874,32,15438962
1380051957,36,16149121
1380052113,279,178432363
1380052340,15,1633523
1380053068,7,1490253
1380054377,3,660695
1380056190,3,942088
1380058185,17,7276874
1380061827,20,4602316
1380061965,12,3781626
1380063275,18,9305202
1380063815,15,1011317
1380066635,15,2899882
1380071010,19,10327005
1380074460,16,683789
1380080227,12,261534
1380083622,10,732730
1380085473,23,1109272
1380086226,5,429628
1380088375,28,7805142
1380092217,42,4373540
1380092411,5,290918
1380092703,12,973760
1380095042,61,1003332
1380098576,6,560526
1380100020,49,2097635
1380100397,36,6798626
1380101387,5,1028229
1380102187,184,100577109
1380103046,27,3011101
1380104418,22,2993754
1380104831,8,2406239
1380107128,15,411153
1380107951,34,7969927
1380109974,11,3886827
1380110278,31,10434251
1380110507,69,27185012
1380111486,4,719721
1380112260,10,367731
1380113568,7,1445132
1380114077,12,6209811
1380115592,11,474709
1380115886,23,7455724
1380116026,7,216435
1380116809,11,3175714
1380117644,86,30571075
1380118925,3,676726
1380119310,18,3369558
1380120019,25,4669328
1380120323,15,4549161
1380120565,16,3979194
1380120935,6,2568516
1380121082,149,63314813
1380121565,10,1236565
1380122000,7,1906279
1380122770,24,10286893
1380123641,13,5248731
1380123996,50,19925195
1380127075,61,29241153
1380127229,13,5643789
1380127672,19,975185
1380127696,68,21527335
1380128066,16,5289102
1380128121,11,1621057
1380128196,9,1212909
1380128288,10,5592503
1380128644,14,1736689
1380128706,9,1514930
1380129498,8,3756315
1380130033,11,3652906
1380130578,17,7816783
1380132239,121,10976455
1380132540,8,784804
1380133240,21,8926270
1380133565,10,3661566
1380134066,13,2429172
1380136039,15,4418253
1380136208,50,22005133
1380136466,13,3629957
1380138020,18,4164179
1380141549,12,4222259
1380142922,16,1498969
1380144236,13,3160401
1380144247,50,1281655
1380146551,9,1427932
1380149458,17,4129518
1380150864,17,4948792
1380152943,16,679489
1380156437,15,599746
1380160638,4,2210711
1380163972,11,2796410
1380165908,18,2496749
1380166835,36,9932852
1380168449,4,334148
1380173790,45,16386767
1380175509,146,38056787
1380176591,6,343227
1380177065,15,3772754
1380179400,9,690295
1380182054,9,1478041
1380184448,13,3148284
1380186351,20,4856282
1380188282,214,48794005
1380189139,15,2905724
1380190160,21,6974443
1380191409,11,5152123
1380191694,33,14397711
1380194354,9,1900884
1380194524,10,2369122
1380196971,33,4637645
1380197787,17,4122714
1380198309,11,1187282
1380199181,5,1198868
1380199460,18,9064777
1380200785,21,3285432
1380201406,11,9100677
1380205378,24,22516281
1380206499,3,2892220
1380206820,158,17092029
1380206865,18,3263622
1380207102,11,733492
1380208270,14,1259028
1380210917,16,1285683
1380213286,13,1958177
1380216528,26,10785741
1380218397,20,8710386
1380220718,14,11308308
1380222747,32,1299755
1380223072,24,1799788
1380224568,17,657300
1380224912,7,462798
1380227681,12,771793
1380230351,7,146917
1380232390,7,1120540
1380232577,49,1394156
1380238172,76,38851490
1380238358,24,4146396
1380238908,14,3208033
1380240892,8,2228294
1380244716,43,16317509
1380247140,32,10379644
1380248362,169,92339716
1380249710,42,36953305
1380249796,20,1501535
1380250157,13,681776
1380251308,26,12317571
1380251545,113,55314054
1380252396,3,363755
1380252733,21,2086474
1380253116,13,3945306
1380253322,70,28077215
1380255346,181,113716487
1380258026,54,38651424
1380258214,15,3751894
1380260030,49,2726154
1380261369,9,1307725
1380261651,38,19656882
1380262261,11,4524205
1380262320,12,3386381
1380262357,14,2367872
1380263239,9,1393232
1380263531,14,2956602
1380263984,7,1836067
1380267993,14,3638334
1380268999,203,141188484
1380269909,12,468593
1380271250,20,6089027
1380271716,14,4824262
1380271860,6,695262
1380272136,11,2037391
1380272486,16,3315758
1380272670,25,11009767
1380272993,4,1924132
1380273167,22,11064422
1380273283,13,1063175
1380274082,11,3623516
1380275036,13,1791382
1380277267,42,8069694
1380278549,8,343103
1380280084,10,143364
1380280695,23,9469698
1380281540,60,4920197
1380282519,11,4776033
1380282725,39,1126269
1380283700,26,1742361
1380286197,10,2057958
1380286891,14,5035635
1380287354,16,7303443
1380289044,13,2997510
1380290147,15,12685431
1380290563,34,6940057
1380291882,6,225274
1380293446,29,1574585
1380293495,16,68620888
1380295741,20,1166218
1380296594,21,1848237
1380296974,45,3400917
1380298955,4,631717
1380299716,6,309856
1380299825,26,1906552
1380301244,19,1686080
1380301509,5,1067023
1380304380,26,6959933
1380304729,9,1475894
1380305708,10,2338838
1380307727,27,1636943
1380309065,14,1057890
1380311745,45,2380711
1380313109,26,3840902
1380313203,29,2376367
1380314743,4,1009478
1380315651,8,568613
1380316234,14,1491182
1380317492,127,44466252
1380318025,28,2571122
1380318288,49,4802892
1380318373,12,937157
1380318642,8,559343
1380318690,9,1042579
1380319150,34,9036572
1380320698,20,6277384
1380320908,71,22603508
1380325575,12,2230874
1380327411,60,19167849
1380327690,57,14289905
1380328107,14,4724219
1380329736,24,11538253
1380330656,29,10819603
1380331166,63,13476330
1380332060,23,9506583
1380333085,28,3400599
1380333387,23,2827411
1380333579,39,8722603
1380334239,17,3925041
1380334588,3,382668
1380334764,61,24572656
1380334905,31,9472706
1380336545,15,2972561
1380337613,12,2764197
1380339386,18,14709425
1380339391,12,1699994
1380339484,25,9577162
1380339713,33,2295010
1380339762,5,346136
1380340345,15,8265943
1380341043,35,12997509
1380341672,19,5470077
1380343403,20,1692502
1380343517,9,603990
1380343580,17,6105831
1380344880,25,1198294
1380345724,16,5056293
1380345728,26,7355211
1380346417,40,4420929
1380346643,9,2641580
1380346931,13,6306989
1380347031,42,14663624
1380347230,10,3196045
1380347436,20,2751724
1380347679,31,9842670
1380347960,18,1393404
1380348154,11,6745862
1380349412,41,13039343
1380350055,27,16645500
1380350477,11,563197
1380351039,51,31604078
1380351873,10,3795406
1380352162,14,3255722
1380352240,33,5207022
1380353564,13,1507499
1380354086,33,3643650
1380355355,21,1575896
1380356004,30,27052106
1380356153,18,1007327
1380357136,17,4987718
1380357818,23,9382706
1380358004,17,3161972
1380358520,24,1963227
1380359548,13,2066673
1380360094,26,13691751
1380360353,38,3106856
1380360998,14,5431273
1380361081,37,3174112
1380361124,24,1237362
1380362770,14,909239
1380363792,55,33017550
1380364015,38,3190681
1380364696,25,1207080
1380369136,59,22180070
1380369745,11,331328
1380373744,161,7515615
1380381066,9,682285
1380383402,30,2391695
1380390815,9,871746
1380391782,17,2648015
1380393075,12,298170
1380395828,7,439790
1380396306,4,2144021
1380397616,49,1396524
1380406190,30,6721964
1380409181,10,779504
1380416893,9,332695
1380419949,7,404632
1380442516,10,2381696
1380455278,17,800691
1380458035,15,971302
1380474079,16,2097088
1380476025,11,1434208
1380482747,5,60692
1380484149,17,2135755
1380484791,16,929025
1380488857,8,505652
1380495093,36,13318910
1380497699,10,570527
1380499485,139,76651997
1380508127,8,477579
1380509825,8,1591532
1380515862,17,736128
1380522237,14,8933138
1380525058,8,683078
1380528718,20,962503
1380534111,16,1083267
1380539331,9,356599
1380539883,21,7332770
1380541236,36,2463200
1380541734,62,4415705
1380542669,7,1516926
1380544536,6,1098282
1380544911,3,349141
1380547567,19,2584974
1380548043,7,2486845
1380548312,22,7100322
1380549426,18,4216703
1380550619,31,11700743
1380551842,6,586601
1380552470,11,4029007
1380552656,9,3637143
1380557925,13,4665602
1380562781,112,9767213
1380563516,139,72762495
1380566718,12,520856
1380569803,54,24160238
1380573136,15,1233010
1380575098,9,1248916
1380576665,5,243705
1380577084,4,394492
1380579122,15,824323
1380579235,14,913364
1380579458,5,522230
1380584337,16,2345483
1380585278,13,4405263
1380585537,132,44013869
1380586583,4,5943692
1380586942,6,565320
1380588130,17,3462450
1380588271,4,672676
1380589175,41,20498637
1380589732,20,3145498
1380591364,58,5690367
1380591639,22,4255579
1380591828,10,1559851
1380592497,5,1559820
1380593347,7,428978
1380593583,39,10143660
1380595820,30,6160259
1380596120,48,15928608
1380596990,335,200379159
1380599456,14,2395589
1380600165,4,318904
1380600295,7,1611237
1380602278,16,2727312
1380603186,43,18251308
1380603789,13,1134656
1380604101,14,5359873
1380604364,4,1214570
1380604711,3,1271912
1380605015,17,5875123
1380605706,10,2029884
1380606996,9,1012619
1380607599,18,3031474
1380608597,5,820986
1380609307,11,1223374
1380612493,33,14856510
1380612550,9,1745953
1380613729,5,417413
1380613959,11,488679
1380614557,5,596172
1380614636,38,12758176
1380614943,19,3545784
1380615750,14,1037484
1380617805,5,1744715
1380618189,7,1007181
1380618725,31,5374725
1380620376,17,2490187
1380620990,20,18866437
1380624583,3,299426
1380628323,70,6242713
1380628519,5,410061
1380634322,4,368080
1380638729,18,1052876
1380638731,17,2714887
1380640215,7,543839
1380643551,7,334323
1380646172,11,2013859
1380650340,30,3730424
1380651060,9,324920
1380651945,7,944165
1380652157,17,2483756
1380652535,23,2279337
1380652948,101,63893896
1380654272,5,611904
1380654419,159,38438776
1380654777,37,1765839
1380654857,30,5924817
1380655305,4,1057703
1380656129,18,5667048
1380657014,3,1298867
1380657883,14,2674129
1380658068,5,2055906
1380658898,84,38696110
1380659028,4,1350888
1380659309,10,3143167
1380660111,45,11897113
1380661258,236,116338624
1380661919,8,2451518
1380663011,19,3580590
1380664051,7,1481537
1380664374,9,1257136
1380664604,19,10866628
1380664960,13,2879470
1380665916,30,2869677
1380666260,151,54111267
1380668143,31,19128203
1380668339,15,2656682
1380668509,13,2974669
1380668675,9,2505622
1380669198,78,27097545
1380670151,14,6260898
1380670312,13,2182409
1380671010,16,4447418
1380671358,22,2813724
1380672040,98,41281484
1380672678,12,4640273
1380673019,186,56144948
1380673383,15,696690
1380673432,51,5237746
1380675874,19,5975932
1380675951,11,6589507
1380676185,13,4101788
1380676401,15,4204120
1380676871,5,3329071
1380677978,7,399745
1380678453,17,3895114
1380678807,10,9260322
1380678845,24,1276225
1380679472,54,2508011
1380679730,20,5654735
1380680866,10,2438408
1380681074,3,922232
1380681099,32,2739503
1380681160,5,2012673
1380681242,9,846053
1380681294,102,70753579
1380681347,11,381308
1380681933,45,16960540
1380684301,11,2091276
1380684929,17,2332185
1380685901,13,3400716
1380688539,26,621486
1380689320,17,9396438
1380691441,35,1567189
1380691654,15,980987
1380692765,15,2721570
1380693585,14,447148
1380693660,26,766052
1380696246,28,1187984
1380704194,43,3749821
1380704434,12,4186515
1380704505,11,847263
1380704564,11,659172
1380705850,82,5552037
1380716291,11,2456717
1380718147,16,1523781
1380718160,4,375713
1380718177,10,741243
1380720871,28,3673184
1380720945,67,2607871
1380722329,24,8117817
1380723228,6,1427067
1380727385,11,1187818
1380727592,14,2046274
1380731773,14,2034341
1380731790,30,1707173
1380732040,12,845596
1380734216,91,7628752
1380735347,7,441969
1380736085,33,2895562
1380736332,3,632216
1380736433,9,3263948
1380738160,24,8074339
1380738871,38,12329006
1380739395,11,1152203
1380742088,34,13513707
1380742417,15,4609164
1380742445,15,2808175
1380744568,10,2663120
1380745596,42,23614394
1380745796,44,14245765
1380746160,10,967947
1380746889,9,2418289
1380747018,265,153982530
1380747026,15,1215878
1380747058,3,913041
1380747368,15,5095398
1380748230,8,1113575
1380748272,22,1714357
1380749315,39,27175548
1380750139,60,32727766
1380750721,24,6180657
1380751303,14,781840
1380751709,18,2027603
1380752555,12,2572231
1380752593,11,3920888
1380753253,26,14596811
1380753474,9,2200317
1380753599,29,14544891
1380753728,20,5334568
1380756142,5,864348
1380756186,43,16930986
1380756434,11,2861437
1380756449,18,8979978
1380756461,22,7813434
1380756588,6,2740155
1380757634,13,2274127
1380757861,14,3907801
1380758302,30,11174831
1380758812,31,16746665
1380759041,15,4137088
1380759178,16,4603761
1380759340,7,1760860
1380759843,43,18556298
1380760276,10,2087956
1380760552,30,11303814
1380760663,27,14249468
1380760884,17,5819832
1380761501,12,2809553
1380762722,24,5871663
1380764549,36,716153
1380765584,13,1185428
1380765659,11,2779442
1380765889,62,6209885
1380765949,17,1848309
1380771097,14,2843811
1380774218,57,3743925
1380776682,18,1679344
1380782003,18,2281756
1380782078,11,743580
1380784456,10,2779632
1380786929,17,545396
1380787196,40,3301112
1380788468,11,659208
1380788767,38,2360436
1380789652,8,735239
1380792199,19,1495978
1380792339,75,5990191
1380792455,29,1867329
1380793420,30,9455316
1380793569,22,758148
1380794209,13,645589
1380799087,8,1008196
1380799089,10,673747
1380799567,16,3707318
1380800059,35,2547993
1380801047,13,3086221
1380802180,25,1559294
1380803174,27,1240274
1380803486,10,980534
1380803602,107,41315094
1380804790,14,1019672
1380806461,7,499712
1380808080,5,2123581
1380808330,36,23757012
1380808367,17,5634171
1380809330,38,3227920
1380809458,12,457985
1380810578,13,1537156
1380811277,14,7178199
1380813345,7,407574
1380815569,5,1816089
1380816307,75,26907324
1380816962,8,912161
1380818823,26,8404787
1380819498,42,10921202
1380819703,11,2686075
1380819871,13,1065731
1380821624,18,3141875
1380822598,33,1846107
1380822731,7,1122389
1380823234,6,1290406
1380823433,9,2004305
1380823949,13,1685469
1380824191,5,385698
1380824682,22,1137694
1380825392,28,1589429
1380826537,23,3521486
1380826866,13,4173712
1380826947,10,3404655
1380827129,11,3626533
1380828484,15,2767517
1380828626,5,1328746
1380829458,16,2409410
1380829922,16,4007000
1380830232,32,18921678
1380830358,4,1666982
1380832022,112,74269027
1380832267,9,2830846
1380832492,20,7305370
1380833420,12,987009
1380833568,19,1386890
1380833702,4,408470
1380834192,14,4446508
1380835380,12,5213983
1380836165,16,2008500
1380836398,12,5923102
1380836885,4,1016468
1380838801,8,698804
1380840721,158,12871584
1380840794,7,2526103
1380840949,14,2785555
1380845121,8,1765599
1380846389,44,3692984
1380846423,19,2333146
1380846447,330,173234097
1380849289,38,2880136
1380849447,21,2507221
1380851706,127,6515085
1380852682,150,9009922
1380855335,10,1376649
1380855378,13,1925032
1380855606,10,186933
1380858562,11,1248986
1380858568,232,19571981
1380859187,16,658310
1380859244,7,8676998
1380859723,6,677333
1380862156,24,2029887
1380865739,3,944822
1380866490,21,7307933
1380866699,11,1010579
1380868987,204,54675182
1380869730,14,1502759
1380870831,6,629401
1380874693,20,1396726
1380874964,11,543565
1380876255,9,2048127
1380876447,15,1077814
1380877843,17,2753641
1380879405,34,2824040
1380879946,17,1572608
1380881143,20,5782844
1380881330,8,467091
1380882364,19,5822829
1380883863,19,3594635
1380884403,22,1132388
1380885481,35,2706847
1380885745,20,8616539
1380885829,94,42547640
1380886214,24,8305760
1380886297,9,977492
1380891480,109,50392800
1380891939,15,1955613
1380893081,18,7447580
1380893296,29,11452245
1380893828,29,8428213
1380894107,6,343232
1380894668,14,3869842
1380895401,34,5826342
1380896393,3,958927
1380896746,10,1112273
1380898562,16,2925127
1380899560,14,3923041
1380900116,22,23438344
1380900803,19,8504770
1380902297,23,5911095
1380903459,4,475212
1380904056,25,6810542
1380904617,89,10654705
1380905390,37,11350993
1380905688,5,96767
1380905736,18,4437752
1380906125,6,1690097
1380906243,27,8840145
1380906426,5,3040213
1380906990,22,1711323
1380907358,32,6875617
1380907449,59,8566192
1380907684,73,1407690
1380907686,15,7773003
1380908113,23,9550100
1380908388,15,6747100
1380910459,25,3498474
1380911098,13,3306709
1380911190,13,5305462
1380911544,5,991216
1380912736,19,6231539
1380912756,34,5941068
1380913495,5,2422582
1380914512,12,2648913
1380914984,15,1762326
1380915529,13,4668693
1380915667,19,11172992
1380916390,23,11541630
1380916396,14,4164685
1380922066,6,1012749
1380922305,11,806318
1380923812,11,852175
1380926107,28,1218308
1380926295,11,440605
1380926875,49,5076908
1380926893,19,6457955
1380927280,15,1029222
1380927913,11,674082
1380928966,6,697037
1380929961,7,588632
1380932056,31,1744039
1380932084,58,4914530
1380932386,20,1037652
1380937636,11,1169726
1380940959,59,6866769
1380946715,32,3992563
1380947243,82,6314722
1380947413,13,750830
1380948653,22,5880002
1380948947,11,1888060
1380949402,270,148073066
1380951792,19,3992673
1380954427,32,9955965
1380955422,12,4227999
1380955567,55,2028064
1380957920,52,26258278
1380958785,19,7033560
1380960492,14,4925462
1380960608,18,1998149
1380962182,23,5355334
1380962680,57,24349005
1380963240,10,2772693
1380963677,25,14748457
1380966345,81,29307585
1380966364,11,1559674
1380966511,10,1016055
1380968051,18,3428421
1380969192,21,8072813
1380969881,25,8502975
1380970575,17,3562881
1380970712,17,2240586
1380971478,13,3170914
1380972123,28,1547285
1380972747,11,4382028
1380972830,12,1274794
1380972974,17,6549588
1380974739,13,2576033
1380974864,9,3355450
1380975467,5,1256998
1380976475,13,7602990
1380976925,16,11409462
1380983344,22,1201144
1380985703,16,846231
1380990455,8,339051
1380992166,7,553652
1380992881,45,15954451
1380994193,19,5445725
1380994621,22,1060055
1380998504,22,2387730
1381005135,4,572777
1381024896,22,843697
1381067942,12,757537
1381107945,14,4610940
1381118283,14,3153428
1381120705,17,1371970
1381125176,23,1572443
1381127706,211,126574735
1381128602,10,512288
1381132476,9,4639564
1381133298,98,39758326
1381133972,4,438487
1381137209,13,5577177
1381137289,19,12912788
1381138528,37,11519940
1381138827,21,3193529
1381139399,5,480794
1381139537,11,6244958
1381140132,88,35402280
1381141078,3,164023
1381141084,4,148848
1381141632,61,22134518
1381141951,3,386657
1381142454,10,4007141
1381143398,76,21284518
1381144412,8,3178266
1381144719,35,2997711
1381145250,34,9306884
1381146920,16,5756060
1381147295,28,7127607
1381147692,15,3818772
1381148229,46,27244702
1381149329,12,3283915
1381149511,8,1160737
1381149933,4,1087351
1381150038,89,42093103
1381150190,109,50741073
1381150878,46,12568678
1381151005,3,297215
1381151943,12,892575
1381152060,48,21193106
1381152947,40,7214914
1381153118,10,4467420
1381153125,7,1599634
1381153290,6,856805
1381153785,15,3627353
1381153918,19,6673754
1381156986,25,7128907
1381157490,8,989592
1381159361,12,3697929
1381159807,12,665119
1381160905,23,8302395
1381161883,3,151178
1381162610,15,1069309
1381163580,12,489448
1381165940,16,619673
1381168951,12,533782
1381172712,20,6252557
1381176445,28,1632156
1381181867,41,11092185
1381181950,12,1751231
1381182159,5,141363
1381183185,9,516047
1381184020,5,730288
1381185621,41,16856734
1381185872,23,4339508
1381186374,5,739779
1381187099,6,2112790
1381187582,21,5979164
1381188199,19,5740102
1381189234,16,4485314
1381189366,132,51505568
1381190270,56,22709891
1381190356,61,18026113
1381190394,4,2213018
1381190949,21,2579866
1381193347,115,43361146
1381195708,53,8634229
1381196019,10,3437282
1381198413,26,7466768
1381199783,6,2227934
1381200103,55,15688236
1381200974,46,13876927
1381201028,21,1038275
1381205164,9,2406297
1381205249,16,767138
1381207284,11,4451339
1381218942,74,6419157
1381219871,23,2126382
1381223758,11,2563285
1381224907,11,1255196
1381226772,37,2280481
1381231618,15,2020238
1381234607,18,2090444
1381235268,9,2367077
1381236864,31,3348015
1381237203,3,1440017
1381238656,6,1780954
1381238878,28,8800490
1381243306,56,19011702
1381244553,12,2768575
1381246137,4,811587
1381246534,25,7678422
1381247291,5,809094
1381247551,37,12941431
1381248906,21,10062707
1381249105,7,1021241
1381250244,35,1014835
1381251565,40,11400624
1381254172,48,23167270
1381254643,11,1273397
1381256349,19,6892355
1381256761,11,4429182
1381257589,12,825000
1381259275,37,4491142
1381259493,36,12553470
1381259778,13,571109
1381260364,16,4439896
1381261082,6,2906205
1381266608,7,6676514
1381268338,29,470880
1381268621,10,591687
1381269651,15,11471105
1381280161,5,3480808
1381283308,24,2158557
1381284573,7,1359702
1381285169,15,1067591
1381288167,13,1904151
1381291523,10,4741260
1381293139,164,104913368
1381294418,11,1670799
1381295983,16,1146794
1381296534,376,132097381
1381296653,18,1483914
1381297135,20,6024246
1381297833,18,4607490
1381299219,6,2108325
1381300991,18,5888332
1381301552,62,22508979
1381305242,12,6992252
1381305376,17,351892
1381305976,20,1178088
1381306813,26,8160297
1381307616,158,94708446
1381307680,10,1213057
1381308183,20,3899400
1381308826,9,2943655
1381309505,8,966964
1381312101,33,20092398
1381314376,7,1432318
1381314685,6,767564
1381314986,45,20631334
1381315403,47,14152681
1381315939,21,3739533
1381317398,8,1056255
1381317913,10,3114494
1381318106,20,6169417
1381318376,21,6051394
1381318509,33,12326501
1381319797,34,1297271
1381319899,17,7115527
1381320645,26,14070112
1381320862,161,74925301
1381321786,16,459041
1381324362,12,5639572
1381324613,16,12229856
1381325149,23,12811885
1381325329,28,2169423
1381326141,101,40161326
1381326679,14,3666415
1381328184,68,25566095
1381328205,10,2891880
1381329060,22,13689327
1381329244,24,13082006
1381329654,11,980626
1381330589,23,628010
1381331974,49,29917645
1381334089,31,10154797
1381335307,16,700914
1381335493,15,2311871
1381338507,91,8492235
1381338528,12,23448057
1381339048,10,1047276
1381340125,171,84240844
1381341975,20,5090738
1381342232,10,1210646
1381345340,18,3108519
1381345624,16,6052504
1381346791,7,518218
1381346832,30,2322814
1381352413,17,1601930
1381352586,21,999934
1381352912,6,409296
1381355912,5,314979
1381356413,18,754912
1381356845,15,7263105
1381357293,17,3204032
1381361474,8,746377
1381364748,36,518320
1381366681,6,642912
1381367141,92,29687813
1381368206,45,4904196
1381368821,18,1455450
1381369289,10,1085740
1381369454,9,2611895
1381369538,8,2163328
1381370429,43,7720508
1381372096,28,1707055
1381374207,27,2619903
1381377699,16,5257788
1381378004,15,10429187
1381378350,33,1285080
1381378580,21,8117156
1381378627,23,325952
1381379444,8,526090
1381379594,246,97546225
1381379847,6,874108
1381379876,37,15995389
1381380294,17,1237179
1381381065,11,3063685
1381381640,19,608380
1381381782,13,1546734
1381383761,54,23775122
1381384124,9,1318470
1381384196,177,92322862
1381384477,12,4392034
1381384941,21,394423
1381387061,13,1239069
1381387098,17,5319772
1381387804,38,18070538
1381388260,17,1998668
1381389008,10,696106
1381389184,12,4983332
1381389199,11,4936549
1381390162,11,638371
1381390260,37,3835116
1381391412,21,1646913
1381393462,14,1021625
1381393795,16,5748911
1381393999,11,1139817
1381394370,15,3372689
1381394483,7,523334
1381395336,16,1992117
1381396461,21,8128166
1381396650,9,1402489
1381397002,38,14000421
1381397408,22,13323855
1381397826,31,16590490
1381398577,6,3439664
1381399091,17,21562972
1381399493,3,628582
1381399621,16,6665548
1381399635,24,1637894
1381400082,108,26285751
1381400230,14,5100111
1381400548,4,1669276
1381401128,10,5935527
1381401972,17,3830147
1381402233,11,3979299
1381402497,10,964260
1381402504,23,8826461
1381403822,18,5152485
1381405508,10,1437028
1381405739,11,1018251
1381406476,10,374893
1381406969,6,2222353
1381407916,16,1872603
1381410003,21,392774
1381410287,13,470889
1381411087,78,5554358
1381411218,6,579608
1381411764,13,1506729
1381411770,22,6987424
1381411794,9,1020724
1381414233,19,5552939
1381415843,16,989951
1381417100,3,604636
1381418737,6,217121
1381418884,13,2145762
1381419045,105,12772254
1381420853,19,2587869
1381421082,12,462249
1381424800,5,973778
1381425684,11,2087833
1381427678,6,222017
1381429248,23,14783846
1381429419,17,1528736
1381429468,43,7964226
1381432882,9,448527
1381433391,35,1623302
1381433533,16,905073
1381436244,14,242445
1381438776,14,3761154
1381438794,18,1385470
1381438819,26,9553007
1381440425,8,566208
1381440897,58,15639230
1381441173,7,458537
1381442911,10,1400985
1381443249,32,5253264
1381443884,6,550925
1381445291,27,20562729
1381446568,20,1421269
1381446858,22,1433890
1381450211,4,1556322
1381450558,34,4542930
1381451396,7,29873
1381452059,12,3834283
1381452543,13,6644415
1381454707,13,2981563
1381455233,15,2005030
1381456514,15,7057421
1381458612,95,56476017
1381459565,9,1063768
1381459623,9,3401475
1381460529,12,3504047
1381460792,9,2511325
1381464436,14,1745254
1381467259,22,1415594
1381467664,10,7507499
1381468299,28,7036113
1381468431,12,5604544
1381469169,3,108316
1381469293,15,9119983
1381472193,4,755231
1381473414,16,4568979
1381476800,15,5666831
1381476927,12,2408028
1381477728,18,980923
1381479566,17,772224
1381480690,12,2352560
1381483568,9,7319116
1381483942,5,931563
1381485404,24,12018641
1381486364,32,1554995
1381490296,45,4417979
1381511914,18,1072524
1381539873,12,3695133
1381540543,17,6362719
1381599360,12,1627612
1381605435,12,4623514
1381606729,57,25490531
1381612746,10,2842883
1381613990,5,1514291
1381615518,27,11549661
1381618208,15,1244319
1381634888,110,48962345
1381635246,11,367394
1381637609,264,79313075
1381638717,5,877914
1381640149,8,2498248
1381640534,16,3579713
1381641956,46,21466926
1381642757,10,4825204
1381643024,16,8238296
1381643501,59,32665079
1381645200,9,3052682
1381645921,14,4919438
1381646039,121,50024136
1381647251,6,1333021
1381649535,3,559828
1381650689,62,29774426
1381651499,5,967248
1381653634,17,11231664
1381654272,5,1205436
1381654620,5,280217
1381656426,15,4236382
1381660963,9,121318
1381661940,10,209863
1381675794,72,29476347
1381675901,7,1236147
1381676562,51,20257971
1381679677,6,802652
1381679846,119,75344934
1381680361,108,41471855
1381680519,8,1172926
1381682329,29,8278165
1381682532,15,5644794
1381684285,35,10533301
1381685005,7,2799977
1381685304,38,15138360
1381686220,14,4131205
1381687159,3,698286
1381687372,132,59254226
1381687468,13,3053342
1381687536,28,10250434
1381688741,129,50829202
1381688873,18,1038533
1381690307,7,1008568
1381692222,44,15517664
1381692313,15,3743193
1381694466,12,6085815
1381694590,7,3673350
1381695501,40,15879863
1381695766,91,43550308
1381697352,6,1629034
1381697977,13,953012
1381698613,5,4576573
1381698768,5,1266514
1381700367,12,3080456
1381701735,9,2265477
1381701864,5,1169842
1381703114,47,16153897
1381703367,27,8551077
1381703557,160,61259975
1381703907,6,1077064
1381713180,11,696298
1381713332,10,420981
1381719993,23,2001544
1381725163,13,578823
1381731288,43,4550458
1381731743,10,2708932
1381737339,102,31164716
1381738663,104,40249210
1381742064,10,2327178
1381742939,12,952465
1381744155,18,4931682
1381747012,38,21151010
1381747451,9,738326
1381747760,18,6648718
1381748651,5,2678009
1381750935,28,481018
1381753104,16,1076505
1381753167,41,11121859
1381753248,8,3020112
1381754035,12,590942
1381755664,22,6165465
1381758631,13,3708904
1381759145,32,1253780
1381762527,47,3869356
1381762612,11,1092278
1381763321,9,662274
1381767344,6,1322459
1381769066,23,1086808
1381771615,8,753034
1381772158,21,977585
1381773868,14,624816
1381775696,13,2715802
1381776021,8,682576
1381776513,7,489614
1381777546,16,1776801
1381777852,10,803117
1381778016,18,1247736
1381780385,100,7810929
1381783029,21,1914262
1381785658,13,1341930
1381788112,10,710022
1381788136,15,825155
1381789024,6,671940
1381789247,8,1539978
1381789675,33,15220205
1381791360,12,3117204
1381792221,98,42344942
1381794403,19,1419316
1381797695,5,2055864
1381798360,9,584565
1381799502,6,688194
1381799815,5,207582
1381803012,7,320005
1381803078,8,796279
1381803248,8,2297521
1381804122,62,27872170
1381804867,131,54369666
1381806678,8,1199835
1381807133,15,1024937
1381807270,19,5980685
1381807578,8,3537487
1381807688,18,3021513
1381808943,22,13960556
1381809832,5,2955317
1381810152,35,19851287
1381810231,13,5128392
1381811072,10,547212
1381812298,8,622236
1381813183,10,3034121
1381813239,9,4677477
1381814262,38,17963413
1381814782,142,92658974
1381815655,13,3649955
1381815862,40,14064374
1381816995,60,22068240
1381817120,11,2768249
1381817443,22,7932445
1381818068,40,2201205
1381821208,14,5453923
1381821289,6,2956160
1381821583,7,2110017
1381823560,10,3805541
1381826472,12,5729455
1381826571,8,8919935
1381826725,25,2197619
1381827110,31,1245577
1381827567,21,1953864
1381828280,23,1482860
1381829805,17,5797099
1381831088,19,3267258
1381832071,17,2054782
1381833367,12,1297556
1381833809,13,1558857
1381833846,20,6575379
1381833872,39,2591297
1381834509,25,1900152
1381835010,31,1823134
1381837732,47,3779499
1381838095,3,401265
1381838567,15,1582851
1381842087,13,8195217
1381842268,61,5249928
1381842831,20,2948523
1381843687,29,1343459
1381845103,14,1808039
1381845785,12,855540
1381846150,3,145436
1381852637,40,2153488
1381852974,29,832944
1381854414,21,1800327
1381857817,21,3738937
1381858495,22,2623847
1381859728,9,774301
1381859845,32,3673892
1381860113,67,27430421
1381860977,15,1116811
1381861050,17,1077628
1381861364,186,72034937
1381862622,22,1546329
1381862956,16,902151
1381863361,14,996031
1381864517,102,10099394
1381865101,19,5452357
1381865685,21,838807
1381865783,21,1096795
1381867496,14,1640558
1381869443,19,5220450
1381869451,8,1392115
1381869559,9,516278
1381869573,9,588462
1381871132,13,3319802
1381871800,46,17864698
1381872978,20,6049462
1381873591,39,11602292
1381874107,51,30576316
1381874692,17,1927576
1381875365,11,630736
1381875370,34,12520530
1381876005,7,261800
1381877699,15,1659422
1381879094,17,3549369
1381879685,81,9644272
1381881171,3,502386
1381881738,20,7195926
1381882060,13,2706880
1381882584,45,18534675
1381882765,9,1083173
1381883275,3,327533
1381883624,72,7263526
1381884662,14,841818
1381885719,6,5060891
1381885911,5,370993
1381886212,22,2775763
1381886347,6,2043975
1381886359,17,3842860
1381887107,15,2980561
1381887195,5,572596
1381889171,6,262886
1381889532,4,690190
1381889784,11,3517679
1381890293,16,5310690
1381890312,4,930186
1381890614,16,8664573
1381891435,33,14284919
1381892262,20,2697489
1381892593,14,5838312
1381892861,25,6756391
1381893009,5,1389405
1381893053,35,11542837
1381893400,51,26209377
1381893750,16,4716225
1381894128,13,1324116
1381894334,11,3007999
1381894795,58,14285941
1381895367,22,2899306
1381896375,12,3438594
1381896440,16,4337280
1381896608,21,8164807
1381897397,8,1805217
1381898572,17,5328064
1381898741,8,824382
1381898910,48,9068586
1381899882,17,968902
1381900233,18,2334449
1381902367,11,3467638
1381902855,13,1043855
1381903764,8,896848
1381905456,17,876140
1381907561,14,1031933
1381909420,11,3226913
1381909520,3,294578
1381910987,22,2545278
1381912928,10,1275774
1381913087,17,2801495
1381915088,4,333024
1381917069,69,7670529
1381917127,12,1285812
1381918108,21,1732863
1381918934,13,1169348
1381919041,6,308341
1381926726,5,148250
1381928739,15,732447
1381928790,12,2194483
1381929449,17,685062
1381929813,12,1667607
1381931144,28,13079352
1381933605,19,2474704
1381933641,14,2527394
1381934620,3,392927
1381935013,17,1757397
1381935420,27,13954348
1381936243,34,872689
1381936418,9,483410
1381937441,16,4579737
1381938205,12,6474638
1381938576,6,1318673
1381938673,79,24512652
1381940422,15,1484618
1381940481,49,15551356
1381940506,33,7614678
1381940875,25,9208538
1381943013,6,1110138
1381944602,42,18593488
1381945229,102,39321445
1381946904,8,248994
1381947448,61,3707704
1381947651,16,2732393
1381948067,29,10634086
1381949186,16,2054961
1381949915,13,7496209
1381950327,16,6010732
1381950802,6,2149334
1381950814,10,1396413
1381951104,16,5297941
1381951461,17,12928237
1381952279,31,11466799
1381953553,17,6281092
1381953647,23,1647914
1381953779,18,6871032
1381953818,20,7534104
1381954737,20,8745066
1381955591,35,19865244
1381956408,10,3878982
1381956969,13,1024290
1381957097,10,1583683
1381958409,23,3200640
1381961231,10,814006
1381961994,29,23437617
1381963447,15,2614512
1381963525,42,18211070
1381982195,12,1613948
1381982962,12,1278506
1381989929,13,1659354
1381995751,38,11067617
1381998786,34,9146737
1381999978,10,2279617
1382003133,6,1656485
1382028471,18,1272781
1382035068,18,6913428
1382063123,12,1503727
1382093277,18,4968790
1382094864,29,12510274
1382096076,14,4193427
1382098178,12,3814744
1382099085,6,2895052
1382108310,13,6741881
1382110601,67,23031104
1382110876,5,2192467
1382112043,7,2596188
1382112396,11,4092567
1382114847,194,99673952
1382118420,4,301292
1382119410,142,71730642
1382121195,5,3011424
1382121881,130,64318861
1382121948,112,46394662
1382123425,62,22196266
1382124453,16,5001588
1382126545,39,12836185
1382126931,55,12473393
1382127531,50,25779746
1382127745,4,755508
1382128484,6,3247787
1382128901,3,534066
1382129439,132,58131002
1382129686,11,2506007
1382130343,12,4695792
1382131701,95,32950000
1382132696,90,24899434
1382133632,35,12351557
1382134664,26,12068488
1382134875,28,2190128
1382135157,11,4082899
1382135723,4,745010
1382137549,9,2180698
1382139359,15,4741410
1382139548,38,15075876
1382140955,3,890382
1382141634,36,26577016
1382147530,20,1470990
1382158794,8,328208
1382159243,7,1354344
1382162276,194,95649831
1382162974,53,14822425
1382163001,28,7476795
1382163427,8,2127884
1382163614,6,172944
1382165792,16,5236407
1382167375,7,1470881
1382167697,8,2497800
1382169581,8,4332730
1382169982,9,1491246
1382170978,17,6750891
1382171047,17,2921918
1382171067,227,80352505
1382171578,10,3053241
1382173007,28,9582754
1382173627,140,67294976
1382173957,12,3254225
1382174009,21,6967421
1382174863,18,5295751
1382176207,9,1389188
1382176297,38,17284902
1382176823,6,1314855
1382177014,91,44405928
1382179242,12,3251491
1382179322,43,15692311
1382179588,8,1218047
1382180164,15,7468465
1382180180,8,2097700
1382181054,17,1307836
1382181074,133,63958514
1382181428,7,2657322
1382183876,38,10091791
1382183895,9,3305892
1382184077,16,2712108
1382184675,40,29086408
1382185142,25,3388704
1382189706,20,850100
1382192829,15,1472196
1382208900,14,1580309
1382208930,27,10721149
1382215663,68,1840102
1382217705,15,653210
1382219173,65,36549498
1382226302,20,2926961
1382226328,111,54267747
1382228168,64,18114244
1382229583,67,31099352
1382229780,21,7064947
1382232049,22,2676442
1382232965,14,3095254
1382233389,12,2306187
1382233457,3,988723
1382235715,24,8184925
1382235845,9,1606148
1382237689,10,1599483
1382239411,51,2316901
1382241379,78,4752560
1382242769,12,926952
1382244665,7,751911
1382248352,8,344857
1382251591,34,1094974
1382252855,9,1913285
1382253211,9,501687
1382254233,22,4424475
1382256663,20,1290860
1382257942,9,568226
1382259471,12,2592985
1382260305,53,1977165
1382261395,12,2907354
1382262475,10,433062
1382265998,53,4324816
1382268555,20,16614184
1382268967,10,12115162
1382270034,3,193927
1382270840,18,2095687
1382271173,91,46582941
1382272137,38,2554502
1382274029,21,1643381
1382275556,11,468499
1382276193,16,1573448
1382276259,19,1583080
1382277575,35,9160023
1382278874,19,708086
1382279402,16,4651859
1382283490,17,13349690
1382284394,41,3026409
1382285842,7,1359257
1382286559,36,15558882
1382286665,13,5428153
1382287631,23,1485920
1382289976,12,2694536
1382290832,15,3627649
1382292096,49,34535974
1382292696,10,810985
1382292784,73,7000952
1382292909,23,5885648
1382293169,37,19137564
1382294477,3,442933
1382296448,11,6544136
1382296514,9,1677557
1382297379,20,5086984
1382297960,10,2016176
1382298432,14,4132606
1382298545,5,1432347
1382299428,54,25855181
1382299604,12,3813858
1382299698,20,1908054
1382299879,10,3778758
1382300002,8,855842
1382300408,11,2400450
1382300498,4,253782
1382300635,8,2489353
1382300776,6,2058687
1382302787,30,7870675
1382302884,27,9585944
1382304010,10,431649
1382305217,18,9667820
1382305310,5,1247535
1382305640,16,757193
1382306863,6,572477
1382307058,6,1859140
1382307155,30,15789569
1382309205,8,623102
1382310205,36,2651988
1382310764,21,9451946
1382310853,12,2125899
1382310892,12,697477
1382311453,4,656363
1382311794,13,2589838
1382314119,9,374488
1382314163,8,949347
1382315296,11,568596
1382316532,8,254742
1382317014,64,6572261
1382317248,5,889294
1382325052,18,2342855
1382325150,11,931697
1382326420,34,1984313
1382328368,26,2292371
1382330941,47,2936084
1382332233,22,1777551
1382333556,27,2329945
1382337060,16,1273697
1382337486,16,2738559
1382338254,19,1481469
1382339890,17,1168592
1382340631,25,4812584
1382342434,8,6550787
1382343267,69,26862000
1382343627,3,364944
1382343820,28,2946791
1382344862,18,2134256
1382345638,50,21291424
1382346220,23,8417111
1382346637,7,808433
1382347680,23,1737563
1382348354,16,4994158
1382348439,23,1532433
1382348817,6,772940
1382349785,3,4175227
1382350093,4,109286
1382350328,152,86902113
1382350995,5,331836
1382352141,30,3898125
1382352889,27,2021976
1382353237,21,1289795
1382353287,90,39613161
1382353764,40,15603615
1382356832,23,582259
1382357965,123,7687684
1382359053,4,166539
1382359415,10,885087
1382360550,5,1154860
1382361012,27,22777501
1382361041,21,887721
1382362188,10,4276547
1382362598,47,13149474
1382362833,15,5266968
1382363374,25,6153001
1382364123,54,4452111
1382365239,38,11509192
1382365506,23,7556737
1382365548,5,1433341
1382365658,12,2204201
1382365684,19,7114918
1382366889,8,2371947
1382366944,13,1146219
1382367126,14,3325612
1382367190,3,520946
1382368936,76,50641315
1382368973,91,39173981
1382369448,45,16308742
1382369781,13,2129171
1382370303,26,10456572
1382370522,72,5344479
1382370605,19,4860117
1382370856,11,1215043
1382371019,11,1345380
1382371234,35,4098094
1382371404,16,4575314
1382371812,14,1635949
1382371946,45,8365576
1382373174,14,1917844
1382373424,15,7003671
1382373658,16,593193
1382373873,11,3908761
1382374229,9,2259146
1382374347,13,2699024
1382375417,4,499875
1382376179,28,3259627
1382377623,84,32050154
1382378253,14,2639609
1382380423,19,1265899
1382380997,44,2355156
1382382205,20,2162244
1382382401,17,6211166
1382382787,12,5678531
1382385383,11,2300889
1382386947,17,821084
1382387440,11,632086
1382389477,19,8380496
1382389616,4,109998
1382390605,37,5635678
1382390948,131,7381243
1382391223,26,4916994
1382391624,15,1497513
1382392887,26,1048923
1382393728,9,459237
1382394282,11,808692
1382395678,7,872785
1382396737,29,2635779
1382397848,52,6299534
1382398113,11,952280
1382398465,9,881469
1382399478,10,952777
1382400658,19,3180108
1382400956,17,1193415
1382403780,14,2348101
1382404674,14,999220
1382404947,17,1156647
1382406473,37,6335017
1382407792,13,1432610
1382409186,46,5577991
1382410671,14,2586164
1382410694,318,118690212
1382413213,117,39741934
1382413336,290,112677634
1382416568,14,984030
1382417309,5,948479
1382417373,39,17176264
1382417816,103,7502345
1382418484,9,256286
1382418926,9,1538856
1382419584,12,1147757
1382419754,10,1870264
1382423670,105,46622132
1382425028,11,529136
1382425474,9,1169941
1382427890,19,6319089
1382429087,12,4416325
1382429641,11,1535679
1382430383,16,6194548
1382430638,59,34418257
1382431179,90,41919082
1382431407,16,9549348
1382433200,8,1691101
1382434704,27,12297772
1382434721,18,4962165
1382434862,6,1345222
1382435753,27,9066180
1382436224,12,2048885
1382437033,14,6400986
1382437277,13,4288738
1382438398,39,8363288
1382440914,13,5522009
1382441055,159,12017873
1382441658,7,2074616
1382443546,4,1392555
1382444561,15,4639101
1382447352,20,3839656
1382448338,36,1709003
1382455336,104,7340249
1382464020,14,3706824
1382471102,9,680017
1382471601,12,744090
1382476197,6,225228
1382489673,19,1699497
1382511042,19,921782
1382512258,18,753059
1382523101,33,2344289
1382542729,9,1694541
1382548707,10,3716530
1382558973,71,33273371
1382565552,12,1196321
1382567314,144,62386652
1382572372,11,759561
1382574646,16,745634
1382576027,10,2141246
1382580167,10,3014027
1382584782,8,2048862
1382597992,162,72217007
1382600733,10,2834665
1382601939,10,3380420
1382603924,3,240
1382604722,33,15349969
1382605420,6,3421327
1382605623,13,4607525
1382605800,33,8441533
1382606402,88,29330557
1382606555,16,7438983
1382607179,31,10123254
1382608555,34,15842743
1382608953,8,1978978
1382610866,123,55425775
1382611569,5,2254715
1382611760,19,2071444
1382611838,5,318669
1382612980,19,3531451
1382613869,12,4463646
1382614542,5,2155922
1382615247,6,1444690
1382616883,28,7044812
1382617540,44,14032931
1382618072,18,6920050
1382621711,5,1109973
1382622925,8,1828996
1382624322,8,2128212
1382624834,15,9044746
1382626762,98,8358005
1382637391,11,889914
1382639792,15,1058594
1382640807,133,29553500
1382641237,12,1180566
1382645602,9,1058896
1382646153,134,48697858
1382646707,14,990407
1382648024,14,953464
1382648460,8,821908
1382649486,14,3998567
1382651223,87,28672299
1382651909,5,1375832
1382654226,40,9884781
1382654589,16,7206496
1382654620,10,3392083
1382654970,7,1353597
1382657014,36,14250359
1382658390,13,6087570
1382658829,12,677743
1382659724,17,869040
1382662291,8,834933
1382663526,49,12987019
1382664243,12,7613193
1382664771,21,6959258
1382665977,21,1509464
1382668731,13,5364701
1382670780,19,1973177
1382671043,10,3900278
1382671859,22,1225852
1382675417,20,1825304
1382679152,12,469795
1382680584,51,1342124
1382681044,14,1391505
1382687278,7,754897
1382689736,17,611278
1382690650,27,1912349
1382692468,106,35116775
1382696814,22,6538172
1382697687,7,483076
1382701499,20,1132837
1382702456,20,9373438
1382704797,31,5505747
1382707845,96,45217901
1382710208,24,6743325
1382711620,34,9068918
1382711855,14,6248920
1382712220,30,10299581
1382717103,12,4190396
1382718688,11,1085252
1382718715,8,802800
1382719144,16,5312340
1382719529,7,4182026
1382724951,9,6916036
1382725210,84,5562831
1382725906,17,3511701
1382729384,20,1556433
1382730977,18,1258379
1382732918,88,7693276
1382739284,39,2614922
1382739640,40,3324646
1382739668,11,1026569
1382739847,20,2236527
1382740049,9,861659
1382740066,6,707117
1382740128,5,183132
1382745397,19,790142
1382750239,12,908548
1382755335,18,1216089
1382755546,17,984156
1382756039,3,15401
1382757272,31,3520062
1382757630,22,1076489
1382758569,33,13160811
1382758953,21,4653878
1382759026,44,16590312
1382760741,15,2837886
1382762589,80,44555918
1382763215,246,158103748
1382764182,11,2830744
1382765298,26,1279922
1382765934,10,3485012
1382766374,16,3661332
1382767640,8,418639
1382768551,4,982403
1382771618,18,6714765
1382772441,15,3081522
1382772858,19,8261672
1382774037,21,10627719
1382774204,18,1460578
1382774208,8,468872
1382774485,18,2083262
1382774669,19,4017097
1382776686,28,3091571
1382777162,3,640976
1382777816,21,1064836
1382778137,8,752551
1382778717,37,10159717
1382778721,20,9093694
1382779201,11,2120389
1382779254,67,23059798
1382779356,18,6529270
1382780151,11,2721414
1382781549,6,1761572
1382781639,11,2611155
1382782197,22,11908451
1382783135,23,6845037
1382783910,23,3401010
1382783933,13,6221694
1382784164,16,4018670
1382785344,17,6250814
1382787484,21,639113
1382790607,14,3252177
1382791069,10,1320523
1382792952,10,770444
1382792979,13,1068251
1382793792,6,542989
1382796208,20,2205152
1382796588,7,304980
1382797120,14,874933
1382797183,23,2072182
1382798173,29,3214557
1382798760,23,2589318
1382799717,26,516190
1382800982,19,502954
1382806293,11,439284
1382806843,19,1452093
1382807306,11,498842
1382807651,14,934583
1382809721,20,504557
1382810118,13,1263165
1382810153,15,4770441
1382815888,85,3989340
1382815893,94,7623106
1382816121,52,4657993
1382816134,39,2881154
1382816868,13,1447067
1382817865,14,606875
1382817947,6,348753
1382818592,10,5884512
1382820644,161,49124988
1382822239,92,47054641
1382823095,14,8103511
1382827041,11,293796
1382827599,98,43460036
1382827751,22,6072991
1382829455,7,2989551
1382830544,8,3565728
1382831057,23,738788
1382831443,97,49786571
1382831927,23,2605300
1382832161,3,2156198
1382832794,10,329020
1382833393,24,11181393
1382834171,235,134281265
1382834431,26,2141642
1382835546,15,526291
1382835608,66,35350682
1382836614,7,273025
1382836705,10,321036
1382839178,20,9545457
1382839625,30,6717256
1382840023,10,2532855
1382840598,25,9293111
1382841215,201,96599486
1382842684,78,52717252
1382842912,17,3926780
1382842991,18,3061224
1382843271,5,1294042
1382843954,30,5764195
1382846334,20,1549629
1382847249,16,1634399
1382847273,20,2126554
1382847740,25,14564174
1382847995,82,6038435
1382848321,9,3674516
1382848869,21,5310644
1382849014,12,2293930
1382849102,28,9867395
1382849187,40,14588129
1382849982,17,2354175
1382850689,11,3681626
1382850789,9,697688
1382851464,27,14537189
1382851732,14,2910735
1382852344,15,1248277
1382854233,15,686535
1382854431,12,1526321
1382854612,80,24104568
1382854682,68,46172965
1382854987,10,2870424
1382856092,22,9921627
1382857295,30,8308458
1382857359,12,1043035
1382857511,26,2304923
1382857653,19,4579851
1382858240,10,3701905
1382858670,22,496939
1382858847,13,2362146
1382859553,12,5063067
1382860264,4,1708319
1382860816,16,4019080
1382861090,23,11829667
1382861782,7,465904
1382861997,8,469716
1382862774,9,678985
1382864220,39,2999915
1382864447,15,2941996
1382864677,57,25275822
1382865169,19,1886807
1382866079,4,1579031
1382866445,15,4229212
1382866804,17,1639762
1382867441,21,4199497
1382868391,16,562215
1382870337,13,1532746
1382870890,13,4776371
1382871160,20,2026035
1382871691,25,2013468
1382872202,59,6238031
1382873005,20,8362391
1382873528,7,497772
1382874009,18,1929111
1382875758,10,268488
1382876381,22,1273619
1382878147,19,1032171
1382878408,17,2463454
1382878689,11,836851
1382879531,10,893222
1382884143,14,1224619
1382884497,30,2224808
1382885403,6,1007581
1382887388,17,1135503
1382888000,20,5854540
1382888775,13,1227453
1382888854,29,3304928
1382889350,25,2434539
1382892033,12,789042
1382892197,8,989455
1382894064,22,2051125
1382895193,4,818795
1382895607,14,1712184
1382896675,12,1990076
1382898046,4,153488
1382898901,10,1483837
1382899177,16,5124817
1382900861,27,5873997
1382901217,9,1092713
1382901958,73,34613881
1382902256,33,10167014
1382904129,16,8348568
1382904277,7,1640134
1382905144,9,47806
1382906244,24,10128298
1382907729,70,27408661
1382908286,4,1597400
1382908594,4,1099133
1382908838,50,15198694
1382909564,48,22460814
1382910139,7,392369
1382910881,13,2553160
1382912331,29,12731121
1382913531,15,3797537
1382914525,16,4646799
1382914965,3,377055
1382915045,11,3138747
1382915478,43,22034604
1382915542,14,4171810
1382916712,9,542815
1382916805,3,42126
1382916970,21,8007887
1382917093,77,28349530
1382918134,15,2081659
1382920388,26,8160964
1382920675,11,1488556
1382923052,4,1174753
1382924502,3,1660782
1382924888,11,1246336
1382926799,8,1729181
1382929363,17,4597866
1382930495,14,1225303
1382953126,39,3814996
1382968307,3,615829
1383006784,18,6071844
1383012035,24,8549875
1383032984,18,3789922
1383057447,37,12201120
1383059037,13,4589409
1383059652,32,2119924
1383063267,14,4687631
1383064030,10,4180966
1383066594,17,4886942
1383067185,23,8814373
1383068940,12,1172220
1383069015,29,10509467
1383079454,4,318544
1383080758,9,703858
1383087926,26,12563316
1383088558,24,11973710
1383090305,43,11744983
1383091552,43,27255972
1383091761,9,1374166
1383092357,14,3912801
1383094122,54,15046312
1383094328,20,5622219
1383095573,4,1061082
1383095766,18,2747602
1383097094,10,3841261
1383098055,55,12582433
1383098230,22,5351190
1383100176,17,4359042
1383100228,19,5705341
1383104160,48,9000008
1383105264,7,1683943
1383105697,19,7639298
1383107578,4,964728
1383108872,31,9504005
1383109005,43,20811166
1383109451,17,6877383
1383111332,20,832135
1383118213,19,2247259
1383118396,6,296045
1383130954,3,65228
1383133183,26,7972648
1383133358,19,6491924
1383133539,7,386666
1383136986,15,5067201
1383137552,39,22462783
1383137923,13,2256364
1383138823,10,1198855
1383139786,14,1501990
1383140638,24,10117802
1383141066,18,6707034
1383141396,12,5232005
1383143417,126,55994103
1383143544,35,8033570
1383143991,7,2261760
1383144468,13,2430661
1383145426,10,1702631
1383145991,34,12351024
1383147579,61,20364470
1383149142,19,6444023
1383149173,24,5778438
1383152074,21,1350361
1383152696,11,2505280
1383157649,18,1193701
1383176892,33,4794384
1383177927,8,363684
1383178655,21,3545048
1383179480,15,7250161
1383183102,6,1673634
1383184030,62,4291184
1383184847,3,170132
1383184899,9,1666765
1383187885,10,4801458
1383188989,44,12712138
1383189052,8,2452928
1383190174,18,3663636
1383190973,9,2588597
1383192412,15,8180038
1383192538,41,1700032
1383193153,20,7517010
1383193307,117,54586222
1383194838,11,5458818
1383194894,13,491932
1383195690,11,2946010
1383196591,35,891255
1383198924,9,8123151
1383200494,44,20031712
1383200560,20,6254838
1383202743,23,9777159
1383203442,73,2903647
1383203595,31,1290604
1383206187,20,4346691
1383206296,27,3248536
1383210768,32,2001046
1383215518,177,15378538
1383217067,7,356802
1383219038,141,9110901
1383220648,13,587509
1383226377,6,2025590
1383228704,12,555698
1383235579,7,1742912
1383236613,38,842413
1383237725,21,4299177
1383238869,19,944193
1383239515,9,472072
1383241247,43,5447415
1383242927,12,448225
1383242991,87,5102084
1383245934,14,437325
1383245979,28,2399277
1383249192,19,1819321
1383249568,8,3152129
1383253117,4,1456709
1383253483,16,8096460
1383253931,9,900471
1383255342,22,5460118
1383256445,43,30393544
1383258622,13,3927075
1383259334,30,16786074
1383261250,13,959372
1383261634,6,1147882
1383261860,14,4577263
1383264302,11,3377426
1383264396,14,5442137
1383265653,26,2634149
1383266840,17,7119700
1383267147,13,3714500
1383267480,14,3884134
1383267897,38,19916287
1383268054,17,4885894
1383269905,10,4042750
1383270088,9,884524
1383271030,9,365525
1383271585,20,12524096
1383271660,11,2340591
1383274384,18,955967
1383275726,13,3009452
1383277872,8,1282383
1383279029,17,11952749
1383279553,14,967230
1383279826,20,5032022
1383281963,18,935132
1383282701,54,2989409
1383283144,12,2921550
1383286871,23,1521990
1383290419,19,1794551
1383292098,8,319571
1383293776,16,1271662
1383294138,15,1106672
1383295344,11,1763164
1383295673,78,6604782
1383298627,29,658878
1383303788,29,3633551
1383304699,37,1216602
1383306219,32,15409258
1383308251,229,135070251
1383309104,3,532109
1383311813,65,28562381
1383312410,10,1089052
1383316006,124,41717413
1383316360,14,6751240
1383316924,74,38844801
1383317129,43,5725608
1383318431,40,12722552
1383319525,5,385216
1383321697,105,64847720
1383322312,7,639436
1383322457,10,4385940
1383325177,20,6143487
1383326139,69,39279915
1383326358,38,27052853
1383329544,19,1253254
1383329561,21,6598996
1383329919,23,6689768
1383330407,16,4052139
1383330476,5,800180
1383330719,16,4378944
1383331546,15,3762376
1383332619,10,3743695
1383333896,15,9563084
1383334029,45,31656714
1383334414,16,1305347
1383335037,14,4148246
1383336123,19,6208405
1383336171,16,757290
1383336548,20,3720682
1383336561,10,1416867
1383337374,15,5069656
1383338433,10,2424951
1383338836,33,6621536
1383340652,15,5189360
1383341611,3,1118806
1383341829,108,45734724
1383341877,10,2363665
1383341925,7,2064010
1383341973,27,9985387
1383342832,13,2610514
1383342851,9,803350
1383343576,49,38728770
1383343985,52,11902923
1383344219,3,1201516
1383344629,15,3939714
1383345260,7,1098865
1383346150,18,6409287
1383346831,14,1514165
1383347666,18,2638797
1383348048,14,748561
1383348299,14,8067536
1383348420,12,1763671
1383349899,3,2438749
1383349926,7,298445
1383351047,12,1653868
1383351856,47,14617968
1383353639,18,1292699
1383354277,8,423439
1383354934,22,2211982
1383355362,25,5931942
1383355477,14,1245981
1383355669,42,15969347
1383356045,39,14025188
1383356296,21,6661955
1383360135,16,855803
1383360414,12,1790473
1383361234,63,5875932
1383361296,7,468801
1383362063,12,1164775
1383362179,3,121001
1383362748,24,4460700
1383363072,6,411629
1383363551,9,415529
1383364165,9,3864393
1383365056,27,6117422
1383365806,33,823110
1383366600,35,4734050
1383367255,29,2613600
1383368601,19,6993708
1383368756,24,3045764
1383368811,56,3245679
1383374442,5,3857374
1383375472,12,808148
1383375631,76,2556944
1383375888,9,686468
1383377814,39,22332340
1383378118,20,3257771
1383378673,11,5056150
1383380082,15,1544436
1383380091,87,34711912
1383381480,28,2785278
1383382438,25,1268591
1383383129,53,6017120
1383383520,10,1056577
1383384461,17,3035003
1383385232,10,994928
1383386313,13,535245
1383386721,24,10369271
1383386840,8,197271
1383387009,14,1224414
1383388359,42,11660544
1383389906,64,3490430
1383390398,42,16064446
1383390570,32,1743310
1383391016,3,396735
1383391108,6,11694150
1383391267,215,58278235
1383392093,56,36115668
1383393270,5,738217
1383395923,17,4700249
1383397988,18,8838209
1383399223,18,1214252
1383400040,22,1074739
1383400229,54,21223558
1383401768,6,3798703
1383402145,16,2724281
1383402574,9,980945
1383404355,17,8555213
1383404653,6,484795
1383405367,13,1333937
1383405904,36,1648098
1383406168,21,7391515
1383406569,19,1816520
1383406608,21,13256314
1383406773,130,76915653
1383407195,124,13810738
1383407282,6,933464
1383407457,13,1073227
1383407461,31,2791601
1383407830,14,1045330
1383407928,7,1195738
1383409576,11,812566
1383409762,8,815470
1383409944,49,14501274
1383409999,15,8261503
1383411059,7,1244918
1383412543,4,331461
1383412902,4,1748525
1383413645,13,5335401
1383414540,4,2707675
1383414638,9,1379628
1383415120,5,1128772
1383415953,16,6030452
1383416400,72,22911263
1383417770,5,1189196
1383417788,8,84848
1383417809,18,2409538
1383418655,17,8750064
1383419859,24,7124120
1383420218,18,2354837
1383422221,23,1581496
1383422248,13,931497
1383423160,9,1489210
1383423282,5,955502
1383423664,14,11748444
1383429614,10,2436064
1383437155,20,2484422
1383438414,8,874827
1383441724,16,1912917
1383450486,13,1291698
1383453949,17,1848455
1383457469,27,882292
1383474138,20,2653617
1383475676,7,213900
1383478377,9,656007
1383480240,21,2334361
1383483678,14,1191921
1383486032,27,11760763
1383522563,9,2370563
1383524315,18,6015150
1383528708,18,7155701
1383546570,12,1263803
1383551386,17,1032861
1383555301,22,1539917
1383557706,13,1379041
1383563222,8,1111957
1383563537,11,3536681
1383565718,39,10549338
1383578375,21,2175581
1383582173,8,634389
1383587655,11,3637580
1383591427,23,11785581
1383595786,23,7508646
1383600879,71,4451850
1383604988,6,2278006
1383606972,25,1782707
1383609277,4,1212701
1383612376,9,913433
1383612755,12,597704
1383615410,21,6501210
1383618146,37,1052892
1383623610,27,6949527
1383625715,3,69210
1383626718,35,2457024
1383627480,46,10767579
1383628554,6,1661993
1383630714,166,49926888
1383631547,66,20972100
1383634150,4,1182115
1383638776,48,21788678
1383639649,3,289487
1383639658,23,6111634
1383640440,10,1462951
1383640543,7,2581613
1383640957,37,11118794
1383642924,17,5028868
1383644500,18,4454548
1383646412,15,4581576
1383647539,11,2545620
1383647621,4,870675
1383648794,45,13988447
1383650847,28,9865814
1383651075,9,2259294
1383653115,25,19394160
1383655628,20,994380
1383657121,13,758856
1383658822,18,8869384
1383659468,74,4615863
1383660036,31,2511840
1383660056,9,6107467
1383664598,14,1084611
1383666621,13,877824
1383667808,23,4195872
1383668434,10,559732
1383669695,9,1180394
1383670980,16,1875152
1383672633,40,3608216
1383677308,12,715832
1383681706,26,1709916
1383685959,49,17484457
1383688814,47,4496011
1383689467,20,1502351
1383694311,23,4338568
1383695416,16,4307435
1383695523,28,12520407
1383697144,124,36361539
1383698584,34,7428100
1383700828,7,1015360
1383701157,15,6950278
1383701694,3,183868
1383702504,5,760841
1383703727,9,1609117
1383703983,62,20482381
1383705000,13,5190475
1383706416,15,872560
1383707391,19,4494657
1383707758,6,1952108
1383707990,16,702134
1383709046,21,5824022
1383710191,26,819010
1383712251,4,543061
1383713666,10,2578229
1383714759,13,2558563
1383715428,16,3513305
1383716749,18,8838647
1383721141,24,3670630
1383721286,14,1559703
1383723436,15,2010110
1383724683,47,1851127
1383724835,7,468732
1383726440,14,1026410
1383727738,6,972427
1383727849,22,3884854
1383730846,26,5156580
1383733483,26,1877971
1383735711,51,1485540
1383738940,12,4001926
1383743387,10,856781
1383744416,8,209698
1383745079,36,150413
1383748373,24,1518278
1383749045,46,1490540
1383751855,4,164192
1383752241,7,723344
1383752611,126,50732248
1383753158,4,325804
1383753551,31,2241575
1383754029,20,3270859
1383754308,12,2288167
1383756238,7,323163
1383756907,23,12163554
1383758653,32,23698275
1383758938,105,40432338
1383759414,24,1202721
1383759868,7,5939375
1383761069,10,933360
1383761687,27,1279691
1383762253,8,672829
1383762526,38,16552011
1383762544,7,410605
1383762638,14,542615
1383763788,117,42309781
1383763970,15,785200
1383765612,19,4831661
1383766460,118,4964108
1383766675,15,9207257
1383766755,20,852912
1383767104,14,8031088
1383767189,12,4999555
1383767885,31,12648209
1383769468,52,3494419
1383769796,3,1790053
1383769896,44,20293454
1383770200,47,7544421
1383770589,10,4421594
1383770661,13,7934609
1383771270,3,1406747
1383771619,11,3191452
1383772481,26,13593162
1383772878,13,4414761
1383773156,12,3640256
1383773480,27,5399015
1383773953,51,25839159
1383774550,9,2541949
1383775380,18,1225591
1383775915,41,15916612
1383776465,74,37509989
1383776992,3,980970
1383777018,12,1030256
1383777038,26,19009794
1383777961,14,2993811
1383778541,14,1363631
1383778935,36,15089780
1383778967,8,3267209
1383780249,21,2453078
1383780289,7,2095728
1383780315,17,4306565
1383782875,10,2501154
1383783792,52,21430651
1383783942,13,8457940
1383784327,13,2864607
1383785608,57,5786283
1383786860,97,1921544
1383786997,14,1451351
1383788871,17,3292552
1383788991,20,1900316
1383790179,16,3665257
1383796034,73,4291227
1383796308,14,1523434
1383796512,16,1968521
1383798059,17,2016648
1383798409,79,1228069
1383799321,12,10183756
1383799888,15,4050189
1383804266,20,2738402
1383805839,12,440416
1383807968,24,2072383
1383816041,18,2420875
1383817436,58,5830193
1383817740,14,4843511
1383817990,13,1159765
1383820026,24,5931971
1383821995,34,9389106
1383823235,9,2809697
1383827623,14,3866365
1383828725,3,925372
1383829403,18,6479456
1383829676,66,3467838
1383831919,77,45629067
1383833050,10,12262456
1383833251,62,29369363
1383836162,10,4322310
1383836477,64,43610565
1383836684,9,2064441
1383837400,5,499412
1383838317,10,3527539
1383838390,25,8598647
1383839599,13,1356599
1383839840,4,656503
1383839998,7,299046
1383840414,23,16674024
1383842836,22,7551939
1383843698,16,4374854
1383845358,4,968676
1383845623,25,1814133
1383846054,21,7723101
1383847403,15,2082065
1383847550,53,26618108
1383847568,13,751287
1383851639,9,395160
1383852248,16,2214779
1383853594,8,1133019
1383855696,125,12509505
1383861132,20,2845222
1383861985,27,803080
1383861997,9,671990
1383864711,24,2467772
1383869093,39,4196781
1383869190,14,1461676
1383869287,12,540286
1383869932,6,655288
1383870288,87,9032561
1383877428,16,3144398
1383877534,21,8321112
1383880408,14,1451523
1383881926,9,2347679
1383882209,19,2022390
1383882692,19,2417340
1383883899,24,2486750
1383884043,3,302634
1383884762,17,961773
1383884991,24,7693572
1383885497,31,9424674
1383887258,10,2141033
1383891275,42,12096421
1383892128,13,2529075
1383892906,9,670463
1383893417,13,590640
1383894049,15,2372565
1383894436,150,89804602
1383896646,15,5388930
1383896970,34,10700548
1383897431,18,1321622
1383897438,17,1415353
1383897944,27,1374804
1383897959,16,5246779
1383898263,54,18430656
1383898867,3,2360306
1383900037,16,4324198
1383900143,26,5999768
1383902193,3,625920
1383902649,11,2239861
1383903502,10,7715717
1383904463,15,3556426
1383904576,32,14333010
1383905666,26,14027218
1383905817,31,6176705
1383906067,62,2433320
1383906115,14,4220391
1383906592,9,1798275
1383906669,8,1782066
1383907336,8,2447895
1383908247,17,1245425
1383908378,15,10226806
1383908801,15,988860
1383909295,324,159992359
1383909323,17,5722459
1383909991,15,18818282
1383909998,3,836788
1383910251,10,3929352
1383910362,109,11368574
1383911471,21,8356484
1383911512,10,3463568
1383912577,12,592519
1383912583,7,5709961
1383912780,3,897976
1383913600,34,1508252
1383914463,33,12512742
1383915065,11,4045843
1383915148,56,19273977
1383915330,4,606457
1383915490,22,2087370
1383915670,18,2506077
1383915828,16,9357376
1383916140,18,5327064
1383916399,31,8687819
1383917062,9,4279790
1383917157,15,3317414
1383919685,14,36479538
1383920255,13,5368352
1383920983,20,2076735
1383921182,7,7367046
1383921769,12,5525916
1383921981,10,4697047
1383923390,29,596899
1383923767,22,770715
1383925348,33,4645469
1383926538,6,3608364
1383927094,51,19508161
1383927272,9,2627760
1383927592,15,4659253
1383928185,19,731111
1383928712,37,8954410
1383929226,11,4066897
1383930114,16,7445954
1383930688,15,1975327
1383931492,42,3172072
1383931643,10,5689831
1383935674,31,1902262
1383935991,14,515842
1383936367,6,482587
1383938198,15,3300182
1383942096,32,7251726
1383942215,22,1792789
1383943231,39,21967843
1383944136,22,827268
1383947893,20,836793
1383949216,21,3396598
1383949241,80,3532062
1383949630,10,5127741
1383956189,11,2865104
1383956428,24,931275
1383956610,11,2028028
1383956991,91,58222576
1383957650,11,2663481
1383957757,14,601669
1383957813,9,229439
1383960498,3,865828
1383961704,6,711465
1383961746,44,2376863
1383962495,90,30088624
1383963826,5,203416
1383966074,103,35646943
1383966590,17,1855066
1383967971,12,765424
1383968325,14,2799604
1383969287,4,287245
1383969742,7,1148946
1383970358,17,6972647
1383970754,12,355095
1383970897,17,6486732
1383970944,30,6207847
1383971849,42,7400300
1383971929,14,6527019
1383972342,72,22647533
1383973420,62,1332153
1383974971,4,843235
1383975233,42,24990400
1383975865,18,1236600
1383975959,10,2593038
1383976526,15,5549767
1383976628,7,1252103
1383978771,11,2638204
1383978837,16,6720184
1383980898,46,33327795
1383981077,17,7286850
1383981196,29,8759173
1383981401,18,8813994
1383981525,16,4056938
1383981882,11,4530391
1383982833,40,1145144
1383984054,17,3477603
1383984976,4,1588046
1383985061,18,7144556
1383985561,28,708276
1383985781,6,2309615
1383986521,16,2797403
1383987502,8,2484727
1383987999,9,3033232
1383988959,31,7950835
1383989198,7,2516428
1383989292,169,6291205
1383989726,15,4181231
1383990902,7,1442959
1383991958,17,2810710
1383993887,128,3956168
1383994710,25,1992278
1383994781,82,2881392
1383997710,18,2615108
1384001509,25,3377491
1384002995,14,3151366
1384007174,28,2773244
1384011792,23,2912308
1384012366,19,682928
1384016508,6,614232
1384018356,16,3856601
1384020762,22,2403301
1384021828,23,644431
1384022806,110,5820112
1384028483,24,3640488
1384028762,19,1785924
1384028766,14,1527080
1384031077,11,1814353
1384032878,18,4116343
1384034760,37,4013791
1384035783,3,390577
1384043884,37,4170887
1384046626,9,544089
1384048612,11,1835600
1384056788,14,2346400
1384070924,13,5135700
1384087116,14,1021628
1384097100,31,15870379
1384103521,19,1032495
1384117867,9,990242
1384120012,36,11447563
1384126599,23,2734654
1384147537,10,5929845
1384150922,7,2537887
1384154494,17,1394587
1384158518,30,19439599
1384158698,14,2913478
1384159822,9,297579
1384166030,10,828380
1384166240,62,31616482
1384169004,32,1231339
1384170048,46,21806501
1384172362,31,11615153
1384173644,37,12263209
1384174589,11,570174
1384178845,33,1081060
1384179098,13,1246350
1384179719,12,2341633
1384183366,31,2453527
1384190463,82,4700244
1384194257,17,918061
1384195779,82,5833873
1384195879,13,1200584
1384196124,3,264451
1384208469,28,7887992
1384210442,62,22242509
1384210754,8,1478721
1384211995,6,1617582
1384215842,3,1033073
1384217479,9,1336254
1384217969,56,37331920
1384220604,9,1016410
1384221290,5,1153204
1384222981,52,14683283
1384223691,31,14066858
1384225524,59,24908664
1384228164,9,543093
1384228841,31,7915086
1384228998,24,5294891
1384230074,10,1068223
1384230867,25,7935362
1384230901,25,9163806
1384232118,50,33096069
1384235891,27,7321847
1384240149,22,8277496
1384240472,13,1120543
1384241190,42,1882068
1384241627,53,8940088
1384250080,13,1548520
1384251226,44,3377994
1384264017,4,1948560
1384265056,7,9011645
1384267092,42,1250862
1384267543,4,629705
1384267829,334,123591104
1384268783,22,1784620
1384269618,25,6254657
1384273818,101,37272746
1384274168,14,1073299
1384274429,13,1315561
1384276711,33,28026382
1384276912,20,4653847
1384279984,14,1550373
1384282679,14,992849
1384283689,18,986485
1384283758,7,1423690
1384288465,13,1462515
1384288793,30,9560667
1384289351,60,28155222
1384291258,8,237401
1384294127,25,6581594
1384294473,9,616685
1384295315,84,37918925
1384297976,14,789882
1384299011,69,6180201
1384299185,35,2200084
1384304964,5,1557045
1384305535,4,1133534
1384307779,196,115301867
1384313737,14,1012275
1384314548,13,1426833
1384314818,11,1066213
1384314830,15,2368954
1384315609,18,1336701
1384316576,13,330605
1384321324,7,907404
1384322897,6,273516
1384323089,6,358099
1384325965,10,1573357
1384327886,17,6185237
1384329257,13,1394457
1384333805,197,62362405
1384334056,10,2223240
1384338372,25,15375401
1384338451,8,578538
1384338901,6,406108
1384338975,22,1460339
1384340140,13,1396391
1384342542,18,6564843
1384343933,18,4578733
1384344645,11,6461041
1384345784,7,3055365
1384347364,17,6116908
1384347792,12,3143573
1384348204,50,19503067
1384349018,11,2351816
1384349440,22,6156396
1384349756,11,700716
1384350512,20,5741641
1384350892,14,4693039
1384351476,5,725508
1384352227,8,985646
1384352474,31,21816809
1384353570,13,1931643
1384353631,12,3362823
1384353932,25,15178325
1384354080,8,5006500
1384354095,34,629342
1384354864,8,607275
1384356394,13,3487156
1384356600,99,47896167
1384356692,9,4086200
1384356828,43,14378766
1384357235,15,7748745
1384359325,8,4065399
1384359974,25,1125487
1384360336,24,728529
1384360713,17,5624982
1384361749,7,3084970
1384363401,22,4265744
1384364234,9,1664535
1384364559,9,1881756
1384365604,19,655882
1384365699,9,840970
1384365913,6,2995784
1384367077,25,6737635
1384368385,12,1350481
1384368601,72,39355175
1384369887,15,285503
1384370498,8,364037
1384370541,20,1662892
1384370611,20,2222826
1384370886,19,2234213
1384370924,5,388091
1384371379,7,1753468
1384371549,33,4727517
1384371598,18,1914480
1384375087,20,2006448
1384376647,56,5957236
1384377070,5,177017
1384377213,14,1373367
1384380458,12,726839
1384381288,11,4177301
1384384036,10,628157
1384384957,3,1047946
1384385135,52,1959966
1384386022,15,4857146
1384387826,32,37253426
1384388302,159,12698296
1384394466,15,12384326
1384395951,47,2157826
1384396034,11,492918
1384396903,6,674935
1384399745,14,1618012
1384403197,9,379091
1384403699,30,2841402
1384404737,152,66802536
1384408545,23,1481264
1384410055,74,2518573
1384410219,40,4533504
1384410897,17,1785023
1384411208,29,11601682
1384412786,10,3780047
1384414143,14,861920
1384415137,17,3451155
1384415159,5,1178800
1384418330,50,23063892
1384419048,14,3321254
1384420764,29,8020527
1384420864,16,994147
1384421263,35,13171461
1384421456,19,4203452
1384423065,19,8368588
1384423326,34,2915673
1384424322,49,9492712
1384424880,12,2135020
1384427746,16,4106654
1384428318,10,717938
1384429347,9,6643029
1384429811,24,544705
1384432789,14,5427877
1384432933,8,2953696
1384433418,164,5438811
1384434142,14,4057758
1384434325,6,1867673
1384434382,6,632123
1384435633,10,1052351
1384436060,30,1258160
1384437705,17,5043936
1384437850,19,1398130
1384438723,3,185557
1384439431,16,2816990
1384440113,49,18006035
1384442691,31,4543611
1384442958,14,6259053
1384443569,11,1253501
1384446610,52,15571569
1384447860,16,4595452
1384449380,22,1504958
1384449743,11,2100304
1384452492,53,4635292
1384454364,19,617100
1384454598,18,2007500
1384459251,8,1140141
1384459623,5,452325
1384461054,23,2329042
1384461805,17,715998
1384462446,12,4340221
1384463643,20,1950757
1384463828,18,1306521
1384465115,6,1924616
1384465292,32,820306
1384466979,14,516213
1384468588,36,2143238
1384470491,4,857284
1384470828,50,4364544
1384471150,25,5104205
1384472650,8,1078237
1384472915,11,710253
1384473932,43,2985818
1384474519,5,222136
1384475420,127,5034579
1384475928,88,3478271
1384476629,8,317223
1384478405,19,1234118
1384479883,42,20424519
1384480501,3,419518
1384482284,4,294458
1384482410,4,395901
1384483038,5,2133820
1384484566,36,13725972
1384485057,15,1669203
1384485535,19,1917835
1384487126,19,3133849
1384494478,21,4728251
1384494778,20,5864426
1384495286,3,198264
1384495979,12,3922218
1384496004,29,5118120
1384496403,22,1799362
1384497255,12,4402520
1384497371,8,2511072
1384497857,17,8679008
1384499540,21,19581484
1384500216,21,5444329
1384500731,84,50592196
1384500849,32,9280763
1384500855,15,7332295
1384502942,10,2028295
1384502963,117,84980343
1384503070,10,2247791
1384503465,15,4752248
1384503556,15,1084810
1384503819,41,19063550
1384503836,19,689007
1384504966,22,8345402
1384505769,10,2271985
1384507006,20,8332254
1384507601,7,1334526
1384507912,18,3541749
1384507986,20,7554194
1384509085,15,2554228
1384511124,9,4415881
1384512291,14,7857735
1384515486,13,10411993
1384516595,4,8017594
1384517951,10,1893986
1384521545,8,1407624
1384522924,64,1069037
1384523189,42,2812884
1384523760,8,3066432
1384525936,16,1229584
1384526529,17,1375039
1384531626,22,1235374
1384534978,21,1247467
1384538323,22,3580857
1384538924,69,16913067
1384539885,15,4109427
1384540275,13,2844354
1384541420,6,567417
1384542009,13,1644939
1384542424,16,5623018
1384543390,8,530105
1384543591,46,19366131
1384544754,315,144218525
1384545002,22,8820710
1384545101,272,98995198
1384547298,6,529760
1384547488,18,1334009
1384548131,13,1865212
1384549203,32,8173336
1384550900,11,1720120
1384552346,6,284884
1384553421,14,2682821
1384553744,18,11659176
1384553761,16,3700166
1384553788,60,27870372
1384554807,12,4050610
1384555253,11,2291210
1384556755,7,268540
1384557570,6,1832003
1384558257,27,7305133
1384559606,29,5194969
1384559850,28,3925336
1384559881,18,1190494
1384560263,21,3673361
1384560295,4,3687908
1384560632,11,3982635
1384560840,31,12907619
1384562084,6,4439994
1384562575,24,9011740
1384562647,46,12459680
1384565417,24,5139421
1384565814,21,11891214
1384565878,11,3189628
1384566027,18,529592
1384566079,10,2848544
1384566890,12,1533077
1384567662,14,3829543
1384568058,21,6447121
1384568231,22,1342721
1384569760,8,1808801
1384574873,17,8050023
1384575864,27,2523341
1384577643,21,2628788
1384577952,11,967968
1384579405,24,1619975
1384581067,19,6020624
1384581905,11,545245
1384582539,20,1494256
1384587484,27,2088043
1384596334,8,555474
1384599696,6,164448
1384606103,12,1233156
1384644607,18,2901380
1384645575,21,5333155
1384651516,14,1767402
1384654936,4,320378
1384658161,12,901131
1384672857,28,10504142
1384680158,17,635130
1384683215,9,292830
1384700956,18,6892993
1384703017,27,9122412
1384705370,6,1329221
1384705600,7,726898
1384706615,20,5814394
1384706893,33,16107049
1384707829,37,15596335
1384710731,27,11574115
1384714339,13,5627073
1384718084,14,8472535
1384719011,63,4969382
1384723566,15,4368125
1384725000,37,4037944
1384731408,12,1693365
1384733547,6,205719
1384736198,16,1163165
1384738097,10,2650119
1384740495,5,1090273
1384742659,43,10481957
1384744096,7,1917084
1384744828,57,16851462
1384745890,15,3392129
1384747025,6,1690916
1384747609,124,58276228
1384749060,9,3200410
1384751030,11,3145273
1384752040,10,3080013
1384752128,19,4751517
1384753201,29,4156360
1384756199,8,371204
1384758053,3,680151
1384760694,11,1977279
1384762651,22,4618272
1384766540,7,2167113
1384777675,6,1795005
1384781344,133,44799979
1384782157,7,4378569
1384782329,9,1634548
1384782999,12,2432315
1384784504,10,2529676
1384787602,28,10091997
1384788342,41,12746099
1384791871,19,5570933
1384792408,33,2052273
1384793699,16,7929883
1384795293,41,16368498
1384795620,15,977661
1384796110,14,3867823
1384799127,31,9907973
1384800328,19,4533300
1384800846,21,1034789
1384803177,22,8569358
1384805534,3,1373252
1384809851,24,1996925
1384812429,33,2742003
1384813320,23,2607992
1384824442,9,5890493
1384825895,14,880474
1384826093,16,1359780
1384828488,7,2277450
1384828686,9,4628339
1384830197,31,10701145
1384831771,37,2336436
1384834509,8,1861085
1384836094,29,7524166
1384838403,13,3399596
1384839184,25,8944527
1384839215,22,13314944
1384840451,29,12166908
1384842115,4,626969
1384844880,21,6944700
1384845034,176,96926030
1384845904,62,22093133
1384845966,20,9039119
1384847002,36,1890727
1384847856,11,2181870
1384848183,104,35998203
1384849917,15,6629756
1384850651,23,12701919
1384853399,24,6877615
1384854010,10,170234
1384854092,31,22060228
1384854637,8,3584748
1384858278,19,1257895
1384860120,47,26477410
1384864912,8,2318075
1384865670,32,959460
1384869756,25,1465034
1384872431,50,1348068
1384875014,92,7663937
1384876740,4,145966
1384882000,20,9837342
1384883610,160,19124778
1384884490,13,746429
1384890048,8,992868
1384890826,7,3673787
1384892631,8,581373
1384893908,28,12925118
1384895925,32,4489468
1384895998,14,1108839
1384896984,64,769238
1384897090,16,4560537
1384900162,21,13424635
1384900551,23,1677472
1384904475,79,47871082
1384905404,23,1448019
1384906698,59,8707895
1384906703,27,2627774
1384907157,4,621355
1384907180,17,14738737
1384909162,16,4975029
1384909586,68,46972524
1384909753,18,417131
1384910357,16,6629151
1384910513,24,10933511
1384911772,13,4486186
1384911873,13,3218604
1384912231,25,1539032
1384912822,19,388779
1384915301,14,933455
1384916023,11,1177807
1384916640,12,3937008
1384917098,11,1736162
1384917100,15,7343752
1384917611,18,2144826
1384917755,21,5055152
1384919000,37,1090424
1384921312,21,10294969
1384921713,4,1199888
1384921812,16,7430238
1384921828,8,913443
1384922186,13,6860051
1384922759,34,1719707
1384923489,7,1850249
1384924126,16,2126827
1384924231,14,4470339
1384924464,8,553526
1384925118,24,6834217
1384925977,13,3248198
1384927129,12,3025812
1384927474,9,1280693
1384928379,46,876992
1384929202,18,860749
1384931711,10,654052
1384931713,8,3312074
1384935427,11,1583693
1384937011,18,1817501
1384937734,51,4897841
1384937910,17,2253855
1384937976,10,364086
1384938884,14,1628832
1384942988,83,5811299
1384943848,11,1125325
1384946076,13,722569
1384946858,8,537280
1384947303,13,2410117
1384948498,23,15530705
1384949883,5,2425280
1384953697,16,1373881
1384955526,61,5649520
1384955945,19,1655963
1384956533,18,5343892
1384959202,82,1455495
1384959929,234,13564037
1384960666,16,1294675
1384960714,11,718687
1384962905,27,3735003
1384962999,20,1166004
1384963003,10,676109
1384963146,33,2168411
1384964120,101,46317081
1384964770,20,1785920
1384964828,12,2067024
1384967204,7,1278727
1384967867,10,2356705
1384968571,17,936007
1384968987,12,5239834
1384969456,17,373030
1384971490,6,1654767
1384972263,4,582586
1384972551,15,3820939
1384973052,47,2962551
1384973282,27,1115889
1384973560,66,2181869
1384975008,8,810557
1384975409,17,2810443
1384976252,232,126814618
1384976266,151,51692800
1384976945,79,11086386
1384976951,6,748799
1384977079,10,2967801
1384978217,23,21567855
1384979583,14,2270791
1384980972,6,1934947
1384981228,4,1775768
1384981438,8,2049214
1384981642,48,2617368
1384982089,21,2754027
1384982513,28,9618303
1384982536,15,4431848
1384984213,3,874185
1384985476,11,1589232
1384986802,27,2860270
1384986822,9,4381316
1384987154,7,1153532
1384987427,4,785037
1384987803,22,3033910
1384988312,57,13147810
1384988946,19,8439343
1384989005,27,11993058
1384990267,3,1791232
1384990601,11,1189091
1384991282,17,2271793
1384991405,10,1028823
1384991562,10,2332436
1384991774,24,10131545
1384992538,24,13774819
1384993044,14,2731493
1384993422,29,10906140
1384993598,3,1933751
1384994603,15,4861965
1384994853,13,1354903
1384995826,27,7705855
1384996324,32,15435650
1384997208,4,1680840
1384997219,47,1191195
1384997449,10,994853
1384998039,29,13796540
1384998167,20,5983124
1384998516,22,3918721
1384998519,24,14601282
1384998583,11,1192232
1384998810,17,6551494
1384999097,22,1976526
1384999276,52,15949120
1384999883,17,2158328
1384999891,10,1620283
1384999948,35,8979113
1385000069,32,14189966
1385000167,11,1109987
1385000632,9,1740293
1385000754,18,8160962
1385001219,14,5697047
1385002649,6,1229687
1385002939,40,18906868
1385004387,65,15500752
1385005406,4,1092913
1385005565,14,1586439
1385005806,11,241873
1385005992,12,3109160
1385006407,8,2213102
1385006487,14,1129779
1385007580,21,249422
1385007984,15,1501607
1385008102,19,2508822
1385008144,15,539215
1385008774,6,131760
1385009231,21,3075575
1385009251,15,2142084
1385009276,19,1128756
1385010565,12,1428035
1385011330,14,4331493
1385011666,110,10523094
1385011996,22,10557302
1385012435,8,1779931
1385013842,11,4714849
1385014470,5,170122
1385014582,9,631492
1385014950,11,3077527
1385017810,22,3530844
1385018042,18,1192589
1385018755,13,722627
1385019786,11,816840
1385021215,17,3831664
1385023065,33,2225570
1385023365,10,4418334
1385024422,6,302134
1385025789,155,16373255
1385025943,25,1604053
1385026366,16,1485246
1385026741,6,368148
1385027248,26,1897726
1385027632,11,1285230
1385027783,10,2957964
1385028048,3,107359
1385030909,14,5911842
1385031350,21,1242210
1385032123,33,1584746
1385032187,41,15470472
1385033120,15,2111619
1385033161,9,4106644
1385035158,42,1375734
1385037754,55,42392834
1385037904,55,21551411
1385039399,54,9431422
1385040920,149,35473825
1385041268,66,19394533
1385042480,16,1178739
1385042575,32,21066589
1385043056,217,78089240
1385046446,15,4245599
1385046730,12,3164878
1385047577,14,2184436
1385049399,20,2005964
1385049960,13,2720403
1385049981,3,1407658
1385050337,75,37014074
1385050723,5,486139
1385051128,13,2038699
1385051299,27,2668201
1385053319,26,4786093
1385053442,10,4584143
1385053980,14,4096429
1385054051,32,11713848
1385054713,7,1150859
1385056883,8,1755747
1385058847,19,1446719
1385059632,12,6449652
1385059710,66,30636621
1385059940,12,1883011
1385060939,41,17798444
1385061590,9,1779208
1385061898,8,2465155
1385061922,18,5598736
1385062476,9,2142788
1385062813,8,1111026
1385063004,13,1505263
1385064324,10,5499536
1385064593,20,5830872
1385064704,18,5273984
1385064747,9,3980825
1385065005,43,18328634
1385065019,8,3945996
1385067556,12,4073474
1385068068,16,4275892
1385068643,10,1258411
1385070065,24,6183393
1385070579,22,7466187
1385070693,28,5554089
1385081750,6,506575
1385087397,6,2115761
1385120424,16,1275251
1385148573,7,3005928
1385151573,26,12982702
1385165998,11,2077847
1385182723,13,1339984
1385183932,3,357379
1385185088,18,1174562
1385192939,4,161973
1385201516,9,2416735
1385201727,8,2892502
1385203870,91,32406625
1385206482,41,15117273
1385221983,17,1307467
1385230566,29,3932038
1385233951,24,9361049
1385234314,16,8047726
1385234841,21,1168669
1385235965,43,4933799
1385236147,63,23008545
1385236656,8,2450465
1385238854,13,2171780
1385240224,34,8752531
1385240960,41,1925307
1385241502,4,1041041
1385241818,12,794316
1385241846,20,5334733
1385242670,18,5038226
1385242996,36,13130249
1385244440,9,1058451
1385244664,45,22287502
1385244927,5,414105
1385247042,22,1482497
1385248669,42,3351959
1385249465,8,5155377
1385249710,20,7037553
1385251215,29,10608110
1385258748,17,1282774
1385277562,21,4683931
1385278994,217,74647363
1385279100,8,1833806
1385279463,4,705190
1385279471,7,1501685
1385281503,5,1293215
1385282198,109,36643700
1385282396,37,14276300
1385285444,20,7192144
1385285628,9,3725265
1385286425,8,595900
1385289347,11,3361257
1385289591,23,1666890
1385289651,92,30683814
1385289749,15,5031316
1385289784,33,1543134
1385289788,10,1305794
1385290017,13,971346
1385290307,7,3276051
1385292664,33,17438687
1385293300,35,5999233
1385293417,3,260965
1385293914,17,7208065
1385294170,30,2769730
1385294444,8,2461575
1385295256,11,2429526
1385296442,7,3594618
1385296517,22,12721347
1385296995,16,5464851
1385298300,18,6802117
1385299413,85,24730875
1385302486,13,130123148
1385303423,163,17853773
1385309692,25,1607698
1385311095,24,15232060
1385313536,11,2562488
1385313763,24,2659718
1385315274,12,797288
1385319097,8,244222
1385319331,25,2423239
1385322009,25,1587089
1385323451,32,15051927
1385324362,30,18023830
1385324546,182,99956844
1385325759,17,1197957
1385327916,4,1901951
1385328273,15,1433884
1385329173,17,4768501
1385329986,90,31025002
1385330073,93,25179660
1385330226,17,4193948
1385330636,169,84884305
1385330760,5,1476298
1385331767,6,513525
1385332470,49,15927775
1385332895,6,1374202
1385338904,35,3087713
1385339314,5,118804
1385340392,105,37186419
1385341767,6,859597
1385342306,31,12296433
1385342572,152,63371769
1385343465,20,6505431
1385345097,17,5311033
1385346495,17,2240388
1385347972,6,296449
1385348491,10,3084427
1385348652,5,394109
1385349225,15,4895649
1385349796,10,936756
1385351161,20,3373067
1385351414,4,994693
1385352218,25,18776572
1385352364,13,1957295
1385353516,14,4039701
1385354513,20,1655248
1385355878,15,2045844
1385356961,70,4884274
1385359533,6,394101
1385359644,12,3401753
1385362715,3,396391
1385363438,9,2753995
1385363857,17,5549140
1385363903,6,560301
1385366273,18,1640938
1385369503,6,255870
1385370432,14,1832918
1385370614,24,2339689
1385376836,29,3247990
1385377825,14,2031494
1385380108,18,1955221
1385381089,19,1450643
1385382631,118,13109854
1385383999,17,2216316
1385384774,7,1612711
1385387270,72,6376891
1385390810,12,2753005
1385392140,16,1092977
1385392697,18,1943142
1385392804,24,3250146
1385396619,11,5112234
1385398217,16,3623589
1385399346,30,9585081
1385399500,15,6480168
1385400695,22,11375649
1385401062,24,575179
1385401532,3,384901
1385401603,18,650927
1385401624,10,3034482
1385403707,27,9360202
1385404005,22,3962223
1385404046,4,1266398
1385404089,17,4441463
1385405408,41,1744111
1385406654,21,10546121
1385407525,15,4501494
1385407664,7,5598318
1385409069,15,1456527
1385409937,19,5354346
1385410202,74,34211397
1385410729,3,1193083
1385410892,6,1653308
1385411323,11,2965227
1385411784,7,4041875
1385412106,29,12194183
1385412113,54,30689978
1385414025,5,871316
1385414561,23,9788719
1385415537,9,2026929
1385416159,11,2658623
1385416675,33,11289215
1385417313,50,23554534
1385417335,36,13615106
1385418099,14,3913418
1385419444,3,878606
1385419649,31,18595863
1385420768,28,11068667
1385422379,13,1956821
1385423503,21,2109241
1385423677,19,6852099
1385424450,115,9226921
1385424961,14,6508447
1385426049,13,2458501
1385427107,18,882293
1385430647,10,1115878
1385431664,22,4055293
1385432259,15,2495832
1385432361,26,2435643
1385432489,6,1328939
1385432576,36,3384189
1385433230,4,823664
1385433374,33,8029968
1385435591,17,666611
1385437392,11,2667373
1385438214,8,567786
1385438442,29,1924100
1385443778,72,6688438
1385444022,43,3487101
1385444253,68,3515796
1385445936,74,2587573
1385446593,9,871525
1385448571,24,1732896
1385450930,16,1485109
1385458111,47,5514025
1385459782,21,2165354
1385460134,11,2666809
1385461208,8,643612
1385462082,5,576745
1385462395,52,2736041
1385464665,7,1468621
1385464911,38,5453030
1385465098,10,1362191
1385465414,210,144888706
1385466608,31,3028893
1385467134,5,60094
1385467320,8,1409370
1385467530,8,2358126
1385468841,6,100442
1385469487,5,1072871
1385470431,10,2444811
1385471318,19,9289621
1385471362,23,8570420
1385471474,38,4502753
1385472579,8,604719
1385474169,6,2522404
1385475365,37,7322175
1385475869,21,5050610
1385478469,36,1546567
1385478696,36,1501995
1385479163,11,9566709
1385479265,222,103661349
1385479338,11,394021
1385480907,14,4613332
1385480945,14,3512165
1385482511,60,22346235
1385482872,11,3136582
1385482936,186,106875672
1385483005,47,15520743
1385483415,10,2840581
1385483832,9,4142787
1385485290,36,11967936
1385485373,25,10086553
1385485466,21,10206772
1385487925,14,890216
1385488123,32,19961319
1385488438,19,4778035
1385488693,23,10818175
1385489389,15,2662617
1385490707,4,132708
1385490752,11,538225
1385491221,16,3806017
1385491816,8,558166
1385493416,12,4898669
1385494572,18,3351546
1385494676,38,1274376
1385495657,14,3197641
1385496151,41,20103332
1385496401,26,15554136
1385496472,10,1725522
1385496649,10,347839
1385496874,18,1376609
1385497698,17,1088857
1385498411,13,4143084
1385499873,9,3098304
1385499923,17,5771755
1385501250,12,2389174
1385501323,41,7974982
1385501697,16,1850575
1385502381,25,12684368
1385503451,216,22825830
1385503466,13,1826887
1385503513,19,11812140
1385504239,14,1703823
1385506491,25,606404
1385506982,10,2443446
1385514664,11,1038841
1385514938,48,18363221
1385517187,16,1502463
1385517608,6,188859
1385518440,8,387070
1385521706,9,2745058
1385524371,24,8680167
1385525875,15,555583
1385528476,14,9195519
1385529859,26,1493485
1385530671,3,984133
1385531609,8,807563
1385531779,30,12700376
1385532810,28,8055503
1385532977,4,1856993
1385533399,69,26671156
1385533896,13,3731576
1385533921,133,34628762
1385534613,56,31139483
1385535661,4,323083
1385536290,25,7413239
1385536690,8,484037
1385536747,42,12096249
1385537293,14,1019230
1385539840,21,7368456
1385540387,49,20119494
1385541634,14,1676476
1385543082,32,8567117
1385544941,18,4815228
1385545308,10,2678721
1385545825,14,3015194
1385546258,11,5385966
1385546311,135,45486754
1385546557,24,2410532
1385548221,12,1264300
1385548419,9,6207702
1385548979,22,5782104
1385551078,17,9073657
1385552316,6,4295234
1385552428,50,26226868
1385552869,31,6368526
1385553303,27,2825585
1385553384,4,1124216
1385553861,26,12727235
1385554311,11,7685176
1385555745,14,7422989
1385555946,37,17313580
1385557315,16,6968648
1385558057,23,1413075
1385559939,6,281438
1385560772,28,1580362
1385565578,15,1464693
1385566960,21,10574731
1385568177,20,1650633
1385573937,23,2091502
1385574526,13,920471
1385576236,13,1017523
1385584420,23,4698549
1385588177,8,631716
1385594191,36,27550334
1385599077,5,215979
1385599619,17,6216238
1385600366,5,1559192
1385695349,9,3800508
1385700190,33,12006140
1385707451,25,3965842
1385708138,33,1757856
1385713255,14,4520309
1385715095,19,1781540
1385716277,4,1930368
1385718698,19,1785559
1385725588,4,151169
1385726626,11,1280956
1385729161,18,6193629
1385732597,11,1466190
1385733714,14,4323356
1385734146,21,6383415
1385735231,92,47681753
1385735238,5,1289925
1385735298,7,1606688
1385737324,16,3747078
1385739249,8,867740
1385742264,12,3060470
1385743787,9,3633695
1385743918,15,6582543
1385744420,13,5164566
1385744754,5,782419
1385751608,16,11228023
1385751663,18,2007718
1385751725,36,3661260
1385751766,4,198779
1385754819,15,1253485
1385755999,32,1884115
1385756576,40,3029982
1385758865,18,2382792
1385760769,10,290084
1385769154,9,2495668
1385770017,39,13681480
1385770894,103,52509715
1385771520,20,6706615
1385772022,22,5884812
1385773737,28,8296675
1385774865,79,29839228
1385776001,39,12264898
1385777006,13,2914130
1385778336,22,8009297
1385780435,25,7996276
1385782716,4,255606
1385782821,22,6734556
1385783534,12,1925159
1385783770,3,730651
1385785385,81,32140312
1385788261,4,262117
1385792004,51,1378101
1385795690,5,601815
1385795708,14,1048600
1385807543,15,1126539
1385807827,38,1057196
1385810854,49,12288257
1385814331,27,788267
1385817754,19,5424980
1385820478,9,3065269
1385820561,105,43176253
1385823204,17,7498804
1385825532,154,50906808
1385825941,3,718750
1385827233,20,1846057
1385827386,95,46274396
1385827513,23,5439204
1385829382,4,2041609
1385829668,39,16438565
1385830203,23,2263889
1385835591,47,22800379
1385836276,11,5657191
1385836907,32,777853
1385839132,4,4217124
1385844505,17,2142461
1385847028,24,539028
1385847199,24,2204352
1385847377,24,3833158
1385849365,28,2714797
1385854504,11,1490694
1385855006,14,3798788
1385855865,35,866499
1385858348,20,2266623
1385859474,15,981916
1385861719,7,1195821
1385864200,69,1916208
1385865989,55,1979029
1385873356,15,5833204
1385874432,149,56579013
1385876470,34,14683029
1385876907,17,2879325
1385881525,3,1080722
1385882253,11,2881594
1385882426,26,2320700
1385882902,16,6894683
1385883282,10,2646286
1385884106,468,231270652
1385886309,17,2874434
1385886528,11,165109
1385886970,17,1877308
1385887263,33,16999001
1385888872,34,2218361
1385889798,12,3435912
1385890569,25,12021615
1385890641,24,1258213
1385890756,6,1609739
1385892017,30,8874063
1385893046,29,7818797
1385893864,7,1764495
1385893910,29,1319800
1385895427,23,3424110
1385895623,8,389010
1385896062,26,7047549
1385896523,8,2457728
1385897051,12,5278350
1385897139,7,1925386
1385897175,10,3535515
1385898128,7,2370797
1385898587,6,2337819
1385900499,7,2476841
1385901039,3,875291
1385901478,32,11172916
1385902060,30,17891343
1385902544,26,10898244
1385902851,14,1567250
1385903616,9,6381170
1385903993,16,7385276
1385905498,19,1607131
1385905546,6,1243527
1385905590,11,4849285
1385905681,16,3210665
1385906315,60,38077482
1385906369,6,2969508
1385906492,12,7805686
1385907059,8,1693907
1385907131,65,31216797
1385908080,17,5852329
1385908880,18,9332310
1385909070,26,4685167
1385909470,12,933370
1385909945,12,1352570
1385910993,14,4561378
1385912348,35,17897369
1385915005,14,598288
1385915441,20,7992496
1385916600,53,1210969
1385917848,16,3947668
1385917922,14,718844
1385919747,19,462802
1385919920,14,830606
1385920351,80,3987884
1385923905,22,1404995
1385927605,121,5531012
1385927911,15,10839153
1385928191,20,20821891
1385934028,25,2148887
1385934808,55,1228642
1385935192,18,378634
1385937871,34,3360406
1385939960,6,231310
1385940369,116,4248304
1385940616,18,1840870
1385941453,26,1146880
1385943174,62,1321699
1385945964,80,46109343
1385946877,115,8492685
1385948160,27,6636641
1385948261,25,1010214
1385948846,5,1675307
1385949815,4,537134
1385952104,7,425886
1385952227,8,458238
1385952465,168,101948114
1385952636,42,6615210
1385952858,5,1399943
1385954576,30,10585810
1385955020,17,7343028
1385955295,14,3881749
1385955811,12,3346951
1385956113,20,7317166
1385957549,34,604123
1385958051,15,5971260
1385959295,10,191921
1385959623,6,451127
1385960036,11,701127
1385960804,11,2937589
1385960965,4,1179483
1385961718,40,22204038
1385962586,9,4018163
1385963685,22,409518
1385963824,8,2778265
1385963877,12,2986370
1385964113,20,7956390
1385964740,32,9770265
1385964797,5,350201
1385964985,11,948133
1385965008,10,4591909
1385965556,15,1721294
1385965591,16,3457305
1385965974,14,1144003
1385966024,43,15795724
1385966165,16,1044588
1385966445,13,1933465
1385966865,6,1320864
1385967165,14,3947481
1385967584,6,1703662
1385968221,6,1404509
1385968430,7,1607726
1385969083,25,9187858
1385969282,3,643604
1385969411,25,7657309
1385969421,106,44077059
1385969579,9,971318
1385970502,10,3746483
1385970855,53,8437653
1385970982,6,1554592
1385971108,15,428788
1385971890,237,97617076
1385972060,5,2463025
1385972162,4,2137442
1385972238,13,2124326
1385972290,21,827831
1385972870,28,16665127
1385973019,7,2541421
1385973119,23,1303958
1385973320,6,2991779
1385973563,20,787789
1385974070,23,20049713
1385974700,13,6056967
1385975534,32,3701735
1385975990,8,3533388
1385976282,11,3664155
1385977102,60,1390957
1385977560,12,3837484
1385977673,44,2495871
1385977825,43,12508565
1385978604,35,17996240
1385979548,16,2762547
1385979641,5,1283800
1385979923,9,1357132
1385980165,20,4865412
1385980550,51,5738177
1385980620,39,3577890
1385980920,4,583305
1385981220,18,10365415
1385983432,14,5705269
1385983646,13,7323280
1385984904,182,18766155
1385985223,27,385400
1385986391,26,1284155
1385986449,14,2166948
1385986844,16,4624658
1385987718,21,3577813
1385987857,9,738315
1385987971,3,843212
1385990083,12,1262281
1385990851,46,31622840
1385991581,68,4073170
1385992320,9,714326
1385993203,24,633333
1385994032,17,1330075
1385994262,6,1549847
1385994709,133,8972342
1385998756,18,6667477
1385998890,14,1306516
1385999273,6,2630344
1386004055,50,4535408
1386005503,9,1745775
1386007938,50,15338859
1386008726,17,1659427
1386010785,8,1654728
1386013853,11,3660798
1386014924,16,5044157
1386015467,10,4921196
1386016207,47,16515577
1386016328,9,1861018
1386016473,3,1007935
1386016763,13,3257208
1386017134,216,92252738
1386017378,13,771405
1386017555,41,4843571
1386017919,76,26855633
1386019830,34,14113545
1386021036,34,11599614
1386021502,12,1252472
1386021667,12,2850561
1386021876,51,23925317
1386021920,20,7956870
1386022027,3,249569
1386023820,5,438406
1386023861,16,6625446
1386027101,108,32285808
1386028352,16,6022759
1386028638,65,21730143
1386029237,6,295244
1386031849,11,829486
1386032491,17,5637641
1386034728,34,12436989
1386034977,24,27248909
1386035009,37,15329961
1386036988,33,8057092
1386038640,11,2888695
1386038812,7,1398428
1386042323,15,7173238
1386043026,7,455704
1386044802,3,810306
1386045941,45,5278994
1386046223,10,508370
1386047808,6,1576859
1386050193,40,6171358
1386052637,15,2769605
1386052983,15,1443963
1386055992,10,2364402
1386057570,14,847473
1386058392,14,4329300
1386061816,11,409811
1386067862,6,505694
1386071769,10,1538519
1386082976,9,1911994
1386084573,3,182694
1386087102,12,40044512
1386087104,12,852666
1386099290,15,7542107
1386100109,11,13147241
1386129319,6,2222428
1386141542,19,1505064
1386145425,25,2727213
1386156741,11,255682
1386165815,13,1331279
1386168689,48,19569533
1386169059,14,1605270
1386182232,15,1124258
1386186048,22,8739548
1386187851,14,3814207
1386189580,18,7408601
1386202261,7,685329
1386204264,20,2179576
1386209268,168,3290620
1386214279,84,26081831
1386214903,32,15623000
1386215966,3,506035
1386217883,114,53608250
1386220624,4,1365995
1386222942,31,21105052
1386225849,26,8440106
1386225904,11,465037
1386226405,34,13326581
1386226540,21,1735501
1386228292,25,3331056
1386230893,16,5204939
1386234994,43,3251827
1386239804,87,5887115
1386240111,13,1000642
1386242117,12,575128
1386242162,7,205550
1386247377,7,619380
1386249229,8,1500925
1386251525,6,285925
1386254220,183,65166658
1386256274,3,635738
1386256385,4,22434
1386258610,10,2609449
1386258616,15,3724547
1386259140,11,857347
1386259210,8,563235
1386259760,46,13514712
1386261715,37,11714618
1386263515,30,8351755
1386264277,5,1778151
1386264756,10,744489
1386265875,55,17253112
1386267489,35,17317802
1386267552,42,19685447
1386270578,9,1736852
1386270795,24,7153303
1386271509,12,2861593
1386272082,16,4905825
1386273496,12,4072381
1386273566,3,1022436
1386274420,16,4207314
1386274834,10,4116622
1386276886,14,4084019
1386277450,31,15909590
1386281349,119,10395548
1386286067,29,3151573
1386290788,12,743355
1386291010,10,1125027
1386292637,8,1097435
1386294885,30,2415260
1386294891,17,1142962
1386303289,16,3746301
1386307208,26,10674112
1386307289,10,493496
1386308733,4,345096
1386310237,280,122792903
1386310429,9,892200
1386311656,3,957070
1386312026,14,955180
1386312194,90,39910201
1386314946,6,1753565
1386315928,19,1187043
1386316482,8,3233929
1386317209,10,3434695
1386318883,43,15556222
1386319667,36,13047753
1386321228,9,43355
1386322940,60,18620674
1386323849,14,5181715
1386327508,9,2066460
1386327650,6,2221594
1386327773,22,8101216
1386328310,15,3429892
1386328348,37,29001445
1386329051,10,2816297
1386330561,36,10954983
1386333988,12,4215121
1386334052,6,2496314
1386336055,34,8684594
1386336626,10,547953
1386344317,9,505822
1386344468,23,3927620
1386344921,23,2275999
1386352197,47,7036457
1386352540,19,952910
1386352767,10,377913
1386362210,182,39867460
1386366631,103,47916484
1386366704,36,1186000
1386373066,7,2122582
1386373336,11,2987726
1386374186,99,48453202
1386374386,5,1698595
1386374626,22,1271269
1386375106,72,3605828
1386375298,26,10822561
1386376043,20,865784
1386376817,15,11197216
1386376855,12,5021761
1386378572,81,38164517
1386378574,3,354130
1386379354,14,1032435
1386381296,19,4140374
1386383320,346,189469936
1386383687,14,1418733
1386383872,3,768974
1386384145,16,6557512
1386384373,37,20184818
1386385003,30,12426460
1386387745,17,9751369
1386387976,15,663351
1386388931,23,11657665
1386389284,54,16309717
1386389295,10,2154226
1386389721,57,23146497
1386389737,9,2842425
1386392131,24,1676049
1386392696,4,317827
1386392833,19,8842775
1386393056,12,3331304
1386394018,14,3946548
1386394211,16,4815701
1386394769,21,3405101
1386395516,21,3210007
1386395958,10,3146764
1386396915,22,14589346
1386396920,24,19387977
1386398512,11,4578179
1386400286,17,7529137
1386400378,32,12183517
1386400920,8,9848886
1386402121,13,2553898
1386403289,16,449309
1386407649,10,5712062
1386408247,52,1563487
1386408398,10,5205452
1386408757,6,342186
1386410350,12,2437100
1386412707,12,1812913
1386414013,10,4600035
1386414645,25,931523
1386416965,12,698146
1386419153,31,2054844
1386420041,45,3839863
1386420128,17,9994139
1386420473,11,1218759
1386420677,8,821260
1386421347,7,324443
1386422042,6,254014
1386422947,21,862183
1386424286,16,1807698
1386425844,18,2116699
1386426512,55,4012426
1386426718,45,2715643
1386427213,6,15270586
1386432929,43,18106024
1386434023,17,1211547
1386434664,26,4540460
1386436704,8,3106629
1386436845,31,1683742
1386438192,17,376014
1386438304,11,1345313
1386440581,75,24693273
1386441099,12,1085535
1386441526,29,8064601
1386442044,13,652524
1386442592,272,174751018
1386444936,8,1843860
1386446046,13,10304210
1386446388,8,1477273
1386447680,7,1342042
1386447686,14,3724752
1386448752,24,4680502
1386448901,22,1848728
1386449637,4,1401358
1386449988,55,17106480
1386450193,90,43126520
1386451769,20,1079958
1386451883,11,2774904
1386452914,22,11297301
1386452976,8,1813011
1386453403,61,3930304
1386455047,5,1174874
1386455153,5,1353141
1386455894,11,3422961
1386456219,8,4011061
1386456661,122,67396645
1386457733,21,1142460
1386458034,6,1437882
1386458465,28,10975396
1386458815,11,2644173
1386459460,5,448893
1386460800,6,2037725
1386461167,15,4051282
1386461387,9,1673582
1386461505,7,1588860
1386461699,23,2249073
1386462105,44,773409
1386462129,17,3162708
1386462156,13,418441
1386462255,39,12514107
1386462762,3,111960
1386462805,18,4973603
1386462990,3,683512
1386463035,25,17017101
1386464248,11,2322289
1386464853,19,6444774
1386466217,45,2958101
1386466644,11,449514
1386466885,10,870662
1386467691,5,1352086
1386467956,35,6616642
1386467975,11,5185716
1386468090,20,4824079
1386468697,26,6796739
1386469033,10,3866064
1386469804,15,3383817
1386470562,17,6385647
1386470575,30,10710284
1386470737,23,7970697
1386471517,13,1638471
1386473233,30,27758632
1386476361,33,4125384
1386477041,14,2392800
1386479409,47,4925709
1386482141,125,17170435
1386482351,118,13591635
1386482527,18,1195724
1386482689,7,677104
1386487203,8,1593766
1386489279,16,478265
1386492136,37,3748671
1386493608,6,2063059
1386496156,22,1296465
1386497277,28,2084557
1386498769,13,601936
1386499817,8,303097
1386500600,14,919778
1386501503,180,19004394
1386501686,14,3294969
1386503291,194,93548923
1386503593,13,10991516
1386504708,22,518236
1386505167,31,15075749
1386505932,13,1524029
1386506298,113,41973353
1386507350,27,8931999
1386507505,62,33921940
1386508977,42,19888121
1386511139,15,905870
1386511483,4,467665
1386511901,15,4962182
1386512170,12,1554833
1386512602,12,635171
1386512956,15,795659
1386514259,13,2628138
1386514782,36,13143741
1386514914,11,1873847
1386515065,10,577151
1386515542,4,1053745
1386516636,36,13412885
1386516932,9,3458333
1386517128,5,1314851
1386517966,31,12590091
1386518411,30,4919178
1386518478,24,10627455
1386518604,16,783509
1386518888,27,10535014
1386519554,17,3580323
1386519864,15,1592191
1386519880,25,3998219
1386520390,6,615149
1386521723,13,6502611
1386521924,17,1031072
1386522288,43,12797499
1386523425,12,681122
1386524261,18,5165132
1386525030,21,3306480
1386525362,6,527439
1386525622,6,1183915
1386526283,9,2113335
1386526359,45,24178912
1386526790,25,3165228
1386526833,12,3525650
1386527012,8,2093666
1386527416,70,25274297
1386527454,21,13376161
1386527986,7,642083
1386528878,11,3561757
1386529005,33,2464963
1386529893,17,1133550
1386531183,6,229435
1386537725,29,8708707
1386549249,14,2500620
1386562806,19,14669276
1386572967,11,4069192
1386573322,17,15171181
1386573854,9,2682445
1386575305,3,1152050
1386606864,9,695053
1386609513,3,910970
1386610441,32,15819919
1386612090,13,3198606
1386616724,4,185824
1386617265,6,249952
1386623962,11,681785
1386627655,7,218959
1386636189,6,893253
1386643134,13,3045226
1386656145,14,1075866
1386659647,28,1476578
1386663624,106,30775146
1386664158,6,517000
1386665739,8,307564
1386669638,25,1710713
1386670908,4,2107381
1386671663,26,10569833
1386672513,29,12058287
1386676522,10,4891079
1386677787,109,61299275
1386679254,9,391630
1386679269,10,3031341
1386682803,8,441080
1386692072,50,4242930
1386695210,21,3838514
1386697501,9,827231
1386703239,8,307721
1386704341,8,476479
1386706053,10,517350
1386710795,9,2218477
1386711861,12,4021602
1386712235,43,12408663
1386716773,9,3393222
1386718675,4,1105174
1386719229,25,8129348
1386720092,23,7253345
1386722587,25,6163595
1386724504,72,7135409
1386726064,5,414042
1386730040,28,2796299
1386733694,12,1023781
1386736442,10,465483
1386736461,7,2156136
1386738323,9,805866
1386739817,10,443893
1386743939,82,5941530
1386747173,12,792012
1386748064,11,1752146
1386749192,102,32679061
1386751463,19,4505794
1386753697,14,1641426
1386753794,3,309559
1386754482,51,19719445
1386754840,3,112914
1386757247,17,5918939
1386758425,110,36205897
1386760137,31,12689262
1386764102,74,21243086
1386765051,13,720223
1386766134,17,4990934
1386767424,21,719062
1386768454,11,873053
1386769093,9,3525948
1386769333,10,2510881
1386770318,7,1638922
1386778519,27,2306168
1386778593,11,2897269
1386785217,16,869000
1386788439,79,1703249
1386788606,106,5167620
1386791935,24,2078867
1386794444,4,552028
1386797280,8,429066
1386797829,21,13158150
1386799143,50,8695664
1386802243,11,1284156
1386802762,4,116348
1386803153,6,60460
1386803741,26,599197
1386803974,6,193424
1386805887,41,1948553
1386806191,6,2524344
1386806205,20,1172580
1386808917,13,6367234
1386811349,5,8834801
1386812331,4,329969
1386812621,14,2123256
1386813592,24,1240296
1386813893,91,33035746
1386814718,15,8121348
1386816012,38,10049189
1386817835,17,5810250
1386820725,13,1884690
1386820817,4,679589
1386821331,10,1478175
1386821578,26,922076
1386823910,25,12951621
1386825626,45,1822334
1386826654,7,2643237
1386827965,31,505993
1386828033,6,2386748
1386828080,19,5090934
1386829019,4,610518
1386830426,12,4588025
1386831238,15,4121830
1386832311,6,1214135
1386834794,24,1214190
1386835477,85,46610778
1386836556,36,2023720
1386839104,59,3961768
1386840760,14,10050770
1386840799,15,886062
1386842383,36,1043330
1386842888,7,359397
1386843858,13,1459561
1386844152,25,2197113
1386844707,16,1014235
1386845125,11,939306
1386846201,27,3176332
1386846601,23,2035639
1386847572,16,2751448
1386848992,20,4023541
1386851547,34,1947423
1386851676,37,5010941
1386857498,36,4513912
1386858419,9,1713052
1386859030,28,1428087
1386859687,20,11233575
1386860447,7,1251776
1386862260,20,11028632
1386865562,57,2726464
1386865664,8,809605
1386867189,15,11512509
1386868420,46,21711672
1386871321,11,8070279
1386872020,19,4820633
1386873200,5,2700644
1386875012,15,2328377
1386875051,11,1027607
1386875103,36,14422429
1386875558,34,17554905
1386877702,54,19795748
1386877975,26,2070975
1386878299,21,7177821
1386878871,11,4418957
1386878906,21,8712155
1386879045,6,2975538
1386879897,13,5462913
1386880103,7,361328
1386881166,11,2154436
1386881349,31,21458346
1386881574,6,2550416
1386881928,12,4739483
1386883047,12,3258722
1386883463,24,3737355
1386883700,3,923218
1386884428,12,777220
1386885705,11,3230786
1386885718,42,19909972
1386886369,24,12982711
1386888165,37,537977
1386888558,16,5435936
1386888592,23,6918745
1386888827,16,1903495
1386889111,12,3810560
1386889331,21,7438738
1386891804,11,3742605
1386892198,5,2919676
1386895224,28,996915
1386895759,31,13396655
1386898040,45,14490051
1386899065,17,1770275
1386900919,8,1006073
1386900930,20,1913198
1386911633,12,601228
1386913025,25,966644
1386913765,16,1056257
1386914603,23,1125939
1386918766,36,791429
1386919293,41,3346446
1386919664,20,1258430
1386921700,9,833884
1386924546,16,1021278
1386928213,28,2332591
1386928237,15,1321953
1386930739,17,3861239
1386931007,33,8928599
1386931953,10,3015290
1386932139,19,771500
1386932692,3,1084556
1386933455,18,1240090
1386934736,24,7360622
1386935591,7,1833374
1386937521,34,4869880
1386937785,15,5475798
1386938857,12,1130652
1386939021,25,2186772
1386942489,13,1516392
1386943831,19,5961625
1386944774,13,6126250
1386945071,22,2148425
1386945604,35,13324786
1386947781,25,22102765
1386947839,46,2231672
1386948781,15,7110403
1386949333,5,1056648
1386949918,109,10392296
1386949920,22,4988132
1386950155,44,14111439
1386950643,4,2393783
1386951288,11,4824592
1386951361,38,12628686
1386951521,45,5449749
1386951544,34,19232761
1386951793,9,2578633
1386952355,11,4158372
1386953852,9,3081418
1386953870,11,480117
1386954149,14,7811546
1386954772,13,41297283
1386955002,21,1360084
1386955096,4,1802407
1386955345,18,8462921
1386955699,3,1947524
1386956485,9,2441490
1386956677,3,861635
1386957000,18,9176198
1386957334,14,949681
1386958082,5,1020823
1386958282,12,1968899
1386958822,16,5627670
1386959761,35,20316443
1386959811,12,4832288
1386959857,8,4920938
1386960074,5,1671655
1386960316,22,7539616
1386960333,13,1733082
1386960606,22,2220544
1386960635,3,795764
1386960686,29,10754095
1386960783,27,5448758
1386961479,71,79116040
1386962023,6,4219983
1386962394,19,2115502
1386962938,14,2986046
1386963228,23,5217947
1386963687,11,746896
1386964368,14,3306044
1386964879,7,1648940
1386965798,16,11336744
1386965979,19,962092
1386966645,5,2116244
1386966882,27,19531427
1386966889,20,734895
1386970304,4,1066945
1386970774,28,1635612
1386971158,13,3380359
1386971737,19,1363290
1386972268,10,3515285
1386972344,37,9271785
1386972748,12,462526
1386973997,15,1905876
1386974713,16,1245367
1386975133,271,23971967
1386977080,59,29287823
1386977862,17,2107612
1386978456,8,1029785
1386980317,22,1321919
1386981015,37,11089463
1386981233,8,607077
1386982484,14,1392300
1386985823,10,5760043
1386987320,19,1018549
1386987885,40,3591230
1386995519,7,673446
1386995810,4,373706
1386996298,22,899366
1387000058,69,4498752
1387000185,49,3020506
1387000383,5,202848
1387000552,4,917103
1387001727,22,2089357
1387002324,17,4332184
1387003494,35,1703025
1387003518,4,294312
1387004634,84,32559788
1387005092,22,3232734
1387006833,14,607125
1387008474,33,12178892
1387008943,23,5033003
1387009682,11,3140169
1387010380,15,2138414
1387010500,20,2855553
1387010920,13,863643
1387010958,9,1021205
1387011005,19,9108375
1387011411,19,6590865
1387011560,21,1491389
1387013643,13,1596831
1387014368,29,2959841
1387015143,17,8011568
1387015993,16,4281312
1387016766,13,4720930
1387017879,17,4287141
1387018469,15,1955774
1387018540,11,229434
1387019238,14,4215719
1387019974,18,10543648
1387020551,168,61497606
1387020832,14,4685015
1387021266,40,14718460
1387021432,52,12206410
1387023181,18,2414403
1387023436,7,492304
1387023934,16,2392421
1387024049,13,4015869
1387024297,63,24458790
1387024601,8,2160601
1387025917,27,12219469
1387025994,13,1271900
1387027002,17,7063925
1387027087,20,11896252
1387027694,50,11595421
1387027722,23,4057519
1387029395,27,6486355
1387030521,17,4426148
1387031470,14,9458583
1387031479,9,322785
1387034939,18,7409199
1387035194,14,2827239
1387035680,13,1674424
1387035890,117,8139163
1387036816,5,290421
1387038997,15,972918
1387039387,22,1415864
1387040696,60,5115691
1387043761,38,3307777
1387044689,31,7881090
1387048922,13,5125564
1387053905,15,5587095
1387057067,38,2750990
1387058606,7,856694
1387069283,8,2681224
1387070190,16,1451838
1387073024,12,3154833
1387086437,15,7575765
1387089301,15,6218338
1387092517,6,528656
1387140986,12,791847
1387172258,5,219067
1387174326,10,1193906
1387179137,28,1990412
1387192890,25,1059399
1387197045,10,857107
1387198826,20,4288775
1387202666,36,12936631
1387206380,39,10605348
1387211793,176,15677988
1387213548,15,893388
1387218713,6,646945
1387219180,18,2281777
1387222313,34,5800545
1387224372,19,937941
1387229135,13,1395406
1387229966,39,16296269
1387235403,21,3877402
1387237084,18,4811445
1387239726,13,3882693
1387240186,7,672965
1387241615,40,1872479
1387244035,15,1593138
1387245105,15,1049787
1387250724,14,398203
1387251567,16,3285894
1387255502,9,2068777
1387256062,42,17995193
1387258923,190,83867741
1387261475,12,4563869
1387278950,12,771896
1387280513,16,1034240
1387280960,34,1297258
1387281186,11,582012
1387283075,7,831357
1387288840,16,1160249
1387290882,14,2141974
1387292246,19,884568
1387293767,6,71042
1387296018,11,1210408
1387296271,58,19583637
1387302506,53,3703638
1387303247,14,3599239
1387305576,70,2802396
1387306435,11,3956878
1387307623,33,9213683
1387311227,4,246327
1387311595,9,2066166
1387312156,65,4486205
1387315112,6,506657
1387315148,29,2847987
1387317017,16,5556848
1387318096,41,12726434
1387319193,28,2589506
1387319580,9,2812112
1387321300,40,14924896
1387321643,17,9405743
1387322020,11,4685554
1387322200,3,1504648
1387323760,21,12229430
1387325706,21,7574455
1387328601,8,1941890
1387329748,10,3581236
1387331560,15,975313
1387332243,7,1021809
1387332594,28,556629
1387333111,14,937883
1387333860,123,8619988
1387336655,66,2290631
1387337314,40,5742088
1387348793,24,1371552
1387351293,52,2039333
1387358142,32,9916612
1387359355,17,1352046
1387362277,50,2148247
1387364548,88,30601521
1387365780,12,3723886
1387368592,14,790902
1387370051,23,2762516
1387372034,11,882714
1387372699,18,1861901
1387373098,12,7331953
1387373179,59,24037826
1387373436,19,11277738
1387373997,15,4116382
1387375163,322,158459219
1387378246,84,40598084
1387378950,36,18502955
1387380145,13,4546703
1387380419,6,668178
1387380652,10,2841809
1387381008,6,2727637
1387381435,27,9228064
1387381896,64,34646212
1387382427,15,6211980
1387382530,69,1645742
1387384538,17,13454270
1387384739,20,2766647
1387384920,20,6109798
1387385176,31,8923762
1387385768,11,2777136
1387385796,48,21551881
1387387111,16,1896546
1387387336,15,3495973
1387388482,3,751404
1387389525,21,4766138
1387391329,12,6323378
1387392173,29,8731194
1387392752,12,248194
1387393271,6,3935374
1387393387,48,17701048
1387396574,10,477959
1387396702,5,701852
1387396883,16,3720370
1387397010,19,642181
1387398760,18,3534496
1387399864,5,421908
1387400030,6,560931
1387400614,10,440105
1387400954,27,1425787
1387407067,48,1922014
1387408974,14,2069054
1387411815,19,750892
1387411954,18,2540528
1387412326,12,475076
1387416309,7,344272
1387417842,32,1261534
1387418889,80,6886169
1387418949,16,651733
1387423253,36,676209
1387425260,21,2099904
1387426357,6,1361746
1387429014,4,74774
1387432551,12,887949
1387432836,72,1576010
1387437911,40,2648206
1387438742,27,1616188
1387439647,6,2567866
1387440113,5,1345023
1387442162,7,4264796
1387442617,98,147466010
1387445324,4,4015495
1387445455,54,27106403
1387446763,14,3576882
1387447000,11,4913494
1387448549,6,1530446
1387448551,43,20884334
1387449093,23,6211929
1387449321,93,116763554
1387449700,92,51120970
1387450264,33,10049392
1387450287,22,21353187
1387450567,9,2953493
1387450619,8,948627
1387450983,13,4874303
1387451140,52,8287038
1387451306,5,460545
1387451475,25,2947805
1387451491,22,9883710
1387451495,117,56650431
1387451662,30,9903474
1387452167,29,12851459
1387452561,8,6855231
1387452666,7,537809
1387452753,7,1383801
1387453025,25,11485914
1387453645,6,1489065
1387454261,7,4262918
1387454606,60,55410173
1387455147,10,2051918
1387456259,268,135110253
1387456322,55,20971306
1387456497,9,5774794
1387456679,21,5812278
1387456780,23,7676046
1387457012,14,935751
1387457050,73,71788542
1387457058,17,5352674
1387457104,11,5214339
1387457220,25,17001130
1387457414,83,44912575
1387457726,38,4634285
1387458146,58,60049685
1387458409,33,7466612
1387458714,7,7191232
1387459004,30,8010388
1387459875,48,13919315
1387460226,7,794633
1387460852,12,579851
1387460928,13,1630321
1387460992,242,154232375
1387461041,31,9589088
1387461048,26,1546048
1387461063,13,1163240
1387461086,43,10587567
1387461245,19,3222478
1387461615,34,8317707
1387462069,5,1788888
1387463190,21,7614843
1387463275,53,39988063
1387463308,45,32491453
1387463870,7,986122
1387464446,48,6782985
1387464818,9,3760817
1387464847,5,16143043
1387465079,11,9091322
1387465225,99,7076558
1387465445,67,25610322
1387465748,832,200592496
1387466485,1206,225049074
1387467150,6,5786658
1387467599,8,2754916
1387467813,4,1303232
1387467847,10,1077240
1387468222,25,18098851
1387468614,9,4113530
1387468626,16,10831102
1387468870,14,9723088
1387469729,48,12907251
1387470154,28,4414471
1387470581,10,4121213
1387470596,4,2413397
1387470655,180,154476655
1387470804,39,13885250
1387470838,68,72986839
1387470961,542,108805650
1387472542,56,30136372
1387472787,74,54753781
1387473083,28,9867124
1387473349,42,14259248
1387474424,16,12225288
1387474677,139,170932548
1387476714,88,23161344
1387477304,4,328732
1387477746,8,925177
1387478362,10,1219647
1387478417,90,44350006
1387481831,19,5358242
1387484252,15,301847
1387485619,22,1743261
1387485718,49,26344386
1387485725,24,8351777
1387487883,44,18637391
1387489131,14,5989780
1387490177,45,10940089
1387491901,25,1856937
1387493452,13,694367
1387493719,12,7793228
1387494325,78,23788367
1387497952,35,2944567
1387498134,7,538793
1387500990,20,6387874
1387502229,19,7070914
1387502929,49,3544026
1387504681,37,2151498
1387506916,13,3406513
1387507892,7,4033210
1387510526,16,8047794
1387516111,13,4691688
1387516192,27,7008737
1387517002,10,691873
1387517525,8,1562984
1387519703,16,3550631
1387521514,13,986063
1387524093,19,3842315
1387524637,20,9109419
1387525784,21,11338025
1387525792,25,12991351
1387526013,20,1290156
1387528270,9,375103
1387528378,10,3729478
1387530258,15,902676
1387531063,13,1513809
1387531267,12,677210
1387531415,11,429387
1387532731,13,692935
1387533590,17,9477051
1387536526,17,802065
1387538679,7,526802
1387539162,12,2617266
1387539768,26,3379684
1387539799,14,1054437
1387541045,11,3232563
1387544794,14,802481
1387545906,19,6828411
1387546144,28,2331044
1387546462,11,751106
1387547464,11,183654
1387548612,23,2773625
1387548946,14,3058569
1387550566,33,3155678
1387552439,15,899614
1387552675,62,1311845
1387553573,16,5492761
1387555359,19,1953159
1387555547,14,1549654
1387559074,5,525040
1387559836,19,5356634
1387559996,8,445809
1387560044,6,369091
1387560151,17,1804727
1387561296,41,4311573
1387565331,14,8271320
1387566006,9,328463
1387567106,20,1620030
1387567139,9,396345
1387569429,21,2940563
1387569923,84,36736982
1387571435,12,1255274
1387574567,74,6023492
1387574813,6,618968
1387575424,10,566410
1387576752,9,448630
1387577362,4,1531776
1387578105,15,1882978
1387583117,17,3255405
1387583405,22,7291616
1387585013,11,634087
1387585235,24,9320431
1387588603,31,14575287
1387589870,24,8804310
1387590002,6,3369998
1387590670,25,4587780
1387591732,6,827897
1387593184,39,12852317
1387597489,21,6786843
1387598274,10,301480
1387598542,12,3081178
1387598826,10,3071251
1387599351,15,5560654
1387600013,11,3762465
1387600454,8,1700038
1387600961,16,3091059
1387601552,27,3012586
1387602169,24,5275971
1387603855,24,6174279
1387604243,4,1342063
1387605415,17,9584481
1387606796,16,1915071
1387607241,5,1692072
1387607833,11,523223
1387608825,21,3175819
1387609401,10,3820516
1387611731,15,275400
1387612532,21,1303443
1387616728,42,3798980
1387618593,27,1715329
1387623675,18,1838144
1387627148,15,1706574
1387631496,28,617008
1387634056,34,1880868
1387637363,7,728227
1387641341,24,2587688
1387643451,20,1078912
1387645221,3,425830
1387647262,9,403975
1387654007,33,9573067
1387654647,8,322588
1387660703,33,4825530
1387661015,5,1385029
1387666318,6,1826567
1387668566,5,296978
1387670719,14,1301831
1387697057,15,1018749
1387706672,5,585710
1387710920,49,3333352
1387711318,27,2346767
1387718386,19,2956302
1387722463,9,1073268
1387733560,33,5803206
1387733579,20,1082213
1387749370,3,46464
1387759795,15,799668
1387762561,12,1746895
1387765601,36,13315102
1387774745,51,22726694
1387778738,24,1265743
1387778884,4,143388
1387780836,103,52829365
1387781317,28,2167984
1387783667,20,1723656
1387790258,40,20015941
1387791315,12,5300723
1387798934,232,17296491
1387799386,18,1984148
1387799714,10,1058048
1387801149,39,2359492
1387802408,8,564023
1387804566,70,5534008
1387807964,11,1484880
1387808561,44,4572409
1387815818,17,2523993
1387816507,30,3250857
1387819269,11,3218761
1387819823,10,932772
1387824958,83,8397999
1387836840,16,1916276
1387837285,37,16406074
1387842979,14,1021852
1387844829,35,9614111
1387845094,45,11787833
1387845140,18,6479256
1387850250,7,558819
1387851043,38,9779304
1387852646,5,1443409
1387853360,11,574438
1387853405,25,8963691
1387858970,33,15097705
1387860792,135,11591004
1387861364,21,7101173
1387861569,17,1073296
1387863837,16,2813043
1387877170,14,5271385
1387878114,8,313342
1387878120,25,2609014
1387885077,12,2005080
1387885335,8,124310
1387888133,5,460176
1387890423,7,4582422
1387891836,10,481969
1387891933,15,2811207
1387895091,13,530638
1387895858,5,329133
1387896294,6,658579
1387898311,32,10818660
1387898577,41,1106580
1387899306,19,3582606
1387901743,14,1359568
1387902029,44,3984505
1387902090,33,1842242
1387902417,47,13556551
1387904063,22,891748
1387904814,15,9184910
1387906466,6,548192
1387906646,11,6207153
1387908723,7,402846
1387912108,27,7716705
1387912178,9,605174
1387913548,22,8689260
1387916851,107,34547525
1387916910,4,495441
1387917281,9,304366
1387920423,9,596050
1387920703,21,4190998
1387922862,14,4170724
1387925788,20,5313899
1387928993,15,2116406
1387929026,38,3410426
1387930137,67,4663882
1387932005,10,2825154
1387934216,15,737493
1387934230,17,1362626
1387934769,19,5076428
1387936003,11,4110565
1387936937,184,25584224
1387937316,9,499168
1387940282,21,6845294
1387941519,16,1404478
1387942002,12,1381267
1387942903,13,638122
1387944726,8,390510
1387944889,11,115248
1387945105,8,487290
1387947774,8,615628
1387949045,11,5937484
1387949652,113,9906693
1387952556,11,1341054
1387954153,6,406586
1387954594,18,692834
1387958051,25,1644115
1387960863,64,21180655
1387961264,267,22650928
1387962822,7,581870
1387962936,16,5617236
1387965693,16,998208
1387965776,5,551121
1387968529,18,925882
1387969611,27,1182713
1387969973,10,824606
1387970308,27,1583292
1387972514,42,11148530
1387973035,38,27679514
1387973850,5,1544625
1387973865,27,15766670
1387975259,16,4046180
1387976392,9,3026304
1387976483,48,12774392
1387976582,125,77633049
1387978766,37,8824051
1387978836,31,10751168
1387979612,19,6565916
1387980792,4,1287022
1387981265,20,10836110
1387982898,6,2957271
1387983296,28,10715970
1387984509,86,72392384
1387985608,25,11556381
1387985887,16,5054208
1387986363,16,7685264
1387986960,32,11378210
1387987327,15,5526833
1387988192,34,14832158
1387988267,18,3778741
1387989418,11,1700386
1387990068,68,35500371
1387990307,5,4314289
1387990898,13,3544856
1387992487,12,1459554
1387992765,20,7441101
1387993189,31,13375227
1387993974,33,14403932
1387994123,22,1583506
1387994209,27,6423716
1387994394,20,7665581
1387994396,12,3246302
1387994457,21,7514816
1387995227,101,43779022
1387996515,18,8428762
1387996753,16,4714309
1387997626,21,7256657
1387998326,45,25944441
1387998806,5,1455086
1387998989,55,25936172
1387999343,8,1591269
1388001241,11,6377463
1388001450,19,2044027
1388001697,17,6137851
1388002637,36,7943496
1388003021,16,1296122
1388003120,9,2553031
1388007777,25,1148227
1388008780,7,465247
1388011631,17,1960300
1388011722,32,1943986
1388012926,24,8756495
1388016411,40,14064924
1388018459,76,3461421
1388021772,10,983302
1388022974,20,1997520
1388025875,11,1127559
1388026392,158,65057156
1388029513,3,294956
1388030289,18,11250850
1388031808,64,30461826
1388038179,106,71994078
1388038666,12,3426170
1388038766,4,5176757
1388039794,100,51171872
1388040077,44,1987951
1388040367,9,2019302
1388043397,52,2811552
1388043923,91,51308533
1388048186,19,1365221
1388048300,16,7882308
1388048302,11,2490833
1388048817,24,5967541
1388051064,9,3235919
1388051256,36,24332637
1388051795,6,2336742
1388052642,6,2332536
1388053760,12,5142464
1388053901,33,4578284
1388054874,3,950754
1388054944,10,3102568
1388055084,33,10468078
1388055196,17,5287892
1388055346,7,1840650
1388056531,32,9026094
1388057026,6,3309739
1388057946,14,1582338
1388058158,10,2402248
1388058342,49,33412172
1388058510,5,169200
1388058897,20,10732742
1388059130,5,2411591
1388060047,7,3018361
1388060574,8,301185
1388060788,18,6553186
1388060994,25,10784428
1388061961,10,1556211
1388062667,6,1949093
1388062909,18,9476344
1388063415,12,4824694
1388063428,31,9920159
1388064073,15,12157131
1388064400,23,11590000
1388066136,72,2538891
1388066305,26,7599720
1388066528,6,2115127
1388066793,20,1542733
1388068343,17,4286984
1388068742,4,749573
1388068844,10,4746950
1388068885,39,19182473
1388069569,42,17191267
1388070963,5,886614
1388072527,8,242511
1388073480,182,16811200
1388074850,4,1013599
1388075719,5,364606
1388076426,15,2378811
1388077587,8,428073
1388078630,18,5761675
1388079008,10,3215775
1388079093,18,9052208
1388081507,17,5310867
1388082656,4,1744864
1388082776,13,1428209
1388083896,3,921290
1388084836,8,181955
1388084838,12,1791750
1388085186,24,1389033
1388085977,13,4365396
1388086247,31,3036665
1388087266,20,7764213
1388091958,16,6300971
1388092167,6,403356
1388092786,14,683511
1388094939,6,2575050
1388097215,9,1166399
1388097455,6,946730
1388097575,37,993960
1388098166,27,1883479
1388100243,9,403986
1388100990,8,1083488
1388101867,3,397232
1388103660,22,754512
1388104633,135,5333160
1388104644,36,2911199
1388105127,8,394272
1388108220,40,17980968
1388108818,42,6654281
1388108932,6,1025495
1388109370,3,1328610
1388109454,33,12881451
1388109549,16,1177508
1388110594,8,2004977
1388112478,89,30465430
1388112485,25,2742523
1388112788,23,9053992
1388113659,14,7573618
1388113689,13,1012969
1388115937,13,856955
1388116482,132,23621416
1388116485,14,6094165
1388116501,4,186403
1388116913,27,11308056
1388118081,37,3735253
1388118358,15,2353778
1388120727,103,7538002
1388121268,20,6517078
1388121923,20,4379173
1388122404,7,217191
1388122606,42,1074083
1388125341,11,4348486
1388126280,4,1346526
1388126287,28,7151562
1388126388,44,7712929
1388126459,22,8819429
1388127974,3,768327
1388128647,16,2065131
1388129035,29,9034210
1388129710,4,1101322
1388130171,3,143600
1388130363,14,9309695
1388131203,9,2913609
1388131442,16,5059746
1388131485,10,293741
1388132485,6,1663675
1388132697,14,3748601
1388132750,6,5046275
1388133188,13,493240
1388133227,28,11935392
1388134133,146,81984541
1388134792,34,6493971
1388136188,20,3439996
1388136329,16,4621284
1388136554,10,7888667
1388136630,11,4399773
1388137041,70,22355280
1388137093,14,4012690
1388137881,51,1602406
1388137991,28,9472368
1388138021,12,3938096
1388138675,43,10194524
1388139358,20,11294322
1388139442,11,3432669
1388140252,12,3728218
1388140305,17,2560911
1388140803,16,4530523
1388140844,20,7038885
1388141608,16,2018344
1388142967,34,16156291
1388143240,19,4381372
1388143400,15,1428999
1388144069,25,7834781
1388144578,12,5827940
1388144583,19,7772385
1388144696,23,10332862
1388145838,32,5821101
1388145876,14,1214895
1388146004,14,4423649
1388146667,19,2351785
1388147025,62,10975133
1388148787,134,12791588
1388149096,16,6239304
1388149757,18,3308943
1388150351,16,1422907
1388150684,16,4951750
1388151503,7,489933
1388152448,8,559791
1388152846,66,1799386
1388152906,8,2068241
1388153070,4,379153
1388156320,56,10281760
1388157155,31,5855501
1388157246,30,3992723
1388157729,17,1964836
1388162202,20,715588
1388162661,6,529940
1388163319,22,1517360
1388163899,8,858783
1388169849,11,2998271
1388170325,28,1700641
1388171902,17,1214877
1388172590,10,3926842
1388178224,17,1737788
1388182608,13,5590116
1388182697,48,4861034
1388184765,39,1587551
1388185703,7,2151105
1388188404,21,14072770
1388188928,12,3051117
1388189090,19,6722989
1388189245,17,348746
1388189489,34,12068656
1388190674,23,1794311
1388190732,15,8570015
1388191542,16,1790540
1388195091,22,6467151
1388195123,15,1616505
1388195659,11,4696565
1388195948,28,3345254
1388196752,14,9625544
1388197065,5,1047245
1388197851,35,9622767
1388199292,33,2691476
1388199684,15,17476931
1388200457,24,8773832
1388200650,10,4501044
1388201089,24,9212761
1388201324,16,8189338
1388202944,31,14266886
1388203077,20,8449051
1388203159,8,551254
1388203161,44,14164468
1388205426,10,7037669
1388206864,29,14952643
1388207699,17,2134795
1388208126,18,8504302
1388210249,14,3479862
1388211835,13,3173377
1388213128,6,2971613
1388214282,22,1211166
1388215345,19,3234687
1388217051,7,741215
1388220105,13,673070
1388221050,4,767077
1388225198,60,1054965
1388226057,9,1369654
1388228105,12,591687
1388232537,14,2436276
1388233793,21,961489
1388239330,18,1361858
1388245664,14,2286227
1388250023,9,318057
1388257105,7,593383
1388284178,11,3559804
1388304853,9,687669
1388307610,5,306429
1388310869,13,1502482
1388323358,30,1236818
1388326735,21,1725233
1388331160,17,1453773
1388331724,24,1473990
1388342069,6,662016
1388342708,15,2229535
1388342973,11,812406
1388348688,7,3049364
1388350899,17,5453019
1388352618,20,7868848
1388353547,7,349792
1388357203,22,2169328
1388360638,167,15767823
1388360938,14,999118
1388365318,70,31078717
1388367277,19,1562973
1388367340,5,651507
1388369205,11,1246455
1388370034,52,21692675
1388372698,29,1818123
1388376600,15,820394
1388376772,8,348728
1388384469,11,1075641
1388384737,192,66116638
1388385217,10,2722526
1388386808,15,3762855
1388387563,8,1969558
1388388566,49,4810458
1388388776,4,408222
1388390829,14,6632532
1388393573,5,1021400
1388393829,111,47319016
1388394712,17,7162796
1388398219,10,6237189
1388398501,90,62152364
1388400747,26,9044046
1388401120,19,2475546
1388401753,117,7348933
1388412713,11,304661
1388413020,62,38166045
1388414570,9,1535626
1388415202,26,1201038
1388426129,17,736107
1388427397,6,1497997
1388427785,23,5462118
1388430296,35,9862583
1388432414,28,9438680
1388433905,86,31794915
1388434031,19,4852868
1388434242,16,3552300
1388435480,24,7672473
1388436224,7,2695206
1388437437,95,32126886
1388438157,36,6948804
1388439199,12,2809489
1388440533,58,12062276
1388441377,8,2468950
1388441473,4,507236
1388441773,4,775238
1388442176,4,494715
1388443651,4,289070
1388443976,58,17487499
1388445052,3,353265
1388445951,10,2349541
1388446896,20,5151624
1388447182,6,3514784
1388447384,36,7187150
1388448058,9,2959351
1388448138,75,26964712
1388448629,114,42418321
1388448719,6,550280
1388449341,24,6432248
1388449782,45,14641301
1388455732,32,16483951
1388458918,82,6430209
1388463242,14,874310
1388471867,15,2323746
1388472694,53,2767945
1388477564,15,1051794
1388477954,13,832758
1388483942,16,518233
1388484107,7,1893438
1388485178,20,3880108
1388486301,12,809885
1388486312,30,2008322
1388486635,67,17163166
1388491849,16,4369692
1388492064,4,5268640
1388492764,8,2049371
1388492817,7,284734
1388493493,15,303278
1388494476,26,5512829
1388495830,11,746724
1388496206,20,1092342
1388496837,13,9770467
1388497186,20,9172134
1388498048,17,3795795
1388500061,53,23532226
1388500336,30,8997750
1388500479,6,1009039
1388502782,121,61995691
1388503571,49,20250293
1388503730,24,2634327
1388504463,14,4373851
1388506886,71,29482822
1388509555,20,4189544
1388509951,6,349304
1388510090,6,2098987
1388511377,15,1766461
1388511508,27,8194408
1388511739,14,3010584
1388512534,14,1411621
1388513032,12,6382266
1388514507,13,2585795
1388514964,19,6055403
1388516415,16,2026188
1388517199,13,701943
1388518001,74,6374249
1388518078,50,3893092
1388518669,16,3943578
1388521680,7,199258
1388523262,15,1974570
1388524383,30,6605289
1388527402,5,271324
1388527699,34,3711047
1388528347,15,854600
1388529200,29,6797017
1388529290,19,4477134
1388530616,14,1272471
1388532123,51,889718
1388533237,16,7598690
1388535545,3,1925320
1388537101,16,1888914
1388537465,31,15463640
1388537579,5,1000015
1388537710,17,1164642
1388538387,8,1012082
1388538678,12,5793462
1388539304,12,5497929
1388539313,4,300371
1388540201,8,2082039
1388541184,79,36929035
1388541561,48,1955640
1388543228,14,4212615
1388547065,97,67683145
1388548252,12,3353052
1388548709,24,7874390
1388549384,8,1394195
1388550431,71,3413195
1388550448,108,46852474
1388551359,4,351454
1388552090,22,2755989
1388552179,86,22212313
1388552334,46,13314171
1388553350,65,43647992
1388554323,4,715836
1388554716,15,815168
1388554877,8,2270987
1388554958,12,3288837
1388555163,18,4872263
1388555827,8,288360
1388556054,19,5096214
1388556062,19,6515910
1388556523,26,2496785
1388557191,10,2517429
1388557285,738,517192732
1388559912,36,13031706
1388560357,21,11298159
1388560895,15,1192285
1388561172,16,8338388
1388561394,7,1459184
1388561514,11,4200156
1388563595,29,369352
1388564261,9,2551333
1388564472,49,15214052
1388564664,70,27075777
1388564872,14,2260438
1388565377,6,889786
1388565474,59,26653574
1388567153,18,2416137
1388568319,14,3896843
1388568639,13,4055068
1388569376,13,648616
1388569644,8,1166036
1388569915,69,35203133
1388569976,67,4799766
1388570114,28,672675
1388571207,4,992815
1388572323,10,323220
1388572485,19,5916773
1388573681,18,4271079
1388574562,73,25209015
1388575055,49,27284974
1388576440,19,6008431
1388578329,39,19114249
1388579008,18,6704303
1388580831,11,3703340
1388581735,12,1533672
1388583048,11,6438299
1388583838,10,2236093
1388584629,21,8432166
1388584840,13,3503117
1388584941,66,23119698
1388585397,19,4241198
1388589135,4,4018868
1388591156,19,5281934
1388593795,8,894435
1388596049,15,2521814
1388598225,12,4071094
1388601088,19,18442926
1388601256,7,627398
1388601694,15,2011803
1388603804,25,1737895
1388605665,51,1598478
1388607407,30,1730781
1388611609,100,58883477
1388613005,61,6496930
1388616431,3,818051
1388617284,4,538374
1388619070,17,911513
1388619102,10,2168216
1388619562,25,2141722
1388619716,6,1442243
1388621822,12,1305348
1388622120,14,276123
1388622443,3,80510
1388622474,289,106417732
1388624500,7,2690423
1388624555,13,1830805
1388624566,76,42737031
1388624901,266,129965940
1388625091,15,1152466
1388625222,20,5804841
1388625572,5,293854
1388625721,16,3658684
1388626090,500,232779452
1388627302,75,30834271
1388627455,26,3633646
1388627753,21,20420647
1388627967,14,2100041
1388628087,111,38027870
1388628120,15,2775508
1388628730,35,10311190
1388628984,11,3704669
1388630404,84,31855545
1388630796,15,1471196
1388631279,14,1138627
1388632381,6,1892421
1388632740,10,824781
1388634520,66,23120669
1388635226,18,19248410
1388637797,117,79275703
1388638348,75,1403315
1388638576,17,2135390
1388639364,11,3672316
1388639399,93,82990574
1388640582,9,2969223
1388641223,7,222516
1388642607,17,1094931
1388642614,23,2949928
1388642790,22,830865
1388642849,31,5761484
1388643400,19,6050844
1388643678,21,3800704
1388643722,15,6951616
1388644381,7,1140198
1388644703,11,1982280
1388645390,8,1073897
1388645768,18,5849614
1388645880,16,3416747
1388646377,33,20930359
1388646412,10,2905934
1388646671,708,423276224
1388647035,9,2478099
1388647520,120,66094584
1388647602,12,3735855
1388648879,106,39079654
1388649632,73,32252969
1388649925,31,6540252
1388650415,10,603415
1388650588,35,11397643
1388650620,11,496548
1388650928,10,1104226
1388651628,389,23486422
1388651790,18,2093128
1388652632,5,1273787
1388653805,6,4372926
1388653830,4,1634121
1388654187,9,2379523
1388655076,76,28872762
1388655257,97,64604307
1388656369,19,4573966
1388656537,22,8413892
1388656650,4,1410558
1388657771,9,7090840
1388658048,46,969544
1388658474,51,21999697
1388660394,5,1565302
1388660709,8,2377138
1388661370,7,1542581
1388661434,13,7587575
1388661534,33,28426043
1388662065,9,4183530
1388662103,12,2001163
1388662404,16,7353004
1388663971,22,836451
1388664516,25,2725175
1388664960,17,3440373
1388665799,12,6594564
1388666131,4,2448100
1388666772,14,2141225
1388669190,8,403874
1388669360,22,11732334
1388671846,96,7599524
1388676323,11,1182948
1388676958,12,1186428
1388678559,27,2805370
1388679617,7,817073
1388681083,6,208403
1388681598,45,1776012
1388681935,28,2838869
1388682460,12,412639
1388683025,11,562933
1388683486,6,302255
1388685923,15,2276966
1388687539,22,13759907
1388692058,8,520440
1388694017,23,3818726
1388695360,29,2292166
1388695809,18,1118572
1388699814,14,897068
1388700115,8,2774223
1388700565,285,111051442
1388701558,61,17565942
1388701743,31,19465011
1388702358,37,2277426
1388704480,24,7280935
1388704923,47,5618116
1388705054,32,18937823
1388705456,11,3069162
1388708152,96,36599378
1388708281,33,13914597
1388708323,9,1005479
1388708949,23,1996023
1388710178,65,4341814
1388711246,5,2156038
1388712161,11,2099602
1388712276,4,180026
1388712326,43,13096135
1388712888,17,3597381
1388713043,5,593655
1388713245,4,1653286
1388713696,69,1469256
1388713878,19,5318890
1388715132,9,1905025
1388718241,106,37427419
1388718645,17,4529477
1388718731,47,9663791
1388719480,4,164955
1388720197,22,6241536
1388720350,67,22915164
1388721027,27,6118137
1388721666,7,220533
1388722558,11,1885318
1388722969,10,1303213
1388723428,15,1178465
1388725251,17,5446558
1388725705,30,12955402
1388725839,9,3076135
1388726079,6,1496939
1388726313,17,1861459
1388727968,19,8639961
1388730065,17,3739035
1388730970,4,2125731
1388731472,26,3296590
1388732899,28,5975943
1388733976,14,1520307
1388736008,4,475866
1388737416,5,2121520
1388737707,8,1176148
1388739206,4,391166
1388739903,7,1088373
1388740118,19,8504227
1388740894,17,1295086
1388742343,12,416690
1388742409,14,1655921
1388744284,13,3661908
1388749151,27,6219259
1388758891,9,909283
1388813785,6,845166
1388814082,121,10905082
1388833380,24,1354382
1388834615,3,75216
1388836444,14,1102556
1388844998,17,699583
1388848454,4,73812
1388850958,10,581859
1388851069,33,2232802
1388851466,20,2390181
1388851862,8,2169677
1388853996,7,210031
1388855269,10,498418
1388856425,26,3449147
1388856854,8,634619
1388863516,7,222969
1388866217,33,3090532
1388869254,19,3051487
1388870867,20,7253158
1388874244,5,1131687
1388874859,20,5049949
1388875270,4,1374205
1388880068,29,2173918
1388884105,120,55696431
1388891071,4,260429
1388899920,67,18528003
1388903986,6,42704
1388905167,88,63982123
1388905238,20,5333001
1388905757,22,10417615
1388906327,12,2273670
1388911481,24,8140661
1388912716,23,5711492
1388913204,17,976676
1388913809,50,28786133
1388918194,25,9430899
1388921794,13,1143579
1388922622,12,4062366
1388924089,31,3022775
1388927498,5,692551
1388930353,35,13701954
1388932451,14,932389
1388933835,18,6276865
1388935852,13,907752
1388942250,89,28293343
1388945553,31,9521991
1388946544,4,821059
1388946990,12,2086662
1388947154,87,25442388
1388949531,29,5982280
1388949842,22,3533407
1388950072,159,66985791
1388950312,24,4756264
1388950427,23,6508337
1388950953,113,36264122
1388951041,87,28876660
1388953057,9,1865838
1388956695,18,3004696
1388957092,9,866940
1388962158,15,3983160
1388962741,31,9841655
1388963257,18,5414096
1388964933,4,1223980
1388966045,10,3558236
1388973351,20,725889
1388974934,26,1668240
1388989115,47,3253577
1388992709,5,271749
1388994788,17,1557652
1388994846,3,758206
1388996808,5,274097
1388996859,6,1901868
1388997866,7,129912
1388998673,13,5186662
1388999798,12,1402183
1388999930,7,550680
1389000897,25,1405218
1389001346,168,83777902
1389001551,83,24346270
1389002505,38,3106778
1389002614,6,516814
1389004044,18,1897871
1389004574,15,2260855
1389004621,25,6007698
1389006556,48,21614803
1389007638,8,949912
1389008240,12,4990915
1389008391,90,35659001
1389009369,9,6229038
1389010016,16,3798485
1389010773,52,1331983
1389011244,50,19989192
1389011308,80,7019487
1389012075,16,1208772
1389015162,15,5433740
1389019684,126,56873396
1389020559,40,1182679
1389020576,24,10942162
1389020590,32,8760741
1389020725,7,2390875
1389022818,10,649637
1389026246,12,787741
1389026937,25,1536278
1389027017,15,4946724
1389029244,64,2372887
1389031876,61,4293518
1389033132,6,507767
1389033212,41,4505318
1389036124,131,75048060
1389038572,16,1126125
1389038968,10,780076
1389039174,11,8007103
1389039542,16,553553
1389040309,59,2544747
1389043068,11,4228945
1389045901,4,1163482
1389046284,33,1130409
1389048073,176,95917160
1389048474,26,1959655
1389049178,13,4568062
1389050798,17,2089595
1389050955,6,1719905
1389051866,8,2361530
1389053935,75,34364109
1389054281,18,4708873
1389054565,7,1853496
1389054845,3,632169
1389054978,30,22108306
1389055130,106,37643279
1389055361,14,2483446
1389057043,6,2436542
1389057230,17,5494890
1389057468,80,36438436
1389058229,22,6698264
1389058496,5,872613
1389058665,9,1654015
1389058881,42,14407478
1389059451,50,16419514
1389060876,51,15590823
1389061171,6,1195126
1389061616,38,10428498
1389062767,82,21302974
1389062912,13,4440024
1389063196,15,3975552
1389064856,3,576654
1389065488,15,3733562
1389066055,11,2707792
1389067046,134,63016233
1389067225,29,7770695
1389067597,57,22339651
1389068982,37,14941114
1389069996,8,1696565
1389070231,20,1192320
1389070346,17,1327507
1389071219,62,16088267
1389071391,3,940798
1389071446,16,588857
1389072009,28,4051519
1389074201,5,583395
1389074231,3,1066315
1389074299,22,1388304
1389074845,11,3267428
1389074896,3,536753
1389075438,4,1697939
1389076326,7,1748511
1389076862,23,4374445
1389076896,74,26223132
1389076912,6,2582458
1389077001,48,20613423
1389077535,51,13773781
1389078771,13,4544404
1389078850,19,12886373
1389078988,22,1399062
1389079203,28,1165435
1389079296,16,6524229
1389079450,38,14563499
1389079667,8,3068053
1389079856,11,3162791
1389079875,5,1783977
1389080399,4,1371549
1389081348,15,1649034
1389081700,8,2027757
1389081818,6,2273896
1389081943,29,10290184
1389082655,7,3580351
1389083332,19,6347001
1389084103,12,1666424
1389084822,6,1462051
1389084984,6,607116
1389085206,9,2738662
1389085643,37,18332595
1389086505,13,3508119
1389086605,7,411975
1389088072,79,6454222
1389089286,19,9854310
1389090158,9,3223343
1389090436,55,1280344
1389090482,23,8883754
1389090727,10,2081795
1389092780,21,9222429
1389098251,20,1314637
1389099367,35,2966493
1389101305,10,333815
1389103426,15,1409499
1389104739,7,1418158
1389105492,21,890375
1389108115,34,4321043
1389109178,30,2005272
1389110213,11,1574202
1389110926,71,1280852
1389112296,11,1341931
1389112316,11,1056132
1389112883,5,665108
1389114844,5,2741620
1389115843,17,6271241
1389117133,11,2635739
1389117574,15,1551859
1389118972,14,786186
1389119860,23,2032939
1389120115,14,10030916
1389121650,19,856153
1389123407,116,94382198
1389123682,62,21272790
1389124696,17,4620230
1389125181,3,107391
1389125879,9,3097247
1389126363,6,3199192
1389126860,24,2998262
1389126871,36,660761
1389127315,35,6186895
1389127423,70,6763981
1389127433,5,3023296
1389127507,354,167344798
1389127571,105,35585425
1389127931,9,3106245
1389128175,83,48697831
1389128698,11,1173612
1389129513,8,247098
1389130764,6,5201430
1389130862,10,1567874
1389131243,99,57502279
1389132218,10,2135194
1389132411,9,1489344
1389132571,18,6768140
1389132782,10,1743536
1389133159,15,4475043
1389133750,3,353293
1389133780,3,1982719
1389134048,157,93273192
1389135291,5,1718114
1389135375,8,4760690
1389135615,23,2622689
1389135641,9,351962
1389136129,23,4647243
1389136206,6,2568713
1389136500,31,13821197
1389136803,10,3020811
1389137270,8,977003
1389137276,17,6695116
1389137375,18,4165534
1389137958,33,12102917
1389138317,68,11389889
1389138655,16,4570301
1389138700,8,2681998
1389140683,38,4125765
1389140875,4,1789241
1389141228,30,7940171
1389141381,69,34881488
1389143114,30,8766765
1389143145,16,1984401
1389143576,23,13123886
1389143853,78,32186259
1389143871,36,15889789
1389143964,16,4455606
1389144485,7,228060
1389144645,31,6001435
1389145300,41,21805499
1389146548,14,2202919
1389146913,5,456370
1389147725,14,4151553
1389147974,29,6484245
1389148030,22,1820121
1389149316,25,8490748
1389149614,22,1578126
1389152125,25,4960029
1389153062,82,43080012
1389153396,123,60502716
1389153892,101,56224554
1389154036,18,7098180
1389154864,7,2378445
1389155116,5,680503
1389155276,7,2473535
1389155574,9,3602272
1389157021,15,1704397
1389157587,7,2001443
1389158063,57,10206245
1389158075,5,880423
1389158868,13,2560293
1389159182,24,7784478
1389160578,28,12324901
1389161088,24,3511044
1389161947,7,2399653
1389162290,20,1577652
1389163331,23,4119907
1389163363,21,7241957
1389165331,18,10359089
1389165811,10,1589550
1389166558,4,357684
1389167902,23,1424576
1389168275,23,1534794
1389172075,71,4346995
1389172214,8,2248663
1389172396,6,134156
1389175127,48,30939825
1389176834,27,1498412
1389182146,13,1037573
1389182282,13,1075926
1389183836,9,611880
1389185404,83,5664578
1389186094,22,5768066
1389187383,22,642057
1389189653,5,270629
1389189779,40,1298790
1389190627,12,4996308
1389192583,26,602683
1389193893,8,359503
1389194577,115,7739922
1389194636,7,5434226
1389194742,11,834212
1389194929,17,1573171
1389195174,28,2933111
1389195673,13,1012873
1389196505,51,4121563
1389200032,20,5537099
1389200322,11,4218194
1389200909,17,10260479
1389202322,272,93441534
1389202920,412,127616225
1389202931,10,3587911
1389203091,32,3304489
1389203559,33,1425478
1389204552,15,7464687
1389204812,80,32339818
1389205663,6,1077118
1389206388,14,2160957
1389206433,38,10953707
1389206721,6,354617
1389207884,67,17650903
1389208423,10,672502
1389208980,9,2191634
1389211084,39,11967064
1389211343,26,7044026
1389211686,24,11316423
1389212194,19,6081514
1389212301,20,2349917
1389214901,31,12631430
1389214933,33,14717456
1389215388,9,558328
1389215472,12,5121118
1389216605,108,49186463
1389217632,5,417154
1389218701,16,4582444
1389219012,21,8097602
1389219733,16,3788819
1389222160,29,2720118
1389222519,22,7948489
1389222890,21,1142731
1389223910,32,8406824
1389224934,3,1039444
1389225062,48,12358436
1389225851,9,949913
1389226882,14,6075133
1389227120,16,6358109
1389228903,13,5774689
1389229807,27,1254884
1389230846,42,3726518
1389231294,4,237994
1389231368,20,3289841
1389232796,10,1364853
1389237659,10,1986486
1389237804,22,1739532
1389238014,26,9664732
1389241404,53,6612436
1389242186,19,2275021
1389251802,24,1596768
1389263243,45,3418114
1389266137,6,1092598
1389270337,3,336698
1389283230,3,525694
1389310852,13,5274922
1389314041,16,1254044
1389316155,16,1029996
1389316782,9,574739
1389341251,13,813304
1389367408,25,4928378
1389371009,8,2107361
1389376348,28,6906536
1389376424,22,6451342
1389379879,231,24650872
1389380589,10,643384
1389386692,8,2165392
1389391459,13,905164
1389395196,24,1578711
1389398500,27,1963939
1389399642,8,3208940
1389401341,242,102702946
1389403053,16,2627824
1389404308,7,267853
1389405202,29,9308210
1389405426,10,353307
1389409081,17,8692568
1389409311,16,1255216
1389409627,59,18446105
1389417070,14,4348838
1389417141,48,12010567
1389417383,15,4844219
1389417887,14,4401353
1389424542,111,10593055
1389426279,11,817649
1389428277,91,6258367
1389433221,19,1720667
1389433232,6,282977
1389438370,13,675710
1389439385,20,1607650
1389441330,40,1622386
1389442140,12,681405
1389445495,11,1948473
1389446320,12,3548484
1389447247,8,1830321
1389447717,14,4074088
1389448154,38,13693495
1389449362,12,3609894
1389449508,6,443558
1389449731,174,7814831
1389452070,24,4470971
1389452955,25,1128349
1389454526,22,3700522
1389456879,47,12448559
1389457366,4,1636714
1389458311,65,17982377
1389458744,9,1600868
1389459286,7,330251
1389459588,13,4823435
1389459821,13,4442029
1389460293,10,3991085
1389460588,57,10233869
1389462907,4,274291
1389463143,54,27744812
1389463320,16,5515296
1389463476,33,8279046
1389465003,4,948317
1389465477,44,14399824
1389466661,21,7089235
1389467239,19,8585683
1389467550,26,1562498
1389468576,12,3971550
1389475362,9,2700530
1389476036,11,353004
1389478514,43,7167606
1389482171,23,1748453
1389484792,39,1492388
1389485331,13,580125
1389491274,13,1485278
1389493222,15,5510210
1389493661,17,1185413
1389494517,8,133770
1389494781,77,12102354
1389495602,5,411451
1389497602,95,30211405
1389504258,22,5030649
1389504532,11,2217097
1389505442,46,15621855
1389507271,6,146607
1389508425,28,9413847
1389510617,11,676400
1389512265,101,27818837
1389513513,24,1566077
1389513886,16,824556
1389513914,29,983420
1389514714,6,1906418
1389515279,41,22022743
1389519068,11,527025
1389519202,19,2065649
1389520757,3,1102308
1389522744,7,1779274
1389523008,8,4941932
1389525699,12,451197
1389525789,32,13992594
1389527826,33,2683792
1389527843,10,299185
1389530031,20,1769974
1389531336,6,303660
1389531676,8,237447
1389533119,16,1564912
1389534809,15,1054899
1389536632,13,492259
1389536651,6,610602
1389537120,4,1443169
1389540275,6,692475
1389542251,29,3229255
1389542474,7,572045
1389544562,13,437310
1389545513,9,3081421
1389545599,20,748153
1389548523,100,55389939
1389549076,31,1517577
1389551950,37,19287024
1389552462,23,2389866
1389552773,118,45758339
1389554924,42,23597684
1389554997,12,2327455
1389555107,16,1788358
1389555300,26,17618094
1389555483,18,8900405
1389555769,6,3654901
1389556522,5,3148268
1389556583,14,1604846
1389557292,7,1961327
1389557579,233,128434097
1389557676,67,29107365
1389558233,17,1408779
1389558455,7,2852985
1389559095,5,1431495
1389559506,19,6440873
1389560258,26,1061637
1389560836,5,3378740
1389562467,103,44486469
1389562845,6,1865422
1389563103,50,17185826
1389563435,12,2693635
1389563943,47,21597450
1389564301,9,2579548
1389566904,4,1295683
1389566964,10,1690518
1389567183,45,1037582
1389567697,127,99655387
1389568737,8,2313107
1389568981,30,9288295
1389569345,44,5211382
1389571750,70,19674441
1389571834,22,8997423
1389572419,14,3002111
1389572646,20,8278566
1389574476,8,3572740
1389574712,12,5676098
1389574931,94,46523460
1389575434,8,804533
1389575552,30,12119317
1389575644,85,33097135
1389575894,12,1234234
1389577835,30,11271752
1389578635,26,12760444
1389580228,16,3280066
1389580666,18,5771506
1389580959,33,17584688
1389581888,5,2438441
1389582387,12,3460597
1389583347,9,2155240
1389583567,4,2053282
1389583901,10,374533
1389584448,11,2505520
1389585026,19,6837142
1389585212,16,1334306
1389586748,14,1106032
1389587197,16,6961457
1389587394,31,15196480
1389589623,10,6932830
1389591336,12,6632857
1389592990,19,1756185
1389593101,138,4642528
1389593580,16,4321281
1389594378,8,1035352
1389595258,14,3293632
1389595712,12,1020399
1389596705,16,3647958
1389597787,18,1840968
1389597800,10,1206017
1389598644,38,3179964
1389599097,13,2286497
1389602816,155,18381704
1389604473,22,10376984
1389605624,10,733053
1389605864,29,3395314
1389606080,17,1710604
1389608073,17,1799183
1389608304,23,3190807
1389608547,7,1800998
1389611190,14,1628261
1389612198,7,610927
1389613336,10,3196115
1389613527,18,5814850
1389614206,10,1340261
1389617284,9,1215337
1389617640,86,9522018
1389618165,11,2948014
1389619745,14,6598450
1389620937,11,3361590
1389621107,43,12605720
1389621585,19,1198902
1389621624,392,180982024
1389622469,164,75386176
1389623290,319,158020886
1389623330,32,9841139
1389624554,14,2794677
1389624692,25,1535824
1389625311,201,112640643
1389625556,39,6234290
1389625789,116,53218785
1389626211,35,12180312
1389626283,13,1285136
1389626635,18,2353375
1389627029,11,1872291
1389628480,143,55940213
1389629398,68,2449330
1389629575,13,3682078
1389629640,11,1651642
1389630936,5,879202
1389631158,45,15957539
1389631436,15,1348354
1389632001,6,2110245
1389634106,10,784787
1389634291,16,4699502
1389634832,33,7672871
1389634971,15,6215023
1389635243,18,18724523
1389635325,16,3801392
1389635544,14,2635566
1389635997,20,3207236
1389636077,37,17328985
1389637365,7,1223857
1389637678,14,1364959
1389639556,25,11518710
1389639634,3,1316465
1389640474,12,1828049
1389640802,23,8674129
1389643299,15,8934653
1389643534,57,20872862
1389644144,72,20764049
1389644544,16,442087
1389645087,17,7019971
1389646291,15,2921106
1389646729,74,35336972
1389647862,47,18462097
1389648242,11,3234099
1389649162,5,1934725
1389649763,11,8119726
1389650285,15,3340005
1389650359,28,13389598
1389650677,6,306844
1389650815,4,1770945
1389651103,26,1816552
1389651310,44,12268180
1389651950,3,1076740
1389652066,12,2122341
1389652405,13,1359244
1389652578,21,10571002
1389652950,30,15090127
1389653283,16,3339620
1389653323,4,1201968
1389653490,6,3907380
1389654359,48,41108101
1389654914,13,10067224
1389655340,6,4864655
1389655354,12,1050045
1389655548,12,1673370
1389655669,46,7612613
1389657238,29,10441185
1389657752,3,1109969
1389658268,8,337714
1389658542,3,1546538
1389658703,12,1640586
1389660297,84,10184490
1389660477,17,10021508
1389661303,3,1342449
1389661856,8,386858
1389662805,11,3327671
1389665233,36,2765696
1389666667,11,5241797
1389666866,15,832205
1389667383,20,1868312
1389668706,13,3014011
1389669024,15,2619128
1389669160,18,956936
1389669865,12,383652
1389670154,5,3453143
1389670493,12,473842
1389672013,10,755038
1389673028,5,619643
1389673506,27,1704552
1389675661,38,3367890
1389676850,4,937821
1389679219,25,3979269
1389679484,20,1964016
1389683771,30,1530919
1389685182,17,938950
1389688433,10,349532
1389688664,21,7473050
1389688896,17,2370373
1389690769,23,8902140
1389690926,7,1147340
1389692135,22,6468823
1389692178,15,1778069
1389692550,7,1659644
1389694508,58,19639335
1389696944,9,3737145
1389699226,4,1037839
1389699269,225,81205070
1389699388,13,561661
1389701076,5,1569776
1389701417,143,49411354
1389701635,41,16394780
1389703228,16,1695402
1389705349,8,1944022
1389705707,30,14832286
1389706428,29,1942879
1389708125,13,5505166
1389708495,129,60364887
1389708620,17,4914297
1389710741,60,22574904
1389712554,29,942092
1389713207,12,3158178
1389713403,22,2671164
1389714106,8,2233012
1389714482,70,20042691
1389715591,23,3088310
1389716104,10,3680569
1389721653,27,5475063
1389722108,66,8765018
1389732666,9,542265
1389736346,64,5499182
1389749112,4,176408
1389769758,18,5884753
1389788265,42,3431638
1389790248,30,23753035
1389793734,19,1277985
1389793787,7,1716820
1389795204,21,3863998
1389798307,16,6643211
1389805851,18,3145844
1389806036,5,237260
1389810399,8,574660
1389812915,14,1223641
1389818760,8,552223
1389822756,12,1216141
1389835975,33,10035485
1389837133,7,1611577
1389837175,22,1584235
1389839878,39,3430421
1389856685,10,389703
1389857356,6,294849
1389857929,10,1319451
1389862351,31,931184
1389864754,8,1014510
1389867915,19,394172
1389871590,11,506382
1389871807,10,353626
1389872246,19,3743650
1389874143,41,2282907
1389880066,15,741173
1389882086,87,11355728
1389882301,5,531911
1389884517,9,276348
1389888838,79,11236212
1389889405,10,435799
1389889870,5,464040
1389890174,11,2532620
1389892449,49,20500711
1389893249,25,6306440
1389893359,5,196495
1389893653,9,2459040
1389894110,8,346542
1389895631,6,879303
1389895840,17,1256913
1389898044,41,12514873
1389898546,86,44004708
1389899720,5,1273957
1389904015,5,171965
1389905369,55,21636724
1389911620,12,5260044
1389911968,3,232517
1389913735,6,666932
1389915202,11,4609271
1389915698,159,17034833
1389917059,14,922481
1389917235,31,3263328
1389933015,90,4373377
1389933781,16,1609774
1389935156,111,40233397
1389938389,17,2802634
1389938532,4,3890762
1389940492,7,2247077
1389940765,15,4077098
1389941075,19,5101183
1389941696,12,1097994
1389941935,27,9587536
1389943264,6,1738907
1389943454,45,15454891
1389943491,13,4126409
1389944611,6,644391
1389944926,47,20312314
1389945392,13,2696894
1389946051,12,3342074
1389946123,34,10622988
1389947097,7,2079868
1389947814,30,13422628
1389948029,25,9108434
1389948179,11,4193144
1389948665,7,110169
1389949547,16,7200253
1389952132,87,31410216
1389952926,52,4229817
1389953638,5,6509923
1389956015,20,10565343
1389957836,22,1585692
1389958334,22,647750
1389959151,14,4237007
1389961323,105,6654673
1389962613,13,1027585
1389962920,18,7272133
1389964392,42,1164751
1389966159,13,1202586
1389966905,18,1372230
1389970644,38,2611948
1389971270,30,3465928
1389973322,10,4820187
1389976907,29,768958
1389978257,24,1376510
1389982068,157,12119556
1389988389,10,1179641
1389989643,26,1211746
1389992078,28,2519802
1389992865,36,2064794
1389995873,51,4402402
1389996128,30,1822220
1389996664,10,394112
1390001591,14,637840
1390001773,17,4194423
1390006258,16,660740
1390006668,12,814610
1390007671,102,11495867
1390007860,91,6709292
1390008035,3,191971
1390008881,16,968586
1390010160,80,34228734
1390010911,10,1519989
1390015240,13,12037105
1390016998,22,1729095
1390017169,24,6877935
1390019111,11,7926758
1390019817,16,3699305
1390021082,48,16738654
1390021693,263,26855762
1390022752,26,3478228
1390022867,10,1037866
1390029273,37,601951
1390031449,20,1063205
1390034635,20,1043416
1390034699,10,9933657
1390036286,14,540806
1390037657,59,4438029
1390037893,104,3650849
1390038110,6,405344
1390038152,16,1332687
1390040422,8,219106
1390042017,7,2996463
1390042255,14,6146043
1390044671,7,577087
1390046094,38,31091876
1390047275,3,1274731
1390047484,43,16399556
1390047516,12,4481088
1390047914,4,400979
1390049084,82,64966883
1390049438,15,5421137
1390049624,20,5838651
1390050351,99,47146678
1390050579,11,546619
1390051120,12,2251334
1390051606,29,2009751
1390051765,24,8384322
1390051966,140,11109736
1390052471,7,278071
1390052894,4,593216
1390054403,6,3045111
1390055033,9,1811559
1390055170,37,11819515
1390055272,44,15663425
1390055483,9,3027909
1390055879,18,2170638
1390056042,26,1152233
1390056316,12,1039887
1390056538,8,2225578
1390056974,10,1996596
1390060027,3,1329079
1390060579,39,9683750
1390060809,3,357767
1390061366,118,24596208
1390061767,4,1763358
1390061801,57,1764160
1390061837,28,8809291
1390062852,64,46025674
1390063854,29,18108265
1390064145,10,2220034
1390064925,17,2477344
1390065065,20,1678970
1390065877,6,2092602
1390066316,32,9978197
1390066998,35,21446407
1390067031,3,1598485
1390067467,205,112419915
1390067618,9,447564
1390068283,8,2686800
1390068292,26,16417754
1390068913,15,7180273
1390069200,12,3641478
1390069462,10,855007
1390069692,22,9604059
1390070054,147,86471589
1390070452,19,5027628
1390070822,5,1215243
1390073689,12,488050
1390074236,73,27562627
1390074678,43,2286996
1390074888,10,4082787
1390075375,11,1811333
1390075698,14,3444523
1390077081,12,3742949
1390077254,48,18254781
1390077699,3,885162
1390077981,17,36391448
1390079677,10,1328848
1390079775,4,1337349
1390079897,48,3511827
1390080007,10,568032
1390080466,3,719054
1390080568,5,348064
1390081802,21,1620982
1390082084,51,28719616
1390083143,27,11578086
1390083496,19,6897642
1390084736,27,5047305
1390085765,11,553028
1390086070,15,3734003
1390086220,10,1774675
1390086870,16,903761
1390089103,16,826119
1390090571,18,1483610
1390091444,18,1342334
1390093973,20,1112231
1390095284,57,9646894
1390097815,30,12047594
1390098585,77,8003685
1390098821,17,3399813
1390103902,39,8393031
1390106079,15,10294536
1390107256,15,7098001
1390108543,12,4103609
1390108881,17,1703071
1390109522,19,38109287
1390111249,12,564698
1390111452,41,2260164
1390111784,20,1586671
1390112196,5,1870149
1390112424,16,872430
1390114851,40,1531689
1390115319,55,4238373
1390115346,20,3623347
1390115429,17,1358266
1390115595,4,708004
1390116109,26,3657575
1390116809,4,2233631
1390117418,12,650491
1390118692,13,1298289
1390119315,16,1375833
1390119792,5,1407429
1390120309,94,29827568
1390120405,8,837365
1390121320,9,2618402
1390121937,72,27598779
1390122427,16,2568245
1390122700,154,97768740
1390122767,4,1354684
1390123375,188,82866949
1390123768,192,99660344
1390123944,15,1728353
1390125481,36,3081924
1390126085,3,296372
1390126714,44,5973533
1390126716,4,449142
1390127255,31,13907032
1390127817,24,1159862
1390127895,13,1372673
1390128395,23,19621094
1390128719,4,1000970
1390129562,56,18719379
1390130212,7,789890
1390130881,3,498816
1390131390,17,1452319
1390131971,22,3099217
1390132571,8,2022553
1390133556,7,292903
1390133687,36,13213113
1390133690,13,864450
1390134795,5,1019982
1390135054,27,6249417
1390135099,13,2197581
1390135350,81,31771245
1390135652,11,1192419
1390135670,37,25421209
1390137995,14,5727338
1390138555,24,4140954
1390139024,5,1924240
1390139580,144,101978868
1390139595,5,1092040
1390140013,12,5970294
1390140143,5,1749726
1390140752,22,1472318
1390141635,68,40110819
1390143150,21,5330194
1390144156,6,540350
1390144202,6,2005474
1390144597,14,4532210
1390144666,21,4677630
1390144944,11,1530199
1390145637,86,4043730
1390145820,3,4063026
1390146470,10,1468770
1390146501,55,38611090
1390147216,14,2891718
1390148024,37,11639572
1390149798,15,1725666
1390150231,122,73506028
1390150385,122,80243504
1390150683,14,6406815
1390151032,6,1905866
1390151245,56,35582054
1390151349,66,39569875
1390152572,26,7570065
1390152920,43,13616137
1390153395,20,6214096
1390154515,6,1520656
1390155062,13,1374360
1390155119,18,1754800
1390155734,12,2733561
1390155822,54,22885879
1390156462,5,2671721
1390157501,10,240475
1390159146,4,1882431
1390160019,7,4214139
1390161733,8,4545102
1390162255,6,1623217
1390162458,39,11196932
1390162507,6,793320
1390162848,11,1362481
1390166496,15,1504304
1390166601,18,3231550
1390168842,44,3497912
1390169001,23,1149912
1390170437,6,1595651
1390170819,26,1072369
1390171282,13,885301
1390171424,8,255991
1390173848,12,4525136
1390173978,3,102837
1390174026,8,295865
1390174617,25,3147192
1390176849,13,794687
1390176945,17,862894
1390177317,146,10203421
1390178853,14,1109184
1390180317,15,783722
1390180436,9,5924922
1390180654,25,1791459
1390183278,20,1204828
1390185048,25,1486423
1390185240,9,42118
1390185697,9,1946890
1390185812,7,648468
1390185932,4,1649475
1390187205,3,258700
1390187549,17,2305214
1390187760,15,730781
1390190036,101,23545974
1390190420,27,11212275
1390190481,32,12488913
1390190521,11,3061855
1390191137,156,67156876
1390191222,64,18016517
1390192703,5,1473107
1390192745,12,714641
1390193060,13,923593
1390193429,27,13975918
1390194305,23,1439477
1390195325,49,21530864
1390196600,237,82110340
1390198806,32,7376962
1390199282,11,267358
1390200027,10,484652
1390201297,171,64006962
1390201861,58,21217611
1390203919,193,75097653
1390205682,45,10729843
1390206321,12,1387037
1390207282,24,7923182
1390208646,36,965530
1390209100,8,3168601
1390210303,13,564796
1390211294,12,1006754
1390211842,11,516307
1390211878,12,3329651
1390212652,24,2945772
1390214748,30,15453258
1390215551,6,224678
1390216994,12,1045524
1390217456,36,19631745
1390219653,18,6625414
1390219916,13,485699
1390220914,13,1348543
1390221626,8,117594
1390222582,61,2108068
1390225647,10,581654
1390226065,12,1966693
1390234540,9,332166
1390237930,58,2078278
1390238298,13,1207965
1390238549,20,1762356
1390238795,33,1847166
1390242793,17,5295809
1390247442,24,2815681
1390248127,10,769499
1390249628,6,2596605
1390251773,5,1189991
1390262737,25,4124663
1390267768,11,3306095
1390275016,12,1115090
1390279153,11,873235
1390308450,28,1972794
1390309720,88,6335953
1390311983,4,382681
1390324675,23,1441090
1390341706,16,981441
1390351431,13,1150669
1390354864,10,705299
1390363438,21,2265521
1390368249,15,5187606
1390368774,25,2404153
1390368904,13,1173447
1390370797,8,589957
1390370883,15,4974172
1390373478,35,2468752
1390373712,6,2398240
1390378244,35,2639893
1390380659,21,1321587
1390385246,21,9042624
1390385666,33,2997538
1390386032,16,1616346
1390386221,17,1553354
1390391659,22,2168498
1390396768,64,2323444
1390399175,46,13614598
1390401470,11,805116
1390403463,38,21272813
1390403776,48,15118911
1390406171,31,12416077
1390409703,3,694352
1390410942,5,640396
1390411561,15,3295725
1390414616,39,9892568
1390415901,22,8178791
1390416683,13,8327280
1390417101,17,1756867
1390419635,10,1340073
1390421544,161,9875878
1390424120,13,1570706
1390434731,19,839436
1390439395,60,3631708
1390443415,58,19950296
1390445131,8,737819
1390447533,21,1354583
1390447568,4,1120691
1390448601,67,22215371
1390448942,29,8093806
1390449331,20,6416929
1390449612,11,567931
1390453583,19,1357242
1390454723,39,11914277
1390454916,26,2206249
1390455670,11,3748736
1390455754,3,1212110
1390456748,42,2842687
1390456859,24,8378018
1390457424,6,1357799
1390458041,5,3033882
1390459314,14,3985338
1390460123,10,2100972
1390460319,7,2192924
1390462055,39,3357035
1390462146,17,2098619
1390462974,14,3782126
1390463994,68,20321255
1390465361,20,620770
1390465493,24,3051348
1390465747,23,2210904
1390470067,7,770167
1390470895,4,1014792
1390473043,21,7885376
1390473322,6,1446475
1390474602,104,8225923
1390474831,69,5946137
1390481394,3,1142964
1390482801,62,6601775
1390484796,107,8113928
1390484987,4,248110
1390491119,12,868859
1390493072,18,1386269
1390493876,6,1300224
1390494219,9,2734137
1390499162,17,640829
1390499298,16,915865
1390499366,19,3424141
1390499585,5,2651755
1390501745,58,20574245
1390502671,3,920337
1390505546,23,2109921
1390507217,48,9001364
1390507597,24,2149136
1390509062,3,488220
1390509468,11,980214
1390509573,22,1394941
1390510871,18,3164092
1390511100,11,3868602
1390511134,43,1181543
1390513130,65,28481320
1390514362,67,5523187
1390515517,8,3535693
1390516245,46,11792431
1390524562,22,1295078
1390525412,26,2375949
1390527509,8,368303
1390528369,77,4208422
1390529558,9,1151144
1390529728,15,1118141
1390531734,15,789583
1390533298,19,2084377
1390538464,118,62142255
1390540234,67,6400855
1390540550,223,154865743
1390541927,12,3782291
1390543598,10,7546623
1390546706,24,1693556
1390551739,3,1514976
1390552126,11,754514
1390552322,46,25448922
1390552601,14,635767
1390552641,13,1290431
1390554441,9,904282
1390554500,15,2639321
1390554643,3,1515198
1390555444,41,13137248
1390556009,46,2303732
1390557236,7,1500905
1390558264,25,6262775
1390558360,14,1765836
1390558975,118,49098608
1390559193,4,3432585
1390560072,7,1487144
1390560252,10,868919
1390560290,31,1636658
1390560451,118,81536911
1390560921,51,17274508
1390562014,19,5776175
1390562888,25,3026893
1390566307,7,219875
1390567328,27,2072052
1390567799,48,13022217
1390567813,16,7508915
1390568120,16,4148644
1390568952,15,851586
1390569348,70,30195860
1390569571,11,4266923
1390569744,24,1933473
1390570637,11,3887863
1390570772,21,9153266
1390570929,32,24831918
1390572865,16,752743
1390572969,34,14771453
1390573485,10,1345089
1390573609,3,627344
1390573986,91,24792231
1390574799,19,4700557
1390575664,42,22454230
1390576244,8,4787323
1390576685,25,13324921
1390577485,16,4173083
1390577503,22,8676245
1390577771,35,9781606
1390577996,19,16753932
1390578390,7,272575
1390580220,19,3208687
1390581432,12,1406095
1390581715,20,10461107
1390582043,13,4758866
1390582306,22,3509990
1390582444,13,1109358
1390583628,14,1099073
1390583817,43,688316
1390584819,30,18933378
1390585053,18,3203943
1390585112,30,13606075
1390585272,13,3756569
1390585789,23,622825
1390587739,12,2924388
1390588032,15,4589548
1390591702,45,2806376
1390592432,24,1089596
1390592731,12,4236228
1390592990,56,3619394
1390594250,36,984218
1390596689,9,3223530
1390597212,20,2063528
1390598438,27,1167995
1390599658,8,1105931
1390599875,15,1598338
1390601442,34,1491538
1390602419,26,1154685
1390602939,53,2912560
1390603421,16,4295107
1390603847,36,3146208
1390604123,325,218276368
1390607614,6,5105650
1390607629,12,2404722
1390609039,35,1741325
1390609724,41,1630734
1390610408,10,719656
1390611975,11,4255886
1390614088,26,2042172
1390614376,75,33832660
1390614589,5,2700425
1390615003,12,13868869
1390616728,48,1249809
1390616972,7,1671931
1390617304,5,2766788
1390618569,4,1237103
1390618777,17,466408
1390619279,11,1803849
1390619666,33,17452115
1390620207,87,54043504
1390620216,3,46874
1390621131,10,4264998
1390621361,35,10706401
1390621461,20,1094814
1390621764,7,356399
1390622008,9,2430264
1390622148,24,5843003
1390622505,8,3509671
1390623241,12,2661575
1390623275,6,4527855
1390623670,11,5903089
1390624419,164,67049947
1390624480,13,3356487
1390625017,17,1283305
1390625249,8,10522385
1390625525,181,121463615
1390626310,125,39020701
1390626509,14,1713015
1390626602,20,1388447
1390626780,89,9892810
1390627682,26,2193343
1390627748,6,1028582
1390627848,4,1605153
1390628221,92,40189146
1390628917,150,103786240
1390629224,18,2054207
1390629773,5,1009244
1390629953,23,2515796
1390629978,6,2291909
1390630556,20,1759786
1390630912,6,2953304
1390630936,5,408197
1390632159,17,2787451
1390632423,3,1221223
1390632762,15,462021
1390633662,132,88118095
1390633682,42,4434812
1390633835,106,5980329
1390634110,14,2763531
1390635614,28,10791331
1390635976,21,5408506
1390636823,8,811331
1390637318,49,1803698
1390637635,24,6415759
1390638629,18,9083582
1390640593,60,21703998
1390641531,65,23816568
1390642099,41,21026311
1390642797,7,779058
1390642966,70,35384194
1390643589,7,618842
1390644984,23,9272980
1390645162,9,1812532
1390645769,3,312734
1390646394,12,664828
1390648088,6,1698360
1390648113,29,8250123
1390648546,133,87846596
1390648913,38,15008553
1390649122,10,936519
1390649674,100,34860734
1390650051,9,3497464
1390650089,17,1176683
1390650585,22,5852692
1390651984,10,2797006
1390653148,12,1439948
1390653368,9,1172263
1390654388,16,1740171
1390654419,31,4210088
1390654697,31,11018607
1390655971,5,10503847
1390656201,13,326813
1390656776,12,667907
1390656876,20,2999288
1390657437,8,2206031
1390657728,15,4243974
1390658910,12,2370281
1390659699,27,8762144
1390660668,33,5265373
1390661787,3,1101388
1390661874,25,4626696
1390661877,11,1481613
1390663109,9,128447
1390663541,32,1373655
1390664856,43,2257937
1390665653,3,926638
1390667818,34,2760871
1390667943,12,274985
1390670468,24,1391785
1390670911,20,979193
1390671417,9,375060
1390672357,17,1329210
1390672900,87,6373058
1390674386,7,313270
1390674678,48,3823755
1390674789,249,25354819
1390675338,32,4427644
1390678265,29,5793580
1390682715,15,1362221
1390683237,8,558097
1390685436,23,905112
1390685926,26,5301791
1390687334,35,2432485
1390689587,13,1274300
1390690578,25,3082279
1390694215,11,567886
1390694362,13,1388508
1390695933,14,1246852
1390696656,12,490759
1390696804,11,1524481
1390696956,17,1220666
1390697107,74,60973567
1390698047,13,706410
1390698671,24,9904814
1390699248,19,9001125
1390699441,19,17338541
1390699655,10,1339374
1390699901,11,1783447
1390700046,13,1097543
1390700531,20,3499184
1390702944,178,119229357
1390703614,18,2431382
1390704200,17,1602433
1390704341,23,8445827
1390704570,13,837055
1390705823,10,849646
1390706680,9,1299662
1390707963,21,1676068
1390708880,30,4419615
1390709433,10,3104615
1390711637,20,2233895
1390712469,40,11311436
1390712948,14,3833443
1390713159,28,15512559
1390714050,10,1003373
1390714124,32,8455521
1390716347,37,11007629
1390719669,7,4821644
1390720611,14,2074797
1390720720,20,9602797
1390721722,30,1568349
1390722421,16,1987417
1390722669,29,17218129
1390723376,34,20991314
1390723741,103,29561331
1390726947,6,2256580
1390727015,6,1165067
1390727076,52,4401003
1390727269,12,5041292
1390727571,11,3689524
1390728946,11,1489190
1390729165,8,448961
1390729481,12,6825666
1390729731,15,1394533
1390731387,13,5096484
1390731740,26,7072227
1390734360,3,555045
1390741464,27,2903221
1390743685,11,909414
1390744148,14,1760866
1390753126,16,4422434
1390754770,34,1419197
1390756571,16,1331026
1390763759,35,2554782
1390768571,10,4781716
1390773248,18,1821385
1390778066,10,1862058
1390782667,42,11023051
1390784503,9,367921
1390784723,9,617546
1390790584,13,3002152
1390790749,8,1373631
1390794491,24,1727834
1390799005,8,6887716
1390800946,21,2954835
1390805895,5,388396
1390817541,8,1025786
1390831146,8,390050
1390831707,23,3270495
1390832998,10,801572
1390842159,11,1900707
1390843115,13,532416
1390846237,18,4200100
1390851055,16,2106749
1390853032,18,1739575
1390858701,5,253185
1390863954,10,2329128
1390868637,27,4345272
1390871422,19,1015580
1390874464,9,387351
1390883360,18,1015865
1390891893,6,280091
1390896191,11,417718
1390899888,10,1347374
1390902188,15,4718296
1390906402,14,4061747
1390906772,27,2553663
1390906919,10,2522394
1390915370,16,5396878
1390920690,18,2959696
1390920713,7,1585488
1390925295,13,1770130
1390928971,82,5087074
1390929561,100,84162241
1390930998,12,526840
1390933704,109,10225046
1390938029,46,3495437
1390938086,71,22193953
1390940507,20,10062978
1390941534,3,692920
1390941900,23,7642412
1390942716,90,34315553
1390942799,32,13061831
1390946232,23,5654252
1390946679,39,13808941
1390949022,8,328539
1390949198,6,325937
1390949223,15,848559
1390949361,49,16983100
1390949923,3,167665
1390951152,204,79989843
1390951490,11,586631
1390951912,15,1275973
1390952460,25,8571253
1390953370,39,2892349
1390953439,16,1543688
1390953449,18,1061706
1390953556,9,982475
1390956173,14,6797530
1390956419,4,812302
1390959592,38,8318808
1390960284,20,859717
1390961105,31,10102555
1390961438,8,21999192
1390963990,31,5501313
1390964933,15,1934200
1390965460,16,9441554
1390965640,62,3567640
1390970002,11,590448
1390970907,46,2674860
1390971112,3,169420
1390971352,7,244004
1390974313,73,6992351
1390974441,18,1397135
1390975599,11,917325
1390977128,33,1481714
1390978061,13,888344
1390979125,15,6575022
1390979764,64,7185552
1390980148,109,7731248
1390982085,24,8761704
1390982123,37,2699511
1390982472,45,2909442
1390985734,13,1138320
1390986546,24,1130101
1390986559,11,2580530
1390990102,10,1239423
1390990892,28,2482219
1390991187,51,2645556
1390993144,12,596265
1390995379,38,2264940
1390995776,43,4234637
1390995800,20,1703652
1390995970,27,10128104
1390996345,12,532089
1390996426,28,1572369
1391001109,12,3554176
1391001232,20,1320945
1391001328,20,824462
1391001562,24,1165088
1391001752,3,4465509
1391003229,11,627825
1391003962,15,1456302
1391004409,4,848752
1391004853,33,7072648
1391006609,23,3342154
1391007547,181,66696174
1391007813,20,4330234
1391008559,32,1488485
1391008680,64,17149645
1391009904,18,4496348
1391010453,15,1207707
1391010560,33,11876807
1391011249,11,544815
1391012486,13,641142
1391012880,87,20225679
1391013665,22,10378816
1391016794,16,7098288
1391017346,15,863572
1391017569,28,2949919
1391017964,18,5859333
1391019585,17,968267
1391020137,22,5143645
1391020405,8,2133982
1391022288,41,10847297
1391024284,12,672344
1391026026,14,1971958
1391027632,16,3790694
1391028205,12,701101
1391028577,32,15915521
1391029008,4,126307
1391029178,24,6529132
1391029345,14,381614
1391032196,10,3404807
1391032542,38,1539445
1391035137,31,2916291
1391036039,10,1063079
1391038749,37,969509
1391039710,4,1335912
1391039778,15,1010570
1391040110,154,12383554
1391042713,13,943227
1391043253,91,3172551
1391044015,5,242016
1391046429,21,1105352
1391046760,27,7825088
1391046914,3,612422
1391050535,14,717165
1391050760,13,1675926
1391050964,28,3353192
1391053108,5,1619411
1391053761,30,2059497
1391053763,35,3033528
1391054818,45,2839901
1391055677,94,4570040
1391056987,15,8242805
1391059436,16,1222364
1391060789,25,1668718
1391062913,16,4797265
1391064609,10,666385
1391064691,105,18880411
1391064717,12,508987
1391067611,259,84497936
1391067754,12,6613128
1391069181,3,12161
1391069589,10,546481
1391069850,49,31081330
1391069951,9,623730
1391071666,25,10900254
1391073231,14,2768194
1391073919,29,29722812
1391075249,17,2562707
1391075421,16,1430583
1391075489,29,3945424
1391077434,21,13511312
1391077623,43,21747926
1391079517,10,2157886
1391082756,42,27983770
1391082849,8,2461576
1391082870,7,1751121
1391083138,44,2722983
1391083968,15,6994196
1391085332,6,2055172
1391085869,27,1223906
1391086232,20,6024659
1391087608,26,12217920
1391088513,11,4288596
1391089365,3,859214
1391089411,36,14122958
1391089660,61,6493271
1391090217,18,11837977
1391090393,8,2668081
1391090481,21,4341227
1391091267,33,12472151
1391092503,12,1849309
1391092712,14,3642455
1391092845,43,19433675
1391093282,26,5776213
1391093325,152,84131103
1391093378,13,4521109
1391093877,17,3108261
1391094143,12,3474644
1391095270,14,2906322
1391095414,16,6136734
1391096079,12,2109672
1391096198,12,2265281
1391096290,9,526254
1391098151,44,21409516
1391100253,9,268597
1391103184,14,3259972
1391103631,15,312944
1391103866,8,368771
1391104445,11,2689926
1391105505,7,5777511
1391107928,16,306589
1391108357,29,4342792
1391108745,4,359956
1391109963,44,2628292
1391113170,33,4144998
1391113301,13,2000709
1391113537,8,665288
1391113552,11,1331692
1391114914,97,2862516
1391115110,4,1488870
1391116937,36,20208627
1391117183,33,1528563
1391120556,7,357773
1391122172,5,6220428
1391122298,5,296127
1391122519,5,1411630
1391123262,20,10525324
1391124256,11,723610
1391124765,31,848519
1391125517,30,1664278
1391125617,9,1050691
1391125910,52,9904613
1391126462,20,4360512
1391126937,9,1169956
1391127997,5,312672
1391128693,106,42643222
1391130016,16,5521379
1391130746,16,3468189
1391131247,10,1861409
1391131800,16,1284633
1391131855,193,112880074
1391132689,18,1114445
1391132721,13,776197
1391133695,8,432833
1391134278,16,3211555
1391135001,18,6594603
1391135299,7,339974
1391135351,7,1199644
1391135480,9,2906018
1391137337,5,416541
1391137872,13,1060213
1391138062,9,5748737
1391138348,20,3886340
1391139137,39,12928136
1391139383,12,2551521
1391141831,13,1503238
1391141974,12,3679450
1391142309,22,1193524
1391142891,35,13750622
1391142989,9,686242
1391144178,14,3340253
1391144261,3,700417
1391144570,6,1889438
1391145084,10,1530656
1391145618,40,8383825
1391146063,26,12634090
1391146142,48,7593082
1391147736,7,1214557
1391147795,4,458743
1391148127,34,4464307
1391148699,50,1336544
1391149147,9,1189545
1391149696,35,18862786
1391151339,9,528919
1391151395,14,5976430
1391151543,5,1098255
1391152122,17,7876439
1391153895,10,8132265
1391154903,31,14218420
1391155410,20,6722255
1391155676,22,5729351
1391156064,7,760686
1391156383,9,2044331
1391157749,9,1846458
1391158470,4,435741
1391158828,3,2832498
1391158909,9,2101870
1391159009,14,1458287
1391159182,33,15493423
1391159355,16,1571475
1391159714,4,2135934
1391159933,19,1479140
1391159990,9,2675161
1391159998,31,9125434
1391160289,4,238122
1391160498,16,8057686
1391160977,23,5595046
1391161361,19,7639931
1391161597,115,12090841
1391162205,31,13945727
1391163070,5,1455685
1391163215,4,1887766
1391163367,11,6397240
1391163572,5,2271806
1391164013,12,1074490
1391164465,33,1451453
1391164478,15,4622166
1391165184,12,2812565
1391166047,31,14079884
1391166300,15,5865185
1391166713,10,3983274
1391167938,5,2241728
1391168936,83,7753550
1391168996,12,1959333
1391169630,19,2274383
1391169699,8,1913220
1391169891,20,2915658
1391170959,13,1753905
1391171216,34,8480145
1391172270,8,1014340
1391172482,19,1417830
1391174996,23,10308407
1391179347,26,1016655
1391179734,15,9327897
1391181953,16,2133282
1391184542,19,3916492
1391185387,25,1862819
1391185845,16,969483
1391186293,9,241694
1391188723,12,737653
1391189844,21,315029
1391190079,10,3158756
1391190703,34,2943753
1391193586,19,2160057
1391196391,17,8525203
1391196870,11,2533691
1391198852,14,949785
1391198989,3,765014
1391199759,5,98532
1391200984,9,2476985
1391201087,265,162587130
1391201258,18,4727403
1391201495,29,16860144
1391203270,26,9439556
1391203463,17,4142134
1391204714,261,106564370
1391205469,16,998241
1391205711,51,17507074
1391206316,3,287528
1391206394,94,2578585
1391208855,15,4048757
1391208928,14,5399059
1391209489,4,1020554
1391210989,20,1909591
1391212504,11,8063176
1391213723,17,4696741
1391214678,13,4127224
1391215943,29,12590305
1391216125,7,446753
1391216495,30,21169797
1391217077,12,1632880
1391217602,13,1044071
1391217677,17,2899927
1391218063,5,358323
1391218155,13,2535171
1391219660,7,2101390
1391221585,15,5140134
1391221891,19,3985100
1391222052,18,2526684
1391222054,56,18208874
1391222220,38,14855980
1391222272,31,6367732
1391222574,20,4235448
1391222844,25,6740639
1391225510,53,28106428
1391225559,11,4210558
1391226357,28,8144356
1391226602,34,1083155
1391227251,6,1737825
1391228040,20,1233923
1391228076,28,3779497
1391228333,5,2643168
1391228938,19,12588115
1391229401,9,833126
1391230683,13,2514310
1391231266,24,971787
1391231492,19,7238261
1391231624,5,3753181
1391231864,7,2181101
1391232917,5,989418
1391233513,54,23546872
1391233993,15,7835527
1391235500,53,7777885
1391236701,31,12818160
1391237054,34,3556085
1391237137,29,12935976
1391237282,30,10668726
1391237518,41,1525380
1391237900,9,2660540
1391239270,16,2983368
1391240628,13,4739441
1391241120,4,175123
1391242361,12,193528
1391242728,30,4561514
1391242757,6,411099
1391243004,31,696526
1391243069,27,8524070
1391243464,21,2020519
1391243819,13,6735033
1391243870,5,4800497
1391244557,17,1100368
1391244583,6,550368
1391245862,60,6247653
1391247517,39,2649765
1391248888,37,1930813
1391249317,24,4691939
1391249408,39,1058205
1391250523,10,4270236
1391251837,7,521511
1391252471,17,1264286
1391252795,24,2202577
1391254811,20,646936
1391255037,29,3017320
1391255940,16,847864
1391257299,51,4459329
1391257742,34,9310497
1391257770,6,1215270
1391259392,15,1948634
1391259786,22,1210440
1391261787,14,965632
1391263981,13,848727
1391266168,29,2183145
1391267487,8,224890
1391268891,17,5846334
1391273535,21,3211634
1391274836,18,2236005
1391274944,3,830961
1391276024,84,33291580
1391276750,9,975599
1391276928,11,3577717
1391277521,7,377931
1391278264,21,6333952
1391278746,10,383400
1391279617,61,3613662
1391280208,9,1289051
1391280297,39,3764523
1391280388,26,21125315
1391280656,38,6506158
1391282230,20,6638298
1391282390,24,918903
1391282567,16,5624663
1391284538,77,31218755
1391285443,20,2404709
1391285669,15,2748066
1391285950,4,1535433
1391288592,7,637848
1391289648,15,4485025
1391290174,5,123397
1391291405,24,8908782
1391291847,7,1106938
1391292873,20,990345
1391294381,10,578923
1391294861,3,165537
1391296543,4,999262
1391296609,10,1150625
1391298126,26,10827597
1391298268,32,3615562
1391298825,5,447116
1391299349,9,1059960
1391299700,8,359357
1391300180,24,1004990
1391300737,24,6758665
1391300927,9,530718
1391301161,11,1318890
1391302084,13,1292509
1391302528,5,1566927
1391303313,13,1537796
1391304284,62,17087093
1391305893,15,1174405
1391305917,14,2582737
1391306223,20,9580621
1391307243,20,2721108
1391308882,11,4708042
1391309030,6,877817
1391309771,21,4519132
1391311057,13,2597698
1391312314,25,1351161
1391316002,15,969449
1391316806,15,1810677
1391317138,35,2142565
1391318611,12,667833
1391318784,10,1545224
1391320067,10,769082
1391321059,9,305959
1391321892,12,3545651
1391325918,66,3602982
1391331280,15,1144178
1391333278,15,430866
1391333480,8,926309
1391336902,32,1168375
1391338105,17,1595632
1391340519,38,3618470
1391345649,46,10042968
1391352640,25,2298487
1391358372,5,621854
1391361788,22,1324980
1391364164,6,576286
1391364181,19,2075395
1391368142,22,2082098
1391369993,11,1114276
1391375908,12,1703737
1391381495,32,3143593
1391389290,14,876006
1391402329,19,1349043
1391407824,9,1071040
1391413130,24,1590732
1391417701,14,2578837
1391422725,12,1007274
1391426293,15,1162134
1391427674,6,229800
1391427875,14,881342
1391431740,5,342728
1391432517,10,909438
1391452648,6,449258
1391452715,12,879776
1391454806,21,806401
1391455192,9,815717
1391461473,4,131048
1391462154,8,443813
1391468795,21,2779295
1391468909,5,503360
1391469257,31,1804404
1391470522,23,1405914
1391471950,51,1332136
1391477252,7,577191
1391477351,22,18660137
1391479910,41,10983404
1391485877,20,1321058
1391488284,45,19143541
1391489352,50,1076236
1391490346,13,702606
1391490623,8,468997
1391491202,38,2109994
1391491477,11,2254469
1391493657,53,21822471
1391495358,9,3861212
1391499386,24,2169890
1391501173,23,11202758
1391501238,19,920075
1391501467,5,392326
1391502289,37,11553973
1391503604,35,15942101
1391507451,15,824109
1391509016,20,5509632
1391509488,170,15996244
1391514635,39,1223970
1391518442,14,1025202
1391522392,22,2433266
1391524005,19,8792572
1391529062,34,13132156
1391531020,24,3009973
1391537287,296,113560007
1391539461,54,14636376
1391541051,40,21976716
1391541675,9,389606
1391542224,6,1186038
1391544898,202,60508882
1391545002,15,4463666
1391545897,89,28868663
1391556740,5,1366048
1391556970,21,34599880
1391558061,28,915064
1391558910,4,214799
1391560011,17,4845682
1391560811,19,4885442
1391561445,63,22489506
1391561664,9,2637636
1391561707,12,895633
1391564113,12,11113281
1391564537,11,4952378
1391564873,9,1701935
1391566337,24,6664120
1391567354,8,1348491
1391567693,12,3523934
1391567821,20,7227033
1391568127,22,1120445
1391568641,11,1219583
1391570889,16,4323811
1391577030,20,3288034
1391577532,16,2526063
1391582418,27,4156985
1391582620,26,2526393
1391583681,40,2028266
1391584658,18,4299797
1391592913,9,363073
1391592941,12,739020
1391594659,21,1227651
1391597523,4,276044
1391597547,13,744219
1391599482,19,2838209
1391599941,3,464442
1391601412,60,4554412
1391601616,8,542217
1391603258,17,6667754
1391604509,13,3794524
1391606552,50,36991479
1391609266,30,3214176
1391610458,29,1703133
1391610859,26,11681347
1391612515,69,18212722
1391612803,8,398699
1391613435,33,10287897
1391617522,11,2299027
1391619082,109,23912406
1391619225,17,5878920
1391620149,18,1149757
1391620313,17,11282234
1391622360,28,1484934
1391625993,22,6804994
1391626583,39,10075419
1391626842,20,519453
1391627518,61,19025356
1391627830,4,659559
1391629343,16,1733890
1391632139,39,2494864
1391632545,12,3343455
1391633102,16,6604008
1391634199,15,735928
1391634486,8,347932
1391636558,14,4639535
1391636734,13,3046200
1391637045,90,5669185
1391638639,40,5684946
1391642862,3,67068
1391643511,14,1891667
1391643697,8,458793
1391649117,9,636201
1391650743,84,8379049
1391653573,16,1108844
1391653651,7,231666
1391656509,19,2422342
1391657201,28,3221726
1391660408,14,972576
1391660808,29,834497
1391662330,22,2159242
1391662512,27,1824997
1391662642,71,5938506
1391662975,28,1715065
1391663118,11,599846
1391663376,15,2960859
1391670081,108,9949731
1391673317,5,608808
1391673785,35,1845026
1391675800,14,1512540
1391678311,40,916083
1391681680,8,508004
1391685006,19,478873
1391687064,8,1478444
1391690020,21,9552109
1391690220,15,6356779
1391690390,17,1373479
1391690427,32,19434722
1391691226,7,570508
1391691263,6,1652620
1391692533,15,7468621
1391694501,74,56602152
1391694981,7,2361183
1391695281,18,4925340
1391695503,10,4646714
1391696025,15,5050318
1391698637,5,317422
1391698708,23,10508818
1391699179,8,2569387
1391699634,8,1006134
1391699835,48,24992072
1391700894,13,6341189
1391701857,13,1432995
1391701907,18,2108171
1391702308,29,4614559
1391704152,11,5289102
1391705920,9,783796
1391705987,18,10450707
1391706064,58,1261940
1391706120,13,4828882
1391706167,12,2699630
1391706339,10,813787
1391706376,47,25618229
1391706493,5,528758
1391706699,18,7570566
1391707731,22,9990844
1391707811,39,15978514
1391708640,13,787388
1391708693,132,72873819
1391708785,5,783719
1391709970,10,1886941
1391710122,42,18612477
1391710439,25,12859915
1391711328,36,2582832
1391711463,11,623538
1391711951,62,18575036
1391712013,15,5586016
1391712312,15,3412433
1391714132,17,2236854
1391715710,8,4504913
1391716186,24,1294848
1391718560,22,4472697
1391718759,13,991803
1391721773,20,1597802
1391722937,39,2105748
1391723332,18,3132151
1391723412,22,5573463
1391725350,19,2682728
1391726912,18,1044493
1391730629,15,2512844
1391730986,10,806366
1391731533,14,4024506
1391735093,13,2070431
1391736414,11,825392
1391736784,13,5980008
1391738330,85,2900241
1391740696,20,2093410
1391743216,23,1182023
1391743870,9,646041
1391746506,13,796292
1391747236,14,7304045
1391748332,34,1195040
1391748991,10,686060
1391750670,17,1757799
1391751809,14,3563788
1391752084,9,1289153
1391753946,52,18796690
1391754302,32,8726894
1391754463,6,950887
1391755659,9,220144
1391757822,67,23769524
1391758764,14,17646832
1391759928,30,1040235
1391760757,6,215785
1391762967,17,1876248
1391763182,18,5897605
1391763574,24,1666266
1391764422,26,7144952
1391764736,29,7352043
1391765607,13,1428055
1391766401,27,1319176
1391767220,246,13910301
1391767522,21,13249256
1391767930,20,4827602
1391767955,85,47802633
1391768428,8,1755743
1391768873,6,1405069
1391769412,22,8091890
1391771116,23,11686230
1391771562,7,1898969
1391772465,41,21048205
1391772590,4,915987
1391773969,24,6569993
1391774465,13,2568668
1391774688,20,1483759
1391776010,10,5276032
1391776105,15,3523972
1391776635,10,2414610
1391777100,10,1847120
1391777230,15,3324820
1391777241,39,1929819
1391777265,17,4242725
1391778524,12,1602762
1391778883,20,686966
1391779147,10,523645
1391781258,11,1545294
1391781624,4,1906405
1391781743,24,12478201
1391782372,22,6936026
1391783090,19,3038586
1391783556,4,1028070
1391783796,17,1490186
1391783808,13,965777
1391783869,32,22343723
1391785425,19,4689531
1391785740,22,13289314
1391785951,12,3623494
1391787230,11,1079932
1391788223,132,11471388
1391789821,14,628204
1391790739,11,1269675
1391794248,8,4420991
1391795164,16,749362
1391796088,9,4314337
1391796361,8,596770
1391800479,19,2216075
1391803824,14,2107014
1391806520,22,8217074
1391809788,13,206609
1391810355,13,2619385
1391811022,34,1239804
1391811239,16,3615484
1391811397,8,3570804
1391812486,451,9757040
1391814907,39,512954
1391818777,14,883214
1391819903,9,5499614
1391820891,13,3426836
1391821598,81,46634808
1391821898,151,57442792
1391822598,20,4664100
1391823652,177,55706779
1391823946,33,6868767
1391824289,235,150158492
1391826325,7,2360648
1391827988,9,1354728
1391829427,13,688280
1391829968,5,238804
1391831707,6,1401809
1391832569,214,83131548
1391833025,3,782886
1391835383,15,1768670
1391835779,11,1131153
1391835912,6,471119
1391837275,20,2323500
1391837660,15,4776928
1391839155,6,1631516
1391839214,11,618891
1391840481,6,384948
1391840641,75,25455726
1391840745,14,6137140
1391842757,13,4861179
1391845457,7,4373040
1391845954,7,4959668
1391849139,48,15642893
1391849558,45,25342379
1391850873,9,4179398
1391851310,9,2945405
1391851976,11,5020696
1391852104,11,2836094
1391852539,9,2461261
1391853174,12,685946
1391853697,23,11568472
1391853869,19,4988591
1391856129,7,2263933
1391857280,9,3721623
1391857485,5,1070637
1391857682,15,6687945
1391859904,6,327491
1391860777,7,4025858
1391861765,7,983817
1391862590,17,2569374
1391862919,32,15256207
1391864102,7,680142
1391865001,14,1448221
1391865220,9,4862619
1391866582,28,3734837
1391867784,17,2660467
1391871789,11,9243528
1391871887,11,264747
1391871903,12,555826
1391873934,3,136952
1391874365,17,8193998
1391874854,33,1157547
1391875155,4,207494
1391877292,6,2936715
1391877867,12,1349132
1391880974,128,3456446
1391882168,11,842570
1391883337,36,10213143
1391883549,7,747386
1391883623,8,841954
1391883821,475,55593469
1391886809,6,1282690
1391895737,30,1820776
1391896485,13,1762751
1391896914,21,1191902
1391897415,14,3762260
1391899314,8,971773
1391899599,14,4805415
1391900644,6,870788
1391901693,22,5395244
1391902649,65,29453968
1391902840,6,240
1391905928,8,3100543
1391907559,80,46696364
1391908293,22,1401682
1391908626,19,5582438
1391908861,3,569976
1391909005,44,17881953
1391909688,22,2756858
1391910624,11,2669667
1391911594,42,15016572
1391913130,40,10189769
1391913293,20,7206088
1391913361,28,7699255
1391914695,33,1586170
1391915513,10,1513111
1391916251,41,30130104
1391917130,15,3461086
1391917516,7,1254742
1391918463,13,1752349
1391921321,7,3200530
1391921435,24,12093293
1391921688,23,9465329
1391922182,10,2765109
1391922345,11,2967810
1391923150,7,4238485
1391923526,3,366984
1391923870,7,2100586
1391924612,7,379143
1391925361,8,3868969
1391926447,13,6836959
1391929769,11,425761
1391932509,12,1011780
1391932609,14,924403
1391933192,8,491462
1391933984,15,6145259
1391934605,20,2480147
1391938424,11,1766380
1391938500,15,855932
1391938565,19,6231645
1391940773,31,13935807
1391942045,15,2444224
1391943752,8,373002
1391945688,10,3156525
1391958500,4,318352
1391976726,18,2634483
1392018107,18,3394706
1392019908,31,2149648
1392020704,13,1302780
1392024310,46,2341354
1392028857,23,1934812
1392035337,6,568927
1392035523,23,2829662
1392036794,27,5432273
1392050856,29,1798754
1392051595,10,486297
1392052860,21,802516
1392061741,16,4760961
1392067537,12,3966994
1392068470,13,2990334
1392073993,3,743821
1392074481,24,1904047
1392076264,16,7681503
1392076724,14,3854383
1392078954,15,7319261
1392079751,47,17931832
1392083382,19,10733199
1392084901,120,10881135
1392085663,8,463417
1392094083,29,2918039
1392101777,8,3018430
1392102195,22,1711699
1392102314,18,738608
1392107668,8,2759731
1392107987,56,11192708
1392108724,18,7573145
1392112848,15,3368438
1392115098,16,5108188
1392116263,45,2626685
1392119117,141,77324630
1392121581,33,13156876
1392122949,12,2436986
1392126957,7,2619793
1392127261,95,58424482
1392128838,13,4518367
1392129022,19,7000899
1392129651,10,2713826
1392131476,14,5734845
1392135868,48,3440499
1392136302,8,712653
1392138695,53,3458769
1392141468,24,3610020
1392141659,3,441371
1392142750,45,2712970
1392142997,10,1537662
1392145623,33,5725381
1392148519,27,2033266
1392159774,41,12678989
1392160231,16,4738552
1392162603,23,2098450
1392163181,9,3647973
1392163693,5,1512924
1392164892,40,40275281
1392165071,31,20291046
1392166148,5,746536
1392166179,12,1545768
1392167474,7,490204
1392168075,27,1702976
1392168090,105,63663621
1392168389,6,1495193
1392169551,6,342111
1392170232,56,23311669
1392171156,127,11678459
1392171789,20,7327450
1392175121,44,27945470
1392177520,7,867342
1392178221,68,49593339
1392179208,23,5370602
1392180565,20,3642784
1392181835,19,5759348
1392183770,18,1242673
1392186787,378,13133135
1392187892,263,30839951
1392192574,12,3141083
1392203974,15,2077034
1392204577,8,365223
1392204922,19,3658578
1392205015,8,783103
1392208266,11,2895936
1392208311,11,1504083
1392212106,71,8855741
1392217673,67,32209584
1392218906,21,1022498
1392220356,15,636616
1392220881,14,970822
1392221752,18,2803609
1392222215,13,648877
1392222221,34,15430814
1392225597,69,3124529
1392227236,15,1393091
1392227829,21,6457536
1392232778,246,107708739
1392235046,9,1046999
1392236461,8,2258842
1392237657,4,747493
1392240607,45,3616711
1392241155,5,343507
1392242342,90,43260078
1392242435,15,751123
1392242645,12,5521989
1392243455,15,7992230
1392244032,13,978628
1392244316,16,3667866
1392249780,26,1272705
1392251665,37,3700930
1392253268,98,3684056
1392253652,16,1178181
1392253991,32,4058285
1392256928,15,721667
1392257147,15,979683
1392258248,19,2000594
1392258552,24,4726809
1392258590,26,2249198
1392262129,10,570059
1392263171,27,2953132
1392264642,17,1068931
1392264684,37,1750859
1392264854,43,5304888
1392266165,13,1024212
1392269968,50,1062569
1392271433,14,1502491
1392272062,13,5048165
1392275412,14,1517935
1392276869,19,2360040
1392277958,16,1200663
1392278885,29,1387101
1392279473,14,2661739
1392281239,33,6852412
1392282726,41,489528
1392282736,162,100416854
1392283044,14,927598
1392284164,15,2032466
1392284967,5,875499
1392285149,5,1447970
1392285700,5,240
1392286134,6,2448787
1392286431,28,19567308
1392286751,13,3016720
1392288462,96,51681279
1392288744,22,6168210
1392288765,84,33606905
1392289186,3,655331
1392290079,10,1073214
1392290160,19,957477
1392292228,17,1863715
1392294670,18,1660717
1392296710,24,9316128
1392298040,21,1354727
1392298053,13,1857287
1392298256,6,1793649
1392300341,12,6525688
1392300590,46,25699420
1392300726,90,4705354
1392301005,37,24759637
1392303368,53,20128143
1392303436,24,12752095
1392303956,19,5347275
1392304330,14,3694090
1392304600,9,2036485
1392305376,5,1066523
1392305705,36,2615694
1392306380,24,9632777
1392306532,15,5068838
1392306655,11,2052650
1392306768,8,1002669
1392307216,11,3530983
1392307853,50,1624638
1392308253,15,3825402
1392308419,15,1657042
1392308565,12,3304861
1392309503,24,8227606
1392310933,11,800078
1392311340,34,12839538
1392312576,12,3874524
1392312971,61,27982776
1392313361,48,984964
1392313380,6,3475697
1392313592,14,1578608
1392314110,63,3225717
1392314243,13,583679
1392314569,33,15169453
1392315087,15,12201420
1392316532,35,15573282
1392317605,10,4662448
1392317689,48,25497542
1392318293,18,2766916
1392318601,20,3076371
1392318848,4,1244022
1392319470,3,172840
1392320624,12,2089834
1392321878,38,15038305
1392323008,35,23341547
1392323484,10,470943
1392323614,100,6402453
1392323848,50,2674567
1392324721,225,34254602
1392324763,16,1493931
1392324808,21,1531931
1392325458,13,5560328
1392327238,36,2003242
1392328604,10,1861873
1392328662,60,3530036
1392328957,4,382624
1392329078,15,5495116
1392332022,27,3063493
1392332974,13,1503538
1392333208,52,3371140
1392333218,5,644178
1392333260,10,724248
1392334827,5,318936
1392335237,6,1476110
1392337435,34,18921694
1392338265,53,2617896
1392338291,10,428756
1392339167,11,540525
1392344919,14,1622288
1392345311,15,1686742
1392345550,15,1520062
1392347859,9,427347
1392348044,6,693658
1392348980,16,495800
1392349362,10,582309
1392350770,21,1370245
1392352124,70,6604379
1392352726,13,604192
1392355358,37,11402904
1392355628,11,1107644
1392357588,16,3496456
1392357796,30,1604390
1392358015,4,11934
1392359421,110,33870732
1392359879,7,3746496
1392360404,8,344822
1392362952,6,3407931
1392363510,29,6899063
1392363607,4,2433419
1392364075,7,358839
1392364390,88,63111633
1392365606,10,826107
1392367218,18,147670
1392369198,7,94180
1392369825,8,2359035
1392370120,25,7650669
1392370970,13,2335679
1392371296,10,1123048
1392372092,13,3809772
1392372829,108,7355903
1392374215,7,4228663
1392374537,10,633467
1392374754,115,48650322
1392374936,3,592421
1392375578,4,1003910
1392375996,29,704310
1392376342,20,5913945
1392376998,10,2010943
1392377582,73,33642095
1392377790,20,5032749
1392378061,24,9234778
1392378922,177,98485037
1392379742,34,17826936
1392380919,100,3593836
1392382069,25,12905637
1392382166,5,209635
1392382175,10,318270
1392382455,40,20135654
1392382978,45,17049139
1392383976,16,6071026
1392384387,11,6121653
1392388980,23,9025712
1392389523,13,2112800
1392389992,30,6761153
1392390260,48,8828383
1392390297,52,23469320
1392390466,58,23323469
1392390478,6,136793
1392390793,17,4917390
1392391073,7,2700226
1392391361,18,1036347
1392392301,8,5027666
1392392305,13,6605878
1392392513,17,6192674
1392392795,7,1903902
1392392965,21,8428759
1392393081,18,2480526
1392393592,12,4066197
1392394026,9,3769496
1392394309,23,9324085
1392395853,70,34915032
1392396223,8,2987164
1392397698,18,1304282
1392398663,8,2401401
1392399481,21,4091012
1392400204,24,10481866
1392400736,10,3024013
1392401247,23,1011785
1392401748,16,1835020
1392401782,22,1400513
1392403958,158,17310577
1392404939,38,5402431
1392405133,10,5810017
1392405868,10,350152
1392406055,16,998651
1392406285,13,493960
1392407018,36,1158907
1392408271,26,6435098
1392412102,5,198705
1392412223,8,287788
1392416638,12,872304
1392416773,6,254462
1392417078,36,5183578
1392417569,9,1990146
1392421947,15,613329
1392423519,13,1658355
1392424493,16,9279258
1392424642,19,3977208
1392425064,6,1654904
1392425635,67,5526157
1392426446,78,52433944
1392427905,16,921933
1392428559,9,3715385
1392428928,89,31016896
1392429639,23,12276707
1392429757,81,26548954
1392431515,19,4447987
1392433070,318,146518582
1392433237,5,435072
1392435740,18,5297383
1392437362,28,1567448
1392438721,64,21022188
1392439548,58,21304558
1392441198,27,14421966
1392443283,13,7472507
1392443491,224,90665156
1392444944,8,373981
1392445317,21,7536650
1392445734,15,9560473
1392446882,80,46855724
1392446890,6,847774
1392447449,15,2502935
1392448286,79,43036760
1392448945,10,5178610
1392449399,4,435856
1392450284,18,5141358
1392450317,61,18625811
1392453556,10,2042271
1392455407,108,35780233
1392455621,31,9285370
1392456288,23,7758518
1392457247,5,844364
1392463045,15,3762130
1392464871,16,1607169
1392499298,19,7416850
1392502463,21,1969611
1392513188,10,2656116
1392539010,21,2017037
1392572992,7,246166
1392574414,10,321892
1392575302,48,2579507
1392575707,8,975338
1392582407,18,904834
1392582756,55,4573071
1392583123,4,116610
1392589901,38,2552782
1392598480,27,7954259
1392599921,11,3024835
1392602503,10,1159188
1392605188,13,1053115
1392605683,8,4463184
1392610232,9,615794
1392611730,8,360332
1392616502,3,2777091
1392619569,34,5721280
1392622936,5,307174
1392622996,9,2850303
1392624422,43,4724748
1392624668,7,1066353
1392624838,46,14796253
1392625718,19,5605058
1392626266,5,1010136
1392627677,42,15478931
1392628871,88,29146300
1392629219,6,3259154
1392631511,23,4019835
1392632946,48,23293325
1392634900,11,3419915
1392635991,11,4422025
1392636902,21,5190941
1392639931,12,3983693
1392639936,16,6453566
1392644149,16,3114672
1392648375,14,800139
1392648591,6,263301
1392650420,75,5122718
1392656833,15,1560094
1392662141,13,993765
1392662417,12,1274220
1392664480,20,6368590
1392664978,11,3882966
1392665837,29,3257927
1392667479,65,21735337
1392667552,24,8339497
1392667789,57,19205978
1392673214,82,26601612
1392674936,24,7160092
1392675068,23,14858067
1392675269,12,4998363
1392676120,61,20683650
1392677183,115,31073435
1392682780,11,1003022
1392683028,19,5766451
1392686131,14,1509492
1392686138,11,1024263
1392689078,14,8095936
1392689331,18,9939587
1392693105,22,1850012
1392693136,16,1477325
1392697560,42,3238220
1392698886,9,467019
1392700167,13,627681
1392704591,24,1702544
1392705934,6,546223
1392706157,10,1945857
1392708661,21,5267578
1392708764,7,544319
1392709320,17,919934
1392711725,8,2048435
1392713375,6,412224
1392714141,11,3619558
1392714952,36,3150932
1392716629,64,4832177
1392717559,9,671514
1392719859,27,764014
1392720257,26,10890155
1392723988,14,7315455
1392724703,10,5625021
1392727448,48,14769679
1392729437,14,1392527
1392730287,16,5334625
1392730571,11,3011695
1392731023,32,1523592
1392734333,15,5256406
1392734730,9,462717
1392734913,27,8122884
1392735114,21,11121175
1392737027,22,9676549
1392740893,29,593683
1392741149,14,5730361
1392741488,30,14686454
1392745876,43,965322
1392746942,25,2059795
1392748154,39,1110020
1392748785,7,1157417
1392750946,8,779354
1392751012,23,1606393
1392752882,24,9729701
1392755105,8,270969
1392755776,50,3983497
1392757000,8,352417
1392759601,38,780831
1392759806,30,2115039
1392763531,47,4681446
1392764898,80,2088908
1392766721,17,1178207
1392769205,30,1958841
1392771325,33,3011788
1392775999,18,9110028
1392776977,14,1084937
1392777413,16,6702697
1392778132,17,1406830
1392780131,7,794842
1392780457,12,1147786
1392781548,17,5953759
1392783304,33,12061715
1392784216,37,2592921
1392784306,22,4930102
1392784393,21,2435967
1392785237,16,11553576
1392786186,12,2359254
1392787921,27,572991
1392789175,15,1038377
1392793589,28,1872990
1392794494,19,4382715
1392797056,30,901738
1392797281,37,2598728
1392797613,5,1963431
1392797903,17,1857628
1392798088,23,4397475
1392798948,39,15095846
1392799184,10,549838
1392799332,78,40725223
1392800148,23,13585751
1392800732,16,6810367
1392801933,51,21374953
1392803670,24,2343992
1392804410,81,3223034
1392804809,25,10292859
1392804993,23,10715574
1392805113,21,6127840
1392805444,25,1319733
1392805845,14,4420408
1392805852,40,29180835
1392806516,7,1803032
1392806691,8,4099863
1392808195,21,8604572
1392809620,6,995948
1392810267,7,238655
1392812174,26,14233386
1392812696,9,785107
1392812822,35,936692
1392813015,12,3774602
1392814279,12,8611070
1392814473,11,5532711
1392814911,13,6013518
1392815356,20,5815979
1392815403,38,1014769
1392816211,10,4209025
1392816455,7,1296998
1392816764,42,22360293
1392819239,22,1917596
1392819365,14,10426673
1392821808,5,2007139
1392824374,3,406409
1392825657,43,4782933
1392826206,8,1128993
1392826820,23,4305107
1392826919,35,12002367
1392827466,11,822521
1392828915,14,549309
1392831303,17,885944
1392831958,19,1596203
1392836294,14,11290183
1392838692,13,598463
1392844828,15,523533
1392847505,40,4573967
1392848093,11,3224657
1392848545,30,4437189
1392849002,15,5001365
1392852152,135,97255201
1392854620,114,49331258
1392855408,22,6167375
1392856002,17,11389926
1392857167,37,24255723
1392857373,39,24135852
1392857411,18,652256
1392858512,45,7189424
1392860127,24,7508930
1392861100,13,4088021
1392861128,16,3933813
1392861337,18,1376225
1392861959,34,8508795
1392863137,77,9298175
1392864383,19,3652798
1392866100,63,40387610
1392866228,38,15812589
1392866497,19,2208825
1392866815,48,25646526
1392867393,11,5514277
1392867634,13,3983350
1392867678,10,4351130
1392867772,21,1548339
1392867780,4,565608
1392868658,7,520173
1392871478,148,99344405
1392871573,50,31292112
1392872029,80,20653953
1392873601,22,1725766
1392873874,11,1595563
1392874563,24,13854140
1392874630,47,19758780
1392875097,28,2315562
1392875825,7,3767612
1392876298,18,5415135
1392876533,46,23709987
1392878420,74,40177343
1392880516,9,2334615
1392881479,67,41457527
1392882088,3,846996
1392882632,33,16083102
1392883364,20,7632332
1392883748,22,3943043
1392884973,13,1470948
1392885454,27,21318762
1392885807,15,4880235
1392886465,12,3378248
1392886503,11,1090179
1392886952,12,4001253
1392887271,29,15557151
1392887960,29,5404668
1392889458,9,5831951
1392890085,16,4157601
1392890556,7,924299
1392891047,12,1514189
1392891493,13,5435925
1392892654,27,9488572
1392894026,9,3993263
1392894341,12,4234114
1392895606,17,808982
1392898394,9,1252236
1392898488,22,6596949
1392898932,25,8450711
1392899706,33,2284867
1392900206,24,12358332
1392901283,16,1902020
1392901339,10,1428998
1392902179,12,1018628
1392903493,18,3019096
1392904136,19,2728122
1392906243,16,4869830
1392906639,14,1479931
1392910972,35,39568241
1392911188,27,2460150
1392911265,34,12358610
1392911882,19,7629185
1392912596,12,2029279
1392914221,31,7465916
1392914230,16,4497876
1392914259,10,1419834
1392914966,25,1918256
1392915989,9,959476
1392917852,21,1720896
1392918795,22,2006095
1392920242,30,844629
1392920521,7,871428
1392921384,19,2658765
1392922459,15,2172773
1392922857,57,33328957
1392923173,14,532678
1392923213,35,1482397
1392924146,16,2430642
1392924890,13,3620123
1392924997,5,2262623
1392925409,18,6452506
1392925774,5,1111598
1392927006,70,40974030
1392927112,9,1850040
1392927945,12,4008372
1392928207,32,2962884
1392928428,34,2458944
1392929654,59,17255387
1392930480,27,7039641
1392930716,23,6405666
1392931259,73,27275209
1392931849,35,7671354
1392932051,204,97879545
1392932099,43,15066326
1392932736,6,459176
1392935572,17,3491447
1392935711,42,3648823
1392936230,16,2242889
1392936646,273,93821602
1392936743,45,12235143
1392936993,4,1277653
1392937297,7,1714093
1392939606,64,17308139
1392941714,26,12331699
1392942516,32,9894966
1392943119,48,10940647
1392943153,18,5241715
1392944335,14,2827272
1392947269,10,3147803
1392947758,21,5006974
1392948801,27,14569262
1392949165,11,2864293
1392949257,11,2331342
1392949886,25,12553137
1392951404,7,1291442
1392951589,10,2366688
1392952813,8,2319766
1392953719,22,6234543
1392953721,8,2186053
1392954603,4,6273819
1392954891,39,3228915
1392958284,6,7342301
1392958323,15,2644345
1392958507,4,3949454
1392958770,17,346593
1392960376,23,12747021
1392964541,36,2833389
1392964876,41,2817801
1392968040,19,1179531
1392969413,19,5937873
1392971048,16,1449380
1392975108,14,1033793
1392980138,13,754245
1392981037,11,958990
1392983125,30,9250550
1392984799,9,542069
1392993178,10,1492103
1392997736,25,10122481
1392998909,12,1325252
1393001974,16,3497508
1393003305,22,6890691
1393004638,12,1496986
1393005406,13,9604371
1393021812,10,2499880
1393026102,24,2302432
1393038675,15,1101961
1393055067,12,881191
1393064087,12,760691
1393079978,22,1733861
1393085633,13,1520683
1393095612,7,759061
1393099442,14,510801
1393105675,12,1577829
1393108917,9,376196
1393112088,44,6585320
1393122781,18,1115667
1393122825,32,2178923
1393123803,20,7693743
1393126257,12,3140962
1393126433,4,1077429
1393126839,9,1174688
1393127669,6,1114533
1393130356,11,5739117
1393132444,49,27823527
1393133192,39,15805570
1393134305,25,15991584
1393135025,37,19045562
1393137341,10,731171
1393137932,62,20656678
1393139211,3,153516
1393139479,31,12768172
1393141070,10,2904701
1393141724,7,576466
1393143029,28,1169792
1393143179,20,1427646
1393143209,14,1388628
1393144553,37,20954112
1393150281,79,10142508
1393150649,6,610455
1393154547,21,1324528
1393156593,10,399950
1393170189,410,146201775
1393170555,9,1222939
1393171443,30,2578499
1393172037,27,1721993
1393172342,35,15298772
1393172780,20,2997759
1393173800,30,11429575
1393176377,28,6046292
1393177537,14,495840
1393177933,44,18348117
1393178657,5,231949
1393181120,13,1375770
1393181953,21,1360395
1393183391,28,9508518
1393183915,13,3385247
1393184045,7,2157004
1393184771,17,5708417
1393187224,45,24756427
1393188031,25,12529502
1393188450,9,379039
1393189044,26,6190140
1393190961,18,3230583
1393191590,9,578484
1393192043,15,23884535
1393195277,16,5694633
1393197048,11,935307
1393201510,12,3777113
1393202297,10,919691
1393209013,20,905676
1393209771,22,3811873
1393218565,17,6872187
1393220006,24,2143773
1393221033,34,3082258
1393221303,11,3037474
1393221947,20,740226
1393222387,33,15528270
1393222592,10,1613641
1393223032,6,147535
1393225380,18,9637990
1393225646,8,4781912
1393225655,53,16228379
1393229706,12,3704457
1393232827,4,1479607
1393234059,5,706720
1393239253,13,8400218
1393241564,23,14805526
1393241841,5,961089
1393242204,4,542195
1393242362,38,1742775
1393243083,12,6519448
1393246779,14,4348577
1393247136,22,7786897
1393248011,10,4312251
1393249247,22,11076376
1393250470,13,3028769
1393250811,38,3217692
1393254349,14,1370356
1393254880,11,531547
1393258522,13,667240
1393260276,12,2164956
1393262217,11,613614
1393262534,24,2421922
1393263415,19,6311495
1393264135,47,3028506
1393265389,21,1240384
1393266220,23,2200113
1393276651,8,734965
1393276676,19,2525751
1393278648,11,660025
1393283119,53,15045069
1393286763,3,396631
1393287163,23,724666
1393288017,17,9390738
1393288166,18,1484134
1393288425,55,28542455
1393289309,10,2190892
1393289707,65,36727502
1393289772,12,2880289
1393290025,21,4055845
1393290441,9,2086908
1393290741,8,1387480
1393292176,60,38674161
1393292649,8,4737666
1393294173,13,1313621
1393294254,10,886726
1393294309,12,4112441
1393295579,9,549019
1393297023,47,27201025
1393297273,9,6772784
1393297447,11,4426238
1393298629,13,1604733
1393298942,83,35935359
1393299143,5,1712206
1393300166,48,2307693
1393301874,11,5155703
1393302297,3,341322
1393303120,13,5485053
1393305629,18,8749466
1393305884,13,4569778
1393306805,8,2220228
1393306879,9,5545072
1393307395,15,398564
1393308463,85,47753244
1393308810,11,2187485
1393310147,32,24335798
1393310771,16,4827103
1393311581,21,5425350
1393311902,13,9707605
1393311911,30,6262465
1393311975,17,4096355
1393312525,12,3982206
1393314449,19,8278281
1393314861,5,1338991
1393315838,15,5229710
1393316609,12,7097904
1393317829,4,1024533
1393320086,6,3556167
1393320202,17,1957338
1393320673,9,4593903
1393321262,21,2062857
1393321829,9,3403325
1393322566,16,3662818
1393322982,13,2277859
1393323437,7,390856
1393325079,21,2901261
1393325434,22,2797379
1393331070,13,1330103
1393331538,39,1825394
1393334558,15,2932181
1393335328,14,1670275
1393336968,12,1281767
1393337980,32,996451
1393338460,15,1310493
1393338618,11,600477
1393338824,18,1397766
1393339424,13,918530
1393339476,26,1253066
1393342630,8,416424
1393343303,21,2467580
1393344165,70,5690768
1393344780,15,1621979
1393347136,31,1132671
1393350673,27,7318959
1393351373,10,1190263
1393351727,108,74346815
1393352355,9,2892680
1393353589,8,3918627
1393355076,21,13815787
1393355524,7,2848442
1393357276,33,2989455
1393357811,30,11588803
1393358172,27,2534492
1393358859,40,14963318
1393359710,18,2183627
1393360507,22,8364617
1393360674,26,6628826
1393360678,218,159732772
1393361259,22,6338012
1393362258,22,4057899
1393362468,12,3245119
1393362487,104,27426414
1393363780,22,11705991
1393364699,5,697415
1393364763,29,10200224
1393367554,17,4747635
1393367949,33,2974060
1393369152,14,5058140
1393369655,17,1051312
1393370168,9,666300
1393370632,6,608964
1393371610,26,1760909
1393371797,45,14742663
1393372579,113,66444363
1393372791,9,2336289
1393373382,26,9772216
1393373466,75,35328198
1393373714,12,2280610
1393374147,11,475311
1393374605,17,3065101
1393375749,11,720118
1393376086,12,15892591
1393376714,8,1415288
1393376853,23,15523771
1393376882,127,37468612
1393379308,18,4441620
1393379608,30,1135025
1393380282,8,355932
1393380299,23,11766571
1393380386,20,4358667
1393381048,59,21611513
1393381214,8,1071968
1393381785,14,2377538
1393381890,10,5259522
1393382035,35,4842435
1393382432,26,1867010
1393382545,17,5907826
1393382838,17,1041237
1393382881,29,1846751
1393382973,8,591945
1393384264,12,2462339
1393385102,9,5533081
1393385164,44,21192532
1393385445,39,19048037
1393386157,20,1963666
1393386488,5,1016037
1393386816,13,5609537
1393387274,14,1998117
1393388062,5,875432
1393388084,23,7424679
1393388849,14,1407862
1393389244,12,4328415
1393389535,23,3341372
1393390294,10,1063735
1393390854,67,5021924
1393391378,29,5036650
1393392770,12,2551343
1393393383,15,2550910
1393394200,6,22730450
1393394705,23,1871711
1393395630,11,987551
1393395868,20,1634863
1393397163,15,1642573
1393398747,16,1418265
1393399073,5,215376
1393400110,67,2571549
1393400371,29,8564566
1393401650,71,4238167
1393403754,21,1499611
1393405536,18,2502851
1393406208,30,4875178
1393407336,23,2147809
1393408229,20,1496192
1393409774,18,4187495
1393416938,13,1308767
1393417298,12,335140
1393418060,3,234462
1393418579,25,4266241
1393420008,6,182733
1393421091,123,38051856
1393422579,65,19564826
1393423035,514,197353659
1393423503,40,1302448
1393426344,24,11189137
1393428642,4,965073
1393429095,24,3469198
1393430411,18,5079927
1393431321,56,21168083
1393433759,32,11721656
1393436193,9,502870
1393437120,82,54599497
1393437834,5,336825
1393440181,12,2647303
1393441213,6,2855127
1393441854,39,22420621
1393442157,16,3320173
1393442530,16,3033854
1393442543,3,616226
1393445463,55,15656387
1393446442,11,3665672
1393446950,6,3597480
1393447299,6,585790
1393447577,15,4864279
1393448745,8,635217
1393449146,10,1670294
1393449776,14,7588194
1393455236,10,3505636
1393455566,3,726990
1393458333,16,6050049
1393460673,91,14108948
1393462516,29,6984633
1393462764,14,3120801
1393463291,17,1476157
1393471927,25,2886445
1393475723,24,3625294
1393482639,7,473426
1393487305,5,409420
1393495106,6,360996
1393535852,16,456677
1393545012,6,246873
1393547270,15,1505809
1393550439,20,1428864
1393555174,20,1535267
1393555232,12,822075
1393559181,20,1576479
1393561477,13,325305
1393565483,38,2782197
1393572366,29,2292080
1393579173,21,1457446
1393583576,13,609999
1393585737,18,11119045
1393586162,57,3705055
1393589093,10,744681
1393590999,25,15309893
1393594155,16,8975940
1393602487,4,209749
1393609987,10,821659
1393613951,23,1433197
1393615180,21,1804217
1393615213,14,4148838
1393617752,22,5231063
1393618689,6,1719149
1393618961,34,2027066
1393621494,17,4052130
1393622409,79,29670756
1393622946,35,12224126
1393625048,3,911552
1393627146,32,9339498
1393627152,13,3040717
1393627307,71,29891640
1393628009,7,266954
1393628943,4,3442681
1393630046,22,12509065
1393631507,13,353687
1393634402,21,7245261
1393634762,26,12805118
1393640313,8,824001
1393644487,12,5252477
1393648702,103,60912936
1393650912,23,2355541
1393658341,30,2303551
1393658870,14,861291
1393660387,100,34525530
1393660997,11,877278
1393661696,31,2371773
1393662731,9,869078
1393662908,30,1879194
1393664199,121,54553452
1393665948,59,2370581
1393666544,19,1621265
1393666574,102,23195991
1393667083,6,4542035
1393668428,86,47066236
1393672170,31,12822517
1393673375,6,1930706
1393673585,8,1521829
1393674279,28,9887386
1393675723,14,575302
1393676760,13,7111902
1393677228,47,21679752
1393678028,3,1420010
1393680164,11,3116978
1393684222,9,2437156
1393684468,12,2941947
1393689121,35,1972859
1393695394,8,789868
1393695660,60,8384959
1393695920,17,1492841
1393696139,15,1113163
1393697781,8,993716
1393700386,12,799548
1393700592,20,1847194
1393701376,23,2734228
1393702500,33,3131849
1393703122,9,1403971
1393703907,48,1606296
1393704515,13,751504
1393705470,13,690780
1393707641,22,1141293
1393709544,26,2328186
1393710649,15,1151497
1393713381,40,1690628
1393713417,23,1813933
1393713470,3,558963
1393714218,46,3871734
1393714535,9,1678721
1393716568,10,2979897
1393718429,14,2359788
1393722199,27,1297631
1393724486,51,4440642
1393724872,21,6658250
1393726994,27,11899241
1393728133,7,1563829
1393729552,11,1025442
1393731570,15,3480773
1393732272,72,29529614
1393733111,18,6145680
1393735215,16,1308925
1393735602,14,6548689
1393735809,21,1261413
1393737831,7,1713561
1393741163,24,2663452
1393741398,55,4342443
1393741474,30,4488678
1393743209,32,2667346
1393745985,17,2237974
1393746168,55,5395132
1393748460,30,1116029
1393749913,6,530453
1393752902,49,1960624
1393753333,17,1938143
1393753537,17,984061
1393756435,20,2005502
1393762066,32,1587876
1393763246,9,1730405
1393764824,19,6976246
1393767973,9,3662642
1393769060,16,9490711
1393770379,20,13699681
1393773172,13,3681007
1393773612,16,4164192
1393774562,6,502363
1393774625,20,677276
1393774838,55,23827840
1393775057,65,37645558
1393775583,15,1277555
1393775708,15,6940631
1393776078,6,322801
1393777570,84,21030413
1393778980,13,2021957
1393779713,53,28930387
1393781333,25,10367756
1393781564,104,3194205
1393783566,5,1805634
1393784510,37,19619501
1393785038,10,4964933
1393785896,4,663908
1393786231,14,3270703
1393786534,13,5918599
1393786649,20,5168373
1393787077,7,1076187
1393787696,26,2525145
1393787798,26,11964000
1393787803,4,1721054
1393788672,6,1244535
1393789054,20,4749857
1393789270,6,1067220
1393789313,24,730913
1393789577,28,12503638
1393791231,8,966518
1393791344,8,4253826
1393791819,8,4240684
1393792876,204,109770518
1393792906,5,2893185
1393794228,16,7086827
1393794459,38,12182862
1393794507,15,471490
1393794972,20,9237453
1393795450,29,7871976
1393795783,24,4317828
1393796284,8,2832333
1393796393,44,3875991
1393797216,63,38161917
1393797542,17,5357987
1393797553,11,594994
1393798067,16,2914013
1393798094,11,1413465
1393798683,33,10236666
1393799199,4,954600
1393799712,18,9102564
1393800594,4,1151652
1393801301,16,1897774
1393801526,6,300162
1393801773,29,3891510
1393802303,61,1365455
1393803134,14,4048699
1393806073,19,3828819
1393807059,17,4553351
1393807350,24,11299351
1393808154,15,5951000
1393810212,6,1194704
1393810514,34,1712688
1393811669,30,1529226
1393811917,13,3307817
1393812267,17,960084
1393814504,14,4913410
1393816908,13,1640891
1393818084,9,5012173
1393818476,17,1863808
1393819285,32,1250582
1393819918,20,1757770
1393821232,16,1226793
1393821445,17,503067
1393824666,20,1049510
1393824998,58,4727354
1393826831,9,4321950
1393829814,18,627049
1393829940,17,1613066
1393830578,32,6143389
1393830623,6,1312684
1393836059,13,1729536
1393836515,76,25476949
1393836752,3,109611
1393837837,26,6751546
1393838686,19,6567826
1393839391,18,5004964
1393840088,17,3901664
1393840925,6,362663
1393840936,146,47975587
1393841866,15,621699
1393842099,111,32309910
1393842601,8,2375509
1393843623,13,4761358
1393845015,18,2876054
1393846047,18,861534
1393849233,18,3785183
1393850495,8,1355821
1393851014,143,50954342
1393851214,18,911843
1393851922,66,35111823
1393852763,122,37276572
1393855346,14,3761211
1393855521,25,13706880
1393855774,36,10953546
1393856195,10,2006614
1393856419,23,4952758
1393857038,14,1870229
1393857302,317,165388385
1393858659,123,3659895
1393858919,59,2477234
1393858954,47,34137379
1393859512,7,2071868
1393860366,30,10876430
1393860391,22,5291596
1393862672,18,6285663
1393863824,22,815230
1393863854,8,3962207
1393864200,66,23839787
1393864657,18,6591948
1393865137,12,2296630
1393866491,28,20332428
1393866528,6,439447
1393866620,21,10206398
1393867435,35,14235939
1393868279,19,6507384
1393868382,9,2145152
1393869158,15,12206625
1393869699,9,697917
1393869876,46,1129541
1393870474,14,4743096
1393870503,35,10843655
1393870944,17,5796911
1393872619,30,18970273
1393874159,13,4711723
1393874299,31,20531159
1393874660,90,2028749
1393875679,9,621869
1393876306,14,4775639
1393876575,28,3417508
1393876752,13,2281830
1393876775,44,22735236
1393877710,9,3574401
1393881870,31,3027151
1393882879,21,360005
1393884949,12,2693451
1393887710,46,6958543
1393888375,41,1147819
1393889750,11,601477
1393889900,34,4569409
1393890397,34,1980140
1393891576,20,2426902
1393891968,202,26199065
1393892031,4,399178
1393894832,5,2057833
1393895338,16,654016
1393898952,10,104209
1393899144,15,8520400
1393899725,11,831367
1393902497,12,1039160
1393902974,26,2193976
1393903378,38,4307290
1393905185,76,29414157
1393905439,18,536808
1393905889,12,1109637
1393906580,4,727328
1393907658,11,778882
1393907816,13,1176905
1393908899,7,570698
1393909626,7,247841
1393911393,73,9576670
1393914343,14,999616
1393914813,44,17171002
1393915046,33,2347292
1393915535,14,4551186
1393916085,120,41496735
1393916554,48,4658763
1393917130,13,4193963
1393920536,85,28359775
1393921626,41,12377456
1393922247,7,3742577
1393923002,12,713212
1393923075,13,2062500
1393924698,28,7665328
1393925848,9,248984
1393927440,129,87127787
1393927575,10,2477733
1393928648,68,28000041
1393928675,6,1609356
1393928794,33,11175289
1393929949,27,8627640
1393930511,14,6317958
1393930586,8,2213485
1393931490,4,978231
1393932283,38,10133601
1393932998,6,1464263
1393934196,43,17067295
1393934635,19,1753954
1393934652,13,2413241
1393935584,25,5877566
1393936291,20,6684600
1393936452,18,2735913
1393937036,15,893159
1393939304,98,28292508
1393941995,24,4006663
1393942043,11,2978958
1393942724,15,1119304
1393948821,12,568261
1393952258,15,3972888
1393964723,6,2418970
1393964729,15,4220184
1393971046,15,1319729
1393974333,8,876131
1393979252,59,7825536
1393979417,9,1206506
1394025568,20,1235224
1394032238,17,3541367
1394033621,17,3901220
1394042826,17,4273511
1394046618,18,1090613
1394052021,15,790502
1394067909,17,927914
1394075249,14,1233119
1394079191,8,520800
1394079224,4,1634412
1394079992,11,1065243
1394091749,17,3450162
1394094896,17,2633525
1394097034,11,1160264
1394100924,54,29091562
1394103661,24,6438175
1394104139,13,2587784
1394104162,23,2300082
1394105908,12,1263553
1394106293,16,5423333
1394106461,24,8047333
1394108529,58,20437208
1394109453,12,12860204
1394111047,120,48929547
1394115847,31,11024098
1394116785,11,712352
1394117958,21,9828441
1394120774,12,2785924
1394125136,33,5020434
1394125407,37,22846412
1394126071,51,1472373
1394131845,11,28568951
1394142787,7,761468
1394145225,20,4588626
1394147177,20,2130151
1394147762,120,39675347
1394147979,21,4909667
1394148616,4,1392152
1394149797,24,8137072
1394151388,32,12036200
1394152575,90,36035544
1394153060,62,21693774
1394153518,29,5197486
1394153827,8,1893579
1394155740,31,20352869
1394156638,14,4583436
1394158100,46,9108157
1394158421,8,2135655
1394158664,18,5243394
1394159081,14,3532493
1394159236,15,2802172
1394161105,16,3612299
1394161858,37,10133809
1394163835,23,9680162
1394164059,59,6158750
1394165015,17,5073771
1394167225,30,16189489
1394167289,27,9209801
1394170175,6,879474
1394171344,5,1598466
1394172085,8,608379
1394172739,27,25158497
1394173753,7,2993703
1394174393,22,1903428
1394175478,21,1071564
1394176905,12,557144
1394178420,10,4105433
1394178552,13,523604
1394179201,22,896748
1394182599,13,877064
1394184034,9,487409
1394186650,9,1243195
1394189958,8,728948
1394195771,63,1420678
1394195978,16,666499
1394200852,10,1020928
1394202051,75,3024990
1394206014,101,64444533
1394206579,22,1886933
1394207080,18,4399585
1394209394,9,6355322
1394214009,25,10784730
1394214249,12,3092020
1394214388,59,4747790
1394214699,75,25512508
1394214950,146,74477503
1394214959,40,3232597
1394219312,31,554338
1394220057,8,1064621
1394220448,7,3093804
1394222113,11,954263
1394222295,23,3401645
1394224452,6,841736
1394224903,8,1935803
1394225755,16,11173940
1394227369,15,1599069
1394227674,54,1296886
1394228126,121,38433744
1394229930,12,1584680
1394229938,5,181763
1394232691,110,8270872
1394235423,7,3147044
1394236811,21,1257916
1394238364,20,465375
1394238825,29,2694421
1394239704,97,3035836
1394240068,23,31994792
1394242855,22,2096609
1394244027,16,426630
1394244453,7,1873884
1394245743,16,2299916
1394246049,16,1122690
1394247712,9,249408
1394248820,12,954723
1394249162,13,918189
1394250088,11,1359943
1394251059,33,916159
1394252169,5,481635
1394252628,13,682527
1394253817,25,3106536
1394254626,12,1027310
1394256529,45,5557897
1394259056,12,2688344
1394260315,6,3266738
1394260812,13,5376354
1394261209,13,1140044
1394261440,173,42406002
1394264464,86,63320806
1394266716,4,524815
1394268551,25,14794073
1394268739,17,439187
1394268902,12,1806015
1394270132,49,3173167
1394270492,13,3118285
1394270632,8,810097
1394272458,5,593724
1394273077,48,23034506
1394273562,76,28880752
1394273887,10,597529
1394275023,19,5091498
1394275167,32,7180025
1394275414,12,655073
1394276151,33,8028836
1394277356,6,1533713
1394278505,16,5656737
1394278807,11,601923
1394278994,37,13443212
1394279740,14,9278693
1394279939,10,1265730
1394280689,7,2522545
1394281554,6,2510350
1394282289,26,15328139
1394282855,6,2610318
1394283037,50,14567329
1394284299,29,8943897
1394284610,7,2926208
1394285671,22,702371
1394285740,34,4489179
1394285956,4,1300592
1394286054,16,429232
1394287958,18,713327
1394288452,16,3862823
1394288668,11,2555034
1394289807,11,3434415
1394291983,5,1944058
1394292012,20,6279795
1394292396,50,1952823
1394297552,26,2018277
1394297830,9,458737
1394299973,133,10150773
1394304096,8,495442
1394304242,13,729090
1394305468,3,317508
1394307956,30,1826601
1394308448,18,1594474
1394309169,75,6599444
1394310341,39,22093410
1394313811,86,2933767
1394315006,12,509734
1394316792,31,1404341
1394320071,32,14035580
1394321229,24,1986372
1394324509,7,652983
1394327038,58,31591647
1394327143,17,839447
1394327329,5,185497
1394327925,4,259970
1394327934,299,77090185
1394329288,25,738036
1394329326,15,2543076
1394330099,15,1111973
1394330389,8,464580
1394330715,45,3831918
1394331423,15,706289
1394331970,10,2711288
1394332989,12,4800942
1394332997,15,983022
1394333799,26,18053719
1394334080,23,3426184
1394334444,81,40126025
1394335218,305,187005655
1394335325,27,1874515
1394338207,45,22698020
1394339376,19,5988288
1394339539,27,13101064
1394341656,55,16759503
1394342302,7,3782730
1394343062,115,65513019
1394343125,16,1102160
1394344417,18,5816099
1394347138,7,2505758
1394347205,13,1351813
1394347337,17,3342054
1394348603,93,58420362
1394348687,27,25851810
1394348955,85,24252087
1394349618,21,12516705
1394349716,39,3018786
1394349812,10,3079158
1394350017,57,29803609
1394350169,20,8040765
1394350411,112,42625451
1394352252,5,1884656
1394352796,10,2124984
1394353099,6,809937
1394353953,13,607652
1394354577,13,5417310
1394356153,12,2198994
1394356428,31,8578326
1394356775,29,11066277
1394357084,20,3619516
1394357180,6,1673470
1394357488,3,822033
1394357734,24,4166791
1394358564,15,4754983
1394358697,12,4263637
1394358720,19,6746098
1394360037,15,6107631
1394361125,12,2392319
1394361320,15,2508772
1394361328,5,1561538
1394361339,17,2670214
1394361450,48,20132664
1394361997,22,2903930
1394363527,11,3397657
1394363791,20,13002431
1394364349,11,2508435
1394365278,18,3576967
1394366099,5,2621240
1394367391,20,10985110
1394368063,71,12750347
1394368188,9,1352606
1394368683,8,1223935
1394369597,11,1697510
1394371001,14,1032001
1394372926,10,1886713
1394372992,23,1992566
1394373578,23,3554457
1394374422,14,5171083
1394374717,80,3006399
1394374908,39,24157930
1394375064,23,1212079
1394375110,13,6254246
1394376047,13,1668479
1394379976,27,3615816
1394379999,18,2699908
1394381647,27,1191067
1394384097,13,622141
1394384268,16,3823200
1394386732,5,3364161
1394387200,5,869953
1394387370,7,542516
1394388356,37,3955745
1394389559,57,5509074
1394389907,7,920694
1394391688,10,3448351
1394394060,6,217622
1394394771,22,1345727
1394395006,12,516581
1394397787,14,1423788
1394398425,14,1861183
1394398452,25,4918220
1394399486,12,1871130
1394399522,16,6684682
1394401737,11,1185105
1394401777,19,8082880
1394403401,24,2797660
1394404380,78,29401094
1394404445,31,9723958
1394405977,34,5706182
1394406728,10,447339
1394407577,5,196372
1394407911,23,4189247
1394408648,241,145609014
1394408987,12,525703
1394409776,16,696313
1394410265,36,1484444
1394411051,7,1486223
1394411311,8,674424
1394411439,21,1237065
1394412063,54,7117867
1394413594,36,13052905
1394414205,19,1117608
1394416244,46,5812627
1394417719,24,25617435
1394417726,35,12956548
1394421405,24,7966816
1394421499,17,6512550
1394422632,4,12323706
1394423123,31,782702
1394424639,4,85005
1394425159,36,12317432
1394425325,17,2005306
1394425960,18,2049192
1394426461,31,2530808
1394426714,14,1207098
1394426751,21,1151624
1394427083,10,3909638
1394427618,13,8130938
1394427818,12,6531550
1394427912,46,857133
1394428485,21,10566836
1394429377,31,13904984
1394430295,10,855091
1394432092,36,5465418
1394432181,3,1526550
1394432814,3,1168936
1394432911,7,3751520
1394433135,16,8749624
1394433138,17,3906076
1394435828,27,3172847
1394435856,18,6207420
1394436269,11,2909596
1394436310,17,6173063
1394436481,22,6564321
1394437311,13,3140670
1394437534,178,85047816
1394439096,23,8326355
1394439182,13,2696060
1394439822,8,847780
1394440086,14,1388071
1394440138,15,4689477
1394441241,11,5572660
1394441926,16,5166849
1394443375,35,2811858
1394444328,23,2447563
1394446275,5,700399
1394448831,12,735446
1394450645,16,4983982
1394455093,15,971658
1394455215,32,2308316
1394460246,12,504324
1394460751,25,2697038
1394461690,18,2699594
1394466294,20,953909
1394469842,17,1571750
1394473614,7,428346
1394476860,16,6044208
1394482796,8,3558887
1394483817,10,1269933
1394485226,12,8459196
1394489145,48,22806402
1394491360,15,1486770
1394494099,8,176481
1394502220,6,528157
1394505674,19,5875819
1394506926,15,2721911
1394507433,12,651433
1394508712,21,4461074
1394524669,57,5128481
1394525693,18,1122984
1394560095,13,876736
1394575974,82,24418871
1394580138,34,2025086
1394580283,11,1261890
1394585587,49,4108393
1394589150,6,284015
1394592867,12,701040
1394607879,22,1591794
1394632178,9,22955949
1394640626,9,2241033
1394640904,63,20992921
1394641442,11,3033289
1394641705,8,2605129
1394648020,37,3583173
1394648178,109,47464779
1394650444,7,2394048
1394650790,17,2659270
1394651077,8,844166
1394652391,10,180034
1394653308,48,18791768
1394653937,22,6742684
1394656755,12,1254807
1394658510,13,2266283
1394660873,24,5781946
1394661291,16,10281621
1394662396,46,8133774
1394662450,16,3315185
1394675667,7,583134
1394677401,7,445639
1394678479,17,748612
1394682528,24,1456723
1394682673,12,4981375
1394682918,34,806720
1394683275,31,963113
1394688635,6,259507
1394689593,22,7921001
1394689609,30,1605038
1394689851,89,3082029
1394691916,174,58536467
1394692608,249,93706408
1394697137,30,767496
1394699704,15,3750003
1394701176,9,448481
1394701826,13,2534488
1394702028,198,72836453
1394705373,33,18800508
1394705586,14,809101
1394706026,39,1588424
1394707280,12,2260922
1394708802,14,569448
1394711571,62,16358695
1394711995,36,8221610
1394712210,13,697990
1394712319,83,26920867
1394712386,7,1449833
1394713210,10,2254136
1394713318,16,11450724
1394717686,56,2815252
1394719021,27,1218692
1394719242,39,23550758
1394719440,15,5031325
1394720556,12,7981660
1394724153,38,16976324
1394724322,45,22477124
1394728046,14,2851242
1394728182,10,399777
1394728784,6,3965702
1394729215,51,1063520
1394731780,12,2361456
1394734344,10,2466649
1394736498,11,1078315
1394738656,19,787358
1394741412,22,807212
1394741882,13,920004
1394745710,24,1477036
1394751526,25,3204687
1394753361,23,631392
1394754248,27,6841874
1394755186,19,2015530
1394756120,24,1223696
1394758501,8,2984430
1394758548,19,1628378
1394758707,49,4036818
1394760769,18,973938
1394763345,16,1872603
1394765031,5,1123859
1394765794,115,59676989
1394766238,11,3614043
1394767170,15,4264126
1394768686,7,3462343
1394768849,19,4847938
1394768954,11,3665592
1394769241,159,91663068
1394770402,85,45380318
1394770762,3,1794501
1394770956,10,3548053
1394771280,24,1264596
1394771858,53,33104686
1394772296,15,3447685
1394773146,10,2305666
1394773443,20,4444994
1394774628,33,19044244
1394775067,6,1471968
1394776042,17,3810409
1394777003,12,590055
1394777222,34,7110955
1394777329,9,1297082
1394777702,29,13661479
1394777907,16,3256271
1394779720,8,2615087
1394780113,15,1222650
1394780596,5,91220
1394781430,10,4085428
1394781556,7,2225335
1394781873,123,57464778
1394782032,149,95532743
1394782381,11,1774803
1394782845,7,2460526
1394782933,21,2757512
1394783264,42,1595701
1394783327,14,716134
1394783403,27,951625
1394783541,13,8947895
1394783939,19,5444543
1394784161,14,4743329
1394784422,22,3105619
1394784585,34,16245891
1394784865,15,2598416
1394784967,14,7197558
1394786672,8,462663
1394787305,11,9817455
1394789124,24,19377489
1394789161,11,2421090
1394791025,11,6316561
1394791034,10,517696
1394791769,40,4014044
1394792236,29,1912069
1394793085,23,3600551
1394794614,31,2414385
1394797043,41,3217418
1394798504,23,2771652
1394799361,6,348299
1394800299,35,1936334
1394801234,10,949537
1394802992,14,1442105
1394804158,19,2467786
1394807288,22,2315307
1394807741,115,11769570
1394809941,15,1333257
1394810981,20,1812006
1394814096,16,749934
1394814697,24,1812201
1394816190,6,802616
1394817617,9,787736
1394817686,21,1269072
1394817971,33,1548208
1394818597,15,5869182
1394819639,21,869610
1394819706,5,512179
1394820555,62,20173471
1394820812,18,1704070
1394821365,18,4499426
1394824471,8,389971
1394824755,192,108336636
1394824791,20,8159563
1394825433,42,1333633
1394826856,62,6670729
1394826902,10,563263
1394827917,11,4401701
1394828912,41,2090549
1394828972,12,1085856
1394829982,24,2036337
1394831092,16,795249
1394831205,59,19033575
1394832167,6,2020792
1394833812,11,276449
1394836076,30,1029104
1394836209,82,30772780
1394837225,14,3121135
1394837401,12,2820005
1394837983,10,275921
1394838882,28,7922011
1394840718,14,358302
1394841043,15,1129934
1394842557,29,13633295
1394843290,12,3894059
1394843524,17,1400497
1394844235,13,752606
1394846475,19,1972036
1394846721,9,3021631
1394848987,6,3550229
1394850453,7,581369
1394850932,5,1188639
1394850945,18,3255312
1394851924,36,19257118
1394854504,15,2759721
1394854840,18,21138845
1394855479,15,3368517
1394856173,17,4139543
1394858208,10,285343
1394859016,21,6994720
1394860499,67,7447642
1394864208,5,214989
1394865059,4,1482027
1394865896,14,1992865
1394869134,27,2307793
1394871352,14,2159747
1394875070,20,1148161
1394875803,26,2752358
1394876475,10,270638
1394878824,9,601388
1394880876,39,3380687
1394881793,7,567053
1394883018,8,408642
1394885936,3,236928
1394887676,5,1834300
1394887718,7,1344814
1394888750,11,1980295
1394888782,14,504464
1394888866,19,4823331
1394889712,14,183872
1394889993,45,21187818
1394892958,7,1314993
1394893716,20,6213057
1394893775,11,910761
1394895250,193,78364441
1394895756,78,36378757
1394896213,5,396825
1394896226,3,260991
1394896933,71,50227000
1394897508,102,13113125
1394897980,24,2059271
1394898663,30,7924369
1394898850,35,7984468
1394899241,29,4115110
1394899854,6,554795
1394899971,8,773786
1394901136,23,5313484
1394901985,7,202310
1394903262,184,106054019
1394903830,44,36122584
1394904263,44,22619338
1394905599,27,11765753
1394906113,11,3749948
1394907466,16,2985765
1394907610,43,20625952
1394907713,43,676624
1394908129,14,782141
1394908203,42,1058674
1394909833,9,8429544
1394911012,5,2152844
1394911206,7,1959221
1394911230,122,23443721
1394911267,186,80534944
1394912039,35,11093437
1394912256,13,6691678
1394912325,11,1351146
1394912453,21,5932156
1394913063,8,2655993
1394913194,8,1472678
1394913436,8,3142693
1394913537,19,9845857
1394914384,18,5993375
1394914437,22,1000492
1394914462,17,7052748
1394915808,7,1024121
1394916265,22,2753191
1394917575,23,2281757
1394917738,17,2790895
1394918278,12,4659472
1394918845,11,2960824
1394919213,17,5022702
1394919665,9,5482003
1394920887,9,1729968
1394921045,20,12083448
1394921593,45,18385354
1394923170,27,10429314
1394923363,11,5018991
1394923409,13,3444512
1394924101,13,2868336
1394924276,29,14459952
1394925635,15,4282296
1394927707,16,7367174
1394927910,66,1436434
1394928213,3,594855
1394929782,27,10409039
1394929840,9,2626800
1394930182,12,2429031
1394930311,24,56238546
1394931073,64,40825226
1394932744,11,651444
1394937396,7,2509845
1394937450,16,5456690
1394938968,15,3853514
1394939374,18,1335418
1394940350,24,2025495
1394944202,18,2554447
1394944266,19,4899954
1394945920,29,933598
1394946838,12,3239714
1394949085,16,393933
1394955774,19,8305413
1394956312,14,594117
1394961105,18,16305307
1394961231,14,2444046
1394961632,13,746403
1394962408,4,466552
1394963328,57,23444317
1394963718,343,126031911
1394964364,22,7791770
1394964754,14,4152058
1394965086,19,6094887
1394965852,29,11510620
1394966021,37,897200
1394967339,6,575569
1394968912,3,759894
1394969123,14,7303377
1394970992,18,7373234
1394973071,4,1200659
1394976205,16,4823525
1394977149,16,1563560
1394977161,20,1937118
1394977894,36,13244375
1394978255,3,980041
1394979118,38,13676760
1394979944,18,8696304
1394981013,14,4501044
1394981491,124,82877613
1394981784,58,21003457
1394981914,20,3273537
1394981943,16,5507327
1394982418,12,478175
1394984081,19,3772429
1394984553,23,2189001
1394986723,22,4907854
1394987325,10,2670106
1394988223,49,5501602
1394988483,35,14939800
1394988712,14,4222154
1394989517,29,9332428
1394989725,5,1487139
1394990515,40,5926542
1394990614,5,480225
1394990846,13,5752133
1394991277,45,12026656
1394992503,18,2382005
1394993025,24,7392129
1394993314,19,6032051
1394993820,20,4124331
1394995052,32,12215615
1394995079,21,6144363
1394995421,37,14368322
1394995810,18,5409450
1394996720,8,609325
1394997107,16,2918411
1394997692,17,7620858
1394998712,9,3595953
1394998820,26,6683910
1395002780,18,1561816
1395004521,13,3985872
1395005552,23,2162663
1395009574,15,1648755
1395012080,11,957937
1395013499,11,937396
1395017290,19,3889722
1395017735,3,70530
1395018591,10,858641
1395020212,47,3359276
1395025929,12,1757591
1395030127,24,1492168
1395034086,17,1645824
1395040524,19,985591
1395042053,5,507903
1395044653,21,5805836
1395044768,18,3832072
1395045632,22,13513409
1395049456,13,844471
1395050233,24,1928564
1395054349,14,3893391
1395057932,12,734477
1395066252,13,1404086
1395071436,19,1296856
1395074345,9,1246780
1395075292,14,2709883
1395116422,13,2238997
1395130630,21,1667916
1395140451,13,869919
1395152328,7,261862
1395153843,14,770386
1395157150,38,3005649
1395163427,28,991691
1395164673,11,1335432
1395164775,8,2314399
1395166996,14,2979912
1395168222,17,3197311
1395177343,27,953362
1395177575,18,6763467
1395181069,14,492141
1395182279,12,3942255
1395183414,15,5562102
1395191002,15,616563
1395193429,10,897597
1395194562,15,892352
1395205684,16,3471978
1395208018,33,2446116
1395208203,12,3380815
1395211716,8,3275184
1395212610,41,4413178
1395213204,21,9209186
1395215190,10,3213552
1395215841,10,3804664
1395216880,59,18488569
1395218308,20,974214
1395222442,131,65176287
1395222940,26,8558079
1395223471,96,45621542
1395226097,12,1524007
1395226368,35,775223
1395227613,11,4617013
1395227738,92,44514375
1395229137,30,2055356
1395229859,9,1333623
1395231234,13,5175895
1395233317,13,11907734
1395233747,45,17470162
1395233951,9,1918589
1395234086,16,1783074
1395234783,24,10976215
1395236545,46,2599640
1395236801,24,10737245
1395237056,12,1005146
1395239404,63,20604096
1395239969,29,2337896
1395241162,9,2207208
1395241780,4,643316
1395241925,6,6010504
1395244528,9,3162544
1395245930,60,1917508
1395246542,13,829191
1395246925,7,4622043
1395249768,14,1704424
1395250014,7,610280
1395255812,27,20155637
1395258970,45,1561184
1395262093,24,1769005
1395263240,10,1207433
1395267462,11,11767716
1395269496,33,2261750
1395269619,6,218841
1395270380,4,188775
1395270847,48,20292195
1395275874,41,21762402
1395277378,11,1466812
1395277409,9,1056753
1395277918,16,1313736
1395279605,90,30058006
1395280523,45,11364232
1395281803,12,136954
1395283918,4,1163142
1395284120,53,15654221
1395284356,6,1357949
1395286263,10,7446557
1395286457,11,2392907
1395286488,16,10969137
1395288581,13,1375886
1395288650,14,489822
1395290425,96,38020959
1395291237,30,28836225
1395291836,36,10037135
1395292353,6,1128528
1395294406,9,2224532
1395295258,26,10289662
1395295378,16,6089131
1395297403,24,1134528
1395298606,10,1588223
1395298737,21,6303448
1395298959,13,5373379
1395299372,22,8299615
1395301710,88,32018183
1395301840,83,10577797
1395302334,19,970428
1395303534,43,14996206
1395303933,14,1630930
1395305236,29,9286534
1395305838,3,2871299
1395305966,9,3390795
1395307342,9,2408722
1395307698,10,8214144
1395308773,14,3679831
1395310913,10,1217430
1395311808,3,958457
1395314927,6,1405161
1395317821,7,1298158
1395319417,14,3947960
1395320698,10,4313420
1395321634,54,3438443
1395322139,5,178725
1395324016,15,797755
1395324698,18,7552268
1395325317,22,1209869
1395328651,13,948171
1395329809,25,1791735
1395334697,56,6680462
1395334894,20,1128790
1395335149,10,6988134
1395336156,5,863928
1395337188,28,440885
1395338405,18,1203579
1395342101,8,905358
1395342543,22,234399
1395344645,14,3963369
1395348188,185,70431278
1395349839,27,2567201
1395353265,3,1146601
1395353548,13,2931895
1395356597,18,8796268
1395357116,20,2385615
1395357643,22,2160486
1395358530,12,7628139
1395359692,29,9113094
1395359711,4,1735491
1395360182,17,4880815
1395361356,34,14171274
1395362188,156,92607076
1395363322,8,2051375
1395365459,11,2190775
1395366237,22,5371372
1395366475,13,4552274
1395366550,28,10309301
1395366693,17,23863475
1395368364,4,792958
1395369913,19,6046746
1395370422,85,32920572
1395370570,28,9798580
1395370870,11,1639178
1395372040,142,91462929
1395372450,3,1199751
1395372734,132,82821581
1395375660,22,8235573
1395377332,18,5522587
1395380399,28,4016278
1395382333,11,4419049
1395382974,23,7996340
1395384963,47,6463928
1395387430,12,405645
1395387847,17,5242951
1395388659,10,570815
1395388879,42,23743212
1395391126,10,937379
1395391976,39,2099372
1395394378,6,1312781
1395397090,28,1619166
1395397699,28,498620
1395397899,10,1015544
1395397967,16,3327878
1395402259,7,360550
1395406685,44,2355534
1395407792,11,2990005
