Guild,win,loss,Total,Winrate (%)
-,1084,3064,4148,26.1
0 BLock,1,0,1,100.0
0000 Gero,2,9,11,18.2
0N A FAIM,25,18,43,58.1
1 3 3 7,20,31,51,39.2
1 8 8 1,3,17,20,15.0
1-st,21,47,68,30.9
105-4636,0,1,1,0.0
111111111111111111111111111111,2,1,3,66.7
1111223,0,3,3,0.0
11SKATE11,0,2,2,0.0
11e Choc,0,3,3,0.0
141st Division,7,35,42,16.7
146,0,2,2,0.0
1488REDAN52FEMBOY67ZXC1000-7,2,4,6,33.3
1500,0,1,1,0.0
187Strassenbande,6,1,7,85.7
18Fevralyalyalya,0,1,1,0.0
199PKrP,0,1,1,0.0
1Clap 1Dream,67,37,104,64.4
1DEUS_VULT1,9,45,54,16.7
1KlaS,0,2,2,0.0
1MBA,0,1,1,0.0
1The Berserker1,0,2,2,0.0
1Turn,34,27,61,55.7
1black hammer,3,5,8,37.5
2006-06-06,0,1,1,0.0
2007-08-01,0,3,3,0.0
228_xXx_B777OP_xXx_228,1,1,2,50.0
238,0,3,3,0.0
2v2hellgate,3,1,4,75.0
300 IRON,0,1,1,0.0
30kk pvp destroyer,0,1,1,0.0
322_FISTING_322,1,8,9,11.1
33meow,0,7,7,0.0
375,0,2,2,0.0
385347N 770133W 1865,2,0,2,100.0
3DangGang and Deena,0,6,6,0.0
3Monkey,0,1,1,0.0
3Y3,1,1,2,50.0
3rb,19,10,29,65.5
40-1,16,20,36,44.4
420 MIND,2,4,6,33.3
420 VICIO,2,12,14,14.3
439 RELOADED,0,3,3,0.0
4FUNBR Academy,0,1,1,0.0
4SAN,5,7,12,41.7
4rpodaha,0,1,1,0.0
4th Bulgarian Kingdom,1,0,1,100.0
4vk_kindr,1,0,1,100.0
500 Logiki,0,4,4,0.0
52GORILLAZ,0,8,8,0.0
5th Floor,0,1,1,0.0
665,8,7,15,53.3
66_66,6,2,8,75.0
67 Festive,1,1,2,50.0
6e6e Cmecb,0,1,1,0.0
7 RONIN,0,3,3,0.0
7 THRONES,0,3,3,0.0
707,3,2,5,60.0
73R,0,1,1,0.0
777qaq,0,1,1,0.0
7HARVEST7,0,1,1,0.0
7nshl,13,15,28,46.4
8991,0,2,2,0.0
89Squad,0,2,2,0.0
8bit,0,2,2,0.0
950ip,0,2,2,0.0
999 WRLD,1,3,4,25.0
A Bank L,0,1,1,0.0
A Bomba Pazi,2,1,3,66.7
A G R O,2,9,11,18.2
A K U M A,4,2,6,66.7
A L T E R - E G O,12,12,24,50.0
A LA CARTE,1,2,3,33.3
A M B U S H,10,0,10,100.0
A N G M A R,2,2,4,50.0
A N T I C A,9,17,26,34.6
A R E T E,15,20,35,42.9
A S G A R D,4,11,15,26.7
A S T R A L,1,6,7,14.3
A SKILL ISSUE,245,91,336,72.9
A U R,9,28,37,24.3
A X I O M,0,1,1,0.0
A Z E R O T H,10,52,62,16.1
A i n C r a d,0,2,2,0.0
A x i s,8,20,28,28.6
A-N-G,0,1,1,0.0
A-S-T-R-A,0,1,1,0.0
A-tripleS,0,11,11,0.0
A11one,0,1,1,0.0
A3OB,13,15,28,46.4
A7squad,12,28,40,30.0
ABAHGARD,0,3,3,0.0
ABOB,2,8,10,20.0
ABTOVOKZAL,0,2,2,0.0
ACAB,29,146,175,16.6
ACADEMI,41,68,109,37.6
ACHERONS,0,19,19,0.0
ACRONIS,0,1,1,0.0
ADAKENT,1,1,2,50.0
ADICTOS AL FARMING,8,28,36,22.2
AFTER LiFE,0,3,3,0.0
AGARTHA IS REAL,9,7,16,56.2
AGONIJA,0,1,1,0.0
AIN SOYL GON,0,3,3,0.0
AIbion Online,4,0,4,100.0
AKM Almighty Killer Monster,5,40,45,11.1
AKPARTII,0,2,2,0.0
AL-IN,1,1,2,50.0
AL3RAKY,0,1,1,0.0
ALA DEL IMPERIO,1,2,3,33.3
ALAZ,2,0,2,100.0
ALCATRAS,3,1,4,75.0
ALC_GAMER,0,2,2,0.0
ALE_SIBERLIGHT_TbI_AXYEL,0,1,1,0.0
ALFISH,0,2,2,0.0
ALICUECANO,1,12,13,7.7
ALKARFEN,0,1,1,0.0
ALL IN GAMBIT,0,7,7,0.0
ALPHA FEDERATION,0,11,11,0.0
ALTARIUS,13,12,25,52.0
AMC Corporation,0,1,1,0.0
AMINOGLU GANK,1,3,4,25.0
AMbassador,0,1,1,0.0
ANAFARTALAR KUMANDANLIGI,0,1,1,0.0
ANALfist,0,1,1,0.0
ANANASIK,3,7,10,30.0
ANATOLIAN WRATH,2,5,7,28.6
ANGEL HEART,0,11,11,0.0
ANIME GIRL LOVERS,0,1,1,0.0
ANKLAW,2,3,5,40.0
ANNEXIA,78,71,149,52.3
ANO,1,3,4,25.0
ANTI-GANKERS,1,3,4,25.0
ANTIMAGI,0,3,3,0.0
ANTINAZE,0,1,1,0.0
ANWAR,1,2,3,33.3
ANY,0,4,4,0.0
ANY FIGHT,230,106,336,68.5
AO MMM,2,0,2,100.0
AOL,2,3,5,40.0
APES TOGETHER STRONK,2,5,7,28.6
APOTEKA,2,8,10,20.0
APOYU SIKENLER,0,1,1,0.0
AQUAMARINE,8,39,47,17.0
ARABIC,0,1,1,0.0
ARBYZI FUUZYTRONA,0,2,2,0.0
ARC TERYX,0,1,1,0.0
ARCANGEL,2,1,3,66.7
ARCH0NS,13,8,21,61.9
ARCHITEUTHIS,0,4,4,0.0
ARDOR,1,1,2,50.0
ARG,1,13,14,7.1
ARGANAT,0,6,6,0.0
ARKHEM,0,1,1,0.0
ARMA,1,1,2,50.0
ARMAGEDDON,2,10,12,16.7
ARMOR CLUB,3,1,4,75.0
ARMatyra,3,5,8,37.5
AROGANTS,1,0,1,100.0
ARRACHEZ-VOUS,7,4,11,63.6
ARSLANLAR,0,1,1,0.0
AR_Danger,2,13,15,13.3
ASH Templars,1,0,1,100.0
ASTRAL RIFT,0,3,3,0.0
AT KAFASI,0,2,2,0.0
ATAUD-NEGRO,1,4,5,20.0
ATB SLONI,2,0,2,100.0
ATBFeshoin,1,5,6,16.7
ATLAS Corporation,2,7,9,22.2
AUTRAGH,1,2,3,33.3
AVA Vikings,0,3,3,0.0
AVALANCHE 2 SPERME,1,9,10,10.0
AVALON-KNIGHTS,0,4,4,0.0
AVANTYRISTY,0,2,2,0.0
AWAFOXES,3,10,13,23.1
AYKA CLAN,0,1,1,0.0
Aatrox Maid Cafe,0,2,2,0.0
Above The Law,2,8,10,20.0
Above30,3,11,14,21.4
Absolute Anarchy,4,2,6,66.7
Absolute Order,1,7,8,12.5
Abyss of Eden,0,6,6,0.0
Abyss watcherss,2,9,11,18.2
Abyssal Walkers,8,58,66,12.1
Acolits,1,2,3,33.3
Acolyte tripped me,0,2,2,0.0
Adaptable to Everything,7,16,23,30.4
Admin,0,4,4,0.0
Adracadabra,1,0,1,100.0
Advance,5,16,21,23.8
Aegis Invica,0,1,1,0.0
Aenima,0,2,2,0.0
Aetern,1,4,5,20.0
After Death,0,2,2,0.0
After Work Warriors,4,0,4,100.0
Against All Authority,0,1,1,0.0
Aggressively Average,10,15,25,40.0
Aggrocalypse,1,4,5,20.0
Agoge,2,21,23,8.7
Ahoj,7,46,53,13.2
AiBolit,2,18,20,10.0
Aida,0,1,1,0.0
Aimo,0,1,1,0.0
Ainhorn,0,2,2,0.0
Ainz Oo_al Gown,0,1,1,0.0
Ainz Ooall Gown,0,2,2,0.0
Aiys,0,3,3,0.0
Ak_atsu_ki,0,1,1,0.0
Akashi,1,0,1,100.0
Akdeniz,0,5,5,0.0
Akuera,0,1,1,0.0
Akumaa,0,4,4,0.0
Al andalus,1,16,17,5.9
Al-Qaeda,3,10,13,23.1
Al-andaluz oris,0,11,11,0.0
Alambra,0,8,8,0.0
Alas Negras,0,3,3,0.0
Alattera,0,1,1,0.0
Albi0n Cringe,5,4,9,55.6
AlbinaSexovaFans,3,1,4,75.0
Albion Devils,0,7,7,0.0
Albion Global Trading Company,5,31,36,13.9
Albion Haters,0,1,1,0.0
Albion Hunter,0,3,3,0.0
Albion Pensioners,1,5,6,16.7
Albion Stock Exchange,0,1,1,0.0
Albion Taxi,1,8,9,11.1
Albion Warriors,0,2,2,0.0
Albion Working Party,0,2,2,0.0
Albion game trip,0,1,1,0.0
Albion-Offline,6,5,11,54.5
Albion_Solar eclipse,1,7,8,12.5
Albionierzy,0,1,1,0.0
Albions Finest,3,15,18,16.7
Alcartia,0,2,2,0.0
Alkogolizm,0,3,3,0.0
Alkraar,0,1,1,0.0
Allbion,0,1,1,0.0
Alleanza,0,8,8,0.0
AllianceOfScurletRoseAndCross,0,1,1,0.0
Almas Agrias,57,143,200,28.5
Almost Mistik,0,3,3,0.0
AloneInAlbion,1,2,3,33.3
Alpagut TR,85,73,158,53.8
Alpha Capibara,0,1,1,0.0
Alt F 4,1,1,2,50.0
AltMetall,29,30,59,49.2
Alter Ego,0,1,1,0.0
Althing,4,18,22,18.2
AlwaysAFK,0,1,1,0.0
Amanojaku Clan,0,1,1,0.0
AmantiDellaPatata,0,1,1,0.0
Amarti,0,3,3,0.0
Amaterasu-Kami,1,7,8,12.5
AmbiValent,0,1,1,0.0
Ambitious,3,51,54,5.6
Amen and Combat,1,15,16,6.2
Amethysts,0,1,1,0.0
Amigos Fumar,0,1,1,0.0
Amist,0,3,3,0.0
Amlasma,1,3,4,25.0
Amumu Syndicate,0,8,8,0.0
An Earnest Endeavour,0,1,1,0.0
AnArtistsOfUs,3,16,19,15.8
Anadolu Turk,3,13,16,18.8
Anal Festival,15,46,61,24.6
Anarchyz,7,7,14,50.0
Anatolian Rebels,73,206,279,26.2
Anchored,21,22,43,48.8
Andrusyaks,0,1,1,0.0
Angel Cartel,0,3,3,0.0
Angry fuzzies,1,3,4,25.0
Angry_Farmers,1,3,4,25.0
Angus army,1,5,6,16.7
Anima Bellum,28,57,85,32.9
Ankoay,6,6,12,50.0
Anointed,0,1,1,0.0
Antcolony,3,10,13,23.1
Anti Defamation League,4,5,9,44.4
Anti-Hohl Group,2,0,2,100.0
Antipositive,36,44,80,45.0
Antrax Army,1,2,3,33.3
AoA,0,10,10,0.0
Apocalytica,0,6,6,0.0
Apotheose,0,1,1,0.0
Apselotte,0,3,3,0.0
Aquarius Era,1,2,3,33.3
Aquascutum,1,2,3,33.3
ArLand,1,2,3,33.3
Arab Falcons,0,11,11,0.0
Arab Lions,25,126,151,16.6
Arab_ Avengers,1,4,5,20.0
Arabian Crafters,2,1,3,66.7
AracnoPochos,3,14,17,17.6
Arcane Dominion,1,2,3,33.3
Arcanist,1,9,10,10.0
Arch-imps,1,8,9,11.1
ArchangeIs of Death,0,1,1,0.0
ArcherFrancais,16,18,34,47.1
Archons,34,28,62,54.8
Ardens,0,1,1,0.0
AresSp,2,6,8,25.0
Ariena city,0,1,1,0.0
Arkaim,0,1,1,0.0
Arkham Asylum SL,0,1,1,0.0
Armour,2,13,15,13.3
ArmyOfWolves,0,3,3,0.0
Arrows of Time,1,15,16,6.2
Ars Vincere,0,1,1,0.0
Arthas,0,1,1,0.0
Arvahe Jahanami,0,1,1,0.0
Arz3,4,16,20,20.0
Ascendance,3,5,8,37.5
Ascensio Ex Ruina,0,2,2,0.0
Ascension,237,350,587,40.4
AsganaFlow,0,2,2,0.0
Ashbound,42,35,77,54.5
Ashen Fall,4,12,16,25.0
Asherax,0,1,1,0.0
AshmaRK,1,2,3,33.3
Asleep in the Deep,0,1,1,0.0
AsortikBabys,4,6,10,40.0
Asteriya,0,15,15,0.0
Astra Ignis,30,85,115,26.1
Astral Covenant,1,0,1,100.0
Astral Keepers,2,0,2,100.0
Astres des Mages,14,10,24,58.3
AsturGalaicos,23,40,63,36.5
Atomic Cats,2,7,9,22.2
Atone,0,2,2,0.0
Attack on Femboys,0,1,1,0.0
Attractivemen,0,5,5,0.0
Aulnay-sous-Bois,7,21,28,25.0
Aumdor,7,5,12,58.3
Auric Dominion,0,1,1,0.0
Aurora Onirica,2,19,21,9.5
Aurora Shadow,0,2,2,0.0
Autumn Oath,22,4,26,84.6
AvA Rabbits,3,6,9,33.3
AvaBirds,4,17,21,19.0
Avalon Coalition,2,0,2,100.0
Avalon Collectors,2,13,15,13.3
Avalon Karp,5,15,20,25.0
Avalon Marauders,2,5,7,28.6
Avalon Police,1,2,3,33.3
Avalon Power,18,7,25,72.0
Avalon-speed run,0,3,3,0.0
Avalonian Architects,0,8,8,0.0
Avalonian Guardians,0,1,1,0.0
Avangarda,0,14,14,0.0
Avasurf Club,7,5,12,58.3
AveohTM,1,6,7,14.3
Average SwoleBenji Enjoyer,1,5,6,16.7
Axe in the Ass,0,1,1,0.0
Axios,0,19,19,0.0
Aylaklar,2,7,9,22.2
AzGuards,0,3,3,0.0
Azgard,15,85,100,15.0
Azula,0,5,5,0.0
Azura,2,2,4,50.0
Azure Covenant,0,4,4,0.0
Azure Spirits,0,1,1,0.0
Azured,87,68,155,56.1
B E R S E R K,1,4,5,20.0
B E R S E R K R,2,9,11,18.2
B I Z O N,0,2,2,0.0
B L A S P H E M O U S,0,1,1,0.0
B L E S S E D,4,5,9,44.4
B L I N K,39,29,68,57.4
B1ackSmith,0,2,2,0.0
B4NK,3,3,6,50.0
B888OP 777,1,3,4,25.0
BACKSTAB CO,66,207,273,24.2
BADABUM,1,3,4,25.0
BADBOY GANK,11,13,24,45.8
BAD_TRIP,0,1,1,0.0
BALABANN BOZA,0,1,1,0.0
BANDIT GROM,3,4,7,42.9
BANDIT SQUAD,5,10,15,33.3
BANE,9,67,76,11.8
BANK OF AVALON,0,1,1,0.0
BARAD-DUR,0,1,1,0.0
BARBARLAR,45,34,79,57.0
BAROSANI,2,19,21,9.5
BATUTIKI,2,3,5,40.0
BAZA PVE,0,1,1,0.0
BD Balkan,0,4,4,0.0
BDSM EROTICA,1,1,2,50.0
BDU,39,93,132,29.5
BEAR brothers PL,1,4,5,20.0
BEHIND YOU,0,1,1,0.0
BEKD,0,1,1,0.0
BELA,0,1,1,0.0
BELIEVE the GOOD NEWS of JESUS,0,2,2,0.0
BEPCTAK,0,5,5,0.0
BERMUD,4,3,7,57.1
BES,7,6,13,53.8
BESDAR1,1,3,4,25.0
BEZDNA BOMJEY,2,1,3,66.7
BGFR,7,9,16,43.8
BGIIQ,0,1,1,0.0
BHASHNIKI,4,27,31,12.9
BHC for War,4,5,9,44.4
BIBA-BOBA,5,9,14,35.7
BIBD,6,1,7,85.7
BIG BOSS,6,7,13,46.2
BIG FRESH MEAT,1,3,4,25.0
BIGDADDY,12,28,40,30.0
BIIRI,1,3,4,25.0
BIRTENGRII,23,65,88,26.1
BIackBerry,1,17,18,5.6
BIue Army,48,5,53,90.6
BLACK FLIPPERS,2,2,4,50.0
BLACK FURY,2,6,8,25.0
BLACK HAND-ARMY,0,2,2,0.0
BLACK REQUIEM,2,5,7,28.6
BLACK S1DE,0,10,10,0.0
BLACK STROM,0,3,3,0.0
BLACK SUMMER,1,20,21,4.8
BLACK SUN RISING,0,1,1,0.0
BLACK-BOAR,9,41,50,18.0
BLACK-TIE,10,5,15,66.7
BLACK_BEARS,0,1,1,0.0
BLADE2FACE,1,1,2,50.0
BLASTED,1,1,2,50.0
BLIS,0,1,1,0.0
BLLAK_ TOOPSS,0,2,2,0.0
BLOOD TRAIL,0,4,4,0.0
BLOODRISE,1,29,30,3.3
BLOODY BOMB,0,8,8,0.0
BLUE ZONE SLAYERS,2,0,2,100.0
BLUE light,0,1,1,0.0
BLYAT STORM,32,90,122,26.2
BLZZARD,0,2,2,0.0
BMW228,1,3,4,25.0
BOAR CLUB,0,1,1,0.0
BOARS_HEAD,0,1,1,0.0
BOMB0CLAT,2,7,9,22.2
BOMBER LAND,0,1,1,0.0
BOMBERMAN,50,84,134,37.3
BOPE,0,1,1,0.0
BOSPHOR,4,5,9,44.4
BOZKURT BEYLIGI,1,2,3,33.3
BOZKURTLAR_Turks,0,1,1,0.0
BRATLAND,0,1,1,0.0
BRIDGEWACHT ESP,0,5,5,0.0
BRONANS,1,7,8,12.5
BROTHERHOOD-OF-BLOOD,7,31,38,18.4
BRRRRRRR,28,18,46,60.9
BTCPVPAlliance,0,2,2,0.0
BUK,1,2,3,33.3
BULLY ON TOP,0,2,2,0.0
BWK,0,1,1,0.0
BYE,13,25,38,34.2
B_E_A_R_S,10,63,73,13.7
BaBa TeK,1,1,2,50.0
BabaGalya V KIMONO,0,1,1,0.0
BabyMamonTS,0,1,1,0.0
Backdoor,0,1,1,0.0
Backstab Syndicate,5,8,13,38.5
Bad Girls,9,3,12,75.0
Bad_Boys,0,1,1,0.0
BadgirlS,2,6,8,25.0
Balders,1,1,2,50.0
Balgaskiy perchik,0,4,4,0.0
BaliBaloDansSonBerceau,2,4,6,33.3
Balkan Legion,18,42,60,30.0
Banana Republic,0,2,2,0.0
Band of Crusaders,2,6,8,25.0
Band of the Hawk,10,1,11,90.9
BanderShtat,34,93,127,26.8
Bandit Bashers,1,3,4,25.0
Bandit Country,0,2,2,0.0
Bandit of Bandits,0,7,7,0.0
Bandits,64,174,238,26.9
Bandits New Era,0,2,2,0.0
Bang Broos,9,2,11,81.8
Barabi,2,2,4,50.0
Barbarians,4,10,14,28.6
Bard Boyz,1,3,4,25.0
Bardak,0,6,6,0.0
BarrakudAss,0,1,1,0.0
Basata,0,2,2,0.0
Bastard,0,1,1,0.0
BattleStar Galactica,22,76,98,22.4
Battlerite,1,0,1,100.0
Batu hejO,1,9,10,10.0
Bawsdeep,1,2,3,33.3
Be like water,10,5,15,66.7
BeBeBus,0,2,2,0.0
BeStTrAdErS,3,2,5,60.0
Bear-Slayers,4,9,13,30.8
BearsGuard,6,14,20,30.0
BebraSosiki,0,4,4,0.0
BedzieFajnie,0,2,2,0.0
Beer Cats,0,3,3,0.0
Beer Lovere Club,0,2,2,0.0
BeerZerg,0,1,1,0.0
Beginning After the End,0,1,1,0.0
Behind a Dark,1,1,2,50.0
Being as an ocean,20,43,63,31.7
Beklar,0,1,1,0.0
BelarusPride,0,1,1,0.0
Bellatores,1,2,3,33.3
Bells Dragons,0,2,2,0.0
Bend Over,0,5,5,0.0
Berkut,0,3,3,0.0
Berserkion,59,250,309,19.1
Berserkir,2,22,24,8.3
Besedka,0,21,21,0.0
Beshanie,0,2,2,0.0
Besiktas,0,2,2,0.0
Best Guild,3,4,7,42.9
Best Intentions,0,2,2,0.0
Best Laid Plans,2,4,6,33.3
BestVojebEver,6,3,9,66.7
BestattungsGmbH,23,24,47,48.9
Better Side Of Gaming,1,1,2,50.0
Between Worlds,1,1,2,50.0
Beyaz Kurt,2,10,12,16.7
Beyhude,0,1,1,0.0
Beyond The World,0,4,4,0.0
BiPoLar,16,42,58,27.6
Bianca,3,5,8,37.5
BiedaBezKasy,2,4,6,33.3
Big Booty Latinas,4,0,4,100.0
Bigotillo Army,1,2,3,33.3
Bigsnow,0,1,1,0.0
Bikini _ _ Bottom,2,1,3,66.7
Billi,1,17,18,5.6
Billionaires,18,43,61,29.5
Birbs and Kittens,3,7,10,30.0
Birileri,1,3,4,25.0
Biriyaani,0,1,1,0.0
Bite Marks,0,4,4,0.0
Bl1tzkrieg,27,24,51,52.9
Black Clock,1,8,9,11.1
Black Covenent,1,6,7,14.3
Black Cr0wn,2,1,3,66.7
Black Heather,0,1,1,0.0
Black Legion,17,59,76,22.4
Black Mask,0,1,1,0.0
Black Metal ist Krieg,0,2,2,0.0
Black Oath,0,2,2,0.0
Black Omen,1,7,8,12.5
Black SIict,0,1,1,0.0
Black Seaa,0,1,1,0.0
Black Sentinels,39,110,149,26.2
Black Sheeps,5,19,24,20.8
Black Ship,0,5,5,0.0
Black Sky,20,30,50,40.0
Black Sword,5,12,17,29.4
Black Team,0,1,1,0.0
Black Tigers,0,1,1,0.0
Black Veil Order,0,10,10,0.0
Black hell,0,1,1,0.0
Black hunters,0,1,1,0.0
Black-Templars,0,1,1,0.0
BlackCobra,0,2,2,0.0
BlackThrone,3,5,8,37.5
BlackZoneFarm,0,1,1,0.0
Black_line,0,3,3,0.0
Blackorchid,0,2,2,0.0
Blacks Dragons,0,1,1,0.0
Blacksheald,1,4,5,20.0
Blade Of Persia,0,4,4,0.0
Blade of The Mists,0,2,2,0.0
BladeWorX,2,0,2,100.0
Blakice,1,2,3,33.3
BlankSouls,1,0,1,100.0
Blasphemous Cult,8,11,19,42.1
Blattodea Homicida,0,7,7,0.0
Blight Reapers,14,6,20,70.0
Blizzard,0,1,1,0.0
Bloggot_gild,0,9,9,0.0
BlooD SunrisE,4,9,13,30.8
Blood And Tears,124,76,200,62.0
Blood Evils,1,4,5,20.0
Blood Monkey,16,10,26,61.5
Blood Pact,67,66,133,50.4
Blood Raiders,0,2,2,0.0
Blood Tea Party,15,9,24,62.5
Blood of Asgard,1,1,2,50.0
BloodKillers,0,8,8,0.0
BloodSKY,2,5,7,28.6
BloodSong,7,11,18,38.9
BloodStriders,19,19,38,50.0
Bloodbound Order,42,59,101,41.6
Bloodmarked Pact,17,46,63,27.0
Bloods Legion,43,19,62,69.4
Bloody Drunkards,0,1,1,0.0
Bloody Relict,5,15,20,25.0
Blqck Sun,1,0,1,100.0
Blue Army Freedom,0,1,1,0.0
Blue Screen,7,11,18,38.9
Blue Zone Warriors,0,3,3,0.0
Blue-Gold Order,0,2,2,0.0
BlueBalls,1,1,2,50.0
BlueDragon,1,14,15,6.7
Blyvotnik,0,1,1,0.0
Boar Squad,2,12,14,14.3
BoardBeard,0,1,1,0.0
Bocchi the Rock,4,2,6,66.7
Bohem,0,2,2,0.0
Bollwerk,19,53,72,26.4
BombarBeer,1,1,2,50.0
Bombordilo Crocodilo,0,1,1,0.0
BonSaissx,32,72,104,30.8
Bong Hits For Jesus,0,1,1,0.0
Bonobo 1,1,0,1,100.0
Born To Rise,0,2,2,0.0
Bougnoules,15,19,34,44.1
Boys dont cry,4,10,14,28.6
Bozkurt Legacy,3,7,10,30.0
Bractwo Brzasku Dnia,1,1,2,50.0
Bractwo Zapomnienia,0,1,1,0.0
BrainLegends,0,1,1,0.0
Brainfucks,2,9,11,18.2
Brainrotten,0,1,1,0.0
Brama Piekiel,3,2,5,60.0
Brass Dragon Companions,0,1,1,0.0
Brave And Faithful,0,1,1,0.0
Brawl Squad,27,52,79,34.2
Brawler Company,1,2,3,33.3
Brazil Avalon Guild,0,3,3,0.0
BridgeGuard,0,1,1,0.0
Bridgevatch,6,21,27,22.2
Bridgewatch,13,34,47,27.7
Bridgewatch Bad Boys,0,3,3,0.0
Bridgewatch Defenders,13,38,51,25.5
Bridgewatch Elite,5,1,6,83.3
Bridgewatch Pandas,0,1,1,0.0
Bridgewatch1,0,1,1,0.0
Brigade des ombres,0,6,6,0.0
Bright AbYss,1,10,11,9.1
BrokZaBrok,1,2,3,33.3
Broken Halo,0,3,3,0.0
BrosBeforeHoes,2,5,7,28.6
Brotherhood of Freedom,0,1,1,0.0
Brotherhood of knights,0,1,1,0.0
Brotherhood of the dark ravens,0,2,2,0.0
Brotherly solidarity,0,2,2,0.0
BuS0o0,0,1,1,0.0
BuggerS,1,0,1,100.0
Bulibanda,6,11,17,35.3
Bullets,0,1,1,0.0
BumHairs,1,9,10,10.0
Bureau Of Investigation,0,1,1,0.0
Burial,19,4,23,82.6
Burmal Dance,0,2,2,0.0
Burning Violet,0,2,2,0.0
Burrow,3,6,9,33.3
Bush Bandits,29,55,84,34.5
Bushido no Kage,0,7,7,0.0
Bushrangers,0,2,2,0.0
Butaneros Avalonicos,3,16,19,15.8
Buynie Golovy,2,6,8,25.0
Bybonna9 4yma,2,6,8,25.0
Bylock,58,80,138,42.0
C A N N A B I S,1,0,1,100.0
C A S P E R,5,2,7,71.4
C I T A D E L,0,6,6,0.0
C K A M,43,11,54,79.6
C L A D E S,26,38,64,40.6
C O N T R O L,1,0,1,100.0
C O S M O S,2,0,2,100.0
C Y R U S,11,119,130,8.5
C-A-T-A-L-Y-S-T,0,3,3,0.0
C0PACABANA,2,22,24,8.3
C2H50H,20,17,37,54.1
CABRINHA,0,1,1,0.0
CAGANISSO,0,5,5,0.0
CALLIDUS,5,33,38,13.2
CANDY SHOP,0,10,10,0.0
CBuHbu,0,1,1,0.0
CEBEP-BOCTOK,0,2,2,0.0
CEM9_3EBCA,3,6,9,33.3
CH1LL GU1LD,3,26,29,10.3
CHARIKAT LMARSSA,0,1,1,0.0
CHEAP CRAFT BRIDGEWATCH,0,1,1,0.0
CHEAP CRAFT FORT STERLING,6,11,17,35.3
CHEAP CRAFT LYMHURST,2,13,15,13.3
CHEAP CRAFT MARTLOCK,0,2,2,0.0
CHEAP CRAFT THETFORD,1,9,10,10.0
CHEBYRECHESTVO,0,1,1,0.0
CHOPI,0,3,3,0.0
CIA TEAM,0,1,1,0.0
CIRCUS EMPIRE,0,1,1,0.0
CLWN,0,20,20,0.0
CMEMCb,2,4,6,33.3
COCK RIDERS,1,1,2,50.0
COCOA_fm,0,4,4,0.0
COHLLE,0,3,3,0.0
COLEBblE MAMbl,0,2,2,0.0
COMPA,0,3,3,0.0
CONK BAYIRI,0,4,4,0.0
CONT1NENTAL,0,3,3,0.0
CONTEX,3,2,5,60.0
CORPO,1,6,7,14.3
CORRUPTION,0,1,1,0.0
CORTEXIPHAN,5,7,12,41.7
COSA-NOSTRA,0,5,5,0.0
COSMOTE,2,2,4,50.0
COSTANTIN,1,0,1,100.0
CRASHBOYS,11,7,18,61.1
CRAZY_WANDERER,1,1,2,50.0
CREW357,0,1,1,0.0
CRISGUN,18,79,97,18.6
CRL Double Leg,0,5,5,0.0
CRU,1,15,16,6.2
CRYSTAL BATTLE EAGLE,1,6,7,14.3
CTF,9,3,12,75.0
CTFC,1,0,1,100.0
CTPAX,8,50,58,13.8
CTPAXA-HET,5,3,8,62.5
CUCKLORDS,4,12,16,25.0
CUM on Gankers Lips,47,53,100,47.0
CVK GANGER,2,12,14,14.3
CXC,4,0,4,100.0
CZARNE CHMURY PL,0,2,2,0.0
Ca va etre mechant,0,1,1,0.0
CaSpErBlAcK,0,5,5,0.0
Caballeros de la gracia,1,0,1,100.0
Caerleon Life,2,3,5,40.0
Caja Rural,0,4,4,0.0
Calm Trading Company,0,1,1,0.0
Camelott,1,5,6,16.7
Camping Brats,2,0,2,100.0
Canibals,4,27,31,12.9
Cape Dancers,166,150,316,52.5
Capes and Bags,0,1,1,0.0
CapiMastri,1,4,5,20.0
Capibara,4,17,21,19.0
Cappuccino Assassino,6,36,42,14.3
Capybara Fortis,0,1,1,0.0
Caramba,0,4,4,0.0
Cardinal Sins,0,2,2,0.0
Carleon Blood Contract,27,56,83,32.5
Carleon squad,3,6,9,33.3
Carleons specters,0,1,1,0.0
Carnivale Tenebris,1,8,9,11.1
Carpet Ninjas,45,64,109,41.3
Cast Aways,10,21,31,32.3
Casterly Rock,1,0,1,100.0
Castlevania,8,20,28,28.6
Catgdom,8,19,27,29.6
Catharsis,29,15,44,65.9
Catnip_Tea_Party,3,8,11,27.3
Cats and Chaos,1,6,7,14.3
CazaRecompensas,0,3,3,0.0
Cazadore,0,3,3,0.0
Cazagankers,0,1,1,0.0
Celestial Ravagers,0,1,1,0.0
Celonos,1,0,1,100.0
Celtic,0,1,1,0.0
CersorLym,1,1,2,50.0
CevYBank,0,1,1,0.0
Chagatai,7,10,17,41.2
Champ,2,2,4,50.0
Chaos Coalition,16,36,52,30.8
Chaos Terror,4,26,30,13.3
Charmander Crew,20,17,37,54.1
Chasseurs de Bridgewatch,2,2,4,50.0
Chattini,1,1,2,50.0
CheBureChistvO,0,2,2,0.0
Chebra,3,2,5,60.0
Cheese Vendor,1,3,4,25.0
ChercheurDeTetford,0,2,2,0.0
CherepovDogs,1,1,2,50.0
Cherry Bloom,1,6,7,14.3
Cherry blossoms,0,1,1,0.0
Chertog,2,5,7,28.6
Cherusker,0,5,5,0.0
Chest1CJle3bl,2,1,3,66.7
Chicken Aid,0,4,4,0.0
Child of Darkness,1,6,7,14.3
ChildNight,2,9,11,18.2
Children90,2,3,5,40.0
Chill_Z0NE,0,2,2,0.0
Chinazes,0,2,2,0.0
Chiropteran Lords,0,1,1,0.0
Chlew,0,1,1,0.0
Choco,0,1,1,0.0
Choppers,1,8,9,11.1
Chorus of the Unseen Guardians,22,14,36,61.1
ChosenOnes,4,9,13,30.8
Chronarius,0,3,3,0.0
Chubby Industries,0,1,1,0.0
Chuchmeki,0,1,1,0.0
Chuvashi,0,1,1,0.0
Cigani v Cejlu,1,1,2,50.0
Cikani,0,1,1,0.0
Cinema,3,17,20,15.0
Circle Of Chaos,7,13,20,35.0
Citadel of Hope,0,15,15,0.0
City of Sorrow,1,10,11,9.1
Ciucas,1,13,14,7.1
Clan _Rip_PVP_PVE,1,1,2,50.0
Clap Crew Legacy,0,1,1,0.0
Clappers,0,4,4,0.0
Clariti,0,4,4,0.0
Clash of Turkey,0,1,1,0.0
Claw of Aya,0,1,1,0.0
Clean Kill,415,310,725,57.2
Click-Clack-Boom,1,10,11,9.1
Cloowns,0,5,5,0.0
Cloudwalkers,1,2,3,33.3
Clown,1,1,2,50.0
Cluster Queue,66,45,111,59.5
CoastGuards,0,1,1,0.0
Cobra King,1,1,2,50.0
Coco4kuRUS,7,32,39,17.9
CoffeeTime,7,31,38,18.4
Coin Clippers,1,13,14,7.1
Collapse,1,1,2,50.0
Collective Consciousness,0,1,1,0.0
Comedy,0,9,9,0.0
Comfortik,0,3,3,0.0
Command And Conquer,11,26,37,29.7
Community of Gatherers,0,1,1,0.0
Community of Vlagalla,0,1,1,0.0
Companions,1,12,13,7.7
Compens Industries,2,9,11,18.2
Complete idiots,0,5,5,0.0
Conquista y Siesta,30,13,43,69.8
Constellation of Dragons,2,0,2,100.0
Content Wipe,0,1,1,0.0
Contingent,428,218,646,66.3
CooLDowN,0,3,3,0.0
Coolbear,0,3,3,0.0
Corrupted Hub,3,7,10,30.0
Corrupted _roosters,1,0,1,100.0
Corsaire Ecarlate,4,12,16,25.0
Cortisol Farmer,0,1,1,0.0
Corvus,0,1,1,0.0
CosaVostra,0,1,1,0.0
Council,8,14,22,36.4
Council of Ruin,0,1,1,0.0
Covenant of Ravens,0,1,1,0.0
Cow field,94,33,127,74.0
Cr1nge,0,7,7,0.0
Crack,1,2,3,33.3
Cracking Juice Heads,0,1,1,0.0
Craft Kingdom,0,3,3,0.0
CraftNSell,0,1,1,0.0
CraftersPL,0,1,1,0.0
CraftersandGatherers,0,1,1,0.0
Crash Of Gods,1,2,3,33.3
Crazy Gatherers,0,2,2,0.0
CrazyBear,4,4,8,50.0
Creampie Brawlers,0,5,5,0.0
Crescendo,3,1,4,75.0
Crescent Syndicate,1,7,8,12.5
Crestavia,2,1,3,66.7
Crimson Blade,8,24,32,25.0
Crimson FAQ,6,12,18,33.3
Crimson Imperium Reborn,19,55,74,25.7
Crimson Sun,18,46,64,28.1
Crimson Vanguard,1,2,3,33.3
CringeLords,4,28,32,12.5
Critical,47,72,119,39.5
Crowned Monkeys,4,23,27,14.8
Crownfield,0,1,1,0.0
Crucible,0,1,1,0.0
Crumbs,23,19,42,54.8
Crusade of the Bloody Legion,11,50,61,18.0
CrySystem,0,4,4,0.0
Crying Kingdom,0,2,2,0.0
Crystal Army,1,5,6,16.7
Crystal Community,9,22,31,29.0
Crystal Nightbloom,0,1,1,0.0
Cucumbers,2,17,19,10.5
Cuir cuir et moustache,0,2,2,0.0
Cult of Omnissiah,0,3,3,0.0
Cult of Sacred Kassandrovy,0,4,4,0.0
Cult of the Simp,1,4,5,20.0
Cursed Muffins,0,1,1,0.0
Curve,0,2,2,0.0
Custodios del Alba,2,0,2,100.0
CutiePatootie,0,1,1,0.0
Cwazy,49,48,97,50.5
CwelRoads,0,1,1,0.0
Cyber Cats,17,48,65,26.2
Czarna wieza,6,0,6,100.0
D E A T H C O R E,2,4,6,33.3
D E E P S H A D I A,0,2,2,0.0
D E J A V U,0,1,1,0.0
D E S O K U P A,0,1,1,0.0
D Panas,0,4,4,0.0
D Y N A S T Y,3,5,8,37.5
D-I-S-B-A-N-D,24,35,59,40.7
D0NT CRY,0,1,1,0.0
D33F,0,2,2,0.0
DAI DZYGAR,1,3,4,25.0
DARK CATHEDRAL,0,4,4,0.0
DARK KNIGHT,2,4,6,33.3
DARK-SIDE,0,4,4,0.0
DARKandDARK,0,12,12,0.0
DAWN-X,2,30,32,6.2
DAY and NIGHT,0,1,1,0.0
DEAD HATE,0,5,5,0.0
DEAD YAKUZA,0,2,2,0.0
DEATHCLAW,3,2,5,60.0
DELETED,102,29,131,77.9
DEMIGODS,0,1,1,0.0
DEPTH THROAT,0,3,3,0.0
DER AKATSUKI CLAN,0,3,3,0.0
DESERT BLADES,0,2,2,0.0
DESPLUSHERS,0,1,1,0.0
DEVILS_D,1,3,4,25.0
DEVIL_BANDIT,0,1,1,0.0
DGF-SOD,0,1,1,0.0
DGL Elite knight,0,5,5,0.0
DIABLOS NEGROS,2,8,10,20.0
DIDDY AND FRIENDS,1,0,1,100.0
DIGITAL CRUSADERS,6,10,16,37.5
DIGITAL JIHAD,1,0,1,100.0
DINNERS,0,2,2,0.0
DIREWOLVES,1,1,2,50.0
DIS Grind,0,2,2,0.0
DIZMORAL,0,1,1,0.0
DK EYES,1,2,3,33.3
DMA,2,1,3,66.7
DMDK,11,5,16,68.8
DNA,3,11,14,21.4
DO NUT,65,149,214,30.4
DOGWALKERS,1,0,1,100.0
DOMBAY,1,12,13,7.7
DOMINANCE,1,13,14,7.1
DOMUS RISUS,0,2,2,0.0
DONEDEAL,2,2,4,50.0
DONT CRY GANKER,16,22,38,42.1
DOODLE JUMPIKI,9,12,21,42.9
DOUMA,0,1,1,0.0
DRA-GON,0,1,1,0.0
DRAG0NS,0,4,4,0.0
DRAGON KINGs,0,2,2,0.0
DRAGONBORNES,1,3,4,25.0
DRAHAT,2,5,7,28.6
DRAMA-FREE,2,15,17,11.8
DRANIKI I SMITANKA,21,7,28,75.0
DREADWOLVES,0,3,3,0.0
DRUG CARTEL,9,1,10,90.0
DRUZYNA MOCNEGO PIERDOLNIECIA,1,0,1,100.0
DSQ,4,17,21,19.0
DUBAI EXPRESS,0,2,2,0.0
DURIN,0,10,10,0.0
DURINS,0,1,1,0.0
DURXATA,1,1,2,50.0
DVX,1,10,11,9.1
DYSTRYBUTOR,2,2,4,50.0
DZ GUILD,14,16,30,46.7
DZIK_COMPANY,0,3,3,0.0
DaBro,2,3,5,40.0
DaPoX,2,3,5,40.0
Daarh,0,1,1,0.0
Dahre,2,19,21,9.5
Dai-Gurren,0,2,2,0.0
Daisho Rojo,10,56,66,15.2
Dalinamesloot,0,3,3,0.0
DalneBostoshniki,0,7,7,0.0
Damage Check,3,5,8,37.5
Damnificatia,34,130,164,20.7
Dangeon Masters,8,13,21,38.1
DangerZone,0,2,2,0.0
DaraVur,80,44,124,64.5
Dark Aesir,19,55,74,25.7
Dark Guards,1,0,1,100.0
Dark Horns,5,6,11,45.5
Dark Hours,0,2,2,0.0
Dark Lions - DLS,38,9,47,80.9
Dark Origin,0,1,1,0.0
Dark Said 5,0,1,1,0.0
Dark Shadow,13,3,16,81.2
Dark Spirits,4,15,19,21.1
Dark System Boss,1,7,8,12.5
Dark kingdom chaos,1,5,6,16.7
Dark of the elves,0,4,4,0.0
Dark sped,2,3,5,40.0
Dark wolves,28,42,70,40.0
DarkBlak,1,12,13,7.7
DarkCat,0,1,1,0.0
DarkFusion,0,2,2,0.0
DarkGang,0,1,1,0.0
DarkKnight21,0,2,2,0.0
DarkSHadow,4,8,12,33.3
DarkSouls,0,1,1,0.0
Darktechnoclub,72,30,102,70.6
DaunTown,3,1,4,75.0
Day to Die,0,3,3,0.0
De Chill,1,0,1,100.0
DeN,1,2,3,33.3
Dead Lane,0,3,3,0.0
Dead Men Drop Better Loot,6,2,8,75.0
Dead Pride,0,3,3,0.0
Dead Rabbit,2,0,2,100.0
Dead S1lence,0,1,1,0.0
Dead Signal,3,19,22,13.6
Dead-End,3,3,6,50.0
Deadcat,0,1,1,0.0
Deadly Fenix,3,22,25,12.0
Deal or Die,0,1,1,0.0
Death Date 2,0,2,2,0.0
Death Dealers Club,2,21,23,8.7
Death Pirates,0,2,2,0.0
Death Row,3,3,6,50.0
Death TaX,1,1,2,50.0
Death of darkness,0,10,10,0.0
Death-bombers,0,2,2,0.0
DeathReaper,0,1,1,0.0
DeathWhisper,1,7,8,12.5
Deathbound,1,2,3,33.3
Deathknights of Dark Beaver,0,5,5,0.0
Deathless,1,7,8,12.5
Debauchery_Tea_Party,5,11,16,31.2
Debtors,1,51,52,1.9
Decayed,0,10,10,0.0
Deep Rock Inc,0,1,1,0.0
Deepseek,3,2,5,60.0
Defenders of the forest,1,19,20,5.0
Deleted Guild,0,5,5,0.0
Deletis,0,1,1,0.0
Delicious in Dungeon,27,34,61,44.3
Dementia,17,29,46,37.0
DemoNxGhosT,5,18,23,21.7
Demon Des Dunes,0,1,1,0.0
Demon Sins,1,0,1,100.0
Demoniaqe,0,1,1,0.0
DemonyWojny,0,1,1,0.0
Deniz Turgut Fan Club,5,2,7,71.4
Deporte en Porte,64,42,106,60.4
Der Poebel,1,5,6,16.7
Desert Penguins,0,1,1,0.0
Desine et Morieris,106,24,130,81.5
Destiny Bored,2,6,8,25.0
Destroyers of Destiny,34,57,91,37.4
Desultory,1,2,3,33.3
Deus Vult,0,2,2,0.0
DeusVultEXE,0,1,1,0.0
DevilsCape,1,4,5,20.0
Devoted Bears,1,2,3,33.3
Devourer of Gods,2,12,14,14.3
Diablo Hellcats,46,45,91,50.5
Diablos,1,5,6,16.7
Die BroKies,0,4,4,0.0
Die Content Blocker,5,10,15,33.3
Die Elchgang,0,3,3,0.0
Die Gummibraenbande,1,0,1,100.0
Die Killerkanickel,0,3,3,0.0
Die Nachtwachen,0,7,7,0.0
DieLuebeckerHanse,14,35,49,28.6
Dignity Of War,7,50,57,12.3
Dildo Sellers,0,1,1,0.0
Dirt,0,5,5,0.0
Disco Elysium,0,1,1,0.0
Disconnect,63,41,104,60.6
Disenchantment,0,1,1,0.0
Dispatch,7,15,22,31.8
Dive Is Life,1,0,1,100.0
Divide Et Ipera,4,0,4,100.0
DoDo Rex,0,1,1,0.0
Dobrodruh,0,6,6,0.0
Dodo King,0,6,6,0.0
DogHouse,0,2,2,0.0
Dogged Votary,3,6,9,33.3
Dogs Slayers,0,4,4,0.0
Dolce Gabbana,1,9,10,10.0
Dollex,5,1,6,83.3
Domhain Chasm Custom,2,2,4,50.0
Domitores Albionis Nebulosi,0,1,1,0.0
Don Revenants,1,0,1,100.0
Donald Trump Fanclub,0,1,1,0.0
Donjons et Pognons,0,1,1,0.0
Dont Kill Mi Pleasee,4,14,18,22.2
Dont Run,2,2,4,50.0
Dont stay here,2,14,16,12.5
DontHateMe,3,2,5,60.0
DontNeedYou,40,66,106,37.7
Doomsheep,3,11,14,21.4
Doro Party,63,39,102,61.8
DoslarKirathanesi,0,1,1,0.0
Dost Meclisi,10,40,50,20.0
Doubloon Perditus,3,2,5,60.0
Douluo Dalo,0,1,1,0.0
DrTaberei,0,1,1,0.0
DraGonGods,4,28,32,12.5
Draco,1,0,1,100.0
Draconian Harvesters,0,1,1,0.0
Dragneel,2,17,19,10.5
DragoMystery,0,1,1,0.0
Dragon Ball Z,0,1,1,0.0
Dragon God NB,0,2,2,0.0
Dragon King,3,26,29,10.3
Dragon Lair,2,21,23,8.7
Dragon Master,1,3,4,25.0
Dragon Overlords,0,13,13,0.0
Dragon Scale Seekers,1,8,9,11.1
Dragon Wing,1,2,3,33.3
Dragoons,18,20,38,47.4
Drain_Gang,3,5,8,37.5
Drakonids,0,2,2,0.0
Dread Murders,0,1,1,0.0
Dreaded Gankers,6,1,7,85.7
Dream Community,0,2,2,0.0
Dream_Come_TRUE,2,30,32,6.2
Driland,0,1,1,0.0
Drop Rate,1,5,6,16.7
Drunk Gentlemen,1,2,3,33.3
Drunken masters,0,2,2,0.0
DrunkenPirates,0,13,13,0.0
Ducky,0,1,1,0.0
Dudukculer,2,2,4,50.0
Dungeon Delvers,0,2,2,0.0
Dungeon Slayers,16,40,56,28.6
Duo Mortem,1,9,10,10.0
Dutch Chaos,37,20,57,64.9
Duty Free,0,1,1,0.0
Dynastia Egiptu,19,34,53,35.8
E H O T,19,23,42,45.2
E L I T E,8,5,13,61.5
E M 3 R Y C I,1,0,1,100.0
E S H T B A K,0,1,1,0.0
E U P H O R I A,37,22,59,62.7
E X E R C I T U S,8,56,64,12.5
E X l L E,0,1,1,0.0
E-mc2,0,2,2,0.0
EAGLE SQUAD,2,43,45,4.4
EBAHbIE_PVE_RAKI,0,4,4,0.0
EBASHER,0,1,1,0.0
EBENGRAD,3,5,8,37.5
EBLANSQUAD,1,0,1,100.0
EBON BLADE,3,4,7,42.9
EDEN HALL,0,13,13,0.0
EGOmaniaKS,0,8,8,0.0
EINHERJERNE,0,3,3,0.0
EIROPART,0,1,1,0.0
EL COLMILLO 23,8,60,68,11.8
ELDERS,4,16,20,20.0
ELEKTRYKI,0,3,3,0.0
ELEPHANTS,6,10,16,37.5
ELVEN Echo,23,14,37,62.2
ELYSSIUM X,77,105,182,42.3
EMPEREUR PADPLATINE,0,2,2,0.0
ENVIS,1,2,3,33.3
EOGizm,0,1,1,0.0
EPHEMERALITY,1,2,3,33.3
EPSTEIN ISLAND DIDIY PARTY,2,1,3,66.7
EQMS,435,352,787,55.3
ERASED,1,8,9,11.1
ERATHIA,10,9,19,52.6
EREDI-DELL-OSCURITA,0,11,11,0.0
ERMAK,0,2,2,0.0
ESCANOR_N1,0,2,2,0.0
ESHOL,2,7,9,22.2
ESP LA TABERNA DE MOU,0,5,5,0.0
ETHEREAL LEGION,1,2,3,33.3
EVANGELION X MONSTER,0,2,2,0.0
EVIL SKY,0,1,1,0.0
EVIL WHATSAPP,2,3,5,40.0
EX0DUS,0,2,2,0.0
EXALION,1,1,2,50.0
EXITS,1,9,10,10.0
EYESLOW,1,4,5,20.0
E_C_L_I_P_S_E,4,14,18,22.2
Eagle Team,3,24,27,11.1
Earth Defenders,17,35,52,32.7
Earth is Flat,0,2,2,0.0
Eastern Bloc BFFs,0,1,1,0.0
EasyLeveling,0,3,3,0.0
Ebanfall,80,88,168,47.6
Eccentrics,0,5,5,0.0
Echo of dawn,4,24,28,14.3
Echoes of Souls,3,12,15,20.0
Eclipse Krew,0,2,2,0.0
Eclipse Order,20,68,88,22.7
Eclipse in paradise,0,1,1,0.0
Eclipse of Eternity,0,5,5,0.0
Economic Growth,0,4,4,0.0
Economic boars,16,44,60,26.7
Edge of the dice,1,0,1,100.0
EdgeRunner,9,4,13,69.2
Edo Tensei,0,1,1,0.0
Eeine Meeine,0,1,1,0.0
Egoist,5,17,22,22.7
Egypt kings,0,3,3,0.0
Eidolon Interactive,0,1,1,0.0
EightFours,361,151,512,70.5
EightySix86,0,2,2,0.0
Eikon,1,1,2,50.0
Einherjiarr,8,15,23,34.8
Eiswatch,0,1,1,0.0
Ekbatan,0,1,1,0.0
Ekipa Filmowa,1,0,1,100.0
Ekipa Remontowa,5,3,8,62.5
El Barril Borracho,2,12,14,14.3
El Fuego Negro,0,6,6,0.0
El Gremio,1,7,8,12.5
El Huerto,2,0,2,100.0
El Tercer Sello,1,3,4,25.0
El Toeffelos,0,2,2,0.0
El2ANEEQ House,0,2,2,0.0
Eldenski Krag,1,10,11,9.1
Elder Army,1,0,1,100.0
ElderWood,0,1,1,0.0
Element,0,1,1,0.0
Elfen Lied,1,1,2,50.0
Elisium,16,24,40,40.0
Elit3,40,50,90,44.4
ElitaPolska,7,18,25,28.0
Elite Raiders,1,0,1,100.0
EliteRU,0,1,1,0.0
EliteSeven,1,1,2,50.0
Elpest,1,2,3,33.3
Elusive Avengers,2,3,5,40.0
ElysianMages,1,0,1,100.0
Emerald Raven,9,15,24,37.5
Emeryci i Rencisci,0,10,10,0.0
Emperor Castle,1,0,1,100.0
Emperor children III legion,1,1,2,50.0
Emperor-s Lions,2,4,6,33.3
Empire Black Raven,20,25,45,44.4
Empire Britannia,3,13,16,18.8
Empire Pahlavi 2,0,1,1,0.0
Empire Sun and Moon,0,2,2,0.0
Empire Targaryen,0,1,1,0.0
Empire of Hell,3,22,25,12.0
Empire of Terra Nova,1,1,2,50.0
Empirium League,12,52,64,18.8
En Slibard ou Rien,0,5,5,0.0
Endless Nightmare,0,1,1,0.0
Endless_grind,0,1,1,0.0
Enemy Syndicate,2,3,5,40.0
Enjoyers,2,18,20,10.0
Enklawa,4,4,8,50.0
Entity,20,29,49,40.8
Entry Point,0,2,2,0.0
Ents of Forest,0,3,3,0.0
Eolic,1,1,2,50.0
EpSteiN -ISlaND,1,0,1,100.0
Epshtain guild,2,5,7,28.6
Epstein Tayfa,0,1,1,0.0
Erebor,0,2,2,0.0
Ergenekon Empire,0,1,1,0.0
Eruption,0,1,1,0.0
Escalation EA,0,1,1,0.0
Escort,1,4,5,20.0
Escuadron Suicida,4,19,23,17.4
Estores,0,3,3,0.0
Eternal,79,52,131,60.3
Eternal Ban,2,17,19,10.5
Eternal Guard,0,1,1,0.0
Eternal Hunt,1,5,6,16.7
Eternal Vow,12,6,18,66.7
Eternal laughter,4,8,12,33.3
Eternal-Dawn,1,3,4,25.0
EternalOne,0,1,1,0.0
Ethereal,39,56,95,41.1
Ethereal Crusaders,0,4,4,0.0
Ethernity,1,0,1,100.0
Ethernium,0,6,6,0.0
Etlendo Security Corp,0,1,1,0.0
Etoile,0,3,3,0.0
Eulen,0,1,1,0.0
Eulenwacht,3,19,22,13.6
Euphoriia,3,0,3,100.0
EuroHunter,10,47,57,17.5
Europe League,1,15,16,6.2
EveryDayGrind,0,2,2,0.0
Everytime We Touch,0,1,1,0.0
Eviction,0,1,1,0.0
Evil All on Black,177,40,217,81.6
Evil Presence,1,6,7,14.3
Evils Eyes,0,1,1,0.0
Evolve,3,2,5,60.0
Ex Umbra,7,28,35,20.0
Exceed,1,27,28,3.6
Execute,1,0,1,100.0
ExiIium,2,5,7,28.6
Exile,0,1,1,0.0
Extreme Gaming,9,21,30,30.0
Extreme Visionary,0,1,1,0.0
EzRat,3,1,4,75.0
Ezy Monny BB,1,2,3,33.3
F ACE,0,2,2,0.0
F I S T,3,7,10,30.0
F R E A K S,4,9,13,30.8
F R I K I,1,0,1,100.0
F U C K E R S,1,2,3,33.3
F-A-T-A-L-I-T-Y,5,3,8,62.5
F3MNKI,2,9,11,18.2
FABRIKA,3,3,6,50.0
FABRYKA MARZEN,1,4,5,20.0
FACTUM,6,4,10,60.0
FAKE ENGAGE,0,1,1,0.0
FAME NERA,6,26,32,18.8
FAMILIA ES TODO,70,71,141,49.6
FAMILY OF HEFAJSTOS,76,117,193,39.4
FANGDO,0,1,1,0.0
FANGS N1,0,2,2,0.0
FAR2NA,0,1,1,0.0
FASADCHEKI,0,8,8,0.0
FAT,2,8,10,20.0
FBI,29,11,40,72.5
FBl,28,42,70,40.0
FC Bolschevic,0,1,1,0.0
FEA,0,2,2,0.0
FELLDRASIL,0,1,1,0.0
FERMA05,0,1,1,0.0
FEYZ,0,1,1,0.0
FIGHT KLUB,121,26,147,82.3
FINAL BET,9,3,12,75.0
FINAL VEIL,6,15,21,28.6
FINSTACK,7,6,13,53.8
FIRE PHOENIQS,0,1,1,0.0
FISH CLUB,4,0,4,100.0
FISHCULT,2,2,4,50.0
FISHING STYLE,0,1,1,0.0
FOOD CHEK,0,4,4,0.0
FOOLS GAMBIT,30,12,42,71.4
FOR SOLO PLAYERS NO TAX,62,65,127,48.8
FOREST NEST,3,62,65,4.6
FOREST TEAM,2,3,5,40.0
FORT LEGIONNAIRES,9,18,27,33.3
FORT STERLING ON TOP,2,2,4,50.0
FOUR-LEAF__ClOVER,0,1,1,0.0
FRAMER SPEIN,1,3,4,25.0
FREEDOMZ,9,32,41,22.0
FREEDOMutc,2,1,3,66.7
FRENADOL,2,2,4,50.0
FROGART,0,2,2,0.0
FROSTSURGE,14,35,49,28.6
FRUGO,1,0,1,100.0
FRex,0,5,5,0.0
FSM 1453,0,1,1,0.0
FUGA,0,1,1,0.0
FUNders_Inc,1,1,2,50.0
FUNtastic creatures,5,16,21,23.8
FaRMeRbl,0,2,2,0.0
Faction Guild,99,171,270,36.7
Factorium,0,10,10,0.0
Fadahaga,2,1,3,66.7
Fading Echo,36,87,123,29.3
Fail Crew,0,1,1,0.0
FairPlayFamily,0,3,3,0.0
Fairy - Tail,2,9,11,18.2
Fairy Tail,1,18,19,5.3
Fairy_Tail,1,0,1,100.0
Faithful,0,1,1,0.0
Falangistas no Lineales,0,2,2,0.0
Falcon Blade,8,8,16,50.0
Falikm,0,1,1,0.0
Fall,30,26,56,53.6
Fall Send,1,0,1,100.0
Fallen Ange1,0,1,1,0.0
Fallen Angels,0,8,8,0.0
Fallen Bros,5,6,11,45.5
Fallen Knights,3,29,32,9.4
FamilyFriendly,0,2,2,0.0
Familyfarm,0,5,5,0.0
FanPaty,2,0,2,100.0
Fancies Drugged Raccoons,0,3,3,0.0
FarmStreet,0,13,13,0.0
FarmerBros,0,8,8,0.0
Farmia,0,1,1,0.0
Farmres,0,1,1,0.0
Fast Foot,0,1,1,0.0
Fat Altgirls,1,1,2,50.0
FatFingers,0,1,1,0.0
Fates Keepers,12,36,48,25.0
Fatum Imperium Reborn,8,15,23,34.8
Favourite,0,1,1,0.0
Faza,2,27,29,6.9
Feamteam,1,0,1,100.0
Fear And Hunger Bandung,1,9,10,10.0
Fear The Reaper,5,28,33,15.2
Fear of The Gods,10,19,29,34.5
Fearless,6,14,20,30.0
Femboy Club,0,1,1,0.0
Femboy Orden,3,16,19,15.8
Ferrin,6,12,18,33.3
Fethii,0,1,1,0.0
Fierce wolves,0,1,1,0.0
Fight Club,5,7,12,41.7
Fight Clvb,1,5,6,16.7
FigurA,0,3,3,0.0
Filoriall,0,1,1,0.0
Filotimo,3,39,42,7.1
Final Clap,0,2,2,0.0
Finglis,4,1,5,80.0
Fiorenza,4,6,10,40.0
Fire Nation,2,3,5,40.0
Fish And Potatoes,1,5,6,16.7
Fish n Beer,0,2,2,0.0
Fishionary,0,3,3,0.0
Fissa boys,12,4,16,75.0
Fist Oncoming,0,6,6,0.0
Fist of Anarchy,0,1,1,0.0
Fist of Avalon,8,17,25,32.0
FiuFiu,0,7,7,0.0
Flame of Fate,11,56,67,16.4
FlameWalkers,2,15,17,11.8
Flamenco Fury,0,1,1,0.0
Flaming Fist,0,3,3,0.0
Flander Empire,0,3,3,0.0
Flat 4 Brain,1,1,2,50.0
FlexA1r,0,2,2,0.0
Flock of Bulls,0,5,5,0.0
Flock of Ravens,1,13,14,7.1
Florest,0,1,1,0.0
Fluctuat Nec Mergitur,5,12,17,29.4
Fluffy Panda,23,68,91,25.3
FoRtBeRsErK,0,2,2,0.0
Focus Healer,2,1,3,66.7
Foedus Ultimum,1,3,4,25.0
Follow The Crown,123,237,360,34.2
Food OC,0,7,7,0.0
For the North,21,44,65,32.3
ForGaa,0,1,1,0.0
ForTheMammoth,0,1,1,0.0
Forajidos,5,43,48,10.4
ForceUp,0,3,3,0.0
Forest_strike,0,2,2,0.0
Forge of Battles,2,4,6,33.3
ForgivenTR,0,2,2,0.0
Forgot OC,0,1,1,0.0
Forgotten Realm,0,5,5,0.0
Formidable Axolotls,1,3,4,25.0
Fort Defenders,34,120,154,22.1
Fort Sterling,1,3,4,25.0
Fort Sterling Militia,0,5,5,0.0
Fortexa,2,12,14,14.3
Fortress future,1,2,3,33.3
Fortsterling Dwellers,0,3,3,0.0
Fortune Freaks,1,9,10,10.0
Fortunes wrath,4,13,17,23.5
Founders Of Foreign Lands,0,2,2,0.0
Foursaken,0,2,2,0.0
Fox Nest,0,1,1,0.0
FoxGameGrup,0,1,1,0.0
Foz do Arelho,2,8,10,20.0
Freak Hunters,1,5,6,16.7
FreakMisty,2,5,7,28.6
Fredoom,2,21,23,8.7
Free Bacon,1,2,3,33.3
Free RISE,1,1,2,50.0
Freebooters,20,39,59,33.9
Freedom Fighters,2,5,7,28.6
French Empire,0,23,23,0.0
French_Gatherers,11,7,18,61.1
Frenzy and Fury,1,13,14,7.1
Friends Albion,1,4,5,20.0
FriendsGroup,0,7,7,0.0
Frizonia,6,15,21,28.6
Frogs From Thetford,6,16,22,27.3
FromDuskTillDawn,11,8,19,57.9
Frontiers,0,1,1,0.0
Frontline Division,48,65,113,42.5
Frost_Mourne,0,5,5,0.0
Frostborne,70,138,208,33.7
Frostwake,1,3,4,25.0
Frosty,2,0,2,100.0
Fucking Circus,0,3,3,0.0
FuddleWuddle,0,1,1,0.0
Fuego,120,71,191,62.8
Fuego Griego,1,2,3,33.3
Fuge late tace,0,1,1,0.0
Fulgora,0,3,3,0.0
Full Chill,4,0,4,100.0
Full House,0,2,2,0.0
Full Journal,2,0,2,100.0
Full Party War,2,19,21,9.5
Full Push,124,62,186,66.7
Full Rage,0,1,1,0.0
FullStop,0,3,3,0.0
FullTilt,1,2,3,33.3
FunCompany,0,2,2,0.0
FunP1ayers,1,3,4,25.0
Funeral,16,20,36,44.4
FunnyGuysTR,0,1,1,0.0
FurDieGank,1,2,3,33.3
Furry Community,0,1,1,0.0
Furry Femboys,0,1,1,0.0
Fury of Avalon,1,3,4,25.0
FutuRama,12,24,36,33.3
G A C O R,6,4,10,60.0
G A L A T A S A R A Y,1,1,2,50.0
G A N D O N E S,0,1,1,0.0
G A Z I L I O N D O L L A R S,0,5,5,0.0
G GG,3,1,4,75.0
G U I D E S,20,78,98,20.4
G0VERNMENT,0,2,2,0.0
G1dra,1,16,17,5.9
G2H,13,60,73,17.8
G2R,7,13,20,35.0
G2U,309,271,580,53.3
GAAAZ,2,0,2,100.0
GACCI CLUB,0,1,1,0.0
GACHI PATY,1,0,1,100.0
GADDAR,73,75,148,49.3
GADDEM SQUAD,0,2,2,0.0
GANG CORPORATION,1,0,1,100.0
GANG OF MONKEYS,0,2,2,0.0
GANGIRI,1,1,2,50.0
GANGSTER _LIFE,0,1,1,0.0
GANK3D,0,5,5,0.0
GANKER SYNDICATE,1,2,3,33.3
GARLIC BREAD,0,1,1,0.0
GATHER LOOTERS,2,8,10,20.0
GATHERERS OF POWER,0,4,4,0.0
GATHERING X REFINER X CRAFTER,1,9,10,10.0
GATHERIST,9,28,37,24.3
GAY DRO4KA,0,1,1,0.0
GAZers,2,1,3,66.7
GDD_FSt,0,2,2,0.0
GDEXIL,0,1,1,0.0
GENESIS GUILD,0,3,3,0.0
GEO Warriors 1121,0,1,1,0.0
GEOCLAN,0,1,1,0.0
GETKILL,0,7,7,0.0
GFarmers,1,3,4,25.0
GG for BK,6,2,8,75.0
GGGS,0,1,1,0.0
GHOSTSs,0,2,2,0.0
GIANT CLAN,0,1,1,0.0
GIVERS OF DEATH,0,2,2,0.0
GLADIADORES033,0,2,2,0.0
GLD,0,1,1,0.0
GLI STIRATI,15,42,57,26.3
GLORY BOYZ,1,0,1,100.0
GLOVO,24,44,68,35.3
GODISNOWHERE,1,16,17,5.9
GODS OF WAR,3,12,15,20.0
GODS-OF-FOMENS,6,4,10,60.0
GODSMACK,6,19,25,24.0
GOKTURK ORDASI,0,2,2,0.0
GOLDEN GODS,0,1,1,0.0
GOLDEN_FACTORY,0,5,5,0.0
GOLD_14,0,1,1,0.0
GOON,2,0,2,100.0
GOOSE GOOSE DUCK,1,2,3,33.3
GOP,0,1,1,0.0
GORILLAZ,56,133,189,29.6
GORILLAZ GYM,28,57,85,32.9
GREEK GODS,0,12,12,0.0
GREENSUN,0,1,1,0.0
GREHI,0,4,4,0.0
GRIM HOST,3,15,18,16.7
GROK,1,1,2,50.0
GROMDA,3,4,7,42.9
GRUP YORUM,0,2,2,0.0
GRUZ 200,9,2,11,81.8
GRYPSERA,0,1,1,0.0
GS1905,2,4,6,33.3
GU3RR3R05 C4RM351,0,3,3,0.0
GUCCI BOSS,2,2,4,50.0
GYPSY,9,7,16,56.2
GaHiTsU,2,4,6,33.3
Gabella,33,24,57,57.9
Gachi Club,17,46,63,27.0
Gachi Gatherers,12,36,48,25.0
GachiBang,27,71,98,27.6
GachiLand,11,18,29,37.9
Gaiety,0,23,23,0.0
GalaxyOwners,0,1,1,0.0
Gallia Rebellis,25,22,47,53.2
Gamble,15,33,48,31.2
Game City Pro,33,95,128,25.8
Gamer Base,0,1,1,0.0
Gamer Club,7,10,17,41.2
Gamonal Broken,0,1,1,0.0
Gang Albioni,2,9,11,18.2
Gang Bez B,1,0,1,100.0
Gang Crusaders,0,1,1,0.0
GangBang,3,7,10,30.0
GangNight,0,1,1,0.0
Gank Banks,20,34,54,37.0
Gank Idama,0,1,1,0.0
GankEmAll,1,1,2,50.0
Gankistan Elite,1,1,2,50.0
Garage Warriors Beer,0,1,1,0.0
Garde De Khanduras,0,1,1,0.0
Garden of Eden,0,2,2,0.0
Gates of Darkness,0,18,18,0.0
Gather and Goon,0,2,2,0.0
Gather_Master,0,1,1,0.0
Gatherer Fiends,0,1,1,0.0
Gatherers Of Albion,1,0,1,100.0
Gatherers Tears,38,58,96,39.6
Gathering_Storm,0,2,2,0.0
Gaycalation,0,4,4,0.0
Gayzer Pool,7,13,20,35.0
Gaza Team,0,2,2,0.0
GdzieTenPortal,0,3,3,0.0
Gemp,1,2,3,33.3
Gen Alpha,64,25,89,71.9
Generacion de Cristal,0,3,3,0.0
General Pests,1,15,16,6.2
Generally Speaking,51,127,178,28.7
GenerationOfMiracles,2,2,4,50.0
Generic Shield,0,1,1,0.0
Genesis Kompany,103,109,212,48.6
Genshin Players,21,5,26,80.8
Geo Gather,0,1,1,0.0
Geo_NEW,5,40,45,11.1
Gercek Biskolata Erkekleri,2,2,4,50.0
Gesteria,1,2,3,33.3
Get Dunked,2,2,4,50.0
Get of my Lawn,1,3,4,25.0
Geyikli Gece,14,38,52,26.9
Ghetto Dogs,1,2,3,33.3
Gienas,1,0,1,100.0
GitekSquad,1,9,10,10.0
Glacial Titans,0,1,1,0.0
Gladiators Helms,0,4,4,0.0
Glamurrr 52,0,1,1,0.0
Gloria mundi,2,8,10,20.0
Glorify,57,128,185,30.8
Glory Beer,1,2,3,33.3
Glory Hunters,4,28,32,12.5
Glory all,2,7,9,22.2
Glory to Lucifer,0,4,4,0.0
Glory to the Urkini,1,2,3,33.3
Go1oveshki,0,1,1,0.0
GoOut,0,4,4,0.0
GoRRillASS,0,1,1,0.0
Goblin style,1,1,2,50.0
Goblins Economy,0,2,2,0.0
God Slayers,9,20,29,31.0
God of Apocalypse,0,5,5,0.0
Gods of Death,0,4,4,0.0
Gods of the Worlds,0,1,1,0.0
Gofio y Sangre,2,12,14,14.3
Going Critical,1,1,2,50.0
Gold Fox,0,4,4,0.0
Gold Suckers,0,1,1,0.0
Golden Armors,0,1,1,0.0
Golden Dominion,2,10,12,16.7
Golden Hammer,0,4,4,0.0
Golden Lions,0,1,1,0.0
Golden Mafia,4,5,9,44.4
Golden Monarchs,68,43,111,61.3
Golden Seekers,1,14,15,6.7
Golden Sunrise,0,2,2,0.0
Golden Trail,4,3,7,57.1
GoldenCocks,2,4,6,33.3
Goldene_Sonne,0,2,2,0.0
Golgari Army,3,15,18,16.7
Golge Haramiler,1,5,6,16.7
Gondomarense,2,3,5,40.0
Gong Bangers,0,9,9,0.0
Good Hunters,4,16,20,20.0
Good Scale,0,2,2,0.0
Good morning,0,3,3,0.0
GoodBue,3,8,11,27.3
GoodHash Production,0,4,4,0.0
Goodberry,0,1,1,0.0
GoofyFatAssNibga,0,1,1,0.0
Google,1,2,3,33.3
Googly Moogly,55,92,147,37.4
GorkAndMork,5,7,12,41.7
Gothic2,1,1,2,50.0
GrandTeam,1,9,10,10.0
Graveyard Shift,0,6,6,0.0
Great Importance,0,1,1,0.0
Great Trojan,0,4,4,0.0
GreatMing,9,19,28,32.1
Greatest Sages,0,1,1,0.0
Greedborn,0,2,2,0.0
Greedy Gremlins,8,15,23,34.8
Greek Hopletes,27,108,135,20.0
Green Dragons,0,1,1,0.0
Green Hornet,8,29,37,21.6
Green Palace One,0,7,7,0.0
Green Rhine,1,18,19,5.3
Green Wardens,0,1,1,0.0
Green-Champions,0,1,1,0.0
GreenAvocados,1,2,3,33.3
GreenEmpire,0,6,6,0.0
GreenLight,0,1,1,0.0
GreenRock,0,1,1,0.0
Gremio de la lana,0,1,1,0.0
GremlinSSS,1,2,3,33.3
Grey Knights,52,48,100,52.0
Grey Sky,0,4,4,0.0
Grey Wolf Dynasty,7,19,26,26.9
Griffin Empire,0,1,1,0.0
Grifons,0,6,6,0.0
Grim Legion,0,4,4,0.0
Grimborn,0,4,4,0.0
Grimgar - Aventuras y Fantasia,54,54,108,50.0
Grimm Vangaurds,0,1,1,0.0
Grimveil Company,0,2,2,0.0
Grinder,1,4,5,20.0
GrishaLox_RMT,2,1,3,66.7
Grizzly Hunters,1,0,1,100.0
Grobnitsa Nazarik,1,11,12,8.3
Grods,1,0,1,100.0
GrosChibreDeToTop,0,1,1,0.0
Groszki,0,3,3,0.0
Group Dungeon,0,1,1,0.0
Grrrrrrrrrrrrrrrrr,1,2,3,33.3
Grubby_Domination,1,1,2,50.0
Grudolubs,0,1,1,0.0
Gttliche Templer,0,18,18,0.0
Guard Javidan,3,21,24,12.5
Guardians HuB,1,8,9,11.1
Guardians of Azeroth,0,1,1,0.0
Guardians of cum,0,7,7,0.0
Guardians of the Nexus,1,1,2,50.0
Guards of Lymhurst,3,0,3,100.0
Guards of Valhalla,5,3,8,62.5
Gucci Flip Flop,2,10,12,16.7
GucciEmpire,0,4,4,0.0
Gudge,0,1,1,0.0
Guerriers de Fer,35,24,59,59.3
GuftoiBlinders,0,1,1,0.0
Gugga Mugga,0,4,4,0.0
Guild Medok,6,3,9,66.7
Guild Potato1713,0,1,1,0.0
GuildPotato1618,0,1,1,0.0
GuildPotato1689,1,0,1,100.0
GuildPotato1702,1,1,2,50.0
GuildPotato1751,1,1,2,50.0
GuildPotato1773,0,1,1,0.0
Guilded,0,1,1,0.0
Gulyas Army,14,11,25,56.0
Gypsies,0,1,1,0.0
H A R D C O R E,0,1,1,0.0
H A T R E D,1,2,3,33.3
H E L H E I M,1,0,1,100.0
H E L L,4,11,15,26.7
H O R I Z O N,100,87,187,53.5
H i d e O u t,2,3,5,40.0
HACIENDA ALBION,2,4,6,33.3
HALLI APTYPUK CYKU,1,0,1,100.0
HALTE F4,0,2,2,0.0
HALUSINASYON,89,62,151,58.9
HANG-OVER,2,2,4,50.0
HANGOVER TR,23,43,66,34.8
HANIMICILIK KAZANACAK,1,2,3,33.3
HAPPY FORT STERLING DAY,0,2,2,0.0
HARBICILER,1,0,1,100.0
HARDBASS SRBIJA,0,1,1,0.0
HAZAR,1,0,1,100.0
HCE CLUB,0,5,5,0.0
HE DONE,3,0,3,100.0
HEILUNG,1,4,5,20.0
HELL BRANCH TURKEY,5,7,12,41.7
HELL GATE,0,1,1,0.0
HELLENIC BROTHERHOOD,5,8,13,38.5
HELLGATE FAN CLUB,1,5,6,16.7
HELLY SCREAM,0,1,1,0.0
HERO-INFERNALS,1,4,5,20.0
HEXTECH,0,11,11,0.0
HErPOMAHT,0,1,1,0.0
HI IAM MVP,2,4,6,33.3
HIghest,0,3,3,0.0
HMTD,1,0,1,100.0
HOLLOW ECHOES,0,3,3,0.0
HOLY ABYSS,0,1,1,0.0
HOLY_CIRCUS,3,0,3,100.0
HOMI3S,0,12,12,0.0
HORDA AXAYACATL,3,10,13,23.1
HORROCRUX,4,34,38,10.5
HOUNDS,6,2,8,75.0
HUNICUM,1,0,1,100.0
HUNTRESS,1,1,2,50.0
HUNite,4,16,20,20.0
HUSH,2,0,2,100.0
H_guard,0,1,1,0.0
Haaci,0,1,1,0.0
Habibi Gankers,1,5,6,16.7
Habonis,21,6,27,77.8
Hace,6,5,11,54.5
Hacienda ESP,0,1,1,0.0
Haderuz,0,1,1,0.0
Hadid u Demm Malti,0,2,2,0.0
Haimianbaobao,0,2,2,0.0
Hakhamanesh,0,1,1,0.0
Hakuna-Matata,5,8,13,38.5
Hall of Flame,1,3,4,25.0
HallOfWar,0,5,5,0.0
Hammer,0,5,5,0.0
Hammer Squad,0,1,1,0.0
Hammerholders,0,1,1,0.0
Hamsters and Farmers,0,9,9,0.0
Hancer,3,31,34,8.8
Hand Of Mercy,0,1,1,0.0
Handlarns Pripps 35,1,5,6,16.7
Happy_Friends,2,5,7,28.6
Hard Counter,1,1,2,50.0
Hard To Be Good,5,0,5,100.0
Hard-Way,0,3,3,0.0
Hasmetly,32,11,43,74.4
Hate From Germany,5,3,8,62.5
Haunted Wastes,0,1,1,0.0
Hawaii,1,0,1,100.0
Height,3,11,14,21.4
HelIo Kitty,30,17,47,63.8
Hell Chill,0,1,1,0.0
Hell Fire persian,0,3,3,0.0
Hell-wolves,4,31,35,11.4
HellBomb,14,7,21,66.7
HellMoon,0,2,2,0.0
HellWisee,10,28,38,26.3
Hellbull,0,1,1,0.0
Hellfire Club,1,14,15,6.7
Hellish Paradise,0,9,9,0.0
Hello kitties,0,3,3,0.0
HelloKityaGang,0,1,1,0.0
Hellvity,10,28,38,26.3
Helpful Fairies,19,40,59,32.2
Helvete,5,6,11,45.5
Hemoglobin,1,9,10,10.0
Heralds Of TrollHala,0,1,1,0.0
Heralds of Nightfall,1,1,2,50.0
Heralds of Parasha,0,1,1,0.0
Heralds of Valhalla,172,136,308,55.8
Herederos del Vicio,1,9,10,10.0
Hereditas Gloriae,0,1,1,0.0
Heretics,8,6,14,57.1
Hermandad_ De _Sangre,1,0,1,100.0
Hero Corp,16,2,18,88.9
Heroes of Dragonbreath,1,10,11,9.1
Hetmanship,1,2,3,33.3
Hg tim,0,7,7,0.0
Hidden Blades,8,18,26,30.8
High Cards,0,1,1,0.0
High Quality Chambers,3,18,21,14.3
High-Toned,1,0,1,100.0
Highland Mercenaries,2,2,4,50.0
Highlanders,6,19,25,24.0
Hijos De La Sombra,1,1,2,50.0
Hijos del Caos,0,1,1,0.0
Hikari,0,11,11,0.0
Hiki zadrot,2,4,6,33.3
Himero,3,4,7,42.9
Hirvis Family,0,3,3,0.0
Hisyris,1,2,3,33.3
HobgobIins,0,1,1,0.0
Hogwarts,0,6,6,0.0
Hold My Beer,0,2,2,0.0
Hollow Vector,1,8,9,11.1
Holly War,1,1,2,50.0
Hollyworld,0,1,1,0.0
Holy Assassins,0,1,1,0.0
Holy Company,92,65,157,58.6
Holy whanana,0,2,2,0.0
HolyCrew,1,1,2,50.0
Hombres Sin Rostro,1,1,2,50.0
Homesick Enjoyers,0,1,1,0.0
Honey Pie,15,45,60,25.0
Honor and Strength,2,11,13,15.4
Honor of the Infernal,0,1,1,0.0
Honorable Mention,17,20,37,45.9
Hopeless Romantic,10,5,15,66.7
HopiHopak,1,1,2,50.0
Hoppla,2,7,9,22.2
Hospitaller,8,3,11,72.7
Hous Of Iron Shields,0,1,1,0.0
House Apotheosis,5,15,20,25.0
House Astartes,0,1,1,0.0
House number 3,0,1,1,0.0
House of the Rising Sun,0,2,2,0.0
HouseOfTargaryen0,0,28,28,0.0
HouseStark,1,2,3,33.3
Howadareid Boys,3,12,15,20.0
Howling Abyss,1,2,3,33.3
Hueter der Wildnis,0,1,1,0.0
Hueter des Waldes,0,2,2,0.0
HufflePuff,0,7,7,0.0
Huge Gap I Cant,29,47,76,38.2
Humanity,97,37,134,72.4
Humble,179,110,289,61.9
Hungarian Economy,2,7,9,22.2
Hungary OLdBoyyzzzz,0,4,4,0.0
Hungry Jackals,4,18,22,18.2
Hunt1,1,0,1,100.0
Hunters of Fortune,1,6,7,14.3
Hunters of Glory,0,2,2,0.0
Hunting in the depth,3,0,3,100.0
Hurt,2,0,2,100.0
Hydra corp,1,1,2,50.0
HydraEmpire,0,1,1,0.0
Hyenas Company,0,2,2,0.0
Hyi_Bysh,1,4,5,20.0
Hyperium,28,39,67,41.8
I D I L L I Y A,4,10,14,28.6
I HUNTERS I,0,1,1,0.0
I M M I N E N T,2,0,2,100.0
I M P E R I V M,7,30,37,18.9
I MoonLight I,6,4,10,60.0
I N T O C C A B I L I,0,5,5,0.0
I N V A S I O N,5,25,30,16.7
I See You Medusa,0,1,1,0.0
I TITANI,9,45,54,16.7
I URSSAF I,10,19,29,34.5
I-EDEM-I,0,2,2,0.0
I000I,0,1,1,0.0
ICARUS,0,1,1,0.0
IClown,0,1,1,0.0
ICuBusss,0,1,1,0.0
IDIOT DOTS,0,2,2,0.0
IDPSMyKidsIRL,4,5,9,44.4
IDeadlySquadI,1,8,9,11.1
IHonorI,0,1,1,0.0
IHunter X HunterI,2,7,9,22.2
II A U R A II,4,6,10,40.0
II Black Mamba II,21,32,53,39.6
IIWANTEDII,26,56,82,31.7
IIuPaT,2,22,24,8.3
IKIGAI,0,2,2,0.0
IKUN,12,25,37,32.4
ILEGALES,1,2,3,33.3
ILSOLO,1,1,2,50.0
IM O R D O RI,104,81,185,56.2
IMISS10s,0,1,1,0.0
IMMUNITY,0,10,10,0.0
IMPERIA ZLA,0,9,9,0.0
IMPERIAL PERSIA,1,17,18,5.6
IMPERIO ARPEN,0,1,1,0.0
IMPERIO HISPANO,0,4,4,0.0
IMPERIO NOXUS,1,0,1,100.0
IMeowMeowI,0,2,2,0.0
INDIRKALDIRYAPISTIR,0,12,12,0.0
INDOPRET,9,4,13,69.2
INFAMOUS V2,0,1,1,0.0
INFERIUM,7,31,38,18.4
INQUISIT0Rs,2,23,25,8.0
INSTITUCIJA,0,18,18,0.0
IOeOeOeI,1,0,1,100.0
IQ 1,0,1,1,0.0
IQ difference,1,0,1,100.0
IRAN,1,6,7,14.3
IRAN 3AZ,7,64,71,9.9
IRAN-GANKER,1,1,2,50.0
IR_INFINITY,1,5,6,16.7
ISLAND LOOT,0,1,1,0.0
ISeeSomeLoot,0,2,2,0.0
ITAJ,0,2,2,0.0
IVAN,3,9,12,25.0
IX Kohorta,46,50,96,47.9
I_X_I,0,9,9,0.0
I______________I_____________I,0,1,1,0.0
I____________________________I,0,1,1,0.0
Iblis GANK,2,0,2,100.0
IbnelerCollection,1,10,11,9.1
Ice Phoenix,0,1,1,0.0
Ice Spirits,0,2,2,0.0
Igaki,0,1,1,0.0
Il Covo,0,1,1,0.0
Il Focolare Accogliente,0,1,1,0.0
Im mad bro,2,3,5,40.0
Immortal Deity,0,1,1,0.0
Immortal Dragons,4,24,28,14.3
Immortal Guard Army,0,3,3,0.0
Immortal Squad,1,2,3,33.3
Immortal White Wolf,9,4,13,69.2
Impalers,59,154,213,27.7
Imperfascist Crimson,0,1,1,0.0
Imperial Decree,5,15,20,25.0
Imperial Dynasty,1,11,12,8.3
Imperial Fist,0,1,1,0.0
Imperion,0,15,15,0.0
Imperium of Manqind,0,1,1,0.0
Impero,1,2,3,33.3
Impulse Light,5,49,54,9.3
In Articulo Mortis,20,10,30,66.7
In Time,1,1,2,50.0
Incited,1,0,1,100.0
Indecent Triangles,3,2,5,60.0
Independent,0,1,1,0.0
Industrie Corp,4,10,14,28.6
Industry,1,0,1,100.0
Infantry,0,1,1,0.0
Infernal Ghouls,2,20,22,9.1
Infinity,2,0,2,100.0
Inglorious Bastrds,91,51,142,64.1
InkShadow,0,3,3,0.0
Inquisitor,0,1,1,0.0
Inquisitors,181,136,317,57.1
Insane,24,43,67,35.8
Insanity,1,3,4,25.0
Instic,20,21,41,48.8
Instinct,2,1,3,66.7
Insurgente,0,2,2,0.0
Interactive,0,4,4,0.0
Interrupts,1,0,1,100.0
Into The Void,3,1,4,75.0
Introferto,0,1,1,0.0
Intujace Zwierzeta,0,1,1,0.0
Invidus,5,23,28,17.9
Invisium,0,4,4,0.0
IranPower,1,3,4,25.0
Iraqi56,2,9,11,18.2
Irmandade Lusitana,0,1,1,0.0
Iron Company,0,1,1,0.0
Iron Legion FTG,0,5,5,0.0
Iron-clad,0,8,8,0.0
Iron_ManS,0,15,15,0.0
Islamic Force,0,1,1,0.0
Ita Vero,1,5,6,16.7
Italian League,0,3,3,0.0
Italian Mafia,2,4,6,33.3
J O U R N E Y,1,1,2,50.0
J U S T I C E,1,5,6,16.7
JACK,0,1,1,0.0
JACKPOT FAMILY,0,2,2,0.0
JAEGERMEISTER,6,25,31,19.4
JEFFREY EINSTEIN,3,1,4,75.0
JENDERAL IMUTZ,1,0,1,100.0
JOBLIFE,0,4,4,0.0
JOURNEY TOGETHER,153,129,282,54.3
JPK CLUB,0,5,5,0.0
JPN,1,1,2,50.0
JUDEROCOMMANDO,0,1,1,0.0
JUSTICE OF ALBION,6,22,28,21.4
Jack DanieIs,0,1,1,0.0
Jackals of Abyss,0,1,1,0.0
JackalsHellions,0,2,2,0.0
Jambon Beurre,0,3,3,0.0
JamonLover,1,3,4,25.0
Janissaries,0,1,1,0.0
Janosiki Albionczyki,0,1,1,0.0
Japa,0,4,4,0.0
Japan Boys Lovers,0,1,1,0.0
Jari,1,5,6,16.7
Jeepers Creepers,0,1,1,0.0
JellyCat,0,1,1,0.0
Jenderal imuut,0,1,1,0.0
Jervis Guilde1,1,12,13,7.7
JesterNJokes,0,2,2,0.0
Jet Life,0,1,1,0.0
Jhereg,8,29,37,21.6
Jirafillas,0,1,1,0.0
Join The System,0,1,1,0.0
JonTurks,40,21,61,65.6
Journey,0,1,1,0.0
Juanshot,4,5,9,44.4
Judge,233,161,394,59.1
Jungle Special,1,3,4,25.0
Juramento dos Cavaleiros,0,3,3,0.0
Just Lucky,1,0,1,100.0
Just Run,68,110,178,38.2
Just lazy,1,4,5,20.0
Just1ce,0,5,5,0.0
Just_me,0,1,1,0.0
K A R T E L,1,0,1,100.0
K F C,105,143,248,42.3
K I O T O,1,4,5,20.0
K I T E,1,0,1,100.0
K O R O L E V S T V O,0,1,1,0.0
K P E C T,20,28,48,41.7
K U R O T S U K I,4,18,22,18.2
K0NSEY,9,33,42,21.4
KAFIR,0,1,1,0.0
KAHCK,0,1,1,0.0
KARABASAN,0,2,2,0.0
KATORGA,0,4,4,0.0
KAWAII UWU SENPAI HENTAI,1,0,1,100.0
KAYI,1,0,1,100.0
KBOB,0,3,3,0.0
KEVIN AND COMPANY,0,2,2,0.0
KGSPS,0,1,1,0.0
KHUBZ,0,2,2,0.0
KILLAENN CORP,2,7,9,22.2
KILOS DOOM,0,2,2,0.0
KINDER 90-X,0,3,3,0.0
KINGS PVP,4,12,16,25.0
KISKOBOL,1,0,1,100.0
KIZIL ELMA,0,1,1,0.0
KIng in Albion 2,2,1,3,66.7
KLAN PAUKI,3,20,23,13.0
KLICK AREA,3,34,37,8.1
KLOOBNIKA,0,1,1,0.0
KNT,0,1,1,0.0
KNURZYSKA,0,2,2,0.0
KONESERZY FIATA 500,0,1,1,0.0
KORKUSUZ,24,2,26,92.3
KOT KABANOS,4,14,18,22.2
KOguys,7,36,43,16.3
KPEBETKA,4,2,6,66.7
KRA_KEN,2,0,2,100.0
KSAx,0,5,5,0.0
KST,0,2,2,0.0
KUBAgg,0,5,5,0.0
KUMES,0,1,1,0.0
KURTLAR KONSEYI,0,1,1,0.0
KURVA,3,5,8,37.5
KVM,0,3,3,0.0
KYZNECHIKI,7,9,16,43.8
K_A_P_A_B_A_H,10,60,70,14.3
Kafirler,3,4,7,42.9
Kahos,0,1,1,0.0
Kaiju,0,8,8,0.0
Kaiserburg_Kanaken,0,1,1,0.0
Kal Vas Flam,22,65,87,25.3
Kalkulators,0,1,1,0.0
Kapitalist Kedicikler,4,6,10,40.0
Kaposszentjakab,0,1,1,0.0
Kapslomania,6,8,14,42.9
Kaskus,0,7,7,0.0
Kavak Boys,0,21,21,0.0
Kebab Team,8,26,34,23.5
Kebabine,2,0,2,100.0
KeepCalmAndRespawn,2,7,9,22.2
Keluarga Besar Cicadas,0,21,21,0.0
KenyergyarKft,1,0,1,100.0
Kesef Cartel,0,3,3,0.0
Khonsu Lychshiy Drug,0,1,1,0.0
Khortytsya,0,1,1,0.0
Khteam,19,23,42,45.2
Kick -- ElitarnyPeople,0,1,1,0.0
Kign ok Kign,0,2,2,0.0
Kikimora,6,6,12,50.0
Kil619,0,2,2,0.0
Kill Again,2,22,24,8.3
Kill The Pain,3,4,7,42.9
KillJoys,102,81,183,55.7
Killer Trolls,108,156,264,40.9
Kimry69,5,36,41,12.2
KinG_GW,3,6,9,33.3
King Of Albion,0,2,2,0.0
King wolf,0,1,1,0.0
KingDom of the Dead,0,1,1,0.0
KingPersian,2,1,3,66.7
Kingdom Pahlavi,0,8,8,0.0
Kings Of Excitement,3,2,5,60.0
Kings of Anarchy,0,1,1,0.0
Kings of corrupts and a useles,0,2,2,0.0
KingsOfShnitsel,0,2,2,0.0
Kiratus,1,0,1,100.0
Kiskino Duplo,0,4,4,0.0
Kiss Black One,0,1,1,0.0
Kiss or Spank,59,119,178,33.1
KlashKlanKings,0,3,3,0.0
Klenovoe Derevo,2,15,17,11.8
Knaves,46,128,174,26.4
Knight hunters,0,4,4,0.0
Knight of Martlock,12,0,12,100.0
Knights Legionnaires,3,0,3,100.0
Knights Nirvana,0,1,1,0.0
Knights Of Fortune,1,1,2,50.0
Knights Of Nightmares,2,9,11,18.2
Knights Of Silence,0,1,1,0.0
Knights Tavern,1,1,2,50.0
Knights of Kool-Aid,0,1,1,0.0
Knights of the North,0,1,1,0.0
Knights of the Rightseous Way,0,7,7,0.0
KnightsOfBlood,6,16,22,27.3
KnightsOfCamelot,142,159,301,47.2
Knogga,0,3,3,0.0
Koczownicze Plemie Antarktydy,0,1,1,0.0
Kolotripides,1,0,1,100.0
Kommensalizm,0,2,2,0.0
Komynalka,4,37,41,9.8
Konfederacja Kazimierska,0,1,1,0.0
Koniec Swiata,0,1,1,0.0
Konspiracja,0,8,8,0.0
Korbloxian Demons KBD,0,1,1,0.0
Korkron,0,2,2,0.0
Korobeyniki,0,1,1,0.0
Kororowe Jarmarki,1,0,1,100.0
Korosu,8,7,15,53.3
Kose Gawa,1,6,7,14.3
Kosveden,0,1,1,0.0
Kozaky Sichi,2,7,9,22.2
Kree,0,2,2,0.0
Krishtal-Tirit,1,0,1,100.0
KristalGuard,1,0,1,100.0
Kroist,1,1,2,50.0
Krusty Krab,0,4,4,0.0
Kruvels,1,0,1,100.0
Krylya Norn,1,0,1,100.0
KuRuESHkU,0,2,2,0.0
Kuce Grazyny,3,18,21,14.3
Kudo -Kai,0,1,1,0.0
KulaOdStakla,1,2,3,33.3
Kupechestvo,7,39,46,15.2
Kupoland,0,1,1,0.0
Kurd Boys,0,1,1,0.0
Kurnaz Tilkiler,1,0,1,100.0
Kurwatata,4,1,5,80.0
Kurwy Pedaly Cwele,0,2,2,0.0
Kuska,0,4,4,0.0
Kutsal Kabak Tarikati,7,11,18,38.9
KutupEsport,0,1,1,0.0
Kuzia,0,1,1,0.0
Kvin345,0,11,11,0.0
KyRy,0,1,1,0.0
Kyivan Rus,1,4,5,20.0
L E G A C Y,0,1,1,0.0
L E G I O N R U S H,1,9,10,10.0
L M N D O R,2,7,9,22.2
L O A D I N G,0,22,22,0.0
L O O T Y A N,3,7,10,30.0
L3ZAWA,0,1,1,0.0
L9 L9 L9,2,2,4,50.0
LA ARMADA,1,13,14,7.1
LA BARBERIA,2,1,3,66.7
LA BOITE A PIZZA,1,1,2,50.0
LA CASA DEL DRAGON,0,1,1,0.0
LA FAMILIA ES TODOO,6,26,32,18.8
LA LEGION SACREE,0,4,4,0.0
LA MEUTE DES EGOUTS,2,6,8,25.0
LA SANTA TRINIDAD,0,1,1,0.0
LA SUPREMATIE BLANCHE,0,1,1,0.0
LA YAKUZA,6,21,27,22.2
LABRAWAILERS,0,1,1,0.0
LABUBU TIME,21,29,50,42.0
LAGBION USERS,2,5,7,28.6
LALADINY,4,1,5,80.0
LAST HOPE,1,3,4,25.0
LAST LEGI0N,7,22,29,24.1
LASTKING,0,5,5,0.0
LATAM_COMPANY,2,2,4,50.0
LATEX,2,2,4,50.0
LAZARET,0,18,18,0.0
LDK-ORDINAS,79,68,147,53.7
LEGENDS NEVER D1E,0,3,3,0.0
LEGI0 INVICTA,10,24,34,29.4
LELEKA,22,34,56,39.3
LEMON,0,1,1,0.0
LES CONQUERORS,1,4,5,20.0
LET IT HAPP3N,3,32,35,8.6
LGPG,0,1,1,0.0
LHS_SAKSOS,5,4,9,55.6
LICH KING,1,3,4,25.0
LIGHT OF ROBLOX,0,1,1,0.0
LIKE EARTH,4,27,31,12.9
LLlYT,1,0,1,100.0
LM PRIEST,0,3,3,0.0
LMKHZEN,1,1,2,50.0
LOOTING,0,1,1,0.0
LORDES,0,3,3,0.0
LOS LOLOS,0,7,7,0.0
LOS PAPUS IV,0,6,6,0.0
LOS POULPITOS,0,2,2,0.0
LOS-ESPARTANOS_2000,1,8,9,11.1
LOW9,0,1,1,0.0
LOYTribe,7,9,16,43.8
LOnca01,0,3,3,0.0
LR_Luminary Regime,0,1,1,0.0
LTE,1,7,8,12.5
LUMING,1,1,2,50.0
LUMORB,2,0,2,100.0
LUNATICAL,21,65,86,24.4
LWKY,0,3,3,0.0
LYMHURST ULTIMATE,7,72,79,8.9
LYTAYA MAZUTA,0,1,1,0.0
L_I_Z_A_R_D,0,1,1,0.0
La 3e Porte de Chauvur,0,1,1,0.0
La 5e Colonne,0,5,5,0.0
La Banda dei Briganti,0,1,1,0.0
La Calvace,0,3,3,0.0
La Chasse,44,25,69,63.8
La Chinoiserie,1,2,3,33.3
La Compagnie Azure,3,5,8,37.5
La Compagnie du Lys,11,57,68,16.2
La Confrerie du Canape,2,1,3,66.7
La Hermandad Olvidada,1,6,7,14.3
La Horde Obscure,0,1,1,0.0
La Horde Sylvestre,51,76,127,40.2
La Legions du Lys,1,0,1,100.0
La Madriguera del Huargo,1,0,1,100.0
La Masa,3,26,29,10.3
La Menace,0,1,1,0.0
La Mental,0,3,3,0.0
La Meute De Fer,2,16,18,11.1
La Meute Forgee,1,6,7,14.3
La Meute du Crepuscule,16,48,64,25.0
La Moisson,0,6,6,0.0
La Progangeishon V2,0,1,1,0.0
La Quercia,0,8,8,0.0
La Rumeur,1,0,1,100.0
La Taberna de Martlock,0,1,1,0.0
La Taverne Alalcowl,0,1,1,0.0
La Vuole,0,1,1,0.0
La baraque a frite,5,7,12,41.7
La bibine,0,1,1,0.0
La confrerie des chevaliers,0,1,1,0.0
La-Garde-Draconique,6,16,22,27.3
LaPililasArmy,10,17,27,37.0
La_Secta_Exterior,0,1,1,0.0
Labubu22,0,1,1,0.0
Lacedaemon,0,3,3,0.0
Lacrima,87,71,158,55.1
Lair of the Forgotten,0,1,1,0.0
Lamnamteam,1,1,2,50.0
Lancelot,0,11,11,0.0
Lang Ned Duath,0,1,1,0.0
Lanter Arda,0,4,4,0.0
Lanza de Draconia,1,1,2,50.0
Laperouse,8,15,23,34.8
Lapin,0,2,2,0.0
Largent avant tout,0,4,4,0.0
Las,2,0,2,100.0
Last Exit,4,1,5,80.0
Last Lightfall,0,14,14,0.0
Last Resort,36,43,79,45.6
Last Warning,1,2,3,33.3
Last Way,34,54,88,38.6
Last of the Ratts,106,125,231,45.9
LastDragon,11,6,17,64.7
LastOnesLeft,0,2,2,0.0
LastParty,34,92,126,27.0
LastWar,0,1,1,0.0
Latitante,118,107,225,52.4
Laughing Coffins,28,7,35,80.0
Lazy lazy people,5,4,9,55.6
LazyLegendaryBullsInseminators,0,2,2,0.0
Le Bus Magique,2,0,2,100.0
Le Clan Destin,8,23,31,25.8
Le Conglomerat,0,5,5,0.0
Le Nord,2,16,18,11.1
Le PMU,0,1,1,0.0
Le Viccii,0,1,1,0.0
Leagion of Light,1,5,6,16.7
League of Victory,5,34,39,12.8
Leather Caravan,0,4,4,0.0
Leg1on of Sparta,1,6,7,14.3
Legacy Paradox,0,4,4,0.0
Legacy of Satoshi Nakamoto,1,2,3,33.3
LegendaNukatakaThere,0,2,2,0.0
Legio Potens,5,11,16,31.2
Legion Celestial,0,5,5,0.0
Legion Del Apocalipsis,14,24,38,36.8
Legion Of Night,2,0,2,100.0
Legion der Verdammten,2,8,10,20.0
Legion in Shadows,1,5,6,16.7
Legion of the Endless Kill,2,0,2,100.0
Legion-PL,7,22,29,24.1
Legion_of_Ukraine,0,1,1,0.0
Legions of Angels,4,14,18,22.2
Legiony Talibanu,0,3,3,0.0
Lekko Spoceni,0,1,1,0.0
Lemme Guess,0,1,1,0.0
Lemon Girls,63,116,179,35.2
Lemonchello,0,5,5,0.0
Leon Cremesiss,0,1,1,0.0
Les 100 culotte,5,2,7,71.4
Les Chaises,1,0,1,100.0
Les Chomeurs,2,14,16,12.5
Les Cons Voyeurs,0,2,2,0.0
Les Corbeaux Noir,0,1,1,0.0
Les Disciples,4,13,17,23.5
Les Fils de Picore,0,5,5,0.0
Les Monts Gaulle,28,16,44,63.6
Les Ombres Noires,0,1,1,0.0
Les Pecheur Francais,0,3,3,0.0
Les Petits gens,0,1,1,0.0
Les Poulets Vengeurs,0,1,1,0.0
Les Stoner Knights,0,2,2,0.0
Les Tigre Blanc,4,10,14,28.6
Les Walapes,1,22,23,4.3
Les Yeux jaunes,1,0,1,100.0
Les dagues silencieuses,0,1,1,0.0
Les impots,14,28,42,33.3
Les kiwis,1,0,1,100.0
Les petits Glouglours,0,1,1,0.0
Les pti Seigneur,2,1,3,66.7
Lesbian Mothers,0,1,1,0.0
Lethal Company,1,0,1,100.0
Lethal Protectors,0,3,3,0.0
LiFe BRiNGeRs,0,1,1,0.0
LiMing,21,36,57,36.8
Libyan Gladiators,0,9,9,0.0
Life Is Pain,1,4,5,20.0
Light of the Dawn,3,8,11,27.3
Lightning Night,1,4,5,20.0
Lilith Family,0,2,2,0.0
Limes Inferior,3,3,6,50.0
Limit-Breakers Familia,44,71,115,38.3
Linaje Autistico,0,1,1,0.0
Line Breakers,27,21,48,56.2
Lineage II,0,2,2,0.0
Lintium World Official,0,1,1,0.0
Lions of Lymhurst,0,2,2,0.0
Lit,2,2,4,50.0
Little Cold Hands,2,5,7,28.6
Little PIG LET ME IN,3,1,4,75.0
Living Plague,0,1,1,0.0
Ljaych Lmalaki,2,5,7,28.6
LlamadaDelVacio,0,1,1,0.0
LoOL-Egypt,1,5,6,16.7
Lobster Gang,0,1,1,0.0
Lock Down,27,49,76,35.5
Lofty Legion,0,5,5,0.0
Log_Horizon,0,9,9,0.0
Login Horizont,38,67,105,36.2
Login horizon,0,2,2,0.0
Logout,52,60,112,46.4
LogovoPauka,0,1,1,0.0
Lolimancer,0,1,1,0.0
Lone Spark,0,14,14,0.0
Lone Tower,3,21,24,12.5
Look at all those chickens,10,12,22,45.5
Loot Or Trup,1,0,1,100.0
Loot-Goblins,0,1,1,0.0
Lootiiiing,40,82,122,32.8
Lord OF Shadows,1,0,1,100.0
Lord Of The Ring,0,2,2,0.0
LordDemons,1,11,12,8.3
Lords Of Sin,0,1,1,0.0
Lords of Lag,0,3,3,0.0
LoremIpsum,3,5,8,37.5
Los Aguacates,0,1,1,0.0
Los Caballeros del Fenix,0,1,1,0.0
Los GatosS,6,5,11,54.5
Los Jueves al Bar,7,32,39,17.9
Los KONSEY,0,1,1,0.0
Los Kashtanos,2,7,9,22.2
Los Leones,0,5,5,0.0
Los Monarcas,14,4,18,77.8
Los Pepo Clown,9,13,22,40.9
Los Rompecorazones 1940,4,11,15,26.7
Los Tryhards,1,0,1,100.0
Los creadores de todo,0,2,2,0.0
Los payasos justicieros,1,11,12,8.3
Los peinacalvos,2,2,4,50.0
LosPPs,0,6,6,0.0
Loser club,6,32,38,15.8
Lost Flame,9,13,22,40.9
Lost Mothership,1,2,3,33.3
Lost Shadows,0,3,3,0.0
LostArcMoncky,0,1,1,0.0
LostEden,3,4,7,42.9
LostParadise,0,3,3,0.0
LotusFall,1,11,12,8.3
Loup Blanc,1,16,17,5.9
Lovci ciganu a minorit,1,11,12,8.3
Love and Wars,0,1,1,0.0
LoveForYoU,89,99,188,47.3
Lovecraft,0,1,1,0.0
LowTierNubs,0,2,2,0.0
Loyal Guards,78,47,125,62.4
Loyal Thetfordians,1,1,2,50.0
Lucifers Hotel,1,4,5,20.0
Luck of the Leprechaun,0,3,3,0.0
Ludomani,5,9,14,35.7
Ludzie wyzyn,7,11,18,38.9
Lumen,4,39,43,9.3
Luminar Knights,3,3,6,50.0
Lunar Sun,0,1,1,0.0
Lunar Wolf,10,25,35,28.6
Lunatic,0,1,1,0.0
Lusos,60,12,72,83.3
Luxurity,0,2,2,0.0
Lymhurst,0,1,1,0.0
Lymhurst Lumberjacks,5,55,60,8.3
LzNeR Gaming,8,5,13,61.5
M 1 S F I T S,31,52,83,37.3
M A L U T K I,0,1,1,0.0
M E N T A L I T Y,3,2,5,60.0
M I C R O B E,16,1,17,94.1
M I N D L E S S,43,33,76,56.6
M I S T A K E,0,1,1,0.0
M O N A R C H,2,3,5,40.0
M O R G U E,19,12,31,61.3
M and M,0,16,16,0.0
M-O-N-O-L-I-T,2,9,11,18.2
M0RS,1,0,1,100.0
M2B,0,1,1,0.0
M3R Company,193,148,341,56.6
MAD,0,5,5,0.0
MAD RABBITS,6,34,40,15.0
MAGA SIAI,1,1,2,50.0
MAJO,0,3,3,0.0
MAKE BANDTS GREAT AGAN,5,3,8,62.5
MAKE LYM GREAT AGAIN,0,5,5,0.0
MAKE ROMA GREAT AGAIN,0,3,3,0.0
MAMBO,1,3,4,25.0
MAMMA MIA,38,67,105,36.2
MANTECOSOS,2,3,5,40.0
MAOMAOTOU,0,1,1,0.0
MARTLOCK FREEMANS,1,3,4,25.0
MATX EM,0,2,2,0.0
MAYHEM,27,40,67,40.3
MAZATHAKY,0,5,5,0.0
MDI,0,1,1,0.0
MEKAN2,0,30,30,0.0
MELITA,2,10,12,16.7
MENTALITY DIVER,10,8,18,55.6
MEOWWWW,1,1,2,50.0
MERCI,0,1,1,0.0
METALHEADS,5,0,5,100.0
META_kocyki,1,0,1,100.0
MEVLANA KISKACI,0,9,9,0.0
MGE,2,2,4,50.0
MGE_BRATKI,0,9,9,0.0
MG_MiniGanG_Ir,0,1,1,0.0
MIAMI POGS,3,11,14,21.4
MIDNIGHT WOOD,3,26,29,10.3
MIGUELOVERS,0,3,3,0.0
MINECRAFTER,0,1,1,0.0
MIST RATS,1,2,3,33.3
MLGB,0,1,1,0.0
MMH iQ,0,1,1,0.0
MOBILGIL,1,0,1,100.0
MOJAVE RAIDERS,1,0,1,100.0
MOKI GOAT,0,1,1,0.0
MONDSHTADT,0,17,17,0.0
MONEYKING,0,4,4,0.0
MONIR,6,1,7,85.7
MONKEY MAMA,1,1,2,50.0
MONKEYS STRONG TOGETHER,4,6,10,40.0
MORIBUND,0,2,2,0.0
MORIERIS,8,8,16,50.0
MOROCCAN KAMEKAZE,2,13,15,13.3
MORWAY,0,1,1,0.0
MOSHNYE,1,1,2,50.0
MOTHER OF DRAGONS,1,1,2,50.0
MOUNDMAKERS,3,5,8,37.5
MSB,2,5,7,28.6
MUM EATERS,0,5,5,0.0
MUZ,15,4,19,78.9
MYDAKI,0,4,4,0.0
MYDLINIARZE,2,1,3,66.7
MYLITTLEP0NY,11,12,23,47.8
M_I_F,0,2,2,0.0
Ma Sha Ji,0,2,2,0.0
MaJluWu,0,2,2,0.0
Mad House,0,1,1,0.0
Made In Russia,0,3,3,0.0
Magic Airlines,12,20,32,37.5
Magyar,4,28,32,12.5
Main Noir,1,1,2,50.0
Maison 9,1,3,4,25.0
Majority Immortal Russian,1,4,5,20.0
Make Albion Better Again,14,15,29,48.3
Make Albion White Again,0,4,4,0.0
Make Turks Great Again,50,82,132,37.9
Make_More_Time,1,3,4,25.0
Makoto Teki,1,7,8,12.5
Maledictum,9,9,18,50.0
Maliny,1,0,1,100.0
Malt mammoth,0,2,2,0.0
Maly Gang,0,1,1,0.0
Mama_Prosti,0,2,2,0.0
MamonTS,4,13,17,23.5
Man this game sucks,3,6,9,33.3
Mango Jelly,1,4,5,20.0
MangoTree,1,0,1,100.0
Manigua,0,4,4,0.0
Manisex,2,11,13,15.4
ManoWaR,1,4,5,20.0
Manquitos por el mundo,1,7,8,12.5
ManyaK HeriF,0,47,47,0.0
Maradura s,1,2,3,33.3
Marauder s,175,208,383,45.7
Mardinliler,0,3,3,0.0
MargoBlackBalls,0,2,2,0.0
Marineford,8,0,8,100.0
Marlborough,0,1,1,0.0
MarlockFamily,0,3,3,0.0
Martial Academy,0,1,1,0.0
Martlock_OGR,0,1,1,0.0
Martlockk Knight,0,3,3,0.0
Masonii Pepenasi,0,1,1,0.0
Masters of Albion,14,81,95,14.7
Masters of war,0,2,2,0.0
Masturan,0,7,7,0.0
Mata Gabachos,9,43,52,17.3
McDuck Enterprises,0,3,3,0.0
McLovin Gang,1,6,7,14.3
Meat,1,2,3,33.3
Meeow,0,2,2,0.0
Mefedroniarze,0,4,4,0.0
Megalomania,0,5,5,0.0
Melorna,1,7,8,12.5
MemennTVFamily,0,2,2,0.0
Menam Parma,2,2,4,50.0
Mentality R-D,0,1,1,0.0
Meow Ore Co,0,1,1,0.0
MeowIMeow,1,0,1,100.0
Mercenary Idman Yurdu,27,64,91,29.7
Merchandaising,0,6,6,0.0
Meta,6,8,14,42.9
MetaFleXX,0,1,1,0.0
Metallurg,0,3,3,0.0
Metanoia,1,2,3,33.3
MiauczuryKubusia,1,0,1,100.0
Micar,3,15,18,16.7
Middle-Earth,0,2,2,0.0
Midgard Saga,1,6,7,14.3
Mig Mig,2,3,5,40.0
Mighty Dragon,0,4,4,0.0
Mighty Goat,14,12,26,53.8
Milka01,5,32,37,13.5
Milkomeda,1,1,2,50.0
Millennialis,46,47,93,49.5
Minatour KING,9,14,23,39.1
Mind Benders,1,0,1,100.0
Mind If I Roll Need,2,1,3,66.7
Mindless,1,8,9,11.1
Ministranci,0,3,3,0.0
Miratvortsy,0,1,1,0.0
Miros,0,14,14,0.0
Misfits of the Forest,4,2,6,66.7
Mission,87,31,118,73.7
Mist Lover,0,1,1,0.0
Mist Walker,2,5,7,28.6
Mistake,1,0,1,100.0
Mitro Gang,1,7,8,12.5
Mixglobe,0,2,2,0.0
Miya,2,6,8,25.0
Moba_Squad,0,3,3,0.0
Modest Circle,11,12,23,47.8
Moenia,2,1,3,66.7
Moggerverse - PSL Band,1,1,2,50.0
Mogulshiki,2,14,16,12.5
Mokpble Tpycuku,0,1,1,0.0
Mokrie kisski,0,1,1,0.0
Molterians,24,32,56,42.9
Mommys gang,4,13,17,23.5
Monagarmr,0,1,1,0.0
Mongoloids,1,4,5,20.0
Monke,3,2,5,60.0
Monkey Buisness,32,13,45,71.1
Monkey Hangers,2,1,3,66.7
Monkey Zoo,3,5,8,37.5
MonkeyFlip,0,1,1,0.0
Monkey_Kingdom,0,1,1,0.0
Monster team,0,4,4,0.0
Monsters home,0,1,1,0.0
Moon,0,1,1,0.0
Moonlight,2,12,14,14.3
Moonlight Maniacs,0,4,4,0.0
Moonrise,0,8,8,0.0
Moravian Eagles,31,55,86,36.0
Mordiggian,3,2,5,60.0
Morgana Lover,0,1,1,0.0
Morgana Rats,1,1,2,50.0
Morganas Knives,0,3,3,0.0
Moros,142,119,261,54.4
Morta,0,1,1,0.0
Mortal Dominion,7,27,34,20.6
Mortal luck,10,0,10,100.0
Mortlak,0,12,12,0.0
Mortrax,1,2,3,33.3
Mortuary,0,5,5,0.0
Moskva_Ne_Spit,0,1,1,0.0
MostickBoyZ,0,2,2,0.0
Mothers brawlers,0,1,1,0.0
Motley Crusade,22,14,36,61.1
Movimento Liberazione Albilon,2,17,19,10.5
MrRodzy Corporation,0,4,4,0.0
MrRyzen,0,1,1,0.0
Mroczna Armia,28,70,98,28.6
Mubarizun,0,3,3,0.0
MuchasCraft,0,1,1,0.0
Muerte Real,0,1,1,0.0
Mugen Kuryu,1,1,2,50.0
Munchers,0,1,1,0.0
Mure,48,63,111,43.2
MuslimSS,0,5,5,0.0
Mutiny,38,22,60,63.3
My Little FREAKS,0,1,1,0.0
My Little Pone,1,1,2,50.0
My mind is a horry story,0,1,1,0.0
Myriath,6,10,16,37.5
Myrpi,1,0,1,100.0
Mysleniczanka,0,1,1,0.0
Mysteria,0,1,1,0.0
Mysterio,0,1,1,0.0
Mystery War,0,11,11,0.0
Mystetstvo Viyny UA,0,1,1,0.0
Mystical Warriors,1,3,4,25.0
Mystical_Chernota,0,1,1,0.0
MythUA,0,1,1,0.0
Mythgrove,6,7,13,46.2
Mythic Slayers,1,2,3,33.3
Mythix,6,12,18,33.3
N A H,0,1,1,0.0
N GH,1,2,3,33.3
N I G H T F U R Y,0,1,1,0.0
N I G H T R E 1 G N,3,3,6,50.0
N O C H E S,3,8,11,27.3
N O R T H,19,21,40,47.5
N O S F E R A T U,0,4,4,0.0
N e x,0,3,3,0.0
N o va,0,10,10,0.0
N01,0,11,11,0.0
N0Mercy,4,17,21,19.0
N0N4ME,0,1,1,0.0
NAGIBATOR,10,46,56,17.9
NAriK,1,0,1,100.0
NE MUTLU TUKUM DIYENE,0,2,2,0.0
NEED MY JACKET,7,19,26,26.9
NEFORMALUSIS,2,4,6,33.3
NEMETON,4,1,5,80.0
NET PROBLEM,2,4,6,33.3
NEVER GONNA GIVE YOU UP,4,6,10,40.0
NEVER RESET,0,3,3,0.0
NEW NARACORT,0,3,3,0.0
NIET-interteiment,5,3,8,62.5
NIGHT MOON,2,6,8,25.0
NIGHT TEMPLARS,2,2,4,50.0
NIGHT-RAIDERS,1,4,5,20.0
NIGTLER,1,0,1,100.0
NINE PERCENT,4,9,13,30.8
NN22,0,3,3,0.0
NO BB,31,71,102,30.4
NO DOPE NO HOPE,0,11,11,0.0
NO GODS,2,1,3,66.7
NO META,61,56,117,52.1
NO MONEY NO TALK,3,5,8,37.5
NO your static,1,0,1,100.0
NOBILITY,0,4,4,0.0
NOD,0,1,1,0.0
NON-MANDO,0,1,1,0.0
NOOBIES,0,3,3,0.0
NOOOBS,0,7,7,0.0
NORTHS,1,0,1,100.0
NOSENSE,0,2,2,0.0
NOT A Z3RG,10,11,21,47.6
NOT A ZERG,3,7,10,30.0
NOT ALONE,5,3,8,62.5
NOT For Tax Evasion Purposes,0,2,2,0.0
NOVA E,1,3,4,25.0
NOXERA,48,58,106,45.3
NOXUSS,1,1,2,50.0
NR kings,8,7,15,53.3
NUBS HCE,2,1,3,66.7
NVDP,5,33,38,13.2
NWA,2,2,4,50.0
Na Bombach,3,1,4,75.0
NaRasslaBoness,0,13,13,0.0
NaahBrugge,1,2,3,33.3
Nachtklinge,1,3,4,25.0
Nacidos de la tormenta,1,44,45,2.2
Nad Rybnicky,1,9,10,10.0
Naked Sitters,0,1,1,0.0
NamPoxuy,1,1,2,50.0
Name already taken,1,0,1,100.0
Nameless,1,1,2,50.0
NanaGajah,1,21,22,4.5
Nastolnoe Ochko,0,1,1,0.0
Natural Born Killers,3,0,3,100.0
Nebukadnezar,8,56,64,12.5
Neck Breakers,23,14,37,62.2
NecroVision,1,4,5,20.0
Necros Squad,0,2,2,0.0
Neko Shogun,0,6,6,0.0
Nerds Neck,0,2,2,0.0
NetCat,0,1,1,0.0
Never Mind,96,121,217,44.2
Never Trust King,17,26,43,39.5
Nevermind,1,3,4,25.0
New Adventure,1,1,2,50.0
New Force,7,30,37,18.9
Newbee,33,45,78,42.3
Newbies Albion,0,1,1,0.0
NewerSquad,0,3,3,0.0
Newerlend,1,2,3,33.3
Nexorium,1,4,5,20.0
Next,1,5,6,16.7
NexusTR,1,7,8,12.5
NiIfGaard,1,54,55,1.8
Nicerealm,1,0,1,100.0
Nie bij,0,2,2,0.0
Niesmiertelne Smoki,0,1,1,0.0
Nieudane Eksperymenty,1,5,6,16.7
Niewolnicy mietka,0,2,2,0.0
Night Corp,0,4,4,0.0
Night Fang,1,1,2,50.0
Night Kids,0,1,1,0.0
Night Mrazers,0,2,2,0.0
Night-Reapers,26,76,102,25.5
NightRaidTR,0,1,1,0.0
Night_Fury,0,1,1,0.0
Nightfall Warriors,6,20,26,23.1
Nihilum,14,5,19,73.7
Nilfgaardian Legion,0,1,1,0.0
Nine Mortal Ways,16,6,22,72.7
NingXin,0,2,2,0.0
NinjaSquad,0,1,1,0.0
Ninth Legion,3,1,4,75.0
Niszczyciele Dobrej Zabawy,0,1,1,0.0
NiuNiuWG,1,4,5,20.0
Njordheim,58,60,118,49.2
No Disarray,0,1,1,0.0
No Guild,0,1,1,0.0
No LoVe,0,1,1,0.0
No Loot No Sleep,1,8,9,11.1
No Mercy,1,0,1,100.0
No Mistakes,9,16,25,36.0
No Risk No Ferrari,0,1,1,0.0
No Sex With Ex,252,284,536,47.0
No Skills,58,79,137,42.3
No Tourist,1,5,6,16.7
No Trust,1,0,1,100.0
No Weakness,0,4,4,0.0
No fear us,33,11,44,75.0
NoClapNoCap,107,128,235,45.5
NoFaceSClub,24,33,57,42.1
NoHands,0,2,2,0.0
NoRules,26,15,41,63.4
NoTag,31,110,141,22.0
NoTime,1,0,1,100.0
No_PMT,1,1,2,50.0
Noctis Vale,0,2,2,0.0
Noctis Venationis,0,2,2,0.0
Nocturnis Legion,0,1,1,0.0
Nomadz Ladz,1,0,1,100.0
NoobTeam,0,2,2,0.0
Noobs With Attitude,0,14,14,0.0
Nord_Star_INN,4,13,17,23.5
Nordheim,11,34,45,24.4
Norske Legender,0,2,2,0.0
North cartel,0,2,2,0.0
Northern Ways Company,0,1,1,0.0
Northlings,0,2,2,0.0
Northwind,0,5,5,0.0
Not A Brawl,0,1,1,0.0
Not Again,0,1,1,0.0
Nova Spain,0,1,1,0.0
Noxus,71,130,201,35.3
Nubbo FERMA,3,4,7,42.9
Nuisance,36,56,92,39.1
Numenordctlescorons,1,2,3,33.3
Nur die AFD,0,1,1,0.0
Nurture,1,18,19,5.3
Nyash-Myash,1,7,8,12.5
O D I N,0,1,1,0.0
O L D S C H O O L,1,0,1,100.0
O L Y M P U S,0,3,3,0.0
O N L I N E,28,81,109,25.7
O N L Y G A N K E R S,15,19,34,44.1
O T M O R O Z K I,1,0,1,100.0
O U R O,23,40,63,36.5
OATH,8,7,15,53.3
OBEZYANYA OSPA,1,6,7,14.3
OBSCURE CLAN,1,5,6,16.7
OBW Przyjaciele,45,62,107,42.1
OGURCHIKI,0,1,1,0.0
OHMEGA,4,4,8,50.0
OJO por OJO,0,4,4,0.0
OKFarmers,1,6,7,14.3
OLDBOYZ,2,1,3,66.7
OLIMPUS ANEXO,0,1,1,0.0
OLOMIST,0,1,1,0.0
OLYHI,0,1,1,0.0
OLYMPUS,0,1,1,0.0
OMEGALUL,5,22,27,18.5
OMNITYS,5,4,9,55.6
OMOH,1,3,4,25.0
OP Squad,3,25,28,10.7
OPEO,1,1,2,50.0
OPP,0,2,2,0.0
ORDEN DE JERUSALEN,0,8,8,0.0
ORDEN TOPINAMBUR,1,3,4,25.0
ORDER 66,0,1,1,0.0
ORDER OF THE PALATINE KNIGHTS,0,3,3,0.0
ORIGAMI,1,6,7,14.3
ORIGINALSS,6,29,35,17.1
ORSTED_Corporation,0,1,1,0.0
OSAMA,0,2,2,0.0
OSUS,1,11,12,8.3
OTECHESVO_co_op,0,1,1,0.0
OTPABA,2,1,3,66.7
OTSOSIK,0,2,2,0.0
OTSTALbIE,0,2,2,0.0
OTVIR,8,27,35,22.9
OVO,0,7,7,0.0
Oath of Kings,0,2,2,0.0
Oath of Turks,0,1,1,0.0
Oathbreakers,5,4,9,55.6
Oblivyon,0,1,1,0.0
Obsidian Dawn,27,35,62,43.5
Obsydian Cartel,0,1,1,0.0
Odd Future,0,7,7,0.0
OhioRizzlerTuffTuffTuff67Mango,0,1,1,0.0
OhneZahn,0,1,1,0.0
Old But Gold,0,3,3,0.0
Old School Ancients,0,2,2,0.0
Old School-90x,0,1,1,0.0
Old-School,0,1,1,0.0
OldINSIDE,0,3,3,0.0
Olimp Squad,5,23,28,17.9
Olimpianos,0,4,4,0.0
Olympus Gurds,2,6,8,25.0
Omega 20,0,1,1,0.0
Omega Hangout,6,6,12,50.0
OnE ShOT TEAM,1,2,3,33.3
OnW,6,17,23,26.1
One Cwel Army,1,0,1,100.0
One Heart,3,11,14,21.4
One Hell,5,51,56,8.9
One Man Corp,0,2,2,0.0
One Orange Braincell,3,1,4,75.0
OneArmy,0,4,4,0.0
OnePackGuild,1,6,7,14.3
OnePieceLtd,0,4,4,0.0
Oneshot en 3coups,0,1,1,0.0
Oni M,0,1,1,0.0
Onichan Kings,0,2,2,0.0
Only Blood,9,27,36,25.0
Only Gank,0,1,1,0.0
Only Guild,0,3,3,0.0
Only2Gndrs,1,2,3,33.3
OnlyFarms,0,1,1,0.0
OnlyGather,0,5,5,0.0
OnlyPVE,0,1,1,0.0
OnlyWars,5,4,9,55.6
Onlyezprofit,0,1,1,0.0
OopS Dead,3,6,9,33.3
Oops We Wiped,1,2,3,33.3
Open Play,9,11,20,45.0
Operacion Necora,2,26,28,7.1
Optics,0,2,2,0.0
Orbis,61,97,158,38.6
Ordem Vangrave,0,1,1,0.0
Ordem_TEMPLARS_Night,7,30,37,18.9
Orden Arcana,7,19,26,26.9
Orden Hospitalaria,27,85,112,24.1
Order of Fate,1,1,2,50.0
Order of Star,0,1,1,0.0
Order of Sun,0,2,2,0.0
Order of Svarog,16,46,62,25.8
Order of War,0,2,2,0.0
Order of the Bloodmoon,2,3,5,40.0
Order of the Shadow,2,2,4,50.0
Order of the fried chicken,1,5,6,16.7
OrderOfPensil,1,0,1,100.0
Ordin bleska,1,5,6,16.7
Ordo Sancte Rode,0,1,1,0.0
Ordo Solis,0,4,4,0.0
Ordo ab chao,0,1,1,0.0
Oresnick,0,1,1,0.0
Oskom,0,1,1,0.0
Osmanli Suvarileri,2,9,11,18.2
Ostatnie Ognisko,0,1,1,0.0
OtiNaneiiiii,0,1,1,0.0
Otmena,0,3,3,0.0
Outcasts OG,0,2,2,0.0
Outcry,0,3,3,0.0
Outer_Heaven,0,10,10,0.0
Outland Castle,2,17,19,10.5
Outlaw Island,0,1,1,0.0
Ov3rLords,2,2,4,50.0
Over kill,9,7,16,56.2
Overpowering,155,202,357,43.4
Overseer,1,12,13,7.7
OwlMafia,0,9,9,0.0
OxyGeNN,7,29,36,19.4
P A P A BARON,0,1,1,0.0
P A R A D 0 X,5,25,30,16.7
P E A K,1,16,17,5.9
P E G A S U S,0,1,1,0.0
P E N E S,1,22,23,4.3
P L S - D i s M o u n t,0,3,3,0.0
P32,0,5,5,0.0
PAIR,0,3,3,0.0
PALADINS,1,2,3,33.3
PANDA SQUAD 1,0,2,2,0.0
PANTHE0N,0,7,7,0.0
PARIVAAR,6,46,52,11.5
PARLIAMENT AQUA BLUE,0,1,1,0.0
PASSLABOH,0,1,1,0.0
PAURA1,0,3,3,0.0
PAWykk,5,4,9,55.6
PAY4WIN,0,2,2,0.0
PBK,1,1,2,50.0
PC Parts,3,5,8,37.5
PDIP - corrupted,0,1,1,0.0
PEKA,14,47,61,23.0
PEPA VATAFA ZZZ,6,19,25,24.0
PERSIAN STAR,0,3,3,0.0
PIETRUSZKI,1,3,4,25.0
PILSEN de LATA BATERIA,3,3,6,50.0
PISYA,0,3,3,0.0
PIVAS2005,0,1,1,0.0
PIVK0,0,1,1,0.0
PIVOVARY,1,3,4,25.0
PIXIE,1,5,6,16.7
PIXIES,0,1,1,0.0
PKW,0,1,1,0.0
PLATANO,0,1,1,0.0
PLEASE NO,0,8,8,0.0
PLOUTARCHS,1,0,1,100.0
PLQGGG,1,0,1,100.0
PMC deduski,0,1,1,0.0
PMC_ALBION,7,36,43,16.3
PMW,5,5,10,50.0
POCHO ARMY,1,0,1,100.0
PODONKI,0,3,3,0.0
POHYI GOIDA,0,7,7,0.0
POISONOUS LIZARDS,0,1,1,0.0
POKAKAL,2,13,15,13.3
POKOY,1,3,4,25.0
POMOIKA,11,15,26,42.3
POMPAGANG,0,2,2,0.0
POOK,2,15,17,11.8
POPEACHY BOYS,0,2,2,0.0
POPIVU,0,1,1,0.0
POR TU TATIS,1,16,17,5.9
PORN0,0,1,1,0.0
PORT ROYAL,1,4,5,20.0
PORTUCALE,4,10,14,28.6
PRIMA,0,1,1,0.0
PRO,0,2,2,0.0
PROFESSIONAL RAT COALITION,0,3,3,0.0
PROkladka,1,0,1,100.0
PSYCHO CULTIVATOR,0,1,1,0.0
PT7,1,8,9,11.1
PURRING KITTENS,15,14,29,51.7
PUZOTRYASI 52 67,0,1,1,0.0
PVE CRABS,0,2,2,0.0
PVE L0VERS,1,2,3,33.3
PVE RU Albion Group,9,17,26,34.6
PVE Thetford,5,5,10,50.0
PVEGuildBTW,24,41,65,36.9
PVP_Lumhurst_PVE,1,4,5,20.0
P_I_V_O,0,4,4,0.0
Pablushi,0,2,2,0.0
Padla,0,1,1,0.0
Palantir,1,0,1,100.0
Palegrin,24,49,73,32.9
Pancake,0,2,2,0.0
Panda Corp,67,65,132,50.8
Panda Farmers,0,1,1,0.0
Pandalorians,0,1,1,0.0
Pandawa Corporation,6,12,18,33.3
Pandemonium,10,36,46,21.7
Panem,9,18,27,33.3
Panic in the Game,18,28,46,39.1
Panico,269,124,393,68.4
Pantsu power,5,1,6,83.3
Papaoutai,302,155,457,66.1
Paradeus,9,28,37,24.3
Paradigma,0,4,4,0.0
Paradise,21,13,34,61.8
Parafia59,0,6,6,0.0
ParsDominion,3,13,16,18.8
Parthian EMPIRE,0,1,1,0.0
Pasok,1,10,11,9.1
Path to the stars,1,4,5,20.0
Pathetic,1,3,4,25.0
Pathfinder,1,0,1,100.0
Patrick Norris,0,1,1,0.0
Pawns,0,2,2,0.0
Pawr,8,15,23,34.8
PaxaxaLovers,0,1,1,0.0
Peace dukes,0,2,2,0.0
Peaceful Sky,0,9,9,0.0
Peanious,0,1,1,0.0
Peek At You,2,3,5,40.0
Peepe,2,13,15,13.3
Pelmen1,1,5,6,16.7
Penalti para el Real Madrid,8,30,38,21.1
Penetration Reborn,1,2,3,33.3
Penombra,1,1,2,50.0
Pentacle,15,23,38,39.5
Penyembah BM,1,0,1,100.0
Pepe Shnene Watafa,0,1,1,0.0
Pepsi Generation,4,3,7,57.1
Persian Avengers,0,8,8,0.0
Persian Dominion,2,7,9,22.2
Persian Fighters,0,1,1,0.0
Persian Lions,0,1,1,0.0
Persian Pantheon,0,1,1,0.0
Persion Lions,0,1,1,0.0
Persitas Amorosos,12,2,14,85.7
PerunsAxe,0,6,6,0.0
Pervozdannoe Pivo,0,3,3,0.0
Petals of War,4,13,17,23.5
Petush Republic,0,2,2,0.0
Phantom Castling,1,0,1,100.0
Phantom FS,0,1,1,0.0
Phantom Palace,8,16,24,33.3
Pi4erniki,0,5,5,0.0
Pideci,0,1,1,0.0
PikmiLand,1,4,5,20.0
Pilsner Urquell,0,1,1,0.0
Pink Monkeys,153,86,239,64.0
Pink Panther,0,3,3,0.0
Pink Unicorns,19,14,33,57.6
PintinhosAmarelos,2,6,8,25.0
PipiDron AboltysoV,0,2,2,0.0
Pirat ooo,0,1,1,0.0
Pirates of the Ocean,0,1,1,0.0
Pivo Players,1,1,2,50.0
PivoZavrik,0,2,2,0.0
PixciLi,0,1,1,0.0
Plaga,0,1,1,0.0
Plagueborn,0,1,1,0.0
Play2W,0,1,1,0.0
Player1,0,2,2,0.0
Please speak German,0,1,1,0.0
Pleasure lair,128,75,203,63.1
Plk,1,0,1,100.0
Plus Ultra,0,1,1,0.0
PoYeahBunny,0,1,1,0.0
Pochos Leveling,0,1,1,0.0
Pochos sin Spec,6,24,30,20.0
Poci Sentar,0,3,3,0.0
Pod Krzyzem,0,4,4,0.0
PolarBears,1,1,2,50.0
Police,2,1,3,66.7
Polska Gildia,177,151,328,54.0
Polskie_Gey_Party,5,0,5,100.0
Pookies,0,9,9,0.0
Popoludniowa Herbatka,0,1,1,0.0
Popro,2,12,14,14.3
PornHub,0,1,1,0.0
Potato Smash,1,2,3,33.3
Potatos,2,2,4,50.0
Potracheno,0,9,9,0.0
PrEcLe,1,3,4,25.0
Pranto South Side,9,10,19,47.4
Pratele Hranateho Stolu,71,115,186,38.2
Prawilniaki,0,10,10,0.0
Predatory And Troubled,0,9,9,0.0
Prelude To D E S P A I R,0,1,1,0.0
Prime Minister,4,2,6,66.7
Priority,4,15,19,21.1
Pro Bono,1,0,1,100.0
Pro100Farm,0,1,1,0.0
ProEko,0,1,1,0.0
ProGenie,1,3,4,25.0
Prodige,0,4,4,0.0
Producatorii,0,1,1,0.0
Proebali,39,50,89,43.8
Professional,0,3,3,0.0
Profit of Blood,0,7,7,0.0
Project 1,10,10,20,50.0
Projets X,0,2,2,0.0
Prominence,9,10,19,47.4
Prosektorium,18,22,40,45.0
ProstCompany,2,9,11,18.2
Prostitytki,1,0,1,100.0
Prostitytki Elite,0,3,3,0.0
Prosto,2,10,12,16.7
Provinces,0,1,1,0.0
Provincial,8,57,65,12.3
Prowokacja,1,1,2,50.0
Pruszkow KS,0,6,6,0.0
Prydwen,0,4,4,0.0
Pryprisiz Guild,0,1,1,0.0
PuKiPuKi,0,7,7,0.0
PuNiSHeRS,1,7,8,12.5
Public Security Bureau,3,7,10,30.0
Puchiken,1,4,5,20.0
Pumpkinheads,0,1,1,0.0
Puper Dushki,0,1,1,0.0
Pupsinb i Vupsinb,0,5,5,0.0
Pure Crimson,28,29,57,49.1
Purga,0,1,1,0.0
Purgatory,0,4,4,0.0
Purgatoryy,0,1,1,0.0
Purified,319,268,587,54.3
Purple Fire,0,11,11,0.0
Purple Sword,1,2,3,33.3
Purrfection,1,5,6,16.7
PvEfarmilki,1,6,7,14.3
PvP hunters,0,1,1,0.0
PvX Guild,0,27,27,0.0
Pyre,1,2,3,33.3
Pyredon,0,4,4,0.0
QUEEN_01,1,1,2,50.0
QUIET WHIRLPOOL,0,2,2,0.0
QZ Squad,0,1,1,0.0
QuZeNS,1,0,1,100.0
QualityGuild,0,1,1,0.0
Quartel,1,3,4,25.0
Quartus Crusade,0,4,4,0.0
Quiet Forest,0,1,1,0.0
Quiet people,0,1,1,0.0
Quinto Imperio,92,47,139,66.2
Qumple,0,6,6,0.0
R 47,0,2,2,0.0
R A I N,14,69,83,16.9
R E B E L S,2,0,2,100.0
R E Ds,28,35,63,44.4
R I B E I R A A C T,0,1,1,0.0
R I V A L,196,127,323,60.7
R M T,2,1,3,66.7
R O C K S,2,1,3,66.7
R-I-P,36,23,59,61.0
R-M-S,0,1,1,0.0
R0AR,4,5,9,44.4
R0GUE,1,0,1,100.0
R4L,0,4,4,0.0
RAGING BULLS,0,9,9,0.0
RASTREATORS,6,32,38,15.8
RAT PACK,18,22,40,45.0
RAT ZONE,6,17,23,26.1
RATOS CARECAS,0,4,4,0.0
RAV0N,48,22,70,68.6
RAVERSCLUB,0,1,1,0.0
RDMe,5,4,9,55.6
REAL ALIANZA,0,2,2,0.0
RECONNECT,1,4,5,20.0
RED LEAGUE,1,2,3,33.3
RED VANGUARD,20,10,30,66.7
REDEMPTI0N,3,5,8,37.5
REH,1,1,2,50.0
REKKA,7,18,25,28.0
REMEDIUM,0,9,9,0.0
RENEGAD0S,0,9,9,0.0
RESET CD,23,8,31,74.2
RESQ,1,1,2,50.0
RESTECP,11,11,22,50.0
RF4,0,4,4,0.0
RING OF DARKNES,0,1,1,0.0
RITUAL,1,5,6,16.7
RKSGAME,0,1,1,0.0
RNG CORP,0,1,1,0.0
ROH,34,30,64,53.1
ROHIRRIN,0,3,3,0.0
ROVALOR,0,3,3,0.0
ROYAL WAR,10,7,17,58.8
ROYALS007,5,39,44,11.4
RPG_Gang,1,3,4,25.0
RTG_EU,1,2,3,33.3
RTS GUILD,0,2,2,0.0
RTT,0,2,2,0.0
RU FORT,0,1,1,0.0
RUSSIAN BEER COMPANY,42,75,117,35.9
RU_HOM_69,4,22,26,15.4
RXD,0,1,1,0.0
RZALEGION,0,17,17,0.0
RZB,0,2,2,0.0
RZBodyGuard,41,66,107,38.3
Rabbles,10,51,61,16.4
RacionaisMCs,0,1,1,0.0
RadHead,0,1,1,0.0
Radiru,0,2,2,0.0
Raft,33,28,61,54.1
Rage ControI,0,4,4,0.0
Ragna Crimson,2,12,14,14.3
Ragnarrok,2,16,18,11.1
RainbowKissZMamakoko,0,1,1,0.0
Rakuzan67,1,2,3,33.3
Ramazan Tayfa,0,2,2,0.0
Rampazz,0,6,6,0.0
Rappelz,1,3,4,25.0
Raptors X,0,1,1,0.0
Rare Finds Society,0,1,1,0.0
Rarty Ping Beef Burgle Bingus,5,7,12,41.7
Rat Cartel,2,2,4,50.0
Rat Dynasty,9,2,11,81.8
Ratatata,0,1,1,0.0
Ratti Maledetti,0,6,6,0.0
Raven Guardians,3,4,7,42.9
RavenGuard,1,1,2,50.0
Raviolis fumados,0,2,2,0.0
RdlirsPiggyBank,0,3,3,0.0
Re Try,0,2,2,0.0
ReBorn-EU,0,4,4,0.0
ReDMooN3,4,25,29,13.8
ReVa,3,6,9,33.3
Reaching Potential,1,0,1,100.0
Real Zero to Hero,1,1,2,50.0
Real friends,2,4,6,33.3
Rebel Bust,0,2,2,0.0
Rebellyon,3,5,8,37.5
Rebels Of The World,0,5,5,0.0
Rebound,0,1,1,0.0
Recios,2,3,5,40.0
Red Cats,0,1,1,0.0
Red Dead,0,1,1,0.0
Red Fighters,0,2,2,0.0
Red Hoods,6,2,8,75.0
Red Penguins,1,0,1,100.0
Red Souls,0,3,3,0.0
Red cat,1,4,5,20.0
RedAction161,0,8,8,0.0
RedSerpent,2,5,7,28.6
Red_Empire,0,1,1,0.0
Rednecks_2,0,3,3,0.0
Reds Swashbucklers,0,1,1,0.0
Redskulls,6,7,13,46.2
Redsong,1,1,2,50.0
Reid Done,0,2,2,0.0
Reisebuero Lymhurst,2,3,5,40.0
Rejaz no heal,3,1,4,75.0
RekinyBiznesu,2,8,10,20.0
Remember Me,2,12,14,14.3
Remeslo,2,4,6,33.3
Renegade Elders,1,1,2,50.0
Renegados,1,2,3,33.3
Requiem Aeternam,17,43,60,28.3
Requiem REQM,0,1,1,0.0
Reset,3,7,10,30.0
Reset Day,0,2,2,0.0
Resonance,0,2,2,0.0
Resource,0,1,1,0.0
Resource Reapers,0,2,2,0.0
Ressources Market,0,1,1,0.0
Ressurection,2,1,3,66.7
Resurgentes,0,1,1,0.0
Resurreccion,0,1,1,0.0
Reunion Island 974,6,43,49,12.2
Revenant Requiem,10,38,48,20.8
Revensong,47,81,128,36.7
Reverend Covenant,0,4,4,0.0
Revolutionaries,2,10,12,16.7
Rewind,1,0,1,100.0
Rexapin,0,1,1,0.0
Rey Solo Leveling,0,1,1,0.0
Rhaegal,14,27,41,34.1
Ricard,0,2,2,0.0
Rich Cats,1,24,25,4.0
Rich SELO,0,3,3,0.0
Ride or Die,4,49,53,7.5
RidersofRohan,0,7,7,0.0
Ridniy Kray,280,161,441,63.5
Riftshade,0,7,7,0.0
Right Method,0,1,1,0.0
Right Side,185,158,343,53.9
RiotHub,0,1,1,0.0
Rise Of Dahalo,20,59,79,25.3
Rise of Gods,0,2,2,0.0
Rise of Infinites,9,27,36,25.0
Rise of Kifliveg,2,0,2,100.0
Rise of the Kingdom,8,57,65,12.3
RiseFromTheAshes,0,2,2,0.0
Risen ashes,1,11,12,8.3
Rising Monarchs,0,4,4,0.0
Rising Stars,0,3,3,0.0
Rising _sun,0,4,4,0.0
Rising sun in Eclipse,8,37,45,17.8
Riviera Saints,0,2,2,0.0
RoLC_sar,1,6,7,14.3
Road to Walhalla,0,1,1,0.0
Roadinator,2,7,9,22.2
Roaming Gypsys,1,2,3,33.3
Roaming Laborers I,0,2,2,0.0
Roba tu brainrot,2,0,2,100.0
Robertsons,0,3,3,0.0
Roca Dragon,0,5,5,0.0
Rododendron,1,0,1,100.0
Roger Roger,0,2,2,0.0
Rogue Armada,0,3,3,0.0
RojosBandoleros,1,1,2,50.0
Romania Mare,5,6,11,45.5
RomanianGipsy,0,1,1,0.0
Roots of Nature,53,116,169,31.4
RosBiShAkI,1,4,5,20.0
Rosiorii De Vede,1,1,2,50.0
Rothschild Family,0,1,1,0.0
Royal Clowns,30,44,74,40.5
Royal Exiles,0,1,1,0.0
Ruling,1,2,3,33.3
Running Simulator,5,23,28,17.9
Ruske,0,14,14,0.0
Russian Emigrants,0,1,1,0.0
Russian-Federation,0,2,2,0.0
Ruthless Legion,2,8,10,20.0
Ruthless Reign,105,66,171,61.4
Rycerskie Mocne,0,1,1,0.0
RzPasta,1,1,2,50.0
S 1 L E N T,2,4,6,33.3
S A N I T Y,116,201,317,36.6
S A P P H I R E,0,1,1,0.0
S A Y G I,2,5,7,28.6
S E N G O K U,96,190,286,33.6
S I X,2,4,6,33.3
S T A R K S,0,2,2,0.0
S T O R M G R A V E,2,2,4,50.0
S W A M P,159,72,231,68.8
S W W,0,6,6,0.0
S i k i P e d i a,0,2,2,0.0
S-O-N-A-T-A,0,2,2,0.0
S-QUAD,11,9,20,55.0
S0L0,5,9,14,35.7
S3XT1NG,290,173,463,62.6
S7XT squad,2,3,5,40.0
SALAMANGA,0,1,1,0.0
SALO UA,0,2,2,0.0
SALT MINING INC,0,1,1,0.0
SAMURAIS SQUAD,0,4,4,0.0
SANCTUMS SNL,10,25,35,28.6
SANTA DIVINIDAD,0,1,1,0.0
SATELLITE,0,1,1,0.0
SATT,3,10,13,23.1
SAVAK,2,6,8,25.0
SAY HELLO TO MY LITTLE FRIEND,4,11,15,26.7
SCOOFS,1,0,1,100.0
SCREZHET METALLA,17,30,47,36.2
SEA DEVILS,3,11,14,21.4
SECOND SUN,0,1,1,0.0
SEMRUK,3,5,8,37.5
SEND IT,31,16,47,66.0
SENGOKU PRIME,36,91,127,28.3
SENGOKU RISE,0,10,10,0.0
SEX_and_CASH,0,1,1,0.0
SH0,0,1,1,0.0
SHADOW_PAIR,0,1,1,0.0
SHAGGAS,0,2,2,0.0
SHANTI,3,5,8,37.5
SHEGGY,0,4,4,0.0
SHOCKERS,6,5,11,54.5
SHYSHARA,0,1,1,0.0
SIBERIA,1,14,15,6.7
SIGMA ALPHA TIGERS,0,1,1,0.0
SIKIS ISTIYORUM SIKISSSS,0,1,1,0.0
SILENT REIGNS,0,4,4,0.0
SILVER HEART,0,2,2,0.0
SILVERON,2,4,6,33.3
SINSHADE,2,8,10,20.0
SIXTY NINE AXES,4,22,26,15.4
SIXTYNINE,67,65,132,50.8
SKALA,0,5,5,0.0
SKAP,0,3,3,0.0
SKOLKO FAME V CHAS,3,0,3,100.0
SKULL KRAKEN,0,5,5,0.0
SKYWOLVES,7,22,29,24.1
SKy1ine,1,10,11,9.1
SL4Y3RS,0,1,1,0.0
SMBD,0,1,1,0.0
SMYRF,0,3,3,0.0
SO WHAT,9,16,25,36.0
SOAK,0,1,1,0.0
SOLDIERS OF GOD,0,3,3,0.0
SOLO ONES,2,0,2,100.0
SOLO RACIST,0,1,1,0.0
SOLO-MAN,1,0,1,100.0
SOLOMISTER,0,1,1,0.0
SOLO_AMIGUIS_G,1,3,4,25.0
SOR FOLO PLAYERS DUBLE SEX,1,2,3,33.3
SOUND OF THE NIGHTS,0,1,1,0.0
SPARTAAAAAAAANS,0,1,1,0.0
SPARTAN_91,0,2,2,0.0
SPAUN,0,4,4,0.0
SPECIAL KIDS,1,2,3,33.3
SPERM,5,6,11,45.5
SPIDER NEST PL,0,1,1,0.0
SPIKEE,2,43,45,4.4
SPREAD,14,20,34,41.2
SQUAD HQ,0,1,1,0.0
SSCB,1,2,3,33.3
SSD Dark Oath,0,1,1,0.0
ST Requiem,1,1,2,50.0
ST Sophia Cathedral,0,4,4,0.0
STARAXES,0,1,1,0.0
STATICMENS,0,1,1,0.0
STEEL DRAGON,0,9,9,0.0
STORMERS,0,1,1,0.0
STRATOS,5,7,12,41.7
STRS REIGN,0,1,1,0.0
STULEJKI,0,6,6,0.0
STaarKS,3,14,17,17.6
SUB7,38,40,78,48.7
SUETOLOGY,2,6,8,25.0
SUFFOCATE,2,2,4,50.0
SUNDALAND,0,1,1,0.0
SUNDUCK,0,1,1,0.0
SUNFORGED,0,3,3,0.0
SUNSHINE LOOP,0,5,5,0.0
SURRENDER,70,41,111,63.1
SURVIVAL-PTM,5,6,11,45.5
SVB,1,10,11,9.1
SVINOPSI,0,1,1,0.0
SWURF,0,1,1,0.0
SYSHNYAK,0,3,3,0.0
SZEROKIE OTWORY,0,1,1,0.0
Saber Tooth,1,7,8,12.5
Sablewood Sentinels,0,1,1,0.0
Sabuesos de Siora,0,2,2,0.0
Sadow of the swamps,0,2,2,0.0
SafeHaven,1,9,10,10.0
SafeZone,0,2,2,0.0
Sahiomasonia,0,2,2,0.0
Saint Sinners,1,1,2,50.0
Sakai,0,1,1,0.0
SakhDV,0,1,1,0.0
Sanctuary,2,1,3,66.7
SaneDanes,0,3,3,0.0
Sanglier qui prend son temps,0,1,1,0.0
Sangre de Dioses,4,25,29,13.8
Sangreal,27,64,91,29.7
Sanguine Aurelius Order,6,6,12,50.0
Sanguis Draconis,41,79,120,34.2
Sans Argent,3,0,3,100.0
Santa,0,1,1,0.0
Santas Helpers,5,38,43,11.6
Satanic Warmasters,2,7,9,22.2
Sath,1,4,5,20.0
Satis Faction,109,164,273,39.9
Saurons Legion,2,3,5,40.0
Savants,91,141,232,39.2
SaveEurope,0,1,1,0.0
Saviorsed,1,21,22,4.5
Savonia Syndicate,0,6,6,0.0
Saxonia,0,8,8,0.0
Sayeha,2,22,24,8.3
Scalpel,0,1,1,0.0
Schadenfreude,0,1,1,0.0
SchattenTatzen,0,1,1,0.0
Schattenfuechse,0,1,1,0.0
School of the Wolf,1,1,2,50.0
Schoulzen,28,29,57,49.1
Schwarzwald,1,0,1,100.0
Scourge of GOD,217,186,403,53.8
SdA,0,1,1,0.0
SeNSei_ZeYNeLY,0,3,3,0.0
Second Home,3,7,10,30.0
Seeker of avalon,1,0,1,100.0
Seen Too Late,0,3,3,0.0
Sela,1,2,3,33.3
Senf,1,13,14,7.1
Serendipity,0,1,1,0.0
Serpentarium,2,1,3,66.7
Sershadow,1,0,1,100.0
Services Apres-Wipe,16,9,25,64.0
Seventeenth,2,2,4,50.0
Sever,24,146,170,14.1
Severnyy Legion,0,1,1,0.0
Sevran,261,269,530,49.2
Sex and Flex,9,3,12,75.0
Sexafone,7,1,8,87.5
Sexy Furry Girls,0,1,1,0.0
ShaDowLands,1,5,6,16.7
Shadow Blade EGY,2,14,16,12.5
Shadow Coalition,1,13,14,7.1
Shadow Company,2,3,5,40.0
Shadow Conspiracy,0,1,1,0.0
Shadow Fire,1,0,1,100.0
Shadow Flame,0,1,1,0.0
Shadow Garden Army,13,59,72,18.1
Shadow Guardiens,0,1,1,0.0
Shadow Kraken,0,4,4,0.0
Shadow Lions,7,12,19,36.8
Shadow Oath,0,2,2,0.0
Shadow Of Hades,1,11,12,8.3
Shadow Pact,1,6,7,14.3
Shadow devil,2,18,20,10.0
ShadowStrike,1,17,18,5.6
Shadow_Raiders,1,11,12,8.3
Shadow_Reapers,4,11,15,26.7
Shadowpact Coalition,0,3,3,0.0
Shadowraze,0,2,2,0.0
Shadows of Albione,0,2,2,0.0
Shadows of Darkness,1,12,13,7.7
Shadows of Death,1,1,2,50.0
Shadows of Eternity,1,14,15,6.7
Shadows of Glory,1,7,8,12.5
Shadows of Mordor,0,2,2,0.0
Shadows of the Past,0,1,1,0.0
ShaoLao,0,2,2,0.0
Shattered Grace,172,185,357,48.2
Shattered Legion,4,24,28,14.3
Shatterpoint,19,21,40,47.5
Shhh Cry Later,1,12,13,7.7
Shinigami Chop,37,48,85,43.5
Shinobies,0,1,1,0.0
Shinokuni,3,3,6,50.0
Shivering Isles,1,2,3,33.3
Shodka Podkabluchnikov,1,0,1,100.0
ShogunDar,0,2,2,0.0
ShowUp,4,14,18,22.2
Side by Side,0,5,5,0.0
Siewcy Gnoju,4,44,48,8.3
Siewcy Stwardnienia,1,0,1,100.0
Sigma Gankers,5,1,6,83.3
SigmaNation,3,7,10,30.0
Sigmasi,1,0,1,100.0
Sign-UP,1,10,11,9.1
Silent Farmers,0,1,1,0.0
Silent Hill,1,0,1,100.0
Silent Plants,1,2,3,33.3
Silent Siren,3,5,8,37.5
Silent Voyage,0,2,2,0.0
Silent War,12,28,40,30.0
Silha,0,1,1,0.0
Silly Little Men,7,8,15,46.7
Silver Blood,4,1,5,80.0
Silver Lining,0,4,4,0.0
Silver Seekers,0,2,2,0.0
Silver Union,0,5,5,0.0
Silver Vanguard,0,17,17,0.0
Silver Wolfs,0,1,1,0.0
Silverfang,1,3,4,25.0
Simia,99,49,148,66.9
Simios Da Avalon,0,3,3,0.0
Sinapol,0,1,1,0.0
Sincerity,9,13,22,40.9
Sindery fan club,2,10,12,16.7
Sinrise,3,13,16,18.8
Siski2005,0,1,1,0.0
Sisterhood,0,7,7,0.0
Sk1vd,0,2,2,0.0
Skaggongr,291,224,515,56.5
Skan2017,21,65,86,24.4
SkeletoonTeam,2,1,3,66.7
Skibidi Sigma,1,0,1,100.0
Skill Issues Inc,3,7,10,30.0
Skill issue hub,2,0,2,100.0
Skip-Up,6,12,18,33.3
SkipandSuffer,0,2,2,0.0
Skitungar,3,5,8,37.5
SkoZirys,0,2,2,0.0
Skoggangr,605,345,950,63.7
Skoggayngr,1,11,12,8.3
Skogsandr,0,1,1,0.0
Skorpiony Zniszczenia,4,21,25,16.0
Skrzynkobiorcy z Prowizja,30,70,100,30.0
Skufyatnya,0,1,1,0.0
SkyWorld,1,11,12,8.3
Sky_Net,0,2,2,0.0
Slacking Dogs,69,48,117,59.0
Slappers,44,67,111,39.6
Slaves Of DizzirT,3,5,8,37.5
Slavic Coalition,0,3,3,0.0
Slotkie Zajaczki,0,1,1,0.0
Slow Loaders,8,10,18,44.4
Small Gang Theory,5,10,15,33.3
SmallGroupTactics,3,13,16,18.8
Smerti,0,3,3,0.0
SmoKings,15,21,36,41.7
Smoczy kiel,0,2,2,0.0
SmrtSvetu,1,21,22,4.5
Smugglers Cove,0,1,1,0.0
Smurfing Monkeys,1,1,2,50.0
SnF Academy,7,1,8,87.5
SnavvAsylum,1,4,5,20.0
Snus-Li,0,1,1,0.0
So de Mayo,0,4,4,0.0
SoG Academy,1,2,3,33.3
Soaring Eagles,0,2,2,0.0
Society Of Sensations,8,3,11,72.7
Solar Vanguard,0,16,16,0.0
Solary,12,1,13,92.3
Solea,22,22,44,50.0
Solitari,0,4,4,0.0
Solnishki,0,1,1,0.0
Solo Guys,1,7,8,12.5
Solo L3veling,0,8,8,0.0
Solo Leve1ing,0,1,1,0.0
Solo Q,7,8,15,46.7
Solo leveling up,1,1,2,50.0
Solo-Player,0,1,1,0.0
SoloBlackZoner,1,0,1,100.0
SoloLevelingS,2,4,6,33.3
Solodkui,0,2,2,0.0
Soloman,0,1,1,0.0
Solsii,0,2,2,0.0
Solvaris,0,8,8,0.0
Some RandomNoobs,0,2,2,0.0
Someday,2,11,13,15.4
Son Lejyon,0,2,2,0.0
Sonnenfinsternis,11,42,53,20.8
Sons Of Neptune,16,31,47,34.0
Sons of Avalon,0,1,1,0.0
Sons of Helios,0,3,3,0.0
Sons of Malice,1,4,5,20.0
Sons of Ultima,1,7,8,12.5
Sons of the Crowd,0,8,8,0.0
Sorashi,3,20,23,13.0
Sosopidorki,1,2,3,33.3
Soul Eaterr,0,3,3,0.0
Soul of Sun,3,23,26,11.5
Soul-Side,2,10,12,16.7
SoulEater,24,10,34,70.6
SoulReaperz,1,5,6,16.7
SoulSociety,2,5,7,28.6
Souls Of Anarchy,9,13,22,40.9
SousMesPieds,0,1,1,0.0
Souvenir,0,1,1,0.0
Souvereign,1,0,1,100.0
Sp00ky scary skeletns,4,0,4,100.0
Sparks and Ashes,9,9,18,50.0
Spase Marine,0,1,1,0.0
Spec Supremacy,0,1,1,0.0
Special Arbalest Service,0,1,1,0.0
Special Olympics,1,6,7,14.3
Sped Guild Trading Company,0,1,1,0.0
Speed,4,10,14,28.6
Speedy,1,0,1,100.0
Spider Legs,2,1,3,66.7
Spider girl,5,14,19,26.3
Spiritland,0,1,1,0.0
Spitfire,1,25,26,3.8
Splav,0,2,2,0.0
Splinter,2,3,5,40.0
Split Foxes,1,0,1,100.0
Spooke,1,4,5,20.0
Sportgruppe T-ford,0,1,1,0.0
Spread Mount Up,0,1,1,0.0
Squad of demons,0,1,1,0.0
Squall,0,1,1,0.0
SqueezLegion,0,1,1,0.0
Squirtle Squad,279,172,451,61.9
Squirtle Squad Corp,0,1,1,0.0
SremskaDzungla,2,5,7,28.6
St soprano,37,54,91,40.7
StArk22,1,2,3,33.3
StaVroS,1,1,2,50.0
Stable,1,2,3,33.3
Stacja Skolim,0,1,1,0.0
StalGard,3,10,13,23.1
Standby,0,1,1,0.0
Star Fighters,0,4,4,0.0
StarGateX,65,93,158,41.1
Stare Zgredy,0,1,1,0.0
Stargazers,0,1,1,0.0
Stark,13,29,42,31.0
Stark Dynasty,9,22,31,29.0
Static Control,1,2,3,33.3
Static Hell,0,1,1,0.0
Static Industry,0,1,1,0.0
Statik KuKold,1,1,2,50.0
Stay Out of Our Water,29,38,67,43.3
Steamy,0,1,1,0.0
Steel and Flame,0,1,1,0.0
SteelFox,1,5,6,16.7
SteelOrden,22,68,90,24.4
SteelShields,0,1,1,0.0
Steppe Bros,17,52,69,24.6
Steppe Reavers,4,2,6,66.7
StickGoBonk,0,3,3,0.0
Still Cooking,23,20,43,53.5
Still Sane,57,26,83,68.7
Stinova Legie,0,2,2,0.0
Stockholm Syndrome,17,17,34,50.0
Stoic,237,139,376,63.0
Stone Ocean,7,22,29,24.1
Stonehengee,5,9,14,35.7
Stoners Paradise,0,1,1,0.0
Storm Shields,1,3,4,25.0
StormCloaks,35,82,117,29.9
Stormborn Legion,3,9,12,25.0
Straight Outta Balkans,7,33,40,17.5
Stratholm,0,2,2,0.0
Stratton Oakmont Inc,0,2,2,0.0
Straw Hat Pirates,3,10,13,23.1
Substincia,0,1,1,0.0
Sugar Rush,1,2,3,33.3
Suhie,0,1,1,0.0
Suicid3 Squad,21,33,54,38.9
SuicideKing,0,2,2,0.0
Sukses Makmur,0,1,1,0.0
Sun of Lymhurst,0,1,1,0.0
Sun ray,0,2,2,0.0
Suncraft,0,1,1,0.0
Sunda happy,2,3,5,40.0
Sunda santun,0,2,2,0.0
Sundanesee,0,2,2,0.0
SunnEaters,0,1,1,0.0
Sunrise Legion,0,1,1,0.0
Sup is 7 Zalup,10,9,19,52.6
SuperDuperFunTime,0,1,1,0.0
Suprise MFS,0,9,9,0.0
Surreal,0,1,1,0.0
Surrya Phoenix,0,3,3,0.0
Survivalisci,0,2,2,0.0
Sus Ve Yalovaya Devam et,1,1,2,50.0
Sval-Bard,0,1,1,0.0
SvinLand,0,1,1,0.0
Swamp Gang,1,2,3,33.3
Sweet Boys,5,23,28,17.9
Sweet Dream Team,1,7,8,12.5
SweetPie,1,2,3,33.3
Swissguard,0,1,1,0.0
Sword Saint,5,13,18,27.8
Sword and Scepter,0,5,5,0.0
Sword and Staff,1,0,1,100.0
Swords,0,2,2,0.0
Swords Drawn,71,68,139,51.1
Sylor,0,1,1,0.0
Symbioz,11,13,24,45.8
T E N K A I,0,1,1,0.0
T M O Q,1,3,4,25.0
T O X I C I T Y,0,1,1,0.0
T R A U R,0,3,3,0.0
T R I B E,27,26,53,50.9
T U R K L E R,0,1,1,0.0
T U R Ks,0,2,2,0.0
T Z I M I S C E,0,4,4,0.0
T4rot club,6,0,6,100.0
T9acher-Gaming,1,4,5,20.0
TARUMAR,0,1,1,0.0
TAXI SQUAD,3,14,17,17.6
TBARI,7,15,22,31.8
TCH,6,12,18,33.3
TCHITCHI,89,68,157,56.7
TCorp,0,1,1,0.0
TEAM BLAST,3,15,18,16.7
TEAM SPIRIT,0,1,1,0.0
TEAM SUPREMACY,0,2,2,0.0
TEAM-Walhalla,1,3,4,25.0
TEGRIDY farms,0,4,4,0.0
TEMENOS,1,1,2,50.0
TEMPLARIO 3,11,22,33,33.3
TEMPLARIOS AVALONIANOS,9,6,15,60.0
TEMPLARS_ORDER,6,17,23,26.1
TENSAY,60,80,140,42.9
TERPENIE,0,1,1,0.0
TERRANOSTRA,7,16,23,30.4
TERRORIST,0,1,1,0.0
TESCO,5,2,7,71.4
TESKILAT-I MAHSUSAA,0,2,2,0.0
THDL,0,3,3,0.0
THE ABYSS,1,3,4,25.0
THE ASCENDED,3,7,10,30.0
THE BALKANS,1,6,7,14.3
THE BEARS TAVERN,29,107,136,21.3
THE BLACK BULLSS,0,6,6,0.0
THE BLACK COALITION,0,1,1,0.0
THE CLOCK,17,20,37,45.9
THE HANGRY HIPPOS,41,37,78,52.6
THE HOLY DEER EMPIRE,0,3,3,0.0
THE KING1,0,1,1,0.0
THE LAST DANCE,3,1,4,75.0
THE LAST OF GHOST,1,8,9,11.1
THE LORDS OF FATE,1,5,6,16.7
THE LOSERS,0,1,1,0.0
THE MAGGOT,0,24,24,0.0
THE MONKEYS,0,1,1,0.0
THE OTTOMAN,2,7,9,22.2
THE SEVEN DEADLY SINS,0,1,1,0.0
THE STALWARTS,0,2,2,0.0
THE TERMINATOR,0,8,8,0.0
THE VILLAGERS,3,9,12,25.0
THETFORD ENJOYER,0,1,1,0.0
THETFORD TEAM,0,1,1,0.0
THETFORD VANGUARD,0,3,3,0.0
THETFORT ARMY,0,7,7,0.0
THE_SUN,0,2,2,0.0
THIS IS CRUEL,0,6,6,0.0
TIKI,0,8,8,0.0
TMobile,6,12,18,33.3
TNT,21,13,34,61.8
TOL IN BOCA,4,7,11,36.4
TONGKRONGAN,61,81,142,43.0
TONYS SLAVES,1,4,5,20.0
TOPLAGEL,1,5,6,16.7
TPK,1,1,2,50.0
TR LONCA,0,1,1,0.0
TR MASTIR PVP,0,9,9,0.0
TRAID IN,0,1,1,0.0
TRAP UNIQORNS,0,3,3,0.0
TRIBUTOS EU,5,22,27,18.5
TRIDENT,1,4,5,20.0
TRl-BOYSA,2,16,18,11.1
TSAR,7,9,16,43.8
TUFANISTAN,0,1,1,0.0
TUNISIA,0,4,4,0.0
TUNOYOSI,2,1,3,66.7
TURAN ORDUSU,0,1,1,0.0
TURK,0,2,2,0.0
TURK-209BCE,1,0,1,100.0
TURKISH_AIRLINES,0,29,29,0.0
TURKLER GIREMEZZ,0,1,1,0.0
TURKS,0,2,2,0.0
TVAPI,4,10,14,28.6
TWB,4,32,36,11.1
TWO BROTHERS,0,1,1,0.0
Tabo-o,0,1,1,0.0
Tai Chi_YUN GU,10,23,33,30.3
Takamaa,0,5,5,0.0
Take Care,222,124,346,64.2
Take Rage,1,0,1,100.0
Take a Break,20,34,54,37.0
Takeda Clan,0,3,3,0.0
Taldarims,1,2,3,33.3
Taliban,0,1,1,0.0
Tamagochi,0,2,2,0.0
TarGoweK,8,8,16,50.0
Targalin,0,1,1,0.0
Tarkovianos,4,19,23,17.4
Tarlos,2,2,4,50.0
Tavern,0,1,1,0.0
Taverna dei Grugniti,4,23,27,14.8
Tax Evasion,0,2,2,0.0
Tbank,0,2,2,0.0
Tea Richard,1,1,2,50.0
TeaChill,0,4,4,0.0
Team Struggle,1,0,1,100.0
TeamSoloMid,0,1,1,0.0
Tears of Angels,2,5,7,28.6
Technical department,0,1,1,0.0
Teiwaz,2,4,6,33.3
Tek Oynayan Gelsin,9,38,47,19.1
Telecinco,39,25,64,60.9
Tempest RU,0,6,6,0.0
Templari,2,19,21,9.5
Temple of Virginity,0,1,1,0.0
Tenebrae SoLis,0,2,2,0.0
Tenebrisss,0,2,2,0.0
Tepeyi Salan Okcular,0,1,1,0.0
Teradox,11,8,19,57.9
Terrible Dudes,0,3,3,0.0
Terrorcore,5,9,14,35.7
TeuTeu Land,42,105,147,28.6
Teuteu Family,0,1,1,0.0
Teutonic Order,0,1,1,0.0
Teutonic_Knights,0,8,8,0.0
The Accolades Of Thetford,1,2,3,33.3
The Ancient Irregulars,3,22,25,12.0
The Apothecary,1,0,1,100.0
The Arabian Empire,1,0,1,100.0
The Archangel,0,1,1,0.0
The Ark,1,7,8,12.5
The Army Is Not,0,2,2,0.0
The Ashen Order,0,9,9,0.0
The Avalonian Order,1,5,6,16.7
The Azeroth,6,26,32,18.8
The Baddies,0,3,3,0.0
The Bankruptcy,0,1,1,0.0
The Battle Brothers,6,6,12,50.0
The Billionaire,0,3,3,0.0
The Black Hydra,5,56,61,8.2
The Black Pact,9,8,17,52.9
The Blood Alliance,0,2,2,0.0
The Blue Knight,0,1,1,0.0
The Blue Oyster,2,7,9,22.2
The Bozo Empire,0,1,1,0.0
The Buisness,28,57,85,32.9
The Circle,0,1,1,0.0
The Claws of Death,0,1,1,0.0
The Clerks,1,1,2,50.0
The Coffee,0,2,2,0.0
The Cossacks,0,6,6,0.0
The Court,1,4,5,20.0
The Criminal,0,1,1,0.0
The Crimson F0xes,0,1,1,0.0
The Crusader,0,6,6,0.0
The Cycle of Life,2,6,8,25.0
The Dead of Aincrad,1,2,3,33.3
The Diehards,3,13,16,18.8
The Divine Comedy,0,2,2,0.0
The Dread,6,29,35,17.1
The Dungeoneers,20,103,123,16.3
The Ecliptic Pact,0,2,2,0.0
The Epstein Club,0,1,1,0.0
The Evil Few,0,1,1,0.0
The Exodus,2,5,7,28.6
The Fae Are Gone,0,2,2,0.0
The Fate of Destiny,2,15,17,11.8
The Fighting Family,0,3,3,0.0
The Final Crusade,0,2,2,0.0
The First Crimson Order,0,6,6,0.0
The First Spark,0,1,1,0.0
The Fivefold Toolwrights,1,1,2,50.0
The Flame of Eternity,0,1,1,0.0
The Flaming Roses,32,8,40,80.0
The FreeAlbion,0,4,4,0.0
The Freedom Trail,7,10,17,41.2
The Ganklist,23,32,55,41.8
The Gatherers Lodge,2,18,20,10.0
The Giggling Goblins,0,1,1,0.0
The Gnomes Are Hard At Work,0,1,1,0.0
The Golden Age,0,5,5,0.0
The Golden Dragon,1,31,32,3.1
The Golden Empire,0,1,1,0.0
The Golden Fleece,0,1,1,0.0
The Golden Pub,0,1,1,0.0
The Golden Rose,15,4,19,78.9
The Haven,2,9,11,18.2
The Heavenly Circle,1,2,3,33.3
The Highlanders Tavern,169,124,293,57.7
The Holy Arcana,1,2,3,33.3
The Holy Order of Vlardisians,1,0,1,100.0
The Hood,5,16,21,23.8
The Hope,122,161,283,43.1
The Hunters,3,11,14,21.4
The Hydra Shield,0,1,1,0.0
The Inn,0,1,1,0.0
The Jackals,14,20,34,41.2
The Knights Templar,0,1,1,0.0
The Knights of Albion,0,1,1,0.0
The Last Frontier Albions,1,2,3,33.3
The Last Legion,0,1,1,0.0
The Last Of The Kings,0,1,1,0.0
The Last Pagans,6,15,21,28.6
The Lone Black Wolf,0,9,9,0.0
The Lonely Tower,2,4,6,33.3
The Lords of Chaos,0,1,1,0.0
The Lostt,0,5,5,0.0
The Lymhurst Wardens,2,6,8,25.0
The Madman Brothers,41,56,97,42.3
The Mercenarios,1,5,6,16.7
The Milking Inn,12,19,31,38.7
The NEST,1,0,1,100.0
The Nazarick,0,4,4,0.0
The Night,24,58,82,29.3
The Night Club,5,1,6,83.3
The Night Watch,2,3,5,40.0
The Night of Doom,1,1,2,50.0
The Northerner,1,10,11,9.1
The Oath of Light,0,1,1,0.0
The Order of the Prism,3,2,5,60.0
The Outlaws,1,1,2,50.0
The Pack and Pnch,2,1,3,66.7
The Panic Button,3,14,17,17.6
The Pasar Legend,1,9,10,10.0
The Pines,4,4,8,50.0
The Polity of 1550,2,1,3,66.7
The Primal Hunters,0,4,4,0.0
The R0und Table,0,2,2,0.0
The Rabbit,0,2,2,0.0
The Radiant,0,1,1,0.0
The Red Comet,0,3,3,0.0
The Red Fox,0,4,4,0.0
The Renaissance,1,10,11,9.1
The Rising Dark Sun,0,9,9,0.0
The River All Red,0,1,1,0.0
The Road Trip Squad,3,6,9,33.3
The Rogues,1,3,4,25.0
The Ronin Vanguard,1,2,3,33.3
The Ronins,2,13,15,13.3
The Round Table Knights,10,13,23,43.5
The Royal Content,0,10,10,0.0
The Royal Vagabond,0,1,1,0.0
The Saplings,0,1,1,0.0
The Scarlet Order,1,14,15,6.7
The Scavengers Guild,1,15,16,6.2
The Secret Order,0,2,2,0.0
The Seekers of Albion,0,3,3,0.0
The Shade Of Shadows,0,1,1,0.0
The Shadow Guardians,4,9,13,30.8
The Shadow League,0,2,2,0.0
The Silver Dragon,1,8,9,11.1
The Solar,0,2,2,0.0
The Sovereigns,2,5,7,28.6
The Stars,0,6,6,0.0
The Surge,5,8,13,38.5
The Swarm,7,9,16,43.8
The Tanks,0,7,7,0.0
The Tarnished Ones,0,1,1,0.0
The Theater,44,40,84,52.4
The Thraek Company,0,2,2,0.0
The Thunderbolts,0,1,1,0.0
The Tree of Life,0,16,16,0.0
The Triads,0,1,1,0.0
The True Templars,5,8,13,38.5
The Unexpected,92,145,237,38.8
The Unique,3,1,4,75.0
The V Unholy Circle,1,0,1,100.0
The Way,51,101,152,33.6
The Wealthy Crown,2,1,3,66.7
The West Coast,2,4,6,33.3
The White Deaths,0,1,1,0.0
The WhitePearl,0,4,4,0.0
The Yew Wood Terrorists,0,1,1,0.0
The ambitions of a tyrant,1,1,2,50.0
The club guys,0,1,1,0.0
The dark lords,0,2,2,0.0
The giants,1,0,1,100.0
The innocent Templars,0,1,1,0.0
The last King,2,2,4,50.0
The last of us,1,7,8,12.5
The last samourai,0,3,3,0.0
The last survivors,9,33,42,21.4
The legends reborn,0,8,8,0.0
The library,0,1,1,0.0
The sky wolves,0,1,1,0.0
The sleeping king,1,3,4,25.0
The spirit of death,1,3,4,25.0
The storm in the glass,0,1,1,0.0
The twin dragons,0,1,1,0.0
The-Fallen,62,59,121,51.2
The-Phantom-Troupe,3,1,4,75.0
TheAbyss,0,1,1,0.0
TheBeginners,0,1,1,0.0
TheContinentals,1,6,7,14.3
TheDarkHorus,1,8,9,11.1
TheDeathGuard,0,6,6,0.0
TheForsakenOne,0,1,1,0.0
TheHighOrder,1,3,4,25.0
TheHonoredOnes,2,75,77,2.6
TheInfection,0,12,12,0.0
TheMoodiness,0,2,2,0.0
TheNorthFace,0,10,10,0.0
TheOrder,62,66,128,48.4
TheQ8,0,6,6,0.0
TheQueen,0,1,1,0.0
The_Delvers,1,1,2,50.0
The_Homelander_Bears,1,2,3,33.3
The_Keepers,6,2,8,75.0
The_Kings,0,1,1,0.0
Therdorei,3,2,5,60.0
Thetford Elite Corp,0,3,3,0.0
Thetford Social Club,62,122,184,33.7
Thetford-United,0,1,1,0.0
ThetfordMerchants,3,1,4,75.0
Thiamour,0,1,1,0.0
Thick Thighs Save Lives,0,1,1,0.0
This is the Way,0,5,5,0.0
Three Brothers,0,4,4,0.0
Three6Mafia,0,2,2,0.0
ThreeMusketeer,1,0,1,100.0
Throwing,0,2,2,0.0
Thug Life,2,3,5,40.0
Thunder Wolfs,8,18,26,30.8
ThunderCIap,0,1,1,0.0
TiTabs,0,1,1,0.0
TieGame,2,1,3,66.7
Tier 7,0,3,3,0.0
Tier 9,1,1,2,50.0
Tiger Snake,0,3,3,0.0
Tinevie_Buhariki,0,2,2,0.0
Tinkerbell,0,2,2,0.0
Titanok haragja,1,0,1,100.0
Titans of War,0,1,1,0.0
TitikKumpul,2,1,3,66.7
Tlaloc Heralds,0,5,5,0.0
To mi dej to je k necemu,2,9,11,18.2
Toca das Marmotas,0,1,1,0.0
Together Alone,1,4,5,20.0
TomuVer,1,4,5,20.0
Too Many Questions,0,1,1,0.0
Top Squad,27,81,108,25.0
TopNoob,0,5,5,0.0
Torgnoles et Grabuge,5,20,25,20.0
Toruk Makto,1,32,33,3.0
TotaLLY_Spies,0,5,5,0.0
Total AnarchY,1,3,4,25.0
Tough guys,0,1,1,0.0
Tous Ensemble,147,109,256,57.4
Tovka41,3,6,9,33.3
Traders Guild,0,2,2,0.0
Traiana Fortis,3,39,42,7.1
TrailBorn,2,15,17,11.8
Transit,0,1,1,0.0
Transport inc,5,7,12,41.7
Trash Tier Tryhards,5,6,11,45.5
Traumatycy,10,2,12,83.3
Treasure Hunt,317,187,504,62.9
Treasure Hunter,0,1,1,0.0
Treasure Map,131,296,427,30.7
Treasure hunters Grindings,0,4,4,0.0
Treasury_Caerleon,2,1,3,66.7
Tree Fnas,0,1,1,0.0
Tribu Spectrale,4,2,6,66.7
Trigedakru,5,9,14,35.7
Trillion,0,4,4,0.0
Trinity AMM,0,1,1,0.0
Trinity of Hell,1,4,5,20.0
Triskilion,1,0,1,100.0
TropicieleStrusiow,1,2,3,33.3
TroubleMakers,2,23,25,8.0
True Sobirashki,2,11,13,15.4
Trupa Umarlaka,1,2,3,33.3
TrustBound,11,49,60,18.3
Try Hard Zone,0,1,1,0.0
Tsujigiri,0,4,4,0.0
Tupac shakur,3,6,9,33.3
Tuptusiowo,4,6,10,40.0
TurboKekW,0,1,1,0.0
Turk Guildi,0,2,2,0.0
Turk masters,11,17,28,39.3
TurkishEmpire,0,1,1,0.0
TurkishForever,0,2,2,0.0
TurkishForevers,0,1,1,0.0
Turkiye,1,2,3,33.3
Turquality,1,2,3,33.3
Turquoise,33,119,152,21.7
TurulRend,0,1,1,0.0
Tweezys,4,2,6,66.7
TwentySeven,2,11,13,15.4
Twinkling at dawn,4,17,21,19.0
Two Headed Serpent,2,11,13,15.4
TwojaMatkaKurwaJest,0,1,1,0.0
U K I E,2,3,5,40.0
UA FM,0,1,1,0.0
UA _MOROK,28,45,73,38.4
UCHIHA-1,1,0,1,100.0
UFORG,19,12,31,61.3
ULT07,0,1,1,0.0
ULU,0,1,1,0.0
ULUS KIRAATHANESI,0,2,2,0.0
UMRANIYE,3,8,11,27.3
UNDERCAPE,4,15,19,21.1
UNIT X,2,7,9,22.2
UNLIMIT,18,23,41,43.9
UNR,3,6,9,33.3
UPLV,0,2,2,0.0
URALAN,1,33,34,2.9
URFALILAR,9,3,12,75.0
URPAQ,32,60,92,34.8
URYQ PRIME,0,1,1,0.0
USSR Workers Army,0,2,2,0.0
UTIL,0,2,2,0.0
Uber,2,5,7,28.6
Ufoludy,0,1,1,0.0
UkrCom,0,2,2,0.0
Ukraincy Dzeyoskiego,0,1,1,0.0
Ukraine Gamers,0,1,1,0.0
Uliczni Jezdzcy,3,9,12,25.0
Ultima umbra,4,15,19,21.1
Umbra Ordo,0,2,2,0.0
Umbra Venti,65,90,155,41.9
Unbalanced,36,5,41,87.8
Unbanned 2225,17,8,25,68.0
Unbearable Weight of Massive,0,2,2,0.0
Unbound,228,182,410,55.6
Unchain,1,19,20,5.0
Unchained,0,3,3,0.0
Uncle Johnnys Pizza,2,3,5,40.0
Uncontrolled,0,1,1,0.0
UnderAge,0,1,1,0.0
UnderBeer Party,0,1,1,0.0
UnderWorld UH,1,3,4,25.0
Underrated,8,15,23,34.8
Une Tradi SVP,124,65,189,65.6
Unholy Shadeknights,10,65,75,13.3
Unicorndragon,0,1,1,0.0
Uniesienie,9,49,58,15.5
Union Axe and Forest,0,5,5,0.0
Union Pelotero,0,1,1,0.0
UniteToFight,5,10,15,33.3
United Cearloen Faction,0,1,1,0.0
United Force,2,4,6,33.3
Unkissed,0,1,1,0.0
Unknown Entity,4,15,19,21.1
Unleash The Beast,1,2,3,33.3
Unlish,4,13,17,23.5
Unsullied,21,38,59,35.6
Urutima,0,1,1,0.0
UsS,0,1,1,0.0
User Error,0,7,7,0.0
Ustafka Na Midzie,0,3,3,0.0
Utopia,137,219,356,38.5
UwU,3,11,14,21.4
UwU Community,1,3,4,25.0
Uziemienie,6,9,15,40.0
V E I N,7,27,34,20.6
V E R D A N T,7,41,48,14.6
V E R M I N,0,1,1,0.0
V I N D I C T A,14,30,44,31.8
V I P,201,227,428,47.0
V potoke,7,10,17,41.2
VALEN,0,2,2,0.0
VANTABLACK,1,5,6,16.7
VELIKA BULGARIA,12,40,52,23.1
VELUM,1,8,9,11.1
VENOM HOME,0,1,1,0.0
VENOMIX,0,2,2,0.0
VERITAS IN PIVO,0,3,3,0.0
VESPERA,0,4,4,0.0
VEuphoria,0,3,3,0.0
VHOOSPG,1,3,4,25.0
VICI,1,12,13,7.7
VICTORY LAP,16,8,24,66.7
VILTRUMITE EMPIRE,0,1,1,0.0
VINICIIII,110,103,213,51.6
VIP HOSTEL,12,2,14,85.7
VIPonly,1,3,4,25.0
VIkingod,1,0,1,100.0
VN Legion,0,2,2,0.0
VOID CARTEL,7,7,14,50.0
VOID CHIEFS,0,1,1,0.0
VOTANTE DE VOX,5,20,25,20.0
VPS,0,3,3,0.0
VSEM_POXYI,1,2,3,33.3
VULTURUM AQUILA,0,9,9,0.0
VVolfpack,26,18,44,59.1
VY Canis Majoris,0,12,12,0.0
Vaberorkich,0,1,1,0.0
VadaDogs,1,4,5,20.0
Vagabond Girls,6,14,20,30.0
Vahsi Kelebekler,2,1,3,66.7
Valcaor,1,9,10,10.0
Valerius,2,0,2,100.0
Valhalla,4,8,12,33.3
Valhalla Gods of War,1,16,17,5.9
ValhallaClub,18,10,28,64.3
Valholl,0,2,2,0.0
Valimos Verga,0,1,1,0.0
Valley Seekers,0,1,1,0.0
ValleyOfTheWolves,0,1,1,0.0
Vanerna,14,25,39,35.9
Vanguard of the Eclipse,3,13,16,18.8
Vanguardia Recolectora,0,3,3,0.0
Vappen,1,1,2,50.0
Varna,1,7,8,12.5
Varsava94,1,0,1,100.0
Varvord,0,1,1,0.0
Vashta Nerada,2,34,36,5.6
Vashx,5,4,9,55.6
Vaveyla,0,1,1,0.0
Velunor Guild,0,2,2,0.0
Vena Negra,28,13,41,68.3
Vendetta,117,125,242,48.3
Veni Vidi Pizza,1,5,6,16.7
Venner,0,2,2,0.0
Venomus Vipers,0,1,1,0.0
Verdammt lustig,0,1,1,0.0
Vermeil,33,3,36,91.7
Vermilion,0,1,1,0.0
Vermithor,0,1,1,0.0
Versaille,1,1,2,50.0
Very Very Hard,27,3,30,90.0
Veterans Guild,9,28,37,24.3
Veu de Nyx,0,1,1,0.0
ViKiNgiONS,2,16,18,11.1
ViRtiUm_ZooM,0,1,1,0.0
Victims Of Liyana,0,1,1,0.0
Victorys Oath,0,1,1,0.0
Vienna,2,4,6,33.3
Vietnam Number One,0,1,1,0.0
Viking Kingdom,0,2,2,0.0
Vikingos Valhala,0,1,1,0.0
Vikings,118,191,309,38.2
Vikings of Valhalla,1,3,4,25.0
Vile Hogs,18,9,27,66.7
Vilni ta Nezalejni,0,1,1,0.0
Vip,1,1,2,50.0
Viper Fangs,3,1,4,75.0
Virtuoso Warriors,0,1,1,0.0
Viscounts,3,18,21,14.3
VladimirVladimirovich,0,2,2,0.0
Vnezakonity,0,5,5,0.0
Voice Of Darkness,0,1,1,0.0
Void Reavers,0,1,1,0.0
VoidBringers,2,5,7,28.6
VoidWatchers,0,2,2,0.0
Volatile,1,1,2,50.0
Vologodskie,0,1,1,0.0
Volosnya,0,1,1,0.0
VoronezhCityOfCourageAndFun,0,1,1,0.0
Voruyu Vinishko,1,0,1,100.0
Vsadniki Nochnogo Dojora,0,1,1,0.0
Vulnus Mortis,0,2,2,0.0
W - I - N - X,1,0,1,100.0
W H I S P E R,1,0,1,100.0
W I P E,16,30,46,34.8
W I T C H E R S,0,1,1,0.0
W TEAM,0,2,2,0.0
W00F,0,4,4,0.0
W0LFGANG,0,1,1,0.0
WAHAHA,0,1,1,0.0
WALK THE TALK,1,4,5,20.0
WAR LAND,1,0,1,100.0
WARBAND,1,4,5,20.0
WARG,0,4,4,0.0
WARGG,0,3,3,0.0
WARN,1,1,2,50.0
WATAFA PEPE FAAA,0,1,1,0.0
WE ARE CHARLIE KIRK,0,2,2,0.0
WE JUST FARM,2,2,4,50.0
WELL WELL WELL,1,3,4,25.0
WHY NOT,37,70,107,34.6
WIELAND,7,23,30,23.3
WILD WIND,0,1,1,0.0
WIND,0,2,2,0.0
WINLAND,1,15,16,6.2
WIPE THEORY,2,0,2,100.0
WIPED,4,5,9,44.4
WIPEEE,38,55,93,40.9
WOLF GANG W,6,63,69,8.7
WON DID,3,1,4,75.0
WOOFWOOF,6,9,15,40.0
WOOOOOOO,1,3,4,25.0
WSYZS,0,2,2,0.0
WaIkThem,0,1,1,0.0
WaPota,24,44,68,35.3
Wachacze,0,7,7,0.0
Waleczne Piesci Lym,0,1,1,0.0
WalkThem Reborn,3,7,10,30.0
Walter,0,1,1,0.0
Wambologie,1,0,1,100.0
Wanderfalken,2,4,6,33.3
Wanderkind,0,2,2,0.0
WannaCry,1,2,3,33.3
War Fangs,21,38,59,35.6
War Legend,0,3,3,0.0
War Life Death,0,5,5,0.0
WarLight,1,12,13,7.7
WarLogs,86,115,201,42.8
WarSlugZ,8,7,15,53.3
WarTag UA,88,220,308,28.6
Warderer,1,1,2,50.0
Warhammer,1,5,6,16.7
Warlorxx,1,5,6,16.7
Warlust,3,7,10,30.0
Warownia,10,34,44,22.7
Warpath,1,0,1,100.0
Warriors of Avalon,2,10,12,16.7
Was ist los,3,1,4,75.0
WatchersNeverDie,0,2,2,0.0
Wave of Death,0,1,1,0.0
WayS,3,3,6,50.0
Wayfinders,2,8,10,20.0
Wayseekers,2,5,7,28.6
We Craft,36,88,124,29.0
We Love Kittens,1,2,3,33.3
We Smack You,0,5,5,0.0
Wee,0,1,1,0.0
Welsh Maulers,0,2,2,0.0
Wemawee,1,0,1,100.0
Westeros Gankers,9,13,22,40.9
Wet Beavers,59,27,86,68.6
Whispers of Death,0,2,2,0.0
White House,1,0,1,100.0
White Roses,2,6,8,25.0
White Shark,15,49,64,23.4
WhiteGuardian,5,38,43,11.6
WhiteZone,16,31,47,34.0
White_Birches,29,1,30,96.7
Whitebank Stream,3,1,4,75.0
Who Care,0,3,3,0.0
WhoSeeThisLox,1,2,3,33.3
Who_cares,0,2,2,0.0
WhySpierdalasz,95,107,202,47.0
WiadroMocyV2,0,1,1,0.0
Wielolypki,1,16,17,5.9
Wilcze Cienie,0,2,2,0.0
Wild Instinct,23,83,106,21.7
Wild Rhino,43,20,63,68.3
Will O Wisp,1,12,13,7.7
Willgeria,0,1,1,0.0
Win Condition,1,1,2,50.0
Win Order,59,97,156,37.8
Win4esteR,0,3,3,0.0
Wine and War,5,6,11,45.5
Wing of Freedom,1,1,2,50.0
Wings Of Glory,1,5,6,16.7
Winter Ravens,1,20,21,4.8
Winter Reaper,10,12,22,45.5
Winx power,0,3,3,0.0
WinxClub,0,1,1,0.0
Winx_Club,1,4,5,20.0
Wipe or Die,1,1,2,50.0
Wirfelpark,0,1,1,0.0
Wish,3,1,4,75.0
Wisla SHARKS,1,5,6,16.7
Wisp Keepers,8,9,17,47.1
Witcher Lair,1,1,2,50.0
Withered Rose,0,3,3,0.0
Woe defender,0,1,1,0.0
WojBody,2,8,10,20.0
Wolf Family,0,2,2,0.0
Wolf Hunters,1,1,2,50.0
Wolf_Jkt,1,5,6,16.7
Wolven,0,4,4,0.0
Wolves of Lum,0,4,4,0.0
Wolves of Steppe,0,4,4,0.0
Wolves of Winterfell,0,1,1,0.0
Wood Shooters,0,4,4,0.0
Wood nut in cider,0,1,1,0.0
WoodLand,0,9,9,0.0
Woody spirits,0,4,4,0.0
Woof Woof,460,322,782,58.8
Wor1d Govt,1,4,5,20.0
Word Bearers Legio Veritatis,0,1,1,0.0
World Bank Group,4,9,13,30.8
Worst Ending,0,3,3,0.0
Wracaj do Thetfordu,0,1,1,0.0
Wrong Turn,1,6,7,14.3
Wygnancy z Wraeclast,6,3,9,66.7
Wyvern Crusaders,9,11,20,45.0
Wyverns,0,3,3,0.0
X Dragons,0,1,1,0.0
X-47,0,1,1,0.0
XANTERxXANTER,3,20,23,13.0
XDYW-V,0,1,1,0.0
XER-Morjowyu,0,1,1,0.0
XIBALBA,4,2,6,66.7
XINAX,0,3,3,0.0
XIVIVIDE,0,1,1,0.0
XRshiky,0,5,5,0.0
XTE-R-A,0,2,2,0.0
XULINET,1,5,6,16.7
XX-CRAFTER-XX,0,11,11,0.0
XXX XXX,1,1,2,50.0
XXXXXXXXXXXXXX,0,1,1,0.0
XcaerleonX,1,2,3,33.3
Xssnick,0,1,1,0.0
XvX,4,5,9,44.4
XxALFAxX,0,2,2,0.0
XxThe KingxX,0,1,1,0.0
Xx_Hunters_xX,2,16,18,11.1
Xyec0cbl,0,1,1,0.0
XzKYD,0,2,2,0.0
Y O I N K,49,18,67,73.1
Y O R U K,0,4,4,0.0
Y sus Secuaces,0,1,1,0.0
YADRA CHILL,13,2,15,86.7
YAMA,3,9,12,25.0
YANGE,2,3,5,40.0
YENiCERiLER,0,1,1,0.0
YETMLAR KLAN,1,6,7,14.3
YOBA CRABZ,0,1,1,0.0
YOURE GODDAMN RIGHT,3,4,7,42.9
YOUTUBE Uksusland,1,3,4,25.0
YQDA,0,1,1,0.0
YTSquad,0,1,1,0.0
YUVARLAK MASA,1,4,5,20.0
YaPerdole,5,11,16,31.2
Yahudi Tuccarlar,0,3,3,0.0
Yakuza bax,1,7,8,12.5
Yamato Club,4,6,10,40.0
Yamete Kudasai Donburi,0,1,1,0.0
Yaro,0,2,2,0.0
Yellow flash,0,1,1,0.0
YellowBelt,0,2,2,0.0
YellowUmbrella,12,36,48,25.0
Yippers,1,0,1,100.0
You are sleeping Wake up,1,5,6,16.7
YouTubeShorts,0,3,3,0.0
Young-Brothers,1,5,6,16.7
Your mom is my Mount,1,0,1,100.0
Your-Jester,0,3,3,0.0
Yuce Turkler,0,4,4,0.0
Yum Yum,0,1,1,0.0
Yummy Mommy,0,1,1,0.0
Yumruk,2,7,9,22.2
Yzyrpator Crew,9,22,31,29.0
Z E R G,0,2,2,0.0
Z For Zodiac,0,1,1,0.0
Z I E L A R Z E,15,8,23,65.2
Z dupy do pyska,5,7,12,41.7
ZA Fame Farmers,0,1,1,0.0
ZADHE,3,0,3,100.0
ZADROTSTVO,2,16,18,11.1
ZATO,0,1,1,0.0
ZAUA,1,0,1,100.0
ZAVOD,1,0,1,100.0
ZERO 2 HERO,0,1,1,0.0
ZERO TO P1VO,0,1,1,0.0
ZHS,0,2,2,0.0
ZIlllIIllIIIlII,0,1,1,0.0
ZLO,1,2,3,33.3
ZOULOUX BOITEUX,2,1,3,66.7
ZSP Pudlowate Szczurki,0,1,1,0.0
ZUOS,1,4,5,20.0
ZVENGERS,0,2,2,0.0
ZXC Avtobus,0,1,1,0.0
ZZAMONOLIT,1,2,3,33.3
ZZon,2,1,3,66.7
ZachilteZ,0,1,1,0.0
Zakon Bialego Gryfa,1,17,18,5.6
Zakon Pomidora,0,2,2,0.0
Zakon Smokuw,0,1,1,0.0
Zakon Szpitalnikow Epicenskich,1,2,3,33.3
Zamoraks Fortress,0,1,1,0.0
Zauek Meneli,3,39,42,7.1
Zawkwar,2,19,21,9.5
ZblackBullZ,0,1,1,0.0
Ze Germans,46,77,123,37.4
Zeit-War,0,1,1,0.0
Zephyris,7,9,16,43.8
Zereshk And Steel,1,0,1,100.0
Zergi,0,1,1,0.0
Zero Dam,2,12,14,14.3
Zero Logic,134,92,226,59.3
Zero Resistance,1,1,2,50.0
Zero Rispetto,6,22,28,21.4
ZeroDay,0,1,1,0.0
Zodiac Uranus,0,14,14,0.0
Zokino,0,1,1,0.0
ZombieSquad,33,45,78,42.3
Zone 4 Fame,0,2,2,0.0
Zugajki,1,0,1,100.0
Zulu Mongers,0,3,3,0.0
Zwietracht,1,2,3,33.3
aLIEz,0,1,1,0.0
abcdefgijlknmorpstu,4,3,7,57.1
abyssity,0,1,1,0.0
ae_GNG,0,4,4,0.0
agap4ik,0,3,3,0.0
aigle force,2,7,9,22.2
albion kesleri,0,3,3,0.0
albion traveler,0,4,4,0.0
albionbugda,41,14,55,74.5
aliesstar,0,7,7,0.0
alimb2265,0,1,1,0.0
alone i stand,0,1,1,0.0
alone romashka,7,0,7,100.0
alpha -2,0,2,2,0.0
alvins,3,12,15,20.0
anababa,0,4,4,0.0
ancientpersia,1,9,10,10.0
ant1social,1,3,4,25.0
anton stoy,2,2,4,50.0
ar7bb,0,2,2,0.0
arbuziki,2,3,5,40.0
arejal bs,0,10,10,0.0
as Always,58,68,126,46.0
ashborn gamers,15,37,52,28.8
attrapezlestouff,0,5,5,0.0
ava clowns,0,2,2,0.0
b l a c k,0,2,2,0.0
bad gankers,0,1,1,0.0
bax,1,34,35,2.9
be quiet and drive,0,1,1,0.0
bear_beer,1,3,4,25.0
bemyakas guild,0,1,1,0.0
bimba_bomba_kuev,0,1,1,0.0
black1denmo,5,29,34,14.7
blackburn,1,0,1,100.0
blacksmiths 2,0,1,1,0.0
blood spiders,0,6,6,0.0
blood-stream,0,2,2,0.0
boberchik airlines,0,2,2,0.0
boeBble kykoLDbl,0,1,1,0.0
bomba w oko ziomek,0,2,2,0.0
boogeyman,0,2,2,0.0
botijo crew,9,16,25,36.0
broccoli lunchbox,1,1,2,50.0
bulbulbul,0,1,1,0.0
c a c a c a,0,1,1,0.0
cBou,0,4,4,0.0
calming,0,5,5,0.0
ceremu,0,1,1,0.0
chidori prime,0,1,1,0.0
chipsoedy,1,0,1,100.0
chtulhu,6,27,33,18.2
chujemujedzikieweze,16,38,54,29.6
chum buck3t,13,18,31,41.9
city of the poor,0,6,6,0.0
cloverfall,0,1,1,0.0
cmetano4ka,0,1,1,0.0
cobxoxo,0,5,5,0.0
cocorrico,128,179,307,41.7
code wipe,0,1,1,0.0
commercial empire,0,6,6,0.0
concede muertes,0,1,1,0.0
contract family,0,1,1,0.0
convallaria,13,43,56,23.2
coporo3,0,3,3,0.0
cp0,0,1,1,0.0
cyber wolf,0,2,2,0.0
darkking,1,4,5,20.0
demon cats,0,1,1,0.0
demonin2,0,1,1,0.0
der Aufstieg einer Nation,0,5,5,0.0
diet for skinny people,1,0,1,100.0
disrespects,1,8,9,11.1
dive club,0,3,3,0.0
domacas,0,2,2,0.0
drago9,1,4,5,20.0
dragon night,0,1,1,0.0
duakey,0,1,1,0.0
eada,0,2,2,0.0
ebANUEpoPUSKI,0,1,1,0.0
ec_pu,1,4,5,20.0
epstein followers,0,1,1,0.0
epstein i,0,3,3,0.0
epsteins,0,1,1,0.0
es canor 22,1,10,11,9.1
etojeSquad,11,29,40,27.5
evoevo,0,1,1,0.0
ex4s,0,2,2,0.0
extremapro,0,1,1,0.0
family rats,0,1,1,0.0
fan yz,0,2,2,0.0
farmers locos,0,2,2,0.0
faski to gej,0,1,1,0.0
fearsum,1,6,7,14.3
feiwo,1,4,5,20.0
first power albion,1,1,2,50.0
firstlight,0,1,1,0.0
flash gopick,0,3,3,0.0
fly panther,27,4,31,87.1
fort avalon,0,2,2,0.0
foxx,0,5,5,0.0
french war,0,2,2,0.0
freshyfishy,0,1,1,0.0
fun4fun,1,8,9,11.1
future kings of albion,0,2,2,0.0
gGriMLorDd_Industries,0,1,1,0.0
gacor25,0,1,1,0.0
gerakl,1,1,2,50.0
ghost of camlann,1,1,2,50.0
giant panda,52,77,129,40.3
godne maltaczyki,2,1,3,66.7
godofhell,1,2,3,33.3
goldenRoad,0,1,1,0.0
good company,2,11,13,15.4
gorilla men,1,1,2,50.0
gryteq,0,2,2,0.0
guardian knighte,1,0,1,100.0
guild sakhtam,1,16,17,5.9
hallo,1,1,2,50.0
hamal khane,0,1,1,0.0
head of the laborers,0,7,7,0.0
heavenly death,1,1,2,50.0
hehehaha,3,9,12,25.0
heritage circus,1,1,2,50.0
hired killers,0,3,3,0.0
home two friends,1,3,4,25.0
honkai,0,2,2,0.0
hunterr,0,27,27,0.0
iBulgaria,2,2,4,50.0
ice coffee,0,5,5,0.0
iceCold Crew,18,91,109,16.5
ihategirls,0,1,1,0.0
imans,0,1,1,0.0
imas sto eura,1,4,5,20.0
immorta Muck,6,5,11,54.5
immortal darkness,0,12,12,0.0
immortal_Guard,0,1,1,0.0
indifferent tup,0,1,1,0.0
indrix,26,51,77,33.8
infinite way,0,1,1,0.0
inkviizZziiToR,0,1,1,0.0
ironikchallenge3,0,1,1,0.0
islam ordusu,0,2,2,0.0
jade mashhad shabad,0,2,2,0.0
jan pawel 2 pl,0,1,1,0.0
jangbama,0,3,3,0.0
javaditoor ARMY,2,25,27,7.4
javidguild,0,4,4,0.0
jiuxiao,2,17,19,10.5
juicy mango,0,1,1,0.0
kaamelotte,1,1,2,50.0
kabani,1,4,5,20.0
kahvemolasi,0,1,1,0.0
kalaong,0,1,1,0.0
kalluzaa,0,2,2,0.0
kara tabur,0,1,1,0.0
karapt,0,3,3,0.0
karapuziki,0,2,2,0.0
katadog,0,4,4,0.0
ketamine club,0,1,1,0.0
kfir,160,134,294,54.4
kimmochi,0,3,3,0.0
king of Pirates,0,10,10,0.0
kinglabEu,2,2,4,50.0
know youre afraid,21,14,35,60.0
kokop,0,1,1,0.0
kolpakk,1,1,2,50.0
kpshka ggwp,0,1,1,0.0
krwawe jelenie-elastyni,1,4,5,20.0
kultivasi,0,4,4,0.0
kurtlarvadisi25,0,2,2,0.0
kynichyo,1,1,2,50.0
l CHURCH l,0,1,1,0.0
l O_o l,2,0,2,100.0
l gank 7ram,0,1,1,0.0
l--Atlant--l,0,1,1,0.0
la banda,0,1,1,0.0
la ressource,1,2,3,33.3
labaskogama,0,1,1,0.0
lalatoyaa,0,1,1,0.0
lazarus,1,1,2,50.0
lazy dude,1,3,4,25.0
lazy frogs,6,4,10,60.0
league of dragons,0,1,1,0.0
legio tenebrarum,0,11,11,0.0
legionarios,1,42,43,2.3
leo_ne_gey,0,2,2,0.0
les galriens,2,24,26,7.7
life without sexx,1,1,2,50.0
lllWizardslll,1,0,1,100.0
lokkers,1,1,2,50.0
lololo,0,1,1,0.0
long-men,11,23,34,32.4
lootsplits,1,0,1,100.0
los diskas,1,1,2,50.0
love me baby,1,0,1,100.0
love_faer,0,2,2,0.0
lutfarmPVE,1,21,22,4.5
luve,0,3,3,0.0
lvl30,0,2,2,0.0
m e r c a d o n a,20,6,26,76.9
makara kukara,0,1,1,0.0
makeitright,1,8,9,11.1
mamothzas,0,3,3,0.0
mefedron,3,5,8,37.5
merchant-traveler,1,1,2,50.0
mesto smerti,1,1,2,50.0
mexican,2,0,2,100.0
minas Tirithh,0,3,3,0.0
monkey kings,0,7,7,0.0
monkeydungeon,0,4,4,0.0
moroks,4,4,8,50.0
mrak,0,1,1,0.0
mriouduh,0,1,1,0.0
murtazakaekberdin225gmailcom,0,1,1,0.0
my_error_log_is_empty,5,10,15,33.3
mystblooms,0,2,2,0.0
n1111,1,0,1,100.0
n1GERMANY,0,3,3,0.0
nAvalonianPirates,7,5,12,58.3
nasvay users,3,1,4,75.0
natsukoo,5,1,6,83.3
niebieskie wilki,0,1,1,0.0
night bloodlust,0,1,1,0.0
night hunter,5,5,10,50.0
no Risk no Fun,3,0,3,100.0
no pain no fame,6,28,34,17.6
nooooobbb,0,3,3,0.0
normal fisherman,1,1,2,50.0
not great not terrible,1,2,3,33.3
nubiki-tochka-ru,1,0,1,100.0
nuissance,0,1,1,0.0
o-o,0,1,1,0.0
obroncy cnot,5,24,29,17.2
of the castle,0,1,1,0.0
ojonekoneko,0,5,5,0.0
olive oilers,2,0,2,100.0
omlet,14,27,41,34.1
one4all,49,43,92,53.3
only one shot,0,1,1,0.0
op300,0,4,4,0.0
orc army,5,17,22,22.7
orda,0,1,1,0.0
osmanl imparatorlugu,0,2,2,0.0
ottoman38,0,2,2,0.0
owl-crow,0,1,1,0.0
panfu fanclub,13,2,15,86.7
panic show,0,4,4,0.0
paragaland,0,4,4,0.0
parsi,0,2,2,0.0
pawn sacrifice,0,4,4,0.0
pawuk,0,2,2,0.0
persian gulf,5,14,19,26.3
pettel,2,5,7,28.6
pincilin,0,2,2,0.0
pisi,0,1,1,0.0
plachy,0,1,1,0.0
plagadines,0,5,5,0.0
plata y sangre,0,1,1,0.0
plenger mainset,1,10,11,9.1
poker_club,0,2,2,0.0
porosatko,1,2,3,33.3
poseidon,4,17,21,19.0
powerful jars,0,1,1,0.0
privacy,0,3,3,0.0
pro noobs,31,20,51,60.8
proud ducks,112,96,208,53.8
pupa and lupa,0,1,1,0.0
q4q,3,12,15,20.0
qualite,1,1,2,50.0
quick sale,0,1,1,0.0
quttro495Pityx,1,0,1,100.0
qwer453,0,5,5,0.0
rDe,1,3,4,25.0
rabotniki 30-1,0,6,6,0.0
rak,2,19,21,9.5
ramadanisopia,0,1,1,0.0
rat and cats,1,0,1,100.0
ravager,3,1,4,75.0
reborn691,0,1,1,0.0
recruit penguin,3,4,7,42.9
retired gankers,0,1,1,0.0
revelationss,4,27,31,12.9
rising phoenix,0,2,2,0.0
ronin i sila,0,1,1,0.0
rouge wolves,0,1,1,0.0
ryoug,2,0,2,100.0
sadis,1,1,2,50.0
sag makan,0,3,3,0.0
saintguild,0,1,1,0.0
sakura,1,5,6,16.7
samisusami,0,2,2,0.0
sasalivsemdvorom,0,4,4,0.0
scam factory,0,3,3,0.0
shadow whippers,0,1,1,0.0
shamro5,0,1,1,0.0
shiro,0,1,1,0.0
shtGroops,0,5,5,0.0
shuturbitchass,0,2,2,0.0
siargren,2,0,2,100.0
sibil,0,3,3,0.0
sinon2,0,2,2,0.0
siphon bank,3,2,5,60.0
small-scale,0,1,1,0.0
snsd,1,5,6,16.7
sobaka ti kuda,2,4,6,33.3
soldiers of JP2,1,5,6,16.7
solist,0,1,1,0.0
sool,0,2,2,0.0
soulertezz empire,0,1,1,0.0
spoko,1,1,2,50.0
ssssaaaaa,0,5,5,0.0
star dust,0,1,1,0.0
star fire,51,66,117,43.6
statik mens,3,9,12,25.0
stb-inferno,1,1,2,50.0
steel warriors,0,2,2,0.0
steppe cross,1,6,7,14.3
sudahlah,1,8,9,11.1
szafagra,6,6,12,50.0
tacobell,1,2,3,33.3
tahe shapoor,6,12,18,33.3
tamtut,0,2,2,0.0
the bowr,1,3,4,25.0
the enemies,0,1,1,0.0
the haters,0,3,3,0.0
the players,1,3,4,25.0
the ruined ones,3,6,9,33.3
the-lag-syndicate,3,10,13,23.1
the-oldest,0,16,16,0.0
the_old_hunters,1,6,7,14.3
time is gold,0,3,3,0.0
travertine,0,2,2,0.0
turann,0,1,1,0.0
ultima exile,0,1,1,0.0
uncrowned,49,65,114,43.0
utalomaciganyokat,0,1,1,0.0
vodka,0,3,3,0.0
w0w,1,16,17,5.9
wagner_group,1,5,6,16.7
wanteds,1,1,2,50.0
war elephants RU,3,6,9,33.3
war soldiers,1,12,13,7.7
warriors of glory,0,2,2,0.0
warsborn,0,1,1,0.0
water melon,0,2,2,0.0
we are here,1,1,2,50.0
we love all jewish,0,1,1,0.0
weed and beer,1,1,2,50.0
white guys,0,2,2,0.0
white h0le,8,13,21,38.1
white hammer,2,2,4,50.0
white slave,15,7,22,68.2
world of pillow,0,1,1,0.0
x - EWERNOW - x,0,1,1,0.0
x NFM x,16,19,35,45.7
x1xSOLOx1x,1,3,4,25.0
xCode,3,55,58,5.2
xGirls,2,9,11,18.2
xPEACHx,0,1,1,0.0
xPOLSKAx,1,7,8,12.5
xREDx,6,5,11,54.5
xWolves,0,13,13,0.0
xXDire StraitsXx,4,5,9,44.4
xdxd,0,2,2,0.0
xuxu,0,2,2,0.0
xxXHotXxx,0,2,2,0.0
yakoza,23,31,54,42.6
you red you dead,5,20,25,20.0
yzbeki pod pivom,0,7,7,0.0
z o o t r o p o l i s,5,5,10,50.0
zWizarDz,0,2,2,0.0
zZz_1337_AFRICA_SUETA_228_zZz,1,0,1,100.0
zadengida,1,6,7,14.3
zulpeek,0,1,1,0.0
zxc322,1,0,1,100.0
