Guild,win,loss,Total,Winrate (%)
-,1183,2918,4101,28.8
0 - 0,0,1,1,0.0
0- Team Castillo -0,0,1,1,0.0
0-0 reltih 0-0,0,1,1,0.0
0-BRGAL-0,2,1,3,66.7
0-L-Y-M-P-U-S,5,20,25,20.0
00ThetfordRef,0,1,1,0.0
04EXPLOER,0,1,1,0.0
08:00,0,10,10,0.0
0NU,2,1,3,66.7
0UTNUMB3R,2,2,4,50.0
0peraciones especiales,6,6,12,50.0
0rder 66,0,1,1,0.0
0s Guardioes,11,56,67,16.4
0sS3mfutur0BR,0,1,1,0.0
0urOb0rOs,0,1,1,0.0
1 PR1ME 1,0,3,3,0.0
1-Culto De La Luna Eclipsada-1,8,13,21,38.1
100 CARINHO,0,1,1,0.0
100CALCINHA,0,1,1,0.0
103CHORIZOS,1,0,1,100.0
120 ARCO DE GUERRA,1,0,1,100.0
155 NA HCE,1,0,1,100.0
16:00,90,70,160,56.2
17:00,6,1,7,85.7
1AVANGARD,6,20,26,23.1
1AZEROTH1,5,6,11,45.5
1El Continental,4,6,10,40.0
1Exclusive1,0,1,1,0.0
1KOKE11,0,3,3,0.0
1MARAUDERS1,8,3,11,72.7
1NFIN1TY,27,26,53,50.9
1R0N,0,1,1,0.0
1STALKER1,0,1,1,0.0
1st Trade Company,0,7,7,0.0
2 CONTRA TODOS,2,0,2,100.0
20Pegar,1,23,24,4.2
21 FPS,0,12,12,0.0
21st Sinn,2,2,4,50.0
24 - 7,103,120,223,46.2
2AinsOoalGowN,0,1,1,0.0
300 STAR,0,1,1,0.0
300m,42,69,111,37.8
4 20 ALL THE DAY,6,21,27,22.2
4 E 20,0,3,3,0.0
4 FIRM4,0,1,1,0.0
40 Acres and a mule,0,1,1,0.0
462T,0,1,1,0.0
4Ever_COLETORES_BR,0,1,1,0.0
4FUN IN BLACK,2,3,5,40.0
4K TEAM ELITE,4,12,16,25.0
4K TEAM ELITE II,0,1,1,0.0
4LMA PERDIDA,1,0,1,100.0
4NONyMOUS,8,5,13,61.5
504,0,3,3,0.0
5ymphony Of The Night,6,15,21,28.6
6-TRINIBAD-6,3,13,16,18.8
6443 martlock,0,1,1,0.0
7 Segundos,0,1,1,0.0
79th Battalion,1,2,3,33.3
7mikes,0,1,1,0.0
8 0 8,3,11,14,21.4
808 HI LIfe,0,1,1,0.0
86-Eighty six,17,4,21,81.0
8IIIIIIIID,0,1,1,0.0
99F00D,53,54,107,49.5
9orNONE,3,0,3,100.0
A B I,0,1,1,0.0
A CASA DOS BRASILEIRINHOS,14,5,19,73.7
A Dinastia da marola,0,2,2,0.0
A FAVELA VIVE,0,1,1,0.0
A G I L A,0,1,1,0.0
A Gangue Trololo,35,51,86,40.7
A L C A T E I 4,30,52,82,36.6
A L O P E C I A,37,32,69,53.6
A L T - F4,7,7,14,50.0
A Legiao Sombria,0,7,7,0.0
A MAIOR,0,2,2,0.0
A Merchant,1,1,2,50.0
A N A R C O S,0,5,5,0.0
A N I K E T O S,9,34,43,20.9
A N T A R E S,10,18,28,35.7
A N T O X I C,3,9,12,25.0
A N X X I E T Y,139,116,255,54.5
A ORIGEM,9,34,43,20.9
A P E I R O N,61,88,149,40.9
A S G A R D R,0,1,1,0.0
A S T R A L I U M,0,2,2,0.0
A T E N E A,0,1,1,0.0
A T O M 1 C,1,6,7,14.3
A T O M I C - F U N,0,1,1,0.0
A T O R M E N T A D O S,6,8,14,42.9
A TROPA DA NATA,3,1,4,75.0
A TROPA DO VOLEI,2,2,4,50.0
A Turma do Garimpo,0,1,1,0.0
A U R 0 R 4,0,6,6,0.0
A U R E O,0,1,1,0.0
A U T I S M O,9,13,22,40.9
A V A-L A N C H E,2,14,16,12.5
A Vida Nao E Um Morango,2,1,3,66.7
A b a d d 0 N,0,2,2,0.0
A m b i d e x t r o u s,3,11,14,21.4
A new day,0,1,1,0.0
A-S-G,5,10,15,33.3
AAAAAAAAAAAAAAAAAAAAAAAAAAAhAh,0,2,2,0.0
AAPAE,0,5,5,0.0
ABSOLUTE TERROR,0,3,3,0.0
ABSOLUTNE CINEMA,0,1,1,0.0
ABYSSLEGION,10,37,47,21.3
ABYSSUS X,18,30,48,37.5
ACADEMY OF WAR,0,11,11,0.0
ACJP-Blacks,0,1,1,0.0
ACM1PTX2,6,4,10,60.0
ACORDA BRASIL,2,0,2,100.0
ADASTRO,2,3,5,40.0
ADEPTOS DE LA PAJA,35,73,108,32.4
AESTHETIIC,0,2,2,0.0
AETT Blar,2,6,8,25.0
AEZIR Kingdom,0,1,1,0.0
AFK 444,8,22,30,26.7
AFKINGLAND,0,2,2,0.0
AFKTEEMSINMANOS,1,12,13,7.7
AFKnaticos,1,25,26,3.8
AGIOTAH,0,1,1,0.0
AGRO BRASIL,0,1,1,0.0
AGUIRRExLEY,0,3,3,0.0
AII In,0,1,1,0.0
AIea iacta est,6,17,23,26.1
AIter Ego,76,80,156,48.7
AKATSUKlI,1,2,3,33.3
AKROMA,1,7,8,12.5
AL-MINSOD,0,1,1,0.0
AL41,0,3,3,0.0
ALAS_BLANCAS,0,2,2,0.0
ALB4M,1,0,1,100.0
ALC4TEIA,6,4,10,60.0
ALEKINE_DEFENCE,0,6,6,0.0
ALEUZENEV,0,2,2,0.0
ALEXANDRIA NONA,0,1,1,0.0
ALL BANDITS,1,0,1,100.0
ALLUMINATI,4,19,23,17.4
ALMA PERD1DA,0,1,1,0.0
ALORIA,0,1,1,0.0
ALVARADA ETERNA,0,1,1,0.0
AMIGO DO DONI,1,0,1,100.0
ANARCANGACEIROS,0,1,1,0.0
ANARQUIA CARCARA,0,1,1,0.0
ANASHEIX,15,6,21,71.4
ANGELES GUARDIANES,2,4,6,33.3
ANNIHILATION-PIDORESHION,0,2,2,0.0
ANNlHILATION,64,130,194,33.0
ANTAR3S,0,1,1,0.0
ANTHOUSE,0,1,1,0.0
ANTI - MAGE,1,5,6,16.7
ANTIGANKERS DRAGONS,0,3,3,0.0
ANYTIME ANYWHERE,1,1,2,50.0
AO University,179,174,353,50.7
AO_Pumadera_Argentina,1,0,1,100.0
APAE Bahia,0,6,6,0.0
APAGAX,1,4,5,20.0
AP_EP,0,1,1,0.0
AQP South Lion,0,1,1,0.0
AQP_cayma,0,1,1,0.0
AR toros negros,0,3,3,0.0
ARCTIC GUARDIANS,13,5,18,72.2
ARE HEADING,0,1,1,0.0
AREPA ENJOYER,0,1,1,0.0
ARKADIA GHOST,3,5,8,37.5
ARKADIA WORLD,49,110,159,30.8
ARKCORP,0,1,1,0.0
ARM kazak,0,1,1,0.0
ARMONYYY,9,9,18,50.0
ARMY EMPIRE,5,17,22,22.7
ARS OCCISIONIS,1,0,1,100.0
ARS-GOETIA,3,7,10,30.0
ARTHUR KING,1,0,1,100.0
ARTIST KILLERS,1,4,5,20.0
ASIMETRIA,0,1,1,0.0
ASP3RA,29,24,53,54.7
ASSASSIN INFERNAL 646,0,4,4,0.0
ASTARA,2,3,5,40.0
ASTRAD,0,1,1,0.0
ASTROPIA,0,5,5,0.0
ATALIA,2,12,14,14.3
ATON,0,1,1,0.0
ATRASA LAD0,0,1,1,0.0
ATTRICTIONN,2,3,5,40.0
AUF ARCANJOS,0,3,3,0.0
AURA PLAYERSS,3,4,7,42.9
AURA ROADS,1,0,1,100.0
AURUM NEXUS,0,3,3,0.0
AV3RNO CENTR4L,0,1,1,0.0
AVALON-ROADS,0,1,1,0.0
AVALON1AN0S,8,77,85,9.4
AVALONIAN-CATS,2,10,12,16.7
AVALON_DEATH,0,1,1,0.0
AVENA 2 OSITOS,0,3,3,0.0
AWAKENEDWARRIORS,6,13,19,31.6
AX Clan,1,1,2,50.0
AYAYA ARCHIVE,1,0,1,100.0
AZHEDA,0,1,1,0.0
AZTEC Soldados,2,8,10,20.0
A_REV0LTA,0,2,2,0.0
Absolute Boundary,1,1,2,50.0
Abyssal Hunt,9,10,19,47.4
Abyssal Vanguard,0,4,4,0.0
Academia de asesinos,0,1,1,0.0
Account not found,0,1,1,0.0
Achkur,0,2,2,0.0
Acolitos Sombrios,0,1,1,0.0
Adeptus-Custodes,11,24,35,31.4
Adictos a las Scooby Galletas,1,0,1,100.0
Adventurerss,1,5,6,16.7
Adventury,0,1,1,0.0
Aenima,4,2,6,66.7
Aesir de Asgard,2,8,10,20.0
Aesirs,31,50,81,38.3
Aeternam Requiem,1,0,1,100.0
Aggressive Rat,1,0,1,100.0
Agro Sanctum,1,5,6,16.7
Aguapanela Encantada,37,45,82,45.1
Aguilas Del Zulia,1,2,3,33.3
Ahuevshie,0,1,1,0.0
Aincrad Dominion,0,2,2,0.0
AinsGhoal0wn,2,28,30,6.7
Ainz Ooal Gown 47,0,3,3,0.0
Air Fryer,56,54,110,50.9
Al Chile,0,2,2,0.0
AlMAS en PENAS,0,1,1,0.0
Alas De Acero Negro,0,8,8,0.0
Alba Ruthenia,1,0,1,100.0
Albeaneers,0,4,4,0.0
Albi0n-0nline,0,6,6,0.0
Albino OffIine,1,3,4,25.0
Albiolines Crew,2,7,9,22.2
Albion Bet,1,0,1,100.0
Albion Beta,0,3,3,0.0
Albion Depths,0,1,1,0.0
Albion Fishing Squad,0,1,1,0.0
Albion Lone Wolf,9,2,11,81.8
Albion Mobile Guild,4,22,26,15.4
Albion Online IronMan,0,1,1,0.0
Albion Project,0,1,1,0.0
Albion War,1,1,2,50.0
Albion bandits,25,35,60,41.7
Albion je srce Srbije,1,0,1,100.0
Albion-con-queso,0,1,1,0.0
AlcatreiA,0,1,1,0.0
AlckatraZ,0,1,1,0.0
Aldeia da Folha de LYMHURST,0,8,8,0.0
Ale limon,1,10,11,9.1
Aliados9,0,1,1,0.0
Alianza Arlequin Moderada,0,1,1,0.0
AliasHero,3,0,3,100.0
Aliciella,0,3,3,0.0
Alined,0,1,1,0.0
Alkaragan,0,1,1,0.0
AllMax,2,4,6,33.3
AllyLess,0,1,1,0.0
Almas Atormentadas01,0,3,3,0.0
AlpaKnights,2,5,7,28.6
Alpha Rats,48,72,120,40.0
Alpha Shadows,4,5,9,44.4
Alpha0mega,0,2,2,0.0
AlphaBM,0,1,1,0.0
AlterFirsted,9,4,13,69.2
AltoRango,6,12,18,33.3
Alunos da UERJ,1,0,1,100.0
Amaterazu,0,2,2,0.0
Amazon Legends,0,1,1,0.0
Amazonia Gang,1,8,9,11.1
Amedontradores,0,2,2,0.0
American Craftsman,0,1,1,0.0
American Mini Pig Association,8,4,12,66.7
Amigos do Blackjack,3,11,14,21.4
Amigos do Liro,0,3,3,0.0
Amigos do sol,3,1,4,75.0
Amishalom,1,11,12,8.3
An-bu,2,1,3,66.7
Ancient Dominion,0,1,1,0.0
Ancient Dragon Lords,0,2,2,0.0
Ancient Shadows,0,1,1,0.0
Ancients resources,0,1,1,0.0
And out come the wolves,0,2,2,0.0
Andetakers,14,15,29,48.3
Andrmeda,0,2,2,0.0
Angel of Light,0,1,1,0.0
Angeles 0scuros,0,1,1,0.0
Anger Issues,0,1,1,0.0
Angry Apes,18,27,45,40.0
Anjos Valhalla,0,1,1,0.0
Anonymhous,0,4,4,0.0
Anos80 best age,1,3,4,25.0
Antartida,23,7,30,76.7
Anti Evil,12,64,76,15.8
Anti Gankers Club,1,1,2,50.0
Anti Hype Rus,7,15,22,31.8
Anti Nikkers,0,1,1,0.0
Anti Sociais,21,77,98,21.4
Anti niankers,0,2,2,0.0
Anti-Tesis,3,5,8,37.5
AntiGankSquad,1,3,4,25.0
Antiguos Guerreros Aztekas,55,39,94,58.5
Anyth1ng,29,24,53,54.7
Aoba-Josai,0,3,3,0.0
Apocalipse13yy16,11,48,59,18.6
Aponia,40,61,101,39.6
Apostolos de Avalon,4,26,30,13.3
ArGentiNidad,3,4,7,42.9
ArLand,35,61,96,36.5
Aracnideos Br,0,1,1,0.0
Arcana Mortis,0,4,4,0.0
Arcanum Aquila,0,5,5,0.0
Arcosanti,93,124,217,42.9
Argentina_Tucuman,0,1,1,0.0
Argentum Online,0,3,3,0.0
Armed Ballistic Forces,0,2,2,0.0
Armor is for Noobs x,0,1,1,0.0
Army Group,1,5,6,16.7
ArrowStorm,0,3,3,0.0
Arroz Clan,19,41,60,31.7
Arruined king,0,4,4,0.0
ArtFarm,1,1,2,50.0
ArteGamer,1,3,4,25.0
Artison of Albion,0,2,2,0.0
ArvizG-Company,0,1,1,0.0
AsMeninasSuperPoderosas,30,97,127,23.6
Ascensa0 Bad0nica,0,1,1,0.0
Ascensio Serpentis,0,4,4,0.0
Asesinos De Sombras,1,11,12,8.3
Asesinos sin Rostro,3,18,21,14.3
Asgard Hall,0,5,5,0.0
Asgard team,13,61,74,17.6
Aslet,13,15,28,46.4
Aspec yc,0,1,1,0.0
Aspects de la Recolte,0,2,2,0.0
Ass Breakers,16,23,39,41.0
Assasins of Gods,0,1,1,0.0
Assassin -Dragons,0,1,1,0.0
AssassinOfTheDarkness,3,12,15,20.0
Assassins Creeed,1,3,4,25.0
Assassins Of The Kings,0,3,3,0.0
Assassins of Valhalla,6,30,36,16.7
AssassinsGreed,11,12,23,47.8
Astroputologas,1,8,9,11.1
Asura Strike,1,3,4,25.0
At Arayan Kelebekler,22,31,53,41.5
At4udRisu3no,0,1,1,0.0
Atan,2,4,6,33.3
Ataud de la muerte,0,1,1,0.0
Atmospheric,1,1,2,50.0
Atrasa Lado,13,30,43,30.2
Audite Mortalis,0,4,4,0.0
Aullidos,1,1,2,50.0
Aura-Chill,9,11,20,45.0
Autumn Wolves,2,12,14,14.3
Ava NNoiseZ,10,12,22,45.5
Ava Owl,24,39,63,38.1
AvaTalk,1,3,4,25.0
Avalon Gap,3,3,6,50.0
Avalon Nighwalkers,1,1,2,50.0
Avalon Runners,1,14,15,6.7
Avalon_Fury,0,3,3,0.0
Avand Heim,0,1,1,0.0
Avanlon,0,2,2,0.0
Avantris,0,1,1,0.0
Ave Sangria,0,2,2,0.0
Aventureios,0,1,1,0.0
Awful Company,0,1,1,0.0
Axx Brakers,2,3,5,40.0
Axxis_Shadow,1,8,9,11.1
Azote de Gentle,0,1,1,0.0
B A G U N C I N H A,1,1,2,50.0
B A T M A N,0,2,2,0.0
B A Z U C O,0,1,1,0.0
B Company,0,1,1,0.0
B E A R P A W S,21,40,61,34.4
B E A S T Y,2,6,8,25.0
B E L L U M S,3,8,11,27.3
B I N B O C O,4,2,6,66.7
B L A C K - A R M Y,6,39,45,13.3
B L A C K M I R R O R S,0,2,2,0.0
B L E S S E D,13,19,32,40.6
B L I N K,30,39,69,43.5
B L V C K B U L L S,3,4,7,42.9
B M H O U S E,0,1,1,0.0
B O N T E N,0,1,1,0.0
B U R N I N,145,127,272,53.3
B o n e H e a d z,1,0,1,100.0
B-0-P-E,0,2,2,0.0
B1oodlust,4,19,23,17.4
BACKYARDIGANK,1,2,3,33.3
BAHAMUT-6D,0,1,1,0.0
BAI DI,0,2,2,0.0
BANANAS EN PIJAM4S,2,1,3,66.7
BANK BLACK,0,1,1,0.0
BANKR0LL,4,12,16,25.0
BAR DA ROSA GORDA 2,0,1,1,0.0
BAROQUE -WORKS,1,0,1,100.0
BARRACUDA2,0,1,1,0.0
BBC Coins,0,1,1,0.0
BDU,0,1,1,0.0
BDeUnaCarisia,1,0,1,100.0
BEAR DOMAIN,0,3,3,0.0
BEASTCOAST-1,0,2,2,0.0
BELCEBUTH,1,9,10,10.0
BELEGHOST,28,82,110,25.5
BERSERKERS_CA,1,9,10,10.0
BERSERKIR VIGMEN,0,1,1,0.0
BESOS NEGROS,3,20,23,13.0
BIGS Hunters,0,1,1,0.0
BIRD SPARROW,0,3,3,0.0
BISMUTO,0,1,1,0.0
BL3ACH,0,2,2,0.0
BL4CK SUN,0,1,1,0.0
BLACK DE4TH,1,0,1,100.0
BLACK DOGS UTC,1,4,5,20.0
BLACK FACER,0,1,1,0.0
BLACK HAMM3R,24,21,45,53.3
BLACK KAIZEN,2,6,8,25.0
BLACK MOONS,2,4,6,33.3
BLACK NIGH,5,20,25,20.0
BLACK TAPE,100,112,212,47.2
BLACK----MONEY,0,12,12,0.0
BLACK---BULLS,24,20,44,54.5
BLACKARG,0,2,2,0.0
BLACKLEGENDS,0,1,1,0.0
BLACKOUTZ,0,1,1,0.0
BLAM,2,7,9,22.2
BLOOD HOLLOW KNIGHT,46,49,95,48.4
BLOOD MERAKI,2,2,4,50.0
BLOOD OF HELEA,7,31,38,18.4
BLOODSTALKERS,0,1,1,0.0
BLOODY-WARRIORS,6,29,35,17.1
BLOOMS,31,2,33,93.9
BLUE ZONE GANKERS,0,1,1,0.0
BLUEDEER,1,4,5,20.0
BLoons TD,2,0,2,100.0
BM Squad,0,1,1,0.0
BOCA DO CENORA,1,1,2,50.0
BODEG4,0,1,1,0.0
BOMB SQUAD BR,4,1,5,80.0
BONDE DO KONG,4,8,12,33.3
BOOMSQUAD,2,4,6,33.3
BORN IN ROADS,6,2,8,75.0
BOW GAMING,0,2,2,0.0
BR Coroneis,7,39,46,15.2
BR Free Fire,1,4,5,20.0
BRAHMA CHOP,12,4,16,75.0
BRAZZUKA,4,8,12,33.3
BRIDFOBOS,0,3,3,0.0
BRIGADA BALROG,1,1,2,50.0
BRISAS,0,1,1,0.0
BRKS89,0,1,1,0.0
BROTHERHOOD OF LIGHT - BHLT,0,4,4,0.0
BROTHERS OF DESTINY,4,6,10,40.0
BROTHERS THILL DEATH,5,5,10,50.0
BRZK,24,57,81,29.6
BR_Gankers,0,1,1,0.0
BUGG,0,1,1,0.0
BUSCA CAMARAS,4,15,19,21.1
BUSHlDDO,0,6,6,0.0
BW-HOME,0,1,1,0.0
B_L_A_C_K,31,16,47,66.0
Baby Family,15,2,17,88.2
Bad Donkeys,0,1,1,0.0
Balaque,0,5,5,0.0
Ball Fondlers,3,0,3,100.0
Ban4nas De Pijamas,11,24,35,31.4
Banana Republicc,8,9,17,47.1
Bananal,1,8,9,11.1
Banckson,1,0,1,100.0
Banda de Bandidos,1,8,9,11.1
Bandana Brothers,14,11,25,56.0
Bandanor,0,4,4,0.0
Banddle City,46,85,131,35.1
Bandidos de caerleon,1,13,14,7.1
Bandit Kill,23,5,28,82.1
Bandit Lords,35,79,114,30.7
Bandy2,0,4,4,0.0
Bane of Darkness,0,1,1,0.0
Banguardia De Moria,0,3,3,0.0
BannanaBoys,1,2,3,33.3
Baofengyu,16,41,57,28.1
Bar 70,1,0,1,100.0
Barbaros Da Neve,2,6,8,25.0
Bariloche,1,2,3,33.3
Baroes De Lymhurst,0,1,1,0.0
Bastardos del Titan,3,4,7,42.9
Bastardos_Sin_Gloria,0,3,3,0.0
BastionWar,2,32,34,5.9
Bastion_Pretoriano,3,8,11,27.3
Batata-Gankers,1,1,2,50.0
Battle Rush,87,46,133,65.4
Battlewise,6,31,37,16.2
Batutinhas,1,3,4,25.0
Bau-caerleon,1,0,1,100.0
Bayug,0,1,1,0.0
Be Careful,21,22,43,48.8
Be Silenced,58,62,120,48.3
Be better,5,2,7,71.4
BearLiddle,21,41,62,33.9
Bears and Maces,30,13,43,69.8
Beast Blood,1,0,1,100.0
Beef Stewar,3,7,10,30.0
Beer Barrel,1,10,11,9.1
BeerSquad,7,20,27,25.9
Belekada,1,0,1,100.0
Belfast,1,0,1,100.0
BellacasCorp,0,2,2,0.0
Bellatores Noctis,0,1,1,0.0
Belligerent Bastions,0,1,1,0.0
BenchWarmers,0,4,4,0.0
Best Cook,0,2,2,0.0
BestFriends,0,6,6,0.0
BestFriendsForever,0,2,2,0.0
Beverly Plaza,1,7,8,12.5
Beware of Killers,1,0,1,100.0
Big Brawl Clap,1,1,2,50.0
Big IP Energy,0,1,1,0.0
Big Rooster,1,2,3,33.3
Big familly,2,5,7,28.6
Birds and Feathers,7,8,15,46.7
BirdyFamily,0,2,2,0.0
Bl4ck End,0,5,5,0.0
Black - Lotus,8,42,50,16.0
Black Alienz,0,2,2,0.0
Black Aura,7,21,28,25.0
Black Clov3r,1,8,9,11.1
Black Dragon Aeon,74,99,173,42.8
Black Feathers,1,5,6,16.7
Black Ghost,0,1,1,0.0
Black Gnomes,0,1,1,0.0
Black Mage Arrow,0,2,2,0.0
Black Martlock 1,9,36,45,20.0
Black Orden BR,1,1,2,50.0
Black Pearl Pvp,1,3,4,25.0
Black Rose Creed,9,3,12,75.0
Black St0nes,9,38,47,19.1
Black Ursa,58,77,135,43.0
Black Veil Order,3,5,8,37.5
Black spring,1,2,3,33.3
Black-Oath,3,24,27,11.1
Black-Vortex,4,18,22,18.2
Black666dragon666,0,1,1,0.0
BlackClower,1,2,3,33.3
BlackDeath35,1,1,2,50.0
BlackSm0ke,244,163,407,60.0
BlackSunZenith,0,1,1,0.0
BlackW0rld,4,10,14,28.6
BlackWolf1,0,10,10,0.0
Black_ Banner,0,1,1,0.0
Blackclaw Empire,0,1,1,0.0
Blackjjack,0,1,1,0.0
Blackk Shadoww,4,14,18,22.2
Blackstone orderr,1,1,2,50.0
Blade 0f Justice,0,1,1,0.0
Blades of Avalon,39,75,114,34.2
Bleeding Apes,1,3,4,25.0
Bloco,4,11,15,26.7
Blodfang,37,64,101,36.6
Blood Brotherhod,4,17,21,19.0
Blood Wolf Team,17,23,40,42.5
Blood and Ashes,10,6,16,62.5
Blood-LusT,0,10,10,0.0
Blood-_-Ravens,6,7,13,46.2
BloodBlossom,0,1,1,0.0
BloodShadow Reign,0,3,3,0.0
BloodVanguard,0,1,1,0.0
Bloodfang Warriors,0,1,1,0.0
Bloodkillers,5,5,10,50.0
Bloody Mittens Society,0,3,3,0.0
Bloody_Lotus,0,1,1,0.0
Blue LabeI,78,54,132,59.1
Blue Shinigami,0,2,2,0.0
Blueberry Poachers,1,0,1,100.0
Board of Brewers 2,0,1,1,0.0
Boca Scan,0,4,4,0.0
Body Hunters,1,2,3,33.3
Bogas Rild,0,1,1,0.0
Bohemius Gang,0,1,1,0.0
Boi Feliz,0,1,1,0.0
BoiCetha,0,1,1,0.0
Boku no hero,1,0,1,100.0
Bold Intent,7,15,22,31.8
Bolinho City,0,1,1,0.0
Bolivia_Se_Respeta_CrJ,0,3,3,0.0
BombSS,29,38,67,43.3
Bonde do MELEKA,0,2,2,0.0
Bonhommes,0,1,1,0.0
Booty Boppers,12,33,45,26.7
Born OfThe Dragon,0,1,1,0.0
Born To D1e,47,88,135,34.8
Bounty1,0,1,1,0.0
Bozominions,0,1,1,0.0
Br41nL4g,5,15,20,25.0
BrSolitario,0,2,2,0.0
Brain not Found,14,15,29,48.3
BrainStone,0,1,1,0.0
Branlo17,3,2,5,60.0
Brasil Wars,0,15,15,0.0
Brasil imperio,1,3,4,25.0
Bratjas,0,13,13,0.0
Brawl Army,3,14,17,17.6
BrawlCore,2,3,5,40.0
Brazilians,0,4,4,0.0
Bread Addicts,4,2,6,66.7
Breathin,4,11,15,26.7
Brecilien Gang,0,2,2,0.0
Brecillien Cavalry,0,1,1,0.0
Bree-land,0,2,2,0.0
Bridge To HeLL,17,12,29,58.6
Bridgewatch 137,0,1,1,0.0
Bridgewatch United NA,1,3,4,25.0
Bridgewatch love epstein,0,3,3,0.0
BrigaDeBar,1,0,1,100.0
Brigada Dai Gurren Nalgas,0,1,1,0.0
BrigadaFantasma,1,7,8,12.5
Bro Job,0,1,1,0.0
Brotherhood Anarchy,2,15,17,11.8
Brotherhood Fallen Order,0,3,3,0.0
Brotherhood of Natercia,1,0,1,100.0
Brothers Of Lost Hope,2,2,4,50.0
Brothers of Shadows,0,2,2,0.0
Brotos Solar,0,8,8,0.0
Brownies Catolicos,4,12,16,25.0
BrutalClows,0,1,1,0.0
Bruxentopia,1,0,1,100.0
Brx1,1,2,3,33.3
Bryllanos,20,41,61,32.8
Bu11s,0,2,2,0.0
BuShi-Dos,1,7,8,12.5
Bugatti RD,0,1,1,0.0
Build Back Inflation,1,1,2,50.0
Bullskull,1,9,10,10.0
Bunny Girls,0,1,1,0.0
Bushy,0,2,2,0.0
Butched,0,1,1,0.0
Buxa Clube,0,5,5,0.0
C A L L E J E R O S,29,10,39,74.4
C A M B A D A,39,103,142,27.5
C A R N I F I C I N A,0,2,2,0.0
C A R R I E R,0,1,1,0.0
C A S T L E V A N I A,1,9,10,10.0
C A T A C L I S M,1,5,6,16.7
C A V A L I E R s,2,22,24,8.3
C E R B 3 R U S,7,1,8,87.5
C O N F L I C T I V O S,1,5,6,16.7
C O N T A C T O,2,6,8,25.0
C R I M E N,24,72,96,25.0
C o n g o,1,1,2,50.0
C-esT La MorT,22,89,111,19.8
C0BRA KA1,1,0,1,100.0
C0C0R1C0,20,17,37,54.1
C0NQUERORS,0,1,1,0.0
C22 WOJTEK,0,1,1,0.0
C4 Gang For Life,25,16,41,61.0
C4rpe D1em,0,1,1,0.0
CABALLEROS DE NEBULA,0,1,1,0.0
CABALLEROS DE PAPEL,0,2,2,0.0
CABALLEROS DEL GRAN ARBOL,0,3,3,0.0
CABALLEROS_DEL_LAG,0,6,6,0.0
CACHORR0S,2,3,5,40.0
CAERLEON COVENANT,1,3,4,25.0
CALCINHA ATOLADA,1,1,2,50.0
CALCINHA DE RENDA,6,10,16,37.5
CALIBER 50,0,10,10,0.0
CALL-ATE,6,0,6,100.0
CALOTE CLT,9,37,46,19.6
CAMINANTES Y MULAS,0,1,1,0.0
CANG,0,3,3,0.0
CAOS FENIX,1,6,7,14.3
CAOTICA,3,9,12,25.0
CAPIBARA GANK,8,11,19,42.1
CAPYBARA TEAM,1,11,12,8.3
CARAMELITO ARMY,0,2,2,0.0
CARIBES,0,2,2,0.0
CARMILLA,0,1,1,0.0
CARNARIUM,0,1,1,0.0
CARTEL DEL GOLF0,1,6,7,14.3
CASA-STARKs,0,1,1,0.0
CASTAMERE,0,1,1,0.0
CAT-CH,5,17,22,22.7
CAZA GANKER,81,69,150,54.0
CAZAD0R3S,0,1,1,0.0
CAZADRAGONES,4,10,14,28.6
CCSI,0,2,2,0.0
CECOT,52,54,106,49.1
CEIFADORES-DA-ALVORADA,2,9,11,18.2
CEIFEIROS de BRIDGWATCH,0,2,2,0.0
CENTINELAS DEL SOL,0,2,2,0.0
CHAOSFORCE,0,4,4,0.0
CHINELADA AVALONIANA,0,2,2,0.0
CLAN DE LA ORDEN,6,14,20,30.0
CLANDESTINADOS B370,0,2,2,0.0
CLANPELOTAS,0,1,1,0.0
CLAP BACK,49,45,94,52.1
CLASSIC BR,0,1,1,0.0
CLAYMORE COMPANY,0,1,1,0.0
CLN SexyLove,0,2,2,0.0
CLOKWORK,0,1,1,0.0
CLThanos,2,16,18,11.1
CLTs ALBION,0,3,3,0.0
CLTs de Bridgewatch,10,23,33,30.3
CLTunidos,1,4,5,20.0
CLUB - S P A C E,8,6,14,57.1
CLUBE DOS BOLINHA,1,7,8,12.5
CM-El Imperio de la Sombra,0,1,1,0.0
CNNG,0,10,10,0.0
CODORNAS ASSASSINAS,0,1,1,0.0
COFFE BR,0,2,2,0.0
COLMILLO DE PLATA,0,4,4,0.0
COLOMBIANS GOD,1,1,2,50.0
COMARCA HOBBITON,63,77,140,45.0
COMQNDO-LTM,0,6,6,0.0
CONERCIABTES,0,1,1,0.0
CONEXOES,2,8,10,20.0
CONFRACTUS,1,4,5,20.0
CONSORCIO MAPOCHO,0,1,1,0.0
COOMERCIANTES DE ALBION,0,1,1,0.0
CORACAO DE DRAGAO,1,2,3,33.3
CORMISS,0,1,1,0.0
COROA NEGRA,1,12,13,7.7
CORTE CELESTIAL,5,22,27,18.5
CORTESIA DA CASA,1,0,1,100.0
COSAA NOSTRAA,0,1,1,0.0
CRD1404,1,6,7,14.3
CRIMSAN DAGGER,0,2,2,0.0
CRIMSON C0VENANT,1,19,20,5.0
CRIMSON HYDRA,2,6,8,25.0
CRIMSON JOY,0,1,1,0.0
CRISTIANISM0,1,1,2,50.0
CRUSADE FORCE II,0,1,1,0.0
CSD- BRESERKERS,0,1,1,0.0
CTA-MURT-Csa,0,2,2,0.0
CUBAN KINGDOM,0,2,2,0.0
CULTO - LOS MIL SOLES DE ORO,3,11,14,21.4
CURSED ANVIL,1,2,3,33.3
CUSTODES TERRAE,0,1,1,0.0
CZRM,0,1,1,0.0
Caballero_Templario,0,1,1,0.0
Caballeros 0scuros,5,19,24,20.8
Caballeros Del Pasado,40,82,122,32.8
Caballeros Juramentados,0,2,2,0.0
Caballeros Oni-Chan,0,1,1,0.0
Caballeros Templarios de Fort,0,1,1,0.0
Caballeros de Ezequiel,0,2,2,0.0
Caballeros de la Luz Dorada,0,1,1,0.0
Cabras da PesteBR,2,2,4,50.0
Caceria Salvaje,0,27,27,0.0
Caerleones,0,3,3,0.0
Cafajestes,0,3,3,0.0
Caidos_Del_Alba,17,45,62,27.4
CaindoAoContrario,2,15,17,11.8
Caixa Economica FederaI,5,4,9,55.6
Calanguinhos Nordeste,0,2,2,0.0
Calm Before Chaos,0,2,2,0.0
Calvados,0,4,4,0.0
Caminante Nocturno,0,5,5,0.0
Caminantes del Alba,4,35,39,10.3
Caminho do Monarca,0,1,1,0.0
Caminos De Arena,12,13,25,48.0
Caminos De Avalon,0,1,1,0.0
Caminos dorados,0,1,1,0.0
Campeones de Martlock,0,3,3,0.0
Can Rock,0,1,1,0.0
Canes Bellum,0,1,1,0.0
CannaBuds,0,4,4,0.0
Cannabis Club,0,1,1,0.0
Cansado de ABA CANTV Albion,3,13,16,18.8
Caos Brutal,0,2,2,0.0
CapaAzull,3,26,29,10.3
Capigank,0,2,2,0.0
Captain Timo,8,18,26,30.8
Captain mazen,2,0,2,100.0
CaracasCity,0,8,8,0.0
Caravana de recolectores,0,1,1,0.0
Cardiac Arrest,9,7,16,56.2
Carpe Noctem Invicta,0,1,1,0.0
Carry 0n,29,34,63,46.0
Casa Targaryen XXI,0,6,6,0.0
Casa-Targarye_BR,1,6,7,14.3
CasaFarm,0,1,1,0.0
Casacus,1,0,1,100.0
Casadores de Gerras,0,3,3,0.0
Cascas de Bala,0,6,6,0.0
CaseOh,0,1,1,0.0
Cassiopea,1,4,5,20.0
Castel-Black,2,26,28,7.1
Castle Crasherz,1,1,2,50.0
CasualPlay,0,1,1,0.0
Cathedral of Morgana,0,2,2,0.0
Cavaleiros Avalonianos,16,58,74,21.6
Cavaleiros De Prontera,0,1,1,0.0
Cavaleiros de Vera Cruz,29,53,82,35.4
Cavaleiros do Rei,0,2,2,0.0
Cavalon,0,2,2,0.0
Caxas,0,1,1,0.0
Caximira Killers,0,2,2,0.0
Cazadores Escarlata,0,2,2,0.0
Ceifadores-de-Almas,12,23,35,34.3
Celestial Gladiators,0,5,5,0.0
Celestials of Blood,0,1,1,0.0
Celestius,0,1,1,0.0
Cerberus-Alpha,8,47,55,14.5
CeridwensLittleHelpers,6,13,19,31.6
Cero Kite,0,1,1,0.0
Cerveja e Vodka,0,1,1,0.0
Chars Temple,0,1,1,0.0
Check Him PC,5,3,8,62.5
Cheer,101,89,190,53.2
Chen t,5,13,18,27.8
Chernodvor,0,3,3,0.0
Cherry Bonsai,1,0,1,100.0
Children Of Mana,0,1,1,0.0
ChillinClan,6,1,7,85.7
Chimkens,0,1,1,0.0
Chinese boy,0,13,13,0.0
Ching Mi,0,1,1,0.0
Chingen a su madre,2,0,2,100.0
Chipi Black Chapa,0,8,8,0.0
Chirri Babies,0,2,2,0.0
Chiwires Tacticos,0,2,2,0.0
Chongo Buchannens big day off,2,17,19,10.5
Christian Academy,0,2,2,0.0
Chronic Banditz,1,5,6,16.7
Chronus,3,9,12,25.0
Chubacas,2,1,3,66.7
Chubby Lovers,4,6,10,40.0
Chuchu Noturno,3,0,3,100.0
Chud Legion,1,2,3,33.3
Chuds,0,2,2,0.0
Chupalaa,8,16,24,33.3
ChurrascoCerveja,0,8,8,0.0
Ciervos Negros,18,20,38,47.4
Circle of Mirjan,2,5,7,28.6
Circus No More,0,2,2,0.0
Circus of Avalonian Roads,1,0,1,100.0
ClAN PR3STIGU3,2,17,19,10.5
Cla Destino,4,16,20,20.0
Clan 420,0,1,1,0.0
Clan Cisterna,1,4,5,20.0
Clan Kelvin1104,0,5,5,0.0
Clan LoboGelido,0,2,2,0.0
Clan Reyes,1,2,3,33.3
Clan rictus,0,1,1,0.0
Clan-Uchiha,0,3,3,0.0
Clan-Zenin,0,2,2,0.0
Clan-del-Cuervo,0,2,2,0.0
ClanGojo,2,2,4,50.0
Clash of the Titans,1,0,1,100.0
Clearance,18,45,63,28.6
Clemencia,0,1,1,0.0
Club Winx,7,6,13,53.8
Clube do Bola CDB,1,2,3,33.3
CmDTeam,5,8,13,38.5
Cocholate Casero,1,1,2,50.0
Cockz Company SPA,3,18,21,14.3
Coffee Femboy,0,1,1,0.0
Cok o Clock,3,0,3,100.0
Cold Eyee,3,1,4,75.0
Colecthors,0,1,1,0.0
Colegas de Barrio,0,1,1,0.0
Coletores Black,1,1,2,50.0
Coletores da Paz,0,3,3,0.0
Coletores de Almas BR,0,12,12,0.0
Coletores de Traumas,2,8,10,20.0
Colhosp,0,16,16,0.0
Colmillo Dorado,1,0,1,100.0
Colmillo de Hierro,0,2,2,0.0
Colmillo del Atardecer,1,0,1,100.0
Colmillos Esmeralda,2,10,12,16.7
Colmillos de Hielo,0,13,13,0.0
ColmillosDelNorte,0,2,2,0.0
Colosos de Honor,0,1,1,0.0
Comando Sur,0,1,1,0.0
ComandoLatino,0,1,1,0.0
Comanjer,0,4,4,0.0
Communist Commando,2,7,9,22.2
Companhia 98,0,4,4,0.0
Companhia Pele Ferrea,15,16,31,48.4
Compania negra,0,1,1,0.0
Complejo de Pocho,69,51,120,57.5
CompletelyStrange,114,162,276,41.3
Comunidad Toxica,0,1,1,0.0
Conclave Eterno,0,3,3,0.0
Conflict,0,3,3,0.0
Connection Problemss,0,1,1,0.0
ConnectionProbleM,2,25,27,7.4
Contingent,175,127,302,57.9
Contratistas,0,1,1,0.0
Cook Nation,0,1,1,0.0
Coraline,0,1,1,0.0
Cordeiro Comunista,3,10,13,23.1
Core Cats,18,38,56,32.1
Cornos Unidos,1,2,3,33.3
Corporacion ZaVaRick,0,4,4,0.0
Corporacion de Mercaderes,0,1,1,0.0
Corranlabola,35,46,81,43.2
Corte Funebre,0,4,4,0.0
Corte caniche,2,8,10,20.0
Corvo Attano,4,11,15,26.7
Corvos Necromancers,0,1,1,0.0
Corvos Peregrinos,0,1,1,0.0
Corvos de Avalon,4,10,14,28.6
CosmiC-ChesT,4,8,12,33.3
Cosmic Star,0,1,1,0.0
Cosmic Warriors,0,1,1,0.0
Cosmic Warriors Arg,2,2,4,50.0
Coureur de Bois,1,1,2,50.0
Court of Fools,2,0,2,100.0
Covenant of Rhaegal,0,1,1,0.0
Covil Do Wolf,4,5,9,44.4
Craft Of Panties,0,1,1,0.0
Crafting4MyPocket,1,0,1,100.0
CrassoError404,0,1,1,0.0
Crazy Club,16,44,60,26.7
Crazy Society,0,1,1,0.0
Crazzy Train,1,2,3,33.3
Criados Do Inferno,0,2,2,0.0
Crias Apenas,1,1,2,50.0
Crimson Adventurers,1,0,1,100.0
Crimson Blades GXT,0,1,1,0.0
Crimson Gank,1,1,2,50.0
Crimson-Reapers,1,1,2,50.0
CrimsonCrux,0,2,2,0.0
Critical-Hit,13,29,42,31.0
Crow Friends,0,1,1,0.0
Crowler,0,2,2,0.0
Crupanov,0,5,5,0.0
Crusaders of Solair,0,2,2,0.0
Crux Del Sur,26,107,133,19.5
Crying Goddess,0,2,2,0.0
Crystal Glory,0,2,2,0.0
Cubanos X El Mundo,2,9,11,18.2
Cuervos del Yunque,4,16,20,20.0
Cuervos sangriento,14,24,38,36.8
Cueva de merlin,1,0,1,100.0
CultAssassins,2,7,9,22.2
Culto de Ouroboros,0,2,2,0.0
Curriculum Vitae,255,130,385,66.2
Curs3dGr33D,0,1,1,0.0
Cursed Abismo,1,2,3,33.3
Cursed Pumpkins,3,1,4,75.0
Cursed Souls Of Albion,0,1,1,0.0
CurtoSolo,0,1,1,0.0
Custodes Veritatis,1,10,11,9.1
Custos Sagittae Rubrae,0,4,4,0.0
Cuys In The Clap,62,65,127,48.8
Cyan,78,208,286,27.3
Cyan I I,26,129,155,16.8
Cyber Dragon infernal,1,9,10,10.0
Cyber Legion,0,1,1,0.0
CyberTek Gaming Reborn,0,2,2,0.0
Cycle Breakers,1,3,4,25.0
Cycles of Gilgul,0,3,3,0.0
Cydonians,4,13,17,23.5
D - GHOSTS,3,19,22,13.6
D A E M O N,56,93,149,37.6
D E A T H S I L E N C E,4,24,28,14.3
D E C L I N E,48,62,110,43.6
D I C E D,0,6,6,0.0
D I N O C O,231,119,350,66.0
D O L L Y,20,64,84,23.8
D R D,0,1,1,0.0
D a r k H u n t e r s,0,2,2,0.0
D e l i n c u e n t e s,10,51,61,16.4
D i v i n e Z,1,15,16,6.2
D r e n g r,0,1,1,0.0
D z N,2,1,3,66.7
D-E-S-T-I-N-Y,1,1,2,50.0
D-K,9,44,53,17.0
D1SARRAY,13,20,33,39.4
D3stroyers,25,25,50,50.0
D4RKF4LL,0,3,3,0.0
D4ddychill,0,1,1,0.0
DAISLUS2,0,1,1,0.0
DARK HICE,0,1,1,0.0
DARK HORSES 1,0,1,1,0.0
DARK MARINES,0,1,1,0.0
DARK PRICE,25,38,63,39.7
DARK SOUL STAR,1,2,3,33.3
DARK WOLVESS,1,2,3,33.3
DARKLOL,1,0,1,100.0
DARKM1GHT,226,96,322,70.2
DATE A LIVE,48,95,143,33.6
DBC Brigade,0,1,1,0.0
DCPC,0,7,7,0.0
DDARTH,1,8,9,11.1
DDR3,0,5,5,0.0
DEAD M00N,1,0,1,100.0
DEADLY_BROOKIE,0,1,1,0.0
DEADNASTREVAS,0,4,4,0.0
DEATH DESTROYER ARMY OF 7K7,0,1,1,0.0
DEATH GHOST,0,1,1,0.0
DEATH W8ING,0,2,2,0.0
DEATHGOIDIK,0,1,1,0.0
DEATHMARU,0,1,1,0.0
DEATHR0W,92,82,174,52.9
DECADENSE,0,3,3,0.0
DECAPITATORS,5,18,23,21.7
DECENDENTES DA ALVORADA,0,12,12,0.0
DEFENSORES THETFORD,1,13,14,7.1
DELULAR,1,0,1,100.0
DEMENTOMORI,7,20,27,25.9
DEMOND DE MARTLOCK,0,1,1,0.0
DEMONS107,3,45,48,6.2
DEPORTTADOS,0,1,1,0.0
DES0RDEN,0,3,3,0.0
DESASTRE DEL-REIN0,4,6,10,40.0
DESMONTADOS,0,1,1,0.0
DESTERRADOS DE LA NIEBLINA,0,11,11,0.0
DEVORADORES DE ALMA,10,18,28,35.7
DEVTA,8,31,39,20.5
DEX-terity,3,7,10,30.0
DG Squad,0,3,3,0.0
DIABL0S,7,30,37,18.9
DIABVLVS EX MACHINA,0,1,1,0.0
DIEGOLGT,0,1,1,0.0
DINAMITE,1,11,12,8.3
DIOS CON NOSOTROS_ RIP CHUKITO,1,0,1,100.0
DIOS DEMONIO,1,2,3,33.3
DISMOUNT_HERE,7,7,14,50.0
DIVE TO DIE,17,17,34,50.0
DIVINAS,10,5,15,66.7
DIXON671,0,2,2,0.0
DIZZTOPIA,0,7,7,0.0
DMTS,0,2,2,0.0
DOPAMINE CLUB,0,1,1,0.0
DOUX,17,17,34,50.0
DPSZero,12,23,35,34.3
DRAGON B0RN,1,2,3,33.3
DRAGON INFINIT,7,12,19,36.8
DRAGONBLESS,0,3,3,0.0
DRAGONFROSTH,1,7,8,12.5
DRAGONS BLACKFIRE,1,5,6,16.7
DRAGONS-OF-ROADS,19,26,45,42.2
DRAGONiTA,5,7,12,41.7
DREAD US,0,1,1,0.0
DUBAI FACTORY,0,1,1,0.0
DULUK,19,27,46,41.3
DWAYNE _LT,0,2,2,0.0
DYNASTYC,1,10,11,9.1
Da Black Lotus,2,11,13,15.4
Da RushinG,49,74,123,39.8
Da shoes,0,1,1,0.0
DaOneNOnly,11,38,49,22.4
Dab Disciples,0,1,1,0.0
Dab Neeg,0,2,2,0.0
Dabs,0,1,1,0.0
DacH,1,1,2,50.0
Daddy8801,12,14,26,46.2
Dalbaland,1,4,5,20.0
Dank Dynasty,0,1,1,0.0
Dark Banshees,1,4,5,20.0
Dark Foundation,5,4,9,55.6
Dark FuneraI,20,53,73,27.4
Dark Milk,1,0,1,100.0
Dark Rebirth,0,1,1,0.0
Dark Turn,1,2,3,33.3
Dark bandit wolf,1,2,3,33.3
Dark-Furius,2,0,2,100.0
DarkChains,77,24,101,76.2
DarkSocietta,0,1,1,0.0
DarkUnicorns,1,5,6,16.7
Dark_kills _RD,0,1,1,0.0
Darkness INC,48,79,127,37.8
Das7as9,2,0,2,100.0
DawnOfDominion,1,2,3,33.3
Day-Breakers,0,1,1,0.0
De Cuba,3,18,21,14.3
De Late,5,6,11,45.5
De Voluntate Fratrum,1,4,5,20.0
De4d End,0,3,3,0.0
De4th Punch,1,0,1,100.0
DeBoots,0,5,5,0.0
DeChil,0,1,1,0.0
Dead Pixell,0,1,1,0.0
Death Clowns Society,4,52,56,7.1
Death Heros,9,12,21,42.9
Death Lag,1,5,6,16.7
Death Latin Army,0,1,1,0.0
Death Of Souls,2,19,21,9.5
Death Pact,1,1,2,50.0
Death Requiem,0,10,10,0.0
Death Sentenc3,25,35,60,41.7
Death Tour,0,1,1,0.0
Death shade,0,1,1,0.0
Death-Note-G,0,2,2,0.0
DeathRunnerss,3,17,20,15.0
Deaths Verdict,9,7,16,56.2
Deaths gods,0,2,2,0.0
Decent Folk,6,17,23,26.1
Deema,0,2,2,0.0
Defensive Healer,0,2,2,0.0
Degenerate Nation,0,8,8,0.0
DelRomo,1,3,4,25.0
Delta Ozaukee,1,3,4,25.0
DementoresBJ,0,3,3,0.0
Demolition Boys,0,1,1,0.0
Demon watcher,0,2,2,0.0
Demonic death,4,30,34,11.8
Demonios legendarios,0,1,1,0.0
Demons Cursed,1,4,5,20.0
Demons and Wizards,0,1,1,0.0
Deo Mortis,0,1,1,0.0
Deorum Mortis,28,100,128,21.9
Depth Squad,3,3,6,50.0
Derby,0,4,4,0.0
Descendientes de Apolo,0,2,2,0.0
Desterrados_1,0,1,1,0.0
Destroyers Creed,4,23,27,14.8
Detonadores de pochitos 2,0,1,1,0.0
Deus Cria Nois Mata,0,2,2,0.0
DeusAeternum,0,1,1,0.0
DeusLivrimeDosGanks,0,2,2,0.0
Deuses Alcoolicos do Bar,7,35,42,16.7
Deux Aias,2,8,10,20.0
Dias 1,0,3,3,0.0
Diddis House,0,5,5,0.0
Die Edlen Krieger,1,13,14,7.1
Die Hard Gaming,0,14,14,0.0
Diem Impetus,0,1,1,0.0
DienteHielo,2,10,12,16.7
Dies-Irae,128,74,202,63.4
Diesuvive,1,1,2,50.0
Dinastia Do Be,0,1,1,0.0
Dinastia JAujINA,1,4,5,20.0
DinastiaNordica,3,21,24,12.5
Diordaha,0,1,1,0.0
Dioses de la Guerra 1,2,9,11,18.2
DirIewanger,0,1,1,0.0
Direfrost Rebels,0,2,2,0.0
Dires Bane,30,7,37,81.1
Discarded Saints,1,1,2,50.0
Discipulos da Folha,11,35,46,23.9
Discipulos de Avalon,0,1,1,0.0
Dismount And Death,28,37,65,43.1
Divando fixa,3,2,5,60.0
Divine Departure,29,55,84,34.5
Divine Hell,1,23,24,4.2
DivineVoid,45,94,139,32.4
Doberman_dangerous,0,3,3,0.0
Doble OC,394,146,540,73.0
Doggie Down,15,17,32,46.9
Dogs that Dunk,2,17,19,10.5
Doislave,29,57,86,33.7
Dojo of Makarov,0,3,3,0.0
Donkers,1,0,1,100.0
Donkey Division,16,15,31,51.6
Donkey Punchers,1,4,5,20.0
Dont Stand There,4,8,12,33.3
Dont Time,1,1,2,50.0
Dont_Cry,19,46,65,29.2
Doomswordss,0,8,8,0.0
Doralingus,1,0,1,100.0
Dr_Locked,0,3,3,0.0
Drachewyrm Order,7,37,44,15.9
Dragao Mistico BR,0,1,1,0.0
Dragon Cross,0,1,1,0.0
Dragon Disciple,0,1,1,0.0
Dragon Verde,0,1,1,0.0
DragonForceS,13,11,24,54.2
DragonLilys Den,0,2,2,0.0
Dragones D,0,1,1,0.0
Dragones centinelas,0,19,19,0.0
Dragones de Hierro,0,1,1,0.0
Dragones de sombras,0,2,2,0.0
Dragons Of Tenebris,0,2,2,0.0
Dragons Paradox,1,0,1,100.0
Dragons of Abion,1,3,4,25.0
Dragonwake,3,3,6,50.0
Drakebound,32,65,97,33.0
Drakonty ligea,3,5,8,37.5
Drakthar,3,14,17,17.6
Dramatics,4,2,6,66.7
Dreadbound,2,14,16,12.5
Dream Killers,1,6,7,14.3
Dreamfall,19,38,57,33.3
Dreamfyre,0,1,1,0.0
Druidae Umbrae,4,14,18,22.2
DuckDuckGoose,0,2,2,0.0
Duelist,0,2,2,0.0
Duendes negros,1,0,1,100.0
Dungeon Cleaners,1,0,1,100.0
Dungeon Lions,0,5,5,0.0
Dungeon Plunderers,1,20,21,4.8
Dungeon Reapers,0,1,1,0.0
Dungon drivers,1,4,5,20.0
Dunkler Dreiklang,0,6,6,0.0
Dupla de 1,0,3,3,0.0
Dusken,0,2,2,0.0
Dwargon,0,4,4,0.0
Dynamit,0,1,1,0.0
Dynasty Of Thieves,1,1,2,50.0
Dynasty of Creation,0,6,6,0.0
E F E,0,1,1,0.0
E F N E S,6,4,10,60.0
E FOR EVERYONE,3,10,13,23.1
E L D R I U M,3,16,19,15.8
E L E G A N T E S,0,1,1,0.0
E L Y D R I O N,30,58,88,34.1
E M I N E N C E,32,42,74,43.2
E N M 4,1,0,1,100.0
E R E B U S,15,29,44,34.1
E S C O R I A S,3,6,9,33.3
E S P A R T AN O S,0,1,1,0.0
E X I L I A D O S,2,2,4,50.0
E X O T 1 C,1,1,2,50.0
E X P E D I C I O N A R I O S,4,31,35,11.4
E X T,0,1,1,0.0
E l i x i r s,9,20,29,31.0
ECLIPSE sp,0,1,1,0.0
EETERNAL LEGENDSS,0,2,2,0.0
EGlendarios,1,1,2,50.0
EJERCITO FORT STERLING,15,74,89,16.9
EL BANCO DE HIERRO,0,4,4,0.0
EL CAMINO AL DAO,0,1,1,0.0
EL CENIT,2,20,22,9.1
EL CHUCHU DE ARAGUA,3,6,9,33.3
EL CULTO DEL OESTE,0,1,1,0.0
EL ESCUADRON ANTIGARCHA,0,1,1,0.0
EL LAG DE LAS HCE,16,36,52,30.8
EL MAS POLLO,1,17,18,5.6
EL MURO DE LOS 7 REINOS,0,2,2,0.0
EL NEGRO JHULIAN,0,2,2,0.0
EL REAL CONO NORTE,0,5,5,0.0
EL REICH,6,18,24,25.0
EL REINO DE LAS SOMBRAS,0,1,1,0.0
EL TEMPLARIO,0,3,3,0.0
EL UNDECIMO MANDAMIENTO,4,16,20,20.0
EL VACIO ETERN,0,2,2,0.0
ELDERYN,1,0,1,100.0
ELEGUIDOS DEL DRAGON,0,1,1,0.0
ELITE CLAN,0,2,2,0.0
ELITE MONKEYS,6,8,14,42.9
EL_JURAMENTO DE LAS SONBRAS,0,1,1,0.0
ENAMORADO-y-suS-LOCOS,0,1,1,0.0
ENDANGERED,134,68,202,66.3
ENERGIA AVA,1,0,1,100.0
ENERGIA OC,1,2,3,33.3
ENTIDAD,0,4,4,0.0
ENVIADOS,9,6,15,60.0
EQP ODIO,1,1,2,50.0
ERECTION,1,1,2,50.0
ESCALETION,0,3,3,0.0
ESCALIUM_JDM,9,27,36,25.0
ESCUELA _PARA _PRINCIPIANTES,0,1,1,0.0
ESKR2,0,7,7,0.0
ESPARTA_01,0,1,1,0.0
ESPESIALES,0,3,3,0.0
ESQUADRAO BRISADO,0,1,1,0.0
ETERNAL NIGHTS,15,35,50,30.0
ETERNOS DRAUGR,0,3,3,0.0
ETHERNAL-GLORY,17,50,67,25.4
EVIG LIV,0,2,2,0.0
EXC3LSIOR,8,29,37,21.6
EXCLUI2,1,3,4,25.0
EXILADOSS,0,11,11,0.0
EXILIADOS DEL NORTE,0,3,3,0.0
EXIS,0,1,1,0.0
EZCARCHA FTS,2,0,2,100.0
EZG0TO,23,31,54,42.6
Earned,4,8,12,33.3
East Avalon Trading Company,0,1,1,0.0
EastCoastGhosts,0,2,2,0.0
Eastern Dragons,0,6,6,0.0
Echoes of Avalon,1,0,1,100.0
Eclipce de Asgarth,0,2,2,0.0
Eclipse Of Destiny,1,2,3,33.3
Eclipse primordial,0,1,1,0.0
Economia silver,0,3,3,0.0
Economy - VIRUS,1,3,4,25.0
Economy First,0,2,2,0.0
Econyx,0,1,1,0.0
Ecos Del Vacio,8,21,29,27.6
Ecos da Ruina,22,23,45,48.9
Eevolution,24,31,55,43.6
Egipto,0,18,18,0.0
Egirls Enjoyers,2,3,5,40.0
Ehrenlegion,1,0,1,100.0
Eikonic,125,225,350,35.7
Einzelgnger,2,6,8,25.0
Eisenwacht,0,1,1,0.0
Eisenwalds,0,1,1,0.0
Ejercito del Rey,1,1,2,50.0
Ek-Balam,0,3,3,0.0
El Arcano Del Loco,2,3,5,40.0
El Burdel De Bermudez,0,1,1,0.0
El CLan del Loto Blanco,1,3,4,25.0
El Camino Ninja,1,6,7,14.3
El Clan de Ouroboros,1,1,2,50.0
El Concejo Fragmentando,0,1,1,0.0
El Credo De Los Asesinos,0,1,1,0.0
El DESPERTAR DE LOS C-A-S,1,0,1,100.0
El Holandes Herrante,8,4,12,66.7
El Imperio Latino,0,1,1,0.0
El Lag Nos Mato,2,6,8,25.0
El Ministerio De Los AzulesARG,1,3,4,25.0
El Pacto De Los Tres Reyes,0,6,6,0.0
El Panteon Del Rastreo,1,7,8,12.5
El Puerco Y El Perro,0,13,13,0.0
El Puerta Truco Empire,2,1,3,66.7
El Tren D3 Aragua,4,4,8,50.0
El Tren del Hielo,16,45,61,26.2
El Trovador,0,1,1,0.0
El culto al pan,0,2,2,0.0
El indio solari,114,96,210,54.3
El inicio de una era,0,6,6,0.0
El sagrado farmer,0,2,2,0.0
El sotano de albion,1,1,2,50.0
El toqui Lautaro,1,1,2,50.0
Elbereth,0,1,1,0.0
Elite - Warriors,0,5,5,0.0
Elite Nostra,0,6,6,0.0
Elite PvE Brasil,0,3,3,0.0
Elite de la Sombra,5,6,11,45.5
EliteDeath,2,27,29,6.9
Elites DemonS,0,9,9,0.0
Ell Sacro Imperio,0,25,25,0.0
Elowen,0,2,2,0.0
Els Gats d Or,6,25,31,19.4
Elyseos,0,1,1,0.0
EmberBeard Empire,1,10,11,9.1
Emeraldia,1,0,1,100.0
EminenceOfShadows,5,17,22,22.7
Eminense shadow,0,1,1,0.0
Emissaries Of ThetFord,0,1,1,0.0
EmoCraft1,0,1,1,0.0
Empirial-Kittyos,1,0,1,100.0
Encarnados,7,2,9,77.8
End 0f Discussion,1,3,4,25.0
End Of Silence,1,1,2,50.0
Energias Engarradas,0,1,1,0.0
Energy Drink01,1,3,4,25.0
Engelus Company,0,1,1,0.0
Entity of Grey,0,1,1,0.0
Ephemerals,29,91,120,24.2
Epic Hobos,30,18,48,62.5
EquilibrE,0,25,25,0.0
Ernia,0,1,1,0.0
Erome,87,59,146,59.6
Eromita,12,22,34,35.3
Eroth,1,1,2,50.0
Err0r-404,0,2,2,0.0
Errantes Eternos,0,16,16,0.0
Error 404 Not Found,102,84,186,54.8
Error 405,0,1,1,0.0
Error Loading Guild TMT,0,3,3,0.0
Erzatz,0,2,2,0.0
Escarcha de Sangre,1,20,21,4.8
Escarveil,34,29,63,54.0
Escoria Rebelde,32,62,94,34.0
Escorpiao Negro,0,1,1,0.0
Escroc,0,2,2,0.0
Escuadron Langosta,0,4,4,0.0
Escudo_BR,2,22,24,8.3
Esoteric Cult of Cthulhu,5,4,9,55.6
EspadaYFuego,0,2,2,0.0
Espadachines Negros,13,44,57,22.8
Espadas de Avalon,0,1,1,0.0
Esparta Full,0,1,1,0.0
Esparta16 02 26,1,2,3,33.3
Espartan07,0,1,1,0.0
EspartanosDelEste,1,12,13,7.7
EsquerdoPatasDoCabare,0,6,6,0.0
Esqueti,0,1,1,0.0
EstirpE_PolaR,0,5,5,0.0
Estupichafas,3,15,18,16.7
Et cetera,0,1,1,0.0
Eternal Defiance,88,49,137,64.2
Eternal Knights of Shadows,46,84,130,35.4
Eternal Radiance,0,2,2,0.0
Eternal Shadow Pact,0,21,21,0.0
Eternal-Reign,1,1,2,50.0
Eternity Fame,0,2,2,0.0
Eternity Specters,4,10,14,28.6
Eterno CaoS,4,9,13,30.8
Eternos del Abismo,12,22,34,35.3
Ethereal Flame,0,1,1,0.0
Ethereal Trading Company,0,8,8,0.0
Ethernal Kodoku,0,1,1,0.0
Ethernal Rush,1,14,15,6.7
Ethernal Wanderes,0,1,1,0.0
Ethernia,1,6,7,14.3
Ethically Sourced Loot,7,10,17,41.2
EugeoCompanyGrvm,1,0,1,100.0
EverGreenTrees,0,1,1,0.0
Evil AssassinsGreed,161,90,251,64.1
Evil Eikonic,0,1,1,0.0
Evil Gatitos,116,80,196,59.2
Evil Kool Aid,348,184,532,65.4
Evil Monarch,5,9,14,35.7
Evil Outlimits,1,6,7,14.3
Evil Paura,33,74,107,30.8
Evil Rugrats,2,5,7,28.6
Evil Tyrannt,0,4,4,0.0
Evil-Gank,9,27,36,25.0
Evil_1,1,0,1,100.0
Evil_Eyes_System,7,16,23,30.4
Evolve,1,3,4,25.0
Excidium Solis,2,1,3,66.7
Exiliado2 Del Valhalla,10,23,33,30.3
Exiliados del Pacto,1,1,2,50.0
Exilium Claw,0,1,1,0.0
Exilium Tenebrarum,0,2,2,0.0
Eximios,0,1,1,0.0
Expedicion X,1,3,4,25.0
Explocion de Sabor,7,6,13,53.8
Explorador Solo,0,1,1,0.0
Exploradores da Riqueza,0,1,1,0.0
Explore The World,50,129,179,27.9
Explorers Harvest Union,0,3,3,0.0
Explosao Galatica,0,1,1,0.0
Extendo,0,2,2,0.0
Exylos,1,4,5,20.0
Eyes of the Darkness,18,18,36,50.0
Ezpezial,0,1,1,0.0
F A L A N G E,6,26,32,18.8
F E A R M E,45,84,129,34.9
F I E N D,0,1,1,0.0
F N A T I C,1,3,4,25.0
F N T A S T I C,2,3,5,40.0
F O C U S S,0,1,1,0.0
F O L K V A N G R,14,43,57,24.6
F O M E,0,1,1,0.0
F O R B R I D G E W A T C H,6,27,33,18.2
F O R R E S T E R,0,7,7,0.0
F R A T E R N I T Y,43,35,78,55.1
F U L L-C O U N T E R,84,49,133,63.2
F U R O R E,4,15,19,21.1
F0CUS,3,5,8,37.5
F0RERUNNERS,0,4,4,0.0
F0rwardUnt0Dawn,9,17,26,34.6
FABRICA DE TANSOS,13,8,21,61.9
FACCION PAPITAS CRUGIENTES,0,1,1,0.0
FAETON,0,2,2,0.0
FALCOES,0,2,2,0.0
FARMA E DORME,0,2,2,0.0
FARMAR E DORMIR,0,6,6,0.0
FARMER MONKEY,14,3,17,82.4
FARMERS AC,3,2,5,60.0
FARMING BLACK 01,1,3,4,25.0
FAS-Tercios,3,3,6,50.0
FAT4L FURRYS,0,3,3,0.0
FATAL M0DEL,1,2,3,33.3
FATAL RECKONING,1,12,13,7.7
FATAL1TY,14,29,43,32.6
FAUNA,0,1,1,0.0
FAZ-2,1,0,1,100.0
FEMBOYS_LOVERS,0,1,1,0.0
FENIX1,2,1,3,66.7
FETTY WOPS,8,14,22,36.4
FILHOS DA NEVOA,0,1,1,0.0
FILHOS DO BOLSONARO,0,3,3,0.0
FINIMO ELEGANTE,7,51,58,12.1
FIRST PERSON SHOOTER,0,1,1,0.0
FK UNDERWORLD,2,8,10,20.0
FKC y Asociados,0,7,7,0.0
FKN300,1,0,1,100.0
FORCED KILLERS,0,1,1,0.0
FOREST MONSTER,1,0,1,100.0
FOREST SAMURAI,0,1,1,0.0
FOREVER GAME,0,11,11,0.0
FORJA DEL ORO,0,2,2,0.0
FORSTEFERSAW,0,1,1,0.0
FORT STERLING BR,2,3,5,40.0
FORTSTERLING FORCES,0,1,1,0.0
FOUR RIDER,1,1,2,50.0
FR-Farmer-FR,0,1,1,0.0
FRANGOS INC,4,6,10,40.0
FREE TP,0,3,3,0.0
FRENTE COMUM,0,1,1,0.0
FRIJOLEROS MX,0,1,1,0.0
FRYDA,2,17,19,10.5
FTK Gang,0,5,5,0.0
FUERZA ELITE DE MARTLOCK,0,1,1,0.0
FUERZA FENIX,5,5,10,50.0
FUFUCORPORATION,0,1,1,0.0
FULL CAP,2,4,6,33.3
FULL PK,0,1,1,0.0
FULL TIER 3,3,6,9,33.3
FULL-DESPROFIT,16,5,21,76.2
FULL-GRUPALES,0,2,2,0.0
FURIA DIVIN4,13,48,61,21.3
FURIA-ETERNA,13,52,65,20.0
FURIAN,0,1,1,0.0
FaIIen AngeIs,55,72,127,43.3
Faction Army,156,87,243,64.2
Faction Wars,18,141,159,11.3
Faction Wars Treasury,0,1,1,0.0
Faelight,1,0,1,100.0
FairWar,0,1,1,0.0
Fairy Mouflons,0,1,1,0.0
Fairy Tail 23,0,1,1,0.0
Faixa dou GAZA,6,2,8,75.0
Falange Fort-Sterling,0,1,1,0.0
Fallen Sacrament,4,25,29,13.8
Fallen Stars,17,62,79,21.5
Falling Skies,0,2,2,0.0
Falsos Positivos,3,14,17,17.6
FamJam,0,1,1,0.0
Familia de farmers,0,1,1,0.0
FamiliaXZ,5,17,22,22.7
Family Tempested,0,1,1,0.0
Family_of_Gankers,1,4,5,20.0
Famlia All,0,2,2,0.0
Famous Company,2,0,2,100.0
Fanaticos Por PvE,50,152,202,24.8
FandG,1,8,9,11.1
Fandelmonga,0,1,1,0.0
Farm to Market 51,3,4,7,42.9
FarmLiberty,1,7,8,12.5
FarmSword,0,3,3,0.0
Farmando XP,0,1,1,0.0
FarmerUnidos,0,1,1,0.0
Farmers Agresivos,4,1,5,80.0
Farmers Delight SP,3,9,12,25.0
Farmers of Fortune 96,0,3,3,0.0
FarmersXD,0,2,2,0.0
Fate Empire,1,2,3,33.3
Fate Zero 1,1,2,3,33.3
FatedHearts,2,22,24,8.3
Fates Reign,0,2,2,0.0
Fauces de Avalon,2,4,6,33.3
Fear Syndicate,1,10,11,9.1
FearFactor,1,0,1,100.0
Federacion Poison C4,0,2,2,0.0
Feed,4,6,10,40.0
Feel The Silence,14,13,27,51.9
Fellowship of the Bear,1,2,3,33.3
Femboys y Empanadas,2,0,2,100.0
Fenda Do Crime,0,7,7,0.0
Fernelius,2,5,7,28.6
Ferrolongos,0,3,3,0.0
Festa Estanha,1,1,2,50.0
Feudo-comumistas,1,2,3,33.3
Fiend Club Inc,0,1,1,0.0
Fight Club BR,2,1,3,66.7
Final Conflict,0,1,1,0.0
Final Fantasy Vll,0,2,2,0.0
Final Forms,0,1,1,0.0
Finis terra,21,29,50,42.0
Fino Senhores,4,19,23,17.4
Fire And Ashes,53,72,125,42.4
Fire With Fire,20,66,86,23.3
Fire Worshipers,0,3,3,0.0
Fischer projection,1,1,2,50.0
Fisherman King,0,1,1,0.0
Fishin Impossible,0,2,2,0.0
FlRE GODS,6,14,20,30.0
Flank,2,1,3,66.7
Fleau Fatal,0,2,2,0.0
Flor Morada,15,12,27,55.6
Floral,1,10,11,9.1
Floripa 048,0,1,1,0.0
Flying Psychedelic Painters,0,1,1,0.0
Flying-Pigs,3,3,6,50.0
Focaris,2,16,18,11.1
Focus healer,0,2,2,0.0
Fofoqueiros,0,1,1,0.0
Fofos,1,6,7,14.3
FollowMe,3,20,23,13.0
For Honor In Glory,0,3,3,0.0
ForAgartha,13,11,24,54.2
ForTwoDollars,0,1,1,0.0
Forasteros del Ocaso,4,25,29,13.8
Foreigner DarkNights,0,12,12,0.0
ForeverPeace,0,2,2,0.0
Forgotten of the Void,0,2,2,0.0
Forja Viva,0,1,1,0.0
Forja dos Novatos,1,12,13,7.7
Forjados na Guerra,0,1,1,0.0
Formosa Overlord,1,4,5,20.0
Forsaken Knowledge,0,5,5,0.0
Fortress_ project0,2,1,3,66.7
Fortshitlings,11,9,20,55.0
Foso Sangrante,1,9,10,10.0
Fox Covenant,0,1,1,0.0
Fracasados SA,1,4,5,20.0
Free Beer,85,71,156,54.5
Free MoNEEs,1,0,1,100.0
Free Wanderers,0,1,1,0.0
FreeHugs,0,1,1,0.0
Freedom Flex,8,13,21,38.1
Frieren Reborn,1,6,7,14.3
Frost Monarch,0,2,2,0.0
FrostMaurne,1,0,1,100.0
Frostfire Rangers,0,1,1,0.0
Fu3nm4s,0,1,1,0.0
Fuera venekos,81,38,119,68.1
Full Loot Enjoyers,0,7,7,0.0
Fullfarn,1,2,3,33.3
Fuma e Farma,9,12,21,42.9
Furia Carmesi,0,3,3,0.0
Furia Farmers,0,2,2,0.0
Furia Nocturnx,199,319,518,38.4
Furia Sangrienta,0,1,1,0.0
Furia nocturnx 2,16,58,74,21.6
Furros3,0,2,2,0.0
Fury of the Skull,1,5,6,16.7
Future Bankruptcy,0,1,1,0.0
G 1 V E N C H Y lymhurst,1,0,1,100.0
G A M,11,18,29,37.9
G A N J E R O S,0,4,4,0.0
G E M A,3,12,15,20.0
G E N K I D A M A,33,34,67,49.3
G E R M O N I A,0,1,1,0.0
G L A D I U S - S A N C T U S,1,13,14,7.1
G O D S IN L E V E L,1,3,4,25.0
G O T H 4 M,0,5,5,0.0
G-H-0-S-T,0,1,1,0.0
G-I-G-A-Y-U-K-A,0,1,1,0.0
G-R-E-E-D,1,0,1,100.0
G0LDEN C0MPANY,5,2,7,71.4
G0lden Ring,0,1,1,0.0
G2G Pride-Coalition,0,1,1,0.0
G4M3RS COL,0,3,3,0.0
GALA GROSSA,1,4,5,20.0
GALLOS LOCOS,0,1,1,0.0
GANAR ES MI PASION,0,2,2,0.0
GANGSHI,0,2,2,0.0
GANGSTER SOLO,8,8,16,50.0
GANK COUNCIL V2,0,2,2,0.0
GANKERS-WARRIORS,0,1,1,0.0
GANKOLETA,1,6,7,14.3
GANKOLETEIROS,15,15,30,50.0
GARRAS FRZ,0,1,1,0.0
GATITOS TERRORISTAS,8,14,22,36.4
GELO E TECO,125,50,175,71.4
GENEI RY0D4N,3,5,8,37.5
GENESIS CHAPTER 3 VERSE 19,0,1,1,0.0
GG PERO NO,0,1,1,0.0
GGBR,0,1,1,0.0
GGNOOBS,33,26,59,55.9
GHOST_BLACK_88,1,25,26,3.8
GIGI NIGI,0,2,2,0.0
GIRTH,0,15,15,0.0
GLADIADORES L,0,2,2,0.0
GO INSIDE,72,62,134,53.7
GO0NSWARM,10,36,46,21.7
GOBLlNS,13,8,21,61.9
GOD LIKE CLUB,1,7,8,12.5
GODS SON OF DRAGONS,7,38,45,15.6
GOLD MADENN,0,3,3,0.0
GOLD SEEKERS,0,1,1,0.0
GOLIRAS,1,1,2,50.0
GOOD FELLASS,0,1,1,0.0
GORILAs CLT,0,1,1,0.0
GOTOPLAY,0,1,1,0.0
GOZA BOLSONARO,1,8,9,11.1
GR1MR3AP3R,1,0,1,100.0
GR7 EXPLODE,0,1,1,0.0
GRAM IMPERIO DEL TAHUANTINSUYO,1,3,4,25.0
GRAN_TUMBA_DE_NAZARICK,36,46,82,43.9
GRE 17,1,0,1,100.0
GREMITIUS,4,20,24,16.7
GRIFFINS-HEART,3,15,18,16.7
GRIM EXODUS,1,2,3,33.3
GRIMORIO DEL NUCLEO DORADO,1,13,14,7.1
GRRENWOOD,2,18,20,10.0
GRUPO LATINO AMERICANO,0,5,5,0.0
GR_LEGENDARY,0,1,1,0.0
GT FENIX,18,53,71,25.4
GUARDIANES DE KRONOZ,0,2,2,0.0
GUARDIANES DE LA LLAMA ETERNA,1,7,8,12.5
GUARDIANES DE LA OSCURIDA,0,9,9,0.0
GUARDIANES DEL ABISMO,36,58,94,38.3
GUARDIANES DUALES,0,8,8,0.0
GUERREROS CELESTIALES,2,2,4,50.0
GUERREROS DE ALBION,1,17,18,5.6
GUILD-ARMY,0,1,1,0.0
GUILD-OF-SHADOWS,4,11,15,26.7
GUILDA OS CELESTIAIS,0,1,1,0.0
GUILDSHALS 2,0,1,1,0.0
GUNS S FLOWERS,0,1,1,0.0
Gaiola,1,3,4,25.0
Galaheim,1,3,4,25.0
Galo do Senai,0,1,1,0.0
Game Development Department,11,10,21,52.4
Game of Zero,1,2,3,33.3
Gamehouse,1,1,2,50.0
GamehouseII,0,4,4,0.0
GamerSRevengers,3,10,13,23.1
GaminJa king,0,3,3,0.0
Ganaderia Triple X,5,6,11,45.5
Gangue dos Gatinhos,1,9,10,10.0
Gank Me Gently,0,1,1,0.0
Gank N Gather,0,2,2,0.0
Gank Reach,1,0,1,100.0
Gankers LetaLes,150,226,376,39.9
Ganks my Life,0,1,1,0.0
Garden-of-Shadows,0,2,2,0.0
Gardiens Du Pentagone,0,1,1,0.0
Garrafuria,6,18,24,25.0
Garras de Fenrir,0,1,1,0.0
Gather and Kill,0,1,1,0.0
Gati Army,1,2,3,33.3
Gatitas Rompehogares,0,1,1,0.0
Gatitos Embotellados,7,17,24,29.2
Gatitos Mimoshos,50,46,96,52.1
Gatitos-Esponjosos,1,1,2,50.0
Gatos X locos,1,2,3,33.3
Gatos-atigrados,1,0,1,100.0
GayNENRyodan,0,1,1,0.0
GearScecando,0,1,1,0.0
Gen-ei Ryodan de Aragua,3,0,3,100.0
Genesis Rising,9,26,35,25.7
Gente que sabe,3,4,7,42.9
Get Off My Mountain,0,8,8,0.0
Get-Rich-Or-Die-Trying,1,6,7,14.3
GetTheMoney,0,1,1,0.0
Ghost Divers,7,12,19,36.8
Ghost Kingdom,25,44,69,36.2
Ghost Site,0,1,1,0.0
Ghost de Sparta,2,2,4,50.0
Ghoststrike,0,8,8,0.0
Giga M1lkers,9,4,13,69.2
Ginger Valley,7,27,34,20.6
Girei,22,31,53,41.5
GirlPowerS2,0,4,4,0.0
GirlyGuild,0,1,1,0.0
Gloria Prusiana,2,3,5,40.0
Glorious Angels,1,1,2,50.0
Go pve-pvp,0,2,2,0.0
Go to Bed,6,8,14,42.9
Goddess Morgana,1,2,3,33.3
Godfathers,0,1,1,0.0
Gods Corp,56,34,90,62.2
GojoSatuory,0,9,9,0.0
Golani Brigade,0,1,1,0.0
Gold - Warrior - Forget,0,2,2,0.0
Gold Noob Family,0,2,2,0.0
GoldAndGlory,0,1,1,0.0
GoldRest,0,1,1,0.0
Golden Castle Strelitzya,0,2,2,0.0
Golden Key Syndicate,2,8,10,20.0
Golden Knights Royal,3,1,4,75.0
Golden Moose,5,12,17,29.4
Golden Vengeance,1,0,1,100.0
Golden-Horde,4,13,17,23.5
Goldens Coffee,1,0,1,100.0
Goldwaechter,4,2,6,66.7
Golpe-Critico,0,1,1,0.0
Gonar The Nemesis,2,7,9,22.2
Gonzalez03,3,2,5,60.0
Good Tryers,1,1,2,50.0
Good game br,0,3,3,0.0
GoodGrief,9,1,10,90.0
Gooners INC,2,4,6,33.3
GoopGoop,1,0,1,100.0
Goopas,0,1,1,0.0
GoriIas,2,0,2,100.0
Got Talent,42,37,79,53.2
Government Subsidies,3,10,13,23.1
Gram Bo Lubie,0,2,2,0.0
Gran Gatsby,0,2,2,0.0
Grand Kaos,1,3,4,25.0
GrandOne,2,0,2,100.0
Granda Legacy,0,1,1,0.0
GrandeTumbaNazarick,8,31,39,20.5
Grandes guerreros,0,1,1,0.0
Grandline south,0,1,1,0.0
Granjeros_Cie,1,2,3,33.3
Grav3robbers,0,1,1,0.0
GreMiO dE cerVeCeroS,17,33,50,34.0
Green Shield,14,55,69,20.3
Green chest energy,0,1,1,0.0
Greenwood Stronghold,1,1,2,50.0
Gremio de recolectores,0,2,2,0.0
Grid Hollow,3,5,8,37.5
Griffins Riders,91,127,218,41.7
Grizzly Bears,2,9,11,18.2
Grougaloragran,29,49,78,37.2
Growers united,1,8,9,11.1
Guardia Nacional AO,1,3,4,25.0
Guardia Nacional De Lymhurt,1,1,2,50.0
Guardia-Nocturna,5,7,12,41.7
Guardia_De_La_Noche,2,6,8,25.0
Guardian Nocturna,0,1,1,0.0
Guardian of Adventurers,0,5,5,0.0
GuardianOfSomethings,0,1,1,0.0
Guardian_de_LYM,1,2,3,33.3
Guardianes De Asgard,26,32,58,44.8
Guardianes De Nazarick,6,15,21,28.6
Guardianes Del Espectro,2,5,7,28.6
Guardianes Lee,0,1,1,0.0
Guardianes de la Orden,0,1,1,0.0
Guardians de la Noche,0,1,1,0.0
Guardians of Galaxy,1,9,10,10.0
Guardians of the Fortun,0,1,1,0.0
Guardians of the Hunt,0,2,2,0.0
Guardias Imperiales,0,5,5,0.0
Guardias del Bosque Negro,0,7,7,0.0
Guardias del honor,1,5,6,16.7
Guardioes Avalon,16,36,52,30.8
Guardioes de Mandalore,0,4,4,0.0
Guarida de Lobos,0,2,2,0.0
Gubki,2,5,7,28.6
Guelos,0,1,1,0.0
Guerra de Faciones,3,4,7,42.9
Guerreiros Da Excalibur,0,2,2,0.0
GuerreirosDoalem,0,3,3,0.0
Guerreros Nordicos,1,2,3,33.3
Guerrilla Tactic,0,1,1,0.0
Guerrillas of Destiny,0,1,1,0.0
Guild Licar,0,1,1,0.0
Guild of the Black Crow,1,3,4,25.0
GuildPotato103,1,2,3,33.3
GuildPotato1509,0,1,1,0.0
Guild_Wolf,0,2,2,0.0
Guilda sem Horario,1,9,10,10.0
Gun Runners,1,3,4,25.0
Gundavilus,0,1,1,0.0
Gurken Schurken,2,1,3,66.7
Gyere Gecy,11,8,19,57.9
H A M B R E,1,0,1,100.0
H A R A K I R I,2,26,28,7.1
H E L L C O R E,28,25,53,52.8
H E L L O C O T T O,10,14,24,41.7
H E L L _ D I V E R S,51,92,143,35.7
H I D D E N S,1,10,11,9.1
H O L Y B I B L I E,9,18,27,33.3
H O S P I C I O,1,2,3,33.3
H U M U N G O S A U R I O S,3,4,7,42.9
H U R S T,51,65,116,44.0
H Y S T E R Y A,1,9,10,10.0
H-E-L-H-E-I-M,18,38,56,32.1
H-E-L-H-E-I-M Haven,1,1,2,50.0
H0N0RABLES,16,91,107,15.0
H0TL1N3,0,1,1,0.0
H3roLag,12,20,32,37.5
H3rois da Tret4,44,77,121,36.4
H4LLOWEEN,1,4,5,20.0
HA-HA-HA-HA,1,1,2,50.0
HAI HU,17,21,38,44.7
HALCON BLACK,7,5,12,58.3
HATECLUB,0,4,4,0.0
HAWKEYE _TF,6,33,39,15.4
HC - Hellfire Club,0,7,7,0.0
HCE ROYALTY,3,8,11,27.3
HEARTHGUARDS,2,3,5,40.0
HEILPVP,102,51,153,66.7
HEINSENBERG,0,5,5,0.0
HELL KILLERS,43,26,69,62.3
HELLPSING,0,1,1,0.0
HELM OF AWE,0,1,1,0.0
HERCULEZ,4,7,11,36.4
HERMANDAD NEGRA,0,1,1,0.0
HERMANDAD PJ,4,29,33,12.1
HEROES_OF_EVIL,0,4,4,0.0
HEROIS DO CRAFT,0,1,1,0.0
HEXXO,0,1,1,0.0
HI-HIDRA,0,11,11,0.0
HIJOS DEL FARMER,0,1,1,0.0
HIJOS DEL GLORIOSO SOL,0,2,2,0.0
HIJOS DEL TITAN,2,10,12,16.7
HIMIKO SONS,4,9,13,30.8
HIPOPOTAMONAOFAZSOMDEBURRO,0,1,1,0.0
HOHOLUA,1,0,1,100.0
HONOR1,0,1,1,0.0
HOPLITA,49,109,158,31.0
HORA _DE _AVENTURA,4,27,31,12.9
HOSANA,2,2,4,50.0
HT-GN,0,2,2,0.0
HUJING,47,21,68,69.1
HULAJ,0,3,3,0.0
Habibi squad,0,1,1,0.0
Haladar,0,1,1,0.0
Halcon escarlata,1,13,14,7.1
Hamburg Kid,9,25,34,26.5
Hammer Dahn,0,1,1,0.0
Hand of G0d,0,1,1,0.0
Happy Hour,17,31,48,35.4
Harvester Kin,2,9,11,18.2
Harvesters of the Hopeful,70,211,281,24.9
Hashashin666,0,1,1,0.0
Hasta que todos seamos uno,4,4,8,50.0
Hatedd,6,0,6,100.0
Havana Club,5,13,18,27.8
Hce Life 01,0,1,1,0.0
HeIIheim,59,26,85,69.4
Healing womens trauma,0,1,1,0.0
Heaven Pierce,0,1,1,0.0
Heaven-Doors,0,4,4,0.0
Heavenly Hunters,0,3,3,0.0
Heer,5,1,6,83.3
Hell Birds,1,1,2,50.0
Hell Soldiers,0,2,2,0.0
HellDogs,1,1,2,50.0
HellParadise,4,18,22,18.2
Hellgrind,4,10,14,28.6
Hellhole,0,1,1,0.0
Hellmanns,0,2,2,0.0
Hello Cotto,0,2,2,0.0
Hemp Rats Cartel,16,74,90,17.8
Heraldos del Valhalla,0,1,1,0.0
Herdeiros da Cruz,1,7,8,12.5
Herdeiros de Erebor,2,3,5,40.0
Herederos del Yunque,0,1,1,0.0
Heretic Network,3,12,15,20.0
Hermanas Margaret,2,5,7,28.6
Hermandad de la llama Negra,2,5,7,28.6
Heroes Del Silencio,0,2,2,0.0
Heroes Of Silencio,0,4,4,0.0
Heroes Runicos,7,5,12,58.3
Heroes sin capa,1,1,2,50.0
HeterosDeDerecha,1,10,11,9.1
Hevel MC,0,1,1,0.0
Hexabite,0,2,2,0.0
HiDrA Reborn,31,111,142,21.8
Hidden Hands,0,2,2,0.0
Hidden Power,0,3,3,0.0
Hiden Assassins,2,3,5,40.0
Hideyoshi,7,13,20,35.0
High Council of Low Standards,2,11,13,15.4
High Heavenn,0,1,1,0.0
High Respect LFNM,0,2,2,0.0
HighLand69,0,1,1,0.0
Hijos de Eru,4,6,10,40.0
Hijos de Wiracocha,1,1,2,50.0
Hijos de la Anarquia,26,19,45,57.8
Hijos del Sol Ardiente,13,15,28,46.4
HijosdelCaos,0,1,1,0.0
Hiluu BB,3,0,3,100.0
HiperactivosUMSS,12,2,14,85.7
Hisoka,38,15,53,71.7
Hitsquad,82,77,159,51.6
Hiyoko gakkou,4,31,35,11.4
Hobres-de-Honorr,0,13,13,0.0
Hofring,4,17,21,19.0
Hogyoku,0,1,1,0.0
Hojas Blancas,0,5,5,0.0
Hokasodelsur,0,1,1,0.0
Hold My Pocket,29,31,60,48.3
Hollow Specs,14,24,38,36.8
Hollowest,0,1,1,0.0
Holly Michaels,2,0,2,100.0
Holy_Templar Order,7,13,20,35.0
HomiesexuaIs,0,5,5,0.0
Homiesexuals,0,1,1,0.0
HomosexualParadise,1,0,1,100.0
Honey Fingers,32,45,77,41.6
HonjoMasamune,0,2,2,0.0
Honor and Strenght,0,2,2,0.0
Honor y Gl0ria,0,5,5,0.0
Honoris,75,166,241,31.1
Honyadaka,0,2,2,0.0
Hope S Horizon,0,1,1,0.0
Hora_Do_SHOW,0,1,1,0.0
Horak,0,1,1,0.0
Horny Loot Donkeys,2,1,3,66.7
Hospital psiquiatrico,2,1,3,66.7
Hospoda,0,1,1,0.0
Hour Of Darkness,0,3,3,0.0
House Therenas,0,1,1,0.0
House-Of-Dragons,4,28,32,12.5
HuH focus helear,0,1,1,0.0
Huargos Corp,0,3,3,0.0
Huevo Chiquito,0,1,1,0.0
Humans Only,0,6,6,0.0
Hundings Rage,0,1,1,0.0
Hunger Lurks,0,1,1,0.0
Hunter Assasins,15,87,102,14.7
HuntersDungeons,8,31,39,20.5
Hunterz zone,2,25,27,7.4
Hybrid Moments,3,1,4,75.0
Hyddr4,0,7,7,0.0
Hylianos Field,0,2,2,0.0
I AM AT0MIC,0,1,1,0.0
I APEX PREDATOR I,4,7,11,36.4
I All Rise I,0,1,1,0.0
I BGF I,0,5,5,0.0
I Call Out I,24,28,52,46.2
I CarpeDiem I,3,14,17,17.6
I DEMACIA I,0,1,1,0.0
I Devil V1ctory I,21,37,58,36.2
I Diamond Dogs I,23,14,37,62.2
I DieHard I,10,59,69,14.5
I Dont-Know,4,12,16,25.0
I FOOD,0,1,1,0.0
I Guess What I,6,15,21,28.6
I Heavenly Demon I,8,40,48,16.7
I JOMSVIKINGS I,0,1,1,0.0
I JORDAN I,0,4,4,0.0
I JUST WANT 1V1,0,1,1,0.0
I JustUs I,14,17,31,45.2
I LOVE BLONDE GIRL,0,4,4,0.0
I Loniez I,48,76,124,38.7
I M O R T A I S,196,300,496,39.5
I MISS CLICK I,0,1,1,0.0
I Made in Abyss I,12,44,56,21.4
I Minimum Effort I,2,4,6,33.3
I MoneyGuild I,0,1,1,0.0
I N C A R N A T E,0,1,1,0.0
I N D O M I N U S,11,11,22,50.0
I N F I N I T Y - W A R,1,3,4,25.0
I N J U S 7 I C E,8,26,34,23.5
I N S O L A T I O N,31,45,76,40.8
I N S O L E N T,78,132,210,37.1
I N T E R B A N K,2,11,13,15.4
I NM O R T A L E S,2,1,3,66.7
I Nothing I,257,185,442,58.1
I O BLOCK I,4,4,8,50.0
I OLD MONEY I,3,2,5,60.0
I Olds Gods I,2,0,2,100.0
I Only Collect,0,1,1,0.0
I PARADIGM I,7,41,48,14.6
I Paradise I,105,48,153,68.6
I REVENGE I,43,119,162,26.5
I Ready I,0,2,2,0.0
I SOLID,3,4,7,42.9
I SWEAR I HIT IT,0,9,9,0.0
I Salamander I,0,1,1,0.0
I T-4 I,0,9,9,0.0
I Take Care I,1,1,2,50.0
I The God Hand I,7,6,13,53.8
I TheSect I,3,6,9,33.3
I Think So,34,68,102,33.3
I V E N U M I,2,11,13,15.4
I Warriors Company I,61,109,170,35.9
I Winx Club I,1,4,5,20.0
I empty,0,1,1,0.0
I---GatardoRecords---I,1,2,3,33.3
I-N-V-I-C-T-U-S,0,2,2,0.0
I-Phoenix-I,0,1,1,0.0
ICE Enforcement,0,1,1,0.0
IDEMASIADOSI,1,9,10,10.0
IDark-DragonsI,17,39,56,30.4
IDpsKidsIrl,0,1,1,0.0
IEEE,1,2,3,33.3
IExodus,2,21,23,8.7
IFireForceI,33,54,87,37.9
IFures,289,213,502,57.6
IG2I,25,51,76,32.9
IGNIGHT SA,0,1,1,0.0
IGNIS MORTUM,0,1,1,0.0
IGUANO POWER,1,3,4,25.0
II CAPMAT II,0,5,5,0.0
II Genesis II,11,8,19,57.9
II HunT II,1,3,4,25.0
II INMORTALITY II,12,11,23,52.2
II OUIJA II,1,2,3,33.3
II W A R R I O R S II,7,12,19,36.8
IIFures,121,113,234,51.7
IIHail HydraII,0,1,1,0.0
III DISTRITO ROJO IIII,0,7,7,0.0
III HASHTAG III,18,34,52,34.6
IIMENTALII,3,6,9,33.3
IImperial Army,1,5,6,16.7
ILHA EPSTEIN,1,8,9,11.1
ILLICIT HOMMIES,1,6,7,14.3
ILOKINGDON,0,2,2,0.0
ILONELY,9,1,10,90.0
ILUMIPAPUS,0,5,5,0.0
IMORTAIS ACADEMY,42,133,175,24.0
IMPERIATUS,0,4,4,0.0
IMPERIO ALEMAN,4,11,15,26.7
IMPERIO DE MYNOGHRA,16,30,46,34.8
IMPERIO MAKUS,180,100,280,64.3
IMPERIO REPORT,2,19,21,9.5
IMPERIO ROMAN0,0,9,9,0.0
IMPERIO SCAMN,0,1,1,0.0
IMPERIO VENEZUELA,2,10,12,16.7
IMPERIVM ONLINE,0,9,9,0.0
IMPOSTO FUNERARIO,19,25,44,43.2
IMarshalI,1,1,2,50.0
IN MOR TAL,13,27,40,32.5
IN UR BACKKK,1,0,1,100.0
INDECOPI,61,35,96,63.5
INDOM4BLE,22,8,30,73.3
INDOMABLES CUBA,2,7,9,22.2
INDOMITABLE LEGION,4,69,73,5.5
INFAMAS,1,1,2,50.0
INFINITY_BR,1,2,3,33.3
INICIATYVE,1,0,1,100.0
INKA EMPIRE,1,4,5,20.0
INLUX,0,2,2,0.0
INNOCENT KILLERS,1,3,4,25.0
INQUISICION420,0,1,1,0.0
INTERDITS,2,2,4,50.0
INTI PAQ INTI,0,1,1,0.0
INVADERS GG,12,65,77,15.6
INVICTOS VORAZES,10,31,41,24.4
INVICTUS CORE,0,2,2,0.0
IP ABUSERs,0,1,1,0.0
IPANDAi Caerleon,0,5,5,0.0
IPaniC,39,69,108,36.1
IRMANDADE DOS RENEGADOS,11,41,52,21.2
IRMAOS SHELBY,1,0,1,100.0
IRON-THRONE,1,5,6,16.7
IRONFIST-LEGION,0,2,2,0.0
IS MY STATIC,26,51,77,33.8
IS NOT MY STATIC,1,2,3,33.3
IT s ShoW TimE,99,152,251,39.4
IVEXI,23,39,62,37.1
Ice Canines,0,3,3,0.0
Ice Fort,17,29,46,37.0
IceWorldPlayers,1,2,3,33.3
Iceworld,0,2,2,0.0
If you like pina coladas,0,2,2,0.0
Iglesia,0,2,2,0.0
Ignum,80,58,138,58.0
Ilani,1,0,1,100.0
Ill Be In Your Mom,16,36,52,30.8
Illegibles,0,2,2,0.0
Illustrious 27,0,1,1,0.0
Immperator,0,1,1,0.0
Imperio Dos Anoes,3,1,4,75.0
Imperium Viss Ignis,7,17,24,29.2
Imsiduos,0,1,1,0.0
In Morte Libertas,3,9,12,25.0
Incas smurfs,1,2,3,33.3
Industrias Sougad SA,15,3,18,83.3
Infamees,0,4,4,0.0
Infan3,3,7,10,30.0
Infernal Black Legion,0,1,1,0.0
Infernal Tigers,0,1,1,0.0
Inferno Company,0,1,1,0.0
Infierno Supremo,1,0,1,100.0
InfinitY WarrioR,0,1,1,0.0
Infinite Astrolis,34,60,94,36.2
Infinity - INF,0,1,1,0.0
Infinity Fate,0,1,1,0.0
Infity force,2,9,11,18.2
Informals ravengers,0,2,2,0.0
Inglorium,6,36,42,14.3
InmortalesVNZ,1,4,5,20.0
Inquisidores De Las Deidades,0,1,1,0.0
Insane SquaD,0,1,1,0.0
Insane of Avalon V12,0,2,2,0.0
Insanes32,0,2,2,0.0
Insanity Br,0,3,3,0.0
Insanos Express,5,45,50,10.0
Insanos por PVE,73,137,210,34.8
Inspeccion de Billeteras,44,53,97,45.4
Instic,319,266,585,54.5
Instituto de Pescacion uWu,0,2,2,0.0
Intergalactic Space Hobos,0,2,2,0.0
Interrupted Signal,17,36,53,32.1
Invictus Galatas,0,5,5,0.0
Iran Team,1,4,5,20.0
Iranian Empire,0,8,8,0.0
Irelyths Dragon Knights,0,1,1,0.0
Irmandade FAWD,0,1,1,0.0
Irmandade das Sombras,0,1,1,0.0
Irmandade dos Magos,0,2,2,0.0
Iron Fist Order,0,2,2,0.0
Iron Reapers,0,7,7,0.0
Iron age,0,1,1,0.0
Iron-Warriors,0,2,2,0.0
Ironman-made,0,1,1,0.0
IsMyCastle,0,1,1,0.0
Ishimura Ghosts,0,2,2,0.0
Isla Banana,0,1,1,0.0
Island Dragon,2,54,56,3.6
It Takes Time,0,1,1,0.0
Its Just a JOKE,0,2,2,0.0
Its Time,3,6,9,33.3
J HCE J,0,1,1,0.0
J O N T E X,1,5,6,16.7
J0KER s,0,2,2,0.0
JADE WOLF,0,3,3,0.0
JAEGERS-SAT,0,1,1,0.0
JAMAICA,18,17,35,51.4
JARCHKJEada sab,0,1,1,0.0
JFures,8,7,15,53.3
JJMonkys,1,3,4,25.0
JN_Hunter,0,1,1,0.0
JOKERS-FAMILY,0,1,1,0.0
JOKERSPRANKS,5,7,12,41.7
JOKING with MONEY2,0,2,2,0.0
JOMSVIK1NGS,9,11,20,45.0
JORNALEROS_DE_LA_PENUMBRA,1,1,2,50.0
Jacobs,2,7,9,22.2
Jaguar House,0,1,1,0.0
Jardim Do Sol,5,32,37,13.5
Javalis de Merlin,0,3,3,0.0
Jester Life,0,2,2,0.0
Jesters Pair A Dice,2,11,13,15.4
Jinxxs Garden,0,2,2,0.0
Joint Custody,0,1,1,0.0
Jonhnie Walker,5,6,11,45.5
Jorge REBORN,1,2,3,33.3
Jorge el curioso,8,36,44,18.2
JoshBank,0,1,1,0.0
Juan Pies,1,0,1,100.0
Jupiter na Lua,0,1,1,0.0
Juramento De Los Caidos,0,1,1,0.0
Juramento do Eclipse,0,3,3,0.0
Jusin,0,1,1,0.0
Just Drop4,301,134,435,69.2
Just_chill_to_start,12,7,19,63.2
K 4 FN,14,18,32,43.8
K A R A N T I N-19,0,2,2,0.0
K O D O K U,3,13,16,18.8
K PA MI XAN,0,12,12,0.0
K R Y T H A,7,7,14,50.0
K a t t e g a t,1,5,6,16.7
K-O-Z-A-R-K,1,3,4,25.0
K-Pangas,4,21,25,16.0
K0HTEHT,0,1,1,0.0
K1llZ0N3,4,14,18,22.2
K1nngs,1,1,2,50.0
K4BARE,0,1,1,0.0
KAER MORHEN CASTLE,1,0,1,100.0
KALGARALAND,2,0,2,100.0
KAMOTE VAPERS,28,11,39,71.8
KARABURMA,3,6,9,33.3
KARTEL DE TIKTOK,0,1,1,0.0
KBRA,1,7,8,12.5
KBforcex2,1,2,3,33.3
KDA-ALL OUT,6,22,28,21.4
KILL BILLL,1,0,1,100.0
KILL--LOOT-PROFIT,1,0,1,100.0
KING MAIN,1,0,1,100.0
KING MANE,35,92,127,27.6
KINGDOM OF FARLANDS,5,35,40,12.5
KINGS OF DRAGON,1,1,2,50.0
KIRITOXD,0,3,3,0.0
KISS KISS,0,1,1,0.0
KLAN69,0,1,1,0.0
KLInGG,8,38,46,17.4
KM KINGMAN,1,2,3,33.3
KNIGHTS OF BRIDGE,99,117,216,45.8
KNIGHTS OF HONOR BR,1,1,2,50.0
KOALATION,0,2,2,0.0
KOKEKOS,0,2,2,0.0
KON TAC TO,48,61,109,44.0
KOOPA-TROOPA,2,2,4,50.0
KR SEED,93,112,205,45.4
KR Sangre x Sangre,3,15,18,16.7
KULDAUN,55,38,93,59.1
KURO-S H3LL,22,38,60,36.7
KUROHANA ATHENAS,1,0,1,100.0
KYOTO_BR,0,1,1,0.0
KYUDO,0,1,1,0.0
KZ _ARMY,0,2,2,0.0
Kalacas Shidass,9,26,35,25.7
Kalymdor,0,1,1,0.0
KameLord,0,1,1,0.0
Kamikaze0_0,1,4,5,20.0
Kaserio,3,16,19,15.8
Katteggat,1,0,1,100.0
Katza,0,1,1,0.0
KchaPoshos,1,2,3,33.3
Kedoin,9,16,25,36.0
KeepMow,0,4,4,0.0
Keepers of the Quagmire,35,40,75,46.7
Keepers of the Unknown,0,13,13,0.0
Kerosene,1,0,1,100.0
Keybump,192,163,355,54.1
Kharazam,0,1,1,0.0
Kickass Drunken Legends,0,2,2,0.0
Kill Die Revive,0,2,2,0.0
Kill Or Be Kill3d,15,40,55,27.3
KillSquad,20,48,68,29.4
Killer knights,2,2,4,50.0
Killers Kawais,7,18,25,28.0
Killerskinners,0,3,3,0.0
Kills hunters,0,2,2,0.0
King Gorillas,0,1,1,0.0
King Spear,1,1,2,50.0
King Surf,13,16,29,44.8
Kingdom Fury,6,10,16,37.5
Kingdom of Swadia,0,2,2,0.0
Kings Abalorianos,0,1,1,0.0
Kinigth,0,3,3,0.0
Kittens of Sterling,0,2,2,0.0
Kitty Killers,7,26,33,21.2
Knight Blood,0,1,1,0.0
Knight Lonely,0,1,1,0.0
KnightNight,1,0,1,100.0
Knights And Chivalry,0,1,1,0.0
Knights Of Monkey,1,2,3,33.3
Knights of Arcana,0,2,2,0.0
Knights of Empire,1,15,16,6.2
Knights of Grace,0,1,1,0.0
KnightsHaven,0,2,2,0.0
Knights_of_ blood,2,1,3,66.7
Knights_of_Bloods,0,4,4,0.0
Knigths of Dark,2,9,11,18.2
Knigths_BroTherHood,2,1,3,66.7
Kokiri Warriors,0,3,3,0.0
Kool Aids,0,1,1,0.0
Kraizen_Gaming,0,1,1,0.0
Kraken Jokes,0,1,1,0.0
Kronos Ascendens Judex,23,2,25,92.0
Krozakov,77,139,216,35.6
Kunlun Jade Qingjing,0,2,2,0.0
KyroPanas,0,2,2,0.0
L 0 B O S,8,24,32,25.0
L A S T - H U N T,6,9,15,40.0
L A S T W O R D S,48,54,102,47.1
L Casterly Rock K,2,9,11,18.2
L E G E N D A R I O S,35,63,98,35.7
L E G I O N - N O C T U R N A,0,3,3,0.0
L E Y W I N S,4,6,10,40.0
L I N U X,7,22,29,24.1
L I O N H E A R T,8,25,33,24.2
L U N A T I C S,1,1,2,50.0
L U S I T A N I A,23,58,81,28.4
L y r i c,0,1,1,0.0
L--A--G,1,7,8,12.5
L0PEZ,1,2,3,33.3
L0S Huerfanitos,0,1,1,0.0
L0S TILINES FREEMAN,3,2,5,60.0
L4 Banda del Halcon,0,1,1,0.0
L4 LUJUR1A DE TU T10 El N3gR0,6,6,12,50.0
L4 SECTA,12,42,54,22.2
L4NCELOT,0,19,19,0.0
LA BICH0TA,0,1,1,0.0
LA CHICHA DE TU VIDA,0,3,3,0.0
LA CHUCHA DE SU MADRE,0,1,1,0.0
LA CORTE DEL REY,3,7,10,30.0
LA CRUZ DE ADAMANTIUM NEGRO,5,9,14,35.7
LA CRUZADA DE LOS MONOS,0,2,2,0.0
LA DOBLE K,0,2,2,0.0
LA ELITE X,0,1,1,0.0
LA ESTRELLA OSCURA,0,5,5,0.0
LA GANGA DEL CRAFTEO,1,18,19,5.3
LA GANGA MAMACUL0S,0,1,1,0.0
LA GRAN_TUMBA_DE_NAZARICk,0,1,1,0.0
LA HORDEN DE LA SOBRAS,0,1,1,0.0
LA Lame De Braise,0,16,16,0.0
LA MAFIA BRASILENA,0,8,8,0.0
LA MALDAD DE CAMINOS,2,1,3,66.7
LA MARCA DEL EXILIO,2,4,6,33.3
LA NEGRONETA,0,1,1,0.0
LA ORDEN AVALONIANA,0,1,1,0.0
LA ORDEN DE LUZ,0,1,1,0.0
LA ORDEN DEL SAGRADO ROSTRO,8,47,55,14.5
LA TABERNA DEL TROLL,4,7,11,36.4
LABANDADELHACHA,0,1,1,0.0
LABORIOGRANADOS,1,0,1,100.0
LADINOS,3,16,19,15.8
LAFCKGANG,1,0,1,100.0
LAGBIOON,0,1,1,0.0
LAGS YOU,2,4,6,33.3
LALAAAA,0,1,1,0.0
LAMBDA PROTOCOL,0,2,2,0.0
LAPLUZAM,8,1,9,88.9
LAS CANDYS,1,1,2,50.0
LAS ESTRELLITAS DEL MAL,1,4,5,20.0
LAST INFERNUM,1,0,1,100.0
LAST SHIFT,17,18,35,48.6
LAST TlME,7,4,11,63.6
LAST WARNlNG,0,1,1,0.0
LATAM-LYM,0,1,1,0.0
LATIN RACE,22,70,92,23.9
LATIN WOLFS 999ms,3,7,10,30.0
LA_COMUNIDAD_DEL_ANILLO,1,3,4,25.0
LA_GANGA,0,9,9,0.0
LA_ORDEN_DEL_OLIMPO_FS,1,3,4,25.0
LE SSERAF1M,50,27,77,64.9
LEARN OR DIE,0,1,1,0.0
LEBENNIN,0,1,1,0.0
LEGADO DE FENRIR,2,34,36,5.6
LEGEND OF RONIN,0,2,2,0.0
LEGENDARY PEGASES,1,3,4,25.0
LEGENDARY1001,1,1,2,50.0
LEGIIAO,0,5,5,0.0
LEGION CHOMBETA,0,3,3,0.0
LEGION CUY,20,33,53,37.7
LEGION GR 300,4,24,28,14.3
LEGION MIGAJAS,2,5,7,28.6
LEGION MORFEO,0,1,1,0.0
LEGION REZAGADOS,0,1,1,0.0
LEGION ZER0,0,8,8,0.0
LEGION--POCHO,1,10,11,9.1
LEGION_ FANTASMA,0,1,1,0.0
LEGION_DEL_FENIX,20,70,90,22.2
LEONES1z3,0,2,2,0.0
LETAL_HUNTERS,0,11,11,0.0
LEVELEANDO SOLOS,22,36,58,37.9
LEYENDAS DE ALBION,3,5,8,37.5
LIDER 07,1,0,1,100.0
LIDZ,0,8,8,0.0
LIFE AND HONOR,52,88,140,37.1
LIFE IN CAMLANN,11,9,20,55.0
LIONS REBELION,2,6,8,25.0
LIOZKIRO,6,13,19,31.6
LJ_POWERFUL_LJ,0,1,1,0.0
LLetzte SSonne,1,0,1,100.0
LM OFICIAL,0,2,2,0.0
LOA MATA CAPIBARAS,2,5,7,28.6
LOBOS DEL HIELO,1,5,6,16.7
LOOOT HCE,0,1,1,0.0
LOQUITOS_PVP,0,1,1,0.0
LORDS DAEDRAS,4,6,10,40.0
LORDS DARKINS,0,1,1,0.0
LOS AMANTES DE TU MADRE,0,2,2,0.0
LOS AMANTES DE TU PRIMA,0,1,1,0.0
LOS ANTIPROFIT,0,3,3,0.0
LOS ASIN PRELERS,0,1,1,0.0
LOS BOLAS ROJAS,1,2,3,33.3
LOS CABALLEROS REALES,1,6,7,14.3
LOS CAMINANTES ROJOS,1,9,10,10.0
LOS CHASQUIS,4,18,22,18.2
LOS COCS,7,6,13,53.8
LOS COMERCIANTES DE TEMU,1,0,1,100.0
LOS COMPADR3S,0,4,4,0.0
LOS CUNUMIS,1,8,9,11.1
LOS ESCLAVOS DE VALKI,0,1,1,0.0
LOS ESPARTANOS REALES,1,0,1,100.0
LOS FTTA ROYAL,4,3,7,57.1
LOS FUMETAS ATACAN 420,0,4,4,0.0
LOS GUERREROS OSCUROS 410,0,1,1,0.0
LOS GUEVO GRANDE,1,11,12,8.3
LOS HIJOS DE LA VIUDA,1,0,1,100.0
LOS HOMBRES DE NEGROS,1,0,1,100.0
LOS INCAS EL IMPERIO DEL SOL,1,6,7,14.3
LOS INFERNAIS,2,6,8,25.0
LOS KASIQUES,0,2,2,0.0
LOS KRAKEN,0,4,4,0.0
LOS MAKUSHI,0,8,8,0.0
LOS MATROSOS,9,11,20,45.0
LOS MIAU,0,2,2,0.0
LOS MIGAJEROS,0,1,1,0.0
LOS PILARES DE LA FAMA,7,20,27,25.9
LOS PRIMOS FC,2,4,6,33.3
LOS ROMPEDISCOTEK,7,8,15,46.7
LOS SAJONES,0,1,1,0.0
LOS SIERVOS DE LA MUERTE,20,50,70,28.6
LOS TEMPLARIOS IRATASI,0,2,2,0.0
LOS TILINES DORADOS,2,4,6,33.3
LOS TULA RIKA,0,1,1,0.0
LOS WAZINES,1,16,17,5.9
LOS WAZONES,0,2,2,0.0
LOS YAGUARETE,0,15,15,0.0
LOS ZOPILOTES,0,1,1,0.0
LOS-CABALLEROS-TEMPLARIOSS,0,4,4,0.0
LOS-GATITOS,1,2,3,33.3
LOS-ROSACRUSES,2,5,7,28.6
LOS-_-PINGUINOS,0,3,3,0.0
LOSALBIONISTAS,0,1,1,0.0
LOSCAZAFANTASMAS 2,0,3,3,0.0
LOSDIBUJITOS,3,2,5,60.0
LOSPEDOFILOS,0,1,1,0.0
LOST-BRASIL,6,35,41,14.6
LOS_BRO777,0,3,3,0.0
LOS_GALGAROS,1,3,4,25.0
LOS_MISIONEROS,2,11,13,15.4
LOS_SIMPSON,0,1,1,0.0
LOS_Yakuzas,13,22,35,37.1
LOTHLORIEN KNIGHTS,0,2,2,0.0
LOTO NEGR0,44,25,69,63.8
LOUCADEMIA GANKER,1,7,8,12.5
LOYAL TO LYMHURST UNTIL DEATH,3,14,17,17.6
LOZ_CRUZANTAZ,0,2,2,0.0
LOkOO,23,34,57,40.4
LTIMO AMANECER,0,2,2,0.0
LUISJOHANYT,17,9,26,65.4
LVL30,1,8,9,11.1
LYMHURSTS CHAMPIONS,0,2,2,0.0
La Armada del Trono Negro,0,1,1,0.0
La Banda De Los Kamikazes,12,21,33,36.4
La Brigada,0,2,2,0.0
La Chopofamilia,1,0,1,100.0
La Comarca- Br Arg,0,1,1,0.0
La Comunidad Del AniIIo,0,1,1,0.0
La Corte Del Bufon - P,1,0,1,100.0
La Cota905,1,1,2,50.0
La Cruzada Carmesi,1,1,2,50.0
La Escuelita de Albion,9,37,46,19.6
La Federacion Y,77,94,171,45.0
La Furia de Midgard,53,78,131,40.5
La Gran Inquisicion,0,1,1,0.0
La Grompo Team,0,3,3,0.0
La Guardia del Templo,3,3,6,50.0
La Guarida del Joker,34,61,95,35.8
La Herejia de las Sombras,1,8,9,11.1
La Hermandad Femboy,0,3,3,0.0
La Hermandad de Cuys,0,1,1,0.0
La Hermandad de los Grifos,0,1,1,0.0
La Hermandad del Espresso,9,16,25,36.0
La Joya del Pacifico,0,2,2,0.0
La Legion Del Aguila,0,1,1,0.0
La Liga Resiliente,0,6,6,0.0
La Madrigayra,20,42,62,32.3
La Mafia de los Sin Techo,0,3,3,0.0
La Marron Gang,0,1,1,0.0
La Nopalera,5,28,33,15.2
La Orden De Lancelot,0,1,1,0.0
La Orden Del Musgo II,0,2,2,0.0
La Orden Psijic,0,1,1,0.0
La Orden de Escarcha,2,2,4,50.0
La Orden de los Istaris,0,1,1,0.0
La Orden del Fenix Gris,0,1,1,0.0
La Orden99,1,1,2,50.0
La Perla Negra JW,0,2,2,0.0
La Pl3bada,7,7,14,50.0
La Pochiza de Lymhurst,0,1,1,0.0
La Republica De Jack,0,3,3,0.0
La RevelionLx,13,24,37,35.1
La Santa Legion del Cuy,0,1,1,0.0
La Senda,0,1,1,0.0
La Silk Road,0,1,1,0.0
La Soberana Orden de Malta,2,7,9,22.2
La Tribu ELAM,0,2,2,0.0
La Tropa de Trooper,1,2,3,33.3
La Vallee Du Nord,0,2,2,0.0
La Vaquita Saturnita,1,0,1,100.0
La banda del Hacha,0,2,2,0.0
La casa de goku,2,2,4,50.0
La casa del novato,1,1,2,50.0
La guardia de Tyrael,0,2,2,0.0
La legion farm_R32,0,2,2,0.0
La mula embotellada,9,27,36,25.0
La panza de Oguri,1,1,2,50.0
La ruta de la seda,2,4,6,33.3
La secte du Coq,1,3,4,25.0
La sombra de Godzidios,1,3,4,25.0
La-Huerta,0,3,3,0.0
LaGuarderiaDeHerculons,8,0,8,100.0
La_Gran tumba de_Nazarick,1,0,1,100.0
La_Gran_Tumba_de_Nazarick_1,0,2,2,0.0
Lar da Vaca,1,19,20,5.0
Las Baddies,0,1,1,0.0
Las Cabras,7,27,34,20.6
Las Frutitas,1,3,4,25.0
Las Liebres de Rhosgobel,0,1,1,0.0
Las Prras,2,6,8,25.0
Las Sombras Errantes,0,1,1,0.0
Last Bench,38,54,92,41.3
Last Bober Dance,47,100,147,32.0
Last Darkness,3,4,7,42.9
Last Dead,2,21,23,8.7
Last Journey,0,2,2,0.0
Last Team,1,1,2,50.0
Last Templar,3,2,5,60.0
Last-One,1,27,28,3.6
Last-Pass,28,38,66,42.4
LatinKarma,3,4,7,42.9
LatinWarriors,71,74,145,49.0
Latinos de Orion,3,35,38,7.9
Latinos01,0,1,1,0.0
Laughing-Coffinn,6,46,52,11.5
Laughing-Coffyn,1,0,1,100.0
Lazamgutsmile,4,1,5,80.0
Le Fetit,2,8,10,20.0
Le Gungnir,0,1,1,0.0
League Of Depths,4,11,15,26.7
League of Albion,0,1,1,0.0
League of Legends VIII,0,1,1,0.0
LeagueOfPlatanos,0,1,1,0.0
Leal Fortaleza O_o,1,10,11,9.1
Leckeres Essen,9,10,19,47.4
Legacy Corporation,120,138,258,46.5
Legacy of Antheia,0,3,3,0.0
Legendarios LATAM,1,15,16,6.2
LegendariospartanoS,0,4,4,0.0
Legendrios,0,1,1,0.0
Legends Of Fallen,0,1,1,0.0
LegendsOfCaosZ,0,5,5,0.0
Legiao do Sol Eterno,1,0,1,100.0
Legiaoreal,0,1,1,0.0
Legio Fulminis,26,90,116,22.4
Legion Ainz,1,3,4,25.0
Legion Brocoli,40,72,112,35.7
Legion Celestial,8,32,40,20.0
Legion Cuero,0,2,2,0.0
Legion Dark Night,0,2,2,0.0
Legion De Patos,1,1,2,50.0
Legion Del Orden Y El Caos,7,28,35,20.0
Legion Hispanica,0,2,2,0.0
Legion Indigena,1,1,2,50.0
Legion Mugiwara-Clan,0,2,2,0.0
Legion No Fear,0,3,3,0.0
Legion Of Farmers,4,12,16,25.0
Legion Pochos,7,11,18,38.9
Legion Radiante,1,1,2,50.0
Legion Rata,0,1,1,0.0
Legion Tendida,0,1,1,0.0
Legion de las Aguila,0,9,9,0.0
Legion of shadowss,2,6,8,25.0
Legion-Fenix,0,2,2,0.0
LegionOfOne,16,77,93,17.2
LegionOfTheShadows,0,2,2,0.0
LegionSpartan,0,1,1,0.0
Legion_Martlock,10,47,57,17.5
Legionaries of War,0,2,2,0.0
Legionarios de Fonsi,0,2,2,0.0
Legionarios-Del-Tocino,1,8,9,11.1
LegiondeNoobs,4,17,21,19.0
Legions of Knights,0,4,4,0.0
Leguminosidade,0,1,1,0.0
LeinadFer,0,3,3,0.0
Lendarios BR,1,19,20,5.0
Leon D Juda,0,3,3,0.0
Les Chevaliers de la Flame,0,2,2,0.0
Les Kassos,8,8,16,50.0
Les Licornes Francobelgeoises,0,1,1,0.0
Les Militaires Sans Frontieres,0,5,5,0.0
Les Protecteurs Des Chats,0,2,2,0.0
Les Tabarnak Du Nord,4,5,9,44.4
Les hommes de Sparte,4,12,16,25.0
Les mercenaires de albion,0,2,2,0.0
Let Me Gamble,15,7,22,68.2
Lethal Farmers,5,16,21,23.8
Lethal Warri0rs,229,163,392,58.4
LettosCompany,0,2,2,0.0
LevelOfTheGOd,1,17,18,5.6
Level_online,0,1,1,0.0
Leveling 01,0,3,3,0.0
Leyax,0,1,1,0.0
LiFe BRiNGeRS,1,1,2,50.0
LierAndSnake,4,5,9,44.4
Life is game,120,176,296,40.5
Life is game II,5,15,20,25.0
Liga Del Sur,2,3,5,40.0
Liga da Sombra,0,1,1,0.0
Liga de Legendas,24,45,69,34.8
Lil Coronas,0,3,3,0.0
Lil Shadow,0,1,1,0.0
Lilith house,1,0,1,100.0
Lime Tree,2,0,2,100.0
Limpa a Call,1,1,2,50.0
LinajeOscuro,2,3,5,40.0
Linhir,19,71,90,21.1
Lion of spirit,9,0,9,100.0
LionGate,1,0,1,100.0
Lion_Knights,0,2,2,0.0
Lions are great,0,1,1,0.0
Liquid Snake,0,1,1,0.0
LittleGankers,8,36,44,18.2
Livempire Games,12,6,18,66.7
Livertiparty,0,11,11,0.0
Lives Knight,1,0,1,100.0
Living Legend,42,38,80,52.5
LivingDead,1,1,2,50.0
Lixeiros Do Pvp,1,1,2,50.0
Llamas en Pijamas,3,22,25,12.0
Llamitas Su Su sum,91,68,159,57.2
Lluta Esports,3,4,7,42.9
LoboSolitario23,0,1,1,0.0
Lobos Dourados da Noite,4,4,8,50.0
Lobster Inc,0,12,12,0.0
Lomito solitario,0,2,2,0.0
Lone Shadows,11,2,13,84.6
LonelyWolves777,1,1,2,50.0
Loot or Lead,0,1,1,0.0
Loot or Let Die,3,31,34,8.8
Lord Of Loot,6,21,27,22.2
Lord of ghosts,1,2,3,33.3
Lords Of The Hunt,0,1,1,0.0
LordsBog,0,2,2,0.0
LoremIpsum,1,3,4,25.0
Los 0cupas,49,89,138,35.5
Los Albailes,2,0,2,100.0
Los Altomayo,0,1,1,0.0
Los Bayardigans,0,1,1,0.0
Los BrOderSs,0,1,1,0.0
Los Bronzas,1,2,3,33.3
Los Burritos del Sol,1,1,2,50.0
Los Caballeros Del Oni-Chan,61,106,167,36.5
Los Caballeros de Hurin,0,1,1,0.0
Los Caballeros de la nobleza,0,1,1,0.0
Los Caballeros del Lirio,0,1,1,0.0
Los Capis,0,1,1,0.0
Los Caramelitos,0,1,1,0.0
Los Celestiales,1,1,2,50.0
Los Chuchi,5,6,11,45.5
Los Compa Nochas,0,1,1,0.0
Los Corkones,0,1,1,0.0
Los DeMenTes,0,12,12,0.0
Los Dusk Raiders,0,1,1,0.0
Los Elegidos Por Jesus,23,28,51,45.1
Los Enanos de Erebor,2,7,9,22.2
Los Ermanoss,1,2,3,33.3
Los Esclavistas,0,1,1,0.0
Los Escudos de Huitzilopochtli,0,2,2,0.0
Los Exilia2,0,1,1,0.0
Los Faloperos,14,16,30,46.7
Los Farmers letales,0,2,2,0.0
Los Farmsas,1,0,1,100.0
Los Gladiadores,2,2,4,50.0
Los Guerreros del Pasado,0,6,6,0.0
Los Hermanos Calientes,0,1,1,0.0
Los Hermanos Pollos,2,6,8,25.0
Los Hijos de Ares,0,9,9,0.0
Los Hijos de Avalon,2,30,32,6.2
Los Hijos de Tyr,0,3,3,0.0
Los Hijos del Exilio,0,7,7,0.0
Los Jibaros,9,39,48,18.8
Los Jordans,0,2,2,0.0
Los LCD,0,1,1,0.0
Los Malditos Siete,1,4,5,20.0
Los Malditos del Albion,1,2,3,33.3
Los Mama Toto,1,1,2,50.0
Los Mamiferos Invertebrados,2,2,4,50.0
Los Memoriosos,27,19,46,58.7
Los Michi Fumetas,0,2,2,0.0
Los Milanesas,2,2,4,50.0
Los Monkys Locos,5,20,25,20.0
Los Namekianos,3,3,6,50.0
Los Narcisistas,95,110,205,46.3
Los Ogros Rojos,0,1,1,0.0
Los Osos de Albion,1,12,13,7.7
Los P1ng0nes del Norte,0,2,2,0.0
Los POCHOcloss,57,136,193,29.5
Los Pachulines,1,1,2,50.0
Los PaltePantis,2,1,3,66.7
Los Peaky Grinders,1,3,4,25.0
Los Peores Saqueadores,3,8,11,27.3
Los Perilleros,5,18,23,21.7
Los Pichula del Mamani,0,1,1,0.0
Los Pilines,0,1,1,0.0
Los Pochitos de Taty,4,10,14,28.6
Los Pumas Negros 1,0,1,1,0.0
Los Purificadores De La Plebe,2,10,12,16.7
Los Regalados,0,1,1,0.0
Los Sin Build,0,2,2,0.0
Los Temprarios,0,1,1,0.0
Los Ultimos en Pie,1,0,1,100.0
Los Vacunadores,1,3,4,25.0
Los Valientes de Daviid,1,10,11,9.1
Los Zetas nueva generacion,0,1,1,0.0
Los buyminectors,0,1,1,0.0
Los choriplaneros ATR,1,0,1,100.0
Los darkyns,0,1,1,0.0
Los de PR,0,2,2,0.0
Los desterrados de la Angola,0,1,1,0.0
Los especiales,1,1,2,50.0
Los extraditables_HDM,0,1,1,0.0
Los herederos de Hierro,5,10,15,33.3
Los hijos del Sur,0,1,1,0.0
Los inmortales-01,0,1,1,0.0
Los mancos clan,2,13,15,13.3
Los menos letales,0,4,4,0.0
Los orcos,3,14,17,17.6
Los pitos,0,5,5,0.0
Los pochabis,1,8,9,11.1
Los sin retorno,7,4,11,63.6
Los tentculos,0,4,4,0.0
Los-Caballeros- Sagrados,0,2,2,0.0
Los-ChingaMadres,0,2,2,0.0
LosAutenticos,0,1,1,0.0
LosBBs,3,0,3,100.0
LosCuervos,0,5,5,0.0
LosDelta,0,2,2,0.0
LosEspartans,3,11,14,21.4
LosGorgonitas,0,1,1,0.0
LosHijos DelNopal,0,2,2,0.0
LosHijosDeLaLuna,2,4,6,33.3
LosMANdigeroS,0,6,6,0.0
LosMalcriados,2,31,33,6.1
LosMismosDeSiempre,10,18,28,35.7
LosNieris,0,4,4,0.0
LosTios,3,17,20,15.0
LosTorosNegros II,3,14,17,17.6
LosUltimosWendigos,1,3,4,25.0
LosZukulentos,3,0,3,100.0
Los_Jinetes_del_Apocalipsis,1,9,10,10.0
Los_Perros,0,2,2,0.0
Lost Bay Traders,3,2,5,60.0
LostS0uls,3,60,63,4.8
Loto Escondido,15,25,40,37.5
Loucos Por PVE,57,147,204,27.9
Lovelyz,1,2,3,33.3
Lovent my Albion,0,1,1,0.0
Lovers88,0,1,1,0.0
LoversSong,0,2,2,0.0
Loyalty Matters,100,59,159,62.9
Lua Azul,0,1,1,0.0
Luck Army,1,1,2,50.0
Luluzinhas Club,0,1,1,0.0
LumosMaxima,1,4,5,20.0
Lunae,0,8,8,0.0
Lunalunar,1,0,1,100.0
Lupo,0,1,1,0.0
Lux Immortalis,1,0,1,100.0
Luz de Ia noche,0,2,2,0.0
Lycani,0,8,8,0.0
LycorisRadiataa,45,83,128,35.2
Lymhurst Royal Academy,0,2,2,0.0
Lymhurst Royal Cavalry,0,1,1,0.0
Lymhurst Services,0,6,6,0.0
Lymhurst Tribe,5,22,27,18.5
LyonKing,0,1,1,0.0
Lyons of Lymhurst,1,6,7,14.3
M 0 R D O R,10,32,42,23.8
M 4 D,1,0,1,100.0
M A C A C A D A,0,1,1,0.0
M A C S,0,1,1,0.0
M A I D E N - L E S S,1,1,2,50.0
M A N D A T O R Y,77,150,227,33.9
M A N D R A G O R A,1,0,1,100.0
M A N I A C,33,47,80,41.2
M A N I F E S T O,18,13,31,58.1
M A V E R 1 C K,7,4,11,63.6
M D R,1,0,1,100.0
M E R M E L A D A,4,6,10,40.0
M E S S I A S,0,1,1,0.0
M E T E 0 R A,0,17,17,0.0
M E T H O T,1,1,2,50.0
M I N D,0,1,1,0.0
M I N D L E S S,4,3,7,57.1
M I S T W A L K E R S,1,4,5,20.0
M O N A S T E R I O,50,85,135,37.0
M O N O P O L Y,0,1,1,0.0
M O O N F A L L,0,2,2,0.0
M O S C A,2,10,12,16.7
M R T A,13,16,29,44.8
M U L A G A N K,0,1,1,0.0
M Y R M I D 0 N S,1,0,1,100.0
M Y S T R A L S,25,16,41,61.0
M i l h a r a l,2,7,9,22.2
M0NKEYS,0,1,1,0.0
M0RS,6,24,30,20.0
M0rn1nGstar,0,1,1,0.0
MACHADO CEGO,1,4,5,20.0
MAD LIONS LATAM,1,2,3,33.3
MAD _ DOG,4,21,25,16.0
MAFIA del SUR,0,1,1,0.0
MAGOS Y ZORRAS,7,7,14,50.0
MAJIN-BU,2,1,3,66.7
MAKEl,1,0,1,100.0
MALVADOS-Y-ASOCIADOS,0,1,1,0.0
MAMA DEL MATI LOVERS,1,0,1,100.0
MANGO BORN,1,15,16,6.2
MANIAC BEARS,111,120,231,48.1
MAQUILOCOS,0,1,1,0.0
MARANATA,0,5,5,0.0
MARCHA,0,1,1,0.0
MARMITARIA,3,0,3,100.0
MARTELO DE FORJJA,2,0,2,100.0
MARTLOCK F0RCES,1,0,1,100.0
MAS57,10,33,43,23.3
MASIVO,0,3,3,0.0
MASKEICOS,3,13,16,18.8
MASTER OF MISCHIEF,0,2,2,0.0
MASTURBANDAA,3,9,12,25.0
MATILHA CLT,0,4,4,0.0
MATILHA DOS LOBOS,0,2,2,0.0
MAZACRE,20,37,57,35.1
MDKs,5,4,9,55.6
ME VENG0ENTUFACE,0,2,2,0.0
MED1AN0S,2,1,3,66.7
MEDICO DO SUS,0,2,2,0.0
MEDIEVAL SHADOWS,31,72,103,30.1
MEMENTOMOR1,1,3,4,25.0
MENDINGOS DO AMANHA,5,12,17,29.4
MEPhohol,0,1,1,0.0
MERCADERES IMPERIALES,0,1,1,0.0
MERCATON,0,3,3,0.0
MESSISMO,0,2,2,0.0
MEVECH,34,47,81,42.0
MEXFORMINIOS,0,2,2,0.0
MG HiLL,0,2,2,0.0
MG-42,0,2,2,0.0
MGTOWS,0,7,7,0.0
MGfarm1,0,3,3,0.0
MIB MADE IN BRASIL,1,2,3,33.3
MICHI BROTHERHOOD,24,41,65,36.9
MIDDGARDD,0,3,3,0.0
MILLENIUM LOKOMOTIB,0,2,2,0.0
MINBYUNGGYU,0,2,2,0.0
MINISTERIO DA DISGRASSA,2,0,2,100.0
MINORIA,30,43,73,41.1
MINOTAUROS BR,3,5,8,37.5
MIRAME Y TE MUERES,5,12,17,29.4
MIRMIDONS77,1,3,4,25.0
MISTSO,8,15,23,34.8
MITAYERO,0,1,1,0.0
MInOs COMPANY,0,2,2,0.0
MLBD,3,2,5,60.0
MMAF-PVP,4,23,27,14.8
MMerchante,0,3,3,0.0
MOBILE GG,0,1,1,0.0
MODO GUERRA,2,4,6,33.3
MOIX,1,6,7,14.3
MOMERA GANG,0,1,1,0.0
MONARCAS SOMBRIOS,0,4,4,0.0
MONTALBAN,0,2,2,0.0
MOON WORSHIPERS,0,13,13,0.0
MOONLIT BLACK CATS ACADEMY,8,8,16,50.0
MORANGO-DO-AMOR,0,2,2,0.0
MORN1NGSTAR,2,6,8,25.0
MORVERA,0,3,3,0.0
MOSHi_MOSHi,5,33,38,13.2
MOTORHOME,14,12,26,53.8
MP THE BRINGERS OF DEATH,0,5,5,0.0
MR20,1,2,3,33.3
MS6,2,1,3,66.7
MTDN,0,2,2,0.0
MU3RTO DE HAMBRE,1,0,1,100.0
MUG MUGIWARAS,4,29,33,12.1
MUGROSOS,0,6,6,0.0
MUITO DURO,0,2,2,0.0
MUNAY,0,1,1,0.0
MURDEROUS_BUTCHERS,0,1,1,0.0
MUSHOKU NO TENSEI,1,0,1,100.0
MXS2,3,12,15,20.0
MY BAD - NO CRY,0,2,2,0.0
MYTHIC ORDER,0,1,1,0.0
MaDFK,1,4,5,20.0
Macaco do Coco,0,1,1,0.0
Macanosos,1,1,2,50.0
Maceio,1,2,3,33.3
Maceta Gang,0,1,1,0.0
Mach 1,8,6,14,57.1
Mad Misfit,1,0,1,100.0
Mad porqueno,0,1,1,0.0
Mad-Brothers,5,3,8,62.5
Made 1n China,1,1,2,50.0
Made in Cali Malo hablar,0,1,1,0.0
MadeIn987,1,5,6,16.7
MaestreCrew,0,1,1,0.0
Mafia 420,0,1,1,0.0
Mafia Del Calamar,1,1,2,50.0
Mafia Farmera,2,24,26,7.7
Mafia Latina,0,1,1,0.0
Mafia Rybna V2,6,7,13,46.2
Mafia Sindical,34,61,95,35.8
Magic Rampage,0,2,2,0.0
Magical Mystery Tour,4,27,31,12.9
Magna Horda del Templum,0,4,4,0.0
Magnus Ulf Ivar,0,1,1,0.0
Majoras Army,0,1,1,0.0
Make Albion Great Again,226,172,398,56.8
Make Albion Great Again II,97,99,196,49.5
Make Alblon Great Agaln,0,1,1,0.0
Make me cum great again,0,2,2,0.0
Makiavelo,0,3,3,0.0
Malag,0,1,1,0.0
MalioTamTam,11,6,17,64.7
Mambo Special Downbers,1,4,5,20.0
Mamma Mmia,0,7,7,0.0
Mammba Negra,0,3,3,0.0
MancosIncorporated,0,2,2,0.0
Mandalorianos de Chile,1,2,3,33.3
Manikomi0,1,0,1,100.0
Manito en alto,0,2,2,0.0
Mano de Acerro,1,4,5,20.0
Manto oscuro,0,4,4,0.0
Mantos Pretos,0,1,1,0.0
Mao de Elastico,144,65,209,68.9
Maracuya,0,3,3,0.0
Marca Sangrienta,4,9,13,30.8
Marg1nados,1,10,11,9.1
Marlock Watchful Company,1,6,7,14.3
Marmotas Mercenarias,21,22,43,48.8
Martelo Forte,11,49,60,18.3
MartinLutherMing,1,5,6,16.7
Martlock Mercs,0,4,4,0.0
Martlock Patrol,16,58,74,21.6
Martlockanos,14,36,50,28.0
Mas Respeto,10,14,24,41.7
Mascat Guild,0,1,1,0.0
Master Price,0,2,2,0.0
MasterBoys,1,0,1,100.0
MasterKills,0,1,1,0.0
MasterMC,0,2,2,0.0
Mata Bot,1,2,3,33.3
Maximals of Caerleon,4,6,10,40.0
Maximum Effort,286,113,399,71.7
Mayaz,0,2,2,0.0
Mazapan,22,10,32,68.8
McDonaIds,11,44,55,20.0
Me Agaln,8,0,8,100.0
MeT4LCorp,10,45,55,18.2
Medium,4,24,28,14.3
Medusa_Lair,0,6,6,0.0
Megatrones-MGT,1,4,5,20.0
Meiky Black Company,0,2,2,0.0
Melapelagornis,0,1,1,0.0
MelhorGestao,18,5,23,78.3
Memento Moria,2,1,3,66.7
Memyselfandhim,0,1,1,0.0
MengXinHuiSuo,0,1,1,0.0
MeowReborn,0,15,15,0.0
Meowsters,0,2,2,0.0
MercCorps,3,15,18,16.7
Merce 1,3,2,5,60.0
Mercenaries Order,1,15,16,6.2
Mercenario NoMercy,5,7,12,41.7
Mercenarios De Martlock,8,50,58,13.8
Mercenarios Sin oficio,3,5,8,37.5
Mercilessly Slayin,0,1,1,0.0
Mercy in Hell,0,1,1,0.0
Mesh masters,0,1,1,0.0
MetallomisochkA,0,1,1,0.0
Metalurgicos de Fort Sterling,0,1,1,0.0
Meth0D Reformed,0,3,3,0.0
Metiendo El Huevo,1,8,9,11.1
Mex Aztecas,0,7,7,0.0
Mi Banana en Pijama,4,19,23,17.4
Mi Hermanito Galactico,3,1,4,75.0
Mi Martillo En Tu Piedra,0,1,1,0.0
MiChIs EmBoTellAdOs,0,6,6,0.0
MiG on Top,0,1,1,0.0
MiXueBingChen,1,2,3,33.3
Mia khalita anti-gank,1,0,1,100.0
Miaulord,0,1,1,0.0
Michif,0,1,1,0.0
Midnight Alchemists,3,18,21,14.3
Midnight Club,0,1,1,0.0
Midnight Foes,0,2,2,0.0
Midnight Sons Eternals,0,5,5,0.0
Mighty Claws,17,21,38,44.7
Mikeh,10,10,20,50.0
Mil_frecuencias,0,1,1,0.0
Milfs in your area,0,4,4,0.0
Military Misfits,0,1,1,0.0
Milongas Plays,1,1,2,50.0
Mining Engineers,0,1,1,0.0
Minions do Pantano,5,2,7,71.4
Ministry Of Bandits,276,190,466,59.2
Mistery Of Galaxy,1,6,7,14.3
Mizo Pride,1,6,7,14.3
MlDAS,0,3,3,0.0
Mlegendari,0,1,1,0.0
MobileError,0,1,1,0.0
Mobility,3,4,7,42.9
Modo Chill,0,2,2,0.0
Moe Seekers,0,1,1,0.0
MommysFav,0,2,2,0.0
Monchitos,0,1,1,0.0
Mondragones,0,2,2,0.0
MoneyLovely,0,1,1,0.0
Monkeando la Back,1,1,2,50.0
Monkey Company,4,2,6,66.7
Monkey Factory,1,3,4,25.0
Monkey Leaders,18,19,37,48.6
Monkey Rats,1,1,2,50.0
MonkeyChapoYT,0,1,1,0.0
MonkeyPush,1,0,1,100.0
Monkeys Divers,0,5,5,0.0
Monkeys in Briefs,0,3,3,0.0
Monky Nigth,2,4,6,33.3
Mono Con Navaja,210,143,353,59.5
Monolithus BR,0,13,13,0.0
Monosos,0,1,1,0.0
Monstruos del Vacio,1,1,2,50.0
MontaPuerkas,0,1,1,0.0
Montaraces,0,17,17,0.0
Montaraces de Thetford,0,4,4,0.0
Monte de Alba,0,1,1,0.0
Moonbury,1,3,4,25.0
MorMonkeys,2,7,9,22.2
Morbid Grave,27,65,92,29.3
Morbidly_Obese,1,5,6,16.7
More GG boy,1,11,12,8.3
Morgana Outlanders,0,2,2,0.0
Morganitas,0,1,1,0.0
Morgninstar,0,1,1,0.0
Morgoroth,0,2,2,0.0
Morrendo na MIst,2,1,3,66.7
Mors Certa,19,62,81,23.5
Mors Certa Hora Incerta,0,2,2,0.0
Mortem Imperium,62,18,80,77.5
MortosVivos,0,1,1,0.0
Morzhum,0,4,4,0.0
MovimentoDireitaTravequeira,0,7,7,0.0
Movistar,0,1,1,0.0
Mst-Theford,1,2,3,33.3
MuerteATeemo,0,2,2,0.0
Mugiwara of Mictlan and Xolotl,0,4,4,0.0
Mula_Peo,0,1,1,0.0
Mulita Squad,0,2,2,0.0
MulitaSquad,2,7,9,22.2
Mundo Balca,2,13,15,13.3
Mundo Libre,1,0,1,100.0
Mundo guante,1,11,12,8.3
Municipalidad de Rio Turbio,3,15,18,16.7
Muralha Celestial,0,2,2,0.0
Murcielagos,0,3,3,0.0
Murder Silencer,2,1,3,66.7
Murythal Reine,0,9,9,0.0
Mushroom Cult,1,7,8,12.5
MushroomOverdose,4,17,21,19.0
MusicLovers,1,1,2,50.0
Mute Zone,60,78,138,43.5
My Punch Into Your Ugly Face,1,1,2,50.0
My-Bad,3,5,8,37.5
Mystic Avengers,8,18,26,30.8
Mystic Brigade,0,3,3,0.0
Mystic Brotherhood,0,1,1,0.0
Mystic Tecolothy,90,85,175,51.4
Mystnigh,1,0,1,100.0
Mythic Vanguard,24,61,85,28.2
Mythix,131,112,243,53.9
Myuri Mercenary Company,1,1,2,50.0
N 0 C R Y,3,0,3,100.0
N 0 X,0,5,5,0.0
N 1 G H T R A I D,0,1,1,0.0
N A G A S A K l,91,116,207,44.0
N A M 3 L E S S,74,152,226,32.7
N A N T A R,2,9,11,18.2
N E C R O P H Y M,1,5,6,16.7
N E S T O N,0,4,4,0.0
N E V A D A,25,56,81,30.9
N E X X U Z Z,0,4,4,0.0
N I E B l A,2,3,5,40.0
N I G H T C A L L L,7,8,15,46.7
N O C A P,0,1,1,0.0
N O R T H - S T A R,1,1,2,50.0
N O S F E R A T U S,0,2,2,0.0
N o m a d z,21,28,49,42.9
N0 FUTURE,2,8,10,20.0
N0 Game No Life,1,6,7,14.3
N0 MOLESTAR,4,4,8,50.0
N0 WAY HOME,0,8,8,0.0
N00b Stars,0,3,3,0.0
N0T HUMAN,132,79,211,62.6
N0TCH,10,20,30,33.3
N3xt Level,0,2,2,0.0
NAGARE,0,1,1,0.0
NAGARIS,2,11,13,15.4
NAL national albion league,1,12,13,7.7
NAM FRI FRULI,2,2,4,50.0
NANAQ JUCUMARI,0,10,10,0.0
NASARIksz,0,3,3,0.0
NAVAJA,9,25,34,26.5
NAVARONE,0,2,2,0.0
NDEs,1,0,1,100.0
NECRO DARK AND LIGHT,1,6,7,14.3
NEO-METAS,0,4,4,0.0
NEVER PROFIT,13,37,50,26.0
NEW G3N,40,47,87,46.0
NEW TIMES,3,9,12,25.0
NEXUS 4,1,2,3,33.3
NGRZ,0,2,2,0.0
NIFFLHEIM,18,38,56,32.1
NIGHT GU4RD,1,4,5,20.0
NIGHT RAIDER GM,0,2,2,0.0
NINJAS_RED,0,1,1,0.0
NIVIX,0,3,3,0.0
NIssin,0,2,2,0.0
NO BB NO LAILAI,1,0,1,100.0
NO GANK NO FUNNY,1,1,2,50.0
NO HOLDING,199,125,324,61.4
NO LOCK,10,18,28,35.7
NO TALENT,0,3,3,0.0
NOCHE de ALBION,0,6,6,0.0
NONA LEGIAO,2,7,9,22.2
NORDSTREAM,0,1,1,0.0
NOT-FOR-THE-WEAK,0,1,1,0.0
NOTHING-the-SHADOW,2,15,17,11.8
NRSKING,0,1,1,0.0
NSS WHITE WALKERS,0,1,1,0.0
NUEVA SANGRE LATINA,0,1,1,0.0
NUEVO ECLIPSE,0,1,1,0.0
NVL,0,1,1,0.0
NXBR,2,6,8,25.0
NYAC,18,59,77,23.4
Nach Deutschland,0,2,2,0.0
Nacidos para morir,3,3,6,50.0
Nacion PenDragon,0,10,10,0.0
Naciones Unidas,0,1,1,0.0
Nameless Brotherhood,0,1,1,0.0
Namorar Nao Da XP,0,2,2,0.0
Nananhoshi1,0,1,1,0.0
Narehate,5,6,11,45.5
Naturalist,0,2,2,0.0
Nazarick41,0,1,1,0.0
NeGhada-SA,1,2,3,33.3
Need silver for Porsche,2,4,6,33.3
Neft,0,1,1,0.0
Negocios a Parte,2,3,5,40.0
Negros Reales,0,2,2,0.0
Nekkand,3,15,18,16.7
Neko no Ikari,1,2,3,33.3
Nemesis Command,0,2,2,0.0
Nena y Los 77 Petes,4,5,9,44.4
NeoMustage,0,2,2,0.0
Nethlor,0,1,1,0.0
Never Get Bomb,2,0,2,100.0
Never Give Up Please,0,1,1,0.0
New Embassy,1,2,3,33.3
New Londo-Ruins,0,5,5,0.0
New Repub,4,5,9,44.4
New better beginning,0,7,7,0.0
NewMountMoon,3,3,6,50.0
NewYorkKarto,0,1,1,0.0
New_Horizon,50,55,105,47.6
Nexus,50,43,93,53.8
Neymar,0,2,2,0.0
Nictofilia,32,111,143,22.4
Nie Tryze,1,8,9,11.1
Night Avalon,1,2,3,33.3
Night Covenant,0,1,1,0.0
Night Unstable,0,1,1,0.0
Night of Depths,14,12,26,53.8
Night-Wolves,44,72,116,37.9
NightBr,0,2,2,0.0
NightHunterss,7,15,22,31.8
NightWolfsxxx,0,1,1,0.0
Nightfall Army,0,3,3,0.0
Nightmare of reapers,3,0,3,100.0
Nightshade feathers,1,6,7,14.3
Nigth Raid X,0,2,2,0.0
Nigth Red,0,24,24,0.0
NigthShift,2,17,19,10.5
Nihil Terminus,10,7,17,58.8
NinjaLooters,0,2,2,0.0
Nirvana Calling,70,51,121,57.9
No Bragging,0,2,2,0.0
No Considero Mala Leche,0,3,3,0.0
No Counterplay,0,1,1,0.0
No Fight No Profit,1,15,16,6.2
No Kill No Loot,0,1,1,0.0
No Life No De4th,2,8,10,20.0
No Lineales,7,10,17,41.2
No Mercy Zone,1,3,4,25.0
No Sensee,1,3,4,25.0
No Silver Only Honor,0,1,1,0.0
No Straight Roads,6,9,15,40.0
No vendo Trap,0,3,3,0.0
No-Fucking-Mercy,4,1,5,80.0
No-Respetamos,12,9,21,57.1
NoCry_BR,0,1,1,0.0
NoFreeThinkers,81,76,157,51.6
NoMeDeja,1,5,6,16.7
NoNameBandits,1,0,1,100.0
NoPieceOfShiet,0,2,2,0.0
NoSeat,0,1,1,0.0
NoSoyAlka,2,1,3,66.7
No_Sense,0,1,1,0.0
Nobres BR,0,1,1,0.0
Nomadic Sentinels,6,11,17,35.3
Nomads of the Mist,2,6,8,25.0
Noobi United,0,1,1,0.0
Noobs_at_Home,0,1,1,0.0
NordicHell,0,1,1,0.0
Normal y Tropical,6,8,14,42.9
NorrDskoll,2,6,8,25.0
North Blizzard Creed,0,8,8,0.0
North Karjala,1,2,3,33.3
Northfall,3,13,16,18.8
Nosfferathu,0,1,1,0.0
Not Safe For Work,2,3,5,40.0
Not so Stock,2,2,4,50.0
NotForgive,0,4,4,0.0
NotFures,8,3,11,72.7
NotGood,1,6,7,14.3
Nous7Familly,3,6,9,33.3
Nova Guild,0,1,1,0.0
Novus Imperium,1,9,10,10.0
Noxor,0,1,1,0.0
Nterozoldyck,0,2,2,0.0
Nueva Adelia,2,2,4,50.0
Nunca Mas,0,4,4,0.0
Nya OwO,0,1,1,0.0
Nyiajhmoob,2,1,3,66.7
Nyx2,0,2,2,0.0
NyxReign,3,5,8,37.5
O B L I G A T O R Y,1,1,2,50.0
O C A R T E L,0,2,2,0.0
O Caixao Sorridente,0,1,1,0.0
O GALO MATA,1,0,1,100.0
O Gank,1,3,4,25.0
O P P R E S S I O N,1,4,5,20.0
O RPG DE MESA,0,18,18,0.0
O Salseiro,0,1,1,0.0
O V N I,3,6,9,33.3
O Vale,2,16,18,11.1
O n e - P i e c e,0,1,1,0.0
O-NILES,0,6,6,0.0
O-U-T-L-A-N-D-E-R-S,16,13,29,55.2
OBLIVIOM,3,30,33,9.1
ODST - First In Hell,0,1,1,0.0
OFICINA DE BUXAS,0,1,1,0.0
OG BlackWater,21,17,38,55.3
OG GANK,0,1,1,0.0
OGTRADERS,0,8,8,0.0
OIIA OIIA,43,10,53,81.1
OLD CANNON,3,16,19,15.8
OLIMPO DE LOS DIOSES,1,8,9,11.1
OLIMPO GENTS,0,1,1,0.0
OLIVERIAN 2_0,5,9,14,35.7
OLYMPPO,0,1,1,0.0
OLYMPUSMX,1,2,3,33.3
ON PACE WAR,2,10,12,16.7
ONE FOR ALL T,1,1,2,50.0
ONE FORT,0,3,3,0.0
ONE PIX,0,1,1,0.0
ONE PUSH RUN,46,51,97,47.4
ONESRAMGUILD,1,0,1,100.0
ONI HYDRA,0,4,4,0.0
ONICHAN UWU,0,2,2,0.0
ONLY-F4NS,6,8,14,42.9
ONLYON,1,2,3,33.3
OO2,0,1,1,0.0
ORDEM DA LUA SOMBRIA,0,1,1,0.0
ORDEM DO ESCUDO,1,10,11,9.1
ORDEN ELFICO,1,5,6,16.7
ORE WA SHADOW GARDEN,0,6,6,0.0
ORESHNIK COMPANY,2,1,3,66.7
ORFANATO SAN JOSE,2,2,4,50.0
ORION PARADOX,6,3,9,66.7
OS BRANCOS,0,1,1,0.0
OS BUXA S,0,3,3,0.0
OS CORINGAS DO ALBION,12,15,27,44.4
OS DEUSES,0,1,1,0.0
OS MAMACOS,2,4,6,33.3
OS PATRIOTAS BR,0,1,1,0.0
OS PREVERSO,0,2,2,0.0
OSA-MAYOR,0,1,1,0.0
OSIIRIS,44,65,109,40.4
OSOS AUTISTAS,27,75,102,26.5
OSOS BLINDADOS DE SVALBARD,1,3,4,25.0
OSOS DEL INVIERNO,3,31,34,8.8
OUTLAW5,12,18,30,40.0
OUTSET,15,49,64,23.4
OVCE,0,1,1,0.0
OVER DISASTERS,39,53,92,42.4
OVERTREDER,1,0,1,100.0
OWN,0,1,1,0.0
OXIDIAN RP,0,1,1,0.0
Oasis Community,4,12,16,25.0
Oath Breaker,0,2,2,0.0
OathBreakerz,36,50,86,41.9
Oberflou,0,1,1,0.0
Obsidian Blades,31,51,82,37.8
Obsidianss,4,6,10,40.0
Of Fire And Blood,1,0,1,100.0
Of GLory,0,1,1,0.0
Official Collection Department,0,1,1,0.0
Oficoda Gang,15,39,54,27.8
OidMortales,0,3,3,0.0
Ojo de Alcon,0,12,12,0.0
Old Erra,0,2,2,0.0
Old M0ney,0,1,1,0.0
Old Order Women,0,1,1,0.0
Old_Family,0,2,2,0.0
Olds Hunters,0,1,1,0.0
OldsPapus,0,6,6,0.0
Omega Inferi,4,36,40,10.0
OnTeam Fortress,0,4,4,0.0
One For Albion,4,7,11,36.4
One Last Knight,0,5,5,0.0
One More Chance,0,1,1,0.0
One minute,1,6,7,14.3
One piece ghost,2,0,2,100.0
One-Day,138,131,269,51.3
One-Legion,4,2,6,66.7
OneOfUsIsInvis,2,12,14,14.3
OneWarrior,1,2,3,33.3
Onliners,5,7,12,41.7
Only F4ns,0,1,1,0.0
Only Strike,53,66,119,44.5
Only Treasures,2,6,8,25.0
Only2,0,1,1,0.0
OnlyChads,72,56,128,56.2
OnlyFame1,7,15,22,31.8
Onslaught,0,1,1,0.0
Onyxia Z,1,2,3,33.3
OpPaladins,0,1,1,0.0
OpeenBlack,1,4,5,20.0
Open-Fire,10,35,45,22.2
Operacao Troll,1,1,2,50.0
Ordem Aracnidea,8,21,29,27.6
Ordem Branca de ZARACK,0,3,3,0.0
Ordem Do Graal,0,2,2,0.0
Ordem Draconico,1,22,23,4.3
Ordem Jedi I,0,3,3,0.0
Ordem da Cupula,3,13,16,18.8
Ordem da Primeira Expedicao,3,2,5,60.0
Ordem de Bridgewatch,0,1,1,0.0
Ordem do Nada,2,0,2,100.0
Ordem do Pequizeiro,0,1,1,0.0
Ordem dos Cavaleiros de Cristo,2,22,24,8.3
Orden Del Loto Verde,7,6,13,53.8
Orden Del Temple MCXVIII,0,1,1,0.0
Orden Fall,0,1,1,0.0
Orden Hospitalaria,131,117,248,52.8
Orden Palomera,2,5,7,28.6
Orden de Lucifer,0,1,1,0.0
Orden-Real,2,7,9,22.2
Order Of The Watchmen,0,2,2,0.0
OrderHeadshot,1,0,1,100.0
Ordo Militiae Templi,2,3,5,40.0
Ordo Novus,0,1,1,0.0
Orfeus Gaming Team,0,1,1,0.0
Organizacja przestepcza,0,1,1,0.0
OriginPoint,57,77,134,42.5
Os 100 Destinos,0,1,1,0.0
Os Beckyardigans,0,1,1,0.0
Os Beitiadores,0,1,1,0.0
Os Buchas BR,0,1,1,0.0
Os Ceifadoreis,0,5,5,0.0
Os Desgarrados,0,1,1,0.0
Os Druidas Psycopatas,3,3,6,50.0
Os Executores,0,1,1,0.0
Os Mala,0,8,8,0.0
Os Ordinarios,0,2,2,0.0
Os Preversos,1,3,4,25.0
Os Protagonistas,1,1,2,50.0
Os Reis Magos,0,2,2,0.0
Os Rexuxudinhos,0,1,1,0.0
Os Sem Loot,0,1,1,0.0
Os Sem Nome,25,73,98,25.5
Os Templarios das Trevas,2,11,13,15.4
Os Xexelentos,0,1,1,0.0
OsRubros,5,26,31,16.1
OsSemDiscord,0,1,1,0.0
Os_nao_ve_bicho,1,2,3,33.3
Oscuridad demoniaca,10,59,69,14.5
Osos Guerreros,0,3,3,0.0
Osos-de-elite,1,1,2,50.0
Other-World,0,2,2,0.0
Othercide,0,2,2,0.0
Ouroboritos al Ataque,1,8,9,11.1
Out Kast,0,5,5,0.0
Outland Anglers,21,60,81,25.9
Outlier Collective,0,1,1,0.0
Outlimits,199,190,389,51.2
Outono,2,5,7,28.6
OvM,0,2,2,0.0
Ovayork,0,1,1,0.0
Overprice,194,174,368,52.7
Overthinker,1,1,2,50.0
OwlOfDarkness,0,7,7,0.0
Ox Cart Collective,2,7,9,22.2
P 1 R A T E S,2,7,9,22.2
P A S T R I E S,0,3,3,0.0
P I L A R E S,0,1,1,0.0
P O C O Y O,1,0,1,100.0
P O L A R S B E A R S,0,1,1,0.0
P O S E II D O N,8,22,30,26.7
P O W A,2,1,3,66.7
P R E D A T O R Z,1,1,2,50.0
P R I M E R G O L P E,34,46,80,42.5
P R I M O R I A,54,74,128,42.2
P R O,2,1,3,66.7
P R O M I N E N T E S,0,2,2,0.0
P U L S A R,7,7,14,50.0
P U R G 4 T O R Y,77,113,190,40.5
P o s i t i v e,0,1,1,0.0
P-D-V-S-A-K-47,1,3,4,25.0
P-R-I-M-A-T-E-S,0,4,4,0.0
P-oRTuGaL,0,2,2,0.0
P0LICIA MILITAR,0,2,2,0.0
P0c4s L4 M4m4,0,16,16,0.0
P0choLandia,10,19,29,34.5
P0w3r Rangers,1,0,1,100.0
P1vass,4,2,6,66.7
P3RSIST3,0,1,1,0.0
PALADINS300,0,6,6,0.0
PATAS DE OS0,11,7,18,61.1
PATRULHA,0,1,1,0.0
PAUS MOLINHOS,1,4,5,20.0
PCBM GOSTOSO,1,0,1,100.0
PCG Ithilien,0,8,8,0.0
PDG COMPANY,0,3,3,0.0
PE NA PORTA,0,1,1,0.0
PEGA NO MEU PAU,3,1,4,75.0
PENllS BLACK,34,10,44,77.3
PERDEMOCAMINANDO,3,1,4,75.0
PERMA BEARS,0,1,1,0.0
PERRITOS CALLEJEROS,0,7,7,0.0
PERRO CALLEJERO,8,32,40,20.0
PERROS CRIOLLOS,1,0,1,100.0
PERRYS,1,0,1,100.0
PERVSALEN,3,9,12,25.0
PH4NTOM_BRIGADE,0,1,1,0.0
PHAMAKIA,2,10,12,16.7
PILAR Primordial,0,1,1,0.0
PINACULO DEL ALBA,0,9,9,0.0
PINTIBINTOCAS,2,3,5,40.0
PISA E PASSA,3,21,24,12.5
PIU-PIU,5,2,7,71.4
PK 420,0,5,5,0.0
PK Killers,8,25,33,24.2
PL SEMPRE 3 CRIA,0,4,4,0.0
PLAN 3K -GENTE POSI,1,2,3,33.3
PLATA O MUERE,0,1,1,0.0
PLAYB0YS,29,52,81,35.8
PLAYER PROMEDIO,0,3,3,0.0
PLZ DONT RUN,1,0,1,100.0
POCHO FARMERS,0,2,2,0.0
POISON GARDEN,0,1,1,0.0
POISONBEAST,2,6,8,25.0
PORTALEROS,0,2,2,0.0
POTASAKROMITA,1,1,2,50.0
PPYF,6,5,11,54.5
PRED4DOR,11,28,39,28.2
PREMIGENIO,0,1,1,0.0
PREMIUM DRAGON,0,2,2,0.0
PRESSAO-ALTA,1,0,1,100.0
PRIDE OF AVALON,0,5,5,0.0
PRIMARIS SQUAD,2,3,5,40.0
PRIMATA MOD,96,182,278,34.5
PRIMATA PRIME,1,5,6,16.7
PRIME MODE,63,64,127,49.6
PRINCES OF DARKNESS,0,2,2,0.0
PRO TITANES,0,1,1,0.0
PROJECT ELITE,16,28,44,36.4
PROTETORES DE MARTLOOK,1,4,5,20.0
PROUD LIONS1,2,19,21,9.5
PROYECTO-CORE,124,99,223,55.6
PRlDE,9,58,67,13.4
PSOMI,0,1,1,0.0
PURE AND TRUE,0,3,3,0.0
PVE CORP,1,0,1,100.0
PYJARDS,0,4,4,0.0
PaRaLePiPiDoS,0,1,1,0.0
Pacifistas1,0,1,1,0.0
Pacto de las Sombras,1,3,4,25.0
Pal lobby,0,2,2,0.0
Paladines de Teemo,1,8,9,11.1
Paladinos Sagrados,4,8,12,33.3
Paladins of Blyn Brae,0,1,1,0.0
Panama Warriors,0,3,3,0.0
Pandemon1um,5,2,7,71.4
Pandinhas,0,2,2,0.0
Panic Legion,1,4,5,20.0
Pap4FooD,0,1,1,0.0
Papel e Caneta,3,7,10,30.0
Papuclan,2,1,3,66.7
Papusoides,2,2,4,50.0
ParadoxUniversal,5,9,14,35.7
Paralellun oficial,1,9,10,10.0
Parol Cubano,0,1,1,0.0
Parolo,0,1,1,0.0
PartidoCiberneticoNacionalista,0,5,5,0.0
Party Shaker,0,3,3,0.0
Party of tea,0,3,3,0.0
Patea Enanas,2,0,2,100.0
Pato Roco,1,0,1,100.0
Patolicos Anonimos,7,45,52,13.5
Pay Your Healer,1,0,1,100.0
Pay_For_It,40,91,131,30.5
Paz Eterna,30,57,87,34.5
PbI6AkU,1,1,2,50.0
Peacefulness,0,1,1,0.0
Peb hmoob os,1,3,4,25.0
Pelego FIno,1,0,1,100.0
Peliadores Sin Ley,1,0,1,100.0
Pelotao BR,0,1,1,0.0
Pelourinho Power,0,1,1,0.0
Pentachill,12,20,32,37.5
People Inside,1,8,9,11.1
PepaPigg,0,3,3,0.0
Pepperoni Nipple Party,8,0,8,100.0
Pergamium,0,5,5,0.0
Pericos Morados REQUIEM,1,4,5,20.0
PermaCC,2,0,2,100.0
Perros de la Luz,0,2,2,0.0
Peru Es Clave,0,2,2,0.0
Pesca de OuroFish,0,4,4,0.0
Pescadores de Cuba,0,1,1,0.0
Pescadores unidos,0,2,2,0.0
Petalos Negros,0,1,1,0.0
Petesaurios,4,4,8,50.0
Phantom Brigades,0,5,5,0.0
Phantom Gate,1,4,5,20.0
Phantom Horde,1,2,3,33.3
PhatLootz,0,1,1,0.0
Pheobe Ann Eleine,3,7,10,30.0
Phoenix Fury,9,29,38,23.7
Phoenix Rebels,57,86,143,39.9
Picantes Crew,1,19,20,5.0
Picha_ Cortas,1,0,1,100.0
Pijus Magnificus,1,1,2,50.0
PikNik,0,1,1,0.0
PikaToFly,0,1,1,0.0
Pikachu Kingdom,0,1,1,0.0
PilitromR,4,27,31,12.9
Pin Pals,3,0,3,100.0
Pintopolis,1,13,14,7.1
Piratas De La Muerte,0,3,3,0.0
Piratas _Vzla 1,5,33,38,13.2
Piratas no Deserto,0,2,2,0.0
Piratas420,58,66,124,46.8
Pirates creed,11,19,30,36.7
Pisca Alerta,1,1,2,50.0
Pitucos,0,1,1,0.0
PlVAS,304,165,469,64.8
PlataHunters,0,1,1,0.0
PlataLey,11,5,16,68.8
Platigolds,0,1,1,0.0
PlatinumEmpire,12,14,26,46.2
Player Zero,1,4,5,20.0
Playgraud,0,1,1,0.0
Please No Hit Me,43,62,105,41.0
PnMxD,0,2,2,0.0
Pochitos Salvajes,1,7,8,12.5
Pochos Anonimos,4,20,24,16.7
Pochos-Locos,0,1,1,0.0
Pocos Locos,0,6,6,0.0
Polar-ICE,0,1,1,0.0
Polaris Major,2,2,4,50.0
Policia Feder4l,0,4,4,0.0
Policia Peruana,5,13,18,27.8
Poneicornios,0,1,1,0.0
PopsiLabsi868,1,2,3,33.3
Por la plata baila el Ganker,0,1,1,0.0
PorLyD,0,1,1,0.0
Porco Porco Porco,0,1,1,0.0
Portadores DeI Caos,29,14,43,67.4
Portadores del Vacio,0,4,4,0.0
Post-Mortemm,7,8,15,46.7
Posty,3,6,9,33.3
Poverty Maker,1,2,3,33.3
Power Play,0,5,5,0.0
Power UP,0,3,3,0.0
Pr Lion,0,2,2,0.0
Prata Negativa,0,2,2,0.0
Predadores de Perereca,0,1,1,0.0
Predathorss,0,10,10,0.0
Prejudicados,8,4,12,66.7
Premos Cult,1,0,1,100.0
Pressas Brancas BR,0,8,8,0.0
Pretores,13,51,64,20.3
PriestoftheMoon,0,3,3,0.0
PriestsCastle,1,3,4,25.0
Primal Kong,0,1,1,0.0
Prime Void,3,3,6,50.0
Principio de Incertidumbre,0,6,6,0.0
Private Union,1,8,9,11.1
ProEvilz,0,1,1,0.0
Productores De Albion,0,1,1,0.0
Profit In HCE,1,3,4,25.0
Profit Paradise,0,1,1,0.0
Project Faith,0,7,7,0.0
Project Farmer,0,1,1,0.0
Project Vanguard,4,15,19,21.1
Projectt X,6,6,12,50.0
Proyecto Nefalem,10,20,30,33.3
Public Display of Assault,10,10,20,50.0
Puchaina-family,0,1,1,0.0
Puchainas Gordas,9,13,22,40.9
Puchas De Mamut Peludas,1,2,3,33.3
PunhosFlamenjantes,2,1,3,66.7
Punish me daddy,0,1,1,0.0
Punky Punki,58,79,137,42.3
Punky Punky Letales,0,1,1,0.0
Pura - Sangre,2,5,7,28.6
Pure Nightmare,1,4,5,20.0
Pure State,6,7,13,46.2
Purga Sancta,0,3,3,0.0
Purple Moon Wolf,1,2,3,33.3
Puttees,0,1,1,0.0
PvE-Tempest,0,1,1,0.0
PvP All Day,3,3,6,50.0
PvP waiting room,0,1,1,0.0
Pyromaniac,0,5,5,0.0
Q u a r t z,5,7,12,41.7
QANKUNA,11,12,23,47.8
QUESOCUBANO,0,3,3,0.0
QUIERO DORMIR,12,5,17,70.6
Qadesh,0,2,2,0.0
Qkracheros,0,1,1,0.0
QuA,0,1,1,0.0
Quantic Ducks,1,7,8,12.5
QuarunAgents,0,3,3,0.0
QueenAnaRevenge,55,55,110,50.0
Quelthalass,8,24,32,25.0
Quetzal Dorado,1,3,4,25.0
Quiet life in a dungeon,0,1,1,0.0
Quinta Ordem,31,65,96,32.3
R - I - S - E,14,25,39,35.9
R 0 M A,3,29,32,9.4
R 0 Y A L,5,6,11,45.5
R 3 T I R E D,32,52,84,38.1
R 4 V E N,20,45,65,30.8
R A B I T A,3,12,15,20.0
R A D I O,50,36,86,58.1
R A M P A N T,0,10,10,0.0
R E H A B,79,143,222,35.6
R E Q U 1 E M,14,30,44,31.8
R E V O A D A,2,8,10,20.0
R E X,3,12,15,20.0
R U I N S,6,3,9,66.7
R U L E R S,2,5,7,28.6
R-35,1,1,2,50.0
R0SA N3GRA,5,14,19,26.3
R3NEGADOS,1,1,2,50.0
R3conecting,179,147,326,54.9
R3dZ0ne,1,3,4,25.0
R4GEOUT,9,10,19,47.4
R4TATUI,0,1,1,0.0
RAAMPAAGE,13,2,15,86.7
RAD4R,1,5,6,16.7
RADIANTESs,0,12,12,0.0
RAGNAROL ETERNAL,0,3,3,0.0
RAISE A TOMB,1,1,2,50.0
RAJONES FC,5,25,30,16.7
RAT CULT,1,4,5,20.0
RATIRL,1,1,2,50.0
RATOPIA,0,1,1,0.0
RE-BO,4,20,24,16.7
REAL BRONZIO,1,6,7,14.3
REAL NO FAKE,0,1,1,0.0
REAPERS SOULIGHT,0,2,2,0.0
RECEITA FEDERAL SP,1,3,4,25.0
RECOLETOR_ERRANTE,0,1,1,0.0
RECONECTION GANK,3,7,10,30.0
RED KRAKKENS,0,1,1,0.0
RED-SKULLS,0,1,1,0.0
REDD HOUNDS,3,5,8,37.5
REINO ANARKIA,0,1,1,0.0
REINO LETAL,0,1,1,0.0
RETADORES,4,16,20,20.0
RETORNADORES,2,6,8,25.0
REV3NGE,0,1,1,0.0
REVELATION CLAN,2,7,9,22.2
REYES DEL AMANECER,0,1,1,0.0
RICHER THAN U,1,1,2,50.0
RIDERS OF ROHIRRIM,1,7,8,12.5
RIOt heiters,1,7,8,12.5
RIP2U,0,1,1,0.0
RISING HUNTERS,3,21,24,12.5
RIZZO,1,1,2,50.0
RK Ragnarok,0,1,1,0.0
RMNT,1,1,2,50.0
ROAD DOGS,0,3,3,0.0
ROAM GANK COMMUNITY,0,1,1,0.0
ROGUES SQUAD,0,3,3,0.0
ROKhan,45,61,106,42.5
ROMPE ANUS,0,2,2,0.0
ROMPE TESOROS,0,1,1,0.0
RONIN-NOBLE,0,2,2,0.0
RONINS_BR,0,8,8,0.0
ROSECRAUS,0,2,2,0.0
ROUBA MEL,0,1,1,0.0
ROYAL DESTROYERS,0,2,2,0.0
ROYAL LINEAGE,0,2,2,0.0
ROYALCROWN,20,30,50,40.0
ROZH,0,2,2,0.0
RROMPECRANEOS,2,2,4,50.0
RSMX-Radiacion Solar,0,2,2,0.0
RUS ZONE,0,1,1,0.0
RUSH-B,73,115,188,38.8
RUSbeear,0,2,2,0.0
RabitaForever,0,1,1,0.0
Radiantis,3,2,5,60.0
Rage of Camelot,5,10,15,33.3
Raged Psyco,0,1,1,0.0
Ragnarok of camelot,2,10,12,16.7
RagnarokApocalipsis,0,2,2,0.0
Raha ry,0,1,1,0.0
Raices Eternas,8,33,41,19.5
Rain house,4,23,27,14.8
Rainbow Kitten,1,5,6,16.7
Rand0m Guild,0,3,3,0.0
RascaBolitas In Your Back,85,129,214,39.7
Rastreadores del Bosque,0,4,4,0.0
Rat Got Depressed,0,1,1,0.0
Rat-Gang,2,9,11,18.2
Ratas Egipcias,1,0,1,100.0
RatatuiS AO,0,1,1,0.0
RatherStrange,1,7,8,12.5
RatosDeAlbion,0,6,6,0.0
Rats Farm aura,0,1,1,0.0
Rats Loot,1,1,2,50.0
Raven Of Morgana,60,84,144,41.7
Raven Watchers,0,1,1,0.0
Rayitos de Luz,0,4,4,0.0
Rayzems lair,3,2,5,60.0
Real Life Friends,0,4,4,0.0
Real Whois,3,0,3,100.0
Real-Matismo,0,1,1,0.0
RealG4Lifers,0,1,1,0.0
RealGladiadores,1,3,4,25.0
Reales43,0,1,1,0.0
Realeza de Ferro,0,1,1,0.0
Reality Deniers,3,5,8,37.5
Realm of Destiny,0,6,6,0.0
Rebecca,0,1,1,0.0
Receita Federal RFD,1,4,5,20.0
Recolector y Farmeo,2,5,7,28.6
Reconnection,10,32,42,23.8
Red Cavaliere,0,6,6,0.0
Red Raider Inc,0,1,1,0.0
Red Sun Company,0,2,2,0.0
Red Zone Delivery,0,2,2,0.0
Red banditss,7,21,28,25.0
Red is dead S2,30,10,40,75.0
Red killers_20,0,9,9,0.0
Red-Hunters,1,1,2,50.0
Red-kill,4,3,7,57.1
RedGlitchs,5,10,15,33.3
RedLine Empire,38,88,126,30.2
Red_Town,0,2,2,0.0
RedbullF1Team,0,1,1,0.0
Redemptio Aeterna,3,5,8,37.5
Redentores da Prata,11,21,32,34.4
Redness Crusaders,6,4,10,60.0
Reds Monkeys,1,2,3,33.3
Refimeros,4,5,9,44.4
Refluxo,0,5,5,0.0
Reformatory,0,3,3,0.0
RegencyAMF,0,1,1,0.0
Reignfall,0,3,3,0.0
Reino Nomada Erizal,8,11,19,42.1
Reino Zenin,1,0,1,100.0
Reino Zephyrion,0,1,1,0.0
RenegadosRJ,0,8,8,0.0
Repercussion,0,3,3,0.0
Republic Of Legends,0,5,5,0.0
Republica da Creponia,3,14,17,17.6
Residents Ravens,0,2,2,0.0
RestInPieces,1,2,3,33.3
Restos de morgana,1,1,2,50.0
Resurgence OF King A,3,15,18,16.7
Retour en Ville,0,5,5,0.0
Retrograde,0,1,1,0.0
Revenant Dominion,0,2,2,0.0
Revengers Suku,2,0,2,100.0
RevoLuTionRun,0,4,4,0.0
Revolta dos Mobile,0,1,1,0.0
Revolution Deathsquad,3,5,8,37.5
Reyes del Respawn,11,22,33,33.3
ReyesDelSur,0,3,3,0.0
Rias,26,11,37,70.3
Ridin Dirty,4,3,7,57.1
Right Nowz,26,34,60,43.3
Rincon Del Zafio,1,1,2,50.0
Rioting,0,1,1,0.0
RipWar,0,2,2,0.0
RisasDeMorgana,2,5,7,28.6
Rise of Stark,6,31,37,16.2
Rising Crows,1,0,1,100.0
Rising Legion,2,7,9,22.2
Rivalli0n,2,9,11,18.2
Rivendeland,0,7,7,0.0
River-Carp,0,1,1,0.0
Road Of Ruins,4,13,17,23.5
Road Ratters,4,5,9,44.4
Roads Nerds,13,15,28,46.4
Roam With Us,5,21,26,19.2
Rob1n Hood,1,5,6,16.7
Robonia,0,5,5,0.0
Rocapicha,2,8,10,20.0
Rogue Natives,169,162,331,51.1
Rohan kingdom,0,2,2,0.0
Rohirrim Company,10,13,23,43.5
Rokosos,74,96,170,43.5
Romanos Invasores,0,6,6,0.0
Romondoto_Morocco,0,6,6,0.0
Roofroof,20,10,30,66.7
Rosa Lunae,0,1,1,0.0
Roses-Academy,174,219,393,44.3
Royal Circus,2,3,5,40.0
Royal Conquerors,2,5,7,28.6
Royal Industries,0,2,2,0.0
Royal MeLon Miel,0,2,2,0.0
Royal Ratpack,76,94,170,44.7
RoyalVoid,1,8,9,11.1
Rule them all,0,1,1,0.0
Rules Of Hell,0,3,3,0.0
Runners The One,0,1,1,0.0
Ruta63,0,2,2,0.0
Ruthles1s,0,1,1,0.0
Ryod4n,1,1,2,50.0
Ryomen SuKuna,23,5,28,82.1
S 0 L,0,3,3,0.0
S A B I S H I I,0,2,2,0.0
S A F E Z O N E,3,0,3,100.0
S A G A,3,18,21,14.3
S A R C O F A G O,0,4,4,0.0
S A T A N - Faction War,1,5,6,16.7
S E L V A,0,1,1,0.0
S E L V A G E N S,2,8,10,20.0
S E N R Y U,4,2,6,66.7
S E R P E N T,0,1,1,0.0
S E V E N A T I O N,0,1,1,0.0
S E V E R E N C E,2,12,14,14.3
S H A D E S,1,4,5,20.0
S H I S H I G A N K,2,18,20,10.0
S H O T T A S,1,5,6,16.7
S I L EN T W O L V E S,0,1,1,0.0
S K A L D R 7 N,0,7,7,0.0
S K Y R 1 M,19,43,62,30.6
S L I C E D,133,102,235,56.6
S O C I O P A T A S,2,5,7,28.6
S O L I T U D E,0,11,11,0.0
S O L O L E V E L I N G,10,38,48,20.8
S T A T E R A,0,1,1,0.0
S T E L L A,9,8,17,52.9
S U C U M B A,8,22,30,26.7
S U N Z,1,0,1,100.0
S U N and M O O N,0,1,1,0.0
S W O R D X,0,1,1,0.0
S Y N D 1 C A T 3,51,57,108,47.2
S h a d i l a y,1,0,1,100.0
S k y y,0,1,1,0.0
S o U n,0,1,1,0.0
S p a d e s s,2,2,4,50.0
S-A-B-B-A-T-H,0,5,5,0.0
S-A-N-G-R-E,4,1,5,80.0
S-N-G,7,24,31,22.6
S-O-T-D,0,1,1,0.0
S-P-D,0,2,2,0.0
S-Snake,0,3,3,0.0
S-T-M,0,1,1,0.0
S-TARK,5,13,18,27.8
S0LO-LEVELING,31,17,48,64.6
S0MBRAS DE ALBION,0,3,3,0.0
S5C,0,1,1,0.0
S7ven Seas,0,1,1,0.0
SACR3D,0,1,1,0.0
SAGRA2,16,6,22,72.7
SALAMANDRAS GANGSTER,0,2,2,0.0
SALMOS144,1,16,17,5.9
SAMURAI OF DEATH,0,1,1,0.0
SAMURAI5,0,1,1,0.0
SAND BLOOD,6,2,8,75.0
SANDMANs,1,8,9,11.1
SANGR3 NU3VA,0,6,6,0.0
SANTUARIO FEERICO,1,0,1,100.0
SAT1VA,13,43,56,23.2
SAV AGE,2,19,21,9.5
SC 4ever,0,1,1,0.0
SCARLET FLOWER,1,7,8,12.5
SCZMG,0,1,1,0.0
SDMN Sol Da Meia Noite,8,12,20,40.0
SECRET-MEMBER,0,2,2,0.0
SECTUM PRIME,7,30,37,18.9
SEM PENA,0,1,1,0.0
SENTENCIATORI,0,4,4,0.0
SEX and PVE,11,27,38,28.9
SEX_MEX,0,1,1,0.0
SF2CREW,0,1,1,0.0
SH4DOW G4RDEN,12,21,33,36.4
SHADOW CLAN002,0,1,1,0.0
SHADOW DOMINATION,0,2,2,0.0
SHADOW PACT,0,1,1,0.0
SHADOW UNTERS,1,0,1,100.0
SHADOWHARVEST,2,1,3,66.7
SHADOWS OF ZERO,0,2,2,0.0
SHADOWSOUL,1,4,5,20.0
SHE NEVER LOVE ME,0,3,3,0.0
SHIGANSHINA CREW,0,1,1,0.0
SHINJU,3,16,19,15.8
SHURAKANS,0,2,2,0.0
SICKOS,2,0,2,100.0
SIEVEN,7,8,15,46.7
SIGARRO,0,3,3,0.0
SIGTRYG,40,103,143,28.0
SILDUR-WORL,3,2,5,60.0
SILENCI0,2,1,3,66.7
SIMIOS GANG,2,3,5,40.0
SIMON BOLIVAR,2,26,28,7.1
SIN COSTA,28,18,46,60.9
SIN PORCENTAJE,19,11,30,63.3
SIPES DOMUS,0,1,1,0.0
SIRIO,0,3,3,0.0
SKOLKO FEIMA V CHAS,2,1,3,66.7
SKULL BURST,1,0,1,100.0
SKY GUARDIANS,24,49,73,32.9
SKY- C r i m i n a l s,9,31,40,22.5
SKYNET ALTERRA,0,2,2,0.0
SLIEK,1,1,2,50.0
SMUGGLER KINGS,0,2,2,0.0
SNUFFF,3,1,4,75.0
SOCA_FOFIS,0,1,1,0.0
SOLDADOS DE THETF0RD,0,18,18,0.0
SOLDADOS X,2,3,5,40.0
SOLO PLAYER S,13,47,60,21.7
SOLO PLAYERS FACTORY,2,1,3,66.7
SOLO TRAIDER,0,1,1,0.0
SOL_DOURADO,0,4,4,0.0
SOLxCRUEL,10,18,28,35.7
SOMBRA-DA-MORTE,16,49,65,24.6
SOMBRAVELOZ,0,11,11,0.0
SOMOS RANDOMS,4,8,12,33.3
SON-Los Salchichas,0,1,1,0.0
SOTAVON,0,2,2,0.0
SOUL NEST,0,3,3,0.0
SPARTA370,1,0,1,100.0
SPATEN,1,2,3,33.3
STAFF ELVIN,2,9,11,18.2
STARKXBAKO,0,1,1,0.0
STARTING POINT,0,1,1,0.0
STONGHOLD LEGENDS,1,1,2,50.0
STTP,6,7,13,46.2
SUN_DARK,0,6,6,0.0
SUPER SQUAD1,0,13,13,0.0
SUPERCUTES,0,4,4,0.0
SWAT RELOAD,7,10,17,41.2
SWORDX,10,40,50,20.0
SYNDIC4TE,1,0,1,100.0
Sabertooh,0,3,3,0.0
Sabor Veterano,0,1,1,0.0
SacredCreed,1,9,10,10.0
Sacro-Imperio Dragoniano,0,1,1,0.0
Saeta,0,10,10,0.0
Safe Guard,0,9,9,0.0
SagradasTierras,0,1,1,0.0
Salamanders Legion,1,7,8,12.5
Salamangos,0,6,6,0.0
SaltLife,0,1,1,0.0
Salto69,2,9,11,18.2
Salud,0,2,2,0.0
Sancadores,3,12,15,20.0
Sancta Ascensionis,0,1,1,0.0
Sanctum Inquisitionis,0,1,1,0.0
Sand Spiders,1,6,7,14.3
Sange_and_Yasha,0,4,4,0.0
Sangre Pretoriana,5,8,13,38.5
Sangre de Esparta,1,4,5,20.0
Sangre de Mercenarios,2,2,4,50.0
Sangre de luna,7,8,15,46.7
Sangre del Sur,3,9,12,25.0
Sangue e Minerio,0,1,1,0.0
Sanguine Reign,0,9,9,0.0
Sankru,0,1,1,0.0
Santuario de Quietud,9,41,50,18.0
Santuario de la Productividad,0,1,1,0.0
Santuario de las sombras,1,7,8,12.5
Sata-Bear,0,3,3,0.0
Saturday Night Wrist,0,1,1,0.0
SavageMonkeys,2,30,32,6.2
Scansoriopteridos,0,3,3,0.0
Scarlet Ghost,0,2,2,0.0
Scav House,0,1,1,0.0
Schidturs Guild,0,1,1,0.0
Sea-Sky Fraternity,177,164,341,51.9
Seakalm,3,10,13,23.1
Searchers Of The Lost Candy,2,7,9,22.2
Second Home,0,1,1,0.0
Second March,0,1,1,0.0
Secret Services,0,3,3,0.0
Secret Vanguard,2,18,20,10.0
Secta del guante,1,3,4,25.0
Secta_de_la_Cripta,0,1,1,0.0
Segadores de Ceniza,0,29,29,0.0
Segredo-Foz Br,0,5,5,0.0
Seguidor de Yotsubagod,1,6,7,14.3
Seguidores de Sideral,0,1,1,0.0
Seguidores del Cro,0,2,2,0.0
Seita Celestial,0,1,1,0.0
Sektor_Grinda,3,10,13,23.1
Senta-Pua,0,2,2,0.0
Sentinelas da Natureza,0,2,2,0.0
Serafimy,0,1,1,0.0
Serafines,0,3,3,0.0
Serenity Now,6,19,25,24.0
Serial Killers 2_0,0,4,4,0.0
Serpens TakaTaka,31,49,80,38.8
Serpentine Craft,0,2,2,0.0
Sertralina,4,13,17,23.5
Servicio de Impuestos Internos,0,2,2,0.0
Seven Clouds,0,3,3,0.0
Sex Appeal,6,11,17,35.3
SexyMadaFaka,10,29,39,25.6
Shadar Kai,2,11,13,15.4
Shadow 0f Avalon,6,26,32,18.8
Shadow Dancer,0,3,3,0.0
Shadow Garden xXx,0,6,6,0.0
Shadow Odyssey,0,1,1,0.0
Shadow Of The Colosus,1,2,3,33.3
Shadow Reign,3,10,13,23.1
Shadow Runners,5,11,16,31.2
Shadow Vultures,20,18,38,52.6
Shadow garden NG,9,12,21,42.9
Shadow of KIng,4,20,24,16.7
Shadow warriors01,0,4,4,0.0
ShadowOfDarkness,0,1,1,0.0
ShadowTraders,0,4,4,0.0
ShadowWizardMoneyGang,0,4,4,0.0
Shadowclaws,12,11,23,52.2
Shadowden,0,1,1,0.0
Shadows Avalon,0,1,1,0.0
Shadows Figthers Br,0,4,4,0.0
Shadows monarchs,12,24,36,33.3
Shagram,1,0,1,100.0
Shall We,30,46,76,39.5
Shalom Adonai,1,4,5,20.0
Shampagne,0,1,1,0.0
Sheetz,0,4,4,0.0
Shi no tenshi,1,2,3,33.3
Shikanoko,0,1,1,0.0
ShinWen-WenSha,0,1,1,0.0
Shoes Store,9,3,12,75.0
ShonioKami,13,25,38,34.2
Shroom Squad,8,20,28,28.6
Sibirien-Konferenz,0,2,2,0.0
Sickarios,3,6,9,33.3
Sief,0,1,1,0.0
Siervos de los Antiguos,0,8,8,0.0
Silence Black,1,0,1,100.0
Silent Merchant Monk,1,2,3,33.3
Silent Partners,25,29,54,46.3
SillerosBroSR,0,1,1,0.0
Silver Perdido,2,1,3,66.7
Silver-Ghouls,12,24,36,33.3
Silver-ally,0,1,1,0.0
Sin Tetas no hay Paraiso,0,1,1,0.0
Sindicato De Los Paputs,3,10,13,23.1
Sindicato dos Refinadores,8,4,12,66.7
Sinergia Arcaica,0,1,1,0.0
Sinister Militia,2,0,2,100.0
Siphon Energy 0,2,1,3,66.7
Sith Lords 66,1,10,11,9.1
SixthSix 03,0,1,1,0.0
Skibbidi toilet,4,0,4,100.0
Skies of Arcadia,2,8,10,20.0
SkinAndBlood,0,1,1,0.0
Skirm2236,0,1,1,0.0
Skull Brotherhood,0,1,1,0.0
Skullborne,6,25,31,19.4
Skullknights,4,1,5,80.0
Sky flowers 2,0,1,1,0.0
Skyrise,61,76,137,44.5
Slammed,117,97,214,54.7
Slow-Mo Killcam,0,1,1,0.0
Small Town Saviors,0,9,9,0.0
Snake Squad,0,1,1,0.0
Sniper Bishop,0,1,1,0.0
Snow Raiders,7,17,24,29.2
Snow Specters,22,62,84,26.2
Snowborn Legion,0,1,1,0.0
SnuSnu,14,17,31,45.2
So Na Jaca,0,1,1,0.0
So um Game,0,5,5,0.0
SoLows,1,1,2,50.0
Sobrevivientes_de Albon_sin_pi,0,1,1,0.0
Social Credit Approved,2,7,9,22.2
Sociedad de Amas,0,1,1,0.0
SodaGang,0,8,8,0.0
Sol da Meia-Noite,2,20,22,9.1
Sol de invierno,0,2,2,0.0
Sol_Naciente_T1,3,1,4,75.0
Solaris guardian,1,19,20,5.0
Solaryz,0,2,2,0.0
Soldados del Alba,0,1,1,0.0
Soldados do Kong,8,38,46,17.4
Solid Blue,1,3,4,25.0
Solidarity Inc,0,10,10,0.0
Solo Blade,3,1,4,75.0
Solo Nomad,0,1,1,0.0
Solo PR0DIG0,0,4,4,0.0
Solo Players Only,2,0,2,100.0
Solo Xd,2,3,5,40.0
Solo-Gank,12,11,23,52.2
SoloPl4ya,37,7,44,84.1
SoloWordPe,0,1,1,0.0
Solus Arcanum,0,3,3,0.0
Sombras crecientes,0,2,2,0.0
Sombras de Wolff,1,4,5,20.0
Sombras de Yggbrasil,0,1,1,0.0
SonnenWappen,0,1,1,0.0
Sono Ku,97,87,184,52.7
Sons of Asgard,1,0,1,100.0
Sons of Babel,1,3,4,25.0
Sons of Reapers,2,9,11,18.2
Sonserinna,0,2,2,0.0
Sora No Otoshimono,0,4,4,0.0
Sos Ouistiti,0,1,1,0.0
Soul BR,11,67,78,14.1
Soul Society Team,0,1,1,0.0
Soul of Gold,2,5,7,28.6
Soul-Hunters,0,2,2,0.0
Soul_Knight,4,5,9,44.4
Soulrend,3,3,6,50.0
Souls Takers,0,1,1,0.0
Souls_Of _Gods,1,7,8,12.5
Southern Merchants Guild,2,4,6,33.3
Southernsons,15,36,51,29.4
Sparta0115,0,11,11,0.0
SpartanMx,8,20,28,28.6
Spazzin Out,14,15,29,48.3
Special Access II,0,6,6,0.0
Sped Runners,1,3,4,25.0
Speds on Eds,0,1,1,0.0
Spetsnaz Grail,73,100,173,42.2
SpinoGod,0,2,2,0.0
Spirit Of Flame,0,1,1,0.0
SpiritualGuardians,1,5,6,16.7
Spiritus Gladius,0,3,3,0.0
Split Second,77,27,104,74.0
Sponsor Me PLease,1,1,2,50.0
SpookyBR,7,21,28,25.0
Sprint With Me,158,143,301,52.5
Spy Question,0,8,8,0.0
SrLord,1,9,10,10.0
Staatsfeinde,22,57,79,27.8
Stacked Deck,0,1,1,0.0
Stacksfree,2,5,7,28.6
Stalker Freendom,0,2,2,0.0
Stand Out,3,6,9,33.3
Standard Incognito,0,3,3,0.0
Stanleed,0,1,1,0.0
Star of chaos,0,1,1,0.0
Stark Union,0,1,1,0.0
State of Solitude,0,1,1,0.0
Stay Close,81,58,139,58.3
Stay Lit,5,1,6,83.3
Steel Whisper,0,1,1,0.0
Steel-Legion,5,22,27,18.5
SteelWolfLegion,0,2,2,0.0
Still Rich,2,3,5,40.0
Stone Ghosts,0,3,3,0.0
Stop Crying Baby,4,8,12,33.3
Storm Riders Reborn,1,1,2,50.0
Strada Famiglia,0,1,1,0.0
Strategic World Empr,1,1,2,50.0
StratsCo,0,7,7,0.0
Strength_and_h0n0ur,0,1,1,0.0
Sturmbringers,21,27,48,43.8
Submarino Boliviano,0,2,2,0.0
Suddenly Lost,0,1,1,0.0
Sukan Valtakunta,0,1,1,0.0
SunOfGods,29,36,65,44.6
Sunlight Dags,0,1,1,0.0
Sunters,5,3,8,62.5
Super Clap,2,6,8,25.0
SuperSonic LegendS,29,27,56,51.8
Supremacia Apexana,0,1,1,0.0
Supreme Dominion,0,9,9,0.0
Supreme Kingsx,0,3,3,0.0
Suryen,2,6,8,25.0
Sweet Violence,58,94,152,38.2
Sword Crusader,0,3,3,0.0
Sword and Fist,17,9,26,65.4
Sword of the Fig,1,0,1,100.0
Symmetrie,6,7,13,46.2
Synergon,1,2,3,33.3
Synergy Squad,0,1,1,0.0
T Dragons,0,2,2,0.0
T E M P L A R l 0 S,0,1,1,0.0
T E N S H I N,2,8,10,20.0
T E S A L I A,1,12,13,7.7
T G C,0,2,2,0.0
T H A L M A R,2,35,37,5.4
T H E _ B O Y S,0,9,9,0.0
T I E M P O,0,2,2,0.0
T O R O S,59,66,125,47.2
T R 4 U M A,0,2,2,0.0
T R I F A R l X,11,22,33,33.3
T R O N O S,1,4,5,20.0
T e G,1,1,2,50.0
T e a m R o c k e t,3,2,5,60.0
T h e _-_E x i l e d,0,12,12,0.0
T-5,8,31,39,20.5
T-800,0,4,4,0.0
T-B-O-W,2,17,19,10.5
T-E-S-A,17,38,55,30.9
T-R-O-P-I-N-H-A-x,1,2,3,33.3
T-r-y-n-i-t-e,0,4,4,0.0
TADALA e BALA,4,4,8,50.0
TADALA fellas,0,1,1,0.0
TALLADOS,13,18,31,41.9
TAMALESHIPUDEN,0,1,1,0.0
TAMASHII,0,2,2,0.0
TARGARYEN 0,0,1,1,0.0
TARGARYEN E-SPORTS,5,7,12,41.7
TCHESNE,1,3,4,25.0
TCOTC,0,2,2,0.0
TDK,25,26,51,49.0
TEAM BOMBITA,2,7,9,22.2
TEAM DINAM1TA,37,55,92,40.2
TEAM GORILA,0,2,2,0.0
TEAM OF ELITES,0,2,2,0.0
TEAM Of DEATH,17,54,71,23.9
TEEN SMOKERS,0,18,18,0.0
TEMPLAR10S,0,1,1,0.0
TEMPLARIXS,8,9,17,47.1
TEMPLARS_ORDER,2,6,8,25.0
TFO,0,1,1,0.0
TH3 BANNED,1,5,6,16.7
THAUREM,4,5,9,44.4
THC Addict,0,6,6,0.0
THE ANCIENT DRAGONS,0,2,2,0.0
THE ARCHIMAGOS,63,68,131,48.1
THE BAD BOYS 1,1,1,2,50.0
THE BURNING FANG,5,9,14,35.7
THE CANGACEIROS,5,25,30,16.7
THE CANON,0,1,1,0.0
THE CONQUERING KINGS,0,1,1,0.0
THE DARKNESSES,23,37,60,38.3
THE DEMON CRAZY,0,3,3,0.0
THE FAMIL,3,3,6,50.0
THE FERCHOS FAMILY,0,1,1,0.0
THE FORSAKEN REIGN,0,1,1,0.0
THE GANGSTA,0,1,1,0.0
THE GODDESS OF PRISMA,0,1,1,0.0
THE HATED GUY,0,13,13,0.0
THE HELLSINGS,4,18,22,18.2
THE HERD ONE,0,3,3,0.0
THE IGRIS,0,1,1,0.0
THE INFINIT,0,10,10,0.0
THE MARTILLO DE LOS EONES_2000,0,11,11,0.0
THE MISSSPELLED MAIGES 2,0,1,1,0.0
THE MONSTER-S,0,1,1,0.0
THE MORTAL REALM,1,0,1,100.0
THE NORDISK,0,3,3,0.0
THE OLD FAMILY,0,2,2,0.0
THE ORDER OF AMBITION,0,4,4,0.0
THE PROGRES,2,3,5,40.0
THE REBORN_FENIX,0,1,1,0.0
THE REOKS,0,1,1,0.0
THE RO0STERS,0,1,1,0.0
THE SAINT INQUISITION,1,2,3,33.3
THE SILENT ASCENT,0,2,2,0.0
THE TAREXOS,0,1,1,0.0
THE TRIBE BERSERKER,0,1,1,0.0
THE TRUE ORDER,33,53,86,38.4
THE UNDERWAY,0,3,3,0.0
THE VALHALAS,0,8,8,0.0
THE WANDERING FISHERMENS,1,4,5,20.0
THE-BLACK-BULLSS,1,20,21,4.8
THE-KRAKEN,1,7,8,12.5
THECABAL,2,4,6,33.3
THELAST KNIGHTS,0,1,1,0.0
THEPIGMAFIE,4,4,8,50.0
THETFORTH NO KYOJIN,0,1,1,0.0
THE_DARK_LEGION,1,1,2,50.0
THE_GAME_5,0,1,1,0.0
THE_LIARS_GZ,0,2,2,0.0
THE_NEW_GENERATION,0,13,13,0.0
THExNEWxorder,0,2,2,0.0
THW FIERCE,1,0,1,100.0
TIERRA - MEDIA,41,77,118,34.7
TIME KEEPER,1,3,4,25.0
TMX 2,0,4,4,0.0
TNQ,0,2,2,0.0
TOCV,0,1,1,0.0
TOLEDOT,0,2,2,0.0
TOP TIER BANGERS,5,13,18,27.8
TOoff,0,11,11,0.0
TR4UMA,0,3,3,0.0
TRABALHADORES-eltin,0,1,1,0.0
TRIBU DEL OSO,0,1,1,0.0
TRONO DE GUERRA,0,3,3,0.0
TROPA DA BAGUNCA,0,3,3,0.0
TROPA DO INGUICA BR,1,3,4,25.0
TSHF HYENES,4,27,31,12.9
TTVjoshRGT,0,1,1,0.0
TU MAMMA,148,151,299,49.5
TU Y YO 11125,2,3,5,40.0
TURKS LAND,9,2,11,81.8
TUSSI GANG KIRK,0,1,1,0.0
TVD LKA,0,1,1,0.0
TWISTER METAL WARRIORS,0,1,1,0.0
TYBS,1,6,7,14.3
Taiko,100,206,306,32.7
Taiti Clowns,0,1,1,0.0
Take-it-Easy,1,6,7,14.3
TakeOnMe,8,15,23,34.8
Tal da PANELA,21,8,29,72.4
Talentless,0,3,3,0.0
Tank de Havaianas,2,0,2,100.0
Tanks On Leash,2,5,7,28.6
Tanmalitos,2,16,18,11.1
Tark Assassins,0,6,6,0.0
Taverna Curupira,2,6,8,25.0
Taverna Da Engenharia,2,3,5,40.0
Tavola Redonda 1,0,1,1,0.0
Tavola-Redonda,0,3,3,0.0
Tdg lta,0,3,3,0.0
Te Brawlea Un Negro,11,24,35,31.4
Te Garcho,1,2,3,33.3
Te la saco,0,1,1,0.0
TeJoNeS eZqUiZoFreNiCoS,4,23,27,14.8
Tea__party,0,2,2,0.0
Team ADOBO,0,2,2,0.0
Team Aguacate Hot,4,3,7,57.1
Team Combi Gaming,1,2,3,33.3
Team Demons,0,1,1,0.0
Team Flex,14,8,22,63.6
Team saqueadores,0,1,1,0.0
Team-Latinos,0,4,4,0.0
Team-Wolf,12,14,26,46.2
Team-suicide,3,36,39,7.7
TeamAsere,0,2,2,0.0
TeamLeagueMacaques,4,13,17,23.5
Teem Player,1,1,2,50.0
Tela UwU,2,4,6,33.3
Tempel-Tuttle,0,1,1,0.0
Tempest Of Wolves,0,1,1,0.0
Templarios Gold,11,20,31,35.5
Templarios XII,0,1,1,0.0
TemplariosRS,0,3,3,0.0
Templars of the white raven,6,20,26,23.1
Tempus Veritas,2,12,14,14.3
TemuSquad,0,3,3,0.0
Tenebris Domini,1,4,5,20.0
Tenochtj,1,9,10,10.0
Tenryuubitos,4,9,13,30.8
Tensu,0,1,1,0.0
Terceirizada,0,4,4,0.0
Terror Of Solo Players,82,13,95,86.3
TerrorR,0,2,2,0.0
Testigos de Goku,0,1,1,0.0
TestigosD-Jehova,4,24,28,14.3
Teufelskerl,0,1,1,0.0
Tevinter Imperium,1,0,1,100.0
Th1rd Party,3,9,12,25.0
Th3 Lost 5ouls,0,2,2,0.0
Th3 W1tchers,3,8,11,27.3
The - Resistance,0,2,2,0.0
The 13th Fox,0,1,1,0.0
The Aegis Project,22,29,51,43.1
The Bacons,19,34,53,35.8
The Baspar,4,29,33,12.1
The Bells,47,94,141,33.3
The Big White Cock,0,1,1,0.0
The Black Dragons BR,0,1,1,0.0
The Black Wolvess,4,20,24,16.7
The Black-Briar Bandits,0,2,2,0.0
The Blessed Ones,1,4,5,20.0
The Blister Exists,0,1,1,0.0
The Boss World,38,118,156,24.4
The BreakerS,0,2,2,0.0
The Browncoats,0,1,1,0.0
The Buckaroos,0,1,1,0.0
The Call of the Gods,0,8,8,0.0
The Carefree Fishermen,0,3,3,0.0
The Celestial Lions,33,107,140,23.6
The City Underneath The Ocean,1,7,8,12.5
The Comunity,1,1,2,50.0
The Cowders,1,3,4,25.0
The Crowd,0,1,1,0.0
The Crying Ghost,0,1,1,0.0
The Cumin Legion,0,1,1,0.0
The DAY,0,1,1,0.0
The Darchangel,0,2,2,0.0
The Dark Legion of Kaelor,2,12,14,14.3
The Dark Roses,0,3,3,0.0
The Dark Scythes,2,0,2,100.0
The Darkin Ghosts,0,1,1,0.0
The Dead Rebel,0,1,1,0.0
The Death Saints,3,2,5,60.0
The Death is Brazilian,0,4,4,0.0
The Deprived,0,1,1,0.0
The Desert Outlaws,0,3,3,0.0
The Destruction Company,28,74,102,27.5
The Dipers,2,5,7,28.6
The Dirty Innkeepers,1,0,1,100.0
The Dungeon Of The Black Compa,13,47,60,21.7
The Egg Family,0,4,4,0.0
The Emperor hand,1,0,1,100.0
The Espectro,0,3,3,0.0
The Family M,1,1,2,50.0
The Fen Folk,0,1,1,0.0
The First Kingdom,1,4,5,20.0
The Garden Dragons,0,10,10,0.0
The Geneva Checklist,0,2,2,0.0
The Ghosts1,3,2,5,60.0
The Glory of valhalla,2,0,2,100.0
The GoodBooys,0,3,3,0.0
The Great Depression,0,1,1,0.0
The Guardian Lords,3,8,11,27.3
The Honored One,0,1,1,0.0
The Insanity,59,72,131,45.0
The Irish Mafia,11,36,47,23.4
The Jolly Rogerz,35,41,76,46.1
The Kingdom Of Guardians,5,14,19,26.3
The Kings Codex,12,33,45,26.7
The Kings Of Chaos,1,0,1,100.0
The Knights of Thunder,0,2,2,0.0
The Last Nest,1,4,5,20.0
The Last Team,2,1,3,66.7
The Last of Gods,0,4,4,0.0
The Legion Of Asgard,0,2,2,0.0
The Legion of Reflective Fall,8,8,16,50.0
The Life Sneak,1,2,3,33.3
The Lion Jota Vnzla,0,3,3,0.0
The Lonely Mauron,14,20,34,41.2
The Lonely Men,73,74,147,49.7
The Lonely Skibidi,117,129,246,47.6
The Long Road,0,2,2,0.0
The Midnight Dragons,0,2,2,0.0
The Mind Breakers,1,2,3,33.3
The Mobile,0,2,2,0.0
The Monarch of Shadows,1,0,1,100.0
The Monkey Kings,0,1,1,0.0
The New-Order,9,37,46,19.6
The Nhoibla Order,0,1,1,0.0
The North Order,9,4,13,69.2
The Oficial Deadly Alliance,3,1,4,75.0
The Order of good guys,0,2,2,0.0
The Originalls,0,1,1,0.0
The Pampeans Hub,4,12,16,25.0
The Place of our Heritage,0,2,2,0.0
The Plaga,103,155,258,39.9
The Pleshure of Frostspike,0,1,1,0.0
The Princess,1,0,1,100.0
The Rat Gang,0,4,4,0.0
The Real Aggression,73,97,170,42.9
The Rising Sun Pirates,0,3,3,0.0
The Roswell 51,0,1,1,0.0
The Rugrats,218,240,458,47.6
The Sealords,0,1,1,0.0
The Secret Guild,0,7,7,0.0
The Seekers of Valstheim,0,3,3,0.0
The Seven Knights,0,1,1,0.0
The Shadows Inmortal,1,4,5,20.0
The Shanty Raiders,0,2,2,0.0
The Shiree,2,4,6,33.3
The SiNx BR,0,1,1,0.0
The Skull Bearers,24,31,55,43.6
The Slapahoe Tribe,0,1,1,0.0
The Slim Army,2,37,39,5.1
The Soaring Flames,0,1,1,0.0
The Sons of Chaos,0,2,2,0.0
The South Park,1,1,2,50.0
The Stick Of True,0,1,1,0.0
The Storm Riders,6,35,41,14.6
The Tecno Cube TTC,1,4,5,20.0
The Templars of Hell,0,1,1,0.0
The Trade Central,0,1,1,0.0
The Undead and Unwanted,0,1,1,0.0
The Uppers,26,21,47,55.3
The Valorants,2,5,7,28.6
The Wagner Group,0,1,1,0.0
The Wallstone,0,1,1,0.0
The Wandering BlackSmiths,5,30,35,14.3
The Way of Kings,1,9,10,10.0
The Wealthy Citizens Of Albion,0,1,1,0.0
The White Dragons House,0,2,2,0.0
The WhiteBeards,0,3,3,0.0
The WildRovers,1,8,9,11.1
The Wolf Company,6,25,31,19.4
The Wolfs Of Thetfort,0,1,1,0.0
The Wolves Of Valhalla,1,2,3,33.3
The arctic monkeys,0,6,6,0.0
The edgerunners,0,1,1,0.0
The ghost knights,3,2,5,60.0
The great Iron Legion,0,1,1,0.0
The guardians crystal,0,5,5,0.0
The last gamers,0,3,3,0.0
The one 00,1,1,2,50.0
The vicious,4,19,23,17.4
TheBikiniBottomDweebs,0,1,1,0.0
TheBushyBank,0,2,2,0.0
TheChiefs,5,3,8,62.5
TheDarkKnight,7,17,24,29.2
TheElderWarriors,0,3,3,0.0
TheHope,1,1,2,50.0
TheHordeGM,48,68,116,41.4
TheJoNhsViKiNgS,0,3,3,0.0
TheLASTDisband,3,4,7,42.9
TheLittlePigs,3,8,11,27.3
TheMadness,3,1,4,75.0
TheMenKill,0,5,5,0.0
TheMonkey,0,1,1,0.0
TheMonument,11,21,32,34.4
TheMoon,0,3,3,0.0
ThePanas,1,1,2,50.0
ThePrensadoBoys,0,2,2,0.0
TheRapazes,0,1,1,0.0
TheRevenants,1,4,5,20.0
TheRudeBoyZ,0,2,2,0.0
TheScarletCrusade,0,2,2,0.0
TheSmurfs,0,1,1,0.0
TheSpartanSQUAD,22,45,67,32.8
TheSunBros,0,1,1,0.0
TheTempest,0,4,4,0.0
TheZone,0,1,1,0.0
The_Dragon_Knights,0,2,2,0.0
The_Family89,0,7,7,0.0
The_Shadows_Hunter,0,12,12,0.0
The_StrawHats,1,5,6,16.7
The_WolfGang,0,4,4,0.0
ThegusT Kings,2,13,15,13.3
Thehoffmans,0,4,4,0.0
Therabithia,0,1,1,0.0
Therian,6,4,10,60.0
Therians,0,4,4,0.0
Thet Bank,1,0,1,100.0
Thetford Gankerss,2,7,9,22.2
Thetford on Top,0,1,1,0.0
Thetforever,7,59,66,10.6
This-Promise,14,24,38,36.8
Thranduils Halls,0,2,2,0.0
Three Lights Star,1,2,3,33.3
Throne Of Chaos,4,15,19,21.1
Throwing Chair,24,69,93,25.8
Thunderkittens,1,1,2,50.0
TiempoEspacioKriptomonedasOro,1,0,1,100.0
Tier 4 In Our Back,0,1,1,0.0
Tik Tok,0,1,1,0.0
Tilinesios,1,3,4,25.0
TimGuards,0,2,2,0.0
TimTula,0,1,1,0.0
Time Is NOT Passing,1,2,3,33.3
Time Lords of Ava,0,7,7,0.0
Time Of Eternity,0,2,2,0.0
Timoteo Army,3,2,5,60.0
Tlacoyos Asesinos,1,0,1,100.0
Tokyo Ghost,0,1,1,0.0
Tom ee Jerry,0,2,2,0.0
Tonaltecas_01,0,1,1,0.0
Top1Coleta,0,3,3,0.0
TopG Hellgaters,0,2,2,0.0
ToppanLagann,2,1,3,66.7
TordesLichts,0,1,1,0.0
Torhu,0,2,2,0.0
Torrada,0,1,1,0.0
Torre Mayor,0,1,1,0.0
Torress,0,1,1,0.0
Tosty Guild,0,1,1,0.0
Touch of Malice,1,4,5,20.0
Touros Do Caos,0,1,1,0.0
Toxic Frog,0,1,1,0.0
Toxic Latina,0,6,6,0.0
Toxic Legacy,0,1,1,0.0
Toxic Very Toxic,0,1,1,0.0
Toy Soldier,39,52,91,42.9
Tr0pa do Caramel0,0,2,2,0.0
Tr4t4 D3 4lbin4s,3,10,13,23.1
Trabalhadores100,0,1,1,0.0
Trackpad Footpads,1,5,6,16.7
Traders and Merchants Guild,0,1,1,0.0
Traders league,1,1,2,50.0
Trash Collectors,6,12,18,33.3
Travel Planners Are Pervs,0,4,4,0.0
TravelersUnion,3,29,32,9.4
Treasure Tales,211,286,497,42.5
Treasure TrackerS,0,2,2,0.0
Trebeil,0,1,1,0.0
Tres0sitos,0,1,1,0.0
Trevourss,4,4,8,50.0
Tribe Qiluete,1,2,3,33.3
Tribu de Judah,3,2,5,60.0
Tribu salasar,0,1,1,0.0
Tributos,8,15,23,34.8
Trippie Redd,6,22,28,21.4
Tripulantes De Mumm-Ra-420,0,1,1,0.0
Troll Karma,0,1,1,0.0
Tropa Auriverde,0,6,6,0.0
Tropa da KaBUM,9,8,17,52.9
Tropa do Gelo,0,1,1,0.0
Tropa dos Coletores,0,2,2,0.0
Tropa du Balacobaco,1,0,1,100.0
Troupe Of Fools,0,2,2,0.0
True Damage Og,2,1,3,66.7
True Gentleman,224,223,447,50.1
Trulicity,7,2,9,77.8
Trup phatasma,1,19,20,5.0
Tryhard Anti Ganker,1,0,1,100.0
Ts RED,1,0,1,100.0
Tu viejo,1,0,1,100.0
Tuata- de-daan,0,1,1,0.0
Tudo Magnata,1,1,2,50.0
Tumba de la Espada,4,8,12,33.3
Turkey Empire,0,1,1,0.0
Tuskateers,3,6,9,33.3
Twilight Avengers,1,1,2,50.0
Twilight Knights,20,63,83,24.1
Twilight Vipers,0,2,2,0.0
Twin_Dragons,2,9,11,18.2
TwoKiss,1,20,21,4.8
Twys Maple Kingdom,0,1,1,0.0
TyrannT,200,178,378,52.9
U Are My Profit,80,131,211,37.9
U D S,11,14,25,44.0
U L T A,13,17,30,43.3
U m b r a - D r a c o n u m,0,1,1,0.0
U-L-F-A-R,1,7,8,12.5
U-Mad,0,2,2,0.0
U-S-E-L-E-S-S,4,14,18,22.2
UFX,14,8,22,63.6
UGU GANG,0,1,1,0.0
UGotRatted,26,12,38,68.4
UKHU,2,1,3,66.7
ULTIMO IMPERIO AZTECA,0,1,1,0.0
UN CROMOSOMA EXTRA,0,1,1,0.0
UN NUEVO AMANECER,43,18,61,70.5
UNERG,4,1,5,80.0
UNFORSAKEN CHAOS,1,7,8,12.5
UNITED one,0,4,4,0.0
UNOS,18,27,45,40.0
URSOS AUTISTAS BR,2,4,6,33.3
URSS VPERIOD,0,2,2,0.0
UW Uivo de guerra,0,6,6,0.0
UberBlack,1,2,3,33.3
Uknows,4,6,10,40.0
Ultima Voluntad,4,13,17,23.5
Ultima-Ratio,27,33,60,45.0
Ultimate Lords,3,14,17,17.6
Ultimates,0,3,3,0.0
Ultimo bastion de la humanidad,0,1,1,0.0
Ultimos Guardianes De Martlock,3,6,9,33.3
UltraViolenc3,0,1,1,0.0
Umbra-Corvi,1,0,1,100.0
Umbral Hunters,0,2,2,0.0
Umbrella the Revenger,3,5,8,37.5
Un Monton de Gordas,24,39,63,38.1
Un Tercio De Lokos,6,22,28,21.4
UnEikonic,2,11,13,15.4
Unfortunate,0,1,1,0.0
Unholy Core,19,20,39,48.7
Unidad Obrera,0,3,3,0.0
Union Democratica,2,8,10,20.0
Union Knight,6,8,14,42.9
UnionHispana,1,5,6,16.7
Unison Squad,12,29,41,29.3
Unknown Genesis,0,2,2,0.0
Unlucky Cats,2,6,8,25.0
Unreachable,1,8,9,11.1
Unslave,184,258,442,41.6
Upside,365,211,576,63.4
Ur0boros,0,2,2,0.0
UsGuriX,0,3,3,0.0
UtopiaMX,4,5,9,44.4
UwUknights,0,4,4,0.0
Uxon Fortex,7,11,18,38.9
V 0 1 D,29,10,39,74.4
V E 1 N Z,0,3,3,0.0
V GATHERER,0,2,2,0.0
V I A J E R O S,3,2,5,60.0
V I N D E X,0,2,2,0.0
V I O L A T O R Y,0,1,1,0.0
V LOGAN,0,3,3,0.0
V O L K R U M,0,1,1,0.0
V O R A C I T Y,40,83,123,32.5
V de viagra,1,2,3,33.3
V for Vendetta V,3,10,13,23.1
V-D-N,0,1,1,0.0
V-KINGS,2,21,23,8.7
V-KINGS II,0,1,1,0.0
V1K1NGSS,0,3,3,0.0
V1ctory or Death,8,12,20,40.0
V23 HUN,0,1,1,0.0
V4TOS LOCOS,10,16,26,38.5
VAASCO DA GAMA,0,2,2,0.0
VAGANTES DE BRIDGEWATCH,0,8,8,0.0
VAGOS VE,4,17,21,19.0
VAL - HALLA,6,19,25,24.0
VALAR HARKONNEN,5,16,21,23.8
VALEBAT,1,1,2,50.0
VALHALLA ROADS,0,1,1,0.0
VALKARION,22,54,76,28.9
VASH ESTAMPIDA,12,37,49,24.5
VATICANUM,20,55,75,26.7
VELUM MORTIS,1,0,1,100.0
VENENO BLACK,13,56,69,18.8
VENENO T8,63,141,204,30.9
VENTISKOS,0,3,3,0.0
VERGANZA 2,2,0,2,100.0
VGS Vagabondes,0,1,1,0.0
VICTORY GAME,0,2,2,0.0
VIGILANTES DEL TEJADO,55,76,131,42.0
VIK1NG0S,0,1,1,0.0
VILA MIX,1,0,1,100.0
VILLA MIX,2,6,8,25.0
VIOLENT PIXELS,0,3,3,0.0
VIOLENT SOULS,2,6,8,25.0
VITERIUM,11,22,33,33.3
VIVA LA PLATA,0,1,1,0.0
VK Army,56,107,163,34.4
VK Army Freeman Reborn,3,1,4,75.0
VME,40,107,147,27.2
VN Vo Dich,0,1,1,0.0
VNzueLA ASesinOS De AlbioN,0,1,1,0.0
VOEN ASUR,1,3,4,25.0
VOID HECHO,3,3,6,50.0
VORAGO,1,16,17,5.9
VOX BELLUM,2,15,17,11.8
VULTURES RAIZ,0,1,1,0.0
Vai pra Vala,0,1,1,0.0
Vai pro Canto seu Animal,0,2,2,0.0
VaiTomando,1,14,15,6.7
ValHalla Club,0,1,1,0.0
Valarianos,0,4,4,0.0
Valhalla Seekers,0,2,2,0.0
Valhalla Weapon,0,5,5,0.0
Valhalla-Saints,1,0,1,100.0
Valhallas Fury,0,4,4,0.0
Valle de sangre,2,1,3,66.7
Vanguard Killers,1,7,8,12.5
Vanguard4,0,3,3,0.0
Vanguarda Infinita,4,14,18,22.2
Vanguardia del eclipse,1,0,1,100.0
Vanilla Legion,13,101,114,11.4
Vectorium,0,3,3,0.0
Veel Glorie,14,45,59,23.7
Velar Hub,0,1,1,0.0
Velkommen til helvede,0,2,2,0.0
Velo Carmesi,0,2,2,0.0
Velo Rojo,34,76,110,30.9
Velonegro,0,2,2,0.0
Velum_mortis,1,0,1,100.0
Venekitos en cerru,3,0,3,100.0
VenenoT6,3,16,19,15.8
Veni Vici,124,94,218,56.9
Venture Ghost,0,4,4,0.0
Verguizas Kbronaz,1,17,18,5.6
VeryDificul,2,18,20,10.0
ViGAME,4,5,9,44.4
Via Nocturna,36,77,113,31.9
Viatorem,1,1,2,50.0
ViciosuS,0,2,2,0.0
Victory or Valhalla - NA,117,98,215,54.4
Viejossabroso,2,5,7,28.6
Vigilantes del Fuego,0,2,2,0.0
Vikingard,1,3,4,25.0
Vikings of Death,0,1,1,0.0
Villa Vastaya,0,2,2,0.0
Viudas Negras Fx,0,5,5,0.0
Viva la Arepa,0,1,1,0.0
Vivallo,1,2,3,33.3
VlCl,1,3,4,25.0
VlNLAND,24,20,44,54.5
VlOLENCE,0,2,2,0.0
Vladilie,0,1,1,0.0
Void Dreamers,4,22,26,15.4
Void Team I,3,2,5,60.0
Voidborn Order,0,4,4,0.0
Voidrift,1,14,15,6.7
Volans,5,12,17,29.4
Volaos Gamer,1,3,4,25.0
Volkzsturm,7,26,33,21.2
Volta Killerzynho,0,1,1,0.0
Von Rugenbauer,0,1,1,0.0
Von supremo,71,155,226,31.4
Vorathis,0,1,1,0.0
Vox-Populi,0,1,1,0.0
Vueltas la amenaza,0,4,4,0.0
Vulkanor,5,11,16,31.2
Vullturess,0,1,1,0.0
Vulture Tyranny,8,11,19,42.1
W - M I S T T,0,4,4,0.0
W 4 R G,4,5,9,44.4
W A R H E A D,1,0,1,100.0
W I T C H E R S,5,19,24,20.8
W R E C K E D,20,77,97,20.6
W800tCraft2,1,1,2,50.0
WAN7ED,0,1,1,0.0
WB POLlCE,8,4,12,66.7
WE COOKED,29,72,101,28.7
WH4TS4PP,7,9,16,43.8
WHITE PARTY,0,3,3,0.0
WHITE-MOON,2,7,9,22.2
WIND BREAKERS Y-R-T,5,10,15,33.3
WIPE_OUT,4,17,21,19.0
WITH THE LEGENDS,3,2,5,60.0
WIZARD LIZARD ORDER,0,1,1,0.0
WOLFWHITE,0,1,1,0.0
WORLD CAFE,0,2,2,0.0
WORLD WALKERS,5,14,19,26.3
WU TANG LAND,3,8,11,27.3
WW_SLONI,0,1,1,0.0
WYRMWING,0,1,1,0.0
Wah,0,1,1,0.0
Waifu Thighs,1,3,4,25.0
Waiting For Warborne,0,4,4,0.0
Waiting for 1v1,1,1,2,50.0
Walkers Of Avalon,1,1,2,50.0
Walkers of the Tree of Life,0,1,1,0.0
Wall of Thetford,0,5,5,0.0
Wandering-Souls,35,46,81,43.2
WanderingSouls,0,1,1,0.0
Wanted PKS,32,16,48,66.7
War Dreams,3,8,11,27.3
War Game,0,4,4,0.0
War Ponies,0,2,2,0.0
WarPaint,1,8,9,11.1
WarTag UA,0,1,1,0.0
Warborne papi,1,1,2,50.0
Wardens of the North PH,1,1,2,50.0
Warlocks Legion,16,33,49,32.7
Warlod366,0,10,10,0.0
Warlord Syndicate,8,20,28,28.6
Warriors of the AEsir,18,15,33,54.5
WarriorsKings,0,1,1,0.0
Warthog,3,9,12,25.0
Wasteland Core of Engineers,0,4,4,0.0
Watch ur Six,4,2,6,66.7
Watones On Your Back,2,0,2,100.0
WayOfValhalla,0,8,8,0.0
We Are Yakuza,18,39,57,31.6
We Bare-Bears,24,18,42,57.1
We Profit,95,98,193,49.2
We Trade,6,10,16,37.5
We Were Chaos,0,4,4,0.0
Weak Goons,0,4,4,0.0
Webweavers,1,1,2,50.0
Welcome to Chernobyl,1,1,2,50.0
WeryTash,1,1,2,50.0
West Coast USA,1,2,3,33.3
Western Legion,6,12,18,33.3
Western Paradise,0,4,4,0.0
Whale Sharks Incorporated,0,5,5,0.0
When pigs fly,0,3,3,0.0
Whiskeylandia,0,2,2,0.0
White Lodge,4,1,5,80.0
White Rams,0,4,4,0.0
WhiteLotus,5,4,9,55.6
WhiteShadow,0,10,10,0.0
WhiteSm0ke,4,2,6,66.7
Who is Lobitos,4,5,9,44.4
Widows Mark,1,7,8,12.5
Wild Egy,6,26,32,18.8
Wild Primes,1,14,15,6.7
Wind Night,0,1,1,0.0
Windgrass Police,1,10,11,9.1
Winged Glory,0,1,1,0.0
Wings of Legacy,0,2,2,0.0
Winter Nomads,1,4,5,20.0
Winter White,0,8,8,0.0
Winter-Wolves,0,2,2,0.0
WinterLat,10,31,41,24.4
Wipe Programado,0,2,2,0.0
Wish Masters,0,1,1,0.0
With Lemon,3,4,7,42.9
Witless Mercenaries Tavern,3,9,12,25.0
Wolf Family,0,2,2,0.0
Wolf Pack - Albion,0,2,2,0.0
WolfMafia,1,9,10,10.0
WolfOfSterling,0,1,1,0.0
WolfToken,0,1,1,0.0
Wolves from the Underworld,0,1,1,0.0
Wolves of Graymane,0,1,1,0.0
Wolves of the Void,2,6,8,25.0
Working Man,1,8,9,11.1
World No Game No Life,0,5,5,0.0
WsK Tahiti,0,4,4,0.0
Wu Ji Bi Fan,4,2,6,66.7
Wua-Tong-Klan,0,6,6,0.0
Wyrmroot,0,1,1,0.0
Wyze,27,20,47,57.4
X EL REINO AVALON X,52,134,186,28.0
X EL ULTIMO REINO X,117,287,404,29.0
X LA HABANA X,0,1,1,0.0
X La-Ultima-Orden X,2,10,12,16.7
X Visionarios X,0,2,2,0.0
X Y R I S,16,71,87,18.4
X ZODIAC X,5,2,7,71.4
X sTARS BLACk,0,1,1,0.0
X-Noxius-X,4,7,11,36.4
X-PvP,33,53,86,38.4
X-V-X,1,0,1,100.0
X1 DOS CRIA,0,1,1,0.0
XANGELESXSANGRIENTOSX,5,10,15,33.3
XAlpha HuntersX,0,4,4,0.0
XD LEGIONES FENIX XD,0,1,1,0.0
XINKALI,0,11,11,0.0
XKXK,10,22,32,31.2
XMxAxYxHxExMx,3,8,11,27.3
XNUMENORX,0,3,3,0.0
XNoMercy,87,167,254,34.3
XTGoldenFox,0,2,2,0.0
XX YGGDRASIL XX,0,1,1,0.0
XX-PRO,1,6,7,14.3
XXGallosFinosXX,0,9,9,0.0
XXX CUBA ASSASSINS XXX,1,0,1,100.0
XXX ZZZ XXX,4,7,11,36.4
XXX3XXX,8,16,24,33.3
XXXXQUEENXXXX,0,1,1,0.0
XX_XX,1,0,1,100.0
X_Dreams Walkers_X,0,1,1,0.0
Xandar God,2,3,5,40.0
Xanxiety,1,1,2,50.0
Xbox,0,3,3,0.0
Xeque_Mate,0,1,1,0.0
XisdeHouse,0,1,1,0.0
XvoTeam,2,6,8,25.0
Xwarriors,0,1,1,0.0
Xx EL ULTIMO REINO xX,0,1,1,0.0
Xx ETERNO LEGADO xX,0,3,3,0.0
Xx El Oasis xX,3,2,5,60.0
XxMorpheusxX,17,25,42,40.5
XxRESURGENCExX,0,1,1,0.0
XxTropadoUrsoxX,2,4,6,33.3
XxWakandaxX,0,1,1,0.0
XyuBalayka,0,1,1,0.0
Y 4 K U Z 4,0,1,1,0.0
Y O P A L,15,24,39,38.5
Y U R N E R O,0,3,3,0.0
Y-A-M-A-H-A,0,1,1,0.0
YAKUZA_G,3,15,18,16.7
YOU ARE LOOT,44,63,107,41.1
YOUNG - PLAYER,4,16,20,20.0
YOU_ARE_DEAD,450,349,799,56.3
YOWAIMO,0,1,1,0.0
YTNoragamiYT,0,2,2,0.0
YUNc,0,1,1,0.0
YZ main,2,1,3,66.7
Ya Te La Sabes Mamon,0,1,1,0.0
YaKcheYa,23,24,47,48.9
Yami no Kishi,0,5,5,0.0
Yanami,1,5,6,16.7
YeetDynasty,1,2,3,33.3
Yeguas avalonianas,55,73,128,43.0
Yellow River Boys,1,2,3,33.3
Yihad,1,8,9,11.1
YingYangTCC,1,13,14,7.1
Yo Mom Dyntka,1,3,4,25.0
Yotaze 06,3,9,12,25.0
You Okay,20,39,59,33.9
Your Iast Breath,13,9,22,59.1
Your_Bunny_Wrote,0,1,1,0.0
Yowsito Family,1,2,3,33.3
YronSide,9,32,41,22.0
YuReM,0,1,1,0.0
Yupilandiaa,0,2,2,0.0
Z 0 N E,16,25,41,39.0
Z 3 R 0,1,0,1,100.0
Z A M U R A I,4,6,10,40.0
Z I O N,1,0,1,100.0
Z1GROM_PL,0,1,1,0.0
Z3L4D4CL4N,1,5,6,16.7
ZADONW,1,3,4,25.0
ZAGORI,0,4,4,0.0
ZATORI,0,1,1,0.0
ZEFIRO,0,1,1,0.0
ZELS,0,1,1,0.0
ZKT1,0,2,2,0.0
ZMZZL,6,0,6,100.0
ZT LOVE,2,0,2,100.0
ZZZ Y ASOCIADOS,0,1,1,0.0
ZZaguilarZZ,1,1,2,50.0
Z_WARRIORS,2,1,3,66.7
Ze Ruelas,0,1,1,0.0
Zer0 Prof1t,0,5,5,0.0
Zerg Incoming,5,10,15,33.3
Zero Consequences,0,1,1,0.0
Zero X,0,1,1,0.0
Zero-Time,3,8,11,27.3
Zeruda no Densetsu,0,1,1,0.0
Zha-think,0,1,1,0.0
Zhongji Gangtie Xia,0,3,3,0.0
ZimZomZoom,1,8,9,11.1
ZoEiRa Br,0,2,2,0.0
ZolDycKx,0,1,1,0.0
ZoldyckHaki,0,1,1,0.0
Zoltrak,1,8,9,11.1
Zone X,2,13,15,13.3
Zonebreakers,0,1,1,0.0
Zukaritas,12,19,31,38.7
Zwart Vuur,0,1,1,0.0
Zysas,1,0,1,100.0
Zz BLACK ICE zZ,0,2,2,0.0
ZzZLEGENDS,3,10,13,23.1
a Lo Humilde Pa,0,1,1,0.0
abababa,1,0,1,100.0
abisal,0,1,1,0.0
adios vv,0,6,6,0.0
agias,0,6,6,0.0
agreencultor,0,1,1,0.0
albion online master,0,2,2,0.0
alcosto,1,10,11,9.1
amoral,3,19,22,13.6
anarxia mati poryadka,0,2,2,0.0
andersojese,0,2,2,0.0
angel1lobo,0,3,3,0.0
angeles del olimpo,0,15,15,0.0
archero,0,1,1,0.0
asesinos de la luna,0,2,2,0.0
asesinos sin mascara0,0,1,1,0.0
ass destroyer,0,4,4,0.0
auraaaaaaaaaaaaaaaaaaaaaaaaaaa,4,1,5,80.0
aventureiros de lym,1,7,8,12.5
baby_yoda,1,0,1,100.0
bald brothers,1,1,2,50.0
baussolobolo,1,0,1,100.0
bayit,0,1,1,0.0
bibibubu,0,1,1,0.0
black-knights117,0,6,6,0.0
blackhooll,0,1,1,0.0
blood blood blood,0,1,1,0.0
bmb camera de gas,0,1,1,0.0
boars head tavern,5,23,28,17.9
brayanxd,0,1,1,0.0
bringz BoyZ to the yard,0,4,4,0.0
cCLTS eEXPLORADOS,0,1,1,0.0
caballeros hoscuros,0,1,1,0.0
caballeros oscuros II,1,0,1,100.0
cadets of antisocials,1,2,3,33.3
camera 34,0,1,1,0.0
caos y origen,2,1,3,66.7
casperblack,3,7,10,30.0
cazadores de recuersos,1,6,7,14.3
cazadores okre,0,1,1,0.0
cefiro,1,2,3,33.3
centuryon,1,0,1,100.0
cerdo cap corp,0,1,1,0.0
cheap builds enthusiasts,1,1,2,50.0
chepakillers,5,20,25,20.0
churejones,1,3,4,25.0
clan del viento,7,10,17,41.2
clan pochos,1,1,2,50.0
clubONLY,0,1,1,0.0
cobra throw,0,5,5,0.0
cobras renegadas,0,2,2,0.0
coletores sombriu,0,2,2,0.0
corronchos,0,1,1,0.0
coven of the crow,0,3,3,0.0
crazy7777,0,2,2,0.0
crimson bloodd,0,1,1,0.0
crisbelys,0,3,3,0.0
cucumelon,0,1,1,0.0
cuenta secundaria,1,1,2,50.0
cult of ash 2,1,4,5,20.0
culto a morgana,0,1,1,0.0
cz beat,0,3,3,0.0
de4th crows,0,1,1,0.0
degggrfd,0,1,1,0.0
demon piggs,1,0,1,100.0
demonxx,0,1,1,0.0
desavence,117,110,227,51.5
eTERNITY wARRIOR,10,8,18,55.6
el abismo de helm,1,2,3,33.3
el chero de 12,2,0,2,100.0
el clan de las bestias,0,1,1,0.0
el ejercito del orden,0,1,1,0.0
el pacto 0k 0k,0,2,2,0.0
el vnzl,0,5,5,0.0
eminences in the shadows,0,2,2,0.0
en Venezuela 1,3,3,6,50.0
entre-la-neblina,3,3,6,50.0
escuadrib pinter,1,0,1,100.0
escuadron salchicha,16,15,31,51.6
eternal legends 19,0,3,3,0.0
f-BarZini,15,31,46,32.6
fairy tail3,4,20,24,16.7
familia croods,1,2,3,33.3
far-MEX,0,1,1,0.0
farmers forever,0,1,1,0.0
farmsquad,0,1,1,0.0
fastdemoon,0,1,1,0.0
fear the depths,1,3,4,25.0
fecha as aba e firma,1,1,2,50.0
femboys hunters,0,3,3,0.0
femboys perukistanos,0,1,1,0.0
figueiramal2,2,11,13,15.4
forever33,0,2,2,0.0
forja desmonorada,1,2,3,33.3
fort-Luan,0,1,1,0.0
fraternid4d,0,2,2,0.0
free elite,0,1,1,0.0
frentic of valor,6,11,17,35.3
fuerza farme,0,2,2,0.0
fundacion speed wagon,0,1,1,0.0
ghost soldiers br,0,9,9,0.0
gloomy smile,1,6,7,14.3
gorylovers,1,2,3,33.3
gothyk dragon,0,2,2,0.0
gotitas del saber,0,1,1,0.0
gotta go faster,0,1,1,0.0
grey_knights,1,2,3,33.3
guardians of night,0,1,1,0.0
gudofinhoss,0,2,2,0.0
guerreiros do pve,0,3,3,0.0
gurises,0,2,2,0.0
harry potter sem harry potter,0,1,1,0.0
headbutt,34,36,70,48.6
hermanda del velo,0,1,1,0.0
hermandad del lobo,1,0,1,100.0
hermanos kpos,0,1,1,0.0
hi mane is,1,0,1,100.0
hongchenggongren001,2,0,2,100.0
honor kinghts,2,8,10,20.0
hormigas quimeras,0,6,6,0.0
hwm,1,3,4,25.0
i GAME OVER l,15,42,57,26.3
i The Line i,4,9,13,30.8
i l l u s i o n,0,1,1,0.0
iBurn,14,30,44,31.8
iCore,4,8,12,33.3
iFLAME,3,19,22,13.6
iFamilyALENDA,1,6,7,14.3
iTunes,0,13,13,0.0
iVoid,62,74,136,45.6
ikkiguild,0,3,3,0.0
il paramo,0,1,1,0.0
ilCALAKMULli,1,0,1,100.0
imperio de la orden sostenible,1,6,7,14.3
impitoyables,1,4,5,20.0
inmortales_xxx,0,4,4,0.0
insolated,0,4,4,0.0
ira del legado,1,1,2,50.0
irmandade Assassina,0,1,1,0.0
israelalmendras,1,1,2,50.0
jabali del caos,6,30,36,16.7
juilinege777,0,2,2,0.0
junta revolucionria de Theford,0,2,2,0.0
kAMIKAZES 13,0,1,1,0.0
kako21,22,16,38,57.9
kami kakushi,0,3,3,0.0
kamikase527,0,2,2,0.0
kanedase,0,2,2,0.0
kastoria,0,3,3,0.0
kateghatt,0,1,1,0.0
kill kings pro max,0,1,1,0.0
killers titans,0,1,1,0.0
king Criynsom,3,1,4,75.0
kingdom of sword,0,2,2,0.0
klefedroniarze,1,6,7,14.3
knights bl00d,1,1,2,50.0
knull-s,0,2,2,0.0
komPayasos,2,6,8,25.0
kubo-sama,0,2,2,0.0
kurosh hunters,0,1,1,0.0
l Band of the Hawk l,0,1,1,0.0
l E-V-O-L-U-T-I-O-N l,1,1,2,50.0
l ESCALATION FASST l,1,2,3,33.3
l FALSO POSITIVO l,2,3,5,40.0
l G 0 d a z y z Z l,0,4,4,0.0
l GREMORY l,0,4,4,0.0
l SKYPIEA l,2,4,6,33.3
l UNBROKEN l,0,1,1,0.0
l VNZL Gang l,27,19,46,58.7
l WinterWolves l,0,1,1,0.0
l-Night,1,4,5,20.0
lB E R S E R K,75,103,178,42.1
lFOOD,1,14,15,6.7
la orden de la sombras,1,4,5,20.0
la recluta,6,8,14,42.9
lanza de acero,0,2,2,0.0
las bolas del dragon,0,1,1,0.0
las catacumbas_100,1,15,16,6.2
las gatas salvajes de lorenzo,1,0,1,100.0
latenite,2,17,19,10.5
legin oscura,0,1,1,0.0
legionbrhue,0,1,1,0.0
leones_carmeci,0,2,2,0.0
leprechaunx,3,11,14,21.4
les fr valoir,50,45,95,52.6
lest timer,1,0,1,100.0
light chaser,16,24,40,40.0
linus crebia,0,1,1,0.0
ll CRY OF FEAR ll,0,1,1,0.0
ll HACK ll,4,2,6,66.7
ll Legion of Vikings ll,0,4,4,0.0
ll TRUE DMG ll,3,16,19,15.8
llBLACK DEATHll,3,7,10,30.0
llMXMll,2,2,4,50.0
llOllOll,1,0,1,100.0
ll_MONKEYS_ll,1,6,7,14.3
lobo blanco,1,2,3,33.3
locos12,0,4,4,0.0
lolliani,0,1,1,0.0
lord dragons,0,13,13,0.0
lordemi,0,2,2,0.0
los Tigres nobles,4,11,15,26.7
los Titanes 2 0,1,0,1,100.0
los akaskis,2,3,5,40.0
los araganes xd,0,3,3,0.0
los arcanos asendidos,2,2,4,50.0
los arcanos de la noche eterna,0,11,11,0.0
los bakanos,0,2,2,0.0
los bros3,0,1,1,0.0
los caballeros del sur,0,3,3,0.0
los caramelos,0,1,1,0.0
los chauchis 2_7,0,3,3,0.0
los chiques,0,3,3,0.0
los cuervos negros,0,1,1,0.0
los dos reyes,1,4,5,20.0
los gankeados xd,0,1,1,0.0
los macacos,0,5,5,0.0
los mortadela,0,2,2,0.0
los perros locos28,1,2,3,33.3
los piratas de zona negra,1,15,16,6.2
los rompe corazones 1990,5,18,23,21.7
los sin chamba,0,4,4,0.0
los sin trabajos,0,4,4,0.0
los tigre,0,1,1,0.0
los titanes,0,1,1,0.0
los-sellados,0,1,1,0.0
los_managers,0,2,2,0.0
loscornos,0,1,1,0.0
losdestruye12,0,5,5,0.0
luna de sangrienta,1,3,4,25.0
lymhurt AJ,0,2,2,0.0
malakatski,0,1,1,0.0
malditos pochos,1,13,14,7.1
manc0s team,0,9,9,0.0
mayan,0,4,4,0.0
memepaws,4,18,22,18.2
mercenarios del mayab,1,4,5,20.0
mestre cozinheiro,0,7,7,0.0
mi 2 chamba es albion,3,9,12,25.0
mi gremio DANIALEISA,4,7,11,36.4
miaw2511,0,3,3,0.0
minoris pretii,8,10,18,44.4
mipi entusna,0,1,1,0.0
mobileon,0,1,1,0.0
monkey clup,0,1,1,0.0
moonsoftcraft,0,1,1,0.0
morre morre 2,0,1,1,0.0
mouse rockers,0,1,1,0.0
muhteem purna,0,2,2,0.0
myownshitshow,0,3,3,0.0
n choran,3,2,5,60.0
n e m e s i s,0,2,2,0.0
nacion sagrada,0,1,1,0.0
nagahs,0,4,4,0.0
never of dragon,1,3,4,25.0
neverevermen,0,2,2,0.0
new world order1,1,8,9,11.1
next page,29,32,61,47.5
nomolestes,1,6,7,14.3
nova legio,0,2,2,0.0
novalymhurst,0,1,1,0.0
novatos os melhores,0,1,1,0.0
oLTz,2,2,4,50.0
oOl_WinterFall_lOo,0,1,1,0.0
of crazy,0,2,2,0.0
oiham,4,5,9,44.4
olImpuz,0,1,1,0.0
one-armed,2,17,19,10.5
only The chosen,1,0,1,100.0
open world solo,0,1,1,0.0
ordenim at solemnitatum,3,8,11,27.3
os lobos solitarios,2,11,13,15.4
osoblanco,1,3,4,25.0
osugremoi,0,1,1,0.0
ouro boro,6,3,9,66.7
paco gerte,0,1,1,0.0
pan con mayonesa,0,3,3,0.0
pan con mortadelas,3,5,8,37.5
parrillera33,0,2,2,0.0
pecado scapitales,0,10,10,0.0
pez del infierno,0,1,1,0.0
pezcuezon12,0,2,2,0.0
phenix rising,0,1,1,0.0
pico y martillo,1,0,1,100.0
pigs bad luck,4,21,25,16.0
platinum green,0,3,3,0.0
playera chill,0,1,1,0.0
pocho power,5,6,11,45.5
por animal,0,1,1,0.0
pugshub,0,2,2,0.0
r00db0is,3,16,19,15.8
ranzinzagg,0,1,1,0.0
ratatullys,0,3,3,0.0
recoleccin 192,0,1,1,0.0
regards,0,2,2,0.0
regressor,0,1,1,0.0
renegados del infiero,1,3,4,25.0
rey demon,0,6,6,0.0
rgd,1,5,6,16.7
rushlevel,1,1,2,50.0
sOuL GripperS,2,2,4,50.0
sQCF - BRASIL,0,1,1,0.0
sagre fria,0,2,2,0.0
salvadores del mal,0,2,2,0.0
sam612,1,2,3,33.3
seabass,0,2,2,0.0
secret heaven,4,9,13,30.8
section 8 guild,0,1,1,0.0
sedesemsangue,0,1,1,0.0
senpapi,3,4,7,42.9
serodartenep,0,1,1,0.0
shadalu,0,5,5,0.0
shadow f1ends,5,12,17,29.4
shellWhale,0,5,5,0.0
shewma,2,13,15,13.3
shika3011,0,1,1,0.0
shmebulockk,0,2,2,0.0
sin fronterasxd,0,2,2,0.0
sin-miedo,6,24,30,20.0
six souls,0,1,1,0.0
skilldiff,1,1,2,50.0
skullhood,0,2,2,0.0
slayer of the beast,1,2,3,33.3
sociedad-de-almas,0,1,1,0.0
soldado templario,0,1,1,0.0
soleil legend Free,3,17,20,15.0
soliddude,0,1,1,0.0
solitariosjdrs,0,1,1,0.0
solo Badon Mist,0,1,1,0.0
solo boliviano xd,1,2,3,33.3
solozxz,0,1,1,0.0
souls fire,4,19,23,17.4
squard suicid,0,1,1,0.0
strife720,0,2,2,0.0
suisei no gotoku,1,2,3,33.3
susurradores del infinito,0,1,1,0.0
team compota,0,1,1,0.0
templarios extorsionadores,2,0,2,100.0
testguild1365,7,2,9,77.8
the DMNZ,0,2,2,0.0
the Luck,0,1,1,0.0
the Seat of the Soul,1,3,4,25.0
the dark reavers,0,1,1,0.0
the dragons house,0,1,1,0.0
the eminence off shadows,0,5,5,0.0
the empire copyula,0,1,1,0.0
the guardians of wars,17,20,37,45.9
the jabatos,0,8,8,0.0
the king berserker,1,0,1,100.0
the kingdom of light,0,1,1,0.0
the knights of the abyss,4,22,26,15.4
the legion of dragons night,0,9,9,0.0
the lost fool,0,2,2,0.0
the woolfs,1,3,4,25.0
the-legends-back25,1,15,16,6.2
the_path_of_the_loot,0,3,3,0.0
the_warriors_martlock,1,1,2,50.0
tigres Brancos,9,14,23,39.1
touros negro,6,11,17,35.3
trabajadores11,2,5,7,28.6
trigeales,3,10,13,23.1
tropa do CLT,0,1,1,0.0
tropa_do_kreitim,3,0,3,100.0
u4gvn,0,1,1,0.0
ultrakil,0,3,3,0.0
un clans mas ok,0,2,2,0.0
uniao dos buxa,0,1,1,0.0
universe breaker,0,1,1,0.0
usBALALAIKA,3,1,4,75.0
utopa,0,3,3,0.0
valcri,1,2,3,33.3
valientes cruzados 7,0,1,1,0.0
vendicta,2,9,11,18.2
vengadores celestiales,0,1,1,0.0
violente,1,11,12,8.3
viva la libertad carajo arg,3,1,4,75.0
warrior faction,0,8,8,0.0
warriors in black and white,0,6,6,0.0
warriors-of-sunlight,0,2,2,0.0
we dont want fake people,2,5,7,28.6
welcon gamers,2,1,3,66.7
wheres the loot,1,20,21,4.8
winerhold,0,1,1,0.0
wings of the void,4,18,22,18.2
wit of niks,0,1,1,0.0
within the light,2,0,2,100.0
working depthss,0,5,5,0.0
x Guardioes de Lym x,6,33,39,15.4
x Militia x,10,29,39,25.6
x P I R A T A S x,1,2,3,33.3
x R A T S x,1,0,1,100.0
x-UBUNTU-x,2,24,26,7.7
xAPEXx,2,1,3,66.7
xBSGx,0,1,1,0.0
xCATACLYSMx,3,11,14,21.4
xCONDENADOSx,2,7,9,22.2
xGUHx BR,0,1,1,0.0
xGankers Slayersx,0,2,2,0.0
xGuardianes del abismo,10,14,24,41.7
xLEGIONx_FORTSTERLING,0,1,1,0.0
xNova ImperiuMx,17,42,59,28.8
xS2x,1,5,6,16.7
xSentinelSx,1,0,1,100.0
xThe Solo Guildx,1,1,2,50.0
xVENOMx,0,1,1,0.0
xVIDAx,2,2,4,50.0
xX Heralds of Ironheart Xx,1,2,3,33.3
xX Maquina Del Mal Xx,1,10,11,9.1
xX Mystic Xx,3,4,7,42.9
xX The Jokers Xx,142,147,289,49.1
xX-P_K_2-Xx,2,8,10,20.0
xXBLACK LIONSXx,0,1,1,0.0
xXBad IdeaXx,51,97,148,34.5
xXBlackSpadeXx,1,3,4,25.0
xXLegionesxxdexxleonesXx,0,6,6,0.0
xXMELGAREJOXx,0,2,2,0.0
xXNitroXx,0,3,3,0.0
xXRebelion X MalXx,2,36,38,5.3
xX_T3lAviv 3sportXx,0,2,2,0.0
x_BANDA DEL HALCON_x,1,0,1,100.0
x_LEGION_x,3,6,9,33.3
xll ARCANE llx,22,25,47,46.8
xvolks,2,0,2,100.0
xx Lone Wolf xx,32,17,49,65.3
xxAlbion Online xx,0,1,1,0.0
xxXLoquito y asociadoXxx,7,10,17,41.2
xxxARMY OF STONExxx,0,1,1,0.0
xxxBraveHeartxxx,2,0,2,100.0
xxxxKINGxxxx,1,6,7,14.3
yFenix,0,1,1,0.0
yemaya y elegua,1,4,5,20.0
yosre111,1,0,1,100.0
youglas,0,1,1,0.0
zFRIGORIFICO,0,1,1,0.0
zGameZ,30,49,79,38.0
zNecromantes,3,3,6,50.0
zSimTeam,0,3,3,0.0
zSlayer Guildsz,0,1,1,0.0
zeuz farmear,0,2,2,0.0
zhubisimagonghui,2,7,9,22.2
zona_55,0,10,10,0.0
zzz333,0,1,1,0.0
