Guild,win,loss,Total,Winrate (%)
-,1472,3322,4794,30.7
0 PVE,11,13,24,45.8
0-DarKraI-0,0,1,1,0.0
0-Downs,50,39,89,56.2
0-L-Y-M-P-U-S,0,1,1,0.0
0-Warcraft-0,0,2,2,0.0
00ZMA KAPPA,0,1,1,0.0
0PG,0,1,1,0.0
0UTNUMB3R,50,31,81,61.7
0VERGEARED,0,1,1,0.0
0______________________0,3,1,4,75.0
0rder 66,1,6,7,14.3
0rigem,3,3,6,50.0
0s Guardioes,12,64,76,15.8
0s Guardioes 2,1,7,8,12.5
0sS3mfutur0BR,0,1,1,0.0
0sosM4dur0s,0,2,2,0.0
0verweight,67,37,104,64.4
1 A f t e r L i f e 1,0,3,3,0.0
1 Batalho de Comandos,0,4,4,0.0
1 N V E R N A L I A,1,0,1,100.0
1 Take Care 1,1,6,7,14.3
1 assassin of the shadows 1,1,1,2,50.0
1 tap,9,8,17,52.9
1-Culto De La Luna Eclipsada-1,3,12,15,20.0
1-HP,0,1,1,0.0
10ZAO O PINO,0,1,1,0.0
120 ARCO DE GUERRA,0,2,2,0.0
13 FPS,0,4,4,0.0
159kk,2,0,2,100.0
16:00,91,85,176,51.7
19 ESCOLHIDOS,2,2,4,50.0
1AZEROTH1,52,123,175,29.7
1Big boss55,0,1,1,0.0
1GILGAMESH1,2,10,12,16.7
1KOKE11,0,2,2,0.0
1Lannisters1,0,2,2,0.0
1MARAUDERS1,1,1,2,50.0
1POCOYO1,0,4,4,0.0
1SSA1,1,0,1,100.0
1SiNNers,0,1,1,0.0
2026-07-06,3,0,3,100.0
20Pegar,26,26,52,50.0
20temata70corre,0,1,1,0.0
21 FPS,1,1,2,50.0
24 - 7,60,97,157,38.2
24pm,0,1,1,0.0
2Beck2Fly,0,2,2,0.0
2CARIOCADEMOTO,1,0,1,100.0
2SPQR2,0,1,1,0.0
3 THE_LIONS,2,5,7,28.6
3 Wolf Moon T-Shirt,0,2,2,0.0
3CM OF PLEASURE,12,35,47,25.5
3NDLESS,14,31,45,31.1
3vX,1,3,4,25.0
4 N X 1 3 T Y,4,0,4,100.0
40-1,0,1,1,0.0
444 o,0,2,2,0.0
4FUN IN BLACK,0,1,1,0.0
4K TEAM ELITE,4,7,11,36.4
4K TEAM ELITE IV,0,1,1,0.0
4LMA PERDIDA,0,1,1,0.0
4YouBack,3,1,4,75.0
4punto3,0,1,1,0.0
4vs20,0,1,1,0.0
50 tons de Bagres,4,4,8,50.0
504,0,1,1,0.0
5489,1,0,1,100.0
593,0,1,1,0.0
6-TRINIBAD-6,6,7,13,46.2
6320,2,4,6,33.3
666CREW,0,2,2,0.0
6IX S7VEN,2,4,6,33.3
7 BELO,0,1,1,0.0
7 Dayz,13,18,31,41.9
7 Segundos,5,13,18,27.8
7 pecados capitais solo,0,2,2,0.0
7Death Knights7,1,0,1,100.0
7Falling,0,1,1,0.0
7th Company,0,1,1,0.0
86-Eighty six,3,1,4,75.0
8UP,0,2,2,0.0
99F00D,9,19,28,32.1
99Guelfa,0,1,1,0.0
99HP,2,5,7,28.6
9LEGlON,0,1,1,0.0
9Testigos-de-Jehova9,1,5,6,16.7
A G O G E,4,18,22,18.2
A G U I LA S,0,1,1,0.0
A Gangue Trololo,8,31,39,20.5
A Irmandade do Pvp,0,1,1,0.0
A L C A T E I 4,38,31,69,55.1
A L F H E I M,0,8,8,0.0
A L K A R A P A I K A S,0,1,1,0.0
A L O P E C I A,24,26,50,48.0
A La Mala,0,1,1,0.0
A Mais Perfeita,2,0,2,100.0
A N A R C O S,0,2,2,0.0
A N C A P S,1,0,1,100.0
A N E S T H E S I A,1,0,1,100.0
A N I K E T O S,3,7,10,30.0
A N T A R E S,33,29,62,53.2
A N T O X I C,0,6,6,0.0
A N X X I E T Y,76,89,165,46.1
A ORDEM GUILD,0,1,1,0.0
A ORIGEM,9,35,44,20.5
A Ordem Da Coruja,0,1,1,0.0
A P E I R O N,114,119,233,48.9
A PANELA PVE,8,5,13,61.5
A R 1 S E,27,83,110,24.5
A R I S T O P U T A S,0,2,2,0.0
A R K H A M,1,4,5,20.0
A R X,1,2,3,33.3
A S C E N D E N T,11,16,27,40.7
A S T R A L I U M,61,125,186,32.8
A T O M 1 C,0,1,1,0.0
A T O R M E N T A D O S,0,5,5,0.0
A Vida Nao E Um Morango,0,1,1,0.0
A m b u s h,1,3,4,25.0
A-Casa-Das-Prima,4,3,7,57.1
A-S-G,5,10,15,33.3
ABAS,0,2,2,0.0
ABCDEFGHIJKLMNOPQRSTUWU,1,0,1,100.0
ABCQc,0,1,1,0.0
ABU-DHABI,62,65,127,48.8
ABYSSAAL,0,1,1,0.0
ACA,1,0,1,100.0
ACM1PTX2,17,9,26,65.4
ADASTRO,3,2,5,60.0
ADEPTOS DE LA PAJA,21,62,83,25.3
ADEPTOS DEL CAFE,0,2,2,0.0
ADF_CITY,4,13,17,23.5
ADO FANCLUB,11,19,30,36.7
AESTHETIIC,1,1,2,50.0
AETT Blar,0,1,1,0.0
AEZIR Kingdom,0,5,5,0.0
AFGRID,0,1,1,0.0
AFKnaticos,0,4,4,0.0
AFTERSH0CK,6,4,10,60.0
AGONISTIC,0,2,2,0.0
AGUILAS TEAM,0,2,2,0.0
AIXIA,0,2,2,0.0
AIea iacta est,17,20,37,45.9
AKATSOKA021,0,1,1,0.0
AKATSUKlI,0,5,5,0.0
AKUMA_AGA,0,1,1,0.0
AL-TAIR,0,1,1,0.0
ALAS_BLANCAS,0,1,1,0.0
ALEUZENEV,1,0,1,100.0
ALF4 R4G3,1,0,1,100.0
ALINHAMENTO MILENAR,2,0,2,100.0
ALKEDA,0,2,2,0.0
ALL REDS,0,1,1,0.0
ALL-IN-GAME,4,5,9,44.4
ALLUMINATI,4,5,9,44.4
ALMA DE LEON,2,12,14,14.3
ALPACAS EN TU BACK,3,8,11,27.3
ALQUIMISTAS OwO,0,1,1,0.0
ALQUIMISTASyt,145,206,351,41.3
AMARELIM,4,6,10,40.0
AMATAR,0,1,1,0.0
ANCIENT ELDERS,0,1,1,0.0
ANDOKS,0,3,3,0.0
ANGELES GUARDIANES,5,15,20,25.0
ANNlHILATION,41,49,90,45.6
ANT1GRAVITY,20,26,46,43.5
ANTERES,0,2,2,0.0
ANTES DE LOS 20,2,8,10,20.0
ANTI-TECO,0,2,2,0.0
AO University,30,13,43,69.8
APE ORDER,2,3,5,40.0
APOLUTROSIS,6,82,88,6.8
AQP_cayma,1,0,1,100.0
ARCANIIX,11,8,19,57.9
ARCS Vanguard,0,1,1,0.0
AREIAO,0,2,2,0.0
ARENALANDIA,3,1,4,75.0
ARKADIA GHOST,0,1,1,0.0
ARKADIA WORLD,20,29,49,40.8
ARMONYYY,41,57,98,41.8
ARQUITAS,3,13,16,18.8
ARTIST KILLERS,2,6,8,25.0
AS Homura,0,1,1,0.0
ASH GUILD,0,3,3,0.0
ASP3RA,3,9,12,25.0
ASSALTO DE BANDIDOS,5,32,37,13.5
ASSASINS UWU,8,9,17,47.1
ASSASSINS OF THE ABYSS X,0,1,1,0.0
ASURADA,0,1,1,0.0
ATAKHAN,2,2,4,50.0
ATALIA,2,11,13,15.4
ATAQUE LOLI,7,25,32,21.9
ATLAGTIS,0,1,1,0.0
ATUMALACA,0,1,1,0.0
AUF ARCANJOS,0,1,1,0.0
AUR4,1,2,3,33.3
AURORION,0,4,4,0.0
AURUM NOCTIS,0,12,12,0.0
AVALON CATS,1,1,2,50.0
AVALON WAR,1,3,4,25.0
AVALON1AN0S,1,1,2,50.0
AVALONIAN-CATS,0,1,1,0.0
AVALON_DEATH,0,1,1,0.0
AVENGERS_ASSEMBLE,4,17,21,19.0
AWAKENEDWARRIORS,1,11,12,8.3
AWAKENS,0,2,2,0.0
AWIWIS TEAM,0,1,1,0.0
AXI0M,0,8,8,0.0
AXOLOT_HG,1,1,2,50.0
AZTECAS_REALES,0,2,2,0.0
AZULES VIP,2,0,2,100.0
A_COBRA_VAI_FUMAR,0,1,1,0.0
Aaah Papoy,0,1,1,0.0
Abannedicus,0,1,1,0.0
Abenteurergilde,0,1,1,0.0
Absolute Boundary,0,3,3,0.0
Abyss Monsters,0,2,2,0.0
Abyssal Hunt,14,38,52,26.9
Abyssal Reaper,1,1,2,50.0
Abyssal Rift,0,10,10,0.0
AcTiVekIlLeRs,0,6,6,0.0
AcampaGank,0,4,4,0.0
Account not found,1,5,6,16.7
Achkur,10,13,23,43.5
Acolitos Sombrios,6,6,12,50.0
Adeptos a la manuela,4,8,12,33.3
Adeptos de Avalon,0,1,1,0.0
Adeptus-Custodes,13,16,29,44.8
AdoreTToS,0,1,1,0.0
Adventurerss,0,1,1,0.0
Aegis Drakon,1,16,17,5.9
Aenima,0,1,1,0.0
Aesirs,37,98,135,27.4
Age OF Empire,1,5,6,16.7
Agente048,0,5,5,0.0
Agpaw,0,1,1,0.0
Agro Sanctum,1,11,12,8.3
Agroflora CA,0,3,3,0.0
Aguapanela Encantada,22,43,65,33.8
Aguia de FERRO,0,4,4,0.0
Aguila Celestial,1,3,4,25.0
Ainground,0,1,1,0.0
AinsGhoal0wn,29,42,71,40.8
Ainz Ooal G0wn,0,4,4,0.0
Air Fryer,2,2,4,50.0
AirHom,0,1,1,0.0
Akatasukki,2,7,9,22.2
Akatsuki One,1,3,4,25.0
Al-Haqq,0,3,3,0.0
Al-KhaLa,3,1,4,75.0
AlMAS en PENAS,0,1,1,0.0
Alabasta Black ROSE,0,1,1,0.0
Alamut YT,0,1,1,0.0
Alas De Acero Negro,0,3,3,0.0
Albeaneers,2,2,4,50.0
Albi0n-0nline,6,6,12,50.0
Albiol4dores,0,4,4,0.0
Albiolines Crew,31,61,92,33.7
Albion Depths,1,0,1,100.0
Albion Lone Wolf,7,2,9,77.8
Albion Mobile Guild,0,4,4,0.0
Albion Nexus,8,3,11,72.7
Albion PY,0,4,4,0.0
Albion Police Force,0,1,1,0.0
Albion War,0,2,2,0.0
Albion bandits,0,1,1,0.0
Albion reales,0,1,1,0.0
Alcateia Da Morte,0,2,2,0.0
AlcoHolicoS-Avalon1anos,28,25,53,52.8
Aldea Mokoya,0,2,2,0.0
Aldeia da Folha de LYMHURST,0,2,2,0.0
Ale limon,3,19,22,13.6
AlejandroMagno,0,1,1,0.0
Alergico a CLT,0,1,1,0.0
Alexander the Greats Legionair,1,0,1,100.0
Alfach_CS1,0,1,1,0.0
Alfanabetos,0,1,1,0.0
AlhpaBravo,5,3,8,62.5
Alianzx Shinobi,0,2,2,0.0
AllMax,7,3,10,70.0
AllNamesAreTaken,3,8,11,27.3
Almacenamiento_ELALCE,0,2,2,0.0
Almas de Avalon,33,63,96,34.4
Alone-In-My-Dark,2,3,5,40.0
AloneWar,0,1,1,0.0
Alonein The Dark,1,0,1,100.0
AlpaKnights,5,15,20,25.0
Alpacas In Da House,1,1,2,50.0
Alpha Rats,44,81,125,35.2
Alpha Shrimp,0,14,14,0.0
Alt F4,0,1,1,0.0
AlterFirsted,26,37,63,41.3
AltoRango,1,7,8,12.5
Altos Bots,1,2,3,33.3
Always Noob,3,2,5,60.0
Amaterasu_FAR,6,6,12,50.0
Amazon Legends,0,1,1,0.0
Amazonia Gang,2,0,2,100.0
America one,0,2,2,0.0
American Craftsman,1,2,3,33.3
American Food Truck,0,5,5,0.0
Americasuperrrr,0,1,1,0.0
Amigos do Blackjack,64,114,178,36.0
AmigosDoGuiUP,0,2,2,0.0
Anarch BR,0,1,1,0.0
Anarkia-99,4,8,12,33.3
Ancalagos_and_caraxes,0,2,2,0.0
Ancient Dragon Lords,0,6,6,0.0
Angelcore,3,2,5,60.0
Angry Apes,38,49,87,43.7
Angry Clowns,2,3,5,40.0
Angry Ducks,3,18,21,14.3
Angry Grapes,1,0,1,100.0
Anima Fracta,1,0,1,100.0
Animaniacos del Tuyu,0,1,1,0.0
AnnywnZ,1,0,1,100.0
Anonymhous,0,1,1,0.0
Antares Dragons,0,1,1,0.0
Antartida,43,67,110,39.1
Anti Blobbage,0,1,1,0.0
Anti Boyceta,10,1,11,90.9
Anti Evil,19,46,65,29.2
Anti Hype Rus,2,30,32,6.2
Anti Sex Gang,10,23,33,30.3
Anti Sociais,32,50,82,39.0
Anti-Tesis,0,1,1,0.0
Anticus Ordo Hashshashin,1,4,5,20.0
Antiguos Guerreros Aztekas,1,9,10,10.0
AnulPurgers,4,11,15,26.7
Anunnak-BR,0,2,2,0.0
Anupsa,0,1,1,0.0
Aoba-Josai,0,33,33,0.0
Apagalo otto,0,2,2,0.0
Apagonia,7,2,9,77.8
Apartment,0,2,2,0.0
Apocalipse13yy16,3,17,20,15.0
Apokalypsis Aeternae,0,1,1,0.0
Aponia,34,81,115,29.6
Apostolos de Avalon,0,9,9,0.0
ArGentiNidad,36,53,89,40.4
ArLand,63,63,126,50.0
Arcana Mortis,3,5,8,37.5
Arcanum Aquila,0,2,2,0.0
Arce,1,1,2,50.0
Arch killers for fun,1,0,1,100.0
Archon of Aegis,0,1,1,0.0
Arconix - ARC,1,1,2,50.0
Arcosanti,86,95,181,47.5
Ardidos,1,2,3,33.3
ArepaPowerr,0,6,6,0.0
Ares Dark Souls,0,3,3,0.0
Arkies Victema,3,0,3,100.0
ArleKing,0,1,1,0.0
Armada_do_Rei,0,1,1,0.0
Army of Me,1,6,7,14.3
Army of the Shadow Kingdom,0,3,3,0.0
Arroz Clan,16,52,68,23.5
ArteGamer,0,4,4,0.0
ArvizG-Company,17,25,42,40.5
AsMeninasSuperPoderosas,27,91,118,22.9
Asechadores_del_Mar,0,1,1,0.0
Asesinos De Sombras,3,14,17,17.6
Asgard Eternum,0,1,1,0.0
Asgard Latino,1,0,1,100.0
Asgard team,1,18,19,5.3
Asoc de Pescadores,0,1,1,0.0
Ass Breakers,2,9,11,18.2
Assa sinos,0,2,2,0.0
Assassins Creeed,1,3,4,25.0
Assassins Of The Kings,1,2,3,33.3
Assassins night,0,2,2,0.0
Assassins of Valhalla,2,6,8,25.0
Astra Gauchos,0,2,2,0.0
AstroZenith,0,2,2,0.0
Asura Strike,1,1,2,50.0
At Arayan Kelebekler,7,5,12,58.3
At Dawn,18,2,20,90.0
Ataun Risueno,0,4,4,0.0
Atupa,1,1,2,50.0
Audere est facere,108,96,204,52.9
Aura Farmin,3,10,13,23.1
Aura-Chill,3,14,17,17.6
AuraFarmer,0,1,1,0.0
Aureum Nigreos,0,1,1,0.0
Aurogen,0,2,2,0.0
Aurora Nocturna,17,13,30,56.7
Autopsie,1,0,1,100.0
Autopsie 2,1,0,1,100.0
Autumn Wolves,2,5,7,28.6
Ava NNoiseZ,9,23,32,28.1
Ava Syndicate Core,22,33,55,40.0
AvaCore,25,52,77,32.5
Avalon CORP,26,37,63,41.3
Avalon Gap,1,4,5,20.0
Avalon Nighwalkers,1,11,12,8.3
Avalon Runners,2,11,13,15.4
Avalon Skulls,0,1,1,0.0
Avalon_Fury,9,16,25,36.0
Avalonian Gatekeepers,2,0,2,100.0
AvalonianWolfs,0,4,4,0.0
Avand Heim,1,0,1,100.0
Avorum Sanguis,0,1,1,0.0
Awful Company,2,12,14,14.3
Axxis_Shadow,0,2,2,0.0
Ayadae Tism Incarnate,0,1,1,0.0
B A C K D O O R,1,0,1,100.0
B A N Z A II,1,4,5,20.0
B A Z U C O,0,1,1,0.0
B E A N E R S,0,1,1,0.0
B E A R P A W S,20,35,55,36.4
B E A S T Y,1,1,2,50.0
B E L I V E R S,7,5,12,58.3
B E L L U M S,0,10,10,0.0
B E R S E R K 117,1,8,9,11.1
B L 0 S S 0 M,0,1,1,0.0
B L A C K - A R M Y,10,6,16,62.5
B L A C K M I R R O R S,2,9,11,18.2
B L E S S E D,0,9,9,0.0
B L I N K,7,6,13,53.8
B U R N I N,207,185,392,52.8
B0PE BR,0,1,1,0.0
B1ack souls,9,4,13,69.2
B3RS3RK3R,2,9,11,18.2
B4ll Br34k3r,1,3,4,25.0
BACC-BOTA A CARA CUZAO,1,0,1,100.0
BACR1M,13,19,32,40.6
BAGUALADA MEDONHA,0,2,2,0.0
BAGUGA,1,0,1,100.0
BAHIAAAAAAAA,0,4,4,0.0
BANDALO,0,3,3,0.0
BANDO DE LOUCOS,3,13,16,18.8
BANKR0LL,2,7,9,22.2
BAROQUE -WORKS,1,2,3,33.3
BATCABERNA,1,1,2,50.0
BATEDOR DE CARTEIRA,3,3,6,50.0
BATLYIONCLINT,0,1,1,0.0
BAranch Order Of Malefic Viper,0,2,2,0.0
BDM-Vanguard,0,1,1,0.0
BEAR DOMAIN,0,1,1,0.0
BEAST-HUNTER,0,2,2,0.0
BEAUCLAIR,0,1,1,0.0
BEBOTODAS,0,2,2,0.0
BELCEBUTH,0,4,4,0.0
BELEGHOST,67,87,154,43.5
BENGELDIM,0,1,1,0.0
BEN_10,98,58,156,62.8
BERAKAH,0,4,4,0.0
BERSERKERS_CA,0,5,5,0.0
BERSKER,1,4,5,20.0
BESO NEGRO,3,2,5,60.0
BESOS NEGROS,9,50,59,15.3
BEaSTSLegends,0,1,1,0.0
BIG CLOCKS,0,4,4,0.0
BIG RAPHY,0,1,1,0.0
BINGSHILLING,0,1,1,0.0
BKS FAMILY,0,1,1,0.0
BL3ACH,1,3,4,25.0
BL4CK_BULLS 99,0,20,20,0.0
BLACK -SHADOW,7,34,41,17.1
BLACK ADVENTURE,1,4,5,20.0
BLACK AND WHITE ARMY,0,3,3,0.0
BLACK BATTLE BEAST,0,1,1,0.0
BLACK MAFI00,2,1,3,66.7
BLACK NIGH,1,1,2,50.0
BLACK PEARLS CREW,0,5,5,0.0
BLACK TAPE,0,1,1,0.0
BLACKS-CLOVERS,33,76,109,30.3
BLACKZONE OUTLAWS,6,13,19,31.6
BLACK_LISTH,0,5,5,0.0
BLAKDRAGON,0,1,1,0.0
BLAM,0,3,3,0.0
BLITZKRIEG-EVIL,0,5,5,0.0
BLOOD HOLLOW KNIGHT,47,61,108,43.5
BLOOD OF HELEA,0,3,3,0.0
BLOODMOON001,0,1,1,0.0
BLOODMOON006,1,3,4,25.0
BLOODMOON008,4,20,24,16.7
BLOODY-WARRIORS,7,7,14,50.0
BLOOD_DOMINION,0,2,2,0.0
BLUEDEER,4,6,10,40.0
BLUTGERUST,5,10,15,33.3
BNZKN,15,9,24,62.5
BOCA DO CENORA,2,5,7,28.6
BODOM,0,1,1,0.0
BOM SQUAD ELITE,1,3,4,25.0
BONDE DO 244,0,1,1,0.0
BONDE DO MAGRELO,9,48,57,15.8
BONDE DOS ATRASA LADO,0,1,1,0.0
BOOMSTYLE,2,0,2,100.0
BOPO,0,6,6,0.0
BOW GAMING,2,1,3,66.7
BR Free Fire,0,1,1,0.0
BR4ZZ3RS,1,0,1,100.0
BRASIL AVANTE,0,1,1,0.0
BRAZIL MOST WANTED,1,1,2,50.0
BRAZILIAN DARK GUILD,0,3,3,0.0
BRIGA D BAR,4,21,25,16.0
BRITALIA,1,1,2,50.0
BROASTER CALL,19,7,26,73.1
BROTHERS OF DESTINY,0,4,4,0.0
BROTHERS THILL DEATH,4,10,14,28.6
BT9,1,6,7,14.3
BUGG,31,39,70,44.3
BULL DOGS,1,5,6,16.7
BULWARK POLICE,1,1,2,50.0
BUSCA CAMARAS,0,3,3,0.0
B_L_4_C_K,2,4,6,33.3
BabyDragons,0,1,1,0.0
Back To Salbion,1,5,6,16.7
BackExpress,0,6,6,0.0
Badlands Klan,0,3,3,0.0
Bagrions,1,15,16,6.2
Baked like cookies,0,1,1,0.0
Bakulpentol,0,9,9,0.0
Balas,0,2,2,0.0
Banana Republicc,3,1,4,75.0
Banco Real,2,18,20,10.0
Banda de Bandidos,0,1,1,0.0
Banddle City,56,96,152,36.8
Bandit Kill,6,0,6,100.0
Bandit Lords,1,2,3,33.3
Bandoleros Returns,2,15,17,11.8
Bank of Diya,4,2,6,66.7
Banner of The North,1,1,2,50.0
Baofengyu,28,17,45,62.2
Bar Sem Lonai,0,1,1,0.0
Bar do Ze,0,2,2,0.0
BarDoTioMax,0,1,1,0.0
Baraz-gund,0,1,1,0.0
Barbary Legionaries,4,8,12,33.3
Barclass,1,2,3,33.3
Based,4,8,12,33.3
Bastardos_Sin_Gloria,10,17,27,37.0
Bastarzi Beti,2,1,3,66.7
BastioNDeLosEterNos,3,17,20,15.0
Bastion Qc,0,1,1,0.0
BastionWar,1,27,28,3.6
Batata-Gankers,0,1,1,0.0
Bate o Ponto,0,3,3,0.0
Batidos,2,5,7,28.6
Battle Rush,0,1,1,0.0
Battlewise,0,1,1,0.0
Batutinhas,1,3,4,25.0
Bau Luon,1,0,1,100.0
Be Careful,72,97,169,42.6
Be0r P0ws,0,1,1,0.0
Be_Brave,1,1,2,50.0
BeachEnjoyers,5,15,20,25.0
Bear-ly a guild,0,4,4,0.0
BearLiddle,3,0,3,100.0
Beary Tales,0,3,3,0.0
Beast Blood,0,1,1,0.0
Bebum5,1,3,4,25.0
Beer Barrel,4,4,8,50.0
Beer Boys,0,1,1,0.0
Before Forever,0,1,1,0.0
Belipochos,8,8,16,50.0
Bella Donna,0,1,1,0.0
Bellatores Noctis,0,2,2,0.0
BenchWarmers,0,3,3,0.0
Bencheados,2,13,15,13.3
Benevolent Kool Aid,77,58,135,57.0
Berretta,0,3,3,0.0
BerserkV2,0,1,1,0.0
BestFriends,5,2,7,71.4
Beverly Plaza,2,3,5,40.0
Biassanot,0,2,2,0.0
Biblioteca Elfica,1,5,6,16.7
Big Black Templars,0,2,2,0.0
Big Brawl Clap,0,1,1,0.0
Big Rod Squad,0,1,1,0.0
Big Rooster,0,1,1,0.0
Big Spoon,0,1,1,0.0
BigFootoviKamaradi,0,1,1,0.0
Birds and Feathers,3,7,10,30.0
Bit By A Goat,0,2,2,0.0
Bizonte,1,0,1,100.0
Bl4ck End,19,11,30,63.3
Black - Dragons,0,7,7,0.0
Black - Flags,1,0,1,100.0
Black - Lotus,0,2,2,0.0
Black Aura,1,16,17,5.9
Black Bullhs,0,2,2,0.0
Black Bunker,1,0,1,100.0
Black Clov3r,0,1,1,0.0
Black Dragon Aeon,89,163,252,35.3
Black Dragons BD,0,2,2,0.0
Black Lazy Wolf,0,1,1,0.0
Black Lotus Petal,1,4,5,20.0
Black Market Kids,4,3,7,57.1
Black Martlock 1,5,14,19,26.3
Black Orden BR,2,2,4,50.0
Black Pearl Pvp,0,2,2,0.0
Black River,0,2,2,0.0
Black Rose Creed,38,102,140,27.1
Black St0nes,1,1,2,50.0
Black States,0,1,1,0.0
Black Sun Reapers,4,6,10,40.0
Black Ursa,47,64,111,42.3
Black Veil Order,0,1,1,0.0
Black spring,7,15,22,31.8
Black-Oath,3,8,11,27.3
Black-Stags,0,1,1,0.0
Black-Vortex,0,1,1,0.0
BlackCole,0,1,1,0.0
BlackSm0ke,44,76,120,36.7
BlackSunZenith,1,6,7,14.3
BlackW0rld,3,0,3,100.0
BlackWolf1,2,19,21,9.5
Blackflower,0,1,1,0.0
Blackiron Forge,0,1,1,0.0
Blackjjack,0,8,8,0.0
Blackk Shadoww,1,0,1,100.0
Blackout Nemesis,0,1,1,0.0
Blackstaff,0,2,2,0.0
Blades of Avalon,17,39,56,30.4
Bless Up Fakah,0,1,1,0.0
Blizzard Butchers,1,1,2,50.0
Blodfang,18,33,51,35.3
BlooD BrotherSS,1,8,9,11.1
Blood For Loot,1,3,4,25.0
Blood Roar,8,15,23,34.8
Blood Spirit,0,3,3,0.0
Blood Wolf Team,19,16,35,54.3
Blood and Ashes,3,8,11,27.3
Blood of the Abyss Walkers,29,18,47,61.7
Blood-_-Ravens,6,6,12,50.0
BloodDynasty,0,6,6,0.0
BloodHands,1,0,1,100.0
BloodTraiI,2,5,7,28.6
Bloodletter Enjoyer,168,103,271,62.0
Bloodlust Junkie,1,0,1,100.0
Bloodreavers Clan,2,4,6,33.3
Bloody Bear,4,5,9,44.4
Bloody Kong,2,2,4,50.0
Blue Beyon,1,4,5,20.0
Blue Clue,1,1,2,50.0
Blue LabeI,60,78,138,43.5
Blue Light Guardians,28,23,51,54.9
Blue Royal,0,1,1,0.0
Blue Spartan,0,2,2,0.0
Blueberry Poachers,3,5,8,37.5
Blyat Delicious,0,2,2,0.0
Boi Feliz,1,2,3,33.3
BoiCetha,2,2,4,50.0
Boletos e Espadas,0,4,4,0.0
Bolinho City,1,1,2,50.0
Bomb Down,8,11,19,42.1
Bomb Game Over,1,0,1,100.0
Bomb Tapitas Squad,6,6,12,50.0
Bomb and Brawl,131,151,282,46.5
Bonde_d0s_Coletores,3,2,5,60.0
Bongs Of Justice,0,1,1,0.0
Booty Boppers,50,74,124,40.3
Boreal trade,0,3,3,0.0
Born To D1e,51,76,127,40.2
Bosque oculto,0,1,1,0.0
Bountry Hunters,0,1,1,0.0
Boward Evercuz,0,2,2,0.0
Bozominions,0,1,1,0.0
Bragas Crystal,1,0,1,100.0
Brain not Found,14,30,44,31.8
Branch Order Of Malefic Viper,0,1,1,0.0
Branlo17,2,1,3,66.7
Brasil Wars,0,1,1,0.0
Brasil imperio,2,11,13,15.4
Bread Addicts,22,21,43,51.2
Bridgewatch 137,0,4,4,0.0
Bridgewatch Bubarians,1,4,5,20.0
Bridgewatch Monkeys,6,11,17,35.3
Bridgewatch United NA,2,2,4,50.0
Briga de boteco,0,1,1,0.0
Brigada Fantazma,1,6,7,14.3
BrigadaFantasma,7,29,36,19.4
Bring ur Money,16,38,54,29.6
Bro Nation,6,0,6,100.0
Bro13,0,4,4,0.0
Brokenhorn,1,0,1,100.0
Broncusos,0,1,1,0.0
Brood of the Obsidian Flame,0,1,1,0.0
Broski and Broski,1,1,2,50.0
Brotheragem,0,1,1,0.0
Brotherhood Fallen Order,2,14,16,12.5
Brotherhood of Eternity,0,12,12,0.0
Brothers of Shadows,1,5,6,16.7
Brothers of War BR,0,3,3,0.0
Bruniche,0,1,1,0.0
Bryllanos,63,79,142,44.4
Buckfutter Strip Mining Co,0,4,4,0.0
BuffaloBills,0,5,5,0.0
Bugz is Rotund,1,3,4,25.0
Bulldog Legions,2,3,5,40.0
Bullet Knife,5,2,7,71.4
Bullets Company,0,2,2,0.0
Bullskull,1,11,12,8.3
Bunch of Rats,92,98,190,48.4
Burkem Brook,0,1,1,0.0
Burlok502,0,7,7,0.0
Busking Beggars,0,1,1,0.0
Bussy Boppers,0,1,1,0.0
Butt Buster,0,1,1,0.0
C 4,5,25,30,16.7
C A L F,0,1,1,0.0
C A L L E J E R O S,10,11,21,47.6
C A M B A D A,6,30,36,16.7
C A R I B E S,0,3,3,0.0
C A R N I F I C I N A,2,5,7,28.6
C A S T L E V A N I A,3,7,10,30.0
C A V A L I E R s,0,1,1,0.0
C H E C K,1,1,2,50.0
C I R C U S,110,61,171,64.3
C O L 4 P S O,29,38,67,43.3
C O N F L I C T I V O S,9,14,23,39.1
C O V E N N A N T,18,21,39,46.2
C R 0 W S,2,11,13,15.4
C R I M E N,5,31,36,13.9
C T,0,1,1,0.0
C-esT La MorT,7,19,26,26.9
C00KING,2,2,4,50.0
C0C0R1C0,0,1,1,0.0
C0RRUPTED ARMY,1,0,1,100.0
C0ringas,0,1,1,0.0
C4 Gang For Life,2,2,4,50.0
C4saTargaryen,1,7,8,12.5
CABALLEROS DE AMARU,0,1,1,0.0
CABALLEROS DEL GRAN ARBOL,5,23,28,17.9
CABALLEROS FORJA DEL CIELO,0,9,9,0.0
CABALLEROS_DE_LA_LUZ,3,11,14,21.4
CACHORR0S,0,2,2,0.0
CAIFANES,1,1,2,50.0
CALCINHA DE RENDA,17,56,73,23.3
CALOTE CLT,37,74,111,33.3
CAMACHI,0,2,2,0.0
CAMINHO DOS EXILADOS,1,5,6,16.7
CAMISA10,1,0,1,100.0
CANTZAO,0,1,1,0.0
CAOS FENIX,0,4,4,0.0
CAOTICA,0,5,5,0.0
CAPIBARA GANK,1,5,6,16.7
CAPYBARA TEAM,0,1,1,0.0
CARAMELO DO CU PRETO,4,5,9,44.4
CARIBES,0,2,2,0.0
CARISMA-CLAN,0,4,4,0.0
CARLIN-PLAINPVP,0,7,7,0.0
CARMILLA,0,3,3,0.0
CARRANKA,8,43,51,15.7
CARREGADO PELO DESTINO,4,4,8,50.0
CARRO DE LIXO,0,2,2,0.0
CARTEL COMPANY,3,0,3,100.0
CARTEL DEL GOLF0,3,1,4,75.0
CARTEL ONY Z,1,14,15,6.7
CAZA GANKER,55,67,122,45.1
CAZADOR DE THERIANS,2,1,3,66.7
CAZADORES_DE_MAZMORRAS,0,1,1,0.0
CAZADRAGONES,1,1,2,50.0
CAlDA DE LA CORONA,0,8,8,0.0
CBMGRIFFIN,0,1,1,0.0
CECOT,27,54,81,33.3
CEIFADORES-DA-ALVORADA,7,27,34,20.6
CEIFEIROS de BRIDGWATCH,0,3,3,0.0
CERDONIA,1,0,1,100.0
CESTA BASICA REBORN,7,46,53,13.2
CGT-CONF GENERAL DEL TRABAJO,0,1,1,0.0
CHAMPS Factory,0,3,3,0.0
CHAPADOS DE PAMONHA,0,3,3,0.0
CHAPADOS E PERIGOSOS,2,0,2,100.0
CHAPIZZZA,0,3,3,0.0
CHE BOLINHA,0,1,1,0.0
CHEEKZ,37,52,89,41.6
CHINESE CRAFTSMAN,4,0,4,100.0
CHOPSQUAD,0,1,1,0.0
CHRONICLES-TWO-SUNS,0,3,3,0.0
CHS GUILD,0,2,2,0.0
CL4N-DEST1N0,0,6,6,0.0
CLAN RIKTUS,0,2,2,0.0
CLAP BACK,39,8,47,83.0
CLT ForEver,0,4,4,0.0
CLT PROMAX,0,3,3,0.0
CLThanos,1,17,18,5.6
CLTs de Bridgewatch,2,7,9,22.2
CLTunidos,19,9,28,67.9
CLUB - S P A C E,17,23,40,42.5
CLUB_EPST3IN,0,1,1,0.0
CNPJ 01,1,0,1,100.0
COAHERI,1,0,1,100.0
COBRAS YT,0,15,15,0.0
COFFE BR,0,1,1,0.0
COLMILLO DE PLATA,3,11,14,21.4
COMARCA HOBBITON,13,41,54,24.1
COMQNDO-LTM,1,9,10,10.0
CON LOS PLONES PA ZONA NEGRA,0,1,1,0.0
COOK Sits for Dali,0,1,1,0.0
CORE-S,2,3,5,40.0
COROA NEGRA,10,30,40,25.0
CORRUPT0S,2,1,3,66.7
CRAFT PROFICIONAL,0,1,1,0.0
CRANKY CRAZIES,0,8,8,0.0
CRESPOLLO,1,6,7,14.3
CRIAS DO VAZIO,1,22,23,4.3
CRIMEPLAY,4,5,9,44.4
CRIMSAN DAGGER,0,2,2,0.0
CRIMSOM GLORY,0,1,1,0.0
CRIMSON C0VENANT,0,5,5,0.0
CRIMSON HYDRA,1,3,4,25.0
CRIMSON OATH SYNDICATE,0,1,1,0.0
CRITICANCIA,1,4,5,20.0
CROSS GUILD 1,1,6,7,14.3
CROW220,0,1,1,0.0
CROWS ON THE WALL,2,8,10,20.0
CRUXADOS,1,13,14,7.1
CRY IN S1L3NC3,0,3,3,0.0
CRYSTAL-GM,0,2,2,0.0
CTAN REBORN,0,2,2,0.0
CUATROVEINTE,0,2,2,0.0
CUBAPVP,0,4,4,0.0
CUERVOS INFERNALES,0,1,1,0.0
CUERVOS_DORADOS,1,0,1,100.0
CUERVOS_NEGROS,0,7,7,0.0
CULTO - LOS MIL SOLES DE ORO,5,6,11,45.5
CULTO GATUNO,0,1,1,0.0
CUPIXAS,2,17,19,10.5
CURURUS,0,1,1,0.0
Caballeros 0scuros,3,12,15,20.0
Caballeros Del Pasado,44,84,128,34.4
Caballeros de Dol Amroth,0,1,1,0.0
Caballeros de la Luz Dorada,2,5,7,28.6
Cabras da Peste Hood,0,2,2,0.0
Cabras da PesteBR,0,2,2,0.0
Cacikes de Albion,2,2,4,50.0
Cactus Cowboys,5,2,7,71.4
Caerleon Flagged,0,1,1,0.0
Caidos_Del_Alba,7,23,30,23.3
Caixa de Pandor4,1,5,6,16.7
Calm Before Chaos,7,19,26,26.9
Calma Suprema,0,1,1,0.0
Camara de Comercio,1,0,1,100.0
Caminante Nocturno,0,1,1,0.0
Caminantes al Mictlan,1,2,3,33.3
Caminantes del Alba,1,2,3,33.3
Caminos De Arena,0,3,3,0.0
Camlan,2,1,3,66.7
Campeones del respawn,0,1,1,0.0
Campesinos CR,0,1,1,0.0
Cansado de ABA CANTV Albion,2,7,9,22.2
Canto do cabure miudinho,0,4,4,0.0
CapaAzull,2,33,35,5.7
Capibaras insanos,0,1,1,0.0
Captain Timo,5,5,10,50.0
CaptainTroll,5,7,12,41.7
Capy Crew,62,48,110,56.4
CaracasCity,2,3,5,40.0
Carbitos,2,8,10,20.0
Carmesol Invictus,0,1,1,0.0
Carn Dum,5,4,9,55.6
Carnage Hunters,3,3,6,50.0
Carreta Furaca0,0,1,1,0.0
Cartel de Thetford,0,1,1,0.0
Casa-Targarye_BR,1,2,3,33.3
Casacus,1,0,1,100.0
Cascas de Bala,3,14,17,17.6
Cassiopea,8,4,12,66.7
Castel-Black,0,21,21,0.0
Castillo Negro,0,4,4,0.0
Castillo del Monarca,2,1,3,66.7
Castle HCE,0,1,1,0.0
Casual Core,4,5,9,44.4
Cataracta,0,3,3,0.0
Cavaleiros Avalonianos,72,111,183,39.3
Cavaleiros de Greyhawk,1,1,2,50.0
Cavaleiros de Vera Cruz,9,60,69,13.0
Cavaleiros_do_ Norte,0,6,6,0.0
Cavalon,1,4,5,20.0
Caveira Black,0,2,2,0.0
Cazadores de la Arena Roja BW,1,9,10,10.0
Celestial Dragons Ar,0,2,2,0.0
Celestial Peak,0,3,3,0.0
CelestialCore,1,0,1,100.0
Centauri Ladonis,0,1,1,0.0
Centinelas de Martlok,3,1,4,75.0
Centinels_of_the_Red_Dawn,1,2,3,33.3
Central 18,0,1,1,0.0
Central de Split do Red,7,3,10,70.0
Cerberus-Alpha,7,26,33,21.2
CeridwensLittleHelpers,3,11,14,21.4
Cervejinha E Picanha,0,1,1,0.0
Cesian,0,1,1,0.0
Chainedd,1,0,1,100.0
ChamberClan,0,2,2,0.0
Chameleons,0,1,1,0.0
Champions Of Avalon,0,15,15,0.0
Chances Are We are Pro,4,8,12,33.3
Chaos Priori,1,5,6,16.7
Chars Temple,0,3,3,0.0
Check Him PC,13,3,16,81.2
Cheer,3,4,7,42.9
Cheeselords,0,2,2,0.0
Chifre Oculto,0,1,1,0.0
Children Of Mana,0,2,2,0.0
Children of Kali,0,1,1,0.0
Chill Raiders,4,7,11,36.4
Chill and trade,0,2,2,0.0
Chimkens,0,1,1,0.0
China Power,0,1,1,0.0
Chinese boy,1,23,24,4.2
Ching Mi,0,4,4,0.0
Chingen a su madre,0,3,3,0.0
Chipi Black Chapa,1,1,2,50.0
Chiriston,1,8,9,11.1
ChoNguGang,0,1,1,0.0
ChocoRabbit,0,1,1,0.0
Chocolate Con Queso,1,3,4,25.0
Chores,1,8,9,11.1
Choris Nelson,1,1,2,50.0
Chosen ones of Christ,2,1,3,66.7
Christ Knights,0,3,3,0.0
Christian Academy,0,3,3,0.0
Chromed Cox Anonymous,0,2,2,0.0
Chronic Banditz,1,1,2,50.0
Chuds,0,1,1,0.0
ChurrascoCerveja,1,10,11,9.1
Cielo Azul Soberano,0,1,1,0.0
Ciencias Aplicadas del Gank,0,5,5,0.0
Ciervos Negros,5,9,14,35.7
Cipher Bloom,6,7,13,46.2
Circo do Dragao,0,2,2,0.0
Circulo Rubro,0,3,3,0.0
ClSolaris,0,1,1,0.0
Clair Lumiere,1,2,3,33.3
Clan Cisterna,0,1,1,0.0
Clan Reyes,1,6,7,14.3
Clan SilverBorn,0,1,1,0.0
Clan de Cuervos,0,2,2,0.0
Clan-Zenin,4,20,24,16.7
Clan_Tanke,0,2,2,0.0
Claptage,16,31,47,34.0
Clearance,4,31,35,11.4
Cliza,1,4,5,20.0
Club Pimbada,1,0,1,100.0
Club Winx,0,1,1,0.0
Club de la novatada,1,5,6,16.7
Clubinho da Berinjela,0,1,1,0.0
CmDTeam,1,7,8,12.5
Coalizao NE,2,10,12,16.7
CocaColaZero,0,2,2,0.0
Cockz Company SPA,0,13,13,0.0
CocosPower,0,1,1,0.0
Coinflip Enjoyers,0,5,5,0.0
Coisas leves,0,1,1,0.0
Coletor De Lagarto,0,3,3,0.0
Coletores Black,0,3,3,0.0
Coletores da Paz,0,1,1,0.0
Coletores de Almas BR,5,32,37,13.5
Coletoresdemamute,0,8,8,0.0
Colhosp,1,11,12,8.3
Colmillo Dorado,0,1,1,0.0
Colmillos Esmeralda,1,4,5,20.0
Colmillos de Hielo,0,1,1,0.0
Colombo Crime Family,0,1,1,0.0
Comando Pimienta,13,46,59,22.0
ComandoLatino,1,3,4,25.0
ComiC,0,1,1,0.0
Commotion,238,91,329,72.3
Communiste Qc,0,2,2,0.0
Companhia Pele Ferrea,5,11,16,31.2
Compania negra,0,1,1,0.0
Companias de Muerte o Gloria,7,0,7,100.0
Compiladores de Almas,0,1,1,0.0
Complejo de Pocho,49,66,115,42.6
CompletelyStrange,105,137,242,43.4
Compra de Stock,0,1,1,0.0
Compton,2,0,2,100.0
Comunidad Toxica,1,1,2,50.0
Conclave Cromatico,1,5,6,16.7
Condor Monsters,1,5,6,16.7
Conflict,1,4,5,20.0
Conselho Real de ThetFord,0,3,3,0.0
Consulado Avaloniano,2,13,15,13.3
Contingent,124,109,233,53.2
Contratistas,13,32,45,28.9
Convergencia,2,4,6,33.3
Cool For The Summer,0,2,2,0.0
Coolio empire,0,1,1,0.0
Copper Clan,1,0,1,100.0
Coquinha Gelad4,0,1,1,0.0
Cordeiro Comunista,2,11,13,15.4
Core Cats,10,16,26,38.5
Core Raiders,5,14,19,26.3
Core Vits,50,53,103,48.5
Cori Profi,0,1,1,0.0
Cornholios,0,1,1,0.0
Cornos Unidos,0,1,1,0.0
Cornus Errantes,0,1,1,0.0
Corporacion ZaVaRick,0,1,1,0.0
Corranlabola,12,27,39,30.8
Corrupted Truth,0,2,2,0.0
Corte Funebre,0,1,1,0.0
Corte caniche,3,18,21,14.3
Corvus Meldax,0,1,1,0.0
CosmiC-ChesT,2,3,5,40.0
Cotton Workers,1,6,7,14.3
Court Jokers,1,6,7,14.3
Court of Fools,3,2,5,60.0
Covil Do Wolf,8,3,11,72.7
Cracked Eggs,5,5,10,50.0
Crafting Agency,1,2,3,33.3
CrassoError404,0,1,1,0.0
Crazy Club,13,21,34,38.2
Crazy Roosterrs,1,6,7,14.3
Crear Gremio,1,8,9,11.1
Criados Do Inferno,0,1,1,0.0
Crimson Blades GXT,0,3,3,0.0
Crimson Gank,0,2,2,0.0
Crimson Kings Guardians,0,1,1,0.0
Crimson Marauders,0,4,4,0.0
Crimson Trading Company,1,1,2,50.0
Crimson_Lotus,3,13,16,18.8
Crippled Crows,0,1,1,0.0
Crise Dos Idosos,0,3,3,0.0
Cristal Beasts,7,8,15,46.7
Croquetas company,0,2,2,0.0
Crosmotito Rest,0,1,1,0.0
CrotosDelSur,2,6,8,25.0
Crow Friends,0,6,6,0.0
Crupanov,0,4,4,0.0
Crusaders of Radiance,0,3,3,0.0
Crux Del Sur,42,111,153,27.5
Cruzada Br,0,1,1,0.0
Cruzados de Malta,0,2,2,0.0
Cu3r1to Mar,0,10,10,0.0
Cualquier vaina,0,2,2,0.0
Cuarzo,0,1,1,0.0
Cuc0s,0,1,1,0.0
CuddleZone,3,28,31,9.7
CuddleZone II,0,2,2,0.0
Cuervo y Sobrinos,3,1,4,75.0
Cuervos del Yunque,12,20,32,37.5
Cuervos sangriento,4,19,23,17.4
Cult 0f The Wolves,1,9,10,10.0
Cult Of The Goon,0,1,1,0.0
Cult of Light,0,1,1,0.0
Cult of Usagi,0,22,22,0.0
CultAssassins,3,3,6,50.0
Culto de Alba,2,5,7,28.6
Culto del Kraken,22,46,68,32.4
Culto-del-Carnero-Negr0,0,1,1,0.0
Curame K,0,5,5,0.0
Curriculum Vitae,302,192,494,61.1
Curs3dGr33D,2,5,7,28.6
Cursed Legacy,2,3,5,40.0
Cursed Revenant,1,3,4,25.0
Curso Craft,0,1,1,0.0
Custodes Montis,0,1,1,0.0
Custodios de Avalon,0,6,6,0.0
Custodios del Kraken,0,1,1,0.0
Custos Sagittae Rubrae,2,8,10,20.0
Cuys In The Clap,83,62,145,57.2
Cyan,160,227,387,41.3
Cyber Dragon infernal,2,3,5,40.0
Cycle Breakers,5,10,15,33.3
D - GHOSTS,3,14,17,17.6
D A E M O N,113,126,239,47.3
D A R K B L O O D S,0,1,1,0.0
D A R K E S T,0,2,2,0.0
D E A T H S I L E N C E,0,1,1,0.0
D E C L I N E,8,16,24,33.3
D E L U X E,10,13,23,43.5
D E T O N A D O R E S,0,1,1,0.0
D E V O U R,0,2,2,0.0
D I N O C O,153,161,314,48.7
D I R E T O R I A,2,3,5,40.0
D O L L Y,0,5,5,0.0
D O M 1 N U S,1,2,3,33.3
D O W N,1,17,18,5.6
D O W N S,2,3,5,40.0
D R A I G,0,1,1,0.0
D R A K T H,1,1,2,50.0
D a r k H u n t e r s,0,8,8,0.0
D e l i n c u e n t e s,12,49,61,19.7
D i v i n e Z,0,8,8,0.0
D- Sun Sovereign,1,2,3,33.3
D-K,2,7,9,22.2
D-Rose,0,1,1,0.0
D0G FIGHT,4,3,7,57.1
D3R0CHANDO AUR4,1,4,5,20.0
D3STINX,0,8,8,0.0
D3stroyers,38,55,93,40.9
D4ddychill,1,2,3,33.3
DAIK0KU,6,10,16,37.5
DANCIN,1,5,6,16.7
DARK DRAGO,0,2,2,0.0
DARK FOLLOWERS,0,1,1,0.0
DARK MARINES,27,54,81,33.3
DARK PRICE,3,7,10,30.0
DARK RA1DERS,0,2,2,0.0
DARK-AURA,1,1,2,50.0
DARKM1GHT,279,95,374,74.6
DARKNESS AND LIGHT,3,1,4,75.0
DARKNESS OF THE VOID,0,2,2,0.0
DARKS WARRIORS,0,2,2,0.0
DATE A LIVE,66,146,212,31.1
DAshyon,1,0,1,100.0
DBesty,1,0,1,100.0
DC_FAC,0,1,1,0.0
DDARTH,1,18,19,5.3
DDark Assassin,2,1,3,66.7
DE CORDEROS A LEONES,0,6,6,0.0
DEAD M00N,0,1,1,0.0
DEAD Renegadez,5,26,31,16.1
DEADNASTREVAS,2,2,4,50.0
DEATH FEARS ME,16,50,66,24.2
DEATH GHOST,0,3,3,0.0
DEATH POINT,4,16,20,20.0
DEATHMARU,0,3,3,0.0
DEATHR0W,17,30,47,36.2
DECADENSE,16,59,75,21.3
DECAPITATORS,7,20,27,25.9
DECENDENTES DA ALVORADA,1,11,12,8.3
DEDO NO OLHO,58,73,131,44.3
DEFENSORES THETFORD,7,7,14,50.0
DEL SAGRADO CORAZON DE JESUS,0,1,1,0.0
DELULAR,4,3,7,57.1
DEMENTOMORI,1,1,2,50.0
DENTRO DEL SISTEMA,1,1,2,50.0
DEPARTMENT I C E,0,2,2,0.0
DESCONTONOINSS,0,2,2,0.0
DESMONTADOS,0,1,1,0.0
DESPIDETE BIEN,0,5,5,0.0
DESPROFIT_BR,0,1,1,0.0
DESTELLO FINAL,0,1,1,0.0
DEVORADORES DE ALMA,5,24,29,17.2
DEVTA,7,14,21,33.3
DEX-terity,34,34,68,50.0
DG Squad,0,1,1,0.0
DGW,0,18,18,0.0
DIABL0S,31,74,105,29.5
DIABLO Legenda,0,2,2,0.0
DIAMOND SWORD,0,6,6,0.0
DICOM,5,2,7,71.4
DIOS CON NOSOTROS_ RIP CHUKITO,2,1,3,66.7
DISTRITO VII,0,6,6,0.0
DIVE TO DIE,2,5,7,28.6
DIVINAS,3,2,5,60.0
DIVINE SERVENTS,0,1,1,0.0
DIZZTOPIA,0,8,8,0.0
DK Country,1,0,1,100.0
DKG-Sports,0,1,1,0.0
DLTD,14,0,14,100.0
DM Lords Mobile,0,2,2,0.0
DMTS,0,3,3,0.0
DOMINIUN BRASILIAE,3,14,17,17.6
DOMUS ALBIONIS,0,5,5,0.0
DOOFUS SQUAD,1,3,4,25.0
DOUX,15,30,45,33.3
DPSZero,0,7,7,0.0
DRAGON INFINIT,1,4,5,20.0
DRAGONS BLACKFIRE,0,4,4,0.0
DREADMYST,0,1,1,0.0
DRG - Dwarfs Really Grind,0,1,1,0.0
DSCRD,0,1,1,0.0
DULUK,2,27,29,6.9
DYNA STY,3,12,15,20.0
DYNASTYC,1,0,1,100.0
Da Black Lotus,11,47,58,19.0
Da Brotherh00d,0,8,8,0.0
DaOneNOnly,22,75,97,22.7
DaPredators,3,3,6,50.0
Dab Disciples,0,1,1,0.0
DacH,6,2,8,75.0
Dad Bod Club,0,1,1,0.0
Daddy8801,24,3,27,88.9
Danafal,7,16,23,30.4
Dancing milfs,0,7,7,0.0
Dandy Guys,1,2,3,33.3
DannaZoe,1,1,2,50.0
Danoninho,1,0,1,100.0
Dao Shan,0,1,1,0.0
Dark And Light -D-A,0,1,1,0.0
Dark Banshees,0,1,1,0.0
Dark Daemons,0,1,1,0.0
Dark Foundation,1,0,1,100.0
Dark Moon fast,1,5,6,16.7
Dark Oath,0,5,5,0.0
Dark Skinned Brothers,0,2,2,0.0
Dark Sons,4,3,7,57.1
Dark Vanguard of the Moon,0,1,1,0.0
Dark bandit wolf,0,3,3,0.0
Dark gathering,0,1,1,0.0
DarkBath,0,1,1,0.0
DarkDinasty,0,4,4,0.0
DarkDreaming,11,2,13,84.6
Darkness INC,77,125,202,38.1
Darkness OFFline,0,1,1,0.0
Dawn Era Knights,0,1,1,0.0
Days gones,0,1,1,0.0
De Cuba,3,13,16,18.8
De Late,1,1,2,50.0
De4d End,72,62,134,53.7
De4th Punch,54,73,127,42.5
Dead Pixell,0,1,1,0.0
DeadDemonwissper,1,0,1,100.0
Death Clowns Society,31,72,103,30.1
Death Exposure,0,2,2,0.0
Death Lag,0,3,3,0.0
Death Latin Army,24,30,54,44.4
Death Mans,1,0,1,100.0
Death Of Souls,0,23,23,0.0
Death Sentenc3,85,110,195,43.6
Death Tour,0,2,2,0.0
Death-Note-G,0,1,1,0.0
DeathSkull ReturN,3,4,7,42.9
Decending Moon,0,3,3,0.0
Decent Folk,1,5,6,16.7
Deema,0,1,1,0.0
Deep Death,1,6,7,14.3
Defensive Healer,1,0,1,100.0
Degenerate Nation,14,21,35,40.0
Deicidio Supremacy,0,12,12,0.0
Deja Farmear MIERDHA,0,1,1,0.0
Delulu,5,17,22,22.7
Demnios do Capitalismo,0,1,1,0.0
Demolition Boys,0,10,10,0.0
Demon Fangs,0,1,1,0.0
Demon force,0,4,4,0.0
DemonSlayerCorp,0,2,2,0.0
Demon_Killers,3,12,15,20.0
Demonic Flames,1,3,4,25.0
Demonios de la Recoleccin,0,1,1,0.0
Demons and Wizards,1,15,16,6.2
DemonsHunters,0,1,1,0.0
Denzel DRVM,1,0,1,100.0
Deorum Mortis,1,8,9,11.1
Depois do Trampo,0,2,2,0.0
Dergirn Mirthbone,1,2,3,33.3
Desastre da Black,1,17,18,5.6
Descendientes del Abismo,1,2,3,33.3
Desempregado,1,0,1,100.0
DesistingWither,0,1,1,0.0
Desorganized-Chaos,1,0,1,100.0
DespenzaCBA,3,2,5,60.0
Despertados,0,1,1,0.0
Desultory Caerleon,5,1,6,83.3
Devias,1,1,2,50.0
Devils Disciples,3,9,12,25.0
Devourers Covenant,0,1,1,0.0
Diablo 2 HC,1,2,3,33.3
Diamond Hogs,0,1,1,0.0
Die Hard Gaming,4,35,39,10.3
Diesuvive,0,4,4,0.0
Different Heaven,0,1,1,0.0
DigOlBicks,2,1,3,66.7
Dinastia Ultima Artemis,1,7,8,12.5
Dinastia de la Tormenta,0,2,2,0.0
DinastiaNordica,1,8,9,11.1
Dires Bane,27,18,45,60.0
DiretoriaRJ,0,1,1,0.0
Dirty Feet,0,2,2,0.0
Dirty Saints,0,1,1,0.0
DirtyAnglerCo,1,2,3,33.3
Discordancia,0,1,1,0.0
Discordia Rebelde,0,1,1,0.0
Dismount And Death,4,19,23,17.4
Divine Departure,35,88,123,28.5
Divine Legends,0,1,1,0.0
Divine Rivals,0,3,3,0.0
Division-de-Vanguardia,18,5,23,78.3
Do You Have Mangle,2,3,5,40.0
Doble OC,3,5,8,37.5
Dog Down,2,0,2,100.0
Doggie Down,34,71,105,32.4
Doin You Dirty,0,1,1,0.0
Dom Barone enterprise 1988,0,1,1,0.0
Dominion Eternal,1,3,4,25.0
Donkey Punchers,6,1,7,85.7
Dont_Cry,13,22,35,37.1
Dontworrybehappy,0,1,1,0.0
Dopamine Dynasty,1,0,1,100.0
Doralingus,2,2,4,50.0
Dormitorio,0,1,1,0.0
Double Six,0,12,12,0.0
Douma Akuma,1,0,1,100.0
Downies Corporation,0,5,5,0.0
DraGon SyafiQ,0,2,2,0.0
Drachewyrm Order,18,48,66,27.3
Dragon Instinct,0,4,4,0.0
DragonLilys Den,0,1,1,0.0
DragonSlayersV,0,2,2,0.0
Dragon_Glory,0,2,2,0.0
Dragones Toxicos,0,1,1,0.0
Dragones centinelas,4,9,13,30.8
Dragones del_ Averno,0,1,1,0.0
Dragones_Azules,2,6,8,25.0
Dragons 3ye,0,12,12,0.0
Dragons Paack,1,13,14,7.1
Dragons Paradox,0,2,2,0.0
Dragonsborn,0,2,2,0.0
Dragonsgard,0,1,1,0.0
Dragonwake,0,2,2,0.0
Drakebound,44,85,129,34.1
Drakonty ligea,24,40,64,37.5
Drakthar,0,1,1,0.0
Drakthos Revenants,1,2,3,33.3
Dreadbound,0,6,6,0.0
Dream Killers,3,10,13,23.1
Drekar Storm,1,4,5,20.0
Droctares,0,2,2,0.0
Droolers,26,26,52,50.0
Drop PvE,0,1,1,0.0
Druidae Umbrae,13,39,52,25.0
Drupa de Dois,0,2,2,0.0
Dub,1,0,1,100.0
Ducks Army,0,1,1,0.0
Duh Homies,0,1,1,0.0
Dungeon Plunderers,2,4,6,33.3
Dungon drivers,2,18,20,10.0
Dunkler Dreiklang,3,8,11,27.3
Dupla de dois,0,1,1,0.0
DurmstronG,4,2,6,66.7
Dynasty Of Lost Light,0,3,3,0.0
Dynasty Of Thieves,2,2,4,50.0
Dysfuntional BJS,0,1,1,0.0
E C O S,3,22,25,12.0
E D G E R U N N E R,1,1,2,50.0
E F E,7,27,34,20.6
E F N E S,2,0,2,100.0
E L D R A,4,9,13,30.8
E L D R I U M,13,21,34,38.2
E PAU E PICA ESCOLHE POHA,1,0,1,100.0
E R E B U S,11,22,33,33.3
E S P E C T R O,0,2,2,0.0
E X O D O O M,0,4,4,0.0
E XP,0,1,1,0.0
E couple,13,6,19,68.4
E vil Femboys,1,5,6,16.7
E-G-O,5,5,10,50.0
EASY CRAZY,0,3,3,0.0
ECOS_DEL_ALBA,0,7,7,0.0
EFXXT,0,2,2,0.0
EGO Company,25,51,76,32.9
EH o FARM,1,2,3,33.3
EJERCITO FORT STERLING,9,8,17,52.9
EKZtuB,0,3,3,0.0
EL CARTEL DE CABALLONA,12,12,24,50.0
EL CENIT,3,14,17,17.6
EL CHUCHU DE ARAGUA,8,15,23,34.8
EL CULTO DEL OESTE,0,1,1,0.0
EL EJERCITO ALTA-GAMA,0,7,7,0.0
EL ESCUADRON ANTIGARCHA,0,2,2,0.0
EL IMPERIO POCHO,0,5,5,0.0
EL LAG DE LAS HCE,10,24,34,29.4
EL NEGRO JHULIAN,1,2,3,33.3
EL PELUCA,0,1,1,0.0
EL REINO DEL ABISMO,2,0,2,100.0
EL TANHUANTINSUYO,2,3,5,40.0
EL UNDECIMO MANDAMIENTO,7,12,19,36.8
ELDERYN,0,5,5,0.0
ELISA LANCHES,1,5,6,16.7
ELITE MONKEYS,6,17,23,26.1
ELITE VK,0,1,1,0.0
ELP_COLOMBIA,0,1,1,0.0
ELTNOVA,0,1,1,0.0
EL_JURAMENTO DE LAS SONBRAS,1,14,15,6.7
EMPERADORES LATINOS,1,0,1,100.0
EN-Eutanasia,0,4,4,0.0
ENCOXA VO NO TANK,0,2,2,0.0
ENDANGERED,158,87,245,64.5
ENERGIA AVA,2,3,5,40.0
ENERGIA OC,0,2,2,0.0
ENTERT4INMENT,5,12,17,29.4
ENTIDAD,0,3,3,0.0
ENVIADOS,4,6,10,40.0
ENYEDD,0,1,1,0.0
ENZR,0,2,2,0.0
EPIC EFFORTS,2,22,24,8.3
ERECTION,0,5,5,0.0
ERECTUM,7,25,32,21.9
ERR0R N0T F0UND 404,0,5,5,0.0
ESCLAVOS DE LAS SOMBRAS1,0,1,1,0.0
ESCUADRON SUICIDA FAMA,0,4,4,0.0
ESCUELA DE L0B0S,2,2,4,50.0
ESKR2,10,30,40,25.0
ESPARTANOS420,0,1,1,0.0
ESPIRITUS DE FENRIR,1,1,2,50.0
ESQUADRAO BRISADO,0,1,1,0.0
ET de V4G1N4,8,16,24,33.3
ETERNAL FIRE DRAGON,5,2,7,71.4
ETERNAL NIGHTS,37,49,86,43.0
ETERNAL SHRINE,1,9,10,10.0
ETERNOS DRAUGR,4,23,27,14.8
ETHERNAL-GLORY,26,53,79,32.9
ETHUM QUALITY,2,4,6,33.3
EU SOU O TECO,0,1,1,0.0
EVERIST,4,50,54,7.4
EVIL A N E X X O,2,9,11,18.2
EVIL KINGSMAN,12,23,35,34.3
EVIL MACHINES,1,1,2,50.0
EVIL MONDONGO,0,1,1,0.0
EVIL PLVAS,0,1,1,0.0
EVIL ROGUE NATIVE,7,15,22,31.8
EVIL_CHICKENS,0,1,1,0.0
EX1LADOS,0,1,1,0.0
EX3CUT0R,0,2,2,0.0
EXILADOSS,0,6,6,0.0
EXILIADOS DEL NORTE,1,9,10,10.0
EXILIUM MORTIS,0,1,1,0.0
E_T_E_R_N_O _S,4,16,20,20.0
East Avalon Trading Company,0,1,1,0.0
Eastern Dragons,10,11,21,47.6
Ecatepec CDMX,1,1,2,50.0
Ecatonkios,1,7,8,12.5
Eclipce de Asgarth,0,3,3,0.0
Eclipse Blade,0,1,1,0.0
Eclipse Of Destiny,3,12,15,20.0
Eclipse of Eternal Night,0,5,5,0.0
Econyx,2,16,18,11.1
Ecos De Outlands,0,2,2,0.0
Ecos Del Vacio,9,24,33,27.3
Ecos da Ruina,11,60,71,15.5
Edge Runners IV,0,4,4,0.0
Eevolution,41,127,168,24.4
Efeito Colaterall,4,16,20,20.0
Egipto,2,16,18,11.1
Egreso,0,1,1,0.0
Ehrenlegion,1,1,2,50.0
Eikonic,124,164,288,43.1
Einzelgnger,2,6,8,25.0
El Abismo de los Bautistas,1,0,1,100.0
El Arca de Noe,1,2,3,33.3
El Banco Central de Albion,0,3,3,0.0
El Burdel De Bender,1,3,4,25.0
El Cartel Del Burrito,0,9,9,0.0
El Clan de Ouroboros,1,0,1,100.0
El Concilio de las Sombras,0,5,5,0.0
El Crisol Alado,5,4,9,55.6
El Culto de Axxis,2,1,3,66.7
El Gremio De Las Mil Manos,1,11,12,8.3
El Hades,0,1,1,0.0
El Holandes Herrante,0,1,1,0.0
El Imperio Latino,1,2,3,33.3
El Imperio Solar,1,0,1,100.0
El Lado Oscuro,0,2,2,0.0
El Ministerio De Los AzulesARG,0,2,2,0.0
El Pacto De Los Tres Reyes,16,43,59,27.1
El Puerta Truco Empire,0,7,7,0.0
El Punto de Partida,2,24,26,7.7
El Quinto Teletubbie,0,2,2,0.0
El Tren del Hielo,5,20,25,20.0
El cartel CR,0,5,5,0.0
El jorobado y sus amigos,0,2,2,0.0
El rincon de panter,2,2,4,50.0
ElDrilococo,0,5,5,0.0
ElNidoDeRatas,2,10,12,16.7
ElTioPino22TTV,0,1,1,0.0
Elba Neado,2,0,2,100.0
Elder Never Sleeep,1,5,6,16.7
Elegidos por el fuego,2,0,2,100.0
Elite - Warriors,1,2,3,33.3
Elite Besitos,9,1,10,90.0
Elite Final,1,2,3,33.3
Elite Nostra,7,8,15,46.7
Elite Questionavel,20,21,41,48.8
Elite Shadows,0,2,2,0.0
Elite SurAmerica,2,5,7,28.6
Elite Tilin,1,1,2,50.0
Elite de la Sombra,7,35,42,16.7
Elite4,1,3,4,25.0
EliteDeath,0,4,4,0.0
Ell Sacro Imperio,1,24,25,4.0
Elowen,0,1,1,0.0
Els Gats d Or,6,17,23,26.1
Elysium Breakers,0,1,1,0.0
Eminence InShadow,2,10,12,16.7
EminenceOfShadows,11,28,39,28.2
Empire Rex,1,1,2,50.0
Empire of the seven stars,0,2,2,0.0
Encarnados,0,1,1,0.0
Enchanted Blade,0,3,3,0.0
Endeudad0s,0,1,1,0.0
Enemies Are Missing,0,2,2,0.0
Enemigos de la Grasa,0,1,1,0.0
EnglishSolos,0,2,2,0.0
Enigma Superior,2,14,16,12.5
Enigmticos,0,1,1,0.0
Ephemerals,47,57,104,45.2
Epic Hobos,4,21,25,16.0
EquilibrE,8,28,36,22.2
Equipe Lobo,0,2,2,0.0
Era of the New Tusks,0,3,3,0.0
Erga Omnes,0,1,1,0.0
Ergenekon_real,1,2,3,33.3
Eroth,9,13,22,40.9
Errantes Eternos,2,4,6,33.3
Error 404 GnF,0,1,1,0.0
Error 404 Not Found,110,80,190,57.9
Escarveil,84,30,114,73.7
Escola de assasino,0,1,1,0.0
Escolinha Avalon,5,22,27,18.5
Escuadron Anti-Gordas,9,8,17,52.9
Escuadron Langosta,0,3,3,0.0
EscuadrondelaMuerte,0,1,1,0.0
Escudo_BR,0,26,26,0.0
EsenlerOtogar,0,1,1,0.0
Espadachines Negros,26,31,57,45.6
Esparta16 02 26,0,5,5,0.0
Esparta3OO,0,1,1,0.0
EspartanosARG,0,11,11,0.0
Estandarte de Honor Legendario,0,1,1,0.0
Estileto,3,0,3,100.0
EstirpE_PolaR,3,4,7,42.9
Et cetera,1,2,3,33.3
Eternal Carnage,0,1,1,0.0
Eternal Defiance,30,27,57,52.6
Eternal Divinity,2,11,13,15.4
Eternal Gatherers,0,1,1,0.0
Eternal Knights of Shadows,11,22,33,33.3
Eternal Onslaught,0,7,7,0.0
Eternal Radiance,0,1,1,0.0
Eternal Shadow Pact,0,2,2,0.0
Eternal blaze of the abyss,0,3,3,0.0
Eternal_Vanguard,0,2,2,0.0
Eternity Specters,5,3,8,62.5
Eterno CaoS,2,8,10,20.0
Eternos del Abismo,7,6,13,53.8
Ethelion,0,1,1,0.0
Ethereal Alliance,1,4,5,20.0
Ethernal Rush,3,12,15,20.0
Ethernia,0,7,7,0.0
Ethervil,0,1,1,0.0
Ethically Sourced Loot,1,1,2,50.0
Ethuil Barad,0,6,6,0.0
Euroboros,0,2,2,0.0
EvangeIion,2,7,9,22.2
EverAlone,2,0,2,100.0
EverRoots,3,1,4,75.0
Evil AssassinsGreed,117,53,170,68.8
Evil Eroth,0,1,1,0.0
Evil Fort,1,9,10,10.0
Evil Gankers Letales,11,13,24,45.8
Evil Gatitos,1,0,1,100.0
Evil Kool Aid,346,284,630,54.9
Evil Militant,8,4,12,66.7
Evil Monarch,7,2,9,77.8
Evil No Specs,98,77,175,56.0
Evil Not Today,23,34,57,40.4
Evil POTA POTA POTA,50,9,59,84.7
Evil Paura,28,42,70,40.0
Evil Rats,3,5,8,37.5
Evil Rugrats,0,13,13,0.0
Evil SpetnaZ,7,15,22,31.8
Evil Tejones Tacticos,0,1,1,0.0
Evil-Gank,17,49,66,25.8
Evil-Tun-Tun,80,50,130,61.5
EvilMighty,0,1,1,0.0
Evil_Eyes_System,1,16,17,5.9
Evolution Pk,1,1,2,50.0
Ex-Ragnarok,0,1,1,0.0
ExaIted,0,2,2,0.0
Exalteds,0,5,5,0.0
Excaliburs Bane,1,22,23,4.3
Exiled Foreruner,1,2,3,33.3
Exiled KingDoms,6,18,24,25.0
Exiled-Ones,0,1,1,0.0
Exiliado2 Del Valhalla,29,25,54,53.7
Exiliadosx,0,1,1,0.0
Exilied Crew,1,7,8,12.5
Exilium Claw,1,3,4,25.0
Existential Dread,0,7,7,0.0
Exodus The Fighting Chickens,0,1,1,0.0
Explocion de Sabor,46,31,77,59.7
Exploding Heavens,7,60,67,10.4
Explorador Solo,5,29,34,14.7
Explore The World,63,95,158,39.9
Explosao Galatica,0,1,1,0.0
ExpressoDaMorte,0,2,2,0.0
Extendo,1,7,8,12.5
Extremely Average,0,2,2,0.0
Eyes of the Darkness,6,9,15,40.0
Ez tutorial,0,1,1,0.0
F A L A N G E,26,64,90,28.9
F E A R M E,8,8,16,50.0
F I L H O S - D O - E D E N,2,5,7,28.6
F I N A O,0,1,1,0.0
F N T A S T I C,0,5,5,0.0
F N T A S T I C--2,1,0,1,100.0
F Pal Que Lee,7,38,45,15.6
F R A T E R N I T Y,0,2,2,0.0
F R I E N D s R A G E,4,8,12,33.3
F U L L-C O U N T E R,15,10,25,60.0
F U R O R E,91,134,225,40.4
F-4,0,1,1,0.0
F0CUS,0,1,1,0.0
F0rwardUnt0Dawn,2,14,16,12.5
F1ERCE T1TANS,0,1,1,0.0
F7_X-I-T-E-D,1,0,1,100.0
F9T,0,1,1,0.0
FALCOES,0,4,4,0.0
FALCONIA8120,0,1,1,0.0
FALSO POSITIV0,0,2,2,0.0
FAMOSOS E QUEBRADOS,0,1,1,0.0
FANTASIS,0,1,1,0.0
FARM FARM PVP,0,1,1,0.0
FARM-IT,0,1,1,0.0
FARMER STAR,0,1,1,0.0
FARMERS AC,3,19,22,13.6
FARMERS LETHALES,0,1,1,0.0
FAST ALONE,0,4,4,0.0
FATAL1TY,8,19,27,29.6
FAVELA CITY,0,1,1,0.0
FCAWF,1,6,7,14.3
FETTY WOPS,5,4,9,55.6
FINAL ELITE,28,23,51,54.9
FINIMO ELEGANTE,6,16,22,27.3
FISSURED,0,1,1,0.0
FLOW OF CHAOS,8,23,31,25.8
FLOWER POWER46,0,1,1,0.0
FM Conquistador,0,1,1,0.0
FMLA COLMENARES 1999,0,1,1,0.0
FOI FUMADO,2,13,15,13.3
FORCED KILLERS,0,8,8,0.0
FORJA DEL ORO,0,2,2,0.0
FORJADOR DE SILVER,0,2,2,0.0
FORT STERLING BR,4,7,11,36.4
FOUNDATION CRUZ,0,1,1,0.0
FOUR RIDER,1,2,3,33.3
FPR Squad,0,4,4,0.0
FRANGOS INC,9,2,11,81.8
FREE TP,0,4,4,0.0
FRENSHY,0,3,3,0.0
FRM_TRHONE,2,3,5,40.0
FROM TO BACK,2,2,4,50.0
FROST VIPERS,3,20,23,13.0
FTK Gang,3,8,11,27.3
FUERZA - POPULAR,0,2,2,0.0
FUERZA BRUTA,1,2,3,33.3
FUERZA ELITE DE MARTLOCK,1,1,2,50.0
FUERZA FENIX,6,8,14,42.9
FUERZAS BRUTAS,1,7,8,12.5
FUFUCORPORATION,0,1,1,0.0
FULL CAP,5,5,10,50.0
FULL EFFECT,0,1,1,0.0
FULL MAMUCHI,1,0,1,100.0
FULL TIER 3,13,13,26,50.0
FULLPUSH,21,48,69,30.4
FUMETAS LOVE,1,9,10,10.0
FURIA CONTIDA,0,6,6,0.0
FURIA DE SANGRE,0,1,1,0.0
FURIA DIVIN4,82,133,215,38.1
FURIA MAPUCHE,1,1,2,50.0
FURTIVITE,0,2,2,0.0
FaIIen AngeIs,157,103,260,60.4
Fabled Warriors,0,7,7,0.0
Fabrica De Bolo,9,12,21,42.9
Faction Army,319,180,499,63.9
Faction Wars,40,95,135,29.6
Fairy Tail Dragnil,0,2,2,0.0
Fallen S0uls,3,32,35,8.6
Fallen Sacrament,14,50,64,21.9
Fallen Stars,6,25,31,19.4
FallenLotus,0,1,1,0.0
Falsos Positivos,6,12,18,33.3
Falta Envido,2,2,4,50.0
Fame Hub,4,12,16,25.0
Fame Rushing,1,12,13,7.7
Family Wym-Tks,1,1,2,50.0
Family_of_Gankers,0,2,2,0.0
FanaticasDeLoSensual,1,4,5,20.0
Fanaticos Por PvE,15,81,96,15.6
Fanaticos del cabismon,0,7,7,0.0
FandG,1,1,2,50.0
Fanged Lotus,2,10,12,16.7
Fantasia,1,0,1,100.0
Farewell and be happy,0,5,5,0.0
Farm Bruto,0,2,2,0.0
Farm Glory,0,1,1,0.0
Farm Warlords,6,15,21,28.6
Farm to Market 51,0,2,2,0.0
FarmLiberty,4,8,12,33.3
Farmeadores XB,4,3,7,57.1
Farmore,0,1,1,0.0
FatedHearts,3,16,19,15.8
Fauces de Avalon,0,7,7,0.0
Fax,7,11,18,38.9
FeDi,0,1,1,0.0
Fear Syndicate,7,25,32,21.9
FearFactor,0,1,1,0.0
Feathers of a Phoenix,1,0,1,100.0
Federacin de Comercio,0,23,23,0.0
Federation of Lymhurst,0,1,1,0.0
Feed,1,2,3,33.3
Feel Good lnc,0,4,4,0.0
Femboy Armada,0,2,2,0.0
Femboys Club,0,1,1,0.0
Femboys Locos,0,1,1,0.0
Femboys y Empanadas,0,3,3,0.0
Fenix Del Alba,0,3,3,0.0
Fer de Lance,1,7,8,12.5
Festa Estanha,0,3,3,0.0
Fica Frio,0,1,1,0.0
Fiend Club Inc,10,19,29,34.5
Fight First,6,6,12,50.0
Fight4Fun,1,0,1,100.0
FightForHonor,0,1,1,0.0
Filhos Do Bode,1,11,12,8.3
FillerIslandOpps,1,4,5,20.0
Filthy Casual INC,11,16,27,40.7
Fimosity,16,14,30,53.3
Final Bosses-FB,0,1,1,0.0
Finis terra,16,50,66,24.2
Fino Senhores,2,2,4,50.0
Fire And Ashes,21,53,74,28.4
Fire With Fire,79,94,173,45.7
Fire_and_Blood,0,1,1,0.0
First Player to 1Trillion Silv,6,4,10,60.0
Fischer projection,0,1,1,0.0
Fisgoncitos,0,2,2,0.0
Fishin Impossible,0,1,1,0.0
Fiumba Fiumba,0,1,1,0.0
FlRE GODS,5,12,17,29.4
Fleurir,0,1,1,0.0
Flex Gang,1,2,3,33.3
Florecitas Rockeras,1,3,4,25.0
FluffyPaws,0,3,3,0.0
Flying Psychedelic Painters,0,1,1,0.0
Flying-Pigs,62,58,120,51.7
FoamyGang,0,1,1,0.0
Fofos,12,11,23,52.2
Fogo de Heraclito,5,27,32,15.6
Follaabuelas3000,0,1,1,0.0
FollowMe,2,8,10,20.0
Fools for Christ,10,17,27,37.0
For 3 Days premiuM,1,0,1,100.0
ForEverLasting,0,4,4,0.0
Forajidos Errantes,8,30,38,21.1
Forasteros del Ocaso,43,25,68,63.2
Forbidden Bamboo Forest,0,1,1,0.0
Foreigner DarkNights,0,12,12,0.0
Forever-Gxnk,2,0,2,100.0
Forgotten Iron,0,2,2,0.0
Forgotten Shore,0,1,1,0.0
Forja Tu Camino Farmer,1,1,2,50.0
Forja dos Veteranos,0,2,2,0.0
Formosa Adamas,13,4,17,76.5
Formosa Backroom,0,1,1,0.0
Formosa Overlord,3,5,8,37.5
Forsaken blades,0,17,17,0.0
Fort Snowbion,0,11,11,0.0
Fort Sterling Faccion Army,3,6,9,33.3
Fort Sterling Sentinels,3,44,47,6.4
Fortin Mulita,2,13,15,13.3
Fours,0,1,1,0.0
Fox Houd,0,3,3,0.0
Fracasados SA,1,2,3,33.3
Frangos de Batalha,14,10,24,58.3
Frangos do KFC,0,1,1,0.0
Fraudes Fiscales,0,1,1,0.0
Freak-Shows,0,1,1,0.0
Freakazoid Gang,0,1,1,0.0
Free Beer,58,70,128,45.3
Free Palestine1,0,2,2,0.0
Free Wanderers,0,2,2,0.0
Freedom Flex,12,7,19,63.2
FreezCorp,0,1,1,0.0
Frenzied --__-- Hunters24,0,1,1,0.0
Fresh cock perdoa,0,2,2,0.0
Fria Arcana,1,0,1,100.0
Frogwide,62,69,131,47.3
From the stars,1,1,2,50.0
Frontera Roja,126,102,228,55.3
Frost Monarch,0,1,1,0.0
FrostMight,0,2,2,0.0
Frostfire Rangers,0,15,15,0.0
FrozenGaming,1,0,1,100.0
Fruvi,0,1,1,0.0
Fuegoscuro,0,6,6,0.0
Fuera venekos,124,64,188,66.0
Fuerzas-Del-Cielo,0,7,7,0.0
Fugitivos del profit,1,14,15,6.7
Full Profiters,0,1,1,0.0
Full SpecS,0,1,1,0.0
Fuma e Farma,0,5,5,0.0
Furia Abissal,0,2,2,0.0
Furia Nocturnx,211,280,491,43.0
Furia de Draktharr,0,1,1,0.0
Furia nocturnx 2,70,109,179,39.1
G A M,14,22,36,38.9
G A N J E R O S,26,48,74,35.1
G L A D I U S,0,3,3,0.0
G O T H 4 M,3,4,7,42.9
G o l l i r a,5,6,11,45.5
G0D Slayerz,0,1,1,0.0
G0LDEN C0MPANY,1,7,8,12.5
G4M3RS COL,0,1,1,0.0
G4NKB4NK,1,4,5,20.0
GAFE,1,0,1,100.0
GAME OF THRONS,1,6,7,14.3
GANGSTER SOLO,1,2,3,33.3
GANK D0 BEACH,0,6,6,0.0
GANK DO GATINHAS,2,0,2,100.0
GANK FRITA OVOS,0,3,3,0.0
GANKCuba38,1,1,2,50.0
GANKHELLS,1,3,4,25.0
GANKOLETA,0,1,1,0.0
GANKOLETEIROS,3,7,10,30.0
GAROT4S,0,1,1,0.0
GARRAS FRZ,0,1,1,0.0
GATITOS CON RABIA,0,1,1,0.0
GATITOS TERRORISTAS,10,8,18,55.6
GBST,0,1,1,0.0
GEADA,9,40,49,18.4
GELO E PETEKO,0,1,1,0.0
GELO E TECO,8,3,11,72.7
GENEI RY0D4N,8,44,52,15.4
GENESE,4,6,10,40.0
GEOTORMENTA777,1,1,2,50.0
GET JAZZED,0,2,2,0.0
GG4L,0,3,3,0.0
GGBR,1,3,4,25.0
GGEZS,0,1,1,0.0
GGNOOBS,219,108,327,67.0
GHOST OF BRIDGEWATCH,0,1,1,0.0
GHOST_BLACK_NZ,2,29,31,6.5
GIGAxGUILD,0,1,1,0.0
GITANOS CLICKA,0,1,1,0.0
GLADIADORES GL,8,10,18,44.4
GLADIADORES L,8,5,13,61.5
GLORIA REAL,0,1,1,0.0
GNUPFV,0,7,7,0.0
GO INSIDE,0,2,2,0.0
GOBLINS GANG,1,4,5,20.0
GOD LIKE CLUB,6,7,13,46.2
GODS OF WAR - TEAM,0,1,1,0.0
GODS SON OF DRAGONS,0,16,16,0.0
GOES,0,2,2,0.0
GOLD WALLET,0,1,1,0.0
GOLDEN EGGPLANT SOCIETY,0,4,4,0.0
GOLPE_SUAVE,0,1,1,0.0
GOOD CORP,13,8,21,61.9
GOOD DEMON,0,2,2,0.0
GOOD FELLASS,5,17,22,22.7
GOTHAM C1TY,16,64,80,20.0
GOZA BOLSONARO,0,1,1,0.0
GR7 EXPLODE,1,0,1,100.0
GRAN CARIDAD,0,1,1,0.0
GRAN_TUMBA_DE_NAZARICK,6,12,18,33.3
GREEK TEAM,1,3,4,25.0
GREMIO DE GANKERS,5,5,10,50.0
GREMIO IESPPA,2,5,7,28.6
GREMITIUS,31,80,111,27.9
GRIFFINS-HEART,1,6,7,14.3
GRIMORIO DEL NUCLEO DORADO,2,24,26,7.7
GRIPOR,0,1,1,0.0
GROM Public Conversation,0,1,1,0.0
GRRENWOOD,2,5,7,28.6
GRUPO KUAKER,0,3,3,0.0
GR_LEGENDARY,0,4,4,0.0
GT FENIX,57,75,132,43.2
GT-Meta Guest,0,1,1,0.0
GTOWN,3,0,3,100.0
GUARDIANES DE LA LLAMA ETERNA,1,1,2,50.0
GUARDIANES DE LA OSCURIDA,0,1,1,0.0
GUARDIANES DEL ABISMO,13,24,37,35.1
GUARDIANES DUALES,0,2,2,0.0
GUARDIANS OF THE FORESTS,0,1,1,0.0
GUARDIA_IMPERIAL,0,4,4,0.0
GUARDIOES DE HELHEIM,0,5,5,0.0
GUIDA DOS NOVATOS,0,4,4,0.0
GUNDOWOX SL,3,9,12,25.0
GUYEN Y RONAL,1,0,1,100.0
Gafos Online,0,1,1,0.0
Gala-Rala,0,1,1,0.0
Galactic Wolf,0,1,1,0.0
Galactic_Empire_GE,3,0,3,100.0
Galaheim,0,7,7,0.0
Gambito da Garrinha,135,106,241,56.0
Game Development Department,3,5,8,37.5
GamerSRevengers,3,14,17,17.6
GaminJa king,0,1,1,0.0
Gampo,0,1,1,0.0
Ganaderia MEXICO,0,1,1,0.0
Gang dos corno manso,1,1,2,50.0
GangBang Theory,3,0,3,100.0
Ganga Sampera,7,7,14,50.0
Gangsters BR,0,1,1,0.0
Gank And Gank,1,1,2,50.0
Gank Kids,1,3,4,25.0
Gank N Gather,2,2,4,50.0
Gank Syndicate,1,2,3,33.3
Gank--GTR,0,1,1,0.0
Gankers LetaLes,335,334,669,50.1
Gannicus,2,0,2,100.0
GarchadoresDeHackers,0,1,1,0.0
Gardiens Du Pentagone,0,2,2,0.0
Garlic house,0,1,1,0.0
Garrafuria,2,5,7,28.6
Garras_De_La_Noche,1,2,3,33.3
GasLacrimojeno,0,1,1,0.0
Gates of Darkness,0,1,1,0.0
Gather and Kill,0,2,2,0.0
Gatherer CORP,5,16,21,23.8
Gati Army,1,7,8,12.5
Gatinhos do Albion,0,1,1,0.0
Gatitas Ardientes,0,1,1,0.0
Gato de caza,0,3,3,0.0
Gatos X locos,4,6,10,40.0
Gatos avalonianos,0,1,1,0.0
Gatos de Pandemoium,0,3,3,0.0
Gay Crimson,1,5,6,16.7
Gay Swamp Society,0,2,2,0.0
GayNENRyodan,4,6,10,40.0
Gaymers da Morte,0,1,1,0.0
GeNei RyoDan1,1,0,1,100.0
Generic Name,0,6,6,0.0
Genesis Rising,6,19,25,24.0
GenneiRyodaan,6,9,15,40.0
Geo Mephedrone,0,1,1,0.0
Ghost Assault,0,1,1,0.0
Ghost Divers,1,3,4,25.0
Ghost Kingdom,23,48,71,32.4
Ghost Walking,0,1,1,0.0
Ghost de Sparta,2,6,8,25.0
Ghosttrate,0,3,3,0.0
GhostzGHG,5,12,17,29.4
Giants of war,0,3,3,0.0
Gimli,0,1,1,0.0
Girei,12,10,22,54.5
GirlPowerS2,0,1,1,0.0
Glorious Angels,1,4,5,20.0
Glorious Arc,0,2,2,0.0
Gluver,0,1,1,0.0
GnGDragonKnight,7,12,19,36.8
Go Drinking,0,1,1,0.0
Go pve-pvp,0,1,1,0.0
Go to Bed,9,6,15,60.0
Go0d M0Mo OFF,1,0,1,100.0
Goblinoid,1,1,2,50.0
God of Yayo,0,1,1,0.0
Godetos,2,4,6,33.3
Gods Corp,0,1,1,0.0
Gods of Winter Valley,2,6,8,25.0
GojoSatuory,3,9,12,25.0
Gold D,3,4,7,42.9
GoldRYT,0,1,1,0.0
Golden Deal Company,0,3,3,0.0
Golden Expedition,1,2,3,33.3
Golden Key Syndicate,3,12,15,20.0
Golden Knights Royal,2,0,2,100.0
Golden Pact,0,1,1,0.0
Golden-Horde,2,6,8,25.0
GoldenBlueDragons,0,6,6,0.0
Goldens Coffee,1,1,2,50.0
Good-Latam,0,2,2,0.0
Goofbears,9,8,17,52.9
Goon Lords of Sex,0,2,2,0.0
Gooners INC,15,16,31,48.4
Goons Squad,0,1,1,0.0
Gorila Purple,0,10,10,0.0
Gorilla-SquaD,1,2,3,33.3
Got Talent,2,4,6,33.3
GoticAss,0,1,1,0.0
Goticas Rabudas,1,1,2,50.0
Goyim,3,1,4,75.0
Grace_Of_The_Pristine,0,1,1,0.0
GrandeTumbaNazarick,3,4,7,42.9
Grandline south,0,1,1,0.0
Granjita Y Pesca,0,1,1,0.0
Grav3robbers,2,0,2,100.0
Gravesborn,0,1,1,0.0
Greater Chilean Empire,2,3,5,40.0
GreenTeaParty,0,8,8,0.0
Gremio en Proceso,109,73,182,59.9
Gremlins of Albion,8,13,21,38.1
Grieving Party,0,1,1,0.0
Griffins Riders,35,76,111,31.5
Grimace Gang,0,1,1,0.0
Grimboow,1,0,1,100.0
Gringos Inc,7,17,24,29.2
Grougaloragran,55,46,101,54.5
Group games,0,3,3,0.0
Growers united,12,25,37,32.4
Grupal gang,0,1,1,0.0
Guardia De Avalon,2,3,5,40.0
Guardia Nacional AO,2,3,5,40.0
Guardia-Nocturna,24,22,46,52.2
Guardia_De_La_Noche,1,4,5,20.0
Guardian of Adventurers,2,4,6,33.3
Guardian_de_LYM,0,2,2,0.0
Guardianes De Asgard,5,26,31,16.1
Guardianes De Nazarick,4,11,15,26.7
Guardianes Del Avalon,0,3,3,0.0
Guardianes Del Cofre,14,29,43,32.6
Guardianes Del Vacio,0,2,2,0.0
Guardianes Reales,0,1,1,0.0
Guardianes de Martlock,2,13,15,13.3
Guardians 0f Gold,0,6,6,0.0
Guardians of the Fortun,2,10,12,16.7
Guardians of the Hunt,0,4,4,0.0
Guardias del Nexus,1,0,1,100.0
Guardias del honor,0,1,1,0.0
Guardioes Aureos,0,2,2,0.0
Guardioes da Folha,1,3,4,25.0
Guardioes de Mandalore,0,1,1,0.0
Gubki,0,1,1,0.0
Gucci-Bank-Squad,0,1,1,0.0
Guelos,0,3,3,0.0
Guerreiros da Meia Noite,0,1,1,0.0
Guerreros Nordicos,2,0,2,100.0
Guhnomes,4,2,6,66.7
Guild,8,4,12,66.7
Guild of Albion Triumph,0,1,1,0.0
GuildPotato103,1,6,7,14.3
GuildPotato1509,1,0,1,100.0
GuildTickleMe0,0,1,1,0.0
Guild_Wolf,1,0,1,100.0
Guilda Brizi,0,1,1,0.0
Guill3,0,2,2,0.0
Guillotine Therapy,1,0,1,100.0
Gullys little angels,0,11,11,0.0
Gun Runners,1,13,14,7.1
Gundavilus,0,1,1,0.0
Gurken Schurken,1,2,3,33.3
Gyere Gecy,1,9,10,10.0
H 1 S P A N I A,0,1,1,0.0
H A P P Y - H O U S E,0,8,8,0.0
H A R D S T Y L E,0,1,1,0.0
H E L L C O R E,14,26,40,35.0
H E L L _ D I V E R S,1,2,3,33.3
H I D D E N S,4,15,19,21.1
H O L Y B I B L I E,18,15,33,54.5
H O S P I C I O,0,1,1,0.0
H U R S T,71,123,194,36.6
H Y D R A A,0,1,1,0.0
H Y D R A L I S K,0,3,3,0.0
H Y P E R I U M,1,2,3,33.3
H Y S T E R I C,6,3,9,66.7
H a x,15,39,54,27.8
H e x c o r e,14,1,15,93.3
H-E-L-H-E-I-M,22,37,59,37.3
H-O-U-S-E Spades,0,1,1,0.0
H0N0RABLES,14,7,21,66.7
H3roLag,7,12,19,36.8
H3rois da Tret4,72,155,227,31.7
HAI HU,9,3,12,75.0
HALCON BLACK,40,65,105,38.1
HALCONES CARMESSI,0,3,3,0.0
HAWKEYE _TF,1,4,5,20.0
HCE ALL ROLES,0,1,1,0.0
HCE JAPAN,0,1,1,0.0
HCE POCHA,2,1,3,66.7
HEALER DIFF,5,8,13,38.5
HEILPVP,31,7,38,81.6
HEINSENBERG,5,3,8,62.5
HELHOKlS,2,3,5,40.0
HELL KILLERS,59,60,119,49.6
HELL-BOYS,0,2,2,0.0
HELLGARDEN,0,1,1,0.0
HELLS KITCHEEN,0,2,2,0.0
HELLS_PARADISE,0,1,1,0.0
HELM OF AWE,0,2,2,0.0
HERMANDAD DE CAMPEONES,0,1,1,0.0
HERMANDAD PJ,20,58,78,25.6
HIJ0S DE M0RE,0,1,1,0.0
HIJOS DE KANEL,1,3,4,25.0
HIJOS DE LA LUNA PLATEADA,0,4,4,0.0
HIJOS DEL FARMER,0,1,1,0.0
HIJOS DEL GLORIOSO SOL,0,2,2,0.0
HIJOS DEL TITAN,1,6,7,14.3
HIMEN,0,3,3,0.0
HIPERGAMIA,2,7,9,22.2
HIPOTECADOS,5,4,9,55.6
HISSHO,0,1,1,0.0
HK ARMYY,1,5,6,16.7
HOPLITA,57,88,145,39.3
HORA _DE _AVENTURA,9,28,37,24.3
HOSANA,10,15,25,40.0
HSxElysium,0,1,1,0.0
HUELLAS ETERNAS,2,10,12,16.7
HUJING,33,26,59,55.9
HULAJ,1,0,1,100.0
HULK S,1,12,13,7.7
HUMAN BARREL,2,0,2,100.0
HUNTER DOG BR,1,2,3,33.3
HYDRA BESEKER,0,1,1,0.0
HYDRA-RED,2,2,4,50.0
HYERF Clan,0,1,1,0.0
Hachiko,0,2,2,0.0
HackNslash,1,3,4,25.0
Hail Mery,0,1,1,0.0
Haladar,0,1,1,0.0
Halcon escarlata,0,5,5,0.0
Halcones ITSUR,0,1,1,0.0
Half-Blood Guardians,12,34,46,26.1
Halicarnassus,10,13,23,43.5
Hall of Cinders,1,4,5,20.0
Hamburg Kid,8,13,21,38.1
Hanbo,4,0,4,100.0
Hanchog,0,1,1,0.0
HanterKreid,0,3,3,0.0
Hantik Bosh Keps,3,13,16,18.8
Happy Hour,6,7,13,46.2
Happy_End,0,2,2,0.0
Haragon,3,3,6,50.0
Haram Police,0,1,1,0.0
Harbingers Lament,0,2,2,0.0
Harry of the Garys Mods,3,4,7,42.9
Harvester Kin,3,12,15,20.0
Harvesters of the Hopeful,65,165,230,28.3
Hashira Legion,0,1,1,0.0
Hass,0,1,1,0.0
Hasta que todos seamos uno,1,10,11,9.1
Hatedd,1,0,1,100.0
Hausgewalt,5,20,25,20.0
Haussen,0,5,5,0.0
Havana Club,1,3,4,25.0
Have Mercy,0,2,2,0.0
HazyChaos,2,4,6,33.3
HeLL Army,4,3,7,57.1
HeWhoRemains,4,1,5,80.0
Healer Tax,1,1,2,50.0
Heaven-Doors,2,2,4,50.0
Heavenly Demons,0,5,5,0.0
Heavy Metal Espanol,0,3,3,0.0
Heavy Metal Syndicate,0,3,3,0.0
Hechiceros del Imperio,0,2,2,0.0
Hei Bai Forest Guardian,5,10,15,33.3
Heil spunk,0,1,1,0.0
Hell Slaves,0,1,1,0.0
HellParadise,1,2,3,33.3
Hello Cotto,27,23,50,54.0
Hello_Kitti,1,0,1,100.0
Hellsing Crusades,0,1,1,0.0
Help All,0,4,4,0.0
Hemp Group United,0,1,1,0.0
Hemp Rats Cartel,16,89,105,15.2
HentaiClub,0,1,1,0.0
Heraldos del Destino,0,3,3,0.0
Heraldos del Valhalla,0,2,2,0.0
Herederos del Yunque,1,1,2,50.0
Heretic Network,14,47,61,23.0
Hermandad Vikinga,0,1,1,0.0
Hermanos de avalon,1,0,1,100.0
Hero Lanniter,2,8,10,20.0
Hero Maker Mania,1,1,2,50.0
HeroNation,0,5,5,0.0
Heroes Of Silencio,0,3,3,0.0
Heroes del Pasado,0,1,1,0.0
Heroes sin capa,1,14,15,6.7
HiDrA Reborn,27,143,170,15.9
Hidden Lotus,2,0,2,100.0
Hidden New World,0,1,1,0.0
Hidden Power,1,13,14,7.1
Hidden Soul,0,6,6,0.0
Hidel,0,5,5,0.0
Hideyoshi,0,2,2,0.0
Hierophant,0,2,2,0.0
High Castle,0,1,1,0.0
High Council TTV,1,2,3,33.3
High Council of Hydra,0,4,4,0.0
High Council of Low Standards,2,0,2,100.0
High Divers,4,5,9,44.4
High Level Performance,0,1,1,0.0
High Respect LFNM,0,1,1,0.0
HighLand69,0,4,4,0.0
Hijo del Sol,0,1,1,0.0
Hijos De Esparta,0,1,1,0.0
Hijos de cronos709,0,1,1,0.0
Hijos del Albahhhhh,0,1,1,0.0
Hijos del Bacio,0,1,1,0.0
Hijos del Sol Ardiente,1,0,1,100.0
Hisoka,8,7,15,53.3
Hisoka Zoldyck,0,1,1,0.0
Hispanic Revolution,2,1,3,66.7
Hispanica,1,18,19,5.3
Hitsquad,63,54,117,53.8
Hiyoko gakkou,11,49,60,18.3
Hmm Mamou,1,0,1,100.0
Ho No Hana,2,1,3,66.7
Hoard,3,3,6,50.0
Hobres-de-Honorr,2,28,30,6.7
Hofring,19,17,36,52.8
HogWarts Prime,1,2,3,33.3
Hold My Didi,0,1,1,0.0
Hold My Pocket,57,72,129,44.2
Hold My ZTE,1,0,1,100.0
HoleoHolics,0,1,1,0.0
Hollow Faith,17,38,55,30.9
Hollow Specs,9,9,18,50.0
Hollow crusade,0,1,1,0.0
Holly Michaels,2,0,2,100.0
Holy Aura,0,1,1,0.0
Holy_Templar Order,0,1,1,0.0
Honor y Lealtad,0,1,1,0.0
Honoris,35,129,164,21.3
Honyadaka,0,1,1,0.0
Hoomeless,0,1,1,0.0
Hora da Chibata,0,6,6,0.0
Horadric Order,1,1,2,50.0
Horak,0,6,6,0.0
Horde of Albion,0,4,4,0.0
Hordeeeee,0,2,2,0.0
Horizonte Rojo,1,0,1,100.0
Horny Loot Donkeys,15,9,24,62.5
Hospital psiquiatrico,0,1,1,0.0
HostiaSagrada,0,2,2,0.0
Hougard,0,1,1,0.0
House McKee,0,1,1,0.0
House Of CLTs,0,2,2,0.0
House of Void,0,2,2,0.0
House-Of-Dragons,2,12,14,14.3
HouseGuillotine,0,1,1,0.0
HouseOfTargaryen,0,1,1,0.0
House_The_Dragons-BR,0,9,9,0.0
Https TrashGang exe,0,2,2,0.0
Huevo Chiquito,1,0,1,100.0
Huff n Puff,1,0,1,100.0
Hundings Rage,1,0,1,100.0
Hunter Assasins,9,33,42,21.4
Hunter_blood,0,2,2,0.0
Hunters - of - Glory,23,82,105,21.9
HuntersDungeons,3,6,9,33.3
Hunterz zone,2,28,30,6.7
Hustle N Flow,1,0,1,100.0
HustlinHitmans is back,3,16,19,15.8
Hybrid Moments,2,2,4,50.0
Hydra Corporations,42,83,125,33.6
Hydra Gaming,11,23,34,32.4
Hydra1999,1,0,1,100.0
Hypeless,24,24,48,50.0
Hyperfocus,0,1,1,0.0
Hypocrisy,1,1,2,50.0
Hyrule Mercenaries,0,1,1,0.0
I All Rise I,0,1,1,0.0
I BGF I,1,3,4,25.0
I Colmillo Sangriento I,6,10,16,37.5
I DEMACIA I,0,5,5,0.0
I DIOSES I,1,1,2,50.0
I Diamond Dogs I,2,2,4,50.0
I DieHard I,28,65,93,30.1
I Dont Cry I,1,6,7,14.3
I Guess What I,0,1,1,0.0
I Heavenly Demon I,27,46,73,37.0
I J U M A N J I I,5,11,16,31.2
I K O N,0,1,1,0.0
I L E V E L I N G I,97,42,139,69.8
I LOVE BLONDE GIRL,0,1,1,0.0
I Loniez I,24,75,99,24.2
I M M I N E N T,107,48,155,69.0
I M O R T A I S,125,303,428,29.2
I Made in Abyss I,1,16,17,5.9
I Minimum Effort I,0,2,2,0.0
I N C U R S I O,1,1,2,50.0
I N D O M I N U S,3,4,7,42.9
I N E X T R A D I T A B L E S,1,1,2,50.0
I N J U S 7 I C E,2,11,13,15.4
I N S O L A T I O N,12,24,36,33.3
I N S O L E N T,41,109,150,27.3
I NIGHTMARE I,1,2,3,33.3
I Nice Try I,1,3,4,25.0
I Nothing I,140,126,266,52.6
I ODISEA I,2,2,4,50.0
I Only Collect,1,10,11,9.1
I Paradise I,129,55,184,70.1
I REVENGE I,1,0,1,100.0
I ROCK BOTTOM I,0,1,1,0.0
I SURGE I,67,53,120,55.8
I SWEAR I HIT IT,0,2,2,0.0
I Think So,54,21,75,72.0
I Underground I,14,13,27,51.9
I Utevo Lux I,1,0,1,100.0
I Vicious I,0,2,2,0.0
I WANNA BE YOURS,1,3,4,25.0
I WAS HIDING,1,3,4,25.0
I Warriors Company I,10,22,32,31.2
I am atomic,0,1,1,0.0
I m p e l D o w n,0,11,11,0.0
I newbee I,1,0,1,100.0
I-Love-Mariah,0,1,1,0.0
I-N-V-I-C-T-U-S,6,3,9,66.7
ICENGARTH,0,3,3,0.0
IDEMASIADOSI,14,33,47,29.8
IDark-DragonsI,0,17,17,0.0
IFOODD,0,1,1,0.0
IFireForceI,1,7,8,12.5
IFures,317,296,613,51.7
IFurris,1,5,6,16.7
IGNIS MORTUM,7,12,19,36.8
IGUANO POWER,1,1,2,50.0
II Aldeia II,0,9,9,0.0
II Avalon Raiders II,0,1,1,0.0
II CARPE DIEM II,2,4,6,33.3
II E X I L I U M II,18,13,31,58.1
II Genesis II,9,41,50,18.0
II HunT II,1,1,2,50.0
II INMORTALITY II,30,10,40,75.0
II OUIJA II,5,38,43,11.6
II W A R R I O R S II,1,13,14,7.1
II Wolf Soul II,0,1,1,0.0
IIBrigada FantasmaII,1,0,1,100.0
IIFures,93,107,200,46.5
IIHail HydraII,0,8,8,0.0
III DISTRITO ROJO IIII,2,18,20,10.0
III GUERREROS III,0,1,1,0.0
III TA DURO DORME III,2,8,10,20.0
IIII EJERCITO DE MARTLOCK IIII,1,4,5,20.0
IIIXIII,0,1,1,0.0
IImperial Army,0,4,4,0.0
ILEGAL_CT,0,1,1,0.0
ILLICIT HOMMIES,0,1,1,0.0
ILLUSION _PVE,0,1,1,0.0
ILOKINGDON,1,3,4,25.0
ILooT OLX,4,7,11,36.4
IM NOT RETIRED IM FISHING,37,27,64,57.8
IM-DISASTER,2,0,2,100.0
IMMORTAL SECT,0,3,3,0.0
IMORTAIS ACADEMY,37,145,182,20.3
IMP3RIO,0,5,5,0.0
IMPERIALISMO,0,5,5,0.0
IMPERIATUS,1,4,5,20.0
IMPERIO ALEMAN,3,11,14,21.4
IMPERIO DE MYNOGHRA,1,4,5,20.0
IMPERIO MAKUS,120,116,236,50.8
IMPERIO MARTLOCKK,5,2,7,71.4
IMPERIO REPORT,0,5,5,0.0
IMPERIUMM,1,4,5,20.0
IMPERIUS SANGUINIS,74,85,159,46.5
IMPERIVM ONLINE,3,0,3,100.0
IN MOR TAL,20,15,35,57.1
INDECOPI,139,33,172,80.8
INDOM4BLE,3,0,3,100.0
INDOMABLES CUBA,3,12,15,20.0
INDOMITABLE LEGION,25,85,110,22.7
INFERMUS,0,1,1,0.0
INFERNUS LATINDEMONS,2,14,16,12.5
INFINITY_BR,1,0,1,100.0
INICIATYVE,0,1,1,0.0
INIMIGOS DA ESQUIVA,0,7,7,0.0
INLUX,1,5,6,16.7
INQUISIDORESS,0,1,1,0.0
INSTA KARMA,21,24,45,46.7
INTEPLOS,0,1,1,0.0
INTERDITS,111,113,224,49.6
INU PIA,1,4,5,20.0
INVADERS GG,12,33,45,26.7
INVICTUS CORE,2,11,13,15.4
IRMANDADE DA GUERRA,1,0,1,100.0
IRMANDADE DOS RENEGADOS,7,31,38,18.4
IRON-THRONE,0,1,1,0.0
IRONFIST-LEGION,0,1,1,0.0
IS MY STATIC,42,51,93,45.2
IS0LAD0S,2,4,6,33.3
ISN Infernus Nation,0,4,4,0.0
ISpectreI,37,70,107,34.6
IT s ShoW TimE,95,202,297,32.0
ITLSW,0,2,2,0.0
IVEXI,2,13,15,13.3
IZzzzI,5,0,5,100.0
I_OMNIPOTENTE_I,1,4,5,20.0
Ibu-profeno,0,2,2,0.0
Ichwan Bedwine,12,6,18,66.7
Icon Living,1,0,1,100.0
Idade30Mais,0,1,1,0.0
Idc Gotta Farm,0,1,1,0.0
Iforgot the sunwell,0,1,1,0.0
Iglesia,0,8,8,0.0
Ignum,123,104,227,54.2
Ih4teUtnyans,0,1,1,0.0
IlBlueStormIl,2,5,7,28.6
Ill Be In Your Mom,24,53,77,31.2
Illuminai,0,2,2,0.0
Iluminados-BR,0,2,2,0.0
Imehh,0,1,1,0.0
Immperator,0,5,5,0.0
Imparables,0,1,1,0.0
Imperi0BR,0,2,2,0.0
ImperialJade,2,0,2,100.0
Imperio Dos Anoes,0,1,1,0.0
Imperio I_N_K_A,7,20,27,25.9
Imperio de Alphixia,0,1,1,0.0
Imperio de Filozim,1,0,1,100.0
Imperium Avalonis,0,1,1,0.0
Imperium Mortis,1,10,11,9.1
Imperium Viss Ignis,21,30,51,41.2
ImperiusGaming,0,4,4,0.0
In Morte Libertas,0,6,6,0.0
In The Zone,5,3,8,62.5
Incertum Fatum,0,4,4,0.0
Inconquistable,0,2,2,0.0
Indiferencia,0,3,3,0.0
Industrias Sougad SA,2,0,2,100.0
InfamousLK,0,1,1,0.0
Infan3,0,1,1,0.0
InfernalCorpsTK,0,2,2,0.0
Inferno Company,0,1,1,0.0
Infernus666,0,1,1,0.0
Infierno Blanco,0,1,1,0.0
Infierno Supremo,1,1,2,50.0
Infinite Astrolis,35,75,110,31.8
Infinity Void,0,1,1,0.0
Infity force,1,0,1,100.0
Informals ravengers,0,2,2,0.0
Inglorium,5,12,17,29.4
Inimigos do HP,0,5,5,0.0
Inimigos do Progresso,14,21,35,40.0
InmortalesVNZ,33,59,92,35.9
Inoculant Order,0,1,1,0.0
Inquisicion Oscura,0,1,1,0.0
Inquisidores De Empanadas,1,11,12,8.3
Insane of Shadow,0,6,6,0.0
Insanos Express,6,45,51,11.8
Insanos por PVE,44,101,145,30.3
Inseminator,0,1,1,0.0
Inspeccion de Billeteras,87,81,168,51.8
Instic,118,169,287,41.1
Instituto de Pescacion uWu,0,1,1,0.0
Interrupted Signal,21,43,64,32.8
Intolerant 2,0,1,1,0.0
Invaders from the abyss,3,3,6,50.0
Invasores del Odio,0,1,1,0.0
Invasors II,1,0,1,100.0
Iraven,12,48,60,20.0
Irelyths Dragon Knights,10,15,25,40.0
Irken Empire,0,1,1,0.0
Irmandade das Sombras,0,1,1,0.0
Iron Bulwark,0,2,2,0.0
Iron Reapers,0,1,1,0.0
Iron lord,1,5,6,16.7
Iron_Legion,6,0,6,100.0
IsMyCastle,5,2,7,71.4
Isekia Merchants,0,2,2,0.0
Ishimura Ghosts,0,3,3,0.0
Island Dragon,1,7,8,12.5
IslandBoiz,15,4,19,78.9
It Takes Time,1,2,3,33.3
Its Time,0,1,1,0.0
Itsumo x dake,0,2,2,0.0
IzFamaly,3,8,11,27.3
J A B A R I,12,32,44,27.3
JA ERA GG,6,26,32,18.8
JAG3R,1,1,2,50.0
JAMAICA,14,9,23,60.9
JAQUE MATE Imperio del Monarca,0,2,2,0.0
JAURIA FRENESIS,2,8,10,20.0
JESUCRIST0,0,1,1,0.0
JESUS CHRIST KING OF KINGS,0,26,26,0.0
JESUS NAZARENO,1,1,2,50.0
JIF,1,2,3,33.3
JJMonkys,0,3,3,0.0
JOGOSDAGALERA,0,1,1,0.0
JOKERS-FAMILY,0,1,1,0.0
JOKERSPRANKS,0,3,3,0.0
JOMS V I K I N G S,15,18,33,45.5
JOMSVIK1NGS,0,1,1,0.0
JORNALEROS_DE_LA_PENUMBRA,2,2,4,50.0
JReyes,0,1,1,0.0
Jade Lunar,0,1,1,0.0
Jagermeifter,1,1,2,50.0
Jardim Do Sol,0,1,1,0.0
Jauria del abismo,0,3,3,0.0
Jester Life,1,1,2,50.0
Jesters of Olympus,0,3,3,0.0
Jesuisunhommeperfeite,1,0,1,100.0
Jg Las Torres,0,1,1,0.0
Jimbo3000s,0,4,4,0.0
Jinxxs Garden,3,5,8,37.5
Joc,0,1,1,0.0
Join All,1,8,9,11.1
Jose S A,0,1,1,0.0
Joselito Sem Nossaum,0,2,2,0.0
Juicy-Loot,1,2,3,33.3
JujuyARGladiador,2,0,2,100.0
Jupiter na Lua,0,2,2,0.0
Juppon Jigoku,0,15,15,0.0
Juramento do Eclipse,1,2,3,33.3
Just Drop4,101,51,152,66.4
Just_Chilling,10,0,10,100.0
Justice League Unlimited,4,12,16,25.0
K 4 R M A,1,5,6,16.7
K A B U M,3,8,11,27.3
K A I R O S,0,6,6,0.0
K A M I K A Z E,3,2,5,60.0
K A N I S GANK,1,10,11,9.1
K A R M I N E - C O R P,0,2,2,0.0
K I G A,21,17,38,55.3
K O D O K U,5,25,30,16.7
K PA MI XAN,2,7,9,22.2
K-6,4,16,20,20.0
K-O-W,2,10,12,16.7
K-Pangas,9,44,53,17.0
K-bum,0,1,1,0.0
K4M1K4Z1,3,5,8,37.5
K4xKINGS,3,21,24,12.5
KAER MORHEN CASTLE,4,4,8,50.0
KAKTUSZ,0,1,1,0.0
KAMIKAZS,0,2,2,0.0
KARABURMA,0,3,3,0.0
KARTEL DE TIKTOK,1,13,14,7.1
KASAERAN,0,2,2,0.0
KBforcex2,0,1,1,0.0
KGB-Oficial,0,1,1,0.0
KILL_S_N_G,0,1,1,0.0
KIND-VARNOKT,3,28,31,9.7
KING MANE,3,42,45,6.7
KINGS OF COIN,0,12,12,0.0
KINGS OF DEEAAD,0,3,3,0.0
KITYS BELLAKOS,1,0,1,100.0
KLaAaSH,0,2,2,0.0
KNDY,0,1,1,0.0
KNIGHTS OF BRIDGE,1,0,1,100.0
KNIGHT_SOMBRA,0,4,4,0.0
KOALATION,4,2,6,66.7
KONGKISTERZ,3,3,6,50.0
KR SEED,86,127,213,40.4
KR Sangre x Sangre,1,0,1,100.0
KRAKEN REVENGE,2,7,9,22.2
KTF,0,1,1,0.0
KUD Legion,0,3,3,0.0
KULDAUN,54,60,114,47.4
KUQCLAN,0,1,1,0.0
KURO-S H3LL,10,17,27,37.0
KVM MONSTERS,0,2,2,0.0
KZaB,1,0,1,100.0
Kaiser boisssss,3,1,4,75.0
Kalacas Shidass,0,2,2,0.0
KaligulaHH,15,0,15,100.0
Kama Instantaneo,0,1,1,0.0
KameLord,0,3,3,0.0
Kaos Latin Gamers,2,9,11,18.2
Kashtan lovers,1,2,3,33.3
Kataklysm,4,1,5,80.0
Kategattt,0,3,3,0.0
Katteggat,3,0,3,100.0
Katza,1,0,1,100.0
Kawaii Destroyers,1,2,3,33.3
Kchados Por La Leche,25,40,65,38.5
Kedoin,2,4,6,33.3
KeeperST,0,1,1,0.0
Keepers of the Quagmire,97,73,170,57.1
Kentuckys Fried Claps,2,8,10,20.0
Ketsumei no Kishidan,1,3,4,25.0
Keybump,235,148,383,61.4
Keys Of Money,0,1,1,0.0
Khem,4,4,8,50.0
Kicking and Screaming,1,2,3,33.3
KidXD,2,10,12,16.7
Kill Or Be Kill3d,1,3,4,25.0
KillSquad,20,37,57,35.1
Killas of the Fen,1,25,26,3.8
Killer Ducks II,0,2,2,0.0
Killer Instinct,1,0,1,100.0
Killer knights,0,2,2,0.0
Killer lnstict,21,2,23,91.3
Killing Me Softly,0,3,3,0.0
Kills4Kisses,23,7,30,76.7
Kin spartas,0,2,2,0.0
KinderG4rten,1,0,1,100.0
King Priest,2,5,7,28.6
King Surf,8,13,21,38.1
Kingdom,0,1,1,0.0
Kingdom Fury,31,29,60,51.7
Kingdom Of Silent,0,7,7,0.0
Kingdom of Jesters,0,1,1,0.0
Kingfisherz,5,16,21,23.8
Kings Maps,0,6,6,0.0
Kings Of Ganjah,0,1,1,0.0
KingsRising,0,1,1,0.0
Kingsland Crushers,0,1,1,0.0
KingsofDukes,0,1,1,0.0
Kitty Killers,4,0,4,100.0
Knight Blood,54,90,144,37.5
Knight Lonely,2,7,9,22.2
Knight Of Purgatory,0,1,1,0.0
Knight of God,0,1,1,0.0
Knight of Velyrion,2,2,4,50.0
Knights Falls,1,3,4,25.0
Knights Of Monkey,1,0,1,100.0
Knights Templar v2,0,4,4,0.0
Knights _of_the_Abyss,1,11,12,8.3
Knights of Arcana,0,9,9,0.0
Knights of Coolness,0,1,1,0.0
Knights of Durin,0,1,1,0.0
Knights of Empire,4,16,20,20.0
Knights of Fate,0,1,1,0.0
Knights of Vesper,0,2,2,0.0
Knights of the Living God,1,1,2,50.0
Knights of the Old File,0,1,1,0.0
Knights of the Square Chair,1,3,4,25.0
KnightsHaven,6,44,50,12.0
Knights_of_the_Abyss,1,2,3,33.3
Knigths_BroTherHood,1,0,1,100.0
Knob Gobblers,0,2,2,0.0
Koalition-Vnzla,3,15,18,16.7
Kong-Army,27,26,53,50.9
Kontig,20,44,64,31.2
KoolRaiders - KLR,0,1,1,0.0
KorFas,0,1,1,0.0
KraKs,0,2,2,0.0
KraftDinner,65,78,143,45.5
Kraken De La Ruta Roja,5,0,5,100.0
Kronos Ascendens Judex,83,8,91,91.2
Krozakov,41,48,89,46.1
Kururus the Return,0,7,7,0.0
Kyiv region,0,1,1,0.0
L 0 B O S,7,23,30,23.3
L A G I L A D A,0,1,1,0.0
L A N C E R,0,1,1,0.0
L A S T W O R D S,39,35,74,52.7
L A T I N O S,8,61,69,11.6
L A Z I N E S S,1,0,1,100.0
L Casterly Rock K,1,6,7,14.3
L E G E N D A R I O S,49,112,161,30.4
L E G I O N - N O C T U R N A,5,18,23,21.7
L E V I A - T H A N,0,1,1,0.0
L I B E R A C I O N,0,1,1,0.0
L I B E R A T I O N,0,4,4,0.0
L I N U X,11,30,41,26.8
L I O N H E A R T,8,11,19,42.1
L U D O P A T A S,1,12,13,7.7
L U S I T A N I A,5,14,19,26.3
L--A--G,0,1,1,0.0
L-4-T-4-M-F-4-M-1-L-Y-S-s,0,1,1,0.0
L0B0S S0LITARI0S,2,6,8,25.0
L0PEZ,2,4,6,33.3
L0S DIBUJIT0S,3,0,3,100.0
L0S GUARDIANES,0,1,1,0.0
L0stS0u1s,0,1,1,0.0
L1FE OVER,15,29,44,34.1
L4 LUJUR1A DE TU T10 El N3gR0,0,1,1,0.0
L4 PIC4,1,1,2,50.0
L4 SECTA,47,62,109,43.1
L4NCELOT,0,1,1,0.0
LA CASA BAXLEY,0,1,1,0.0
LA CRUZ DE ADAMANTIUM NEGRO,4,33,37,10.8
LA GUARDIA REAL ELITE,10,15,25,40.0
LA HERMANDAD DE LOS MANCOS,0,1,1,0.0
LA IGLESIA,4,20,24,16.7
LA M4FIA,4,5,9,44.4
LA MAFIA BRASILENA,1,11,12,8.3
LA NUEVA ORDENNN,0,4,4,0.0
LA ORDEN AVALONIANA,1,1,2,50.0
LA ORDEN DEL SAGRADO ROSTRO,11,38,49,22.4
LA TABERNA DEL TROLL,0,1,1,0.0
LA TRIBU FAKE,2,0,2,100.0
LA ULTIMA PARTY,1,1,2,50.0
LA VANGUARDIA DE THE FORD,0,1,1,0.0
LA-ORDEN-DEL-COLMILLO-NEGRO,1,6,7,14.3
LABORIOGRANADOS,0,1,1,0.0
LAC0MUNIDAD,9,20,29,31.0
LAGS YOU,2,0,2,100.0
LAMANCOMUNIDAD,0,1,1,0.0
LAPLUZAM,4,3,7,57.1
LAS POCHO MAMADAS,2,4,6,33.3
LASCROQUETAS,1,0,1,100.0
LAST LION,0,1,1,0.0
LATIN WOLFS 999ms,5,24,29,17.2
LATINOS-PRIME2,0,1,1,0.0
LAURA PLAYERS,16,12,28,57.1
LA_COMUNIDAD_DEL_ANILLO,0,3,3,0.0
LA_HERMANA,0,1,1,0.0
LA_ORDEN_DEL_OLIMPO_FS,0,3,3,0.0
LC- Nueva Guardia,11,15,26,42.3
LDSF,2,0,2,100.0
LE CUYE,0,1,1,0.0
LE SSERAF1M,5,11,16,31.2
LEAL - FARMESS,2,17,19,10.5
LEARN OR DIE,3,15,18,16.7
LEDC,1,1,2,50.0
LEGADO DE FENRIR,8,27,35,22.9
LEGADO INMORTAL,13,34,47,27.7
LEGEON MARTLOCK,0,2,2,0.0
LEGIAO BRASIL,0,1,1,0.0
LEGIAO WARHAMMER,4,24,28,14.3
LEGION 45,0,1,1,0.0
LEGION CREW,0,5,5,0.0
LEGION DE EXPLORACION Z,0,1,1,0.0
LEGION ETERNAL,3,8,11,27.3
LEGION GR 300,34,132,166,20.5
LEGION MIGAJAS,14,12,26,53.8
LEGION MONKEY,0,1,1,0.0
LEGION NORAGAMI,0,3,3,0.0
LEGION OF KINGSS,3,2,5,60.0
LEGION PEDRO,5,4,9,55.6
LEGION REZAGADOS,1,3,4,25.0
LEGION ZER0,0,4,4,0.0
LEGION--LATINA,0,12,12,0.0
LEGIONS ALFA,0,2,2,0.0
LEGION_DEL_FENIX,33,82,115,28.7
LEND4S-BR,2,6,8,25.0
LEONES1z3,0,1,1,0.0
LEVELEANDO SOLOS,4,10,14,28.6
LFG - SC,0,1,1,0.0
LFGatherers,0,1,1,0.0
LGPLY Guild,0,1,1,0.0
LIDZ,0,4,4,0.0
LIFE AND HONOR,16,52,68,23.5
LIGA DE SIMPS,0,1,1,0.0
LIIONS,1,3,4,25.0
LIL BEARS,47,114,161,29.2
LIMHUST M4FI4,1,4,5,20.0
LIONS REBELION,3,11,14,21.4
LIONS-GOLD,0,1,1,0.0
LITERALBION,1,2,3,33.3
LITTLE SPIDERS,0,1,1,0.0
LIZARDFOLK,0,3,3,0.0
LLetzte SSonne,1,0,1,100.0
LMB-Last Man Battalion,0,3,3,0.0
LOBO SOLITRIO BR,0,2,2,0.0
LOBO0S,0,2,2,0.0
LOBOS MISTICOS,1,4,5,20.0
LOFI-CORP,0,1,1,0.0
LOKHEM,0,2,2,0.0
LOOT DE GRUPALES,0,1,1,0.0
LORDS DAEDRAS,5,8,13,38.5
LORDS DARKINS,0,1,1,0.0
LOS AMANTES DE TU PRIMA,0,1,1,0.0
LOS ANTIPROFIT,0,2,2,0.0
LOS CABALLEROS DEL HIERRO,0,1,1,0.0
LOS CAMINANTES ROJOS,5,3,8,62.5
LOS CHAMB34d0r3s,1,2,3,33.3
LOS CHANGOS AVALONIANOS,0,2,2,0.0
LOS CHASQUIS,1,7,8,12.5
LOS COMPADR3S,10,8,18,55.6
LOS CUNUMIS,0,1,1,0.0
LOS DESVALIJADOS,0,2,2,0.0
LOS GUERREROS OSCUROS 410,1,0,1,100.0
LOS GUEVO GRANDE,4,15,19,21.1
LOS HEREDEROS DEL ABISMO,21,49,70,30.0
LOS HIJOS DE MORGANA,27,88,115,23.5
LOS HOMBRES DE NEGROS,2,10,12,16.7
LOS MATROSOS,5,8,13,38.5
LOS MIGAJEROS,0,1,1,0.0
LOS PEONES DEL INFIERNO,0,1,1,0.0
LOS PIJAS TRISTES,1,2,3,33.3
LOS PINGOSTINIS DE PERRU,3,8,11,27.3
LOS POCHOS DIVER,0,5,5,0.0
LOS POCHOS HERMANOS,0,1,1,0.0
LOS PRO-pensos,1,0,1,100.0
LOS REFUGIAD0S,7,11,18,38.9
LOS ROMPEDISCOTEK,25,26,51,49.0
LOS SANGRE DE DRAGON,0,9,9,0.0
LOS SIERVOS DE LA MUERTE,7,30,37,18.9
LOS SUPER SEXYS BOYS,5,1,6,83.3
LOS THUNDER RATS,0,2,2,0.0
LOS TILINES DORADOS,1,4,5,20.0
LOS TRINITARIOS RD,0,2,2,0.0
LOS TULA RIKA,10,9,19,52.6
LOS VAN HELLSING,0,1,1,0.0
LOS WAZINES,3,5,8,37.5
LOS WAZONES,0,2,2,0.0
LOS YAGUARETE,0,2,2,0.0
LOS-BRUJOS,0,2,2,0.0
LOS-CABALLEROS-TEMPLARIOSS,0,1,1,0.0
LOS-GATITOS,3,7,10,30.0
LOS-MAS-CAPITOS,1,0,1,100.0
LOS-RENEGADOS-2,0,1,1,0.0
LOSPAKUALAMOS,1,0,1,100.0
LOST-BRASIL,10,23,33,30.3
LOS_SIMPSON,0,5,5,0.0
LOS_Yakuzas,14,11,25,56.0
LOTO NEGR0,21,22,43,48.8
LOUCADEMIA GANKER,12,6,18,66.7
LOYAL TO LYMHURST UNTIL DEATH,0,2,2,0.0
LS reino terrenal,1,5,6,16.7
LTIMO AMANECER,0,1,1,0.0
LTL,0,1,1,0.0
LUCIFERIUS,0,1,1,0.0
LULANARO,2,0,2,100.0
LUPUSS,2,6,8,25.0
LVL30,2,3,5,40.0
LVLC,0,1,1,0.0
LYMETO A VARA,0,1,1,0.0
La Baraja,0,1,1,0.0
La Confrerie Des Mercenaires,0,1,1,0.0
La Economa Se Recupera,0,2,2,0.0
La Escuelita de Albion,25,28,53,47.2
La Espada De Marte,11,10,21,52.4
La Espada Del Mal,1,1,2,50.0
La Famalia,2,1,3,66.7
La Federacion Y,70,101,171,40.9
La Furia de Midgard,7,39,46,15.2
La Ganga Pvpera,12,6,18,66.7
La Gonzeada insta,0,1,1,0.0
La Guarida del Joker,21,23,44,47.7
La Herejia de las Sombras,0,3,3,0.0
La Hermandad Femboy,1,3,4,25.0
La Hermandad Imperial,4,10,14,28.6
La Hermandad de los Grifos,0,7,7,0.0
La Hermandad del Espresso,4,7,11,36.4
La Hoja Escarlata,0,1,1,0.0
La Horda Gk,0,3,3,0.0
La Ira De Morgana,16,29,45,35.6
La Joya del Pacifico,2,9,11,18.2
La Legion Francophone,0,1,1,0.0
La Legion de Fort Sterling,0,3,3,0.0
La Liga Resiliente,0,5,5,0.0
La Liga de la Sombras,1,0,1,100.0
La Madrigayra,22,55,77,28.6
La Mafia de los Sin Techo,1,2,3,33.3
La Marron Gang,0,4,4,0.0
La Migra,6,3,9,66.7
La Molletiza,0,1,1,0.0
La Orden De Lancelot,0,1,1,0.0
La Orden De Los Targaryens,0,1,1,0.0
La Orden Del Musgo II,1,0,1,100.0
La Orden Luna de Sangre,0,1,1,0.0
La Orden Psijic,2,1,3,66.7
La Orden Silenciosa,11,59,70,15.7
La Orden de Escarcha,2,5,7,28.6
La Orden del Fenix Gris,2,4,6,33.3
La Orden del Halcon Marino,0,4,4,0.0
La Orden del Loto Sagrado,1,7,8,12.5
La Orden99,5,1,6,83.3
La Pandilla De Winnie Poh,0,2,2,0.0
La Pinta,1,2,3,33.3
La Pocho Taberna,27,22,49,55.1
La Polar,0,1,1,0.0
La Republica De Jack,0,2,2,0.0
La RevelionLx,0,5,5,0.0
La Rookery,0,6,6,0.0
La Ruta de la Suerte Negra,1,0,1,100.0
La Sandwicheria,0,1,1,0.0
La Soberana Orden de Malta,1,3,4,25.0
La Supremacia Del Cuy,0,2,2,0.0
La Taberma de moe,0,7,7,0.0
La Taberna Del Falopero,2,6,8,25.0
La Taberna Runica,3,29,32,9.4
La Tilin Gang,0,1,1,0.0
La Tribu Tiki,2,10,12,16.7
La Vallee Du Nord,2,6,8,25.0
La Vanguardia de Yggdrasill,3,12,15,20.0
La Vieja Vanguardia,1,2,3,33.3
La casa de goku,2,3,5,40.0
La casa del novato,2,8,10,20.0
La fraternidad de la noche 16,0,6,6,0.0
La guardia de Tyrael,0,4,4,0.0
La hermandad del farmeo,0,1,1,0.0
La lano invicible,3,10,13,23.1
La ltima Sombra,3,3,6,50.0
La mula embotellada,0,2,2,0.0
La orden del caos,0,3,3,0.0
La panza de Oguri,0,1,1,0.0
La secte du Coq,0,1,1,0.0
La sombra de Godzidios,0,3,3,0.0
La sombra del Abismo,5,15,20,25.0
La tripulacion,1,11,12,8.3
La-Banda-Del-Halcon Blanco,0,8,8,0.0
LaLibertadAvanza,1,5,6,16.7
LaPutaLegion,1,1,2,50.0
La_Masturbanda_332,0,1,1,0.0
La_Pumadera_AO,1,1,2,50.0
Lagartos de pantano,2,2,4,50.0
Lamento Silencioso,0,1,1,0.0
Landsk_nechts,2,3,5,40.0
Lanquitos,1,1,2,50.0
Laplecee,0,10,10,0.0
Lar da Vaca,16,27,43,37.2
Larkspur,0,1,1,0.0
Las Cabras,9,28,37,24.3
Las Chambiadoras,0,1,1,0.0
Las Manzanas De Adan,1,12,13,7.7
Las Prras,3,8,11,27.3
Las Putas,0,2,2,0.0
Las Ratas de ALBION,0,2,2,0.0
Las voces,4,6,10,40.0
Last Bench,46,58,104,44.2
Last Bober Dance,61,59,120,50.8
Last Darkness,3,0,3,100.0
Last Dead,8,37,45,17.8
Last Hit Farming,0,1,1,0.0
Last-One,3,23,26,11.5
Last-Pass,49,99,148,33.1
LastPhoenix,0,2,2,0.0
Latamantis,1,0,1,100.0
Latin Unit,0,2,2,0.0
LatinWarriors,107,147,254,42.1
Latinos de Orion,1,2,3,33.3
Latinos-Prime,0,1,1,0.0
Latinos01,0,2,2,0.0
Laughing-Coffinn,8,43,51,15.7
Lava e Seca,1,0,1,100.0
Lawful G00d,0,2,2,0.0
Laws Of Gold,3,55,58,5.2
Lazamgutsmile,2,1,3,66.7
Le Fetit,0,1,1,0.0
Le Palte Communite,0,13,13,0.0
Le clan Mydiah,2,7,9,22.2
LeJeDa,1,0,1,100.0
League Of Depths,0,1,1,0.0
League of Ordinary Gentlemen,2,3,5,40.0
League of Valorant,0,1,1,0.0
LeagueOfPlatanos,1,0,1,100.0
Leal Fortaleza O_o,0,1,1,0.0
Lealtades,0,1,1,0.0
Leao De Ferro,0,1,1,0.0
Leao de Nemeia,0,2,2,0.0
Leckeres Essen,5,2,7,71.4
Legacy Corporation,261,299,560,46.6
Legacy Corporation Academy,29,53,82,35.4
Legado Sombrio,0,3,3,0.0
Legendarios LATAM,6,13,19,31.6
LegendariospartanoS,0,2,2,0.0
Legends 0f Tomorrow,0,2,2,0.0
Legends S2,8,8,16,50.0
LegendsOfCaosZ,1,9,10,10.0
Legiao E-sports,0,1,1,0.0
Legiao Inquebravel,7,18,25,28.0
Legiao_Black,1,6,7,14.3
Legiaoreal,0,1,1,0.0
Legie slunce,1,1,2,50.0
Legio Fulminis,41,103,144,28.5
Legion Ainz,3,14,17,17.6
Legion Brocoli,33,77,110,30.0
Legion Celestial,1,0,1,100.0
Legion Cuero,1,6,7,14.3
Legion De Patos,4,8,12,33.3
Legion Del Orden Y El Caos,2,33,35,5.7
Legion Extranjera,0,4,4,0.0
Legion Indigena,5,10,15,33.3
Legion Mugiwara-Clan,1,2,3,33.3
Legion Of Farmers,3,44,47,6.4
Legion Pochos,0,4,4,0.0
Legion Sombra,0,1,1,0.0
Legion Sotera,0,6,6,0.0
Legion ThoKher,0,3,3,0.0
Legion de Cristo,4,0,4,100.0
Legion de las Aguila,0,3,3,0.0
Legion de sol,2,7,9,22.2
Legion of Ash,0,1,1,0.0
Legion of ret Dragons,1,2,3,33.3
Legion of shadowss,0,1,1,0.0
Legion-Fenix,1,1,2,50.0
Legion-Of-Darkness,0,8,8,0.0
LegionOfOne,26,40,66,39.4
LegionSpartan,3,3,6,50.0
Legion_Coleto,1,4,5,20.0
Legion_Martlock,12,61,73,16.4
Legionaries of War,0,1,1,0.0
Legionarios Del Olimpo,7,21,28,25.0
Legionarios Di Satan,1,0,1,100.0
Legionarios ascendentes,0,3,3,0.0
Legionarios-Del-Tocino,0,1,1,0.0
LegiondeNoobs,2,5,7,28.6
Legions Imperialis,3,14,17,17.6
Leguminosidade,0,1,1,0.0
Lemon Boys,1,0,1,100.0
Lendarios BR,0,14,14,0.0
Leones20,0,2,2,0.0
Leos Conquest,0,2,2,0.0
Les Esprits du Scepticisme,0,1,1,0.0
Les Fabricants,0,1,1,0.0
Les Felons,1,0,1,100.0
Les Garennes,1,0,1,100.0
Les Licornes Francobelgeoises,0,1,1,0.0
Les Raiders du Dimanche,0,1,1,0.0
Les Silver Moonlight,1,0,1,100.0
Les hommes de Sparte,28,47,75,37.3
Let Me Gamble,11,16,27,40.7
Let Me Retire Please,0,3,3,0.0
Lethal Farmers,4,10,14,28.6
Lethal Phantoms,19,15,34,55.9
Lethal Warri0rs,238,138,376,63.3
Level Gank,5,0,5,100.0
LevelOfTheGOd,5,27,32,15.6
Leyenda venezolana,6,9,15,40.0
Leyendas del Vacio,0,11,11,0.0
Liberal Libertarios,19,2,21,90.5
Liberty Knights,1,4,5,20.0
LierAndSnake,1,1,2,50.0
Life is game,143,173,316,45.3
Life is game II,0,7,7,0.0
Liga de Legendas,16,15,31,51.6
Light of the Dawn,0,1,1,0.0
Lights Hope,0,1,1,0.0
Lilitdead,0,1,1,0.0
Lilly Laboratory,0,2,2,0.0
Lime Tree,4,0,4,100.0
Line Six,0,3,3,0.0
Lineage of Shadow,0,5,5,0.0
Linhir,44,93,137,32.1
LionsBears,0,4,4,0.0
Little Baby Kitten Kisses,3,10,13,23.1
Little snake,0,1,1,0.0
LittleGankers,3,23,26,11.5
LittlerSunshine,0,1,1,0.0
Livempire Games,2,3,5,40.0
Livertiparty,5,5,10,50.0
Living Legend,28,28,56,50.0
Llamas en Pijamas,8,26,34,23.5
Llamitas Su Su sum,6,1,7,85.7
Llego la Ley,0,1,1,0.0
LoboNorte,0,1,1,0.0
Lobster Inc,2,7,9,22.2
Locos Por Los Muslos,0,1,1,0.0
LokThar Storm,0,1,1,0.0
Lon3ly,0,1,1,0.0
Lonely Grinder Boyz,0,5,5,0.0
Long Live China,0,1,1,0.0
Lonly,0,1,1,0.0
LookMaMyOwnGuild,0,1,1,0.0
Loop Fame,1,0,1,100.0
Loot Goblins Vault,0,1,1,0.0
Loot Scoot and Boogie,0,3,3,0.0
Loot or Let Die,3,9,12,25.0
Lord Of Loot,8,44,52,15.4
Lord of Arms,1,0,1,100.0
Lord of ghosts,0,2,2,0.0
Los 0cupas,29,59,88,33.0
Los 11 Jinetes Del Apocalipsis,3,31,34,8.8
Los Argenal,0,5,5,0.0
Los BackyardiGantz,1,13,14,7.1
Los Bambis,0,1,1,0.0
Los Becarios,0,2,2,0.0
Los Besties,0,1,1,0.0
Los Bosses,1,1,2,50.0
Los Brandy Runners,0,5,5,0.0
Los Buitres Negros,3,12,15,20.0
Los Burritos del Sol,5,12,17,29.4
Los Caballeros Del Oni-Chan,13,47,60,21.7
Los Cachadores,0,1,1,0.0
Los Caramelitos,2,2,4,50.0
Los Caza Pksss,1,6,7,14.3
Los Chencho,0,1,1,0.0
Los Chill Anti-Gremio,4,1,5,80.0
Los Chimich4ng4s,0,1,1,0.0
Los Chuchi,7,12,19,36.8
Los Chupa Candiles,0,2,2,0.0
Los Coletores OFC,0,5,5,0.0
Los DeMenTes,0,1,1,0.0
Los Desnutridos,4,17,21,19.0
Los Destripadores De Caerleon,2,1,3,66.7
Los Dientes del Caiman,0,5,5,0.0
Los Draugr,0,1,1,0.0
Los Elegidos Por Jesus,3,7,10,30.0
Los Enanos de Erebor,1,11,12,8.3
Los Escudos de Huitzilopochtli,4,8,12,33.3
Los Exilia2,1,1,2,50.0
Los Exxxequias,0,1,1,0.0
Los Faloperos,18,11,29,62.1
Los Farmsas,0,1,1,0.0
Los Fedeadores,1,3,4,25.0
Los Frios,0,1,1,0.0
Los Guardias Dorados,0,5,5,0.0
Los Herederos de Epstein CP,1,5,6,16.7
Los Herederos de Epsteinn,41,30,71,57.7
Los Hermanos Calientes,1,0,1,100.0
Los Hermanos Pollos,2,2,4,50.0
Los Hermanos del Acero,1,3,4,25.0
Los Hijos de Ares,0,1,1,0.0
Los Hijos de Avalon,42,80,122,34.4
Los Hijos de Tyr,1,1,2,50.0
Los Hijos del Exilio,2,15,17,11.8
Los Inversionistas 2026,0,4,4,0.0
Los Jibaros,8,8,16,50.0
Los Jinetes del Caos,0,3,3,0.0
Los Jordans,0,1,1,0.0
Los Knight Imperial,0,3,3,0.0
Los Malditos del Albion,1,7,8,12.5
Los Mama Tetas,1,5,6,16.7
Los Mamiferos Invertebrados,0,1,1,0.0
Los Mazapanez,0,7,7,0.0
Los Michi Fumetas,1,15,16,6.2
Los Monaguilloz,50,36,86,58.1
Los Monkys Locos,28,62,90,31.1
Los Mulas,5,7,12,41.7
Los Namekianos,1,0,1,100.0
Los Narcisistas,76,130,206,36.9
Los Osos de Albion,1,19,20,5.0
Los POCHOcloss,24,120,144,16.7
Los Pachulines,9,4,13,69.2
Los Perilleros,2,3,5,40.0
Los Pipupipus,3,16,19,15.8
Los Pochitos de Taty,1,4,5,20.0
Los Portadores del Caos,1,13,14,7.1
Los Prefectos,9,7,16,56.2
Los Purificadores De La Plebe,3,6,9,33.3
Los Ravioles,0,1,1,0.0
Los Recaudadores,3,2,5,60.0
Los Reyes de Sunfang Dawn,0,2,2,0.0
Los Roedores,0,2,2,0.0
Los Rompe Chochas,7,6,13,53.8
Los Sharingans,1,7,8,12.5
Los Sin Rostro,0,1,1,0.0
Los Tetes Locos LTL,0,2,2,0.0
Los Thetforsitos,1,0,1,100.0
Los Tiranicos,0,2,2,0.0
Los Tombos T3,7,2,9,77.8
Los Topos Nomadas,0,2,2,0.0
Los Tulitas,0,1,1,0.0
Los Vandalos,1,0,1,100.0
Los amigos de tu hermana,0,1,1,0.0
Los apostoles del miti y sopa,0,1,1,0.0
Los caballeros templarios 1,0,2,2,0.0
Los choriplaneros ATR,0,1,1,0.0
Los chungasos,0,1,1,0.0
Los colmillos blancos,0,4,4,0.0
Los custodes de BIG E,0,1,1,0.0
Los dibiados,0,2,2,0.0
Los dragones negros,0,1,1,0.0
Los entubados,1,3,4,25.0
Los habibis,1,0,1,100.0
Los herederos de Hierro,5,4,9,55.6
Los mancos clan,6,11,17,35.3
Los matas Dragones,0,2,2,0.0
Los orcos,4,15,19,21.1
Los panecitos,1,5,6,16.7
Los payasitos de elite,1,2,3,33.3
Los pochabis,0,1,1,0.0
Los primarios,0,2,2,0.0
Los-Akatsuki,3,4,7,42.9
Los-ChingaMadres,0,10,10,0.0
LosBBs,6,19,25,24.0
LosChoprines,2,14,16,12.5
LosEspartans,7,15,22,31.8
LosGuanosDeLym,0,1,1,0.0
LosLLajuas,0,1,1,0.0
LosMANdigeroS,2,0,2,100.0
LosMakakos,0,3,3,0.0
LosMaus,0,3,3,0.0
LosMilkiss,0,1,1,0.0
LosParteCulos,0,1,1,0.0
LosRatones,0,2,2,0.0
LosTeleturbios,4,6,10,40.0
LosTios,1,2,3,33.3
LosTorosNegros II,3,6,9,33.3
LosUltimosWendigos,2,9,11,18.2
LosZukulentos,10,6,16,62.5
Los_Backyardigans,0,2,2,0.0
Los_Beni,0,2,2,0.0
Los_Jinetes_del_Apocalipsis,1,3,4,25.0
Los_Power_Rangers,1,0,1,100.0
Los_Torombolos,0,1,1,0.0
Los_guardianes_Fort sterling,0,2,2,0.0
Losinsanosuwu,0,11,11,0.0
Lost Division,0,2,2,0.0
Lost Dynasty,3,27,30,10.0
Lost Muffler Huggers,0,7,7,0.0
Lost Souls LS,0,1,1,0.0
Lost in the cloud,0,1,1,0.0
LostBelts,0,1,1,0.0
Loto Amatista,0,3,3,0.0
Loto Escondido,9,10,19,47.4
Loucos Por PVE,56,123,179,31.3
Lovable man,0,1,1,0.0
Love Machine,0,1,1,0.0
Love Under Will,0,1,1,0.0
LoveO17,1,1,2,50.0
Lovecraft01,3,6,9,33.3
Lovelyz,3,2,5,60.0
LoversSong,0,2,2,0.0
Loxosceles Army,1,1,2,50.0
Loyalties And Royalties,0,1,1,0.0
Loyalty Matters,73,69,142,51.4
Lsland,0,1,1,0.0
Luck Army,2,2,4,50.0
Lucky Thirteen,0,1,1,0.0
Luna Eterna,4,2,6,66.7
Lunae,0,1,1,0.0
LuxAeterna,0,1,1,0.0
Luz Profana,0,2,2,0.0
LycorisRadiataa,25,31,56,44.6
Lymhurst Rohirrim,0,6,6,0.0
Lymhurst Services,0,1,1,0.0
Lymhurst Tribe,87,73,160,54.4
Lys Order,0,1,1,0.0
M 0 N S T A R,0,1,1,0.0
M 0 R D O R,17,36,53,32.1
M 4 D,7,13,20,35.0
M A G N I F I C E N T,37,19,56,66.1
M A N D A T O R Y,16,27,43,37.2
M A N I A C,8,36,44,18.2
M A N I F E S T O,4,6,10,40.0
M A R T I N E I R A H,6,3,9,66.7
M A Z I N O G,11,4,15,73.3
M D R,32,13,45,71.1
M E I M E I,0,1,1,0.0
M E R C I A,0,2,2,0.0
M I C T L A N MX,0,1,1,0.0
M I S T W A L K E R S,8,3,11,72.7
M O N A S T E R I O,89,103,192,46.4
M O N S O O N,5,7,12,41.7
M O N T G I S A R,0,5,5,0.0
M O R V Y N G,12,14,26,46.2
M O S C A,0,4,4,0.0
M Y S T R A L S,0,1,1,0.0
M Y T H S,0,1,1,0.0
M-A-L-I-C-I--A,2,5,7,28.6
M-I-S-T,4,11,15,26.7
M0NTER0,0,3,3,0.0
M0RS,2,3,5,40.0
M0nKeyz,3,4,7,42.9
M0nkey Business,2,1,3,66.7
M1st Abusers,2,0,2,100.0
M20,7,11,18,38.9
M30UU,3,0,3,100.0
M3RCEN4R10S,13,48,61,21.3
M4NTECA,68,46,114,59.6
M90,0,1,1,0.0
MA KA BA KA XD,6,5,11,54.5
MAD LIONS LATAM,1,3,4,25.0
MAD _ DOG,18,25,43,41.9
MAKE RED ZONE GREAT AGAIN,0,2,2,0.0
MALDITO DOWN,34,51,85,40.0
MALVADOS Y BIZCOS,0,2,2,0.0
MANGO BORN,9,39,48,18.8
MANIAC BEARS,3,15,18,16.7
MANIC0MI0,0,4,4,0.0
MAQUINA D0 MAL,0,3,3,0.0
MARIGUANO,0,1,1,0.0
MARTLOUCOS,1,4,5,20.0
MAS57,5,5,10,50.0
MASTURBANDAA,10,15,25,40.0
MATADORES DE OTAKUS,0,1,1,0.0
MATAGANKERS3,7,7,14,50.0
MATILHA DOS LOBOS,0,1,1,0.0
MATRIX CORPORATION,0,3,3,0.0
MAYBE I GA MAYBE I DONT,0,5,5,0.0
MCR-MERCENARIOS,0,2,2,0.0
ME VENG0ENTUFACE,0,2,2,0.0
MEDIEVAL SHADOWS,17,24,41,41.5
MEMENTOMOR1,7,14,21,33.3
MERCADORESS,0,2,2,0.0
MERCATON,0,3,3,0.0
MERCIOS,0,3,3,0.0
MERCY ABYSS,1,0,1,100.0
METALEROS DE CORAZON,0,1,1,0.0
MEVECH,32,54,86,37.2
MGTOWS,1,13,14,7.1
MI ISLAAA,1,4,5,20.0
MI PENE,0,11,11,0.0
MICHI BROTHERHOOD,35,56,91,38.5
MIDDGARDD,1,8,9,11.1
MILANESAexe,0,1,1,0.0
MINHANAMORADAMEDEUUMACAVEIRA,0,1,1,0.0
MINORIA,28,35,63,44.4
MINOTAUROS BR,0,1,1,0.0
MIRAME Y TE MUERES,2,0,2,100.0
MIRROR P4RK,21,3,24,87.5
MITAYERO,0,1,1,0.0
MLBB Gamers Zone,0,5,5,0.0
MLPwny,6,22,28,21.4
MMAF-PVP,0,3,3,0.0
MMerchante,4,8,12,33.3
MNU,0,1,1,0.0
MOBILE GG,0,1,1,0.0
MOCORONGOO,0,1,1,0.0
MODO FAKA,12,1,13,92.3
MODO GUERRA,1,7,8,12.5
MODO PLAY,0,10,10,0.0
MONADA,0,1,1,0.0
MONKEYSINBARREL,0,1,1,0.0
MONKI POX,3,3,6,50.0
MONKKINGS,1,16,17,5.9
MOON WORSHIPERS,1,0,1,100.0
MORANGO-DO-AMOR,0,1,1,0.0
MORGANA DIVERS,1,0,1,100.0
MORGANA RATS,10,17,27,37.0
MORTIS UMBRA,21,15,36,58.3
MORVERA,0,1,1,0.0
MOSHi_MOSHi,98,131,229,42.8
MOTORHOME,161,91,252,63.9
MOUNJARO,3,3,6,50.0
MR20,0,1,1,0.0
MSP - Movimento Dos Sem Prata,0,1,1,0.0
MTS God of war,0,1,1,0.0
MUG MUGIWARAS,4,27,31,12.9
MUGIWARAS01,3,18,21,14.3
MUNAY,0,2,2,0.0
MUNDO NEGRO,2,0,2,100.0
MUNDOS DIVIDIDOS,0,2,2,0.0
MURALHA-DO-NORTE,0,2,2,0.0
MURDEROUS_BUTCHERS,0,1,1,0.0
MWA,0,1,1,0.0
MXS2,0,1,1,0.0
MY BAD - NO CRY,3,15,18,16.7
MYKA,2,1,3,66.7
MYSTICc,0,1,1,0.0
MaDFK,0,1,1,0.0
MaTaTaCtIcA,0,1,1,0.0
Maambo0,0,3,3,0.0
Macaco T8,1,2,3,33.3
Macacos loucos,1,3,4,25.0
MachingunFunK Flech,0,1,1,0.0
MadeIn987,1,2,3,33.3
Maestros del Impacto impacmat,0,1,1,0.0
Mafia Farmera,1,4,5,20.0
Mafia Latina,1,1,2,50.0
Mafia Madera,0,1,1,0.0
Mafia Sindical,103,105,208,49.5
Magic Buns,0,1,1,0.0
MagicWall,0,2,2,0.0
Magical Mystery Tour,7,23,30,23.3
Magos da noite,0,1,1,0.0
Main Character Syndrome,7,13,20,35.0
Make Albion Great Again,134,105,239,56.1
Make Collecting Great Again,3,9,12,25.0
Make Fame Great Again,10,27,37,27.0
Maker Of Legends,0,2,2,0.0
Malevolencia,4,14,18,22.2
Malucos por Pve,0,3,3,0.0
Malvekes Company,0,1,1,0.0
Mamaburras FC,0,1,1,0.0
Mamasitas Club,5,6,11,45.5
Mamitas Economicas,0,4,4,0.0
Manchukiss,1,1,2,50.0
Mancos Profesionales,0,1,1,0.0
MancosUnidos,1,7,8,12.5
Mango Farmers,0,1,1,0.0
Manikomi0,0,1,1,0.0
Mano de Acerro,1,2,3,33.3
Manto oscuro,0,6,6,0.0
Mao Mao Friends Help,0,5,5,0.0
Mao de Elastico,103,56,159,64.8
Mapaches Tacticos,1,5,6,16.7
Maquiavelicos Sons Of Satan,0,2,2,0.0
Marca Sangrienta,0,6,6,0.0
Mare Nosttrum,0,1,1,0.0
Marg1nados,1,2,3,33.3
Marina Umbra Noire,0,4,4,0.0
Marlock Watchful Company,6,7,13,46.2
Martelo Forte,17,59,76,22.4
Martelo de Caerleon,0,1,1,0.0
Martlock Liberation Force,0,16,16,0.0
Martlock Patrol,9,35,44,20.5
Martlock Survivors,13,21,34,38.2
Martlock hasta la Muerte,0,1,1,0.0
Martlockanos,7,27,34,20.6
Martyrdom,27,21,48,56.2
Mata Bot,0,5,5,0.0
MataPerros,0,5,5,0.0
Mate X QFB,4,2,6,66.7
Mause forces,0,1,1,0.0
Mavericks530,0,1,1,0.0
MaxClean,0,4,4,0.0
Maximum Effort,75,84,159,47.2
MeT4LCorp,9,44,53,17.0
Medium,25,33,58,43.1
Megalian,11,12,23,47.8
Megatrones-MGT,0,4,4,0.0
MegustaLaPepsi,1,0,1,100.0
Meia-HoraporDia,0,1,1,0.0
MelhorGestao,0,3,3,0.0
Merce 1,10,1,11,90.9
Mercenaries Order,0,6,6,0.0
Mercenario NoMercy,0,1,1,0.0
MercenarioZ1,1,1,2,50.0
Mercenarios De Martlock,7,27,34,20.6
Mercenary Shoes,1,0,1,100.0
Mermeladeros de Tultepec,1,1,2,50.0
MetallomisochkA,0,3,3,0.0
Metiendo El Huevo,2,1,3,66.7
Metod0 PVE,29,6,35,82.9
Metodo PVE,65,127,192,33.9
Mex Aztecas,0,2,2,0.0
Mhaiky,9,2,11,81.8
Mi Banana en Pijama,16,19,35,45.7
Mi Hermanito Galactico,0,1,1,0.0
MiIIennium,2,5,7,28.6
MiVidaPorLaGorda,1,8,9,11.1
MiXueBingChen,4,15,19,21.1
Miaulord,5,5,10,50.0
Michitos,0,5,5,0.0
Midnight Alchemists,0,1,1,0.0
Midnight Shad0w,0,1,1,0.0
Midnight Sons Eternals,0,1,1,0.0
Midnight Talons,0,2,2,0.0
MidnightD,94,72,166,56.6
Midnigth Syndicate,1,0,1,100.0
Mighty Claws,97,58,155,62.6
Mighty Rooks,0,1,1,0.0
Milfs in your area,7,3,10,70.0
Militant,171,144,315,54.3
Military Misfits,0,1,1,0.0
Milites Domini,0,4,4,0.0
Mime World,0,1,1,0.0
Mind gap,98,152,250,39.2
Mineros del Abismo,0,1,1,0.0
MiniPEKKA,0,1,1,0.0
Minions do Pantano,2,1,3,66.7
Minions of Verac,0,1,1,0.0
Ministry Of Bandits,226,115,341,66.3
Minlfulness,1,1,2,50.0
MissCIick,70,101,171,40.9
MistApenas,0,2,2,0.0
Misunderinterprited,0,1,1,0.0
Mobility,0,1,1,0.0
MoiETmesesclave,0,1,1,0.0
Moist Militia,3,1,4,75.0
Molecada da Rua de Baixo,0,1,1,0.0
Moms Milk Farm,1,7,8,12.5
Money en efectivo,0,2,2,0.0
Monika Epiphany,1,0,1,100.0
Monkey Factory,1,7,8,12.5
Monkey Gods,1,1,2,50.0
Monkey Leaders,0,4,4,0.0
MonkeyPush,0,1,1,0.0
Monky Nigth,3,1,4,75.0
Mono Con Navaja,211,236,447,47.2
MonosRacistas,2,13,15,13.3
Monosos,0,1,1,0.0
Monster Von Sparta,1,0,1,100.0
Monstruos del Vacio,0,1,1,0.0
Mont-libane,0,2,2,0.0
Montana,0,2,2,0.0
Montaraces,7,20,27,25.9
Montaraces de Thetford,1,3,4,25.0
MorMonkeys,5,10,15,33.3
Morbid Grave,5,10,15,33.3
Morbidly_Obese,0,2,2,0.0
More GG boy,19,23,42,45.2
MorePowerLatino,3,11,14,21.4
Morgana Nerd,0,1,1,0.0
Morgana Outlanders,19,48,67,28.4
Morgoroth,4,6,10,40.0
Morlaks Brothers,1,0,1,100.0
Morning Commute,4,1,5,80.0
MorrodoUrubu,0,1,1,0.0
Mors Certa,5,7,12,41.7
Mortal Kumbia,1,2,3,33.3
Mt Hua Sect,1,4,5,20.0
Mudborn Pathogens,0,1,1,0.0
Muff,0,1,1,0.0
MulitaSquad,1,4,5,20.0
Mundo Balca,7,25,32,21.9
Munipas,1,0,1,100.0
Muralha Celestial,1,6,7,14.3
Murderous Crows,6,5,11,54.5
Murythal Reine,6,22,28,21.4
Mushroom Cult,0,10,10,0.0
MushroomOverdose,5,14,19,26.3
Mute Zone,58,76,134,43.3
My albion only,0,1,1,0.0
MyGuildMyRule,0,1,1,0.0
Mysthics,3,11,14,21.4
Mystic Avengers,0,2,2,0.0
Mystic Brotherhood,0,1,1,0.0
Mystic Tecolothy,1,0,1,100.0
Mystical Warriors,1,7,8,12.5
Mystics Travelers,5,4,9,55.6
Mystnigh,4,26,30,13.3
Mythic Vanguard,10,35,45,22.2
Mythical,4,4,8,50.0
Mythical Merchants,0,1,1,0.0
Mythix,78,58,136,57.4
Mythologicalkraken,0,2,2,0.0
N 0 M A D A S,1,4,5,20.0
N 1 G H T R A I D,15,23,38,39.5
N A C H A P A,4,2,6,66.7
N A G A S A K l,102,168,270,37.8
N A M 3 L E S S,36,105,141,25.5
N E S T O N,2,6,8,25.0
N E V A D A,1,16,17,5.9
N E V E R B A C K,0,1,1,0.0
N E X X U Z Z,1,2,3,33.3
N I E B l A,1,8,9,11.1
N I G H T C A L L,15,26,41,36.6
N I G H T C A L L L,39,40,79,49.4
N I G H TM A R E S,4,11,15,26.7
N O X O R Y,3,3,6,50.0
N o s t r a D e,2,6,8,25.0
N-O-B-L-E-S,0,2,2,0.0
N0 MOLESTAR,2,20,22,9.1
N00b Stars,0,3,3,0.0
N0T HUMAN,130,93,223,58.3
N0TCH,5,2,7,71.4
N0V0 CANGAC0,0,1,1,0.0
NAGAKABROS II,0,7,7,0.0
NASA-CREW,0,1,1,0.0
NASARIksz,2,28,30,6.7
NASCERDOMONTE,1,1,2,50.0
NAVARONE,0,3,3,0.0
NAVIO PRIMATA,0,1,1,0.0
NAVY SEAL FOUNDATION,0,1,1,0.0
NC_BLACK MAFIA,0,1,1,0.0
NECROMANTICS,0,1,1,0.0
NEIBOUGHRs,0,2,2,0.0
NEON PHANTOMS,1,0,1,100.0
NERDRINKS,0,2,2,0.0
NET SLAYER,0,2,2,0.0
NETFLlX,0,2,2,0.0
NEVER PROFIT,0,1,1,0.0
NEVER-MIND,2,5,7,28.6
NEWROADS,2,4,6,33.3
NFF,0,1,1,0.0
NGRZ,0,1,1,0.0
NIFFLHEIM,13,38,51,25.5
NIGHT BLOOM,1,1,2,50.0
NIGHT GU4RD,60,162,222,27.0
NMKZ CK,1,1,2,50.0
NO D1SC0RD,1,2,3,33.3
NO ENCORE,1,4,5,20.0
NO HOLDING,6,3,9,66.7
NO LOCK,37,28,65,56.9
NO SE VE,0,1,1,0.0
NO TALENT,1,2,3,33.3
NOCHE de ALBION,1,4,5,20.0
NOHOME,1,2,3,33.3
NONA LEGIAO,0,12,12,0.0
NORTHH,0,2,2,0.0
NOT-BAD-PLAYER,0,1,1,0.0
NOX LUNA,0,1,1,0.0
NOX US,1,1,2,50.0
NOXUS IMPERIUS,0,1,1,0.0
NTEMP,1,8,9,11.1
NTR -Full Agony,6,1,7,85.7
NTX 01,0,2,2,0.0
NUESTRO GREMI0,0,1,1,0.0
NUK3,2,15,17,11.8
NULL Company,2,4,6,33.3
NUVEKILLERS,3,52,55,5.5
NVLCRAFTLYM,1,4,5,20.0
NYAC,2,18,20,10.0
NYKTOMARE ABYSS,2,1,3,66.7
N_O_R_D_S,0,10,10,0.0
Nach Deutschland,0,2,2,0.0
Nacion PenDragon,1,11,12,8.3
Naciones Unidas,5,10,15,33.3
Namekuseijin,0,1,1,0.0
Nanten,10,23,33,30.3
Nareba de Kekel,0,5,5,0.0
Narnia x,0,6,6,0.0
Nascido Para matar,0,3,3,0.0
NeGhada-SA,2,2,4,50.0
Necessary EviI,1,3,4,25.0
NeewFEAR,4,4,8,50.0
Negative Profit,6,5,11,54.5
Nekotsu,1,9,10,10.0
Nemesis Command,6,30,36,16.7
Neon Gaming,1,8,9,11.1
Nephalen,7,6,13,53.8
Neues Erawachen,0,1,1,0.0
Neuronio Coletivo,0,1,1,0.0
New Embassy,0,1,1,0.0
New Londo-Ruins,0,1,1,0.0
New Pochos,0,2,2,0.0
New Valhalla_plus,1,0,1,100.0
New World Exiles,1,2,3,33.3
New better beginning,0,3,3,0.0
New_Horizon,7,3,10,70.0
New_World_0rder,1,0,1,100.0
Nextage BB,0,2,2,0.0
Nexus,37,55,92,40.2
Nexus Central,0,1,1,0.0
Nice Nature,0,4,4,0.0
Nictofilia,10,35,45,22.2
NiggggerSleyers,11,4,15,73.3
Night Stealth,0,2,2,0.0
NightHunterss,8,1,9,88.9
NightMares,0,1,1,0.0
Nightfall Army,1,3,4,25.0
Nightly Pepos,0,15,15,0.0
Nightly Riders,1,0,1,100.0
Nigth Red,2,23,25,8.0
NigthShift,2,25,27,7.4
NikaWarriors,0,12,12,0.0
Nine Star Hegemon Body Art,4,17,21,19.0
Ninfetinhos CLT,0,1,1,0.0
Nirvana Calling,94,63,157,59.9
No Fear Of Content 2,5,9,14,35.7
No Fight No Profit,1,5,6,16.7
No Guild Agrees,2,8,10,20.0
No Lineales,3,17,20,15.0
No Scape,0,1,1,0.0
No Straight Roads,14,31,45,31.1
No-Respetamos,2,3,5,40.0
No1ne,5,5,10,50.0
NoCRYpve,2,1,3,66.7
NoCry_BR,0,1,1,0.0
NoFreeThinkers,166,148,314,52.9
NoGodsNoMasters,0,1,1,0.0
NoGuuild,3,1,4,75.0
NoSkil,0,3,3,0.0
Noahs Arkn,1,3,4,25.0
Nocet,0,2,2,0.0
Noche Carmesi,0,1,1,0.0
Noctis Ordo,0,1,1,0.0
Nocturne Players,0,1,1,0.0
Nodif,0,1,1,0.0
Noiz,1,2,3,33.3
Nomadic Sentinels,0,3,3,0.0
Nomads of the Mist,20,25,45,44.4
NoobNation1lvl,0,1,1,0.0
Noobi United,2,3,5,40.0
Noobs_at_Home,2,0,2,100.0
NordesteB,0,3,3,0.0
Normal y Tropical,6,0,6,100.0
NorrDskoll,1,0,1,100.0
North Cartel,0,1,1,0.0
NorthLand Trading Company,0,1,1,0.0
Northern Diversified Holdings,3,4,7,42.9
NorvexVault,1,3,4,25.0
Nosferatu PE,0,8,8,0.0
Nosfferathu,2,4,6,33.3
Not Even Close,0,1,1,0.0
Not Safe For Work,3,25,28,10.7
Nothing Craft,0,2,2,0.0
Nous7Familly,1,1,2,50.0
Novato 1A,0,1,1,0.0
Novatus,0,1,1,0.0
Novus Imperium,1,10,11,9.1
Nuestra Es La Furia l,1,5,6,16.7
Nueva Adelia,1,2,3,33.3
Nuit-Saint-George,5,14,19,26.3
Null Division,1,5,6,16.7
Null Society,7,42,49,14.3
Nunca Mas,0,1,1,0.0
Nunca Se Renda,0,1,1,0.0
Nur Nivellieren,0,1,1,0.0
Nyan Cafe,12,6,18,66.7
Nyfrost Grant,1,2,3,33.3
Nytheris,18,45,63,28.6
O Bonde Sem Freio,0,1,1,0.0
O F C,0,4,4,0.0
O M A N,0,1,1,0.0
O N 1,5,7,12,41.7
O N E T A P,6,1,7,85.7
O P P R E S S I O N,0,1,1,0.0
O Peso do Lucro,0,3,3,0.0
O Quarto Andar,1,0,1,100.0
O T Y K E N,0,1,1,0.0
O V N I,1,2,3,33.3
O grande market,2,6,8,25.0
O-U-T-L-A-N-D-E-R-S,11,15,26,42.3
O1L OS 100 LEI,0,2,2,0.0
OAZISS,0,1,1,0.0
OBRSF,4,2,6,66.7
OCLIN IN THE NIGHT RSRS,0,1,1,0.0
ODIVELAS,3,4,7,42.9
OGOMERTA,0,2,2,0.0
OKAZI - OPPRESSIVEDARKNESS,0,2,2,0.0
OKORU,0,3,3,0.0
OLIMPO DE LOS DIOSES,2,14,16,12.5
OLIVERIAN 2_0,1,0,1,100.0
ON CINEMA AT THE CINEMA,0,1,1,0.0
ON3 PI3CE,0,4,4,0.0
ONE-LIFE,1,9,10,10.0
ONEK,0,1,1,0.0
ONG Akatsuki,4,6,10,40.0
ONICHAN UWU,2,0,2,100.0
ONLY FUNS,7,4,11,63.6
ONLY JOKERS,0,3,3,0.0
ONLY THE GANG,2,1,3,66.7
ORDEM DA BILOLA,1,1,2,50.0
ORDEM DE BELLONA,2,4,6,33.3
ORDEN RPG,3,1,4,75.0
ORUX,0,9,9,0.0
OS BASTARDOS,0,1,1,0.0
OS BiLioNaRios,0,2,2,0.0
OS CATAPILHA,0,3,3,0.0
OS DEUSES,0,1,1,0.0
OS FORAGIDOS,0,5,5,0.0
OS GUERREIROS SOMBRIOS,0,2,2,0.0
OS GURI DE CHZ,1,0,1,100.0
OS LASTIMAVEIS,0,4,4,0.0
OS MAMA GOSTOSO,0,2,2,0.0
OS PE RASPADO,0,1,1,0.0
OS XIMPAS,0,9,9,0.0
OSIIRIS,1,5,6,16.7
OSOS AUTISTAS,23,69,92,25.0
OSOS BLINDADOS DE SVALBARD,4,27,31,12.9
OSOS DEL INVIERNO,3,24,27,11.1
OScope,3,0,3,100.0
OUTLAW5,59,65,124,47.6
OUTSET,27,50,77,35.1
OV3RLOAD,1,4,5,20.0
OVELISK,0,2,2,0.0
OVER DISASTERS,50,58,108,46.3
OVERCHARG3D,12,12,24,50.0
OWN,3,7,10,30.0
OYLPS,1,15,16,6.2
O_V_E_R_L_O_R_D,0,3,3,0.0
Oath of the Gilded Crow,1,4,5,20.0
OathBreakerz,44,60,104,42.3
OathKin,0,1,1,0.0
Obligation,0,2,2,0.0
Obsidian Blades,20,57,77,26.0
Obsidian Veil,0,1,1,0.0
Obsidianss,2,13,15,13.3
Obstinatio,0,2,2,0.0
Oclock,1,3,4,25.0
Octoprime,2,2,4,50.0
Odins Ale Hall,0,1,1,0.0
Of Fire And Blood,0,1,1,0.0
Of Predator,8,47,55,14.5
Oficoda Gang,2,12,14,14.3
Ohana Supreme,0,1,1,0.0
OidMortales,1,1,2,50.0
Ojo de Alcon,3,7,10,30.0
Okuyama,16,0,16,100.0
Old Order Women,0,1,1,0.0
OldsPapus,0,3,3,0.0
Olimpo Latino,6,4,10,60.0
Omega Inferi,4,25,29,13.8
OnTeam Fortress,0,2,2,0.0
Onda Dura,0,1,1,0.0
Onde tem gay nao tem paz,0,6,6,0.0
Ondolinde Angamando,6,1,7,85.7
One Man is One Army,0,1,1,0.0
One Master,0,7,7,0.0
One Million Dolores,1,2,3,33.3
One More Chance,0,3,3,0.0
One Ok End,0,2,2,0.0
One Step at a Time,0,7,7,0.0
One Target,0,1,1,0.0
One-Day,19,35,54,35.2
OneOfUsIsInvis,3,8,11,27.3
OneWarrior,0,2,2,0.0
Onii-chan Hunter,0,3,3,0.0
Onions On Sale,0,4,4,0.0
Oniyama,3,2,5,60.0
Onliners,1,9,10,10.0
Only Focas,0,1,1,0.0
Only Shift Click,0,2,2,0.0
Only Strike,1,3,4,25.0
OnlyChads,23,20,43,53.5
OnlyFame1,19,19,38,50.0
OnlyFats,1,1,2,50.0
OnlyRoads,0,2,2,0.0
Onnly Ganks,0,2,2,0.0
Onslaught,2,8,10,20.0
Open-Fire,5,14,19,26.3
OpenFarm,0,2,2,0.0
Operacao Troll,0,17,17,0.0
OppenHammer,2,6,8,25.0
Ordem Aracnidea,3,16,19,15.8
Ordem Celeste,6,9,15,40.0
Ordem Do Graal,0,2,2,0.0
Ordem Dos Despreparados,0,1,1,0.0
Ordem Draconico,2,3,5,40.0
Ordem da Primeira Expedicao,1,0,1,100.0
Ordem das Sombras,8,14,22,36.4
Ordem do Grifo,0,1,1,0.0
Ordem dos Cavaleiros de Cristo,3,18,21,14.3
Ordem dos Insanos,0,3,3,0.0
Ordem_dos_Patifes,2,2,4,50.0
Orden Del Cuervo Negro,4,22,26,15.4
Orden Del Loto Verde,3,19,22,13.6
Orden Del Temple MCXVIII,0,1,1,0.0
Orden Hospitalaria,58,83,141,41.1
Orden de Lucifer,1,0,1,100.0
Orden del Colmillo Umbrio,1,0,1,100.0
Orden-Real,4,11,15,26.7
Order 0f Light,1,14,15,6.7
Order of Bloody Sparta,0,1,1,0.0
Order of Economic Warfare,0,6,6,0.0
Order of Lux,0,21,21,0.0
Order of The Crimson Blade,0,2,2,0.0
OrderHeadshot,1,0,1,100.0
Order_of_the_inquisition,1,1,2,50.0
Ordo Argentum,0,1,1,0.0
Ordo Solitarii,1,2,3,33.3
Ore Level up,2,8,10,20.0
Ores R Us,0,3,3,0.0
Organizacion Iscariote,0,2,2,0.0
OriginPoint,30,45,75,40.0
Os BoBos,0,2,2,0.0
Os Caba La,6,11,17,35.3
Os Comerciantes de Albion,0,3,3,0.0
Os Crime,0,2,2,0.0
Os Frade,7,34,41,17.1
Os Goiaba,0,1,1,0.0
Os Herois da Profecia,12,18,30,40.0
Os Horriveis,4,7,11,36.4
Os Passa Fome do Apagas,1,9,10,10.0
Os Pibardos,0,5,5,0.0
Os Protagonistas,0,1,1,0.0
Os Rexuxudinhos,0,1,1,0.0
Os Sem Nome,10,49,59,16.9
Os Templarios das Trevas,4,14,18,22.2
Os Veganos,3,12,15,20.0
Os confiantes do Vai dar Bom,0,7,7,0.0
Os desordeiros br,0,1,1,0.0
Os frustrados,1,0,1,100.0
Os lambida perigosa,0,1,1,0.0
Oscuridad demoniaca,4,17,21,19.0
Osha violations,0,2,2,0.0
Osiratsa,0,2,2,0.0
Osiris I,0,2,2,0.0
Ositos UWU,1,0,1,100.0
Osos Guerreros,3,14,17,17.6
Osos-de-elite,3,0,3,100.0
Otra vez,9,4,13,69.2
Ouroboritos al Ataque,2,3,5,40.0
Out Kast,0,4,4,0.0
Out of Service,8,12,20,40.0
OutGrind,0,3,3,0.0
Outland Anglers,56,75,131,42.7
Outlimits,386,298,684,56.4
Outllmits,123,152,275,44.7
Outrange,47,66,113,41.6
OvOPODRE,0,2,2,0.0
Overprice,118,215,333,35.4
Overthemoon,0,1,1,0.0
OwlOfDarkness,2,18,20,10.0
Ox Cart Collective,0,9,9,0.0
Oz Covardez,0,1,1,0.0
Ozzma Kappa,14,6,20,70.0
P 0 L A R,0,1,1,0.0
P 0 L A R I S,0,1,1,0.0
P A L M A R E S,4,14,18,22.2
P C D,1,0,1,100.0
P E N T A K I L L,0,1,1,0.0
P E R U C I T Y,0,2,2,0.0
P H Y S I S,8,0,8,100.0
P I V A S,6,0,6,100.0
P M G,19,20,39,48.7
P O S E II D O N,7,10,17,41.2
P O W A,7,3,10,70.0
P R E D A T O R Z,6,13,19,31.6
P R I M E R G O L P E,10,21,31,32.3
P R O M I N E N T E S,2,2,4,50.0
P R O M I S E,0,1,1,0.0
P R O S P E R I D A D,1,0,1,100.0
P V E _X_ P V P,1,1,2,50.0
P e r r i t o -- P a n z o n,1,2,3,33.3
P o s i t i v e,0,1,1,0.0
P0CH0S,10,13,23,43.5
P3ndragon,0,2,2,0.0
P4ND0R4 S 4C70R,1,3,4,25.0
PACTUM,0,1,1,0.0
PALADINES IN THE GASH,0,2,2,0.0
PANAS GAMING,0,1,1,0.0
PANQUESITOS CON CREMA,0,1,1,0.0
PARACETAM0L,4,13,17,23.5
PARTIDO DOS TRABALHADORESI,0,1,1,0.0
PATAS DE OS0,8,18,26,30.8
PAUS MOLINHOS,0,2,2,0.0
PAYOS POCHOS,1,2,3,33.3
PAZ NAS MISTsz,1,0,1,100.0
PAZ-MUNDIAL,1,3,4,25.0
PB n J,1,4,5,20.0
PCD AVALONIANO,1,0,1,100.0
PCDBR,0,1,1,0.0
PCG Ithilien,0,2,2,0.0
PDG COMPANY,48,87,135,35.6
PE4KY BLINDERS,0,6,6,0.0
PEAKY BLIMDER,5,2,7,71.4
PEH NA JAKA,18,10,28,64.3
PELADOS EM BRECILIEN,5,2,7,71.4
PENllS BLACK,43,25,68,63.2
PERDIDUS,1,3,4,25.0
PERIGOSO DO PVE,0,1,1,0.0
PERRITOS CALLEJEROS,1,0,1,100.0
PERRO CALLEJERO,0,1,1,0.0
PERROS CRIOLLOS,0,1,1,0.0
PEUGEOT 206,23,18,41,56.1
PHAMAKIA,0,3,3,0.0
PIIIIVAS,0,1,1,0.0
PILAR Primordial,13,12,25,52.0
PIPI LIN,1,0,1,100.0
PIQUETE ROADS,1,2,3,33.3
PISA E PASSA,13,29,42,31.0
PIVAZ,0,1,1,0.0
PLAN 3K -GENTE POSI,1,1,2,50.0
PLAYB0YS,74,120,194,38.1
PLAYER PROMEDIO,0,3,3,0.0
PLK-Monkey,0,1,1,0.0
PLSC,1,1,2,50.0
POCHITO LIFE,5,5,10,50.0
POLANDTEAM,1,0,1,100.0
POR CONTENT,2,9,11,18.2
PORTAL DEL INFIERNO,0,6,6,0.0
POTA POTA POTA,224,73,297,75.4
POVHN,0,2,2,0.0
PRAG4,13,11,24,54.2
PREMA HENKO,0,1,1,0.0
PRESSAO-ALTA,1,4,5,20.0
PREST1G33,0,1,1,0.0
PRIMACY,29,60,89,32.6
PRIMARIS SQUAD,0,1,1,0.0
PRIMATA MOD,44,152,196,22.4
PRIMATA PRIME,4,26,30,13.3
PRIME MODE,6,16,22,27.3
PRO CLASSIC BR,2,9,11,18.2
PROUD LIONS1,3,6,9,33.3
PROUD-FIGHTER-COLLECTOR,1,2,3,33.3
PT - PARTIDO DOS TRABALHADORES,0,1,1,0.0
PUN1SHMENT,5,5,10,50.0
PURE AND TRUE,0,1,1,0.0
PUSH_KYMA,0,1,1,0.0
PUZZY POWER,0,8,8,0.0
PVA,0,1,1,0.0
PVE LivePLayers,0,2,2,0.0
PVE--ON-FIRE,0,6,6,0.0
PaRaLePiPiDoS,3,4,7,42.9
Pack Yo Bags,74,56,130,56.9
Pacos,0,1,1,0.0
Pactum_Silentii,0,4,4,0.0
Padrinhos da irmandade,1,7,8,12.5
Paladines Justicieros,2,9,11,18.2
Paladines de Teemo,3,25,28,10.7
Paladinos Sagrados,3,13,16,18.8
Palomaland-New,2,2,4,50.0
Panama Warriors,0,1,1,0.0
Pandas Furiosos,1,1,2,50.0
Pandisinos,0,1,1,0.0
Panic Legion,10,8,18,55.6
PanicFlash,0,5,5,0.0
Papis Silver Mine 2,0,1,1,0.0
ParaBellum Mercenary Co,0,2,2,0.0
ParadoxUniversal,2,11,13,15.4
Paralellun oficial,0,3,3,0.0
PardalHunters,0,1,1,0.0
Parol Cubano,0,1,1,0.0
Part Time Crusaders,0,1,1,0.0
Part Time Pirates,0,1,1,0.0
Partido Albion Nacional,0,4,4,0.0
Party Shaker,4,7,11,36.4
Patitas-Salvajes,0,1,1,0.0
PatitasMagicas,8,20,28,28.6
PatoCompany,0,1,1,0.0
Patolicos Anonimos,22,68,90,24.4
Patrulla Garchada,2,4,6,33.3
Patrulla Polla,0,2,2,0.0
Pau Brazil,2,2,4,50.0
Pay_For_It,34,60,94,36.2
Paz Eterna,3,13,16,18.8
PbI6AkU,1,0,1,100.0
Peace for life,13,7,20,65.0
Peaky Blinders XD,0,1,1,0.0
Peces Golditos,1,0,1,100.0
Peleteables,3,6,9,33.3
Pelotao BR,0,2,2,0.0
People Inside,1,1,2,50.0
PerSeCuta,1,11,12,8.3
PercaDores,0,1,1,0.0
Perros de Guerra,3,6,9,33.3
Perseo,0,1,1,0.0
Peruanos en tu Back,1,2,3,33.3
Pesca de OuroFish,0,1,1,0.0
Pescadores 1-20,0,2,2,0.0
Pescadores Violentos,1,11,12,8.3
PescadoresDeLymhurst,4,10,14,28.6
Petones,0,2,2,0.0
Pets Selvagens de Condominio,0,2,2,0.0
PhanToM 03,0,7,7,0.0
Phantom Brigades,8,34,42,19.0
Phantom Gate,0,1,1,0.0
Phantom Phoenix BR,2,2,4,50.0
Phantom-_-Troupe,1,2,3,33.3
Phantoms Of Albion,0,1,1,0.0
Pheobe Ann Eleine,2,1,3,66.7
Phoenix A,3,5,8,37.5
Phoenix Fury,41,104,145,28.3
Phoenix Rebels,45,70,115,39.1
Pick Up The Phone,0,1,1,0.0
Pijus Magnificus,1,2,3,33.3
PilitromR,4,6,10,40.0
Pin Pals,0,1,1,0.0
Pink Blinders,0,2,2,0.0
Pink Panther,0,1,1,0.0
PioPioPio,39,33,72,54.2
Pios Wonderland,0,1,1,0.0
Piracy Society,0,1,1,0.0
Piratas De La Muerte,3,19,22,13.6
Piratas Del Infierno,1,3,4,25.0
Piratas _Vzla 1,1,3,4,25.0
Piratas de CPV,1,0,1,100.0
Piratas de Sergipe BR,0,1,1,0.0
Piratas no Deserto,0,1,1,0.0
Pirates creed,17,80,97,17.5
Pirates or shadowns,0,1,1,0.0
Pisca Alerta,15,29,44,34.1
Pitbulls BR,0,2,2,0.0
PittOnTheHouse,2,6,8,25.0
Pitufo Aldea,0,3,3,0.0
Pl4tano P0wer,1,1,2,50.0
PlVAS,422,284,706,59.8
Plague VZ,0,1,1,0.0
Plantitas,0,1,1,0.0
Platigolds,0,3,3,0.0
PlatinumEmpire,2,10,12,16.7
PlayZinOn,0,1,1,0.0
Please No Hit Me,12,21,33,36.4
PllVAS,150,162,312,48.1
Plot Twist,0,1,1,0.0
Pochitos Salvajes,8,13,21,38.1
Pocho Amanecer Dorado,5,9,14,35.7
Pochos Anonimos,13,19,32,40.6
Pocket Pick,0,1,1,0.0
Pocos Locos,0,4,4,0.0
Poison_Heart,1,12,13,7.7
PolacosBasados1,0,4,4,0.0
Polar-ICE,1,0,1,100.0
Poneicornios,9,32,41,22.0
Ponisss,0,1,1,0.0
Pop Your Pot,2,0,2,100.0
Porbres,0,1,1,0.0
Pork Pies,3,1,4,75.0
Porrada Solicitada,0,7,7,0.0
PortMafia-Company,2,1,3,66.7
Positive Vibes,0,1,1,0.0
Potatoes and baked beans,0,1,1,0.0
Potencializado,1,2,3,33.3
Power Play,2,21,23,8.7
Power Rangers dos Zodiacos,1,2,3,33.3
Power UP,0,3,3,0.0
PowerLife,1,4,5,20.0
Praise Be Me,0,2,2,0.0
Pray Return 2 The Waking Sands,0,3,3,0.0
Predathorss,0,1,1,0.0
Prejudicados,11,21,32,34.4
Pressas Brancas BR,1,0,1,100.0
Pretores,5,22,27,18.5
Prettyy Girls,0,1,1,0.0
Priests of The Golden Sun,0,10,10,0.0
Primatinha Mod,0,3,3,0.0
Primeiro Canil,8,16,24,33.3
Primordium,0,2,2,0.0
Prioratus,2,7,9,22.2
Prisma Noctis,3,17,20,15.0
Private Murder Company,1,5,6,16.7
ProEvilz,0,1,1,0.0
ProGaymers,0,3,3,0.0
Profanation,4,7,11,36.4
Profit Paradise,0,1,1,0.0
Project Diva OwO,2,2,4,50.0
Project Faith,0,1,1,0.0
Project OO,1,3,4,25.0
Project Vanguard,2,10,12,16.7
Project Zomboid1231,0,1,1,0.0
Projectt X,1,11,12,8.3
Prophets of Death,64,97,161,39.8
Protagoniggas,0,1,1,0.0
Protetores da Terra,0,1,1,0.0
Protosz12,1,0,1,100.0
Proxius,0,6,6,0.0
Proyecto Conquista,10,14,24,41.7
Proyecto Nefalem,7,15,22,31.8
Public Display of Assault,35,36,71,49.3
Puchainas Gordas,45,50,95,47.4
Punky Punki,48,41,89,53.9
PurRekt,0,1,1,0.0
Pura - Sangre,4,13,17,23.5
Pure Nightmare,4,7,11,36.4
Purple Cats,0,2,2,0.0
Purple Hash,0,1,1,0.0
Purple Nurple,0,1,1,0.0
PurpleCloud,0,1,1,0.0
PusC Smashers,0,4,4,0.0
PvE Guild BTW,2,0,2,100.0
PvP-PlayerS,5,14,19,26.3
Pve 20,0,2,2,0.0
Pve And Sex,3,22,25,12.0
Pyromaniac,0,2,2,0.0
Q U E B R A - R E I N O S,6,11,17,35.3
Q u a r t z,2,1,3,66.7
QANKUNA,5,6,11,45.5
QUARTA ORDEM,0,2,2,0.0
QUARTO RElCH,0,1,1,0.0
Qc Les Explorateurs,4,9,13,30.8
Qi Abusers,0,2,2,0.0
Quase Competentes,1,8,9,11.1
Quase Online,62,143,205,30.2
Que_miras_sapo,0,1,1,0.0
Queenssj,15,0,15,100.0
Quelthalass,4,8,12,33.3
Quericotemueves,0,3,3,0.0
Querubines De Conquistas,0,3,3,0.0
Queso Crema OwO,0,1,1,0.0
QuietPlace,0,1,1,0.0
Quilombo Brasil,0,6,6,0.0
Quinta Ordem,1,8,9,11.1
Quisqueya RD,2,4,6,33.3
R 0 Y A L,1,1,2,50.0
R 3 D 3 A D,0,1,1,0.0
R 4 V E N,32,58,90,35.6
R A D I O,0,5,5,0.0
R A M P A N T,5,24,29,17.2
R A N D O N S,0,1,1,0.0
R A T O N A G A R O B,2,6,8,25.0
R E G A N C Y,16,26,42,38.1
R E H A B,86,120,206,41.7
R E I V A N,10,14,24,41.7
R E L O C K,10,16,26,38.5
R E Q U 1 E M,265,186,451,58.8
R E V O A D A,0,2,2,0.0
R E X,1,23,24,4.2
R G 4-L,0,1,1,0.0
R I S A D I N H A,3,7,10,30.0
R I Z Z E D,12,27,39,30.8
R O H I R R I M,0,2,2,0.0
R U I N S,0,1,1,0.0
R U L E R S,2,6,8,25.0
R e i f e n,39,92,131,29.8
R y o d a_n,0,1,1,0.0
R-A,0,2,2,0.0
R0BLOX,0,4,4,0.0
R0NALDO,1,0,1,100.0
R0YAL_KNIGHTS,0,15,15,0.0
R10T,14,19,33,42.4
R3MAST3RED,10,35,45,22.2
R3ckless,99,134,233,42.5
R3d Velvet,1,1,2,50.0
RADlANT,62,80,142,43.7
RAFA Y LOS ESO VALENCIAS,0,1,1,0.0
RAGGED FLAGON,0,1,1,0.0
RAGNAROL ETERNAL,1,0,1,100.0
RAISE A TOMB,2,2,4,50.0
RAIZ FIRME,1,0,1,100.0
RAT RAT 2,0,1,1,0.0
RATATU1,5,13,18,27.8
RATAZANOS,0,1,1,0.0
RATS CORPORATION,37,36,73,50.7
RAW_PHANTOM_SRZ-BO,0,2,2,0.0
RAZEN,0,1,1,0.0
RD G,0,4,4,0.0
RE-BO,1,3,4,25.0
RE-CREATORS,1,0,1,100.0
REAL DEAL,0,1,1,0.0
REAL FARME YTB,1,5,6,16.7
REC0NNECTING,10,25,35,28.6
RECTIL,0,3,3,0.0
REDBULLREDLABEL,0,1,1,0.0
REGIMEN,2,2,4,50.0
REIN0_CELESTIAL,0,1,1,0.0
REINO ANARKIA,33,15,48,68.8
REINO LATINO,1,19,20,5.0
RELENTLESS ROUGES,0,1,1,0.0
REP-AND-TRADE,0,1,1,0.0
RESIDENT-DESTENY,0,3,3,0.0
RESPAWN CANCELAD0,1,8,9,11.1
RETADORES,7,24,31,22.6
RETAGUARDIA DE BRIDGEWATCH,0,4,4,0.0
RETORNO DE LA CORONA,6,10,16,37.5
REVELATION CLAN,0,1,1,0.0
REVENGE SHADOWS,0,1,1,0.0
REVUELTOS,1,1,2,50.0
REYES DEL TIEMPO,13,17,30,43.3
REYES SIN IQ,6,19,25,24.0
RGL_Level,0,1,1,0.0
RIOt heiters,2,9,11,18.2
RISE OF WIWIWIS,6,6,12,50.0
RISING HUNTERS,1,12,13,7.7
RK Ragnarok,1,1,2,50.0
ROADS 7x7,0,1,1,0.0
ROCOTO RAGE,0,4,4,0.0
ROKTHUL,0,1,1,0.0
ROKhan,11,13,24,45.8
ROLF OFICIAL,1,1,2,50.0
ROME 21,0,1,1,0.0
RONINS_BR,4,21,25,16.0
RONINxZHENG,1,0,1,100.0
ROTABGW,0,3,3,0.0
ROYAL DESTROYERS,3,6,9,33.3
ROYAL FAMlLY,5,14,19,26.3
ROYAL LINEAGE,2,7,9,22.2
ROYALCROWN,8,17,25,32.0
ROZH,5,2,7,71.4
RROMPECRANEOS,5,3,8,62.5
RRS_FOREVER,2,3,5,40.0
RTX Vanguard,0,5,5,0.0
RUINAS,1,5,6,16.7
RUINAS DE AKRAN,20,30,50,40.0
RUNAAN,15,9,24,62.5
RUSH-B,77,135,212,36.3
RY Team Extreme,6,16,22,27.3
RYODANK,0,1,1,0.0
Radaw Radaw,1,3,4,25.0
Radiof,0,5,5,0.0
Rafinha,10,12,22,45.5
Rage Against The Healer,2,7,9,22.2
Rage of Camelot,9,18,27,33.3
Raiders of the Shadow,0,2,2,0.0
Rain house,0,5,5,0.0
Rainbow Friends 420,0,2,2,0.0
Rainstorm Wolfs,17,24,41,41.5
Raio Solar BR,0,1,1,0.0
Rak Chazak,1,3,4,25.0
Rat-Gang,0,2,2,0.0
RatLove Syndicate,3,5,8,37.5
RatatuiS AO,1,0,1,100.0
RatherStrange,1,6,7,14.3
Ratos do Massi,1,11,12,8.3
RatosDeAlbion,1,7,8,12.5
Raven Greed,0,4,4,0.0
Raven Lunatics,1,0,1,100.0
Raven Of Morgana,0,2,2,0.0
Ravenfell,0,1,1,0.0
Raw-Power,0,3,3,0.0
Ray Of Dukedom,0,1,1,0.0
Rayitos de Luz,0,2,2,0.0
Rayzems lair,2,1,3,66.7
ReYeS_De_PiEdRa,6,22,28,21.4
Real Familia,0,1,1,0.0
Real King,0,2,2,0.0
Real Mantem,2,6,8,25.0
Reality Deniers,3,10,13,23.1
Realm of Destiny,1,1,2,50.0
Reapers Of Shadow,3,3,6,50.0
Rebecca,1,1,2,50.0
Rebel soljahs,0,3,3,0.0
Rebirth of the Forest,0,1,1,0.0
Rebocadores Automotivos,1,2,3,33.3
Receiita Federal,6,6,12,50.0
Reconhecimento,3,7,10,30.0
Reconnection,3,14,17,17.6
Red Cavaliere,1,0,1,100.0
Red Or Dead,1,0,1,100.0
Red Rock Gaming,0,1,1,0.0
Red Royal,2,4,6,33.3
Red Skullz,0,1,1,0.0
Red banditss,38,79,117,32.5
Red is dead S2,2,1,3,66.7
Red killers_20,1,21,22,4.5
Red sun V,0,1,1,0.0
Red-kill,3,1,4,75.0
RedGlitchs,6,21,27,22.2
RedHorror,0,6,6,0.0
RedLights,4,5,9,44.4
RedLine Empire,2,1,3,66.7
RedRiver Alliance,0,4,4,0.0
Red_Horizon,0,1,1,0.0
Red_Town,0,1,1,0.0
Red_Wardens,0,2,2,0.0
Reds Monkeys,1,0,1,100.0
Reefer Madness Inc,0,1,1,0.0
Refimeros,0,3,3,0.0
Refined Company,0,4,4,0.0
Reformatory,1,16,17,5.9
Regnum_Deorum,6,19,25,24.0
Reign of Fire and Brimstone,0,1,1,0.0
Reignfall,44,41,85,51.8
Reinado Oscuro,1,1,2,50.0
Reino De La Luz,0,2,2,0.0
Reino Zenin,7,5,12,58.3
Relapsed,0,2,2,0.0
Relicario del Purgatorio,15,71,86,17.4
Remonte ton slibard Lothard,9,6,15,60.0
RenTrusters,8,6,14,57.1
Renacidos del fuego,0,1,1,0.0
Renegades of Fate,1,0,1,100.0
Rents Due,67,128,195,34.4
Republic Of Turkiye,0,1,1,0.0
Republic of Thieves,10,5,15,66.7
Republica Del Cono SUR,1,4,5,20.0
Republica Socialista de Albion,1,0,1,100.0
Republica da Creponia,6,5,11,54.5
Republica del Nuevo Consome,0,5,5,0.0
Requiem D,1,1,2,50.0
Resenhax,0,1,1,0.0
ReservaDeEmergencia,0,1,1,0.0
ResourcesBook,1,0,1,100.0
Respawn Cancelado,1,1,2,50.0
RestInPieces,1,0,1,100.0
Resurgence OF King A,67,15,82,81.7
Reverend Insanity,0,1,1,0.0
RevolucinZone 2,0,1,1,0.0
Reyes de Avalon,0,2,2,0.0
Reyes del Respawn,1,12,13,7.7
Rez-Me-Please,0,3,3,0.0
Rias,20,4,24,83.3
Rias_Gremory,1,1,2,50.0
Right Nowz,0,2,2,0.0
Rincon Del Zafio,0,1,1,0.0
Riryoko,1,0,1,100.0
Rise And Gain Authority,41,70,111,36.9
Rise of Stark,32,63,95,33.7
Rising Sand,1,3,4,25.0
Rivia Thorn,0,2,2,0.0
Road Of Ruins,23,32,55,41.8
Road Rats,1,0,1,100.0
Road Ratters,3,13,16,18.8
Roads Full Press,0,1,1,0.0
Roads Nerds,1,1,2,50.0
Roads of Ruin,0,1,1,0.0
Roadside Reapers,31,14,45,68.9
Roam With Us,0,4,4,0.0
Rob1n Hood,3,9,12,25.0
Robonia,0,7,7,0.0
Rogue Academy,4,5,9,44.4
Rogue Life,1,2,3,33.3
Rogue Magick,1,1,2,50.0
Rogue Natives,314,386,700,44.9
Rogue Natives II,128,198,326,39.3
Rohan kingdom,0,2,2,0.0
Roilya,2,4,6,33.3
Rokosos,22,41,63,34.9
Role de Quinta,12,23,35,34.3
Romanos Invasores,47,40,87,54.0
Ronin Exile,1,0,1,100.0
Ronnie y sus amigos,8,6,14,57.1
Roses-Academy,149,179,328,45.4
Rotura Mecanica,3,10,13,23.1
Royal F amily,0,1,1,0.0
Royal Knights of Fort Sterling,0,1,1,0.0
Royal Ratpack,52,86,138,37.7
Ru1n,0,2,2,0.0
Ruins de PvP,0,1,1,0.0
Ruinwalkers,0,2,2,0.0
Ruptur4,9,19,28,32.1
Rush AVA,6,2,8,75.0
Ruska Roma,0,1,1,0.0
Ruta63,0,3,3,0.0
Ryngulds Legacy,0,1,1,0.0
Ryugu Okoku,2,5,7,28.6
S 0 L,2,17,19,10.5
S A G A,6,12,18,33.3
S A G R A R I O,8,13,21,38.1
S A L V A T I O N,0,1,1,0.0
S A N G U E,1,1,2,50.0
S A R C O F A G O,2,7,9,22.2
S C A N I A,3,4,7,42.9
S C O T I A B A N K,0,1,1,0.0
S E I K O U,0,3,3,0.0
S E M P I T E R N A L,1,8,9,11.1
S E N R Y U,3,0,3,100.0
S H 4 D O W S,0,1,1,0.0
S H A K U S H I S H A N K S,0,8,8,0.0
S H I S H I G A N K,0,5,5,0.0
S H O T G U N,22,43,65,33.8
S H O T T A S,5,34,39,12.8
S K A L D R 7 N,1,15,16,6.2
S K M,25,24,49,51.0
S K T,3,0,3,100.0
S K Y HUNTERS,1,2,3,33.3
S K Y R 1 M,14,70,84,16.7
S L I C E D,149,112,261,57.1
S O U L R E A P E R S,2,3,5,40.0
S Y N D 1 C A T 3,1,2,3,33.3
S a n d R a g e,9,15,24,37.5
S a n t y s,0,4,4,0.0
S h a d i l a y,1,1,2,50.0
S k y y y,4,36,40,10.0
S p a d e s s,1,1,2,50.0
S w i f t i e s,0,1,1,0.0
S-M-I-T-H,0,3,3,0.0
S-N-G,0,1,1,0.0
S0LO CRAFTING,0,2,2,0.0
S0LO-LEVELING,2,1,3,66.7
S3cta celestial,0,1,1,0.0
S4nguis Bell4torum,0,4,4,0.0
S7V7N,1,4,5,20.0
SABOOORR EGENERICO,0,2,2,0.0
SABOR GUILD,1,11,12,8.3
SAED,0,1,1,0.0
SAFARI COMPANY,0,1,1,0.0
SAGRA2,10,26,36,27.8
SALAMANDRAS GANGSTER,1,1,2,50.0
SALMOS144,1,6,7,14.3
SAMCROW,0,2,2,0.0
SANCTUARY OF BLOOD,0,1,1,0.0
SAND BLOOD,2,0,2,100.0
SANDS LEGACY,1,0,1,100.0
SANGR3 NU3VA,7,35,42,16.7
SANTOS CABALLEROS,10,17,27,37.0
SCARLET FLOWER,1,7,8,12.5
SCOLL GARXXX,0,2,2,0.0
SDLG PARTE 2,2,6,8,25.0
SDMN Sol Da Meia Noite,4,3,7,57.1
SECTUM PRIME,32,69,101,31.7
SEGADORES CARMESI,1,3,4,25.0
SEGREGACAO INTELECTUAL,0,1,1,0.0
SEM OR 100 ANEIS,1,2,3,33.3
SEMEN DE MONO,4,1,5,80.0
SEMENTALES123,0,1,1,0.0
SEND_IT,1,1,2,50.0
SENHOR DOS ANAIS,0,3,3,0.0
SERRADOS,0,1,1,0.0
SEU BOI E MEU,0,2,2,0.0
SEUDO-GUERREROS,0,4,4,0.0
SEX and PVE,24,41,65,36.9
SEXPOTELEFONU,0,1,1,0.0
SFFAK,6,7,13,46.2
SH4DOW G4RDEN,6,18,24,25.0
SHADOW EXPLORERS,0,1,1,0.0
SHADOW PACT,0,4,4,0.0
SHADOW SILENCE,0,1,1,0.0
SHADOW-KING,0,2,2,0.0
SHARE OR SHARON,1,2,3,33.3
SHINJU,17,30,47,36.2
SHIRAI RUY,0,1,1,0.0
SHlNPAKU,1,1,2,50.0
SICHMARC-CABALLERO,0,10,10,0.0
SIEVEN,16,30,46,34.8
SIGARRO,0,1,1,0.0
SIGTRYG,71,103,174,40.8
SIMIOS GANG,4,17,21,19.0
SIMON BOLIVAR,1,18,19,5.3
SIN ALMA,0,1,1,0.0
SIN COSTA,7,10,17,41.2
SIN PORCENTAJE,126,79,205,61.5
SIX FLAT,1,0,1,100.0
SIXTH6SENSE,0,3,3,0.0
SKOLKO FEIMA V CHAS,1,0,1,100.0
SKS VOID,1,1,2,50.0
SKULL BURST,0,1,1,0.0
SKY GUARDIANS,0,9,9,0.0
SKY- C r i m i n a l s,0,4,4,0.0
SL Devil,0,7,7,0.0
SMELL OF FEAR,0,4,4,0.0
SMIL3,1,3,4,25.0
SMNs,0,1,1,0.0
SNIPER LEGION,0,2,2,0.0
SNUFFF,2,2,4,50.0
SO VOLTA PELADO,0,1,1,0.0
SOAPLAND,1,2,3,33.3
SOFT LOCK,0,3,3,0.0
SOLARES ss,0,1,1,0.0
SOLARIZ,0,1,1,0.0
SOLDADOS X,29,33,62,46.8
SOLO BOMB,5,0,5,100.0
SOLO LEVELING IM JESUS,0,3,3,0.0
SOLO PLAYER ACADEMY,0,3,3,0.0
SOLO PLAYER S,25,45,70,35.7
SOLO PLAYERS FACTORY,2,1,3,66.7
SOLOPVE_FARMING,0,4,4,0.0
SOLO_one_for_ever,0,5,5,0.0
SOL_DOURADO,0,8,8,0.0
SOLxCRUEL,39,41,80,48.8
SOMBRA-DA-MORTE,6,18,24,25.0
SOMBRAVELOZ,14,43,57,24.6
SOMOS FARMERS,1,1,2,50.0
SON-Los Salchichas,1,1,2,50.0
SONEGADORES DE PRATA,1,1,2,50.0
SORA BLADE,1,1,2,50.0
SOU LADRAO,0,1,1,0.0
SPARTA370,0,3,3,0.0
SPIRITS OF CAOS,1,14,15,6.7
ST Pasion,0,1,1,0.0
STAFF ELVIN,1,11,12,8.3
STARSSS,5,5,10,50.0
STATESMAN,0,1,1,0.0
STATIC CORE,2,4,6,33.3
STEEL REAPERS,0,1,1,0.0
STF T1,0,1,1,0.0
STG_Santa Elena,1,3,4,25.0
STONGHOLD LEGENDS,1,0,1,100.0
STRATHOLME,3,5,8,37.5
STTP,0,1,1,0.0
SUN_DARK,2,9,11,18.2
SUN_INC,1,2,3,33.3
SUPERCUTES,0,1,1,0.0
SURVAICE,3,12,15,20.0
SUSRRO DEL AVISAMO,0,3,3,0.0
SWAT RELOAD,15,25,40,37.5
SWORDX,41,114,155,26.5
SWSY,1,3,4,25.0
SYLVIUS,0,3,3,0.0
SaL Gr0ss0,0,1,1,0.0
SabooorPVP,0,1,1,0.0
Sabor Last-Pass,0,1,1,0.0
Sacerdotes del Kaos,10,3,13,76.9
SacredCreed,18,44,62,29.0
Saint Kings,1,1,2,50.0
Sainte Patrie,0,7,7,0.0
Sakurasaka,0,1,1,0.0
Salamanders Legion,0,1,1,0.0
Salario Atrasado Futebol Clube,6,42,48,12.5
SalmoneLanches,1,1,2,50.0
Salseo,5,2,7,71.4
Salto69,1,5,6,16.7
SaltyKillers,0,2,2,0.0
Sampaios,0,2,2,0.0
Sancadores,1,12,13,7.7
Sanctuatry,0,1,1,0.0
SandBags,0,3,3,0.0
SandRaiders,0,2,2,0.0
SaneArmy,1,2,3,33.3
Sangre Pretoriana,3,1,4,75.0
Sangre de Esparta,5,2,7,71.4
Sangre de Mercenarios,31,82,113,27.4
Sangre de luna,3,2,5,60.0
Sangre de-Hierro,0,3,3,0.0
Sangre del Sur,1,2,3,33.3
Sangre_y_Senizas,0,1,1,0.0
Sangue e Minerio,2,23,25,8.0
SanityIsntReal,0,1,1,0.0
Sanjuanistan,0,1,1,0.0
Santia420,0,2,2,0.0
Santuario AFP,0,1,1,0.0
Santuario de Quietud,9,31,40,22.5
Santuario de las sombras,0,2,2,0.0
Sarambabichis,17,3,20,85.0
Sata-Bear,0,2,2,0.0
Savage,1,0,1,100.0
Savage Dairy Legion,0,1,1,0.0
Sax and FX EL,1,2,3,33.3
Scarlett Nexus,0,1,1,0.0
Scatterbrains,0,4,4,0.0
Schnecke die Schneck Schneck,0,4,4,0.0
Schnitzelpfanne,0,1,1,0.0
Sea-Sky Fraternity,65,118,183,35.5
Seal Of Sun,1,1,2,50.0
Searchers Of The Lost Candy,2,1,3,66.7
Secret Vanguard,1,54,55,1.8
Secta De La Iguana,0,1,1,0.0
Secta del guante,1,19,20,5.0
Sede de Sangue,2,2,4,50.0
Segadores de Ceniza,6,5,11,54.5
Seguidor de Yotsubagod,4,8,12,33.3
Seguidores del Cro,0,1,1,0.0
Sem Sobreviventes,0,1,1,0.0
Semen De Pitufo,0,2,2,0.0
Sendero_Luminoso_1998,0,1,1,0.0
Seraphim Exiled,1,1,2,50.0
Serena Mar,0,1,1,0.0
Serenity Now,5,10,15,33.3
Serial Killers 2_0,1,3,4,25.0
Serpentine Craft,0,1,1,0.0
Sertralina,11,45,56,19.6
Servi Diaboli,1,0,1,100.0
Seven Clouds,0,4,4,0.0
SextoSentido,0,2,2,0.0
SexyMadaFaka,7,24,31,22.6
ShINBoRu_kanto-6MaNJI,0,1,1,0.0
ShaDowLanDZ,0,1,1,0.0
Shadar Kai,4,21,25,16.0
Shadow 0f Avalon,1,10,11,9.1
Shadow Bunny Sindicate,0,1,1,0.0
Shadow Empires,1,3,4,25.0
Shadow Of The Colosus,34,28,62,54.8
Shadow Vultures,10,6,16,62.5
Shadow felines,0,1,1,0.0
Shadow garden NG,13,7,20,65.0
Shadow of KIng,1,4,5,20.0
Shadow warriors01,0,1,1,0.0
Shadow-Requiem,0,1,1,0.0
ShadowAge,0,1,1,0.0
ShadowWizardMoneyGang,2,7,9,22.2
ShadowWorldLegion,0,1,1,0.0
Shadowclaws,0,1,1,0.0
Shadowing,0,3,3,0.0
Shadows Guardians,0,1,1,0.0
Shadows Of Peace,0,1,1,0.0
Shadows of The Shield,1,8,9,11.1
ShadowsGuild,0,1,1,0.0
Shall We,81,84,165,49.1
Shalom Adonai,3,5,8,37.5
Shangri-Laa,8,11,19,42.1
Shape You Up,2,0,2,100.0
Shaula Invictus,0,1,1,0.0
Shelterd,19,42,61,31.1
ShiddyCiddy,1,8,9,11.1
Shikanoko army,1,3,4,25.0
Shinigami No Seiki,0,1,1,0.0
Shoes Store,4,8,12,33.3
ShonioKami,23,37,60,38.3
Shostners,0,1,1,0.0
Shroom Squad,60,104,164,36.6
Shuriimanos,1,0,1,100.0
Si hay Miseria Que No Se Note,1,0,1,100.0
Sicariuss Symbolum,0,2,2,0.0
Sicoob,4,5,9,44.4
Sida pa ti,2,4,6,33.3
Siervos de los Antiguos,1,9,10,10.0
Sigyns devotion,2,6,8,25.0
Silencio Carmesi,0,14,14,0.0
Silencios de lo Infinito 23,0,1,1,0.0
Silent Partners,32,34,66,48.5
SilentB,31,29,60,51.7
Silentium Mortis,0,1,1,0.0
SillerosBroSR,0,7,7,0.0
Silver San,4,15,19,21.1
Silver Shield,0,1,1,0.0
Silver-Ghouls,4,13,17,23.5
Silverbranch Cartel,0,1,1,0.0
Silverflow,0,1,1,0.0
SinSu,0,1,1,0.0
Sindicato dos Refinadores,4,1,5,80.0
Sinful Serpent,0,11,11,0.0
Singularity Exploration,2,2,4,50.0
Siphon Holdings Inc,2,3,5,40.0
Siri cascudoxd,1,3,4,25.0
Sith Lords 66,0,1,1,0.0
Six God,0,1,1,0.0
Skies of Arcadia,1,7,8,12.5
Skin Farmers Brit,0,1,1,0.0
Skip Enjoyers,0,1,1,0.0
Skr LATAM,0,1,1,0.0
Skull Knights Yggdrasil,0,1,1,0.0
Skylanders,6,7,13,46.2
SkylineGTR34,1,1,2,50.0
Skyrise,54,81,135,40.0
SlNNERS,1,2,3,33.3
Slime-KingDom,0,3,3,0.0
Sliver maker,1,2,3,33.3
Slugi Cthulhu,0,1,1,0.0
Smaragdi_Bellum_Dracones,0,13,13,0.0
Smiling Sword,1,0,1,100.0
SmokeDen,0,2,2,0.0
Smoked House,1,0,1,100.0
Sneaky Raiders,3,13,16,18.8
Snow Raiders,8,9,17,47.1
Snow Spartans,1,0,1,100.0
Snow Specters,10,9,19,52.6
Snowborn Legion,0,2,2,0.0
SnuSnu,0,2,2,0.0
So Pra Energia,13,5,18,72.2
So Pra Olhar,2,1,3,66.7
So os Buchas,0,11,11,0.0
SoIoGrind,0,1,1,0.0
Sobrev1v1entes,0,1,1,0.0
Sobrevivientes_de Albon_sin_pi,0,1,1,0.0
Sociedad Antidisturbios,6,9,15,40.0
Sol Exanime,14,37,51,27.5
Sol Sangrento,1,1,2,50.0
Sol da Meia-Noite,1,4,5,20.0
Sol_Naciente_T1,2,0,2,100.0
Solar Wolves,0,1,1,0.0
Soldados del Alba,0,6,6,0.0
Soldiers Of Elohim,0,2,2,0.0
Soldiers Of the Sun,0,3,3,0.0
Solecitos,6,32,38,15.8
Solid Blue,1,2,3,33.3
Solidarity Inc,1,25,26,3.8
Soljuhs,4,4,8,50.0
SolloLevelling,0,1,1,0.0
Solo Lveling,9,5,14,64.3
Solo PKs,0,5,5,0.0
Solo PR0DIG0,0,5,5,0.0
Solo Profit Lab,3,1,4,75.0
Solo Vena a Recolectar,0,2,2,0.0
Solo-Gank,24,55,79,30.4
Solo-PlayerX,0,1,1,0.0
SoloPan,0,2,2,0.0
SoloPlayin,0,1,1,0.0
Som do silncio,0,1,1,0.0
Sombra da Alvorada,0,1,1,0.0
SomosCiegosNoSordos,0,1,1,0.0
Sonegadores de Imposto,0,2,2,0.0
Song Of Storms,1,9,10,10.0
Sons of Reapers,11,35,46,23.9
Sopita-de-col,0,3,3,0.0
Sora No Otoshimono,1,2,3,33.3
Sorry Not Sorry,0,2,2,0.0
Soul Order,0,2,2,0.0
Soul of Gold,7,21,28,25.0
SoulDrake,0,1,1,0.0
SoulFrame,0,3,3,0.0
SoulHounters,0,2,2,0.0
Soul_Knight,5,3,8,62.5
Souls Of Fenix,0,5,5,0.0
Souls Takers,0,2,2,0.0
Souls of Anarchy,0,2,2,0.0
Souls_Of _Gods,4,20,24,16.7
Southernsons,3,15,18,16.7
SouthlandGaming,0,1,1,0.0
Sovereign Tide,0,4,4,0.0
Soviao Unietica,0,4,4,0.0
Spank Squad,6,12,18,33.3
Spartan Dreams,0,5,5,0.0
SpartanMx,18,29,47,38.3
Spartans Brasil,3,2,5,60.0
Spectral Reaper,0,1,1,0.0
Sped Runners,0,2,2,0.0
Spell Army,0,1,1,0.0
Spence,34,54,88,38.6
Spetsnaz Grail,122,122,244,50.0
Spice Grils,2,0,2,100.0
Spicy Killers,0,1,1,0.0
SpinoGod,1,1,2,50.0
Spirituality,0,2,2,0.0
Splash Legends,0,1,1,0.0
Split Second,43,14,57,75.4
Sponsor Me PLease,4,4,8,50.0
SpookyBR,1,1,2,50.0
Sporting Mostaza,0,1,1,0.0
Sprint With Me,154,182,336,45.8
Spy Question,0,2,2,0.0
Squad Royals,0,1,1,0.0
SrLord,7,5,12,58.3
St Louis,0,1,1,0.0
Staatsfeinde,38,44,82,46.3
Stakkars Bakerne,0,1,1,0.0
Star Seed,0,1,1,0.0
Star x7,0,1,1,0.0
Starborne,1,2,3,33.3
Stardust Cruzaders,2,11,13,15.4
Stark Union,0,1,1,0.0
Starks de Winterfel,0,1,1,0.0
Starkwater,0,1,1,0.0
Starlight Kingdom,0,1,1,0.0
Static Kings,6,1,7,85.7
Static KuKold,1,1,2,50.0
Statu quo,30,20,50,60.0
Stay Close,83,52,135,61.5
Stay strong out here,0,1,1,0.0
Steppe Brothers,0,4,4,0.0
Sterling Riders,0,4,4,0.0
Still Rich,1,0,1,100.0
Storm Riders Reborn,2,21,23,8.7
StormLordz,0,1,1,0.0
StraightMogginHorseGirlCuties,0,1,1,0.0
Stratovarius,0,2,2,0.0
Stupid Lords,6,6,12,50.0
Sturmbringers,4,17,21,19.0
Submarino Boliviano,1,1,2,50.0
Substance,1,27,28,3.6
SuccumB,4,29,33,12.1
Summus Deus Mortis,1,0,1,100.0
Sun God Nikka,0,3,3,0.0
Sun Merchant Group,0,1,1,0.0
SunOfGods,26,23,49,53.1
Sunflame,7,49,56,12.5
SunnyMerceris,3,5,8,37.5
SuperSonic LegendS,5,6,11,45.5
Superthal,0,1,1,0.0
Suporte PVE,0,1,1,0.0
Supremacia Apexana,0,1,1,0.0
SupremacyFR,0,3,3,0.0
Supreme Dominion,0,1,1,0.0
Surjan,1,1,2,50.0
Sushi The Golden Shepherd,0,1,1,0.0
Sussuros da Alvorada,0,10,10,0.0
Suzuran T,0,1,1,0.0
Svetiteni,0,1,1,0.0
Swag eh o Kralho,1,2,3,33.3
Swamp Stars Ltd,0,2,2,0.0
Swarm of the loyal,1,11,12,8.3
Swealen Reforged,0,4,4,0.0
Sweet Baby Jesus,0,1,1,0.0
Sword Omen Light,1,0,1,100.0
Sword and Fist,0,4,4,0.0
Sword and Sheath,0,1,1,0.0
SwordStoned,0,6,6,0.0
Sworn Drunks,0,1,1,0.0
Sylvan Claws,0,1,1,0.0
Synergon,4,1,5,80.0
T D P,0,3,3,0.0
T E M P E S T A D,0,3,3,0.0
T E N E T,0,4,4,0.0
T H A L M A R,0,6,6,0.0
T H C Lovers,33,29,62,53.2
T H E - R O T T E N,0,1,1,0.0
T H E - S O L A R I,3,5,8,37.5
T H E K R A K E N,1,1,2,50.0
T H E S U R P R I S E,0,1,1,0.0
T H E _ B O Y S,0,5,5,0.0
T I Q U I C I A,8,27,35,22.9
T La Parca T,1,2,3,33.3
T O R O S,28,144,172,16.3
T R A S H T A L K,140,73,213,65.7
T R I F A R l X,11,22,33,33.3
T W I N,2,4,6,33.3
T Y R A N N Y S,2,3,5,40.0
T e G,0,2,2,0.0
T h a r n o K,0,1,1,0.0
T h e L o s t O n e s,0,2,2,0.0
T i m e S k i p,2,2,4,50.0
T-5,8,29,37,21.6
T-B-O-W,1,5,6,16.7
T-E-S-A,15,35,50,30.0
T-G,1,0,1,100.0
T-R-O-P-I-N-H-A-x,0,2,2,0.0
T4k4,1,1,2,50.0
TA BOM MAS NAO SE IRRITE,0,1,1,0.0
TABACO-VERDE,1,2,3,33.3
TABOGO CREW,1,2,3,33.3
TADALA FELAS,0,2,2,0.0
TALLADOS,49,39,88,55.7
TAPITAS,30,41,71,42.3
TAQUIKARDIA,84,38,122,68.9
TARGARYEN 0,0,1,1,0.0
TARGARYEN E-SPORTS,0,1,1,0.0
TB ANARCHY,11,19,30,36.7
TBD - To Be Determined,0,1,1,0.0
TCHESNE,0,10,10,0.0
TDA,52,62,114,45.6
TDAH Depre,1,0,1,100.0
TDK,8,37,45,17.8
TEAM DINAM1TA,0,1,1,0.0
TEAM Of DEATH,7,27,34,20.6
TEAM-TUTIFRUTI,2,2,4,50.0
TEEN SMOKERS,73,75,148,49.3
TEMPLAR OF DARKNESS,0,6,6,0.0
TEMPLARS_ORDER,0,6,6,0.0
TEOCRACIA_SLANE,0,1,1,0.0
TERR0R BELICO,1,2,3,33.3
TERRA Z,1,1,2,50.0
TH3 J0KER,0,5,5,0.0
TH3 L4ST B4STI0N,0,1,1,0.0
THAUREM,0,2,2,0.0
THC Lovers,90,53,143,62.9
THC-9,0,2,2,0.0
THE - NPCS,0,1,1,0.0
THE 7 NUMBER,1,1,2,50.0
THE ARCHIMAGOS,65,108,173,37.6
THE ASSASSINS CREED,10,46,56,17.9
THE BEST PLAYERS,2,2,4,50.0
THE BLIGHTED,0,1,1,0.0
THE BLOKES,1,6,7,14.3
THE BURNING FANG,1,2,3,33.3
THE CANGACEIROS,0,2,2,0.0
THE CANON,0,1,1,0.0
THE CRAZY FARMERS,0,1,1,0.0
THE DARK NEXUS,0,1,1,0.0
THE DARKNESS KNIGHTS,0,1,1,0.0
THE DARKS BR,0,3,3,0.0
THE DEMON CRAZY,1,3,4,25.0
THE DIMMADOME,0,4,4,0.0
THE DRAGON GOLD,0,1,1,0.0
THE EMPERATORS,1,5,6,16.7
THE ENJAMBRE,40,103,143,28.0
THE FABIAN,0,2,2,0.0
THE FAMIL,14,23,37,37.8
THE FARMING HOUSE,0,14,14,0.0
THE GOBL1NS,1,0,1,100.0
THE HELL HUNTERS,5,1,6,83.3
THE HELLFIR3 CLUB,3,15,18,16.7
THE HIDDEN BROTHERHOOD,1,0,1,100.0
THE HOLY ORDER OF CHRIST,0,1,1,0.0
THE HOOTERS,33,22,55,60.0
THE KILLER OP,0,1,1,0.0
THE KINGS OF SHADOWS,0,1,1,0.0
THE MARTILLO DE LOS EONES_2000,2,20,22,9.1
THE MISTERI WOLRD,0,9,9,0.0
THE MORTAL BROTHERHOOD,0,1,1,0.0
THE NORDISK,1,0,1,100.0
THE NORTH ARMY,0,1,1,0.0
THE PONTIFICAL ORDER,0,1,1,0.0
THE REBORN_FENIX,0,3,3,0.0
THE SALVATION X,2,29,31,6.5
THE TRUE ORDER,1,6,7,14.3
THE UNBREAKABLE SHIELDS,0,1,1,0.0
THE-BLACK-BULLSS,0,1,1,0.0
THE-KING Albion_Region,0,2,2,0.0
THE-PEAKY-ENANOS,3,9,12,25.0
THECMMP,0,1,1,0.0
THEFORD RIDERS,1,3,4,25.0
THERICH1,0,1,1,0.0
THETFORD ACADEMY BR,0,2,2,0.0
THETFORTH NO KYOJIN,2,2,4,50.0
THE_LIARS_GZ,3,5,8,37.5
THE_NEW_GENERATION,1,2,3,33.3
THE_P A L A D I N S,0,1,1,0.0
THE_PIROBERZERS,5,8,13,38.5
THE_VRG,0,1,1,0.0
THOUSAND S0NS,3,8,11,27.3
TIERRA - MEDIA,37,98,135,27.4
TIERRAS ALTAS DE MARTLOCK,0,1,1,0.0
TIME_KILL,0,1,1,0.0
TK ELITE,0,1,1,0.0
TLegendsT,0,1,1,0.0
TMX 2,0,1,1,0.0
TOCAMITOTEM,13,26,39,33.3
TODO SEA POR LA HIJA DE KEIKO,0,3,3,0.0
TOKYO MANJll,4,6,10,40.0
TOLEDOT,0,2,2,0.0
TOP France,0,4,4,0.0
TOP GLOBALES CGC,1,12,13,7.7
TOP GOY,2,1,3,66.7
TOP TIER BANGERS,1,5,6,16.7
TORM3NTAS,0,1,1,0.0
TORMENTA DEL DESIERT0,1,1,2,50.0
TORMENTANIEBLAS,1,1,2,50.0
TORTUGA ISLAND,1,2,3,33.3
TOTALPU55YD4STR3Y0R,2,1,3,66.7
TP-Sourishi-Corp,0,2,2,0.0
TR Olimpo,0,1,1,0.0
TR4UMA,1,1,2,50.0
TRAMOYA,1,1,2,50.0
TRATO FEITO,0,2,2,0.0
TRETA DE ABATE,7,4,11,63.6
TROPA DO INGUICA BR,2,1,3,66.7
TROPA DO LAZER,1,1,2,50.0
TROPA DO VASCO,1,0,1,100.0
TROPA DOS 23 CM,1,3,4,25.0
TROTAMUNDOS_55,4,1,5,80.0
TRUPE DOS PALHAS,0,1,1,0.0
TT Black Secret TT,9,19,28,32.1
TU MAMMA,136,124,260,52.3
TWISTER METAL WARRIORS,0,4,4,0.0
TYRAELS CLAN,29,3,32,90.6
TYRANNT PERO MALITO,1,5,6,16.7
Ta Duro Dorme,0,1,1,0.0
Tabbib,5,15,20,25.0
Taberna Del Valhalla,1,1,2,50.0
Taberna dos Cansados,0,1,1,0.0
Tahuantinsuyo Renacido,2,2,4,50.0
Taiko,75,124,199,37.7
Taiko Imperial,1,6,7,14.3
Take-it-Easy,0,6,6,0.0
TakeOnMe,0,1,1,0.0
Takeem Down,2,7,9,22.2
Tal da MATILHA,1,7,8,12.5
Tal da PANELA,2,3,5,40.0
TalMaheRa,3,4,7,42.9
Talons Crew,0,1,1,0.0
Tamirel,0,1,1,0.0
Taverna Da Engenharia,0,3,3,0.0
Taverna do Gordao,0,1,1,0.0
Te Amo Syndra,0,1,1,0.0
Te Garcho,0,4,4,0.0
TeHaNa,3,3,6,50.0
TeJoNeS eZqUiZoFreNiCoS,10,32,42,23.8
Team Aguacate Hot,1,5,6,16.7
Team Down,1,0,1,100.0
Team Halopecia,0,2,2,0.0
Team Kakashi,0,1,1,0.0
Team-Wolf,1,4,5,20.0
Team-suicide,8,17,25,32.0
TeamSoloYonk,0,2,2,0.0
Team_Paraguay,0,1,1,0.0
Tear of the Goddess,0,1,1,0.0
Tempesthydra,1,1,2,50.0
Templar Guardians,0,1,1,0.0
Templarios Avalonianos,2,1,3,66.7
Templarios Oscuros de Fort,3,6,9,33.3
Templarios Rathalos,0,1,1,0.0
Templarios de las arenas,0,1,1,0.0
TemplariosRS,2,6,8,25.0
Templars Sword,0,3,3,0.0
Tempus Veritas,0,1,1,0.0
TemuSquad,1,1,2,50.0
Tenchu Assassins,0,3,3,0.0
Tenebris Domini,10,32,42,23.8
Tenochtj,8,34,42,19.0
Tenryuubitos,2,2,4,50.0
Terabyte Storms,1,5,6,16.7
Terminal Trading Co,0,1,1,0.0
Termopilas,0,1,1,0.0
Terreneitor1,4,4,8,50.0
Terrenitors,0,2,2,0.0
Tesmpest Dynasty,0,1,1,0.0
Testigos del T4,0,2,2,0.0
Th3_Sl4y3rs de la 71,2,0,2,100.0
Tha Forsaken Kingdom,0,1,1,0.0
The - Kong - Chetume,0,13,13,0.0
The Aegis Project,25,45,70,35.7
The Alpha Rams of Martlock,0,3,3,0.0
The Assassinz,0,1,1,0.0
The Aztec creed,1,0,1,100.0
The Bacons,2,3,5,40.0
The Balorus Empire,0,1,1,0.0
The Baspar,4,15,19,21.1
The Bells,40,59,99,40.4
The Berserks,0,1,1,0.0
The Bilas,0,1,1,0.0
The Black Boars,1,2,3,33.3
The Black Dragons BR,0,3,3,0.0
The Blacksmith Forge,0,10,10,0.0
The Blessed Ones,8,20,28,28.6
The Bloody Crown,8,27,35,22.9
The Boss World,4,6,10,40.0
The BreakerS,0,1,1,0.0
The Bum Squad,1,9,10,10.0
The CT,0,2,2,0.0
The Caerleon Bandits,0,1,1,0.0
The Celestial Lions,77,162,239,32.2
The City Underneath The Ocean,1,0,1,100.0
The Code Zero,0,1,1,0.0
The Comunity,6,12,18,33.3
The Cowders,0,1,1,0.0
The Crawling Depths,4,5,9,44.4
The Crimson Clan,0,1,1,0.0
The Crimson Raiders,3,15,18,16.7
The Crystal King,0,2,2,0.0
The Cuming Company,1,0,1,100.0
The Darchangel,1,0,1,100.0
The Dark Industry,0,1,1,0.0
The Dark Syndicate,1,2,3,33.3
The Darks Family,0,3,3,0.0
The Dawgs,0,2,2,0.0
The Dead Rebel,5,6,11,45.5
The Death is Brazilian,0,1,1,0.0
The Deep State,12,76,88,13.6
The Destruction Company,25,60,85,29.4
The Dipers,1,0,1,100.0
The Dragon Born,1,1,2,50.0
The Dragons brood,0,1,1,0.0
The Egg Family,2,1,3,66.7
The Evicted,0,1,1,0.0
The Fallen Crown,0,2,2,0.0
The Family M,0,1,1,0.0
The Family kill,0,1,1,0.0
The Farmes,0,1,1,0.0
The Fen Folk,0,2,2,0.0
The Final Warning,1,1,2,50.0
The First Justice,1,0,1,100.0
The Forsaken Riders,0,7,7,0.0
The Founding 6,0,1,1,0.0
The Frumpy Ox,0,1,1,0.0
The Garden Dragons,0,15,15,0.0
The Ghosts1,32,71,103,31.1
The Glory Tryhard,0,14,14,0.0
The Great Recursor,0,1,1,0.0
The Guardian Lords,2,0,2,100.0
The Gyration Brigade,0,1,1,0.0
The Hunters 1,0,1,1,0.0
The Ice Hunters,0,6,6,0.0
The Insanity,29,71,100,29.0
The Invictus Nobeles,13,40,53,24.5
The Irish Mafia,18,37,55,32.7
The Irish Wolfhounds,0,1,1,0.0
The Jolly Rogerz,13,35,48,27.1
The Judgment Day,0,1,1,0.0
The King Cuba,0,1,1,0.0
The Kings Codex,23,43,66,34.8
The Knights of Fellowship,0,2,2,0.0
The Last Nest,2,17,19,10.5
The Last Vanguards,9,3,12,75.0
The Legion Of Asgard,2,8,10,20.0
The Legion of Reflective Fall,0,1,1,0.0
The Lion Jota Vnzla,0,3,3,0.0
The Lions of South Africa,1,0,1,100.0
The Loli Men,1,1,2,50.0
The Lonely Mauron,3,8,11,27.3
The Lonely Men,122,134,256,47.7
The Lonely Skibidi,88,131,219,40.2
The Loot Masters,3,9,12,25.0
The Lost Laberinth,0,2,2,0.0
The Lost Tapes,0,2,2,0.0
The Martlock Mercenaries,0,1,1,0.0
The Martlock Pathfinders,1,3,4,25.0
The Mastur Band,1,0,1,100.0
The Mobile,1,4,5,20.0
The Monkey King,1,0,1,100.0
The Monkey Kings,0,1,1,0.0
The New-Order,4,26,30,13.3
The Northern Fallen,11,26,37,29.7
The Obscured,4,39,43,9.3
The Oracles,1,7,8,12.5
The Order of Babylon,0,1,1,0.0
The Order of Resin and Iron,0,1,1,0.0
The Orokin Blood,1,4,5,20.0
The Pack Rats,0,1,1,0.0
The Pikimon,0,1,1,0.0
The Place of our Heritage,0,1,1,0.0
The Primitives,0,3,3,0.0
The Prin,2,2,4,50.0
The Princess,31,19,50,62.0
The Private Islanders,0,1,1,0.0
The Puzzelers,0,1,1,0.0
The ROUNIN,0,5,5,0.0
The Rada Kingdom,0,9,9,0.0
The Real Aggression,109,62,171,63.7
The Remy Hunters,1,2,3,33.3
The Rhapsody,0,1,1,0.0
The Royal Swords,0,1,1,0.0
The Rugrats,115,186,301,38.2
The Shadow Paladins,0,1,1,0.0
The Shadows Inmortal,2,9,11,18.2
The Shieldians,0,5,5,0.0
The Shiree,5,9,14,35.7
The Skull Bearers,15,39,54,27.8
The Slim Army,0,1,1,0.0
The Soaring Flames,0,5,5,0.0
The Sons of Chaos,1,1,2,50.0
The South Park,1,3,4,25.0
The Spider Warriors,1,0,1,100.0
The Spirit of the Earth,1,4,5,20.0
The StARG,0,1,1,0.0
The Stick Of True,1,7,8,12.5
The Stormlight,1,0,1,100.0
The Stryx,0,2,2,0.0
The Sun Bois,0,1,1,0.0
The TameRovers,0,1,1,0.0
The Tang Sect,5,15,20,25.0
The Tecno Cube TTC,0,2,2,0.0
The Triforce of the Sun,2,9,11,18.2
The Unseen Court,0,1,1,0.0
The Vermins,0,1,1,0.0
The Voices Of The End,4,9,13,30.8
The VoidClan,0,2,2,0.0
The Vrotherhood,1,3,4,25.0
The Wandering BlackSmiths,6,32,38,15.8
The War Makers,0,7,7,0.0
The Wealthy Citizens Of Albion,0,1,1,0.0
The White Bulls,1,1,2,50.0
The White Elks,0,1,1,0.0
The White Lotus Revived,1,14,15,6.7
The WildRovers,9,48,57,15.8
The Willing Few,0,1,1,0.0
The Wolf Pack ST,1,0,1,100.0
The arctic monkeys,0,4,4,0.0
The bloodthirstys,3,3,6,50.0
The corn gang,0,2,2,0.0
The destiny of drogas,4,16,20,20.0
The empire of monkeys,0,1,1,0.0
The kinghts of Light,3,6,9,33.3
The lat kin,1,3,4,25.0
The nikos,0,1,1,0.0
The vicious,6,10,16,37.5
The-After-Life,0,3,3,0.0
The-Kingdom-Terror,2,0,2,100.0
TheBallsClub,1,0,1,100.0
TheBlackCross,3,3,6,50.0
TheBrotherrs,5,8,13,38.5
TheBushyBank,5,4,9,55.6
TheChiefs,2,3,5,40.0
TheChillNation,0,1,1,0.0
TheDarck,2,8,10,20.0
TheDarkKnight,0,2,2,0.0
TheGeekEntry,0,4,4,0.0
TheHordeGM,1,2,3,33.3
TheJawa,0,1,1,0.0
TheJoNhsViKiNgS,5,24,29,17.2
TheKaiserreich,1,2,3,33.3
TheKaizenSwarm,0,1,1,0.0
TheLittlePigs,1,5,6,16.7
TheMadness,0,2,2,0.0
TheMonkey,0,2,2,0.0
TheMonument,2,24,26,7.7
ThePrensadoBoys,0,1,1,0.0
ThePrivateers,0,4,4,0.0
TheRebelution,0,1,1,0.0
TheSpartanSQUAD,93,86,179,52.0
TheTempest,0,1,1,0.0
TheTenSins,0,3,3,0.0
The_Adventurers_Guild,0,2,2,0.0
The_Clowns,0,3,3,0.0
The_Dark_Petes,1,6,7,14.3
The_Genei Ryodan,0,1,1,0.0
The_Necroland,0,1,1,0.0
The_Shadows_Hunter,0,1,1,0.0
The_WolfGang,1,8,9,11.1
ThedFortts,0,2,2,0.0
Theee,1,0,1,100.0
Therians,1,0,1,100.0
These Hands,0,1,1,0.0
ThetSOV,12,23,35,34.3
Thetforever,10,19,29,34.5
This-Promise,37,66,103,35.9
ThisIsTheLastTime,0,1,1,0.0
Those of The Olde,1,5,6,16.7
ThousandFists,5,11,16,31.2
Thraggs Chosen,1,7,8,12.5
Thranduils Halls,3,0,3,100.0
ThreeRivers,0,2,2,0.0
Throwing Chair,1,3,4,25.0
Thunderkittens,0,5,5,0.0
Thy Fellas,1,5,6,16.7
Tilines del Sur,0,1,1,0.0
Timbones,2,15,17,11.8
Time Is NOT Passing,5,11,16,31.2
Time Lords of Ava,6,10,16,37.5
Time Of Eternity,3,6,9,33.3
Time is Over,0,5,5,0.0
TiredDad,2,2,4,50.0
Titans of Eternity,4,3,7,57.1
Titas Da Guerra,0,12,12,0.0
Tlacoyos Asesinos,0,1,1,0.0
To hell With all State leaDers,0,4,4,0.0
ToRos-Negr0s,0,1,1,0.0
Toca do Albias,0,1,1,0.0
Todasmienten,2,3,5,40.0
Todos Por UM,0,1,1,0.0
ToeTouchers,0,1,1,0.0
Tokem 420,1,5,6,16.7
TokoVers,0,1,1,0.0
Tom ee Jerry,1,1,2,50.0
Toma Jack,3,3,6,50.0
TopG Hellgaters,0,7,7,0.0
TopTeamBrasil,1,0,1,100.0
ToppanLagann,0,3,3,0.0
Torta Pounders,4,1,5,80.0
Totalsilence,2,24,26,7.7
Touching Grass,6,6,12,50.0
Toxic Latina,1,1,2,50.0
Toxic Shock,29,42,71,40.8
Toxicity_Faction,3,10,13,23.1
Toy Soldier,16,52,68,23.5
Transcendentales,5,13,18,27.8
Trash Collectors,4,16,20,20.0
Tratante,0,2,2,0.0
TravelersUnion,40,45,85,47.1
Treasure Tales,199,302,501,39.7
Tres0sitos,1,0,1,100.0
Trevourss,0,2,2,0.0
Triade De Martlock,0,3,3,0.0
Tribe of Bnut,0,1,1,0.0
TribouIet,49,36,85,57.6
Tribunal de Bridgewatch,0,1,1,0.0
Tributos,10,32,42,23.8
Trichome Inc,0,1,1,0.0
Trick or Treating,1,3,4,25.0
Trimalditos Panty Cartel,0,5,5,0.0
Trindade do caos,1,1,2,50.0
Trippie Redd,5,28,33,15.2
Troll Karma,0,1,1,0.0
Tropa Auriverde,0,2,2,0.0
Tropa Da Manjo,0,2,2,0.0
Tropa da KaBUM,16,11,27,59.3
Tropa do Gelo,0,1,1,0.0
TropaDoLima,0,2,2,0.0
Tropas Especiais Ginyu,1,1,2,50.0
TroubleMak3r,1,1,2,50.0
Truco y Amargo,19,21,40,47.5
True Gentleman,173,214,387,44.7
True Legacy etern,0,1,1,0.0
TrueClap,0,1,1,0.0
Trupe dos Pika Fina,1,0,1,100.0
Tryhard Anti Ganker,1,0,1,100.0
Tu Tio Borracho,0,1,1,0.0
Tu Viejita,0,1,1,0.0
Tul0n3s,4,1,5,80.0
Tula Gang,8,24,32,25.0
Tumba de la Espada,0,3,3,0.0
Tunnel Snakes rule,1,1,2,50.0
Tupi-Guarani,1,0,1,100.0
Tupiguarani,0,1,1,0.0
Turkey Empire,0,2,2,0.0
Turma do P4UGOD,1,4,5,20.0
Turma du Bairro,21,14,35,60.0
Twilight Avengers,0,7,7,0.0
Twilight Knights,25,84,109,22.9
Twilight Vipers,0,3,3,0.0
TwoKiss,2,10,12,16.7
TyrannT,54,59,113,47.8
U Are My Profit,92,99,191,48.2
U D S,4,2,6,66.7
U L T A,6,19,25,24.0
U N C H A I N E D,0,6,6,0.0
U N F O R G I V E N,18,54,72,25.0
U N l T A S,0,1,1,0.0
U n l i m i t e d,0,2,2,0.0
U-S-E-L-E-S-S,16,41,57,28.1
UBOA,0,2,2,0.0
UCP,0,2,2,0.0
UGLY PRINCESSES,3,1,4,75.0
UGotRatted,0,1,1,0.0
ULFHEDNAR ER DODEN,0,4,4,0.0
ULTIMA DEFENSA,0,3,3,0.0
UM CLAP UM SONHO,1,4,5,20.0
UMBRELLA CORPORATIONN,3,1,4,75.0
UN NUEVO AMANECER,90,56,146,61.6
UNIAO_EXTREME,3,13,16,18.8
UNION DE LA HERMANDAD,0,1,1,0.0
UNITED ANTI-ARCH EMIRATES,0,1,1,0.0
UNO EN El GREMIO XD,0,1,1,0.0
UNOS,8,22,30,26.7
UPX,0,1,1,0.0
URD,2,5,7,28.6
URO,2,3,5,40.0
URZA,0,1,1,0.0
US Border Patrol,8,2,10,80.0
USIL,15,41,56,26.8
UUP,0,2,2,0.0
Ubi Concordia Ibi Victoria,0,1,1,0.0
Uditanshu,0,1,1,0.0
Uivo da Sombra,0,3,3,0.0
Ultimate Lords,0,6,6,0.0
Ultimo Reich,0,1,1,0.0
Ultimos Guardianes De Martlock,0,4,4,0.0
Ultra Low Definition,0,1,1,0.0
Umbra Coalition,1,1,2,50.0
Umbrelala,0,2,2,0.0
Un JuramentoCarmesi,0,1,1,0.0
Un Monton de Gordas,41,26,67,61.2
Un Tercio De Lokos,1,9,10,10.0
Un_HOLY,0,1,1,0.0
Unbound Legends,1,13,14,7.1
Uncles style,1,3,4,25.0
UndeadKnights,0,2,2,0.0
Undefeateble 1,0,1,1,0.0
Under level,4,13,17,23.5
Undisclosed,0,5,5,0.0
Unfortunate,9,14,23,39.1
Uniao partidaria de Loot,0,1,1,0.0
Unicorn-Fish,1,0,1,100.0
Unicornio Errante,2,2,4,50.0
Union Knight,1,0,1,100.0
Union Of Hawks,1,7,8,12.5
Union of Steel,0,1,1,0.0
Unison Squad,19,14,33,57.6
Unitas_Terrae_et_Solis,0,1,1,0.0
United Association,0,1,1,0.0
Unlucky Cats,5,4,9,55.6
Unown Trainers,0,1,1,0.0
Unowned,0,3,3,0.0
Unreachable,0,5,5,0.0
Untold Titans,0,1,1,0.0
Upholder,5,8,13,38.5
Upsida,65,58,123,52.8
Upside,461,314,775,59.5
UrbanChaos,0,1,1,0.0
Urine Scat Diarrhea,2,0,2,100.0
Urium,0,1,1,0.0
UwU_No,0,1,1,0.0
UwUknights,3,7,10,30.0
V 0 1 D,4,1,5,80.0
V 0 l D,0,1,1,0.0
V E 1 N Z,1,3,4,25.0
V I A J E R O S,2,2,4,50.0
V I L T R U M,2,7,9,22.2
V I R A L,1,1,2,50.0
V I S A G E M,4,19,23,17.4
V I S I O N A R Y,0,4,4,0.0
V I T T O R Y,12,20,32,37.5
V O L U N D R,2,0,2,100.0
V O R A C I T Y,0,2,2,0.0
V O R A G E M,0,2,2,0.0
V O R A Z,3,2,5,60.0
V de Volante,13,44,57,22.8
V-VENDETA,3,6,9,33.3
V0RAZ,6,31,37,16.2
V1ctory or Death,14,22,36,38.9
V4TOS LOCOS,85,78,163,52.1
VAGANTES DE BRIDGEWATCH,1,9,10,10.0
VALAR HARKONNEN,0,4,4,0.0
VALHALLA BLOOD,3,25,28,10.7
VALHALLA ROADS,0,3,3,0.0
VALHALLA Rise,1,0,1,100.0
VALKARION,0,6,6,0.0
VARA,0,1,1,0.0
VASH ESTAMPIDA,19,36,55,34.5
VATICANUM,24,44,68,35.3
VENENO BLACK,12,54,66,18.2
VENENO T8,63,129,192,32.8
VENEZUELA-OLD-SCHOOL,0,2,2,0.0
VICTORY GAME,0,1,1,0.0
VIDA CAR4,3,2,5,60.0
VIGILANTES DEL TEJADO,10,23,33,30.3
VILLARECURSO,1,0,1,100.0
VIOLENT SOULS,1,5,6,16.7
VITERIUM,15,50,65,23.1
VIVA O HOMEOFFICE,0,1,1,0.0
VIXEN PDF,4,1,5,80.0
VIZSLA CLAN,0,3,3,0.0
VK Army,77,117,194,39.7
VN - Long Tranh Ho Dau,8,8,16,50.0
VOIHD,45,55,100,45.0
VOX BELLUM,8,26,34,23.5
VRAAAU,3,14,17,17.6
VVolfepack,0,1,1,0.0
Vaelor,3,11,14,21.4
Vagante,0,1,1,0.0
Valhalla Kingdom,79,113,192,41.1
Valhalla Weapon,0,3,3,0.0
ValhallaCalling,0,3,3,0.0
Valkyrias GL,3,9,12,25.0
Valle de sangre,1,0,1,100.0
Vallhala Calling Me,7,7,14,50.0
Valtheos,19,34,53,35.8
Vandao,1,4,5,20.0
Vanguard Killers,13,30,43,30.2
Vanguard Of The Lion,0,1,1,0.0
Vanguarda Baiana,2,14,16,12.5
Vanilla Legion,21,92,113,18.6
Vanilla Legion II,5,22,27,18.5
Varanda do Zullu,12,10,22,54.5
Veel Glorie,9,31,40,22.5
VeelA,1,1,2,50.0
Veil of Ash Collectors,2,13,15,13.3
Veil of the Mist,0,1,1,0.0
Velaris Eternal,0,1,1,0.0
Velho Covil,2,12,14,14.3
Velo Carmesi,3,16,19,15.8
Velo Rojo,63,87,150,42.0
Velvett,87,69,156,55.8
Vendicatori,2,2,4,50.0
VenenoT6,0,2,2,0.0
Veni Vici,63,1,64,98.4
Verguizas Kbronaz,0,11,11,0.0
VeryDificul,10,24,34,29.4
ViGAME,7,13,20,35.0
Via Nocturna,51,36,87,58.6
Viajeros del Eden,0,1,1,0.0
ViciosuS,0,1,1,0.0
Victims of the Humble,1,3,4,25.0
Victorays,1,5,6,16.7
Victory or Valhalla - NA,197,144,341,57.8
Vida Nueva,0,1,1,0.0
Vide Valinhos,1,0,1,100.0
Vienna Waits,0,1,1,0.0
Vigilantes da Noite,0,1,1,0.0
Viltrum I,1,9,10,10.0
Viola_burras,0,2,2,0.0
Violent Nature,1,0,1,100.0
VirTus_AvAloN,2,3,5,40.0
Virados,1,0,1,100.0
VirgenWatch,1,0,1,100.0
Viride,12,19,31,38.7
Vitans,0,1,1,0.0
Viudas Negras Fx,0,1,1,0.0
Viva Petro,0,1,1,0.0
Vivarium,0,1,1,0.0
VlNLAND,52,41,93,55.9
Vlka-Fenryka,0,8,8,0.0
VoggnarHQ,0,2,2,0.0
Void Army,0,1,1,0.0
Void Dreamers,4,13,17,23.5
Void Trackers,0,1,1,0.0
Void of Vahalla,5,41,46,10.9
VoidMercy,0,3,3,0.0
Volans,0,5,5,0.0
Volkzsturm,83,90,173,48.0
Volta Pro Mago,1,5,6,16.7
Voltage Reborn,0,1,1,0.0
Voltios,0,12,12,0.0
Von supremo,78,91,169,46.2
Vortex Vanguard,1,2,3,33.3
Vorxael,2,13,15,13.3
Vou ficar rico1,0,5,5,0.0
Vulkanor,1,3,4,25.0
Vulture Tyranny,41,34,75,54.7
Vyserion,6,12,18,33.3
W - M I S T T,6,23,29,20.7
W A I T I N G,57,62,119,47.9
W A R H E A D,16,33,49,32.7
W I T C H E R S,1,1,2,50.0
W R E C K E D,2,3,5,40.0
W-99,1,1,2,50.0
W-O-L-F-G-A-N-G,0,2,2,0.0
W1peOut,1,2,3,33.3
WAN7ED,1,0,1,100.0
WARRIOR ANGELS,0,1,1,0.0
WARRIORS OF CHRIST,0,2,2,0.0
WARS0NG CLAN,2,3,5,40.0
WARTIDE,9,24,33,27.3
WATUSSI,0,1,1,0.0
WB POLlCE,1,2,3,33.3
WE COOKED,2,14,16,12.5
WE_H4TE_JUICES,0,1,1,0.0
WHINTERFELL,0,2,2,0.0
WHITE PARTY,3,4,7,42.9
WHITE-MOON,0,19,19,0.0
WINNERS WNS,1,0,1,100.0
WIPEZONE,5,27,32,15.6
WIPE_OUT,0,2,2,0.0
WITH THE LEGENDS,0,5,5,0.0
WIZARD LIZARD ORDER,2,2,4,50.0
WORLD CAFE,3,9,12,25.0
WORLD WALKERS,0,2,2,0.0
WU TANG LAND,9,17,26,34.6
WUSUOWEI,0,1,1,0.0
W_o_l_f,0,1,1,0.0
Wabi_ Sabi,0,1,1,0.0
Wachines Dont Cry,0,1,1,0.0
Wall of Thetford,1,10,11,9.1
Wand And Sword,0,1,1,0.0
Wandering-Souls,49,57,106,46.2
Wanted PKS,189,126,315,60.0
War ANT,1,7,8,12.5
War Horses,2,9,11,18.2
War Mach1ne,0,1,1,0.0
War Ponies,3,10,13,23.1
War of terror,4,8,12,33.3
WarBorne,4,13,17,23.5
WarChaosBR,0,1,1,0.0
War_Pig,22,39,61,36.1
Warborn Nomads,0,1,1,0.0
Warfy,0,1,1,0.0
Warlod366,0,4,4,0.0
Warlord Syndicate,49,50,99,49.5
Warthog,1,8,9,11.1
Wasabi Gang,3,3,6,50.0
WasauskiLand,0,1,1,0.0
Wasteland Core of Engineers,1,13,14,7.1
Watch ur Six,21,2,23,91.3
WatchForcex,1,1,2,50.0
We 0wn All,0,2,2,0.0
We Are Yakuza,20,50,70,28.6
We Never Parish,0,5,5,0.0
We Only Brought Three,1,16,17,5.9
We Profit,212,132,344,61.6
We Trade,19,13,32,59.4
Weird Planet,0,1,1,0.0
Weke Neke,0,1,1,0.0
Welcome to Chernobyl,0,1,1,0.0
Wendigoons,0,20,20,0.0
Western Legion,0,3,3,0.0
Whit3 Walk3rs,0,6,6,0.0
White Dead II,0,2,2,0.0
White Hell,2,1,3,66.7
White Lodge,4,1,5,80.0
White St0nes,3,9,12,25.0
White Tiger Syndicate,0,1,1,0.0
White Wolvez,0,1,1,0.0
WhiteLotus,23,35,58,39.7
WhiteSnakes,4,6,10,40.0
White_Crows,1,0,1,100.0
Who02,0,1,1,0.0
WildCards,8,7,15,53.3
Winland saga,0,1,1,0.0
Winter Crows,4,38,42,9.5
Winter Direwolves,8,20,28,28.6
Winter Hawksz,0,1,1,0.0
Winter Nomads,0,1,1,0.0
Winter-Rain,0,2,2,0.0
WinterLat,14,35,49,28.6
Winterstrux,0,5,5,0.0
Witch Hunt,0,2,2,0.0
Witchers of the White Wolf,1,3,4,25.0
Witless Mercenaries Tavern,1,7,8,12.5
WlafXiraq,0,1,1,0.0
Wlnx,0,1,1,0.0
WolF Trading,0,2,2,0.0
Wolf Family,1,1,2,50.0
Wolf Pack - Albion,0,3,3,0.0
WolfMafia,0,4,4,0.0
WolfOfSterling,0,1,1,0.0
Wolfs Domain,0,1,1,0.0
Wolves of the Void,0,1,1,0.0
WolvesPak,0,1,1,0.0
Wongy Craft LTDA,0,1,1,0.0
Woodcutting Guild,0,1,1,0.0
Working Man,0,1,1,0.0
Wrecking-Crew,205,83,288,71.2
Wrong Target,0,3,3,0.0
Wulfgarde,0,1,1,0.0
Wut Duz That Mean,0,3,3,0.0
X Awakening X,1,2,3,33.3
X EL REINO AVALON X,11,17,28,39.3
X EL ULTIMO REINO X,148,247,395,37.5
X FORCE DEADXPOOL1,0,1,1,0.0
X LA HABANA X,1,22,23,4.3
X La-Ultima-Orden X,0,6,6,0.0
X NIGHT LORDS X,6,7,13,46.2
X NOVA IMPERIUM X,10,4,14,71.4
X Y R I S,20,62,82,24.4
X los pochoclos,0,1,1,0.0
X- Shadow Garden -X,0,2,2,0.0
X-Mac,0,1,1,0.0
X-Noxius-X,5,8,13,38.5
X-PANZE,24,31,55,43.6
X-PvP,0,1,1,0.0
XANGELESXSANGRIENTOSX,3,7,10,30.0
XAXATEAM,2,3,5,40.0
XAlpha HuntersX,3,4,7,42.9
XBOX GOATS,1,3,4,25.0
XBOYZX,0,1,1,0.0
XEPT,0,1,1,0.0
XEQUE-MATTE,17,39,56,30.4
XINKALI,0,7,7,0.0
XImperiaisX,0,2,2,0.0
XKILLUMINATI,0,1,1,0.0
XKXK,18,20,38,47.4
XLunaticosX,0,1,1,0.0
XMxAxYxHxExMx,1,11,12,8.3
XNUMENORX,2,3,5,40.0
XNoMercy,33,50,83,39.8
XPENTAGONOX,0,4,4,0.0
XX-PRO,0,1,1,0.0
XXGallosFinosXX,0,12,12,0.0
XXX3XXX,1,1,2,50.0
X_Dreams Walkers_X,0,1,1,0.0
XafaHousers,0,2,2,0.0
Xblood legends,3,15,18,16.7
Xforce_one,1,7,8,12.5
XlVALVA,3,13,16,18.8
Xsuicide squad,0,1,1,0.0
XvoTeam,1,5,6,16.7
Xx El Oasis xX,1,15,16,6.2
Xx SPQR xX,0,1,1,0.0
Xx The Last Kingdom xX,1,1,2,50.0
Xx The Loney xX,2,16,18,11.1
XxBallestasxX,2,10,12,16.7
XxDeath-NotexX,1,1,2,50.0
XxImperio Del FenixX,0,1,1,0.0
XxLiberlionxX,2,0,2,100.0
XxPacivoxX,0,1,1,0.0
XxWakandaxX,4,18,22,18.2
Xxkatsuo-latinosxX,0,8,8,0.0
XxvalorsxX,0,2,2,0.0
Xyra,1,3,4,25.0
Y A K A U Z A,47,34,81,58.0
Y A K U L T,0,1,1,0.0
Y I K O S,0,2,2,0.0
Y O P A L,6,5,11,54.5
Y O R U,2,3,5,40.0
Y U U S H A,1,4,5,20.0
YA APRENDI MI LECCION,0,3,3,0.0
YAKUZA_G,5,5,10,50.0
YES WERE STREAMING,2,4,6,33.3
YGGDRASIL_BR,0,1,1,0.0
YOU ARE LOOT,143,147,290,49.3
YOUNG - PLAYER,1,3,4,25.0
YOU_ARE_DEAD,388,338,726,53.4
YOWAIMO,1,2,3,33.3
YSLINGOLD,4,4,8,50.0
YUNc,4,7,11,36.4
Yacatecuhli,0,2,2,0.0
Yakuzas,2,1,3,66.7
Yamazaki Clan,0,3,3,0.0
YanaSupay,3,7,10,30.0
Yancha,0,1,1,0.0
Yawar Huayra,0,1,1,0.0
YeetDynasty,0,4,4,0.0
Yeguos,0,1,1,0.0
Yellow Stone,0,2,2,0.0
Yerlwind,0,1,1,0.0
Yesiammadlol,0,1,1,0.0
Yggdrassils Order,0,1,1,0.0
YingYangTCC,3,18,21,14.3
Yo Mom Dyntka,0,4,4,0.0
Yotaze 06,0,5,5,0.0
You Okay,2,10,12,16.7
YouAreNext,3,1,4,75.0
Your Fathers,6,1,7,85.7
Your Iast Breath,18,23,41,43.9
Your_Bunny_Wrote,0,3,3,0.0
Youtube JencyV,0,1,1,0.0
YronSide,18,73,91,19.8
YuReM,0,3,3,0.0
Yuezhi,0,1,1,0.0
YzFacAct,0,3,3,0.0
Z 3 R 0,1,0,1,100.0
Z E N T H,82,87,169,48.5
Z0R,0,1,1,0.0
ZATORI,1,4,5,20.0
ZELADORES,0,4,4,0.0
ZELS,0,2,2,0.0
ZENITH SOLIS,0,9,9,0.0
ZLC,0,1,1,0.0
ZONA SURR,0,1,1,0.0
ZURU ARMY,0,1,1,0.0
ZZZ Y ASOCIADOS,2,26,28,7.1
ZZaguilarZZ,1,3,4,25.0
Z_WARRIORS,23,8,31,74.2
Zaba,0,1,1,0.0
Zaldrizes Huli,1,2,3,33.3
Zand00-1,0,1,1,0.0
Zeilitch Es Cabro,0,1,1,0.0
Zeitgeist Collaborative,0,1,1,0.0
Zensivity,2,3,5,40.0
Zerg Incoming,0,4,4,0.0
Zero Farm,0,1,1,0.0
Zero Kill,0,1,1,0.0
Zero Profit,0,1,1,0.0
Zero X,8,5,13,61.5
Zero-Time,17,16,33,51.5
ZeroPala,1,0,1,100.0
ZeroTesto,0,3,3,0.0
Zgykus,0,2,2,0.0
Zha-think,0,1,1,0.0
ZimZomZoom,0,3,3,0.0
Zipple,0,1,1,0.0
ZoEiRa Br,4,8,12,33.3
ZoLdycK Asassins,0,1,1,0.0
Zoeira Fiel,1,1,2,50.0
Zoltrak,17,51,68,25.0
Zone Raiders,0,1,1,0.0
Zone X,1,3,4,25.0
Zoraka,0,1,1,0.0
Zukaritas,0,3,3,0.0
Zysas,0,6,6,0.0
ZzShadowMasterzZ,0,1,1,0.0
ZzthM,0,1,1,0.0
a AKATSUKI a,0,1,1,0.0
a Lo Humilde Pa,0,1,1,0.0
aFrima,0,1,1,0.0
about blank,5,4,9,55.6
abyss crew,0,1,1,0.0
agarra la pala,0,2,2,0.0
agias,0,1,1,0.0
aleloscaza2,0,1,1,0.0
almalki,0,1,1,0.0
aloneenlalone,1,7,8,12.5
alta lija family,0,2,2,0.0
alturri,0,3,3,0.0
amoral,2,6,8,25.0
amparrrs,0,1,1,0.0
anashee,10,11,21,47.6
anti herois,0,1,1,0.0
anticommotion,4,1,5,80.0
aquirul,0,2,2,0.0
arendatariopusch2Z,0,1,1,0.0
art of sword,1,3,4,25.0
astrozzs,2,7,9,22.2
avalon proyect,0,1,1,0.0
avas,2,6,8,25.0
aventureiros de lym,0,16,16,0.0
baby_yoda,3,2,5,60.0
barbarian kingdom,0,1,1,0.0
beginners guild12,2,7,9,22.2
bhjokerynacho,0,5,5,0.0
bifrc,0,1,1,0.0
blackternity2,0,1,1,0.0
bloodletter 1v9,4,2,6,66.7
boars head tavern,9,23,32,28.1
bufonesXD,0,1,1,0.0
caballeros del rey demonio,0,10,10,0.0
caballeros hoscuros,0,1,1,0.0
caballeros oscuros II,3,2,5,60.0
cancion de los caidos,0,5,5,0.0
capasnegras,0,2,2,0.0
cavalheiros,0,1,1,0.0
cawaconsarsa,0,1,1,0.0
cazadores de leyendas,7,3,10,70.0
cefiro,3,1,4,75.0
cerobrujas,0,4,4,0.0
chepakillers,5,18,23,21.7
chobiland,0,3,3,0.0
chololand,0,5,5,0.0
chupala 1,0,2,2,0.0
circulo infernal,1,11,12,8.3
cl4n uchiha,1,0,1,100.0
clan del viento,4,5,9,44.4
club space,0,3,3,0.0
clubONLY,3,8,11,27.3
cobra throw,1,3,4,25.0
collotes,0,2,2,0.0
conquerante,0,2,2,0.0
craft_Harukka,1,0,1,100.0
criko,0,1,1,0.0
crisbelys,0,1,1,0.0
crisbrawn,0,1,1,0.0
dacrafting,1,2,3,33.3
danicarita,5,18,23,21.7
darkarea33,0,1,1,0.0
demon piggs,0,2,2,0.0
dentes_de_sabre,0,4,4,0.0
desavence,179,93,272,65.8
dicipulos de la luz,1,1,2,50.0
dio1,0,5,5,0.0
disipulos de merlin,0,5,5,0.0
division bell,0,1,1,0.0
domion ge an gruu,1,0,1,100.0
doomday,2,16,18,11.1
drk666,0,1,1,0.0
dromadus,1,1,2,50.0
efgsega,1,0,1,100.0
el clan sin miedo,0,1,1,0.0
el negro y el blanco,0,1,1,0.0
el_ejercito_de_un_solo_hombre,0,1,1,0.0
elgorila,7,4,11,63.6
en busca de oro,0,3,3,0.0
escuadron salchicha,52,27,79,65.8
espada cruzadas,0,1,1,0.0
f-BarZini,4,11,15,26.7
fama y oro,0,4,4,0.0
farmador de aurea,0,1,1,0.0
farmeadores de leche,1,8,9,11.1
farmear,0,1,1,0.0
fear and blod,0,20,20,0.0
fearless dickey,0,1,1,0.0
femboys perukistanos,0,4,4,0.0
filipenses 4-13,0,1,1,0.0
forever33,1,1,2,50.0
forjadoresdeolimpo,0,1,1,0.0
formacao de ataque442,0,1,1,0.0
fortis bellator,0,4,4,0.0
fortune brothers,0,5,5,0.0
frentic of valor,7,12,19,36.8
fweh,0,2,2,0.0
gathering friends,0,1,1,0.0
gensokyo club,4,7,11,36.4
getroid,1,2,3,33.3
glacial demons,0,1,1,0.0
gloomy smile,2,1,3,66.7
gorylovers,0,4,4,0.0
gramoxone,1,5,6,16.7
gremiocrafter,0,1,1,0.0
harry potter sem harry potter,1,0,1,100.0
headbutt,0,4,4,0.0
hermano de sangr,0,1,1,0.0
heroes of edge,1,1,2,50.0
hijos de ogrimar,0,1,1,0.0
honor kinghts,4,19,23,17.4
horizon eldiano,0,2,2,0.0
hormigas quimeras,1,9,10,10.0
i The Line i,0,1,1,0.0
i are my profit,0,1,1,0.0
i have emus- Badoodle Squad YT,0,1,1,0.0
iBurn,73,98,171,42.7
iCore,12,39,51,23.5
iFIAME,0,1,1,0.0
iFLAME,21,38,59,35.6
iNimigosDaSkill,0,1,1,0.0
iVamo a Juga,1,1,2,50.0
iXxxXxxXi,25,26,51,49.0
iffures,1,0,1,100.0
imperio de la orden sostenible,0,7,7,0.0
independencia ou morte BRASIL,0,1,1,0.0
infierno oscuro,0,1,1,0.0
inmortales_xxx,1,2,3,33.3
iron pressure,0,1,1,0.0
isla jhon,0,1,1,0.0
istori,0,1,1,0.0
it Was A Good Day,2,2,4,50.0
jabali del caos,0,23,23,0.0
jala ganzo,0,1,1,0.0
jcb 2,1,0,1,100.0
joy time,2,6,8,25.0
juilinege777,0,1,1,0.0
junior199834,0,1,1,0.0
kAMIKAZES 13,0,1,1,0.0
kako21,1,0,1,100.0
kelRomas,0,1,1,0.0
kennedy sur,0,1,1,0.0
killer dragon,1,9,10,10.0
kingdom of sword,0,1,1,0.0
kommunisticheskiye kotyata,2,2,4,50.0
krayse,0,1,1,0.0
l AsgarD l,24,51,75,32.0
l E-V-O-L-U-T-I-O-N l,2,7,9,22.2
l HAVOC l,2,2,4,50.0
l SKYPIEA l,15,16,31,48.4
l-Night,0,1,1,0.0
lB E R S E R K,63,80,143,44.1
lNVICTUM,32,36,68,47.1
lSWl,0,1,1,0.0
lSinPiedadl,21,19,40,52.5
la casa belmont,0,1,1,0.0
la recluta,1,6,7,14.3
la_oscuridad_primero,0,2,2,0.0
lantares l,0,2,2,0.0
lanza de acero,0,15,15,0.0
las bolas del dragon,1,0,1,100.0
las catacumbas_100,0,8,8,0.0
las gatas salvajes de lorenzo,1,2,3,33.3
las lauchas,2,0,2,100.0
laspapitas,0,1,1,0.0
latenite,2,13,15,13.3
lazydaze,0,1,1,0.0
le trio,0,1,1,0.0
legends of egypt,0,1,1,0.0
legion indomable,0,1,1,0.0
lekixxx,1,6,7,14.3
lemiserables,5,0,5,100.0
lenias,0,1,1,0.0
leones letales,0,6,6,0.0
les dur a cuir,0,1,1,0.0
les fr valoir,16,52,68,23.5
light chaser,1,6,7,14.3
limon2,0,1,1,0.0
ll ASHBORN ll,0,5,5,0.0
ll Forjadores Del Destino ll,15,11,26,57.7
ll Shadow Killers ll,72,84,156,46.2
ll Vanguard Of Blood ll,1,0,1,100.0
llMXMll,0,2,2,0.0
lll Sed de Sangre lll,0,1,1,0.0
loacesino,0,7,7,0.0
lobo_tigre de tierra,1,0,1,100.0
lobos landrones,0,2,2,0.0
locos12,0,1,1,0.0
lorn,0,1,1,0.0
los 4K5,1,1,2,50.0
los CHTM,57,30,87,65.5
los Elias,1,3,4,25.0
los arcanos asendidos,0,1,1,0.0
los arcanos de la noche eterna,10,52,62,16.1
los aspirates de los mejores,3,9,12,25.0
los bandidos de albion ARG,0,3,3,0.0
los cazadores de la niebla,6,15,21,28.6
los chauchis 2_7,0,4,4,0.0
los corriptos,0,2,2,0.0
los cuervos negros,13,17,30,43.3
los disbandeados,1,12,13,7.7
los inconprendibles,2,2,4,50.0
los juanchos 2,2,3,5,40.0
los lecheros supremos,0,1,1,0.0
los m8,1,0,1,100.0
los macacos,0,2,2,0.0
los matones,0,1,1,0.0
los mozos de su madre,0,2,2,0.0
los piratas de zona negra,1,2,3,33.3
los rompe corazones 1990,21,77,98,21.4
los titanes,2,6,8,25.0
los toribios,0,1,1,0.0
los_managers,2,2,4,50.0
losers guild,0,1,1,0.0
lospapurispoter,0,1,1,0.0
lospibesdelafabela,0,2,2,0.0
losplebeyos,10,8,18,55.6
luna de sangrienta,1,0,1,100.0
macacos con hachas,0,3,3,0.0
made in CV,2,0,2,100.0
mafiodas,0,1,1,0.0
makeroronoa house,1,0,1,100.0
malcolm HCE,3,1,4,75.0
mankos_5005xki,0,3,3,0.0
martlockFac,0,2,2,0.0
mata petes2611,0,9,9,0.0
maveco,0,1,1,0.0
mayan,1,9,10,10.0
memepaws,22,39,61,36.1
mi gremio DANIALEISA,1,9,10,10.0
miaw2511,0,2,2,0.0
minoris pretii,111,52,163,68.1
mipi entusna,0,1,1,0.0
missasinfonia,1,2,3,33.3
mochiibun,0,1,1,0.0
monarca inmortal,1,0,1,100.0
n e m e s i s,10,15,25,40.0
nacion sagrada,0,9,9,0.0
naitkinhu,0,1,1,0.0
neverr broke again,2,5,7,28.6
next page,1,1,2,50.0
nightwatchers,0,2,2,0.0
no scouts allowed,0,1,1,0.0
o 8,0,8,8,0.0
oINMORTALo,0,1,1,0.0
objin,0,1,1,0.0
ocho pecados,0,1,1,0.0
of crazy,0,3,3,0.0
oiham,2,2,4,50.0
old school rap,0,9,9,0.0
olvidados del vacio 999,0,1,1,0.0
orden del gato negro,0,2,2,0.0
ordotoxo,0,1,1,0.0
os alfaiates,8,21,29,27.6
os cavernudos,0,2,2,0.0
os lobos solitarios,0,1,1,0.0
osoblanco,0,2,2,0.0
osos krikosos,2,2,4,50.0
our club,1,0,1,100.0
paco gerte,0,1,1,0.0
pacto de la luna carmesi,3,5,8,37.5
pan con mortadelas,4,16,20,20.0
pasadilla del poder borracho,0,4,4,0.0
pezcuezon12,0,1,1,0.0
pezponyatiya,0,1,1,0.0
phantom eart,0,10,10,0.0
philodox alfa,0,1,1,0.0
pigs bad luck,5,10,15,33.3
pigu,0,2,2,0.0
piratas_del_mundo,0,1,1,0.0
platinum green,0,1,1,0.0
play free,0,1,1,0.0
pocho power,7,31,38,18.4
pooper scoopers,1,0,1,100.0
postmorten,1,6,7,14.3
premiunm,0,1,1,0.0
primatic prime,1,0,1,100.0
primitive divers,5,3,8,62.5
proverbios17,0,1,1,0.0
proyecto farmer,0,3,3,0.0
ptools,0,1,1,0.0
radoan king Palstine 11,0,2,2,0.0
rap10 10,0,1,1,0.0
rapaziada_BRIDGEWATCH,1,0,1,100.0
ratatullys,0,12,12,0.0
rathuh,0,1,1,0.0
rei moises,0,1,1,0.0
renegados del infiero,0,2,2,0.0
republica dominicana 01,5,1,6,83.3
resiliencia_latinoamericana,13,28,41,31.7
resurreccion de cazadores,1,0,1,100.0
rgcompany,0,3,3,0.0
rockys,0,4,4,0.0
sMoke Clan,1,3,4,25.0
sOuL GripperS,1,2,3,33.3
sQCF - BRASIL,4,16,20,20.0
sagre fria,0,1,1,0.0
saleacucar,0,1,1,0.0
salon del aburriminto01,1,2,3,33.3
sangre de acero,0,1,1,0.0
santuarioPVE,0,4,4,0.0
saul01,0,1,1,0.0
scaling,1,0,1,100.0
screwed and dishonored,0,1,1,0.0
secret heaven,0,1,1,0.0
secta monte hua,0,1,1,0.0
seo yoon,0,7,7,0.0
shadalu,2,1,3,66.7
shadow f1ends,58,81,139,41.7
shadow place,0,2,2,0.0
shadow__warriors,1,2,3,33.3
sharmutas company,4,8,12,33.3
shellWhale,7,13,20,35.0
shitlock,1,2,3,33.3
simbioxys,0,1,1,0.0
sin fronterasxd,0,4,4,0.0
sin tiempo,0,1,1,0.0
sin-miedo,12,32,44,27.3
sindicato de pochos,4,10,14,28.6
skulll hunters,2,2,4,50.0
smallest,0,1,1,0.0
sofyan333,0,3,3,0.0
soleil legend Free,2,7,9,22.2
solo Badon Mist,4,3,7,57.1
somos neas,1,0,1,100.0
sonari dragons,0,1,1,0.0
souls fire,1,22,23,4.3
st4rk5,0,2,2,0.0
suicide hero squad,1,0,1,100.0
sumos,1,0,1,100.0
sunny-day,1,0,1,100.0
t q leo,0,1,1,0.0
tab buyerz,1,0,1,100.0
taberna-del-dragon,0,1,1,0.0
taverna dos desempregados,0,1,1,0.0
team vc,1,0,1,100.0
terror of dreams,4,15,19,21.1
the Demons coolds,0,1,1,0.0
the Farmer Vnzl,0,1,1,0.0
the Guardians of the third,1,5,6,16.7
the apex iron legacy,0,3,3,0.0
the archielite,0,1,1,0.0
the black killer,14,36,50,28.0
the eminence off shadows,3,17,20,15.0
the guardians of wars,25,17,42,59.5
the jabatos,1,13,14,7.1
the king alianza,0,1,1,0.0
the knights of the abyss,1,2,3,33.3
the legion of dragons night,4,5,9,44.4
thefairytail,1,0,1,100.0
thetfordleo3,0,1,1,0.0
theweedm4n,1,0,1,100.0
tigres Brancos,8,13,21,38.1
tlm2,3,0,3,100.0
topos farm,0,1,1,0.0
touros negro,15,25,40,37.5
trabajadores11,1,0,1,100.0
tralaleroskys,0,1,1,0.0
tropa do gaguinho,0,1,1,0.0
turromantiko suip,8,10,18,44.4
ultrakil,0,1,1,0.0
umbra stalkers,0,1,1,0.0
un clans mas ok,3,3,6,50.0
un eclipse,0,2,2,0.0
uniao dos buxa,0,1,1,0.0
utopa,2,1,3,66.7
vVORTEXx,0,1,1,0.0
vagabun,1,5,6,16.7
valestt,0,1,1,0.0
venekogroup,3,24,27,11.1
violente,1,5,6,16.7
viva la libertad carajo arg,10,4,14,71.4
vivax,2,0,2,100.0
warriors in black and white,0,2,2,0.0
wheres the loot,6,17,23,26.1
wings of the void,1,10,11,9.1
wit of niks,0,2,2,0.0
working depthss,0,1,1,0.0
x GOR x,2,6,8,25.0
x Guardioes de Lym x,0,3,3,0.0
x HOOLIGANS x,1,6,7,14.3
x K R A K E N x,1,4,5,20.0
x Militia x,12,51,63,19.0
x P I R A T A S x,0,1,1,0.0
x Pacto Da Ruina x,2,4,6,33.3
x TELET0N x,0,1,1,0.0
x X INMORTALES X x,0,9,9,0.0
x-UBUNTU-x,0,19,19,0.0
x21GSx,0,10,10,0.0
xBLASFEMIAx,2,10,12,16.7
xChile,4,7,11,36.4
xDESERTORESx,0,1,1,0.0
xEvilx,0,3,3,0.0
xFATAL FURYx,17,17,34,50.0
xGuardianes del abismo,3,7,10,30.0
xHIDDENx,0,1,1,0.0
xKattegatx,0,1,1,0.0
xLegionariosx,6,2,8,75.0
xNova ImperiuMx,88,42,130,67.7
xTpF x,0,1,1,0.0
xVENOMx,6,11,17,35.3
xX Cruz Templaria Xx,8,34,42,19.0
xX Heralds of Ironheart Xx,7,8,15,46.7
xX Imperio de las Sombras Xx,1,1,2,50.0
xX Los Tiranos Xx,9,11,20,45.0
xX Maquina Del Mal Xx,13,24,37,35.1
xX Mystic Xx,1,1,2,50.0
xX The Jokers Xx,136,143,279,48.7
xXBad IdeaXx,79,48,127,62.2
xXDarkShadowsXx,0,3,3,0.0
xXLegionesxxdexxleonesXx,0,4,4,0.0
xXRebelion X MalXx,1,5,6,16.7
xXignotoXx,0,1,1,0.0
xXolympoXx,0,2,2,0.0
xXx DEAD SILENCE xXx,0,1,1,0.0
x_LEGION_x,0,2,2,0.0
xbox y pc,0,1,1,0.0
xeShop,8,2,10,80.0
xxxARMY OF STONExxx,1,6,7,14.3
xxxBraveHeartxxx,6,6,12,50.0
xxxSTRANIKIxxx,0,1,1,0.0
xxxxKINGxxxx,0,7,7,0.0
yaracal,0,1,1,0.0
yemaya y elegua,0,3,3,0.0
yo solo,0,1,1,0.0
youglas,0,2,2,0.0
yutiAlberto,1,0,1,100.0
z123456,0,3,3,0.0
zGameZ,26,40,66,39.4
zNecromantes,3,23,26,11.5
zona_55,0,11,11,0.0
zxvx,2,6,8,25.0
zzz333,0,1,1,0.0
