Guild,win,loss,Total,Winrate (%)
-,1351,3022,4373,30.9
0-Downs,2,3,5,40.0
0-L-Y-M-P-U-S,6,21,27,22.2
00ZMA KAPPA,0,1,1,0.0
0NU,0,1,1,0.0
0UTNUMB3R,3,11,14,21.4
0peraciones especiales,7,17,24,29.2
0rder 66,10,31,41,24.4
0s Guardioes,15,59,74,20.3
0s Guardioes 2,1,8,9,11.1
0sS3mfutur0BR,0,2,2,0.0
0wls,4,1,5,80.0
1 PR1ME 1,0,1,1,0.0
1-Culto De La Luna Eclipsada-1,5,7,12,41.7
103CHORIZOS,0,1,1,0.0
16:00,1,2,3,33.3
17:00,1,1,2,50.0
1967 Cembasss,0,1,1,0.0
1AVANGARD,11,15,26,42.3
1AZEROTH1,28,13,41,68.3
1El Continental,1,5,6,16.7
1Exclusive1,2,0,2,100.0
1MARAUDERS1,3,3,6,50.0
1NFIN1TY,20,9,29,69.0
1POCOYO1,0,1,1,0.0
1_M_1,0,1,1,0.0
1_OX GANG_1,0,1,1,0.0
20Pegar,2,14,16,12.5
21 FPS,0,1,1,0.0
214 Division,1,0,1,100.0
24 - 7,90,123,213,42.3
24pm,0,1,1,0.0
2AinsOoalGowN,0,1,1,0.0
2CARIOCADEMOTO,0,1,1,0.0
2v8EZPZ,0,3,3,0.0
3 THE_LIONS,0,3,3,0.0
300Esparta,0,1,1,0.0
300m,85,72,157,54.1
444 o,0,2,2,0.0
44s,3,3,6,50.0
4Ever_COLETORES_BR,1,0,1,100.0
4FUN IN BLACK,0,1,1,0.0
4K TEAM ELITE,7,24,31,22.6
4K TEAM ELITE IV,0,2,2,0.0
4LMA PERDIDA,0,7,7,0.0
4PSJOSE G,1,1,2,50.0
4YouBack,1,0,1,100.0
505 Nicas,0,1,1,0.0
5ymphony Of The Night,6,16,22,27.3
6-TRINIBAD-6,1,19,20,5.0
6320,0,1,1,0.0
7 Dayz,2,6,8,25.0
7 Segundos,1,0,1,100.0
777MONSTER,0,7,7,0.0
79th Battalion,1,1,2,50.0
8 0 8,1,7,8,12.5
86-Eighty six,35,5,40,87.5
99F00D,83,57,140,59.3
9LEGlON,0,1,1,0.0
A BatCaverna,0,1,1,0.0
A CASA DOS BRASILEIRINHOS,21,23,44,47.7
A Democracia,1,0,1,100.0
A Dinastia da marola,0,2,2,0.0
A Egide de Platina,1,1,2,50.0
A Gangue Trololo,37,41,78,47.4
A IRMANDADE AVALONIANA,0,1,1,0.0
A Jin,0,1,1,0.0
A L C A T E I 4,60,100,160,37.5
A L L S P A R K,1,2,3,33.3
A L O P E C I A,25,35,60,41.7
A LOS PETES SE LOS CORRE,1,1,2,50.0
A M M - R e s t - S q u a d,0,1,1,0.0
A N A R C O S,0,2,2,0.0
A N I K E T O S,4,22,26,15.4
A N T A R E S,63,69,132,47.7
A N T O X I C,9,11,20,45.0
A N X X I E T Y,117,146,263,44.5
A ORIGEM,6,21,27,22.2
A Ordem do Sol,1,9,10,10.0
A P E I R O N,53,62,115,46.1
A Phoenix Arises,0,1,1,0.0
A R 1 S E,6,10,16,37.5
A R I S E N,1,9,10,10.0
A R R O G A N T,4,6,10,40.0
A R X,0,1,1,0.0
A S G A R D R,0,7,7,0.0
A S T R A L 1 S,1,1,2,50.0
A S T R A L I U M,7,19,26,26.9
A T O R M E N T A D O S,1,13,14,7.1
A TROPA DO VOLEI,0,1,1,0.0
A Turma do Garimpo,0,3,3,0.0
A U R E O,0,4,4,0.0
A Vida Nao E Um Morango,1,3,4,25.0
A b a d d 0 N,0,8,8,0.0
A m b i d e x t r o u s,0,2,2,0.0
A-N-G-R-A,0,1,1,0.0
A-R-C-A-D-E,1,1,2,50.0
A1B10N_0NL1N3,1,1,2,50.0
A1ravens,1,0,1,100.0
AAAAAAAAAAAAAAAAAAAAAAAAAAAhAh,2,3,5,40.0
ABSOLUTE TERROR,1,0,1,100.0
ABU-DHABI,1,2,3,33.3
ABYSSLEGION,4,17,21,19.0
ABYSSUS X,26,28,54,48.1
ACJP-Blacks,0,1,1,0.0
ACM1PTX2,2,1,3,66.7
ACTITUD,0,2,2,0.0
ADASTRO,6,4,10,60.0
ADEPTOS DE LA PAJA,41,71,112,36.6
AETT Blar,0,5,5,0.0
AEZIR Kingdom,0,4,4,0.0
AFTERSH0CK,6,2,8,75.0
AGIOTAH,0,7,7,0.0
AGRO BRASIL,0,3,3,0.0
AGUIRRExLEY,0,3,3,0.0
AIONE VEREDICT,0,1,1,0.0
AIea iacta est,6,20,26,23.1
AIter Ego,5,7,12,41.7
AKAI TAIYO,0,1,1,0.0
AKASUKIII,2,2,4,50.0
AKATSUKlI,0,1,1,0.0
AKATZZUKII,0,3,3,0.0
AKKaTsukY,0,1,1,0.0
AKROMA,2,5,7,28.6
ALAS DE HIERRO,0,1,1,0.0
ALAS_BLANCAS,0,3,3,0.0
ALB4M,0,3,3,0.0
ALBION FINESTS,3,7,10,30.0
ALBION ONLINE EH UM,0,3,3,0.0
ALC4TEIA,0,4,4,0.0
ALEUZENEV,1,2,3,33.3
ALIADOS BR,0,1,1,0.0
ALIANS OF POWER,0,1,1,0.0
ALIANZA THETFORD,0,1,1,0.0
ALKEDA,1,3,4,25.0
ALLIANCE OF DARKNESS 0,0,1,1,0.0
ALLUMINATI,4,17,21,19.0
ALLYPVP,3,3,6,50.0
ALMA DE LEON,2,20,22,9.1
ALQUIMISTASyt,42,93,135,31.1
ALVARADA ETERNA,0,4,4,0.0
AMAZONAZ WORD,0,1,1,0.0
ANDOKS,0,1,1,0.0
ANGELES GUARDIANES,0,2,2,0.0
ANGkOR,0,1,1,0.0
ANNlHILATION,69,82,151,45.7
ANTES DE LOS 20,11,7,18,61.1
ANTHOX,0,1,1,0.0
ANURIDOS,0,1,1,0.0
AO University,180,279,459,39.2
APAGAX,0,2,2,0.0
APEX LEGENS,0,1,1,0.0
AP_EP,0,6,6,0.0
AR toros negros,0,4,4,0.0
ARENALANDIA,0,5,5,0.0
ARKADIA WORLD,43,88,131,32.8
ARM kazak,0,2,2,0.0
ARMAGEDON11,0,1,1,0.0
ARMONYYY,2,9,11,18.2
ARMY EMPIRE,8,17,25,32.0
ARQUITAS,0,10,10,0.0
ARRIMATE,1,16,17,5.9
ARRUACEIROS2,0,3,3,0.0
ARS-GOETIA,4,8,12,33.3
ARTIST KILLERS,0,2,2,0.0
ASESINOS DEL BOSQUE,0,1,1,0.0
ASGARDEN,0,1,1,0.0
ASH GUILD,1,3,4,25.0
ASP3RA,17,13,30,56.7
ASTROPIA,4,8,12,33.3
ASTRYDEZ,0,1,1,0.0
ATAKHAN,2,2,4,50.0
ATALIA,2,12,14,14.3
ATARIS,0,19,19,0.0
ATG-titanes,1,3,4,25.0
ATRASA LAD0,0,2,2,0.0
ATTRICTIONN,0,2,2,0.0
AUF ARCANJOS,0,8,8,0.0
AURA ROADS,1,1,2,50.0
AV3RNO CENTR4L,1,2,3,33.3
AVALON1AN0S,10,84,94,10.6
AVALONIAN-CATS,0,3,3,0.0
AVALON_DEATH,0,6,6,0.0
AVENGERS_ASSEMBLE,5,5,10,50.0
AWAKENEDWARRIORS,0,7,7,0.0
AX Clan,0,1,1,0.0
AXI0M,1,0,1,100.0
AXlA,0,5,5,0.0
AYAYA ARCHIVE,2,1,3,66.7
AZHEDA,0,2,2,0.0
AZTEC Soldados,0,1,1,0.0
Abbad0n,2,6,8,25.0
Absolute Boundary,1,2,3,33.3
Absolute Cinema,0,4,4,0.0
Abya Yala,1,0,1,100.0
Abyss Rats,0,1,1,0.0
Abyssal Hunt,18,15,33,54.5
Abyssal Vanguard,1,3,4,25.0
Abysss Watchersss,2,1,3,66.7
Academia Enigmas Forze Cristal,0,1,1,0.0
Achkur,3,13,16,18.8
Adeptus-Custodes,22,11,33,66.7
Adventurerss,2,7,9,22.2
Aenima,2,5,7,28.6
Aesir de Asgard,0,14,14,0.0
Aesirs,14,35,49,28.6
Agarrame el chango,0,2,2,0.0
Aggressive Rat,0,4,4,0.0
Agpaw,0,1,1,0.0
Agro Sanctum,1,7,8,12.5
Aguapanela Encantada,18,29,47,38.3
Aguia de FERRO,1,3,4,25.0
Aguilas Del Zulia,2,1,3,66.7
AguilasN3gras,0,2,2,0.0
Aincrad Dominion,1,10,11,9.1
Ainground,1,2,3,33.3
AinsGhoal0wn,9,27,36,25.0
Air Fryer,19,19,38,50.0
Air-Hom,0,1,1,0.0
Akatsuki Yucatecos,0,1,1,0.0
Al Chile,0,2,2,0.0
Al-KhaLa,1,4,5,20.0
AlMAS en PENAS,0,1,1,0.0
Alas De Acero Negro,0,1,1,0.0
Albi0n-0nline,4,9,13,30.8
Albino OffIine,4,11,15,26.7
Albiolines Crew,6,3,9,66.7
Albion Depths,3,2,5,60.0
Albion Lone Wolf,7,0,7,100.0
Albion Mobile Guild,10,48,58,17.2
Albion Nexus,3,4,7,42.9
Albion Online IronMan,0,2,2,0.0
Albion War,4,4,8,50.0
Albion bandits,15,5,20,75.0
AlbionChan,1,1,2,50.0
AlbionsBestDiplomaticDisciples,0,1,1,0.0
AlcoHolicoS-Avalon1anos,1,1,2,50.0
Aldeia da Folha de LYMHURST,0,3,3,0.0
Ale limon,0,1,1,0.0
Alergicos al Profit,1,4,5,20.0
AlfxOnTop,2,1,3,66.7
AlhpaBravo,0,6,6,0.0
AliasHero,3,0,3,100.0
Aliciella,0,1,1,0.0
Alined,2,1,3,66.7
Alkaragan,1,0,1,100.0
AllMax,4,1,5,80.0
Almas de Avalon,8,13,21,38.1
AlpaKnights,3,7,10,30.0
Alpha Rats,65,42,107,60.7
Alpha Shadows,2,6,8,25.0
AlphaBM,4,1,5,80.0
Alquimistas De Silver,0,1,1,0.0
Alt Fn4,1,6,7,14.3
AlterFirsted,44,21,65,67.7
AltoRango,1,12,13,7.7
Alunos da UERJ,0,3,3,0.0
Amaterazu,1,2,3,33.3
Amazon Legends,0,2,2,0.0
Amazonia Gang,10,27,37,27.0
AmeNoMitzuhanaHime,1,0,1,100.0
Amedontradores,0,1,1,0.0
American Ganksters,1,0,1,100.0
American Mini Pig Association,18,3,21,85.7
American OG,0,7,7,0.0
Amigos da Floresta,1,0,1,100.0
Amigos do Blackjack,11,10,21,52.4
Amigos do Liro,0,1,1,0.0
Amishalom,2,3,5,40.0
Anarch BR,0,5,5,0.0
Ancestralz,2,4,6,33.3
Ancient Dominion,1,1,2,50.0
Ancient Dragon Lords,0,1,1,0.0
And out come the wolves,0,1,1,0.0
Angeles De La Fuerza,0,2,2,0.0
Angry Apes,27,32,59,45.8
Anime Word,0,1,1,0.0
Anonymhous,2,5,7,28.6
Anonymouz Society,1,0,1,100.0
Anor Londor,0,2,2,0.0
Antalatar,2,5,7,28.6
Antartida,6,4,10,60.0
Anti Evil,29,79,108,26.9
Anti Hype Rus,2,4,6,33.3
Anti Silver,1,1,2,50.0
Anti Sociais,26,93,119,21.8
Anti-Tesis,3,7,10,30.0
Antiguos Guerreros Aztekas,14,15,29,48.3
Anyth1ng,0,3,3,0.0
Aoba-Josai,0,1,1,0.0
Apasheria,1,1,2,50.0
Apocalipse13yy16,14,43,57,24.6
Aponia,28,81,109,25.7
Aposentados e Oprimidos,1,0,1,100.0
Apostolos de Avalon,2,14,16,12.5
Appaloosa old-line breed,0,3,3,0.0
AquiAcabou,1,0,1,100.0
ArGentiNidad,17,10,27,63.0
ArLand,55,80,135,40.7
Arauto da Tempestade de Corvos,0,1,1,0.0
Arcana Mortis,0,1,1,0.0
Arcanum Aquila,0,4,4,0.0
Arcosanti,97,108,205,47.3
ArepitaConQueso,0,4,4,0.0
Argentum Online,0,1,1,0.0
Armed Ballistic Forces,0,5,5,0.0
Armor is for Noobs x,1,6,7,14.3
Army Group,2,7,9,22.2
Army Panquesitos,0,1,1,0.0
Arroz Clan,28,45,73,38.4
Arroz Frito Rs,0,1,1,0.0
ArteGamer,1,5,6,16.7
Artix,0,1,1,0.0
ArvizG-Company,1,10,11,9.1
As mulas,1,2,3,33.3
As3sin0s,0,1,1,0.0
AsMeninasSuperPoderosas,41,50,91,45.1
Asechadores_del_Mar,0,6,6,0.0
Asesinos De Sombras,0,3,3,0.0
Asesinos sin Rostro,1,5,6,16.7
Asesinos-del-Desierto,1,2,3,33.3
Asgard Hall,0,2,2,0.0
Asgard team,46,126,172,26.7
AsianTF,0,2,2,0.0
Aslet,7,8,15,46.7
Asoc de Pescadores,0,2,2,0.0
Aspects de la Recolte,2,0,2,100.0
Ass Breakers,4,11,15,26.7
Assassins Creeed,2,6,8,25.0
Assassins Legends,7,4,11,63.6
Assassins of Valhalla,1,6,7,14.3
AssassinsGreed,0,5,5,0.0
Astra Gauchos,0,2,2,0.0
Astroputologas,1,7,8,12.5
Asura Strike,1,1,2,50.0
At Arayan Kelebekler,23,27,50,46.0
Atlas Green,1,5,6,16.7
Atomic_O,0,2,2,0.0
Atrasa Lado,29,27,56,51.8
Aufingues,0,1,1,0.0
AulladoresColmillos,0,1,1,0.0
Aullidos,0,2,2,0.0
Aura-Chill,1,11,12,8.3
Aureum Nox,0,1,1,0.0
Aurora Nocturna,3,5,8,37.5
Autumn Wolves,6,13,19,31.6
Ava NNoiseZ,10,20,30,33.3
Ava Owl,7,21,28,25.0
AvaCore,2,12,14,14.3
AvaTalk,3,7,10,30.0
Avalon CORP,5,10,15,33.3
Avalon Gap,2,1,3,66.7
Avalon Laboratories,0,17,17,0.0
Avalon Runners,5,19,24,20.8
Avalon_Fury,6,16,22,27.3
Avanlon,0,1,1,0.0
AvenTvreroS,0,1,1,0.0
Aventureros pvp,0,1,1,0.0
AwEx,1,9,10,10.0
Awful Company,4,7,11,36.4
Axxis_Shadow,2,10,12,16.7
B 4 S T A R D O S,0,1,1,0.0
B A Z U C O,2,2,4,50.0
B E A R P A W S,64,64,128,50.0
B E L L U M S,2,22,24,8.3
B E R S E R K 117,6,25,31,19.4
B L A C K - A R M Y,5,32,37,13.5
B L A C K M I R R O R S,1,1,2,50.0
B L E S S E D,4,34,38,10.5
B L I N K,24,29,53,45.3
B L V C K B U L L S,1,2,3,33.3
B O N T E N,0,1,1,0.0
B U R N I N,199,198,397,50.1
B1ack souls,0,3,3,0.0
B1oodlust,1,1,2,50.0
B3RS3RK3R,0,1,1,0.0
B4ll Br34k3r,3,4,7,42.9
BACR1M,1,0,1,100.0
BAI DI,0,3,3,0.0
BANCO DE FERR0,0,1,1,0.0
BANK BLACK,0,5,5,0.0
BANK HCE ALE,1,1,2,50.0
BANKR0LL,5,13,18,27.8
BARDAG,0,1,1,0.0
BARNONE,0,3,3,0.0
BAROQUE -WORKS,2,3,5,40.0
BARRACUDA2,0,1,1,0.0
BAUZIN DI CRIA,0,1,1,0.0
BEASTCOAST-1,0,2,2,0.0
BELCEBUTH,0,6,6,0.0
BELEGHOST,46,71,117,39.3
BENGELDIM,0,5,5,0.0
BEN_10,5,1,6,83.3
BERSERKERS MX,0,1,1,0.0
BERSERKERS_CA,2,13,15,13.3
BESOS NEGROS,8,15,23,34.8
BIG CLOCKS,0,5,5,0.0
BILLONARIO,0,1,1,0.0
BIRD SPARROW,0,2,2,0.0
BL3ACH,0,7,7,0.0
BL4CK SUN,0,1,1,0.0
BL4CK_BULLS 99,0,3,3,0.0
BLACK BATTLE BEAST,0,2,2,0.0
BLACK KGNITHS,12,12,24,50.0
BLACK MAFI00,0,1,1,0.0
BLACK NIGH,9,25,34,26.5
BLACK TAPE,116,117,233,49.8
BLACK----MONEY,5,13,18,27.8
BLACK---BULLS,9,8,17,52.9
BLACKARG,0,1,1,0.0
BLAM,2,8,10,20.0
BLA_BLA_BLA,0,1,1,0.0
BLOOD BARD,0,2,2,0.0
BLOOD HOLLOW KNIGHT,9,17,26,34.6
BLOOD OF HELEA,0,3,3,0.0
BLOODMOON001,0,2,2,0.0
BLOODMOON002,0,12,12,0.0
BLOODMOON003,1,3,4,25.0
BLOODY-WARRIORS,28,49,77,36.4
BLUEDEER,4,2,6,66.7
BLULAVEL,0,1,1,0.0
BOCA DO CENORA,0,4,4,0.0
BODY COLLECTORS,0,1,1,0.0
BORBOLETAS AFRICANAS,1,2,3,33.3
BORN IN ROADS,0,1,1,0.0
BOYS IN THE HOOD,0,2,2,0.0
BR Justiceiros,0,1,1,0.0
BRAZZUKA,1,15,16,6.2
BRIDFOBOS,0,2,2,0.0
BRIGADA BALROG,0,1,1,0.0
BRKS89,0,1,1,0.0
BRONCOLI,0,1,1,0.0
BROTHER AND FRIENDS,0,1,1,0.0
BROTHERS OF DESTINY,5,6,11,45.5
BROTHERS THILL DEATH,5,12,17,29.4
BRZK,25,75,100,25.0
BUSCA CAMARAS,1,11,12,8.3
BWNA,0,1,1,0.0
BZL BRAZIL,2,1,3,66.7
B_L_A_C_K,47,18,65,72.3
Bagheera,1,1,2,50.0
Bakulpentol,0,1,1,0.0
Balaque,0,2,2,0.0
Balcanic Al Fallo,0,2,2,0.0
Banana Republicc,1,3,4,25.0
Banckson,0,1,1,0.0
Banda de Bandidos,3,7,10,30.0
Banda del lobo negro,1,2,3,33.3
Bandana Brothers,7,10,17,41.2
Banddle City,50,76,126,39.7
Bandidos de caerleon,2,2,4,50.0
Bandit Kill,37,4,41,90.2
Bandit Lords,41,76,117,35.0
Bando_do_Falcao,0,1,1,0.0
Bandy2,0,5,5,0.0
Banguardia De Moria,0,4,4,0.0
Baofengyu,122,157,279,43.7
Bar 70,0,1,1,0.0
Bar D Fia,1,5,6,16.7
Baraz-gund,0,4,4,0.0
Barbaros Da Neve,0,3,3,0.0
Barclass,0,1,1,0.0
Barhenz,0,1,1,0.0
Barkirras,0,1,1,0.0
BaronSamedi,1,13,14,7.1
Barquito pesquero,0,1,1,0.0
Bastardos del Titan,1,7,8,12.5
Bastardos_Sin_Gloria,6,8,14,42.9
BastionWar,2,6,8,25.0
Bataciubiti,1,0,1,100.0
Battle Rush,14,7,21,66.7
BattleToadz,2,1,3,66.7
Battlewise,3,11,14,21.4
Batutinhas,1,2,3,33.3
Be Careful,101,95,196,51.5
Be Silenced,66,71,137,48.2
BearLiddle,17,23,40,42.5
Bears and Maces,18,22,40,45.0
Beary Tales,1,1,2,50.0
Beast Blood,1,0,1,100.0
Beef Stewar,10,24,34,29.4
Beer Barrel,1,5,6,16.7
BeerSquad,32,44,76,42.1
Belfast,0,1,1,0.0
Bellatores Sacrae Irae,0,3,3,0.0
Bellatrixian,0,1,1,0.0
Belligerent Bastions,0,1,1,0.0
Bellum Sacrum,0,4,4,0.0
BenchWarmers,1,1,2,50.0
Bencheados,0,2,2,0.0
Benevolent Kool Aid,60,34,94,63.8
BestFriends,2,9,11,18.2
Beverly Plaza,1,6,7,14.3
Beware of Killers,2,3,5,40.0
Biejas Bien Warzone,0,2,2,0.0
Bienvenido a Yharnhia,0,2,2,0.0
Big Brawl Clap,0,1,1,0.0
Big Rooster,3,1,4,75.0
Big familly,0,1,1,0.0
Bims revenge,0,1,1,0.0
Birds Are Fake,0,7,7,0.0
Birds and Feathers,4,2,6,66.7
BitcoinChill,1,0,1,100.0
Bizonte,1,2,3,33.3
Bl4ck End,1,4,5,20.0
Black 0rder,0,1,1,0.0
Black Aura,3,51,54,5.6
Black Bullhs,0,1,1,0.0
Black Clov3r,0,2,2,0.0
Black Dragon Aeon,80,127,207,38.6
Black Dragons Order,0,1,1,0.0
Black Feathers,0,3,3,0.0
Black Lotus Magic,0,1,1,0.0
Black MAMBAAA,0,2,2,0.0
Black Mage Arrow,1,0,1,100.0
Black Martlock 1,17,42,59,28.8
Black Orden BR,3,4,7,42.9
Black Push,0,1,1,0.0
Black Reach,0,1,1,0.0
Black Rose Creed,44,50,94,46.8
Black St0nes,6,26,32,18.8
Black Tribe,0,1,1,0.0
Black Ursa,45,89,134,33.6
Black Veil Order,0,4,4,0.0
Black Water Group,0,1,1,0.0
Black spring,2,4,6,33.3
Black-Oath,21,45,66,31.8
Black-Vortex,1,4,5,20.0
BlackSm0ke,244,153,397,61.5
BlackSunZenith,0,3,3,0.0
BlackW0rld,9,12,21,42.9
BlackWOLFhunters,0,6,6,0.0
BlackWolf1,3,14,17,17.6
Blackclaw Empire,0,3,3,0.0
Blackk Shadoww,1,7,8,12.5
Blacklist -AO,0,1,1,0.0
Blackstatic,0,1,1,0.0
Blade 0f Justice,0,4,4,0.0
Blades of Avalon,27,41,68,39.7
BlakendWord,0,2,2,0.0
Bleeding Apes,5,5,10,50.0
Blend S,1,0,1,100.0
Blind Old Man,1,0,1,100.0
Bloco,1,1,2,50.0
Bloco de Mula,0,1,1,0.0
Blodfang,42,93,135,31.1
Blood Brotherhod,2,5,7,28.6
Blood Drinkers,0,1,1,0.0
Blood Path,1,0,1,100.0
Blood Ronins,0,1,1,0.0
Blood Wolf Team,15,26,41,36.6
Blood and Ashes,2,5,7,28.6
Blood-LusT,2,7,9,22.2
Blood-_-Ravens,20,13,33,60.6
BloodBasket,1,2,3,33.3
BloodDynasty,0,8,8,0.0
BloodShadow Reign,0,2,2,0.0
BloodVanguard,0,1,1,0.0
Bloodbound Titans,1,0,1,100.0
Blue Army,0,1,1,0.0
Blue LabeI,73,83,156,46.8
Blue Light Guardians,1,0,1,100.0
Blueberry Poachers,1,7,8,12.5
Bobos,0,1,1,0.0
Boca Scan,1,5,6,16.7
Boi Feliz,1,0,1,100.0
BoiCetha,1,1,2,50.0
Bold Intent,4,11,15,26.7
Bomb Down,2,10,12,16.7
BombSS,71,52,123,57.7
Bonde do MELEKA,0,4,4,0.0
Bonde_dos_Coletores,2,0,2,100.0
Booty Boppers,22,42,64,34.4
Border Patrol Fort Sterling,1,2,3,33.3
Born To D1e,21,63,84,25.0
Boyz N The Gank fort,0,1,1,0.0
Bractwo Mroku 2021,1,1,2,50.0
Brain not Found,7,12,19,36.8
Brasa flamejante,0,1,1,0.0
Brasil Wars,1,5,6,16.7
Brasil imperio,6,11,17,35.3
Bratjas,1,13,14,7.1
Bread Addicts,0,1,1,0.0
Breathin,15,12,27,55.6
Bridge To HeLL,15,29,44,34.1
Bridgewatch 137,0,6,6,0.0
Bridgewatch United NA,1,2,3,33.3
Brigada Fantazma,1,3,4,25.0
BrigadaFantasma,0,2,2,0.0
Bro13,1,2,3,33.3
Broken Ravens Mart,2,0,2,100.0
Brokenhorn,0,1,1,0.0
Brotherhood Fallen Order,0,11,11,0.0
Brothers of Shadows,0,2,2,0.0
Brownies Catolicos,33,24,57,57.9
Broxada,0,1,1,0.0
Bruniche,0,1,1,0.0
Bruxentopia,1,0,1,100.0
Brx1,1,0,1,100.0
Bryllanos,33,68,101,32.7
Bu11s,2,3,5,40.0
BuShi-Dos,0,4,4,0.0
Buckfutter Strip Mining Co,0,1,1,0.0
Bufonia,0,2,2,0.0
Bugs Gold,1,0,1,100.0
Buitres del Caos,0,5,5,0.0
Bukele City,0,1,1,0.0
Bullskull,0,9,9,0.0
Buxa Clube,9,21,30,30.0
C 4,3,4,7,42.9
C 4 N C 3 R,0,1,1,0.0
C A L L E J E R O S,16,13,29,55.2
C A M B A D A,18,53,71,25.4
C A R N I F I C I N A,1,2,3,33.3
C A S T L E V A N I A,6,14,20,30.0
C A T A C L I S M,0,2,2,0.0
C A V A L I E R s,4,33,37,10.8
C E R B 3 R U S,9,1,10,90.0
C H E C K,1,0,1,100.0
C H E R O S,2,0,2,100.0
C I R C U S,54,48,102,52.9
C O L E T O R E S BR,2,14,16,12.5
C O N F L I C T I V O S,5,16,21,23.8
C O N T A C T O,2,2,4,50.0
C R I M E N,14,48,62,22.6
C o n g o,5,3,8,62.5
C-esT La MorT,11,51,62,17.7
C0C0R1C0,2,10,12,16.7
C4 Gang For Life,26,23,49,53.1
C4rpe D1em,1,0,1,100.0
CABALLEROS DE NEBULA,0,1,1,0.0
CABALLEROS DEL GRAN ARBOL,2,10,12,16.7
CABALLEROS FORJA DEL CIELO,0,1,1,0.0
CABALLEROS Z,0,1,1,0.0
CABALLEROS_DEL_LAG,1,3,4,25.0
CABALLEROS_DE_LA_LUZ,0,2,2,0.0
CACHORR0S,3,2,5,60.0
CAFE COM PVE,0,2,2,0.0
CAIDA DE LA CORONA,0,1,1,0.0
CAIFANES,0,1,1,0.0
CALCINHA DE RENDA,16,30,46,34.8
CALIBER 50,1,0,1,100.0
CALL-ATE,0,1,1,0.0
CALOTE CLT,15,20,35,42.9
CAMINO Y SANGRE,1,1,2,50.0
CAOS FENIX,0,2,2,0.0
CAOTICA,12,23,35,34.3
CAPIBARA GANK,0,11,11,0.0
CAPYBARA TEAM,1,3,4,25.0
CARAMELITO ARMY,6,2,8,75.0
CARIBES,0,2,2,0.0
CARISMA-CLAN,11,57,68,16.2
CARMILLA,0,1,1,0.0
CARNARIUM,3,3,6,50.0
CASTIEL,0,1,1,0.0
CASUAL SOLO,0,1,1,0.0
CAT-CH,23,55,78,29.5
CAZA GANKER,56,65,121,46.3
CAZAD0R3S,0,1,1,0.0
CAZADORES_DE_MAZMORRAS,1,0,1,100.0
CAZADRAGONES,0,2,2,0.0
CCompany,0,1,1,0.0
CECOT,31,46,77,40.3
CEIFADORES-DA-ALVORADA,15,26,41,36.6
CEIFEIROS de BRIDGWATCH,4,17,21,19.0
CELESTYALS,0,1,1,0.0
CENTINELAS DEL SOL,0,1,1,0.0
CHAOSFORCE,0,1,1,0.0
CHAPADOS E PERIGOSOS,0,1,1,0.0
CHAPEU -DE -PALHA--BR,0,6,6,0.0
CHATOS,0,4,4,0.0
CHEEKZ,34,58,92,37.0
CHEST LEGENDS,4,3,7,57.1
CHOLOS,0,1,1,0.0
CHROMAKOPIA,0,1,1,0.0
CIERVOS DORADOS,0,2,2,0.0
CLAN DE LA ORDEN,2,6,8,25.0
CLANDESTINADOS B370,0,2,2,0.0
CLAP BACK,54,46,100,54.0
CLASSIC BR,2,6,8,25.0
CLAYMORE COMPANY,0,2,2,0.0
CLN SexyLove,0,1,1,0.0
CLOSTER,1,0,1,100.0
CLT Guardians,0,1,1,0.0
CLT PROMAX,0,1,1,0.0
CLThanos,0,6,6,0.0
CLTs ALBION,0,1,1,0.0
CLTs de Bridgewatch,19,30,49,38.8
CLUB - S P A C E,2,1,3,66.7
CLUB_EPST3IN,0,1,1,0.0
CNNG,0,2,2,0.0
CNPJ 01,1,2,3,33.3
COFFE BR,0,3,3,0.0
COHORTE ESCARLATA,0,2,2,0.0
COLMILLO CELESTIAL,0,2,2,0.0
COLMILLO DE PLATA,0,3,3,0.0
COMARCA HOBBITON,64,92,156,41.0
COMQNDO-LTM,0,2,2,0.0
CONEXOES,1,2,3,33.3
CONFRACTUS,0,3,3,0.0
CORACAO DE DRAGAO,0,4,4,0.0
COROA NEGRA,1,11,12,8.3
CORRUPT0S,0,2,2,0.0
CORTE CELESTIAL,7,22,29,24.1
COSAA NOSTRAA,1,2,3,33.3
COSOs,0,2,2,0.0
CR FLAMENGO,1,2,3,33.3
CRAFT DE PRATA,0,2,2,0.0
CRAFT PROFICIONAL,2,3,5,40.0
CRAZY MERCENARYS,0,1,1,0.0
CRD1404,2,2,4,50.0
CRIAS DO VAZIO,0,2,2,0.0
CRIMSAN DAGGER,0,2,2,0.0
CRIMSON C0VENANT,3,26,29,10.3
CRIMSON HYDRA,1,0,1,100.0
CRITICANCIA,0,1,1,0.0
CRUCIATI,0,1,1,0.0
CRYSTAL-GM,1,1,2,50.0
CTN,0,2,2,0.0
CUBAN KINGDOM,0,1,1,0.0
CUERVO OF ELITE,0,1,1,0.0
CULTO - LOS MIL SOLES DE ORO,7,35,42,16.7
CURD CARTEL,0,5,5,0.0
CUYES RABIOSO,0,1,1,0.0
CZRM,2,4,6,33.3
Caballer0s Oscur0s,1,1,2,50.0
Caballero_Templario,1,5,6,16.7
Caballeros 0scuros,10,23,33,30.3
Caballeros Del Pasado,57,131,188,30.3
Caballeros Juramentados,0,2,2,0.0
Caballeros de la Hoja,0,5,5,0.0
Cabbage Farmers,0,9,9,0.0
Cabras da PesteBR,1,2,3,33.3
Caceria Salvaje,2,5,7,28.6
Cachimbo da Paz,1,4,5,20.0
Caelum Sacra,0,2,2,0.0
CaerlionFarm,0,1,1,0.0
Cafajestes,0,2,2,0.0
Cafe y Cerbeza,0,3,3,0.0
Caida Libre,0,1,1,0.0
Caidos_Del_Alba,16,51,67,23.9
Caixa Economica FederaI,2,0,2,100.0
CaligulaSinRopa,0,1,1,0.0
Calm Before Chaos,3,5,8,37.5
Caminante Nocturno,0,1,1,0.0
Caminantes al Mictlan,1,5,6,16.7
Caminantes del Alba,1,4,5,20.0
Caminos De Arena,11,10,21,52.4
Caminos dorados,0,1,1,0.0
Campeones de Martlock,1,0,1,100.0
Cansado de ABA CANTV Albion,0,10,10,0.0
CapaAzull,6,22,28,21.4
Caps Lock,0,3,3,0.0
Captain Timo,4,12,16,25.0
CaracasCity,0,7,7,0.0
Cardiac Arrest,0,1,1,0.0
Carn Dum,1,2,3,33.3
Carpe Noctem Invicta,0,1,1,0.0
Carry 0n,3,7,10,30.0
Cartografos del Abismo,0,3,3,0.0
Casa Targaryen XXI,0,1,1,0.0
Casa-Targarye_BR,0,4,4,0.0
Cascas de Bala,1,8,9,11.1
CascaveI,1,0,1,100.0
Cassiopea,8,35,43,18.6
Castel-Black,0,33,33,0.0
Castle HCE,2,2,4,50.0
Casual Core,3,0,3,100.0
Cathedral of Morgana,1,0,1,100.0
Cats del PVE,4,12,16,25.0
Causitas,4,8,12,33.3
Cavaleiro de Ebano,0,2,2,0.0
Cavaleiros Avalonianos,44,76,120,36.7
Cavaleiros De Prontera,0,1,1,0.0
Cavaleiros de Vera Cruz,9,33,42,21.4
Cavaleiros do Rei,0,1,1,0.0
Cavalon,0,1,1,0.0
Caximira Killers,0,1,1,0.0
Caza Verde,1,0,1,100.0
Cazadores Del Fenix,0,1,1,0.0
Cazadores-Nocturnos,0,1,1,0.0
Celestial Dragons Ar,0,2,2,0.0
Celestial Gladiators,0,4,4,0.0
Celestius,1,2,3,33.3
CelyabaEba,0,1,1,0.0
Cenizas del fenix,0,2,2,0.0
Central de Split do Red,0,1,1,0.0
Cerberus-Alpha,7,35,42,16.7
CeridwensLittleHelpers,9,17,26,34.6
Cero Leyendas,0,1,1,0.0
Ceteri,0,2,2,0.0
Chainedd,0,1,1,0.0
Champ Squad,0,1,1,0.0
Chaos Priori,0,1,1,0.0
Charming Chicks,1,2,3,33.3
Chars Temple,1,2,3,33.3
Check Him PC,21,5,26,80.8
Cheer,122,74,196,62.2
Chen t,5,15,20,25.0
Chest Hunters gg,0,1,1,0.0
Chill25,1,17,18,5.6
ChillDude,0,3,3,0.0
ChillinClan,0,3,3,0.0
Chinese boy,2,10,12,16.7
Chingen a su madre,3,3,6,50.0
Chipi Black Chapa,9,3,12,75.0
Chiriston,0,1,1,0.0
Chiwi Legacy,0,2,2,0.0
Chocobo Love,1,2,3,33.3
Chores,1,2,3,33.3
Christian Academy,1,4,5,20.0
Chronic Banditz,8,9,17,47.1
Chronus,5,6,11,45.5
Chubacas,1,1,2,50.0
Chuds,0,1,1,0.0
Chuleta de ceido,0,1,1,0.0
Chupalaa,6,5,11,54.5
ChurrascoCerveja,0,3,3,0.0
Ciervos Negros,6,11,17,35.3
Cipher Bloom,0,1,1,0.0
Circle of Mirjan,1,4,5,20.0
Circus of Avalonian Roads,7,12,19,36.8
ClSolaris,1,4,5,20.0
Cla Destino,2,20,22,9.1
Cla da Pinga,0,2,2,0.0
Clair Obscur,0,1,1,0.0
Clan 420,0,1,1,0.0
Clan Cisterna,2,5,7,28.6
Clan Reyes,0,5,5,0.0
Clan del Dragon negro,0,4,4,0.0
Clan rictus,0,1,1,0.0
Clan-Uchiha,0,3,3,0.0
Clan-Zenin,0,1,1,0.0
ClanGojo,1,4,5,20.0
Clearance,38,53,91,41.8
Club Pimbada,1,1,2,50.0
Club Winx,3,1,4,75.0
Clube do Bola CDB,0,1,1,0.0
CmDTeam,5,17,22,22.7
CoLutaZzz,1,0,1,100.0
Coalizao NE,7,24,31,22.6
CogollosCrew,0,1,1,0.0
Cold Eyee,3,8,11,27.3
Colecthors,1,0,1,100.0
Coletores Black,0,3,3,0.0
Coletores da Paz,0,1,1,0.0
Coletores de Almas BR,10,26,36,27.8
Coletores de Traumas,3,3,6,50.0
Colhosp,0,9,9,0.0
Colisea del Caribe,1,0,1,100.0
Colmillos Esmeralda,5,11,16,31.2
Colmillos de Hielo,0,6,6,0.0
Comando Pimienta,0,4,4,0.0
Comando Sur,0,2,2,0.0
ComandoLatino,0,1,1,0.0
Comedores de Anica,0,1,1,0.0
ComercianteBr,0,2,2,0.0
Coming,4,2,6,66.7
Commotion,30,16,46,65.2
Companhia 98,1,1,2,50.0
Companhia Pele Ferrea,9,20,29,31.0
Companias de Muerte o Gloria,3,1,4,75.0
Complejo de Pocho,104,45,149,69.8
CompletelyStrange,97,194,291,33.3
ComponeteCurricular,1,1,2,50.0
Conclave Cromatico,0,10,10,0.0
Condor Monsters,0,1,1,0.0
Conflict,1,3,4,25.0
Confraria da Prata,0,1,1,0.0
Connection Problemss,1,0,1,100.0
ConnectionProbleM,2,13,15,13.3
Contingent,141,116,257,54.9
Contratistas,1,2,3,33.3
Cooperativa-Agricola,0,2,2,0.0
Corazon de Fuego,0,2,2,0.0
Cordeiro Comunista,5,5,10,50.0
Core Cats,21,32,53,39.6
Core Roblox,8,11,19,42.1
Corranlabola,22,47,69,31.9
Corsairs BR,3,13,16,18.8
Corte caniche,0,1,1,0.0
Corveus,2,3,5,40.0
Corvo Attano,1,16,17,5.9
Corvos de Avalon,1,0,1,100.0
Corvus Legio,0,2,2,0.0
Corvus Meldax,0,1,1,0.0
CosmiC-ChesT,7,10,17,41.2
Cottton Mathers,0,3,3,0.0
Coureur de Bois,2,8,10,20.0
Covardia Organizada,3,5,8,37.5
Covil Do Wolf,12,13,25,48.0
Crafter Legends,0,3,3,0.0
Crafters pro,0,3,3,0.0
Crafting Agency,0,1,1,0.0
Crazy Club,58,62,120,48.3
Crazy Dreamers,2,6,8,25.0
Crazy_robins,0,1,1,0.0
Criminal Blood,0,1,1,0.0
CriminalGamer,0,1,1,0.0
Crimson Bloodbound,0,2,2,0.0
Crimson Gank,1,2,3,33.3
Crimson Trading Company,0,1,1,0.0
Crimson _Core,2,0,2,100.0
Crimson-Reapers,0,1,1,0.0
Cristal Beasts,0,1,1,0.0
Critical-Hit,3,4,7,42.9
Crossed Dawn,1,0,1,100.0
Crow Friends,0,4,4,0.0
Crupanov,0,1,1,0.0
Crux Del Sur,29,106,135,21.5
Crying Goddess,1,2,3,33.3
Crystal Cinematic,0,1,1,0.0
Crystal Masters,0,1,1,0.0
Cuba Online,0,5,5,0.0
Cuba_team,0,3,3,0.0
Cubanos X El Mundo,0,1,1,0.0
CuddleZone,0,1,1,0.0
Cuentas PVE,3,5,8,37.5
Cuervos Del Mal,3,3,6,50.0
Cuervos del Yunque,8,28,36,22.2
Cuervos sangriento,6,15,21,28.6
CuliCagaos,0,1,1,0.0
CultAssassins,4,6,10,40.0
Culto de Morana,0,1,1,0.0
Culto del Kraken,1,6,7,14.3
Curame K,0,3,3,0.0
Curriculum Vitae,241,139,380,63.4
Cursed Abismo,2,1,3,66.7
CursedKings,0,1,1,0.0
CurtoSolo,1,0,1,100.0
Cuscuz sem ovo,0,1,1,0.0
Custodes Veritatis,14,11,25,56.0
Custodios de Avalon,2,6,8,25.0
Custos Sagittae Rubrae,0,2,2,0.0
Cuys In The Clap,54,70,124,43.5
Cyan,89,157,246,36.2
Cyan I I,22,99,121,18.2
Cyber Cripta,0,1,1,0.0
Cyber Dragon infernal,5,7,12,41.7
Cycle Breakers,5,8,13,38.5
Cydonians,2,18,20,10.0
D - GHOSTS,3,15,18,16.7
D A E M O N,46,36,82,56.1
D A R K E S T,0,6,6,0.0
D A R K L E G I O N XZ,1,3,4,25.0
D E A T H S I L E N C E,3,12,15,20.0
D E C L I N E,26,20,46,56.5
D I N O C O,269,124,393,68.4
D I S R E S P E C T,1,6,7,14.3
D O L L Y,14,60,74,18.9
D a r k H u n t e r s,1,5,6,16.7
D e l i n c u e n t e s,16,50,66,24.2
D i v i n e Z,3,17,20,15.0
D l S B A N D,7,9,16,43.8
D z N,4,4,8,50.0
D- GRAY MAN,1,1,2,50.0
D- Sun Sovereign,0,2,2,0.0
D-K,8,24,32,25.0
D1RTY,1,0,1,100.0
D1SARRAY,15,15,30,50.0
D3stroyers,7,9,16,43.8
D4ddychill,4,1,5,80.0
D4rk House,0,1,1,0.0
DAEMOUS HERO,0,1,1,0.0
DANCIN,0,2,2,0.0
DARK MARINES,1,13,14,7.1
DARK SOUL STAR,0,3,3,0.0
DARKM1GHT,283,141,424,66.7
DARKNESS AND LIGHT,0,2,2,0.0
DATE A LIVE,31,66,97,32.0
DAshyon,1,2,3,33.3
DCPC,1,11,12,8.3
DDARTH,2,11,13,15.4
DEAD M00N,0,1,1,0.0
DEADNASTREVAS,0,3,3,0.0
DEATH GHOST,0,1,1,0.0
DEATH-HAND,0,2,2,0.0
DEATHMARU,0,2,2,0.0
DEATHR0W,59,82,141,41.8
DECADENSE,2,0,2,100.0
DECAPITATORS,6,38,44,13.6
DECENDENTES DA ALVORADA,8,40,48,16.7
DEFENSORES THETFORD,1,23,24,4.2
DEICIDIOS,0,1,1,0.0
DEIDAD,0,3,3,0.0
DELULAR,3,8,11,27.3
DEMENTOMORI,0,6,6,0.0
DEMONS107,1,3,4,25.0
DENUX,0,1,1,0.0
DES0RDEN,0,1,1,0.0
DESASTRE DEL-REIN0,3,12,15,20.0
DESCONTONOINSS,0,1,1,0.0
DESMONTADOS,1,9,10,10.0
DESORDEN PUBLICO VNZ,0,1,1,0.0
DESPROFIT_BR,0,1,1,0.0
DESTERRADOS DE LA NIEBLINA,0,1,1,0.0
DEVORADORES DE ALMA,7,19,26,26.9
DEVTA,2,11,13,15.4
DEX-terity,7,36,43,16.3
DIABL0S,23,47,70,32.9
DICOM,4,4,8,50.0
DIEGOLGT,0,1,1,0.0
DIOS CON NOSOTROS_ RIP CHUKITO,0,2,2,0.0
DIOS DEMONIO,1,2,3,33.3
DISMOUNT_HERE,2,7,9,22.2
DIVE TO DIE,4,12,16,25.0
DIVINAS,1,0,1,100.0
DIVINE CHAPTER,1,0,1,100.0
DIZZTOPIA,0,2,2,0.0
DMTS,5,22,27,18.5
DOGHELL,1,1,2,50.0
DOMINUS CRAFT,0,1,1,0.0
DOMUS ALBIONIS,1,2,3,33.3
DOOFUS SQUAD,0,1,1,0.0
DOUX,16,4,20,80.0
DPSZero,9,19,28,32.1
DRAGON DEL VACIO,0,1,1,0.0
DRAGON INFINIT,1,3,4,25.0
DRAGONBLESS,0,4,4,0.0
DRAGONFROSTH,0,9,9,0.0
DRAGONS BLACKFIRE,2,5,7,28.6
DRAGONS BLOODS,3,1,4,75.0
DRAGONS-OF-ROADS,1,1,2,50.0
DRAGONXTREME,0,1,1,0.0
DULUK,24,38,62,38.7
DYNA STY,0,6,6,0.0
DYNASTYC,7,17,24,29.2
Da Black Lotus,6,21,27,22.2
Da RushinG,0,1,1,0.0
DaOneNOnly,16,40,56,28.6
DaRk-DeMoNs,1,15,16,6.2
Dab Neeg,11,13,24,45.8
Dabs,3,0,3,100.0
DacoLands,0,1,1,0.0
Dad Bod Club,0,2,2,0.0
Daddy8801,30,7,37,81.1
Dandy Guys,1,3,4,25.0
Dango Gang,0,1,1,0.0
Dao Shan,2,0,2,100.0
Darck Reapers,0,6,6,0.0
Dark Banshees,0,1,1,0.0
Dark Foundation,5,8,13,38.5
Dark FuneraI,0,1,1,0.0
Dark Knights of The Nights,0,2,2,0.0
Dark Nights Death Metal,0,2,2,0.0
Dark Vanguard of the Moon,3,0,3,100.0
Dark bandit wolf,0,3,3,0.0
Dark100,0,1,1,0.0
DarkChains,19,9,28,67.9
DarkDreaming,20,7,27,74.1
Darkness INC,92,102,194,47.4
Darkness OFFline,0,1,1,0.0
Darkness Souls,1,2,3,33.3
Das7as9,3,7,10,30.0
DawnOfDominion,2,2,4,50.0
De Cuba,3,21,24,12.5
De La Orda,0,1,1,0.0
De Voluntate Fratrum,1,2,3,33.3
De4d End,7,10,17,41.2
Dead Circus,0,1,1,0.0
Death Caravan,0,1,1,0.0
Death Clowns Society,6,12,18,33.3
Death Heros,4,10,14,28.6
Death Lag,0,1,1,0.0
Death Latin Army,7,37,44,15.9
Death Of Souls,3,22,25,12.0
Death Requiem,1,7,8,12.5
Death Sentenc3,21,34,55,38.2
Death-Note-G,1,3,4,25.0
DeathEnvoy,0,1,1,0.0
DeathRunnerss,1,0,1,100.0
Deaths Verdict,1,3,4,25.0
Decent Folk,1,1,2,50.0
Deema,0,3,3,0.0
Defensive Healer,3,6,9,33.3
Degenerate Nation,1,12,13,7.7
DeiSepulchrum,0,1,1,0.0
Demolition Boys,0,1,1,0.0
Demon Face,1,0,1,100.0
Demonic death,3,9,12,25.0
Demons Cursed,1,3,4,25.0
Demons Of Albion,0,2,2,0.0
Demons and Wizards,1,18,19,5.3
Demons guardian pt2,0,1,1,0.0
DemonsL,0,2,2,0.0
Denim Artelly,0,1,1,0.0
Deo Gratias,0,2,2,0.0
Deorum Mortis,23,50,73,31.5
Depth Squad,0,5,5,0.0
Depths Vanguard,0,1,1,0.0
DepthsOfHell,0,1,1,0.0
Desert Guardians,0,1,1,0.0
Desterrados_1,0,1,1,0.0
Destroyers Creed,1,5,6,16.7
Detect Magic,1,1,2,50.0
DeusAeternum,0,3,3,0.0
Deuses Alcoolicos do Bar,1,9,10,10.0
Devils -Never- Cry,0,2,2,0.0
Devils Reapers,0,3,3,0.0
Dfarm01,0,1,1,0.0
Dias 1,0,1,1,0.0
Diddy Did,6,6,12,50.0
Die Edlen Krieger,6,11,17,35.3
Die Hard Gaming,4,7,11,36.4
Die Waechter,0,2,2,0.0
Die letzte Zeile,1,1,2,50.0
DienteHielo,0,3,3,0.0
Dies-Irae,0,3,3,0.0
Dinastia JAujINA,0,2,2,0.0
DinastiaNordica,2,14,16,12.5
Dinodragons,1,5,6,16.7
Dioses de la Guerra 1,0,5,5,0.0
Dires Bane,25,7,32,78.1
Disband V,0,2,2,0.0
Discarded Saints,0,3,3,0.0
Discipulos da Folha,0,2,2,0.0
Discipulos de INTI,0,1,1,0.0
Dismount And Death,34,25,59,57.6
Divine Departure,46,54,100,46.0
Divine Hell,0,6,6,0.0
Divine Legends,1,6,7,14.3
Divine-Sword,0,8,8,0.0
DivineVoid,23,32,55,41.8
Doble OC,337,124,461,73.1
Doblememe,0,1,1,0.0
Dog Down,2,1,3,66.7
Doggie Down,5,3,8,62.5
Dogs that Dunk,1,2,3,33.3
Doin You Dirty,0,1,1,0.0
Doislave,44,67,111,39.6
Domina,0,1,1,0.0
Dominio Estelar,0,2,2,0.0
Dominus Anteiku,0,3,3,0.0
DonaNeuzaa,0,1,1,0.0
Donkey Division,22,39,61,36.1
Donkey Punchers,0,1,1,0.0
Dont_Cry,27,49,76,35.5
Doralingus,2,0,2,100.0
Downies Corporation,0,1,1,0.0
Dr_Locked,0,6,6,0.0
Drachewyrm Order,6,24,30,20.0
Drachewyrm Order SEDE THET,1,2,3,33.3
Dragao Mistico BR,0,1,1,0.0
Dragao Vermelho,0,1,1,0.0
Dragao do Pantano,0,4,4,0.0
Dragon Instinct,0,2,2,0.0
DragonForceS,46,22,68,67.6
Dragonaria,0,1,1,0.0
Dragones centinelas,2,7,9,22.2
Dragones del sol,0,1,1,0.0
Dragones y Mazmorras,0,1,1,0.0
Dragons 3ye,1,2,3,33.3
Dragons Paack,4,12,16,25.0
Dragons Paradox,0,3,3,0.0
Dragons77,5,7,12,41.7
Dragonslayer29,0,1,1,0.0
Drakebound,21,59,80,26.2
Drakonty ligea,4,10,14,28.6
Drakthar,1,6,7,14.3
Dreadbound,8,19,27,29.6
Dream Killers,1,9,10,10.0
Dreamfall,20,26,46,43.5
Dreamfyre,1,6,7,14.3
Drgonsgard,0,2,2,0.0
Druidae Umbrae,3,11,14,21.4
Duales de guerras,0,2,2,0.0
Dub,0,1,1,0.0
DuckDuckGoose,5,8,13,38.5
Dungeon Cleaners,1,1,2,50.0
Dungeon Lions,0,3,3,0.0
Dungeon Plunderers,4,9,13,30.8
Dungeons Breakers,0,3,3,0.0
Dungon drivers,4,15,19,21.1
Dunkler Dreiklang,3,8,11,27.3
Dusken,0,2,2,0.0
Dwargon,0,1,1,0.0
Dynamit,0,2,2,0.0
Dynasty Of Thieves,0,1,1,0.0
Dynasty of Creation,0,1,1,0.0
E F N E S,6,2,8,75.0
E F Y S S E,0,2,2,0.0
E FOR EVERYONE,6,9,15,40.0
E L D R I U M,1,6,7,14.3
E L Y D R I O N,1,16,17,5.9
E M I N E N C E,41,34,75,54.7
E R E B U S,21,72,93,22.6
E X I L I A D O S,0,1,1,0.0
E X O T 1 C,1,3,4,25.0
E X P E D I C I O N A R I O S,0,5,5,0.0
E couple,0,1,1,0.0
E l i x i r s,0,2,2,0.0
E-G-O,0,1,1,0.0
ECOFARM,0,1,1,0.0
ECOSEX,0,1,1,0.0
ECOS_DEL_ALBA,0,3,3,0.0
EF HORDE,0,2,2,0.0
EGDSELG,0,1,1,0.0
EGlendarios,3,14,17,17.6
EJERCITO FORT STERLING,7,17,24,29.2
EL BANCO DE HIERRO,0,1,1,0.0
EL CENIT,6,30,36,16.7
EL CHUCHU DE ARAGUA,5,8,13,38.5
EL ESCUADRON ANTIGARCHA,0,3,3,0.0
EL LAG DE LAS HCE,8,48,56,14.3
EL MAS POLLO,5,24,29,17.2
EL MURO DE LOS 7 REINOS,0,15,15,0.0
EL NEGRO JHULIAN,0,2,2,0.0
EL OLIMPO DIVINO,0,1,1,0.0
EL REAL CONO NORTE,0,3,3,0.0
EL REICH,3,10,13,23.1
EL REINO DEL ABISMO,0,3,3,0.0
EL REYNO ARK,0,1,1,0.0
EL SOL DEL NORTE,0,2,2,0.0
EL SOTANO DE JESS,10,5,15,66.7
EL UNDECIMO MANDAMIENTO,9,24,33,27.3
EL VACIO ETERN,0,2,2,0.0
EL juramento de las sombras,0,3,3,0.0
ELDERYN,0,1,1,0.0
ELFRITUS,1,2,3,33.3
ELISA LANCHES,8,7,15,53.3
ELITE MONKEYS,9,18,27,33.3
ELITE VK,0,2,2,0.0
ELIXIR OF LIFE,0,1,1,0.0
EL_JURAMENTO DE LAS SONBRAS,1,14,15,6.7
EMPERADORES LATINOS,0,2,2,0.0
EMPERADORES7,0,1,1,0.0
EMPIRE XOGUM,0,2,2,0.0
END CALL,0,1,1,0.0
ENDANGERED,203,93,296,68.6
ENERGIA OC,2,3,5,40.0
ENTERT4INMENT,28,31,59,47.5
ENTIDAD,1,13,14,7.1
ENVIADOS,3,12,15,20.0
EQP ODIO,3,17,20,15.0
ERGOHEX,3,0,3,100.0
ESCALIUM_JDM,4,10,14,28.6
ESCAPEMOS DE LATAM 3,1,1,2,50.0
ESCLAVOS DE LAS SOMBRAS1,0,6,6,0.0
ESKR2,4,30,34,11.8
ESPADA PLANTEADA,1,0,1,100.0
ESPARTANOOS,0,3,3,0.0
ESPESIALES,7,16,23,30.4
ESTILO CACHORRO,1,0,1,100.0
ETERNAL NIGHTS,45,56,101,44.6
ETERNOS DRAUGR,1,10,11,9.1
ETHERNAL-GLORY,6,38,44,13.6
EUFONIA,0,1,1,0.0
EVERLASTING_LIGHT,0,1,1,0.0
EVIL ICE,0,2,2,0.0
EVIL KOOL GAMING,0,2,2,0.0
EVIL PLVAS,0,2,2,0.0
EWW-A-RAT,2,1,3,66.7
EX3CUT0R,3,2,5,60.0
EXC3LSIOR,12,72,84,14.3
EXIL4D0S,0,1,1,0.0
EXILADOSS,3,4,7,42.9
EXILIADOS DEL NORTE,0,9,9,0.0
EZCARCHA FTS,5,0,5,100.0
EZG0TO,61,61,122,50.0
EZSCROTO,5,6,11,45.5
E_T_E_R_N_O _S,0,2,2,0.0
EastCoastGhosts,2,2,4,50.0
Eastern Dragons,3,13,16,18.8
Ebony Dragons,0,1,1,0.0
Eclipce de Asgarth,3,10,13,23.1
Eclipse Blade,25,51,76,32.9
Eclipse Of Destiny,1,1,2,50.0
Econyx,3,3,6,50.0
Ecos Del Vacio,7,44,51,13.7
Ecos da Ruina,2,17,19,10.5
Eevolution,22,58,80,27.5
Egipto,1,7,8,12.5
Eikonic,123,129,252,48.8
Einzelgnger,1,2,3,33.3
Ejercito del Rey,1,2,3,33.3
El Arca de Noe,1,1,2,50.0
El Arcano Del Loco,0,1,1,0.0
El Cartel del Mencho,0,1,1,0.0
El Clan de Ouroboros,0,1,1,0.0
El Holandes Herrante,1,2,3,33.3
El Imperio Latino,0,7,7,0.0
El Karma Etern0,0,1,1,0.0
El Ku Klux Klan,0,1,1,0.0
El Lag Nos Mato,0,7,7,0.0
El Ministerio De Los AzulesARG,2,0,2,100.0
El Pacto De Los Tres Reyes,4,8,12,33.3
El Panteon Del Rastreo,8,11,19,42.1
El Puerco Y El Perro,0,3,3,0.0
El Puerta Truco Empire,1,1,2,50.0
El Reino del Caos,0,1,1,0.0
El Sacerdote Corrupto,0,1,1,0.0
El Senior Color Noche,8,6,14,57.1
El TREN DEL LLANO,0,3,3,0.0
El Tren del Hielo,7,22,29,24.1
El Trovador,1,3,4,25.0
El cartel CR,0,1,1,0.0
El culto al pan,0,2,2,0.0
El indio solari,32,38,70,45.7
El jorobado y sus amigos,7,9,16,43.8
El poder en La Mano,2,0,2,100.0
El ultimo tango,3,20,23,13.0
ElFachinaArmy,2,1,3,66.7
Elba Neado,1,1,2,50.0
Elemental Tails,0,3,3,0.0
Elite Nostra,0,15,15,0.0
Elite PvE Brasil,4,12,16,25.0
Elite Taiko,2,0,2,100.0
Elite de la Sombra,3,8,11,27.3
EliteDeath,2,10,12,16.7
Ell Sacro Imperio,0,1,1,0.0
Els Gats d Or,12,16,28,42.9
Elyseos,0,5,5,0.0
Emerald Grove,0,2,2,0.0
Emeraldia,0,1,1,0.0
Eminence Fear,0,1,1,0.0
EminenceOfShadows,4,20,24,16.7
Empire Arkaryon,0,6,6,0.0
Empire Blood Wolfs,0,1,1,0.0
En Honor a GallinaPiola,1,4,5,20.0
Encarnados,1,3,4,25.0
End 0f Discussion,9,13,22,40.9
Entry Fragger,1,1,2,50.0
Ephemerals,16,58,74,21.6
Epic Hobos,18,16,34,52.9
Epic Hobots,2,0,2,100.0
Eprosthesyan,0,1,1,0.0
EquilibrE,4,15,19,21.1
Ergenekon_real,0,1,1,0.0
Erome,10,2,12,83.3
Eromita,5,2,7,71.4
Eroth,1,2,3,33.3
Errantes Eternos,0,11,11,0.0
Erro do Ultrassom,1,4,5,20.0
Error 404 Not Found,100,79,179,55.9
Error Loading Guild TMT,2,2,4,50.0
Error_503,0,3,3,0.0
Escarabajos,0,2,2,0.0
Escarcha de Sangre,3,10,13,23.1
Escarveil,46,26,72,63.9
Eschaton judgement,1,0,1,100.0
Escolinha Avalon,11,20,31,35.5
Escoria Rebelde,28,30,58,48.3
EscuadrondelaMuerte,1,0,1,100.0
Escudo_BR,6,33,39,15.4
Esoteric Cult of Cthulhu,0,1,1,0.0
EspadaYFuego,0,3,3,0.0
Espadachines Negros,23,38,61,37.7
Espadas de Avalon,0,1,1,0.0
Esparta16 02 26,0,4,4,0.0
EspartanosDelEste,0,2,2,0.0
Espiga,0,6,6,0.0
EsquerdoPatasDoCabare,1,2,3,33.3
Esqueti,0,4,4,0.0
Estado de guerra,0,1,1,0.0
EstirpE_PolaR,1,6,7,14.3
Estradas Instaveis,0,1,1,0.0
Estrelas do Alvorecer,0,2,2,0.0
Estupichafas,0,5,5,0.0
Et cetera,1,5,6,16.7
Eternal Defiance,34,41,75,45.3
Eternal Divinity,0,5,5,0.0
Eternal Knights of Shadows,15,25,40,37.5
Eternal Radiance,0,2,2,0.0
Eternal Shadow Pact,2,13,15,13.3
Eternal-Reign,1,2,3,33.3
Eternals Night Legion,0,6,6,0.0
Eternity Fame,2,1,3,66.7
Eternity Specters,5,6,11,45.5
Eterno CaoS,1,2,3,33.3
Eternos del Abismo,19,23,42,45.2
Ethernal Kodoku,3,4,7,42.9
Ethernal Rush,2,22,24,8.3
Ethernia,0,2,2,0.0
Ethically Sourced Loot,3,4,7,42.9
Evil AssassinsGreed,114,46,160,71.2
Evil Bencheados,1,0,1,100.0
Evil Cartel,5,0,5,100.0
Evil Fort,0,2,2,0.0
Evil Gatitos,36,22,58,62.1
Evil Knights Of Bridge,18,21,39,46.2
Evil Kool Aid,470,239,709,66.3
Evil Monarch,3,2,5,60.0
Evil No Specs,1,3,4,25.0
Evil Paura,32,51,83,38.6
Evil Pork Pie,1,2,3,33.3
Evil Rugrats,0,3,3,0.0
Evil Tyrannt,0,2,2,0.0
Evil-Gank,18,35,53,34.0
Evil_1,1,1,2,50.0
Evil_Eyes_System,1,6,7,14.3
Evocatum,2,0,2,100.0
Ex Tenebris,0,1,1,0.0
Exiled KingDoms,3,10,13,23.1
Exiliado2 Del Valhalla,10,18,28,35.7
Exiliados del Pacto,2,2,4,50.0
Exilium Tenebrarum,0,1,1,0.0
Exparta,1,2,3,33.3
Explorador Solo,4,7,11,36.4
Explore The World,57,86,143,39.9
Explosao Galatica,0,1,1,0.0
Explotadores11,1,3,4,25.0
ExpressoDaMorte,0,1,1,0.0
Extendo,0,2,2,0.0
Eyes of the Darkness,21,19,40,52.5
F A L A N G E,6,37,43,14.0
F A R M Doni,0,1,1,0.0
F A TU M,15,11,26,57.7
F E A R M E,51,112,163,31.3
F F A,2,3,5,40.0
F I L H O S - D O - E D E N,1,1,2,50.0
F N A T I C,0,2,2,0.0
F O L K V A N G R,6,24,30,20.0
F O R B R I D G E W A T C H,28,12,40,70.0
F O R R E S T E R,0,3,3,0.0
F Pal Que Lee,3,9,12,25.0
F R A T E R N I T Y,19,34,53,35.8
F U L L-C O U N T E R,86,93,179,48.0
F U R O R E,13,34,47,27.7
F0RERUNNERS,0,1,1,0.0
F0rwardUnt0Dawn,2,10,12,16.7
FABRICA DE TANSOS,4,4,8,50.0
FACCION PAPITAS CRUGIENTES,1,1,2,50.0
FALCOES,0,3,3,0.0
FALSO POSITIVO,0,1,1,0.0
FALTA DEDO,1,2,3,33.3
FARM TOWN,0,4,4,0.0
FARMER MONKEY,8,3,11,72.7
FARMERS DE ELITE,0,1,1,0.0
FAS-Tercios,1,0,1,100.0
FAT4L FURRYS,0,1,1,0.0
FATAL M0DEL,1,2,3,33.3
FATAL RECKONING,0,2,2,0.0
FATAL1TY,9,31,40,22.5
FAUNA,0,1,1,0.0
FETTY WOPS,11,19,30,36.7
FF7,0,2,2,0.0
FIGHT-ALL,0,2,2,0.0
FILHOS DA NEVOA,1,1,2,50.0
FILHOS DA SELVA,1,0,1,100.0
FINAL ELITE,10,16,26,38.5
FINIMO ELEGANTE,7,39,46,15.2
FK UNDERWORLD,2,4,6,33.3
FKC y Asociados,0,11,11,0.0
FLOW OF CHAOS,1,3,4,25.0
FOI FUMADO,6,12,18,33.3
FONES-OPAVUN,0,4,4,0.0
FORCED KILLERS,3,11,14,21.4
FOREST MONSTER,1,0,1,100.0
FOREVER GAME,0,2,2,0.0
FORJA DEL ORO,1,6,7,14.3
FORSTEFERSAW,1,0,1,100.0
FORT STERLING BR,0,3,3,0.0
FORTSTERLING FORCES,0,1,1,0.0
FOUR RIDER,2,3,5,40.0
FRANGOS INC,11,8,19,57.9
FREE TP,2,3,5,40.0
FRIJOLEROS MX,0,2,2,0.0
FTK Gang,2,1,3,66.7
FUERZA ELITE DE MARTLOCK,0,7,7,0.0
FUERZA FENIX,13,7,20,65.0
FUFUCORPORATION,0,1,1,0.0
FUL HCE,1,1,2,50.0
FULISH_PG7,0,3,3,0.0
FULL CAP,1,0,1,100.0
FULL TIER 3,13,26,39,33.3
FUMETAS LOVE,0,3,3,0.0
FURIA DIVIN4,7,32,39,17.9
FURIA-ETERNA,3,19,22,13.6
FURIAN,0,4,4,0.0
FaIIen AngeIs,79,88,167,47.3
Fabrica De Bolo,5,8,13,38.5
Faction Army,221,137,358,61.7
Faction Wars,50,99,149,33.6
FadaHaGA,0,1,1,0.0
Fairy_Tail12,1,4,5,20.0
Fake Plastic Trees,4,6,10,40.0
Fallen Sacrament,10,15,25,40.0
Fallen Stars,5,24,29,17.2
FallenOAngel,0,1,1,0.0
Falling Skies,1,0,1,100.0
Falsos Positivos,8,19,27,29.6
Falta Envido,0,4,4,0.0
FamJam,1,0,1,100.0
Familia de Avalon,0,1,1,0.0
FamiliaXZ,0,2,2,0.0
Family Hestia,0,6,6,0.0
Family Tempested,0,2,2,0.0
Family Wym-Tks,0,1,1,0.0
Family_TpG,1,1,2,50.0
Famous Company,2,1,3,66.7
FanaticasDeLoSensual,0,2,2,0.0
Fanaticos Por PvE,59,138,197,29.9
FandG,0,4,4,0.0
FarmLiberty,0,8,8,0.0
FarmPk,0,1,1,0.0
Farmando XP,0,1,1,0.0
Farmantes Anonimos,0,2,2,0.0
Farmers Delight SP,0,1,1,0.0
FarmersXD,0,1,1,0.0
FarmingShop,1,0,1,100.0
FatedHearts,11,33,44,25.0
Fates Reign,9,11,20,45.0
Fatties,1,0,1,100.0
Fauces de Avalon,4,7,11,36.4
Fax Country,0,1,1,0.0
Fear Syndicate,4,25,29,13.8
Fed0X,1,0,1,100.0
Feed,33,26,59,55.9
Feel Good lnc,3,1,4,75.0
Feel The Silence,3,4,7,42.9
Femboy Armada,0,1,1,0.0
Femboy University,1,0,1,100.0
Femboys Lovers LXP,0,2,2,0.0
Femboys y Empanadas,1,0,1,100.0
Fesk,0,4,4,0.0
Festa Estanha,2,6,8,25.0
Feudo-comumistas,0,1,1,0.0
Fiend Club Inc,1,2,3,33.3
Fight Club BR,3,5,8,37.5
Filhos da Lua Dourada,0,1,1,0.0
Filius nigrum mare,0,7,7,0.0
Filthy Casual INC,5,6,11,45.5
Fimosity,7,11,18,38.9
Final Forms,0,1,1,0.0
Finis terra,30,36,66,45.5
Fino Senhores,4,7,11,36.4
Fire And Ashes,32,100,132,24.2
Fire With Fire,54,82,136,39.7
Fischer projection,0,3,3,0.0
Fist of Ragnarok,1,9,10,10.0
Fjord,0,3,3,0.0
FlRE GODS,1,27,28,3.6
Flamme Noire,0,1,1,0.0
Flank,2,1,3,66.7
FlatDragon,0,1,1,0.0
Fleurir,0,2,2,0.0
Floral,2,1,3,66.7
Flying-Pigs,7,15,22,31.8
Fnatic war,0,4,4,0.0
Focaris,1,12,13,7.7
Fofos,4,5,9,44.4
Follaabuelas3000,0,3,3,0.0
FollowMe,1,12,13,7.7
FollowersOfTheKing,1,0,1,100.0
Foot Freaks,0,6,6,0.0
ForTheGloryOfChrist,0,1,1,0.0
Forajidos Errantes,1,4,5,20.0
Forasteros del Ocaso,0,16,16,0.0
Foreigner DarkNights,0,8,8,0.0
Forever Flagged,1,0,1,100.0
Forever-Gxnk,0,1,1,0.0
Forja dos Novatos,1,8,9,11.1
Forjados na Guerra,0,1,1,0.0
FormigueiroBR,0,1,1,0.0
Formosa Overlord,3,0,3,100.0
Fortshitlings,1,0,1,100.0
Foso Sangrante,0,6,6,0.0
Fox Houd,0,1,1,0.0
Fracasados SA,2,13,15,13.3
Free Beer,80,62,142,56.3
Free Wanderers,1,1,2,50.0
Freedom Flex,5,5,10,50.0
FreezingHell,31,4,35,88.6
Frenzied --__-- Hunters24,2,7,9,22.2
FriarJesus,0,1,1,0.0
FrosmurT,1,0,1,100.0
Frostfire Rangers,0,4,4,0.0
Frostforge Oath,0,1,1,0.0
Fruta Estelar,0,1,1,0.0
FuII Send,0,7,7,0.0
Fuegoscuro,0,2,2,0.0
Fuera venekos,36,14,50,72.0
FulI Wipe,7,6,13,53.8
Full Profiters,0,1,1,0.0
Full Reapers,1,2,3,33.3
Fullfarn,1,1,2,50.0
Fuma e Farma,3,17,20,15.0
Fun Plus Dragon,0,1,1,0.0
Furia Abissal,1,0,1,100.0
Furia Nocturnx,286,293,579,49.4
Furia nocturnx 2,31,61,92,33.7
Fury of the Skull,1,0,1,100.0
Fv Games,0,1,1,0.0
Fwft,0,2,2,0.0
G A M,7,22,29,24.1
G A N J E R O S,1,3,4,25.0
G E M A,1,1,2,50.0
G L A D I U S - S A N C T U S,1,8,9,11.1
G O T H 4 M,1,3,4,25.0
G0LDEN C0MPANY,1,8,9,11.1
G3NESYS,1,2,3,33.3
G4M3RS COL,0,2,2,0.0
G4TOS CUBA,1,4,5,20.0
GAITI,0,1,1,0.0
GALA GROSSA,8,17,25,32.0
GALDERIOSTCHE,1,1,2,50.0
GANGSTER SOLO,2,2,4,50.0
GANKERS-WARRIORS,0,1,1,0.0
GANKHELLS,0,1,1,0.0
GANKOLETA,5,9,14,35.7
GANKOLETEIROS,4,11,15,26.7
GATITOS CON RABIA,0,1,1,0.0
GATITOS TERRORISTAS,22,40,62,35.5
GATOS TANKUDOS,0,2,2,0.0
GEADA,1,24,25,4.0
GELO E TECO,114,47,161,70.8
GENEI RY0D4N,7,27,34,20.6
GG PERO NO,0,1,1,0.0
GGBR,0,1,1,0.0
GGNOOBS,112,45,157,71.3
GHOST_BLACK_88,2,17,19,10.5
GHOST_PLAYER,0,1,1,0.0
GIGI NIGI,0,1,1,0.0
GIRTH,2,3,5,40.0
GLADIADORES L,4,3,7,57.1
GLOBAL_BR3,0,2,2,0.0
GO INSIDE,80,57,137,58.4
GO0NSWARM,4,18,22,18.2
GOBLINS ARMY,0,5,5,0.0
GOBLlNS,26,20,46,56.5
GOD LIKE CLUB,0,3,3,0.0
GODS SON OF DRAGONS,19,64,83,22.9
GOLD MADENN,0,2,2,0.0
GOLPE_SUAVE,0,1,1,0.0
GONJA,1,1,2,50.0
GOOD CORP,4,2,6,66.7
GOOD FELLASS,9,9,18,50.0
GOTHAM C1TY,0,4,4,0.0
GOTOPLAY,0,1,1,0.0
GOZA BOLSONARO,3,10,13,23.1
GR7 EXPLODE,3,1,4,75.0
GRAM IMPERIO DEL TAHUANTINSUYO,0,1,1,0.0
GRAN IMPERIO DE LA HUMANIDAD,3,4,7,42.9
GRAN_TUMBA_DE_NAZARICK,18,15,33,54.5
GRC,0,1,1,0.0
GRE 17,0,3,3,0.0
GREMIO PARA FLEXEAR ISLA,3,4,7,42.9
GREMIO PERSONAL,0,1,1,0.0
GREMITIUS,5,39,44,11.4
GRIFFINS-HEART,6,7,13,46.2
GRIM EXODUS,0,1,1,0.0
GRIMORIO DEL NUCLEO DORADO,4,20,24,16.7
GROW SHOP,0,1,1,0.0
GRRENWOOD,2,11,13,15.4
GRUPO KUAKER,1,0,1,100.0
GRUPO LATINO AMERICANO,0,2,2,0.0
GRUPOKILLER,0,2,2,0.0
GR_LEGENDARY,0,2,2,0.0
GT ARMY,0,1,1,0.0
GT FENIX,22,46,68,32.4
GTS RASPUTIN,15,28,43,34.9
GUARDIANES DE LA OSCURIDA,0,3,3,0.0
GUARDIANES DEL ABISMO,38,53,91,41.8
GUARDIANES DUALES,0,4,4,0.0
GUARDIANS OF THE VALHALLA,0,1,1,0.0
GUARDIA_NOTURNA,0,1,1,0.0
GUERREROS CELESTIALES,1,1,2,50.0
GUERREROS DE ALBION,6,12,18,33.3
GUILD-ARMY,1,3,4,25.0
GUILD-OF-SHADOWS,1,1,2,50.0
GX RANGER,0,3,3,0.0
Gala-Rala,0,2,2,0.0
Galo Galudo,0,1,1,0.0
Game Development Department,7,7,14,50.0
GamerSRevengers,2,22,24,8.3
Gamers of the Galaxy,0,1,1,0.0
GaminJa king,1,1,2,50.0
Gampo,0,1,1,0.0
Ganaderia Triple X,0,1,1,0.0
Gang dos corno manso,4,1,5,80.0
GangBang Theory,1,0,1,100.0
Gank Me Harder Daddy,1,1,2,50.0
Gank N Gather,0,1,1,0.0
Gank is Art,0,1,1,0.0
Gankers LetaLes,194,254,448,43.3
Gankers Nueva Generagion,0,1,1,0.0
Gannicus,0,4,4,0.0
Gansta Paradise,0,1,1,0.0
Garden of the Gods,0,1,1,0.0
Garrafuria,5,14,19,26.3
Garras_De_La_Noche,1,1,2,50.0
Garuda,0,1,1,0.0
Gatitos Embotellados,4,8,12,33.3
Gatitos Mimoshos,22,36,58,37.9
GatoNegro,0,1,1,0.0
Gaviotas Polares,0,1,1,0.0
GayNENRyodan,0,1,1,0.0
GenRyodan2610,1,0,1,100.0
Genesis Rising,6,26,32,18.8
Gentleman-Less,3,3,6,50.0
Get Off My Mountain,0,8,8,0.0
Get out of bed,1,1,2,50.0
GetKhumDhan,2,0,2,100.0
Getting Cold,3,11,14,21.4
Ghost Divers,4,13,17,23.5
Ghost Kingdom,18,58,76,23.7
Ghost de Sparta,2,8,10,20.0
Ghoststrike,1,24,25,4.0
Giga Trolls,0,2,2,0.0
Ginger Valley,4,26,30,13.3
Girei,12,18,30,40.0
GirlPowerS2,2,7,9,22.2
Gladiadores Espartanos,0,9,9,0.0
Gladius Noctis,1,0,1,100.0
Gloria Prusiana,4,1,5,80.0
GloriaLatina,0,3,3,0.0
Glorious Angels,0,2,2,0.0
Glory Of God,1,1,2,50.0
Gloryless,0,1,1,0.0
Go to Bed,3,15,18,16.7
Goblin Hoarders,0,1,1,0.0
Goddess Morgana,3,5,8,37.5
Gods Corp,9,6,15,60.0
GogoBoysGeriatricos,0,1,1,0.0
GojoSatuory,0,3,3,0.0
Gold - Warrior - Forget,2,4,6,33.3
Gold Noob Family,0,1,1,0.0
Golden Deal Company,0,7,7,0.0
Golden Key Syndicate,1,11,12,8.3
Golden Moose,0,2,2,0.0
Golden Onion,0,1,1,0.0
Golden Rune,0,1,1,0.0
Golden Vengeance,0,8,8,0.0
Golden-Horde,5,12,17,29.4
Goldens Coffee,0,1,1,0.0
Gonar The Nemesis,1,8,9,11.1
Gooners INC,8,8,16,50.0
Gorgonitass,0,1,1,0.0
Got Talent,21,28,49,42.9
Government Subsidies,1,7,8,12.5
Grace_Of_The_Pristine,0,4,4,0.0
Granda Legacy,0,1,1,0.0
GrandeTumbaNazarick,10,20,30,33.3
Granjeros_Cie,9,2,11,81.8
GrannysPanties,0,1,1,0.0
GreMiO dE cerVeCeroS,3,16,19,15.8
Green Academy,0,2,2,0.0
Green Shield,0,10,10,0.0
Gremory_Gr,0,1,1,0.0
Griffins Riders,94,124,218,43.1
Grimeton,0,1,1,0.0
Grioten,0,2,2,0.0
Grizzly Bears,0,4,4,0.0
Grougaloragran,65,41,106,61.3
Growers united,3,5,8,37.5
GrupoDeLaM,0,3,3,0.0
Guardia Nacional AO,3,8,11,27.3
Guardia-Nocturna,3,0,3,100.0
Guardia_De_La_Noche,0,9,9,0.0
Guardian of Adventurers,1,0,1,100.0
Guardianes De Asgard,4,24,28,14.3
Guardianes De Nazarick,1,4,5,20.0
Guardianes Del Cofre,0,2,2,0.0
Guardianes Del Espectro,1,6,7,14.3
Guardianes de Martlock,5,16,21,23.8
Guardianes de la Orden,2,5,7,28.6
Guardians of Galaxy,2,16,18,11.1
Guardians of the Fortun,0,9,9,0.0
Guardians of the Hunt,0,6,6,0.0
Guardians of the Kingdoms,2,4,6,33.3
Guardias Imperiales,2,1,3,66.7
Guardias del Bosque Negro,1,1,2,50.0
Guardin Solitario,0,1,1,0.0
Guardioes Avalon,0,1,1,0.0
Guardioes de Mandalore,0,1,1,0.0
Gubki,4,10,14,28.6
Guerreiros Do Passado,0,1,1,0.0
Guerreiros de Nilfgaard,2,2,4,50.0
Guerreros Nordicos,4,16,20,20.0
Guerreros de Nika,0,2,2,0.0
Guias Ciegos,0,1,1,0.0
Guild Hall do Petini,2,3,5,40.0
Guild of Albion Triumph,0,2,2,0.0
GuildPotato103,1,4,5,20.0
GuildPotato1509,1,1,2,50.0
Guilda Brizi,0,1,1,0.0
Guille y su pandilla,0,1,1,0.0
Gun Runners,0,4,4,0.0
Gurken Schurken,1,1,2,50.0
GxL,0,1,1,0.0
Gyere Gecy,0,2,2,0.0
H A M B R E,0,1,1,0.0
H A R A K I R I,2,3,5,40.0
H E L L C O R E,29,40,69,42.0
H E L L O C O T T O,4,7,11,36.4
H E L L _ D I V E R S,34,53,87,39.1
H I D D E N S,1,13,14,7.1
H O L Y B I B L I E,3,17,20,15.0
H O S P I C I O,0,6,6,0.0
H U M U N G O S A U R I O S,4,2,6,66.7
H U R S T,62,75,137,45.3
H Y P E R I U M,0,1,1,0.0
H Y S T E R I C,0,1,1,0.0
H Y S T E R Y A,1,1,2,50.0
H-E-L-H-E-I-M,19,6,25,76.0
H0N0RABLES,19,29,48,39.6
H3roLag,5,6,11,45.5
H3rois da Tret4,63,83,146,43.2
H4LLOWEEN,0,3,3,0.0
HAGUARES,0,1,1,0.0
HAI HU,1,2,3,33.3
HALCON BLACK,9,15,24,37.5
HALCONES CARMESSI,0,1,1,0.0
HAPAE,0,2,2,0.0
HATECLUB,1,3,4,25.0
HAWKEYE _TF,17,34,51,33.3
HC - Hellfire Club,0,7,7,0.0
HCE AMBISHON,0,2,2,0.0
HCE HARDCORE,0,1,1,0.0
HCE ROYALTY,4,5,9,44.4
HEALER AND HEALER,0,1,1,0.0
HEILPVP,116,82,198,58.6
HEINSENBERG,8,7,15,53.3
HELHAIM LOS SAYAN,0,1,1,0.0
HELHOKlS,2,3,5,40.0
HELL KILLERS,54,25,79,68.4
HELLROAD EAGLES,1,0,1,100.0
HELLS KITCHEEN,45,21,66,68.2
HELLS_PARADISE,0,1,1,0.0
HERCULEZ,0,4,4,0.0
HERMANDAD PJ,0,9,9,0.0
HEROSHIMA,0,1,1,0.0
HI-HIDRA,11,16,27,40.7
HIJOS DE LA LUNA PLATEADA,1,18,19,5.3
HIJOS DEL TITAN,2,7,9,22.2
HIMIKO SONS,0,1,1,0.0
HMLA-K,0,3,3,0.0
HOLD MY XIAOMI,0,1,1,0.0
HOLY ROMAN EMIRE,0,3,3,0.0
HOPLITA,39,106,145,26.9
HORA _DE _AVENTURA,9,14,23,39.1
HOSANA,7,4,11,63.6
HOUSE OF DAWN,0,1,1,0.0
HRE Holy Roman Empire,1,3,4,25.0
HUJING,82,36,118,69.5
HULAJ,2,1,3,66.7
HUNTER DOG BR,4,2,6,66.7
HUNTERS ALB,0,1,1,0.0
Halcon escarlata,0,8,8,0.0
Half-Blood Guardians,3,10,13,23.1
Hamburg Kid,6,19,25,24.0
Hammer Dahn,1,5,6,16.7
Hand of G0d,0,2,2,0.0
Hands of Florence Nightingale,0,1,1,0.0
Happy Fishers,0,2,2,0.0
Happy Henrys Pub,0,1,1,0.0
Happy Hour,9,21,30,30.0
Happy strangers,0,1,1,0.0
Harbingers Lament,1,3,4,25.0
Harlequins of Olimpus,0,3,3,0.0
Harry of the Garys Mods,1,0,1,100.0
Harvester Kin,1,12,13,7.7
Harvesters of the Hopeful,65,199,264,24.6
Hasta que todos seamos uno,0,8,8,0.0
Hates It Here,19,5,24,79.2
Hause Martel,0,2,2,0.0
Havana Club,4,13,17,23.5
HeIIheim,13,13,26,50.0
Heal Mee,1,0,1,100.0
Heaven-Doors,7,1,8,87.5
Hei Bai Forest Guardian,0,1,1,0.0
HellParadise,9,40,49,18.4
Hellborne,1,0,1,100.0
Hellgate Slayers,0,2,2,0.0
Hellhole,0,1,1,0.0
Hello Cotto,5,4,9,55.6
Hemp Rats Cartel,30,93,123,24.4
Herald of the Fallen,0,1,1,0.0
Heraldos del Abismo,1,2,3,33.3
Heraldos del Destino,1,4,5,20.0
Heraldos del Valhalla,2,6,8,25.0
Herederos del Yunque,0,1,1,0.0
Heretic Network,4,9,13,30.8
Hermandad Pucio,0,1,1,0.0
Hermanos del Yunque,1,0,1,100.0
Hero Lanniter,0,1,1,0.0
Hero To Zer0,10,3,13,76.9
Heroes Del Silencio,10,3,13,76.9
Heroes Of Silencio,0,2,2,0.0
Heroes Runicos,5,2,7,71.4
Heroes sin capa,0,1,1,0.0
HeterosDeDerecha,2,0,2,100.0
HiDrA Reborn,22,116,138,15.9
Hidden Fighters,0,2,2,0.0
Hidden New World,0,5,5,0.0
Hidden Power,0,1,1,0.0
Hiden Assassins,9,8,17,52.9
Hideyoshi,2,4,6,33.3
Hierophant,1,3,4,25.0
High Council of Low Standards,1,4,5,20.0
High Down,1,1,2,50.0
High Respect LFNM,3,10,13,23.1
Highskull,0,1,1,0.0
Hightree steeps,0,2,2,0.0
Hijos de la Anarquia,19,13,32,59.4
Hijos del Sol Ardiente,13,12,25,52.0
Hillimani,0,3,3,0.0
Hiluu BB,3,0,3,100.0
Himagsikan,0,3,3,0.0
HiperactivosUMSS,3,0,3,100.0
Hisoka,29,23,52,55.8
Hispanica,0,1,1,0.0
Hit On Me,1,1,2,50.0
Hitsquad,86,89,175,49.1
Hiyoko gakkou,11,31,42,26.2
HoJs,0,1,1,0.0
Hobres-de-Honorr,0,5,5,0.0
HocusPocus,0,1,1,0.0
Hofring,1,7,8,12.5
Hojas Blancas,0,3,3,0.0
Hold My Didi,1,2,3,33.3
Hold My Motorola,0,1,1,0.0
Hold My Nokia,0,1,1,0.0
Hold My Pocket,93,80,173,53.8
Hold My Sansung Galaxy,2,1,3,66.7
Hold My ZTE,1,1,2,50.0
Hollow Specs,2,9,11,18.2
Holly Michaels,0,1,1,0.0
Holy_Templar Order,1,15,16,6.2
Homme du Nord,0,1,1,0.0
HomosexualParadise,1,0,1,100.0
Honey Fingers,16,10,26,61.5
HonjoMasamune,1,2,3,33.3
Honoris,84,168,252,33.3
HooldingCeert,0,1,1,0.0
Hope S Horizon,2,1,3,66.7
Hormigueros,0,5,5,0.0
Horuss,0,2,2,0.0
Hour Of Darkness,0,2,2,0.0
House-Of-Dragons,6,30,36,16.7
Howling WolF30,3,2,5,60.0
HuH focus helear,0,7,7,0.0
Hua Shan,0,2,2,0.0
Huff n Puff,5,1,6,83.3
Hug Mee,0,1,1,0.0
Humans Only,0,1,1,0.0
Hunted Fest,3,0,3,100.0
Hunter 87,0,1,1,0.0
Hunter Assasins,37,74,111,33.3
HuntersDungeons,5,28,33,15.2
HuntersNotz,0,2,2,0.0
Hunterz zone,6,21,27,22.2
Hybrid Moments,4,0,4,100.0
Hyddr4,0,2,2,0.0
Hydra Corporations,1,2,3,33.3
I - FLECHEROS T4,2,2,4,50.0
I BGF I,2,12,14,14.3
I Call Out I,19,16,35,54.3
I CarpeDiem I,0,7,7,0.0
I Club Penguin I,1,2,3,33.3
I Colmillo Sangriento I,1,0,1,100.0
I DEMACIA I,12,12,24,50.0
I DIOSES I,15,5,20,75.0
I Devil V1ctory I,2,8,10,20.0
I Diamond Dogs I,45,34,79,57.0
I DieHard I,25,86,111,22.5
I Dont-Know,15,23,38,39.5
I Guess What I,1,3,4,25.0
I Heavenly Demon I,35,61,96,36.5
I Hijos de la Ruina I,0,1,1,0.0
I J U M A N J I I,0,1,1,0.0
I JORDAN I,0,4,4,0.0
I JustUs I,2,4,6,33.3
I K O N,0,3,3,0.0
I L E V E L I N G I,11,18,29,37.9
I LOVE BLONDE GIRL,0,3,3,0.0
I Loniez I,20,31,51,39.2
I M M I N E N T,0,3,3,0.0
I M O R T A I S,186,285,471,39.5
I Made in Abyss I,24,60,84,28.6
I Minimum Effort I,0,2,2,0.0
I N D O M I N U S,5,17,22,22.7
I N F I E R N U S,0,1,1,0.0
I N J U S 7 I C E,5,16,21,23.8
I N S 4 N 3,0,1,1,0.0
I N S O L A T I O N,28,27,55,50.9
I N S O L E N T,165,206,371,44.5
I N T E R B A N K,1,3,4,25.0
I Not So Friendly I,1,0,1,100.0
I Nothing I,267,232,499,53.5
I ODISEA I,1,0,1,100.0
I OLD MONEY I,1,0,1,100.0
I Only Collect,0,1,1,0.0
I PARADIGM I,1,2,3,33.3
I Paradise I,85,52,137,62.0
I REVENGE I,44,43,87,50.6
I Ready I,0,2,2,0.0
I SURGE I,36,33,69,52.2
I SWEAR I HIT IT,5,24,29,17.2
I Seek And Destroy I,1,1,2,50.0
I Take Care I,7,12,19,36.8
I TheSect I,1,1,2,50.0
I Think So,19,43,62,30.6
I Tilines Gang I,0,2,2,0.0
I UMBRA I,0,1,1,0.0
I V E N U M I,0,4,4,0.0
I Warriors Company I,19,65,84,22.6
I Winx Club I,0,1,1,0.0
I undetected reptilians I,1,0,1,100.0
IAscendedI,0,1,1,0.0
IBNDI DayBreakLegion,5,4,9,55.6
ICE In Your Back,22,31,53,41.5
ICENGARTH,1,4,5,20.0
IDEMASIADOSI,1,16,17,5.9
IDark-DragonsI,3,4,7,42.9
IDpsKidsIrl,3,3,6,50.0
IExodus,6,25,31,19.4
IFireForceI,24,54,78,30.8
IFures,425,314,739,57.5
IG2I,24,44,68,35.3
IGNIS MORTUM,0,2,2,0.0
IGUANO POWER,2,8,10,20.0
II E X I L I U M II,11,21,32,34.4
II Genesis II,7,12,19,36.8
II HunT II,0,1,1,0.0
II INMORTALITY II,15,10,25,60.0
II LA MALDAD II,3,3,6,50.0
II OUIJA II,0,2,2,0.0
II Overcharged II,1,0,1,100.0
II Static Divers II,1,1,2,50.0
II W A R R I O R S II,4,11,15,26.7
II WINGS OF BLOOD II,1,3,4,25.0
II Wolf Soul II,0,1,1,0.0
IIFures,156,86,242,64.5
IIHail HydraII,6,7,13,46.2
IINoxCoreII,0,1,1,0.0
IImperial Army,3,8,11,27.3
IL VALORE,0,4,4,0.0
ILHA EPSTEIN,8,5,13,61.5
ILLICIT HOMMIES,1,2,3,33.3
ILOKINGDON,0,2,2,0.0
ILONELY,0,2,2,0.0
ILUMINADOS3,0,1,1,0.0
ILUMIPAPUS,6,5,11,54.5
ILooT OLX,0,1,1,0.0
IM-DISASTER,2,4,6,33.3
IMBEC1LES,1,0,1,100.0
IMBROXAVEL,1,0,1,100.0
IMORTAIS ACADEMY,40,128,168,23.8
IMPERIO ALEMAN,8,24,32,25.0
IMPERIO ARCANO BR,0,1,1,0.0
IMPERIO DE MYNOGHRA,1,9,10,10.0
IMPERIO MAKUS,97,111,208,46.6
IMPERIO MARTLOCKK,5,6,11,45.5
IMPERIO REPORT,10,46,56,17.9
IMPERIO ROMAN0,0,1,1,0.0
IMPERIO VENEZUELA,1,3,4,25.0
IMPERIUMM,1,1,2,50.0
IMPERIVM ONLINE,0,6,6,0.0
IMPOSTO FUNERARIO,23,15,38,60.5
IN MOR TAL,24,37,61,39.3
INDECOPI,77,57,134,57.5
INDOM4BLE,11,3,14,78.6
INDOMABLES CUBA,1,4,5,20.0
INDOMITABLE LEGION,6,79,85,7.1
INFAMAS,2,0,2,100.0
INFINITY_BR,0,1,1,0.0
INICIATYVE,1,1,2,50.0
INIMIGOS DA ESQUIVA,0,10,10,0.0
INQUISIDORESS,0,1,1,0.0
INSANOSBR,0,2,2,0.0
INSTA KARMA,1,2,3,33.3
INTEPLOS,0,1,1,0.0
INTI PAQ INTI,1,0,1,100.0
INU PIA,1,2,3,33.3
INVADERS GG,18,60,78,23.1
INVICTOS VORAZES,19,39,58,32.8
INVICTUS CORE,0,2,2,0.0
IPANDAi Caerleon,2,8,10,20.0
IPaniC,73,74,147,49.7
IR0NMAN MADE,0,5,5,0.0
IRMANDADE DA GUERRA,0,1,1,0.0
IRMANDADE DOS RENEGADOS,4,35,39,10.3
IRON-THRONE,0,2,2,0.0
IRONTHAL,1,0,1,100.0
IS MY STATIC,15,49,64,23.4
IS NOT MY STATIC,1,4,5,20.0
IS0LAD0S,14,7,21,66.7
IT s ShoW TimE,91,167,258,35.3
IVEXI,6,27,33,18.2
Ibu-profeno,0,2,2,0.0
Ice Canines,0,3,3,0.0
Ice Fort,54,38,92,58.7
IceTeaLemonade,0,1,1,0.0
Ignis Avem,0,1,1,0.0
Ignum,60,78,138,43.5
Ilani,0,1,1,0.0
Ill Be In Your Mom,22,53,75,29.3
Ill Omen,1,1,2,50.0
Illumianaughty,0,1,1,0.0
Immortal Cobra,2,16,18,11.1
Immperator,0,7,7,0.0
Imperial Return,0,1,1,0.0
Imperio Dos Anoes,0,1,1,0.0
Imperio I_N_K_A,3,3,6,50.0
Imperio de la Sangre,0,1,1,0.0
Imperio del Ultimo Sol,0,1,1,0.0
Imperium Mortis,0,2,2,0.0
Imperium Viss Ignis,31,50,81,38.3
Impostor,1,0,1,100.0
In Dungeon,2,1,3,66.7
In Morte Libertas,1,8,9,11.1
In Nibol We Trust,7,6,13,53.8
In The Zone,2,0,2,100.0
Incas smurfs,1,0,1,100.0
Industrias Sougad SA,3,1,4,75.0
Infan3,0,2,2,0.0
Infeliz,0,1,1,0.0
Infernal Black Legion,0,1,1,0.0
Infierno Supremo,1,14,15,6.7
Infinite Astrolis,41,66,107,38.3
Infinite Chest,0,1,1,0.0
Infinite-Chaos,0,4,4,0.0
Infity force,0,1,1,0.0
Informals ravengers,0,2,2,0.0
Inglorious Pixels,0,1,1,0.0
Inglorium,25,54,79,31.6
Inimigos do CLT,2,1,3,66.7
Injustica Funeraria,1,2,3,33.3
InmortalesVNZ,1,5,6,16.7
Insane SquaD,1,4,5,20.0
Insane of Avalon V12,0,2,2,0.0
Insanes32,1,2,3,33.3
Insanos Express,5,34,39,12.8
Insanos por PVE,67,118,185,36.2
Inspeccion de Billeteras,70,88,158,44.3
Instic,214,246,460,46.5
Intergalactic Space Hobos,0,1,1,0.0
Interrupted Signal,8,44,52,15.4
Invasores de Dungeon,0,1,1,0.0
Invasors,0,1,1,0.0
Iran Team,0,1,1,0.0
Irmandade das Sombras,1,1,2,50.0
Irmandade dos Magos,0,1,1,0.0
Iron Cross Company,0,2,2,0.0
Iron Fist Order,0,3,3,0.0
Iron Reapers,0,3,3,0.0
IronMann,0,1,1,0.0
Ironman-made,0,1,1,0.0
IsMyCastle,1,1,2,50.0
Isara,0,1,1,0.0
Ishimura Ghosts,0,1,1,0.0
Isla De Economia,0,1,1,0.0
Island Dragon,11,35,46,23.9
It Takes Time,1,0,1,100.0
Its Time,2,10,12,16.7
J A B A R I,7,0,7,100.0
J U S T I C I A,0,1,1,0.0
J U S T I C L A P,1,1,2,50.0
J3SUS FREAKS,0,1,1,0.0
JABARRIX,0,1,1,0.0
JAMAICA,10,17,27,37.0
JESUCRISTO De NAZARET,0,4,4,0.0
JFures,6,3,9,66.7
JHORDAN,0,1,1,0.0
JIJO,1,2,3,33.3
JJBeats Farm 1,0,1,1,0.0
JJMonkys,0,1,1,0.0
JN_Hunter,1,3,4,25.0
JOGOSDAGALERA,0,2,2,0.0
JOKERS-FAMILY,0,1,1,0.0
JOMSVIK1NGS,3,15,18,16.7
JORNALEROS_DE_LA_PENUMBRA,1,3,4,25.0
JPA,0,2,2,0.0
JRR,0,5,5,0.0
JaciArmy,1,0,1,100.0
Jardim Do Sol,6,24,30,20.0
Jawas Ate My Baby,0,2,2,0.0
Jester Life,0,1,1,0.0
Jesters Pair A Dice,1,1,2,50.0
JesusChristIsLord,0,1,1,0.0
Jigoku no Shisha,0,5,5,0.0
Jimbo3000s,0,2,2,0.0
JoJosBizzareAdventure,0,3,3,0.0
Jonhnie Walker,7,6,13,53.8
Jorel World,0,1,1,0.0
Jorge el curioso,1,9,10,10.0
Jormund,0,2,2,0.0
JoshBankD,2,0,2,100.0
Jp_28,0,3,3,0.0
Juicy-Loot,0,3,3,0.0
Juramento Carmesi,0,2,2,0.0
Juramento do Eclipse,1,10,11,9.1
Just Drop4,127,72,199,63.8
Just Me Bro,0,1,1,0.0
Just a man,0,2,2,0.0
Just_chill_to_start,6,4,10,60.0
K 4 FN,4,5,9,44.4
K I G A,3,1,4,75.0
K I N D R E D S,0,5,5,0.0
K I Z A Z O,0,1,1,0.0
K O D O K U,4,27,31,12.9
K PA MI XAN,2,10,12,16.7
K PASA LARBA,0,1,1,0.0
K U R D-BLACK FLAG,0,1,1,0.0
K a t t e g a t,1,4,5,20.0
K-O-Z-A-R-K,0,3,3,0.0
K-Pangas,5,22,27,18.5
K1M0N0,1,0,1,100.0
K1llZ0N3,24,47,71,33.8
K4BARE,0,1,1,0.0
KAER MORHEN CASTLE,0,1,1,0.0
KALETH,1,1,2,50.0
KALGARALAND,3,2,5,60.0
KAMIKAZS,0,1,1,0.0
KAMOTE VAPERS,7,3,10,70.0
KARABURMA,7,24,31,22.6
KARTEL DE TIKTOK,2,3,5,40.0
KBRA,0,5,5,0.0
KENTHALY,1,3,4,25.0
KILL--LOOT-PROFIT,3,9,12,25.0
KILL_S_N_G,0,3,3,0.0
KIND-VARNOKT,3,0,3,100.0
KING MANE,13,67,80,16.2
KING MERCY,0,1,1,0.0
KINGDOM OF FARLANDS,13,31,44,29.5
KIRITOXD,0,1,1,0.0
KISS KISS,1,0,1,100.0
KLInGG,1,3,4,25.0
KNIGHTS OF ANGBAND,0,1,1,0.0
KNIGHTS OF BRIDGE,11,14,25,44.0
KNIGHTWILDS,7,15,22,31.8
KNOCK OUT GANG,1,3,4,25.0
KOALATION,4,5,9,44.4
KOKEKOS,0,1,1,0.0
KON TAC TO,3,30,33,9.1
KR SEED,74,118,192,38.5
KR Sangre x Sangre,1,3,4,25.0
KULDAUN,63,58,121,52.1
KURO-S H3LL,13,23,36,36.1
KYOTO_BR,0,1,1,0.0
KaDosH,0,1,1,0.0
KabuuM,3,4,7,42.9
Kakaotua,0,1,1,0.0
Kalacas Shidass,0,20,20,0.0
KaligulaHH,7,3,10,70.0
KameLord,2,3,5,40.0
Kaserio,1,6,7,14.3
Katteggat,6,7,13,46.2
Kedoin,3,14,17,17.6
Keepers of the Unknown,1,6,7,14.3
Keverling III,0,2,2,0.0
Keybump,159,115,274,58.0
Kharazam,0,1,1,0.0
Khem,0,2,2,0.0
Kill Or Be Kill3d,4,18,22,18.2
KillSquad,18,30,48,37.5
Killdown2,0,2,2,0.0
Killer Ducks II,1,11,12,8.3
Killers Kawais,0,3,3,0.0
Killerskinners,0,2,2,0.0
King Priest,0,1,1,0.0
King Surf,52,30,82,63.4
KingOfFighters,0,1,1,0.0
Kingdom Fury,15,17,32,46.9
Kingdom Hell,5,9,14,35.7
Kingdom of Steep,0,1,1,0.0
Kingdom of Swadia,0,1,1,0.0
Kingnoia,1,4,5,20.0
Kings Maps,1,0,1,100.0
Kings Of PvP,1,1,2,50.0
Kings of the camps,2,0,2,100.0
Kingsman Academy,0,1,1,0.0
KititakoSalame,0,1,1,0.0
Kitty Killers,0,4,4,0.0
KladivaKlan,0,1,1,0.0
Klaromeco,0,8,8,0.0
KluguuOnline,0,1,1,0.0
Knight Blood,5,18,23,21.7
Knight of Velyrion,0,1,1,0.0
Knight-Errant,0,2,2,0.0
KnightNight,4,2,6,66.7
Knights And Chivalry,5,1,6,83.3
Knights Of Monkey,2,1,3,66.7
Knights _of_the_Abyss,1,0,1,100.0
Knights of Arcana,0,4,4,0.0
Knights of Empire,6,16,22,27.3
Knights of deep Hell,1,2,3,33.3
Knights_of_Bloods,1,5,6,16.7
Knights_of_the_Abyss,2,8,10,20.0
Knigths of Dark,5,16,21,23.8
Knull s,0,7,7,0.0
Koalition-Vnzla,0,4,4,0.0
Kokuen no Seiyaku,0,2,2,0.0
Kong-Army,6,9,15,40.0
Kontradiski,1,4,5,20.0
Kronos Ascendens Judex,57,13,70,81.4
Krozakov,152,173,325,46.8
Kuro-Renegade,0,4,4,0.0
Kururus the Return,0,1,1,0.0
Kutthroat,0,5,5,0.0
Kyiv region,0,1,1,0.0
Kyrios A,0,1,1,0.0
KyroPanas,0,2,2,0.0
L 0 B O S,8,17,25,32.0
L A S T - H U N T,9,4,13,69.2
L A S T C H 4 N C E,1,0,1,100.0
L Casterly Rock K,2,9,11,18.2
L E G E N D A R I O S,26,69,95,27.4
L E G I O N - N O C T U R N A,8,20,28,28.6
L E L,0,3,3,0.0
L I N U X,8,22,30,26.7
L I O N H E A R T,15,31,46,32.6
L U S I T A N I A,10,50,60,16.7
L U X U R I,0,1,1,0.0
L--A--G,2,7,9,22.2
L0S Mancos,1,0,1,100.0
L0S TILINES FREEMAN,2,2,4,50.0
L13,0,6,6,0.0
L4 C0MARCA,1,0,1,100.0
L4 LUJUR1A DE TU T10 El N3gR0,1,1,2,50.0
L4 SECTA,10,36,46,21.7
L4NCELOT,1,8,9,11.1
L4UGHC0F,2,4,6,33.3
LA CASA BAXLEY,0,1,1,0.0
LA CHICHA DE TU VIDA,2,1,3,66.7
LA CORTE DEL REY,0,1,1,0.0
LA CRUZ DE ADAMANTIUM NEGRO,2,27,29,6.9
LA CRUZADA DE LOS MONOS,0,2,2,0.0
LA ELITE X,0,2,2,0.0
LA ESCAMA ETERNA,0,1,1,0.0
LA ESTRELLA OSCURA,1,2,3,33.3
LA MAFIA BRASILENA,1,15,16,6.2
LA MARCA DEL EXILIO,1,6,7,14.3
LA ORDEN DEL SAGRADO ROSTRO,12,39,51,23.5
LA PARA DE TU CORO,0,1,1,0.0
LA PR1MERA ORDEN,0,2,2,0.0
LA SECTE,1,0,1,100.0
LA UWUSQUAD,2,0,2,100.0
LA-ORDEN-DEL-COLMILLO-NEGRO,2,4,6,33.3
LA-Salamanca,0,4,4,0.0
LADINOS,0,10,10,0.0
LAFCKGANG,2,4,6,33.3
LAGS YOU,0,2,2,0.0
LAPLUZAM,2,0,2,100.0
LAST TlME,0,7,7,0.0
LATIN RACE,13,40,53,24.5
LATIN WOLFS 999ms,0,12,12,0.0
LA_COMUNIDAD_DEL_ANILLO,0,1,1,0.0
LA_GANGA,1,4,5,20.0
LA_ORDEN_CELESTIAL,1,0,1,100.0
LA_ORDEN_DEL_OLIMPO_FS,0,2,2,0.0
LC- Nueva Guardia,2,3,5,40.0
LE SSERAF1M,47,23,70,67.1
LEAL - FARMESS,0,1,1,0.0
LEARN OR DIE,2,8,10,20.0
LEBENNIN,0,1,1,0.0
LEGADO DE FENRIR,6,9,15,40.0
LEGIAO IMORTAL,0,4,4,0.0
LEGION CHOMBETA,0,2,2,0.0
LEGION CUY,1,1,2,50.0
LEGION DEL ASTRO REY,0,1,1,0.0
LEGION DEL EXILIO,0,1,1,0.0
LEGION DOOM,3,0,3,100.0
LEGION ETERNAL,2,2,4,50.0
LEGION GR 300,14,63,77,18.2
LEGION MIGAJAS,7,3,10,70.0
LEGION OF KINGSS,0,1,1,0.0
LEGION OF SPARTANS,0,1,1,0.0
LEGION OSOS,0,2,2,0.0
LEGION ZER0,0,3,3,0.0
LEGION--LATINA,0,1,1,0.0
LEGION--POCHO,0,1,1,0.0
LEGION_DEL_FENIX,24,64,88,27.3
LEGUION DE SOMBRAS,0,2,2,0.0
LEONES1z3,0,4,4,0.0
LETAL_HUNTERS,0,13,13,0.0
LEVELEANDO SOLOS,5,10,15,33.3
LEVIATHAN REVENGE,0,2,2,0.0
LEYENDAS DE ALBION,0,4,4,0.0
LHOSANTOS,0,1,1,0.0
LIDZ,0,4,4,0.0
LIFE AND HONOR,32,103,135,23.7
LIFE IN CAMLANN,12,16,28,42.9
LIGA DE CRISTAL HEREGES PVP,0,1,1,0.0
LIIONS,1,6,7,14.3
LIOZKIRO,10,22,32,31.2
LITTLE_GIGANT,0,1,1,0.0
LOAF ALERT,0,3,3,0.0
LOB0S DE WALL E CHEAT,1,2,3,33.3
LOBO SOLITRIO BR,0,1,1,0.0
LOBOS DEL HIELO,0,1,1,0.0
LOBOS MISTICOS,3,2,5,60.0
LOFI-CORP,3,5,8,37.5
LOOKING FOR PROFIT,1,1,2,50.0
LOOKSMAXXING,1,1,2,50.0
LORDDRACO,1,0,1,100.0
LORDS DAEDRAS,7,15,22,31.8
LORDS DARKINS,0,1,1,0.0
LOS AMANTES DE TU PRIMA,0,1,1,0.0
LOS ANTIPROFIT,1,1,2,50.0
LOS AVENGERS RESU,0,1,1,0.0
LOS CAMINANTES ROJOS,0,6,6,0.0
LOS CHASQUIS,5,10,15,33.3
LOS COCS,1,7,8,12.5
LOS CUNUMIS,0,5,5,0.0
LOS DESCOGOYADORES,2,8,10,20.0
LOS DESCONECTADOS,0,1,1,0.0
LOS ESCLAVOS DE VALKI,10,9,19,52.6
LOS ESPARTANOS REALES,0,2,2,0.0
LOS FUMETAS ATACAN 420,0,2,2,0.0
LOS GAMBORIMBOS DE ILOLAI,0,1,1,0.0
LOS GUANTES ASESINOS,0,1,1,0.0
LOS GUERREROS OSCUROS 410,1,0,1,100.0
LOS GUEVO GRANDE,3,3,6,50.0
LOS HIJOS DE LA VIUDA,0,6,6,0.0
LOS INCAS EL IMPERIO DEL SOL,0,1,1,0.0
LOS KRAKEN,0,11,11,0.0
LOS MACHETORICOS,0,1,1,0.0
LOS MAKUSHI,0,2,2,0.0
LOS MATROSOS,10,14,24,41.7
LOS MIGAJEROS,0,2,2,0.0
LOS ONIWABANSHU,0,1,1,0.0
LOS PICOCHI,0,3,3,0.0
LOS PILARES DE LA FAMA,10,20,30,33.3
LOS Peleguinhos,2,10,12,16.7
LOS ROMPEDISCOTEK,11,22,33,33.3
LOS SAJONES,1,0,1,100.0
LOS SIERVOS DE LA MUERTE,7,21,28,25.0
LOS TILINES DORADOS,0,1,1,0.0
LOS TULA RIKA,10,12,22,45.5
LOS VAN HELLSING,0,3,3,0.0
LOS VILTRUMITAS,1,0,1,100.0
LOS WAZINES,4,10,14,28.6
LOS WAZONES,0,2,2,0.0
LOS YAGUARETE,1,14,15,6.7
LOS ZOPILOTES,0,1,1,0.0
LOS pochitos en avance,0,1,1,0.0
LOS-BRUJOS,0,2,2,0.0
LOS-CABALLEROS-TEMPLARIOSS,0,9,9,0.0
LOS-GATITOS,2,3,5,40.0
LOS-MAS-CAPITOS,0,8,8,0.0
LOS-ROSACRUSES,0,16,16,0.0
LOSDIBUJITOS,1,0,1,100.0
LOST-BRASIL,18,45,63,28.6
LOS_BRO777,0,2,2,0.0
LOS_GALGAROS,2,8,10,20.0
LOS_MISIONEROS,0,2,2,0.0
LOS_SIMPSON,0,3,3,0.0
LOS_Yakuzas,20,11,31,64.5
LOTO NEGR0,3,3,6,50.0
LOUCADEMIA GANKER,4,6,10,40.0
LOVE IT,1,26,27,3.7
LOYAL TO LYMHURST UNTIL DEATH,1,11,12,8.3
LOkOO,8,11,19,42.1
LS reino terrenal,1,0,1,100.0
LTIMO AMANECER,0,2,2,0.0
LVL30,0,7,7,0.0
LYCAON3,0,2,2,0.0
LYN FWG,0,1,1,0.0
La Alcaldia,0,2,2,0.0
La Armada del Trono Negro,3,7,10,30.0
La Banda De Los Kamikazes,14,33,47,29.8
La Baraja Continental,0,1,1,0.0
La Brigada,3,10,13,23.1
La Chopofamilia,0,2,2,0.0
La Cota905,1,0,1,100.0
La Cruzada Carmesi,1,1,2,50.0
La De Cualquiera,0,1,1,0.0
La Escuelita de Albion,4,13,17,23.5
La Familia Humilda,0,1,1,0.0
La Federacion Y,55,109,164,33.5
La Forja de Asgard,0,1,1,0.0
La Frontera del Dragon,1,0,1,100.0
La Furia de Midgard,23,73,96,24.0
La Guardia del Templo,0,1,1,0.0
La Guarida del Joker,35,41,76,46.1
La Herejia de las Sombras,3,8,11,27.3
La Hermandad De Los Pescadores,2,2,4,50.0
La Hermandad Del Oro,1,1,2,50.0
La Hermandad Femboy,0,2,2,0.0
La Hermandad del Espresso,5,8,13,38.5
La Inquisicion Negra,0,2,2,0.0
La Joya del Pacifico,2,10,12,16.7
La Liga Resiliente,1,15,16,6.2
La Limoneria,1,2,3,33.3
La Madrigayra,17,68,85,20.0
La Mafia de los Sin Techo,1,6,7,14.3
La Marron Gang,0,1,1,0.0
La Nopalera,0,14,14,0.0
La Orden Del Musgo II,1,4,5,20.0
La Orden Psijic,0,2,2,0.0
La Orden de Escarcha,1,0,1,100.0
La Orden del Fenix Gris,6,2,8,75.0
La Orden99,3,3,6,50.0
La Pl3bada,1,1,2,50.0
La Pochiza de Lymhurst,0,1,1,0.0
La Republica De Jack,0,1,1,0.0
La RevelionLx,10,22,32,31.2
La Sangre Del Dragon,0,4,4,0.0
La Senda,0,2,2,0.0
La Silk Road,0,1,1,0.0
La Tropa de Trooper,0,1,1,0.0
La Vallee Du Nord,0,1,1,0.0
La banda gangrena,1,1,2,50.0
La casa de goku,0,2,2,0.0
La casa del novato,0,2,2,0.0
La guardia de Tyrael,0,3,3,0.0
La orden de la cruz de hierro,0,9,9,0.0
La panza de Oguri,1,0,1,100.0
La ruta de la seda,0,1,1,0.0
La sombra de Godzidios,1,12,13,7.7
LaComarca,0,2,2,0.0
LaGuarderiaDeHerculons,7,1,8,87.5
LaMuerTeBlanca,1,0,1,100.0
LaOrquesta,0,1,1,0.0
Lambda Core,0,1,1,0.0
Laporpo-watakungsi,0,1,1,0.0
Lar da Vaca,8,13,21,38.1
Las Cabras,10,19,29,34.5
Las Chambiadoras,0,4,4,0.0
Las Frutitas,1,1,2,50.0
Las Liebres de Rhosgobel,0,1,1,0.0
Las Prras,3,9,12,25.0
Las Putas,0,1,1,0.0
Las Ratas de ALBION,0,3,3,0.0
Las_Sombra5,0,2,2,0.0
Last Bench,69,54,123,56.1
Last Bober Dance,63,108,171,36.8
Last Darkness,1,15,16,6.2
Last Dead,5,14,19,26.3
Last Team,0,1,1,0.0
Last Templar,0,1,1,0.0
Last-One,1,21,22,4.5
Last-Pass,17,51,68,25.0
Latin Comunity,0,4,4,0.0
LatinKarma,1,2,3,33.3
LatinPower,0,1,1,0.0
LatinWarriors,74,78,152,48.7
Latinos de Orion,1,13,14,7.1
Latinos01,0,2,2,0.0
Laughing-Coffinn,5,19,24,20.8
Laughing-Coffyn,1,0,1,100.0
Lazamgutsmile,1,0,1,100.0
Le Fetit,1,3,4,25.0
Le Parrain du Yougichou,1,3,4,25.0
Le Rosey,0,1,1,0.0
Le clan Mydiah,1,1,2,50.0
League Of Depths,0,12,12,0.0
Leckeres Essen,5,3,8,62.5
Legacy Ascended,2,15,17,11.8
Legacy Corporation,111,143,254,43.7
Legendarios LATAM,5,10,15,33.3
LegendsOfCaosZ,1,5,6,16.7
Legiao Inquebravel,2,1,3,66.7
Legin Abimnia,0,1,1,0.0
Legio Fulminis,22,132,154,14.3
Legio Magna,0,1,1,0.0
Legio Tenevris,0,1,1,0.0
Legio_Pasmon,0,2,2,0.0
Legion Ainz,1,13,14,7.1
Legion Brocoli,48,73,121,39.7
Legion Celestial,2,23,25,8.0
Legion De Patos,7,11,18,38.9
Legion Del Orden Y El Caos,5,31,36,13.9
Legion Hispanica,0,1,1,0.0
Legion Mandril,0,1,1,0.0
Legion No Fear,0,1,1,0.0
Legion Of Farmers,1,6,7,14.3
Legion Pochos,13,5,18,72.2
Legion Radiante,1,1,2,50.0
Legion Rata,2,2,4,50.0
Legion Shadow Falcons,0,6,6,0.0
Legion Teutonica,0,1,1,0.0
Legion de las Aguila,0,6,6,0.0
Legion de sol,1,9,10,10.0
Legion of ret Dragons,2,0,2,100.0
Legion of shadowss,2,6,8,25.0
Legion-Fenix,1,3,4,25.0
LegionOfOne,34,91,125,27.2
LegionSpartan,2,4,6,33.3
Legion_Martlock,16,39,55,29.1
Legionarios Del Olimpo,0,2,2,0.0
Legionarios de Fonsi,1,0,1,100.0
Legionarios de Lym,0,2,2,0.0
LegiondeNoobs,3,5,8,37.5
Legions of Knights,1,5,6,16.7
Legranja2,0,1,1,0.0
LeinadFer,0,1,1,0.0
Lekitospirose BR,0,1,1,0.0
Lemon Boys,0,2,2,0.0
Lendarios BR,1,7,8,12.5
Leniviy Karleon,1,1,2,50.0
Leones Oscuros,5,12,17,29.4
Les Kassos,0,1,1,0.0
Les ViGays,0,1,1,0.0
Les hommes de Sparte,20,16,36,55.6
Let Me Gamble,15,13,28,53.6
Lethal Farmers,12,20,32,37.5
Lethal Hurricane,1,0,1,100.0
Lethal Warri0rs,132,84,216,61.1
LettosCompany,1,7,8,12.5
Letuum,1,2,3,33.3
Levanton,3,2,5,60.0
LevelOfTheGOd,6,27,33,18.2
Leveling 01,2,7,9,22.2
Lex Nummorum,1,1,2,50.0
Libertas Viarum,0,1,1,0.0
LierAndSnake,0,1,1,0.0
Life is game,82,146,228,36.0
Life is game II,6,29,35,17.1
Liga Del Sur,1,1,2,50.0
Liga de Legendas,11,35,46,23.9
Lil Coronas,0,5,5,0.0
Lilly Laboratory,1,1,2,50.0
Lime Tree,1,0,1,100.0
Limit of Power,1,1,2,50.0
LinajeOscuro,3,13,16,18.8
Linhir,30,116,146,20.5
Lion of spirit,2,2,4,50.0
LionGate,1,0,1,100.0
Lions are great,0,1,1,0.0
LittleGankers,7,16,23,30.4
Livempire Games,3,4,7,42.9
Livertiparty,7,10,17,41.2
Living Legend,25,48,73,34.2
LivingDead,2,2,4,50.0
Llamas en Pijamas,4,6,10,40.0
Llamitas Su Su sum,121,92,213,56.8
Lo-Weledore,0,1,1,0.0
Lobos Negros2,0,1,1,0.0
Lobos de la sabana,0,1,1,0.0
Lobster Inc,0,8,8,0.0
Local Bandits,0,3,3,0.0
LockOFF,0,1,1,0.0
LocketArmorTV,1,1,2,50.0
Lone Shadows,11,5,16,68.8
LonelyWolves777,0,1,1,0.0
LookingBlossom,0,2,2,0.0
Loot Council,2,7,9,22.2
Loot or Let Die,8,48,56,14.3
LootC900,0,1,1,0.0
Looting a Lot,2,4,6,33.3
Lord Of Loot,26,68,94,27.7
Lord of ghosts,0,1,1,0.0
LordOfTheMysteries,1,1,2,50.0
Lords Celestiais,0,2,2,0.0
LordsBog,13,24,37,35.1
LoremIpsum,1,2,3,33.3
Lors MR,1,1,2,50.0
Los 0cupas,66,66,132,50.0
Los Angulo,0,1,1,0.0
Los Ayatola,1,1,2,50.0
Los BackyardiGantz,4,12,16,25.0
Los Bayardigan,0,2,2,0.0
Los Bronzas,0,1,1,0.0
Los Burritos del Sol,2,1,3,66.7
Los CabaIIeros de la noche,0,1,1,0.0
Los Caballeros Del Oni-Chan,45,105,150,30.0
Los Caballeros del Lirio,0,1,1,0.0
Los Caramelitos,0,1,1,0.0
Los Caseritos LC,0,1,1,0.0
Los Celestiales,0,2,2,0.0
Los Changos,0,1,1,0.0
Los Chuchi,3,3,6,50.0
Los Destripadores De Caerleon,0,4,4,0.0
Los ESO TILINES,0,2,2,0.0
Los Elegidos Por Jesus,19,29,48,39.6
Los Enanos de Erebor,2,9,11,18.2
Los Escudos de Huitzilopochtli,3,23,26,11.5
Los Exilia2,0,1,1,0.0
Los Farmsas,3,2,5,60.0
Los Frakchaos,10,13,23,43.5
Los Guardias Dorados,4,23,27,14.8
Los Hermanos Pollos,6,17,23,26.1
Los Hijos de Ares,2,10,12,16.7
Los Hijos de Avalon,13,58,71,18.3
Los Hijos de Tyr,0,2,2,0.0
Los Hijos de laTortuga,1,1,2,50.0
Los Hijos del Exilio,1,7,8,12.5
Los HoloLive,1,0,1,100.0
Los Hombres Del Este,0,1,1,0.0
Los In Nombrables,0,1,1,0.0
Los Inmotales,1,3,4,25.0
Los Jibaros,11,25,36,30.6
Los Jordans,0,1,1,0.0
Los Kimbadores,0,1,1,0.0
Los Malditos del Albion,1,1,2,50.0
Los Mamiferos Invertebrados,5,4,9,55.6
Los Memoriosos,14,8,22,63.6
Los Michi Fumetas,0,3,3,0.0
Los Milanesas,1,1,2,50.0
Los Monkys Locos,0,10,10,0.0
Los Narcisistas,48,109,157,30.6
Los Osos de Albion,1,11,12,8.3
Los POCHOcloss,57,152,209,27.3
Los Pachulines,1,2,3,33.3
Los Perilleros,10,32,42,23.8
Los Pichula del Mamani,0,2,2,0.0
Los Pochitos de Taty,0,10,10,0.0
Los Pochos Hermano,0,1,1,0.0
Los Pollitos en Fuga,0,2,2,0.0
Los Portadores del Caos,0,3,3,0.0
Los Prefectos,0,1,1,0.0
Los Purificadores De La Plebe,0,2,2,0.0
Los Sin Build,0,1,1,0.0
Los Susurros del Bosque,0,1,1,0.0
Los Teletubbis,1,0,1,100.0
Los Temprarios,0,2,2,0.0
Los Thetforsitos,2,0,2,100.0
Los Thunders,0,1,1,0.0
Los Topos Nomadas,0,1,1,0.0
Los Vacunadores,0,1,1,0.0
Los Valientes de Daviid,5,11,16,31.2
Los Viles,0,1,1,0.0
Los Volashos,0,1,1,0.0
Los amigos de tu hermana,1,1,2,50.0
Los buyminectors,0,4,4,0.0
Los choriplaneros ATR,3,0,3,100.0
Los colmillos blancos,0,1,1,0.0
Los crafteros 1,0,1,1,0.0
Los dibiados,1,2,3,33.3
Los especiales,2,2,4,50.0
Los herederos de Hierro,1,5,6,16.7
Los mancos clan,2,13,15,13.3
Los mas Fuertes de Zona Azul,0,1,1,0.0
Los orcos,6,13,19,31.6
Los pitos,0,1,1,0.0
Los pochabis,0,3,3,0.0
Los sin retorno,8,4,12,66.7
Los tentculos,3,2,5,60.0
Los toros negros X,1,1,2,50.0
Los-Akatsuki,7,16,23,30.4
Los-ChingaMadres,0,7,7,0.0
LosCabros,1,0,1,100.0
LosChupaChoros,0,2,2,0.0
LosCuervos,2,10,12,16.7
LosDelta,0,1,1,0.0
LosEspartans,5,3,8,62.5
LosGordiBonitos,0,1,1,0.0
LosHijosDeLaLuna,0,5,5,0.0
LosMANdigeroS,0,2,2,0.0
LosMalcriados,0,2,2,0.0
LosMalvekes,1,0,1,100.0
LosMismosDeSiempre,0,6,6,0.0
LosNieris,0,3,3,0.0
LosPelones,0,2,2,0.0
LosShelby,0,1,1,0.0
LosTeleturbios,0,1,1,0.0
LosTios,0,7,7,0.0
LosTorosNegros II,7,12,19,36.8
LosUltimosWendigos,0,4,4,0.0
Los_Jinetes_del_Apocalipsis,1,0,1,100.0
Los_Power_Rangers,0,2,2,0.0
Lost Bay Traders,2,4,6,33.3
Lost Division,0,1,1,0.0
LostS0uls,2,29,31,6.5
Loto Escondido,2,6,8,25.0
Lotus Knights,0,2,2,0.0
Loucos Por PVE,59,133,192,30.7
Love Under Will,0,4,4,0.0
LoveBombing,1,0,1,100.0
LoveO17,0,1,1,0.0
Lovecraft01,0,1,1,0.0
Lovely little puppy,0,1,1,0.0
Lovelyz,13,14,27,48.1
LoversSong,1,1,2,50.0
Low TIer,0,1,1,0.0
Loxo,0,3,3,0.0
Loyalty Matters,48,40,88,54.5
Luck Army,3,3,6,50.0
LumosMaxima,4,1,5,80.0
Luna Eterna,1,2,3,33.3
Lunae,1,4,5,20.0
Lusb Lym,1,1,2,50.0
Lux Immortalis,0,1,1,0.0
Lycani,2,13,15,13.3
LycorisRadiataa,27,45,72,37.5
Lymhurst Royal Academy,0,1,1,0.0
Lymhurst Services,0,1,1,0.0
Lymhurst Tribe,22,53,75,29.3
LymhurstAcademy,0,1,1,0.0
LyonKing,0,2,2,0.0
M 0 R D O R,9,17,26,34.6
M 4 D,1,3,4,25.0
M A C S,2,10,12,16.7
M A I,4,6,10,40.0
M A I D E N - L E S S,0,1,1,0.0
M A N D A T O R Y,152,255,407,37.3
M A N I A C,30,59,89,33.7
M A N I F E S T O,0,2,2,0.0
M A S T E R P l E C E,5,3,8,62.5
M E R C I L E S S,0,2,2,0.0
M E R Z Y A,0,1,1,0.0
M E S S I A S,0,2,2,0.0
M E T E 0 R A,0,2,2,0.0
M E T H O T,0,3,3,0.0
M I N D L E S S,2,1,3,66.7
M I S T W A L K E R S,0,1,1,0.0
M O N A S T E R I O,75,88,163,46.0
M O S C A,0,3,3,0.0
M Y S T R A L S,0,6,6,0.0
M i l h a r a l,1,7,8,12.5
M l L F G A A R D,1,1,2,50.0
M-A-L-I-C-I--A,1,7,8,12.5
M-I-S-T,0,10,10,0.0
M0NKEYS,5,5,10,50.0
M0RS,3,13,16,18.8
M1st Abusers,1,3,4,25.0
M3RCEN4R10S,0,11,11,0.0
M4MUTT,0,2,2,0.0
MA KA BA KA XD,1,0,1,100.0
MACACOS URBANOS,0,1,1,0.0
MACHADO CEGO,0,6,6,0.0
MAD _ DOG,2,7,9,22.2
MADE IN GREAT ALBION,0,2,2,0.0
MAFIA del SUR,1,0,1,100.0
MAGNETIcz,0,1,1,0.0
MAGOS Y ZORRAS,2,6,8,25.0
MAKE RED ZONE GREAT AGAIN,2,5,7,28.6
MAKEl,0,4,4,0.0
MALLEFICARVM,0,1,1,0.0
MALVADOS Y BIZCOS,0,1,1,0.0
MAMA DEL MATI LOVERS,1,0,1,100.0
MANCHA NEGRA,0,1,1,0.0
MANGO BORN,4,14,18,22.2
MANIAC BEARS,96,119,215,44.7
MANIC0MI0,3,24,27,11.1
MAR DEL PLATA RLZ,0,1,1,0.0
MARANATA,1,5,6,16.7
MARMITARIA,1,3,4,25.0
MAS57,26,42,68,38.2
MASS GUILD,0,2,2,0.0
MASTER OF MISCHIEF,0,2,2,0.0
MASTURBANDAA,2,8,10,20.0
MATILHA CLT,1,5,6,16.7
MATILHA DOS LOBOS,0,1,1,0.0
MATUTE,0,4,4,0.0
MAZACRE,13,57,70,18.6
MDKs,1,1,2,50.0
ME VENG0ENTUFACE,0,2,2,0.0
MEDIEVAL SHADOWS,2,9,11,18.2
MENDINGOS DO AMANHA,0,1,1,0.0
MERCADORESS,0,1,1,0.0
MERCATON,0,3,3,0.0
METALURGICA,2,8,10,20.0
METHYX-PURE INSANITY,1,0,1,100.0
MEVECH,27,31,58,46.6
MGTOWS,0,12,12,0.0
MGfarm1,0,1,1,0.0
MI ISLAAA,2,3,5,40.0
MICHI BROTHERHOOD,28,54,82,34.1
MIDDGARDD,0,1,1,0.0
MIGHT RAGE,0,1,1,0.0
MINEIROS,0,1,1,0.0
MINORIA,63,62,125,50.4
MINOTAUROS BR,2,3,5,40.0
MIRAME Y TE MUERES,0,1,1,0.0
MIST PIERCER,2,1,3,66.7
MISTERIODOVINGADOR,0,1,1,0.0
MISTSO,5,10,15,33.3
MITAYERO,0,1,1,0.0
MKRss,4,1,5,80.0
MLPwny,0,9,9,0.0
MMAF-PVP,3,19,22,13.6
MMerchante,1,3,4,25.0
MNC Guild,0,3,3,0.0
MNSTER,0,1,1,0.0
MOBILE GG,0,2,2,0.0
MODO FAKA,39,7,46,84.8
MODO GUERRA,4,4,8,50.0
MOHRIA,1,1,2,50.0
MOMERA GANG,0,1,1,0.0
MOON WORSHIPERS,1,7,8,12.5
MOONLIT BLACK CATS ACADEMY,2,11,13,15.4
MORANGO-DO-AMOR,0,1,1,0.0
MORBIDUS,1,1,2,50.0
MORGANA RATS,1,8,9,11.1
MOSHi_MOSHi,31,68,99,31.3
MOTAS,0,1,1,0.0
MOTORHOME,109,64,173,63.0
MP THE BRINGERS OF DEATH,3,3,6,50.0
MR BEAST,0,2,2,0.0
MR20,0,2,2,0.0
MUG MUGIWARAS,6,14,20,30.0
MUGIWARAS01,0,1,1,0.0
MUITO DURO,0,1,1,0.0
MURDEROUS_BUTCHERS,0,6,6,0.0
MVP DIVISION,0,2,2,0.0
MXS2,0,2,2,0.0
MY BAD - NO CRY,3,9,12,25.0
MYSTIFY,0,1,1,0.0
MaDFK,0,2,2,0.0
MaGiK_FM,0,1,1,0.0
Maceio,0,10,10,0.0
Mach 1,0,10,10,0.0
Mad-Brothers,12,2,14,85.7
Made 1n China,1,1,2,50.0
MadeIn987,0,5,5,0.0
Madeeira,3,0,3,100.0
Maestros del Arte y la Forja,0,1,1,0.0
Mafia Del Calamar,0,1,1,0.0
Mafia Farmera,1,10,11,9.1
Mafia Latina,0,4,4,0.0
Mafia Rybna V2,15,9,24,62.5
Mafia Sindical,77,107,184,41.8
MafiaOhana,0,2,2,0.0
Magical Mystery Tour,8,35,43,18.6
Magna Horda del Templum,0,5,5,0.0
Magos da noite,0,4,4,0.0
Maiz U Maiz,0,1,1,0.0
Majoras Army,0,2,2,0.0
Make Albion Great Again,191,159,350,54.6
Make Albion Great Again II,51,81,132,38.6
Make Fame Great Again,10,33,43,23.3
Make Racism Great Again,0,1,1,0.0
Make me cum great again,0,1,1,0.0
Makiavelo,0,2,2,0.0
Malevolencia,2,0,2,100.0
MalioTamTam,1,3,4,25.0
Mamasitas Club,9,7,16,56.2
Mamitas_Puebla,0,1,1,0.0
Mammoth Keepers,0,2,2,0.0
Manchmal,16,2,18,88.9
MancosIncorporated,0,1,1,0.0
Mandalorianos Arg,0,15,15,0.0
Mandalorianos de Chile,0,1,1,0.0
ManiacInLove,2,12,14,14.3
Mano de Acerro,0,1,1,0.0
Manopla Dourada,0,1,1,0.0
Manto oscuro,0,4,4,0.0
Mao de Elastico,148,50,198,74.7
Mapaches Tacticos,0,1,1,0.0
Maquiavelicos Sons Of Satan,0,2,2,0.0
Maracuya,1,3,4,25.0
Marca Sangrienta,2,10,12,16.7
Marfia_king,0,1,1,0.0
Marg1nados,3,8,11,27.3
Marlock Watchful Company,1,5,6,16.7
Martelo Forte,8,85,93,8.6
Martlock Mercs,1,2,3,33.3
Martlock Patrol,12,38,50,24.0
Martlockanos,10,34,44,22.7
Marwua Team,2,0,2,100.0
Mas Respeto,1,1,2,50.0
Maseer Mindf,1,3,4,25.0
Master Price,0,1,1,0.0
MasterBoys,1,2,3,33.3
MasterKills,1,6,7,14.3
MasterMC,0,1,1,0.0
Mata Bot,0,1,1,0.0
Matcha Latte,1,3,4,25.0
Maximum Effort,190,146,336,56.5
McDonaIds,2,10,12,16.7
MeT4LCorp,20,73,93,21.5
Medium,6,10,16,37.5
Medusa_Lair,1,2,3,33.3
Megalian,10,10,20,50.0
Megatrones-MGT,0,11,11,0.0
Meh o_0,0,1,1,0.0
Meia-HoraporDia,0,1,1,0.0
MelhorGestao,8,3,11,72.7
Memento Moria,1,1,2,50.0
Menam Parma,1,0,1,100.0
MeowReborn,2,12,14,14.3
MercCorps,2,14,16,12.5
Merce 1,24,1,25,96.0
Mercenaries Order,1,5,6,16.7
Mercenario NoMercy,11,27,38,28.9
Mercenarios De Martlock,21,57,78,26.9
Mercenarios Sin oficio,5,5,10,50.0
Mesh masters,0,1,1,0.0
Metal Bucetation,1,1,2,50.0
Metalurgicos de Fort Sterling,1,1,2,50.0
Meth0D Reformed,0,2,2,0.0
Metiendo El Huevo,2,7,9,22.2
Metodo PVE,21,46,67,31.3
Metz,0,3,3,0.0
Mex Aztecas,0,12,12,0.0
Mhaiky,12,12,24,50.0
Mi Banana en Pijama,7,32,39,17.9
Mi Hermanito Galactico,0,2,2,0.0
MiChIs EmBoTellAdOs,0,4,4,0.0
MiIIennium,4,6,10,40.0
MiXueBingChen,1,9,10,10.0
Mia khalita anti-gank,2,2,4,50.0
Miaulord,2,3,5,40.0
Michitos,0,1,1,0.0
Midnight Alchemists,2,6,8,25.0
Midnight Sons Eternals,2,1,3,66.7
MidnightD,7,4,11,63.6
Mighty Claws,42,46,88,47.7
Mighty Frogs,21,23,44,47.7
Mighty Rooks,0,1,1,0.0
Mikeh,4,4,8,50.0
Mil_frecuencias,1,1,2,50.0
Military Misfits,0,1,1,0.0
Milites Domini,0,2,2,0.0
Mime World,0,1,1,0.0
Mind gap,7,14,21,33.3
Minds Echo,1,0,1,100.0
Minions do Pantano,2,3,5,40.0
Ministry Of Bandits,198,115,313,63.3
Misioneros,0,1,1,0.0
MissCIick,48,42,90,53.3
Mist Warriors,0,2,2,0.0
Mistery Of Galaxy,0,1,1,0.0
Mizo Pride,0,1,1,0.0
MlDAS,0,1,1,0.0
MmOoOmM,0,1,1,0.0
Mobility,1,1,2,50.0
MommysFav,0,1,1,0.0
Moms Milk Farm,0,2,2,0.0
Monedas de Oro,0,1,1,0.0
MoneyLovely,2,2,4,50.0
Monkeando la Back,1,0,1,100.0
Monkey Clap,0,1,1,0.0
Monkey Factory,13,34,47,27.7
Monkey Gods,3,3,6,50.0
Monkey Leaders,10,12,22,45.5
Monkey Rats,3,0,3,100.0
Monkeys in Briefs,0,1,1,0.0
Mono Con Navaja,216,198,414,52.2
Monos-con-fierro,1,0,1,100.0
Montaraces,6,17,23,26.1
Montaraces de Thetford,4,5,9,44.4
Moon Lord,0,2,2,0.0
Moonbury,0,2,2,0.0
MorMonkeys,2,17,19,10.5
Morbid Grave,48,83,131,36.6
Morbidly_Obese,1,6,7,14.3
More GG boy,10,12,22,45.5
MorePowerLatino,0,2,2,0.0
Morgana Fufus,1,1,2,50.0
Morgana Outlanders,6,13,19,31.6
Morgoroth,0,1,1,0.0
MorrodoUrubu,3,1,4,75.0
Mors Certa,38,36,74,51.4
Mortem Imperium,7,9,16,43.8
Morwing,76,59,135,56.3
Morzhum,6,5,11,54.5
Mountainforge Ironworks,0,1,1,0.0
MovimentoDireitaTravequeira,1,2,3,33.3
Mst-Theford,0,1,1,0.0
Mugiwara of Mictlan and Xolotl,1,3,4,25.0
Mula De Combate,0,1,1,0.0
MulitaSquad,2,2,4,50.0
Mundo Balca,1,9,10,10.0
Mundo guante,0,12,12,0.0
Municipalidad de Rio Turbio,2,3,5,40.0
Muralha Celestial,0,2,2,0.0
Murcielagos,0,3,3,0.0
Murder Silencer,0,1,1,0.0
Murderous Crows,1,0,1,100.0
Murythal Reine,3,10,13,23.1
Mushroom Cult,0,4,4,0.0
MushroomOverdose,6,11,17,35.3
Mute Zone,34,95,129,26.4
MyGuildMyRule,0,2,2,0.0
Mysthics,0,1,1,0.0
Mystic Avengers,4,13,17,23.5
Mystic Brigade,0,1,1,0.0
Mystic Tecolothy,48,47,95,50.5
Mystnigh,1,0,1,100.0
Mythic Vanguard,47,76,123,38.2
Mythix,93,97,190,48.9
Myuri Mercenary Company,0,2,2,0.0
N 1 G H T R A I D,0,1,1,0.0
N A G A S A K l,87,120,207,42.0
N A M 3 L E S S,28,95,123,22.8
N A M E L E SS,0,5,5,0.0
N A N T A R,0,4,4,0.0
N E C R O P H Y M,2,4,6,33.3
N E S T O N,2,5,7,28.6
N E V A D A,3,3,6,50.0
N E V E R B A C K,1,5,6,16.7
N I E B l A,2,0,2,100.0
N I G H T C A L L,45,49,94,47.9
N I G H T C A L L L,8,8,16,50.0
N I G H TM A R E S,3,9,12,25.0
N O R T H - S T A R,1,0,1,100.0
N O S F E R A T U S,1,1,2,50.0
N O X O R Y,1,5,6,16.7
N o m a d z,7,7,14,50.0
N o s t r a D e,1,6,7,14.3
N-A-V-A-L,1,1,2,50.0
N0 FUTURE,5,0,5,100.0
N0 Game No Life,1,7,8,12.5
N0 MOLESTAR,3,32,35,8.6
N00b Stars,0,3,3,0.0
N0T HUMAN,86,69,155,55.5
N0TCH,7,17,24,29.2
N0V0 CANGAC0,0,1,1,0.0
N0bless3,0,1,1,0.0
NAGA VILLAGE,47,8,55,85.5
NAGARIS,1,6,7,14.3
NAL national albion league,1,1,2,50.0
NANAQ JUCUMARI,0,1,1,0.0
NARCO GANK,2,0,2,100.0
NASA-CREW,1,2,3,33.3
NASARIksz,1,0,1,100.0
NATIVOS BR,0,2,2,0.0
NAVAJA,9,38,47,19.1
NAVE FUMETA,0,2,2,0.0
NAVIA,0,1,1,0.0
NCT,0,5,5,0.0
NC_BLACK MAFIA,0,1,1,0.0
NECR0S,0,2,2,0.0
NECRO DARK AND LIGHT,1,14,15,6.7
NEO IMPERIUM,0,1,1,0.0
NEON PHANTOMS,0,1,1,0.0
NEVER PROFIT,0,1,1,0.0
NEW G3N,42,37,79,53.2
NEWROADS,0,10,10,0.0
NEXORA,1,7,8,12.5
NGCAPHD,0,1,1,0.0
NGRZ,0,2,2,0.0
NIDO-DE-RATAS,0,1,1,0.0
NIFFLHEIM,14,75,89,15.7
NIGHT GU4RD,12,37,49,24.5
NO GANK NO FUNNY,1,0,1,100.0
NO HOLDING,108,84,192,56.2
NO LIMITS BR,1,2,3,33.3
NO LOCK,14,14,28,50.0
NO TALENT,0,2,2,0.0
NOBLEHOUSE,0,1,1,0.0
NOCHE de ALBION,1,3,4,25.0
NONA LEGIAO,1,3,4,25.0
NORDICO_HOUSE,0,3,3,0.0
NOTHING-the-SHADOW,0,1,1,0.0
NOTLIKEUS,52,51,103,50.5
NOVO CANGASSO,1,1,2,50.0
NPC run fast,0,1,1,0.0
NUEVA SANGRE LATINA,1,1,2,50.0
NYAC,13,36,49,26.5
NaDien,0,1,1,0.0
Nacidos para morir,1,0,1,100.0
Nacion PenDragon,4,6,10,40.0
Naciones Unidas,0,5,5,0.0
Namorar Nao Da XP,0,2,2,0.0
Nananhoshi1,0,1,1,0.0
Natexu,0,2,2,0.0
Nation Gang,0,1,1,0.0
NaviGG Craft,1,0,1,100.0
Negros Reales,0,1,1,0.0
Neko no Ikari,0,1,1,0.0
Nemesis Command,0,1,1,0.0
NeoMustage,0,3,3,0.0
Neutral Community,0,2,2,0.0
Never Ending Empire,0,1,1,0.0
NeverLost,0,1,1,0.0
New AnThur,0,1,1,0.0
New Embassy,1,18,19,5.3
New Gryffindor,0,1,1,0.0
New Londo-Ruins,0,1,1,0.0
New Repub,2,3,5,40.0
New Valhalla_plus,0,2,2,0.0
New better beginning,0,1,1,0.0
New play Nice,0,1,1,0.0
NewEra RU,0,1,1,0.0
NewGameNC,0,1,1,0.0
NewMountMoon,0,3,3,0.0
New_Horizon,10,29,39,25.6
Next Game,12,28,40,30.0
Nexus,34,39,73,46.6
Nictofilia,25,52,77,32.5
Nie Tryze,0,1,1,0.0
Night Angels 2,0,1,1,0.0
Night Covenant,0,1,1,0.0
Night Of BlooD,0,1,1,0.0
Night of Depths,11,11,22,50.0
Night-Wolves,20,54,74,27.0
NightHunterss,5,17,22,22.7
Nightfall Army,1,5,6,16.7
Nightly Riders,0,2,2,0.0
Nights Watch BR,0,1,1,0.0
Nigth Raid X,1,1,2,50.0
Nigth Red,0,2,2,0.0
Nigth Shadow,0,1,1,0.0
NigthShift,8,20,28,28.6
Nihil Terminus,1,2,3,33.3
Nine Circle,0,1,1,0.0
Nine Thunders,1,1,2,50.0
Nirvana Calling,93,75,168,55.4
No Counterplay,2,0,2,100.0
No Fight No Profit,5,34,39,12.8
No Hay Plata,0,1,1,0.0
No Lineales,10,10,20,50.0
No Mercy Zone,0,4,4,0.0
No Straight Roads,1,10,11,9.1
No TIme for KILLING,0,1,1,0.0
No food at home,1,0,1,100.0
No vendo Trap,12,7,19,63.2
No-Fucking-Mercy,1,1,2,50.0
No-Respetamos,12,6,18,66.7
NoCry_BR,1,7,8,12.5
NoFreeThinkers,158,153,311,50.8
NoMeDeja,2,9,11,18.2
NoPieceOfShiet,0,1,1,0.0
NoRegear,0,5,5,0.0
NoSeAdmitenViejos,0,1,1,0.0
No_Regear,2,6,8,25.0
No_Sense,4,7,11,36.4
Nobres BR,0,1,1,0.0
Nocti,0,1,1,0.0
Nomadic Sentinels,3,8,11,27.3
Nomads of the Mist,4,14,18,22.2
Noni,0,1,1,0.0
NoobNation1lvl,0,9,9,0.0
Noobi United,1,5,6,16.7
Noobs_at_Home,1,1,2,50.0
Nordvind,0,5,5,0.0
Normal y Tropical,2,4,6,33.3
NorrDskoll,3,4,7,42.9
Norrorts Finest Rats,1,2,3,33.3
North Blizzard Creed,1,6,7,14.3
Northfall,5,8,13,38.5
Nosfferathu,0,1,1,0.0
Not Safe For Work,2,13,15,13.3
NotFures,12,6,18,66.7
NotTheWind,0,4,4,0.0
Noteam,2,1,3,66.7
Nothing Craft,0,1,1,0.0
NouBenec0s,0,2,2,0.0
Nous7Familly,1,7,8,12.5
Nova Scotia,0,1,1,0.0
Novilunio,0,2,2,0.0
Novus Imperium,0,8,8,0.0
Nueva Adelia,0,5,5,0.0
Nueva Tiltonia,0,1,1,0.0
Nyfrost Grant,1,6,7,14.3
Nyiajhmoob,6,0,6,100.0
Nytheris,0,1,1,0.0
NyxReign,3,3,6,50.0
O Manicomio,0,1,1,0.0
O N E T A P,1,1,2,50.0
O P P R E S S I O N,0,9,9,0.0
O RPG DE MESA,0,2,2,0.0
O V N I,2,10,12,16.7
O Vale,1,0,1,100.0
O n e - P i e c e,0,1,1,0.0
O-U-T-L-A-N-D-E-R-S,4,6,10,40.0
O1L OS 100 LEI,0,1,1,0.0
OBLIVIOM,3,12,15,20.0
OBRSF,3,2,5,60.0
OBSERVA,6,2,8,75.0
OCLIN IN THE NIGHT RSRS,0,2,2,0.0
OCTAGRAMA 8,0,1,1,0.0
OCTPOB BLACK,1,1,2,50.0
ODST - First In Hell,0,1,1,0.0
OFICINA DE BUXAS,0,1,1,0.0
OG HCE,1,1,2,50.0
OGTRADERS,1,4,5,20.0
OIIA OIIA,17,4,21,81.0
OKAZI - OPPRESSIVEDARKNESS,2,4,6,33.3
OLD CANNON,5,4,9,55.6
OLDTIMES,0,2,2,0.0
OLIMPO DE LOS DIOSES,1,17,18,5.6
OLIMPO710,0,1,1,0.0
OLYMPUSMX,0,2,2,0.0
OMEGANETICS,0,8,8,0.0
ON PACE WAR,18,35,53,34.0
ONE PIX,1,0,1,100.0
ONE PUSH RUN,9,33,42,21.4
ONEMANYUCOARMY,0,1,1,0.0
ONG Akatsuki,1,11,12,8.3
ONLY-F4NS,4,6,10,40.0
ONLYON,9,0,9,100.0
OOO TMIV DENEG,1,0,1,100.0
ORDEM DO ESCUDO,2,8,10,20.0
ORDEN DEL OLVIDO,0,1,1,0.0
ORDEN ELFICO,0,1,1,0.0
ORDO CUTODES AQUILAE,1,1,2,50.0
ORE WA SHADOW GARDEN,0,2,2,0.0
ORESHNIK COMPANY,1,3,4,25.0
ORFANATO SAN JOSE,0,1,1,0.0
OS AGENTES BR,0,1,1,0.0
OS BUXA S,8,5,13,61.5
OS GUERREIROS SOMBRIOS,4,10,14,28.6
OSIIRIS,58,68,126,46.0
OSOS AUTISTAS,23,70,93,24.7
OSOS BLINDADOS DE SVALBARD,2,34,36,5.6
OSOS DEL INVIERNO,5,9,14,35.7
OUKE,48,24,72,66.7
OUTLAW5,49,55,104,47.1
OUTSET,18,49,67,26.9
OVER DISASTERS,36,32,68,52.9
OWN,1,5,6,16.7
OXIDIAN RP,0,2,2,0.0
Oak and Thorns,2,2,4,50.0
Oasis Community,2,7,9,22.2
OathBreakerz,24,29,53,45.3
Obligation,0,1,1,0.0
Obsidian Blades,63,51,114,55.3
Obsidianss,0,7,7,0.0
Obstinatio,0,1,1,0.0
Oct Opus,0,1,1,0.0
Of Predator,1,2,3,33.3
Off Fire 2,1,0,1,100.0
Office pvp,1,2,3,33.3
Oficoda Gang,14,33,47,29.8
OidMortales,3,9,12,25.0
Ojo de Alcon,2,11,13,15.4
Old Erra,0,1,1,0.0
Old M0ney,4,11,15,26.7
Old Order Women,0,5,5,0.0
OldsPapus,0,6,6,0.0
Olicetti,0,1,1,0.0
OlympianGodz,0,3,3,0.0
Omega Inferi,3,18,21,14.3
Omgs,0,1,1,0.0
Omniciente,0,2,2,0.0
Onde tem gay nao tem paz,0,5,5,0.0
Ondolinde Angamando,9,14,23,39.1
One Jujutsu,0,2,2,0.0
One Man is One Army,0,2,2,0.0
One Master,1,3,4,25.0
One minute,0,2,2,0.0
One-Day,104,99,203,51.2
One-Legion,0,4,4,0.0
OneOfUsIsInvis,1,2,3,33.3
OneWarrior,0,2,2,0.0
Onl1n3B4nka1,0,4,4,0.0
Onliners,10,8,18,55.6
Only Strike,27,36,63,42.9
Only Treasures,0,1,1,0.0
OnlyChads,66,64,130,50.8
OnlyFame1,2,15,17,11.8
OnlyFarms Premium,2,7,9,22.2
Onslaught,0,4,4,0.0
Onyxia Z,0,1,1,0.0
OpPaladins,0,1,1,0.0
OpeenBlack,0,1,1,0.0
Open-Fire,8,36,44,18.2
OpenFarm,1,0,1,100.0
Operacao Troll,0,1,1,0.0
OppenHammer,0,1,1,0.0
Ordem Aracnidea,2,26,28,7.1
Ordem Celeste,0,2,2,0.0
Ordem Do Graal,0,1,1,0.0
Ordem Draconico,2,26,28,7.1
Ordem Imperial Cruzeiro do Sul,0,1,1,0.0
Ordem Jedi I,1,0,1,100.0
Ordem da Cupula,0,4,4,0.0
Ordem da Moeda,0,1,1,0.0
Ordem da Primeira Expedicao,3,6,9,33.3
Ordem das Sombras,0,1,1,0.0
Ordem do Nada,1,1,2,50.0
Ordem do Silncio,0,2,2,0.0
Ordem dos Cavaleiros de Cristo,17,48,65,26.2
Ordem_Dos_Cancel4dos,1,8,9,11.1
Orden Hospitalaria,104,130,234,44.4
Orden Of The Tempest,0,1,1,0.0
Orden Palomera,0,2,2,0.0
Orden de Lucifer,0,1,1,0.0
Orden de Uroboros,0,1,1,0.0
Orden del Juramento del Alba,0,1,1,0.0
Orden-Real,0,11,11,0.0
Order 0f Light,1,1,2,50.0
Order of The Mist,1,0,1,100.0
Order of the Black Veil,0,1,1,0.0
Order of the Crimson Key,0,4,4,0.0
Ordo Militiae Templi,0,2,2,0.0
Ordo-Templi,1,1,2,50.0
OriginPoint,41,61,102,40.2
Originais--trio,0,5,5,0.0
Origins of the Rookie,0,3,3,0.0
Os 3,3,7,10,30.0
Os Betinhas,1,2,3,33.3
Os Calunga,2,0,2,100.0
Os Executores,0,1,1,0.0
Os Mala,0,1,1,0.0
Os Passa Fome do Apagas,2,9,11,18.2
Os Preversos,1,4,5,20.0
Os Sem Nome,20,96,116,17.2
Os Senhores Do Kaoz,2,0,2,100.0
Os Templarios das Trevas,6,26,32,18.8
Os desordeiros br,0,2,2,0.0
Os iniciantes 2026,0,1,1,0.0
OsRubros,13,13,26,50.0
Os_nao_ve_bicho,1,3,4,25.0
Oscuridad demoniaca,12,40,52,23.1
Osos Guerreros,0,5,5,0.0
Osos-de-elite,1,0,1,100.0
Othercide,0,4,4,0.0
Otra vez,2,1,3,66.7
Our little world,0,2,2,0.0
Ouroboritos al Ataque,1,4,5,20.0
Out Kast,0,3,3,0.0
Outland Anglers,44,61,105,41.9
OutlawsInvictus Respect,0,1,1,0.0
Outlimits,237,199,436,54.4
Outllmits,2,10,12,16.7
Outnumbered Enemy,0,1,1,0.0
Outrange,34,39,73,46.6
Ovayork,0,1,1,0.0
Overlooked,0,1,1,0.0
Overprice,197,184,381,51.7
OwlOfDarkness,2,13,15,13.3
Ox Cart Collective,4,16,20,20.0
Oz Covardez,1,0,1,100.0
Ozzma Kappa,0,3,3,0.0
P 1 R A T E S,0,7,7,0.0
P A L M A R E S,1,0,1,100.0
P A N D A R I A,0,1,1,0.0
P A N E L A,0,1,1,0.0
P C D,1,1,2,50.0
P I L A R E S,0,1,1,0.0
P I V A S,11,4,15,73.3
P O C O Y O,0,2,2,0.0
P O L A R S B E A R S,3,6,9,33.3
P O S E II D O N,3,22,25,12.0
P O W A,4,7,11,36.4
P R E D A T O R Z,1,1,2,50.0
P R I M E R G O L P E,1,3,4,25.0
P R I M O R I A,119,57,176,67.6
P R O,1,0,1,100.0
P R O M I N E N T E S,2,7,9,22.2
P R O P H E C Y,0,1,1,0.0
P R O S P E R I D A D,1,0,1,100.0
P S Y C H O,0,1,1,0.0
P U L S A R,2,3,5,40.0
P U R G 4 T O R Y,4,10,14,28.6
P-R-I-M-A-T-E-S,3,5,8,37.5
P-oRTuGaL,1,2,3,33.3
P0CH0S,0,5,5,0.0
P0c4s L4 M4m4,7,39,46,15.2
P0choLandia,14,14,28,50.0
PANIC0,1,3,4,25.0
PARACETAM0L,16,15,31,51.6
PATAS DE OS0,2,14,16,12.5
PATO-S,1,0,1,100.0
PATRULHA,1,3,4,25.0
PAWOR RANGER CUSCO,0,2,2,0.0
PAZ NAS MISTS,1,0,1,100.0
PBS_ESPORTE,0,1,1,0.0
PCD AVALONIANO,0,1,1,0.0
PCG Ithilien,0,2,2,0.0
PCMPLC,0,1,1,0.0
PDG COMPANY,27,36,63,42.9
PEDRA NA LATA,0,4,4,0.0
PENTIMENTO,1,1,2,50.0
PENllS BLACK,13,11,24,54.2
PERDIDUS,1,0,1,100.0
PERRITOS CALLEJEROS,0,3,3,0.0
PERRO CALLEJERO,15,45,60,25.0
PERROS CRIOLLOS,3,1,4,75.0
PERVSALEN,2,5,7,28.6
PFV ME DE SEU LOOT,0,1,1,0.0
PHAMAKIA,1,1,2,50.0
PHOENIX-ABYSS,1,0,1,100.0
PILAR Primordial,2,7,9,22.2
PINACULO DEL ALBA,0,1,1,0.0
PINGA DE MAMUT,2,0,2,100.0
PINWI -ARMY,4,5,9,44.4
PIRATAS VALE,0,2,2,0.0
PISA E PASSA,2,13,15,13.3
PIU-PIU,1,5,6,16.7
PIVASII,0,1,1,0.0
PK 420,0,4,4,0.0
PK Killers,1,2,3,33.3
PL SEMPRE 3 CRIA,2,22,24,8.3
PLAN 3K -GENTE POSI,2,1,3,66.7
PLANTEI MANDIOCA,0,1,1,0.0
PLAYB0YS,28,62,90,31.1
PLAYER PROMEDIO,0,5,5,0.0
PLAlfa,0,3,3,0.0
POISONBEAST,0,2,2,0.0
PORTALEROS,1,4,5,20.0
PR4GA,2,4,6,33.3
PRAG4,7,8,15,46.7
PRED4DOR,69,93,162,42.6
PRESAGIO23,0,1,1,0.0
PRESENCIA ETEREA,1,0,1,100.0
PRIDE OF AVALON,0,5,5,0.0
PRIMACY,4,0,4,100.0
PRIMARIS SQUAD,0,3,3,0.0
PRIMATA MOD,44,165,209,21.1
PRIMATA PRIME,4,10,14,28.6
PRIME MODE,50,37,87,57.5
PRO CLASSIC BR,0,2,2,0.0
PRO TITANES,0,2,2,0.0
PROJECT ELITE,0,1,1,0.0
PROSTATE MILKERS,26,22,48,54.2
PROTETORES DE MARTLOOK,2,6,8,25.0
PROUD LIONS1,5,29,34,14.7
PROYECTO-CORE,57,87,144,39.6
PRlDE,3,15,18,16.7
PSICOFARMERS CORP,0,1,1,0.0
PSOMI,0,2,2,0.0
PTSimioss,3,0,3,100.0
PUN1SHMENT,1,0,1,100.0
PURE AND TRUE,0,3,3,0.0
PVE CORP,0,1,1,0.0
PVP F U L L,0,1,1,0.0
PaRaLePiPiDoS,0,1,1,0.0
Pacos,1,0,1,100.0
Pacto de las Sombras,0,3,3,0.0
Paid Actors,1,1,2,50.0
Pajaritos Del Sur,0,1,1,0.0
Pal lobby,1,1,2,50.0
Paladines de Teemo,1,7,8,12.5
Paladinos Sagrados,1,30,31,3.2
Palomaland-New,0,2,2,0.0
Pan con mortadela III,0,1,1,0.0
Panama Warriors,1,0,1,100.0
Pandinhas,1,3,4,25.0
Paneo Duro PD,0,2,2,0.0
Panic Legion,8,1,9,88.9
Pantera Shell Capital,23,10,33,69.7
Papel e Caneta,1,5,6,16.7
Papuclan,5,1,6,83.3
Papusoides,1,0,1,100.0
ParadoxUniversal,2,16,18,11.1
Paralellun oficial,1,7,8,12.5
Paredada,0,1,1,0.0
Parol Cubano,1,0,1,100.0
PartidoCiberneticoNacionalista,0,1,1,0.0
Party Shaker,1,0,1,100.0
Party of tea,0,6,6,0.0
Patacones con salsa,2,1,3,66.7
Patea Enanas,2,4,6,33.3
Patitas Rompidas,0,8,8,0.0
Pato Roco,0,2,2,0.0
Patolicos Anonimos,4,52,56,7.1
Patrulla Garchada,1,4,5,20.0
Pay Your Healer,1,2,3,33.3
Pay_For_It,49,53,102,48.0
Paz Eterna,14,35,49,28.6
PbI6AkU,0,2,2,0.0
Peace for life,2,6,8,25.0
Peacefulness,5,3,8,62.5
Pentachill,5,7,12,41.7
People Inside,1,2,3,33.3
PepaPigg,0,1,1,0.0
Pericos Morados REQUIEM,0,2,2,0.0
PermaCC,0,1,1,0.0
Perros de la Luz,0,1,1,0.0
Pesca Esportiva,1,1,2,50.0
Pesca de OuroFish,0,2,2,0.0
Pescadores FC,0,1,1,0.0
Pescadores Violentos,1,6,7,14.3
PescadoresDeLymhurst,0,1,1,0.0
Petesaurios,1,1,2,50.0
Phantom Brigades,6,15,21,28.6
Phantom Horde,0,5,5,0.0
Phantons Org,0,4,4,0.0
Pheobe Ann Eleine,1,5,6,16.7
Phoenix A,0,3,3,0.0
Phoenix Fury,16,35,51,31.4
Phoenix Rebels,49,52,101,48.5
Phoenix Spuads,0,1,1,0.0
Picantes Crew,2,9,11,18.2
Pick Up The Phone,8,4,12,66.7
Pieces Of Sheet,1,1,2,50.0
Piesio Szama Pomidorka,0,2,2,0.0
Pijus Magnificus,3,1,4,75.0
PilitromR,41,55,96,42.7
Pinga_games,2,5,7,28.6
PinksGhost,0,1,1,0.0
Pintopolis,1,4,5,20.0
PioPioPio,3,3,6,50.0
Piratas De La Muerte,2,5,7,28.6
Piratas _Vzla 1,0,12,12,0.0
Piratas no Deserto,0,1,1,0.0
Piratas420,24,28,52,46.2
Pirates creed,8,21,29,27.6
Pisca Alerta,5,2,7,71.4
Pitufo Aldea,9,33,42,21.4
Pl4tano P0wer,1,0,1,100.0
PlVAS,236,178,414,57.0
Plague VZ,10,10,20,50.0
Planta Quimica,0,1,1,0.0
PlataLey,5,2,7,71.4
PlataWargs,0,3,3,0.0
Platigolds,0,2,2,0.0
PlatinumEmpire,11,14,25,44.0
Please No Hit Me,41,64,105,39.0
PnMxD,0,2,2,0.0
Poblacion Penal -457,0,2,2,0.0
Pobres e Falidos,0,1,1,0.0
Pochitos Insanos 2026,1,0,1,100.0
Pochitos Salvajes,0,5,5,0.0
Pochos Anonimos,10,21,31,32.3
Pocos Locos,32,56,88,36.4
Poision Spider R,0,1,1,0.0
PokeIsland,0,3,3,0.0
Polar Fantasy,0,1,1,0.0
Polaris Major,1,2,3,33.3
Policia Feder4l,0,5,5,0.0
Poneicornios,0,4,4,0.0
Pontificarii,0,1,1,0.0
Poopman9911,0,2,2,0.0
PorLyD,0,1,1,0.0
Portador del mar,0,1,1,0.0
Portadores DeI Caos,8,3,11,72.7
Posty,1,5,6,16.7
Power Play,1,1,2,50.0
PowerLife,0,2,2,0.0
Predadores de Perereca,0,1,1,0.0
Predathorss,2,7,9,22.2
Prejudicados,25,9,34,73.5
Pressas Brancas BR,0,1,1,0.0
Pressur3,125,84,209,59.8
Pretores,8,26,34,23.5
PriestsCastle,2,4,6,33.3
Primatinha Mod,1,1,2,50.0
Prime Void,1,2,3,33.3
Principio de Incertidumbre,0,4,4,0.0
Privacy Da DeepWeb,2,7,9,22.2
Private Union,6,6,12,50.0
Privileged Bomb,19,20,39,48.7
ProEvilz,1,0,1,100.0
Profit Paradise,5,1,6,83.3
Profit pal Pobre,0,2,2,0.0
Project Faith,0,4,4,0.0
Project Vanguard,0,23,23,0.0
Projectt X,1,6,7,14.3
Prophets of Death,10,48,58,17.2
Protosz12,0,2,2,0.0
Proyecto Nefalem,14,20,34,41.2
Public Display of Assault,11,19,30,36.7
Puchainas Gordas,35,38,73,47.9
PunhosFlamenjantes,4,1,5,80.0
Punky Punki,9,16,25,36.0
PurRekt,3,0,3,100.0
Pura - Sangre,3,8,11,27.3
Pure Nightmare,0,1,1,0.0
Pure State,4,6,10,40.0
Purple Moon Wolf,2,2,4,50.0
PurpleCloud,1,3,4,25.0
PurpleKush,0,2,2,0.0
Pve 20,0,2,2,0.0
Q U E E N M A R I K A,0,1,1,0.0
Q u a r t z,7,8,15,46.7
QANKUNA,5,6,11,45.5
QUE PAZA PERKINAZO,2,1,3,66.7
QUESOCUBANO,0,1,1,0.0
QUIERO DORMIR,1,2,3,33.3
Quantic Ducks,0,2,2,0.0
Quasar League,2,11,13,15.4
Quase Competentes,0,1,1,0.0
Quase Online,11,28,39,28.2
QueenAnaRevenge,0,9,9,0.0
Quelthalass,14,40,54,25.9
Querubines De Conquistas,2,8,10,20.0
Quiet life in a dungeon,0,2,2,0.0
Quinta Ordem,10,42,52,19.2
R - I - S - E,9,13,22,40.9
R 0 M A,2,11,13,15.4
R 0 Y A L,0,2,2,0.0
R 3 D 3 A D,0,3,3,0.0
R 3 T I R E D,10,10,20,50.0
R 4 V E N,22,47,69,31.9
R A B I T A,18,32,50,36.0
R A D I O,3,8,11,27.3
R A K Y A T,1,1,2,50.0
R A M P A N T,0,14,14,0.0
R E G A N C Y,1,6,7,14.3
R E H A B,51,65,116,44.0
R E M 1 X,1,0,1,100.0
R E Q U 1 E M,147,98,245,60.0
R E V O A D A,0,1,1,0.0
R E X,1,8,9,11.1
R G 4-L,3,5,8,37.5
R I D D L E,1,0,1,100.0
R I Z Z E D,6,36,42,14.3
R S M,3,4,7,42.9
R U B B Y,1,0,1,100.0
R U I N S,0,1,1,0.0
R U L E R S,1,1,2,50.0
R-35,1,0,1,100.0
R0Y4L CH3SS,0,1,1,0.0
R0YAL_KNIGHTS,0,2,2,0.0
R3MAST3RED,24,22,46,52.2
R3QUIEM,2,1,3,66.7
R3conecting,143,106,249,57.4
R4GEOUT,4,2,6,66.7
RAAMPAAGE,1,0,1,100.0
RAD4R,1,7,8,12.5
RAGNAROL ETERNAL,3,6,9,33.3
RAISE A TOMB,2,0,2,100.0
RASTACREW,0,1,1,0.0
RAT CULT,1,2,3,33.3
RAW_PHANTOM_SRZ-BO,0,5,5,0.0
RAYOVAC,0,1,1,0.0
RDP-pinochot,1,4,5,20.0
RE-BO,9,13,22,40.9
RE-CREATORS,0,1,1,0.0
RE4L GANGSTAR,0,1,1,0.0
REAL BRONZIO,0,1,1,0.0
REAL FARME YTB,3,15,18,16.7
REBELDES INFILTRADOS,0,2,2,0.0
RECEITA FEDERAL SP,1,3,4,25.0
RECONECTION GANK,0,3,3,0.0
RED MERCENARY SPECIAL FORCES,0,2,2,0.0
REDD HOUNDS,11,15,26,42.3
REIN0_CELESTIAL,0,2,2,0.0
RELENTLESS ROUGES,0,1,1,0.0
REPUBLIKS,3,1,4,75.0
RETADORES,4,11,15,26.7
RETDELAYS,1,0,1,100.0
REV3NGE,1,2,3,33.3
REVELATION CLAN,3,6,9,33.3
REYES DEL AMANECER,0,1,1,0.0
RH-A,0,1,1,0.0
RICHER THAN U,1,1,2,50.0
RIDERS OF ICARUS,0,3,3,0.0
RIDERS OF ROHIRRIM,0,4,4,0.0
RIOt heiters,0,10,10,0.0
RIP THRIBE 8 1 2021,0,2,2,0.0
RISING HUNTERS,6,24,30,20.0
RIZZO,0,2,2,0.0
RK Ragnarok,4,2,6,66.7
RL CARMESI,0,1,1,0.0
RMNT,0,1,1,0.0
RMT Business,2,0,2,100.0
ROKhan,37,46,83,44.6
ROMANTIC,1,1,2,50.0
RONINS_BR,1,6,7,14.3
ROTABGW,0,1,1,0.0
ROYAL DESTROYERS,22,26,48,45.8
ROYAL LINEAGE,7,23,30,23.3
ROYALCROWN,12,38,50,24.0
RROMPECRANEOS,0,5,5,0.0
RUGIGBA,0,1,1,0.0
RUINAS,0,5,5,0.0
RUSH-B,124,198,322,38.5
Radiante,0,1,1,0.0
Radiantis,1,0,1,100.0
Rafinha,13,17,30,43.3
Rage of Camelot,2,3,5,40.0
RagnarokApocalipsis,0,1,1,0.0
Raha ry,3,16,19,15.8
Raices Eternas,38,60,98,38.8
Rain house,1,6,7,14.3
Rainbow Kitten,3,10,13,23.1
Rangers Gaming,1,5,6,16.7
RascaBolitas In Your Back,1,4,5,20.0
Rastreadores del Bosque,0,3,3,0.0
Rat Got Depressed,0,1,1,0.0
Rat-Gang,1,4,5,20.0
Rataria Popular Brasileira,0,1,1,0.0
Ratas Egipcias,0,3,3,0.0
Ratos do Massi,0,2,2,0.0
RatosDeAlbion,0,6,6,0.0
Rats Loot,2,0,2,100.0
Raven Of Morgana,3,5,8,37.5
Ravengald,0,1,1,0.0
Ravenmaw,0,1,1,0.0
Ravyns Conspiracy,0,1,1,0.0
ReYeS_De_PiEdRa,1,27,28,3.6
RealG4Lifers,0,1,1,0.0
Realeza D3L Bosque,0,2,2,0.0
Reality Deniers,3,9,12,25.0
Realm of Destiny,1,7,8,12.5
Rebecca,0,1,1,0.0
Rebells,2,0,2,100.0
Rebocadores Automotivos,4,3,7,57.1
Recipe for Hate,0,1,1,0.0
Reconnection,1,12,13,7.7
Red Carrot,0,1,1,0.0
Red Cavaliere,0,2,2,0.0
Red Raider Inc,0,1,1,0.0
Red Sun Bearers,1,3,4,25.0
Red Volutions,0,5,5,0.0
Red banditss,8,32,40,20.0
Red is dead S2,13,8,21,61.9
Red-Hunters,0,4,4,0.0
Red-kill,6,2,8,75.0
RedGlitchs,24,17,41,58.5
RedLine Empire,56,69,125,44.8
RedbullF1Team,0,2,2,0.0
Redemptio Aeterna,4,7,11,36.4
Redentores da Prata,3,10,13,23.1
Redness Crusaders,1,0,1,100.0
Reds Monkeys,1,4,5,20.0
Refimeros,3,20,23,13.0
Regnum Gothorum,0,1,1,0.0
Reignfall,17,31,48,35.4
Reino Nomada Erizal,0,1,1,0.0
Reino Zenin,0,2,2,0.0
Relentless Order,0,1,1,0.0
Renegades Of The Abyss,0,5,5,0.0
Renegades of Fate,7,5,12,58.3
Rents Due,9,33,42,21.4
Repercussion,0,1,1,0.0
Republica da Creponia,5,4,9,55.6
Reqquiescat In Pace,4,3,7,57.1
Requiem D,0,6,6,0.0
Reserva Federal II,0,1,1,0.0
Residents Ravens,1,2,3,33.3
Resurgence OF King A,23,16,39,59.0
Retour en Ville,0,4,4,0.0
Revenant Dominion,0,3,3,0.0
Revengers Suku,4,4,8,50.0
Revenu Quebec,0,1,1,0.0
RevolucinZone 2,3,5,8,37.5
Revolution Deathsquad,0,1,1,0.0
Reyes del Respawn,19,45,64,29.7
Rias,16,3,19,84.2
Ridin Dirty,3,0,3,100.0
Right Nowz,64,55,119,53.8
Ring_Wraiths,0,1,1,0.0
RipWar,1,2,3,33.3
Rise And Gain Authority,32,36,68,47.1
Rise of Stark,25,55,80,31.2
Rivalli0n,1,5,6,16.7
Rivendeland,1,5,6,16.7
River Blood,0,1,1,0.0
Rivvass,1,1,2,50.0
Road Of Ruins,13,16,29,44.8
Road Ratters,2,4,6,33.3
Roam With Us,0,7,7,0.0
Rob1n Hood,1,11,12,8.3
Robonia,2,12,14,14.3
Rocapicha,8,8,16,50.0
Rogue Natives,186,175,361,51.5
Rohirrim Company,1,1,2,50.0
Rohirrim s,0,1,1,0.0
Rokosos,105,154,259,40.5
Role de Quinta,3,8,11,27.3
Roma Oriental,0,8,8,0.0
Romanos Invasores,4,19,23,17.4
RompePotos,0,1,1,0.0
Roses-Academy,197,206,403,48.9
Rotura Mecanica,1,2,3,33.3
Royal Conquerors,1,1,2,50.0
Royal Essential,2,0,2,100.0
Royal Guard of Thetford,0,2,2,0.0
Royal MeLon Miel,2,5,7,28.6
Royal Ratpack,44,63,107,41.1
Royal Rumble,0,2,2,0.0
Royal Trade Guild,0,1,1,0.0
RoyalVoid,1,6,7,14.3
Runners The One,0,1,1,0.0
Ruptur4,1,5,6,16.7
Ruta63,0,1,1,0.0
Ryod4n,1,0,1,100.0
Ryomen SuKuna,17,5,22,77.3
S 0 L,1,4,5,20.0
S A B I S H I I,1,2,3,33.3
S A G A,22,46,68,32.4
S A L V A T I O N,1,0,1,100.0
S A N G U E,1,2,3,33.3
S A R C O F A G O,0,1,1,0.0
S C O T I A B A N K,0,2,2,0.0
S E L V A,0,1,1,0.0
S E M P I T E R N A L,1,1,2,50.0
S E N R Y U,4,1,5,80.0
S E V E R E N C E,0,3,3,0.0
S H I S H I G A N K,3,10,13,23.1
S H O T G U N,3,12,15,20.0
S H O T T A S,2,2,4,50.0
S K A L D R 7 N,0,10,10,0.0
S K Y R 1 M,15,24,39,38.5
S L I C E D,190,116,306,62.1
S N O W F A L L,10,3,13,76.9
S N W,0,2,2,0.0
S O C I O P A T A S,7,6,13,53.8
S O L O L E V E L I N G,7,26,33,21.2
S O U L R E A P E R S,0,2,2,0.0
S T A T E R A,0,1,1,0.0
S U N Z,2,0,2,100.0
S Y N D 1 C A T 3,19,24,43,44.2
S a n d R a g e,0,1,1,0.0
S a n t y s,2,7,9,22.2
S c h w a r z,0,1,1,0.0
S h a d i l a y,0,1,1,0.0
S k y y y,2,8,10,20.0
S o U n,0,1,1,0.0
S p a d e s s,0,1,1,0.0
S u r u b i n h a,3,1,4,75.0
S-N-G,4,24,28,14.3
S-TARK,0,2,2,0.0
S0LO-LEVELING,39,27,66,59.1
S7ven Seas,2,1,3,66.7
SABOR GUILD,0,4,4,0.0
SAGRA2,1,10,11,9.1
SAINTS LORDS,0,1,1,0.0
SALAMANDERZ,0,1,1,0.0
SALAMI BOYS,1,0,1,100.0
SALMOS144,1,5,6,16.7
SAMURAIS DAIOH,0,2,2,0.0
SANCTUARY OF BLOOD,0,1,1,0.0
SAND BLOOD,0,2,2,0.0
SANDMANs,0,8,8,0.0
SANGR3 NU3VA,2,25,27,7.4
SANGRE INCA,1,4,5,20.0
SANY HEAVY,0,1,1,0.0
SAT1VA,7,22,29,24.1
SAV AGE,6,8,14,42.9
SCARLET FLOWER,5,20,25,20.0
SDMN Sol Da Meia Noite,11,17,28,39.3
SECRET-MEMBER,0,1,1,0.0
SECTUM PRIME,20,38,58,34.5
SENTENCIATORI,0,3,3,0.0
SERRADOS,0,3,3,0.0
SERVIDOR FALIDO,1,0,1,100.0
SEX and PVE,16,20,36,44.4
SEX_MEX,2,2,4,50.0
SFFAK,0,4,4,0.0
SH4DOW G4RDEN,4,18,22,18.2
SHADOW EXPLORERS,0,1,1,0.0
SHADOW PACT,0,1,1,0.0
SHADOWHARVEST,0,1,1,0.0
SHADOWS OF ZERO,1,5,6,16.7
SHE NEVER LOVE ME,0,2,2,0.0
SHELTT,0,1,1,0.0
SHINJU,5,17,22,22.7
SHURAKANS,1,0,1,100.0
SICKOS,0,1,1,0.0
SIEVEN,6,7,13,46.2
SIGARRO,2,11,13,15.4
SIGTRYG,72,86,158,45.6
SILDUR-WORL,7,2,9,77.8
SIMIOS GANG,2,6,8,25.0
SIMON BOLIVAR,2,30,32,6.2
SIN COSTA,12,18,30,40.0
SIRIO,0,4,4,0.0
SKY GUARDIANS,19,38,57,33.3
SKY- C r i m i n a l s,4,14,18,22.2
SKY-NUBLENTOS,0,1,1,0.0
SL Devil,0,1,1,0.0
SLIEK,1,4,5,20.0
SMIL3,3,2,5,60.0
SMOKE EM,1,1,2,50.0
SNUFFF,0,1,1,0.0
SOLDADOS DE THETF0RD,1,4,5,20.0
SOLDADOS X,2,5,7,28.6
SOLO PLAYER S,11,41,52,21.2
SOLO PLAYERS FACTORY,8,3,11,72.7
SOL_DOURADO,0,1,1,0.0
SOL_NASCENTE,0,5,5,0.0
SOLxCRUEL,9,29,38,23.7
SOMBRA-DA-MORTE,6,47,53,11.3
SOMBRAVELOZ,17,19,36,47.2
SOUL NEST,0,1,1,0.0
SPARTA370,0,1,1,0.0
SPARTANOS300,0,1,1,0.0
SPIRITS OF CAOS,0,1,1,0.0
SQUARE_ENIX06,0,2,2,0.0
STAFF ELVIN,2,13,15,13.3
STATESMAN,1,2,3,33.3
STG_Santa Elena,1,15,16,6.2
STINKS,0,2,2,0.0
STONERSinc,1,0,1,100.0
STONGHOLD LEGENDS,1,4,5,20.0
STORAG333333,1,0,1,100.0
STTP,1,2,3,33.3
STUNA PRA MIM,3,1,4,75.0
SUNBROS REBORN,2,2,4,50.0
SUN_DARK,0,2,2,0.0
SUPERCUTES,0,3,3,0.0
SURITZ,0,1,1,0.0
SUSSUARANA001,0,3,3,0.0
SWAT RELOAD,3,1,4,75.0
SWORDX,16,63,79,20.3
Sabertooh,0,2,2,0.0
Sabor Last-Pass,1,2,3,33.3
Sacerdotes del Kaos,2,3,5,40.0
SacredCreed,2,6,8,25.0
Saeta,0,25,25,0.0
Safe Guard,1,4,5,20.0
SagradasTierras,0,2,2,0.0
Saint Kings,0,8,8,0.0
Saladillo Corp,0,2,2,0.0
Salamanders Legion,0,3,3,0.0
Salamangos,4,2,6,66.7
Salto69,0,2,2,0.0
Salud,0,3,3,0.0
Samctun,0,1,1,0.0
Samtun Santorium,0,3,3,0.0
Sancadores,0,4,4,0.0
Sancta Ascensionis,0,1,1,0.0
SandBox Unity,0,2,2,0.0
Sange_and_Yasha,0,1,1,0.0
Sangre Pretoriana,3,7,10,30.0
Sangre de Esparta,1,5,6,16.7
Sangre de Mercenarios,2,19,21,9.5
Sangre de luna,7,4,11,63.6
Sangre de-Hierro,0,1,1,0.0
Sangre del Sur,0,10,10,0.0
Sangre y Plata,0,1,1,0.0
Sangue Avaloniano,0,1,1,0.0
Sangue e Minerio,1,1,2,50.0
Sanguine Reign,1,2,3,33.3
Sanguinolentos,0,1,1,0.0
Santuario de Quietud,7,20,27,25.9
Santuario de las sombras,0,4,4,0.0
SaphireStar,0,5,5,0.0
Saturday Night Wrist,1,0,1,100.0
Savage,1,0,1,100.0
Scav House,1,0,1,100.0
Schine Of Soul,1,0,1,100.0
Scycraxx,0,1,1,0.0
Sea-Sky Fraternity,157,176,333,47.1
Seakalm,7,2,9,77.8
Searchers Of The Lost Candy,0,1,1,0.0
Secret Services,0,1,1,0.0
Secret Squad,0,1,1,0.0
Secret Vanguard,5,28,33,15.2
Secta del guante,1,15,16,6.2
Sede de Sangue,1,4,5,20.0
Sega game,0,1,1,0.0
Segadores de Ceniza,14,62,76,18.4
Segredo-Foz Br,0,2,2,0.0
Seguidor de Yotsubagod,2,6,8,25.0
Sektor_Grinda,3,2,5,60.0
Sem Call,0,1,1,0.0
Sem Sobreviventes,1,0,1,100.0
Sem Tempo Parsa,0,1,1,0.0
Senhor dos Randolas,0,1,1,0.0
SentineI,1,1,2,50.0
Serafines,1,2,3,33.3
Seraphim Exiled,0,1,1,0.0
Serenity Now,2,9,11,18.2
Serial Killers 2_0,0,2,2,0.0
Serpens TakaTaka,0,2,2,0.0
Serpentine Craft,0,11,11,0.0
Sertralina,6,17,23,26.1
Sex Delivery,0,2,2,0.0
Sex and cap,3,2,5,60.0
Sexy Piglets,5,3,8,62.5
SexyMadaFaka,1,9,10,10.0
Shadar Kai,8,14,22,36.4
Shadow 0f Avalon,8,11,19,42.1
Shadow Garden xXx,0,1,1,0.0
Shadow Merchant Guild,0,2,2,0.0
Shadow Of The Colosus,5,7,12,41.7
Shadow Reign,2,2,4,50.0
Shadow Runners,4,10,14,28.6
Shadow Vultures,32,23,55,58.2
Shadow garden NG,9,8,17,52.9
Shadow of KIng,0,2,2,0.0
Shadow warriors01,0,3,3,0.0
ShadowWizardMoneyGang,4,10,14,28.6
Shadowclaws,0,1,1,0.0
Shadowing,0,4,4,0.0
Shadows Figthers Br,0,1,1,0.0
Shadows monarchs,19,28,47,40.4
Shall We,67,57,124,54.0
Shalom Adonai,0,10,10,0.0
Shamanic,0,1,1,0.0
Shamva Corporeishon,0,1,1,0.0
Sheer Cold,4,16,20,20.0
ShinWen-WenSha,1,6,7,14.3
Shinumade,0,1,1,0.0
ShinyFirefly Lym,0,1,1,0.0
Shoes Store,9,14,23,39.1
ShonioKami,5,20,25,20.0
Shroom Squad,9,39,48,18.8
Sicarii Viarum,1,0,1,100.0
Sicoob,0,1,1,0.0
Siervos de los Antiguos,2,5,7,28.6
Silence Black,0,2,2,0.0
Silencio Carmesi,5,7,12,41.7
Silencios de lo Infinito 23,1,1,2,50.0
Silent Partners,27,32,59,45.8
Silver Dawn Trading,5,7,12,41.7
Silver Perdido,0,4,4,0.0
Silver San,0,4,4,0.0
Silver-Ghouls,8,31,39,20.5
Sindery fan club,0,1,1,0.0
Sindicato Chiqui Tapia,0,6,6,0.0
Sindicato De Los Paputs,5,13,18,27.8
Sindicato dos Refinadores,6,10,16,37.5
Sine lra,0,1,1,0.0
Sinergia Arcaica,0,1,1,0.0
Siri cascudoxd,1,1,2,50.0
Sith Lords 66,2,4,6,33.3
Six Point One,0,1,1,0.0
SixFigures,16,14,30,53.3
SkILL ISSU3,0,1,1,0.0
Skies of Arcadia,1,13,14,7.1
SkinAndBlood,0,2,2,0.0
Skull Servants,0,1,1,0.0
Skullborne,2,12,14,14.3
Skylanders,3,15,18,16.7
Skyrise,17,22,39,43.6
Skytum,1,0,1,100.0
Slammed,76,53,129,58.9
Sliver maker,55,12,67,82.1
Slow-Mo Killcam,0,1,1,0.0
Small Town Saviors,3,11,14,21.4
SmokeShop,0,1,1,0.0
Smol Pockets,0,1,1,0.0
Sniper Bishop,1,4,5,20.0
Snoozy Buds,0,1,1,0.0
Snow Raiders,3,21,24,12.5
Snow Specters,36,45,81,44.4
SnowBaras,0,1,1,0.0
Snowflake Syndicate,0,1,1,0.0
SnuSnu,6,15,21,28.6
So Na Jaca,0,2,2,0.0
SoLows,8,0,8,100.0
Sociedad de Amas,0,1,1,0.0
Sociedad de la Rikura,2,0,2,100.0
SodaGang,0,3,3,0.0
Sofi,1,1,2,50.0
Sol Exanime,0,1,1,0.0
Sol Relajado,0,2,2,0.0
Sol de invierno,0,1,1,0.0
Sol_Naciente_T1,3,5,8,37.5
Solamento_Brasil,0,1,1,0.0
Solaryz,1,0,1,100.0
Soldados do Kong,10,42,52,19.2
Solecitos,0,1,1,0.0
Solid Blue,2,2,4,50.0
Solidarity Inc,6,21,27,22.2
Solo Farmeo de Chill,0,1,1,0.0
Solo Legacy,1,0,1,100.0
Solo Players Only,0,1,1,0.0
Solo-Gank,13,37,50,26.0
SoloPl4ya,75,11,86,87.2
Sombras de Wolff,0,2,2,0.0
Sombras do Alem,0,2,2,0.0
Somos CLT,1,1,2,50.0
Sono Ku,171,96,267,64.0
Sons of Asgard,0,1,1,0.0
Sons of Reapers,6,10,16,37.5
Sons of The Lord,0,1,1,0.0
Sora No Otoshimono,1,3,4,25.0
Sos Ouistiti,2,1,3,66.7
Sosarian Liberation Front,0,1,1,0.0
Soul BR,25,55,80,31.2
Soul Oscuras,0,1,1,0.0
Soul of Gold,0,1,1,0.0
Soul_Knight,6,4,10,60.0
Soulrend,4,8,12,33.3
Souls Takers,1,1,2,50.0
Souls of Gods,0,1,1,0.0
Souls_Of _Gods,8,39,47,17.0
Southernsons,7,22,29,24.1
Soviao Unietica,1,3,4,25.0
Space Wolfs 99,1,0,1,100.0
Spaes,0,1,1,0.0
Spardax -Croxs,0,3,3,0.0
Sparta0115,2,11,13,15.4
SpartanMx,4,13,17,23.5
Spartiate Lord,0,1,1,0.0
Spazzin Out,1,10,11,9.1
Spears of Justice,0,5,5,0.0
Special Access II,0,4,4,0.0
Specters of Annihilation,0,2,2,0.0
Sped Runners,0,1,1,0.0
Spence,3,15,18,16.7
Spetsnaz Grail,82,99,181,45.3
Spider Lines Number One,9,11,20,45.0
SpiritualGuardians,0,3,3,0.0
Split Second,59,23,82,72.0
Sponsor Me PLease,2,3,5,40.0
SpookyBR,2,11,13,15.4
Sport Club Internacional,0,3,3,0.0
Sprint With Me,196,142,338,58.0
Spy Question,0,3,3,0.0
Spyder-Knight,0,5,5,0.0
SrLord,8,12,20,40.0
Staatsfeinde,20,43,63,31.7
Stacksfree,0,1,1,0.0
Stag Bros,0,1,1,0.0
Stakkars Bakerne,0,1,1,0.0
Stand Out,3,14,17,17.6
Star of chaos,0,1,1,0.0
Starborne,0,1,1,0.0
StatementWest,0,4,4,0.0
Static Kings,3,5,8,37.5
Statik,1,0,1,100.0
Stay Close,59,42,101,58.4
Stay Lit,1,1,2,50.0
Steel Ball Run JOJO,0,2,2,0.0
Steel and Stone,0,1,1,0.0
SteelWolfLegion,0,1,1,0.0
Stop Crying Baby,0,9,9,0.0
Storm Riders Reborn,2,3,5,40.0
Stormwarg,1,0,1,100.0
Stratovarius,0,1,1,0.0
StratsCo,6,4,10,60.0
Street Sharks Sport Club,0,1,1,0.0
Strength_and_h0n0ur,0,1,1,0.0
Sturmbringers,21,26,47,44.7
Sudamerica,0,1,1,0.0
Sukan Valtakunta,1,0,1,100.0
Sum41,1,0,1,100.0
SunOfGods,45,43,88,51.1
Sunflame,10,16,26,38.5
Sunters,1,2,3,33.3
Super Clap,9,15,24,37.5
SuperSonic LegendS,5,33,38,13.2
Superfarmer,0,1,1,0.0
Suryen,1,4,5,20.0
Sushi The Golden Shepherd,0,2,2,0.0
Swarm of the loyal,0,2,2,0.0
Sweet Violence,42,80,122,34.4
Sword Crusader,0,1,1,0.0
Sword Omen Light,4,3,7,57.1
Sword and Fist,4,3,7,57.1
Symphony 40,0,1,1,0.0
Synergon,4,0,4,100.0
Synergy Squad,0,2,2,0.0
SyossetNY11791,1,0,1,100.0
Syrim,0,1,1,0.0
T 0 M A N,1,1,2,50.0
T A R T A R O,0,1,1,0.0
T Dragons,0,2,2,0.0
T E N S H I N,0,1,1,0.0
T E S A L I A,2,18,20,10.0
T G C,0,11,11,0.0
T H A L M A R,2,26,28,7.1
T H E B E A R S,2,0,2,100.0
T H E T R U E P O W E R,5,4,9,55.6
T H E _ B O Y S,3,11,14,21.4
T I E M P O,1,2,3,33.3
T La Parca T,8,10,18,44.4
T O R O S,8,32,40,20.0
T R E M O R,1,0,1,100.0
T R I F A R l X,31,54,85,36.5
T R O N O S,0,1,1,0.0
T e a m R o c k e t,3,5,8,37.5
T h e _-_E x i l e d,2,11,13,15.4
T-5,5,6,11,45.5
T-800,0,1,1,0.0
T-B-O-W,5,22,27,18.5
T-E-S-A,16,58,74,21.6
T-R-O-P-I-N-H-A-x,4,8,12,33.3
T3mplarios Das Sombras,0,2,2,0.0
T4 Enjoyer,0,2,2,0.0
TA CHAO,0,4,4,0.0
TABOGO CREW,0,1,1,0.0
TALES OF INMORTALES,0,1,1,0.0
TALLADOS,5,28,33,15.2
TAMALESHIPUDEN,0,8,8,0.0
TAMASHII,0,1,1,0.0
TAPITAS,16,17,33,48.5
TARGARYEN 0,0,2,2,0.0
TARGARYEN E-SPORTS,6,21,27,22.2
TARGON - OSO,0,1,1,0.0
TAUK,0,2,2,0.0
TB ANARCHY,3,11,14,21.4
TCHESNE,6,16,22,27.3
TDA,82,47,129,63.6
TDK,8,13,21,38.1
TEAM ---LUMINATIS,0,1,1,0.0
TEAM DINAM1TA,2,3,5,40.0
TEAM Of DEATH,14,42,56,25.0
TEEN SMOKERS,40,110,150,26.7
TEMPLAR OF DARKNESS,0,1,1,0.0
TEMPLARS_ORDER,0,5,5,0.0
TERROR DE BRIDGE,0,10,10,0.0
TH3 L4ST B4STI0N,0,1,1,0.0
TH3 TAV3RN,0,1,1,0.0
THAUREM,3,2,5,60.0
THE ANCIENT DRAGONS,0,1,1,0.0
THE ARCHI GECKOS,0,1,1,0.0
THE ARCHIMAGOS,44,98,142,31.0
THE At_ OF_ BLOOD,1,6,7,14.3
THE BANDITS TEAM,0,1,1,0.0
THE BLACK WOLVES L A S,0,1,1,0.0
THE BURNING FANG,4,16,20,20.0
THE CANGACEIROS,2,15,17,11.8
THE DARKNESSES,6,13,19,31.6
THE DARKS BR,0,2,2,0.0
THE DEMON CRAZY,0,1,1,0.0
THE ENJAMBRE,46,42,88,52.3
THE FAMILY WORD,0,1,1,0.0
THE FARMERS SQUAD,0,1,1,0.0
THE FORGER,1,2,3,33.3
THE GANGSTA,0,1,1,0.0
THE GREAT KINGS,0,1,1,0.0
THE GUILD OF CRAFTERS,0,1,1,0.0
THE HATED GUY,1,11,12,8.3
THE HELL HUNTERS,1,1,2,50.0
THE INFINIT,2,27,29,6.9
THE LAST DANCE,1,1,2,50.0
THE MARTILLO DE LOS EONES_2000,1,7,8,12.5
THE MORTAL BROTHERHOOD,0,1,1,0.0
THE NORDISK,0,3,3,0.0
THE ORDER OF AMBITION,0,4,4,0.0
THE PROGRES,6,5,11,54.5
THE SAINT INQUISITION,0,1,1,0.0
THE SILENT ASCENT,0,4,4,0.0
THE TAREXOS,0,6,6,0.0
THE TRUE ORDER,38,67,105,36.2
THE UNDERWAY,2,3,5,40.0
THE UNSTOPPABLE OF THE NATION,1,0,1,100.0
THE VALHALLAZK,0,1,1,0.0
THE WANDERING FISHERMENS,0,3,3,0.0
THE WOLFGANG 3,0,1,1,0.0
THE-BLACK-BULLSS,0,4,4,0.0
THE-KING Albion_Region,0,3,3,0.0
THE-KRAKEN,0,1,1,0.0
THEFORESTGRIN,0,4,4,0.0
THEPIGMAFIE,1,3,4,25.0
THE_CHAOS,0,1,1,0.0
THE_LIARS_GZ,0,6,6,0.0
THE_NEW_GENERATION,0,8,8,0.0
THExNEWxorder,0,2,2,0.0
THRONE BREAKERS,0,1,1,0.0
THRONE OF FROST,0,1,1,0.0
TIERRA - MEDIA,45,104,149,30.2
TIME KEEPER,0,2,2,0.0
TITANES DEL PACIFICO,0,1,1,0.0
TJW,0,1,1,0.0
TK ELITE,0,4,4,0.0
TK Reiders,0,6,6,0.0
TLegendsT,0,1,1,0.0
TMX 2,1,3,4,25.0
TNQ,0,4,4,0.0
TOCA DO ALBION,0,1,1,0.0
TOE SUCKAS,0,2,2,0.0
TOMATEIRO,0,1,1,0.0
TOMATES 3,1,0,1,100.0
TOP TIER BANGERS,7,15,22,31.8
TORMENTA DEL DESIERT0,1,2,3,33.3
TOWER OF THE MYSTERIES,1,1,2,50.0
TR0PA DE EXPL0RACA0,0,2,2,0.0
TR0PA DO LELE0,1,1,2,50.0
TRAMOYA,0,2,2,0.0
TRIBUNAL 33,0,2,2,0.0
TRIVILINES,13,7,20,65.0
TRONO DE GUERRA,0,1,1,0.0
TROPA DA BAGUNCA,1,2,3,33.3
TROPA DO INGUICA BR,3,23,26,11.5
TRUPE-FANTASMA,0,2,2,0.0
TSHF HYENES,2,13,15,13.3
TU MAMMA,146,108,254,57.5
TURKS LAND,6,0,6,100.0
TWISTED GARDEN,0,1,1,0.0
TWISTER METAL WARRIORS,0,5,5,0.0
TWO DEADLY SINS,1,1,2,50.0
Tabbib,0,1,1,0.0
Tahuantinsuyo Renacido,2,9,11,18.2
Taiko,146,180,326,44.8
Taiko Imperial,0,10,10,0.0
Take-it-Easy,2,6,8,25.0
TakeOnMe,14,28,42,33.3
Tal da PANELA,4,0,4,100.0
Talentless,1,0,1,100.0
Tank de Havaianas,0,5,5,0.0
Tanmalitos,6,16,22,27.3
Tark Assassins,2,11,13,15.4
Tatsu y Kitsu,0,8,8,0.0
Tavern and Glory,2,7,9,22.2
Taverna Curupira,2,4,6,33.3
Tavola-Redonda,0,3,3,0.0
Te Garcho,1,8,9,11.1
Te la saco,0,2,2,0.0
TeJoNeS eZqUiZoFreNiCoS,4,22,26,15.4
Tea__party,1,1,2,50.0
Team-Wolf,23,8,31,74.2
Team-suicide,11,41,52,21.2
TeamLeagueMacaques,2,3,5,40.0
TeamSoloYonk,0,1,1,0.0
Tejones Tacticos,6,4,10,60.0
Tempel-Tuttle,0,2,2,0.0
Tempest Of Wolves,1,1,2,50.0
Templar Guardians,0,1,1,0.0
Templarios Gold,3,11,14,21.4
Templarios da Lua Sangrenta,0,1,1,0.0
Templarios da Luz,0,7,7,0.0
Templarios de las arenas,0,1,1,0.0
TemplariosRS,0,1,1,0.0
Templars 500,1,1,2,50.0
Templars of the white raven,4,12,16,25.0
Templo do Sol,1,8,9,11.1
Tempus Veritas,0,3,3,0.0
TemuSquad,0,2,2,0.0
Tenebris Domini,1,2,3,33.3
Tengkorak,0,1,1,0.0
Tengo gremio,0,1,1,0.0
TengoLengoTengo,0,2,2,0.0
Tenochtj,1,20,21,4.8
Tenryuubitos,2,1,3,66.7
Tenso,0,5,5,0.0
Tentacle of Market,0,2,2,0.0
Teocracia Slane,0,6,6,0.0
Terror Of Solo Players,73,4,77,94.8
Tesouto BR,1,4,5,20.0
Test Alliance,0,1,1,0.0
Testigos de Goku,4,5,9,44.4
TestigosD-Jehova,1,5,6,16.7
Tetsu No Kiba No Gundan,0,2,2,0.0
Th1rd Party,0,2,2,0.0
Th3 Lost 5ouls,0,1,1,0.0
Thats Your Business,0,1,1,0.0
The Adventurers Tavern,0,1,1,0.0
The Aegis Project,14,20,34,41.2
The Bacons,16,21,37,43.2
The Badass Clowns,1,4,5,20.0
The Baspar,7,14,21,33.3
The Bearer of Light,2,0,2,100.0
The Bells,57,85,142,40.1
The Big White Cock,0,3,3,0.0
The Black Dragons BR,1,6,7,14.3
The Black Wolvess,6,13,19,31.6
The Blessed Ones,10,32,42,23.8
The Blood Of Dragon,0,5,5,0.0
The Boss World,23,70,93,24.7
The BreakerS,1,2,3,33.3
The Carefree Fishermen,0,3,3,0.0
The Cats From Hell,0,1,1,0.0
The Celestial Lions,45,94,139,32.4
The Challengers BR,0,1,1,0.0
The Chilles,0,1,1,0.0
The City Underneath The Ocean,0,3,3,0.0
The Comunity,1,20,21,4.8
The Corners,70,34,104,67.3
The Cowders,0,3,3,0.0
The Crying Ghost,0,2,2,0.0
The Crystal King,0,3,3,0.0
The Cult Oasis,0,1,1,0.0
The Cursed Sorcerers,0,1,1,0.0
The Darchangel,1,2,3,33.3
The Dark Roses,1,5,6,16.7
The Dark Scythes,7,27,34,20.6
The Darkkings,1,0,1,100.0
The Darkness1,0,2,2,0.0
The Deprived,1,4,5,20.0
The Desert Outlaws,0,1,1,0.0
The Destruction Company,73,73,146,50.0
The Dipers,7,7,14,50.0
The Dungeon Of The Black Compa,5,10,15,33.3
The Egg Family,1,3,4,25.0
The Emissary,1,3,4,25.0
The Erectis,0,3,3,0.0
The Expendable Few,0,1,1,0.0
The Falllen Of Avalon,0,1,1,0.0
The Family M,1,4,5,20.0
The Final Warning,0,2,2,0.0
The First Kingdom,0,3,3,0.0
The Garden Dragons,2,7,9,22.2
The Gasparilla,0,2,2,0.0
The Gatherers Of Thetford,0,1,1,0.0
The Geneva Checklist,0,2,2,0.0
The Ghosts1,25,25,50,50.0
The Glory of valhalla,3,1,4,75.0
The Guardian Lords,0,4,4,0.0
The Harvest Masters,0,1,1,0.0
The Harvestas,0,1,1,0.0
The House of Marajas,3,1,4,75.0
The Hunters 1,0,1,1,0.0
The Insanity,26,51,77,33.8
The Irish Mafia,23,59,82,28.0
The Jolly Rogerz,15,21,36,41.7
The Kingdom Of Guardians,2,9,11,18.2
The Kings Codex,7,13,20,35.0
The Last Nest,2,11,13,15.4
The Last Team,0,1,1,0.0
The Last of Gods,0,3,3,0.0
The Legion Of Asgard,3,16,19,15.8
The Legion Of Valhalla,0,1,1,0.0
The Legion of Reflective Fall,4,5,9,44.4
The Lion Jota Vnzla,0,10,10,0.0
The Lion Revolution,1,5,6,16.7
The Lionheart Guard,0,3,3,0.0
The Lions of South Africa,0,1,1,0.0
The Loli Men,2,1,3,66.7
The Lonely Mauron,4,18,22,18.2
The Lonely Men,94,65,159,59.1
The Lonely Skibidi,118,143,261,45.2
The Long Road,0,3,3,0.0
The Mind Breakers,0,2,2,0.0
The Mobile,0,3,3,0.0
The New-Order,22,59,81,27.2
The North Order,10,6,16,62.5
The Notorious Army,0,1,1,0.0
The Oficial Deadly Alliance,0,1,1,0.0
The Only King,0,3,3,0.0
The Oracles,0,2,2,0.0
The Pampeans Hub,0,3,3,0.0
The Place of our Heritage,0,3,3,0.0
The Plaga,46,66,112,41.1
The Princess,2,2,4,50.0
The Purge of Shadows,0,1,1,0.0
The Ravens Claw,0,1,1,0.0
The Real Aggression,70,71,141,49.6
The Rebels Of The Red Moon,2,2,4,50.0
The Rugrats,209,233,442,47.3
The Salty Bastards,0,2,2,0.0
The Shadows Inmortal,1,7,8,12.5
The Shanty Raiders,0,1,1,0.0
The Skull Bearers,22,29,51,43.1
The Slim Army,0,3,3,0.0
The Smugglers141,0,1,1,0.0
The Soaring Flames,0,2,2,0.0
The Solar Crown,0,1,1,0.0
The Sons of Chaos,0,1,1,0.0
The South Park,1,4,5,20.0
The Stick Of True,1,1,2,50.0
The Storm Riders,11,40,51,21.6
The Stormlight,0,1,1,0.0
The Stout Stache,0,1,1,0.0
The Strings of destiny,0,2,2,0.0
The Summer Wind,0,1,1,0.0
The Tang Sect,0,4,4,0.0
The Tecno Cube TTC,1,5,6,16.7
The Thunder of Avalon,0,2,2,0.0
The Travelers Gg,1,9,10,10.0
The Triforce of the Sun,0,6,6,0.0
The Undead and Unwanted,1,1,2,50.0
The Uppers,7,8,15,46.7
The Veiled Legion,1,1,2,50.0
The Vermins,2,7,9,22.2
The Walking Dead_TWD,2,2,4,50.0
The Wandering BlackSmiths,8,36,44,18.2
The Warriors kings,0,1,1,0.0
The Warsmiths,0,2,2,0.0
The Way of Kings,0,7,7,0.0
The White Dragons House,1,5,6,16.7
The WhiteBeards,2,3,5,40.0
The Wild Meow,1,4,5,20.0
The WildRovers,2,6,8,25.0
The Wolf Company,5,14,19,26.3
The arctic monkeys,1,10,11,9.1
The corn gang,0,3,3,0.0
The kinghts of Light,0,1,1,0.0
The last gamers,0,4,4,0.0
The lat kin,0,1,1,0.0
The noble UwUs,0,2,2,0.0
The vicious,3,20,23,13.0
The-Kingdom-Terror,0,4,4,0.0
The-Valhalla,0,1,1,0.0
TheBestInWest,1,0,1,100.0
TheBushyBank,0,5,5,0.0
TheChiefs,3,4,7,42.9
TheDarkKnight,0,2,2,0.0
TheElderWarriors,0,2,2,0.0
TheGP,1,0,1,100.0
TheHordeGM,0,4,4,0.0
TheJoNhsViKiNgS,1,9,10,10.0
TheKinggs,0,2,2,0.0
TheLittlePigs,1,9,10,10.0
TheMenKill,1,4,5,20.0
TheMonument,13,37,50,26.0
ThePochitos,1,1,2,50.0
ThePrensadoBoys,0,2,2,0.0
TheProtectersAtWellsFargo,1,2,3,33.3
TheRevenants,0,3,3,0.0
TheShelby,0,1,1,0.0
TheSpartanSQUAD,39,49,88,44.3
TheTempest,0,9,9,0.0
TheZone,1,2,3,33.3
The_Dark_Petes,0,8,8,0.0
The_Dragon_Knights,0,1,1,0.0
The_Genei Ryodan,7,7,14,50.0
The_Shadows_Hunter,0,4,4,0.0
The_StrawHats,1,3,4,25.0
The_Unit,0,2,2,0.0
The_WolfGang,9,8,17,52.9
The_kings_of_Avalon,0,2,2,0.0
ThegusT Kings,0,1,1,0.0
Therian,8,2,10,80.0
Thetford Death Bringers,0,1,1,0.0
Thetforever,11,46,57,19.3
This-Promise,15,34,49,30.6
Thranduils Halls,19,1,20,95.0
ThreeSetsDown,0,1,1,0.0
Throne Of Bones,2,7,9,22.2
Throne Of Chaos,0,8,8,0.0
Throwing Chair,32,45,77,41.6
Thunder Thighs McThicc Cheeks,0,1,1,0.0
Thunderkittens,1,0,1,100.0
Thy Goon Squad,0,1,1,0.0
Tidal,0,1,1,0.0
Tiempos Mejorez,0,1,1,0.0
Tijuca,2,0,2,100.0
Tik Tok,3,7,10,30.0
TimGuards,0,2,2,0.0
TimaDebilov dwd,0,1,1,0.0
Timberwolf Pack,0,4,4,0.0
Time Lords of Ava,2,10,12,16.7
Time Of Eternity,1,12,13,7.7
Time is Over,0,1,1,0.0
To The West,0,1,1,0.0
Top Notch Killahs,0,1,1,0.0
TopG Hellgaters,1,7,8,12.5
ToppanLagann,1,10,11,9.1
Torero,3,4,7,42.9
Totally High Crew,0,1,1,0.0
Totalsilence,0,1,1,0.0
Touch of Malice,0,1,1,0.0
Towelines,0,1,1,0.0
Tower of Zizards,0,2,2,0.0
Toxic Latina,2,0,2,100.0
Toxic Legacy,0,2,2,0.0
Toxic Shock,6,7,13,46.2
Toxicity_Faction,48,50,98,49.0
Toy Soldier,29,59,88,33.0
Tr0pa do Caramel0,0,2,2,0.0
Trash Collectors,1,4,5,20.0
Travel Planners Are Pervs,2,0,2,100.0
TravelersUnion,49,71,120,40.8
Treasure Tales,135,287,422,32.0
Tren De Aragua X,1,2,3,33.3
Tres0sitos,0,1,1,0.0
Trevourss,1,0,1,100.0
Trib Sarmi,0,4,4,0.0
Tribe Qiluete,0,3,3,0.0
Triboulet,1,0,1,100.0
Tribu de Judah,0,1,1,0.0
Tribu salasar,1,0,1,100.0
Tributos,30,41,71,42.3
Trilogy dorada,0,1,1,0.0
Trippie Redd,2,30,32,6.2
Trisomia 21,2,2,4,50.0
Triunvirato,9,32,41,22.0
Troll Karma,0,1,1,0.0
Tropa Anti-PK,0,4,4,0.0
Tropa Auriverde,1,5,6,16.7
Tropa Da Manjo,0,1,1,0.0
Tropa da KaBUM,1,0,1,100.0
Tropa da Linguica,2,1,3,66.7
Tropa dos Coletores,0,1,1,0.0
True Damage Og,0,1,1,0.0
True Gentleman,292,253,545,53.6
Trulicity,0,1,1,0.0
Trup phatasma,0,11,11,0.0
Tuata- de-daan,0,1,1,0.0
Tul0n3s,0,1,1,0.0
Tumba de la Espada,4,8,12,33.3
Tunicas2,2,4,6,33.3
Tunnel Snakes rule,0,4,4,0.0
Turd Reich,0,1,1,0.0
Turma do P4UGOD,0,1,1,0.0
Turma du Bairro,1,2,3,33.3
Tuskateers,0,4,4,0.0
Twilight Avengers,1,17,18,5.6
Twilight Knights,29,62,91,31.9
TwilightRose,0,1,1,0.0
Twin_Dragons,0,3,3,0.0
TwoKiss,14,36,50,28.0
TyrannT,179,143,322,55.6
U Are My Profit,74,154,228,32.5
U D S,12,12,24,50.0
U L T A,13,19,32,40.6
U N I O N S,1,1,2,50.0
U N K I N D,4,2,6,66.7
U N l T A S,3,3,6,50.0
U-L-F-A-R,0,2,2,0.0
U-S-E-L-E-S-S,9,17,26,34.6
UDOKings,0,2,2,0.0
UFX,11,5,16,68.8
UGotRatted,5,4,9,55.6
UKHU,6,4,10,60.0
UM CLAP UM SONHO,0,1,1,0.0
UMBRELLA CORPORATIONN,1,1,2,50.0
UN NUEVO AMANECER,173,68,241,71.8
UNERG,6,5,11,54.5
UNFORSAKEN CHAOS,1,2,3,33.3
UNIAO_EXTREME,0,1,1,0.0
UNITED one,0,2,2,0.0
UNOS,19,41,60,31.7
URSOS AUTISTAS BR,0,2,2,0.0
URUGBUAY,0,2,2,0.0
USIL,1,6,7,14.3
Ubi Concordia Ibi Victoria,2,0,2,100.0
Uknows,1,0,1,100.0
Ultima Luz,0,1,1,0.0
Ultima Voluntad,1,8,9,11.1
Ultima-Ratio,1,2,3,33.3
Ultimate Lords,3,24,27,11.1
Ultimates,0,1,1,0.0
Ultimo Reich,0,1,1,0.0
Ultimos Guardianes De Martlock,1,6,7,14.3
UltraViolenc3,6,3,9,66.7
Umbral Hunters,0,2,2,0.0
Umbrella the Revenger,1,1,2,50.0
Un Monton de Gordas,59,77,136,43.4
Un Tercio De Lokos,4,13,17,23.5
UnEikonic,15,15,30,50.0
Un_HOLY,0,4,4,0.0
Undefeateble 1,2,2,4,50.0
Undergraund Resistance UR,1,1,2,50.0
Unfortunate,0,3,3,0.0
Union Democratica,0,1,1,0.0
Union Knight,2,11,13,15.4
UnionHispana,2,10,12,16.7
Unison Squad,14,35,49,28.6
Unit of the Lotus,0,2,2,0.0
Universitarios e Desempregados,1,19,20,5.0
Unlimited Blade Sword,1,9,10,10.0
Unlucky Cats,7,5,12,58.3
Unreachable,1,4,5,20.0
Unslave,234,283,517,45.3
Untold Titans,0,1,1,0.0
Upholder,5,1,6,83.3
Upsida,38,30,68,55.9
Upside,455,229,684,66.5
Ur0boros,0,1,1,0.0
Urban Family,2,1,3,66.7
Urium,0,1,1,0.0
Urones Negros,0,7,7,0.0
Ursinhos Carinhosos S2,2,4,6,33.3
Ursinhos_Carinhosos,0,1,1,0.0
UsGuriX,0,7,7,0.0
Uso mo aso Uma,0,1,1,0.0
UtopiaMX,4,3,7,57.1
UwUknights,1,7,8,12.5
Uxon Fortex,9,12,21,42.9
V 0 1 D,13,3,16,81.2
V E 1 N Z,7,13,20,35.0
V I A J E R O S,31,28,59,52.5
V I C T O R Y E,2,2,4,50.0
V I L L A _F I O R I T O,1,3,4,25.0
V I R O L O S,1,0,1,100.0
V O L K R U M,0,2,2,0.0
V O R A C I T Y,49,90,139,35.3
V de viagra,0,1,1,0.0
V for Vendetta V,1,0,1,100.0
V-2 ECONOMY,1,1,2,50.0
V-KINGS,1,8,9,11.1
V1K1NGSS,0,4,4,0.0
V1ctory or Death,13,23,36,36.1
V4TOS LOCOS,87,123,210,41.4
VAGANTES DE BRIDGEWATCH,1,19,20,5.0
VAGOS VE,0,1,1,0.0
VAL - HALLA,5,33,38,13.2
VALAR HARKONNEN,4,15,19,21.1
VALEBAT,1,8,9,11.1
VALHALLA ROADS,1,4,5,20.0
VALKARION,12,27,39,30.8
VASH ESTAMPIDA,15,36,51,29.4
VATICANUM,4,18,22,18.2
VELUM MORTIS,2,2,4,50.0
VENENO BLACK,14,58,72,19.4
VENENO T8,65,208,273,23.8
VENEZUELA-OLD-SCHOOL,0,2,2,0.0
VIDA CAR4,1,4,5,20.0
VIDA RAS4,0,1,1,0.0
VIGILANTES DEL TEJADO,31,33,64,48.4
VIK1NG0S,0,1,1,0.0
VIOLENT SOULS,8,17,25,32.0
VIP Persons vainglory,0,1,1,0.0
VITERIUM,3,13,16,18.8
VK Army,68,122,190,35.8
VME,7,20,27,25.9
VNZ TAURUS,0,1,1,0.0
VOEN ASUR,0,1,1,0.0
VOID HECHO,3,9,12,25.0
VOIHD,4,4,8,50.0
VORAXIS,3,6,9,33.3
VOX BELLUM,2,17,19,10.5
VOX TENEBRIS,0,1,1,0.0
VRESTROM,0,1,1,0.0
VULTURES RAIZ,1,7,8,12.5
Vael Nor,1,2,3,33.3
Vahipe_ ko,0,1,1,0.0
Vai pra Vala,3,7,10,30.0
VaiTomando,0,2,2,0.0
VaitZ,0,1,1,0.0
Valarianos,1,3,4,25.0
Valhalla Gate,0,1,1,0.0
Valhalla Kingdom,0,2,2,0.0
Valhalla-Saints,0,1,1,0.0
Valhallas Fury,0,3,3,0.0
Valkyrias GL,0,1,1,0.0
Valle de sangre,1,0,1,100.0
Vallhala Calling Me,0,4,4,0.0
Valtheos,0,8,8,0.0
Vamos Pipones,0,4,4,0.0
Vanguard Killers,4,26,30,13.3
Vanguarda Infinita,0,1,1,0.0
Vanguardia del eclipse,0,3,3,0.0
Vanilla Legion,25,57,82,30.5
Vanir Asir,0,1,1,0.0
Vastior,0,1,1,0.0
Veel Glorie,17,50,67,25.4
Velaris Eternal,3,15,18,16.7
Velho Covil,1,7,8,12.5
Velo Carmesi,1,0,1,100.0
Velo Rojo,39,74,113,34.5
Velzardt,1,0,1,100.0
Vem Comigo,0,1,1,0.0
VenenoT6,0,2,2,0.0
Veni Vici,85,71,156,54.5
Venturax,1,0,1,100.0
Venture Ghost,0,2,2,0.0
Verguizas Kbronaz,2,11,13,15.4
VeryDificul,6,16,22,27.3
ViGAME,9,14,23,39.1
Via Nocturna,49,41,90,54.4
Vicious Syndicate,1,7,8,12.5
Victims of the Humble,0,3,3,0.0
Victory or Valhalla - NA,101,106,207,48.8
Viejos Haraganes,0,2,2,0.0
Viking Crown,0,2,2,0.0
Vila Monteiro,0,1,1,0.0
Violet Veil,0,1,1,0.0
ViperKatari,0,1,1,0.0
ViperkroN,5,5,10,50.0
VirTus_AvAloN,0,1,1,0.0
Viudas Negras Fx,0,1,1,0.0
Vivallo,2,12,14,14.3
VlCl,0,2,2,0.0
VlNLAND,17,32,49,34.7
VlOLENCE,0,1,1,0.0
Void Army,0,1,1,0.0
Void Dreamers,3,14,17,17.6
Void Team I,1,5,6,16.7
VoidThrasher,0,2,2,0.0
Voidrift,1,8,9,11.1
Volans,1,16,17,5.9
Volaos Gamer,0,5,5,0.0
Volkzsturm,22,39,61,36.1
Voltios,0,2,2,0.0
Von supremo,49,151,200,24.5
Vorathis,0,1,1,0.0
Vrathiusland,1,3,4,25.0
Vuco-Vuco,5,5,10,50.0
Vueltas la amenaza,0,2,2,0.0
Vulkanor,10,12,22,45.5
Vulkans Salamanders,0,1,1,0.0
Vulture Tyranny,11,29,40,27.5
W - M I S T T,1,23,24,4.2
W 4 R G,37,58,95,38.9
W A R H E A D,3,0,3,100.0
W I T C H E R S,4,18,22,18.2
W R E C K E D,47,106,153,30.7
WAN7ED,1,1,2,50.0
WANTED LEGION,0,2,2,0.0
WARRIORS OF DEATH777,0,1,1,0.0
WARRIORS OF THE SHADOW,0,7,7,0.0
WARRIORS_-091,0,1,1,0.0
WARRIORZzx,0,1,1,0.0
WARTIDE,8,14,22,36.4
WASU,0,1,1,0.0
WB POLlCE,0,4,4,0.0
WB-ZZZZZZZ,5,5,10,50.0
WE COOKED,2,2,4,50.0
WE DOMINATING,12,30,42,28.6
WHINTERFELL,2,0,2,100.0
WHITE PARTY,0,10,10,0.0
WHITE-MOON,4,16,20,20.0
WIPE_OUT,1,8,9,11.1
WITH THE LEGENDS,0,1,1,0.0
WORLD CAFE,3,9,12,25.0
WORLD POCHOS,2,2,4,50.0
WORLD WALKERS,0,8,8,0.0
WU TANG LAND,2,9,11,18.2
WYRMWING,0,1,1,0.0
WalFerAP,0,1,1,0.0
Wall of Thetford,0,20,20,0.0
Wandering-Souls,5,27,32,15.6
Wanted PKS,85,41,126,67.5
War Dreams,1,5,6,16.7
War Ponies,3,12,15,20.0
War and orderX,1,0,1,100.0
Wardens of the North PH,0,2,2,0.0
Warlocks Legion,5,4,9,55.6
Warlod366,1,15,16,6.2
Warlord Syndicate,19,25,44,43.2
WarriorSkyCur,1,0,1,100.0
Warriors of the AEsir,2,1,3,66.7
Warthog,1,14,15,6.7
Waste No Time,0,1,1,0.0
Wasteland Core of Engineers,0,2,2,0.0
Watch ur Six,0,1,1,0.0
Watones On Your Back,2,4,6,33.3
WayOfValhalla,0,2,2,0.0
We Are Yakuza,56,82,138,40.6
We Bare-Bears,5,7,12,41.7
We Never Parish,0,1,1,0.0
We Profit,112,111,223,50.2
We Trade,0,16,16,0.0
We Were Chaos,0,3,3,0.0
We are nice guild,0,4,4,0.0
WeAreTheWarriors,2,0,2,100.0
Weak Goons,0,1,1,0.0
WeryTash,2,18,20,10.0
Western Legion,1,6,7,14.3
Whale Sharks Incorporated,0,4,4,0.0
White Lodge,0,2,2,0.0
White Lotus eSports,0,2,2,0.0
White Rams,0,4,4,0.0
White Tiger Org,0,3,3,0.0
WhiteLotus,6,4,10,60.0
WhiteShadow,0,1,1,0.0
WhiteSnakes,1,1,2,50.0
WhyYouLying,2,2,4,50.0
Wild Egy,1,7,8,12.5
Wild_Cards_of_Greed,1,2,3,33.3
Windgrass Police,0,37,37,0.0
Wine Gankers,0,1,1,0.0
Wings of Legacy,0,1,1,0.0
Winter Nomads,0,3,3,0.0
WinterLat,5,34,39,12.8
Winterstrux,0,4,4,0.0
Witch Hunt,1,1,2,50.0
Witchers of the White Wolf,0,1,1,0.0
With Lemon,6,2,8,75.0
Witless Mercenaries Tavern,1,8,9,11.1
WoIfgang,0,1,1,0.0
WolF Trading,0,1,1,0.0
Wolf Family,0,1,1,0.0
Wolf Pack - Albion,0,4,4,0.0
Wolf of The Dead,0,1,1,0.0
WolfMafia,0,3,3,0.0
Wolves of the Void,3,13,16,18.8
Wongy Craft LTDA,0,1,1,0.0
Wooopiiland,0,1,1,0.0
Working Man,2,5,7,28.6
World Of Petes,0,1,1,0.0
Worsaken,0,3,3,0.0
Wrecking-Crew,50,28,78,64.1
Wua-Tong-Klan,1,9,10,10.0
Wyze,22,11,33,66.7
X EL REINO AVALON X,58,147,205,28.3
X EL ULTIMO REINO X,114,343,457,24.9
X FREE FARm X,0,2,2,0.0
X LA HABANA X,0,6,6,0.0
X La-Ultima-Orden X,3,12,15,20.0
X NIGHT LORDS X,0,1,1,0.0
X STALKERS X,0,2,2,0.0
X Visionarios X,0,1,1,0.0
X Y R I S,21,50,71,29.6
X ZODIAC X,2,5,7,28.6
X- Shadow Garden -X,0,1,1,0.0
X-HCE,0,2,2,0.0
X-Noxius-X,14,16,30,46.7
X-PvP,22,44,66,33.3
XANGELESXSANGRIENTOSX,6,16,22,27.3
XAlpha HuntersX,2,15,17,11.8
XEBIU HUNTERS,0,6,6,0.0
XINKALI,1,4,5,20.0
XIX SQUAD,6,8,14,42.9
XKXK,4,11,15,26.7
XMASSACRE,0,1,1,0.0
XMxAxYxHxExMx,3,14,17,17.6
XNoMercy,107,186,293,36.5
XPENTAGONOX,0,1,1,0.0
XPLORA FRIEND,1,0,1,100.0
XRIP-OPENX,0,2,2,0.0
XTAYULIB19X,0,1,1,0.0
XX-PRO,0,3,3,0.0
XXGallosFinosXX,0,1,1,0.0
XXTkITTY,0,1,1,0.0
XXX3XXX,2,3,5,40.0
XXXXQUEENXXXX,0,7,7,0.0
XXX_XTX_XXX,1,1,2,50.0
XXXblack crowsXXX,1,3,4,25.0
X_Ter__no_X,1,0,1,100.0
XafaHousers,0,1,1,0.0
Xbox,1,0,1,100.0
Xdeath skeletons and rosesX,2,3,5,40.0
XisdeHouse,0,1,1,0.0
Xprogram,0,1,1,0.0
XuxupinhaOtaku,1,0,1,100.0
XvoTeam,1,1,2,50.0
Xx COLISEU xX,0,4,4,0.0
Xx EL ULTIMO REINO xX,0,1,1,0.0
Xx El Oasis xX,4,13,17,23.5
Xx Farmer Solitario xX,0,1,1,0.0
XxPacivoxX,0,1,1,0.0
XxRESURGENCExX,1,6,7,14.3
XxTropadoUrsoxX,0,1,1,0.0
XxWakandaxX,0,2,2,0.0
Y 4 K U Z 4,5,10,15,33.3
Y A P E,0,2,2,0.0
Y O P A L,7,12,19,36.8
Y Tu Hermana,1,0,1,100.0
Y-A-M-A-H-A,0,1,1,0.0
YAKUZA_G,4,8,12,33.3
YEISSONN G,0,2,2,0.0
YMF,1,4,5,20.0
YORUTSUKI,0,6,6,0.0
YOU ARE LOOT,269,306,575,46.8
YOUNG - PLAYER,5,7,12,41.7
YOU_ARE_DEAD,434,354,788,55.1
YOWAIMO,0,1,1,0.0
YTNoragamiYT,1,6,7,14.3
YUNc,4,3,7,57.1
Y_S,1,1,2,50.0
Yami no Tsubasa,0,1,1,0.0
YanaSupay,0,2,2,0.0
Yanami,0,2,2,0.0
Yeeeeeeeeet,1,0,1,100.0
YeetDynasty,0,15,15,0.0
Yeguas avalonianas,22,43,65,33.8
Yellow River Boys,0,2,2,0.0
YellowZone,0,1,1,0.0
Yihad,5,4,9,55.6
YingYangTCC,1,18,19,5.3
Yo Mom Dyntka,2,4,6,33.3
Yo y los sin manos 2,1,0,1,100.0
Yoshinnkz,0,6,6,0.0
Yotaze 06,1,10,11,9.1
You Okay,29,75,104,27.9
YouAreNext,0,2,2,0.0
Your Iast Breath,39,31,70,55.7
Your_Bunny_Wrote,1,1,2,50.0
YronSide,12,43,55,21.8
YuReM,1,3,4,25.0
Z 0 N E,30,66,96,31.2
Z0R,0,2,2,0.0
Z3L4D4CL4N,2,9,11,18.2
ZATORI,0,2,2,0.0
ZELADORES,1,8,9,11.1
ZIT,1,2,3,33.3
ZMZZL,4,3,7,57.1
ZOP Clan,0,2,2,0.0
ZT LOVE,0,2,2,0.0
ZUMBI NATION,0,1,1,0.0
ZUZU POPOTEE,0,1,1,0.0
ZZZ Y ASOCIADOS,1,6,7,14.3
ZZaguilarZZ,1,3,4,25.0
Z_WARRIORS,0,1,1,0.0
Za monolet,0,1,1,0.0
Zaimot,0,1,1,0.0
Zanahoria Violenta,1,0,1,100.0
Zanshin,0,1,1,0.0
ZarVovis Guild,0,1,1,0.0
Zareth,0,1,1,0.0
Ze Ruelas,0,2,2,0.0
Zephyria,0,3,3,0.0
Zer0 Prof1t,2,4,6,33.3
Zerg Incoming,1,3,4,25.0
Zero Ace,0,1,1,0.0
Zero X,1,2,3,33.3
Zero-Time,1,1,2,50.0
Zeroed,0,3,3,0.0
ZimZomZoom,0,10,10,0.0
ZlOuBaaa,1,0,1,100.0
ZoEiRa Br,0,4,4,0.0
ZoLdycK Asassins,0,2,2,0.0
Zoltrak,1,19,20,5.0
Zonados,6,32,38,15.8
Zone X,5,22,27,18.5
Zonna Sur,1,0,1,100.0
Zr0 Escape,5,4,9,55.6
Zucaritas RS,0,2,2,0.0
Zukaritas,3,13,16,18.8
Zysas,2,3,5,40.0
ZzZLEGENDS,1,3,4,25.0
a AKATSUKI a,1,1,2,50.0
abisal,0,1,1,0.0
about blank,0,1,1,0.0
abyss of nanashi,0,4,4,0.0
alcosto,0,2,2,0.0
amarupatoruso fletovich,1,3,4,25.0
amoral,0,4,4,0.0
anarxia mati poryadka,0,1,1,0.0
angeles del olimpo,0,28,28,0.0
anti therians,1,12,13,7.7
antigordas,0,1,1,0.0
apixaban,1,6,7,14.3
arendatariopusch2Z,1,4,5,20.0
auraaaaaaaaaaaaaaaaaaaaaaaaaaa,0,1,1,0.0
aventureiros de lym,2,17,19,10.5
bebito fiu fiu los reyes,0,1,1,0.0
black dragon XD,1,1,2,50.0
black kun,0,1,1,0.0
blackhooll,1,2,3,33.3
blank-1,0,1,1,0.0
bmb camera de gas,0,2,2,0.0
boars head tavern,14,34,48,29.2
bon cut,0,1,1,0.0
brigadas metalicas,0,1,1,0.0
brothers of death,0,2,2,0.0
buldan,0,1,1,0.0
caballeros de la orden de Zero,1,5,6,16.7
cadets of antisocials,1,0,1,100.0
cadets of life,1,0,1,100.0
calming stroke,5,2,7,71.4
caos y origen,1,0,1,100.0
capasnegras,0,3,3,0.0
carlos 5000,0,1,1,0.0
cazadores de leyendas,3,7,10,30.0
cazadores de recuersos,0,2,2,0.0
cazamaldita,0,1,1,0.0
cefiro,0,4,4,0.0
cerdo cap corp,0,4,4,0.0
chepakillers,4,25,29,13.8
chololand,0,1,1,0.0
clan NARA,1,5,6,16.7
clan del viento,9,11,20,45.0
clubONLY,1,2,3,33.3
cobra throw,1,3,4,25.0
contenidos pve y pvp,0,5,5,0.0
continente negro,0,1,1,0.0
cordoba356,0,1,1,0.0
corona celestial,3,9,12,25.0
cosumit,0,1,1,0.0
craftguildmurilo,0,2,2,0.0
crazy7777,0,1,1,0.0
dame party,1,4,5,20.0
danicarita,0,3,3,0.0
david928282,0,1,1,0.0
de4th crows,3,2,5,60.0
degggrfd,0,1,1,0.0
demon piggs,1,5,6,16.7
demonxx,0,2,2,0.0
dentes_de_sabre,0,1,1,0.0
desavence,195,136,331,58.9
deslechados,0,1,1,0.0
dicipulos de la luz,0,1,1,0.0
dont type,2,7,9,22.2
eTERNITY wARRIOR,0,1,1,0.0
e_e,1,5,6,16.7
el abismo de helm,3,2,5,60.0
el pacto 0k 0k,0,1,1,0.0
el poder de uno,0,1,1,0.0
el rey gorila,0,4,4,0.0
el vnzl,0,1,1,0.0
elgorila,0,12,12,0.0
elixir-avaloniano,3,4,7,42.9
eminences in the shadows,0,3,3,0.0
en Venezuela 1,0,3,3,0.0
en busca de oro,2,3,5,40.0
entre-la-neblina,0,3,3,0.0
escuadrib pinter,0,1,1,0.0
escuadron salchicha,35,33,68,51.5
escuadron sol V,0,1,1,0.0
f-BarZini,5,16,21,23.8
faccionarios,0,2,2,0.0
fairy tail3,0,1,1,0.0
familia croods,0,1,1,0.0
farmador de aurea,0,1,1,0.0
femboys hunters,1,3,4,25.0
filhos de maus,0,1,1,0.0
forever33,0,1,1,0.0
fortune brothers,2,12,14,14.3
frentic of valor,19,23,42,45.2
fundos monetarios,3,2,5,60.0
gankers letales la chupa,0,1,1,0.0
gankerzy,1,1,2,50.0
gay unicorn love society,0,2,2,0.0
ghost soldiers br,2,4,6,33.3
gloomy smile,0,3,3,0.0
gorylovers,1,4,5,20.0
gramoxone,0,1,1,0.0
gremio principalmentes,0,1,1,0.0
greyskol castle,0,1,1,0.0
guerreiros do pve,1,3,4,25.0
guidom,0,2,2,0.0
gurises,0,1,1,0.0
hadeslol effect,11,14,25,44.0
harry potter sem harry potter,3,4,7,42.9
headbutt,32,41,73,43.8
hermanda del velo,1,4,5,20.0
hermandad de la tempestad,0,1,1,0.0
hoda,1,3,4,25.0
honor kinghts,1,10,11,9.1
hormigas quimeras,1,7,8,12.5
i The Line i,2,5,7,28.6
iBurn,16,47,63,25.4
iCore,10,28,38,26.3
iFLAME,3,15,18,16.7
iTunes,2,1,3,66.7
iVoid,3,8,11,27.3
icoN-G _ Esports,0,1,1,0.0
iffures,4,3,7,57.1
illest,0,1,1,0.0
iloveyoueyes,2,2,4,50.0
impitoyables,0,1,1,0.0
inmortales_xxx,1,11,12,8.3
insolated,2,1,3,66.7
israelalmendras,9,13,22,40.9
jESPVEj Loucas Por PVE,2,3,5,40.0
jabali del caos,10,22,32,31.2
joy time,0,1,1,0.0
junta revolucionria de Theford,1,8,9,11.1
kAMIKAZES 13,0,5,5,0.0
kING IN THE MIST,1,0,1,100.0
kako21,24,5,29,82.8
kill kings pro max,0,1,1,0.0
kingdom of sword,0,1,1,0.0
kisuco,1,7,8,12.5
klefedroniarze,0,4,4,0.0
knights of the sunn,0,1,1,0.0
knull-s,0,2,2,0.0
kogeBurras,0,1,1,0.0
komPayasos,1,0,1,100.0
komunist party,0,2,2,0.0
krackenguard,0,1,1,0.0
l AsgarD l,9,16,25,36.0
l Band of the Hawk l,0,4,4,0.0
l Cats in your Back l,1,0,1,100.0
l E-V-O-L-U-T-I-O-N l,4,6,10,40.0
l ESCALATION FASST l,1,3,4,25.0
l FALSO POSITIVO l,6,3,9,66.7
l GREMORY l,0,2,2,0.0
l HAVOC l,1,1,2,50.0
l SKYPIEA l,3,4,7,42.9
l UNBROKEN l,3,3,6,50.0
l VNZL Gang l,1,12,13,7.7
l-Night,1,2,3,33.3
lB E R S E R K,66,106,172,38.4
lFOOD,0,1,1,0.0
la ayuda de la mano negra,0,1,1,0.0
la casa belmont,1,3,4,25.0
la furia del emperador,0,1,1,0.0
la orden de la sombras,2,11,13,15.4
la recluta,0,14,14,0.0
la samblea de los leguionarios,0,2,2,0.0
la-gran_tumba-de-nazarick,0,1,1,0.0
laegion of war,1,0,1,100.0
lanza de acero,0,3,3,0.0
las catacumbas_100,1,7,8,12.5
lasmandarinas1,0,1,1,0.0
latenite,1,3,4,25.0
le_gionarios,0,1,1,0.0
lebouzeux,0,1,1,0.0
lekixxx,0,1,1,0.0
leones_carmeci,0,4,4,0.0
leprechaunx,0,4,4,0.0
les fr valoir,71,57,128,55.5
light chaser,13,18,31,41.9
lirio Carmesi,0,1,1,0.0
ll Forjadores Del Destino ll,3,13,16,18.8
ll Rush PvE ll,0,1,1,0.0
llBLACK DEATHll,10,13,23,43.5
llMXMll,0,1,1,0.0
llOllOll,0,1,1,0.0
lllSmugglerSlll,1,0,1,100.0
lnimigos do Spec,0,1,1,0.0
lobo blanco,0,1,1,0.0
lobos landrones,1,6,7,14.3
locos12,1,4,5,20.0
lord cristal,0,1,1,0.0
lorn,0,1,1,0.0
los Tigres nobles,1,8,9,11.1
los akaskis,2,8,10,20.0
los araganes xd,0,1,1,0.0
los arcanos de la noche eterna,3,23,26,11.5
los caballeros ms puros,1,0,1,100.0
los cazadores de la niebla,1,9,10,10.0
los chauchis 2_7,2,4,6,33.3
los chiques,0,2,2,0.0
los come chingoles,0,2,2,0.0
los cuervos negros,0,2,2,0.0
los deudores de fallabella,0,3,3,0.0
los disbandeados,0,2,2,0.0
los dos reyes,0,3,3,0.0
los inconprendibles,0,4,4,0.0
los juanchos 2,1,0,1,100.0
los macizos,0,1,1,0.0
los mejore mankos,0,1,1,0.0
los mugiwaras del pacifico,0,1,1,0.0
los piratas de zona negra,6,11,17,35.3
los protectores de DIOS,0,5,5,0.0
los rompe corazones 1990,8,14,22,36.4
los seguidores de fraifu,0,1,1,0.0
los sin chamba,0,1,1,0.0
los taoistas,1,1,2,50.0
los tigre,0,1,1,0.0
los titanes,1,7,8,12.5
los toro max,0,1,1,0.0
los toros negros de tanos,1,1,2,50.0
los xel-naga,0,1,1,0.0
los zulianos,0,13,13,0.0
los-aguila-905,0,1,1,0.0
los_managers,1,6,7,14.3
loscornos,1,2,3,33.3
love for you,0,3,3,0.0
luky,0,1,1,0.0
luna de sangrienta,0,1,1,0.0
luxuri,0,1,1,0.0
m4lvados y asociados,0,1,1,0.0
mGERMAN,1,3,4,25.0
made in CV,0,4,4,0.0
malditos pochos,22,33,55,40.0
martillo y raiz,2,2,4,50.0
memepaws,5,30,35,14.3
mercenarios del mayab,0,4,4,0.0
mestre cozinheiro,0,2,2,0.0
mi 2 chamba es albion,0,1,1,0.0
mi gremio DANIALEISA,3,11,14,21.4
miaupower,0,1,1,0.0
miaw2511,0,1,1,0.0
milk factory,1,1,2,50.0
minoris pretii,110,58,168,65.5
mipi entusna,0,2,2,0.0
morre morre 2,2,0,2,100.0
mountain eagle,0,1,1,0.0
n e m e s i s,5,0,5,100.0
nacion sagrada,0,2,2,0.0
narkurekblacksmath,0,5,5,0.0
negromancers,0,1,1,0.0
nevasca do amanhecer,0,1,1,0.0
never broke ag4in,0,2,2,0.0
never-give-upp,0,2,2,0.0
new world order1,0,3,3,0.0
next page,11,16,27,40.7
ninjas_BR,1,0,1,100.0
no scouts allowed,0,1,1,0.0
nomolestes,0,1,1,0.0
novatos os melhores,0,1,1,0.0
nuneshertz,0,1,1,0.0
oiham,1,3,4,25.0
olImpuz,1,2,3,33.3
old school rap,1,3,4,25.0
one-armed,2,3,5,40.0
one-time,2,0,2,100.0
ordotoxo,0,1,1,0.0
os lobos solitarios,1,4,5,20.0
os patetas no geracao,1,1,2,50.0
os_Zyllas,0,1,1,0.0
osoblanco,1,0,1,100.0
osos krikosos,2,0,2,100.0
ozaru 11,0,1,1,0.0
paco gerte,0,5,5,0.0
pan con mortadelas,3,9,12,25.0
parrillera33,0,1,1,0.0
pecado scapitales,1,2,3,33.3
pendragon5077,0,1,1,0.0
pez del infierno,0,1,1,0.0
philodox alfa,0,6,6,0.0
picanha do lula,1,1,2,50.0
pigs bad luck,2,15,17,11.8
pitch-dark,0,1,1,0.0
platinum green,1,4,5,20.0
pocho farm,1,2,3,33.3
pocho power,1,12,13,7.7
pochogankandbang,0,5,5,0.0
pochozfc,0,1,1,0.0
pollagorda69,27,32,59,45.8
por animal,0,1,1,0.0
postmorten,2,10,12,16.7
primera gestion,0,1,1,0.0
primitive divers,0,1,1,0.0
producao TFP,0,1,1,0.0
punnnn1,1,0,1,100.0
rapaziada_BRIDGEWATCH,0,1,1,0.0
ratatullys,0,3,3,0.0
reign of qc,1,0,1,100.0
renegados del infiero,6,8,14,42.9
retired riders,0,2,2,0.0
rift and voids,1,1,2,50.0
rocotron,0,1,1,0.0
rushlevel,1,0,1,100.0
sOuL GripperS,4,5,9,44.4
sPLUSPLUSGANKA,3,0,3,100.0
sQCF - BRASIL,0,1,1,0.0
sSs_NeRFKrAcKeN_sSs,0,1,1,0.0
sand land,1,0,1,100.0
sandboxBR,0,1,1,0.0
secret heaven,2,4,6,33.3
senpapi,4,4,8,50.0
shadow f1ends,24,32,56,42.9
shadow island,0,1,1,0.0
sharmutas company,1,0,1,100.0
shellWhale,1,4,5,20.0
shewma,16,13,29,55.2
shitlock,0,1,1,0.0
shmebulockk,0,4,4,0.0
sin fronterasxd,1,0,1,100.0
sin-miedo,6,22,28,21.4
sionomariono,0,1,1,0.0
slayer of the beast,1,3,4,25.0
smoshiii,3,11,14,21.4
soleil legend Free,3,14,17,17.6
solo Badon Mist,5,5,10,50.0
somos neas,0,2,2,0.0
soplanucas,0,1,1,0.0
soul rod,0,1,1,0.0
souls fire,4,12,16,25.0
strife720,0,5,5,0.0
sunny-day,0,1,1,0.0
taberna-del-dragon,0,1,1,0.0
team compota,1,1,2,50.0
team fenix,0,1,1,0.0
terreno1,0,1,1,0.0
testguild1365,4,1,5,80.0
teth,0,2,2,0.0
tetuda--e--bom,0,1,1,0.0
tezk kyle kebera,1,1,2,50.0
the Farmer black Market,1,1,2,50.0
the Guardians of the third,1,12,13,7.7
the Seat of the Soul,0,1,1,0.0
the Vikings BR,0,1,1,0.0
the black stone legions,0,1,1,0.0
the bronze class,1,2,3,33.3
the eminence off shadows,0,3,3,0.0
the empire copyula,1,3,4,25.0
the end of the horizon,0,4,4,0.0
the guardians of wars,11,12,23,47.8
the jabatos,1,0,1,100.0
the knights of the abyss,3,15,18,16.7
the legion of dragons night,10,12,22,45.5
the plumbers,0,2,2,0.0
the wolfs house,0,1,1,0.0
the woolfs,0,3,3,0.0
the-legends-back25,0,7,7,0.0
the_path_of_the_loot,0,2,2,0.0
thefairytail,0,4,4,0.0
tigres Brancos,9,29,38,23.7
tlm2,0,1,1,0.0
touros negro,7,9,16,43.8
trabajadores11,0,1,1,0.0
trabajo one,0,1,1,0.0
trigeales,0,2,2,0.0
trolofobicos,3,5,8,37.5
tvks,1,1,2,50.0
u4gvn,1,0,1,100.0
ultima-resistencia,0,3,3,0.0
usBALALAIKA,3,2,5,60.0
valcri,0,3,3,0.0
valiant soul,1,3,4,25.0
vendicta,0,2,2,0.0
violente,0,3,3,0.0
viva la libertad carajo arg,5,1,6,83.3
vivax,6,2,8,75.0
vnclandia,1,0,1,100.0
warriors in black and white,0,8,8,0.0
welcon gamers,0,1,1,0.0
wheres the loot,1,19,20,5.0
whitelions-SMLP,0,1,1,0.0
wings of the void,0,4,4,0.0
within the light,3,1,4,75.0
x ATLAS x,0,1,1,0.0
x Guardioes de Lym x,22,50,72,30.6
x K R A K E N x,0,3,3,0.0
x Militia x,10,22,32,31.2
x R A T S x,0,1,1,0.0
x-UBUNTU-x,1,27,28,3.6
xAPEXx,0,1,1,0.0
xCATACLYSMx,1,5,6,16.7
xChile,12,15,27,44.4
xGuardianes del abismo,6,9,15,40.0
xHaDeSx,0,1,1,0.0
xNIGMAx,0,1,1,0.0
xNova ImperiuMx,78,130,208,37.5
xPaDoHkUx,1,0,1,100.0
xSentinelSx,0,2,2,0.0
xThe Solo Guildx,1,0,1,100.0
xULFHEDNARx,0,1,1,0.0
xVENOMx,1,2,3,33.3
xX Heralds of Ironheart Xx,0,1,1,0.0
xX Los Tiranos Xx,0,1,1,0.0
xX Maquina Del Mal Xx,1,12,13,7.7
xX Mystic Xx,4,13,17,23.5
xX The Jokers Xx,109,121,230,47.4
xX-P_K_2-Xx,2,2,4,50.0
xXAULLADORESXx,0,1,1,0.0
xXBLACK LIONSXx,0,1,1,0.0
xXBad IdeaXx,26,70,96,27.1
xXBlackSpadeXx,1,2,3,33.3
xXLegionesxxdexxleonesXx,0,1,1,0.0
xXRebelion X MalXx,4,20,24,16.7
xXx DEAD SILENCE xXx,0,3,3,0.0
x_MOONLIGTH_X,0,1,1,0.0
xxAlbion Online xx,0,1,1,0.0
xxXCLOVER-TOP-WORLDXxx,5,1,6,83.3
xxXLoquito y asociadoXxx,0,1,1,0.0
xxxARMY OF STONExxx,1,1,2,50.0
xxxBraveHeartxxx,2,0,2,100.0
xxxxKINGxxxx,0,21,21,0.0
yaKrysa,8,3,11,72.7
yemaya y elegua,4,6,10,40.0
youglas,1,8,9,11.1
zFRIGORIFICO,1,1,2,50.0
zGameZ,35,48,83,42.2
zNecromantes,7,16,23,30.4
zSimTeam,0,1,1,0.0
zSlayer Guildsz,0,1,1,0.0
zeuz farmear,0,1,1,0.0
zhubisimagonghui,8,7,15,53.3
zona_55,0,5,5,0.0
