Guild,Kills,Deaths,Fame
Skoggangr,40385,32465,15854338025
Contingent,30794,20114,13005468384
Heralds of Valhalla,21587,16031,8731709358
Squirtle Squad,20763,16468,8621785476
Woof Woof,19418,20202,7505831515
Clean Kill,19156,16315,7323112208
EQMS,19055,16127,6770920547
Y O I N K,18737,9577,7141712530
Papaoutai,17742,9005,6264837356
S I X,14020,11218,4930121929
EightFours,13266,6439,4746795914
Polska Gildia,12393,10867,4011143947
Ridniy Kray,11470,5065,2721783530
Scourge of GOD,11367,8306,3495920327
Critical,11012,8586,4284386055
Panico,10807,5586,3916127953
Pyramid Scheme,10700,9852,4764863743
Right Side,9387,6051,3208750338
G2U,9342,9679,3075308416
ANY FIGHT,8575,5892,2594475033
JOURNEY TOGETHER,8506,6105,3183201301
Utopia,8167,7451,1535937548
Unbound,7833,7965,2787905824
Fuego,7639,5034,2934752144
Marauder s,7262,11244,2682968402
Quinto Imperio,7172,4586,2335532133
Judge,6865,4713,2506804120
Inquisitors,6733,5664,2398063304
Ascension,6687,8220,1882427937
Avoid_Me,6577,2375,2103693473
Lemon Girls,6572,6631,2356231032
KillJoys,6474,4001,2021555884
Purity,6308,4370,1985332725
S3XT1NG,6042,4364,2096506109
Treasure Hunt,6040,4179,1030042680
K F C,5942,6969,2252954306
WarTag UA,5929,9290,2161184014
Sanctuary,5833,4846,2072521165
Savants,5794,4108,2115287284
Sevran,5733,5298,2223273565
Expedition 60,5669,3231,640853086
Simia,5486,2333,1077530746
S A N I T Y,5239,5045,1768570905
Saggin,5159,4043,1731141241
Tous Ensemble,5040,3582,1813015575
E H O T,4905,4147,1614069100
cocorrico,4900,5042,911708503
M3R Company,4794,3579,1465907747
Take Care,4722,3370,1849355694
Latitante,4588,4463,1553562041
SHIV,4501,3545,1456373481
Moros,4378,3318,1502475779
DELETED,4305,480,231399750
VINICIIII,4146,2517,1125297902
Stoic,4143,2666,936694020
Vongola-Family,3995,5321,1444904330
Road to Exile,3951,3262,924487664
kfir,3940,2661,1197223457
R I V A L,3848,2959,486050216
WhySpierdalasz,3847,3844,1243175529
UNH0LY,3813,2830,1333712036
Cow field,3794,1274,1024488978
A SKILL ISSUE,3771,1434,1343615842
Shattered Grace,3713,2387,373694351
Humble,3712,2726,1374133536
Mure,3491,3224,967734015
Burzyny,3455,2560,872839033
XXX,3416,4062,1319311579
s t e p b a c k,3401,1977,641799976
Last of the Ratts,3383,3256,936182459
FAMILY OF HEFAJSTOS,3355,4146,1015648677
The Unexpected,3338,3031,978115389
DO NUT,3288,2583,406468805
Full Push,3275,1329,1071537784
Noxus,3255,4652,720511714
IM O R D O RI,3244,2249,1155887842
Grey Knights,3240,1766,559584504
0N A FAIM,3224,2026,909955778
Vikings,3169,4384,551333766
Pink Monkeys,3136,1176,1074058696
S E N G O K U,3119,4149,412107078
LDK-ORDINAS,3093,2224,264834402
No Sex With Ex,3059,2631,291732930
KnightsOfCamelot,3033,2186,528529146
Win Order,3025,3189,1064126609
The Trix,3003,1246,1053906277
Purified,2977,2589,363174124
Bandits,2955,4413,348452759
DUBAI EXPRESS,2921,1695,1111382548
Pratele Hranateho Stolu,2889,3088,475417185
BOMBERMAN,2868,1994,967803241
Skaggongr,2868,2283,958302301
B A N G,2863,1456,1236809103
Instinct,2863,2800,570500594
Heralds of Kebab,2844,2075,1111771299
Palegrin,2836,3563,516369856
NIGIDI NAGO,2767,1157,1108463316
Black Sentinels,2675,3924,549277353
Satis Faction,2656,1996,442074648
Humanity,2591,1229,826551656
BDU,2573,2861,651647085
Evil All on Black,2553,587,593890184
star fire,2548,2796,924235296
ELYSSIUM X,2548,2002,609881854
Blood Pact,2523,1659,296047750
NO BB,2499,3562,847159981
WarLogs,2481,2379,379216325
giant panda,2454,3518,721896526
Blood And Tears,2442,1471,462805735
Alpagut TR,2434,1890,259642212
Never Mind,2399,2108,257792929
Limit-Breakers Familia,2381,2989,638090734
Pleasure lair,2370,897,313940318
Mighty Goat,2351,2400,683237028
BonSaissx,2328,4126,610154645
Azured,2283,1345,823164092
GORILLAZ,2272,3258,620379915
A K U M A,2267,1565,681070096
The Hypersonic,2250,1690,786757701
Antipositive,2202,2547,455474326
S W A M P,2199,665,206857530
Holy Company,2189,1192,814372309
Follow The Crown,2158,2942,158900451
Overpowering,2157,2690,626046474
The-Fallen,2124,1783,554206287
Cwaniacy,2096,2068,726223489
E L I T E,2088,1960,489352777
Cyber Cats,2037,2098,674663861
Inglorious Bastrds,2028,1402,420219467
Crumbs,1999,1456,481063862
The Jackals,1990,1732,533595340
Cape Dancers,1974,1653,222960169
Jambon et Dragons,1954,1024,664371188
Impalers,1906,3384,290630641
Vendetta,1902,2381,303964614
Gone For Milk,1899,1241,620180102
ANNEXIA,1830,1681,340272578
z o o t r o p o l i s,1827,992,588136913
Mission,1812,805,323613890
Ashbound,1809,1636,460546357
Make Turks Great Again,1797,1896,351158029
Disconnect,1764,1031,645272715
Orden Hospitalaria,1753,2853,314291568
Une Tradi SVP,1748,776,647293044
SURRENDER,1745,1259,688578394
V I P,1740,1171,157353214
Knaves,1733,2804,280878651
Jungle Outlaws,1728,1957,607127043
DNA,1724,1406,577528151
Execute,1717,816,522190428
TheOrder,1685,1438,346173495
YAPAMAM,1673,365,117508283
Deporte en Porte,1664,816,193198336
E U P H O R I A,1659,1016,174254760
Pipootam,1658,991,505947173
HeadButt,1641,954,601175808
Top Squad,1618,2696,332989440
WHY NOT,1598,1130,247289077
BACKSTAB CO,1595,2549,237074483
The Surge,1580,567,728151676
Umbra Venti,1576,1423,316759275
Lootburg,1569,1418,485621532
Lacrima,1550,960,166819920
Anatolian Rebels,1548,2356,184039404
UK FAMILIA,1546,418,513791767
Services Apres-Wipe,1537,1254,333336010
TEAM SUPREMACY,1531,899,359668225
TeuTeu Land,1519,1910,119459720
Elevat1on,1508,1340,425116995
Just Run,1491,2035,420675549
Almas Agrias,1464,1763,127838169
MAMMA MIA,1459,1328,406130403
Anima Bellum,1459,1862,339533721
Syntax,1451,666,596522990
Moravian Eagles,1442,1257,113809244
Zero Logic,1437,1480,110794566
D3AD 3ND,1432,1088,417794694
Ebanfall,1425,1267,512593228
Bohem,1420,1107,478911743
NoClapNoCap,1385,1259,338111889
LoveForYoU,1377,1073,339590740
Treasure Map,1364,1912,160637929
StarGateX,1363,1647,344749290
Crescendo,1347,804,442433714
CRISGUN,1324,1932,186150380
The Highlanders Tavern,1320,1092,143103766
M 1 S F I T S,1306,1048,407258683
Trop Tard Pour Fuir,1301,1295,182170625
FAMILIA ES TODO,1293,942,102964705
Food OC,1267,1682,303134228
Solary,1265,1467,179296903
Slappers,1255,1538,226431851
Lootiiiing,1247,1721,358938512
Black Legion,1243,1269,162855023
SOCIEDADE,1242,573,290878994
Cashout,1224,434,438787039
WIPEEE,1217,1741,338085269
DontNeedYou,1208,1354,185876082
Les Monts Gaulle,1198,580,71908777
T R I D E N T,1196,909,458552650
Panda Corp,1190,1276,281929861
Loyal Guards,1188,620,70848161
Verity,1187,949,248169143
Pentacle,1187,1832,214883363
A-T-L-A-S,1179,964,322311545
SZKODA OC,1177,579,190276240
Newbee,1160,1241,273962068
Eternal,1160,250,77008055
Press The Buttons,1150,895,301452416
TCHITCHI,1149,967,343611160
AND FRlENDS,1140,774,374707693
Frostborne,1136,1637,167470496
Dutch Chaos,1132,1218,260986263
The Pines,1123,635,436625053
Faction Guild,1120,1433,96010195
Sever,1098,2241,98365536
GachiBang,1087,1643,130217467
I-DEJAVU-I,1078,989,177832154
Turquoise,1064,1345,155386594
Swords Drawn,1063,991,100516079
Genesis Kompany,1061,1178,185977173
Ruthless Reign,1058,756,293935786
EU Federation,1052,1025,339376481
The Way,1052,1598,313970954
We Fell Apart,1046,673,311037104
OBW Przyjaciele,1045,1057,114123514
ZombieSquad,1044,1154,245582103
H O R I Z O N,1039,786,355681309
AllYouCanIT,1037,473,315693280
IX Kohorta,1029,1101,113597957
M I N D L E S S,1023,251,91641723
REFAKERITOS,1010,925,254671553
GROK,1009,476,336845630
Kal Vas Flam,1002,1158,82726276
MAYHEM,1000,824,356609980
BIRTENGRII,991,1309,114256802
Le Bus Magique,986,1221,194937432
Skrzynkobiorcy z Prowizja,982,1704,232632972
Archons,977,782,201914584
SPREAD,973,642,169442002
Glorify,956,1594,166651500
RUSSIAN BEER COMPANY,954,1420,180796221
THE CLOCK,951,434,307623051
LiMing,945,1137,96983367
COSMOTE,932,603,103093426
URPAQ,924,1371,158738944
HALUSINASYON,921,818,67776327
LaPililasArmy,918,712,296155700
Insane,910,809,333231347
TENSAY,895,760,242838206
HEREDEROS LEGACY,893,825,297959567
S Y N D I C A T E,890,886,101023184
Berserkion,888,2370,91595088
Balkan Legion,880,934,88866389
Killer Trolls,879,854,66736201
THE HANGRY HIPPOS,879,646,54942089
The Hope,856,1445,252144611
NO META,839,587,154994180
FBl,836,1203,131723093
Hit and Run,815,929,187129940
Brawl Squad,813,461,89363234
Revenant Requiem,812,1131,158851438
Wild Rhino,811,310,78115593
BanderShtat,810,2402,153148249
Golden Monarchs,800,708,139484340
Dark Shadow,791,340,72025660
M O R G U E,790,345,226926226
We Craft,776,981,70661663
BiPoLar,773,1102,136061209
proud ducks,772,688,53656346
FIGHT KLUB,768,188,86563020
EURO,766,885,287913633
SIXTYNINE,760,542,231974903
D R A U G R,760,947,171546548
Wine and War,759,420,50666820
BattleStar Galactica,753,592,42795583
Carpet Ninjas,748,797,58775175
B L I N K,742,441,185537381
Bloods Legion,739,365,71337720
C2H50H,738,600,213634542
GLOVO,733,923,265754597
Bylock,732,818,164014514
Domalingo,728,457,229450739
Njordheim,726,567,81601818
DaraVur,725,185,51629872
Wrong Ways,723,528,262370096
Solea,721,952,231383047
Millennialis,718,487,78505361
Last Way,709,901,135933099
Pure Crimson,706,1230,145681189
Lock Down,705,946,149452704
ROCK STAR,700,69,32410267
No Skills,697,1041,150695838
Mercenary Idman Yurdu,695,1154,114422177
GADDAR,690,592,216624867
Desine et Morieris,689,559,124866216
No Brain,685,1251,162896792
The Ganklist,682,691,114241886
Take a Break,681,919,79134693
El Tercer Sello,678,740,88581005
LET IT HAPP3N,678,816,48906710
ACAB,677,1407,47466436
Rage ControI,675,304,58502869
Gatherers Tears,674,633,66355281
Azgard,668,1709,142400204
Only Blood,665,591,101970825
FINSTACK,663,498,222410513
Darktechnoclub,663,248,63504218
Proebali,660,672,184234129
Elisium,660,1394,71568884
VITRYLA,657,709,147133241
Ferrin,655,921,84995907
CHINAFIGHT,652,432,194320539
RAV0N,649,667,72708017
The Theater,644,290,220132015
Fluffy Panda,642,1212,68838279
Grods,640,212,75129920
Grimgar - Aventuras y Fantasia,638,747,55766573
SEND IT,637,327,46576277
Burn,637,103,43637146
Dementia,636,587,176792054
Cwazy,635,536,158205605
LELEKA,634,642,65519946
YANGE,629,809,151599663
as Always,625,472,128309014
WhiteZone,616,425,45051094
Prosektorium,609,582,120205958
The Night,609,777,43772297
Dokodo,607,1341,87484237
RAT PACK,606,232,44114867
1Clap 1Dream,603,262,230591846
FBI,601,283,60545049
Destroyers of Destiny,598,1436,147407670
Laughin Coffins,595,813,142024536
The Buisness,593,546,46116121
UFORG,589,339,162527689
NAJSILNIEJSZA GILDIA,584,408,163226469
Guinness Draught,584,932,97595737
Response,581,270,74009106
Black Sky,580,1014,142165247
HANGOVER TR,580,493,66337535
Raft,579,441,165981761
Fall,578,548,105232107
Shinigami Chop,578,589,56746143
uncrowned,574,803,156349887
Gamble,572,485,184317538
Logout,569,291,33135048
Pendragon,568,430,167186894
Doro Party,567,425,241671270
S P A,564,241,176390329
Fading Echo,563,1184,132721784
Slacking Dogs,556,372,200816958
Freebooters,553,321,35069146
S O V E R E I G N,549,945,145672020
1Turn,545,368,161973547
Romania Mare,542,552,149332032
St soprano,542,535,132887502
Rewind,541,648,73464137
Rise Of Dahalo,538,1135,52359328
Bingchilling,535,274,159054702
PICK ME pls,532,585,97830328
Westeros Gankers,530,224,37867760
Bloodbound Order,529,589,105506158
La Chasse,526,158,72178589
Devoted Bears,525,327,30419617
Cluster Queue,522,316,181626350
Council,521,556,94034948
Faith And Steel,521,407,50820198
La Horde Sylvestre,520,654,37539708
LES GOBRIATES,519,370,71004512
Catgdom,518,505,115844159
O N L I N E,513,913,48453513
Gayzer Pool,504,1125,80216178
VVolfpack,504,869,47842742
Heretics,504,473,21583037
Fissa boys,502,204,20743379
P A R A D 0 X,501,729,82512009
TONGKRONGAN,501,438,53335788
Mroczna Armia,499,574,42139719
AO MMM,495,743,42352876
Requiem Aeternam,495,611,35407570
Dark wolves,490,448,56961282
Camel Riders,489,1048,151786607
Sugar Rush,487,234,171751971
Gank Banks,487,447,49580522
NoTag,487,879,44427759
BARBARLAR,485,322,97533305
I M P E R I V M,485,747,64889585
Pink Unicorns,482,396,74295947
Summer Camp,479,194,172569259
Still Sane,479,137,114499864
Generally Speaking,479,988,62874395
ROH,477,225,173521137
FROSTSURGE,477,545,93973911
Gankendos,475,339,134736729
Dark Aesir,475,752,37804632
CHILL ROOM,471,245,161792860
EuroHunter,471,1106,152200231
IKUN,468,951,133572440
Login Horizont,468,668,98334490
Gen Alpha,465,89,51630004
Fort Defenders,465,715,39000867
BLYAT STORM,464,850,103916403
FOR SOLO PLAYERS NO TAX,462,261,25036753
Honey Pie,459,887,59789991
Falcon Blade,456,448,133967030
BCRP,454,501,102552507
F A I R F I G H T,451,316,57818452
Lusos,449,88,16299753
GAGARAGOGO,447,781,76693320
Frontline Division,444,536,88061863
C K A M,444,123,44515183
Hard To Be Good,442,414,109228843
T R I B E,440,389,36340016
GLI STIRATI,439,634,89193090
ZOULOUX BOITEUX,437,311,99704877
VICTORY LAP,434,274,119763483
The Hundred,429,452,71292743
StormCloaks,429,858,64365975
1-st,428,467,31918846
BestattungsGmbH,427,442,40269827
The Madman Brothers,426,333,34595741
Revensong,425,565,91229498
Stockholm Syndrome,424,729,105927652
JonTurks,424,218,22410237
NoRules,421,386,91381548
Blakice,420,108,38650374
Conquista y Siesta,419,142,25315279
ForceUp,416,514,120463063
SENGOKU PRIME,416,757,45089033
GODSMACK,415,797,77322361
A U R,414,392,70343169
Orbis,414,508,32201903
Wet Beavers,413,85,30135149
Full Chill,410,39,16935164
UNLIMIT,409,268,181500540
Kiss or Spank,409,806,118507878
El Barril Borracho,407,702,74868015
IIWANTEDII,406,385,69585253
Over Gear,403,360,42604982
GOP,403,179,37821099
Thetford Social Club,394,576,29397662
Ethereal,392,555,125914532
hehehaha,392,120,34837392
Skorpiony Zniszczenia,391,539,40908551
ARCH0NS,390,153,111897065
Only Gathering,389,137,23516425
Steppe Bros,389,531,12510173
DSQ,388,382,30740911
Mutiny,387,248,79436627
Arab Lions,386,1194,35420674
TROY,385,282,30979305
Masters of Albion,382,1054,37985494
Vena Negra,381,103,20736256
Plague rats,380,370,76280725
Les impots,379,416,41269499
Schoulzen,379,174,38801853
Caja Rural,377,422,73179063
Carnage Incarnate,377,251,14417873
Legio Potens,376,490,32518336
Blaming You,375,329,86479711
A3OB,375,606,72314912
Elit3,374,447,39559980
One Piecee,372,394,62984236
La Huella,370,211,114443082
BIue Army,370,43,13069944
know youre afraid,370,201,11633522
TRIDENT,369,365,128586064
E R E B 0 R,369,386,118741757
Googly Moogly,368,645,53934495
SUB7,367,268,48804878
Potatos,366,566,82530106
RZBodyGuard,365,256,29131421
BLACK-BOAR,364,683,47192640
one4all,363,319,103184550
The Flaming Roses,363,117,33489414
Wild Instinct,362,826,51156069
Boys dont cry,361,132,19709073
Sons Of Neptune,360,598,29503520
Sincerity,358,349,57035495
Astra Ignis,358,694,30174732
The Black Pact,357,155,43703903
Guerriers de Fer,357,289,42175027
Castlevania,357,327,24039116
HOG HOG,354,514,64750154
JamonLover,352,465,99683353
Hollow Vector,352,645,40377572
RASTREATORS,351,617,13762787
The Last Pagans,350,343,25980751
Sanguis Draconis,346,641,40567136
Diablo Hellcats,346,348,37487500
LastParty,341,637,36493653
Priority,339,514,60807839
HURRY UP,339,455,52632051
SHEMISTAN,337,479,77639314
Rise of Infinites,337,361,38326733
R-I-P,334,248,59194251
Suicid3 Squad,334,566,27999443
Taverna dei Grugniti,333,507,38574026
indrix,329,502,33870751
ANATOLIAN WRATH,328,474,32071315
Die Content Blocker,328,433,12380206
Bollwerk,324,609,34697638
C L A D E S,323,466,69209730
Telecinco,321,244,91971876
K0NSEY,319,368,33021150
Anchored,318,453,66409858
UA _MOROK,315,449,35565198
ACADEMI,312,470,51724213
NOXERA,312,305,26955581
Throwing,311,499,67330973
Dragoons,310,377,44793992
Yum Yum,309,196,80677846
Les Fouetteurs de Dragons,308,277,60729934
WaPota,308,629,34966966
Modest Circle,306,426,48693776
Sonnenfinsternis,306,630,43953649
AsturGalaicos,303,658,43056905
BTBF,301,484,45577027
Economic boars,301,466,41902594
OxyGeNN,301,515,28655933
JOBLIFE,299,314,26342227
INFERIUM,298,421,30753863
Achieve Hunters,297,244,104532106
Fxcked,296,173,31776885
VELIKA BULGARIA,295,558,36009240
Greek Hopletes,293,602,35739186
Bush Bandits,288,437,56280273
Chinazes,288,116,10841423
Pandemonium,286,482,32433356
Pikmin Corporation,285,195,105958427
Y a g a,285,421,51424321
Gabella,285,110,49836558
A T L A N T I S,285,285,26227037
Legion Del Apocalipsis,285,386,21837370
P E R M A V2,284,436,87774903
Better Guild,283,46,13281812
Old School Army,282,405,63068413
GreatMing,282,251,43057703
Sigmoleum,280,431,104955679
M I S T A K E,278,190,83315099
O U R O,277,272,88434046
m e r c a d o n a,276,120,95862747
S A Y G I,276,371,27937164
Bend Over,276,124,16176730
Capibara,275,224,25931520
All 0N Black,274,88,50547934
THE BEARS TAVERN,274,900,45587585
Dark Lions - DLS,274,112,31638882
Symbioz,271,232,19449626
Night-Reapers,270,388,54590820
W I P E,267,246,63970141
I M M I N E N T,266,127,36335120
TrustBound,266,557,27649169
BRRRRRRR,266,82,26677861
EBENGRAD,266,524,23537625
Royal Clowns,264,375,23500591
Empirium League,263,611,42273846
No fear us,263,51,17115016
CONTEX,262,77,7309207
SO WHAT,260,178,53016283
Grancrest,260,219,22548011
IMBA,260,264,21609693
HIGH GLANDEURS,260,77,14322484
Legion der Verdammten,259,526,27277947
Funeral,258,237,35444067
Eclipse Order,255,428,30201321
D-I-S-B-A-N-D,255,198,27342640
Angles Mort,253,102,72376656
PEKA,253,436,35301080
Monkey Buisness,253,54,23314542
Catharsis,251,85,17707044
Sparks and Ashes,250,379,34263069
ThetfordMerchants,250,234,31340519
Gachi Gatherers,249,706,25059667
One Hell,248,613,33957789
F R E A K S,247,403,69341370
POKAKAL,247,234,29610557
SteelOrden,247,458,20897168
Lumen,247,519,10353807
Jhereg,246,258,20697216
Carleon Blood Contract,245,228,14567395
AFTERMATH,243,170,81134386
CALLIDUS,243,504,21425285
Zawkwar,243,419,11425344
War Fangs,241,275,22695739
Sangreal,241,682,21122602
Eshfold,240,294,51497752
Dynastia Egiptu,239,371,24606760
SCREZHET METALLA,239,445,19792226
CABOOM,237,205,32281137
Vile Hogs,237,95,23448991
HellWisee,237,307,21595814
Nebukadnezar,237,413,20538930
Tai Chi_YUN GU,237,290,16230430
A7squad,237,269,13673941
Cappuccino Assassino,235,701,40296538
Le Clan Destin,235,348,18280891
Bl1tzkrieg,234,106,23617289
White_Birches,234,21,5881756
Vanerna,232,180,16273283
WIPED,231,146,26288708
G U I D E S,230,553,40315818
Rat Cartel,228,183,57265764
SKYWOLVES,226,584,39229483
Vermeil,226,19,25626623
Damnificatia,226,581,23310561
BES,225,269,13094050
RECONNECT,224,281,52971245
Panem,224,206,13206489
albionbugda,223,48,14873938
40-1,221,269,41677747
Nuisance,218,323,18661505
La Compagnie du Lys,217,439,19150456
LAST LEGI0N,216,426,20965391
Quick Response,212,109,68348940
GROMDA,211,100,54501803
Kermit Squad,210,61,11577071
Overcharged,209,405,37090286
Skan2017,209,367,23105823
Yamato Club,209,406,13004799
Laughing Coffins,209,36,9523300
Motley Crusade,203,93,47673226
WaIkThem,202,165,32466979
R E Ds,202,314,29046317
Gotham,201,193,96645320
K P E C T,201,226,13678716
CHUB,201,166,5634598
Lunar Wolf,197,541,31328633
1 3 3 7,196,198,44434624
Blood Monkey,196,307,18394468
I-zeb,196,405,17486383
CRASHBOYS,196,88,13556327
Kingdom Of Georgia,194,403,30104880
Crimson Serpent,193,259,28807930
G O L D E N A R M Y,193,119,9615165
PEPE SHNEINE WOTAFA,192,62,65582171
Gay Mafia,192,289,26458892
MSB,191,200,76330974
9Abila,191,185,69815948
In Articulo Mortis,191,72,21973902
II Black Mamba II,191,275,19993002
Being as an ocean,191,312,13186267
Still Cooking,189,209,32988051
Billionaires,189,399,25503384
Torgnoles et Grabuge,189,222,21538368
GRUZ 200,187,24,13842033
CUM on Gankers Lips,187,137,12621378
Last Resort,186,144,42985444
Roots of Nature,186,463,23586383
Game City Pro,185,538,24632007
Mortlak,185,272,12849127
Fight Club,184,177,22533147
Kupechestvo,184,394,14917924
BERSERKION ACADEMY,183,531,16028580
Elixir,182,126,67975361
Gachi Club,181,538,37134592
F I S T,181,140,13528638
Arz3,181,88,7138508
4SAN,180,130,37036385
WarSlugZ,180,39,9858548
CapiMastri,180,77,8668734
OnSight,179,189,24479168
feiwo,179,211,12832841
Hepe gay,179,10,3311906
NoFaceSClub,178,169,69558696
KICKFLIP,178,169,67599040
long-men,178,368,41180834
The Freedom Trail,178,279,23315216
Sindery fan club,178,200,16824967
Dungeon Slayers,178,432,16323751
The Woo,177,74,87481005
Storm Reign,177,388,26703487
New Force,176,312,10271246
N O R T H,175,236,8600075
Micar,174,406,15522267
Obsidian Dawn,172,185,44963999
LABUBU TIME,172,147,16654944
iceCold Crew,171,960,29119449
Maly Gang,171,284,20607471
Crimson Imperium Reborn,170,370,34799693
Ov3rLords,170,317,9262726
Entity,169,189,44591915
EWENEMENT,169,458,14396228
AQUAMARINE,168,311,22269070
Astres des Mages,166,178,17814742
Hasmetly,166,51,11957865
PSA,164,670,19510937
Carapau Squad,164,22,10766111
Dragon King,163,337,13981062
pro noobs,163,107,11220545
Line Breakers,162,91,19324388
Berkut,161,396,29511014
BLADE2FACE,161,357,16208507
KATANA-XS,161,309,8080873
HelIo Kitty,160,178,43901435
I URSSAF I,160,102,12657448
APOTEKA,159,129,29800418
Silly Little Men,159,104,13086158
Ze Germans,158,286,12864227
Sex and Flex,158,25,9786234
DZ GUILD,158,163,4440766
Anaconda,157,158,51851050
No Cape No Shame,157,138,18250720
ShinySun,157,34,14913742
M I C R O B E,156,29,7212866
Unforg1ven,155,173,30750935
DraGonGods,155,261,12211987
Molterians,154,173,19128972
CoffeeTime,154,244,11119119
Fire On The Pistons,153,151,22836243
AltMetall,153,251,15549869
Gallia Rebellis,153,86,12928201
Black Sheeps,152,245,11742164
ELVEN Echo,151,101,28512635
Lupus Dei,151,26,11176688
Redskulls,151,63,8402536
ANKLAW,150,63,32286793
Gabao,150,388,17778264
FamilyFriendly,149,299,22878985
Phantom Palace,149,188,19876791
RESET CD,148,39,13059638
Enjoyers,147,121,19935678
FromDuskTillDawn,147,56,17053344
The last survivors,147,192,12016165
BATUTIKI,146,156,38295150
Uniesienie,146,292,19944945
Rising sun in Eclipse,146,337,16270396
Crimson Blade,145,267,34909780
Chauve-qui-peut,145,27,15164951
Shattered Legion,145,367,14166912
VELUM,144,169,24680975
Chaos Coalition,143,403,27611005
FutuRama,143,235,22733262
DieLuebeckerHanse,143,292,13269273
Fish Lovers,143,45,7046514
Goop Group,142,73,42109229
Legions of Angels,142,162,14560855
H A R D C O R E,142,119,14228165
Outrage,141,66,30762457
Gemu,141,105,12163972
D E E P,140,84,32056318
League of Victory,140,284,10852833
Unbalanced,140,39,8221835
nuova gilda,139,122,56029130
DevilsCape,139,172,9876304
ROMKA,138,71,51633904
Dost Meclisi,138,223,12422016
HEXTECH,137,123,30057796
BeBeBus,137,503,19380951
Zero Resistance,137,86,9856425
Dawn,136,306,26418883
Look at all those chickens,136,77,6804661
Stuffy Bunny,135,288,24424060
Ex N1hilo,135,133,10643313
Spec Supremacy,135,155,6982887
Escuadron Suicida,134,279,10515615
CTFC,134,82,9310698
Warownia,133,425,25202675
Delicious in Dungeon,133,139,18812712
Empire of Hell,133,486,12500986
Hakuna-Matata,133,99,10695935
KYZNECHIKI,133,183,7766254
Los Pepo Clown,133,99,7181886
La Confrerie du Canape,133,84,6416400
CTPAXA-HET,132,117,34112092
T O Y,132,74,13915030
Shatterpoint,131,101,7824547
Zakon Bialego Gryfa,130,200,21416185
Mata Gabachos,130,319,16206405
The Arabian Empire,130,98,14857748
INSENSATOS,130,97,10434530
HBSB,130,180,10005380
ATBFeshoin,130,90,9891306
3 days of farm,129,78,17201197
TEAM BLAST,129,315,15239007
UNR,129,179,10952616
SoulEater,129,58,9673707
BloodStriders,129,103,6193458
Ezoterik,128,158,10645366
Dispatch,127,183,16332480
The Dungeoneers,127,518,11918167
Deepseek,127,117,6562663
Very Very Hard,127,29,5407798
Fates Keepers,126,264,13920306
NAGIBATOR,126,363,12940055
Geyikli Gece,126,161,11756683
Deal or Die,125,188,13987887
We Care 4u,125,280,11917870
BENZBIBA,124,105,10566483
GremlinSSS,123,189,36431799
For the North,123,264,16931077
Wrong Turn,123,187,16577796
Crusade of the Bloody Legion,123,259,11168700
Polskie_Gey_Party,123,15,10618493
Anal Festival,123,218,7967264
Costa,123,145,7698201
F-A-T-A-L-I-T-Y,123,131,7180791
Treasury_Caerleon,122,23,10001047
Azure Blades,122,82,7866850
La Meute du Crepuscule,121,285,25584245
BallsOnYou,121,73,18988946
Crimson Sun,121,263,11838309
ORIGINALSS,121,224,7724846
Instic,120,97,27748760
Silent Plants,120,61,12158628
B_E_A_R_S,120,409,9145842
GORILLAZ GYM,119,204,17092469
Silent War,119,309,8874188
Chorus of the Unseen Guardians,119,88,8264219
UwU,119,36,7279244
Eclipse,118,148,23420341
Neck Breakers,118,102,14756449
Les Chomeurs,118,111,7679016
Aggressively Average,117,108,6864393
ZLO,116,122,7503960
PUSH OR DIE,116,172,4717258
O N C X L O G Y,115,179,24265193
Gloria Victis,115,241,10095261
Paradise,115,72,10052181
TBARI,114,201,18672878
ClownsEXE,114,83,12879645
TNT,114,54,10071428
Daisho Rojo,114,321,10023005
PVE RU Albion Group,114,207,8638114
fly panther,114,38,8580088
HORROCRUX,114,266,7037771
M I L F G A A R D,113,156,33730277
Kebab Team,113,209,14123268
Unknown Entity,113,189,13367390
GorkAndMork,113,77,8546044
B E R S E R K R,113,149,8267950
Hyperium,112,82,35532343
Uziemienie,112,171,22005353
Nordheim,112,348,14622161
Bare Minimum Bandits,111,123,49383141
The Court,111,224,25447088
JUST SM4SH,111,181,12937312
EL COLMILLO 23,111,388,12185649
Stay Out of Our Water,111,95,10566466
M O O N,111,71,9034812
Death Watch,111,38,8779442
Persitas Amorosos,110,86,24815878
ABYSS TO HELL,110,105,9534036
POMOIKA,110,136,6960151
Teamspeak,109,63,40373801
Fearless,109,119,20890603
DeaI OR DIE,109,384,14387993
The Ashen Order,109,155,9718623
Forajidos,109,346,7390903
R A I N,109,174,5767554
BGFR,108,128,14679955
szafagra,108,25,6363640
Shadow Garden Army,108,277,5997826
C O S M O S,107,30,26737646
Crestavia,107,54,12040432
Ne me kite pas,107,14,7271532
Arise of Turks,106,118,13378941
TEMPLARIO 3,106,236,9326521
Stark,105,221,21766445
Never Trust King,105,130,9707359
NecroVision,105,122,9419821
Golgari Army,105,237,9021513
Highdale,105,240,7255017
DLUGOLEKA,104,59,33666869
TERRANOSTRA,104,117,11754636
No Mistakes,104,131,8166801
chtulhu,104,166,6737743
BANE,103,357,14232783
ETHEREAL LEGION,103,65,8158485
ALPARSLANN,103,146,6474773
Brazil Avalon Guild,103,146,5991162
Huge Gap I Cant,102,100,30371874
Reunion Island 974,102,269,13485338
Bridgewatch Defenders,102,368,8455935
SmoKings,102,150,7783712
V potoke,102,65,7203029
Aulnay-sous-Bois,101,128,42382849
White Shark,101,269,25814463
TitikKumpul,101,216,9470824
Spotify,101,29,7200679
Legion-PL,100,134,8007271
The Golden Rose,100,21,7516757
ALTARIUS,100,50,7098232
Infernal Ghouls,99,219,14112414
TEMPLARS_ORDER,99,124,11057844
convallaria,99,151,8629571
SteelFox,98,212,18395330
Albions Finest,98,101,13010058
Templari,98,282,10523832
Amigos Fumar,98,59,9117384
N I G H T R E 1 G N,97,47,33923546
Running Simulator,97,203,14136932
Los payasos justicieros,97,119,7412838
GachiLand,97,53,6078146
jiuxiao,96,181,26994694
Honorable Mention,96,76,13954340
FREEDOMZ,96,170,13944730
Veterans Guild,96,70,13336207
UniteToFight,96,225,11817454
Khteam,96,102,10695122
AiBolit,96,68,5986737
immorta Muck,96,110,4297218
K I T E,95,49,28807228
1DEUS_VULT1,95,248,17498065
VOID CHIEFS,95,130,13301093
BYE,95,153,11718371
Frogs From Thetford,95,138,10368767
Ahoj,95,219,10234582
Chaos Terror,94,301,13873960
Rabbles,94,243,8510280
Buynie Golovy,94,102,7797337
Bridgewatch,94,230,7746079
B0MB0CLAD,94,31,6428684
panfu fanclub,94,27,5805964
CNL,93,51,10605233
Akari,93,248,10523321
Blight Reapers,93,44,7314804
Ekipa Filmowa,93,150,5525367
Hopeless Romantic,93,15,4329151
Golden Gun,93,13,3980133
Spitfire,92,409,10513343
Helpful Fairies,92,224,8832411
Skull of Knight,92,137,8403948
Eikon,91,54,37500478
N E X U S,91,170,11303382
G2H,91,340,11133708
Palegrinn,91,66,11117226
chujemujedzikieweze,91,126,7865269
yakoza,91,125,6651575
I N T O C C A B I L I,90,107,9996900
Undead Outlaws,90,99,9184094
K_A_P_A_B_A_H,90,285,6409387
The Few,89,80,17736605
Stone Ocean,89,150,17523100
DramaSetters,89,85,14914318
SIMWOL,89,22,5185731
G A L A H E I M E R,89,28,4168741
The-Boys,88,59,36028041
NO MONEY NO TALK,88,122,12749613
Straw Hat Pirates,88,135,10491823
Albion-Offline,88,55,9385467
Ashen Sovereign,88,41,7310274
Pasok,88,76,6961788
Dead Men Drop Better Loot,88,8,5353080
WIELAND,88,100,4301736
Backstab Syndicate,88,70,2511553
PVEGuildBTW,87,94,11493652
JACKPOT FAMILY,87,129,5103672
Les Forestiers,87,49,4483815
travertine,87,14,3738226
MMM XYETA,87,31,2083839
Egoist,86,203,10947636
GIGA AND ZONE,86,14,10934628
A R E T E,85,97,27356640
A S G A R D,85,238,18357535
The VEX,85,50,11702624
Extreme Gaming,85,69,9937012
Burial,85,15,8724693
000 XXX 000,85,38,6384859
Birbs and Kittens,85,37,5219238
Nightfall Warriors,85,126,4515793
B O N K,84,43,14990193
Indecent Triangles,84,116,8564139
BROTHERHOOD-OF-BLOOD,84,233,8191263
LA YAKUZA,84,128,6890137
Enemy Syndicate,83,132,14525369
Power Ranger,83,59,9346682
Full Time Respawner,83,7,7895457
1 8 8 1,83,92,7599150
BIBA-BOBA,83,28,7493489
white slave,83,32,6931325
PLEASE NO,83,70,4707131
Wolves of Steppe,83,120,3559559
M A Y H E M,82,36,16834330
V I N D I C T A,82,161,16774568
Too Hot To Handle,82,35,10772093
The Panic Button,82,230,8747286
TheHonoredOnes,82,451,8248969
Al andalus,82,274,8138542
Les Walapes,82,232,6640547
The Road Trip Squad,82,88,5994923
Society Of Sensations,82,113,4843051
Corrupted Hub,81,95,25688436
Echoing Souls,81,68,23075159
The Rogues,81,84,14818403
MYLITTLEP0NY,81,44,11941367
The Night Club,81,24,10061397
SantaMuerte,81,75,10050878
Crowned Monkeys,81,125,8429378
abcdefgijlknmorpstu,81,55,6626290
TURK ACADEMY,81,184,5111331
O U T S A M P,81,40,4759669
Please speak German,80,79,13993207
Juanshot,80,42,7068715
Moonlight Maniacs,80,141,6566795
Knights Tavern,80,143,4936166
P O I N T,80,118,4253660
Underrated,79,173,16834911
SIBERIA,79,358,13652518
CH1LL GU1LD,79,163,8487038
DMDK,79,58,8297104
Loot GobIin,79,37,6756532
Sigma Gankers,79,28,5867617
STAY MAD,79,73,5124730
La Meute Forgee,79,186,4699695
Saiya-jin,79,117,3613469
les galriens,79,157,3378678
I D I L L I Y A,78,248,25075065
Soul-Side,78,136,7794386
PMC_ALBION,78,233,5425992
Tupac shakur,78,46,4493075
Echoes of Sovngarde,77,37,22380419
Thrust,77,68,19614576
ANANASIK,77,63,13530154
Abyssal Echo,77,63,7593344
Imperial Decree,77,138,6329610
GankEmAll,77,48,6205529
xert yu,77,25,5736554
SnF Academy,77,17,5427177
Mortal luck,77,47,4246670
T9acher-Gaming,77,80,1983108
Orden Arcana,76,91,8951633
Filotimo,76,236,6219873
BIGDADDY,76,117,6207534
sakura,76,134,5149620
Crystal Community,76,115,4735037
HUZUR EVI,75,31,14648146
RMTsnav,75,19,13056560
xCode,75,397,13026306
BLACK-TIE,75,32,8490940
Melorna,75,27,7185798
Panic in the Game,75,121,5657007
LIKE EARTH,75,119,5630271
H4DES,75,31,4229658
Raindrop,74,52,23944235
Ping My Enemy,74,183,21512268
RAT ZONE,74,135,10050332
Elusive Avengers,74,161,7096420
ValhallaClub,74,66,6737249
Prosto,74,91,5335153
The Dread,74,100,4144361
Hall 0f Fame,74,24,2819283
Bezrobotni,73,125,30974610
A m i t y,73,77,18365359
Maledictum,73,45,10972875
Make Albion Better Again,73,84,10589409
REKKA,73,164,10034918
The Black Hydra,73,273,9126587
BloodSong,73,122,7030648
Fear of The Gods,73,81,6574851
404 NotFound,73,247,6353675
CUST0DES,73,96,5661520
Trillion,73,141,5045788
The Round Table Knights,73,105,4616763
TEMPLARIOS AVALONIANOS,73,97,4507829
Autumn Oath,72,28,11118217
Bloody Relict,72,263,10448340
YADRA CHILL,72,7,6227030
Ninth Legion,72,42,6135983
66_66,72,10,4513000
BE CAREFULL BOMB BOMB,72,30,3742213
RED VANGUARD,72,19,3589708
Wolf Family,72,169,3328567
NEED MY JACKET,71,146,11083967
The Azeroth,71,164,9110505
KOCA YORUK,71,101,7105213
DOC,71,14,7025829
CTF,71,9,6841919
La Chinoiserie,71,88,6639587
Helvete,71,33,6306084
MORIERIS,71,59,4573864
Dragon Wing,71,33,3908474
Dryud 4mo,71,98,3705151
Knight of Martlock,71,7,3687888
NOT A ZERG,71,146,2976868
G2R,70,87,16776975
P E N E S,70,125,11572886
Sons of Ultima,70,188,11538755
LATEX,70,18,8198106
no pain no fame,70,98,7355455
LHS_SAKSOS,70,131,6634755
DeathWhisper,70,182,4443086
La-Garde-Draconique,69,176,23261229
VODKA SQUAD,69,144,14476024
Small Gang Theory,69,114,9236966
LastDragon,69,34,6414631
Kraken UA,69,116,5720672
LCD,69,81,5634665
Vanguard of the Eclipse,69,191,5512813
Mrowisko,69,65,5328529
NOT A Z3RG,69,53,4307073
Highland Mercenaries,69,26,3519969
Peepe,68,174,13577032
SHOCKERS,68,67,8315503
FOOLS GAMBIT,68,23,7623488
Height,68,113,7329918
Framework,68,76,5929114
Arrows of Time,68,195,5430726
nAvalonianPirates,68,87,1982919
Valhalla,67,191,9414465
God Slayers,67,153,8440264
POURFENDEURS,67,262,8231282
TAXEVADERSAILOR,67,18,7181116
The Solar,67,174,6913016
Empire Black Raven,67,135,6801490
Spook,67,18,5385055
Foedus Ultimum,67,116,4900953
G-A-N-K,67,68,4192220
HI IAM MVP,67,101,4126663
Gold Orda,67,43,3721677
DRUG CARTEL,67,3,1551014
CUCKLORDS,66,87,10965004
Obsidians,66,254,10034208
Einherjiarr,66,154,7331379
Champ,66,55,6252099
NIET-interteiment,66,77,4796132
Impulse Light,66,190,4522417
Iron_ManS,66,170,4363943
Motigone,66,47,4325327
Shift,66,17,3406564
HELL BRANCH TURKEY,66,173,2468474
Guild,66,29,2331008
Duolingo,65,35,36947678
Invitation,65,26,24585407
Shadow Coalition,65,126,15015991
LEGI0 INVICTA,65,175,8739444
White Roses,65,73,4929636
Winter Ravens,64,280,11116076
JAEGERMEISTER,64,221,6502794
Taverne Des Gueux,64,403,5518864
DRANIKI I SMITANKA,64,12,4914492
TSUNAMMI,64,59,3655505
Teiwaz,64,70,2814215
GrandTeam,64,101,2272900
Most Wanted,63,101,17149910
La Meute De Fer,63,165,13010494
IMPressive,63,36,10126827
BELLIZZI,63,75,8720648
Los Jueves al Bar,63,149,7475108
The Swarm,63,104,7237749
Eulenwacht,63,111,5219385
Green Hornet,63,178,4759493
Prist,63,38,4685638
WIPE THEORY,63,46,3542564
Les Brouilles,62,32,16874717
Prominence,62,33,14700262
Dignity Of War,62,175,9050868
MISS CLICK,62,78,8855811
ZHS,62,184,8228535
WOLF GANG W,62,339,6657129
Oathbreakers,62,69,5980495
Herederos del Vicio,62,175,5662246
MUZ,62,31,5197893
One Heart,62,114,4287517
I MoonLight I,62,117,4133334
MAMMY HUNTERS,62,124,3680169
ARCANGEL,62,154,3385698
R I E K E R,62,63,3249967
Beer Lovere Club,62,146,2905376
KINGS PVP,62,40,2546200
Q6 OWNERS,61,19,9995447
KnightsOfBlood,61,88,8825046
L O A D I N G,61,210,7274963
my_error_log_is_empty,61,63,7135595
ANWAR,61,58,6964658
I TITANI,61,213,6568856
3rb,61,57,6030458
Silver Lining,61,23,5700602
Crimson Vanguard,60,51,13723737
A V E N G E R S,60,33,10792072
Skip-Up,60,76,10728428
BIackBerry,60,183,9687663
Genshin Players,60,44,7167165
I N V A S I O N,60,91,4901806
chum buck3t,60,51,4542209
BERMUD,60,73,3341615
Rhaegal,59,86,16607829
WHITE_FOX,59,64,15323745
Femboy Orden,59,110,13122174
Those Who Kill The Poor,59,30,7806534
Grimveil Company,59,205,7360785
7nshl,59,80,5749993
LS guild,59,31,4933996
HE DONE,59,6,4471301
omlet,59,80,4074657
Blasphemous Cult,59,62,3690490
C A S P E R,59,18,3360188
DRG,59,13,2133380
I N S O L E N T,58,102,15385113
OverAddicted,58,85,8133743
FULL SPLIT,58,16,8061124
MONIR,58,52,5754755
R-U-P-T-U-R-E,58,110,4961281
MEKAN2,58,137,4527178
Vashx,58,14,3934581
AlbinaSexovaFans,58,42,3898536
Morenka,58,22,3740543
The Ancient Irregulars,58,84,3239830
Divistend,57,56,17917771
Decay,57,86,15809569
Cabin Fever,57,11,5953942
KORKUSUZ,57,14,5566980
Static Control,57,39,3857354
Legiony Talibanu,57,29,2707298
ZEONCREW,56,54,15657453
revelationss,56,166,4204781
Souls Of Anarchy,56,58,3868802
Bulibanda,56,50,3688893
IHunter X HunterI,56,99,3419901
TATIKI,56,12,2390851
GitekSquad,55,81,20330380
Graveborns,55,32,12972262
julik daun,55,3,12625106
CORTEXIPHAN,55,50,7519460
Balance Breakers,55,142,6306605
WannaCry,55,20,5236131
MENTALITY DIVER,55,37,4473841
OTVIR,55,106,3057691
Mythril,54,36,6335484
Sweet Boys,54,146,5433109
Samurai Pizza Cats,54,36,3758106
Hahatuns,54,93,3368245
UMRANIYE,54,49,3323880
SKT1,54,18,2607886
Moonrise,54,113,1409619
H i d e O u t,53,53,13036268
uninstall albion 2,53,59,9469155
The Milking Inn,53,101,8552503
PARIVAAR,53,182,7832436
Spider girl,53,113,6349643
Revolut,53,131,6082798
Band of the Hawk,53,21,5182421
Riannonh,53,128,5146850
The Straw Hats,53,17,4824321
Shadow Fiend,53,152,4665038
TRl-BOYSA,53,105,4628767
Ascensio Ex Ruina,53,26,4511140
PAWykk,53,10,3793057
NAPAJ,53,10,3581616
GoldenHeart,53,81,3370229
Murder Cartel,53,30,3079668
Hardstucks,53,26,2911371
Actually,53,25,2603255
WeWearShoes,53,12,2119121
Bang Broos,53,6,2077852
Nameless,52,84,30641806
Charmander Crew,52,38,23425939
Advance,52,66,18627524
DARK TRlAD,52,18,16247404
ALL IN GAMBIT,52,85,13169723
Oath of Turks,52,71,8632642
Nyash-Myash,52,115,7913238
Sex_And_Flex,52,123,7296096
FUNtastic creatures,52,88,6482768
Olimpianos,52,119,4992214
R A D I A N C E,52,20,4834714
Click-Clack-Boom,52,80,4640782
BADBOY GANK,52,57,2917531
Dollex,52,30,2869693
The One Who Lost Wings,52,50,2019500
THE LAST DANCE,51,10,22746859
The Master of Disaster,51,94,11333023
Next,51,27,8648835
Geo_NEW,51,195,7025795
Myriath,51,76,4162833
Night Fury,51,37,4148771
SousMesPieds,51,33,3784150
Frozen Bones,51,140,3045060
LA BARBERIA,51,8,2933856
Team monster,51,95,2624400
Chebra,51,8,2592880
A M B U S H,51,13,1934049
LEGION DE SOMBRAS,51,40,1712039
THE OTTOMAN,51,78,1468589
Seventeenth,50,37,20397217
VVVVVVVVVV,50,11,10457237
A Z E R O T H,50,154,8585057
Ex Umbra,50,58,6046944
eqweeq,50,140,5497544
Provincial,50,208,5214350
ERO,50,108,4073522
IMBULE4KI,50,28,3090872
The Eminence in Shadows,50,64,3024441
xPOLSKAx,50,102,2930005
Penalti para el Real Madrid,50,159,2779424
alone romashka,50,4,2357635
IMeowMeowI,50,30,2284811
Unsullied,49,102,9973966
Cretaryx,49,32,8854731
etojeSquad,49,59,7769781
IIuPaT,49,129,7541633
INFAMOUS V2,49,47,6188842
Damage Check,49,41,5940206
Rise of the Kingdom,49,153,4884955
One Way Ticket,49,28,4164728
zadengida,49,52,4070151
The Deep Friers,49,86,3975487
Invidus,49,97,3715332
Voleurs de Cuivre,49,18,3648621
PURRING KITTENS,49,44,3252890
Fort Sikerling,49,27,2624849
BLOODY BOMB,49,53,1927671
ADICTOS AL FARMING,48,154,7851491
ROHIRRIN,48,83,6344853
BHASHNIKI,48,128,5818634
bombaCLATT,48,30,5753158
Emerald Raven,48,37,5141462
Best Guild,48,41,4772553
FACTUM,48,37,4385207
PEPA VATAFA ZZZ,48,93,3579602
Guild Medok,48,15,3539441
FORT STERLlNG,48,90,3299420
Anarchyz,48,45,3282111
Al Qaeda,48,25,2778399
Dramaturgia,48,7,2655683
Mommys gang,48,88,2329608
Emperor-s Lions,48,83,2204163
KAKADER,48,10,1780785
Shower Check,47,112,41592109
DigHAUHAU1000,47,24,21973402
Althing,47,80,6208218
Sword Saint,47,153,6026056
ERATHIA,47,43,5197147
Deathless,47,72,4423414
Avalon Power,47,18,4259668
Abduskan,47,55,3725807
Take No Prisoners,47,96,3414583
SmrtSvetu,47,129,3286128
AGARTHA IS REAL,47,29,3209386
Albi0n Cringe,47,12,2692230
Whitebank Stream,47,73,1897490
LUMING,46,78,9852817
O R A C L E,46,109,7939719
ALAZ,46,45,6979126
Impregnation Nation,46,24,6823983
Chest1CJle3bl,46,14,6720129
Eccentrics,46,42,6329406
O N L Y G A N K E R S,46,43,5073909
Honor and Strength,46,57,3376143
Grey Wolf Dynasty,46,79,3294639
Deniz Turgut Fan Club,46,17,2852401
TRUE GHOULS,46,18,2632185
ALTUSHKI,46,77,2367585
Last Warning,45,31,10910891
Unchain,45,174,9143077
zabyyy,45,14,7504152
Bougnoules,45,71,5205383
DONT CRY GANKER,45,41,5199539
TMobile,45,58,4521411
Bloodmarked Pact,45,122,4291311
Dark Spirits,45,109,3795950
STRATOS,45,80,3694451
Souvereign,45,15,3157248
Rage Engage,45,20,2608175
CTA,45,7,2119265
Mythix,45,35,1547413
385347N 770133W 1865,45,39,1320497
KristalGuard,44,84,3865173
Ludzie wyzyn,44,63,3527068
Shadow_Raiders,44,164,3455355
Gold and Children,44,26,3399947
The Crusadersss,44,139,3399693
ArcherFrancais,44,109,2779001
Exodia,44,49,2474424
SwinkiZuzi,44,6,1879708
Selecto,43,39,13793533
Avasurf Club,43,31,8901387
Open Play,43,41,8891894
MheinZ,43,168,8847227
Eternal Hunt,43,123,8787417
Be like water,43,19,7023317
Damnatio Memoriae,43,47,6630426
MLGB,43,42,4251430
Earth Defenders,43,116,4159532
Project 1,43,48,3276805
Dungeon Enjoyers,43,23,3185174
Salut,43,32,3043988
Fist of Avalon,43,59,3025202
Outcry,43,44,2414931
SUFFOCATE,43,7,2194308
ERASED,42,61,9620313
REDEMPTI0N,42,15,8960088
ASHINA,42,74,6117840
GS1905,42,77,6062544
forzatemplari,42,36,4980088
A x i s,42,69,3759393
BLACK FLIPPERS,42,34,3651853
Skitungar,42,126,3626674
7 R B,42,34,3466779
Renegade Elders,42,50,2944321
S W W,42,108,2696274
SPICE GIRLS,42,82,2539825
ALICUECANO,42,85,2481268
Teradox,42,29,1975252
AFKS,41,8,16613160
white h0le,41,48,10319043
lllWizardslll,41,88,6302485
House Silmaril,41,112,6297699
SKy1ine,41,136,4837530
THE OLYMPUS,41,60,3883484
Sekban,41,84,3865413
Arbiters,41,155,2219435
moroks,41,28,1350107
C0PACABANA,41,69,1208534
SANCTUMS SNL,40,70,10246514
H I S T O R I A,40,55,6843065
The last of us,40,31,6776291
QQQcompany,40,49,6078380
Led Zeppelin,40,87,5170418
CYgaNe,40,40,4612810
OTDEL_OTLOBA_BOMZHEY,40,23,4170856
Bloodreign,40,41,4088475
Hero Corp,40,20,3495869
OMEGALUL,40,54,3408193
Kikimora,40,31,2783803
HellBomb,40,28,2720037
HORDA AXAYACATL,40,146,2534587
Glory all,40,89,2159744
ReVa,40,72,1915494
To mi dej to je k necemu,40,52,1453757
ZteamZ,40,8,1143958
Las,40,19,901045
Demon Sins,39,39,14221889
Laperouse,39,74,12718939
FAME NERA,39,111,7329362
Make balance great again,39,55,6919413
B A L B E S,39,75,6595647
CASTERLY-ROCK,39,43,6402843
sinie poloski,39,36,6332037
Order of Svarog,39,202,4432498
Fatum Imperium Reborn,39,86,4138545
Gofio y Sangre,39,121,4063456
LUNATICAL,39,99,3923577
AvaBirds,39,120,3761439
Nine Mortal Ways,39,7,3104440
Slow Loaders,39,49,3102428
C A R N A G E,39,26,3036961
Mythgrove,39,53,2996852
Fort sterling Squad,39,72,2980958
Blood Tea Party,39,22,2742053
Game Settings,39,85,2553767
HOUNDS,39,13,2354822
Risen ashes,39,101,1853305
Chel-s,39,3,628779
Flowstate,38,22,16064777
Dreaded Gankers,38,23,14917228
Pure Familia,38,72,8918388
Unbanned 2225,38,18,7080242
Light of the Dawn,38,58,5038608
Lucky,38,60,4608495
PVE ABUSA,38,15,4608171
legionarios,38,199,3214826
Wyvern Crusaders,38,49,3207006
Zakon Spellniksa,38,80,3201040
Z I E L A R Z E,38,30,2832061
Soul of Sun,38,155,2536401
NINE PERCENT,38,41,2416310
Poci Sentar,38,28,1440354
Bulbasaur Band,37,73,13142200
Divide Et Ipera,37,20,6324599
ketamine club,37,53,5838555
Les Sentinelles,37,89,5497748
Twinkling at dawn,37,107,5343979
bonobo,37,41,4688390
EAGLE SQUAD,37,105,4584413
Kutsal Kabak Tarikati,37,22,4571803
AFTERLIFE,37,37,4019015
Habonis,37,8,2924460
Int With Me,37,1,2599258
BEEP,37,27,2458078
FIn Razia,37,28,2403073
P A N C O,37,73,2207747
RAT KOMPANY,37,5,1968590
siphon bank,37,8,1827403
Black Unit,37,72,896585
The Legacy,36,80,10352837
ShowUp,36,67,10041673
EVIL WHATSAPP,36,62,9941066
The Hood,36,58,7270300
Le Nord,36,147,7227501
O M B R A,36,21,6524178
Traumatycy,36,5,4736068
Pride Side,36,5,4500377
L ordre des loups d acier,36,77,4053931
Circle Of Chaos,36,50,3633975
Bloodyy Abyss,36,59,3440518
Nighthowlers,36,40,3346132
WayS,36,165,3160926
Cucumbers,36,81,2773973
AUTRAGH,36,43,2699980
Z For Zodiac,36,148,2661339
FlameWalkers,36,117,2561351
Al-Qaeda,36,24,2518125
SPIKEE,36,137,2508855
The Last Call,36,46,2225390
Vagabond Girls,36,91,2178362
Lunar Order,36,76,2053248
VANGUARD_HELLAS,36,69,2029386
The Dark Reavers,36,80,1819370
Kapitalist Kedicikler,36,30,1807596
DIABLOS NEGROS,36,46,1720404
Daijin Neko,36,33,1715964
FORT STERLING ON TOP,36,10,1593530
KILLAENN CORP,35,49,10595763
La Rose Noire,35,103,9457093
GANKER SYNDICATE,35,34,7330200
Bybonna9 4yma,35,116,6706160
xXx_PAIN_xXx,35,26,4349542
Sanguine Aurelius Order,35,53,4163230
Guardians HuB,35,148,4015708
RL9GOAT,35,20,3716519
Tlaloc Heralds,35,122,3617557
A N T I C A,35,61,3461987
Gods of Death,35,52,3016781
TR KIZIL ELMA,35,99,2963688
The Godslayers,35,70,2800521
Albion Police,35,24,2716348
BlooD SunrisE,35,47,2683136
ROTIL,35,65,2540816
Nihilum,35,8,2512797
OMNITYS,35,33,2479511
L M N D O R,35,85,2448043
Spawn of Hell,35,28,2051477
CHILLBION,35,31,1935931
Legion Of Night,35,21,1489933
vita vitae,35,24,1225688
TRAN ZABADAN,35,12,898166
Comrade,35,5,542306
Harpoon Enjoyer,34,27,20647424
AIKO,34,42,9198671
Los Vagabundos,34,12,6254863
V E R D A N T,34,178,5147090
Abyssal Walkers,34,148,4826734
White Beard,34,117,4072225
S-QUAD,34,60,3866022
Omega Hangout,34,31,3517490
Soul Eaterr,34,109,3466394
No Loot No Life,34,30,3400058
Fleas,34,53,2965021
ORDEN DE JERUSALEN,34,59,2644674
Dead-End,34,26,2557539
II A U R A II,34,19,2437702
siargren,34,9,2231131
Silent Maw,34,24,1852017
La Pause Cafe,34,10,1650927
TopNoob,34,65,1481764
a NOSSA guild,34,40,1303073
Death Fraud,34,27,1204855
Carpet,33,69,5408323
Pranto South Side,33,50,4916769
APAO,33,77,4398055
TONYS SLAVES,33,89,4319540
Neko Shogun,33,143,4307245
Yandex,33,1,4139754
Cast Aways,33,70,2777255
POLISH EAGLES,33,31,2686638
BOSPHOR,33,59,2127621
Police,33,7,1867652
Goodberry,33,83,1808762
Fatalities,33,49,1719350
aaaaaaaaaaaaaaaaaaaaaaaaaaaya,33,33,1642754
The Spartans,33,11,1132861
L9 L9 L9,33,21,915667
INDOPRET,33,6,710923
NinjaTurtles,32,18,10035849
LoVko,32,31,6691118
GGGS,32,31,6076156
TRENBOLONE,32,21,5775499
StalGard,32,75,5622869
botijo crew,32,62,5289603
fredagsmys,32,56,4828386
N O C H E S,32,21,4647363
141st Division,32,104,4155731
lutfarmPVE,32,107,3876563
D Y N A S T Y,32,35,3585668
Magic Airlines,32,56,3368288
Krylya Norn,32,57,3132175
KLICK AREA,32,132,3034103
Cult of Hydra,32,79,2910688
SIXTY NINE AXES,32,113,2739580
Command And Conquer,32,68,2715777
Unholy Shadeknights,32,111,2682299
Canibals,32,138,2662922
E X E R C I T U S,32,120,2583986
ROYAL WAR,32,16,2259966
TSAR,32,30,2226496
ORDER 66,32,46,2211939
Butaneros Avalonicos,32,89,2090786
A S T R A L,32,52,2051371
Yumruk,32,32,1838698
INTO_THE_VOID,32,40,1812315
The Epstein Club,32,20,1375682
EEEEEEEEEEEEEEEEEEEEEEEE,32,9,1336285
WATAFA,31,10,18488208
Roba tu brainrot,31,22,12150845
skibidi sigiemki,31,20,9104330
Numeria,31,38,6255688
R M T,31,11,4714100
CTPAX,31,157,4203356
Lone Tower,31,92,3986676
We Care,31,102,3938504
Catara Patara,31,17,3876237
Collectif Ouroboros,31,61,3812887
BlackCobra,31,84,3575100
Serapion,31,125,3256481
Duab,31,56,3025347
Flame of Fate,31,125,2783774
x E C L I P S E x,31,106,2688889
Elledia,31,55,2430515
Dangeon Masters,31,41,2398555
Fire Hawks,31,39,2390640
GooglyMoogly Festival,31,58,2259499
3blan,31,10,2229677
HIJOS DEL ABISMO,31,107,2219480
altyshki s 3m razmerom,31,53,1935119
FireEsz,31,62,1820034
Bridgevatch,31,62,1762960
Custodios del Alba,31,20,1475135
Slobberchops,31,6,1466064
C A R T E L,31,6,1251044
Raven Claw,31,79,1076696
Kite Clap,30,28,14393708
Waffen SS,30,13,8782513
MYDAKI,30,59,6881829
Wayfinders,30,56,6307920
F U L L W I P E,30,50,5488285
Casualty,30,134,4347749
METALHEADS,30,16,3786169
Santas Helpers,30,119,2985800
Mortal Dominion,30,114,2939699
Sigma,30,11,2915088
Akumaa,30,30,2821878
Tempest RU,30,62,2578966
FER DE LANCE,30,96,2378120
Miela Malonu,30,43,2204545
Fort Faction,30,10,2202297
Ava Abyssals,30,19,2136377
ARCHITEUTHIS,30,119,2097641
VOTANTE DE VOX,30,91,2005386
Lost Flame,30,22,1979970
salersk,30,5,1902345
Cr1nge,30,59,1839237
Ecurie,30,56,1693420
GYPSY,30,17,1662508
Misfortune,30,22,1033608
REAL KINGS,30,64,889317
MEOWWWW,29,9,7675141
FAA,29,15,7326337
Konspiracja,29,71,6170529
C Y R U S,29,210,4696904
Crescent Syndicate,29,46,4409917
Roadinator,29,55,3976107
Vashta Nerada,29,194,3498477
Highlanders,29,93,3180471
Straight Outta Balkans,29,131,3138171
BloodKillers,29,20,2931763
fotografiruem,29,29,2800056
x NFM x,29,29,2783992
Kimry69,29,111,2766359
WOOFWOOF,29,52,2757517
Nacidos de la tormenta,29,138,2695998
Arctic_Monkeys,29,28,2572068
Korosu,29,29,2447929
AsortikBabys,29,39,2423931
GUARDIAN WOLF,29,19,2411058
BLACK S1DE,29,179,2364727
Schwarzwald,29,19,2251428
Gamer Club,29,94,2178274
Baloniarze,29,44,2069028
La Guardia Iberica,29,23,2005717
GumYdci,29,7,1976727
Fallen Bros,29,13,1645745
Gurren Lagann,29,34,1643069
OROSPULAR,29,17,1476207
SUNT,29,13,1060087
Read the Fucking Manual,29,9,844100
Bienveillance Max,29,11,555566
Guards of Valhalla,28,23,11080966
Vodafone Freemen,28,15,9394321
NR kings,28,17,7738617
GATHERIST,28,76,4684360
S W A P,28,30,3905000
ORIGAMI,28,51,3847599
Movimento Liberazione Albilon,28,103,3775663
FOREST NEST,28,238,3366880
Bee,28,27,3272940
Pandawa Corporation,28,55,3261479
ParalleL,28,53,3139859
AzGuards,28,151,3013683
Tek Oynayan Gelsin,28,100,2999047
Skill Issues Inc,28,38,2950056
Les pti Seigneur,28,6,2714678
TarGoweK,28,45,2618740
Iron Mule Dynasty,28,27,2566981
Eternal laughter,28,71,2420902
VOID CARTEL,28,26,2412819
Ice Phoenix,28,44,2401783
CEM9_3EBCA,28,76,2373126
Super Saiyans,28,57,2196265
Sounds of War,28,122,2165682
NEFORMALUSIS,28,30,2076153
TheAbyss,28,44,1696002
LOW9,28,7,1303147
Sincan Komun,28,30,1088662
Prowokacja,28,7,995047
VIP HOSTEL,28,2,912385
G A C O R,28,19,693903
NightRaidTR,28,5,547922
Mentality R-D,27,31,14958460
Glory Hunters,27,123,7108466
WOOOOOOO,27,28,6562269
KrasnoeBeloe,27,18,5215903
La Compagnie Azure,27,70,5172399
Blue Screen,27,32,5113460
GrudGe,27,42,4871299
RAVERSCLUB,27,31,4101179
Oblivion,27,64,4058880
The Fate of Destiny,27,124,4000222
D E A D E N D,27,24,3935017
CringeLords,27,158,3558291
FRENADOL,27,15,3497963
Komynalka,27,185,3473035
Lazy lazy people,27,8,3415345
Yzyrpator Crew,27,84,3412124
Los Monarcas,27,7,3185779
SUNDUCK,27,39,3161246
POKOY,27,72,3124358
AL-IN,27,15,2922411
Ankoay,27,17,2811873
YellowUmbrella,27,78,2725056
Minatour KING,27,36,2335923
FINAL VEIL,27,48,2240196
Industry,27,1,2191689
F A C T I O N,27,18,2117557
Wandererss,27,66,2080510
Siewcy Gnoju,27,97,1875679
SoulSociety,27,29,1866166
Focus Healer,27,13,1829029
SkoZirys,27,44,1714427
Turk masters,27,31,1663969
The Holy Arcana,27,68,1642599
Shadow Fiends,27,25,1561406
PIVOZAVRIKI,27,7,1561303
Catnip_Tea_Party,27,45,1388564
DURACELL,27,4,1111770
FINAL BET,26,10,16480178
safgasdg,26,32,10055286
over_guard,26,13,5886303
Iblis GANK,26,0,5601343
Hamsters Burrow,26,46,5552775
Rsurrection,26,42,4080359
250 - PING,26,33,3990551
Makoto Teki,26,37,3783170
Yellowzone Terrorists,26,17,3665084
Gaiety,26,206,3483400
Immortal Dragons,26,83,3472034
TVAPI,26,40,3389807
Armour,26,56,3126304
Klenovoe Derevo,26,75,3104917
ECLIPSE WOLVES,26,76,3068744
cBou,26,30,3024405
LYMHURST ULTIMATE,26,189,2990319
Milka01,26,150,2982239
Graveyard Shift,26,66,2217451
Couple of Zeroes,26,15,2141498
HARD MODE,26,45,2017847
BIBD,26,1,2017120
URALAN,26,107,1795788
ashborn gamers,26,52,1747609
iNtense riSk,26,30,1743944
Yobross Corp,26,7,1718567
Atomic Cats,26,48,1422564
Iron Maiden,26,49,1388711
Pablushi,26,35,1250338
The Puthy Blender,26,64,1244598
Chasi HUGOBOSS,26,11,1121866
weed and beer,26,4,1074056
MAKE BANDTS GREAT AGAN,26,3,951788
Enklawa,26,27,813681
GG2EZ,26,4,749123
ARRACHEZ-VOUS,25,7,9528740
Piwna Inkwizycja,25,40,8372661
Tramadol,25,34,5820713
Lymhurst Lumberjacks,25,188,4857682
Migrant Familia,25,5,4841153
BOHOYT,25,13,4277828
SPREAD AND BRAWL,25,29,3234545
KOLDUNI,25,29,3191055
Public Enemies Crew,25,38,2831055
IRAN 3AZ,25,142,2819787
Brotherhood of Freedom,25,102,2725276
Transport inc,25,25,2692757
New Adventure,25,15,2683246
ChildNight,25,90,2619403
La Hermandad Olvidada,25,37,2494351
ghost of camlann,25,10,2474604
Astraea,25,27,2465483
Osmanli Suvarileri,25,82,2245644
you red you dead,25,86,2139318
Cherry On Top,25,42,2097274
SoulsReapers,25,34,2097094
Uncontrolled,25,15,2081934
CZARNE CHMURY PL,25,91,1997861
lazy frogs,25,13,1958061
Gulyas Army,25,21,1933987
VHAGAR,25,8,1884100
DRAMA-FREE,25,79,1790933
N I G L O O,25,5,1767125
Hadid u Demm Malti,25,18,1486106
OYUNSIKICILER,25,21,1483506
Devout Knights of Helios,25,22,1419580
Carleon squad,25,16,1384429
HELLENIC BROTHERHOOD,25,47,1253626
broccoli lunchbox,25,4,1177701
CANDY SHOP,25,79,1152366
YaPerdole,25,47,1151123
Chpock v pypock,25,63,770806
Champions of Elysium,25,18,685049
Fallen Kingdom,24,24,9510258
Gucci Flip Flop,24,31,6764899
IIIIDeathSquadIIII,24,7,4634285
Pve King,24,27,4395007
MONDSHTADT,24,115,3394847
PARSIFAL,24,15,3227366
DemoNxGhosT,24,33,2870919
MALICIOUS,24,25,2706821
Smurfing Monkeys,24,5,2699013
Elite Army,24,56,2647440
good day,24,22,2524235
ANY,24,34,2491969
Ambitious,24,159,2489434
The Lone Black Wolf,24,72,2376978
E_C_L_I_P_S_E,24,68,2323772
CLWN,24,142,2317298
S T O R M G R A V E,24,31,2256581
RedZzz,24,81,2185266
M-O-N-O-L-I-T,24,78,2156731
DIGITAL CRUSADERS,24,47,1992065
RU_HOM_69,24,63,1740090
REDANS,24,83,1711595
Bandit Bashers,24,53,1647410
Tunisian Guild,24,48,1621395
ChosenOnes,24,32,1578977
Golden Mafia,24,15,1532829
MASTODONTES,24,82,1427095
SzorstkaPieta,24,47,1358052
fusion,24,29,1226721
Execution,24,46,1177441
Sangre de Dioses,24,61,819561
Roaming Gypsys,24,67,804953
Beek1perS,24,4,756346
Steppe Reavers,24,18,671953
Night Marauders,24,21,571109
Loot Or Trup,24,7,497529
3 IQ,23,48,15221278
Not Try Hard,23,28,8065913
MiauczuryKubusia,23,39,6785347
ELEPHANTS,23,51,6053796
Mental Hospital,23,16,4080461
Vuranlar,23,11,3906735
Lords of Strife,23,181,3188456
ThePhantomTroupe,23,11,3081639
House Apotheosis,23,59,2987403
Chagatai,23,34,2609267
HIGHLAND LEGACY,23,35,2581344
Hol die Axt,23,28,2488198
Shadow Lions,23,61,2286970
LA FAMILIA ES TODOO,23,67,2222042
Destiny Bored,23,52,2130012
Craft Kingdom,23,15,2104803
The West Coast,23,58,2048030
Homesick Enjoyers,23,40,2026903
Pay2Cry,23,29,1930778
CHEAP CRAFT FORT STERLING,23,31,1914929
CONT1NENTAL,23,60,1879559
Nord_Star_INN,23,74,1822949
obroncy cnot,23,78,1779113
A L T E R - E G O,23,32,1775733
Player1,23,41,1697438
BiedaBezKasy,23,19,1672220
Absolute Anarchy,23,24,1503717
SUN_RISE,23,28,1454604
Chisto Magi,23,15,1454583
DOMBAY,23,34,1450696
THETFORD SUPREMACY,23,16,1444208
Eternal Vow,23,9,1422355
Task Force 141,23,23,1400257
FORT LEGIONNAIRES,23,58,1380084
spoko,23,187,1207892
Hunters of Glory,23,16,1128773
WON DID,23,4,1096262
Kidszone,23,10,1056356
ATLAS Corporation,23,38,1019914
ya200,23,4,840579
nasvay users,23,4,643855
Aspiradoras Anorejicas,23,18,541783
A G H O R I,23,8,531350
Focused,22,29,8911868
Skellige,22,62,7515972
J O U R N E Y,22,17,5122960
Greedy Gremlins,22,27,4048880
Take Loot,22,29,3710116
leiking,22,13,3538862
S A N G E,22,25,3482004
Order of the fried chicken,22,70,3328630
PORTUCALE,22,78,2726930
Meta,22,24,2653540
Going Critical,22,32,2584539
Aumdor,22,11,2428122
Make Femboys Great Again,22,54,2334832
Dragneel,22,49,2318170
Azura,22,32,2276668
FiuFiu,22,25,2101804
SD5Empire,22,68,2054062
Bear-Slayers,22,25,1967704
Moenia,22,14,1961038
OLDBOYZ,22,17,1845386
The Five Ways,22,4,1810634
Stare Wygi,22,37,1761638
Wielolypki,22,77,1722317
Silverwolf_Legion,22,69,1644381
Amaterasu-Kami,22,38,1623227
QQW998,22,15,1598379
Immortal White Wolf,22,20,1572233
The Unique,22,31,1522791
0nizukeh,22,3,1483532
the-lag-syndicate,22,32,1386226
Black Sword,22,32,1337774
IMPERIO PORROMANO,22,34,1177638
guild sakhtam,22,49,1140404
Smoczy kiel,22,58,1005595
WHAT TRACK,22,12,973675
El Fuego Negro,22,69,868999
L O O T Y A N,22,23,787322
A V A T A R,22,52,739411
DalneBostoshniki,22,46,718780
Prodige,22,51,569248
Tovka41,22,42,569209
R-back ZaPIVOM,22,24,557083
Kalkulators,21,28,10288225
LA CARICA DEI 104,21,43,6077494
PIXIE,21,42,5757841
TheContinentals,21,26,5722397
FALLEN_SUN,21,24,5145206
SHANTI,21,36,5035463
Mistbound,21,39,4853693
plenger mainset,21,52,4577642
AKM Almighty Killer Monster,21,193,3970764
NOT ALONE,21,34,3314794
Stonehengee,21,42,3273677
Morgryth,21,47,3095321
Calm Zone,21,22,3080236
Anadolu Turk,21,49,2855813
Cinema,21,50,2622179
Little PIG LET ME IN,21,13,2421385
The Church,21,4,2417068
PANTHE0N,21,80,2405538
Berserkir,21,122,2393996
Foz do Arelho,21,42,2387833
Fairy - Tail,21,64,2310366
Olympus Gurds,21,47,2200878
Avalon Karp,21,29,2046375
The-Company,21,27,2020172
EVIL SKY,21,56,1997373
Gienas,21,9,1984941
Hace,21,19,1870711
RequiemOfSilence,21,10,1829345
Ultima umbra,21,85,1759172
Kapslomania,21,39,1750529
Krzyzackie Kurwy,21,15,1619936
SOUND OF THE NIGHTS,21,41,1541492
Pro Bono,21,10,1495943
Frizonia,21,58,1433483
Second Home,21,33,1431513
BEYLERBEYi,21,22,1353853
The Fivefold Toolwrights,21,16,1228591
FISHCULT,21,9,1107022
Die Graue Legion,21,20,1103514
Lilith Family,21,54,980490
Inting Quota,21,3,978887
Winter Reaper,21,21,975285
HolyCrew,21,33,959733
Beer and Cheer,21,25,936988
T4rot club,21,1,897211
kimcooking,21,3,824486
Gruppo23,21,12,748066
sodsera,21,5,708815
Hunting in the depth,21,6,434152
GANGULIKI2,21,5,236333
SHAGGAS,21,64,117330
Nocts,20,20,10044512
ROMPER,20,15,8907497
M0rTuaRy,20,25,7936616
Kabasikiz,20,17,5938297
Brainfucks,20,46,3272661
DaBro,20,42,3202658
Vnezakonity,20,28,3089253
Tropiciele Zaglady,20,16,2847192
Diecezja,20,17,2787446
Brama Piekiel,20,6,2548316
ARKHEM,20,99,2527228
JUSTICE OF ALBION,20,53,2430306
pincilin,20,20,2401978
Wolves YT,20,110,2210349
NO DOPE NO HOPE,20,42,2206660
Pawr,20,61,2203320
MamonTS,20,75,2165862
Hellfire Club,20,57,2096695
Gypsies,20,46,2038340
The Shadow Guardians,20,37,1988018
Sinrise,20,62,1979905
TheDarkHorus,20,46,1968748
Rat Dynasty,20,5,1924666
Czarna wieza,20,1,1833368
IMDB,20,10,1814844
Doubloon Perditus,20,37,1720806
Rarty Ping Beef Burgle Bingus,20,21,1702203
VANTABLACK,20,73,1659540
SpGroup,20,6,1568681
Imperial Dynasty,20,57,1537197
LOYTribe,20,53,1505405
ProrabAva,20,21,1494395
Dusk Fall,20,41,1491350
Olimp Squad,20,76,1431786
RADICAL ORTHODOXY,20,16,1384266
BLOODHOUNDS,20,21,1363428
Pochos sin Spec,20,64,1353290
The Circle,20,13,1297418
Xot bi suka Povezlo,20,7,1267528
Nudes,20,8,1247661
Hellvity,20,47,1223032
Corpses,20,17,1216833
GreenAvocados,20,11,1216763
Purga payos,20,49,1166228
Menam Parma,20,18,1138360
gankTEAM,20,48,1123012
NightFall_Legion,20,30,1094822
Banditas,20,10,1032755
eBANaftika,20,90,932062
Avalon Marauders,20,31,892728
OMOH,20,38,878929
xREDx,20,21,858282
Brayan,20,17,837760
XxBlack_Smith xX,20,16,827952
MY WAY,20,17,704558
Twitch Prime,20,31,668195
OOOTmuv Deneg,20,91,630962
Mists of Midgard,20,30,613589
Reaching Potential,19,13,10402829
M A S T E R P I E C E,19,8,8393450
TCH,19,37,6827188
Crimson FAQ,19,21,3919308
Cucaracha-Gang,19,38,3221677
The Lymhurst Wardens,19,62,2388033
O N E P I E C E,19,12,2305570
Antcolony,19,51,2251904
ULU,19,118,2199949
LzNeR Gaming,19,15,2191332
Good Hunters,19,71,2132733
Asteriya,19,139,2115288
UNDERCAPE,19,40,2112685
fangarila,19,11,2109691
The Gatherers Lodge,19,122,2072991
fearsum,19,43,2017517
PIETRUSZKI,19,53,1977468
anime baddies,19,5,1941650
DOMINANCE,19,50,1858409
Hospitaller,19,13,1845281
Golden Seekers,19,137,1844510
LAST REVELATION,19,8,1786193
Z E R G,19,41,1703060
2 THE GREATS 2,19,62,1658029
Hirvis Family,19,13,1581530
Coco4kuRUS,19,62,1565219
Blackroad,19,3,1548370
Fury of Avalon,19,16,1514715
War beavers,19,80,1502372
Bocchi the Rock,19,8,1481847
Golden Dominion,19,70,1480276
Durins Folk,19,4,1419567
Desert Tax Office,19,40,1398599
Rats on fent,19,24,1347037
Child of Darkness,19,71,1295075
Template,19,0,1283031
Ekipa Remontowa,19,22,1234596
SOGD,19,33,1233300
Echo of dawn,19,60,1178727
xPhantom troupe,19,13,1134098
UGRI,19,28,1125004
Sokarca-Tim,19,4,1022983
420 MIND,19,35,998643
Salt Factory,19,23,871455
Yin i Yang,19,24,850673
Suprise MFS,19,20,794549
OnlyFarms,19,44,760544
The Seekers of Albion,19,53,699805
Chicken Tikka Masala,19,13,587112
ICeDRAgonS,19,34,569073
NEMETON,19,9,555088
GLORY BOYZ,19,2,552738
No Disarray,19,5,515743
Goop Corp,18,15,7711711
S P A R K,18,28,6676170
P R I D E,18,38,5786419
out for the night,18,20,5001454
MINGSTAR,18,9,4967366
Hetmanship,18,84,4546930
THE PLATFORM,18,54,3403806
Red Hoods,18,11,3386519
Destr0yer,18,18,2666422
French_Gatherers,18,10,2552659
Zero Dam,18,63,2372479
Uncle Johnnys Pizza,18,32,2213845
Hellish Paradise,18,51,2205084
LOS PAPUS IV,18,31,2161003
Gold Duchy,18,102,2142881
Paradeus,18,47,2010960
K U R O T S U K I,18,73,1991789
Fredoom,18,79,1926147
Sup is 7 Zalup,18,26,1902797
Legion in Shadows,18,54,1796978
FarmerBros,18,34,1719625
Viper Fangs,18,4,1683199
Aquarius Era,18,12,1656595
PT7,18,100,1590247
Undead king,18,33,1586232
J U S T I C E,18,30,1561802
Bad Girls,18,5,1550520
BearsGuard,18,39,1523734
GOD DOG,18,3,1496299
Demonic_gorilla66,18,16,1465824
RoLC_sar,18,25,1437893
Royal Exiles,18,12,1367118
farming rabbits,18,29,1362157
Hawaii,18,16,1314003
No Tourist,18,21,1313052
Doomsheep,18,86,1212071
Sexafone,18,4,1209668
Simios Da Avalon,18,29,1181397
WniosekFormalny,18,18,1136156
Blattodea Homicida,18,79,1082001
Sp00ky scary skeletns,18,2,1042437
The Rehab,18,8,950150
Birileri,18,31,922917
Dungeon Delvers,18,10,897578
Alt F4,18,35,850806
Sons of SIn,18,52,830097
Your mom is my Mount,18,24,811109
CrazyBear,18,20,716068
Valerius,18,10,641145
DEATHCLAW,18,31,640248
DZIK_COMPANY,18,20,568680
Anti Defamation League,18,15,520998
After Work Warriors,18,2,455346
Danish Dynamite,18,10,442111
b00bs clan,18,6,416298
Holy Knights,18,8,165509
I_M_P_A_C_T,17,66,9470729
Avalon Coalition,17,18,9102511
Volatile,17,15,7555087
Follow_The_Crown,17,5,6028088
WNY N0T,17,13,3114027
ExiIium,17,40,2887002
Sisterhood,17,31,2789187
LCDA,17,9,2531250
The Diehards,17,54,2462721
kissbirtok,17,12,2355149
Shadow devil,17,102,2326228
MAD RABBITS,17,114,2281218
Polesye,17,24,2033866
PIVO Guild,17,60,1990649
HUSH,17,12,1937126
pokemon99,17,17,1920716
Wanderkind,17,25,1902004
AnArtistsOfUs,17,40,1900389
Tarkovianos,17,54,1875436
V E I N,17,45,1858206
TEGRIDY farms,17,76,1745854
Kill The Pain,17,71,1684200
TROLLING_TEAM,17,15,1631828
Dexterity France,17,46,1607864
TeNRuN squad,17,42,1549840
Kvin345,17,41,1529521
Woe defender,17,50,1493518
Time of Troubles,17,50,1441996
Beermix,17,30,1283975
Masters of war,17,55,1276966
New Testament,17,16,1272249
Erdtree,17,48,1213718
RESTECP,17,14,1181168
La Guardia Civil,17,36,1179744
Rich Cats,17,98,1164235
OSUS,17,41,1112342
Valley Seekers,17,28,1035612
Andromede,17,8,1012729
URFALILAR,17,19,982790
ruhanko straponem wojtka dz,17,0,942232
Free Bacon,17,27,938340
Chan,17,8,860443
NWA,17,14,792798
HANG-OVER,17,13,772137
XIBALBA,17,3,765115
Sky Nomad,17,8,719266
kabani,17,38,682122
No Please Stop,17,17,520984
Solo leveling up,17,7,502357
ZHELEHMA,17,7,439836
Slaves Of DizzirT,17,37,314511
DOODLE JUMPIKI,16,16,10557362
RIJIEY CHURKI,16,8,10501802
XXXXXXXXXXXXXX,16,11,6985875
DOTERY,16,22,5776947
im rich man,16,13,4801065
Censored Ones,16,13,4058597
CasualExcuses,16,11,4055562
Ashen Fall,16,51,3892089
Knock Knock,16,29,3767300
LETUM PACT,16,26,2683765
World Bank Group,16,47,2632370
111111111111111111111111111111,16,4,2549032
Fear The Reaper,16,86,2546805
Les 100 culotte,16,16,2524156
Ride or Die,16,96,2523059
Main Character,16,2,2408689
WARN,16,30,2378539
Kaizes,16,51,2160759
Corsaire Ecarlate,16,42,2075384
ELDERS,16,61,2033343
white hammer,16,30,2020499
CRYHARDER,16,60,1992815
The Tree of Life,16,87,1965667
NIGHTBREED,16,36,1898736
KenyergyarKft,16,19,1880030
Hell-wolves,16,81,1821953
Terrorcore,16,15,1809978
family rats,16,4,1756064
Predatory And Troubled,16,36,1731814
Knights Of Nightmares,16,93,1716131
MUSLIM,16,5,1651920
YAMA,16,34,1617633
OldAlbionOnline,16,19,1589419
Kids,16,23,1586155
Choppers,16,32,1462758
COCOA_fm,16,94,1440670
Dont Kill Mi Pleasee,16,74,1355222
normal fisherman,16,6,1350535
GETKILL,16,14,1340848
DEATH CROWN 1,16,16,1288889
Wing of Freedom,16,35,1251112
Over kill,16,11,1225783
plagadines,16,34,1218267
Magyar,16,78,1197741
The Polity of 1550,16,2,1176237
GoodBue,16,29,1169526
SPERM,16,6,1127042
RekinyBiznesu,16,36,1123179
N1 EMPIRE,16,1,1085944
Ressurection,16,5,1037607
SigmaNation,16,18,995290
The_one_eyed,16,18,961533
Vaspitality,16,5,891884
Scar,16,46,888583
Lethal Company,16,10,855751
Dzels,16,36,828720
MeKaMbe,16,9,815294
Tricksters,16,13,810496
la ressource,16,30,790620
A I D,16,13,783704
H U N T E R S,16,40,767632
AvaGei,16,24,691235
MAAFIA,16,25,685619
EBON BLADE,16,9,672852
aigle force,16,25,670700
TPK,16,13,635634
School of the Wolf,16,4,625971
Silver Vanguard,16,62,611879
Cloudwalkers,16,29,574879
Black Heather,16,10,550193
WSSB,16,5,524666
The Lords of the Iron Mountain,16,6,520016
ALLAHI SIKENLER GUILDI,16,13,462140
HOLLOW ECHOES,16,20,396536
The Flame of Eternity,16,4,318730
Limes Inferior,16,8,187657
Noobs With Attitude,15,67,15186815
KOguys,15,82,6446709
GangBang,15,49,6227776
RAVENS,15,19,5502507
Les Pick-Pockets,15,23,5451210
Reisebuero Lymhurst,15,17,5408309
GO SIDE,15,8,4084083
The Waylayers,15,41,3744540
Savage Circus,15,35,3635283
MOROCCAN KAMEKAZE,15,27,3325705
Forge of Battles,15,42,3282427
Converium,15,41,3220411
Degenerate Gamer,15,3,3150198
HAPPY FORT STERLING DAY,15,28,3097719
Bright AbYss,15,55,2992279
Bail Bondsmen,15,17,2901791
IDeadlySquadI,15,69,2678302
NinjaSquad,15,8,2539386
AGONIJA,15,15,2374353
LostEden,15,26,2235185
Dominion of Plague,15,62,2127640
Safari,15,22,2104413
Penombra,15,29,2091557
Leg1on of Sparta,15,34,2079020
Nation of Elites,15,23,2068253
Wisp Keepers,15,18,2042015
GenerationOfMiracles,15,7,2019925
Zauek Meneli,15,100,1942656
Debtors,15,127,1926136
PLAZMA AR,15,63,1910850
HACIENDA ALBION,15,22,1853573
U K I E,15,17,1809854
Vanguardia Recolectora,15,59,1791616
rat loot amk,15,3,1787515
RATOS CARECAS,15,30,1703272
MOUNDMAKERS,15,18,1651151
Unlish,15,35,1561150
OATH,15,12,1535011
Honrado_Traficante,15,16,1512353
MrocznyLegion,15,16,1504306
Chill_Zone,15,13,1485164
Valkorns,15,22,1459388
TheContinental,15,33,1456793
XULINET,15,56,1397479
Lone Spark,15,59,1380013
SPECIAL KIDS,15,8,1369244
Limits,15,42,1369110
Splinter,15,29,1312843
Transit,15,69,1311345
NiIfGaard,15,139,1302967
N01,15,60,1258010
Empire Britannia,15,52,1229014
Monke,15,6,1225390
P R I M A L,15,54,1167131
UNION GUARDS,15,41,1166586
dead group,15,38,1092021
BrokZaBrok,15,8,1067465
Voini Semeni 812,15,17,1065644
Zero Rispetto,15,43,1042331
Crips,15,5,1032572
POR TU TATIS,15,89,989446
BloodSKY,15,12,903345
Honor And Courage,15,7,900442
Shawarmaz,15,19,856111
Built Different,15,13,813309
XANTERxXANTER,15,35,797306
Dopamine Loop,15,18,773859
GRIB,15,46,716153
Surubao Dos Crias,15,16,705446
Roux sacre,15,18,653202
XvX,15,26,629963
YARASA,15,17,628190
KLAN SUMA,15,2,518936
ZALUPENKO,15,5,510237
Never broke again,15,1,336408
Order Of The Queef,15,33,334330
PORTAELVCIS,15,5,318153
Weekend Pleyer,15,10,275254
Old Dirty Gamers,15,12,115028
Bros Above Hoes,14,16,11207146
LGBTQsupporters,14,22,6382064
botfk u,14,12,4186613
life without sexx,14,4,4051360
DAWN-X,14,74,3545770
CCCC,14,14,3463055
LEGION,14,27,2841561
ElitaPolska,14,81,2618137
heavenly death,14,25,2500242
Angry Ducks,14,10,2362897
nuissance,14,22,2106478
sklad unluky,14,4,1969051
Daemoniorum,14,46,1929504
Not Again,14,5,1908208
187Strassenbande,14,1,1881695
Lost Shadows,14,72,1858728
Libyan Gladiators,14,52,1842733
BroKssar,14,27,1831038
La baraque a frite,14,33,1800976
Green Palace One,14,71,1724266
MAMUNA,14,85,1703019
jumboturnip69,14,5,1665041
Mezopotamia,14,38,1664000
Adaptable to Everything,14,35,1651910
TRIBUTOS EU,14,76,1584836
Dead Rabbit,14,14,1552109
Art Of Chaos,14,14,1539772
Axe in the Ass,14,21,1491565
WARBAND,14,43,1487508
Reichstag,14,12,1472013
Spider Legs,14,18,1471546
NVDP,14,78,1438878
Three Brothers,14,52,1407509
Hungry Jackals,14,36,1358129
The Heavenly Circle,14,94,1344390
Petals of War,14,45,1283353
K O N O H A,14,10,1258221
EdgeRunner,14,13,1235266
Metanoia,14,17,1213871
CHOPI,14,20,1211455
Gears of Chaos,14,26,1178432
La Horde Obscure,14,47,1167071
GuildGangBang,14,5,1133752
Thunder Wolfs,14,38,1124957
OnlyWars,14,19,1093864
Prime Minister,14,6,1089319
Flock of Ravens,14,49,1078229
Black Metal ist Krieg,14,40,1052343
V O L T A G E,14,6,1032759
Rogue ganker,14,1,1011272
MURDER Inc Brownsville,14,10,995352
BANDIT SQUAD,14,16,987275
HABABAM,14,10,975513
hit,14,15,957328
Akana,14,35,955078
Lair of the Forgotten,14,13,946359
I____________________________I,14,26,906467
Bandidos del lag,14,40,903696
Abyss of Eden,14,37,900939
Warhammer,14,18,899394
ForgeX,14,62,897158
EPSTEIN ISLAND DIDIY PARTY,14,4,896086
AltersGuild,14,10,892821
Ents of Forest,14,36,885536
Meaw-Meaw,14,39,879594
Parafia59,14,44,872407
Umer v Tilte,14,29,862104
Shadow_Reapers,14,18,803843
Kintsugi,14,26,767531
UsS,14,8,756653
Relion,14,35,754658
Born To Kill,14,8,714051
VICI,14,51,687020
XX-CRAFTER-XX,14,32,672404
Phantom Troupee,14,3,642386
ihateboys,14,2,595083
Fallen Angels,14,34,593116
Wish,14,3,578953
Lebonpoing,14,8,568044
G R O M,14,4,564457
Crystal Army,14,33,537818
WELL WELL WELL,14,26,530681
DUVAR,14,2,494365
OBEZYANYA OSPA,14,44,486497
POCKET UNIVERSE,14,12,401297
X-FORCE,14,19,385395
Skill issue hub,14,2,355415
No War No Success,14,3,224775
biffel,13,24,8260827
STBZ,13,8,4427666
SKOLKO FAME V CHAS,13,37,4307607
Dungeon Delvers Inc,13,9,4138533
papaoutai takes anal,13,13,4096750
WIGSPLIT,13,7,3961552
Old But Gold,13,24,3609710
Versik sosal,13,4,2859265
GRANGERR,13,30,2687668
Albion Stock Exchange,13,46,2619302
Freedom Lifestyle,13,7,2572823
Glacial Titans,13,17,2417429
Factorium,13,52,2305648
SALSEO,13,16,2211171
Les Dunes Silencieuses,13,51,2149570
Dark Hours,13,79,2079226
Krysy Kulateho Stolu,13,17,2025945
Moonlight,13,46,2005453
FallenSpirit,13,92,1810070
SaVeS,13,9,1705589
CHAMA,13,18,1701192
Dismount,13,10,1689713
DrunkenPirates,13,103,1629531
ZADROTSTVO,13,59,1605343
Rejaz no heal,13,3,1569262
7v7,13,6,1567916
iMoYu,13,39,1554123
NNKLCJ,13,4,1497033
Mittel Alter,13,27,1490192
Mango Jelly,13,15,1474910
Who Ping,13,4,1461447
My Little Money,13,62,1460791
Double Sword,13,10,1439303
IMMUNITY,13,34,1436018
Dead Signal,13,51,1405849
Sorashi,13,44,1384909
Moonlight2,13,13,1371841
The Tanks,13,72,1334479
Bellatores,13,28,1321281
WWSquad,13,33,1304652
BlackThrone,13,26,1262106
Dark DateR,13,17,1258146
IDPSMyKidsIRL,13,31,1244216
Teutonic Order,13,14,1221385
TriplePenetration,13,20,1219357
Winged tree,13,47,1200978
NlRVANA,13,47,1175606
Outlaw Syndicate,13,13,1163733
Gurren Dan,13,5,1141245
LMKHZEN,13,20,1121409
Hoppla,13,19,1120268
war soldiers,13,65,1079242
Eldenski Krag,13,29,1049084
DRAHAT,13,60,1032356
Big Booty Latinas,13,4,1022061
ADAMASTOR,13,12,1018146
Agoge,13,63,1001507
One Two Thr_ _ RESPAWN,13,24,996636
Divine Army,13,8,996424
Eternal Little Ones,13,8,986782
Al-andaluz oris,13,57,971838
BladeWorX,13,4,933011
Bridgewatch Elite,13,35,932643
Axios,13,98,887313
CRISTAL LEAGUE,13,33,848411
fenghun,13,6,847782
TOST EPIK,13,54,842675
los diskas,13,37,837278
HellfireEmpire,13,10,827725
PepeSneleWatafa,13,4,806231
Forbidden MONKEY,13,3,804572
LES CHTI GAULOIS,13,18,760201
Crazy intentions,13,6,685591
Krazai,13,53,665926
Hard Counter,13,6,652696
Femboy Hunters,13,11,633109
statik mens,13,36,631653
Mistake,13,20,624102
Marineford,13,1,609331
SilverHunters,13,34,570777
GuildPotato1751,13,11,495439
I69I,13,5,478592
SURVIVAL-PTM,13,8,468977
Legion of the Endless Kill,13,24,463512
HATSUNIZM,13,4,415092
olive oilers,13,7,407741
KeepCalmAndRespawn,13,32,395900
the brother,13,9,346010
BOOLZ,13,6,333810
SOR FOLO PLAYERS DUBLE SEX,13,18,275729
KIYIM,13,11,270684
Onichan Kings,13,57,189357
La 3e Porte de Chauvur,13,16,125735
banditskyi cry,12,3,8922510
KyniLovers,12,7,6389708
OP Squad,12,48,6209505
Stalkrend,12,3,5934935
New York,12,18,4520043
4CB,12,9,3249033
KaiHuang,12,4,2979930
Meow Meow,12,20,2848026
S0L0,12,33,2820022
Decision,12,18,2432963
Full Party War,12,83,2412203
Battle Animals,12,59,2383696
Traiana Fortis,12,97,2377659
Therdorei,12,10,2349277
Prostitytki Elite,12,26,2297982
ANTI-GANKERS,12,79,2201651
Superabo ex invictus,12,23,2149538
Happy Meal,12,5,2051842
Last Lightfall,12,61,2049810
ANO,12,8,2047260
Loser club,12,88,1959724
WhiteGuardian,12,66,1880679
Businesman Yo,12,13,1848462
XIVIVIDE,12,11,1845307
ManyaK HeriF,12,100,1821585
SLAVE ARMY,12,4,1736896
CRAZY_WANDERER,12,9,1681566
DETROIT LOGISTICS GROUP,12,22,1659202
EINHERJERNE,12,21,1650584
Lost Garden,12,10,1631794
996,12,7,1557935
ur moms favs,12,7,1554023
DRAG0NS,12,77,1543043
MangoTree,12,5,1541336
Fuge late tace,12,12,1531363
BHC for War,12,32,1525800
TERPENIE,12,30,1519689
xxx J U N G L E xxx,12,45,1500599
Albion Global Trading Company,12,87,1498299
Rasmelcorp,12,35,1491239
BARADISE,12,14,1483556
Just lazy,12,28,1445888
Megan Fox Feet,12,19,1439059
Kraken Pirates,12,47,1229889
Yarra-Yering,12,16,1169963
SdA,12,31,1167628
MIRIN,12,12,1161609
W - I - N - X,12,32,1141828
Snipe,12,21,1141742
BestVojebEver,12,5,1102989
Real friends,12,51,1102491
Bombiarze,12,31,1083437
UCHIHA-1,12,12,1070596
Drop Rate,12,22,1059355
1black hammer,12,55,1038755
Black Covenent,12,23,983290
T E N K A I,12,6,968977
Nightwatch,12,4,964020
The French Tax Order,12,7,959442
Amen and Combat,12,34,937850
Martlock Defenders,12,13,931537
Academy Sever,12,39,925307
Barabi,12,28,903835
HANIMICILIK KAZANACAK,12,8,901450
FRIK0ldELCI,12,17,895681
BARAYA,12,5,885917
DIDDY AND FRIENDS,12,5,881287
Prostitytki,12,18,864030
ARG,12,24,862764
Zimowy Legion,12,29,842988
EXALION,12,42,827320
Labubus,12,4,802768
Negritillos,12,8,783805
The Pack and Pnch,12,1,772355
GOONERS NEVER CUM,12,4,746315
Neamdia,12,16,728215
Hancer,12,60,724277
blackburn,12,25,715525
Companions,12,31,670338
Tugas Besar 1999,12,4,660286
Nomadic Tribe,12,10,623190
ParsDominion,12,20,612127
The Hunters,12,19,608438
K3RTL,12,7,606708
Insurance Company,12,5,599789
Chance,12,5,583931
THE ASTARTES,12,16,523164
Thetford Iron Legion,12,23,520326
Zephyris,12,12,493336
littleBear,12,14,488293
KrzyweGiry,12,7,458418
verhiteli,12,6,440490
Concilio dos Strikes,12,13,436359
Sky Throne,12,43,427631
Real Zero to Hero,12,7,398981
Fuer den Schmollgrind,12,2,387551
Solo Player Corporation,12,4,349551
AROGANTS,12,19,341629
THE STALWARTS,12,28,290893
2v2hellgate,12,1,212152
Ready for Action,12,2,126398
N E U I L L E,11,1,7062140
Para__Bellum,11,12,6649189
DIVE OR DIE,11,13,4077616
CH0P CH0P,11,12,3929902
Portuguese Kebab,11,4,3734077
ESHOL,11,23,3692621
R E B E L S,11,9,2232890
Post Mortem,11,7,2108768
MHGK,11,7,2035418
SKOLKO FEIMA V CHAS,11,33,1997341
Above30,11,53,1977038
W H I S P E R,11,4,1937581
Fatalty,11,19,1912661
black1denmo,11,69,1889454
Shadows of Darkness,11,64,1829780
HELLGATE FAN CLUB,11,15,1784357
Collective Consciousness,11,13,1718502
DIREWOLVES,11,15,1630504
Moustiques Rancuniers,11,111,1518660
Ambition,11,13,1513523
SATT,11,118,1467439
TINY PANDA,11,4,1465501
My Little Pone,11,47,1442944
HaslTeam,11,22,1441001
tacobell,11,9,1421740
OrderOfPensil,11,5,1363176
BTY,11,8,1363027
Tuptusiowo,11,44,1336709
La Cupula,11,42,1335912
AHALbIHbIY_EXPRESS,11,36,1317108
THE VILLAGERS,11,58,1303915
True Sobirashki,11,43,1279775
Riot-Game,11,3,1242727
DoRatUs,11,9,1206553
ARMAGEDDON,11,76,1196624
Misfits of the Forest,11,18,1180445
H E L H E I M,11,7,1175367
Fucking Circus,11,14,1171658
Trinity of Hell,11,52,1163548
OopS Dead,11,59,1136960
Solo Q,11,12,1121565
RDMe,11,40,1121463
Valhalla Gods of War,11,50,1119095
Albion Devils,11,42,1096414
Mordiggian,11,18,1088534
PC Parts,11,15,1084313
Dans mon monde,11,12,1080749
Child of Storm,11,28,1069064
Lord Of The Ring,11,14,1057245
Beyaz Kurt,11,47,1037613
Caerleon femboys,11,17,1021145
Monte libertad,11,7,1018894
La 7eme Compagnie,11,8,984846
Dark_Angel,11,8,957205
The True Templars,11,29,956813
OneArmy,11,8,952361
TroubleMakers,11,65,949131
LaMeute,11,27,943217
Brixton,11,7,927526
SOLO ONES,11,19,921027
AWAFOXES,11,48,918123
Sword of Retribution,11,27,915785
DarkBlak,11,85,894874
Viscounts,11,30,890431
The Pool,11,33,889182
Defenastracja,11,22,882598
The Giggling Goblins,11,30,881930
Kovenant,11,13,877238
Verdammt lustig,11,10,831214
Sentinelle,11,10,816294
TRIKRU,11,0,814866
KOT KABANOS,11,37,798072
Etli,11,47,795509
Guards of Lymhurst,11,13,787285
R0AR,11,9,763288
CaSpErBlAcK,11,65,756179
maradery,11,19,752347
ARGUMENT,11,23,739144
Man this game sucks,11,7,738140
Hikari,11,29,732897
P R O V O K E D,11,15,723997
Golden Sunrise,11,22,721283
Burrow,11,16,703461
Bo Gezenler,11,9,701673
THE VASTO LORDE,11,8,700567
Medvezhya Stal,11,28,686189
2007-08-01,11,20,684852
Rycerskie Mocne,11,16,677270
Hidden Blades,11,22,652723
0 R T H 0 D 0 X,11,17,648992
N0N4ME,11,7,644209
VERSTECKT,11,2,630401
GUCCI BOSS,11,18,626001
Make Bulgaria Great Again,11,8,606872
NOOOBS,11,20,587044
Eviction,11,37,571710
G GG,11,4,567775
JUST SOME NOOBS,11,15,550128
No To Cortisol,11,25,549374
VICE CITY,11,10,535630
ORDEN TOPINAMBUR,11,19,534172
Reboot,11,5,526122
Tweezys,11,2,513008
LUMORB,11,7,509135
Gordamarini,11,6,464157
Schlafender Wald,11,3,444391
Getting laid with other mens,11,7,427927
MLC,11,40,421445
Les BG,11,29,406725
Caerleon Faction Guild,11,8,392306
Sozinho,11,6,382530
zWizarDz,11,41,381983
t3xasskayareznyaBENZOPILOY,11,6,364531
League of Glory,11,32,321656
AlPivon Online,11,4,316825
You are sleeping Wake up,11,17,263741
Wild Boar Inn,11,2,250653
ALT SKUF,10,23,4633592
Falcon Team,10,14,4518674
Frostwake,10,9,4253443
Contact,10,17,4218570
FourTwoOC,10,37,4104624
Order of War,10,7,3530854
FatFingers,10,2,3073835
BESDAR1,10,18,3004809
Demorgan,10,8,2867942
hohloutai,10,13,2862538
The Exodus,10,22,2822554
Someday,10,16,2707519
egoisto,10,26,2652974
Tess,10,10,2632634
3DangGang and Deena,10,144,2593207
BrosBeforeHoes,10,33,2471601
Dont stay here,10,41,2323832
Lame Gankers,10,6,2284438
StrongPryde,10,77,2239334
Hall of Flame,10,15,2191776
La Quercia,10,65,2185656
rating guild,10,6,2152551
MARKOBKA,10,5,1927889
ryooog,10,13,1599318
Saviorsed,10,51,1589156
lootman,10,2,1530343
The Impulse,10,5,1526252
Uruguayos,10,9,1492580
HISTERIA,10,14,1473588
RU FORT,10,67,1472522
Qumple,10,37,1438315
Silent Siren,10,16,1422228
Fallen Knights,10,50,1421243
L_Y_C_A_G_O_N,10,36,1387198
xXDire StraitsXx,10,11,1383482
Plushanovo,10,26,1336034
AR_Danger,10,112,1333768
AracnoPochos,10,66,1325684
Black Tigers,10,9,1322745
orc army,10,44,1302956
Kurwatata,10,8,1284004
Black Mask,10,45,1259988
good company,10,61,1171983
Eternal Darkmoon,10,4,1159977
MVPs,10,32,1142252
Enter Guild Name,10,22,1141511
the haters,10,54,1139552
Waypoint,10,67,1089694
SIGMA NATION,10,20,1076824
Gank Squads,10,19,1064902
AMINOGLU GANK,10,20,1047937
HUNite,10,42,994960
amigocigarro,10,13,992892
WARG,10,40,983571
Les Disciples,10,27,950641
DaPoX,10,20,949336
faski to gej,10,9,938373
665,10,14,933726
AT KAFASI,10,23,926390
GG for BK,10,2,894254
ARMOR CLUB,10,13,889528
S3NTENCE,10,17,883714
Kaelith,10,40,870867
Pantsu power,10,3,869580
MARTLOCK FREEMANS,10,5,866736
Dark Guards,10,10,846227
Morselanders,10,34,831661
we are just ants,10,29,822293
950ip,10,30,818182
Moon Base,10,16,811474
PORT ROYAL,10,28,800601
GaijinLegion,10,21,778479
Kilch,10,5,766824
La Rose Blanche,10,20,761522
Les Tigre Blanc,10,16,750160
JustEat,10,20,745858
T U R K L E R,10,14,740351
Gates of Darkness,10,26,735124
The Crusader,10,37,702059
THUGS-TR,10,16,701379
Industrie Corp,10,34,695249
Sweet Dream Team,10,74,676943
The Scavengers Guild,10,30,675713
Skill-Issue,10,24,663127
Boar Squad,10,38,655540
RTS GUILD,10,13,653560
Los Pesetas,10,27,642970
SANCAK S1YAH SANCAK TR,10,3,632882
gorilla men,10,7,624434
Lords of Lag,10,28,618191
BIG FRESH MEAT,10,42,611437
Imminence,10,14,610123
Angry fuzzies,10,22,604477
Wygnancy z Wraeclast,10,4,598088
KA0S,10,9,589184
Silver Hawks,10,32,585939
Debauchery_Tea_Party,10,17,568409
Dream_Come_TRUE,10,49,561919
Drunk Gentlemen,10,16,559667
tahe shapoor,10,24,559183
ZADHE,10,4,556912
200squad,10,23,553160
Warlust,10,23,523831
HellsFire,10,26,520174
Formidable Axolotls,10,17,502464
Legacy Of The Mansion,10,14,490203
KIng in Albion 2,10,5,483210
AOL,10,22,481963
kimmochi,10,8,476925
Angus army,10,40,467685
NELTHARION,10,33,464015
zelenislonik,10,6,461302
12Volt,10,16,423205
AvA Rabbits,10,31,422049
Fiorenza,10,8,379756
PIVDIVERS,10,3,376320
Brawler Company,10,15,370272
Order of Fate,10,21,359539
A G R O,10,16,341941
ESSENCE,10,15,338115
GBANDS,10,12,317324
Imps,10,35,315532
Fethii,10,3,312243
cutie pie,10,9,305784
Lordre Des Grimoires,10,36,287169
Good Scale,10,24,272313
KDSAKDA,10,1,259531
Super Per4iki,10,2,206572
Euphoriia,10,1,192339
SSCB,10,26,159871
ElbeddiCompany,10,0,158796
Having Fun,10,4,133842
Rezervatia de Zimbri,10,18,63697
hunter x hunte,9,3,11867119
KURVA,9,13,6650083
Peshera Bivnya,9,4,4956249
ONE 6 TEEN,9,5,4750216
XXI BEK,9,15,4648647
Spread Mount Up,9,13,4250424
WOLYN1943PAMIETAMY,9,22,3395871
wata fa,9,17,3334762
Papaoutal,9,14,3261088
Well Played,9,27,3157291
Radio,9,3,2519160
EX0DUS,9,11,2516735
Spase Marine,9,9,2353521
Resurgentes,9,8,2335136
TERRORISTATACK,9,6,2332345
K 4 0 S,9,18,2273584
xHIJOS DEL CAOSx,9,10,2240124
the best this game 2,9,6,2098329
B-Bou,9,8,2011135
OnE ShOT TEAM,9,10,1798014
Arch-imps,9,31,1797319
TrailBorn,9,59,1786225
Fortunes wrath,9,39,1707924
katadog,9,46,1694417
Fuego Sagrado,9,67,1688339
Jinxx,9,4,1589173
Rothschild Foundation,9,7,1585619
Pruszkow KS,9,56,1488077
LAZARET,9,81,1487149
The Garden,9,1,1457942
o0Heaven0o,9,5,1435905
bax,9,56,1408575
T-B,9,22,1403211
S T A R I E,9,27,1396022
Cimmeria,9,30,1383845
Los Rompecorazones 1940,9,45,1380795
Manquitos por el mundo,9,63,1319876
Stark Dynasty,9,22,1315000
PROTR,9,16,1281583
Batu hejO,9,40,1245406
KPEBETKA,9,16,1226689
Z dupy do pyska,9,9,1226487
Eternal Ban,9,57,1219702
AmeSagiri,9,4,1210777
Green Rhine,9,54,1156026
RiotHub,9,26,1146352
Cult of the Simp,9,12,1125110
LATAM_COMPANY,9,14,1104501
Hate From Germany,9,4,1103151
VULTURUM AQUILA,9,34,1079214
One Piece Is Real,9,12,1059416
TheInfection,9,41,1055156
Dodo King,9,41,1042522
Total AnarchY,9,8,1021053
Wings Of Glory,9,53,1003999
B4NK,9,5,969015
Blanks,9,11,964820
BZC Black Zone Collective,9,4,944225
Donkeys Of Destroyer,9,27,935342
rat and cats,9,7,930363
Stormborn Legion,9,30,925965
The Moon,9,1,906303
Meat,9,14,903581
Ita Vero,9,6,896385
stb-inferno,9,18,895368
BLACK ORDER PL,9,21,889896
Just Lucky,9,47,872097
Fight Clvb,9,26,867471
ALPHA FEDERATION,9,75,826796
Ordem_TEMPLARS_Night,9,47,822043
Les 2 Blondasses,9,18,818640
Demon Hunters DMH,9,19,815098
GOTEI XIII,9,25,811807
SAVAK,9,8,810469
OriginaI,9,5,803953
ArLand,9,20,800404
NullException,9,13,790859
lazy dude,9,18,785742
DEVILS_D,9,22,777240
ZMP,9,16,772967
Revenge of When,9,11,757738
Lofty Legion,9,58,754376
Danse Macabre,9,5,749709
Shadows of the Night,9,12,749140
Speed,9,19,747093
WhiteB0nes,9,26,730828
Drug cartel territory,9,17,728791
Uliczni Jezdzcy,9,19,718851
Fadahaga,9,6,717013
Soul Reavers,9,3,713887
Wisla SHARKS,9,20,706989
EasyClap,9,7,700620
Mefedroniarze,9,37,699359
H E L L,9,26,674502
Natural Born Killers,9,10,671455
I N E R T I A,9,9,652470
BLACKLIST GANG,9,5,643907
Unlucky Team,9,5,641616
Howadareid Boys,9,26,640710
NingXin,9,8,619260
Get of my Lawn,9,5,609602
LaND oF FiRe,9,13,603471
Unpredictable,9,7,595409
Wor1d Govt,9,27,583842
Hijos de Escroto,9,15,580117
Runeth,9,3,578405
The Last Frontier Albions,9,17,577374
Finess,9,18,574448
The Order of the Prism,9,31,567297
q4q,9,33,564109
Asena,9,15,549115
Miya,9,29,541567
CactusJack,9,22,532472
Gather and Goon,9,3,525788
Tribu Spectrale,9,6,525346
YouTubeShorts,9,13,518505
Holly War,9,9,517602
TESCO,9,2,509963
G O A T s,9,20,500168
Purga,9,26,496768
Blood Stripes,9,18,493752
A LA CARTE,9,14,493314
Army of One,9,16,492852
VENOMIX,9,10,492593
KOHTEHT,9,4,491601
THE HUMBLE TRIPARTIT UNDER GOD,9,14,484111
MAMRDI z Martlocku,9,1,473845
Jewishsquad,9,7,389560
IbnelerCollection,9,21,336154
BEPCTAK,9,22,332219
Argonautika,9,5,331177
Was ist los,9,3,310456
Zon,9,2,290730
BOZKURT BEYLIGI,9,13,288686
Arabian Crafters,9,7,249410
EPHEMERALITY,9,25,244364
XIII Dark Saga,9,23,238871
HOLY_CIRCUS,9,1,190897
The_Keepers,9,8,190532
Kernkompetenz,9,6,183077
Arcanume,9,10,170295
ZZZZZZero too hero,9,2,101077
Plum4,9,5,101041
Capybara Fortis,9,9,63035
I play Support,8,2,9608901
Underlords,8,19,4919983
Team EPIC,8,49,4657607
natsukoo,8,5,4607648
EDELER,8,25,4198293
CanePio,8,19,3942742
Silverback,8,11,3541972
Good Booys,8,10,3323453
Leakfield,8,4,3127161
Ruthless Legion,8,35,2932218
Rage Courage,8,29,2742245
MGE,8,22,2587855
Halloween,8,15,2520326
ChenXi,8,29,2130461
Purple Fire,8,27,1999898
Avarush,8,7,1846472
DaunTown,8,6,1705786
Tangra,8,7,1663703
Malesus International,8,36,1649856
Bad News Eagles,8,11,1621102
4vX,8,3,1616833
Temu Bomb,8,15,1607331
Road Killers,8,8,1589345
Saxonia,8,46,1488726
J Y J D I K I,8,4,1461047
SKAP,8,29,1399791
Rabid,8,77,1392642
FreeBeer,8,5,1363043
INQUISIT0Rs,8,68,1315269
The Golden Dragon,8,68,1309392
Caerleon Exiles,8,4,1308307
BRATVANAZABIVE228,8,5,1293351
7D3,8,11,1247567
T H E T F O R D,8,55,1232722
AKATSUKIGANG,8,57,1232439
OUTPLAYED AO,8,54,1230381
Vahsi Kelebekler,8,12,1227044
Thetford Elite Corp,8,56,1216564
PMW,8,5,1209170
Vpitka Luta,8,7,1206344
K Y O T O,8,40,1201020
Tigr Style,8,7,1193464
gul gabut,8,32,1149900
poseidon,8,30,1140006
TWB,8,93,1136374
Ragnarrok,8,66,1131117
Dont Run,8,3,1129987
Y TU CALLADO,8,6,1122880
HouseOfTargaryen0,8,85,1109213
w0w,8,73,1097915
LOnca01,8,13,1062971
TAXI SQUAD,8,25,1039610
Ritter,8,25,1034101
SaveMee,8,6,1023993
BLACK FURY,8,18,1021063
ROYALS007,8,69,1018410
Gang Albioni,8,13,1003974
The FreeAlbion,8,67,996947
POLARIS,8,5,972620
HERO-INFERNALS,8,24,951779
BIG BOSS,8,7,942756
The Crown of Thorns,8,2,930546
SEA DEVILS,8,34,903125
GreenEmpire,8,42,897735
GRIM HOST,8,37,893181
DAYBREAK,8,13,891091
PODPIVASERY,8,23,890182
Akermans,8,6,887206
Omotenashi,8,5,873507
The storm in the glass,8,20,862347
UMBRELLA-T1,8,24,850231
The homeless,8,54,847550
The world of king,8,16,822403
322_FISTING_322,8,19,805285
Faze,8,15,798332
Patitos mugrosos,8,30,797885
anton stoy,8,5,797081
Elfen Lied,8,31,792130
Aurora Onirica,8,44,791280
Hiki zadrot,8,11,789416
Dynasty Genesis,8,4,788922
The Last of Our Kind,8,4,788336
Anna-My-Beloved,8,8,775955
All Saints,8,23,769196
war elephants RU,8,10,765195
GODS OF WAR,8,38,762652
High Quality Chambers,8,24,757920
ARMY_FARMED,8,43,754045
The Blue Oyster,8,32,749077
Hijos De La Sombra,8,14,746461
Two Headed Serpent,8,21,739161
Bloodbound Covenant,8,3,737309
THE ASCENDED,8,10,728792
BANDIT GROM,8,10,728679
Endless Nightmare,8,23,725182
no Risk no Fun,8,11,722801
Blooodlust,8,29,720876
slh,8,15,716534
Public Security Bureau,8,15,709693
Blood cloud,8,14,704365
ATB SLONI,8,1,701919
Phenix,8,18,698658
DrogyBoss,8,1,697440
Finglis,8,1,696473
THE ABYSS,8,23,689133
Les Emissaires,8,1,685517
Y A I C A,8,11,677472
Murlocs,8,14,669235
Children of Aspects,8,19,660231
Lucifers Hotel,8,31,655211
Ibuprofen Chapter,8,5,653354
Ludomani,8,18,645516
BEAR brothers PL,8,10,643673
PROkladka,8,12,642260
Kill Again,8,46,640063
Smerti,8,18,638543
TAI,8,15,634210
ChillPPL,8,0,625380
Eurocalvos,8,20,621167
MIGUELOVERS,8,18,615272
The Battle Brothers,8,8,614150
Evils Eyes,8,8,611814
MAGA SIAI,8,3,600092
Bushrangers,8,16,593142
General Pests,8,34,586234
CAERLE0N POLICE,8,3,579129
Lyja MegaReborn,8,19,578929
Kurd Boys,8,34,576298
so bad day,8,0,570687
Knights Legionnaires,8,34,567481
MergeConflict,8,10,539678
Monkey Zoo,8,22,521216
Gryffondor,8,8,519326
Exile,8,10,518946
legio tenebrarum,8,42,496633
CHILDER OF THE SUN,8,36,480404
fuckyourmum,8,5,479217
Raptors X,8,58,473321
OnePieceLtd,8,15,460708
Albion__Family,8,20,457099
ABOB,8,12,421405
chill NGS,8,3,418862
xxE L D E R G A R Dxx,8,19,416985
Svin Empire,8,2,412465
WANDERING RIB,8,3,412040
La Taverne de Martlock,8,18,403448
FIX THIS FUCKING GAME,8,5,398751
DL Cult Danilki,8,25,390172
MYDLINIARZE,8,5,386030
D0GMA,8,11,383930
ShaDowLands,8,22,363938
Merihk,8,3,357761
Pls Be Racist,8,2,354093
ARSLANLAR,8,9,352455
CONK BAYIRI,8,22,351660
Schadenfreude,8,26,350645
Egypt-elta3mya,8,17,345476
DragonDildo,8,1,344708
Teletrubbies,8,9,335265
A-N-T-A-R-E-S,8,12,331138
2xDanger,8,17,320385
delete chillhowl union,8,0,312964
Nevermind,8,17,308982
FISH CLUB,8,0,285402
island 100,8,28,285131
DRACO_SANGUINEUS,8,22,283718
Kyrgyzstan,8,29,283258
Gay_Party,8,8,282740
ElCholoVerso,8,1,278358
Solsii,8,24,237957
Bad Ending,8,3,233504
ENOUGH TO JUDGE LOW PLAYERS,8,7,228189
Black Omen,8,20,227189
KPR,8,1,220800
alwayseverywhere,8,2,213552
Happy Hour,8,6,198247
GANG BANG MZFK,8,9,194523
EyBro,8,2,184503
Shadows of Glory,8,23,181022
Coldentry,8,0,179324
Zero Mercy Gold,8,4,175571
CAPSIZLAR,8,8,165236
Blacklist Enjoyers,8,9,156331
HDMI,8,7,156288
CAPRUK,8,1,147069
L7AYMAT,8,27,140989
mesto smerti,8,8,130323
la banda,8,13,122319
IS YOUR DAD,8,1,112393
NO TRASH,8,15,101610
Turkish Cleaning Service,7,0,4433061
Disbander,7,6,3576445
B O M B E R M A N,7,4,3307973
Iron Legion FTG,7,69,2467587
BLYA DAVAI,7,8,2390528
Dolce Gabbana,7,38,2199400
Eternal Phantom,7,3,1949922
ocmami,7,1,1935400
RatKill,7,3,1883969
Velha Guarda,7,11,1789198
BOO,7,19,1704182
FABRIKA,7,24,1597570
Witcher Lair,7,7,1565229
Crowned Ganker,7,4,1544814
PuNiSHeRS,7,12,1440057
CBALOON,7,4,1414740
Smieciarze,7,17,1398350
Hunt1,7,15,1383254
KABYH,7,12,1358879
Just_me,7,29,1358260
En Slibard ou Rien,7,43,1354124
inwalidzi,7,2,1343816
Drakarys,7,13,1324004
BLIK,7,26,1282188
ROVALOR,7,52,1280797
Russian fighters,7,79,1280755
GREEK GODS,7,67,1265427
Standby,7,11,1263783
Death in poverty,7,76,1194927
Xx_Hunters_xX,7,39,1169635
GoldenCocks,7,7,1158707
Remember Me,7,59,1157666
mexican,7,5,1151134
Cute Gawkers,7,25,1104150
Best Laid Plans,7,11,1102919
Liberty,7,16,1090846
Order of Saint Lazarus,7,23,1057669
BLOODRISE,7,84,1043661
Arab_ Avengers,7,33,1036967
Imperion,7,31,1022800
Golden Mist,7,3,1014317
KILOS DOOM,7,53,1009907
Aggrocalypse,7,13,1006948
The White Peak,7,18,1004935
KIRKIFICANTION,7,5,1004015
Saber Tooth,7,25,994690
BLACKCASTLE,7,41,975247
foxx,7,52,971117
Nicerealm,7,1,970188
Mercenarii,7,18,950251
BDSM EROTICA,7,40,945681
Lifteds by Darkness,7,24,909084
GRUP YORUM,7,10,897396
VHOOSPG,7,22,871491
Lemme Guess,7,9,843832
HobieHorsers,7,30,841964
Win Condition,7,11,839146
Legion of Steel,7,35,834650
quttro495Pityx,7,11,824162
BLACK SUMMER,7,57,811414
The last King,7,8,801645
OnW,7,30,794943
Rilyniara,7,14,773757
H A T R E D,7,6,770819
We Love Kittens,7,5,769824
Nokern,7,17,769616
GA THE ENGAGE,7,13,760681
Fairy Tail,7,48,743627
Curve,7,11,739343
Los GatosS,7,7,736452
XSNDX,7,20,729744
Blacksheald,7,19,720689
persian gulf,7,19,710463
33meow,7,31,710231
Destined For Glory,7,9,710100
javaditoor ARMY,7,40,701528
Billi,7,58,700624
Handlarns Pripps 35,7,20,695994
SINSHADE,7,47,695139
AWHAM,7,38,683120
SECOND SUN,7,17,672898
ARMatyra,7,17,665868
LoOL-Egypt,7,44,658940
Legio Septentrionalis,7,3,650474
Aylaklar,7,19,649012
iBulgaria,7,10,647878
Mythic Slayers,7,15,627588
Chertog,7,20,627271
Nyx Cat,7,1,616907
F R I E N D L Y,7,1,616223
CORPO,7,23,610751
AntiMoros,7,13,605969
Kafirler,7,4,601779
Grosse Reflexion,7,12,596012
rak,7,43,591688
Maxi Guilde,7,4,588475
The Last Fall,7,9,587615
S A P P H I R E,7,12,587031
Dark Horns,7,24,585532
BeStTrAdErS,7,7,583631
EzRat,7,4,581071
MAZATHAKY,7,11,571115
Team Spirts,7,23,570080
Valuej,7,3,561838
Farmer Team Squad,7,34,559573
xxXHotXxx,7,10,545918
Trash Tier Tryhards,7,8,542435
SErfu,7,10,540540
Amadeus,7,12,537517
Himero,7,11,537412
Serpentarium,7,6,536379
OTECHESVO_co_op,7,57,531942
N0Mercy,7,28,528382
CRYSTAL BATTLE EAGLE,7,28,527248
LND,7,3,524427
MORWAY,7,16,516646
Drochialo,7,8,514829
FAKE ENGAGE,7,8,511073
D E A T H C O R E,7,17,505169
Der Poebel,7,19,503254
All LEE BAL,7,14,501868
BadgirlS,7,17,501010
recruit penguin,7,12,497538
Fascist Albion Party,7,1,492244
JPK CLUB,7,34,489272
Fall Send,7,2,488372
The-Phantom-Troupe,7,3,487203
We Rising,7,10,486791
GejBuljasi,7,17,482646
Kozaky Sichi,7,35,481065
Reset,7,11,479957
Tier 9,7,34,474877
B I Z O N,7,16,468508
OniFans,7,14,466904
Hamsters and Farmers,7,15,465307
Astral Keepers,7,8,459320
Mitro Gang,7,20,459235
Frosty,7,5,452518
Trigedakru,7,12,451483
Gloria mundi,7,17,445327
Iron Ridge,7,14,444602
YOURE GODDAMN RIGHT,7,6,443604
Xyec0cbl,7,4,443217
ALA DEL IMPERIO,7,8,441474
POPULARIS,7,7,440294
Shadow Corp,7,10,423840
NAriK,7,4,411754
Pick Pocket,7,3,410629
Dalbajobs,7,10,408777
Siodma Grupa Inwalidzka,7,4,408169
OHMEGA,7,16,394967
EREDI-DELL-OSCURITA,7,21,385323
Mysleniczanka,7,16,378749
MONKEYS STRONG TOGETHER,7,12,377823
LUMBRIDGE,7,5,371696
Shadows of Ashenvale,7,10,367665
LES CONQUERORS,7,14,357802
ramy00000,7,11,350508
steppe cross,7,13,345880
Duzenli Ordu,7,9,339961
Silberphoenix,7,5,325190
Autopsie,7,2,320387
the ruined ones,7,19,320328
Na Bombach,7,5,308213
JESUS CHRIST is RISEN,7,0,300412
night hunter,7,7,299354
Echoes of Souls,7,18,299161
Last Exit,7,2,291587
FlexA1r,7,18,288303
PiggyWiggy,7,9,282490
say my names,7,1,275370
Les ZinZinKs,7,10,274293
Smile until the end,7,28,260372
GangWiewiura,7,10,259271
Gemp,7,12,244854
Hermit magician,7,6,244821
Bard Boyz,7,15,242591
Road Block,7,1,228719
Nebesnyye Khraniteli,7,12,223069
Prey hunters,7,16,222286
SvinLand,7,16,222216
B_O_M_JIL_U,7,9,216735
YOUTUBE Uksusland,7,14,212764
LDST,7,9,208036
Hay Aq,7,12,203092
PzD,7,1,199416
MELITA,7,20,197453
Glory to Lucifer,7,18,184816
The Monkey Leaguer,7,5,179773
ZergOpsVoyage,7,14,175246
Sixseven,7,4,171404
Holy Ore,7,0,170224
HIPOXIA,7,8,163612
Skull and Bones,7,14,145136
ARCHn2,7,25,143888
SUETOLOGY,7,15,143734
OUR KINGDOM,7,4,119417
Main Noir,7,8,119032
Grizzly Hunters,7,0,117001
PerryThePlatypus,7,0,104954
ANTI Z0V,7,2,97502
Nachtklinge,7,16,95480
Russia Halal,7,14,89886
XII,7,5,84743
huaweyybombay,7,20,83725
Leagion of Light,6,14,3498201
DontHateMe,6,7,3395887
AAAAAAAAAAAAA,6,3,2665554
TkillaBoom,6,14,2644605
RPG_Gang,6,5,2589800
ZaveyT,6,2,2466147
GAZers,6,1,2137054
Gold Chest party,6,7,2063929
Allah knows better,6,1,1968986
Arek z emerytury,6,1,1966651
Patrick Norris,6,4,1964984
PALADIN MENTAL,6,12,1858851
4444,6,3,1855449
Strefa Grubego Boju,6,24,1847089
Baby king,6,2,1800680
DGL Elite knight,6,38,1784429
techis mina min,6,2,1750587
fk u,6,5,1714458
D O T H R A K I,6,16,1627614
PVE Thetford,6,9,1583525
Drain_Gang,6,7,1549751
GODS-OF-FOMENS,6,9,1526477
Steel and Flame,6,28,1485224
MeowIMeow,6,23,1450780
Broke Ass Bitches PL,6,7,1424553
TURKISH_AIRLINES,6,91,1396169
Special Olympics,6,11,1383810
Deep Rock Inc,6,3,1364359
MIDNIGHT WOOD,6,73,1349899
KillXam,6,26,1344846
WALK THE TALK,6,18,1311151
Jungle Special,6,7,1304501
Bestest Island,6,4,1304436
LSTR,6,7,1277308
Psychotic Overcharge,6,18,1277139
Alleanza,6,42,1235087
TGD,6,12,1211189
Masters Of Thieft,6,11,1211185
Hellbull,6,15,1201763
BuggerS,6,6,1195989
Solo Leve1ing,6,19,1166103
BEHIND YOU,6,12,1137688
Avangarda,6,41,1137309
A N G M A R,6,12,1130401
Full Rage,6,5,1116791
Iron Forest,6,11,1079730
Divine Justice,6,17,1049892
D Panas,6,52,1030921
Drunken Donkeys,6,11,1028902
Grimborn,6,13,1017236
Barbarians,6,24,1016083
ohckohniki,6,42,1008983
LaIish,6,10,1007778
War Legend,6,7,987095
PIXIES,6,22,980139
B888OP 777,6,19,972550
LIGHT OF ROBLOX,6,7,971119
WINLAND,6,48,964753
CEKC CO CTAPUKAMU,6,5,963066
LA SANTA TRINIDAD,6,9,954025
NeverLucky,6,47,953406
Ordo Solis,6,25,940574
Odyssea,6,16,931647
OTAG,6,27,931007
WalkThem Reborn,6,13,927190
REPANTXITOS,6,2,915351
HALLI APTYPUK CYKU,6,6,910902
270725,6,1,889736
Too Many Questions,6,21,888605
Wanderfalken,6,20,856848
Eath of Exile,6,11,856346
FigurA,6,25,851673
Fire Nation,6,9,834116
Twin Dragons,6,11,832894
SPAUN,6,19,822904
old6,6,4,819061
WojBody,6,16,816343
Into The Void,6,1,805328
Blue Zone Warriors,6,17,803951
High IP Low IQ,6,28,796665
shadows of the gloomy moon,6,28,789480
FanPaty,6,9,777871
Quit Thinking,6,11,775815
Los Leones,6,28,767358
Remeslo,6,44,764025
Solo L3veling,6,32,763974
Special Snowflakes,6,5,753896
Steppe of Wolves,6,41,752008
ATAK,6,8,749004
Dahre,6,39,748233
pettel,6,15,734612
IVAN,6,22,731248
ReDMooN3,6,51,730851
ZIO LIVIO ARMY,6,31,726387
come 2 suck,6,7,725463
Chafing The Nightmare,6,1,720012
SnavvAsylum,6,11,712326
HouseOfTargaryen,6,23,710181
NET PROBLEM,6,14,703015
Angel Cartel,6,15,701003
DangerZone,6,17,689870
ManoWaR,6,23,687793
Just1ce,6,11,687302
The-Boyz,6,21,687135
Fluctuat Nec Mergitur,6,12,678114
Ramazan Tayfa,6,18,674537
Make Poland Great Again,6,0,670386
Tough guys,6,19,659132
Barbarians from Russia,6,11,658649
MIND,6,41,652788
The beggers,6,20,649824
soldiers of JP2,6,18,648214
Samsara Dynasty,6,55,647254
LegendaNukatakaThere,6,9,640295
Valor,6,53,637193
Ruling,6,5,629624
Ellipsis,6,5,628747
league night butterflies,6,13,626269
Under The Sun,6,12,611419
The Tarnished,6,6,597629
Alta lacra,6,27,597555
B0MBIARZE,6,1,586523
Oscuri Servitori Di LadyBimba,6,20,583618
Hydra corp,6,1,582102
Gankistan Elite,6,4,580402
Mystical Warriors,6,20,576603
GNOY SQUAD,6,0,571722
H3R3CTOS COM3BACK,6,4,567449
KAFKASYALI,6,10,563458
Ministry of Rat Affairs,6,8,550480
Atreya,6,16,547240
Happy_Friends,6,43,543642
SOUL OF SOCIETY,6,20,541696
Recios,6,15,540829
P R E D A T O R S,6,24,540651
BEYOND ETERNITY,6,13,539007
KOHTPAKT HA CBO,6,1,537632
KAYI,6,15,537305
Bloodwatch,6,24,533323
Zamok If,6,5,531369
Beer Company,6,8,529533
stoneistheking,6,0,528343
DYSTRYBUTOR,6,3,524879
Order of the Bloodmoon,6,16,523303
Check-Mate,6,15,521788
Cazadore,6,23,509070
alvins,6,14,509012
over-charge,6,11,502397
Mugen Kuryu,6,4,500949
Beloved,6,1,496535
Runtz x Gelato,6,4,490313
ex4s,6,23,489751
LAYNG CASTLE,6,18,487868
SkufinoVibes,6,12,484412
Le Clan Du Dragon,6,59,480098
THE RADICALS,6,29,479967
Fist Oncoming,6,11,478270
Solnishki,6,4,476986
GrishaLox_RMT,6,2,463953
MASSIVE WALLETS,6,5,459856
Pure AdrenaLINE,6,10,458597
Northern Ways Company,6,9,453545
Veni Vidi Pizza,6,10,452013
bipbip,6,0,445274
AIbion Online,6,1,444296
Enchantment of Infinity,6,45,442149
Trash portal,6,37,442110
0000 Gero,6,21,436324
Mindless,6,17,433242
akraman1,6,7,431243
DOLBOEBIKI,6,2,429483
Rennzy,6,9,429442
Ascendance,6,8,427954
LOS LOLOS,6,18,427168
Guard Javidan,6,31,421007
Revolutionaries,6,28,413635
Knights of the North,6,24,412802
Restricted,6,0,412110
monkeydungeon,6,16,406319
GhoulRankSSS,6,6,388603
DeusVultEXE,6,10,387892
Grrrrrrrrrrrrrrrrr,6,20,386571
Gubernators,6,16,382842
MADEINHELL,6,5,382270
The Knave,6,22,375329
Sacred Beasts,6,27,374216
HlGERLAND,6,9,374009
TOL IN BOCA,6,8,371892
DarkSHadow,6,19,369488
Chevalier Du Christ,6,5,367457
CatchYourLuck,6,15,364512
Milkomeda,6,6,362303
braterstwo wiecznego buszenia,6,0,353690
orden S P A R T A,6,26,349630
Sand Raiders,6,9,349545
Candy Ve Kendi,6,8,345366
Echoes of Silence,6,2,342837
Zganks,6,5,337701
Vanguardz,6,10,329160
The Ronins,6,23,328610
InfinityMisery,6,14,323725
EFX,6,4,322445
420 VICIO,6,22,318605
TURK _BOZKURTLAR,6,26,313837
Luminar Knights,6,3,312195
GucciEmpire,6,38,302327
Tarlos,6,4,301693
P E A K,6,32,298790
OMEGA PENTO,6,11,297961
Hueter des Waldes,6,8,296323
dive club,6,6,293679
Misclick Mafia,6,25,293562
can i pet that dawg,6,4,290872
BMW228,6,5,290443
Hightree Steep Gankers,6,11,285403
MountAndRun,6,0,272615
Sans Argent,6,1,271290
ravager,6,5,269090
Ambatublow,6,4,258488
Wydzial DS NIeletnich PK,6,6,256562
QuZeNS,6,2,256125
Sons Of Tangra,6,1,252394
The Dark Road,6,6,252351
SweetPie,6,8,249924
SPELUNA,6,10,249097
Lamnamteam,6,6,246747
AshmaRK,6,20,243079
The_Legends,6,22,241974
Les Cons Voyeurs,6,6,240331
TheTrueYggdrasil,6,9,237486
Steak Tartare,6,12,234067
ALL EYES ON ME,6,11,233029
FOREST TEAM,6,12,232481
Homie,6,5,232198
PuB,6,4,227967
Resonance,6,3,226126
Roaming Laborers I,6,5,221350
Jari,6,15,220295
Dark Crusaders,6,36,203848
AlbionHub,6,4,198711
xxxparadox,6,7,192772
The Criminal,6,10,191703
WAAAAGHHHH,6,4,188634
Death Row,6,6,186558
LALADINY,6,2,174231
Bloody Drunkards,6,12,170682
ROBLOX BIKIN GOBLOX,6,2,165615
GuildPotato1702,6,11,162876
NAP Red Zone,6,3,161970
The Green Dragon Inn,6,9,161232
THE BEAVERS,6,7,144998
Life Is Pain,6,10,144756
VivaLaVida,6,2,143802
CzeCo,6,6,136742
Lemon4ello,6,6,127729
ONEO,6,7,124796
ATAUD-NEGRO,6,8,124366
Vikingr,6,9,109822
NeoGoldenKingdom,6,4,106235
Gachi Boys,6,1,105472
RXD,6,4,103980
Rise of Kifliveg,6,5,99534
hamers,6,2,87081
Crazy Killers,6,7,86835
Howling Abyss,6,12,86392
Death-bombers,6,10,65176
Tokusentai,6,12,51571
Febites Opavun,6,8,23209
Hydra Company,6,1,13370
Escalation,5,23,12401560
NIGGITO NEMO,5,6,5135390
Eagle Team,5,37,5089057
Dogs Slayers,5,17,4888174
120 SPEC MENTALITY,5,5,4571191
122,5,3,4478643
MmmmhViande,5,9,2770878
the best player 1,5,3,2642339
Gods Alike,5,26,2545588
HUN_maKrelak,5,32,2517799
Runnnn,5,1,2401771
Acolyte tripped me,5,25,2141937
SottoAlPontos,5,21,2062648
Oops We Wipe,5,25,1883724
ya sosal,5,4,1869383
Ggang,5,37,1856510
Titanfall Order,5,16,1849355
Arcane Dominion,5,16,1650870
EL BANDITOS LA RYBNIKOS,5,18,1611821
The Scarlet Order,5,61,1604604
NePapaoutai,5,3,1438390
CHEAP CRAFT LYMHURST,5,62,1413099
Blackorchid,5,104,1386075
FishermenPolice,5,5,1376703
asdjaw,5,2,1346262
Avadang,5,8,1338760
Dragon Lair,5,56,1227890
Sisechki,5,19,1198074
Hollyworld,5,45,1194133
Dreadfall,5,9,1175631
U L T R A M A R,5,4,1161071
The Billionaires Club,5,7,1124677
Tears of Angels,5,19,1122515
Sundanesee,5,27,1117095
Crescent,5,0,1110920
IMPERIAL PERSIA,5,34,1104095
FOUR-LEAF__ClOVER,5,53,1087084
SmallGroupTactics,5,23,1078045
APOYU SIKENLER,5,12,1073186
County of Poland,5,25,1052575
RICH,5,19,1015829
not great not terrible,5,9,1004578
CheckMatee,5,33,1002394
Bladefury,5,4,993878
Gaudi,5,8,967014
CMETEHuE,5,5,956549
Ordin bleska,5,138,953016
Cossacks,5,11,951693
Rising Stars,5,31,927972
Golden Trail,5,4,925427
DARK KNIGHT,5,18,920476
Little Cold Hands,5,12,914551
Hungarian Economy,5,14,907456
SKIP TO BOSS,5,11,886381
Way Of Kings,5,28,880051
1488REDAN52FEMBOY67ZXC1000-7,5,21,878223
Something unique,5,21,873711
Rappelz,5,25,847454
Gank Idama,5,36,845584
Luck Of Infinity,5,8,842524
RITUAL,5,26,842148
SHEN ADDICTED,5,12,841786
Kushido,5,63,831721
Arcadis,5,8,829451
Vienna,5,13,825145
Out_of_Control,5,18,813637
GOKTURK ORDASI,5,16,811880
Etoile,5,11,811662
Wipe or Die,5,10,807076
kein entkommen,5,16,799681
Together Alone,5,13,792891
Lancelot,5,43,771688
SEVEN,5,20,752473
Bears Beer,5,14,743739
pivovaru,5,5,741163
Dogged Votary,5,11,736176
Eclipse of Eternity,5,42,729328
Shilence,5,13,729147
MAD,5,18,725345
Sex and FIeks,5,19,717130
LoremIpsum,5,11,694966
Will O Wisp,5,44,690873
Skinwalkers,5,8,684780
Black Aura Imperium,5,17,679738
Tukiye,5,30,673317
Shadows of Eternity,5,54,665951
Make_More_Time,5,7,663115
Bad killer,5,5,659071
Im mad bro,5,5,658997
The Wealthy Crown,5,4,657475
Shadow Blade EGY,5,24,648289
OKFarmers,5,27,648288
The Cycle of Life,5,19,641079
SHYVA,5,4,634268
Altaris,5,38,632804
Warriors of Avalon,5,35,629677
Nurture,5,46,618735
Quajadisimo,5,9,617461
HellFlame,5,9,616540
Dark of the elves,5,31,615692
DEEPSAUSE,5,7,614103
Edge Harbor,5,13,610808
Deadly Fenix,5,42,607040
Silent Hill,5,1,603682
Noctura,5,6,596727
INNEFFABLE,5,20,596361
P L S - D i s M o u n t,5,8,590695
Hyi_Bysh,5,15,590622
Clan-Z,5,5,589254
Deutsche freunde,5,14,585169
BaBa TeK,5,25,581952
NEVER GONNA GIVE YOU UP,5,27,580562
SEX_and_CASH,5,17,574788
ST Requiem,5,1,572874
707,5,6,572284
BEZDNA BOMJEY,5,7,570998
ProGenie,5,16,569136
BsB,5,27,568739
HELL GATE,5,24,565547
Merienda con dragones,5,25,562930
Black Ship,5,57,558955
Smocza Piesn Chaosu,5,12,558949
The Blood Alliance,5,21,547329
Pistawetya,5,63,546815
Banana Paradise,5,10,541342
Kroist,5,2,539851
Gong Bangers,5,23,537372
Plebania,5,18,532011
HappyFamily,5,36,529800
Gaulgauda,5,14,528986
Chillorum Ordo,5,23,526390
Imperio latino,5,19,523553
KnightfallLegion,5,11,522236
sobaka ti kuda,5,8,519144
EWGGAwv3wgvEr,5,0,518639
Arcanist,5,17,517903
La Masa,5,36,517421
TIMARLI SIPAHILER,5,26,515070
One Orange Braincell,5,1,512619
family ben,5,6,512405
Avalon Terrorists,5,1,508466
STRADA,5,12,504850
Sinapol,5,15,499643
Risen Heirs,5,21,499468
Northwind,5,22,487816
Monkey C Monkey DO,5,28,487686
Guild Herald,5,15,485702
KING OF PORTAL,5,24,483416
ROLAYZ,5,7,477958
SolalA,5,14,476621
Goyim Island,5,3,472871
A-N-G,5,20,469731
Persian Avengers,5,40,468446
Axes n Taxes,5,3,464565
Pelmen1,5,26,462593
Ostatnie Ognisko,5,8,455302
Zone 4 Fame,5,12,453478
M A T X EM,5,2,451150
Milanesa,5,27,445614
Solo Leveling,5,2,441378
Lizard,5,6,439866
L0L,5,5,423556
NO GODS,5,5,422524
S 1 L E N T,5,11,422183
The beggars,5,5,417838
COSTANTIN,5,7,417541
Netflix and Chill,5,1,411752
Keep Calm,5,13,405969
Eternal-Dawn,5,18,405763
B Y E,5,2,405527
The vale,5,20,405268
We Smack You,5,35,402265
StaVroS,5,49,398939
Oathblade,5,12,398161
Shadow Kraken,5,20,393375
KingOfCoteli,5,6,393282
EliteSeven,5,7,387904
Son of the Sun,5,8,386381
Frog Walkers,5,1,384978
Trampolina,5,8,383469
Constellation of Dragons,5,4,383263
ZAUA,5,2,375381
Suprise Mother Fker,5,0,373919
Misericorde,5,13,373279
Los Chungitos,5,2,373117
White DRAGONS,5,10,373105
ARAB sd,5,18,372494
SANGRE x SANGRE,5,20,371466
Triskilion,5,23,370806
HELLS BELLS,5,5,369961
Children90,5,7,369804
Elden Vanguard,5,26,367520
Haunted Mammoth,5,9,364705
OTSOSUZAL9M,5,10,364428
NoHands,5,19,364311
LordDemons,5,25,362965
GUN_Doni,5,5,362070
Ahirenjoyers,5,1,361419
TIME FOR JUSTICE,5,4,355183
RosBiShAkI,5,27,354826
Quartel,5,9,352541
star of fair V2,5,9,350012
STaarKS,5,31,348359
Totally Safe,5,1,347102
SAY HELLO TO MY LITTLE FRIEND,5,29,346764
Covenant,5,8,345984
PingacheK,5,2,343392
xdxd,5,9,341160
MALEVOLENT,5,5,341052
Adeptus Astardes,5,6,340181
Raven Guardians,5,5,337560
x1xSOLOx1x,5,6,333145
INTERNAL PARADISE,5,10,332943
DARK-SIDE,5,17,325577
rejemshlux,5,0,324295
Day to Die,5,20,323905
Cobra King,5,6,318654
Winx Club Fan Club,5,13,313711
SexBeer,5,3,313623
SLVER CITY,5,14,312199
Quality Assurance,5,7,311682
CXC,5,2,311058
SCOOFS,5,4,308048
Angry_Farmers,5,11,305364
The Meatballs,5,5,304751
CertifitedRacist,5,19,304204
gatherers hub,5,6,304198
Sweetroll,5,4,303834
HEREDEROS DE LA NOCHE,5,9,302797
Royal MaMMoths,5,7,300532
The French Blades,5,14,299055
A r e H T bl_A B A JL o H A,5,5,297536
Amlasma,5,22,297465
glory_hole,5,11,297362
Pepsi Generation,5,4,295782
The Holy Order of Vlardisians,5,10,295510
Gordadictos,5,4,294376
Kaijus Awoken,5,5,293504
EnHa,5,2,292546
CMEMCb,5,30,289157
Outland Castle,5,28,288870
REMEMBERME,5,9,286258
Arbeitsamt Limited,5,11,286060
Infinity Exile,5,12,285745
Cu4tro Santas,5,4,284039
The Oath of Light,5,15,283540
Wild wolves k,5,5,279060
ChudHaven,5,19,273283
Gatherers of the North-West,5,6,262884
Bozkurt Legacy,5,27,256222
IMPERIO NOXUS,5,3,255511
Bezdna Zovet No My Poeli,5,13,255436
The Noblesse God,5,21,254738
PEHTOPbl,5,2,251293
TurkishEmpire,5,2,251000
Greatest,5,2,249083
METAL lEGION,5,11,247965
B I R A K T I M,5,2,237194
LakasaDePape,5,22,236697
KulaOdStakla,5,7,236228
The Homeless God,5,8,232112
The 69th Dragons,5,12,231761
United Cearloen Faction,5,10,231449
Mongoloids,5,7,230303
Pandos Commandos,5,15,230180
new places,5,1,228948
EXITS,5,16,225095
hate my ping,5,5,222270
Rakuzan67,5,4,221938
LICH KING,5,12,219853
ANCIENT DEVILS,5,3,219287
Holy Rats,5,12,218968
Gnomeland Security,5,2,218203
Ljaych Lmalaki,5,7,207230
RUSSOREZ 4308,5,1,206440
Solar Protectors,5,4,204972
DMA,5,4,203598
Mind If I Roll Need,5,3,202560
Mravhast,5,3,201744
COHLLE,5,6,194265
Narykawnic,5,3,191480
Cruces_Aureae,5,8,190749
Final Breath,5,4,190495
Scourge,5,2,189306
Easy Profit Reborn,5,5,189063
Penetration Reborn,5,3,186159
Compens Industries,5,16,184452
EnotLand,5,1,184233
Squad Fury,5,2,180699
BIIRI,5,12,177513
GaHiTsU,5,12,177390
TARUMAR,5,7,175302
dinasty,5,16,173645
Immortality Sect,5,13,169584
Farmia,5,2,168045
Gank For Life,5,28,167741
Night Reavers,5,12,164749
Complete idiots,5,18,162058
ONE MAN SQUAD,5,1,160883
Hammer Industries,5,6,160829
Centaurus Proxima,5,7,158979
Bractwo Brzasku Dnia,5,4,156848
Alt F 4,5,2,156035
KURTLAR _GELiYOR,5,4,151297
DAI DZYGAR,5,4,150716
Dark kingdom chaos,5,12,149425
KST,5,8,146979
Fairy_Tail,5,5,142567
Win_of_Pain,5,6,141781
M80,5,1,140532
Draconian Harvesters,5,7,124132
POHH POHH,5,9,123627
KURDISH GODS,5,6,123147
SC Rats,5,9,119174
Iron Company,5,2,118212
NE YHbIBaiTe nacaHbI,5,8,117614
High-Toned,5,11,107971
They Have No Spec or Gear,5,0,99664
BAKU,5,12,97827
DRUZYNA MOCNEGO PIERDOLNIECIA,5,1,96811
ForForever,5,3,92405
KISKOBOL,5,0,90562
Rex,5,2,72570
Edgeville,5,2,72369
EBATELI SOBAK,5,4,68182
Disbando,5,8,68037
HouseStark,5,3,63693
300 IRON,5,8,61122
Blood Wolf,5,30,60776
Pruty_tak,5,7,54147
guardian knighte,5,3,45512
SCHOOLSHOOTING,5,1,35192
Kolotripides,5,2,34371
Loverboys,5,2,31216
Ava10Men,4,5,6301131
Velnio Akmenys,4,7,4058346
ColdHearted,4,18,2842854
The Crimson F0xes,4,23,2678791
King Cobra,4,2,2646905
S H I B A R I,4,4,2328557
Static Hell,4,4,2265921
Keep Winning,4,12,2209314
Hanamura,4,0,2147959
2026-07-06,4,8,1980202
Asianumber1,4,1,1942840
rat and cat,4,2,1845740
lokkers,4,3,1807422
Hogs Riders,4,58,1806813
Death Dealers Club,4,92,1797271
Disban,4,10,1770175
LASTKING,4,14,1685965
Heat,4,3,1570038
ProEko,4,21,1464285
nononon,4,3,1436464
The Silver Dragon,4,55,1411297
Fuego Griego,4,26,1377570
DURIN,4,37,1370521
Michelin,4,2,1360746
FASADCHEKI,4,33,1326299
M O N A R C H,4,21,1320647
Bonebenders,4,27,1287704
Grods Family,4,12,1279837
Win4esteR,4,8,1257059
User Error,4,15,1244091
I Euphoria I,4,1,1239752
road kitties,4,12,1196452
AMAKADOS,4,7,1193821
A-tripleS,4,48,1153016
POTATO PRIME,4,10,1144163
onetyty,4,2,1121641
Jus interdit,4,8,1116361
Ashan,4,2,1106380
K O Z I N A K,4,5,1084949
Fishionary,4,12,1070280
Collapse,4,1,1068856
W1ZARD,4,7,1067167
ForGaa,4,40,1059261
NO HUMAN,4,26,1011956
New-Era,4,11,993326
K I Z Y A K I,4,6,978875
PLQGGG,4,2,972901
GLI ASTEI,4,7,953092
PVE L0VERS,4,2,918458
Ego players,4,3,914376
Go Regear,4,17,908120
LODOS,4,5,904666
WE ARE CHARLIE KIRK,4,15,898800
Uber,4,11,867508
Deathnote,4,36,860543
N o va,4,25,858097
The Inn,4,5,845223
Defenders of the forest,4,30,837855
SILENT REIGNS,4,12,831656
Immortal Cats,4,10,819007
UZBEK PVE PVP,4,42,813569
AGARTHA Z,4,27,808589
CVK GANGER,4,21,802954
calming,4,13,801829
Purgatory,4,6,799836
DEMON OF BLOOD,4,49,793950
CHERVYACHKI,4,6,785184
R O C K S,4,14,783209
The Lonely Tower,4,6,780102
Old-School,4,17,768553
OnlyGather,4,29,755800
Rabbits in Pyjamas,4,27,745280
Eternal Citadel,4,17,729634
NOOBIES,4,32,707838
Middle-Earth,4,3,701466
Dobbi,4,31,698372
Los Ladrones,4,2,694584
Loot INC,4,15,677605
LOLLIPOP Guild,4,5,676417
UNIT X,4,19,671911
We Trade Loot,4,9,666203
Aquascutum,4,3,651665
KinG_GW,4,18,649925
INDIRKALDIRYAPISTIR,4,40,642601
Manisex,4,12,641524
Diablos,4,17,624167
LA LEGION SACREE,4,43,620628
La Moisson,4,21,619750
Lunar Specters,4,8,607646
KUKUX CLAN,4,29,607144
Make Koji Great Again,4,3,606519
No regrets,4,7,601339
Torpederna,4,2,601171
Beyond The World,4,19,600901
TeaChill,4,10,597833
Royal FIush,4,2,596211
LAST BOBER DANCE,4,20,585699
El Gremio,4,15,584374
HallOfWar,4,17,583251
Make By Ourself,4,6,580900
Toruk Makto,4,78,578815
Grimm Vangaurds,4,9,577215
Legion Gallega,4,14,574316
Lemmon Tree,4,10,573267
U N I T Y,4,1,573059
Google,4,5,572867
Awesome,4,15,572105
XFORCE,4,3,570832
FOFA,4,0,570687
Insanity,4,9,569323
The Haven,4,28,568179
Lymhurst United,4,22,565577
Paper Mental,4,8,563130
Impero,4,12,562126
Wolf Riders,4,2,561874
ZVZ monsters,4,2,560158
S i k i P e d i a,4,18,549739
Evolve,4,11,547320
FOR-ALL-BION,4,38,546875
FameSommelier,4,3,544799
Abyss watcherss,4,27,542360
La Legion Avalonnienne,4,12,539647
Shadow Company,4,12,538128
Ciucas,4,21,533483
kotu cocuk,4,3,524659
Bomb Sekai,4,2,524169
GIGANTICII,4,19,522666
MIAMI POGS,4,25,520095
Amdusias,4,4,518480
KAWAII UWU SENPAI HENTAI,4,0,517747
ILSOLO,4,18,516207
Brotherhood of the dark ravens,4,17,514902
Beyond Words,4,42,512716
kvanxo,4,3,510723
NamPoxuy,4,18,507121
Kuce Grazyny,4,19,505833
M E N T A L I T Y,4,2,505698
Requiem REQM,4,12,502177
GLD,4,25,499779
Venner,4,13,497654
HellsBomb,4,8,491819
GFarmers,4,18,488478
Hidup JOKOWI,4,6,488152
LYTAYA MAZUTA,4,4,484165
Gobeurs de Bourses,4,4,483753
V0ID,4,38,482713
Legioners,4,2,479711
impact Reborn,4,9,479322
Backstabbed,4,3,479054
SilverDragons,4,8,475826
NN_WON,4,44,473080
G1dra,4,43,467397
NorthKorea,4,28,466964
Monarch of Shadows,4,10,462366
Noise,4,20,461472
Winx_Club,4,10,455036
BlankSouls,4,11,452630
Bombordilo Crocodilo,4,6,447295
Bunda Lovers,4,1,445903
Volvo T25,4,11,444281
Jack Of No Trades,4,7,435807
NovicesGaming,4,25,429499
Royal Bloods,4,4,428340
Psycha Surfing,4,2,427893
GOLDEN_FACTORY,4,30,420744
Celtic,4,45,418850
QUIET WHIRLPOOL,4,13,417149
qualite,4,11,416762
Order of the Shadow,4,5,412765
R E N E G 4 D E,4,0,411994
Nexorium,4,7,411488
Der Eiserne Bund,4,21,410525
Pupsinb i Vupsinb,4,11,410086
B L E S S E D,4,5,408633
karapuziki,4,3,408416
Clash of Turkey,4,19,407862
CrowsBlack,4,11,407854
Lineage II,4,10,407753
Shinkai,4,17,407141
NIGHT TEMPLARS,4,4,405641
Final Clap,4,9,399799
THORN,4,40,399213
Ice Spirits,4,16,397724
Hell Chill,4,5,393327
NoNameR7,4,16,393071
Silent Noise,4,4,389888
Gateway to Heaven,4,24,385021
Saudi CarteL,4,6,384105
So de Mayo,4,11,383104
3AO POMAIIIKA,4,20,382739
I HUNTERS I,4,7,380059
QWIST,4,21,374607
Escort,4,14,374379
snus factory,4,3,373952
TURKI HUESOSI,4,2,373737
Make Thetfort Great Again,4,26,368841
Los Herectos,4,14,366532
Bozo Style,4,12,365894
Haimianbaobao,4,15,365518
BIRKAC KOTU ADAM,4,5,365248
Black Team,4,9,364220
Beer Cats,4,7,364173
RUN A WAY,4,2,363265
DEFLORATORS,4,6,362118
Insatiable Greed,4,19,357677
SEEN,4,9,356335
Constellations,4,10,355770
Persian Dominion,4,10,354286
Chosen,4,9,353409
NUBS HCE,4,8,353135
SheetsFrost,4,25,352656
pirates,4,42,350754
Crestfall Guard,4,3,350710
Fat Farmers,4,3,349019
Infinity,4,1,344363
Evergather,4,11,342103
ES H T B A K,4,28,338719
karapt,4,16,336016
Dead Poets Society,4,3,335251
Krugliki,4,17,333613
Arda,4,20,332460
The gang,4,11,332416
AdventureTM,4,12,332287
TheTitanfist,4,9,329307
SVINOPSI,4,5,329223
CAGANISSO,4,11,327739
Kingdom of Evil,4,12,327739
BoberLife,4,1,327722
El Huerto,4,5,324823
Daemmerbund,4,50,324739
NothingPersonal,4,6,324216
Two Piece Combo,4,1,324049
Sons of the swamp,4,20,323987
Royal Rejects,4,4,322350
The Avalonian Order,4,16,319508
Hyenas Company,4,4,317392
MATX EM,4,24,316261
Sexy Wolves,4,9,314962
Rent Due,4,3,314195
BadEnd,4,7,313820
Oh my god,4,15,306048
CONTAGION,4,22,304200
Ayaka,4,5,304099
Emperor children III legion,4,6,300584
MtR-121,4,17,299621
TUNOYOSI,4,8,299072
IMPERIA ZLA,4,31,298920
Tea Richard,4,2,298594
Avalon Collectors,4,29,296094
rat haters,4,4,295851
sudahlah,4,34,295280
Sweet Farmer,4,2,290766
J O B L E S S,4,3,289119
DOMINIO CARMESI,4,10,283691
Hat on the top,4,11,283396
xCAYIRMANYAKLARI,4,14,280889
DURILKI,4,2,280113
ACHERONS,4,43,279091
Glory Beer,4,10,277961
Wayseekers,4,13,277638
BETMO,4,2,276802
Divinites de la Nature,4,4,276747
The Russian World,4,7,276190
Knights of Abhorrence,4,6,275172
Rebel Bust,4,10,272713
Dingus,4,18,272665
Popro,4,13,270162
GAAAZ,4,0,269713
BombarBeer,4,19,269444
Epshtain guild,4,9,268907
MadskillBoys,4,21,265372
Elder Army,4,3,265284
KURTLAR KONSEYI,4,11,263683
Hemlock,4,0,262455
PISYA,4,5,261041
INFINITI,4,2,260617
North Blue,4,24,260295
GATHER LOOTERS,4,12,259119
CHVK-FORT,4,5,258495
DLZ,4,7,257900
Hemoglobin,4,18,257662
PRO,4,18,257415
I Took Your Loot,4,1,256451
ESCANOR_N1,4,33,254835
Please Speak Portuguese,4,0,252489
Dildo Sellers,4,9,251402
La Taberna de Martlock,4,6,250839
CREPE AU NUTELLA,4,4,249752
NiuNiuWG,4,11,249287
STONEBORN,4,11,248875
Kings Of Excitement,4,14,246494
SEMRUK,4,7,245679
The Pharoahs Chapter,4,17,244030
Tima_RakoV,4,14,243776
3M-JACKPOT,4,7,243145
Bivnoi_ad,4,8,242825
imas sto eura,4,13,240244
CarbonMonoxide,4,9,238746
kermitskindergarden,4,20,237241
BlueDragon,4,23,235373
BlueOrcs,4,9,232851
Magna Mater,4,4,232757
Fly In Hell,4,9,230286
Frenzy and Fury,4,22,229892
ryoug,4,0,229601
Shhh Cry Later,4,35,222630
PEPA GANGERS FAA,4,20,222398
Something Fishy,4,2,221313
The Red Fox,4,24,219255
ihategirls,4,4,218784
SaneDanes,4,15,217295
Gazoshnyki,4,2,216218
Take easy,4,2,212834
The library,4,5,211247
All-1n,4,14,209059
ANTE,4,4,208276
PodPivko,4,2,208244
Lanza de Draconia,4,5,207853
the players,4,7,207136
Ultramen bumi,4,1,206249
KOMUNIZM,4,5,205752
KINDER 90-X,4,12,205364
Wybitni,4,7,203437
NoBodyCanStopUs,4,1,200229
disrespects,4,19,199018
Grand Ghost,4,6,198117
Terror,4,13,198050
BALANS,4,18,196942
Olympus Zero,4,1,195641
StrongNOOBS,4,6,194836
oXoXoXoXo,4,4,191572
malarz mial racje,4,5,190055
kaamelotte,4,18,185663
rama of valandia,4,3,185054
ESMELILER,4,6,184777
JENNA ORTEGA,4,8,180289
Squall,4,15,179487
Qedmaglebi,4,8,175992
Plk,4,1,175605
OPG KABANI,4,3,172335
Dark Foxes,4,5,172137
Rush Gank,4,0,170748
RLR,4,2,165403
Silver Blood,4,1,163322
Desultory,4,8,162767
GRYPSERA,4,1,160143
TURKISTAN,4,7,159921
ST Sophia Cathedral,4,16,159039
Ze Aurara,4,3,159010
PENTAGRAM,4,28,156555
Statik KuKold,4,5,155772
Iron Guild,4,3,155239
BRONANS,4,26,154897
In the bininguing,4,12,154628
Blood Pacto,4,28,154327
Les Yeux jaunes,4,2,150807
Kangurular,4,1,150395
R4L,4,14,148992
xXSoul SociteyXx,4,5,148885
PAM,4,1,148760
Rododendron,4,0,147454
oowoof,4,5,145723
Krwawy Legion,4,20,145142
Flexing Gypsies,4,3,143909
SHADOW MONARCHY,4,16,143479
Chromosomes,4,2,138339
xxzawiaxx,4,0,134700
The Clerks,4,2,133376
H_guard,4,6,133320
ALCATRAS,4,3,131661
PIV,4,2,129869
Descendants,4,5,129292
Chlew,4,4,126038
godofhell,4,5,125611
DIrektorA StatikA,4,1,121929
BOPOBCKOU KAPMAH,4,1,120175
The CircIe,4,7,119636
Hired Swords,4,1,118759
KaiserReich,4,8,118755
Saint Sinners,4,6,117035
eby sobak po chetvegam,4,0,116288
Kurwy Pedaly Cwele,4,4,115982
CombatLust,4,2,115505
storage of Harn,4,1,113620
Gercek Biskolata Erkekleri,4,5,111197
I N T,4,0,111196
Deathbound,4,8,109659
Black claw,4,3,108473
Epstein Tayfa,4,4,106980
Gommage,4,2,104840
Ukraine Gamers,4,8,103377
Black Cr0wn,4,2,102766
SoloFarm_WE,4,31,102386
Borskuk Cartel,4,0,100054
Liquor Cats,4,6,97258
Dagger Enthusiasts,4,0,94585
Come and go alone,4,0,93991
Cazagankers,4,5,90540
VBANKCITY,4,4,88704
POVTAS-4-24,4,8,88262
The V Unholy Circle,4,4,87888
Monagarmr,4,7,84794
Against All Authority,4,8,83018
IM DEATH,4,0,81567
F R I K I,4,1,80821
Dar-el-zolm,4,2,79629
KtoZdec,4,0,77550
slopto house,4,1,77000
UGA BUGA OPEN,4,6,76716
META_kocyki,4,9,76359
poorDad Guild,4,2,73753
RuhumuzYeter,4,8,72839
Hedge Knight,4,1,68359
Newbas Refuge,4,13,67051
BROODskoye,4,6,64794
BOMBAAAAA,4,3,64626
M1DDLE EARTH,4,1,63998
GANG CORPORATION,4,4,63889
Sir Corp,4,1,60867
KZVR,4,33,60429
Kyni-Master,4,1,59433
OCTOPUSY,4,2,58459
MIU MIU,4,1,57709
knights of veil,4,8,52512
ARC TERYX,4,5,49864
PUPU,4,1,49265
THE BEST OF THE BEST GUILD,4,0,47556
hidden pool agents,4,1,47079
Loot Perestler,4,8,41909
Chuvashi,4,1,40752
KSD,4,3,38017
OGURCHIKI,4,4,34250
AAC,4,6,34106
GMLL,4,1,31108
Battlerite,4,0,26072
Brastvo Shahlika I Pivo,4,4,23904
Kororowe Jarmarki,4,1,22565
GambleReborn,4,1,14158
The R0und Table,3,15,14272771
KingPersian,3,24,5728537
MureExtra,3,28,3319203
FaNtOms,3,8,3072293
maslane imperium,3,11,3046151
Legacy of Satoshi Nakamoto,3,4,2762146
Dragons et Jambon,3,6,2426684
Shershens Company,3,13,2240574
USDTPrinting,3,14,2103516
Dobrodruh,3,17,1875405
Die for me,3,10,1620506
Bianca,3,6,1584490
ZZon,3,1,1580598
GANG RODRIGUEZA,3,25,1542954
PIZDUNbKA,3,5,1491702
Eyes Wide Shut,3,4,1407367
ZAVOD,3,3,1404153
Alabuga Poleteh,3,0,1395972
Zergi,3,3,1387122
ShadowPact,3,10,1285179
Crit on My Face,3,9,1275007
MM MM,3,3,1250384
CEUTA,3,57,1226455
Legends Clan,3,15,1216592
opie go0pie,3,4,1207027
Real Madryt,3,1,1178259
BICHUGANbI,3,4,1124936
333,3,3,1093193
The Pasar Legend,3,32,1085772
TIKI,3,14,976674
Papanter,3,5,970991
Uknow,3,6,967918
Rat of Valhalla,3,3,961639
Odins Ravens,3,2,933104
Potato Smash,3,2,919231
The Law of Life You or Beaten,3,6,893562
ver coskuyu,3,2,886074
LosPPs,3,44,875074
l gank 7ram,3,5,867312
Let me 1v9,3,4,858667
LegendaDaggers,3,2,843590
B D S M,3,17,839752
Shango,3,39,804020
Valholl,3,14,790836
KIZIL KAYALAR,3,23,772424
Shoot,3,8,755618
Yaaaaa,3,5,747532
Zero Split,3,3,746999
RuthlessRaiders,3,7,746943
Dunhill,3,24,741265
Pathetic,3,7,737258
Bikini _ _ Bottom,3,2,736286
VoidBringers,3,14,730065
Eternal Rest,3,18,701162
Skufyatnya,3,8,696278
KNOKPLOEG,3,5,690880
LGPG,3,3,689259
Wish Gank,3,20,685581
LOS POULPITOS,3,51,681852
SPARTANT,3,29,677507
Trolebus 225,3,13,676543
Everytime We Touch,3,5,670355
Ruske,3,48,668602
Wjeh Lbetbouta,3,7,666428
ERECTION,3,16,655116
ChickenBros,3,14,654731
Kebabine,3,2,650394
Pyre,3,3,647212
Purrfection,3,25,646490
NakedOnAHorse,3,0,640362
Aelfheim,3,4,635737
Mango Squad,3,5,634977
Fortexa,3,25,629599
Seeker of avalon,3,11,625252
Heavenward,3,7,621315
hired killers,3,21,619232
miners cats two,3,17,611286
Lobos Livres,3,7,609283
Z O O,3,2,608842
W00F,3,16,606771
Araneae,3,6,604008
SEL4ANE,3,2,603912
flash gopick,3,24,601908
Les Stoner Knights,3,15,601516
RED_FLAG,3,4,599058
E M 3 R Y C I,3,1,592121
FAT,3,10,589242
CR1MSON,3,2,587146
Kudo -Kai,3,24,585910
APES TOGETHER STRONK,3,9,583965
SEME4K1,3,9,581224
EliteRU,3,33,580735
Kavak Boys,3,43,575092
The Raging Berserkers,3,2,574336
Le Conglomerat,3,13,574101
morskoibriz,3,5,555011
PMC deduski,3,4,554652
RavenGuard,3,3,542899
I LOVE MOMMY FEET,3,4,542101
MINGGIR LU MISKIN,3,4,540852
Just cry,3,0,538647
lololololololololololololololo,3,4,531555
BULLDOZER,3,0,524535
The Invisible Front,3,4,521564
The Red Comet,3,39,521018
FRIENDSPOWER,3,11,518948
NEOGURI,3,9,515793
Pixel Sword,3,4,513964
31 CHECK,3,8,512422
Cherusker,3,18,510356
HeartLessss,3,7,509607
Royal Spitzs,3,27,508540
Dernier Requiem,3,31,507644
Carpathian Bears,3,5,505344
Phantom Castling,3,0,503358
IMPERIUMGREED,3,35,501122
TugaElite,3,3,499997
Poisonous Glory,3,12,499605
DVX,3,19,498753
Confraternita Oscura,3,6,497751
Potracheno,3,30,495119
DragoMystery,3,10,494384
Pepsbl,3,3,492780
Otmena,3,8,492497
TOPLAGEL,3,7,487336
der Aufstieg einer Nation,3,16,483760
The Grey Wanderers,3,2,482260
Overseer,3,19,481165
SOLDIERS OF GOD,3,5,480191
Humans,3,0,480074
GREHI,3,19,477867
Heroes of Dragonbreath,3,20,477085
Companions of the Wind,3,23,473544
Botting Around,3,13,469468
The Renaissance,3,19,468969
Circus of Paladins,3,1,467117
PLS SPEAK TURKISH,3,6,462500
STATICMENS,3,2,460478
Zodiac Uranus,3,30,459070
ZTC,3,15,458608
Slay Brigade,3,10,455433
Loyal Thetfordians,3,9,450688
ProstCompany,3,11,449506
DISTORTION,3,17,448532
Get Dunked,3,3,446223
GrLegendS,3,3,441203
sebok2,3,2,440416
Bottom,3,56,438711
Venganza,3,21,437311
AVALON STRIPPERZ,3,5,436471
WarLight,3,28,435266
GaD,3,5,434554
Rigor Morttis,3,2,431157
Crimson Warband,3,25,428484
BRAINROT,3,1,426964
N E R F E D,3,31,426127
Comodo,3,11,425459
The Nazarick,3,23,421588
Comedy,3,38,419918
NATO,3,1,419820
Red Ribbon Army,3,38,419352
FRONTERA,3,1,418590
K A R T E L,3,2,416713
UwU Community,3,8,416124
ZhiWu Club,3,4,415127
VEXX,3,24,414290
Dragon Scale Seekers,3,10,413098
TRAPSTAR,3,7,412580
Yet Another Random,3,13,411300
ThreeMusketeer,3,0,409860
Pediki1488,3,14,409308
dreadnautilus,3,4,409300
Bears_artkoss,3,6,407999
Attractivemen,3,11,407509
Albionierzy,3,10,407001
BebraSosiki,3,8,406142
Faza,3,47,405373
Darkness cats,3,3,401341
DEADWOOD,3,22,400275
The_Delvers,3,15,391843
Solvaris,3,29,391795
Westfall,3,23,390822
A L B A T R O S,3,3,389383
MOSHNYE,3,8,384140
The Ark,3,19,383379
THE KINGDOMS,3,5,382911
JEFFREY EINSTEIN,3,1,380839
Mig Mig,3,3,380705
Besedka,3,51,380596
KLAN PAUKI,3,35,380472
Hamster Way,3,10,379254
GoCry,3,10,379238
CollectorsUA,3,42,377444
Crystal Nightbloom,3,5,374023
Zwietracht,3,15,373497
ancientpersia,3,19,373352
mafiaaa,3,0,373277
EGYPT HEROS,3,34,371956
TurkishForever,3,40,371508
zero0o0,3,8,369960
The 300,3,20,367708
PATEK,3,0,365795
GOOBA,3,18,364631
king of Pirates,3,43,364556
indo2424,3,10,364267
Hikari Harvesters,3,7,364115
Farm Together,3,16,363163
Dream speakers,3,1,360221
s1rotku,3,3,357960
The Shrimp-Bears,3,0,357523
FarMMilf,3,2,355555
Black Horde,3,2,354792
BAROSANI,3,31,353399
HeraIds of VaIhalla,3,2,352658
Tpoe_B_JIogKe,3,4,351797
D A G G E R F A L L,3,3,351647
No Gang No Fail,3,22,350711
The Northerner,3,22,350544
Border Control,3,1,350109
Double Souffle,3,13,347268
Sasination23,3,13,343731
Immortal Squad,3,7,342960
F4js,3,2,342823
BR0DYAGI,3,42,342545
Homokost,3,41,341847
L_I_Z_A_R_D,3,7,340801
Gaunt,3,2,339723
Dz Fighters,3,9,339381
Amore,3,1,339026
Frost_Mourne,3,15,338520
FOOD4MAGNATES,3,5,337433
Albion_Solar eclipse,3,11,337131
Art3min,3,2,333714
Just a Game,3,22,332560
Gold clover,3,7,331865
FL4T,3,8,328586
7 THRONES,3,16,328236
Almost Mistik,3,11,328205
XxThe KingxX,3,10,327040
Indian Street Food,3,4,325082
SkaCz,3,7,323736
Professional,3,47,321875
PODONKI,3,11,321440
SENGOKU RISE,3,21,321333
TwentySeven,3,28,321110
ViKiNgiONS,3,26,320921
Bestia Z Wadowic,3,1,320436
Raven Order,3,19,320434
Cats and Chaos,3,15,320038
White Ones,3,2,319784
GACHI PATY,3,10,317660
Storm Shields,3,8,317276
Sword and magic,3,7,315476
THE OTTOMAN SCION,3,5,315116
AHIRAT,3,4,312756
eada,3,3,311688
Iraqi56,3,15,311393
AVARITIA,3,1,311296
Krakens Embrace,3,6,309762
OstrovRblbakov,3,4,308727
Shadow Dragons,3,4,308593
CherepovDogs,3,3,307881
TheDeathGuard,3,16,307818
Ptooey Cartel,3,9,307334
MetaPvE,3,10,305330
Silverfang,3,7,305154
kINGDOM987,3,1,301834
Mors Syndicate,3,7,300231
Rebellyon,3,24,299907
Majority Immortal Russian,3,9,298347
Shadows of Death,3,9,298265
JOKER2009,3,18,298212
Makaron,3,10,297711
Journey,3,8,297158
BARBOSKIN HOUSE,3,5,297095
Mamuty Dehuna,3,22,296528
arbuziki,3,6,295181
BankRMT,3,4,293739
Boom Pack Pigs,3,3,292866
Dying or Kill,3,5,292419
Blue Solution,3,16,291594
R0GUE,3,4,289949
Reid Done,3,8,287223
AFGHANISTAN,3,5,286572
N1ce,3,1,286539
merchant-traveler,3,5,283586
NoxusEmpire,3,4,283573
Nekomi,3,3,283154
TR-34,3,4,282671
Unburied,3,7,281974
Piska-Tryas,3,9,281152
Komanda X,3,33,279723
PintinhosAmarelos,3,14,278105
Merchandaising,3,9,277406
Bridgewatch Bad Boys,3,23,276719
Seen Too Late,3,13,276593
the_old_hunters,3,15,275353
BERUANG MADU,3,2,274054
Silver Bank,3,10,273875
Aaa01Guild,3,19,271477
Stone Mafia,3,3,269508
GATHERING X REFINER X CRAFTER,3,19,266339
golden pill,3,8,266015
BOMB0CLAT,3,7,265334
Shadow Conspiracy,3,4,264302
THE DARK _LEVIATHAN,3,10,263832
Lost Mothership,3,10,262566
Mokpble Tpycuku,3,17,262547
KPA6OJIoBKA,3,13,261285
Citadel of Hope,3,24,261132
Dark Templar,3,2,260390
I-Midnight-I,3,23,258376
PILSEN de LATA BATERIA,3,3,257406
Bez Paniki,3,1,257262
BLACKWATER,3,7,256879
pydarastai,3,10,255894
Polacy z Polski,3,6,253776
Hisyris,3,22,253488
Arka Przymierza,3,9,251924
IQ Deaf,3,2,251749
P H A N T O M S,3,8,251719
SATELLITE,3,22,250665
YUVARLAK MASA,3,7,248495
Spakyxa,3,13,248302
1KlaS,3,14,247549
AoA,3,13,247260
Tabularium,3,3,247127
Kyiv Warriors,3,5,244482
Riviera Saints,3,16,242732
Bogowie Chaosu,3,8,236480
C R O N O S,3,3,236294
Schattenfuechse,3,5,235601
TomuVer,3,7,235200
Temple of Virginity,3,6,234787
SOLO-MAN,3,6,234215
ManPaJeBaT,3,3,233393
Chugun,3,10,232273
Orden der Wahrheit,3,7,230784
Nat20,3,2,230488
Jack DanieIs,3,19,230177
1Zavet1,3,11,229666
TheWolf,3,11,228556
VVolfgang,3,2,227436
SUNRISE AMATERASU,3,2,226006
Black Zone Enjoyer,3,7,221967
DONEDEAL,3,8,221543
The Irony,3,1,221098
we are here,3,2,221028
TL prince 1,3,10,216625
Order of Sun,3,3,216420
DEKILENS GG,3,12,216023
BSKcill,3,5,215479
BGS,3,3,214475
lorezets,3,7,214279
Legushka squad,3,10,213787
Puchiken,3,4,213129
L E G I O N R U S H,3,14,212727
White Ctystal,3,4,212350
Twitch,3,6,211929
ElysianMages,3,16,211776
mefedron,3,16,211443
LUMINISCENT,3,1,210972
The Dead of Aincrad,3,6,210744
DRAGON KINGs,3,9,209479
xGirls,3,15,208250
Abandon Hope,3,3,207549
LOS FORAJIDOS,3,7,205804
Low Level Skill,3,12,205463
Bezumnyy Legion,3,4,204040
Warlorxx,3,18,202433
nighttime,3,9,201460
egypt guild,3,4,201065
DEVIL FRUIT USERS,3,5,200053
EIROPART,3,13,199661
Citrus EU,3,19,198882
DUREX,3,0,198095
ZADPOTbl,3,9,197450
ZUOS,3,7,197106
slimey party,3,8,196969
BALABANN BOZA,3,3,195475
LuX,3,1,194954
RoadsAbusers,3,2,193730
seilverinos,3,8,193713
Entertejment,3,5,192554
Tower De Friends,3,10,191871
PAY4WIN,3,15,191402
Creampie Brawlers,3,14,190367
white nights,3,11,189593
SCUSI,3,3,187901
Morganas Knives,3,28,187408
rising to the heavens,3,2,186613
TieGame,3,12,186479
companeros,3,5,185504
CO-CK RIDERS,3,49,185413
Freedom Fighters,3,9,185364
The Ecliptic Pact,3,8,183235
Free Falcons,3,0,181206
Mega Gurren Dan,3,7,180922
Nomadz Ladz,3,1,180094
Ethernity,3,6,180021
suu you,3,5,179318
SKon,3,2,178912
CHOK BLOK ROCK,3,26,178144
BLUE ZONE SLAYERS,3,0,177902
Maaelstrom,3,1,175780
TheMoodiness,3,14,172189
Outlook,3,0,171934
Voruyu Vinishko,3,9,171521
FunnyGuysTR,3,7,169776
daunichi,3,25,168849
PORORO,3,6,167551
You Succ,3,7,165570
Crimson Hawks,3,21,162085
Los Kashtanos,3,19,161818
KurtAU,3,10,161559
RedSerpent,3,5,161310
Empire,3,6,161302
SoloLevelingS,3,7,161193
ART1ST,3,2,161179
Tax Collectors of Thetford,3,3,160695
Lockspire,3,3,159303
Vacation,3,1,158940
Live Tree,3,2,158775
POLARlS,3,1,156496
X Dragons,3,7,155622
Blitz blitz,3,16,153085
Retired Mechabellum Players,3,5,152766
MONEY GUILD II,3,0,152399
Ethernium,3,22,152307
Band of Crusaders,3,7,152255
Team Struggle,3,1,150894
Ghetto Dogs,3,3,150143
Ogre,3,2,148519
Chinauo,3,17,148173
SPECTRAL HUNTERS,3,9,147650
PVP_Lumhurst_PVE,3,26,146628
ALB Persian,3,3,145305
Lheritage,3,0,144921
Expedition 33,3,10,144430
ZAPAD,3,10,142678
BlackRunner,3,4,142589
hunters alliance,3,23,142162
COSA-NOSTRA,3,10,142053
DreadVeil,3,3,140912
Praise God,3,8,139550
Atracadores armados,3,7,138986
No Mana Mafia,3,3,138668
Thordring is Dead,3,0,138431
NOVA E,3,3,137700
NHFW,3,4,137321
HopiHopak,3,2,136394
Monos Avalonianos,3,6,135107
Death of darkness,3,22,135078
Arcane Reapers,3,8,134674
DURXATA,3,2,134580
The Night of Doom,3,8,134523
OTSOSAL_PRIME,3,1,133431
Zamoraks Fortress,3,3,131731
FunCompany,3,13,130511
S7XT squad,3,5,129716
Lucky Gentlemens,3,10,128403
DAMN DARK,3,5,127935
Dark sped,3,5,127064
HighOctaneE110,3,11,127022
Rus Bear,3,49,126223
Albion Merchants,3,1,125907
Kose Gawa,3,15,124846
Devils Heaven,3,6,123594
Peek At You,3,4,123582
Anti-Hohl Group,3,1,122480
Hunters the Avalone,3,0,122452
Jankon Betoni,3,5,122053
Led By Chilliest,3,5,121953
PANADO MAIOR CU POUMM,3,5,121918
The package is now 1200 guys,3,5,121495
MORE CHAOS,3,0,120900
Chelyabinsk style,3,13,119915
Masqueradi,3,0,118481
Road Runners,3,4,118112
TOMBIKLER,3,3,116556
Skyrim Rangers,3,23,115906
The Furry Monks,3,10,114732
SILVERON,3,12,113994
Oldheads Gamers,3,9,113386
CatFarm,3,2,112603
VESPERA,3,9,112150
GDE PAPA,3,4,111366
Antler,3,9,111323
Fox Nest,3,4,106941
Selest,3,4,106800
Requiem of Reality,3,3,106518
Golgari,3,4,105794
zzjhhj,3,1,105654
Maradura s,3,5,105348
Magic Corner,3,4,104603
yedoin,3,8,104399
GAZPROM NEFT,3,3,103389
Bazaru Net,3,5,103319
Farmes,3,14,103082
Bonobo 1,3,0,102708
Funeral Servicee,3,1,101403
NocniLowcy,3,0,101372
Tordens Hov,3,7,99492
HatersClub,3,2,98927
Fortune Freaks,3,14,98908
BERMUD TORNADOS,3,0,98676
GLADYO,3,5,96731
ASTERIA,3,1,96452
Haxorz,3,6,96028
wandering clowns,3,4,95042
BXL,3,1,94248
Corsant,3,3,93656
Concrete Sports,3,2,92394
Moonspire,3,0,91781
Nubbo FERMA,3,10,91089
Mad Dawgs,3,1,90982
VOLTA,3,1,88436
No One Likes U,3,2,87412
LUCQ,3,0,87337
tower of word,3,9,87153
Lobo Suelto,3,4,86769
Sword Son,3,10,86392
Dark_Fire,3,5,85321
DEPTH THROAT,3,4,83941
Eolic,3,3,83359
E2-E3,3,4,82944
Kiratus,3,2,82100
Apselotte,3,9,81575
SOLO OPENWORLD ENJOYER,3,1,80426
Night Horror,3,2,79770
La Calvace,3,9,79685
ADALET,3,6,79357
BoomBoomCompany,3,4,78763
KATANA LEGION,3,14,78649
Valkyrie,3,0,78424
GHOSTSs,3,8,78298
CATCH ME,3,0,77594
Stratton Maplemont,3,0,77429
IRAQx1,3,10,76864
Mists of Avalon,3,5,76333
BaconExpress,3,6,76101
Shinokuni,3,4,73943
TangMen,3,2,73539
Fort Sterling,3,5,71934
Dusk Till Dawn,3,5,71630
Gothic2,3,4,70216
n1111,3,2,69806
Skleton,3,2,69217
equipment,3,15,67870
PabianiceWariors,3,7,66522
La Rumeur,3,3,64031
Amarti,3,11,63866
Method,3,1,63749
Numenordctlescorons,3,8,63394
CDXFDC,3,0,62748
BIGball,3,0,62611
The Apothecary,3,2,62260
Azure Spirits,3,11,61965
Blood Evils,3,8,61776
Ezy Monny BB,3,3,60496
firstlight,3,7,59674
zazazaza,3,0,59464
Outsiders_PvE,3,4,58328
BASED,3,2,57535
Xbots,3,4,56604
Enjoy20K,3,12,56407
Holy Egg,3,3,55209
Supremacy Of Martlock,3,17,54992
mody1,3,8,54804
Veilwalker,3,4,51701
AlphaGenesis,3,5,51384
Les M9awdin,3,2,50440
no healer no problem,3,2,50274
Newerlend,3,6,49235
KRIMlNALVARDEN,3,1,46113
DEAF,3,6,45621
GOON,3,0,44732
Anteiku Team,3,4,44448
SkunksArmia,3,20,43913
GermanGankers,3,10,41798
KEKSE,3,4,40214
Last Resort Small Scale,3,2,39612
Wotans Wolves,3,2,38959
RED LEAGUE,3,5,38133
E N C L A V E,3,4,38099
Cinder,3,3,36681
Imperjalni wojownicy,3,1,36190
xXIRAQXx,3,10,35647
Northern Watch,3,11,34376
The ambitions of a tyrant,3,2,30735
Over,3,8,29572
1 PAS 2,3,6,27630
KOPOHA,3,4,26393
Adolf Was Right,3,1,22581
Monster team,3,7,20306
PTW,3,4,19092
2 v 2,3,0,17886
Black Sea Pirates,3,0,16593
VASILISKI,3,3,16464
Eternal to beer,3,0,16222
Cloudless,3,1,16146
Trash mobiles,3,0,14772
KABAN KLAN,3,5,13356
Palatovci,3,1,12210
EXEX,3,2,9759
WOHENHEIGUIHEZHENZHUI,3,2,6796
Pedali,3,1,5760
Nijhh,3,1,3096
ISLAND LOOT,2,1,9355499
HOLY ACADEMY,2,1,4547584
WATCHDEMO,2,8,3282714
MONKEY DRIFT,2,8,3247553
Meow Ore Co,2,2,2646852
ARBYZI FUUZYTRONA,2,7,2596394
Gang Bez B,2,3,2475531
111111222222333333,2,1,2464142
Children,2,0,2424340
REH,2,11,2276061
LES CHEVALIERS DU TEMPLE,2,8,2217242
M and M,2,108,1922205
S-O-N-A-T-A,2,3,1820986
Szerokie Nogawki,2,2,1779362
Senf,2,27,1765386
ASELSAN,2,3,1716526
Cinco Jotas,2,0,1696083
SS_SuperMegaPenis_SS,2,17,1685252
Adja,2,4,1626330
The Lostt,2,45,1614442
XDEATHX,2,38,1576005
SOLOMISTER,2,3,1568304
The Hideout Camp,2,21,1451618
Skype,2,9,1391036
67BILLYHAM,2,17,1359298
Crack,2,6,1350701
KTA HA ANIME,2,4,1347672
Sylor,2,3,1337540
Dungeon Enjoyer,2,9,1329950
FanaTbi_Nozhek,2,5,1325753
Just a craft,2,3,1321170
PLS SPEAK SPANISH,2,3,1285705
FreakMisty,2,6,1252871
ALKARFEN,2,35,1213137
AFK UNTIL VERSIK DONT MAKE BJ,2,2,1117916
XX1,2,2,1116770
Dtame,2,9,1085168
Yuce Turkler,2,28,1085021
Wildlings,2,1,1078779
Sigmaholders69,2,12,1063672
Kingslanding,2,6,1056076
FUGA,2,1,1049128
Eiswatch,2,5,1030702
BANDERO BURGER,2,9,949141
zero to hero 1,2,1,918780
R O M A,2,11,912804
Deep Rock Holding,2,0,911116
ANTI MURDER,2,3,907695
Neexus,2,35,866991
Belvveder,2,7,849221
SKULL KRAKEN,2,29,845816
Va Sans Crainte,2,4,834293
Devouers,2,3,833623
United Force,2,13,826330
GLINOMES UA,2,5,813869
pubertat,2,4,806376
Kalantase,2,16,800248
Crystal Order,2,36,798031
E M P,2,8,791482
GuildPotato1706,2,1,786489
FNTM,2,5,782660
Bardak,2,29,768411
Skullknights,2,12,766425
ANGEL HEART,2,26,754626
BRB monkes,2,1,751731
3 CYTRYNY,2,5,751394
Average SwoleBenji Enjoyer,2,28,734254
Imperial Iron Squares,2,1,727088
C O N T R O L,2,4,716109
Goblin style,2,1,714904
Gamer Base,2,21,712282
KIZIL ELMA,2,52,707394
The Secret Order,2,5,707146
PODPIVASY,2,37,704721
MALOS,2,27,701397
Church of the Fool,2,8,699284
Ratti Maledetti,2,32,692070
NOYB,2,2,691622
North cartel,2,9,686573
SBP,2,10,681218
autismCOMPANY,2,13,679517
ElFamily,2,6,678963
U N I M A,2,11,675504
SafeHaven,2,12,673193
3a6y3a Xyecoc,2,0,672044
Just Smile,2,1,664616
MugiwaraFR,2,33,649135
Ragnar0k,2,22,646957
Amazons Souls,2,0,644171
Midnight Stalkers,2,35,639176
GAP,2,4,637371
Wolf Hunters,2,4,635191
Lil peep,2,1,633649
Oops We Wiped,2,4,633564
T R A U R,2,10,633413
xoxli moxli,2,2,625962
PBK,2,21,610324
Crimson Havoc,2,3,609988
Demonsknight,2,36,609249
Aguilas Rojas,2,29,601666
AN3L,2,0,600107
MOTHER OF DRAGONS,2,20,595757
Rebelia,2,16,594448
Path to the stars,2,14,592011
skydivers,2,2,591487
HUSARIA Z TEMU,2,8,583771
ReBorn-EU,2,12,582465
TheWorld,2,17,581234
THE CAVE,2,4,579914
dragons guild,2,39,578264
We Are Crazy,2,2,572069
Die BroKies,2,55,568014
Bryansk,2,10,567803
Meskie_Oszusciki,2,3,565913
Frendly,2,0,562598
snow forest,2,0,559871
THE BALKANS,2,29,554733
DODO GANK GIRL,2,3,553854
WHERE IS OPOR,2,3,548672
Riftshade,2,23,545161
Unwinnable,2,0,543934
GREMLINS,2,6,534326
Bloody Gold Hunter,2,33,519322
EL BLOKE,2,4,514337
AVA ROBINGOODS,2,3,512566
ALPHA Prime,2,18,512323
Lit,2,4,508927
GOLD_14,2,27,498229
Solodkui,2,7,498109
Russian Imperial Inquisition,2,3,497019
Key Emperors,2,12,496077
NOT YOUR STATIC,2,2,495932
S t a l i n g r a d,2,8,494573
Jambon Beurre,2,5,493107
Torito,2,29,490277
INFERNAL CHARIOT OF DEATH,2,41,488092
ARDOUR,2,12,487641
AMINOGLUGAMING,2,10,482282
BD Balkan,2,13,481206
Avalonian Cookers,2,3,479433
Rat Village,2,5,477649
albry22,2,10,477464
AresSp,2,6,472876
DCP,2,0,471717
Albion Taxi,2,9,471332
Delightful Devils,2,3,470892
Master Of Shadow,2,37,470092
Awe Of She,2,7,469712
fap fap,2,3,468610
The sleeping king,2,7,468384
Bendera Azov,2,16,466392
Corporate Violence,2,2,462766
monkey kings,2,44,461785
Bastard,2,7,461176
GOK TURKLER,2,6,461083
Sign-UP,2,18,458637
Obdachlose Gemeinde,2,21,454472
Fyll,2,39,454226
El Sueno Del Nino,2,2,453073
Neutron Star,2,4,450338
GuildGooglyMoogly1,2,5,450086
AVA Chpockers,2,3,449262
Fort Sterling Militia,2,22,448730
Snow_Fox_Trail,2,0,448407
BlackDead,2,14,444433
Egypt kings,2,28,442862
Unleash The Beast,2,8,442822
BREATHH,2,3,442739
Dark Origin,2,3,442449
War Life Death,2,9,440847
Pirates of the Ocean,2,8,440732
ShadowStrike,2,23,439501
Redsong,2,3,437524
LowTierNubs,2,8,435054
RUSSIAN GUILDS,2,16,432807
ENVIS,2,4,432266
Arab Falcons,2,38,431687
Merkulla,2,7,431215
ChikatilkI,2,2,427004
F3MNKI,2,12,425755
XIII ELITE,2,16,419291
PvX Guild,2,71,419040
Zereshk And Steel,2,0,417790
Sons of Malice,2,8,416644
Aiys,2,8,415535
Eternal balance,2,17,415415
bnodk,2,3,414679
Rata5,2,3,411893
Fika before fight,2,7,409588
Bushido no Kage,2,16,408194
UkrCom,2,13,407574
Hunters of Fortune,2,12,405036
Rednecks_2,2,8,404170
Nidavellir_ Shields,2,2,402059
ANR,2,6,401383
Antarctica,2,16,396393
Zakon Szpitalnikow Epicenskich,2,4,391020
The NEST,2,0,390662
ZADVINUL I TUAPNUL,2,4,390645
Polestar,2,19,390306
NaahBrugge,2,6,390090
R4ND0Mz,2,1,388275
CALL DEF AND SEND REGEAR,2,3,387164
Berserks,2,13,386131
JPN,2,1,385406
Forgot OC,2,19,383634
HEAVYweights,2,6,381671
Thug Life,2,3,379495
PNH,2,33,375609
HydraEmpire,2,24,369370
Sylvastorm,2,4,369303
Khortytsya,2,2,368900
Gog Et Magog,2,8,368883
Hipotecados,2,5,368433
ELATTAR,2,9,368396
A R A B,2,7,366081
TheHighOrder,2,3,365132
bolbeyinli,2,2,362493
Coin Clippers,2,15,362423
SoulReaperz,2,17,362315
MENACE,2,0,361266
Umbra Ordo,2,2,361128
Forgotten Realm,2,28,360536
Caerleon Life,2,3,360098
Dark Lotus,2,2,359068
French Sanctuary,2,13,358783
LM PRIEST,2,13,358381
nooooobbb,2,5,357732
LLlYT,2,5,356787
KRAKENU,2,6,356513
Palantir,2,1,355942
UZB albion,2,2,355072
Racoon Order,2,5,354891
MSSJ Basement,2,4,354572
kinglabEu,2,6,352585
THE-GUILD,2,14,352145
Haus Lunaris,2,5,351315
VoRaK,2,8,349884
Rising _sun,2,10,349092
Gatherers Of Albion,2,1,348618
Three Crowns,2,5,347901
All My Friends Are Fake,2,1,346871
Ordo ab chao,2,6,345925
LAGBION USERS,2,6,345361
CHAPAPA,2,2,343042
soski v chae,2,9,342768
Hurles au Vent,2,25,342744
The Primal Hunters,2,26,342528
Los Caballeros del Fenix,2,11,342380
Blyvotnik,2,7,341276
NanaGajah,2,24,341229
RAE,2,14,340248
BlackCocks,2,4,339189
J-3,2,9,338254
BRIDGEWATCH LORDS,2,4,338206
Dudukculer,2,2,335571
UTIL,2,5,333924
THE SANDERS,2,6,330444
Baryonyx,2,4,330002
Gondomarense,2,5,329644
No_Name1,2,10,329361
Dive Is Life,2,1,328431
ONESHOTER FUN CLUB,2,1,328186
Dungeon Dweller Minions,2,21,325599
White Walkers of Fort Sterling,2,5,325114
Zniecheceni Bo Wipe,2,4,324981
Solitude Brigade,2,11,324970
Mist Walker,2,7,324603
LA ARMADA,2,17,324538
Special Arbalest Service,2,3,324308
DEATH,2,12,323153
Dans le Placard,2,9,322499
Over-Suspicius,2,25,320612
team ngetroll,2,1,319789
ARMA,2,3,318246
M E N C R E T,2,9,318075
IKFC 25,2,11,317755
Fear And Hunger Bandung,2,16,315693
arejal bs,2,41,315248
NaRasslaBoness,2,23,315241
DZpower,2,18,314758
Montzenia,2,21,313561
Dragon Master,2,18,311851
Imperial Raven Guard,2,10,310589
MatmatXS Worker,2,0,310378
ASTRAL RIFT,2,13,309985
Jervis Guilde1,2,27,309783
cyka,2,22,309716
SEA,2,14,308486
THIS IS CRUEL,2,20,306896
FullTilt,2,6,306713
Xianshi,2,3,306324
LABRAWAILERS,2,14,305022
La Legions du Lys,2,9,304734
Juramento dos Cavaleiros,2,17,304069
Mystical Market,2,3,303863
The Reapers,2,3,302543
REND,2,2,301473
ISeeSomeLoot,2,9,300885
Paradigma,2,9,298748
Chianti,2,12,298381
Warderer,2,10,298025
Bloodthorn Blades,2,17,297071
Shenanigang,2,2,296396
BackLeafsDontMatter,2,5,296054
E A E G S,2,4,296021
Operacion Necora,2,54,295800
XVICTORIAX,2,15,295477
Tbank,2,2,294234
S A V A K,2,6,292595
KLM,2,20,292388
BABCV,2,6,292292
knight1,2,3,290282
Nad Rybnicky,2,10,289875
Tinkerbell,2,8,289334
Gigimon,2,1,288682
Free Appointment,2,5,287660
Phyton,2,1,287254
Wolven,2,33,286995
L a B u B u,2,12,286920
LOS HOMBRES DE PACO,2,6,286792
The Balance,2,6,286063
Blunt Force,2,5,285816
I HAVE THE LOOT,2,5,285316
The Aetherium,2,7,284749
The Lost Brotherhood,2,4,280453
SOSALNYA,2,0,279853
LotusFall,2,14,279551
GG I GUESS,2,1,278912
Borknagar,2,4,277875
Slaves of fate,2,3,277556
Storehouse of Fear,2,3,276828
Avongard,2,31,276193
Terror Lusitano,2,12,276175
HUNTRESS,2,6,275943
The Mafia,2,6,275385
O L Y M P U S,2,7,273799
Archange1,2,9,273534
RTG_EU,2,11,272613
WE JUST FARM,2,2,272435
TheManwiththeMoney,2,1,271718
SKALA,2,18,271616
FurDieGank,2,2,271592
KAVARA,2,5,271326
Feral Badgers,2,8,268880
Young-Brothers,2,6,268548
Red Bird,2,11,268512
RUBY0,2,5,266194
Grobnitsa Nazarik,2,29,264809
Sparta_Legion,2,11,263568
gooners haven,2,3,262027
Kzl Elma,2,31,261570
Dune Ore Processing Company IL,2,16,258344
WINNERS,2,3,258285
INFERNUM,2,0,257691
Russian Socialist Republic,2,8,254527
Smol Indie Company,2,0,253932
DIGITAL JIHAD,2,1,253754
LA MEUTE DES EGOUTS,2,9,252963
Krishtal-Tirit,2,1,252861
Kuwait,2,5,252557
Gather Is the Way,2,4,251428
SuperSeptoClan,2,34,249105
Catchers of the Impossible,2,2,247784
CAERLEON AKTiF SiKiCi,2,1,247778
D4BAD,2,8,247297
Deutschritterorden,2,13,247163
Furious Krewe,2,4,246528
AVALONCbI,2,5,245505
Tinevie_Buhariki,2,25,245454
Nazarike,2,17,244484
Ashes-of-Creation,2,4,244354
Russian Standard,2,6,243751
Valthera,2,18,242591
Bandit Country,2,20,241075
Mortal Wish,2,3,240967
Casterly Rock,2,2,240853
tvchibo 1,2,1,240697
Malkata Stupka,2,2,240518
Thaisyukii,2,5,238862
Shaggy Monkey,2,1,238609
White-Knights,2,4,237720
orda,2,11,237119
F13,2,1,236483
Walking Dark,2,15,236348
BOBGANK,2,6,234649
HiDaoQi,2,7,234074
STULEJKI,2,9,233309
IRAN-GANKER,2,9,231811
Sigma_Sguad,2,5,230918
Pumpkinheads,2,4,229557
Wanna be Cookie,2,0,228544
DragonQueen,2,17,228279
The Sovereigns,2,6,227397
BlackZoneFarm,2,1,226323
Nocturnis Legion,2,15,225198
Gesteria,2,12,224810
El Santo Navio,2,14,224368
Devourer of Gods,2,15,224345
Sepiaci,2,7,224283
Y O R U K,2,13,223787
PLEASE SPEAK CHINESE,2,15,223653
Frakcjesegram,2,3,223509
Red cat,2,8,221699
Make War Not Love,2,14,221451
Loot-Goblins,2,2,221240
Welth,2,2,220365
dillik nasil dillik,2,11,220064
Death Bouncers,2,2,219954
LesFilsDeCamelot,2,11,218999
Skibidi Sigma,2,2,218979
Rift Walkers,2,8,218629
STATIC GUARDIAN,2,5,218089
The Stars,2,7,216994
Sword and Scepter,2,21,216265
STORM,2,0,216028
THE MONKEYS,2,19,215233
ViolentVortex,2,10,214565
AIFAM,2,0,214461
199PKrP,2,4,213270
rebird,2,3,213133
Pivnoi Kaban,2,2,213026
The last samourai,2,7,211926
Above The Law,2,9,211475
Fairies Winx,2,0,211058
rising phoenix,2,8,210742
away from the game,2,4,210195
Brotherhood of Jefry Epstein,2,2,209960
II AlphaDystorvied II,2,8,209733
Aimo,2,14,209599
Pookies,2,19,208827
Bloody Attention,2,2,208723
An Earnest Endeavour,2,5,208496
Mogulshiki,2,16,207031
Saint inquisition,2,0,206671
1881 1938,2,14,206311
Genei_Ryodan,2,22,204470
Dark System Boss,2,15,203928
BumHairs,2,15,203172
Void Cats,2,10,202773
Uboynie Kiski,2,11,201953
DEVIL_BANDIT,2,2,201183
4if_Kif,2,2,201094
Dragon God NB,2,6,200788
Scythes of the Emperor,2,9,200772
No Mercy,2,0,200655
Coping Inc,2,5,200230
IMISS10s,2,2,200204
Knights of Modzia,2,5,199716
YZ Legion,2,6,199513
grabnica nazarik,2,6,198980
Les Ravages,2,10,198274
POOK,2,17,197877
Mortrax,2,4,197199
AnyMe,2,6,197160
7 RONIN,2,24,196752
XEPCOHCKAYA KA3HA,2,2,196580
RussianZ,2,7,196041
Cheese Vendor,2,6,195738
Satanic Warmasters,2,8,195714
OBSCURE CLAN,2,9,195688
Loot Goblins Inc,2,2,195185
AntiCommunistAction,2,13,195151
FRex,2,24,194972
Fruity Spartans,2,1,194120
Bobor,2,2,194086
OTPABA,2,1,193633
Blue Hospital,2,7,192932
Alphas Abyss,2,1,192220
SunArk,2,14,191953
mighty fishers,2,1,191758
Deathmatch,2,5,190983
Sayeha,2,24,190809
MANTECOSOS,2,4,190475
Comfortik,2,23,189576
EL Zababra,2,9,188581
kanka,2,0,188392
KUNLAND,2,2,187835
How did I get your mom,2,1,187569
The_Viking_heart,2,5,187350
Zookeeper,2,1,187134
OldINSIDE,2,6,187116
Flat 4 Brain,2,4,186589
Hijos del Cierzo,2,6,186453
Black_Boys,2,8,185502
BLACK REQUIEM,2,9,184361
O_KaK,2,9,182304
Chocolate Bullion,2,18,181891
Ragna Crimson,2,15,180967
Full Journal,2,7,180319
Deus Vult,2,18,179794
Midgard Saga,2,16,179418
Undead Sanctuary,2,4,177884
B L A S P H E M O U S,2,5,177881
1ere legion Orionite,2,4,177660
Friend with benefit,2,6,177620
Spermos Bankas,2,5,177327
bampaciki,2,3,175987
LA BOITE A PIZZA,2,3,175722
Pikmin Corp,2,1,174998
COMPA,2,16,174051
Shayka Ruins,2,2,173844
Trupa Umarlaka,2,3,173481
TheQ8,2,14,172804
porn,2,3,172487
Tuskz,2,2,171941
MEOWWW,2,2,171871
SremskaDzungla,2,5,171770
Dirt,2,12,171577
Lovci ciganu a minorit,2,13,171397
The Robinsons,2,3,171140
godne maltaczyki,2,1,170809
Lanter Arda,2,11,170154
Crimson Vultures,2,14,168703
Saint George,2,8,168494
DEVILS FURY,2,0,167976
Hurt,2,0,167463
lMDB,2,4,166833
OwlMafia,2,18,166654
Le PMU,2,6,166490
ChickeN HousE,2,0,166403
Pergamonos,2,25,163898
Core Sleeper,2,3,163847
PVE_MOLb,2,16,163842
NE MUTLU TURKUM DIYENE,2,9,163711
Tenebriss,2,12,163032
BaliBaloDansSonBerceau,2,4,162805
ARABIC,2,15,162559
Florest,2,8,162247
Kurotsuki,2,3,162118
The_Sleepers,2,0,161853
For FK Sake,2,4,161102
NeuronDeactivation,2,4,160902
Birds of a Feather10,2,1,160699
buddies,2,26,160660
ALLAH VE ALBION,2,0,160538
Nazarick,2,3,159860
WAYHOME,2,4,159601
Gopniks,2,11,158812
Bulls in Black,2,2,158267
AXES,2,8,157611
Sunda happy,2,3,157279
Face Palm,2,5,157221
Toch V Toch,2,9,157080
Cringe Life,2,7,156616
CastleBlack,2,4,155811
HOPO,2,1,155539
MiddleEarthh,2,9,155009
MOTODORA,2,4,154188
viper3,2,3,154185
UNCHO ARMY,2,5,153036
Shadow Fire,2,4,152675
Hot Stars,2,1,151254
Try Hard Zone,2,3,150671
Outpost Thieves,2,0,150504
FABRYKA MARZEN,2,8,150388
EveryDayGrind,2,7,150378
Die Killerkanickel,2,16,150304
ZXC Kitties,2,1,150209
Pistaweya,2,2,149762
Black Widow Clan,2,10,149655
N1ceTry,2,1,149615
POZORNIKI,2,1,148894
Los peinacalvos,2,7,148555
Brise-Mondes,2,17,148323
Clay Cutters,2,6,148227
nasty,2,1,147364
KAFIR,2,8,147121
Pervozdannoe Pivo,2,6,146962
VIPonly,2,9,146759
A Perfect Square,2,5,146232
Inochi No Ki,2,2,146078
Mysteria,2,1,145613
WELCOME GOLDEN,2,1,144432
WhiteBrigands,2,10,143608
Black_line,2,16,143595
Good morning,2,12,143024
tabarnak,2,0,142396
Trade and Craft Union,2,5,141775
Rich SELO,2,5,141601
OtiNaneiiiii,2,8,141003
Lait Plus Fort,2,8,140872
papus,2,14,140745
Saurons Legion,2,3,140679
NIGHT MOON,2,16,140330
Plus Ultra,2,3,139888
Les Saucisses,2,28,138972
Les Ombres Noires,2,5,138818
BLIS,2,6,138452
srfdz,2,16,138395
RO_Guiness,2,8,138365
KiNgnight,2,2,138332
Szydlowska mafiia,2,1,137759
Ghouls Land,2,0,137699
VIkingod,2,0,137588
Black hell,2,17,137370
High Cards,2,3,137265
BEHOMAHCEP,2,7,136185
Dead inside team,2,11,136005
CELESTIAL DRAGON,2,1,135973
Sex_Smile,2,7,135839
Knight of Sterling,2,4,135597
Gre4ka guld,2,5,135591
KOPOHA PETYXA,2,10,135240
Hunters_X_Hunter,2,7,134982
QaHom DujQeH,2,2,134933
Ghoul,2,14,134718
Anvilanche,2,5,134466
RojosBandoleros,2,2,134002
Duo Mortem,2,16,132671
KRA_KEN,2,1,132516
REFLEX,2,25,132400
ALL IN VAIN,2,10,131166
11123,2,0,129933
The Knights of Albion,2,11,129207
Schutzstaffel,2,1,129175
Clan _Rip_PVP_PVE,2,1,128601
ALEXSANDRI,2,2,128036
sirinlerkoyu,2,1,128025
bimba_bomba_kuev,2,4,127331
No Risk No Ferrari,2,3,126861
R I V I A,2,12,126639
Blitzkrieg Z,2,2,126630
Stable,2,3,126028
RiseFromTheAshes,2,15,125458
The Gretness Pve,2,4,125290
The Black Galaxy,2,6,125229
Whisperfangs,2,3,124989
grosse merde,2,0,124701
T H U G G E R,2,10,124198
ARDAYIGTTEN,2,1,123197
The Mercenarios,2,8,122386
Night Shadow Garden,2,13,121934
SNIGHERS,2,0,121790
No_PMT,2,3,121563
kimpintyao,2,4,121374
STRYKER,2,3,121234
NKT4,2,2,121150
L o v e,2,3,120835
kynichyo,2,9,120702
Mystic,2,0,120492
NoTime,2,5,120351
GANGIRI,2,2,120272
WIND,2,2,119837
Kilokil,2,0,119490
btm,2,8,119252
Misery The Ebd,2,1,118711
DE Imperium,2,1,118055
STRS REIGN,2,11,118014
Alliance of Elites,2,6,117898
EBI-DOEBI,2,4,117678
AsasiniiDinOltenia,2,3,117479
Speedy,2,1,117070
Hombres Sin Rostro,2,2,116808
Rogue Armada,2,9,116375
TheOnlyOne,2,0,115644
The Berserker,2,3,115421
Hereditas Gloriae,2,9,115094
Moggerverse - PSL Band,2,8,115025
IRAN_Killer,2,4,114987
AETERLIX,2,0,114125
M00DSWINGS,2,1,113852
Fvck CB,2,2,113186
L I G H T B O R N S,2,4,113157
The Plague,2,1,112647
Black monolith,2,3,112400
Cacophonie,2,3,111969
Big Paws,2,7,111842
CPU,2,7,111578
Zakon Pomidora,2,8,110788
Vexima,2,9,110317
Gen Halilintar,2,1,109905
SAMURAIS SQUAD,2,12,109865
Kukushtan,2,17,109408
SUPER DUMBSTERS,2,17,109191
VONIAL,2,9,108686
HAYATLESS,2,1,108674
The Night Watch,2,3,108498
Falikm,2,2,107962
Mist Strangers,2,4,107423
Your-Jester,2,6,107032
TEUTONIX,2,2,106456
Teutonic Warfare,2,1,106428
immortal darkness,2,30,105917
Cisowianka,2,3,105520
TRAID IN,2,4,105330
MAKE ROMA GREAT AGAIN,2,8,105130
BLLAK_ TOOPSS,2,4,105111
Imperium Eclipse,2,2,105058
BridgeGuard,2,4,104934
Valcaor,2,16,104929
Kosatke,2,1,104641
Roy,2,1,104630
shuturbitchass,2,4,104043
Im Alone I Swear,2,2,103405
DRAGONBORNES,2,10,102697
3LE1,2,4,102664
The Golden Forge,2,5,102398
Embers,2,1,101487
Molotov GLASS,2,2,101275
Largent avant tout,2,7,101026
Ancient Roots,2,10,100920
ziggies,2,7,100622
Niaworld,2,2,100520
UNEXPECTED DEATH,2,5,100402
Death Merchants,2,4,100371
Gray Owner OW,2,4,100233
JIUYAONB,2,0,98687
Sons of Sun,2,0,97882
OMWP,2,0,97128
Risen,2,4,97039
LES PH0ENIX,2,1,96904
Scratch Lion,2,2,96840
A Bunch of Slut,2,3,96708
DoslarKirathanesi,2,9,96588
Crying Wars,2,16,95929
A Bomba Pazi,2,1,95693
Temple of Sand,2,4,94969
concede muertes,2,9,94846
TADRIX,2,2,94668
King of Depths,2,3,94503
Santa Sede,2,18,94468
no money no l1fe,2,2,94384
The Baddies,2,3,93736
The warlord,2,11,93695
For Free,2,4,93555
WALHALLA,2,7,93333
KazanGang,2,9,92969
Voice Of Darkness,2,1,92849
Deus sive Natura,2,2,92672
Aggression,2,2,92390
PivnoiGhoul,2,2,92353
Apes Together Str0ng,2,6,92267
need for gang,2,3,91925
Silver Keepers,2,12,91795
FuddleWuddle,2,2,90570
Heralds of Nightfall,2,7,90181
IIIIIIIIIIIIIIlokiiiiiiiii,2,0,89810
Fellagha,2,4,89087
QZ Squad,2,4,88925
DUETT,2,8,88694
OGC Only Good Cats,2,2,88200
White Dragon King,2,6,86841
Grubby_Domination,2,2,86220
Hexa,2,3,86018
LaCocoRocha,2,10,85758
6vX,2,2,85725
DoctorOpronYT,2,2,85515
Celestial Abode,2,4,85512
Maliny,2,1,85260
FREEDOMutc,2,1,85192
MGE Brotherhood,2,10,84758
Laxtania,2,6,83627
The Axiom,2,4,83072
Ukrainian,2,9,82997
woof woof s,2,6,82883
Legacy Paradox,2,8,82882
Martyrs,2,3,82336
BekaKrew,2,3,81694
BLACK WOLF KNIGHTS ZA,2,3,81365
METAN,2,13,81349
spermdealer,2,1,81088
Vappen,2,2,81060
Italian Mafia,2,4,81003
GankersDSG,2,1,80496
KFC FAMILY,2,2,80303
Bah Asoy,2,21,79842
chipsoedy,2,3,79276
ISKELETOR,2,5,79241
AmantiDellaPatata,2,15,78859
Black Clock,2,9,78123
Rull,2,5,78052
IMPER1ALS,2,8,78005
Friendly Psychopaths,2,12,77870
Kasyniarze,2,1,77732
Monkey Hangers,2,2,77566
NIL,2,1,77140
Pride Eternal,2,20,77131
BIG VIVO,2,3,76973
Astral Covenant,2,0,76791
Lord Of The Rings,2,1,76562
Crown and Sword,2,1,76549
Anduril,2,2,76173
S i R E N,2,4,75960
Lasting Period,2,8,75454
VOLKI I EGO SHAKALI,2,5,75242
NIGHTREIGN,2,0,74802
Ordini della Lama Sggacra,2,7,74764
Daisy,2,3,74701
TTFD,2,0,74174
puddle,2,13,74155
donjimeno19,2,4,73897
MIST TERRORIST,2,5,73019
MORGANAguards,2,1,72763
Exiled Kings,2,4,72752
powerful jars,2,2,72242
Anatolian Tigers,2,8,72240
The Lords of Chaos,2,2,72202
skoggangri,2,6,72043
Dominators,2,8,71616
ATAHUALLPA,2,0,71383
Matadores de T3,2,2,71015
Os Nomadas De Cristo,2,1,70836
Vektor-a,2,8,70518
Los Tarados,2,5,70442
Silver Company,2,3,70401
Akashi,2,3,70169
AlfaHope,2,4,70022
Rampazz,2,15,69575
XcaerleonX,2,3,69038
swag_albion_police,2,1,67784
BARAD-DUR,2,5,67716
Hymn of Heaven,2,2,67508
Desert Jackal,2,3,66955
ANKAM,2,5,66660
Alger 19,2,2,66660
KIlLWIlL druns,2,9,66461
Glamurrr 52,2,10,66336
Flying Racoons,2,0,66039
Ayo,2,0,65758
King wolf,2,2,65631
M A C A C A D A,2,3,65275
The club guys,2,2,65199
VLAGALLA,2,3,64859
kawaiifell,2,14,64443
Puper Dushki,2,3,64278
MYX,2,5,64266
Winterr,2,0,64095
Thunder_Thet,2,1,63823
V de Verganza,2,1,63782
ANTIGER,2,2,63442
Angel_Demons,2,4,63222
Order Legion,2,5,63076
4 Traps,2,3,62680
realDEXXter,2,27,62654
Rock and Beer,2,6,62103
NewerSquad,2,11,62062
Blatnoy Udar,2,2,62043
Delivery Knight,2,2,62037
Shake it The Max,2,1,60776
Army Of the Two,2,0,60462
NON-MANDO,2,3,60288
Socks on a tuesday,2,3,60078
Lapa-Volka,2,3,59674
Pink Panther,2,8,58375
KEVIN AND COMPANY,2,3,58300
TURK-209BCE,2,4,57898
BLZZARD,2,2,57852
kolpakk,2,5,57628
Linaje Autistico,2,10,57122
Doom Lord,2,3,56910
Reverend Covenant,2,9,56764
UltraViolence,2,8,56525
AFK Grandpa,2,1,55918
Domhain Chasm Custom,2,5,55370
HIT EM UP,2,4,55247
Pennergranate und nh Bocki,2,3,55006
Die Wilden Schweinchen,2,2,54291
DarkMan,2,6,54260
Bad Dog Boys,2,0,54077
Turquality,2,6,53735
SuicideKing,2,9,53684
Purple Sword,2,3,53461
Red Penguins,2,0,53048
HideorDied,2,8,53026
ChillBrazzers,2,3,52079
Provinces,2,6,52062
VibeAl,2,2,51908
honkai,2,8,51839
The Final Crusade,2,3,51809
VSEM_POXYI,2,2,51621
DANZA KUDURO,2,1,51541
Sigma Gooners,2,0,50453
SWORN TO KILL,2,11,49911
Aenima,2,7,49896
Zimne Piwo,2,0,49794
The Drunken Buccaneer,2,0,49056
ImperialLegion,2,0,49026
TEU PAI,2,1,48430
StormForget,2,1,48142
SLonik,2,6,47958
Pinnacle,2,0,46951
Kuzya Lakomkin,2,4,46836
Valimos Verga,2,6,46688
Miaomiao,2,5,46146
Chlyp z Fasolo,2,1,46056
OPIUM WARRIORS,2,8,45828
l O_o l,2,4,45430
The Three Kyfers,2,2,45379
Lord Camelot,2,2,45277
Sexodrome,2,4,45159
Vnimanie,2,0,45050
Black Dragon,2,5,44298
Order Of Sterling,2,2,43616
ANTYKONFIDENT,2,1,43265
laverie des slips,2,3,42740
RESQ,2,1,42654
SUMRAK,2,0,42072
NO GIRLS ZONE,2,0,41707
Donald Trump Fanclub,2,14,41517
The Black Blade,2,2,41507
v0idw0lkers,2,1,41178
The Higherdogs,2,2,41058
FRUGO,2,0,40488
ALWAYS UNLUCKY,2,3,39954
MONKEY MAMA,2,1,39717
sorry oblapal,2,2,39550
TABEPHA,2,3,39379
PDIP,2,0,39291
Head Hunterss,2,2,39212
A X I O M,2,7,38403
Duality Persona,2,3,37936
FragNation,2,3,37827
0 BLock,2,1,37649
Bianco Pro,2,1,37608
TIK T0K,2,0,37424
The Fury,2,1,37159
Outplayd,2,0,36970
4ERNOGOLOVKA,2,0,36610
Clown,2,2,35919
Stone And Iron,2,2,35206
III Legion,2,9,35038
Dzbany,2,4,34777
Slytherin 1,2,2,34619
COCK RIDERS,2,3,34480
The Mighty Hotdog,2,0,34466
gold_tree,2,7,34286
Avanturka,2,2,33540
Devlet-i Serbat,2,3,33460
Cigani v Cejlu,2,1,33008
O L D S C H O O L,2,1,32902
GoldDiggerOnline,2,5,32656
KAI_ZEN,2,3,32211
I Love Potatoes Yummy,2,2,31998
Non-Plejer Charakters,2,2,31928
S U N R I S E,2,4,31919
The Bankruptcy,2,5,31551
Why You FEAR ME,2,0,30792
Shadows of Albione,2,9,30114
the hunters777,2,2,30106
Cok Yoruldum,2,1,29840
Online napkozi,2,12,29680
SL Solo Leveling,2,2,29386
fan des animes,2,2,29115
Fortunes Gamblers,2,2,28698
DirtyParadise,2,4,27799
Dream Community,2,6,27237
Order Of Dawn,2,4,27168
Dragon Traders,2,2,26514
POPEACHY BOYS,2,6,26444
Bithynia,2,3,25996
Fox gang,2,3,25400
Cweloza67,2,1,24905
Voyageurs,2,3,24873
Chasseurs de Bridgewatch,2,4,24599
OYLESINE,2,1,24351
Bandit from Whitebank Stream,2,1,23632
S I G I L,2,5,23535
BeZpredel,2,4,23436
Wemawee,2,0,23297
Army Of Deaths,2,1,23203
KING OF DARKNES,2,0,23172
To mi dej to je k nicemu,2,3,22989
NEQXUS,2,0,22734
Pyromania,2,0,22694
WirHaeutenGilden,2,4,22147
Western Shield,2,2,20904
Everglyph,2,0,20466
SkeletoonTeam,2,1,20139
Knights Of Silence,2,4,19987
Rise Wolf,2,1,18180
Furry Community,2,3,18072
Mutant Ninja Turtles,2,3,17381
Riobi,2,8,16789
LO SIENTO,2,0,16766
krwawe jelenie-elastyni,2,8,15744
Les Branches,2,0,15442
Jokerpp111,2,3,15096
Camping Brats,2,0,15074
Sosolo,2,1,15061
HASHGERYA,2,0,14492
Kopacze z Gorniczej Doliny,2,8,14453
Take Rage,2,1,13614
Szalaputy,2,2,13314
TEMN0E,2,1,12472
TropicieleStrusiow,2,2,12403
NOXUSS,2,3,12024
Lords of Avalon,2,3,11807
Calm Trading Company,2,2,11463
Traveling merchant,2,2,11343
SUOMI PERKELE,2,0,10282
Blackzonee,2,1,10180
HARBICILER,2,0,10164
abalos girls,2,0,10004
Draco,2,0,9774
God404,2,2,8999
Sutra,2,2,8870
Enclave,2,5,8749
diet for skinny people,2,0,8122
CATAWAMPUS CREW,2,2,7344
ae_GNG,2,6,7218
CAC,2,0,6396
The Yomomma,2,6,5400
P_I_V_O,2,6,1758
Red Tree Craft,1,3,3358368
newGardenin,1,0,2969489
GERMIONA PRIME,1,2,2737812
RzPasta,1,2,2542730
Golden Orden,1,5,2453227
Libertarios,1,7,2281668
swaga,1,1,2191953
EVE Sylvanas,1,3,2150073
Under the Law,1,4,2088753
Fakers,1,1,1972152
deadly wolves,1,3,1909044
Mudiwara,1,27,1754558
Gnomiki,1,0,1740037
Greedy Kids,1,0,1692737
whyunotloveme,1,1,1690560
AGG,1,3,1656519
Billioner,1,5,1648147
vodka,1,5,1603070
EBAL_ABOBUSA,1,3,1503191
Demande a Mes Potes,1,4,1495639
Epstein Files,1,0,1479197
CRU,1,27,1472465
CHOKOPAIKI,1,2,1451471
Invisium,1,4,1440760
Vent art,1,3,1402179
MirOwl,1,2,1367299
Storms of Sterling,1,11,1340826
FENNEC,1,1,1328073
whoooooooooooooooooooooooooooo,1,2,1305538
67 Festive,1,1,1272842
Ya Na Chlene,1,2,1232818
3mkoo,1,1,1177318
STATlC FAMIA,1,1,1152655
Militia of Fort Sterling,1,4,1126433
Phaino,1,3,1094842
S A N C T U M,1,4,1073709
Da Forno,1,2,1047507
lootsplits,1,0,1045782
PROFESSIONAL RAT COALITION,1,14,1015668
sadis,1,3,998523
BRATLAND,1,8,974031
THE MAGGOT,1,47,963034
JACK,1,4,945207
No Hands,1,0,939866
newbieee,1,0,939833
Alpha Cometrex,1,1,904116
LOOT3R,1,0,903057
HelloTM,1,0,891728
G0D BL3SS,1,13,886331
CheBureChistvO,1,10,863084
BOAR CLUB,1,12,844680
EGYPTion band,1,17,817900
Citadel of Ash,1,0,817522
Y sus Secuaces,1,10,815937
Ghost War,1,2,811269
Bloody Destiny,1,32,787326
GHOST NIGHT,1,5,777909
House Requiem,1,39,777049
Kyivstar Kings,1,1,752305
Skoggayngr,1,14,750091
Ustafka Na Midzie,1,12,748764
p1d0rasov dom,1,2,746937
get ready DISBAND,1,3,744169
PS Sparta,1,13,742627
Leysa,1,17,731051
KURTIZANKA,1,3,730030
3a6y3a 4TO c E6aJlOM,1,0,723291
Israel Community,1,2,713148
Heroes of UA,1,3,699180
Si4,1,0,689751
LifeThieves,1,0,687856
Not A Brawl,1,2,684768
Shadow Of Hades,1,41,678030
Pony,1,2,674248
The Tricksters,1,4,669699
Malpi Gaj,1,2,669260
BackSh0ts,1,1,667743
skycraft,1,0,655158
GCC,1,5,654060
Jester Brothers,1,3,653876
AsganaFlow,1,12,651169
Waneda,1,3,650582
martlock20,1,0,647674
Odyseja,1,6,640131
OXkillz,1,6,639138
KUBAgg,1,20,637718
Tik Tok,1,3,624688
Cool Beavers,1,1,617449
X-47,1,5,616709
Astral Domination,1,1,615715
Petuh,1,0,610104
Eagles of Albania,1,13,609403
ZLO inc,1,44,599911
GM-Community,1,11,595529
Ratatata,1,4,595207
FIRE BLAST,1,1,595052
GuildPotato149,1,4,592153
BloodBornKing,1,1,590279
O T M O R O Z K I,1,4,586938
ES2E,1,12,583766
REMEDIUM,1,16,582732
WolfGank,1,0,580068
ICARUS,1,3,573944
Golden Roger,1,6,571694
WhyMK,1,2,559060
La Rosa Nera,1,0,552796
GANG OF MONKEYS,1,2,545166
Burne Aoute,1,3,541017
One Tide,1,4,540264
BLACK TREE PUB,1,10,540239
FireResistance,1,3,534904
Die Gummibraenbande,1,3,530753
blacksmiths 2,1,2,530548
30kk pvp destroyer,1,2,530278
Versaille,1,1,524128
koffie,1,2,523583
Kree,1,4,516698
Mystery War,1,38,516533
Art of Survival,1,3,516136
Khonsu Lychshiy Drug,1,1,516008
Iron Fellowship,1,2,513133
Pivo Players,1,2,506271
rDe,1,10,503845
RainyDay,1,2,502572
GRAILSEEKER,1,2,500636
N0 SLEEP,1,8,493675
GATITO TEAM,1,0,490792
Penyembah BM,1,0,488735
Improve,1,3,486762
Owls of Freedom,1,1,486122
svo goida zooooooooooov,1,1,483594
attrapezlestouff,1,9,482025
hunterr,1,46,480793
Themis,1,2,480304
TGKcompani,1,0,479195
XuXu XaXa,1,3,478545
CraftNSell,1,6,477190
Luna Nera,1,1,473758
Cortisol Farmer,1,27,471150
pop girl,1,1,470281
FAMILY OF CWELFAJSTOS,1,5,469922
Mist Donators,1,3,469910
Valkyrie Hell,1,2,466616
Ratford,1,9,464434
TradeRepublic,1,1,463767
ZXCasino,1,5,461281
Sons of the suns,1,0,460727
No Loot No Sleep,1,48,455685
Les Gaulois,1,2,455406
Dead Sea Scrolls,1,3,455196
Ironfist Syndicate,1,1,450871
Fenixses,1,0,448982
Hammer of Albion,1,4,447625
DEAVOLS,1,18,445850
CRYOUT,1,7,445718
Great Love,1,17,445408
Forgotten Memories,1,1,444172
WaR Gods,1,0,443085
XBB,1,12,441177
nubiki-tochka-ru,1,0,440828
TakMamaSkazala,1,10,439235
THE BLACK BULLSS,1,13,433895
Padres Fundadores,1,20,432058
XXX Company,1,2,431376
M2B,1,1,430567
sool,1,4,429302
hunterPVP,1,5,428929
Los Ratatos,1,1,427598
Niamouille Corporation,1,1,427072
The Rising Dark Sun,1,25,426498
Shark Nation,1,1,426382
THE DARK TRlAD,1,0,425330
Murkweald Familia,1,1,424131
Tenebrisss,1,33,423166
GRUZ300,1,10,421480
RidersofRohan,1,12,420798
Commune,1,12,417799
Les Chaises,1,0,416895
Gyyym,1,15,412297
Takeda Clan,1,16,411496
The Conquerors of the Peaks,1,0,409884
Ordre des Faydits,1,19,407861
Lazy Trading Company,1,16,402197
Only Gank,1,3,400155
Moon,1,13,399137
Earth is Flat,1,5,398723
chidori prime,1,4,393490
banked already,1,2,393358
Metaf0rce,1,1,389860
YUDUM,1,3,388865
BOMBER LAND,1,2,388057
Columbia,1,5,386064
SADBRINGERS,1,0,379336
triplettonychocolonicumshot,1,5,378637
Gear Fifth,1,1,378431
Party_KP,1,4,376895
EternalDuo,1,16,374651
MONEYKING,1,6,373635
Emperor Castle,1,0,372227
GoldenBlood,1,2,371536
DK EYES,1,2,370631
Wolf_Jkt,1,5,369318
Alone in Dubai,1,1,368868
pidori,1,13,365516
XBOX RU,1,39,362933
Zero-Time,1,5,361991
GankerBanger,1,2,360328
KangKang,1,1,357938
SOSAL,1,2,357596
AVALON-KNIGHTS,1,46,357185
Decayed,1,19,356778
Aryze,1,3,356391
Solo Guys,1,31,354997
Shivering Isles,1,4,354551
Losers,1,2,352729
SlightEdge,1,0,351660
Estores,1,4,350688
AVA FLEXX,1,1,350109
JAKALS,1,4,349379
0PG,1,0,348396
CottonManufactors,1,4,347672
Die Heilige Inquisition,1,1,346923
just war 99,1,1,346108
THE BLACK COALITION,1,2,344087
ava clowns,1,8,343247
TeamAxl,1,0,339828
BoardBeard,1,2,338637
Apocalytica,1,13,338295
DREADWOLVES,1,9,335439
CEPLIK GANK,1,15,333322
kopposhipi,1,10,332644
Conejito fiu fiu,1,5,331608
Self-Evolution,1,8,329942
FaRMeRbl,1,17,329933
only me,1,0,329677
WSYZS,1,9,329589
HaKaRo,1,5,328939
avalonia,1,11,328509
not cake,1,6,328354
Habibi Gankers,1,7,327937
Foxy Team,1,6,327742
Tetford Fraction War,1,4,327220
FunP1ayers,1,6,327194
Hundeheim,1,9,326706
ERMAK,1,14,326165
AAA1,1,14,325328
Phantom FS,1,15,323954
Sheep Happens,1,0,323544
PPEU,1,0,323433
BagEnd,1,20,323364
OnHold,1,5,320140
Grannys Cottage,1,4,319704
Victims Of Liyana,1,17,318015
P32,1,6,317406
GankBangZ,1,0,317366
Brotherhood Of Lana,1,0,316992
NIGHT-RAIDERS,1,6,316068
darkking,1,6,314459
The Little Cucumber,1,27,314223
Mafa,1,5,314210
D33F,1,7,312928
Albion Dlya Slabix,1,7,311847
Ashes of the Empire,1,2,310713
BRIDGEWATCH BOMBOCLAT,1,2,310642
PRIME Milashka007 AMERICA,1,0,309554
NetCat,1,7,309553
CHEAP CRAFT THETFORD,1,11,305352
Esto es una Bomba,1,1,304225
VOROVAL,1,0,303101
Helgard,1,2,302857
Band of Reapers,1,8,301725
Intujace Zwierzeta,1,2,300022
FOOD CHEK,1,13,299719
winterfel,1,23,299273
AM_HUNTERS_030,1,1,294960
Crash Of Gods,1,4,294776
Sons of the Crowd,1,33,294320
THE TERMINATOR,1,19,291687
RUSSIAN FEDIRATION,1,15,291387
The Gankfather,1,0,289571
M_I_F,1,24,289212
ebonydawn,1,6,289154
Trade_Plus,1,7,288905
ASPARTAN,1,8,288895
Born Gamers,1,12,288547
Picsou compagny,1,1,287792
ON THE HUNT,1,0,287492
THE United,1,2,287023
Order Hunters,1,1,286655
Formula 1,1,5,286397
Who_cares,1,11,285602
Balders,1,4,285355
City of Sorrow,1,11,284491
GNILOZYBIKI,1,1,284002
MiRKWOOD,1,12,283777
Band Of Brotherss,1,3,283776
Born_Lucky,1,1,283634
Sinners of Avalons,1,0,283257
ProDCP,1,1,282473
Worldwide,1,1,281983
FC Maxo,1,1,281835
AVALANCHE 2 SPERME,1,15,281591
ATHANOR,1,21,281525
Iron-clad,1,17,281519
scam factory,1,4,281289
SCARLET_ROSES,1,3,280822
universal_stud1os,1,1,280490
WOLVES OF ANATOLIA,1,5,279617
GorillaZZ,1,5,277713
poizn,1,3,277480
UNBELIEVABLE,1,2,276724
PvEfarmilki,1,8,275523
Sakai,1,2,274818
Oath of Vengeance,1,2,274670
OverIords,1,1,273941
Paulomzguildd,1,2,273672
makeitright,1,9,273609
Green Boys 05,1,22,273015
Lumina,1,2,272855
KuRuESHkU,1,7,272400
Stators,1,0,271600
MuslimSS,1,18,271561
GOLDEN FAX,1,0,270134
DarkTimes,1,7,269560
Astra Imperialis,1,12,268756
gucci flipflop,1,3,268014
ZZAMONOLIT,1,5,267918
no values,1,1,267691
MAMBO,1,6,266659
SHAURMYANE,1,20,266654
SoloShow,1,1,266070
life stealers,1,5,266038
Atomic-kitten,1,3,265757
Black Last,1,5,264932
LA_ORDEN,1,14,264613
Lovely Ltd,1,0,264176
B U S H I D O,1,2,263437
I WANNA BE YOURS,1,2,261750
TEAM-Walhalla,1,4,261701
Exceed,1,36,261129
fkin mogger,1,1,260178
4Ai,1,0,260047
Cpatb Be4Ho,1,14,258538
X-HUNTERS,1,13,257767
Artistic Dwarves,1,3,257553
PUTIN SQUAD,1,15,256400
LOS-ESPARTANOS_2000,1,11,255928
Turkiye,1,2,255761
No Trust,1,2,255647
GIVERS OF DEATH,1,13,254899
IMPERIO HISPANO,1,10,254270
IRAQ1,1,0,251895
Clappers,1,13,251844
DEAD HATE,1,26,251555
Wandering Circus,1,4,251347
ForTheMammoth,1,5,251084
Aurum Ignis,1,7,250234
Incited,1,0,250201
Andrusyaks,1,6,249747
Z-T-H,1,1,247604
Fish And Potatoes,1,17,247530
Sassi Meldolesi,1,4,246128
Worthy of Death,1,1,246076
BlackGank,1,1,245999
Ma-MaraderZ,1,8,245830
Lord Of Ottoman,1,2,245352
Polish Dubbers,1,5,245057
WITHOUT MERCY,1,5,244849
Kandhar,1,3,244218
Wlad Z7am,1,6,243923
1144,1,22,243710
Truedragons,1,23,243612
Sahiomasonia,1,8,243171
Never Sleep,1,2,242918
Crow Croud,1,14,242488
Studnia Kalorii,1,0,241287
knight of apocalypse,1,4,238760
Mario,1,0,238301
McLovin Gang,1,10,238254
BYBNA,1,0,237991
za-dom-spremni,1,0,237558
Prncipi sen Patrena,1,3,237417
snsd,1,9,235887
GENERAL LUKOV,1,2,235790
9 BIT,1,2,235707
mustang,1,7,235490
Angry Pigeon,1,4,235442
Chlopoki ze wsi,1,1,234575
HELLOFGOD,1,5,234500
Orden de la llama sombria,1,5,234450
SoloBlackZoner,1,0,234413
gerakl,1,1,233623
Drynki team,1,11,233536
XRshiky,1,10,232908
DOOR DOOM,1,3,232885
Celestial,1,18,231551
bear_beer,1,4,231528
Hands Disabled,1,1,231521
kang and dznuo,1,8,230930
NexusTR,1,7,230478
Look Good Play Good,1,6,228763
AKA Hellgates EU,1,1,228712
Victorys Oath,1,20,228489
IOeOeOeI,1,4,228154
Newbies Albion,1,13,228151
Fraternite,1,6,227966
eazycash,1,3,225579
Ordine Scarlatto,1,20,224875
Withered Rose,1,15,224849
No Brian Just Vibes,1,3,224829
This is the Way,1,7,224095
VERITAS IN PIVO,1,7,223716
GROVE ST 4-LIFE,1,5,223177
AGObyJESUS-CHRIST,1,4,223028
Don Pollo Army,1,10,222603
HIMMMMMMMMMMMMMMMMMMMMMMMMMMMM,1,2,222110
Falkenbach,1,0,221592
AVA RAID,1,0,220966
Masturan,1,14,220847
PHX,1,1,220760
Windbreake,1,14,219170
BM-Vault,1,4,218474
Eylue,1,8,218453
Cup_of_Tea,1,1,218340
Beyhude,1,5,217967
HuMeRES,1,1,217502
Bluntmeister,1,1,217352
Hellgard,1,13,215604
YourMomMySlave,1,5,215298
HEIL SATAN,1,8,215227
MrRyzen,1,4,215148
F U R 1 O Z A,1,1,214407
TURKIYEE,1,1,213961
BSE,1,6,213948
non guild,1,5,213650
paragaland,1,7,213029
Chronarius,1,5,211622
I______________I_____________I,1,9,211550
YETMLAR KLAN,1,8,211495
L Imperium De l Humanite,1,2,211415
EBLANSQUAD,1,0,211188
Clowning,1,2,211181
Crimson Reavers,1,1,211167
AllianceOfScurletRoseAndCross,1,9,210765
Bystrocivic gang,1,2,209847
Varsava94,1,3,209710
GSB,1,4,208789
Aetern,1,6,208419
Free Silver for ALL,1,0,207675
Avalonian Architects,1,15,207506
AveohTM,1,12,207327
Alpha sigma wolf,1,1,206834
Russian Empire,1,9,206565
White House,1,0,205982
Sic Mundus,1,8,205073
owl pemburu bocil,1,2,205011
K I O T O,1,9,204566
GuildaPentruRMT,1,3,203928
Olutmeri,1,1,203784
The Caravaneers,1,0,203438
Alter Ego,1,1,203340
16HP,1,1,202581
Silvercraft,1,8,202410
APES TOGETHER STRONG,1,2,202258
Zeit-War,1,2,201835
WILD_HOGS20,1,12,201472
SkibidiToiletSigma,1,23,201249
WTCH CREW,1,6,201162
Brigade des ombres,1,12,201087
Solo-Gaming,1,1,200684
2og,1,3,200439
Svetloyar,1,0,199260
The Seven,1,1,199247
gang 141 gang,1,6,199096
DeN,1,7,198823
HEILUNG,1,8,198540
Echoes of The Storm,1,20,198495
Economic Growth,1,4,198067
Templar Paladins,1,2,198038
SkyWorld,1,11,197537
Beshanie,1,9,197338
Static Elite,1,2,196929
DER AKATSUKI CLAN,1,24,196690
PAURA1,1,13,195791
Os Ghost,1,7,195589
ATABARI,1,16,194891
GREAT MEN,1,5,193815
S e X,1,0,193643
Healers Killers Council,1,2,192962
KingCN,1,3,192915
Depths For Ever,1,2,192074
Deathfeed,1,2,192014
THE WOL BURN,1,0,191321
mologDotse,1,9,190866
Finlandia,1,1,190371
Cruzados,1,0,188762
NiszA,1,5,188697
Domitores Albionis Nebulosi,1,25,187583
DUSH-IBRIZLANZ AZAGHAL,1,16,186956
Fat Altgirls,1,10,186787
The_Knights,1,2,186526
Flock Of Birds,1,4,185857
Noctis Vale,1,4,185741
DynastyAtun,1,11,185342
night bloodlust,1,6,185292
1ManArmy,1,1,185230
Order Keepers,1,9,185046
Boogeymen,1,6,183820
necmis catring pitsa,1,1,183739
Bastion X,1,0,183736
Avaloria,1,21,183685
Nameless Assassins,1,25,183372
Marie Blachere,1,6,182952
ayamm,1,5,182752
THE LAST OF GHOST,1,14,182698
FLactr,1,9,182223
Rothschild Family,1,4,182064
AYKA CLAN,1,3,181908
Aurora Shadow,1,4,181577
The spirit of death,1,8,181412
ToBros,1,6,181387
SMBD,1,1,181221
HMTD,1,2,181052
GARO,1,0,180873
GONAR,1,3,180467
VES,1,8,180393
ZA Fame Farmers,1,11,179693
ger,1,0,178928
DIPLO,1,0,178645
HazeWorldOrder,1,11,178411
4BK_D0LG,1,2,177369
White Walkerz,1,8,176411
JENDERAL IMUTZ,1,4,176339
sasalivsemdvorom,1,14,176262
VadaDogs,1,4,176103
LAST HOPE,1,6,175803
Midnight Crusader,1,1,175538
ASGARD,1,1,174830
XTHE BLACK BULLSX,1,6,174780
occcccccc,1,5,174755
GANK3D,1,7,174571
Rock N Stone,1,0,174190
ice coffee,1,11,174111
GOOSE GOOSE DUCK,1,4,174076
StrafeOnly,1,2,173957
NEWYORKARTO,1,0,173882
MOR2,1,11,173145
Outer_Heaven,1,11,173090
Rabuos,1,8,173010
Kign ok Kign,1,29,172805
Splav,1,5,172775
OnePackGuild,1,8,172425
Jujelerim,1,7,172289
Yippers,1,0,171845
Freaks_of_Kharkiv,1,2,171835
Division of Death,1,4,171496
Celonos,1,0,171099
LoveYourMom,1,7,170736
6173,1,6,170301
OLEGI APOKALIPSA,1,2,170262
O B L I V I O N,1,3,170198
ProMEJbulok,1,1,170181
AllYouCanEat,1,4,169930
Anvil Alliance,1,7,169890
UnderWorld UH,1,9,169773
Built For Kill,1,0,169614
EBAHbIE_PVE_RAKI,1,26,169301
SAVL,1,11,169130
TPU,1,10,168228
KratosCloudMonkeys,1,1,168226
che Guevara,1,12,168202
Cherry Bloom,1,6,168197
Peace Was Never An Option,1,7,167832
Spargelstecher,1,1,167683
Schrank1,1,0,167683
Seul contre tous,1,1,167580
royaume royal,1,0,166602
Guardians of Persepolis,1,9,166244
mgharba l7nan,1,6,165673
HeimerDiff,1,5,164898
DarkHouse,1,7,164637
FURY of HUNS,1,7,164561
Sheogorath,1,16,164415
FortWebs,1,7,163624
In Time,1,1,163386
F O R T,1,12,162855
HOUSE OF DRAGONS,1,2,162729
THE HOLY DEER EMPIRE,1,28,162707
AO MMM v2,1,1,162534
Sunset Group,1,8,162511
lymhurstslayer,1,5,162404
RaiJin,1,9,162198
GLINOMESS,1,0,161997
KoalicjanciTuska,1,10,161711
LesBigs,1,4,160984
MiddleeEarthh,1,1,160819
BAD_TRIPS,1,6,160360
Swamp Gang,1,2,160356
I tri to rat,1,3,160245
AZEROTT,1,14,160152
I DO PIECA,1,1,160056
Enjoy every moment,1,5,159949
iINVICTUS,1,8,159878
RATLESS,1,3,159341
Skibidi Bomb,1,0,158986
kings_SVS,1,11,158261
ORDER OF SAINTS,1,2,157697
GARADOK,1,1,157463
KACTA,1,9,157156
MIST RATS,1,3,156916
Les Petits gens,1,3,156278
SILVER HEART,1,9,156041
Krusty Krab,1,8,155979
Hirosimakill,1,0,155968
BusidoOPG,1,1,155709
The Ronin Vanguard,1,8,155350
SHADOW 0F MORDOR,1,10,155237
Leonis,1,8,154840
The FAMAx,1,4,154647
Antrax Army,1,2,154473
Alpha Conquers,1,4,154291
1Astartes1,1,9,153561
ExTeam,1,3,153139
DuskRavenS,1,2,152790
Homesick,1,4,152766
Antykrolewscy,1,0,152331
69_sUeToLoGi_69,1,1,152110
SVB,1,16,151978
Acolits,1,3,151652
Brainrot squad,1,3,151378
dragon eye,1,3,151347
Poliple,1,17,151211
DANTE,1,1,150870
4ORT,1,3,150867
GuildPotato1689,1,0,150700
WAHAHA,1,9,150684
GODISNOWHERE,1,17,150392
PetitPoney,1,2,150121
The Keepers of Albion,1,3,149774
WhoSeeThisLox,1,2,149475
qazxswe,1,1,149403
Baza Markaryana,1,1,148959
barak zbieracza 2,1,1,148673
Rain-OF-Snot,1,4,148379
BSCS,1,2,148230
AVENGER,1,9,147772
Avalon Police,1,2,147590
Mug0,1,0,147087
Midnight Omen,1,17,146995
TU PRIMER MILLON,1,4,146892
SLAVE1,1,0,146869
Young Godss,1,4,145365
Muffin men,1,0,145287
SaveEurope,1,3,145194
SKG,1,1,145106
ALL or NADA,1,2,145086
Drunken masters,1,5,145020
Men SQUAD,1,11,144966
NEATSIZZE,1,0,144868
MidScale,1,1,144613
Woody spirits,1,21,144095
To the Death,1,5,144058
KillThreat,1,8,143699
SMOKERS,1,0,143504
10M to Mount,1,1,143369
NEW NARACORT,1,4,143352
flas,1,1,143306
SWAGCITY,1,1,142785
EPSTAIN GUILD,1,3,142112
Welsh Maulers,1,5,141894
Vip,1,1,141532
Chicken Aid,1,30,141182
U and I,1,2,140366
Marlborough,1,2,140303
zZz_1337_AFRICA_SUETA_228_zZz,1,0,140285
Kruvels,1,0,140271
THE LORDS OF FATE,1,5,139437
IRAN,1,8,139171
MDZ1995,1,3,138965
WIPE TIAM,1,16,138397
BULLY ON TOP,1,6,137403
ZOTU,1,9,137390
Anarhisty,1,3,137223
IranPower,1,6,137193
LTE,1,13,136971
TraderS INC,1,2,136898
ObLiViOn101,1,5,136835
Los creadores de todo,1,12,136833
XXX XXX,1,8,136228
Hanster,1,4,136051
Roads of Avalon,1,3,136051
MoonLiight,1,1,135868
Taldarims,1,4,135761
V01K,1,2,135576
WARHAUNDS,1,3,135241
TGTP,1,1,134824
Great love alliance,1,3,134761
Jebalnia,1,1,134526
SaintYaroSlave,1,3,134334
Dolls of Albion,1,4,134301
AYK1NSKIE,1,4,134090
Name already taken,1,0,134028
Don Pollo,1,4,133665
HORSESTEALERS,1,1,133659
ThunderCIap,1,5,133643
Corrupted _roosters,1,0,133137
drago9,1,4,132836
228_xXx_B777OP_xXx_228,1,1,132656
Take Cared,1,8,132484
Respawn Squad,1,13,132472
Elysium,1,4,132239
Los Wars Dogs,1,7,132094
GLINAMESSI,1,1,132036
Anunnaki,1,8,131875
KARAHANLI,1,4,131687
Romondoto_Morocco,1,3,131656
CORRUPTION,1,17,131587
Maestr0s de la Masturbaci0n,1,4,131565
Spooke,1,4,131497
Squad of kittens,1,7,131406
Death TaX,1,3,131004
Shoguns,1,1,130722
ktabs,1,8,130560
Dragons of Thetford,1,9,130462
Flaming Fist,1,25,130400
HUNTING YOU,1,1,130395
Dragon Team,1,3,130019
Grudolubs,1,17,129671
PORN0,1,4,129519
VISIONS,1,5,129234
Lycaleons,1,2,129086
ABSOLVE,1,0,128600
Lacrymosa,1,1,128414
fluttershy,1,1,128139
EXERCIT CATALA,1,2,127944
ErgenokonTR,1,5,127858
AllBeOn Trash,1,1,127826
INTERITUS,1,0,127380
wagner_group,1,5,126724
La 5e Colonne,1,8,126616
PVE Forbidden,1,4,126609
Kek and Stein,1,0,126165
Urzad Skarbowy Albionu,1,0,125997
Zgon po Trzecim,1,0,125834
Grass Style Dojo,1,2,125826
A B O B A,1,7,125621
Yggdrasil Spirit,1,2,124882
Legion Espanola,1,0,124809
mie ayam,1,4,124282
OnFir3,1,4,124275
Hammer Squad,1,9,124240
Achievment Hunters,1,3,124211
Recook,1,0,123984
GreenLight,1,4,123818
MDLStrike,1,5,123683
God of Apocalypse,1,16,123643
CBuHbu,1,2,123594
Devour,1,4,123318
PunkHazzard,1,1,123315
Log_Horizon,1,15,123188
meaw,1,1,122214
Nur die AFD,1,4,122094
LEGATES,1,4,121959
Road Warriors,1,1,121346
Marmot Hunters,1,1,120978
SEX Solider of Eternal X,1,1,120919
Docendo Deus,1,5,120818
Avalonian invaders,1,1,120738
Low Profile,1,0,120665
HUNICUM,1,0,120525
MONEYBAGS,1,3,119777
Bongomyali,1,0,119576
Europe League,1,29,119446
Kurnaz Tilkiler,1,3,119303
agap4ik,1,33,119158
EHoT u KO,1,3,119083
Crusader Sun,1,3,118970
StArk22,1,2,118676
Bblack Bull,1,2,118638
Soul-of-Dragons,1,1,118041
pravilo byravchika,1,3,117550
Dzikie Knury,1,9,117535
AloneInAlbion,1,2,117405
XxALFAxX,1,10,117304
So-loLeveling,1,4,117296
Siewcy Stwardnienia,1,0,116856
N0XIANS,1,14,116781
ROZETKA,1,5,116485
Night Hermits,1,8,116360
Bankruptcy Speedrun,1,3,115830
Pictochat,1,1,115487
Morgana Rats,1,1,115373
WarriorsTM,1,1,115070
Night Goons,1,5,114885
Alone in the dark,1,1,114850
Sword and Staff,1,0,114669
RU Albion Group,1,3,114378
Well To Hell,1,8,114336
Elpest,1,3,114144
circuncidados,1,1,113905
albionichy corp,1,2,113683
Better Side Of Gaming,1,1,113656
Tortugas,1,7,113230
BrummyHook,1,3,112914
WACKEN,1,3,112906
GoOut,1,8,112831
BattleMind,1,4,112731
The Knights of the Sun,1,11,112008
TCGC,1,2,111920
GG WP,1,3,111753
The Twilight Eye,1,9,111745
Freak Hunters,1,5,111581
ASH Templars,1,10,111495
Ludomanbl,1,4,111246
JoyDivision,1,4,111160
SEASOWER,1,0,111140
boeBble kykoLDbl,1,6,111120
Adracadabra,1,0,110593
ShyFox,1,38,110214
DESERTORES,1,5,110086
Red_Is_Dead,1,13,110079
Twichers,1,2,110077
Death Pirates,1,4,109980
Kapa_He6ec,1,4,109795
SpareMe,1,2,109552
Rangers of the First Leaf,1,0,109408
1ARMY,1,0,109272
BloodBorns,1,4,109147
MulaGangaEnjoyer,1,3,108999
Hg tim,1,8,108798
DraciDoupe,1,1,108702
WeRat,1,7,108279
Roncoleros FC,1,3,108262
Wachacze,1,14,108252
PAVLOVIC-FAMILY,1,0,108189
CEBEP-BOCTOK,1,5,108097
Knights of the Rightseous Way,1,12,108079
Shodka Podkabluchnikov,1,1,107933
Serventis di Pedreiro,1,2,107932
SoG Academy,1,5,107921
Dirty Talk,1,1,107881
Black_Lions,1,4,107790
XTRMINADORES,1,4,107493
PARADlSE,1,2,107394
Borboskina,1,5,107378
Maison 9,1,3,107328
POCHO ARMY,1,4,107210
Swamp Gods,1,2,107077
realmadrid,1,4,107055
Murokaniya,1,2,107048
lLegion,1,5,106815
Griffin Empire,1,7,106672
good friends,1,0,106519
YENiCERiLER,1,3,106378
COLDWOLF,1,5,106364
La Taverne Alalcowl,1,2,106289
Gentelmens,1,6,105822
Pink Memory,1,2,105785
The Mercenary Enclave,1,10,105688
Skeleton Gang,1,18,105662
Virus_42,1,0,105623
French Charism,1,1,105221
Only Guild,1,5,105164
Communist Party,1,1,104955
ATRO-CITY,1,4,104675
Eclipse Dominion,1,4,104490
KGSPS,1,5,104399
S P E C T R A L,1,1,104280
The Wukong,1,15,104010
Russian Boys,1,10,103353
BLACK__CLOVER,1,17,103053
BUSTER TEAM 2,1,1,103050
Unemployed Final Boss _ESP,1,4,102948
Wrafodus,1,1,102627
Shadows Of Alamut,1,4,102539
The DartaGnanS,1,5,102514
La confrrie des deux armes,1,6,102402
Thetford-United,1,2,101278
D O L O M I T E S,1,0,101081
Out Lands,1,3,100998
Fast Mount,1,3,100983
PolarBears,1,4,100968
commercial empire,1,7,100879
Albion Warriors,1,2,100428
Chill_Z0NE,1,8,100200
FAR2NA,1,15,100131
Interrupts,1,0,100035
Volosnya,1,1,99954
Jum,1,8,99896
SicariusLegio,1,8,99895
MURDER TSS,1,7,99748
BigBlackRooster,1,1,99684
Vantage,1,5,99601
FullLootFullCry,1,2,99568
Golden Halcyon,1,8,99551
Survivalisci,1,5,99133
BLACK HAND-ARMY,1,10,98987
Young VVolves,1,0,98846
Wracaj do Thetfordu,1,7,98797
ImmortalityORdeath,1,3,98749
MrocznaPokusa,1,2,98721
Green Dragons,1,3,98718
Moyu,1,0,98368
Children of Darkness,1,7,98299
BridgeWatch Legends,1,5,98009
labaskogama,1,15,97849
whyyyyyyyyyyyyyyyyyyyyyyyyy,1,2,97804
Crazy Gatherers,1,8,97780
3Y3,1,6,97567
C A N N A B I S,1,0,97418
Carnivale Tenebris,1,9,97031
Roadblock,1,1,97030
Mortuary,1,9,96811
Lolicon Holy Light,1,1,96340
CP Gooners,1,4,96312
Big Juicy,1,0,96269
RidammiHeroQuest,1,3,95921
ACOLASIA,1,7,95730
Desert Monkeys,1,3,95727
La Tana dei Puffi,1,0,95638
TihonSquads,1,0,95609
Les Phenix blanc,1,1,95588
The Phoenix Order,1,2,95492
PookieInMyBooty,1,0,95477
Bloggot_gild,1,11,95322
67broodskoe67,1,3,95277
kurtlarvadisi25,1,12,95083
WAYANANINAMINAKOYAYIMSENINBENN,1,3,95045
The Accolades Of Thetford,1,3,94860
en chair et en os,1,1,94486
Cursed Twilight Dominion,1,7,94430
Qwertytouip,1,9,94221
JK Industrie,1,1,93906
Sky Fall,1,5,93783
Albion Pensioners,1,5,93701
Bubki,1,2,93603
Fox_Hearth,1,5,93523
Pukariki,1,2,93498
Loup Blanc,1,19,93382
KlapBang,1,2,93371
CASINO ROYAL,1,1,93338
Pyredon,1,10,93297
Moroccan Pirates,1,8,92905
Antichrist,1,10,92808
Excruciate,1,3,92699
Icewind Dale,1,5,92646
YKCYC,1,2,92571
PERSISTPERSIA,1,3,92503
Myrpi,1,0,92421
Ed ShiraN,1,14,92376
Axe Of Regrowth,1,6,92193
Spellbound,1,4,92156
SPERMA_228_1488,1,6,92091
Casa Negra,1,2,91675
Free Energy,1,4,91662
N0N ST0P,1,4,91553
Coalition of Gatherers,1,6,91348
I Cercatori di Tesori,1,9,91088
GangSollers,1,5,90752
FTeam AO,1,10,90730
BestPlayersEver,1,1,90720
Caerleon Bootleg Co,1,1,90630
Wawilon,1,0,90566
es canor 22,1,13,90550
Empire of Terra Nova,1,3,90525
Valhalllaa,1,8,90468
Ashur,1,3,90423
BBlack WolvesS,1,1,90420
I use Arch BTW,1,3,90104
TylkoPrawica,1,2,90076
Hermandad_ De _Sangre,1,1,90022
Union Pelotero,1,9,89784
Enderium,1,2,89714
DJUUUUU,1,3,89701
4len,1,5,89528
APOSiKEN,1,5,89418
BearChoker,1,3,89264
Furia de Dragones,1,19,89058
Night Mrazers,1,2,88917
Crazy Bastards,1,0,88915
Blood of Asgard,1,6,88856
Solo691,1,1,88736
Imperial Fistz,1,6,88336
Kingdom Pahlavi,1,13,87836
Lemonchello,1,8,87723
Zlote Korzenie,1,0,87556
OJO por OJO,1,7,87524
Talons of the Forest,1,8,87476
OGC,1,0,87399
DAI,1,4,87333
UTG_Legend,1,1,87249
I See You Medusa,1,6,87068
samisusami,1,7,87007
Duo Leveling,1,3,86870
pipi,1,1,86582
Lunary,1,6,86416
H0USE TARGARYEN,1,6,86303
The giants,1,0,86222
Vipe Group,1,15,86028
Martlock_OGR,1,5,86010
Yikes,1,0,85616
Maximator,1,2,85543
SHAKAL,1,2,85461
WarlordsGaming,1,4,85341
Delmasian,1,9,85132
SOD LUCKY,1,1,84955
Void Guards,1,3,84902
3AKROI ROT,1,0,84891
Vikings_001,1,9,84810
BlackWorcks Legacy,1,2,84779
League of Shadows,1,0,84609
WORLD MINIONS,1,4,84563
Nerds Neck,1,6,84461
La Blanchisserie,1,0,84384
CENIT,1,0,84379
QUEEN_01,1,2,84092
Daarh,1,16,83907
be quiet and drive,1,1,83862
Kiddie Gang,1,5,83840
TurboKekW,1,1,83744
Luxurity,1,3,83597
Pryprisiz Guild,1,2,83514
LOS ROHIRRIM,1,1,83437
Dropengers Random,1,0,83299
Chocolate Boys,1,0,83268
Gods of Sins,1,0,83131
REZ3RO,1,3,82933
Quintessence,1,2,82899
fan yz,1,6,82838
Spoon,1,9,82824
Silent Scream,1,6,82753
Legione Aeterna,1,6,82675
porosatko,1,2,82620
Fortress future,1,4,82447
King and Clown,1,1,82389
OSAMA,1,4,82296
ACTIVNIE GOMESI,1,3,82214
votre,1,1,81976
T Z I M I S C E,1,9,81767
VALEN,1,7,81721
um dia da certo,1,13,81526
1The Berserker1,1,4,81525
34356,1,3,81465
Hijos del Caos,1,10,81271
Prowling eating Baguette grrrr,1,0,81216
soloenqueue,1,3,81113
WSA,1,1,80964
La bibine,1,6,80911
Dilbion,1,2,80674
Suicide Squad 3,1,9,80510
The new crown,1,3,80375
Glorious Sons,1,1,80109
Udmurt,1,6,80014
T M O Q,1,6,79985
SCARABS CREED,1,4,79981
ant1social,1,3,79932
Thumb up,1,2,79812
Knights of Strife,1,3,79788
Bawsdeep,1,2,79771
NL Orichalcum Fist,1,1,79631
PERSIAN STAR,1,4,79469
Mordus group united,1,1,79400
FroggysBoxes,1,2,79309
Duty Free,1,9,79280
Tree Fnas,1,2,79055
GreedyGrinderZ,1,7,78992
Guardians of the Nexus,1,1,78813
G A L A T A S A R A Y,1,3,78705
WOTORE,1,0,78660
OniZuKa,1,3,78647
Friends Albion,1,6,78545
Goldene_Sonne,1,3,78300
THETFORT ARMY,1,8,78225
JNPGC,1,6,77989
Twenty Good Men,1,1,77912
KHANATE,1,9,77732
DoDo Rex,1,4,77595
Defenders of Peace,1,1,77431
Yujing,1,2,77245
T E M P L A R I,1,16,77190
D0NT CRY,1,3,77021
Lumex,1,5,76514
Souls Hunters,1,4,76340
Skuf quad,1,3,76164
Azula,1,17,75938
MONEYMANS,1,0,75804
WhiteGold,1,8,75747
Arthas,1,11,75708
Royal Mane Society,1,2,75645
shiro,1,3,75546
CABALLERIA NOCTURNA,1,2,75464
King Vahram,1,4,75450
NightRaid5,1,1,75432
ShogunDar,1,14,75418
MACLYTA,1,1,75411
Fluffy Perverts,1,4,75356
collection,1,1,75335
EpSteiN -ISlaND,1,0,75186
Only u,1,3,74911
ADRENALINE VIBE,1,1,74872
Dark Emplre,1,2,74871
BRATCTVO KOPALOK IMartlockI,1,8,74787
Porosiata,1,2,74780
Ravagers of steppe,1,3,74523
ANTIMETA,1,1,74376
HufflePuff,1,12,74267
Silver,1,1,74232
One Cwel Army,1,1,74218
AntiVirus,1,0,74115
Bomji Avalona,1,0,74076
avstryatskiipingvin,1,3,73978
La Team du Bat 2 bis,1,4,73834
ar7bb,1,7,73777
MUJIKI,1,8,73642
Bulamadik,1,2,73637
F ACE,1,3,73574
Sky_Net,1,8,73485
christiAnsXXX,1,0,73478
RsKp,1,2,73418
KRYPTA,1,4,73293
ONLY GATHERERS,1,1,73124
Fraks,1,2,73002
CKMP,1,4,72828
FUNders_Inc,1,4,72765
VEuphoria,1,4,72739
wi ar venom,1,5,72737
Mighty Dragon,1,12,72686
PikMech,1,1,72614
Its Jimmy,1,2,72505
BALIKESIR,1,0,72370
MEVLANA KISKACI,1,27,71917
BOZKURT HANEDANI,1,6,71872
DARKandDARK,1,33,71698
MAD FOR GANK,1,2,71527
Necros Squad,1,3,71424
MiddleFinger,1,0,71388
SSO,1,3,71226
Klips-burg,1,13,71130
Kasto-Team,1,0,71056
Shadow Pact,1,14,70975
Red Lights,1,2,70910
The_Dispossessed,1,1,70847
Les Fleurs,1,38,70841
The Stick of Power,1,2,70794
Banana Republic,1,8,70540
ARDOR,1,2,70429
Broke Yakuza,1,13,70377
La Madriguera del Huargo,1,3,70370
WILD BOARS ON MASS,1,5,70195
GoofyFatAssNibga,1,3,70147
TheFog,1,0,70084
Absolute Order,1,8,69764
TRAP UNIQORNS,1,3,69751
frfrfrfr,1,3,69658
TRACT,1,1,69578
Reis,1,8,69519
2Hearts,1,8,69297
A7 - Vendetta,1,2,69288
Rift Stalkers,1,2,69208
Silver Catrel,1,5,69080
CoalitionTBH,1,1,68808
DawnOfPandora,1,3,68316
VapoRub,1,1,68088
S0D,1,1,67848
ec_pu,1,4,67781
TheNorthFace,1,24,67698
Global Resoruces Company,1,3,67669
Fury of Titans,1,5,67504
F U C K E R S,1,4,67459
STEEL DRAGON,1,26,67259
Nieudane Eksperymenty,1,6,67199
Alleanza delle Nebbie,1,3,67155
Renegados,1,12,67101
A Story Of Caerleon,1,3,66991
Koczownicze Plemie Antarktydy,1,3,66988
Maliny gerko,1,2,66952
P U R I T Y,1,0,66757
Phantom Reapers,1,7,66751
We Need Silver,1,0,66744
city of the poor,1,7,66631
Gnom0Sexual,1,2,66625
ClannadAfterStory,1,3,66609
Cheese Lords,1,0,66457
l anarchy,1,0,66411
Knights of Oblivion,1,7,66340
siderians,1,7,66313
Bublicoeds,1,6,66278
UR0B0ROS,1,1,66129
SINERGY,1,0,65860
The_Homelander_Bears,1,3,65686
AYAMBEBEK,1,0,65549
DIS Grind,1,8,65429
WAR BOX,1,1,65008
E U R O P E,1,5,64901
Stormscale,1,0,64656
DOMINIO TOKAI,1,1,64394
zxc322,1,0,64348
RADE,1,4,64332
Scam Collectors,1,0,64282
Hussards Noirs,1,2,64248
PIVOVARY,1,4,64190
Silver o,1,2,64073
Itaya,1,1,63930
Lymhurst Burrow,1,4,63918
Alacakaranlik,1,3,63880
Nokta,1,2,63805
Azavad yoba yoba,1,6,63548
Asopladores,1,2,63454
Awapando Evolution,1,5,63276
KAYOU,1,5,63256
The Labourer,1,5,63178
RAINDOGS,1,0,63123
GLADIADORES033,1,5,63037
Wielki Wipe,1,1,62789
146,1,4,62724
PE3OHAHC,1,3,62640
SGFK,1,8,62461
krepsquad,1,16,62419
Feamteam,1,0,62370
Nexura,1,11,62348
MisFist,1,2,62214
The Dead Men,1,12,62125
Bells Dragons,1,4,61721
Nihilists,1,4,61718
Camelott,1,8,61535
The Royal Family M6,1,6,61503
Mind Benders,1,0,61270
Bridgewatch Collectors,1,1,61151
gatherrings,1,6,60802
IQ difference,1,0,60685
AnteikaPivoPub,1,11,60683
AirCheese,1,0,60665
Shadow Demons,1,4,60596
HOHOL,1,0,60000
Jack of All Trades Society,1,4,59808
Boy Better Blow,1,1,59696
Empire of Dawn_Guards,1,2,59649
ZVERGI,1,0,59644
Sha Bi Huo Pi,1,1,59263
Zulu Mongers,1,7,59234
PVE CRABS,1,5,59225
Deks,1,1,59130
Core,1,4,59077
SOLO_AMIGUIS_G,1,4,58960
Grinder,1,5,58945
FEYZ,1,6,58916
1_1,1,1,58860
Crownguard,1,6,58713
MlDGARD,1,3,58680
OnlySucuk,1,2,58527
The Thunderbolts,1,3,58495
TomatnayaGuildiya,1,1,58407
Ca974Dalon,1,6,58263
owl-crow,1,5,57755
Golge Haramiler,1,6,57724
Amon Amarth,1,1,57686
die Herzlosen,1,6,57574
The Goobers,1,2,57510
GOK TURKS,1,2,57463
Yuki Forest,1,7,57189
Evil Here,1,1,56866
Varna,1,24,56815
PalmaPorruna,1,1,56796
Solo Grajerk,1,0,56756
FNXScam,1,2,56598
useless guild,1,0,56578
mrak,1,17,56401
SaltyCrew,1,0,56149
PUNISHER,1,5,56097
Twilight_Fellowship,1,2,55980
Amist,1,4,55845
Golden Lions,1,4,55786
Blizzard,1,3,55656
LIGHT_DRAGON,1,4,55632
WAR LAND,1,10,55627
Bearcoin,1,3,55597
Jirafillas,1,2,55592
Ethereal Crusaders,1,15,55489
Kyivan Rus,1,10,55437
Don Revenants,1,0,55359
JUNKIE,1,2,55329
TABUTCUOGULLARI,1,1,55232
home two friends,1,3,55041
the bowr,1,6,54947
Lym Defender,1,2,54909
BXNNED,1,2,54635
Grim Pact,1,3,54607
HUNTS,1,1,54475
IICZARNA WIEZAII,1,3,54399
JustFun,1,3,54371
Balkan,1,4,54250
ILEGALES,1,2,54213
Death is Unavoidable,1,1,53974
Golden Lions X,1,2,53974
Guilded,1,5,53639
Francophonia,1,0,53605
The Fighting Family,1,6,53586
DSD CARTEL,1,3,53493
DESATRANQUES JAEN,1,5,53449
Spicy And Hammer,1,3,53441
Violent,1,2,53321
Russian-Federation,1,4,53314
Only Craft,1,1,53163
Saints and Sinners,1,1,53162
out,1,1,53063
OBSCURATION,1,8,52985
Frozen Paradise,1,0,52948
STRABER,1,4,52870
SOLO GRACZ,1,5,52358
SarkazEmpire,1,8,52317
GHOSTS ABYSS,1,2,52296
Inqvisitors,1,4,51913
Abyssal Reapers,1,6,51870
Satyr or Trade,1,9,51728
Departamentu de Betivi Notorii,1,4,51703
VORAGO,1,2,51693
Sarzam Trading Company,1,3,51673
Single Bot,1,6,51552
NO your static,1,0,51468
Smugglers Cove,1,2,51464
Vilage,1,1,51336
EVER FALL,1,14,51073
Aquila Gaming,1,2,50909
FRAMER SPEIN,1,9,50798
Luminaries,1,6,50797
skibidi cwele 67,1,3,50733
Bread Team,1,1,50612
POISONOUS LIZARDS,1,1,50609
4vk_kindr,1,0,50022
SWORD OF RETRIBUTUTION,1,3,49873
Dreadroot Covenant,1,0,49683
IGOR,1,1,49610
7HARVEST7,1,1,49508
BrowarnaStreet,1,4,49146
Heets,1,7,49101
Sosopidorki,1,2,48882
Wytworni,1,5,48879
Common Pests,1,5,48727
KAZAKH TEAM,1,6,48701
Nocne Kardio,1,7,48611
TITO TRABAJADORES 03,1,2,48592
Carnival of Fun,1,0,48477
OPA,1,0,48132
abyssity,1,6,47892
club hell fire,1,0,47646
vipelansk,1,4,47632
Lymhurst Free Company,1,4,47518
Lords Of Sin,1,1,47264
Slavic Coalition,1,4,47260
M O N T A N A,1,3,47155
Umbrella company,1,2,47088
BearOfChaos,1,0,47032
Pig Nose,1,1,46752
Pancake,1,3,46688
Shadowed Liberation,1,2,46404
Bounty Squad,1,2,46312
Valkyrion,1,9,46263
UFOLODZY,1,1,46262
Evil Presence,1,11,46136
World boss Morgana,1,2,46070
Dont Loot Us,1,2,45964
Jenderal imuut,1,2,45914
ULUKAYIN,1,2,45658
epstein followers,1,2,45624
Spearborn,1,1,45623
GOLDEN HCE,1,2,45552
KyRy,1,4,45477
Chodci,1,1,45387
French Debuff,1,1,45368
hallo,1,1,44887
M0RS,1,0,44880
GAMMADOPPLER,1,3,44678
Fallen Ange1,1,4,44639
TAGILS,1,6,44422
Blqck Sun,1,0,44388
korolimi netov,1,0,44306
8BeeR8,1,0,44304
Sexy Flexy,1,2,44076
PrEcLe,1,3,43928
FactionKings,1,4,43853
Qqqwww,1,8,43789
3Monkey,1,4,43764
Ars Vincere,1,13,43565
The_Kings,1,2,43549
MistEnjoyers,1,0,43283
Dark Hawks,1,1,43281
NIGTLER,1,0,43269
SOD,1,6,43133
Forge of Soulss,1,0,43092
ZeratoR TV,1,3,43056
Free RISE,1,4,42935
DOGWALKERS,1,0,42725
Black Army,1,8,42689
NewBlood,1,7,42668
MoonShadow,1,6,42636
Only Chill,1,1,42561
Silver Union,1,10,42422
UNOWEN,1,3,42333
RiseOfKodar,1,1,42186
IR_INFINITY,1,6,42126
BLASTED,1,1,42125
Lootella,1,3,41968
Nishie Sushestva,1,4,41867
Knights Of The Year,1,0,41818
Xadia,1,1,41814
HERONICS,1,3,41616
The Immortal Angel,1,12,41530
House of Eldergrove,1,2,41431
GREENRAND,1,3,41417
with no vaSeline,1,1,41337
Guzliki,1,14,41334
Chattini,1,1,41289
OneToMany,1,2,41288
wanteds,1,1,41273
Titanok haragja,1,0,40990
TEMENOS,1,1,40985
Speluna v2,1,17,40918
FISHGOONS,1,0,40797
XINAX,1,6,40779
Loot Paws,1,1,40678
BrokenS,1,3,40612
Die Another Day,1,1,40552
MinMax,1,4,40351
One Piece,1,3,40339
Russian Emigrants,1,3,40338
Elka Tavern,1,2,40288
ICE CRY,1,1,40239
Malus,1,11,40211
Mist Hunters,1,1,40164
Althezura,1,5,40158
GS7,1,3,40037
Pirat,1,3,39973
Les Zreugs,1,0,39900
Scruffy Bastards,1,3,39866
ATSIZ,1,1,39810
StrattonOakmont,1,0,39768
We touch grass,1,3,39665
Frenchichouille,1,11,39522
French Independence,1,4,39507
BlackPotters,1,1,39441
BOBDOG,1,1,39132
We Out Law,1,6,38816
scavenger,1,3,38794
ROCKSS,1,0,38724
minet rtom,1,1,38706
SASN,1,4,38705
CrazyFarm,1,8,38647
imperio avaloniano,1,2,38556
II Band of the Hawk II,1,3,38482
OPEO,1,1,38403
DogHouse,1,4,38318
Balakovo Best,1,4,38291
Los Cubanos,1,0,38218
MUR URDU UKRAINE,1,1,38185
BadBatCave Alef,1,1,38060
kingdom,1,2,37791
Kobik,1,11,37770
White_lion,1,2,37734
Ganralatal3alm,1,6,37733
piga,1,3,37572
TITANS OF THE ABYSS,1,7,37563
Vinilla,1,0,37536
JUDEROCOMMANDO,1,2,37461
HUBERT FIGHT CLUB,1,9,37437
KATOME,1,1,37328
Rosiorii De Vede,1,4,37302
Xbox UK,1,11,37262
PMC Cheburashka,1,3,37260
Epic Guards,1,3,37209
Slingers,1,0,37145
fun4fun,1,11,37135
NEVER RESET,1,6,37077
Spec-Death,1,2,37016
4th Bulgarian Kingdom,1,0,36918
IRL is new WIFI,1,6,36858
love me baby,1,0,36803
Yakuza bax,1,12,36743
n e u t r a l,1,2,36572
Tpu Dblpku,1,2,36522
PVE Smakolik,1,1,36450
GACHI MYCHI,1,3,36396
Orgijatori,1,2,36383
LETHE,1,5,36282
HALTE F4,1,5,36243
MOTO PEDALY,1,0,36195
Grifons,1,14,36171
Mertihur,1,1,36114
Fov_squad,1,1,35959
Sela,1,5,35852
The Beaten Worms,1,2,35166
One-Way Ticket,1,2,35146
K4BARE,1,1,34932
DreamWorks,1,2,34820
Snake Height,1,0,34797
Dark Said 5,1,3,34756
Reeztzy,1,4,34746
SOAK,1,5,34618
Sigmasi,1,7,34566
Glory to the Urkini,1,4,34533
Amaterasus,1,3,34449
fuego eterno,1,0,34388
Chubby Industries,1,1,34276
wiki,1,1,34241
Eternal Call,1,1,34197
plachy,1,5,34108
Enmity,1,1,34095
The Hustler,1,0,34064
oblochko,1,3,33911
Johnny Be Rat,1,1,33865
vibes,1,1,33747
Anime_Cold,1,1,33694
Knights Of Fortune,1,1,33636
Los Aguacates,1,8,33415
Our Flag Means Death,1,2,33403
K-R-A-K-E-N,1,2,33391
SHADOW SLAYERS,1,0,33311
Touched,1,0,33259
Les Chats-Tastrophes,1,5,33240
Raviolis fumados,1,6,33218
Bankaii,1,2,33216
The Solo Devils,1,2,33127
M3R Army,1,1,32959
Silver Seekers,1,15,32923
I Beat My Wife,1,2,32682
ARMY_of_Worms,1,1,32616
heritage circus,1,1,32520
japuczko,1,2,32485
Talion,1,2,32460
Alpha Counquers,1,2,32295
The Saplings,1,2,32287
Marlboro Red,1,1,32209
Byaki Buki,1,1,32171
SANTORYU CLAN,1,1,32113
Equitalion,1,5,32075
DMTD,1,0,32040
UROBORUS,1,5,32036
Round Table,1,1,31914
W99W,1,1,31613
LORDS OF UKRAINE,1,0,31601
Brynhild,1,4,31281
HIGERLANDS,1,0,31244
NoobTeam,1,2,31220
Kaitekina Basho,1,1,30711
ADICTOS AL VERDE,1,6,30561
SiQens,1,6,30502
The White Stone,1,6,30462
Holy Aluminium,1,3,30373
dolbaebu vas ebut,1,3,30213
Mart No Taxes,1,0,29998
BALACLAVA,1,0,29973
leha pominki,1,0,29943
Keizan,1,6,29663
FurryNyashki,1,6,29549
Monkey Business,1,0,29548
OPAVUN HOLDERS,1,0,29484
Caracas,1,3,29348
De Chill,1,1,29241
ThePack,1,1,29169
SHADOWBORNES,1,1,28762
La Mafia,1,1,28755
Order of the Snake,1,6,28624
S O L O P L A Y E R S,1,2,28620
VALKIRYA TMT,1,0,28572
Kinder Kountry Klub,1,1,28500
LootGoblin,1,0,28496
L4G4U,1,3,28323
LLM Collective,1,3,28239
Albioners,1,6,28059
Stowarzyszenie Gulbanow Grande,1,1,28031
Qara-Bars,1,1,27573
RecruitsReborn,1,6,27552
Silent KilIers,1,2,27408
The Bogeyman of Snakes,1,1,27399
Wambologie,1,0,27078
Wave of GoldenBlood,1,2,27053
Fools Banner,1,3,27028
Grubi Ludzie Diff,1,1,26892
Sarni,1,0,26808
Nexalon,1,1,26766
THE WARSS,1,4,26736
CalamityA,1,7,26730
UnderBeer Party,1,7,26567
TuTaHuK,1,0,26458
Only2Gndrs,1,2,26452
Pearload,1,0,26435
Botanical,1,1,26429
Order of Knight,1,3,26423
AVE KASHTAN,1,0,26343
rodzina1000,1,2,26160
BlueBalls,1,4,26159
TurulRend,1,2,26137
PLOUTARCHS,1,1,26055
EYESLOW,1,4,26034
V E R M I N,1,1,25983
Crownfield,1,4,25939
TR BOZKURTLAR,1,11,25874
Sablewood Sentinels,1,6,25874
CersorLym,1,3,25842
Candy Mountain,1,1,25830
DeathDealer,1,1,25758
BRAHMAN tokyo,1,12,25667
chlopcy z bagien,1,2,25512
C A T S,1,0,25459
Dark AngeI,1,1,25423
PMTClub,1,1,25343
ALBION ANKARA,1,1,25328
Drosera,1,0,25296
Blooldthirsty ogres,1,0,25245
PivoZavrik,1,4,25158
DernEIP,1,3,24958
Byblik,1,2,24718
The Great Tree of Avalon,1,4,24716
Wolfpack Enclave,1,3,24665
gli sborrolini,1,3,24624
xXxClownsxXx,1,1,24579
Sleeping Mad Dogs,1,3,24438
upolcan,1,0,24257
Sershadow,1,0,24222
Hidden Army,1,6,24096
NORTHS,1,3,24040
GOLDEN_FNIX,1,4,24038
XzKYD,1,9,23891
The Last Wave,1,2,23820
SAMCRO Legacy,1,0,23782
Speedy Crew,1,1,23609
PERUNES,1,1,23597
Dumb Sons,1,1,23587
Donjons Hunters,1,1,23583
ZTHorZ,1,3,23568
DarkFusion,1,5,23425
MARTLOCK DEFENDER,1,0,23371
Sath,1,4,23335
Balgaskiy perchik,1,4,23242
OLD PASOK ORTHODOX,1,1,23159
BLYADI,1,0,23146
I RE BABBI,1,1,23086
I Would Prefer Not To,1,3,23080
Messengers of Death,1,0,22981
SEREFSIZLER,1,1,22965
Freak squad,1,4,22945
Lord OF Shadows,1,0,22842
GREMIO ESPANOL EUROPA,1,2,22800
Pando the one,1,1,22678
CODE EUGEN,1,2,22620
Doping Limited,1,7,22578
SecofLym,1,1,22501
STARAXES,1,5,22470
PuzzBunny,1,1,22376
Pajda,1,1,22223
Hunting Sausages,1,0,22104
Lightning Night,1,6,22081
Dog_squad,1,2,22069
Between Worlds,1,1,22032
first power albion,1,5,21925
LA RUTA DE LA SEDA,1,2,21886
Lumoss,1,2,21720
Sakartvelo,1,0,21620
Plaga,1,4,21564
TheBilly,1,1,21480
BeteIgeuse,1,0,21431
Koren,1,1,21324
The Bilderberg Club,1,2,21274
Arab Knights,1,3,21164
Islas Frescas,1,1,21049
Afrikaners Is Plesierig,1,2,21024
67 Collectif iq,1,4,20992
umka1,1,2,20976
Raging Warriors,1,5,20740
warsborn,1,3,20654
Lesna Dolina,1,5,20634
GADDEM SQUAD,1,3,20632
Blue Zone Buccaneers,1,2,20580
Power Core Police,1,1,20579
LICA,1,1,20220
Kiriyeshki,1,2,20202
Syndicate,1,3,20142
Naib,1,0,20079
PDVSA,1,4,20053
EGOmaniaKS,1,10,20039
N GH,1,2,19885
Bienenstock,1,3,19840
Sporting Olomouc,1,0,19824
gorgasali,1,1,19668
SpeedHunters,1,2,19601
BTCPVPAlliance,1,4,19460
BUK,1,2,19369
Grussha,1,2,19241
Sexadores de la illoCiudad,1,6,19192
coucous primus,1,1,19121
NoDigNat,1,5,19104
Gatherers At Arms,1,0,19066
gGriMLorDd_Industries,1,8,19043
Cheating Monkeys,1,2,19007
Caballeros de la gracia,1,0,18977
Stronghold Crusader,1,5,18955
SATYRN,1,0,18944
TREMONT,1,0,18916
FEARLEES,1,4,18828
The Dark World,1,0,18762
Leksus Kingdom,1,4,18635
THE COPE,1,1,18593
IronManDIFF,1,2,18582
Adrenaline rush,1,1,18545
Dark Pact,1,5,18513
Bloodjoys,1,4,18258
workedintime,1,1,18236
Siphon OC,1,1,18204
Long Hair Kels,1,4,18183
Los Tryhards,1,0,18174
Alzheimer enthusiasts,1,1,18114
Gods Protection,1,0,18090
USSR Workers Army,1,4,18074
Manhattan Cafe,1,0,18024
Les kiwis,1,2,17814
Team Vision,1,0,17667
3 1 3 K N I G H T,1,0,17640
Green Wardens,1,2,17316
Order of Eternal War,1,1,17272
Morgana Cult,1,4,17243
Dawnguard7,1,1,17223
chillplayers,1,2,17187
Resident Evil Requiem,1,0,16949
PopcornHub,1,1,16912
Free Company,1,3,16903
panacea,1,0,16890
MEDOJUI,1,0,16799
ADAKENT,1,1,16732
ShadowsScorpion,1,2,16610
Black Core,1,0,16596
Black Cocks Brotherhood,1,2,16461
Eruption,1,5,16368
Sons of Helios,1,6,16283
Somebody Help Me,1,1,16283
White Stiks,1,2,16090
BYP,1,1,16030
THE HALF-LIGHT WRAITHS,1,1,15974
Dont touch the mineR,1,2,15923
Nap Gankers,1,0,15849
Imp Remnant,1,1,15630
Evergreen Moose,1,1,15515
VoidWatchers,1,4,15504
U N D E R D O G,1,2,15439
SELO,1,1,15346
Edge of the dice,1,2,15200
BuS0o0,1,1,15191
MOBILGIL,1,3,15003
RATS Legalize Ratting,1,0,14892
Z VAGNER Z,1,0,14860
Ginger Boys,1,0,14820
thefull,1,2,14697
ETERNALMINE,1,3,14573
AVUTHRONE,1,0,14496
Black Stag,1,0,14472
Persian Albion kingdom,1,1,14440
B E R S E R K,1,4,14429
Lone Wolves Collective,1,1,14368
Beer Watch,1,1,14352
PaxaxaLovers,1,2,14325
TheDarkLeaders,1,0,14279
phillipchyrka,1,1,14266
Skjoldheim,1,3,14212
The Fort Sterling,1,3,13856
red flower,1,1,13856
PikmiLand,1,4,13805
Brambles,1,1,13632
T-G-S,1,0,13562
CHILLOUT GANG,1,3,13529
CAPITALYZM,1,0,13251
mouh,1,0,13187
I ETERNAL l,1,0,13092
Hakoonamatata,1,1,13053
dragon sleyer,1,2,12998
the_Sky,1,3,12969
Tax Evasion Squad,1,1,12960
Clan Destino,1,1,12859
Rapid Unscheduled Decapitation,1,0,12853
BADABUM,1,3,12826
CHINESE MAFIA,1,1,12801
Respect Squad,1,4,12781
PoYeahBunny,1,3,12693
FACEROLL SQUAD,1,1,12525
KLINING,1,4,12495
Caucasus Legion,1,1,12475
Golden Armors,1,3,12439
The Mexican Coalition Of Rats,1,1,12264
no pls,1,0,12168
Underblayds,1,16,12139
THE_SUN,1,2,11981
XER-Morjowyu,1,7,11950
ENTEER,1,4,11864
x GANK,1,0,11820
Fraternity Alliance,1,4,11752
R-I-A,1,0,11730
Lost Exile,1,3,11632
BlueLock - EgoistProject,1,2,11580
KGT Academy,1,2,11423
Rest RIP,1,3,11369
Horny Cats,1,2,11232
SCANNATORI,1,5,11229
H8_HOOD,1,13,11225
Unarmed Syndicate,1,1,10948
craft empires,1,0,10940
CASH UNITED,1,5,10896
ASCENT,1,4,10788
ZeroToPivoo,1,2,10770
439 RELOADED,1,9,10746
Eltera,1,1,10746
IDIOT DOTS,1,5,10676
Warpath,1,2,10529
Westland,1,1,10344
Good-Evil,1,1,10339
INT2,1,0,10326
SEND ME FEET PIC,1,0,10313
Chumatskyy Shlyakh,1,2,9965
1MBA,1,1,9900
BANAPFEL,1,0,9885
Bon Appetit,1,3,9825
Broken Sun,1,0,9705
SOIR,1,9,9518
Shadow Oath,1,4,9326
lazarus,1,1,9270
TheBackup,1,6,8875
slayer of rats,1,0,8874
ETPLURIBUSUNUM,1,1,8808
Darkiness,1,1,8762
KrosseKrabbe,1,2,8522
Samaruco,1,5,8469
Night Fang,1,1,8379
THE FPS,1,2,8294
THE GAME,1,1,8215
Konvalis,1,1,8175
Les Herault Du Canape,1,5,8122
Masters Of Craft,1,1,8052
T4 ARMY,1,4,8016
INFINITE HELL,1,3,8016
Eternal-Fire,1,5,8000
SAFTER,1,0,7960
pene,1,1,7899
We from the HELL,1,7,7809
Run From 4,1,3,7770
Gamsati,1,3,7657
ChillHuub,1,1,7610
Off-brand IKEA,1,0,7503
axali-era,1,2,7476
Ashen Wanderers,1,0,7403
Satisfaction,1,1,7387
Orden Fanatic,1,2,7372
Who Care,1,6,7360
DonT Try,1,2,7344
WONDERWEISS,1,1,7326
velociraptors,1,1,7302
RING OF DARKNES,1,4,7200
yayito,1,1,7152
Tabahkar,1,3,7152
DGF-SOD,1,2,7145
LunaSantrape,1,4,7054
GoodFellaz,1,1,7033
AYI,1,0,7014
Gentleman,1,3,6996
MorrrdorHunters,1,0,6979
I1oDI1uBaC,1,0,6945
MOJAVE RAIDERS,1,0,6944
Amumu Syndicate,1,12,6840
HAZAR,1,1,6839
ONIMAI Company,1,1,6821
Bipolar Bear,1,1,6693
BRR BAWW,1,2,6669
Ka3aXu,1,0,6530
Demon Des Dunes,1,2,6418
LA CASA DEL DRAGON,1,7,6336
HolyRamenEmpire,1,3,6324
Blue-Sky,1,1,6266
CrazzyClown GANG,1,0,6212
1500,1,4,6189
REQ,1,1,6120
Quiet people,1,3,6000
Hermit,1,0,5940
kalluzaa,1,5,5915
Sus Ve Yalovaya Devam et,1,1,5876
Pathfinder,1,3,5742
JustARock,1,2,5734
sex in bucatarie,1,3,5712
defenseur de bridgewatch,1,1,5424
Les Plow,1,0,5400
Behind a Dark,1,1,5367
famhub,1,0,5303
SANTA DIVINIDAD,1,3,4848
AperoQ,1,3,4680
Maxiribos guild,1,1,4584
Black-Lotus,1,1,4584
The Haunting,1,0,4556
Tears of rain,1,1,4413
The Outlaws,1,1,4368
DEN01,1,2,4345
FENERBAHCE SK,1,0,4296
PALADINS,1,2,4268
Vikings of Valhalla,1,6,4229
ez fight,1,4,4080
intellectual,1,0,3998
Vindggers,1,1,3498
yardimlas,1,7,3480
Drakonids,1,6,3456
Amandas Sma Pojkar,1,0,3451
Space Balls,1,0,3444
La Gitanerie,1,2,3408
ErlikkHan,1,0,3390
Sanglier qui prend son temps,1,11,3252
Saints Row,1,1,3168
WHOCARES,1,1,3104
Bigotillo Army,1,2,3048
ZEKKs Legacy,1,1,3016
Last Frame Squad,1,2,3000
FoxGameGrup,1,3,2990
small-scale,1,4,2880
SWAG DEALER,1,4,2880
Elite Raiders,1,0,2868
turecka_armia,1,2,2544
Les BG Francais,1,2,2472
Split Foxes,1,1,2334
RagePlay,1,7,2283
Wormaggedon,1,3,2229
No Weakness,1,16,2208
Stella Montis,1,0,2188
Ea - dissecting air,1,1,2016
HOUSE OF FIRKATEYN,1,1,1980
DonLand,1,6,1928
The Absolute Beyond,1,1,1914
ZUKAT,1,0,1884
PPCF,1,2,1862
XYZz,1,1,1584
SOULREAPER,1,1,1332
shinigami_GT,1,1,1310
S E N S O R I A,1,0,1110
Justizvollzugsanstalt,1,3,1098
Gaynesis Kompany,1,0,1080
DIVINE KNIGHTS,1,1,1056
KANG _KONG,1,5,1008
Albionchik nazist,1,1,788
Ukraincy w Polsce,1,1,528
Susliki,1,3,528
999 WRLD,1,5,448
BARDEROS,1,3,288
ELYEL,1,1,240
B L A C K R O C K,1,0,240
DOGGIES,1,3,192
Waifu Enjoyers,1,1,144
EN IYI TURK ATATURK,1,2,80
NextGeneration,1,1,0
Zugajki,1,0,0
Krobobo,1,0,0
Widows of Death,1,3,0
Blue Army Freedom,0,9,9062211
Emeryci i Rencisci,0,19,5734379
Shibuya,0,2,2932525
zalypiki,0,1,2060624
PokerFace,0,2,2008968
sosalkin domik,0,5,1945064
4oKeR,0,1,1898068
kaoefako,0,1,1868225
Slowrunners,0,10,1780204
The Hexenzirkel,0,8,1690465
Ka-Chow,0,3,1676195
AO NZNP,0,6,1621138
detskiy sadik,0,4,1610415
Dive or Not,0,11,1462066
Judge Was Right,0,4,1418335
NormalGuys,0,4,1394994
The Swamp,0,11,1362470
boberchik airlines,0,11,1341669
WB POLICES,0,1,1291731
xWolves,0,80,1106792
ANTI K3AKE3,0,1,1102259
Martial Academy,0,9,1090571
BLOODMOON STAF,0,1,1055013
menqu,0,2,1035618
Born To Rise,0,7,999014
Foxy Corner,0,6,970286
Avalonian Corporation,0,0,961888
LeaveHerJohnny,0,6,951061
Brabus,0,3,944669
SALAKINI AMI GOTU,0,0,939833
mamut zoneladi,0,0,939833
KAPUSTA,0,0,938848
delete30,0,0,926059
rmt empire,0,1,915794
br br patapim fonk,0,2,902936
FROST BORN,0,4,873402
hannibals,0,2,865371
NoMads Empire,0,4,855461
33_year_25_months,0,0,846774
Real nguhs gon do it,0,1,844194
REVO,0,7,837222
Zapylki,0,1,823100
Get Free,0,0,820910
GeldEsel,0,0,810399
CN DRAGON,0,3,800355
Space Donkeys,0,10,795806
jojo house,0,3,793990
pcheli,0,0,786790
Liorland,0,6,775899
BadryOP,0,1,768510
smurfs,0,5,764357
LEXUS,0,0,737153
Fulgora,0,12,707120
4iGA,0,0,692834
Klozz -inni,0,4,691089
The Bizarre Bazaar,0,5,683932
Smyrna,0,5,678768
SWURF,0,1,678427
Moon Army,0,21,661089
CevYBank,0,1,645114
CRDxCLUB,0,1,631902
Venom Force,0,8,612072
Wiecznie na minus,0,0,593922
Favorite Milfs,0,0,586430
P L A Y M E T A,0,2,570338
SassyBanana,0,0,567861
Analniy Deboshir,0,1,565668
nirvana4,0,1,562363
piwo lomza 4 i pul procent,0,1,556691
moonlight clan,0,1,540642
1hArcane,0,0,530509
Haunted H0use,0,1,526986
C L U T C H,0,7,521652
Geboren um zu bloedeln,0,13,521473
Ender Chest,0,0,520823
KURSK,0,3,516893
Beyaz Lider,0,6,515508
The Bullucks,0,32,514845
Bodyc0unt,0,0,512387
The Freaky One,0,5,503093
Royal Mafia,0,4,494071
Natures Needs Hands,0,2,493352
DIRTY GHETTO KIDS,0,1,490955
Baromfi,0,17,487327
NIKE JUST DO IT,0,1,487322
Journey Intricate,0,1,485787
Mamu_Traxal,0,1,477745
Royalty,0,1,475028
Team TT,0,6,474661
ME4,0,2,473808
HOMI3S,0,14,473409
we love all jewish,0,2,471003
Burning Soul,0,0,460835
poker_club,0,2,457001
PhoenixReborn,0,0,444963
Verkhovna Rada,0,0,431538
StickGoBonk,0,8,421811
Driland,0,1,419338
NAIJAGAKURE,0,25,417162
G4ys of valhalla,0,1,407282
Kings of Anarchy,0,19,405777
eagle kaporan,0,0,404144
Raychu,0,2,402754
head of the laborers,0,35,391731
Made for Hell,0,1,386871
Your turn to break,0,1,386871
MALLORCA,0,1,385553
utalomaciganyokat,0,1,384965
CAP CASTLE,0,0,384907
GoDragon,0,1,381216
ZIlllIIllIIIlII,0,1,380376
2cats1cup,0,3,375130
REDANSOSET,0,2,374257
CATHEDRAL OF RAT,0,3,372197
Court of Fools,0,0,369304
Lapin,0,2,367518
ELEPHANTS TW,0,1,366697
SuiciDnik,0,2,361179
Doua,0,0,358754
IMPERIO ARPEN,0,10,356786
Cwaniaki,0,0,356530
Keluarga Besar Cicadas,0,23,354114
P S Y C H O,0,20,351551
Shirinka,0,6,349295
twenty seven,0,0,347756
IlyuhaShlyuha,0,1,347536
BRASIL,0,4,346924
Les Beubeus,0,2,340172
Scalpel,0,4,339321
Kesef Cartel,0,4,337821
fastt foodd,0,0,333213
BBBB,0,0,333213
belay,0,0,333213
BrandNewDays,0,0,333213
Mortifiers,0,1,332978
The Dudes,0,0,331345
Miros,0,30,331266
Pink Suit And A Tie,0,1,328749
carleonboys,0,1,326377
VAGABOND_X,0,3,321877
THE HlVE,0,1,321071
castle black,0,0,320997
Unbearable Weight of Massive,0,6,320267
Isse is Gay,0,0,320021
The River All Red,0,4,315318
Eternal Conflict,0,6,312414
The Final Mandate,0,0,312155
DAVIM JOPOY,0,0,310260
PODPIVASIK,0,1,306560
Profit of Blood,0,15,304279
Kocigeng,0,1,303726
Gaycalation,0,9,302754
bomba w oko ziomek,0,3,302372
MAKE TAO GREAT AGAIN,0,0,300636
BMP,0,13,298791
AVA Vikings,0,4,298225
FEA,0,3,298115
IttihaTveTeRakki,0,7,294214
ETERNAL CRAFTERS,0,2,293154
Forest_strike,0,13,293035
THE KING1,0,7,292208
H A Z A R D,0,3,291724
SALT MINING INC,0,10,291606
Ice Trinity,0,1,290896
kisni daun,0,5,289676
The Never Lethal,0,4,289433
lym,0,4,289125
WhiskeyIsGood,0,3,288916
Golden Boar Trade Federation,0,8,288180
Crazy Killer,0,10,287173
Deleted Guild,0,10,285243
LYMHURT,0,13,283834
PLAN,0,1,282939
Szlachetny Zakon,0,10,282319
BigDigidi,0,0,281870
GaduGadu,0,0,280216
PandoraPand,0,1,278599
Farming Time,0,1,276047
Never back down,0,22,273032
Mandatory Violence,0,1,271894
Probotai,0,3,270065
Black Crusade,0,24,270020
Die Narren,0,0,268859
pupa and lupa,0,1,266533
BlackBoars,0,0,265705
N A H,0,1,263976
Whispers of Death,0,6,263962
Join The System,0,10,263077
Gold enjoyers,0,1,260863
Takamaa,0,8,258805
Black Veil Order,0,14,256768
HogwartsMagic,0,24,255825
FREEUSE,0,1,255577
Side by Side,0,8,254929
tmam and loay,0,3,254700
The Golden Age,0,7,253661
Banici,0,11,253276
Razersz,0,2,253262
D I E and R E G E A R,0,1,253046
BuhiDiHulow,0,8,252708
Kentucky Friends Chicken,0,6,252498
FriendsGroup,0,14,252180
Les Ombres De Lym,0,15,250959
DarkPrimes,0,0,250466
Aplogize to the knight,0,2,249596
ALTIMASICTIM,0,1,248702
Shin Bible Black,0,20,248168
Mokrie kisski,0,1,247966
Bractwo Zapomnienia,0,12,245944
COCKSUCKERS UNITED,0,3,245853
Femboy Warriors,0,13,245314
T O X I C I T Y,0,3,245014
Hell Fire persian,0,4,244435
TK MOI DOM,0,9,244338
El Balagan,0,0,244164
steel warriors,0,8,243648
Red_Empire,0,1,243517
P E G A S U S,0,21,243510
EDEN HALL,0,15,241245
TURKISH ARMY COMMUNITY,0,14,237120
Art of greed,0,1,236746
Lost Soul,0,0,236705
PODVAL,0,0,235599
Guards of Siberia,0,2,234699
Hard-Way,0,7,234446
CrossGuild,0,0,234375
MOKI GOAT,0,1,233844
Papu_Traxal,0,3,233227
Anime Bar,0,0,230774
Birja Tryda,0,3,228446
Broken Halo,0,8,228228
Del Teide,0,12,226399
Founders Of Foreign Lands,0,2,226316
Hi im PedOFFka,0,0,225989
Shadows of the Gilded Court,0,5,224752
Humming Bird,0,0,224435
OldBanner,0,1,223861
Swamp Family,0,4,222495
MAKE LYM GREAT AGAIN,0,21,222035
LAH-UTOPIA,0,9,221858
Peaceful Sky,0,23,221038
KNURZYSKA,0,8,218696
M o r t e m,0,2,218249
Brotherhood of knights,0,6,218119
maggot,0,13,217816
Trident Vanguard,0,3,217678
fort avalon,0,2,216025
Justice League,0,1,214818
Lega acciaio,0,2,214024
AmmA intikamclar,0,12,213963
Dalinamesloot,0,3,213901
zhengdaoguan,0,1,213086
The First Crimson Order,0,12,213001
Eternal Shroud,0,23,212739
Combat unit,0,0,212644
Sleping Forest,0,3,212424
BOMJ,0,6,211915
Blue Batch,0,2,208165
Zero-to-gooner,0,0,207591
3kkk,0,0,207207
lolailo,0,4,206749
Cig after SEX,0,10,206632
piy piy,0,2,206364
Tempus mortis,0,5,205796
300 Unbroken,0,3,205239
eva elfie fun club,0,1,205226
Mourners,0,0,204157
Flander Empire,0,6,204023
Amaranthum,0,3,203179
DarkNorthernWolves,0,2,202993
Descent D Madness,0,6,201730
Falx,0,11,201226
FEAR NOTHING,0,2,201162
Menuisier,0,0,200646
111234,0,2,199041
HaFsH,0,3,198643
Union Axe and Forest,0,14,198641
SIGMASTOICMAFIATOMASSHELBY67,0,2,197986
Xaos,0,1,197924
jangbama,0,3,197906
The HellSent,0,0,197108
Boton1avalon,0,1,196807
yellow zone faiters,0,2,195362
K o D,0,1,194942
Hoon of Horse,0,10,194924
Tavern,0,1,194237
FATHERFUKBOYS,0,0,194077
Deep Sea Warriors,0,7,194031
BakerArc,0,2,193730
The Bosses,0,5,193624
USTADLAR,0,2,193032
TRALALERITOS 67,0,3,192984
FarmStreet,0,16,192685
Moonglow,0,0,192306
Savonia Syndicate,0,9,191656
ArabPrime,0,4,191493
op300,0,8,191400
BLACK SPIKEE,0,16,191184
Golden Revenge,0,2,190812
ALC_GAMER,0,24,190731
SosaliNaMayami,0,1,190213
Gudge,0,3,188850
MarlockFamily,0,3,188539
The Royal Content,0,15,188310
KADIKOY LEJYONLARI,0,9,187018
Ma Sha Ji,0,5,186995
FairPlayFamily,0,8,186930
Blood Eyes,0,22,186743
Karczma Funfelki,0,5,185852
ArtofWar,0,6,185649
x Vision Of Enoch x,0,5,184977
Corrupt Karma,0,5,184826
Reset Day,0,11,183034
Kiyone,0,3,182454
Koniec Swiata,0,6,182380
shadowfiendfrfrfrf,0,1,181499
ImmigranTs SyndicaTe,0,5,180483
SUNDALAND,0,2,180430
Asherax,0,1,179971
The Lost Paradise,0,0,179832
Le gardien de Spectral Sump,0,0,179075
C-A-T-A-L-Y-S-T,0,3,178303
MEDo guild pvp,0,11,175505
RAGING BULLS,0,12,175445
Zaxaroplastio,0,5,175300
boogeyman,0,11,175144
Mothers brawlers,0,13,174934
Ukraincy Dzeyoskiego,0,1,173834
Hungry Boar,0,2,173769
GuildPotato179,0,1,173488
invisibility,0,1,173453
Endless Mists,0,7,173242
Prelude To D E S P A I R,0,3,172096
TheQuen,0,8,171998
Perfect Strangers,0,5,171858
House of the Rising Sun,0,9,171679
EasyLeveling,0,15,171138
Bitfrost Logistics,0,8,169917
HOLDERS OF HOPE,0,1,169214
CHR KING,0,9,169057
Les 300,0,5,168990
Le Viccii,0,5,168949
FMM,0,9,168329
freshyfishy,0,1,168071
BezPid0r0B,0,0,167902
Janissaries,0,6,167850
Chuchmeki,0,3,166120
KuokuyGang,0,8,165529
IKIGAI,0,4,165492
Ashfall Covenant,0,0,165161
ALTUSHKA,0,2,164994
Judgement,0,5,164399
Madcry,0,3,164187
XPAHNTELN,0,2,163991
Peace dukes,0,3,163915
6Warriors6,0,1,163609
RAKUDZAN,0,5,163348
Lokiho Hlas,0,2,163104
mystblooms,0,2,162800
Smuggler,0,1,162513
OLOMIST,0,5,162139
300 - Cardinal Sins,0,5,161913
ACES,0,4,161597
ZeTzzz,0,4,161558
SleePing,0,12,161482
EKIPS,0,9,161371
Magic Shrooms,0,3,161273
Die Grauen Woelfe,0,8,161044
RENEGAD0S,0,11,160920
Esensio,0,5,160438
FURYX,0,1,160340
MAJO,0,13,159236
Tamagochi,0,2,159025
East Albion Trading Company,0,13,158878
ShadowBlade123,0,2,158716
merguilde,0,0,158268
AllUCanEat,0,9,157923
DeathiviWarriors,0,6,157916
Roads,0,3,157181
Los Golfos,0,2,157089
Tepeyi Salan Okcular,0,1,157024
2CRABS,0,3,156944
Talitiri Guild,0,6,156802
MINECRAFTER,0,4,156689
SL4Y3RS,0,3,155791
The Rabbit,0,2,155594
CHEAP CRAFT BRIDGEWATCH,0,4,155155
Puszka pandory,0,2,154982
Surrya Phoenix,0,12,154836
Deathmark,0,2,154158
Heralds Of TrollHala,0,2,153788
T U R T L E,0,8,153752
G A Z I L I O N D O L L A R S,0,12,153629
Made In Russia,0,9,153586
Thronebreakers,0,4,152358
Cotton Field,0,4,152232
We Smash,0,2,152106
RZALEGION,0,38,152006
DRGN,0,9,151982
Daemonium KeepEnjoyers,0,2,151345
WTP Majstry,0,3,151281
Northlings,0,11,151170
HelloKityaGang,0,3,150709
Gatitas Salvajes,0,0,150428
imans,0,5,150421
Avalon GankerS,0,10,150230
Laughing Grim,0,5,150229
Raven Guard,0,4,149789
CimBomBom,0,1,149087
Drums-Of-Liberation,0,0,148936
GATHER X GANKER X INDO,0,8,148660
Sons of Yarilo,0,9,148400
Death Echo,0,1,147919
Clownfish,0,0,147396
11SKATE11,0,2,147301
F_R_O_G,0,2,147263
Ghoul Reefer,0,0,146709
2v2,0,1,146330
ADX,0,0,146086
I_X_I,0,9,145936
shtGroops,0,5,145464
Trouble Makers,0,0,144672
Robertsons,0,7,144342
me and hoo,0,12,143803
Avalon Nightbloods,0,2,143504
Vermin,0,2,143370
pocho crafters,0,0,143369
l9 2v2,0,0,143306
CAMELO,0,2,142952
KPV I PL,0,0,142676
TwD,0,1,142633
Groszki,0,3,142574
Divitae,0,5,142472
R U X,0,4,142050
wrc,0,0,141969
Souls eater,0,1,141616
1zuma1,0,10,141247
Sindicato del Oro,0,2,141117
Mammothcalff,0,0,141021
UnlimitedBladeWorks,0,2,140532
Greatest Sages,0,1,140177
Legionless,0,9,139917
kastoria,0,7,139526
Call of the Rune Masters,0,1,139117
Cyber Money,0,1,138427
Wood Shooters,0,9,138180
Kyoto,0,1,137862
rouge wolves,0,9,137712
BanGlobal,0,8,137423
Knight hunters,0,4,136852
La Comuna,0,0,135840
ALBIONN,0,8,135723
Geo Gather,0,3,135067
DOMUS RISUS,0,13,134906
THE LAST DWARF,0,1,134677
Faithful,0,4,134539
BigBeuteuOuRien,0,20,134383
STORM FRONT,0,0,134365
Swinx,0,4,133647
Vikings Hell,0,10,133497
Sematary,0,2,133118
Lolimancer,0,1,133078
iVenom,0,14,132714
GrandmasShogun,0,11,132650
Gildia Zmeczonych,0,4,131891
ViceLordZ,0,11,131475
Czarna Konfa,0,3,131348
BedzieFajnie,0,2,131102
RED MACHINE,0,5,131095
Maniacs,0,11,131095
DEAD YAKUZA,0,6,130967
Fortsterling Dwellers,0,10,130860
frost g4y weapon,0,1,130733
The Tarnished Ones,0,7,130443
Gladiators Helms,0,12,130197
EchoLot,0,4,130122
PRAID,0,14,130043
C I T A D E L,0,6,129936
Argent Dawn,0,0,129581
RMTstatick,0,2,129542
Black marsh,0,1,129529
POHYI GOIDA,0,7,129137
Tracking Park,0,4,129123
ChercheurDeTetford,0,2,128823
Guardians of cum,0,9,128753
Empire Viltrum,0,9,128535
K U N I,0,4,128160
Japa,0,12,127744
ClownSquad,0,19,127282
Bandit of Bandits,0,9,126953
Avium,0,2,126188
Silver Above Honor,0,5,126147
CukCoK,0,9,126012
Interactive,0,6,125527
Deichmann obuwie,0,6,125359
Diamond Fortress,0,2,125082
Lllmariki,0,3,124543
The Cursed Brotherhood,0,1,124430
Triangle Des Bermudes,0,3,124400
Back4blood,0,0,124212
Ungoliant,0,0,122626
juicy mango,0,2,122163
KingsOfShnitsel,0,12,122108
Firma,0,2,121262
Mastodon Fediverse Game Power,0,5,121138
NotBad,0,1,121121
Ca va etre mechant,0,1,121062
vmwrrr,0,3,120815
BloodLake,0,2,120383
Three6Mafia,0,2,120138
Giga Chad Guild 67,0,3,119892
Sqwaz_Bab,0,11,119867
BorodatyePingviny,0,3,119866
YinYang,0,14,119185
Albinyata,0,0,118959
UnderWord UH1,0,1,118801
Liars,0,4,118706
ROA LOVER,0,6,118657
PekalonganCheater,0,0,118361
AMAROCKTARPOPSTARHUYVSTAL,0,1,118276
TevKa,0,3,118260
Flash,0,0,117865
Northmans,0,7,117816
MONEYMOD,0,0,117547
The Lost Expedition,0,3,117489
epstein i,0,4,117323
Gttliche Templer,0,28,117322
Avalonian Bordel,0,0,116877
Demokles,0,11,116807
Les Salamandres,0,7,116661
EXCALIBUR KNIGHTS,0,2,116384
MGMP,0,12,116265
Treasure hunters Grindings,0,15,115364
Daedras Fang,0,2,114988
Camypau,0,3,114501
We Tried,0,0,114417
lol-1o1,0,7,114331
GuildPotato1618,0,2,114325
Electronic Wave,0,13,114191
Los Pocheros,0,1,113905
ZblackBullZ,0,11,113869
Meeow,0,3,113690
The Electric Knights,0,0,113419
Sabuesos de Siora,0,2,112975
DriftWalkers,0,7,112613
La Compagnie Royal,0,2,112607
CREW357,0,1,112513
MagnaLupus,0,3,112488
Schmacks,0,3,112294
makara kukara,0,4,112234
Graveyarders,0,3,111804
DeathSiN,0,4,111787
River,0,19,111570
The Kitsune Carmesi,0,3,111353
STARDROWNED,0,2,111283
EldenRing,0,10,111193
adrian lame pies,0,8,110845
TRKYM,0,0,110629
Black Phoenix,0,5,110521
Nagara____MAO,0,5,110314
Odd Future,0,8,109983
alpha -2,0,7,109671
samuel112 king,0,1,109191
Castelvania,0,2,109156
Blood-_-Moon,0,6,108896
Orden of the Crusaders,0,1,108489
Veu de Nyx,0,5,108268
okak,0,2,108013
FULLMULL,0,9,107871
l CHURCH l,0,1,107272
Clap Crew Legacy,0,1,107186
BlackBigPeople,0,7,107092
Solar Vanguard,0,18,106944
DAPUR SEHAT SADELI,0,2,106905
Alas Negras,0,24,106867
RUSSIAN PARADISE,0,3,105988
MopkoBku,0,8,105953
friendly_freaks,0,1,105664
Wipe All,0,1,105655
La Guilde Des Chasseurs,0,12,105419
Gang Crusaders,0,3,105408
SuperGuild,0,2,105103
GoodHash Production,0,10,104893
Xx loay Zawia xX,0,3,104698
Purity Squad,0,0,104655
Drop Dead,0,0,104563
georgia_brother_Clan,0,3,104424
Warchimaniakos,0,3,104332
CHIPSI,0,1,104314
ojonekoneko,0,5,104248
polska herbatka,0,4,103718
BlackRoseOfAlbion,0,1,103700
Les Paladins chills,0,10,103661
DRUGS,0,2,103543
Dark souls,0,1,103288
Bridgewatchs Sandmans,0,1,103151
lalatoyaa,0,1,103114
1st Knight Order of Archons,0,0,103026
Opyat Rabota,0,0,102762
SHIPEKS,0,4,102628
Angels,0,1,102545
7 DAYS CHALLENGE,0,1,102335
Silver Swords,0,7,102126
IreneeGuild,0,1,102103
me mili dushka,0,2,102036
Furians,0,3,101735
II__________________________II,0,0,101664
triadashalav777,0,2,101566
BANK UA,0,1,101465
Century Boys,0,4,101416
Rayko vault,0,0,101134
Astral guardians,0,9,101133
OPG GUASH,0,7,101120
Death Date 2,0,2,101105
E X l L E D,0,1,100726
RCHDFJXZ,0,2,100526
FeriniaTeamMQ,0,13,100524
Loup Solitaire,0,5,100365
I HATE MORGANA,0,4,100170
Wings Of Fate,0,9,100156
GoldRUS,0,3,100147
Thetfordi Magyarok,0,6,100065
The Lair,0,2,99938
Dracula,0,7,99623
Dovakin,0,2,99553
Entry Point,0,2,99497
oTmopozKi,0,0,99408
mehmeh,0,3,99070
Avalonian Guardians,0,7,98798
Garden of Eden,0,6,98611
MARCUS AGRIPPA,0,0,98535
ValhallaWarriors,0,0,98328
Jesster,0,1,98036
RusBears,0,0,97972
L Ordre du Barbecue,0,1,97849
CHEAP CRAFT MARTLOCK,0,3,97621
Luck of the Leprechaun,0,10,97504
Forward Observations,0,1,97502
N O B O D Y,0,4,97397
Pro100Farm,0,9,97311
Shadow Guardiens,0,2,97119
ENOTZADROT,0,10,97113
A11one,0,2,97095
Lord Of Rats,0,2,96988
Roca Dragon,0,7,96796
EvY,0,2,96784
Grudgebringers,0,10,96759
The Redguard,0,0,96314
Vaberorkich,0,2,96229
love_faer,0,4,96081
Linquisition,0,9,96064
RUST ERA,0,11,95801
HALOGU,0,3,95763
ThePharaohs,0,2,95650
The Triads,0,8,95218
ssssaaaaa,0,5,94887
TouchGrass,0,0,94860
War_Dogs,0,0,94749
WARGG,0,3,94672
3 day for disband,0,0,94665
PuKiPuKi,0,7,94554
CazaRecompensas,0,3,94465
Tabo-o,0,1,94385
La-LuZ-De-DioS,0,4,94312
simsalabim,0,4,94128
DeathReaper,0,2,93076
Joske,0,1,93061
Bw Frontline,0,0,92323
zelinisloniki,0,2,92284
Seven Deadly Sins777D,0,2,92276
DayIndustry,0,2,92142
House of the Marshall,0,3,92086
THETFORD VANGUARD,0,13,91928
Biriyaani,0,1,91898
CloseHead,0,0,91777
Shadowpact Coalition,0,11,91768
Skynet,0,7,91681
Bandits New Era,0,6,91674
Dark Avenger,0,3,91571
Avalon-speed run,0,4,91372
PANDA SQUAD 1,0,5,91090
Imperium Noctis,0,7,91079
Hello kitties,0,3,90948
JellyCat,0,1,90895
Best Intentions,0,2,90872
Flock of Bulls,0,5,90865
420enjoyer,0,1,90721
sonic,0,5,90710
Pays de Galles Indpendant,0,3,90497
Infantry,0,1,90470
HCE CLUB,0,6,90333
cahku corporation,0,0,90010
Arktos,0,2,89851
BloodySpear,0,22,89783
IMMORTALS OF VALHALLA,0,5,89636
darkwater pirates,0,2,89582
vor Doma777,0,1,89520
EdemHall,0,0,89376
M O B B Y N,0,2,89063
Hurler le vents,0,8,89061
GOLANDSKIY SHTURVALIKS,0,1,88352
TheMostTalentedBaldMan,0,5,88018
DUSTROYALS,0,3,87940
c a c a c a,0,6,87872
MDI,0,2,87750
Casual Vibes RU,0,4,87690
la-mafia-blanca,0,6,87603
TriAzverina,0,5,87508
SkullbearerS,0,2,87423
La Forge,0,2,87417
Dragon Overlords,0,14,87328
Hala Madrid,0,9,87120
Samerq10,0,8,87084
Haunted Wastes,0,4,86812
PCC,0,1,86751
BMW M4 Compitation,0,1,86668
FANGS N1,0,6,86541
Chasseurs de Dragons,0,1,86339
ZELLD COMPANY,0,1,85779
Gui knights,0,0,85748
REDBONE,0,4,85603
ZumZum,0,4,85527
vasgaz,0,1,85455
MSR,0,3,85416
French Empire,0,27,85324
Strongs,0,4,85173
FairyTailLYM,0,9,85098
Knochenbrecher,0,6,84824
RICONECTIN,0,3,84800
Leon Cremesiss,0,2,84792
BSM,0,4,84790
63HohLa,0,2,84593
HWDP 60,0,2,84478
Bear Family,0,3,84462
MUGIWARA BOSHI,0,1,84429
kpshka ggwp,0,1,84409
Red Armys,0,2,84183
lvl30,0,3,84158
The WhitePearl,0,6,83907
FORT DARKNESS,0,2,83869
IRON BANNER,0,20,83782
Cloowns,0,9,83762
the beanie crew,0,1,83718
the Crown Takers,0,5,83470
The Peak,0,0,83456
Interest yah na pint,0,1,83136
TOSBiK,0,3,83086
Clan dos Gordos - CDG,0,5,83082
MERCI,0,1,82881
I N D O N E S I A,0,2,82875
Purgatory_of_the_Soul,0,8,82784
Yahudi Tuccarlar,0,3,82685
Fake-Bank,0,0,82617
Quem,0,0,82120
Carleons specters,0,1,81998
BLACK GRIMOR,0,0,81942
Mystic Legacy,0,4,81871
chadlite,0,18,81752
PIWKOMOZNA,0,6,81729
Novatos,0,0,81715
UKR Nation,0,6,81598
The Aces,0,8,81559
KierowcyTaczek01,0,2,81555
Norske Legender,0,4,81138
Underground Money,0,4,81118
Bop B 3akone,0,0,80192
almorranas,0,3,80116
The100,0,0,80050
CRL Double Leg,0,6,79955
F2I,0,1,79794
Disney Cartel,0,3,79770
FRENCH_ ARMY,0,0,79752
GRRRRRR FRANZOSEN,0,3,79726
The Pirates,0,5,79713
RUS_D A R K N E S S,0,5,79681
noobs,0,1,79671
Beetlejuiice,0,2,79474
EMPIRE152,0,8,79445
Forcewake,0,4,79393
CHITINCI,0,6,79209
AVA EBLANI,0,2,79187
COLAPS,0,10,79060
Thetford Salamanders,0,1,79006
Ignis Caelestis,0,0,79000
Shweppes,0,0,78650
FISH LEND,0,4,78523
the-oldest,0,31,78422
usativka,0,0,78393
TUNISIA,0,6,78345
Where Are We Running,0,1,78327
Azolis,0,3,78259
BEARWOLF,0,3,78175
P E L E A,0,5,78048
DARK HAND,0,0,77998
ADASDASDASD,0,1,77867
I Mercenari,0,6,77867
sucky_CAW,0,2,77785
The Black Raven,0,3,77768
KARABASAN,0,13,77745
Clean Execution,0,2,77524
Caelum,0,4,77435
Gold Fox,0,7,77243
REBELION,0,0,77209
ShpalaNaMefe,0,3,77172
T E R O R,0,2,77104
Masonii Pepenasi,0,1,76988
G I M M E,0,0,76892
Cuccs Gang,0,10,76817
EXCOBAR,0,6,76800
la peche c bien,0,3,76694
Shadow_Assassins,0,8,76648
MilleniumX,0,2,76570
I-EDEM-I,0,4,76504
Guardian Angel,0,3,76472
Sab3aweya,0,4,76430
La Nuit Nous Appartient,0,0,76416
BAGARRE,0,4,76258
Real Steel,0,7,76257
daedaluss,0,1,75991
Road Trip Squad,0,2,75928
Covenant of the Sun,0,1,75812
We Are Animals,0,0,75608
Manigua,0,9,75523
Loyal Raisins,0,0,75490
Maybe F1ght,0,3,75410
GOTENyemis,0,9,75234
The Drunk Monkeys,0,2,74909
deltaforce,0,1,74838
Russian_Garden,0,3,74712
Deni,0,12,74700
A L T A I,0,0,74659
500 Logiki,0,10,74421
MAOMAOTOU,0,1,74167
Teikoku,0,3,73885
HOLY SAINTS,0,2,73731
Goodbye Baretta,0,1,73629
FortMiner,0,1,73572
Bandiete,0,2,73500
Konfederacja Kazimierska,0,1,73477
PAIR,0,4,73438
WALLACHIANS,0,7,73348
The Red Hydra,0,2,73329
Pawns Of Society,0,4,73279
Londor,0,3,72846
extremapro,0,3,72810
Douze,0,4,72594
Bank gut bay mani,0,0,72000
PRIMA,0,9,71991
Selling opium,0,1,71989
Hammer,0,14,71972
EBYproFIT,0,1,71837
Fallens Ange1s,0,0,71694
Quackers,0,1,71650
D E S O K U P A,0,2,71407
TRIKOTA,0,1,71383
Nieudasy,0,1,71350
Gugga Mugga,0,39,71255
LA BRIGADE FANTOME BW,0,1,70944
sjsss,0,4,70847
Insurgente,0,2,70757
Demonic Sect,0,0,70728
The Wild Hunt,0,2,70626
time to rest,0,0,70507
ORDER OF THE PALATINE KNIGHTS,0,3,70272
Eisdrachenhort,0,2,70086
Albion Hunter,0,7,70047
Gremio de la lana,0,7,69880
Mysterious Strangers,0,0,69692
EN VERT ET CONTRE TOUS,0,1,69583
Celestial Emperia,0,7,69571
iscariot,0,0,69564
G0VERNMENT,0,7,69372
Kiedys Mialem Gildie,0,11,69287
Beyond Repair,0,3,69248
Burmal Dance,0,4,69184
IRON REQUIEM,0,1,69116
SVINEC,0,3,69065
E L D E R S,0,2,69025
El2ANEEQ House,0,6,68978
ultima exile,0,3,68976
Brave Chickens,0,4,68928
ArmyOfDeath,0,5,68904
AS DE CORAZONES,0,2,68787
KLOOBNIKA,0,2,68778
The One AND Only,0,2,68712
dragonalde,0,3,68679
DarkCat,0,8,68648
DONTshoot,0,3,68615
Hogwarts,0,8,68487
Serpents Stockpile,0,7,68305
Clariti,0,5,68263
Allbion,0,1,68263
Farming Life in Another World,0,3,68166
Thowers,0,1,68093
4NAL F1ST1NG,0,2,68067
INSTITUCIJA,0,24,67994
Albionists,0,6,67909
PornHub,0,1,67729
SayGG,0,9,67640
KUK OLDS,0,0,67579
Auric Dominion,0,1,67554
FC Bolschevic,0,9,67461
Albion Working Party,0,2,67394
Encho,0,4,67310
Tezeracts Myth,0,1,67256
GuuD,0,1,66979
Za Qmercy,0,1,66975
The World Ender,0,0,66909
blood spiders,0,17,66811
StayCalm,0,1,66609
VertuS-RO,0,2,66555
Holy Order of the Crusade,0,0,66464
The Monkey Gang,0,0,66248
Caspian,0,1,66189
KRAKEN_1654,0,6,66165
Alma de Fuego,0,1,66141
kartab2,0,2,66124
IOU,0,2,66083
DarkConsul,0,15,65807
Fluggegecheimen,0,1,65713
Defiant,0,2,65572
BigBLOCKCok,0,1,65532
The Rebbels 187,0,2,65514
TEAM IMPACT,0,5,65307
PatatoSS,0,1,65274
ArzemothV2,0,8,65242
Wind Wall,0,4,65229
Solar-Dynasty,0,4,65182
Purgatoryy,0,2,65142
Deletis,0,3,65026
Arise Shadows,0,0,64774
TheQueen,0,3,64771
Ban Kai,0,1,64646
CCG-1,0,1,64635
Kruissemberg,0,1,64551
Troldkarl,0,2,64515
Schmoggz,0,0,64452
GaysForGod24,0,0,64147
JONSON,0,2,64111
NetWork,0,6,64102
Grindr,0,0,63968
BRAVADO,0,4,63850
Vulnus Mortis,0,4,63842
Oskom,0,7,63767
ABTOVOKZAL,0,2,63499
The White Deaths,0,5,63463
DLG,0,2,63409
AS ABOVE SO BELOW,0,3,63388
aliesstar,0,9,63005
No Guild,0,3,62987
Golden Hammer,0,6,62955
Sundanese Empire,0,1,62953
Synowie Chaosu,0,1,62838
Sky Fang,0,3,62807
Devils Pact,0,4,62799
Etlendo Security Corp,0,1,62755
GMF,0,1,62655
End of Silence,0,8,62639
Panske Jahody,0,2,62562
PegasusGathering,0,13,62533
THE LEGENDARY ARROWS,0,2,62518
LOS TURKOS,0,4,62396
Turk Guildi,0,2,62392
HONOR WARRIOR,0,8,62373
Biasaaja,0,0,62341
SEKTA URZUS,0,6,62340
RadHead,0,5,62288
RedAction161,0,10,62259
LastOnesLeft,0,4,62254
RMT Police,0,0,62179
La Banda dei Briganti,0,11,62162
Imagine Losing,0,1,62140
SeNSei_ZeYNeLY,0,14,62132
The-Workers,0,14,62033
Lakada,0,2,61959
gankyoudotexe,0,5,61941
Black Tunnel,0,4,61774
SS26,0,2,61663
issemiyake,0,2,61631
GUINNESS,0,0,61610
PiVO SQUAD,0,0,61603
Tier 7,0,3,61571
D A L T O N,0,1,61534
panic show,0,10,61475
SZEROKIE OTWORY,0,2,61462
BlackFungus,0,0,61380
KERHANE TAYFA,0,2,61332
Ordine Dei Senza Luce,0,11,61325
Astronomican,0,2,61286
Dommy Legends,0,4,61135
NN22,0,5,61079
VPS,0,12,60946
Wesole Robaczki,0,6,60935
Titanss,0,3,60899
A Dying Dream,0,0,60880
Periculum,0,1,60737
Pi4erniki,0,12,60729
Darling come back to me,0,0,60685
Funtiki,0,2,60663
Shadow Guardians,0,0,60561
Generacion de Cristal,0,3,60514
SFA,0,3,60483
C O R T E L,0,3,60207
Sevarac,0,1,60183
Galactic Empire,0,5,60165
Q0z,0,1,60122
Path of Heroes,0,4,60055
7sit Gank,0,0,60055
The_Wolf,0,2,60019
osmanl imparatorlugu,0,2,60013
MAFIA LATINA,0,5,59706
Livre para jogar,0,3,59675
WAITER,0,3,59658
Pepeland,0,6,59608
Bogma,0,0,59542
Great Importance,0,3,59506
Gang Mafia,0,1,59467
LE COCORICO,0,0,59391
CamShotuki,0,8,59334
Shmooze land,0,2,59287
GATHERERS OF POWER,0,6,59172
Gildiya,0,0,59116
A R D,0,1,58890
Crimson Fire,0,4,58872
JackassBoys,0,1,58844
Goldshire,0,6,58834
GuildGooglyMoogly6,0,1,58758
Unchained,0,3,58550
AD4K,0,0,58550
touchrat,0,1,58495
InkShadow,0,4,58262
Stare Zgredy,0,8,58213
MASTAR OF SASBENC,0,2,58142
i-Hate,0,2,58079
DatOneGuild,0,1,57940
GoldenHorn,0,1,57882
Hold My Beer,0,3,57858
Bonshad,0,0,57830
autistic prime,0,17,57736
Seikiri,0,0,57720
The Monarch,0,26,57657
AVALONSKY OSPA,0,1,57631
BratstVoStalI,0,0,57606
islantes,0,3,57588
Miguel Bombarda,0,2,57489
The Billionaire,0,14,57432
SUNFORGED,0,12,57376
The royal wardens,0,4,57281
Foul Red Hearts,0,10,57238
Dark Moon,0,0,56977
Kerhane,0,2,56835
PORNO INDYCTRIA,0,8,56761
Specifics Heads,0,0,56740
kulbearNOOB,0,1,56714
Jebac Uranisa,0,1,56685
DIABLITOS_NEGROS,0,4,56522
BRIDGEWATCH FACTI0N,0,1,56464
Alambra,0,8,56461
Resistance Francaise,0,3,56184
Suhie,0,2,56159
Gone bush,0,4,56106
Snus-Li,0,1,56048
Crni podmukli,0,3,56035
guwno,0,2,56014
GAME OVER ALBUON,0,2,56011
Iove,0,7,55956
Orden der Blutdrachen,0,1,55952
Slain of Folkvangr,0,3,55890
Sons of the Night,0,1,55889
Blue Army,0,0,55854
Senso no basho,0,5,55781
NA Expats,0,2,55741
Bombona,0,0,55651
namu,0,2,55554
Albion game trip,0,4,55476
DEEPBLACK,0,0,55376
Rats Den,0,8,55305
Wiertarka udarowa Makita HP207,0,0,55237
SoengasGuild,0,0,55114
PlagueCats1666,0,1,54923
FETA Corporation,0,8,54861
Vologodskie,0,1,54796
THETFORD TEAM,0,4,54591
Ghosts of Chaos,0,10,54560
Fall_Foliage,0,5,54530
Dead Pride,0,5,54472
Potujna,0,1,54462
VAIMO,0,1,54364
Ryadko,0,2,54273
BLACK SUN RISING,0,1,54240
les botteurs de culs,0,1,54202
Akdeniz,0,6,54156
SkyyGalaxy,0,0,54121
Ah Batard Tu Fume,0,0,54099
Valc,0,2,54064
Bible Black,0,8,54010
Tarim-Ticaret Loncasi,0,5,54000
Zveryata,0,1,53967
Los Marionetas,0,2,53966
albion traveler,0,4,53902
Coaie Mari,0,0,53839
LumosNox,0,5,53826
qwer453,0,8,53775
Knights of the Fish Table,0,10,53757
Ainhorn,0,2,53714
Latvia,0,1,53691
DVostok,0,5,53671
BARNAUL,0,1,53601
DrTaberei,0,3,53573
Leet Gamer,0,6,53457
ToxicViper,0,13,53405
SGNL,0,7,53271
plata y sangre,0,8,53179
Huldufolk,0,6,53148
Auf Crack,0,1,52897
Happy Tree Friendss,0,0,52812
le parrain,0,3,52788
Ilovecicechki,0,3,52737
Inquisicion,0,0,52716
Black Gods,0,0,52608
Monsters home,0,3,52537
TheFrogGang,0,3,52410
Atlas Group,0,0,52409
Snowburn,0,1,52407
shurima empire,0,0,52124
D VE U,0,0,52121
la-taverne,0,4,52117
Alkraar,0,18,52086
Suckabow,0,3,52065
PegasusTR,0,1,52008
NeoMea,0,6,52000
Buen Clima,0,0,51898
G4NG,0,3,51607
The Elm Knights,0,6,51516
Obieraczki Do Macior,0,9,51429
As We Wish,0,4,51289
Turkish Legion,0,10,51269
The Lone Wolves,0,3,51173
El 3raby,0,2,51153
OhioRizzlerTuffTuffTuff67Mango,0,1,51113
A i n C r a d,0,3,51045
Ternak Mulyono,0,0,51021
New Laughing Coffin,0,9,50954
TR MASTIR PVP,0,9,50887
GU3RR3R05 C4RM351,0,11,50862
Empire Hordovia,0,2,50776
HOPKA,0,6,50761
EU Underground,0,0,50747
SLOOT LOOT,0,2,50583
Zodiac Solstice Brotherhood,0,3,50538
koxy,0,0,50510
TheForsakenOne,0,2,50388
Moba_Squad,0,3,50336
Vosstavshie,0,2,49956
infinite way,0,3,49903
DarkPrice,0,0,49822
Azure Covenant,0,4,49766
BWK,0,7,49760
LADISPOLI,0,0,49747
LightDragons,0,5,49599
Fail Crew,0,1,49506
YTPO,0,1,49493
30V90,0,4,49468
StateFarmINC,0,1,49306
VEIL OF THE MIST,0,6,49244
A7-REAPERS,0,3,49166
WARRIOR RATS,0,5,49101
DeadVerse,0,4,49097
Fort-lym main,0,0,49056
5 Billions in my Hand,0,0,49031
Shadows of Calamity,0,15,49010
fish_sellers,0,2,48899
XA6APOBCK,0,3,48896
CkIad,0,3,48811
NEXARIA,0,6,48753
justwuzzy,0,8,48667
sinon2,0,5,48665
BTS,0,3,48643
DONTJokeWithMe,0,0,48605
jabbawockeez,0,1,48426
YUNKE,0,13,48349
EMPALADORES,0,0,48339
CookingMan,0,3,48316
KARAWOLFLAR,0,1,48284
PURGAMOROS,0,3,48244
S0 Salty,0,1,48227
NPGG,0,2,48218
Galathilion,0,2,48211
1111223,0,5,48199
Panadol Empire,0,0,48170
11e Choc,0,3,48135
Ainz Ooall Gown,0,6,48073
Ice o Lator,0,1,47888
3 Badons and a Healer,0,4,47886
Jedi Order,0,5,47785
Red Luna,0,2,47783
Empire_Kawai,0,3,47739
MemennTVFamily,0,2,47699
Nightmare VIII,0,0,47672
Om elsaid,0,0,47646
MostickBoyZ,0,17,47592
Nostradamus Czestochowa,0,0,47573
Serene waters,0,3,47555
Big White Problem,0,0,47511
67km hour umamusume peek,0,1,47494
Feierabend Gesellschaft,0,2,47434
Spussycatzi,0,2,47430
WHY SOO MAD,0,3,47407
My Shadow,0,5,47407
Nova Phoenix Order,0,2,47397
DYNASTY,0,3,47392
Gamonal Broken,0,1,47347
HerzogStr,0,0,47280
WiadroMocyV2,0,2,47254
DemanSIR,0,1,47109
TIMES NEW ROMAN,0,1,47103
Supercord,0,0,47099
Empire Sun and Moon,0,2,47040
skibidiFUGA,0,4,46998
Ashwing,0,3,46920
Shadows of Mordor,0,5,46910
ZweiMann,0,1,46728
Hail of Gates,0,0,46728
The Order Of Teuton,0,2,46604
BENGEL,0,6,46534
ironikchallenge3,0,3,46518
Infamous Chaos,0,16,46500
capsLOCK,0,1,46496
ZeroDay,0,6,46469
Understand,0,0,46426
Ordem Vangrave,0,6,46370
Cult of Sacred Kassandrovy,0,4,46257
TURKS,0,5,46198
hong army,0,2,46149
Skatteverket,0,0,46113
Pomoshnik Leniny,0,0,45991
Dark Genes,0,3,45967
GIDRAa,0,7,45950
KNT,0,1,45947
Kaiju,0,14,45921
Probably Freindly,0,4,45864
N E K O M A,0,4,45824
Telegram,0,1,45822
MuchasCraft,0,2,45807
Fion and Fiak,0,1,45762
bufones,0,4,45612
Ministranci,0,3,45570
Kalesony Boga Wojny,0,2,45438
PolarBear,0,0,45393
Popoludniowa Herbatka,0,3,45359
Empire Guild,0,2,45329
Spolecenstvo,0,10,45248
HErPOMAHT,0,1,45235
Owww,0,1,45167
THETFORD ENJOYER,0,1,45062
Mount Up,0,0,45033
Stinova Legie,0,2,45010
Peanious,0,2,44988
Ainz Ooal Gown 99,0,5,44981
contract family,0,7,44953
LORDES,0,3,44934
Farmingtransport,0,2,44853
Nie bij,0,2,44775
Like Father like Son,0,2,44756
Inf4my,0,2,44753
5467,0,7,44727
Solo Company,0,2,44671
Jitari,0,1,44555
ArmyOfWolves,0,7,44455
MonkeyFlip,0,2,44235
Helios Horses,0,10,44192
Darksiders kingeom,0,5,44163
aLIEz,0,2,44133
Never Ending Story,0,2,44074
Community of Vlagalla,0,9,44054
Ordaksenos,0,3,43994
zulpeek,0,4,43969
Zao Medong,0,1,43950
Amanojaku Clan,0,9,43904
LayzeeShait,0,2,43870
Junimea,0,5,43740
Art Of Devils Dominance,0,0,43677
Empire of the Horn,0,9,43643
Rogue Team,0,2,43528
Broken Crown,0,4,43503
sweet and tearz,0,1,43335
BF1,0,1,43305
Chaos Crusaders,0,0,43281
Mist-Hunter,0,0,43269
YaAndBallPrinces,0,1,43258
Oceciak Cwel,0,0,43165
Steelborn Legion,0,0,43136
Homebound,0,1,43129
Death_Orden,0,1,43028
Arrogance,0,2,42928
laetitia,0,0,42914
YATERPULA,0,3,42861
Wikings,0,8,42809
Snakeeyes,0,1,42786
Varvord,0,2,42781
HELME,0,10,42740
Fighting Hamsters,0,0,42733
Gorilas,0,4,42705
SHODAN,0,3,42672
WRATH OF BAAL,0,5,42644
Guild Potato1713,0,2,42641
W0LFGANG,0,1,42639
Merchants Forge,0,2,42604
RICHES AND GLORY,0,2,42595
MetaFleXX,0,1,42561
bourg palette,0,3,42494
W A R C A S T,0,7,42435
Last Horizon,0,0,42401
Nyx Amere,0,2,42389
Demon Blasters,0,1,42383
SIROTA,0,1,42361
BoSinn Enjoyers,0,1,42339
Ortodox,0,0,42289
atomic legion,0,3,42265
Udarka,0,0,42227
ZENCI POWER,0,1,42126
CHARIKAT LMARSSA,0,1,42118
CryformeskY,0,6,42093
TESKILAT-I MAHSUSAA,0,5,42086
BOSE__SVAGA,0,3,42019
OsiedlowePijaki,0,4,41919
BRATCTBO,0,1,41877
Hidden Empire,0,0,41850
Les Fils de Picore,0,5,41768
PipiDron AboltysoV,0,17,41764
Purple Hoods,0,0,41758
White Hoods,0,0,41758
Warchefs,0,9,41756
FULL_DAMAGE,0,2,41742
911 GANG,0,7,41580
Samanid Empire,0,3,41501
Heartbeat,0,0,41482
luve,0,3,41479
Craft Sex,0,1,41461
HOLLOW DOMINION,0,0,41395
Hot Dogs,0,8,41372
LosRompeKatres,0,1,41369
CutiePatootie,0,1,41255
Goblins Economy,0,2,41218
Capybarchiki,0,5,41204
Toca das Marmotas,0,3,41122
wings from hell,0,1,41088
Demonsouls,0,7,40922
Ainz Oo_al Gown,0,1,40894
Jinx Club,0,9,40804
EXCALIBURR,0,3,40713
Prydwen,0,4,40702
merchants_legends,0,0,40655
MargoBlackBalls,0,3,40585
De Oudjes 55_plus,0,5,40561
KONOGON,0,7,40527
The Golden Pub,0,3,40518
R-M-S,0,10,40469
The Dark Pivo Brotherhood,0,1,40440
Mega Last Dodep,0,8,40373
ALBION LEADERS,0,4,40308
The hut,0,2,40286
Tropa da VENTS,0,0,40248
Cenetten Kovulanlar,0,1,40140
MinionDominion,0,4,40103
The last song,0,2,40101
Wolves of Lum,0,9,40078
Moonbound,0,0,40055
DUO BOLO,0,0,40045
Sala7if Ninja,0,0,40034
N a z a r i c k,0,0,40032
EMPEREUR PADPLATINE,0,2,39947
Mysterio,0,1,39912
Chaos Spawn,0,9,39894
GrizzlyGang,0,2,39894
Willgeria,0,3,39876
The Monarchs,0,3,39847
Rackans bananer,0,2,39815
FREELANCERS GROUP,0,3,39793
LEGEND OF THETFORD,0,2,39792
LION PRIDE,0,0,39782
Club BTLX,0,1,39767
Evora,0,0,39762
Bloody rain,0,2,39749
BFF,0,1,39698
Typitopipo,0,2,39669
Yaro,0,5,39661
GREAT BULGAR,0,3,39627
Nowy Horyzont,0,1,39422
Eclipse in paradise,0,1,39411
Filoriall,0,1,39406
OnlyFans,0,1,39386
OTDAI KASHU,0,2,39367
ITAJ,0,10,39363
Knight of Destiny,0,2,39360
rabotniki 30-1,0,7,39275
Night Corp,0,4,39267
DunMast,0,0,39266
Farmeadores Compulsivos,0,3,39151
PRADA,0,6,39014
Kela Soturit,0,0,38982
OTSOSIK,0,2,38842
BEKASI,0,1,38797
BEKD,0,2,38742
Carrot Cartel,0,2,38734
Night Wolves,0,9,38724
Knight of Light,0,0,38704
Quartus Crusade,0,10,38695
Mercs,0,1,38692
Mardinliler,0,4,38691
P H O B O S,0,1,38679
MUM EATERS,0,6,38665
Crazy Yefeng,0,0,38626
FingerInYourAss,0,0,38464
Klub Myszki Miki,0,3,38453
Blood Crusaders,0,6,38318
Glora y Patria,0,4,38299
l--Atlant--l,0,1,38279
Cleaning C0MPANY,0,1,38247
KFO,0,1,38187
int company,0,2,38149
TeRoNoKo,0,2,38078
Runarnia,0,7,38058
Police Albion,0,4,38039
MiamiScare,0,2,37906
Katatonia,0,0,37883
PANlKA,0,5,37853
A-S-T-R-A,0,6,37829
6AHK,0,1,37822
xPEACHx,0,2,37804
Blight,0,5,37731
No Enemies,0,4,37720
GenkBeybi,0,3,37719
BLACK-SULTANS,0,4,37711
Vasil-Iliev-Security,0,1,37602
Angry Nerds,0,3,37586
BORbKA FURY,0,0,37556
kondom,0,6,37549
Sorceresses,0,4,37533
Lions of the Dawn,0,5,37504
Towers,0,2,37487
KOTOAMATSUKAMI,0,2,37428
ba3bos el kbeer,0,1,37401
VAXXON,0,14,37362
Amical Alliance,0,7,37320
BRIDGEWACHT ESP,0,8,37317
Chaos,0,0,37260
Jesus the first jojo,0,5,37245
OooPpSs,0,0,37176
Kafsinkaf,0,4,37175
OVO,0,8,37151
Pochos-Unidos,0,2,37076
Sentinelas do NeXus,0,2,36980
Korkron,0,7,36970
N O S F E R A T U,0,6,36967
SHAHEEN,0,3,36949
Fall of the Knights,0,5,36920
1Rising Sun,0,2,36892
Albivony,0,5,36876
Fist Doctrine,0,1,36794
BlueG,0,1,36760
Cheery,0,5,36707
LezzW,0,2,36682
Ekbatan,0,1,36664
Freaks of Nature,0,1,36664
SoloSS,0,0,36664
monstors,0,9,36652
von WurmBerg,0,9,36522
EREMTI,0,2,36504
HAYDUT,0,2,36486
Dread Murders,0,4,36478
TEHTFORD,0,1,36459
POWERFULLY OWNS,0,5,36449
Sosuni,0,2,36396
0rda,0,1,36374
KOHTPATAKA,0,5,36298
The dark lords,0,3,36219
Lions of Lymhurst,0,3,36110
Dvish,0,1,36059
Giants Gait,0,8,36053
Sendero Iluminado,0,2,36041
1D-M1,0,3,36020
Easter Bunnies,0,3,36000
The Deep Roads,0,6,35925
La Orden Sagrada,0,2,35910
pisi,0,3,35892
Sun ray,0,7,35882
Blue-Gold Order,0,8,35839
FOOL,0,0,35790
BREAD,0,3,35735
ARGANAT,0,13,35702
Silver Wolfs,0,1,35700
DCraftAndGather,0,1,35694
BASOTAA,0,1,35598
5th Floor,0,7,35588
Guardians of Azeroth,0,2,35500
Winter is Kaming albion team,0,3,35460
Not Your Territory,0,1,35443
The Frozen Sun,0,0,35438
HIDE_OR_DIE,0,0,35434
Yandere,0,0,35415
Die Angler,0,2,35400
perlovka,0,4,35385
wildforest,0,4,35341
Brotherly solidarity,0,3,35265
iskatili zolota,0,5,35143
Zero Mercyy,0,2,34968
SHEGGY,0,5,34966
El Patrons,0,1,34964
Slotkie Zajaczki,0,2,34917
Casual Chaos,0,7,34879
Karma Police,0,0,34861
MacDucK,0,0,34843
Xenolith,0,4,34811
NSNL,0,2,34729
Houkago Tea Team,0,0,34698
IllIlIllIIllI,0,0,34693
Scordacious,0,4,34629
GREAT TO SEM,0,1,34620
Antiquary GODS,0,1,34586
VITARA,0,0,34525
2002-02-03,0,0,34452
BUFER,0,1,34404
x EBASH x,0,3,34326
STAY HIGH,0,3,34266
DOMINATOR,0,0,34178
SORVIGOLOVA Island,0,0,34031
Nasrano Do Stolu,0,3,34004
GuftoiBlinders,0,2,33978
Login horizon,0,9,33829
Austrian Aviation Company,0,2,33789
D E E P S H A D I A,0,2,33775
Flameborn,0,11,33724
Black SIict,0,1,33666
Bajraktar,0,0,33615
Waleczne Piesci Lym,0,1,33592
TwoLapinous,0,1,33528
RZ Crowned,0,0,33515
DESTINO,0,1,33508
jormungandr,0,1,33507
CILGIN TURKLER,0,3,33481
PDIP - corrupted,0,3,33392
AME,0,3,33321
The Outlaww,0,0,33291
Serpentes,0,2,33262
Calvalandia,0,0,33223
Fort Stone,0,2,33195
Masqueradde,0,2,33181
Disenchantment,0,2,33165
AGIS TENYOM,0,0,33139
Moonshiners,0,1,33027
Infernal Angels,0,2,32946
144s,0,2,32945
Chillout company,0,2,32803
gulfcompany,0,1,32738
Organization X,0,7,32687
Silha,0,2,32626
apoS2Ci,0,2,32618
Alliance59,0,3,32613
Eltrion company,0,0,32596
CZE Hrdinove,0,0,32556
King Of Games players 100,0,0,32532
Hungary OLdBoyyzzzz,0,7,32508
Son Lejyon,0,4,32508
SilentKnight,0,1,32473
GuildGooglyMoogly700,0,1,32443
Sunrise Legion,0,1,32409
The-hands-of-god,0,0,32409
GANKERS SYNDICATE,0,0,32400
ReimsDoigt,0,1,32382
The Age of Legends,0,0,32314
Hamstari,0,0,32246
375,0,3,32215
SYSHNYAK,0,3,32209
H O R D A,0,7,32112
Better Together,0,1,32075
321312,0,2,31998
GoIden Leaf,0,3,31942
Sky Legends,0,0,31928
Trunkenbolde,0,10,31871
kalaong,0,1,31869
turann,0,1,31840
Baby Bears,0,0,31819
Winnica,0,3,31761
Lipo4ki,0,0,31753
Warbringers,0,1,31692
Go1oveshki,0,1,31689
Metallurg,0,3,31673
dubidubidam,0,0,31659
DerBozo,0,3,31636
Dragones De Plata,0,0,31591
Hand Of Mercy,0,4,31591
Soaring Eagles,0,2,31526
God s Elect,0,3,31521
Czarna Prohibicja,0,5,31378
The legends reborn,0,9,31292
Hellreign Slayers,0,3,31202
GOTEI-13,0,0,31194
For Fight,0,1,31180
Dawnblade clan,0,5,31170
Flex and Dance,0,7,31158
Loki Familia,0,3,31150
GuildOfLangos,0,4,31131
Dying Sun,0,1,31085
KrosGard,0,0,31078
Vox Imperii,0,0,31074
Greedy Unicorn,0,7,31053
Red Souls,0,6,31008
Hellhounds666,0,0,30992
Petrichor,0,1,30965
Imperium of Sun,0,0,30931
Battle Hedgehogs,0,1,30925
VY Canis Majoris,0,13,30920
Zobar,0,0,30915
Chaos Boys,0,2,30830
saima3n,0,1,30822
Golden Avils,0,0,30801
Pact of the Highborn,0,1,30801
Torgovaya Imperia Dwargon,0,1,30779
Duman Cartel,0,6,30736
Zalupenki,0,1,30712
Outcasts OG,0,2,30661
Pain and Gain,0,1,30602
DrinkersFAN,0,1,30490
league of dragons,0,4,30436
P U N I S H M E N T,0,1,30410
AstrixGaming,0,10,30393
HollyWood,0,3,30385
FENTANYL,0,0,30348
ZeFirkY,0,0,30326
SchattenTatzen,0,1,30260
BANGER ENTHUSIAST,0,1,30215
Ostrovitiane,0,0,30173
VAS,0,0,30171
The Mad Wanderer,0,0,30170
Choco,0,2,30132
Erepare Cock,0,9,30041
ORTHODOX MINISTER,0,1,29998
SMOTRIASHIE,0,0,29987
Community of Gatherers,0,1,29950
PDF Files,0,2,29928
PUZOTRYASI 52 67,0,1,29890
Le Skali,0,3,29882
105-4636,0,7,29880
OompaLoompas,0,1,29835
Carelles,0,4,29835
YQDA,0,4,29816
BOER WARR,0,5,29802
NOT For Tax Evasion Purposes,0,2,29712
KSAx,0,22,29708
mimemamomu,0,0,29700
FeLiNos-HaKuNaMaTa,0,3,29699
Faceless Team,0,5,29634
TARATOR,0,0,29523
Loot Sharing Poese,0,7,29517
Ghost Folk,0,0,29513
FOK SPAM,0,0,29489
Saplings,0,2,29489
ELITE PLAYERS,0,1,29456
VL_arestants,0,10,29450
papyteam,0,1,29446
Albion G Academy,0,0,29345
COLLECTORS,0,7,29261
Duo,0,2,29248
Jesus Team,0,1,29227
SIGNAL,0,1,29190
Ironballs,0,1,29181
Shards of Hope,0,3,29164
Los Legionarios Ant Segarros,0,5,29075
ottoman38,0,24,29054
ACRONIS,0,1,29053
RdlirsPiggyBank,0,8,28933
BREST,0,1,28876
Mitropolit,0,1,28834
out_cangel,0,4,28767
DNEPROPETROVSK,0,0,28753
Noctis Venationis,0,11,28719
Roly_Poly,0,8,28713
Yakku,0,0,28709
RedCraftion,0,0,28689
KBX,0,1,28616
Los imperialistas criollos,0,1,28582
The Artemis Hunt,0,0,28579
Reds Swashbucklers,0,1,28509
ELEKTRYKI,0,3,28468
NightDay,0,2,28431
fysk,0,1,28408
Tomboy,0,0,28390
BearsCave,0,0,28349
EBASHER,0,2,28305
MI PIACCIONO LE CAVALLONE,0,7,28287
MORIBUND,0,3,28274
xyina,0,0,28251
AQL-GAMING,0,1,28233
Mist Lover,0,1,28219
ESP LA TABERNA DE MOU,0,6,28191
Trilogy,0,2,28167
OnlyFams,0,1,28140
The Romanos,0,1,28133
SNG SQUAD,0,5,28038
Limerence,0,4,28013
sag makan,0,6,28009
GAN,0,4,27998
Koolorado,0,2,27989
liil,0,1,27961
Low Honor,0,0,27947
Valhalla Bound,0,2,27932
SOULS OF PRIME,0,0,27910
Raize,0,1,27900
Ragnos,0,1,27802
EGOISTS,0,0,27801
Monster hunter,0,5,27754
Freezik Team,0,0,27718
FreeLanceFreeWorld,0,1,27609
Cartoon cat,0,1,27561
XB_xb,0,6,27560
Shustiki,0,3,27528
A-R-T-A-S,0,0,27520
Wandering Sheep,0,4,27501
Wild Hornets,0,0,27491
OH DIOS MIO,0,3,27489
iSexyBeats,0,0,27486
Child laborers,0,1,27458
GARiPLER,0,4,27457
AYAYANIYA,0,4,27355
ZOV ZOVET,0,0,27354
KOMUKU,0,2,27334
UsualSuspects,0,1,27310
Martlock United,0,2,27263
Los Discupulos,0,0,27215
Patykland,0,2,27187
EndTimeTravel,0,0,27063
falling san,0,1,27054
TeamDeath,0,1,26999
Albania Libre,0,8,26970
GREH,0,1,26938
WE ARE BR0THERS,0,1,26903
Disco Elysium,0,4,26895
StorgHold,0,2,26868
Green Sekai,0,1,26841
NOBILITY,0,4,26822
Margun,0,1,26816
KrakenCracker,0,3,26806
Sons of Muslims,0,0,26793
Shadow Phalanx,0,9,26752
FederationNK,0,4,26729
Ava Gold,0,2,26685
FERMA05,0,1,26611
GAY DRO4KA,0,2,26560
Sukses Makmur,0,2,26491
238,0,3,26490
Templari International Ops,0,1,26471
Smokers club 420,0,3,26452
of kindom,0,1,26300
Sedlo,0,6,26266
kral ailesi,0,4,26242
La Mere Patrie,0,2,26163
Cyberpunk 27,0,1,26144
ZERO 2 HERO,0,3,26140
XXXERRORXXX,0,3,26124
Les Rats,0,1,26117
UCHIHA-CLAN,0,0,26094
White Panther,0,4,26093
ZANOZA,0,1,26056
VestnikiSmerti,0,4,26044
Red Cats,0,7,25985
KATORGA,0,4,25980
LowFPS,0,2,25917
ArchangeIs of Death,0,1,25880
Kuska,0,7,25857
Plaisir Coupable,0,2,25829
MAD MAX,0,6,25827
Przepychacze Rur,0,1,25821
Imperium Dei,0,3,25789
Martlockk Knight,0,5,25780
Endless_grind,0,1,25758
AZERTY,0,0,25757
RIZZLERKI,0,0,25728
Obdachlose Gemeinde 3,0,0,25709
HCE,0,9,25705
HACECHADORES ENTIDAD MALIGNA,0,3,25692
K A O S,0,0,25668
RUSSIAN BEARS,0,1,25594
cok,0,0,25570
Lobo Gelidos,0,2,25494
Gildia Wedkarska,0,1,25419
Sussy Stoners,0,0,25419
UNLIMITED BLADE WORKS,0,0,25390
NO-STRESS,0,0,25355
Raucher AG,0,6,25330
Loot Lovers,0,2,25296
Pumpkin Spice Latte,0,1,25296
Stopusiki,0,2,25280
THEEStake,0,4,25227
Moaldar,0,1,25179
WarriorPrincesses,0,1,25159
Deal With It,0,2,25157
SCBears,0,0,25137
Pirates of Caerleon,0,2,25135
GOOOOOOOOOOOOOOOOOL,0,7,25130
AngelHanther,0,0,25115
Miyav,0,4,25092
NEXT GEN,0,7,25071
Pve PVE,0,1,24982
Wood Brotherhood,0,2,24978
Torden Hammer,0,1,24899
House Astartes,0,1,24889
Armata degli Ulfhednar,0,1,24869
mers,0,5,24862
beski,0,4,24811
Extrema y dura,0,0,24742
INKLINGS,0,6,24723
triplesix,0,1,24718
Djinn Hunters Association,0,1,24691
Niszczyciele Dobrej Zabawy,0,1,24614
MyrMiy,0,0,24580
Eye of the sun,0,4,24562
REBIRTH OF LEGEND,0,3,24512
BLAZERB,0,1,24511
Lacedaemon,0,11,24419
FluttershyFriday,0,0,24397
Les Crocs de givre,0,3,24392
GANGSTER _LIFE,0,5,24387
MM - Memento Mori,0,0,24373
Galaxy,0,3,24331
Wonder Warriors,0,1,24328
MoneyBackHome,0,2,24327
Batoota,0,6,24326
Dragon of Drangleic,0,1,24264
posos322,0,1,24249
Risen Sun,0,5,24247
LuxX,0,1,24232
ka funi,0,1,24227
BLACKMASTERS,0,0,24187
DEFF,0,0,24137
Calm Mountain,0,3,24075
ULT07,0,2,23991
Dead Sould Albion,0,1,23956
Heavenly Bastion,0,2,23916
shamro5,0,2,23896
Yggdrasoul,0,4,23875
Dovah-Kiin,0,0,23855
DragonTears,0,0,23845
Dryads,0,2,23820
Golden Crest,0,1,23809
SUDANI4EVER,0,6,23806
OnlyPasta,0,4,23798
Band Of Vagabonds,0,5,23779
RUS TARTYGA,0,0,23777
Metruk_s,0,2,23716
Vanguard TR,0,2,23651
Tario,0,0,23621
Polski Zwiazek Wedkarski,0,2,23607
Sword of Justice,0,1,23524
OLYMPUS,0,1,23511
wild_hogs,0,0,23453
akebica,0,0,23409
bohong,0,4,23362
CAMAPA,0,1,23323
Command Mule,0,0,23323
Black On The Bang,0,0,23293
Sadece Patates Olmak istersin,0,12,23268
CAPELOOOO,0,4,23229
jacks,0,9,23210
Euh-Bonjour,0,0,23198
GuildPotato1700,0,0,23196
4EREMIIIA,0,1,23193
Dai-Gurren,0,5,23186
Power light,0,1,23147
SUNSHINE LOOP,0,6,23129
ARAS REFORMED,0,1,23060
Sudo,0,0,23060
PVP afraid to die,0,1,23022
NINE CIRCLES OF HELL,0,1,22953
BirjonPon,0,0,22939
BOREY,0,0,22918
Try And Die,0,0,22913
SHADOW_PAIR,0,1,22911
ULUS KIRAATHANESI,0,4,22859
Business is Business,0,4,22852
Otters,0,1,22846
CblTOCTb,0,1,22834
RiseofBrigde,0,5,22833
Argentum Squad,0,0,22818
Rise From HeLL,0,0,22799
ZachilteZ,0,2,22735
Surfing Tanks,0,0,22722
ConquerorS TR,0,14,22715
Son Kral,0,1,22710
SNIPERDEATH,0,2,22687
naphaya,0,2,22663
BAZA PVE,0,6,22659
Snake Fortress,0,4,22639
Kiskino Duplo,0,4,22564
first step,0,0,22558
Static Domination,0,1,22556
Steel Kittens,0,3,22554
Rumcajsy,0,0,22498
YellowBelt,0,2,22465
Immortal Guard Army,0,3,22462
Doinks,0,0,22434
bellum,0,1,22400
outch,0,0,22388
SEEKER OF THE INVINCIBLE,0,0,22334
Skogsandr,0,2,22311
Yggdrasill1488,0,2,22294
RSM,0,2,22286
Forgers of Destiny VYK,0,4,22201
TCorp,0,1,22176
Old School Ancients,0,2,22149
Remnants of Infernal Pact,0,0,22135
Stratholm,0,4,22111
Yakuza,0,2,22069
Karczmarze,0,5,21970
CatSharks,0,0,21930
DurgaLove,0,5,21902
PGYC,0,0,21901
CRT0,0,0,21849
Salcalar Online,0,0,21808
UYGHUR1,0,2,21777
CRIT or QUIT,0,0,21661
FreePalestine,0,0,21654
Tsujigiri,0,13,21648
Dansken,0,1,21575
NINE ONE ONE,0,0,21575
Time To Shine,0,0,21498
TRUE ALPHA,0,2,21437
Greatest person,0,1,21437
MOAR,0,1,21305
VENATRIX,0,3,21272
CoucouMaman,0,0,21266
Kryo,0,3,21264
ORV,0,0,21260
Stricks,0,0,21222
DAY and NIGHT,0,6,21210
Substincia,0,3,21170
Red Legion,0,5,21137
Hryakstvo Kabana,0,2,21054
Brotherhood of Souls,0,0,21050
os guardies da tumba de nazari,0,2,21038
Bear Brand,0,3,20990
Chiquillos,0,3,20955
Ferox Fortis Et Fidelis,0,3,20948
Dominoes,0,1,20928
THE LUNATIC,0,1,20877
VladimirVladimirovich,0,2,20873
Fox777,0,3,20865
podobniebogam,0,0,20848
RED WAY,0,3,20842
OziBank,0,4,20725
asdf1234,0,3,20699
Squad Night Wolves,0,1,20609
kukuruza team,0,2,20579
The Archangel,0,1,20573
CULT AGGRESSIVE COCONAT,0,1,20499
The dark reaper,0,2,20466
Imperium Solari,0,5,20459
BRO Squad,0,1,20452
xAK47x,0,1,20445
SMALLLOVE,0,1,20416
AsyIum,0,9,20352
matuna,0,8,20352
ror,0,1,20274
Pampushka Paladins,0,6,20250
TURK,0,7,20201
The Dead Sun,0,4,20189
Forest Raiders,0,1,20157
Dark Knight Empire,0,0,20138
vibncinto,0,0,20128
YTSquad,0,2,20116
Webbograd,0,1,20103
kroiki,0,1,20057
Stronk Pawerful Humens,0,0,20007
Les pisteurs,0,1,19998
Kingdom of Galicia,0,2,19991
FRENCH-PVP,0,5,19983
warriors of glory,0,4,19973
indifferent tup,0,1,19969
LosExilia2,0,0,19953
Views,0,1,19916
The Fae Are Gone,0,6,19904
RAT STERLING,0,0,19899
ToxicSquad,0,1,19852
GCORPORATION,0,6,19791
UBM,0,3,19749
K A T A N A,0,13,19549
LiFe BRiNGeRs,0,1,19509
SkipandSuffer,0,3,19506
Ionian School,0,0,19446
Enterna1 vanguard1,0,0,19443
N star,0,2,19428
Lone Wolf Haven,0,5,19428
Craft and Company,0,0,19292
RO water,0,3,19287
Eternal Devils,0,1,19236
Ghosts in the Forest,0,0,19215
Demoniaqe,0,2,19195
weo,0,0,19134
I Coven I,0,0,19116
Cut Throat,0,0,19107
Sanctum Imperium,0,1,19066
Deathwatch,0,0,19066
Party de Isla,0,4,19063
UnTag,0,1,19056
Moc a slava,0,0,19031
Velora,0,0,18996
leaders,0,0,18961
FREE-STYLE,0,0,18959
El-kasus,0,2,18953
Lobster Gang,0,3,18872
Clear Sky,0,1,18871
P-R-I-D-E,0,6,18848
Sadow of the swamps,0,20,18838
Kemenger Solo,0,3,18804
The Snide Hobbit Tavern,0,1,18773
TEAM SPIRIT,0,1,18770
Murciegalo,0,0,18738
No Signal,0,5,18733
tek bama,0,0,18728
Hornicum Manulicus,0,2,18683
x - EWERNOW - x,0,3,18656
AiKiDO,0,1,18646
PVP Monsters,0,1,18643
Kamui,0,1,18639
THETFORD POLICE,0,0,18639
Timber wolfs,0,1,18630
UR not solo,0,7,18616
House number 3,0,1,18604
YolosCLZ,0,5,18603
Kraken Corp,0,0,18596
Cikani,0,1,18593
Lesbian Mothers,0,1,18549
PopularMonsters,0,0,18504
MuPHblE MEDBEDu,0,0,18502
La Mesa Redonda,0,0,18427
MasterCard_eezz,0,3,18426
Help new peaople,0,0,18425
GieldaRybacka,0,1,18421
8 point 3 Kokosmilch 1v1,0,2,18414
FURRY LOVERS0,0,1,18402
MANDEM BOYs,0,1,18395
QUALISTA,0,0,18385
Mist wolves,0,3,18366
ALFISH,0,2,18295
Star Fighters,0,4,18232
HeresNoMercy,0,1,18232
Pneumothorax,0,4,18229
Abyss Born,0,0,18201
AngelsOfDeaTh,0,1,18199
Blood Takers,0,1,18164
LIGA,0,2,18158
pogrom,0,0,18134
polo polo,0,1,18106
Khitan,0,2,18095
Angry_boars,0,1,18093
Yeah Boi,0,0,18089
water melon,0,2,18079
P A P A BARON,0,1,18077
Shadow Flame,0,3,18071
Shadow Wolfs,0,1,18039
Coolbear,0,3,18000
Grimm Order,0,2,17993
BLM,0,0,17969
Mein Furher,0,2,17967
PVE-AlkoProfi,0,3,17953
Kommensalizm,0,3,17871
Trouduc et Cie,0,0,17868
Carry Me,0,6,17845
Knight of the Fort Sterling,0,2,17844
Sprezone OSW,0,0,17841
Fa1len Knights,0,0,17834
METHOD PERSONA,0,2,17832
La Confrerie du Voile,0,2,17820
YWS2,0,5,17792
Happy Gaming,0,1,17670
Emiishi,0,2,17670
PinYhon Albion Gathering,0,4,17643
U_S_S_R,0,0,17604
Hollow Crypt,0,2,17539
Refine Resouce,0,0,17513
X01,0,0,17508
BO0OMB SQUAD,0,0,17463
Les Zoulettes,0,13,17450
Horus Guards,0,2,17427
Generic Shield,0,2,17415
Spiritland,0,1,17413
asasins,0,9,17411
Legion of HellSpawn,0,2,17370
The JOJOLands,0,0,17361
Rechka,0,1,17343
IRIS,0,2,17338
RATIO KASPER,0,1,17289
Q U A K E,0,0,17284
kokop,0,1,17276
PRO100,0,2,17232
SPARTACK,0,14,17221
RamacaHub,0,10,17178
FSM 1453,0,1,17170
NePidori,0,1,17154
DoomSquad,0,0,17113
KIZILELMA HEDEF TURAN,0,2,17109
Download,0,4,17108
POPEYES,0,0,17095
ACTORS,0,1,17093
DEATH HANDS,0,2,17073
GARIKmens,0,4,17038
PIVK0,0,1,17017
pawn sacrifice,0,8,17011
HARDCORE_SNG,0,1,17010
Vavalonius,0,1,16978
MadUnicorns,0,1,16950
KDKV,0,4,16895
Feyechki_Vinks,0,4,16866
szJa,0,0,16837
Season Gl0rY,0,7,16822
CastIe Guardian,0,0,16775
DarkWayClan,0,1,16758
Petrovich,0,0,16752
TheAlcoholicAnonymous,0,1,16732
ITR24,0,2,16687
OBSIDIAN,0,2,16665
Padla,0,5,16631
Last Ottoman,0,2,16629
MeriCastel,0,0,16606
b l a c k,0,3,16564
xLEVIAx,0,4,16511
THE BIG SAD,0,3,16488
OLIMPIANOS ACADEMY,0,1,16475
aegils,0,0,16474
Deer Crown,0,0,16439
Nine Lives Left,0,13,16414
Sword Art Online 96,0,8,16384
Crimson Slaughter,0,0,16380
martial eagles,0,4,16333
6Class,0,1,16330
Nonlethal,0,6,16298
discovery,0,0,16248
AZERBAJAN,0,1,16236
LAFTOM,0,0,16232
SqueezLegion,0,11,16210
The Beds of Death,0,2,16208
Rip LOL,0,6,16185
ShaoLao,0,2,16171
V01D,0,6,16138
INFINITUUM,0,1,16137
Calmness,0,3,16133
E-mc2,0,4,16101
SKOLKO SDOXLI RAZ,0,1,16084
Death Guards,0,0,16082
0 TAX,0,2,16074
Ahbazon System,0,0,16074
Hunting Grounds,0,1,16024
Bashkortostan,0,1,16021
The Part Timers,0,0,16020
ReZero,0,1,16010
Lethal Protectors,0,5,15952
CounCill,0,0,15901
Yggdrazil,0,4,15858
C O V E I R O,0,2,15841
Euskadi ta Askatasuna,0,11,15832
VN Legion,0,2,15798
TAUMIEL,0,0,15762
Untouchable,0,3,15745
azerbaijan technology,0,0,15732
The Boiz,0,1,15703
OnlyPVE,0,2,15687
Rich Players,0,0,15675
sibil,0,4,15671
Vietnam Cocaine Squad,0,3,15658
GoBaGo,0,0,15652
Bos Sawit Indonesia,0,0,15648
Iron Gilv,0,0,15646
Persian Fighters,0,1,15634
mamothzas,0,3,15629
Spirit of The Gym,0,1,15583
Holy-Knights,0,4,15571
The Coffee,0,2,15564
FruchtGang,0,0,15518
UEBANI,0,10,15514
Eternal Chaos,0,0,15507
THE WNNERS,0,2,15492
Pirates of the Albion,0,2,15492
lenny Bar,0,7,15480
DarkPhoenix,0,7,15478
Wipe Enjoyers,0,0,15468
mommys milkhouse,0,1,15438
IIA3UK_LAND,0,1,15380
Beguinners guild,0,3,15356
woriers of money,0,1,15340
LEGIONISCI,0,1,15336
NoMadPaws,0,4,15336
Cult of Jesters,0,1,15336
KINGS OF THE FOREST,0,1,15299
NeW-farmer,0,1,15258
Marvel1337,0,0,15246
La Menuiserie,0,1,15178
FELLDRASIL,0,1,15158
Dikiciler Tarikat,0,1,15153
scorched fortress,0,0,15137
Krolestwo cieni,0,1,15104
fortes_ez,0,2,15078
Q de Sac,0,0,15058
Rus Kartel,0,11,15055
Les seigneurs du Sillon,0,0,15038
ROYAL_ANUBIS,0,15,15035
ZAKON,0,1,15024
Legion of European,0,1,14981
Persian Eclipse,0,1,14955
PvP hunters,0,1,14908
Neurodivergentes,0,0,14907
Royal EU,0,16,14904
Rycerska Przysiega,0,8,14874
The Claws of Death,0,4,14872
meow meovv,0,1,14868
Ghetto,0,2,14865
gravedigger,0,1,14847
Eclipse Krew,0,2,14778
lololo,0,1,14762
time is gold,0,5,14755
Imba Legends,0,2,14742
EMBER HAWKS,0,3,14735
Optics,0,2,14640
OLIMPUS ANEXO,0,3,14632
murtazakaekberdin225gmailcom,0,2,14623
demonologia,0,9,14622
tututuwhat,0,3,14616
xHUSARIAx,0,0,14615
The Last Of The Kings,0,1,14598
GucciSqad,0,2,14580
Apostol,0,5,14572
regarded,0,1,14570
THE LOSERS,0,2,14563
Mananabas,0,0,14540
Play To Crush,0,1,14537
L3ZAWA,0,3,14526
KOPHu,0,0,14502
PVPSMESHARIKI,0,1,14502
Pantofle,0,1,14493
ECB - European Central Bank,0,2,14416
Solitari,0,15,14412
Goop Gorgers,0,3,14369
Wonderful Rats,0,1,14352
Resurreccion,0,1,14337
Glory Hole,0,1,14290
SteelPact Free Company,0,2,14288
Black Salary,0,1,14272
Leather Caravan,0,5,14266
kalebellota,0,0,14253
Pawns,0,10,14252
FardinPremiumTST1,0,0,14248
Anointed,0,2,14240
Tumba Yumba,0,0,14234
GREMIO VIENTO,0,1,14227
Chanidae,0,2,14224
Denzn,0,2,14218
Mistyc XO,0,1,14217
LesHelvets,0,0,14194
Haaci,0,1,14121
Highland Heirs,0,8,14097
clash of clan1,0,4,14072
THE EMPERORS,0,3,14059
The Silver Cartel,0,1,14053
FristBloodS2,0,0,14020
Reckless,0,1,14013
Stray Cat,0,0,13991
Kh Guild,0,0,13982
Go Touch Grass,0,0,13966
SACRA FAMIGLIA,0,0,13951
Silent Death4,0,0,13951
Klapsomania,0,0,13946
PSQ,0,0,13918
plac-1,0,2,13901
Sanctuaire de la Folie,0,1,13888
soulertezz empire,0,1,13861
BaU Banhoca,0,1,13860
TheIsland,0,0,13844
OOO XAIP,0,0,13844
OZON 3307KM,0,4,13837
Doom Chaos,0,0,13821
SOBIRASHKIII,0,0,13816
AshenConclave,0,1,13805
THIRD SPANISH REPUBLIC,0,0,13773
Wolf Throne,0,2,13761
GAUAFNA,0,0,13728
SCIENTISTS LEGENDS,0,2,13707
MNR TEAM99,0,0,13707
DRAKTHAR,0,0,13705
NoWoman,0,0,13695
Royal soldiers,0,0,13678
Schneider,0,2,13655
Iz knyazi v gryazi,0,2,13626
BRODYAGI,0,1,13624
The Settlers,0,2,13610
Unaudible,0,0,13591
VALLORION SYNDICATE,0,1,13550
islam ordusu,0,2,13540
SPQR-GoldenEagle,0,3,13530
SLOVAK,0,1,13511
TXT,0,7,13484
Svinoland,0,3,13469
ElMokna,0,4,13460
PVru,0,0,13416
4len4ik,0,0,13375
ghost of shadow,0,1,13369
BlueForge Company,0,2,13337
BIGSTICK,0,1,13331
Children of Light,0,3,13311
Royal Family,0,0,13300
Crimson Storm,0,7,13268
Sausage chess,0,0,13246
KoTuku Myp-Myp,0,0,13228
EBENGR4D,0,6,13220
Martwa Strefa,0,1,13219
fodos,0,2,13216
NoMoney,0,0,13182
LA GEOFFROYRIE,0,5,13163
pokemos,0,1,13155
Mystics of the Earth,0,1,13149
AshuraKai,0,3,13141
Xlebushek,0,0,13115
B_R_E_C_I_L_I_E_N,0,0,13092
Resdarts,0,0,13084
Ebony Wolves,0,6,13068
EpsteinFiles,0,0,13054
Equipo marlboro,0,6,13054
Fairy Snake,0,0,13051
GOON NATION,0,0,13027
IIIIIIIIIIIIIIIIIIIIIIIIIIIIIl,0,1,12993
albion kesleri,0,5,12991
The Northern WOLVES,0,3,12962
Nova Spain,0,2,12956
GACCI CLUB,0,1,12836
CHVK Remesliniki,0,0,12829
Shaaol,0,0,12806
Terrakiperver,0,0,12780
Nozhi,0,1,12758
ZAheim,0,9,12736
SCORNER,0,0,12734
Toyefetun,0,3,12703
Immortal Masks,0,2,12629
Die drei Muskeltiere,0,2,12626
XMASOR,0,3,12588
DCP Gaming,0,4,12585
Steamy,0,1,12579
KinghtsSunshines,0,0,12565
Inquisitor,0,1,12558
tamtut,0,6,12546
pisakxoxo,0,1,12538
I am too young to die,0,1,12533
Look West,0,1,12533
Bictor_Land,0,0,12529
Turkish alliance,0,2,12490
Knights Camelot,0,1,12473
LostArcMoncky,0,1,12467
WONDER PREDICT,0,0,12465
KOLHOZ BEREZKA Inc,0,1,12432
Ride My Tits,0,1,12426
Smeshariki,0,0,12408
1Lose,0,0,12396
KILL FOR FUN,0,0,12372
LeGarf,0,1,12349
Spectral Army,0,8,12329
Synthwave,0,0,12311
Legion_of_Ukraine,0,4,12300
00_Money_00,0,2,12282
Self-Made,0,1,12275
DOPAMINE,0,0,12261
Dark Sky,0,0,12257
The Drowned Crew,0,1,12244
MGEBRATOCKFAMILY,0,1,12202
Stratton Oakmont Inc,0,4,12191
FURY OF WOLWES,0,2,12186
bluemoon,0,2,12159
Legion Celestial,0,10,12152
Aslansertac,0,3,12125
Nerim,0,0,12122
BlackBirds,0,5,12109
sieep,0,0,12102
jade mashhad shabad,0,2,12066
Os Cochos,0,1,12055
amJUSTaGRUB,0,0,12038
time to,0,3,11990
Liberated Souls,0,10,11979
star dust,0,4,11976
Erebor,0,2,11954
SOL,0,0,11888
Kite,0,1,11868
Los Lobos Solitarios,0,1,11868
javidguild,0,5,11865
Gatherers War,0,1,11862
OrderOfTheSilverHand,0,2,11844
Funny Soul Reapers,0,6,11775
GAMER,0,0,11733
The Albion Core,0,4,11716
The Blue Knight,0,1,11691
cafe y cigarro,0,0,11687
kahvemolasi,0,3,11685
WHN,0,3,11684
6e6e Cmecb,0,2,11674
Children of Dawn,0,4,11644
RAX,0,3,11634
The Duellists,0,1,11634
Grotte du Bworker,0,0,11608
Rise of Gods,0,2,11583
We are the greatest Albion,0,0,11583
Mala Tokmachka,0,1,11572
TBGN,0,1,11563
Revolte,0,1,11563
Hallowed Echoes of the Fallen,0,1,11563
Destiny Shapers,0,4,11536
Knights 0f The Blood,0,2,11532
DONT CRY MF,0,3,11526
Phoenixes,0,1,11518
W TEAM,0,2,11494
El Oasis,0,0,11485
RozetkaUA,0,0,11484
DARK CATHEDRAL,0,7,11468
Spiritus Deos,0,2,11464
ShizoPaTIYA,0,0,11362
EightySix86,0,2,11356
S P S,0,5,11336
Turbo Pierdziotron,0,0,11329
TR LONCA,0,2,11308
sawitsawit,0,3,11306
Become a Hero,0,5,11303
Romaniaa,0,5,11296
UZB ELITE,0,3,11286
vodolaz,0,1,11216
Favourite,0,1,11209
Freedom Love,0,9,11173
RisingSun,0,1,11158
Sun meets the Sky,0,2,11149
Garda de Zona Lethala,0,0,11136
Game Land,0,4,11128
TogetherALBION,0,3,11127
Midnight Int,0,3,11126
MGE_BRATKI,0,11,11114
Noobs DPS,0,0,11066
Brutal of Anarchy,0,0,11054
lymhurst 4win4,0,7,11046
BlackSoul,0,1,11031
HIV,0,2,10991
STORMTROOP,0,1,10973
Holy Assassins,0,3,10955
Lunarium,0,1,10893
Angeles caidos,0,1,10887
CRAZZYMAKSYOUTUBE,0,7,10886
Alcor,0,1,10860
Danger m,0,1,10847
ELSTRANGE,0,0,10829
Ras-piz-dyai xD,0,0,10811
N I G G A S,0,2,10808
Die Nachtwachen,0,8,10786
LEGENDS NEVER D1E,0,3,10748
Ass Wee Can,0,0,10738
Shadowraze,0,2,10735
NASLEDIE_ADAMANTA,0,1,10730
Argonaut,0,2,10686
coporo3,0,3,10660
killSEX,0,3,10646
Joker de amatista,0,1,10628
Back to Roots,0,1,10611
white guys,0,2,10609
PELETERIA GANG,0,0,10513
HELLHAMERS,0,0,10507
Stormhammer,0,0,10505
Fortizar,0,2,10495
nomercyyy,0,0,10489
TheRedEagle,0,0,10483
Ashen Crows,0,1,10458
TheBarbs,0,1,10449
Mana,0,1,10431
The BeGooninging,0,1,10424
Carleon Killers,0,2,10417
QCSOLITAIRE,0,4,10400
AIN SOYL GON,0,3,10367
VoronezhCityOfCourageAndFun,0,3,10365
Hungry For Fame,0,1,10327
Dinomir,0,4,10266
BRACTWO OBRZYN,0,3,10251
Titanik,0,11,10212
BOPE,0,1,10197
La Menace,0,7,10192
NEKOPARA,0,0,10192
ImbaAG,0,2,10189
Frii,0,1,10185
Democratian Boys,0,2,10141
Niewolnicy mietka,0,2,10110
Forgotten_Memories,0,0,10110
SeBiX ArMy,0,2,10094
Sunkingdom,0,1,10094
Kompania Srebrnej Kuni,0,4,10031
MONGOLZ,0,3,10013
MANDARINE,0,4,9998
Die Elchgang,0,3,9998
Foursaken,0,7,9976
Murky Station,0,4,9931
THDL,0,3,9924
BTI Squad,0,2,9913
Green World,0,1,9903
Jagerhaus,0,0,9903
Helion,0,1,9876
FAIL,0,4,9853
SocialDNO,0,2,9814
Claw of Aya,0,1,9803
GodOfSoldier,0,7,9789
amfxzz2,0,3,9780
Tugas e azeite 2,0,0,9734
EL DOCs,0,1,9678
Sobrat,0,0,9676
Cult of Omnissiah,0,5,9652
The_Sacred_Order,0,2,9606
Marga One,0,0,9587
Pnacotus,0,1,9568
HobgobIins,0,3,9552
MaKaRiKi,0,13,9532
Marmaris Club,0,2,9530
Auroras Guild,0,0,9518
FORJA,0,0,9503
Googoogaga,0,0,9502
DEATH KORPS OF KRIEG,0,3,9498
The Freak Family,0,0,9475
OMGCYIT,0,1,9455
TR-Grup-Zindan-Ekibi,0,1,9449
Old School-90x,0,2,9447
V0LTA,0,0,9433
DeliTurk,0,3,9431
Alcartia,0,2,9414
A1aska,0,3,9414
2much,0,1,9411
Warmia,0,3,9408
Escape Room,0,2,9406
HIghest,0,8,9385
Eidbewahrer,0,0,9315
WoodLand,0,12,9238
LymhurstReiders,0,0,9229
Dragon Sokol,0,6,9212
ERbass,0,2,9200
LOLIPOP,0,3,9196
Wolf templars,0,3,9191
OPP,0,2,9190
Gate_in_Hell,0,3,9162
Casa Targaryen,0,2,9153
angelfolling,0,0,9148
BOMBARDINO CROCODILO,0,0,9117
The Shadow League,0,2,9080
Nastolnoe Ochko,0,1,9061
RGB,0,3,9001
VII Holy Legion,0,2,8994
Mama_Prosti,0,3,8989
APE BUSTERZ,0,1,8956
Wave Runners,0,0,8956
Fearless And Lone Warrior,0,3,8944
Golg Hunter,0,1,8918
Scarlet Eclipse,0,2,8912
Ricard,0,2,8864
Krusaders VIII,0,7,8855
Gathering Gods,0,1,8824
OverTime,0,5,8820
GOLDEN SARABI,0,0,8817
Flames Of War,0,3,8814
Rothschilds,0,1,8813
Les Remparts de Sterling,0,1,8791
Extra Ground,0,0,8788
Perekrawt,0,0,8777
KUMANLAR,0,0,8774
RUSSIAN GUILD II,0,4,8761
smertyk,0,1,8752
Unholy Crusades,0,1,8746
Sand viper,0,6,8717
JESUS is GOD receive his LOVE,0,1,8669
Solo-Player,0,1,8644
Carefree,0,1,8638
Team UZ,0,0,8547
No cat and life not that,0,3,8496
Death Warriors 963,0,0,8456
Blade of The Mists,0,2,8433
GGEASY,0,2,8413
Harbingers of Skulls,0,0,8403
1412,0,1,8400
ACIMA YOK,0,1,8388
niebieskie wilki,0,1,8369
KAPMA,0,0,8364
PSYCHO CULTIVATOR,0,4,8343
Hunter Association,0,8,8338
Los Mascapitos69,0,2,8334
Full House,0,4,8330
Non Name,0,2,8325
52GORILLAZ,0,10,8322
Soloman,0,5,8313
Kakahuete Klan,0,1,8313
RAZBOYNIKI,0,1,8296
Sunda santun,0,4,8295
Vylgaza,0,3,8289
Dawn of Empire,0,2,8287
Arte della Lana,0,0,8275
FOV DID,0,1,8257
DOLBOYASHER,0,0,8242
HIIKSIBGuTI,0,3,8240
Severnyy Legion,0,1,8236
3CioriFrumosi,0,0,8230
Requiem Imperii,0,0,8228
Stilandia,0,1,8198
Brotherhoods,0,3,8174
IHonorI,0,1,8172
Pain and Death,0,0,8130
Northern Coalition Holdings,0,0,8122
Jeepers Creepers,0,1,8048
Snow Stalkers,0,2,8013
Love and Wars,0,3,7996
Wars_Turtle,0,5,7958
AvaZY,0,1,7928
SantCugatis,0,9,7903
Darkverse,0,1,7886
ESKISEHIR,0,0,7886
Trillions,0,1,7885
Spice Hunters,0,1,7860
05kd,0,1,7831
Grim Legion,0,4,7804
Funny Games,0,3,7791
Shadows of the Past,0,1,7791
LokTar Ogar,0,1,7764
NERE GIDERSIN USMANIM,0,4,7760
Moonshade,0,3,7756
GdzieTenPortal,0,3,7755
voidoftheziza,0,1,7750
Radiru,0,3,7745
demonic kings,0,4,7745
Los KONSEY,0,2,7735
Black-Zone,0,6,7720
FARM ESP,0,0,7667
O X P A H A,0,3,7650
Hana,0,0,7596
SCBP,0,3,7579
ANRKIA,0,2,7573
Cursed Omen,0,0,7554
For Faction More Action,0,0,7546
Mubarizun,0,5,7511
The Soul Eaters,0,0,7510
Slitherin,0,2,7508
X32X,0,1,7507
Fields,0,0,7497
Bloodsteel Reavers,0,4,7485
Born in Anarchy,0,0,7437
Slab0umie i Otvaga,0,1,7426
SKORA KARTEL,0,4,7416
Yormungand,0,1,7408
sueta,0,0,7400
Daltons In City,0,0,7400
sosalki,0,0,7380
SSD Dark Oath,0,1,7379
LaSgoSs,0,1,7361
Prime Turk,0,2,7354
DarkSlayers,0,1,7352
UBICAWOW,0,0,7351
Carcharodons,0,0,7335
Mazoist Elma,0,1,7322
orso polare,0,4,7318
NOD,0,2,7313
THE RIDERS,0,2,7308
CTX2070,0,0,7304
The Pack Survives,0,0,7300
Caldari,0,0,7300
wolves blood,0,0,7276
Greedborn,0,4,7275
A LONE WOLF,0,0,7274
Gradalis,0,2,7263
Ratss,0,0,7263
END DOT,0,1,7243
DARKLIFE,0,1,7230
Lannister Party,0,0,7211
TABUT,0,8,7211
ImperiumMNE,0,0,7206
Mine et rale,0,1,7201
Drowned God2,0,2,7167
Albinolar,0,5,7166
Pipi Kaka Furz,0,2,7154
les spartiate,0,4,7143
safsaf guild,0,2,7135
Calling the Light,0,0,7110
Melon Dor,0,0,7102
BlacRasha,0,0,7094
Accord Forest Gank,0,0,7090
ORIFLAMMES,0,0,7077
GELO E TECO,0,0,7077
URYQ PRIME,0,1,7068
HYPNODENCER,0,2,7056
Last Hunters,0,1,7041
S-ahjin,0,0,7033
LA SUPREMATIE BLANCHE,0,4,7017
141001,0,2,6979
Dragons And Suns,0,13,6960
Lynx Chapter,0,0,6922
HOVA,0,1,6916
NO GUILDOTCOM,0,0,6908
PanDemolka,0,2,6898
Leo 123441,0,6,6885
Oldhog,0,5,6868
Shinobies,0,2,6856
Rats Gang,0,0,6853
O Guardian,0,1,6842
Waisess,0,10,6842
Illusion Kamikaze,0,1,6808
IQ 1,0,1,6803
Lolita Express,0,0,6800
B69 Team,0,5,6790
CNDT OC,0,7,6786
El Reptil Sangriento,0,1,6783
WeryTash,0,2,6768
AMBULANCE,0,4,6758
Capes and Bags,0,1,6756
Storm Arahnids,0,2,6732
PIVOBEAR,0,1,6704
Kotza Crew,0,1,6693
IRON SENTINELS,0,4,6689
Sex And Fine,0,1,6685
The Order of the Blood Ravens,0,0,6685
Ordine Dei SenzaLuce,0,1,6673
MythUA,0,1,6662
Dead Lane,0,3,6656
Boars of Steel,0,1,6652
Cilicia,0,0,6643
Guardians of Albion,0,0,6632
Noble Pirates,0,0,6623
Superbad,0,3,6612
4rpodaha,0,1,6605
C O 6 N P A LLI K N,0,0,6598
The Bloodmoon Pack,0,8,6595
mogli10,0,0,6555
GalaxyOwners,0,1,6554
No Mercyry,0,8,6547
IndoGang,0,0,6543
LazyBones,0,2,6536
Rising Monarchs,0,5,6532
Ammiak team,0,3,6516
8991,0,3,6509
LU_CA,0,1,6509
JusDreinJusDaun,0,1,6502
lunas legacy,0,0,6498
XztarzZ workers,0,0,6488
FRANKENSTEIN,0,2,6488
Holy whanana,0,2,6484
Pepe Shnene Watafa,0,3,6483
Tretko,0,2,6456
SZACHY DLA DEBILI,0,1,6452
Ehtiyarlar,0,6,6448
Lunatic,0,1,6412
GANG TEAM ROMASHKA,0,0,6406
PLEVNE,0,0,6394
Prawilniaki,0,11,6357
Admin,0,5,6356
SCT,0,1,6355
Krakowiaczek jeden,0,2,6324
Atone,0,4,6320
ATTRICTION,0,0,6312
AURORES,0,1,6307
chushengpeng,0,3,6306
SPICY and MODY klay,0,1,6296
The innocent Templars,0,4,6291
Jungle Valley,0,8,6289
Honorables,0,4,6286
is a Loot Goblin,0,1,6265
M I L A N H O L I Y A,0,1,6254
Corps,0,2,6251
REAL ALIANZA,0,2,6230
Keramidi Squad,0,0,6201
Orden YpavshiX Na Ryku,0,2,6198
SEXISM,0,0,6197
Furries to the rescue,0,0,6195
D245,0,0,6189
DE-Deutschland,0,2,6180
TBK,0,2,6169
The White Cross,0,0,6140
Tenebrae SoLis,0,6,6138
BOLSHOY 4LEN,0,0,6117
Eternal Frost Nemesis,0,1,6115
Dzieci Indygo,0,2,6114
Sk1vd,0,3,6102
GOD of Farmer,0,1,6102
Egyptian Pharaohs,0,1,6071
Spartan Farmer,0,0,6048
ForgivenTR,0,3,6030
Magical Guardians,0,1,6030
Half-Syberian bear,0,4,6021
siriyus,0,3,6019
Kurnugia,0,0,6012
MonkyGroup,0,1,5989
Guerreras de cristo,0,1,5984
FoRtBeRsErK,0,2,5965
Re Try,0,5,5960
Slightly Friendly Team,0,0,5906
ORSTED_Corporation,0,5,5903
S T A R K S,0,7,5873
Kievliane,0,0,5852
Rycerze kruka,0,1,5850
Flexible and solid,0,1,5850
luakru dead,0,4,5838
Naspakuhe,0,0,5834
K O R O L E V S T V O,0,1,5831
NUIT DES TEMPS,0,0,5830
Chillz,0,1,5827
ZAMAZINGOCULAR,0,0,5814
Night Kids,0,1,5802
The Smugglers Den,0,0,5766
squadron,0,2,5754
Northern Star,0,0,5751
Tenebris Ales,0,1,5743
CHINOS FARMERS,0,3,5724
AKADEMIA MEFEDRON,0,0,5714
M4Y0RGAMER,0,2,5700
GooD-BrotherS 2,0,0,5700
bebrik,0,1,5678
Superbank,0,1,5666
The Clowns,0,1,5658
Black Royal,0,0,5645
The Ucheba po Nature,0,2,5634
Starfall Pavilion,0,5,5616
Soaring Phoenix,0,0,5604
The Golden Order,0,0,5588
Lytari,0,4,5565
CO6A4KA-PARTY,0,2,5551
DALT0NLAR,0,0,5551
True_Damage,0,2,5545
Aurum,0,2,5545
Guerras de Pele,0,4,5525
Maghrib,0,0,5523
Svyatie-Hloptsy,0,1,5519
AAlbina,0,0,5509
Azaza Hahaha,0,2,5508
RatTide,0,4,5495
Lotus Mortis,0,1,5451
Little Saint James,0,0,5444
RU Warborn,0,3,5429
Flame of Eternity,0,2,5412
Pride Anger Laziness,0,0,5388
Metaverse,0,0,5386
Los Troyanos,0,5,5367
Kahos,0,1,5358
La Nabilus,0,4,5344
octagram,0,1,5342
KODEX__BOSTOCK,0,0,5335
Pirati,0,0,5321
zzzKRAKENzzz,0,3,5319
Mystetstvo Viyny UA,0,3,5309
Vikingos Valhala,0,4,5295
Malt mammoth,0,5,5294
Gathering_Storm,0,4,5293
Death_Dragon,0,0,5289
Los Independientes,0,1,5281
INQUISITORIUS,0,0,5274
L O S T I T O S,0,3,5241
Urithiru,0,0,5236
ProSpamerEsmurfer,0,0,5217
SMYRF,0,11,5195
Ksos-gang,0,1,5187
takeama,0,0,5182
JUGADORES ROJOS,0,0,5161
White Wolf,0,0,5121
BHYS,0,1,5117
Avenger5,0,0,5103
BIOOD BROTNERS,0,0,5068
Sanchajus,0,0,5053
Shrimps,0,1,5047
The money,0,1,5044
Frenk,0,1,5044
Ywdrasil,0,1,5038
one bite,0,0,5028
Schatten Krieger,0,6,5016
GZL All For Glory,0,5,5007
moonligth,0,2,4996
KRASNOE DEREVO,0,2,4995
Midsommar,0,1,4989
Potato Aim Society,0,0,4980
Magna Orsi,0,5,4971
dURING THE WAR,0,0,4957
Ariena city,0,1,4942
Northern Of Death,0,3,4930
Gold Diggers Inc,0,1,4899
A-R-K,0,3,4898
BOMJ GANK,0,0,4876
King Of Fighters,0,5,4872
IDF,0,1,4863
Forgotten Legend From The West,0,5,4838
ForTheRepublic,0,1,4823
1 6 5 4,0,1,4793
ZETH THE TAURONS,0,2,4787
pipopopa,0,5,4778
Domino,0,1,4758
MrRodzy Corporation,0,4,4755
WolfAloneOnly,0,0,4746
Umbrella Corps,0,1,4730
Eiserne-Woelfe,0,0,4728
Ykudza,0,1,4722
VANGUARD OF LIGHT,0,1,4711
BONGOMYA,0,2,4709
Zero Hour,0,0,4705
Gangbang Brigade,0,0,4698
Green Terror,0,4,4674
Noob Gooners,0,3,4674
BLACK ANGUS TEAM,0,0,4669
Spaghetti Chaos,0,2,4642
Trinity AMM,0,4,4634
Kyrie Eleison,0,0,4613
La Vuole,0,1,4577
CAPIWARA,0,2,4562
Icy Fang,0,0,4562
BLACK STROM,0,4,4543
MIsery The END,0,3,4541
Shackled Fangs,0,4,4533
Moon Night Clan,0,1,4518
ancient guaridans,0,2,4501
Lost But Arrived,0,0,4494
Blacks Dragons,0,3,4494
Caerleon Pandas,0,1,4493
D_Takeda,0,0,4491
ENERGY_VHQ,0,2,4471
Ruffinis Army,0,3,4458
HARD LEGION,0,1,4451
Low Kick Fast,0,2,4428
RATSY,0,0,4422
domacas,0,2,4418
N2Nfamily,0,1,4375
Chapalakh,0,1,4356
Ggfood,0,0,4350
Shape,0,0,4339
Solo-Turk,0,0,4329
1bloodlust,0,1,4292
Tar-Tar,0,3,4272
Void Heralds,0,1,4266
seva,0,0,4253
ChosenSoul,0,0,4250
Ourense,0,2,4244
LA MEUTE,0,3,4243
Vatikan,0,3,4226
Grooze200,0,0,4223
The Dark Brotherhood,0,1,4213
Pivoland,0,2,4210
Misjonarze,0,1,4200
monkey boys,0,2,4188
Alkogolizm,0,5,4184
K1ngdoom_of_heavenn,0,3,4176
Goon Platoon,0,0,4173
Lemon Boys,0,1,4156
Worst Ending,0,3,4154
BW ARMY,0,1,4153
Treasure Hunter,0,5,4127
filonit,0,3,4120
FunCat,0,1,4112
Lunar Council,0,3,4107
Rest_in_pease,0,0,4104
nulll,0,0,4093
LES-SEMI-KROUSTILLANTS,0,2,4084
Uspeh,0,0,4064
red and byll,0,0,4035
Persian Pantheon,0,1,4032
khartzy,0,0,4031
ronin i sila,0,1,4028
Rebels Of The World,0,9,4016
BL4CK BEARD,0,2,4014
NOVA TR,0,4,4014
only money,0,3,4009
Great Walkers,0,0,4003
Les Nisounours,0,1,3996
P O L A R - S T A R,0,0,3995
Holy Order of Fent,0,0,3991
PerunsAxe,0,6,3987
TheSkullGrinch,0,2,3983
TheSTAKE,0,0,3956
SHADY HORSE,0,0,3947
The Hydra Shield,0,3,3936
TITANES DEL CAOS,0,2,3936
VAMOSLOCOS,0,1,3927
Fiendfyre,0,2,3926
Blood_Oath,0,2,3914
Woopsie,0,1,3866
Face_Control,0,2,3856
Worklife Legion,0,0,3853
transportis,0,3,3841
Sakh Team 65 RUS,0,0,3838
SHYSHARA,0,2,3832
Winx power,0,5,3819
Pixel Lords,0,0,3789
TEAM ELITE,0,1,3785
BENELUX COMPANY,0,2,3783
Infinite Phoenix,0,4,3772
Laste Hope,0,2,3770
White Heart,0,0,3766
Silent Farmers,0,3,3766
Cani Sciolti,0,0,3742
Bulka Death,0,1,3729
BLECK,0,0,3729
TURK TICARET BIRLIGI,0,0,3729
Enamorta,0,0,3706
Israel_Players,0,0,3701
3000,0,1,3700
Asterus,0,1,3678
RUS_ShedevR_RUS,0,0,3668
Einal,0,0,3652
Nightfall Empire,0,4,3652
ARAB LAND,0,1,3644
WitchHammer,0,0,3632
FREAKI,0,3,3619
GOUSTFAKERS,0,0,3602
SP AR TA,0,1,3600
oreo jaya,0,0,3581
Polizia,0,1,3539
home guild,0,1,3528
Bardzo Mili Wieniacyii,0,1,3499
Global silence,0,2,3478
The Golden Fleece,0,1,3458
Nishita,0,5,3440
Palaces of the Mind,0,0,3420
ClarkyLovers,0,1,3412
Imperium of Manqind,0,5,3397
Green Dragon,0,2,3393
LAST QUEST,0,2,3379
Farmeador,0,0,3374
Omega 20,0,1,3355
Nochnyye Volki,0,1,3347
REMOTED BOMB,0,0,3336
war war,0,2,3322
Lefrut,0,0,3286
FORGOTTEN HEROES,0,0,3267
EXCELSI0R,0,0,3265
DARC_SAIDERS,0,3,3212
Black Nibbas,0,0,3194
DINO TEAM,0,2,3169
Under Line,0,1,3168
Mizanuki,0,5,3145
cyber wolf,0,3,3142
visa,0,1,3141
DESPLUSHERS,0,1,3128
Stinky Booby Babies,0,0,3119
Toast Titans,0,2,3116
Pozdem,0,0,3115
Little pickles,0,1,3114
WALLA,0,1,3099
Il Covo,0,1,3094
KabanchikiUa,0,0,3084
LEDYBUG,0,0,3082
fza,0,1,3066
Void Reavers,0,1,3064
RUSSIA 01 REGEON,0,0,3051
Legion Amor,0,1,3047
King Of Albion,0,4,3025
OFFWorld,0,3,3024
Kuro no Ikari,0,3,3023
Prishla vesna katis v tuza,0,1,3017
Warriors Of Valhalla,0,0,3010
AlbionUluslararasiLoncaBirligi,0,0,2996
MnkyBsnz,0,0,2989
Tupichek Caerleona,0,0,2986
POLSKA GUROM 1,0,0,2984
East-Albion Trading Company,0,0,2957
G O L D E N M O U N T A i N,0,0,2955
BitLockersi,0,0,2952
despair time,0,0,2942
Ordo Sancte Rode,0,3,2936
magie noire,0,0,2897
ORESHKI NAVALNOGO,0,0,2886
TILIT,0,3,2886
Sons Avalona,0,0,2880
GARMUR,0,2,2878
BAD_TRIP,0,1,2877
Krovavyye Samyrai,0,1,2868
Fear of Fire,0,1,2865
Imperial Dragon,0,2,2864
Crows of Dawn,0,0,2864
New days Old way,0,5,2862
Lonely Old Cowboy,0,0,2859
The Black Sea Legion,0,0,2856
Uciha,0,0,2842
RZ IS DEAD,0,1,2828
TmT,0,2,2828
Lintium World Official,0,1,2798
Clash Of Chio,0,0,2777
JustLennox,0,3,2771
gwabseya and swa7leya only,0,3,2770
Extreme Visionary,0,1,2743
Soap Company,0,1,2730
ATITA,0,5,2728
pegegostki,0,1,2722
The Left Wing,0,0,2721
Lynd Clan,0,2,2715
Bonesmashing,0,0,2707
LostParadise,0,3,2704
W W,0,2,2701
gold Moon,0,0,2697
SegMeg,0,0,2691
Los hermanos del sol,0,0,2691
GRIND PROTOCOL,0,1,2682
Tax Max 100 Tax Fury,0,0,2673
Groblets,0,0,2668
DESSWUSSUP52,0,0,2660
HellMoon,0,4,2656
KSI,0,1,2652
Mixglobe,0,2,2643
Nemeless,0,5,2631
ASKA,0,0,2620
RF4,0,5,2618
world of pillow,0,1,2609
CUBUPCKUE_BOLKU,0,2,2608
Obsidian Dust,0,0,2595
Iskfael,0,2,2584
Ganadaria,0,1,2559
Fillrage,0,1,2556
wolfCat,0,0,2541
IClown,0,1,2538
Terrible Dudes,0,3,2526
Protogenos,0,0,2517
dragons cave,0,0,2516
Dragon Sin,0,1,2500
Oath of Kings,0,2,2498
Static Industry,0,1,2494
Nybiku,0,1,2494
Master Of Soul,0,2,2492
Chickens,0,0,2485
Soulfighters,0,0,2483
FANGDO,0,1,2466
ThaiLhenChong,0,1,2453
Rare Finds Society,0,2,2444
MadRiskMans,0,3,2421
R A V A G E,0,1,2417
Hacienda ESP,0,3,2416
Black Banner,0,2,2403
Venom Sun,0,0,2403
The Poors,0,3,2380
KUBAN-RU,0,5,2379
Ghost Town,0,3,2371
DragonTrainers,0,1,2370
Swamp Dwellers,0,2,2367
bambyk,0,7,2352
Wee,0,3,2352
Bad Balance,0,0,2349
Klimper,0,1,2343
Favorite,0,0,2339
MobilAlbi0n,0,1,2336
atlantians,0,2,2336
Adept,0,0,2327
E R R O R,0,2,2325
Blade of Seraphim,0,1,2325
Casa Hysperia,0,0,2319
PVEenjoyers,0,0,2316
Kil619,0,2,2297
The Last Mages,0,1,2286
Nation of Joe,0,0,2283
The Beginning of The End,0,0,2281
TNK-TAK,0,1,2279
UPLV,0,2,2268
RawGan,0,2,2268
Vallkers,0,1,2266
NCROD,0,2,2261
Lunar Reavers,0,2,2252
The Monsters,0,4,2248
GOLOJOPI GNOMI,0,3,2233
LumberJackJackJack,0,0,2200
cobxoxo,0,5,2197
Poveliteli,0,1,2186
A Bank L,0,1,2167
REIN ALDA,0,0,2159
CSGO,0,3,2155
Guerreiros Do Passado,0,0,2155
Wyverns,0,3,2142
ThePalitosClub,0,0,2127
farm12,0,5,2121
RAS VET,0,1,2098
Refrescadores de Safadeza,0,0,2094
anasha,0,2,2075
goldenRoad,0,1,2068
IMPERA,0,2,2068
KING BLACK DEATH,0,0,2068
Ya Krar 313,0,1,2067
Rey Solo Leveling,0,1,2059
The Knights Templar,0,1,2049
lordartik1,0,0,2049
0TLH,0,1,2044
Ichtobydet,0,2,2041
Aegis of Darkness,0,0,2011
CoimBEERS,0,5,2006
TheFallenOneTribe,0,2,1994
Divine Blade,0,0,1985
Titans of War,0,2,1981
The Gray Wolves,0,0,1970
Fancies Drugged Raccoons,0,7,1964
EXILIADOS,0,1,1956
New,0,1,1956
Galacticsunrise,0,1,1948
Mondongo,0,0,1948
OOO_SKLAD,0,0,1938
Panda Fluffs,0,1,1913
Megalomania,0,6,1908
Full Tax,0,2,1904
beer in hand,0,2,1894
TurkishForevers,0,1,1892
PivoToPivo,0,2,1887
Blade Of Persia,0,4,1882
ESP Mazmorreros Anonimos,0,0,1881
SCARLET STAR,0,1,1880
The Eternal Legion,0,4,1876
BOMBxBOOGIE,0,4,1873
R E A P E R,0,0,1873
SHAMBHALA,0,1,1870
PlantTeam,0,1,1866
Flip A Coin,0,0,1839
Les Guerriers Du Clavier,0,1,1839
Royale,0,0,1820
the enemies,0,2,1816
zoodesbetes,0,1,1816
Sin Preguntas,0,3,1788
BURRILLOS,0,0,1788
Ressources Market,0,1,1787
OOObnal_Mavrodi,0,3,1780
Ainz Ooal G0wn,0,0,1779
Locked In,0,0,1776
LA RECONQUISTA,0,2,1758
Emberfire,0,1,1752
department of gastro hip-hop,0,1,1736
Error 502,0,0,1729
SteelBallRunsSBR,0,5,1724
ManusMortis,0,2,1724
MoscowPolice,0,1,1722
HEXAGON_REBORN,0,2,1722
Basata,0,4,1714
Blood n Iron,0,1,1689
Med,0,0,1687
Yakuza Assassins,0,1,1662
BLACK PyCb,0,3,1645
sKIrim,0,1,1641
South Africa,0,3,1634
SlaNec,0,1,1634
FiSDrivE-GM,0,0,1634
Green Forest,0,2,1621
Alunta,0,1,1573
silver-boom,0,0,1572
G U A R D S,0,1,1560
Hephaistos tavern,0,0,1557
C H A O S,0,2,1554
Kuznia,0,0,1553
Inkaria,0,0,1542
Cuvari Rakije,0,0,1540
CTOK,0,2,1533
Legio I Umbrae,0,3,1532
RED HYDRA,0,2,1532
pvptop,0,3,1528
Heraldy of smaland,0,0,1522
TIMURLAND,0,0,1514
I Igaz Harcosok I,0,1,1509
BloodLegion,0,10,1500
Warborn Horde,0,2,1491
FREEDOM E M P I R E,0,1,1483
kon,0,0,1476
THE ORKENSTONE,0,0,1473
Sandstone Syndicate,0,2,1471
ROADS ENJOYERS,0,0,1465
The Bozo Empire,0,1,1447
TotNot,0,2,1424
HakocukaCykaCeHa,0,0,1401
Sirene,0,1,1401
PALUDE,0,1,1393
Challenge,0,2,1382
E S H T B A K,0,1,1362
MEGET CLUB,0,0,1361
Potato Farm,0,0,1357
r41s,0,1,1354
STORMERS,0,2,1345
La Furia de Martlock,0,1,1336
Killer_Instinct,0,0,1331
BarrakudAss,0,2,1322
Leveling Ego,0,2,1322
IYI 1453,0,0,1316
KAENIX,0,0,1314
der totebruder,0,1,1281
K U S T I K,0,1,1258
Evil_Sunz,0,1,1258
homo ludens,0,0,1245
Fears Of DANGER,0,1,1233
Les Don Quichotte,0,0,1230
Bercerku,0,1,1218
Cazadores del Desierto,0,2,1217
Nebel,0,0,1194
Pavijani,0,2,1178
Taylorism,0,0,1161
MrGuild,0,0,1158
Theatrum Mundi,0,1,1148
duitduitduit,0,0,1147
Umago Blues,0,0,1143
oXATAo,0,0,1139
BlackBanner,0,0,1134
Fraers Company,0,0,1128
les comptoirs royaux,0,1,1125
Hufiec Zelaznej Glowy,0,8,1113
GDEXIL,0,3,1100
MUGU1WARAS,0,0,1100
TheRollingStones,0,1,1055
Serega 2 Nagana,0,1,1055
V l N L A N D,0,2,1026
R A H A T,0,1,1008
ElfenGod,0,1,1005
V FOR VANDETTA,0,0,1003
Golden_Pirat,0,0,996
Skuff Land,0,1,991
Immortal Deity,0,4,974
ABAHGARD,0,3,930
Esspectrux,0,1,880
Zokino,0,2,880
D A R K W A T C H,0,0,880
BabaGalya V KIMONO,0,1,853
Slg,0,1,853
Solar_Eclipse,0,0,849
gooners team,0,0,848
for frodo,0,0,816
SIKIS ISTIYORUM SIKISSSS,0,1,812
Furia Guanche,0,1,794
PNZ 58,0,0,794
Pluribus,0,0,794
Grizzly Rider,0,2,788
Crystal of the Soul,0,0,781
ZhongHua,0,2,769
Wave of Death,0,1,751
BA-KU-GAN,0,0,746
192309802983091830983091283093,0,1,736
Pediki goluboy laguny,0,3,731
Boinkers,0,3,728
Vexis Order,0,0,716
Niezle Smyki,0,0,716
Digital Heaven,0,3,708
SWEET CARTEL,0,1,673
Fashion Raioter,0,0,654
Vito Caerleone Famaly,0,0,642
Likedeeler,0,1,609
2006-06-06,0,1,593
VoidStalkers,0,1,576
CzarneCwaniaki,0,0,558
W A R,0,2,558
The Last Legion,0,2,539
OZGURLER,0,1,534
Sons of Avalon,0,6,456
Citadel of Dreams,0,2,450
HOP3,0,0,392
Orange Stars,0,0,391
Thetford Silkway,0,1,374
Sun Risen Europa,0,5,362
USKUDARA GIDERKEN,0,3,342
Hautes terres AOS,0,1,336
DARK_KILL,0,0,282
Blitz Krieg,0,3,236
PIayBoys,0,1,224
ANTIMAGI,0,5,200
CLOUD_KNIGHTS,0,1,162
ADIO097,0,0,153
S E V E R,0,1,0
GOK BAYRAK,0,2,0
CK_KPSS,0,2,0
alexsiz,0,2,0
The Impalers,0,1,0
HZG,0,3,0
WAY OF THE SUN,0,3,0
Leniwye zaby,0,1,0
TIE UN TIGRE,0,1,0
Ice Blood,0,1,0
Dark Restaurant,0,3,0
Guardians of the Darkness,0,2,0
AmbiValent,0,2,0
Enforced,0,3,0
Pcvv,0,4,0
UA_RD,0,1,0
dark blade,0,5,0
VITEBSK,0,3,0
WINGARDIUM,0,3,0
parasha,0,1,0
los reales rojos,0,1,0
whyclan,0,1,0
totemdabber,0,1,0
Mastodon Fediverse Unity,0,2,0
Sacred Souls,0,1,0
no retards,0,1,0
Fancy0AssES,0,1,0
SALTY SNAKES,0,2,0
Giovinezza,0,1,0
Chamber Of Doom,0,2,0
Bloody_People,0,1,0
DARKSlDE,0,4,0
choubidoubidou,0,2,0
Casino Royale,0,1,0
Black Vault,0,2,0
Portaler,0,1,0
UnFazed,0,1,0
Shadow 9,0,4,0
CRAFT and FARMS,0,1,0
kofeman_vo_glove,0,2,0
APOWOWERS,0,1,0
JB ARMY,0,1,0
Matreshki,0,1,0
9v1,0,2,0
DONT DO THAT,0,1,0
avalon-pvp,0,9,0
Garem,0,3,0
goldmaxsy,0,1,0
Legion of Darkneess,0,4,0
HINIKO,0,1,0
AFKfarmers,0,1,0
L9 EMO KIDS,0,3,0
Epsteine,0,1,0
Tusk,0,1,0
Zentharia,0,1,0
Fenris,0,2,0
RANDOMS,0,1,0
BadonMamon,0,2,0
Die Aufsteigenden Drachen,0,1,0
Kherson ARM,0,2,0
ormo,0,1,0
Silvaneth,0,1,0
shadow whippers,0,3,0
Coin and Craft,0,1,0
Martlocos,0,1,0
Boyarik000,0,1,0
Ethiopians,0,3,0
God of Light,0,8,0
deadstar,0,1,0
LPBarBoss,0,1,0
SKUFF BAZA,0,1,0
vinhouse,0,2,0
Tpu KOTA,0,1,0
Kueste,0,4,0
Dark Guardians,0,2,0
Holy Crusade,0,4,0
tiantiande,0,2,0
BOSHKI,0,1,0
XDDX,0,2,0
The legionnaires,0,3,0
Hades,0,1,0
Delta2,0,1,0
4ULL I DOWN,0,3,0
Gang Bangers,0,1,0
gatherland,0,2,0
UnderAge,0,2,0
thxbye,0,1,0
TeamBanana,0,1,0
Abakan,0,2,0
VGB_Valhalla,0,2,0
ELHABEDA,0,2,0
C11H15NO,0,2,0
KaymakAM,0,2,0
Analni Rozpruwacze,0,5,0
Pepelisos,0,2,0
RYODAN SQUAD,0,1,0
Raswet,0,2,0
les botteur de cul,0,2,0
pivo4,0,3,0
UPITeam,0,2,0
lions2,0,1,0
TDZD,0,7,0
ScytheTR,0,2,0
Nie Umiemy w Albion,0,6,0
KOTIASH,0,2,0
White Angels,0,2,0
GreatGoats,0,1,0
geje,0,2,0
No Mercy Crew,0,1,0
MrWang,0,1,0
KPblM,0,2,0
Burger k1ng,0,3,0
Ezz Team,0,2,0
Slavatravke,0,2,0
WildHuntersGroupe,0,1,0
Momento More,0,3,0
Jasaa,0,2,0
The centinels,0,4,0
SEALS1,0,2,0
Avaloncev,0,6,0
Krf 120,0,4,0
aesthetic mogsar,0,1,0
ratones de campo,0,3,0
TURK OTAGI,0,7,0
invicible,0,2,0
GORIxRATU,0,1,0
GrishaLox_Eby_TBoy_MaTb,0,1,0
Dung3onHunt3ers,0,4,0
APEX_LEGION,0,1,0
Eintracht Spandau,0,1,0
Hue Bots,0,1,0
TheAkatsuki,0,1,0
Compassion_and_hatred,0,1,0
Rooftop,0,2,0
13Lights,0,3,0
Bagarree,0,1,0
Circle of the Red Moon,0,2,0
ERROR 404,0,1,0
Skladrik,0,4,0
Horni Femboys,0,1,0
Shlyapa,0,1,0
Belenus Trade Federation,0,2,0
Mythic Pact,0,1,0
AEGIS MYTHIQUE,0,1,0
La Legion Noire,0,1,0
Gank community,0,1,0
Bearstede Hal,0,1,0
Payment In Blood,0,2,0
PSZCZOLKI,0,4,0
Weedlords,0,1,0
Dark Middle,0,1,0
Rheinland,0,2,0
Dragon Hoarders,0,1,0
PVEFAMILYPVE,0,2,0
PbI6AKU,0,1,0
Xyeta,0,1,0
Assassin Company,0,3,0
White Pawn,0,1,0
GOLDEN-DAWN,0,1,0
Pol1ce,0,1,0
legeon13,0,3,0
ZURNA,0,1,0
LuckyPiggies,0,1,0
XION,0,2,0
Astral Team,0,2,0
TRENDSETTERS,0,5,0
GwardiyVorona,0,1,0
PANKAVDOMALTANLAR,0,1,0
Obsidian Wings,0,4,0
Two Opinions,0,1,0
Pusichka,0,2,0
TryHarder,0,1,0
Triangle,0,1,0
JUST 4 FUN,0,2,0
Stormwind,0,1,0
Fortnut,0,2,0
Take_Care,0,2,0
Eternal Joke,0,1,0
TheHideout,0,1,0
ONE__MORE,0,1,0
Shadows Bite,0,1,0
Kitty Clap,0,3,0
Everlost,0,2,0
LosGILI,0,1,0
Hakone,0,1,0
Lunar Berries,0,2,0
Sivas,0,1,0
GEWA,0,4,0
Kanalize,0,2,0
Best Market,0,1,0
Devoradores,0,1,0
Archer Vice,0,1,0
Legion inmortal,0,5,0
PMCs Redan,0,4,0
Child of Light,0,3,0
Reunion-Stoned-Grinder,0,2,0
VaryagSs,0,1,0
Furious hamsters,0,1,0
LES PATATES DE COMBAT,0,1,0
3rd Assault Brigade,0,1,0
MoonWarp,0,4,0
Muncchausen,0,1,0
Purple Team,0,1,0
WIFI,0,1,0
shadow void,0,1,0
DuskBorn,0,1,0
cavalieri_di_sangue,0,2,0
SixHone,0,1,0
Serendipity,0,2,0
Yokohama Sky,0,1,0
The Harvesters,0,2,0
NaczelneCwordy,0,1,0
Crowned,0,1,0
NEDIR,0,1,0
Society,0,2,0
DpD,0,1,0
RDV,0,4,0
SPARTAAAAAAAANS,0,5,0
Guardiani,0,1,0
S-Rank,0,1,0
POLUPOPIKI,0,1,0
OMM,0,2,0
Womens Are Scary,0,1,0
Warrior Cats,0,2,0
76 Legion,0,2,0
P Diddy,0,1,0
Huta_Katowice,0,3,0
Viperion,0,1,0
Trezvaya ustrica,0,1,0
KFC Winners,0,1,0
HAPACHI,0,1,0
Stack0verFlow,0,2,0
MORTIFAGOS,0,1,0
ZBO,0,2,0
MCS James MacAllan,0,2,0
PHANTOME,0,1,0
Bark Lickers,0,1,0
Kun1l1ngus,0,1,0
0utlaws,0,1,0
Les loups de Martlock,0,1,0
S O U L L E S S,0,1,0
Silver Shedows,0,2,0
Powdershop,0,3,0
Unicorn Union,0,7,0
GooD TimE,0,1,0
Les Farmeurs,0,1,0
Fellowship of peril,0,1,0
Reznya,0,1,0
The Far Eastern Brotherhood,0,1,0
Shadow Yokai,0,1,0
Egity,0,2,0
ALegion,0,1,0
linly,0,1,0
Neptura,0,1,0
Pranksters,0,2,0
Theford,0,3,0
TheDark,0,1,0
Public Enemies,0,1,0
CoolGamerWord,0,1,0
Orden Der Armen Ritter,0,6,0
At sunset,0,2,0
La Legion d Obsidienne,0,1,0
killer batel,0,1,0
dark abyss,0,7,0
GreenPass,0,3,0
WANGXIAO,0,3,0
ETERNAL POWER,0,1,0
SLASHERS,0,1,0
Black_Mamba,0,2,0
G-R-C-T,0,2,0
Noobs AFK Warriors,0,3,0
Sun Seers,0,1,0
Durstige Drachenlords,0,1,0
Celestial StormWatch,0,1,0
solevi gnomiki,0,1,0
BRIGADE ANTI HH,0,6,0
FRTknigth,0,1,0
Forgetten Frogs,0,1,0
BulBash,0,2,0
Meep the Beep,0,2,0
La Legion Fantome,0,1,0
LETHAL PUNCHERS,0,1,0
Get countered,0,2,0
SIPHONEDBANK,0,1,0
TradeTitans,0,1,0
HUNTED,0,1,0
Last Harvest,0,1,0
RASMENTE,0,5,0
39 Kaliningrad,0,1,0
WASHEDndCRIPPLED,0,1,0
VOW,0,1,0
kraft indust,0,1,0
ChillGUYS,0,1,0
Merdin,0,1,0
AffenMitWaffen2025,0,1,0
Silver_Spiders,0,1,0
AHAPXLI9I,0,1,0
ROAD INSPECTORS,0,10,0
AnschAffen,0,2,0
Infernal Revenge,0,1,0
Void Ripers,0,1,0
Invicible SPARTA,0,1,0
Canada Dry,0,1,0
Katir Gang,0,2,0
E V A D E,0,1,0
CALISTHENICS,0,1,0
M I T H R A I C,0,2,0
The Giggling Coffin,0,7,0
Chill And Gank,0,1,0
Fun in hell,0,5,0
Artisans Of War,0,1,0
S0I0 Guild,0,3,0
WILSON LO SIENTO,0,2,0
xXxSupeRioritYxXx,0,1,0
The Makaki,0,1,0
huh-clim,0,1,0
Red Blansh,0,2,0
Collectorsssss,0,1,0
Holzliga,0,3,0
Lone-Wolf,0,4,0
MADE IN HISPANIA,0,1,0
Silversins,0,1,0
NGGEEERS,0,1,0
KingOfShadows,0,2,0
322CORPORATION,0,2,0
The Orange Bud,0,1,0
Bellhops,0,4,0
K1YVST4R,0,1,0
Guild2,0,2,0
EXO Empire,0,2,0
SHBK,0,1,0
LastChance,0,1,0
TimSid,0,1,0
KK Knights,0,2,0
RIPANDA,0,1,0
The Nightmare,0,1,0
Kings River,0,2,0
Ordem templaria,0,2,0
SamoSmazochniki,0,3,0
La Charente Libre,0,2,0
PASSLABOH,0,2,0
Cult Albion,0,1,0
1337 elite,0,2,0
Oxys,0,1,0
I KAIDO NESTA I,0,2,0
Orion France,0,1,0
Naranjas Suicidas,0,3,0
KiMi,0,10,0
The Italian Job,0,3,0
B U N N Y H O P E,0,1,0
Legione,0,1,0
ultranoobs,0,3,0
why so sage,0,1,0
KingGambit,0,1,0
Aram,0,4,0
The Mists,0,1,0
HazeKeulen,0,2,0
ThumbCartel,0,2,0
Den of Darkness,0,2,0
Hanz Co,0,1,0
Tusken Raiders,0,3,0
3mamk,0,1,0
HOLMIKI VS GORKI,0,1,0
djjdfdfj,0,2,0
GUARDIA CARMESI,0,1,0
IRAQXALBION,0,1,0
Sparta112,0,1,0
Time Keapers,0,1,0
U R A R T U,0,1,0
Pod Krzyzem,0,44,0
CIRCUS EMPIRE,0,3,0
Hertagon,0,1,0
rites to the sun,0,1,0
YOHIRU,0,1,0
Rossiya02,0,1,0
Order of the Flaming Hearts,0,2,0
100PARIK,0,1,0
FireFlay,0,1,0
Bogovz Reich,0,2,0
BLOOD AND BLOOD FOR GOD,0,3,0
zhangwei,0,1,0
ARK-Grinders,0,1,0
Los Heredura,0,1,0
Tayfalara,0,2,0
HellHunters,0,1,0
Bne Sambosk,0,4,0
UnitY-EMB,0,1,0
EDON,0,1,0
Nekonomie,0,8,0
assozial,0,2,0
Infinite Void,0,1,0
Exkomunika,0,1,0
jebac lulupolymorph,0,2,0
Dubidu500,0,1,0
JoD,0,1,0
Lagerfeuerfreunde,0,3,0
The thugs,0,2,0
Bleobheris,0,1,0
Mitlemeer,0,2,0
Saudi Arabia,0,1,0
Unlucky Bastards,0,1,0
Viator,0,2,0
We In Flow,0,1,0
NOTAXONLYFARM,0,1,0
Cannabis,0,3,0
FISHING STYLE,0,2,0
My Chemical Bromance,0,1,0
TFU,0,2,0
DINOCO DC,0,1,0
RussLigion,0,1,0
FightHub,0,1,0
Kara Saklaban Lord,0,1,0
JanuszkiPiwneBrzuszki,0,1,0
InViciouS,0,2,0
xxx dahye xxx,0,1,0
Just Friends,0,1,0
Craft-Empire,0,2,0
S3KTOR G4ZA,0,1,0
Kommunistische Gilde Albions,0,1,0
Eblogriziki,0,1,0
Stratton Oakmont,0,1,0
HAMENGKUBUWONO,0,1,0
Flat Bassets Europe,0,1,0
Big Lucky,0,1,0
Lors Delice,0,1,0
KalbazaR,0,1,0
The Kurultai,0,3,0
AFK No Mercy,0,1,0
TwoStepsAhead,0,3,0
Lone Keep,0,1,0
Ironman Crest,0,1,0
LOS DIOZES,0,1,0
The Antimercy,0,1,0
Amateur CumPany,0,1,0
Krosse Krabbe,0,1,0
BABAZANGA,0,1,0
MeFumo8Porros,0,1,0
CSNB,0,1,0
Azov Sea Pirates,0,3,0
sobiraxi,0,2,0
The War for Good,0,4,0
ShadowGard,0,2,0
protecting the north,0,3,0
T U R Ks,0,12,0
Siberian Gambit,0,2,0
CaZiNo BL,0,1,0
Bitcoin-BTC,0,1,0
Frozen_Heart,0,2,0
lreideru,0,2,0
Iron Grizli,0,1,0
The B Clan,0,2,0
alexa_1,0,4,0
cer_ber,0,3,0
Snackrificers,0,1,0
Daggers bear,0,1,0
AkBa_PuyM,0,1,0
Axion Vanguard,0,1,0
DrkH,0,2,0
Red Death Association,0,1,0
StellAPAC,0,2,0
9t and atr,0,1,0
Fierce wolves,0,4,0
The Endless Empire,0,1,0
WMP_Squad,0,1,0
partizani,0,1,0
Bank Abusers,0,1,0
V E N O M,0,1,0
faction eater,0,1,0
Fun Team,0,1,0
The Ironborn,0,1,0
CryWhore,0,1,0
Salade de fruits,0,3,0
Teutonic_Knights,0,10,0
Make Albion White Again,0,23,0
Kaskus,0,7,0
yzbeki pod pivom,0,7,0
The Cossacks,0,6,0
Deathknights of Dark Beaver,0,10,0
TotaLLY_Spies,0,6,0
Familyfarm,0,5,0
n1GERMANY,0,6,0
N e x,0,4,0
Bite Marks,0,4,0
kultivasi,0,4,0
Grey Sky,0,4,0
BLOOD TRAIL,0,6,0
Cardinal Sins,0,4,0
CrySystem,0,4,0
Great Trojan,0,4,0
The Army Is Not,0,4,0
Caramba,0,4,0
anababa,0,5,0
privacy,0,3,0
FullStop,0,3,0
McDuck Enterprises,0,3,0
Italian League,0,3,0
Tiger Snake,0,4,0
Urutima,0,3,0
KBOB,0,3,0
CooLDowN,0,3,0
Les Pecheur Francais,0,4,0
GENESIS GUILD,0,5,0
The Divine Comedy,0,19,0
Knogga,0,4,0
89Squad,0,3,0
Introferto,0,3,0
KVM,0,4,0
minas Tirithh,0,4,0
AFTER LiFE,0,5,0
LWKY,0,5,0
La Mental,0,3,0
KlashKlanKings,0,3,0
TWO BROTHERS,0,2,0
Bong Hits For Jesus,0,3,0
RTT,0,2,0
Imperfascist Crimson,0,2,0
Gods of the Worlds,0,8,0
NE MUTLU TUKUM DIYENE,0,2,0
Tax Evasion,0,3,0
xuxu,0,4,0
leo_ne_gey,0,2,0
Velunor Guild,0,2,0
gryteq,0,3,0
El Toeffelos,0,2,0
8bit,0,2,0
POMPAGANG,0,2,0
R 47,0,3,0
ZERO TO P1VO,0,2,0
Petush Republic,0,2,0
RZB,0,2,0
Silent Voyage,0,3,0
M A L U T K I,0,4,0
Roger Roger,0,3,0
Blood Raiders,0,2,0
Ufoludy,0,2,0
Crying Kingdom,0,4,0
Rebound,0,2,0
farmers locos,0,2,0
MaJluWu,0,2,0
DINNERS,0,2,0
Bullets,0,2,0
SALO UA,0,3,0
POPIVU,0,2,0
DarkKnight21,0,2,0
XTE-R-A,0,2,0
GDD_FSt,0,2,0
Walter,0,2,0
Cuir cuir et moustache,0,2,0
NOSENSE,0,5,0
parsi,0,2,0
Black Oath,0,4,0
Dead S1lence,0,2,0
Burning Violet,0,2,0
AVANTYRISTY,0,2,0
Viking Kingdom,0,5,0
Besiktas,0,2,0
Red Fighters,0,5,0
future kings of albion,0,2,0
My Little FREAKS,0,2,0
LazyLegendaryBullsInseminators,0,3,0
OTSTALbIE,0,3,0
Traders Guild,0,2,0
Some RandomNoobs,0,2,0
Projets X,0,2,0
Fish n Beer,0,3,0
Gaza Team,0,2,0
JesterNJokes,0,2,0
SPARTAN_91,0,2,0
AKPARTII,0,2,0
Kings of corrupts and a useles,0,2,0
The Thraek Company,0,2,0
Resource Reapers,0,3,0
After Death,0,3,0
JackalsHellions,0,2,0
Cherry blossoms,0,2,0
BELIEVE the GOOD NEWS of JESUS,0,2,0
ZVENGERS,0,2,0
R I B E I R A A C T,0,2,0
blood-stream,0,2,0
Aatrox Maid Cafe,0,2,0
FROGART,0,2,0
french war,0,2,0
B1ackSmith,0,2,0
WatchersNeverDie,0,2,0
Aegis Invica,0,2,0
pawuk,0,6,0
Wilcze Cienie,0,2,0
One Man Corp,0,3,0
DESERT BLADES,0,2,0
The Radiant,0,3,0
COLEBblE MAMbl,0,4,0
EVANGELION X MONSTER,0,2,0
Falangistas no Lineales,0,2,0
Jet Life,0,2,0
SafeZone,0,2,0
Swords,0,5,0
Arvahe Jahanami,0,2,0
KHUBZ,0,2,0
Stargazers,0,1,0
Wirfelpark,0,1,0
Persian Lions,0,4,0
Kupoland,0,1,0
BabyMamonTS,0,2,0
KAHCK,0,1,0
retired gankers,0,1,0
Arkham Asylum SL,0,1,0
Les Corbeaux Noir,0,1,0
D E J A V U,0,1,0
Amethysts,0,1,0
Producatorii,0,1,0
Apotheose,0,1,0
E X l L E,0,1,0
ZSP Pudlowate Szczurki,0,1,0
DURINS,0,1,0
quick sale,0,1,0
Venomus Vipers,0,1,0
Morgana Lover,0,2,0
LOOTING,0,1,0
SALAMANGA,0,1,0
BANK OF AVALON,0,1,0
Vilni ta Nezalejni,0,1,0
Yamete Kudasai Donburi,0,1,0
TERRORIST,0,1,0
Cracking Juice Heads,0,1,0
Yellow flash,0,1,0
Right Method,0,2,0
Deadcat,0,1,0
Living Plague,0,2,0
Yummy Mommy,0,1,0
TUFANISTAN,0,1,0
AlwaysAFK,0,1,0
Oblivyon,0,2,0
ElderWood,0,1,0
Garde De Khanduras,0,1,0
QualityGuild,0,2,0
BelarusPride,0,1,0
GEOCLAN,0,1,0
bad gankers,0,1,0
Beklar,0,1,0
Asleep in the Deep,0,1,0
Igaki,0,1,0
CIA TEAM,0,1,0
ceremu,0,3,0
SIGMA ALPHA TIGERS,0,1,0
ANALfist,0,1,0
Knights of Kool-Aid,0,1,0
Siski2005,0,1,0
Taliban,0,1,0
Arkaim,0,2,0
The sky wolves,0,1,0
LEMON,0,1,0
Red Dead,0,1,0
CraftersandGatherers,0,1,0
SunnEaters,0,1,0
Ergenekon Empire,0,1,0
Munchers,0,1,0
Kaposszentjakab,0,1,0
Gold Suckers,0,2,0
Ardens,0,4,0
Black-Templars,0,3,0
GREENSUN,0,1,0
Les Poulets Vengeurs,0,1,0
GrosChibreDeToTop,0,1,0
GOLDEN GODS,0,1,0
SH0,0,1,0
The Royal Vagabond,0,1,0
Furry Femboys,0,1,0
XDYW-V,0,1,0
EOGizm,0,1,0
Kuzia,0,1,0
THE SEVEN DEADLY SINS,0,1,0
Suncraft,0,1,0
Ducky,0,1,0
Bridgewatch1,0,1,0
Empire Pahlavi 2,0,1,0
ANTINAZE,0,1,0
Night_Fury,0,1,0
Empire Targaryen,0,1,0
Beginning After the End,0,1,0
o-o,0,1,0
Celestial Ravagers,0,1,0
AL3RAKY,0,5,0
Thick Thighs Save Lives,0,1,0
SteelShields,0,1,0
UA FM,0,1,0
73R,0,1,0
Garage Warriors Beer,0,1,0
epsteins,0,1,0
GoRRillASS,0,1,0
Onlyezprofit,0,2,0
Independent,0,1,0
Brainrotten,0,1,0
Mad House,0,1,0
Content Wipe,0,1,0
Wolves of Winterfell,0,1,0
WILD WIND,0,1,0
PKW,0,2,0
GARLIC BREAD,0,1,0
Oneshot en 3coups,0,1,0
Souvenir,0,1,0
Farmres,0,3,0
W I T C H E R S,0,4,0
Korobeyniki,0,2,0
DarkSouls,0,2,0
Edo Tensei,0,1,0
Kaiserburg_Kanaken,0,1,0
Element,0,3,0
cp0,0,1,0
alimb2265,0,1,0
dragon night,0,1,0
GreenRock,0,3,0
BLACK_BEARS,0,2,0
Stoners Paradise,0,3,0
KUMES,0,1,0
Eeine Meeine,0,1,0
LogovoPauka,0,2,0
AMbassador,0,1,0
Pideci,0,2,0
GIANT CLAN,0,1,0
Labubu22,0,1,0
hamal khane,0,1,0
Kiss Black One,0,1,0
Swissguard,0,1,0
TeamSoloMid,0,1,0
bulbulbul,0,1,0
Obsydian Cartel,0,1,0
ViRtiUm_ZooM,0,1,0
The Evil Few,0,1,0
Group Dungeon,0,1,0
Word Bearers Legio Veritatis,0,1,0
BeerZerg,0,1,0
DEMIGODS,0,1,0
ZATO,0,1,0
Vermilion,0,1,0
Brave And Faithful,0,1,0
No LoVe,0,1,0
CABRINHA,0,2,0
demon cats,0,2,0
Kosveden,0,1,0
solist,0,1,0
TheBeginners,0,1,0
Lovecraft,0,1,0
Vaveyla,0,1,0
Lunar Sun,0,1,0
mriouduh,0,1,0
My mind is a horry story,0,2,0
Lymhurst,0,1,0
Douluo Dalo,0,1,0
Janosiki Albionczyki,0,1,0
Covenant of Ravens,0,1,0
only one shot,0,1,0
inkviizZziiToR,0,2,0
ANIME GIRL LOVERS,0,1,0
Les petits Glouglours,0,1,0
TiTabs,0,1,0
Muerte Real,0,1,0
ICuBusss,0,1,0
evoevo,0,3,0
Pochos Leveling,0,2,0
Squirtle Squad Corp,0,1,0
Wood nut in cider,0,1,0
18Fevralyalyalya,0,1,0
The Golden Empire,0,1,0
Oresnick,0,3,0
WinxClub,0,1,0
Flamenco Fury,0,2,0
Femboy Club,0,1,0
La confrerie des chevaliers,0,1,0
Ak_atsu_ki,0,1,0
Il Focolare Accogliente,0,1,0
Korbloxian Demons KBD,0,1,0
Nilfgaardian Legion,0,9,0
Teuteu Family,0,2,0
Irmandade Lusitana,0,1,0
Gatherer Fiends,0,1,0
ZXC Avtobus,0,1,0
BrainLegends,0,1,0
cloverfall,0,1,0
TwojaMatkaKurwaJest,0,1,0
GuildPotato1773,0,1,0
Escalation EA,0,1,0
saintguild,0,1,0
Attack on Femboys,0,2,0
Lang Ned Duath,0,2,0
Sun of Lymhurst,0,1,0
Japan Boys Lovers,0,1,0
EternalOne,0,1,0
Corvus,0,3,0
ebANUEpoPUSKI,0,1,0
La Progangeishon V2,0,1,0
Road to Walhalla,0,1,0
Council of Ruin,0,1,0
PIVAS2005,0,8,0
RomanianGipsy,0,1,0
The Shade Of Shadows,0,1,0
reborn691,0,1,0
Eidolon Interactive,0,1,0
YOBA CRABZ,0,1,0
Sval-Bard,0,1,0
CHEBYRECHESTVO,0,1,0
code wipe,0,1,0
BOZKURTLAR_Turks,0,2,0
MMH iQ,0,1,0
DemonyWojny,0,1,0
duakey,0,2,0
N I G H T F U R Y,0,1,0
TURKLER GIREMEZZ,0,1,0
CraftersPL,0,1,0
Bridgewatch Pandas,0,3,0
SQUAD HQ,0,2,0
Honor of the Infernal,0,1,0
Persion Lions,0,1,0
PARLIAMENT AQUA BLUE,0,1,0
CoastGuards,0,1,0
Monkey_Kingdom,0,2,0
Akuera,0,3,0
Les dagues silencieuses,0,1,0
HELLY SCREAM,0,1,0
Technical department,0,1,0
GEO Warriors 1121,0,1,0
RNG CORP,0,2,0
Islamic Force,0,3,0
Alattera,0,4,0
KONESERZY FIATA 500,0,1,0
Dragon Ball Z,0,1,0
Virtuoso Warriors,0,1,0
OhneZahn,0,1,0
Knights Nirvana,0,1,0
alone i stand,0,1,0
DOUMA,0,1,0
Crucible,0,1,0
Squad of demons,0,2,0
Sped Guild Trading Company,0,1,0
RKSGAME,0,1,0
Surreal,0,1,0
Lekko Spoceni,0,1,0
Panda Farmers,0,1,0
BLUE light,0,1,0
Play2W,0,1,0
Naked Sitters,0,4,0
777qaq,0,1,0
bemyakas guild,0,1,0
CwelRoads,0,2,0
PLATANO,0,1,0
Unkissed,0,2,0
BOARS_HEAD,0,1,0
Hakhamanesh,0,1,0
HARDBASS SRBIJA,0,1,0
Donjons et Pognons,0,2,0
The First Spark,0,2,0
VILTRUMITE EMPIRE,0,1,0
Plagueborn,0,1,0
Oni M,0,1,0
Backdoor,0,1,0
Heralds of Parasha,0,1,0
LlamadaDelVacio,0,1,0
Zakon Smokuw,0,1,0
TURAN ORDUSU,0,1,0
Vietnam Number One,0,2,0
Brass Dragon Companions,0,1,0
Vermithor,0,1,0
LastWar,0,3,0
OLYHI,0,3,0
Albion Haters,0,1,0
demonin2,0,1,0
Pandalorians,0,1,0
GangNight,0,1,0
Desert Penguins,0,1,0
Imperial Fist,0,1,0
MG_MiniGanG_Ir,0,1,0
CosaVostra,0,2,0
WATAFA PEPE FAAA,0,3,0
SPIDER NEST PL,0,1,0
L E G A C Y,0,1,0
Eulen,0,1,0
KingDom of the Dead,0,1,0
SakhDV,0,1,0
Niesmiertelne Smoki,0,1,0
Santa,0,1,0
Rexapin,0,1,0
KutupEsport,0,1,0
Kick -- ElitarnyPeople,0,1,0
Unicorndragon,0,1,0
Bigsnow,0,1,0
Frontiers,0,1,0
HOLY ABYSS,0,1,0
Pilsner Urquell,0,1,0
The Yew Wood Terrorists,0,2,0
DRA-GON,0,1,0
La_Secta_Exterior,0,1,0
Pirat ooo,0,1,0
G A N D O N E S,0,1,0
kara tabur,0,1,0
LR_Luminary Regime,0,1,0
Order of Star,0,1,0
Alpha Capibara,0,1,0
Targalin,0,1,0
Black hunters,0,1,0
RainbowKissZMamakoko,0,1,0
Chiropteran Lords,0,1,0
ramadanisopia,0,1,0
Thiamour,0,1,0
Fast Foot,0,1,0
cmetano4ka,0,1,0
Resource,0,3,0
BGIIQ,0,1,0
Sexy Furry Girls,0,2,0
Haderuz,0,4,0
Morta,0,1,0
Sportgruppe T-ford,0,1,0
Mystical_Chernota,0,1,0
Eastern Bloc BFFs,0,1,0
jan pawel 2 pl,0,1,0
4FUNBR Academy,0,1,0
immortal_Guard,0,3,0
Quiet Forest,0,1,0
VENOM HOME,0,3,0
ALE_SIBERLIGHT_TbI_AXYEL,0,1,0
AMC Corporation,0,1,0
FIRE PHOENIQS,0,1,0
ValleyOfTheWolves,0,4,0
SuperDuperFunTime,0,1,0
DIZMORAL,0,1,0
Jackals of Abyss,0,2,0
ANAFARTALAR KUMANDANLIGI,0,1,0
The Gnomes Are Hard At Work,0,2,0
Black Seaa,0,1,0
SOLO RACIST,0,1,0
Hous Of Iron Shields,0,4,0
Vsadniki Nochnogo Dojora,0,1,0
Moskva_Ne_Spit,0,1,0
Xssnick,0,1,0
Aida,0,1,0
Outlaw Island,0,2,0
Hammerholders,0,2,0
Parthian EMPIRE,0,2,0
Green-Champions,0,1,0
of the castle,0,3,0
Fist of Anarchy,0,1,0
Miratvortsy,0,1,0
I000I,0,7,0
RacionaisMCs,0,1,0
Bad_Boys,0,1,0
O D I N,0,1,0
Cursed Muffins,0,1,0
Stacja Skolim,0,1,0
Gather_Master,0,1,0
The twin dragons,0,1,0
Eternal Guard,0,1,0
DarkGang,0,1,0
Hueter der Wildnis,0,1,0
gacor25,0,1,0
Bureau Of Investigation,0,1,0
PixciLi,0,1,0
BELA,0,1,0
The Predator,0,1,0
Chivalrous Marauders,0,1,0
ZAMAN,0,1,0
sodour,0,1,0
Los Ninjas,0,1,0
Sons of the North,0,2,0
Killer Bone ER,0,1,0
Eternal_Fire,0,1,0
Strong bull,0,1,0
Super,0,1,0
NEKO DAISUKI,0,1,0
ZnikniBoCiPrzylombruja,0,1,0
mountain wolves,0,1,0
Unic,0,1,0
THE CURSED DUNGEONS,0,1,0
GodPvP,0,2,0
ALTAY,0,1,0
Nullvoid,0,1,0
legion extranjera,0,1,0
PureHearts,0,1,0
Exploradores de GrutasMolhadas,0,2,0
KZ mafia,0,3,0
BABALARR,0,1,0
albionology,0,1,0
anti_potato,0,1,0
Blue Volcano,0,2,0
drogstore,0,1,0
jgjfkk,0,1,0
Apathy,0,1,0
GalizaCalidade,0,1,0
Noiseless Order,0,1,0
SCORPIO,0,2,0
ALCHYMISTI,0,1,0
MainFrame,0,1,0
The_pain_system,0,2,0
Ordo Falconis,0,1,0
UltrAslan,0,1,0
M A D E I R A,0,1,0
Hastur,0,1,0
AbyssalSyndicate,0,3,0
Collaps,0,1,0
TAHANA,0,1,0
Nagar,0,1,0
Labubu Cops,0,2,0
Zadyma SA,0,1,0
OAZIS,0,1,0
TERRO,0,2,0
smakazo,0,3,0
MonkeyBusiness,0,1,0
Kociaki Ostatniego Bastionu,0,1,0
the superiors,0,1,0
Gochu de monte,0,1,0
I Banditi Verdi,0,4,0
Leoncadio Paradise,0,1,0
WHITE LION TR,0,1,0
StonerBoys,0,3,0
Bridgoptch,0,1,0
West Fellaron Company,0,3,0
N E K R O M A N C E,0,1,0
FAvalonF,0,2,0
Hail Mary,0,1,0
YODHRIN,0,1,0
The Akatsuki,0,1,0
WuTangClan,0,1,0
GenesisScout,0,2,0
Unholy Truth,0,2,0
Les dragonnier,0,2,0
XxmonstersxX,0,2,0
Dominion of Dune,0,1,0
NudelNInjas,0,1,0
BURP,0,1,0
SIYletra_dominations,0,2,0
AventureRed,0,2,0
AN1MALS,0,2,0
Porobiony Zakon,0,1,0
arlyshanay,0,2,0
PAKi_Albiona,0,2,0
Serbian Knights,0,1,0
I LOVE DRAG0N,0,1,0
Selvinesi,0,1,0
Illusion of Delusion,0,1,0
the arab,0,2,0
thelastpiece,0,2,0
LORD OF RING,0,7,0
BrotXers,0,2,0
turbosvins,0,2,0
Legio Invictus,0,1,0
Lu-Gang,0,1,0
Skyborn,0,1,0
Dej grem js sam srat,0,1,0
ZOVET,0,1,0
Coberashki,0,2,0
The immortal gatherers,0,1,0
Last Legends,0,4,0
ASESINOS DE AVALON,0,1,0
KyJIT KA3bI,0,1,0
cookie warriors,0,2,0
Lone Wolf Legion,0,2,0
Bez Spiny PL,0,1,0
The Rooks,0,1,0
NFNG Academy,0,1,0
G for Berumuzu,0,1,0
6e333y6b1e,0,1,0
FULL PESO FULL SUFRIMIENTO,0,1,0
69L0ver,0,1,0
WOLFRAM,0,1,0
GRAND_BLUE,0,1,0
DeadTeam,0,1,0
BomjGankAcademy,0,1,0
Lechuza12,0,2,0
R E A P E R S Of D E A T H,0,1,0
FOX ft AA-Bon,0,2,0
AQUI E O BRASIL,0,1,0
RTS House,0,8,0
8Night_Raid8,0,1,0
Bro Nation,0,1,0
Red clowns,0,1,0
Kakoin haters,0,2,0
Tronheim,0,1,0
LOS_PINGUINOS,0,1,0
The Lernaean Hydra,0,1,0
Vinehearts,0,2,0
Opps Wrong Target,0,2,0
LeTempleNoir,0,3,0
Partisans,0,1,0
Idbl,0,2,0
PVE MOLLI,0,2,0
Xxthe unknwnxX,0,1,0
Comfy Corner,0,3,0
Star Wanderers,0,3,0
ququmberbl,0,1,0
its our static,0,1,0
Staticzku,0,1,0
Big Familly,0,1,0
AstiPower,0,1,0
Fukushuu,0,2,0
Kun,0,1,0
www_odium_XD,0,1,0
LOS BACALAOS DEL CAOS,0,1,0
Furry Boys,0,1,0
zetniki,0,1,0
The Gods Seekers,0,3,0
Project Mayhem,0,3,0
Lufik,0,1,0
VOLGTRI,0,1,0
oROYALo,0,2,0
DebaucheryTea_Party,0,1,0
Bear necessities,0,1,0
Eesti Rusikas,0,1,0
Fermere,0,1,0
PAWS,0,1,0
noTLuck,0,1,0
Brigade F4ntome,0,1,0
YoHoO,0,4,0
EN BUYUK BESIKTAS,0,1,0
Dragons Dreath,0,1,0
Illidan Stormrage,0,1,0
The League of Shadows,0,1,0
EXODIAA ODRODZENIE,0,3,0
Holy Roman Empire of Germany,0,1,0
ezzx,0,1,0
Borz Squad,0,1,0
Tirran,0,1,0
CPT Chaos Crew,0,1,0
Asi,0,1,0
Gank n Bank,0,1,0
Leon Heart GG,0,1,0
The world of crafting,0,1,0
Blood Wars,0,1,0
Salfetka Team,0,1,0
La Gangbande,0,2,0
Lucronio,0,8,0
SHTORM22,0,1,0
os gank,0,1,0
La Letrina,0,1,0
Glorious Knights,0,1,0
DrecksGilde,0,1,0
tiktokangel,0,2,0
Specture,0,1,0
Alimp,0,1,0
1,0,2,0
A R T F U L,0,1,0
BigPOOL,0,1,0
EmberLegion,0,2,0
The Spawn of the Night,0,2,0
C O L L A P S E,0,2,0
Vandale,0,1,0
Order of Dark Rose,0,2,0
Wedge tree,0,2,0
theMasterOFking,0,5,0
COBA,0,1,0
POLSKIE-TRUFLE,0,1,0
deadly dance,0,1,0
Loods-5,0,1,0
Bards Of Avalon,0,2,0
Guards of Elysium,0,2,0
SG1,0,2,0
white wolf wise wolf,0,1,0
KIPCAKLAR,0,5,0
XLos RatonesX,0,1,0
TuxGang,0,1,0
Bad Bear Company,0,1,0
scraper group,0,2,0
Agony of the Bot,0,1,0
Guiding Light,0,2,0
Die Pixelgladiatoren,0,1,0
R E N E G A D E,0,1,0
alblione,0,1,0
TDMH,0,1,0
Hooka Kings,0,2,0
Ninja Dragons,0,1,0
La Casa Stark,0,1,0
Omen of Greatness,0,3,0
AMOPAJLbHbIU GPA6EJIL,0,2,0
Red-Hair Pirates,0,1,0
We2Leezy ISO Gvng,0,1,0
Wayward Company,0,1,0
JustTomatoKetchup,0,2,0
EvgenikA,0,1,0
dark empire,0,1,0
ERE,0,2,0
Desert Rose,0,1,0
LiKBiD4TORbI,0,2,0
Le radici della creazione,0,2,0
MainRouge,0,1,0
Den Of Lions,0,1,0
Orichalcum fist,0,1,0
1112,0,3,0
StasLand Brecilien,0,2,0
Ejder Kanunu,0,1,0
GuildForNewbies,0,2,0
Samchani,0,1,0
shangrilala,0,1,0
Los Yakis,0,1,0
Los Cuervos de Fort Sterling,0,1,0
The Bedtime Crew,0,1,0
svoboda12,0,1,0
Angels Legion,0,2,0
Farmilki,0,1,0
Castle of Dreams,0,1,0
Crusade Of Shadows,0,1,0
Fort Sterling Knights,0,3,0
A S K O R O Z,0,3,0
WWG,0,1,0
Draco Sanguineus,0,1,0
XBK,0,1,0
Sandbags,0,1,0
PowerBuffBoys,0,2,0
Black Monopoly,0,1,0
JustFeed,0,3,0
World Lords,0,1,0
Shnarki,0,3,0
KeyfeKeder,0,1,0
Alliance of Thrones,0,1,0
12InchGiggaChad,0,1,0
Drain gaaaaang,0,2,0
BlackFang,0,1,0
Milky Pie,0,1,0
PONOS,0,1,0
BLACK FORT,0,1,0
huro,0,2,0
Zoldium,0,1,0
ZIKZIK,0,2,0
HURTS,0,2,0
LaMiFa,0,1,0
SundaySquad,0,3,0
Mordor island,0,1,0
Bleh B3,0,1,0
Kralar Sofras,0,3,0
AGGRESSIVE LEGION,0,2,0
Genesis K0mpany,0,1,0
BEKONCHIKI,0,2,0
Global Storm,0,2,0
Cadaverum,0,1,0
Skollyban,0,1,0
G-Squad,0,2,0
WilkiAvalonu,0,1,0
Time To Hunt,0,3,0
Foggy Dawn,0,1,0
Ice Dragons,0,2,0
cometomenow,0,1,0
Breitwatch,0,2,0
KIRKHAR,0,1,0
ELG,0,1,0
0DiN,0,1,0
ex aquo,0,1,0
RoyaI,0,2,0
Start Complain,0,1,0
Les Fossoyeur,0,1,0
THE BRING,0,1,0
Phantom Troupe IR,0,1,0
6 7 6 7,0,4,0
HighRollers,0,1,0
Forgeron,0,1,0
Alvearium,0,1,0
We Valkyrie,0,1,0
The Mining Miners,0,1,0
Celestials Order,0,1,0
BIAR,0,1,0
we just gather,0,1,0
EN FURIE,0,1,0
MeowPower,0,1,0
Werewolfs,0,1,0
Clanapeaua,0,1,0
Holy_Moly,0,1,0
BLACK ZONE COWBOYS,0,2,0
World Tree,0,1,0
URAMAKI,0,3,0
Defenderssd,0,1,0
RosikaDARK,0,1,0
GOLDEN LEGION,0,1,0
GBR,0,1,0
SaltWraiths,0,1,0
Bears Loading,0,1,0
Traventin,0,1,0
Lonebound,0,2,0
HolyMans,0,5,0
Menki Juokai,0,1,0
Workers and Resources,0,2,0
Banderstadt,0,3,0
Malveillance Max,0,2,0
DIIREX,0,1,0
les Ecorcheurs,0,2,0
Peleteiros,0,1,0
Suspence,0,1,0
1200IP,0,1,0
chamozone,0,2,0
los flopys,0,1,0
Mysta,0,1,0
CYCLONE_1,0,1,0
77Alpha77,0,4,0
RainbowSix,0,1,0
SnowLumen,0,1,0
RUS BUSHIDO,0,2,0
Dignity of the Steppe,0,1,0
Nocturalis,0,1,0
Marshall Dawn,0,2,0
A R X,0,1,0
LEGION GAULOISE,0,2,0
N0 FEAR,0,1,0
Braciszkowie,0,1,0
Bank of Apes,0,1,0
Sons of Abyss,0,1,0
Aftershock,0,2,0
Cat Eat Fish,0,1,0
sSaintSs,0,1,0
Cacai Kydosai,0,4,0
Nyctophile,0,1,0
Carleon femboys,0,1,0
Useless,0,1,0
bad lans,0,1,0
ALEMDAR,0,1,0
R_BACK,0,2,0
Suicide squad 34,0,3,0
Iron Dominion,0,1,0
silly,0,1,0
Vanguard Legion,0,2,0
DIVINITI,0,1,0
Menelos,0,1,0
RGF,0,1,0
Tykai,0,3,0
Ironman btw,0,1,0
BpymBpym,0,1,0
RELICT,0,1,0
Arakhne,0,1,0
BloodyWarriors,0,1,0
Vincent Orte,0,2,0
Py Cc_Kue,0,1,0
Wipe and Win,0,3,0
FatKnights,0,1,0
Big papers,0,2,0
GuilTFL,0,1,0
Golden Magnum,0,1,0
Insane V,0,1,0
Kaznit Sviney,0,1,0
PUPS LOGOUT,0,2,0
Goffs,0,1,0
The_Outcasts,0,2,0
LT_Batalionas,0,3,0
MilkyWays,0,1,0
MidnightShadow,0,2,0
Le Bataillon,0,1,0
CiganeNaebhiki,0,2,0
saser,0,1,0
ORDEM PORTUGUESA,0,1,0
Burnagiele,0,1,0
Les-Corbeau-Gosse,0,1,0
3LO,0,1,0
SpicyGirls,0,1,0
reakg,0,1,0
Albion World,0,1,0
Deep Inside Black Zone,0,1,0
Rottemberg,0,2,0
RAGULI,0,2,0
Sargot,0,2,0
ZlotoPuss,0,3,0
Amnezja,0,1,0
Gobblitos,0,1,0
Lorian UA,0,1,0
Pinguins democratic republic,0,1,0
MEJOR NO,0,1,0
The sons of Atilus,0,1,0
AaS,0,1,0
SPARTA999,0,1,0
Koohii,0,1,0
HolyDiff,0,3,0
Golden Boys,0,2,0
Guzinni Elite,0,1,0
TOTIIIL,0,3,0
BonAqva,0,1,0
One Family,0,1,0
RL Albion,0,1,0
CASHX,0,2,0
Clean Kiil,0,3,0
HWNK,0,1,0
314DORbI,0,2,0
The Spider Cult,0,2,0
Scorp,0,1,0
HUNTER-UA,0,1,0
SPADA,0,1,0
Crud,0,1,0
MR_3RB,0,1,0
SMERTNIKI1,0,1,0
HELL SINNERS,0,3,0
Hunt And Fish,0,2,0
Sverige,0,2,0
Bratstvo Bobrov,0,1,0
DucksPond,0,1,0
WAR LEGION,0,1,0
TR Acemi,0,12,0
Netris,0,1,0
Biiaamaaxx,0,1,0
TopuSuda,0,2,0
Lag Eier,0,2,0
VOSKRESLO,0,1,0
CASA BLANCA,0,1,0
J3b4c R4jCZ3,0,1,0
Chlinikus,0,1,0
UninstallAlbion,0,1,0
Home One,0,1,0
G A N K G A N G,0,1,0
Lotus Cult,0,1,0
Crazy Rabbit,0,1,0
PukiKaki,0,3,0
I Troglos,0,3,0
Noughe 5,0,2,0
The Starks,0,1,0
Seijaku,0,4,0
Police Caerleon,0,1,0
Casual crusaider,0,1,0
stay_ with me,0,1,0
Curse of the Reaper,0,1,0
Anarchy - 13,0,1,0
Knights Bearing the Light,0,1,0
Trust Me Bro,0,1,0
Fort sterIing,0,1,0
bloody sunrise,0,2,0
The Lollery,0,3,0
White Wolves,0,1,0
Sharashka,0,1,0
Los Portadores De La Derrota,0,1,0
DuRdOm VeSeLoChKa,0,1,0
Degeneratio,0,1,0
BarudakIslam,0,1,0
F ini Bas,0,1,0
OLYDRI,0,1,0
TwoSecondLater,0,1,0
The Great League,0,1,0
Harvester Lair,0,1,0
Los cascarams,0,1,0
SILMARILLION,0,1,0
WarHunt,0,2,0
Za_ZOV,0,1,0
2026-09-03,0,3,0
House_Stark,0,2,0
Lidos_compani,0,3,0
RNG,0,4,0
ARISTROCRATI,0,1,0
Royaume de Valoria,0,3,0
xio,0,1,0
SCARLET CLAWS,0,11,0
AkatsukiFR,0,1,0
Sayan,0,1,0
Shia313,0,1,0
Osteria,0,2,0
C H I L L O U T S,0,1,0
People Of Zinchenko,0,1,0
Ordin sveta,0,1,0
Speak persian,0,1,0
Kaiser,0,1,0
MadMasters,0,2,0
Chromosom_Hunters,0,3,0
SerpeX,0,1,0
Spiddovnia,0,2,0
Fallen Rose,0,1,0
V A L H A L L A K I N G D O M,0,1,0
Empire of lords,0,1,0
C A M A P A,0,1,0
ZOVDAGEROV,0,0,0
DarkHarvest,0,13,0
Gray wolf,0,8,0
YUMURTLAYAN HOROZ,0,9,0
Smugglers Den,0,19,0
CEKTOP,0,5,0
Roshchin Kingdom,0,5,0
BearLove,0,6,0
GITY,0,5,0
dasters,0,5,0
Experienced Ones,0,5,0
Espada-ESPD,0,5,0
Brazley Mafia,0,5,0
La Cienaga,0,4,0
Celik Bilek,0,4,0
Les Fou du Bus,0,4,0
Drums Of Wars,0,5,0
SDVG_Squad,0,3,0
Pesyunarik of dawn,0,4,0
DlsTeam,0,3,0
LVINII_VOLKI,0,4,0
Killrus,0,3,0
Blody end,0,3,0
Protect The Clan,0,6,0
Adpack,0,3,0
XleviX,0,3,0
Dark Wolfs,0,3,0
Homeless shelters,0,3,0
Chai for you,0,3,0
siphoned,0,3,0
THE FENNEC,0,3,0
Quazar,0,3,0
RAMPAGE,0,3,0
Kan Yolu,0,3,0
Golden Kill,0,5,0
MiHoYo,0,3,0
FrozenFire,0,3,0
ONLYLoseStaff,0,3,0
Crazy_time,0,2,0
DrindegUA,0,2,0
Kutlu Hanedan,0,4,0
Sosaliti,0,2,0
A S T R A,0,4,0
katakulli,0,2,0
KAT0RGA,0,2,0
LIVE FOREVER,0,2,0
The king of The Hun,0,2,0
Nova Cosaci,0,2,0
Morok,0,2,0
The Spider,0,2,0
whoareu,0,2,0
instarding xaurux,0,2,0
Silence Ecliptse,0,2,0
Red Owls,0,2,0
Final Authority,0,3,0
Polysteack,0,2,0
SWAT,0,2,0
blood oath of knights,0,2,0
dragon,0,2,0
Dos neuronas T4,0,2,0
risen heroes,0,2,0
Desert Eagles,0,2,0
Unstable V2,0,2,0
4EVER,0,3,0
Dodge me,0,3,0
social-liberals,0,2,0
TF Loot,0,2,0
miners cats,0,2,0
PALKA 81,0,2,0
Les Tripanez,0,3,0
NGA,0,2,0
Raben,0,2,0
Capitaliste,0,2,0
Bregan_Daerthe,0,2,0
RussianBearZ,0,2,0
Bastards in Hell,0,2,0
PvP y Mazmorras,0,2,0
LOUD SOULS,0,2,0
KGWB,0,3,0
WHITEKNIGHTS,0,2,0
MEGA-GREEKS ON-ROIDS,0,2,0
OLIM-PYA,0,2,0
ABSOLUTE PUSH,0,2,0
MGE Brothers,0,2,0
Kill For Crown,0,2,0
ReaperBlood,0,2,0
FamRaily,0,2,0
L4ugh1ng D4ath,0,2,0
MEPTBEKU,0,2,0
Antii mason,0,2,0
11211,0,3,0
Dumbas,0,2,0
DarkKindoms,0,2,0
Legion de Hierro,0,2,0
Dumper and Bumper,0,2,0
MavriMira,0,2,0
Svea Inkasso Inc,0,2,0
Order of the Iron Crown,0,2,0
SavePortal,0,2,0
PRAI,0,2,0
Na Chile,0,1,0
Clan Kryze,0,1,0
Warrior of Sunlights,0,2,0
RAGEMODE,0,1,0
A7AA NEKKK,0,1,0
habanero,0,1,0
RENICARATION,0,1,0
Adrastea Empire,0,1,0
Chevaliers,0,1,0
LostStone,0,1,0
Redsign,0,1,0
ErregeAK,0,1,0
all for me,0,1,0
Evil Corporation,0,6,0
TURK HANLIGI,0,2,0
l-Salamanca-l,0,1,0
AltFarmer1,0,1,0
Ordre Des Rois,0,1,0
mangoxrq,0,1,0
Lost light,0,1,0
HaloLaborerTest,0,1,0
Dzhabrail,0,1,0
SvenskaKotbullar,0,1,0
GHOSTx,0,1,0
Los magos 537,0,1,0
Harp of the winds,0,1,0
Acil Servis,0,1,0
Lysol fame,0,1,0
Thomas More Sect,0,1,0
ElClani,0,1,0
The White Horse,0,1,0
SKULL OF DEATH,0,2,0
BERNSTEIN,0,1,0
Som bady,0,1,0
Tenebris Domini,0,1,0
m o n k,0,1,0
Night Pilgrim,0,1,0
Emberhold,0,1,0
CUM_SHOT,0,1,0
Eternal snake,0,1,0
basaizim,0,3,0
God B,0,1,0
SOLO LEVELLING,0,1,0
OLDVALYRIA,0,2,0
Montaing Black,0,1,0
SAM63,0,3,0
Darknesss,0,1,0
Ghost army,0,1,0
ISoloLevelingI,0,1,0
Penguinization,0,1,0
Sacapuntas,0,1,0
Koshka Perdit,0,1,0
Albion Hater,0,1,0
F A M E,0,1,0
xFRONTLINEx,0,1,0
GRANTS,0,1,0
Kartoffelkrieger,0,1,0
Rausky AD,0,1,0
sigmas da bahia,0,1,0
Division,0,1,0
Integral,0,1,0
Shinzo Abe,0,1,0
akwgh,0,1,0
25plus,0,1,0
GUENONS,0,1,0
Six of Swords,0,1,0
Okozzu,0,1,0
Blackrangers,0,1,0
Poker-club,0,1,0
Dream Team GG,0,1,0
maters of war,0,1,0
DGKM,0,1,0
Rauschmittelmissbrauch,0,1,0
TailoSystem,0,1,0
KAM300M,0,1,0
Fiebs Baelleparadies,0,2,0
NO FEAR EPTA,0,1,0
OkeaH,0,1,0
Option,0,1,0
Chiki-Chaki,0,1,0
EagleFang,0,1,0
OST,0,3,0
Althinger,0,1,0
second L1fe,0,1,0
Clan Lavaca Saturnita,0,1,0
EliteX,0,1,0
Gallous Knights,0,2,0
Shade,0,1,0
Sangue,0,1,0
Tradesmans,0,1,0
SwagaPiteki,0,1,0
Jett Airline,0,1,0
BOGDANSSILVER,0,1,0
TheBestCats,0,1,0
Boberchiki,0,1,0
The Morgana Cult,0,1,0
TAVERN P2LAS,0,1,0
HeroesCG,0,1,0
Goblins Den,0,1,0
PODHOBEP,0,1,0
Royal Dominion,0,1,0
GuildeVeBaton,0,2,0
KKN,0,1,0
Going To Death,0,1,0
Hooli Corporation,0,1,0
Sanctum Nocturne,0,2,0
Sklad mulov,0,2,0
BAD COUNTRY,0,1,0
KamReg,0,1,0
CHATS FOUS,0,1,0
Skyfliandia,0,1,0
AKAYNT,0,1,0
MEZOPOTAMYA,0,1,0
sqLegends,0,1,0
bombermans,0,1,0
HC2E,0,1,0
No Fear - No Death,0,1,0
ApoCyMbI,0,1,0
viran,0,1,0
Fort Sterling FRK,0,1,0
ZANZEF_ALTS,0,1,0
Lafcraft,0,1,0
DEMON MOONS,0,3,0
Silver farming,0,1,0
arvah black,0,1,0
Problemas Mentales,0,1,0
PVE Group,0,1,0
hikikom0ri kai,0,6,0
SuIcIdeSquad,0,1,0
SHIZNIT,0,1,0
Elendar,0,1,0
ELDORADO,0,1,0
TARGANT,0,1,0
Caribka,0,1,0
Pe Causa,0,1,0
DAGI,0,1,0
ETERNAL UNITY-TR,0,1,0
Mercenarios SA,0,1,0
CRAFTERS SYNDICATE,0,1,0
AMG GUARDIANS,0,1,0
Moonleaf,0,1,0
DontCryy,0,1,0
R U S S A K,0,1,0
Lords Of The Court,0,1,0
Monohrom,0,1,0
forest wolves on the hunt,0,1,0
Desert Bears,0,1,0
AYYILDIZ,0,1,0
Mask Off,0,1,0
Angeli de Luce,0,1,0
LOAY,0,1,0
TITKI,0,1,0
OOOOOOOOOOOOOOOOOOOOOOOOOOOOO,0,1,0
HomoSAPI,0,1,0
THE SEED,0,1,0
The Repair Bill,0,1,0
SILVER DRAGON,0,1,0
Order of Torment,0,1,0
Ded Mon,0,1,0
WBC,0,1,0
FINIK,0,1,0
RESPECT STACHU,0,2,0
Flokkr,0,1,0
kokos island,0,1,0
SHAFAQ,0,1,0
The_Fear,0,1,0
GreaterFarmers,0,1,0
Lock The Fuck In,0,1,0
W1PE HAPPENS,0,1,0
Dumb-courage,0,1,0
O-U-T-L-A-W,0,1,0
White Tigers,0,1,0
Christian Gaming Monastery,0,1,0
TempoGames,0,2,0
TheSkyCasters,0,1,0
House Cthulhu,0,1,0
Nazarika,0,1,0
YellowZoneGooners,0,1,0
Romashki,0,1,0
VendetaCZSK,0,1,0
Moor Frog,0,1,0
Avel,0,1,0
RUSSIAN GUILD IX,0,1,0
4NAL ROYAL,0,1,0
Akatsushi,0,1,0
IMPER0,0,10,0
Inferno Fenix,0,1,0
Average Pesos Enjoyer,0,1,0
Maska-groba,0,1,0
Aquilon,0,2,0
AveMaria,0,1,0
Fatherland,0,1,0
Heaven Ascendants,0,1,0
Strickland,0,1,0
Frostwood,0,1,0
Stonk-Split-Island,0,1,0
Kool Kids Klan,0,1,0
ROFLOKEKER,0,1,0
Sakata,0,1,0
Eternal_United,0,1,0
Laugh1ngCoffin,0,1,0
give up nah we continue,0,1,0
INMORTAL III,0,1,0
Crest of the Burning Crown,0,1,0
Knights of the Temple,0,1,0
MuGiWaRa_D,0,1,0
CHBB_SupBot,0,1,0
ROMFALYA,0,1,0
xdpaplo,0,1,0
OUTLAW,0,1,0
Owling Abyss,0,1,0
HomieCraft,0,1,0
The Smell of Graves,0,3,0
OPCommando,0,1,0
InfiniteDragon,0,1,0
SMITHS OF KINGSLANDING,0,1,0
BUMN,0,1,0
HEM SERT HEM FUNNY,0,1,0
Nacom,0,1,0
LaughingCoffin,0,1,0
The Lions 2,0,1,0
poster boys,0,1,0
HEART OF ALBION,0,2,0
Eutanazja,0,1,0
Guardians of Oblivion,0,1,0
BITMRAZEI,0,1,0
Mystic Marsh,0,1,0
STERLING LOOTERS,0,1,0
The pokemons,0,1,0
Inpidigmas,0,1,0
Rajawali,0,1,0
Norwey Gay Sex Corporation,0,1,0
DADADADADADADADADDADADADADA,0,1,0
10004ertey,0,1,0
PIXEL BROTHERHOOD,0,1,0
STORM IS COMING,0,1,0
S62,0,1,0
Leclarc,0,1,0
Sect of Kings,0,1,0
553 domuzcuk,0,2,0
podsos gang,0,1,0
Ostatni Bastion,0,1,0
499p,0,1,0
Infinitae Virtutis,0,2,0
Liberia,0,1,0
Sentinels of Arcanum,0,1,0
World Supremacy,0,1,0
CattelloLor,0,2,0
OEM,0,1,0
Enslave,0,1,0
HAKUCUUN,0,1,0
Guardian AngeIs,0,1,0
Guild Eyes,0,1,0
Spero Patronum,0,1,0
Cali nr 1,0,1,0
Learn2Play,0,1,0
GFB,0,1,0
Solo Exp,0,1,0
Zahidler Toplulugu,0,1,0
World_Tales,0,2,0
IS MY STATIC,0,1,0
GRiM_WeePeR,0,1,0
ROMEO i JULIA,0,1,0
Tommys friends,0,1,0
JellyCats,0,1,0
UPO SQUAD,0,1,0
Dalniy_Vostok,0,1,0
Les copains de zonzz,0,1,0
for the sun,0,5,0
Albion Gamers,0,1,0
home static yuno,0,1,0
Brecilien,0,1,0
METAL PENIS,0,4,0
Cursed Monsters,0,2,0
Blue Dragons,0,4,0
THE ARTISTS,0,2,0
Blood Tax,0,2,0
Lion Knights,0,1,0
PIT STOP SZUMACHERA,0,1,0
pizza the farm,0,1,0
Eternal Union,0,1,0
False Alarm,0,2,0
T-reX,0,1,0
nahui,0,1,0
UA WAR,0,1,0
WOOPAAA,0,2,0
TmS Family,0,1,0
the_Killers,0,1,0
Oprixe,0,3,0
s gang d,0,1,0
Abyssal Monarchy,0,3,0
enemies,0,4,0
ATATURK EMPIRE,0,1,0
No Stress Balkan,0,1,0
TheLevant,0,1,0
PLEASE DONT DO IT,0,1,0
PSA MICHAEL JACKSON,0,3,0
SS PROGECT,0,4,0
Dru1ds,0,2,0
Fullbringers,0,2,0
Gooners Anonymous,0,1,0
Nostalgeek,0,4,0
Black Sentinel,0,1,0
SALIGIA,0,2,0
Dark Mines of Capybara,0,4,0
CollectorsParty,0,1,0
the great dolbiebs,0,2,0
TONYS KEBAB PIZZA,0,1,0
KING BALDUIN,0,5,0
Mythborne,0,1,0
alocigo,0,1,0
SaRbaz,0,1,0
limbzz,0,1,0
UCHIHA,0,1,0
smok1ng kills,0,2,0
Telermunt,0,3,0
THC SQUAD,0,3,0
nABUKODONOSOR6940,0,1,0
BERCILAK HOES,0,1,0
Medoeds,0,1,0
sosowat,0,1,0
Promise,0,2,0
GOIDA VOZ,0,2,0
Skarlet Demons,0,1,0
Donlot,0,1,0
Bo3dyxaHbI,0,2,0
4BK 4EBURASHKA,0,1,0
Forestales,0,5,0
Piccolo,0,1,0
A L T I N S A F A K,0,5,0
BlueGHG,0,2,0
Gryadka,0,1,0
HCWD,0,1,0
Chaihana_N1,0,3,0
Oosks,0,1,0
KlouniAvalona,0,1,0
Swaggers,0,1,0
BIue Army Freemen,0,1,0
Horny,0,4,0
MODACK,0,1,0
Geordie Mafia,0,1,0
Q A Y,0,1,0
XSPARTANSX,0,2,0
BigBottleBoys,0,2,0
PalestinaBombSquad,0,2,0
Dark_Angels,0,2,0
Legendy na dochodku,0,2,0
la 7eme companie,0,7,0
raid gang remastered,0,3,0
DEATH EU,0,2,0
Knights Of Thetford,0,1,0
DIE BERSERKER,0,1,0
E1X,0,4,0
Alfabet,0,4,0
croissant and escargot,0,1,0
zizougi,0,2,0
Legion of Dragons,0,1,0
Titans of Myth,0,2,0
The Styx Covenant,0,1,0
SKELETON CITY,0,2,0
Bloody Self-Castration,0,3,0
End Of Time,0,1,0
IpuliLyli,0,2,0
Caesarion,0,1,0
CHT,0,1,0
The Temple Order,0,1,0
Les100Papiers,0,1,0
ChampionZ,0,3,0
FACTIONWAR,0,1,0
oue c greg,0,1,0
Beer Brotherhood,0,2,0
trade tab,0,1,0
Jester Syndicate,0,4,0
KPOBABbIE BOPOHbI,0,1,0
yellowzone,0,1,0
Third_Reich,0,2,0
SUTLU KAVE,0,1,0
Ancient Echoes,0,1,0
Cartel Livonia,0,1,0
Maney On The Dash,0,3,0
Volition,0,1,0
Solo Gonplei,0,1,0
Los Mapogos,0,2,0
D E S T E N Y,0,5,0
CTA Skippers,0,5,0
BezBab,0,3,0
elsokary,0,3,0
eoo,0,1,0
KABANOS,0,2,0
tvd,0,1,0
kiznaiver,0,1,0
MY TN,0,1,0
Rise Of Persia,0,2,0
TAVEPHA,0,3,0
Murder Ink,0,1,0
S T O R M B O R N E,0,1,0
Voronezh36,0,1,0
who_ammm_IIIII,0,2,0
RTUK,0,1,0
ARTA,0,1,0
SPQR PRIME,0,1,0
Staropramen,0,1,0
KoLoBoKs,0,1,0
Bucaneers,0,1,0
Bloodymoon,0,3,0
Black Trinity,0,2,0
Smaug,0,1,0
JojoFans,0,2,0
Blitzkrieg,0,2,0
alwaysWannaDie,0,1,0
LEAGUE OF ALBION,0,1,0
MONGREL,0,1,0
Shadow Domination,0,2,0
Polska ludowa,0,1,0
pellejo pa ricardo,0,1,0
ganker guild,0,2,0
Event Fight,0,1,0
Vich,0,3,0
Exterminatus 40K,0,1,0
QQGuoJia,0,1,0
Bableves,0,3,0
GOMGATTE,0,1,0
WAWER,0,1,0
La pause cafe c des connard,0,1,0
Les Don,0,1,0
Pontificarii,0,1,0
Guyup,0,3,0
Avalonian Shepherds,0,3,0
Hormigas SL,0,1,0
Noob a LoL,0,1,0
Exterminan,0,1,0
Celestial Guardians,0,1,0
Tiganii,0,2,0
KAOS,0,1,0
KANLI TURAN,0,1,0
TorGrad,0,1,0
Keoku,0,1,0
Gwardia Albionu,0,1,0
GaSiK-SqUaD1448,0,3,0
DontSuicideBefore1UTC,0,2,0
STALKER122,0,1,0
WON PIECE,0,2,0
Black Dawn,0,1,0
Monkey Market,0,1,0
CLUB WOLF,0,1,0
Party Boys,0,1,0
Draevenings,0,1,0
Gray Pearl,0,1,0
Ray0fLight,0,1,0
TURAN LEGION,0,1,0
Dirmil,0,1,0
Old Family,0,1,0
D53,0,2,0
M O N O L I T,0,4,0
Brussias,0,1,0
HONI,0,1,0
REVELADEMDOR,0,1,0
Soul Lawyer,0,6,0
Warriors of Mordor,0,1,0
TDU,0,2,0
Bricks United,0,1,0
Supreme Verdict,0,1,0
RATS ONLY,0,3,0
AR-GG,0,2,0
Cham,0,1,0
Dla Vseh,0,1,0
SHIZMUTANTS,0,1,0
BLOCKPOST,0,1,0
DIVINE DESTINY,0,1,0
Zolotoj dozhd,0,3,0
NAMPOHUY,0,1,0
Kondoms,0,3,0
Almost Mystik,0,3,0
Storm of Chaos,0,1,0
Undeads,0,1,0
Gogosarii,0,2,0
Serhad Aknclari,0,2,0
BDB,0,2,0
Troubled Souls,0,1,0
Kreuzritter,0,1,0
1ostrov1,0,6,0
Overpriced and Proud,0,1,0
NewOrden,0,1,0
Chauves-Sournois,0,1,0
Topy Hen,0,1,0
Lucky Strike,0,1,0
Technischer Uberwachungsverein,0,1,0
Poy,0,1,0
Legio Immortalis,0,1,0
Crystal Guardians,0,3,0
TheNewRepublic,0,1,0
TheBochenek Army,0,1,0
Cnl Family,0,1,0
Broheims,0,2,0
Short-Fuse,0,3,0
Solo Buds only,0,1,0
Welsh Dragons,0,1,0
SevernayaZvezda,0,1,0
The Evolution,0,1,0
Red Hunters,0,1,0
HouseOfDragon,0,1,0
Mirmidons,0,2,0
Too Late,0,1,0
The Afterimage,0,1,0
Les Compagnons,0,2,0
mygo,0,2,0
Golandskii Shturval,0,4,0
SQUIRTbusters,0,1,0
Atlas Mirage,0,1,0
ACV,0,1,0
Confraternita d acciaio,0,4,0
Galaxia,0,5,0
KousKousKlan,0,1,0
Gentle mates,0,2,0
Mirotvorcy,0,3,0
TAG TEAM,0,1,0
GULAG VIP Lounge,0,1,0
NewSpace,0,10,0
S m u r d a G a n g,0,1,0
kuro neko,0,1,0
Goth Girl Fanclub,0,1,0
Cartel du Saucisson,0,1,0
Arctic Monkeys 505,0,2,0
Sandaly Mojrzesza,0,6,0
FRANCS,0,1,0
ORDEN DEL COLMILLO NEGRO 0,0,2,0
REDKOSTb,0,4,0
KL5RA,0,3,0
5e Etage,0,3,0
Sinisinis Corporation,0,1,0
Life Gamblers,0,4,0
Paw Patrol pro mix,0,1,0
Blu,0,1,0
SUICIDE BOYS,0,1,0
Yu no ma Yuxtar,0,1,0
The Phoenix,0,1,0
Ufa102,0,1,0
Gentlemen of failure,0,2,0
Lulin DE Cartel,0,1,0
Equinor,0,2,0
Muriel,0,1,0
Mad Sky,0,2,0
Cresent Fang,0,5,0
SLOVYNI,0,1,0
W A L K,0,1,0
a pack wolves,0,2,0
PRINDAVAN,0,2,0
CLAN 31,0,2,0
SSY VROT KHONSU,0,1,0
La Taberna,0,1,0
ile Patoche,0,1,0
RofflEu,0,1,0
Darknes,0,1,0
ZPZONE9728,0,1,0
Harvest Athletic,0,1,0
Europe Supreme,0,1,0
Word Bearers,0,1,0
BOOMSQUAD,0,1,0
NORA U SHNUMA,0,2,0
Legion Imperial,0,1,0
Ruby clan,0,1,0
SoloPiano,0,1,0
Les Grosses Folles,0,1,0
Sor de sirvons,0,1,0
Les napoleoniens,0,1,0
Golden Heirs,0,1,0
KOMETA,0,1,0
Unchained Forge,0,2,0
Sunny Children,0,2,0
Band-of the-FALCON,0,1,0
Damneds,0,1,0
sto,0,1,0
Proton Prime,0,3,0
dg speed,0,1,0
FROSTWOLFES,0,3,0
Skyward,0,1,0
psyNEBULA,0,1,0
TheBrownBandit,0,1,0
FOAB,0,1,0
The Order of the Broken Armor,0,1,0
Bloody Claw,0,1,0
treska,0,1,0
Financi,0,1,0
Omega Veil,0,2,0
x-Zlote-Wilki-x,0,1,0
KEKS_NA_VAHTE,0,1,0
Melna Perle,0,1,0
ThePit,0,1,0
R G B,0,1,0
Wipe Happens,0,1,0
SKLR,0,4,0
Economical,0,1,0
Loot and Laughs,0,1,0
Gold Village,0,1,0
Love Patrol,0,2,0
NoLimits,0,2,0
XXXASASINXXX,0,2,0
THE RAVEN SONGS,0,1,0
Pivandepola,0,1,0
Sunfangs,0,1,0
Gurskie Pawiany,0,2,0
Pozhiloy_Koteyka,0,1,0
Jokers Of The Realm,0,2,0
OstrovSokrovish,0,1,0
Hermitess Eyerie,0,1,0
Polskie Panny,0,1,0
Clean Killl,0,1,0
WelcomeToHeLL,0,1,0
MrNOOB,0,1,0
Pakooda boys,0,1,0
Whats the safe word,0,1,0
deadbrain,0,1,0
HELLSHOT,0,1,0
Solo player guild,0,2,0
Hollow inside,0,2,0
BoberHookx,0,1,0
Jaluvan Industies,0,1,0
COAST RIDERS,0,1,0
TYRKA,0,1,0
Petra Lucida,0,1,0
Black March,0,1,0
Warriors of the AEsir,0,1,0
EstaFudido,0,2,0
RMTLovers,0,1,0
B_D_S_M,0,1,0
Doomsday Armada,0,2,0
Brotherhood of bread,0,1,0
X1 X1 X1 X1 X1,0,1,0
Master hobbits,0,2,0
Husaria Albionu,0,1,0
THE FIRST PRIEST,0,1,0
Alaris,0,5,0
Soulforge,0,3,0
CLAP CREW,0,2,0
LeckMiAmOrch,0,1,0
PERROTexAnos,0,1,0
Treasure Munt,0,1,0
U N I T E D,0,1,0
Turtle Squad,0,1,0
SHMARAVIDLA,0,1,0
F-E-A-R-S,0,1,0
RSR,0,3,0
RebornToDiveBM,0,1,0
Te Falta Declarar,0,1,0
DarkCover,0,1,0
skkk,0,1,0
Air Compressor,0,1,0
Ukjent Mix,0,2,0
Koxksy z Albionu,0,1,0
IMF,0,1,0
ANGARALIM,0,3,0
Unbounded,0,1,0
Moon Guards,0,1,0
Noobs_United,0,1,0
Cheval de sang,0,1,0
HappyAoe,0,1,0
Corrupted Succubus,0,1,0
Lethal Outcome,0,1,0
REZULTAT,0,1,0
VsAdNiKi na MuRaViAh,0,1,0
GAVANNA,0,1,0
Wh1sper,0,1,0
Les Clowns du Lord,0,1,0
Alice in Chains,0,1,0
Shurima Emperor,0,1,0
Demans,0,1,0
KOMASYTRA,0,1,0
addicts,0,1,0
Pille is back,0,1,0
Pappnasenverein,0,1,0
Polish Legion,0,1,0
Glaciers,0,1,0
Hell Beasts,0,2,0
0rder of FOF,0,1,0
Want To Fight,0,1,0
Animal Shed,0,1,0
5th Cohorts,0,1,0
GANKERS EU,0,1,0
Smuggler Mafia,0,3,0
Reindeer,0,2,0
Night Oath,0,1,0
Shangri La Frontier,0,6,0
Kittens1,0,4,0
Kool Kids Klub,0,1,0
AHTuDyPb,0,1,0
Bankrott GmbH,0,10,0
Felvidek,0,5,0
I N S P I R E,0,1,0
Ahstrea,0,1,0
Kto Godo,0,2,0
Beg1nn1ng After the End,0,2,0
hhdje,0,4,0
Reanorians,0,1,0
ClassElite,0,4,0
The Beasts Crew,0,1,0
Irish to the T,0,1,0
3EJIEHbIUxMEDBEDb,0,1,0
Gather and Gank,0,1,0
Executors,0,1,0
Gdzie Kucharek 6 Tam Cyckow 12,0,4,0
kocikblack,0,1,0
Panzaknacka,0,2,0
VSC,0,1,0
CUHON,0,1,0
KINOL,0,1,0
SYNDICAT3,0,1,0
Help Me Step Brother,0,1,0
P1vko,0,1,0
THE-CLAN,0,2,0
Compagnie Marchande,0,1,0
The Misclick Mafia,0,1,0
Opale,0,1,0
Saviors_CZ,0,1,0
THE HYDRA,0,1,0
wasslaTImp,0,1,0
EX0DIA,0,1,0
Polar,0,1,0
Cons-Damnes du Nord,0,1,0
AllStonsShallMarage,0,3,0
FridayThe13th,0,2,0
I see You,0,1,0
The hoes,0,1,0
SILVER SINKERS,0,2,0
Warbound,0,1,0
Madish,0,1,0
Imperianten,0,1,0
Mistcrown,0,1,0
GoidaZclub,0,1,0
SouLshine BriGaDe,0,1,0
Oregon,0,1,0
Stonks,0,1,0
PLUTONIUM XV,0,2,0
Black Motanga,0,2,0
WHITE CARDINAL,0,2,0
Happy Three Friends,0,1,0
Withers,0,1,0
JURASSIC WORLD,0,1,0
Again2312,0,1,0
paladins of valor,0,1,0
WinnerMoll,0,1,0
Templar Knights of the Sun,0,1,0
AvorG,0,3,0
La Compagnie Des Bannis,0,2,0
Les groslois,0,1,0
The Capital,0,3,0
samets,0,1,0
florent degage,0,1,0
La Solution Finale,0,1,0
INTAS,0,1,0
Tam De Svoi,0,1,0
DIJON,0,1,0
TEAM DU NORD,0,1,0
FOCCUSS,0,2,0
The-GankFather,0,1,0
Espada Za-Kuran,0,1,0
zolotaya molodyozh,0,1,0
Wooxies,0,1,0
Jerri and co,0,1,0
Flame Guard,0,1,0
KONSEY,0,5,0
mitosheshim,0,1,0
Crimson Luna,0,1,0
asajiu,0,3,0
Pinga4ki,0,1,0
WINGS,0,2,0
Albis Vina,0,3,0
PorscheEnjoyers,0,2,0
pvpgod one,0,1,0
Mamografos,0,1,0
Deleter,0,2,0
RP-NPC Quest,0,1,0
Wild Nomad,0,1,0
Fantastisz Tempo,0,1,0
Umpa Lumpa,0,1,0
blupupa,0,1,0
Ctrl Alt Defeat,0,1,0
The Forest of Avalon,0,1,0
Dragontonia,0,1,0
Hellkeeper,0,1,0
La Familia des Zommes d ALBION,0,1,0
Hell Knight,0,1,0
MY-BOY,0,1,0
Simply Simple,0,5,0
Infinity Equilibrium,0,1,0
Ukraine _fame_suda,0,1,0
Dragon Plague,0,2,0
Sasai Kudasai,0,1,0
R 4 I D,0,1,0
Mustache Mans Finest,0,1,0
Saiyanists Church,0,1,0
Blodryn,0,1,0
Darky,0,1,0
BRODIAGi,0,5,0
Isib,0,3,0
ZAIIPET,0,1,0
Brodanica,0,3,0
TigerLand,0,1,0
Last Slavic Stronghold,0,1,0
Stray Cat House,0,1,0
DTEK,0,1,0
Mongos do Rage,0,1,0
Luxunora,0,1,0
Organizacion XVII,0,1,0
TY3,0,1,0
Rer_Faz,0,1,0
Tacos Franceses,0,1,0
Gatherings,0,1,0
UNMITADOBLE,0,1,0
Silent corner,0,1,0
CENT PEURS,0,3,0
Shadow Unity,0,1,0
ironroot,0,1,0
BridgeWatch Aslanlari,0,1,0
BEYAZKURT,0,1,0
Ballantain,0,4,0
Crafters Inc,0,1,0
CursedCorp,0,1,0
Ancient loners,0,1,0
Mocro Mafia,0,1,0
Les Fils de Kong,0,3,0
The M Dynasty,0,2,0
Frajernia,0,1,0
la Troupe,0,1,0
BlumHurst,0,2,0
Legion Colmillo de Hierro,0,1,0
ooo_GoldWheel,0,1,0
SPIDER UNITY,0,1,0
norlond,0,2,0
Zero Zone,0,1,0
Low iQ,0,2,0
D3viants,0,1,0
firlety,0,1,0
Divine Family,0,1,0
Vipers Embrace,0,1,0
TOPLAYICIBIRLIGI,0,1,0
EMEVIS,0,1,0
Aps the solver,0,2,0
koledzy 2022,0,1,0
Phenomenal,0,3,0
Troupe of Shadows,0,1,0
Legacy Of The Golden Dawn,0,1,0
pidors,0,1,0
BULGURLU KNIGHTS,0,1,0
Kaya kartal,0,1,0
Lost Dream Hunter-s,0,1,0
Ascension PXC,0,1,0
SKYDAS,0,2,0
Loots,0,1,0
teedox,0,1,0
NO FE4R,0,1,0
Albedo,0,1,0
Loolar,0,2,0
UkraineFreedom,0,1,0
Gremio de Aventureros Guidoras,0,1,0
CyclopusPRIME,0,1,0
Dnepr_City,0,2,0
Hryakich,0,1,0
Love-Evolution,0,1,0
INDUSTRIAL CRAFTERS,0,1,0
my guild my island,0,1,0
THE BOYSS,0,1,0
South Lycans,0,1,0
Broken Angels,0,1,0
OrypuIb,0,2,0
resources enjoyer,0,1,0
X Vay Zet,0,1,0
ComeToMe,0,1,0