Guild,win,loss,Total,Winrate (%)
-,1185,3390,4575,25.9
0000 Gero,0,3,3,0.0
00_Money_00,0,2,2,0.0
05kd,0,1,1,0.0
0N A FAIM,108,64,172,62.8
0nizukeh,16,3,19,84.2
0rda,0,1,1,0.0
1 3 3 7,5,13,18,27.8
1 8 8 1,9,1,10,90.0
1-st,34,60,94,36.2
10004ertey,0,1,1,0.0
105-4636,0,3,3,0.0
11211,0,2,2,0.0
1144,0,1,1,0.0
12Volt,1,0,1,100.0
141st Division,1,15,16,6.2
1488REDAN52FEMBOY67ZXC1000-7,0,6,6,0.0
1500,0,1,1,0.0
187Strassenbande,2,0,2,100.0
1881 1938,0,4,4,0.0
1DEUS_VULT1,16,51,67,23.9
1MBA,1,0,1,100.0
1black hammer,0,7,7,0.0
1ere legion Orionite,1,3,4,25.0
2 THE GREATS 2,0,7,7,0.0
2007-08-01,1,2,3,33.3
200squad,0,4,4,0.0
25plus,0,1,1,0.0
2CRABS,0,1,1,0.0
2Hearts,0,3,3,0.0
2cats1cup,0,2,2,0.0
2much,0,1,1,0.0
300 - Cardinal Sins,0,4,4,0.0
322_FISTING_322,4,9,13,30.8
333,1,1,2,50.0
33meow,0,5,5,0.0
375,0,1,1,0.0
385347N 770133W 1865,7,12,19,36.8
3AO POMAIIIKA,1,3,4,25.0
3DangGang and Deena,2,45,47,4.3
3M-JACKPOT,0,1,1,0.0
3Y3,0,5,5,0.0
3a6y3a Xyecoc,1,0,1,100.0
3blan,0,1,1,0.0
3rb,22,24,46,47.8
40-1,16,29,45,35.6
420 MIND,8,7,15,53.3
420 VICIO,1,4,5,20.0
439 RELOADED,0,2,2,0.0
499p,0,1,1,0.0
4Ai,1,0,1,100.0
4EVER,0,2,2,0.0
4NAL ROYAL,0,1,1,0.0
4SAN,57,54,111,51.4
4if_Kif,1,1,2,50.0
4oKeR,0,1,1,0.0
500 Logiki,0,2,2,0.0
52GORILLAZ,0,2,2,0.0
553 domuzcuk,0,1,1,0.0
6173,0,3,3,0.0
665,1,5,6,16.7
66_66,15,1,16,93.8
7 DAYS CHALLENGE,0,1,1,0.0
7 RONIN,0,4,4,0.0
707,1,1,2,50.0
7nshl,5,16,21,23.8
8 point 3 Kokosmilch 1v1,0,1,1,0.0
A K U M A,13,17,30,43.3
A L T E R - E G O,1,4,5,20.0
A LA CARTE,3,9,12,25.0
A N T I C A,1,2,3,33.3
A Perfect Square,2,5,7,28.6
A R E T E,0,1,1,0.0
A S G A R D,2,12,14,14.3
A S T R A,0,2,2,0.0
A S T R A L,3,16,19,15.8
A SKILL ISSUE,98,44,142,69.0
A Story Of Caerleon,0,2,2,0.0
A U R,15,26,41,36.6
A V E N G E R S,5,4,9,55.6
A X I O M,0,1,1,0.0
A m i t y,6,4,10,60.0
A x i s,14,10,24,58.3
A-N-G,2,5,7,28.6
A-T-L-A-S,4,4,8,50.0
A-tripleS,0,14,14,0.0
A11one,0,1,1,0.0
A3OB,5,19,24,20.8
A7AA NEKKK,0,1,1,0.0
A7squad,10,28,38,26.3
ABOB,1,0,1,100.0
ABSOLUTE PUSH,0,2,2,0.0
ABYSS TO HELL,1,11,12,8.3
ACAB,44,122,166,26.5
ACADEMI,1,13,14,7.1
ACES,0,4,4,0.0
ACOLASIA,1,1,2,50.0
ACTIVNIE GOMESI,1,3,4,25.0
ADAMASTOR,9,10,19,47.4
ADASDASDASD,0,1,1,0.0
ADICTOS AL FARMING,8,42,50,16.0
AFKS,6,0,6,100.0
AFTERLIFE,7,12,19,36.8
AGARTHA IS REAL,6,2,8,75.0
AGARTHA Z,0,3,3,0.0
AGG,1,2,3,33.3
AGONIJA,2,4,6,33.3
AIFAM,1,0,1,100.0
AKATSUKIGANG,1,31,32,3.1
AKAYNT,0,1,1,0.0
AKM Almighty Killer Monster,9,82,91,9.9
AL-IN,5,7,12,41.7
ALCATRAS,1,2,3,33.3
ALC_GAMER,0,4,4,0.0
ALKARFEN,0,19,19,0.0
ALL IN GAMBIT,6,11,17,35.3
ALLAHI SIKENLER GUILDI,2,7,9,22.2
ALPARSLANN,7,9,16,43.8
ALPHA FEDERATION,0,13,13,0.0
ALPHA Prime,0,5,5,0.0
ALTARIUS,19,6,25,76.0
ALTIMASICTIM,0,1,1,0.0
ALTUSHKI,0,1,1,0.0
ALWAYS UNLUCKY,1,2,3,33.3
AMBULANCE,0,1,1,0.0
AMG GUARDIANS,0,1,1,0.0
ANATOLIAN WRATH,14,30,44,31.8
AND FRlENDS,113,97,210,53.8
ANGEL HEART,1,10,11,9.1
ANKLAW,43,20,63,68.3
ANNEXIA,80,85,165,48.5
ANO,6,3,9,66.7
ANTI-GANKERS,4,12,16,25.0
ANTIGER,1,1,2,50.0
ANTIMAGI,0,1,1,0.0
ANTYKONFIDENT,1,1,2,50.0
ANWAR,4,15,19,21.1
ANY FIGHT,221,139,360,61.4
AO MMM,0,1,1,0.0
APAO,4,29,33,12.1
APES TOGETHER STRONK,0,2,2,0.0
APOTEKA,19,29,48,39.6
APOYU SIKENLER,1,1,2,50.0
AQUAMARINE,8,31,39,20.5
ARABIC,1,1,2,50.0
ARC TERYX,0,1,1,0.0
ARCANGEL,5,28,33,15.2
ARCH0NS,32,21,53,60.4
ARCHITEUTHIS,3,15,18,16.7
ARDOUR,1,10,11,9.1
ARG,0,7,7,0.0
ARGANAT,0,2,2,0.0
ARKHEM,0,4,4,0.0
ARMA,1,2,3,33.3
ARMAGEDDON,2,15,17,11.8
ARMOR CLUB,2,3,5,40.0
ARMatyra,1,4,5,20.0
ARSLANLAR,1,0,1,100.0
AR_Danger,0,18,18,0.0
AS ABOVE SO BELOW,0,2,2,0.0
ASGARD,1,1,2,50.0
ASH Templars,0,1,1,0.0
ATAUD-NEGRO,0,1,1,0.0
ATBFeshoin,9,12,21,42.9
ATHANOR,0,9,9,0.0
ATLAS Corporation,3,5,8,37.5
ATSIZ,1,0,1,100.0
AUTRAGH,6,12,18,33.3
AVA EBLANI,0,2,2,0.0
AVA Vikings,0,1,1,0.0
AVALON STRIPPERZ,0,2,2,0.0
AVALON-KNIGHTS,0,28,28,0.0
AVARITIA,1,1,2,50.0
AWAFOXES,1,4,5,20.0
AXES,0,1,1,0.0
AYAMBEBEK,1,0,1,100.0
AYI,1,0,1,100.0
AYK1NSKIE,1,3,4,25.0
AYYILDIZ,0,1,1,0.0
AZEROTT,0,8,8,0.0
Abandon Hope,0,1,1,0.0
Above30,4,16,20,20.0
Absolute Anarchy,4,3,7,57.1
Absolute Order,0,1,1,0.0
Abyss watcherss,0,2,2,0.0
Abyssal Echo,5,9,14,35.7
Abyssal Walkers,4,15,19,21.1
Achieve Hunters,47,40,87,54.0
Acil Servis,0,1,1,0.0
Actually,13,13,26,50.0
Adaptable to Everything,4,15,19,21.1
Adeptus Astardes,2,5,7,28.6
Adpack,0,3,3,0.0
Adrastea Empire,0,1,1,0.0
After Work Warriors,1,1,2,50.0
Against All Authority,1,2,3,33.3
Aggressively Average,5,7,12,41.7
Agoge,5,6,11,45.5
Ahoj,14,62,76,18.4
AiBolit,27,17,44,61.4
Aimo,0,6,6,0.0
Ainz Ooal Gown 99,0,5,5,0.0
Ainz Ooall Gown,0,2,2,0.0
AirCheese,1,0,1,100.0
Aiys,1,0,1,100.0
Akari,14,99,113,12.4
Akatsushi,0,1,1,0.0
Akermans,4,1,5,80.0
Akumaa,1,0,1,100.0
Al Qaeda,15,16,31,48.4
Al andalus,10,28,38,26.3
Al-andaluz oris,3,10,13,23.1
Alas Negras,0,7,7,0.0
Alattera,0,1,1,0.0
Albania Libre,0,6,6,0.0
Albi0n Cringe,1,1,2,50.0
AlbinaSexovaFans,14,14,28,50.0
Albion Global Trading Company,1,10,11,9.1
Albion Hater,0,1,1,0.0
Albion Police,1,10,11,9.1
Albion Stock Exchange,2,14,16,12.5
Albion Taxi,1,0,1,100.0
Albion game trip,0,1,1,0.0
Albion-Offline,14,9,23,60.9
Albioners,0,1,1,0.0
Albionists,0,3,3,0.0
Albions Finest,2,5,7,28.6
Albivony,0,3,3,0.0
Alkraar,0,8,8,0.0
All 0N Black,8,5,13,61.5
AllBeOn Trash,1,0,1,100.0
Alleanza,0,16,16,0.0
Alleanza delle Nebbie,0,2,2,0.0
AllianceOfScurletRoseAndCross,1,5,6,16.7
Almas Agrias,99,141,240,41.2
Alone in the dark,1,0,1,100.0
Alpagut TR,161,139,300,53.7
Alpha Counquers,1,2,3,33.3
AlphaGenesis,0,2,2,0.0
Alphas Abyss,1,1,2,50.0
Alt F 4,2,1,3,66.7
AltFarmer1,0,1,1,0.0
AltMetall,6,37,43,14.0
Alta lacra,0,2,2,0.0
AltersGuild,0,1,1,0.0
Althezura,1,4,5,20.0
Althing,2,11,13,15.4
Althinger,0,1,1,0.0
Alunta,0,1,1,0.0
Amanojaku Clan,0,2,2,0.0
AmantiDellaPatata,0,1,1,0.0
Amaranthum,0,3,3,0.0
Amaterasu-Kami,8,12,20,40.0
Ambatublow,1,2,3,33.3
Ambition,1,3,4,25.0
Ambitious,7,45,52,13.5
Amen and Combat,4,7,11,36.4
Amical Alliance,0,2,2,0.0
Ammiak team,0,3,3,0.0
An Earnest Endeavour,1,3,4,25.0
AnArtistsOfUs,3,8,11,27.3
Anaconda,2,7,9,22.2
Anadolu Turk,1,10,11,9.1
Anal Festival,22,52,74,29.7
Anarchyz,0,5,5,0.0
Anatolian Rebels,155,354,509,30.5
Anchored,5,22,27,18.5
Andrusyaks,0,2,2,0.0
Angeles caidos,0,1,1,0.0
Angeli de Luce,0,1,1,0.0
Angles Mort,32,15,47,68.1
Angry Ducks,5,4,9,55.6
Angry Pigeon,0,3,3,0.0
Angry_Farmers,0,3,3,0.0
Angry_boars,0,1,1,0.0
Angus army,0,2,2,0.0
Anima Bellum,24,96,120,20.0
Ankoay,0,2,2,0.0
Anna-My-Beloved,4,8,12,33.3
Anointed,0,1,1,0.0
Antcolony,0,5,5,0.0
AntiMoros,1,3,4,25.0
Antii mason,0,1,1,0.0
Antipositive,29,35,64,45.3
Antykrolewscy,1,0,1,100.0
Anunnaki,1,4,5,20.0
AnyMe,0,1,1,0.0
Aplogize to the knight,0,1,1,0.0
ApoCyMbI,0,1,1,0.0
Apocalytica,0,3,3,0.0
Aquilon,0,1,1,0.0
ArLand,0,1,1,0.0
Arab Falcons,0,9,9,0.0
Arab Lions,41,242,283,14.5
AracnoPochos,2,30,32,6.2
Arbiters,0,4,4,0.0
Arcadis,2,4,6,33.3
Arcane Dominion,1,6,7,14.3
Arch-imps,2,1,3,66.7
Archange1,0,5,5,0.0
ArcherFrancais,6,23,29,20.7
Archons,31,39,70,44.3
Arda,0,3,3,0.0
Armour,3,15,18,16.7
Arrows of Time,1,14,15,6.7
Ars Vincere,0,7,7,0.0
Arthas,0,6,6,0.0
Arz3,6,7,13,46.2
Ascensio Ex Ruina,10,2,12,83.3
Ascension,337,339,676,49.9
Asena,0,2,2,0.0
AsganaFlow,0,5,5,0.0
Ashbound,48,59,107,44.9
Ashen Fall,2,10,12,16.7
Ashes-of-Creation,1,3,4,25.0
AshmaRK,0,8,8,0.0
AshuraKai,0,2,2,0.0
Ashwing,0,3,3,0.0
Asopladores,0,2,2,0.0
AsortikBabys,4,5,9,44.4
Asteriya,6,48,54,11.1
Astra Ignis,36,132,168,21.4
Astraea,6,7,13,46.2
Astral Covenant,1,0,1,100.0
Astral Keepers,2,5,7,28.6
Astral Team,0,1,1,0.0
AsturGalaicos,33,63,96,34.4
Atomic Cats,0,4,4,0.0
Atone,0,2,2,0.0
Attack on Femboys,0,1,1,0.0
Aumdor,2,1,3,66.7
Aurora Shadow,1,2,3,33.3
Autumn Oath,10,10,20,50.0
AvA Rabbits,3,20,23,13.0
AvaBirds,4,24,28,14.3
AvaGei,2,3,5,40.0
Avalon Coalition,1,3,4,25.0
Avalon Karp,0,1,1,0.0
Avalon Marauders,5,12,17,29.4
Avalon Power,4,3,7,57.1
Avalon-speed run,0,1,1,0.0
Avaloncev,0,1,1,0.0
Avalonian Architects,1,3,4,25.0
Avangarda,0,3,3,0.0
Avarush,0,1,1,0.0
Avasurf Club,7,10,17,41.2
AveMaria,0,1,1,0.0
Avel,0,1,1,0.0
Average Pesos Enjoyer,0,1,1,0.0
Average SwoleBenji Enjoyer,0,7,7,0.0
Avongard,1,1,2,50.0
Awapando Evolution,0,2,2,0.0
Awe Of She,0,2,2,0.0
Awesome,0,3,3,0.0
Axe in the Ass,5,8,13,38.5
Axios,4,23,27,14.8
Ayaka,2,3,5,40.0
AzGuards,14,72,86,16.3
Azaza Hahaha,0,2,2,0.0
Azgard,25,85,110,22.7
Azula,0,9,9,0.0
Azured,53,45,98,54.1
B A N G,146,97,243,60.1
B E R S E R K R,4,8,12,33.3
B I R A K T I M,2,1,3,66.7
B L A C K R O C K,1,0,1,100.0
B L A S P H E M O U S,0,3,3,0.0
B O M B E R M A N,1,1,2,50.0
B O N K,6,5,11,54.5
B69 Team,0,5,5,0.0
BACKSTAB CO,71,176,247,28.7
BAD COUNTRY,0,1,1,0.0
BANDIT GROM,2,0,2,100.0
BANE,13,29,42,31.0
BARADISE,1,0,1,100.0
BARBARLAR,30,28,58,51.7
BAROSANI,0,7,7,0.0
BATUTIKI,15,26,41,36.6
BD Balkan,2,2,4,50.0
BDSM EROTICA,0,3,3,0.0
BDU,72,171,243,29.6
BEHIND YOU,1,5,6,16.7
BENGEL,0,3,3,0.0
BENZBIBA,2,1,3,66.7
BEPCTAK,2,5,7,28.6
BERMUD,10,22,32,31.2
BERNSTEIN,0,1,1,0.0
BERSERKION ACADEMY,5,38,43,11.6
BERUANG MADU,3,1,4,75.0
BES,2,12,14,14.3
BESDAR1,2,5,7,28.6
BEYOND ETERNITY,4,10,14,28.6
BEZDNA BOMJEY,0,2,2,0.0
BGFR,7,5,12,58.3
BHASHNIKI,5,10,15,33.3
BHC for War,1,4,5,20.0
BIBA-BOBA,34,4,38,89.5
BICHUGANbI,0,1,1,0.0
BIG FRESH MEAT,0,5,5,0.0
BIGDADDY,20,26,46,43.5
BIRTENGRII,44,79,123,35.8
BITMRAZEI,0,1,1,0.0
BIackBerry,2,4,6,33.3
BLACK HAND-ARMY,1,2,3,33.3
BLACK REQUIEM,0,2,2,0.0
BLACK S1DE,1,33,34,2.9
BLACK SUMMER,1,9,10,10.0
BLACK TREE PUB,0,1,1,0.0
BLACK-BOAR,18,58,76,23.7
BLACK-TIE,10,5,15,66.7
BLADE2FACE,10,42,52,19.2
BLAZERB,0,1,1,0.0
BLIS,1,3,4,25.0
BLOOD AND BLOOD FOR GOD,0,2,2,0.0
BLOODY BOMB,1,7,8,12.5
BLYAT STORM,23,48,71,32.4
BMP,0,4,4,0.0
BOAR CLUB,0,5,5,0.0
BOBDOG,1,0,1,100.0
BOER WARR,0,4,4,0.0
BOGDANSSILVER,0,1,1,0.0
BOMBERMAN,120,118,238,50.4
BOMJ,0,2,2,0.0
BOO,1,4,5,20.0
BOOLZ,1,0,1,100.0
BOSPHOR,4,16,20,20.0
BOZKURT BEYLIGI,0,2,2,0.0
BRAHMAN tokyo,0,1,1,0.0
BRATLAND,0,3,3,0.0
BRATVANAZABIVE228,3,3,6,50.0
BRO Squad,0,1,1,0.0
BRODYAGI,0,1,1,0.0
BRONANS,0,2,2,0.0
BROTHERHOOD-OF-BLOOD,11,33,44,25.0
BRRRRRRR,17,10,27,63.0
BSM,0,3,3,0.0
BTBF,8,20,28,28.6
BTS,0,1,1,0.0
BUMN,0,1,1,0.0
BUSTER TEAM 2,1,1,2,50.0
BYE,2,3,5,40.0
B_E_A_R_S,5,53,58,8.6
BaBa TeK,1,9,10,10.0
BabyMamonTS,0,1,1,0.0
Back to Roots,0,1,1,0.0
BaconExpress,0,2,2,0.0
Bad Dog Boys,1,0,1,100.0
Bad Ending,2,1,3,66.7
BadEnd,0,1,1,0.0
BadgirlS,0,2,2,0.0
BagEnd,0,5,5,0.0
Bah Asoy,0,2,2,0.0
Bail Bondsmen,0,2,2,0.0
Balakovo Best,0,1,1,0.0
Balders,0,2,2,0.0
Balgaskiy perchik,1,0,1,100.0
Balkan Legion,37,84,121,30.6
BanGlobal,0,1,1,0.0
Band of the Hawk,9,5,14,64.3
BanderShtat,31,94,125,24.8
Bandit Bashers,2,2,4,50.0
Bandit Country,1,1,2,50.0
Bandit of Bandits,0,1,1,0.0
Bandits,83,287,370,22.4
Bandits New Era,0,1,1,0.0
Banici,0,2,2,0.0
Barabi,1,4,5,20.0
Barbarians,1,3,4,25.0
Barbarians from Russia,5,8,13,38.5
Bardzo Mili Wieniacyii,0,1,1,0.0
Bare Minimum Bandits,1,2,3,33.3
BarrakudAss,0,1,1,0.0
Basata,0,2,2,0.0
Bashkortostan,0,1,1,0.0
Bastard,0,3,3,0.0
Bastards in Hell,0,2,2,0.0
BattleStar Galactica,62,82,144,43.1
Batu hejO,1,5,6,16.7
BeBeBus,11,44,55,20.0
BeStTrAdErS,0,2,2,0.0
Bear Brand,0,3,3,0.0
Bear-Slayers,2,2,4,50.0
BearLove,0,5,5,0.0
Bears Beer,1,4,5,20.0
Beek1perS,5,0,5,100.0
Beer Company,1,2,3,33.3
Beer Lovere Club,2,25,27,7.4
Being as an ocean,14,49,63,22.2
BekaKrew,0,2,2,0.0
Bellatores,0,1,1,0.0
Bells Dragons,0,1,1,0.0
Beloved,1,0,1,100.0
Belvveder,0,1,1,0.0
Bend Over,0,1,1,0.0
Berkut,0,4,4,0.0
Berserkion,75,278,353,21.2
Berserkir,6,30,36,16.7
Besedka,0,2,2,0.0
Beshanie,0,4,4,0.0
Best Guild,1,5,6,16.7
BestattungsGmbH,6,20,26,23.1
Beyaz Kurt,0,5,5,0.0
Beyhude,0,1,1,0.0
Bezdna Zovet No My Poeli,0,1,1,0.0
Bezrobotni,9,34,43,20.9
BiPoLar,21,45,66,31.8
BiedaBezKasy,0,4,4,0.0
Big Booty Latinas,1,0,1,100.0
BigBlackRooster,1,1,2,50.0
Billi,0,3,3,0.0
Billionaires,36,79,115,31.3
Birbs and Kittens,0,7,7,0.0
Bivnoi_ad,1,1,2,50.0
Black Aura Imperium,1,7,8,12.5
Black Clock,1,1,2,50.0
Black Covenent,5,9,14,35.7
Black Dragon,0,1,1,0.0
Black Heather,0,3,3,0.0
Black Last,0,1,1,0.0
Black Legion,41,56,97,42.3
Black Mask,0,2,2,0.0
Black Oath,0,1,1,0.0
Black Phoenix,0,5,5,0.0
Black Salary,0,1,1,0.0
Black Sentinels,115,126,241,47.7
Black Sheeps,19,56,75,25.3
Black Ship,0,10,10,0.0
Black Sky,25,64,89,28.1
Black Sword,4,4,8,50.0
Black Team,1,2,3,33.3
Black Tigers,1,1,2,50.0
Black Unit,0,2,2,0.0
Black Veil Order,0,3,3,0.0
Black Widow Clan,1,9,10,10.0
Black Zone Enjoyer,1,4,5,20.0
Black hell,0,6,6,0.0
Black-Templars,0,2,2,0.0
BlackCobra,10,19,29,34.5
BlackDead,1,11,12,8.3
BlackThrone,1,5,6,16.7
BlackZoneFarm,1,0,1,100.0
Black_line,0,4,4,0.0
Blacklist Enjoyers,2,1,3,66.7
Blackorchid,0,8,8,0.0
Blackrangers,0,1,1,0.0
Blacks Dragons,0,1,1,0.0
Bladefury,2,1,3,66.7
Blakice,20,12,32,62.5
Blaming You,5,4,9,55.6
BlankSouls,1,4,5,20.0
Blasphemous Cult,9,15,24,37.5
Blattodea Homicida,4,13,17,23.5
Blight,0,1,1,0.0
Blight Reapers,22,10,32,68.8
Blitz Krieg,0,2,2,0.0
Blitzkrieg Z,2,1,3,66.7
Blody end,0,3,3,0.0
Bloggot_gild,0,2,2,0.0
BlooD SunrisE,6,9,15,40.0
Blood And Tears,107,78,185,57.8
Blood Monkey,20,49,69,29.0
Blood Pact,95,117,212,44.8
Blood Stripes,1,2,3,33.3
Blood of Asgard,0,4,4,0.0
Blood-_-Moon,0,6,6,0.0
BloodBorns,0,1,1,0.0
BloodKillers,0,4,4,0.0
BloodSong,4,40,44,9.1
BloodStriders,5,18,23,21.7
Bloodbound Order,21,30,51,41.2
Bloodmarked Pact,4,21,25,16.0
Bloods Legion,60,35,95,63.2
Bloodsteel Reavers,0,3,3,0.0
Bloodthorn Blades,0,1,1,0.0
Bloody Drunkards,0,1,1,0.0
Bloody Relict,5,33,38,13.2
BloodySpear,0,17,17,0.0
Bloodyy Abyss,1,2,3,33.3
Blue Army Freedom,0,6,6,0.0
Blue Screen,1,1,2,50.0
Blue Solution,1,12,13,7.7
Blue Zone Buccaneers,0,1,1,0.0
Blue Zone Warriors,3,5,8,37.5
Blue-Gold Order,0,6,6,0.0
Blue-Sky,1,1,2,50.0
BlueBalls,0,2,2,0.0
BlueDragon,0,4,4,0.0
BlueForge Company,0,2,2,0.0
BlueG,0,1,1,0.0
BlueOrcs,0,5,5,0.0
Blyvotnik,1,1,2,50.0
Bne Sambosk,0,2,2,0.0
Boar Squad,0,4,4,0.0
BoardBeard,1,0,1,100.0
Boberchiki,0,1,1,0.0
Bocchi the Rock,0,1,1,0.0
Bogowie Chaosu,0,2,2,0.0
Bohem,107,95,202,53.0
Bollwerk,36,67,103,35.0
BombarBeer,1,4,5,20.0
Bombordilo Crocodilo,0,2,2,0.0
BonSaissx,55,123,178,30.9
Bonebenders,0,3,3,0.0
Borboskina,0,2,2,0.0
Borknagar,0,1,1,0.0
Born Gamers,0,6,6,0.0
Born To Kill,0,1,1,0.0
Bougnoules,1,2,3,33.3
Boys dont cry,26,36,62,41.9
Bozkurt Legacy,0,2,2,0.0
Bozo Style,0,2,2,0.0
Bractwo Zapomnienia,0,4,4,0.0
Brainfucks,1,8,9,11.1
Brave Chickens,0,1,1,0.0
Brawler Company,1,4,5,20.0
Brayan,1,2,3,33.3
Brazil Avalon Guild,5,29,34,14.7
Brazley Mafia,0,2,2,0.0
Bregan_Daerthe,0,1,1,0.0
BridgeGuard,0,1,1,0.0
Bridgevatch,9,21,30,30.0
Bridgewatch,7,33,40,17.5
Bridgewatch Defenders,3,34,37,8.1
Bridgewatch Elite,5,26,31,16.1
Bridgewatchs Sandmans,0,1,1,0.0
Brigade des ombres,0,1,1,0.0
Bright AbYss,0,2,2,0.0
BroKssar,0,1,1,0.0
BrokZaBrok,6,5,11,54.5
Broke Ass Bitches PL,1,0,1,100.0
BrosBeforeHoes,3,5,8,37.5
Brotherhood of Freedom,1,10,11,9.1
Brotherhood of Jefry Epstein,2,2,4,50.0
Brotherhood of the dark ravens,1,0,1,100.0
Brotherly solidarity,0,1,1,0.0
BrummyHook,1,0,1,100.0
Brynhild,0,1,1,0.0
BsB,0,3,3,0.0
BuS0o0,1,0,1,100.0
Bubki,1,1,2,50.0
BuggerS,1,1,2,50.0
BuhiDiHulow,0,1,1,0.0
Bulbasaur Band,9,16,25,36.0
Bulibanda,26,14,40,65.0
BumHairs,0,1,1,0.0
Burial,4,1,5,80.0
Bush Bandits,6,13,19,31.6
Bushido no Kage,0,3,3,0.0
Business is Business,0,4,4,0.0
Butaneros Avalonicos,7,14,21,33.3
Buynie Golovy,2,15,17,11.8
Bybonna9 4yma,3,4,7,42.9
Bylock,3,10,13,23.1
C A S P E R,2,1,3,66.7
C K A M,62,42,104,59.6
C L A D E S,3,2,5,60.0
C L U T C H,0,3,3,0.0
C O L L A P S E,0,1,1,0.0
C O N T R O L,0,2,2,0.0
C O R T E L,0,3,3,0.0
C O S M O S,17,10,27,63.0
C Y R U S,1,12,13,7.7
C11H15NO,0,1,1,0.0
C2H50H,28,24,52,53.8
CABOOM,7,8,15,46.7
CABRINHA,0,1,1,0.0
CAGANISSO,1,3,4,25.0
CALL DEF AND SEND REGEAR,2,2,4,50.0
CALLIDUS,8,13,21,38.1
CAMAPA,0,1,1,0.0
CANDY SHOP,2,26,28,7.1
CAPELOOOO,0,2,2,0.0
CAPITALYZM,1,0,1,100.0
CAPSIZLAR,0,3,3,0.0
CATHEDRAL OF RAT,0,3,3,0.0
CBALOON,1,0,1,100.0
CEKC CO CTAPUKAMU,1,1,2,50.0
CEKTOP,0,5,5,0.0
CEM9_3EBCA,0,4,4,0.0
CEPLIK GANK,0,8,8,0.0
CEUTA,1,22,23,4.3
CH1LL GU1LD,5,15,20,25.0
CHATS FOUS,0,1,1,0.0
CHBB_SupBot,0,1,1,0.0
CHEAP CRAFT FORT STERLING,6,6,12,50.0
CHEAP CRAFT LYMHURST,0,14,14,0.0
CHILDER OF THE SUN,0,5,5,0.0
CHILL ROOM,29,20,49,59.2
CHILLBION,9,12,21,42.9
CHINOS FARMERS,0,1,1,0.0
CHITINCI,0,1,1,0.0
CHOK BLOK ROCK,0,6,6,0.0
CHOKOPAIKI,0,1,1,0.0
CHOPI,0,2,2,0.0
CHUB,24,7,31,77.4
CILGIN TURKLER,0,2,2,0.0
CLWN,1,14,15,6.7
CMEMCb,0,8,8,0.0
COCOA_fm,3,18,21,14.3
CODE EUGEN,1,0,1,100.0
COHLLE,0,2,2,0.0
COLDWOLF,1,5,6,16.7
COLEBblE MAMbl,0,1,1,0.0
COLLECTORS,0,6,6,0.0
COMPA,0,4,4,0.0
CONK BAYIRI,4,9,13,30.8
CONT1NENTAL,7,20,27,25.9
CONTEX,2,3,5,40.0
CORTEXIPHAN,2,2,4,50.0
COSA-NOSTRA,0,1,1,0.0
COSMOTE,51,45,96,53.1
CP Gooners,1,1,2,50.0
CRAFTERS SYNDICATE,0,1,1,0.0
CRASHBOYS,28,11,39,71.8
CRAZY_WANDERER,2,4,6,33.3
CRISGUN,35,118,153,22.9
CRU,0,3,3,0.0
CRYSTAL BATTLE EAGLE,1,8,9,11.1
CTA,21,5,26,80.8
CTF,7,0,7,100.0
CTFC,8,17,25,32.0
CTPAX,0,24,24,0.0
CTPAXA-HET,5,5,10,50.0
CUCKLORDS,5,10,15,33.3
CUM on Gankers Lips,40,34,74,54.1
CUM_SHOT,0,1,1,0.0
CZARNE CHMURY PL,2,14,16,12.5
Ca974Dalon,1,4,5,20.0
CaSpErBlAcK,0,16,16,0.0
CactusJack,3,4,7,42.9
Caerleon Bootleg Co,1,1,2,50.0
Caja Rural,1,1,2,50.0
Cali nr 1,0,1,1,0.0
Calm Trading Company,1,0,1,100.0
Camelott,0,3,3,0.0
Camypau,0,1,1,0.0
Canibals,3,18,21,14.3
Cape Dancers,83,102,185,44.9
CapiMastri,6,13,19,31.6
Capibara,32,45,77,41.6
Capitaliste,0,2,2,0.0
Cappuccino Assassino,27,74,101,26.7
Carapau Squad,35,10,45,77.8
CarbonMonoxide,1,3,4,25.0
Caribka,0,1,1,0.0
Carleon Blood Contract,40,31,71,56.3
Carleon Killers,0,2,2,0.0
Carleon squad,8,6,14,57.1
Carnage Incarnate,9,7,16,56.2
Carnival of Fun,1,0,1,100.0
Carpet Ninjas,8,27,35,22.9
Carry Me,0,4,4,0.0
Cartoon cat,0,1,1,0.0
Casa Negra,1,0,1,100.0
Cast Aways,7,14,21,33.3
Casterly Rock,0,1,1,0.0
CastleBlack,2,3,5,40.0
Catgdom,1,6,7,14.3
Catharsis,1,0,1,100.0
Catnip_Tea_Party,9,6,15,60.0
CattelloLor,0,1,1,0.0
Cazadore,0,1,1,0.0
Celestial Emperia,0,3,3,0.0
Celik Bilek,0,4,4,0.0
Celtic,1,27,28,3.6
Cenetten Kovulanlar,0,1,1,0.0
Centaurus Proxima,1,3,4,25.0
Chafing The Nightmare,3,1,4,75.0
Chagatai,1,1,2,50.0
Chai for you,0,3,3,0.0
Challenge,0,1,1,0.0
Champ,5,10,15,33.3
Champions of Elysium,7,7,14,50.0
Chance,1,3,4,25.0
Chaos Boys,0,2,2,0.0
Chaos Coalition,11,36,47,23.4
Chaos Terror,14,30,44,31.8
Chasseurs de Bridgewatch,0,1,1,0.0
Chebra,5,3,8,62.5
Check-Mate,0,1,1,0.0
Cheery,0,4,4,0.0
Cheese Vendor,1,2,3,33.3
Chertog,4,11,15,26.7
Cherusker,1,2,3,33.3
Chest1CJle3bl,5,5,10,50.0
Chevaliers,0,1,1,0.0
Chicken Aid,0,8,8,0.0
Chicken Tikka Masala,4,2,6,66.7
Chiki-Chaki,0,1,1,0.0
Child of Darkness,3,20,23,13.0
Child of Light,0,1,1,0.0
Child of Storm,4,12,16,25.0
ChildNight,0,1,1,0.0
Children of Dawn,0,3,3,0.0
Children of Light,0,1,1,0.0
Children90,1,2,3,33.3
ChillPPL,1,0,1,100.0
Chill_Z0NE,1,4,5,20.0
Chinauo,0,5,5,0.0
Chinazes,12,4,16,75.0
Chiquillos,0,3,3,0.0
Chlew,2,1,3,66.7
Choco,0,1,1,0.0
Chocolate Bullion,0,3,3,0.0
Choppers,6,5,11,54.5
Chosen,3,2,5,60.0
ChosenOnes,7,8,15,46.7
Christian Gaming Monastery,0,1,1,0.0
Chugun,1,4,5,20.0
Cimmeria,3,13,16,18.8
Cinema,1,5,6,16.7
Circle Of Chaos,1,1,2,50.0
Citadel of Hope,0,3,3,0.0
Ciucas,1,1,2,50.0
Clan Kryze,0,1,1,0.0
Clan Lavaca Saturnita,0,1,1,0.0
Clappers,0,3,3,0.0
Clean Execution,0,2,2,0.0
Clean Kill,276,230,506,54.5
Click-Clack-Boom,1,3,4,25.0
ClownSquad,0,1,1,0.0
Club BTLX,0,1,1,0.0
Coco4kuRUS,4,9,13,30.8
CoffeeTime,9,18,27,33.3
Collectif Ouroboros,1,3,4,25.0
Collective Consciousness,0,1,1,0.0
CollectorsUA,1,22,23,4.3
Comedy,0,6,6,0.0
Comfortik,0,1,1,0.0
Common Pests,0,4,4,0.0
Commune,1,7,8,12.5
Companions of the Wind,0,2,2,0.0
Complete idiots,1,2,3,33.3
Conejito fiu fiu,0,1,1,0.0
ConquerorS TR,0,1,1,0.0
Conquista y Siesta,40,26,66,60.6
Constellation of Dragons,2,1,3,66.7
Constellations,0,1,1,0.0
Contingent,403,157,560,72.0
CookingMan,0,2,2,0.0
Cool Beavers,1,0,1,100.0
Core,0,3,3,0.0
Corrupted Hub,4,0,4,100.0
Corsaire Ecarlate,3,8,11,27.3
Cortisol Farmer,1,8,9,11.1
Cossacks,0,1,1,0.0
Cotton Field,0,1,1,0.0
CottonManufactors,0,2,2,0.0
Council,13,24,37,35.1
County of Poland,0,2,2,0.0
Couple of Zeroes,1,0,1,100.0
Covenant of the Sun,0,1,1,0.0
Cow field,182,63,245,74.3
Cr1nge,1,11,12,8.3
Crack,0,3,3,0.0
Craft Kingdom,8,5,13,61.5
Craft Sex,0,1,1,0.0
Crazy Bastards,1,0,1,100.0
CrazyBear,1,7,8,12.5
CrazyFarm,1,3,4,25.0
Crazy_time,0,2,2,0.0
Creampie Brawlers,0,1,1,0.0
Crescendo,176,86,262,67.2
Crescent,4,0,4,100.0
Crescent Syndicate,1,2,3,33.3
Crest of the Burning Crown,0,1,1,0.0
Crestavia,1,3,4,25.0
Crestfall Guard,3,1,4,75.0
Cretaryx,1,0,1,100.0
Crimson FAQ,0,3,3,0.0
Crimson Serpent,6,19,25,24.0
Crimson Sun,8,34,42,19.0
Crimson Vanguard,2,8,10,20.0
Crimson Warband,0,2,2,0.0
Cringe Life,0,1,1,0.0
CringeLords,4,30,34,11.8
Critical,202,156,358,56.4
Crowned Ganker,2,3,5,40.0
Crowned Monkeys,4,20,24,16.7
Crownfield,1,2,3,33.3
Crumbs,12,6,18,66.7
Crusade of the Bloody Legion,6,10,16,37.5
Cruzados,1,0,1,100.0
Crystal Army,2,8,10,20.0
Crystal Order,0,4,4,0.0
Cucumbers,3,19,22,13.6
CukCoK,0,5,5,0.0
Cult of Hydra,2,15,17,11.8
Cursed Twilight Dominion,0,2,2,0.0
Cute Gawkers,4,5,9,44.4
Cwazy,33,33,66,50.0
Cyber Cats,16,36,52,30.8
CzeCo,0,2,2,0.0
D E A T H C O R E,2,7,9,22.2
D E E P,12,5,17,70.6
D Panas,1,8,9,11.1
D R A U G R,32,21,53,60.4
D Y N A S T Y,2,1,3,66.7
D-I-S-B-A-N-D,19,7,26,73.1
D0NT CRY,0,1,1,0.0
DADADADADADADADADDADADADADA,0,1,1,0.0
DAGI,0,1,1,0.0
DARK KNIGHT,0,7,7,0.0
DARK-SIDE,1,4,5,20.0
DARKandDARK,0,12,12,0.0
DAY and NIGHT,0,1,1,0.0
DCP,1,0,1,100.0
DEAD HATE,0,1,1,0.0
DEATH,1,9,10,10.0
DEATH HANDS,0,2,2,0.0
DEATHCLAW,2,2,4,50.0
DEEPSAUSE,2,4,6,33.3
DELETED,135,23,158,85.4
DEMON MOONS,0,1,1,0.0
DESATRANQUES JAEN,0,3,3,0.0
DESTINO,0,1,1,0.0
DETROIT LOGISTICS GROUP,2,6,8,25.0
DEVIL FRUIT USERS,2,1,3,66.7
DEVILS_D,0,3,3,0.0
DGKM,0,1,1,0.0
DGL Elite knight,2,7,9,22.2
DIABLITOS_NEGROS,0,1,1,0.0
DIABLOS NEGROS,2,8,10,20.0
DIGITAL CRUSADERS,1,4,5,20.0
DIREWOLVES,1,1,2,50.0
DIRTY GHETTO KIDS,0,1,1,0.0
DIS Grind,0,3,3,0.0
DISTORTION,1,7,8,12.5
DLG,0,2,2,0.0
DLUGOLEKA,7,11,18,38.9
DMDK,0,2,2,0.0
DO NUT,169,162,331,51.1
DOC,11,3,14,78.6
DODO GANK GIRL,1,2,3,33.3
DOGGIES,0,1,1,0.0
DOMBAY,2,3,5,40.0
DOMINANCE,3,12,15,20.0
DOMUS RISUS,0,3,3,0.0
DONEDEAL,0,1,1,0.0
DONT CRY GANKER,8,4,12,66.7
DONT CRY MF,0,1,1,0.0
DONTshoot,0,3,3,0.0
DOOR DOOM,0,1,1,0.0
DOTERY,7,6,13,53.8
DRAG0NS,1,7,8,12.5
DRAGON KINGs,1,1,2,50.0
DRAGONBORNES,0,1,1,0.0
DRAMA-FREE,2,11,13,15.4
DRUG CARTEL,1,0,1,100.0
DSQ,0,1,1,0.0
DURACELL,7,1,8,87.5
DUREX,1,0,1,100.0
DURXATA,2,1,3,66.7
DUSH-IBRIZLANZ AZAGHAL,0,6,6,0.0
DVX,2,4,6,33.3
DZ GUILD,3,5,8,37.5
DaBro,1,18,19,5.3
DaPoX,6,6,12,50.0
Daarh,1,2,3,33.3
Daedras Fang,0,2,2,0.0
Daemmerbund,0,3,3,0.0
Daemonium KeepEnjoyers,0,1,1,0.0
Dahre,2,3,5,40.0
Daisho Rojo,17,68,85,20.0
DalneBostoshniki,2,8,10,20.0
Dalniy_Vostok,0,1,1,0.0
Damage Check,7,4,11,63.6
Damnificatia,43,161,204,21.1
Dangeon Masters,1,7,8,12.5
DangerZone,2,7,9,22.2
Danish Dynamite,5,5,10,50.0
Dans le Placard,1,6,7,14.3
DaraVur,83,38,121,68.6
Dark Aesir,16,51,67,23.9
Dark Foxes,1,1,2,50.0
Dark Guards,1,0,1,100.0
Dark Horns,1,8,9,11.1
Dark Hours,0,3,3,0.0
Dark Lions - DLS,42,20,62,67.7
Dark Shadow,39,26,65,60.0
Dark Spirits,2,10,12,16.7
Dark System Boss,0,4,4,0.0
Dark Templar,2,0,2,100.0
Dark Wolfs,0,3,3,0.0
Dark kingdom chaos,1,2,3,33.3
Dark of the elves,1,1,2,50.0
Dark wolves,14,19,33,42.4
DarkBlak,0,5,5,0.0
DarkCat,0,2,2,0.0
DarkConsul,0,2,2,0.0
DarkFusion,0,1,1,0.0
DarkHarvest,0,4,4,0.0
DarkHouse,1,5,6,16.7
DarkKindoms,0,2,2,0.0
Darknesss,0,1,1,0.0
Dawn,3,13,16,18.8
DawnOfPandora,0,1,1,0.0
Dawnblade clan,0,3,3,0.0
Day to Die,2,7,9,22.2
DayIndustry,0,2,2,0.0
DeN,0,4,4,0.0
Dead Pride,0,1,1,0.0
Dead Rabbit,4,6,10,40.0
Dead Sould Albion,0,1,1,0.0
Dead-End,0,1,1,0.0
DeadVerse,0,3,3,0.0
Deadly Fenix,1,3,4,25.0
Deal or Die,0,1,1,0.0
Death Dealers Club,2,36,38,5.3
Death Fraud,1,5,6,16.7
Death Pirates,0,1,1,0.0
Death in poverty,2,38,40,5.0
Death-bombers,1,4,5,20.0
DeathSiN,0,1,1,0.0
DeathWhisper,4,29,33,12.1
DeathiviWarriors,0,6,6,0.0
Deathless,1,17,18,5.6
Debauchery_Tea_Party,1,4,5,20.0
Debtors,1,0,1,100.0
Decayed,0,1,1,0.0
Ded Mon,0,1,1,0.0
Deep Rock Inc,0,1,1,0.0
Deep Sea Warriors,0,2,2,0.0
Deepseek,4,12,16,25.0
Defiant,0,2,2,0.0
Del Teide,0,2,2,0.0
Deleted Guild,0,2,2,0.0
Deletis,0,1,1,0.0
Delicious in Dungeon,34,46,80,42.5
Delmasian,0,5,5,0.0
DemanSIR,0,1,1,0.0
Dementia,6,1,7,85.7
Democratian Boys,0,1,1,0.0
Demoniaqe,0,1,1,0.0
Demonic_gorilla66,3,6,9,33.3
Demonsknight,0,7,7,0.0
Departamentu de Betivi Notorii,1,4,5,20.0
Deporte en Porte,26,19,45,57.8
Der Eiserne Bund,0,2,2,0.0
Der Poebel,4,10,14,28.6
Dernier Requiem,0,4,4,0.0
Descent D Madness,0,3,3,0.0
Desert Bears,0,1,1,0.0
Desert Eagles,0,2,2,0.0
Desert Monkeys,1,2,3,33.3
Desine et Morieris,29,26,55,52.7
Destined For Glory,4,7,11,36.4
Destroyers of Destiny,11,34,45,24.4
Deus Vult,0,6,6,0.0
DeusVultEXE,2,2,4,50.0
Deutsche freunde,0,2,2,0.0
DevilsCape,2,5,7,28.6
Devout Knights of Helios,0,1,1,0.0
Diablo Hellcats,23,37,60,38.3
Die BroKies,2,11,13,15.4
Die Content Blocker,2,23,25,8.0
Die Gummibraenbande,0,1,1,0.0
Die Killerkanickel,0,1,1,0.0
DieLuebeckerHanse,4,12,16,25.0
Diecezja,2,2,4,50.0
DigHAUHAU1000,3,2,5,60.0
Dignity Of War,6,33,39,15.4
Dinomir,0,3,3,0.0
Dirt,1,1,2,50.0
DirtyParadise,0,1,1,0.0
Disco Elysium,0,2,2,0.0
Disconnect,36,51,87,41.4
Dispatch,0,6,6,0.0
Divide Et Ipera,6,5,11,54.5
Division,0,1,1,0.0
Division of Death,1,1,2,50.0
Djinn Hunters Association,0,1,1,0.0
DlsTeam,0,3,3,0.0
DoRatUs,0,1,1,0.0
Dobbi,1,20,21,4.8
Dobrodruh,0,5,5,0.0
Docendo Deus,0,1,1,0.0
Dodge me,0,2,2,0.0
Dodo King,4,11,15,26.7
Dogs Slayers,3,9,12,25.0
Dolce Gabbana,1,7,8,12.5
Dollex,7,14,21,33.3
Domhain Chasm Custom,0,3,3,0.0
Dominion of Plague,0,1,1,0.0
Dominoes,0,1,1,0.0
Don Pollo,0,2,2,0.0
Donjons et Pognons,0,1,1,0.0
Donkeys Of Destroyer,0,1,1,0.0
Dont Kill Mi Pleasee,0,2,2,0.0
Dont Loot Us,0,1,1,0.0
DontCryy,0,1,1,0.0
DontNeedYou,54,71,125,43.2
Doom Lord,1,1,2,50.0
Doomsheep,1,22,23,4.3
Doping Limited,0,3,3,0.0
Doro Party,7,10,17,41.2
Dos neuronas T4,0,2,2,0.0
DoslarKirathanesi,0,3,3,0.0
Dost Meclisi,11,20,31,35.5
Doubloon Perditus,4,16,20,20.0
Download,0,3,3,0.0
DraGonGods,10,47,57,17.5
Dragneel,4,9,13,30.8
Dragon King,4,39,43,9.3
Dragon Lair,0,6,6,0.0
Dragon Master,1,13,14,7.1
Dragon Sokol,0,2,2,0.0
Dragon Wing,1,1,2,50.0
DragonQueen,0,1,1,0.0
DragonTrainers,0,1,1,0.0
Dragoons,24,68,92,26.1
Drakarys,2,3,5,40.0
Dramaturgia,0,1,1,0.0
Dreaded Gankers,0,4,4,0.0
Dreadroot Covenant,1,0,1,100.0
Dream Team GG,0,1,1,0.0
DreamWorks,0,1,1,0.0
DrindegUA,0,2,2,0.0
Drums Of Wars,0,3,3,0.0
Drunk Gentlemen,0,1,1,0.0
DrunkenPirates,4,37,41,9.8
Dryads,0,2,2,0.0
Dryud 4mo,0,3,3,0.0
Dtame,1,0,1,100.0
Duab,6,14,20,30.0
Dumb-courage,0,1,1,0.0
Dumbas,0,1,1,0.0
Dumper and Bumper,0,1,1,0.0
Dune Ore Processing Company IL,2,9,11,18.2
Dungeon Delvers,3,1,4,75.0
Dungeon Delvers Inc,0,1,1,0.0
Dungeon Enjoyer,1,4,5,20.0
Dungeon Enjoyers,4,4,8,50.0
Dungeon Slayers,16,67,83,19.3
Dunhill,1,0,1,100.0
Duo Leveling,1,1,2,50.0
Duo Mortem,1,3,4,25.0
Durins Folk,5,4,9,55.6
Dusk Fall,1,1,2,50.0
Dusk Till Dawn,1,5,6,16.7
Dutch Chaos,25,29,54,46.3
Duty Free,0,1,1,0.0
Dynastia Egiptu,15,37,52,28.8
Dzbany,1,3,4,25.0
Dzels,2,5,7,28.6
Dzhabrail,0,1,1,0.0
Dzikie Knury,0,1,1,0.0
E H O T,143,125,268,53.4
E L I T E,126,155,281,44.8
E M P,2,8,10,20.0
E R E B 0 R,4,8,12,33.3
E U P H O R I A,100,43,143,69.9
E U R O P E,1,5,6,16.7
E X E R C I T U S,5,20,25,20.0
E2-E3,0,1,1,0.0
EAGLE SQUAD,9,16,25,36.0
EBAHbIE_PVE_RAKI,0,9,9,0.0
EBASHER,0,1,1,0.0
EBENGRAD,9,27,36,25.0
EBI-DOEBI,0,1,1,0.0
EBON BLADE,0,1,1,0.0
EDELER,0,5,5,0.0
EDEN HALL,0,1,1,0.0
EEEEEEEEEEEEEEEEEEEEEEEE,2,0,2,100.0
EINHERJERNE,2,5,7,28.6
EIROPART,1,7,8,12.5
EKIPS,0,2,2,0.0
EL BLOKE,1,0,1,100.0
EL COLMILLO 23,4,40,44,9.1
EL Zababra,0,3,3,0.0
ELATTAR,0,2,2,0.0
ELDERS,2,6,8,25.0
ELDORADO,0,1,1,0.0
ELEPHANTS,0,2,2,0.0
ELVEN Echo,6,3,9,66.7
ELYSSIUM X,68,52,120,56.7
EMBER HAWKS,0,3,3,0.0
EMPIRE152,0,1,1,0.0
END DOT,0,1,1,0.0
ENERGY_VHQ,0,2,2,0.0
ENOTZADROT,0,4,4,0.0
ENOUGH TO JUDGE LOW PLAYERS,0,2,2,0.0
ENVIS,0,1,1,0.0
EPHEMERALITY,0,5,5,0.0
EQMS,270,275,545,49.5
ERASED,2,8,10,20.0
ERATHIA,0,11,11,0.0
EREDI-DELL-OSCURITA,2,4,6,33.3
EREMTI,0,2,2,0.0
ERMAK,0,1,1,0.0
ERO,4,12,16,25.0
ES H T B A K,1,4,5,20.0
ES2E,0,6,6,0.0
ESCANOR_N1,0,1,1,0.0
ESHOL,0,4,4,0.0
ETERNAL CRAFTERS,0,1,1,0.0
ETERNAL UNITY-TR,0,1,1,0.0
ETHEREAL LEGION,5,2,7,71.4
EU Federation,9,8,17,52.9
EURO,2,6,8,25.0
EVER FALL,0,2,2,0.0
EVIL SKY,1,12,13,7.7
EWENEMENT,7,30,37,18.9
EX0DUS,1,1,2,50.0
EXALION,0,3,3,0.0
EXCOBAR,0,3,3,0.0
EXODIAA ODRODZENIE,0,1,1,0.0
E_C_L_I_P_S_E,9,23,32,28.1
Eagle Team,0,3,3,0.0
EagleFang,0,1,1,0.0
Earth Defenders,2,11,13,15.4
EasyLeveling,0,2,2,0.0
Eath of Exile,0,1,1,0.0
Ebanfall,101,92,193,52.3
Eccentrics,4,2,6,66.7
Echoes of Souls,1,2,3,33.3
Eclipse Order,40,65,105,38.1
Eclipse of Eternity,0,4,4,0.0
Economic boars,17,49,66,25.8
Edge of the dice,0,1,1,0.0
EdgeRunner,0,1,1,0.0
Ego players,1,0,1,100.0
Egoist,6,38,44,13.6
Egypt kings,0,4,4,0.0
Egypt-elta3mya,0,2,2,0.0
EightFours,299,126,425,70.4
Eikon,17,6,23,73.9
Einherjiarr,7,33,40,17.5
Eiswatch,1,1,2,50.0
Ekipa Filmowa,0,5,5,0.0
Ekipa Remontowa,2,4,6,33.3
El 3raby,0,1,1,0.0
El Barril Borracho,30,76,106,28.3
El Fuego Negro,5,12,17,29.4
El Gremio,1,6,7,14.3
El Tercer Sello,3,7,10,30.0
El2ANEEQ House,0,1,1,0.0
ElClani,0,1,1,0.0
ElFamily,2,3,5,40.0
Eldenski Krag,2,7,9,22.2
Elder Army,0,2,2,0.0
Electronic Wave,0,12,12,0.0
Elendar,0,1,1,0.0
Elevat1on,11,30,41,26.8
Elisium,6,37,43,14.0
Elit3,4,11,15,26.7
EliteRU,0,3,3,0.0
EliteX,0,1,1,0.0
Elixir,1,4,5,20.0
Elka Tavern,0,1,1,0.0
Elledia,3,9,12,25.0
Elpest,0,1,1,0.0
Elusive Avengers,9,23,32,28.1
ElysianMages,0,4,4,0.0
Emberfire,0,1,1,0.0
Emberhold,0,1,1,0.0
Emerald Raven,8,6,14,57.1
Emeryci i Rencisci,0,6,6,0.0
Emperor-s Lions,1,2,3,33.3
Empire,1,1,2,50.0
Empire Black Raven,7,14,21,33.3
Empire Britannia,0,11,11,0.0
Empire Guild,0,2,2,0.0
Empire Hordovia,0,2,2,0.0
Empire of Hell,6,62,68,8.8
Empirium League,22,44,66,33.3
En Slibard ou Rien,0,1,1,0.0
EnHa,1,0,1,100.0
Enchantment of Infinity,0,2,2,0.0
Endless Nightmare,3,16,19,15.8
Enemy Syndicate,19,28,47,40.4
Enjoyers,3,10,13,23.1
Enklawa,0,1,1,0.0
Enslave,0,1,1,0.0
Entertejment,1,1,2,50.0
Entity,11,37,48,22.9
Epstein Files,1,0,1,100.0
Epstein Tayfa,1,1,2,50.0
Equitalion,0,4,4,0.0
Erdtree,1,0,1,100.0
ErgenokonTR,0,1,1,0.0
ErregeAK,0,1,1,0.0
Escuadron Suicida,12,74,86,14.0
Eshfold,2,5,7,28.6
Espada-ESPD,0,4,4,0.0
Eternal,33,12,45,73.3
Eternal Ban,0,9,9,0.0
Eternal Citadel,2,12,14,14.3
Eternal Conflict,0,4,4,0.0
Eternal Darkmoon,5,4,9,55.6
Eternal Hunt,4,22,26,15.4
Eternal Little Ones,3,3,6,50.0
Eternal laughter,2,15,17,11.8
Eternal snake,0,1,1,0.0
Eternal to beer,2,0,2,100.0
Eternal-Dawn,3,14,17,17.6
Eternal_United,0,1,1,0.0
Ethereal,18,46,64,28.1
Ethereal Crusaders,0,8,8,0.0
Ethernium,2,13,15,13.3
Etoile,4,4,8,50.0
Eulenwacht,4,17,21,19.0
EuroHunter,11,32,43,25.6
Eurocalvos,1,4,5,20.0
Europe League,0,5,5,0.0
Euskadi ta Askatasuna,0,9,9,0.0
Eutanazja,0,1,1,0.0
Evergather,0,3,3,0.0
Everglyph,1,0,1,100.0
Evergreen Moose,1,1,2,50.0
EveryDayGrind,0,1,1,0.0
Eviction,3,21,24,12.5
Evil All on Black,1,2,3,33.3
Evil Corporation,0,1,1,0.0
Evil Here,1,0,1,100.0
Evil Presence,0,5,5,0.0
Evils Eyes,2,2,4,50.0
Ex N1hilo,8,11,19,42.1
Ex Umbra,3,2,5,60.0
Exceed,0,5,5,0.0
Execute,1,7,8,12.5
ExiIium,5,8,13,38.5
Exile,4,6,10,40.0
Exodia,0,2,2,0.0
Experienced Ones,0,3,3,0.0
Extreme Gaming,5,6,11,45.5
Eye of the sun,0,2,2,0.0
Eyes Wide Shut,2,1,3,66.7
F A M E,0,1,1,0.0
F I S T,9,6,15,60.0
F O R T,0,1,1,0.0
F R E A K S,22,33,55,40.0
F U R 1 O Z A,1,1,2,50.0
F-A-T-A-L-I-T-Y,1,8,9,11.1
F2I,0,1,1,0.0
F3MNKI,0,1,1,0.0
FABRYKA MARZEN,1,2,3,33.3
FACTUM,2,3,5,40.0
FAIL,0,2,2,0.0
FAME NERA,13,44,57,22.8
FAMILIA ES TODO,76,55,131,58.0
FAMILY OF HEFAJSTOS,77,103,180,42.8
FAR2NA,0,8,8,0.0
FASADCHEKI,2,13,15,13.3
FBI,66,69,135,48.9
FBl,24,39,63,38.1
FC Bolschevic,0,1,1,0.0
FEARLEES,0,1,1,0.0
FER DE LANCE,0,9,9,0.0
FETA Corporation,0,6,6,0.0
FEYZ,1,4,5,20.0
FIGHT KLUB,10,3,13,76.9
FINAL VEIL,4,13,17,23.5
FINIK,0,1,1,0.0
FINSTACK,0,2,2,0.0
FISH CLUB,2,0,2,100.0
FISH LEND,0,1,1,0.0
FOR SOLO PLAYERS NO TAX,38,31,69,55.1
FOREST NEST,3,49,52,5.8
FORT DARKNESS,0,2,2,0.0
FORT LEGIONNAIRES,1,7,8,12.5
FOUR-LEAF__ClOVER,0,1,1,0.0
FOV DID,0,1,1,0.0
FRAMER SPEIN,0,3,3,0.0
FREAKI,0,1,1,0.0
FREEDOM E M P I R E,0,1,1,0.0
FREEDOMZ,7,12,19,36.8
FRENADOL,2,1,3,66.7
FRIK0ldELCI,2,10,12,16.7
FROSTSURGE,35,33,68,51.5
FRex,0,6,6,0.0
FUNders_Inc,0,3,3,0.0
FUNtastic creatures,1,5,6,16.7
FURY of HUNS,0,3,3,0.0
FaRMeRbl,0,3,3,0.0
Faction Guild,77,136,213,36.2
Factorium,3,7,10,30.0
Fadahaga,0,5,5,0.0
Fading Echo,26,84,110,23.6
Fairies Winx,1,0,1,100.0
Fairy - Tail,0,4,4,0.0
Fairy Tail,2,1,3,66.7
Falkenbach,1,0,1,100.0
Fall,15,32,47,31.9
Fall Send,3,1,4,75.0
Fallen Angels,2,5,7,28.6
Fallen Bros,6,4,10,60.0
Fallen Knights,3,13,16,18.8
FamRaily,0,2,2,0.0
Fancies Drugged Raccoons,0,3,3,0.0
FarmerBros,7,5,12,58.3
Farmes,0,1,1,0.0
Farmia,1,1,2,50.0
FatFingers,6,1,7,85.7
Fatalities,1,2,3,33.3
Fates Keepers,7,37,44,15.9
Fatherland,0,1,1,0.0
Fatum Imperium Reborn,2,22,24,8.3
Faza,0,7,7,0.0
Fear The Reaper,3,6,9,33.3
Fear of The Gods,12,10,22,54.5
Febites Opavun,1,6,7,14.3
Feierabend Gesellschaft,0,1,1,0.0
Fellagha,0,3,3,0.0
Femboy Orden,12,29,41,29.3
Ferrin,4,25,29,13.8
Fiebs Baelleparadies,0,1,1,0.0
Fight Club,8,13,21,38.1
Fight Clvb,0,2,2,0.0
FigurA,2,10,12,16.7
Filotimo,6,35,41,14.6
Final Authority,0,2,2,0.0
Finess,0,4,4,0.0
Fion and Fiak,0,1,1,0.0
Fiorenza,1,0,1,100.0
Fire Hawks,3,6,9,33.3
Firma,0,1,1,0.0
Fish And Potatoes,0,6,6,0.0
Fish Lovers,23,7,30,76.7
Fish n Beer,0,1,1,0.0
Fissa boys,12,15,27,44.4
Fist Oncoming,4,2,6,66.7
FiuFiu,4,2,6,66.7
Flame of Fate,2,16,18,11.1
FlameWalkers,1,9,10,10.0
Flamenco Fury,0,1,1,0.0
Flaming Fist,0,1,1,0.0
FlexA1r,0,8,8,0.0
Flock Of Birds,1,2,3,33.3
Flokkr,0,1,1,0.0
Florest,2,3,5,40.0
Fluffy Panda,42,122,164,25.6
Focus Healer,5,3,8,62.5
Focused,2,8,10,20.0
Foedus Ultimum,16,33,49,32.7
Follow The Crown,127,217,344,36.9
Food OC,77,81,158,48.7
For the North,7,22,29,24.1
ForGaa,1,15,16,6.2
Forajidos,16,64,80,20.0
Forbidden MONKEY,5,3,8,62.5
ForceUp,7,13,20,35.0
Forest_strike,0,5,5,0.0
Forge of Battles,3,10,13,23.1
ForgeX,0,2,2,0.0
ForgivenTR,0,1,1,0.0
Forgot OC,0,2,2,0.0
Forgotten Realm,0,5,5,0.0
Formidable Axolotls,3,5,8,37.5
Formula 1,0,1,1,0.0
Fort Defenders,32,77,109,29.4
Fort Faction,8,5,13,61.5
Fort Sterling,1,0,1,100.0
Fort Sterling FRK,0,1,1,0.0
Fort Sterling Militia,0,3,3,0.0
Fort sterling Squad,4,6,10,40.0
Fortexa,0,1,1,0.0
Fortunes wrath,1,8,9,11.1
Foursaken,0,1,1,0.0
Fov_squad,1,1,2,50.0
Fox Nest,0,1,1,0.0
Foxy Corner,0,5,5,0.0
Foxy Team,0,1,1,0.0
Foz do Arelho,4,13,17,23.5
FragNation,2,3,5,40.0
Frakcjesegram,1,3,4,25.0
Fraternity Alliance,1,3,4,25.0
Fredoom,9,31,40,22.5
Free Bacon,4,4,8,50.0
Freebooters,63,31,94,67.0
French Charism,1,1,2,50.0
French Debuff,1,1,2,50.0
French Empire,0,1,1,0.0
Frenzy and Fury,1,8,9,11.1
FriendsGroup,0,2,2,0.0
Frii,0,1,1,0.0
Frizonia,0,1,1,0.0
Frogs From Thetford,20,31,51,39.2
FromDuskTillDawn,20,6,26,76.9
Frontline Division,12,20,32,37.5
Frost_Mourne,0,5,5,0.0
Frostborne,54,125,179,30.2
Frostwood,0,1,1,0.0
Frozen Bones,1,7,8,12.5
FrozenFire,0,3,3,0.0
Fucking Circus,3,5,8,37.5
FuddleWuddle,1,1,2,50.0
Fuego,145,93,238,60.9
Fuego Griego,0,3,3,0.0
Fuego Sagrado,1,15,16,6.2
Full Journal,0,6,6,0.0
Full Party War,5,30,35,14.3
Full Push,135,73,208,64.9
Full Rage,0,1,1,0.0
FullLootFullCry,1,2,3,33.3
FullTilt,1,2,3,33.3
FunP1ayers,0,1,1,0.0
Funeral,7,9,16,43.8
Furia de Dragones,1,2,3,33.3
Fury of Avalon,0,1,1,0.0
FutuRama,5,15,20,25.0
G A C O R,1,8,9,11.1
G A L A H E I M E R,9,9,18,50.0
G A Z I L I O N D O L L A R S,0,4,4,0.0
G GG,4,1,5,80.0
G O L D E N A R M Y,3,5,8,37.5
G U I D E S,16,28,44,36.4
G-A-N-K,1,5,6,16.7
G0D BL3SS,1,10,11,9.1
G1dra,0,6,6,0.0
G2H,10,59,69,14.5
G2R,0,2,2,0.0
G2U,432,304,736,58.7
G4NG,0,2,2,0.0
GA THE ENGAGE,3,5,8,37.5
GACHI MYCHI,0,1,1,0.0
GACHI PATY,0,3,3,0.0
GADDAR,0,3,3,0.0
GAN,0,4,4,0.0
GANG BANG MZFK,2,2,4,50.0
GANG OF MONKEYS,1,0,1,100.0
GANGULIKI2,1,2,3,33.3
GANKER SYNDICATE,0,3,3,0.0
GARADOK,1,1,2,50.0
GARIKmens,0,1,1,0.0
GATHER X GANKER X INDO,0,1,1,0.0
GATHERERS OF POWER,0,2,2,0.0
GATHERING X REFINER X CRAFTER,1,2,3,33.3
GATHERIST,1,13,14,7.1
GAY DRO4KA,0,1,1,0.0
GAZers,1,0,1,100.0
GETKILL,0,1,1,0.0
GFB,0,1,1,0.0
GGEASY,0,1,1,0.0
GGGS,0,1,1,0.0
GHOSTSs,1,0,1,100.0
GHOSTx,0,1,1,0.0
GITY,0,5,5,0.0
GIVERS OF DEATH,0,3,3,0.0
GLD,3,12,15,20.0
GLI STIRATI,0,2,2,0.0
GLINOMESS,1,0,1,100.0
GLOVO,48,65,113,42.5
GM-Community,1,2,3,33.3
GO SIDE,4,3,7,57.1
GOD of Farmer,0,1,1,0.0
GODS OF WAR,3,19,22,13.6
GODSMACK,20,52,72,27.8
GOK TURKLER,1,1,2,50.0
GOKTURK ORDASI,0,2,2,0.0
GOLDEN_FNIX,0,3,3,0.0
GOONERS NEVER CUM,1,0,1,100.0
GOOOOOOOOOOOOOOOOOL,0,2,2,0.0
GOOSE GOOSE DUCK,0,1,1,0.0
GOP,1,3,4,25.0
GORILLAZ,129,170,299,43.1
GORILLAZ GYM,5,13,18,27.8
GRAILSEEKER,1,2,3,33.3
GRANTS,0,1,1,0.0
GREEK GODS,0,3,3,0.0
GREMIO VIENTO,0,1,1,0.0
GREMLINS,2,6,8,25.0
GRIB,1,6,7,14.3
GRIM HOST,0,2,2,0.0
GRUP YORUM,3,4,7,42.9
GRUZ 200,12,4,16,75.0
GRUZ300,0,3,3,0.0
GRiM_WeePeR,0,1,1,0.0
GS1905,6,8,14,42.9
GU3RR3R05 C4RM351,0,4,4,0.0
GUARDIAN WOLF,4,3,7,57.1
GUENONS,0,1,1,0.0
GZL All For Glory,0,2,2,0.0
GaHiTsU,1,5,6,16.7
Gabao,36,129,165,21.8
Gabella,16,6,22,72.7
Gachi Club,22,65,87,25.3
Gachi Gatherers,12,55,67,17.9
GachiBang,25,97,122,20.5
GachiLand,16,1,17,94.1
Gaiety,1,31,32,3.1
Galactic Empire,0,3,3,0.0
Gallia Rebellis,26,14,40,65.0
Gallous Knights,0,1,1,0.0
Game City Pro,1,2,3,33.3
Gamer Base,0,4,4,0.0
Gamer Club,2,10,12,16.7
Ganadaria,0,1,1,0.0
Gang Albioni,1,2,3,33.3
Gang Bez B,0,2,2,0.0
Gang Mafia,0,1,1,0.0
GangBang,2,5,7,28.6
Gank Banks,24,47,71,33.8
Gank Idama,3,22,25,12.0
Gank Squads,3,10,13,23.1
GankEmAll,2,0,2,100.0
Gankendos,5,2,7,71.4
GankersDSG,1,0,1,100.0
Ganralatal3alm,0,5,5,0.0
Gates of Darkness,0,2,2,0.0
Gateway to Heaven,0,3,3,0.0
Gather and Goon,1,1,2,50.0
Gatherers Tears,54,60,114,47.4
Gaulgauda,0,10,10,0.0
Gaunt,1,1,2,50.0
Gay_Party,1,2,3,33.3
Gayzer Pool,39,165,204,19.1
Gazoshnyki,1,0,1,100.0
Gears of Chaos,1,8,9,11.1
GejBuljasi,4,13,17,23.5
Gemp,2,4,6,33.3
Gemu,40,52,92,43.5
Genei_Ryodan,0,8,8,0.0
Generally Speaking,36,72,108,33.3
Genesis Kompany,57,80,137,41.6
GenkBeybi,0,1,1,0.0
Genshin Players,0,3,3,0.0
Gentelmens,1,4,5,20.0
Geo Gather,0,1,1,0.0
Geo_NEW,10,51,61,16.4
Gesteria,0,6,6,0.0
Get of my Lawn,2,2,4,50.0
Geyikli Gece,5,10,15,33.3
Ggang,0,9,9,0.0
Ghost army,0,1,1,0.0
Ghoul,0,1,1,0.0
GhoulRankSSS,0,1,1,0.0
Ghouls Land,1,0,1,100.0
Giants Gait,0,2,2,0.0
Gienas,1,3,4,25.0
Gildia Wedkarska,0,1,1,0.0
Ginger Boys,1,0,1,100.0
GitekSquad,1,2,3,33.3
Gladiators Helms,0,1,1,0.0
Gloria mundi,3,4,7,42.9
Glorify,37,87,124,29.8
Glory Beer,0,4,4,0.0
Glory Hole,0,1,1,0.0
Glory Hunters,0,8,8,0.0
Glory all,1,8,9,11.1
Glory to Lucifer,0,2,2,0.0
Gnom0Sexual,0,1,1,0.0
Gnomeland Security,2,0,2,100.0
Go Regear,1,1,2,50.0
GoCry,2,2,4,50.0
Goblins Den,0,1,1,0.0
God B,0,1,1,0.0
God Slayers,0,3,3,0.0
God of Apocalypse,0,1,1,0.0
God s Elect,0,1,1,0.0
GodOfSoldier,0,6,6,0.0
GodPvP,0,1,1,0.0
Gods of Death,8,9,17,47.1
Gods of the Worlds,0,1,1,0.0
Gofio y Sangre,2,13,15,13.3
Gog Et Magog,2,6,8,25.0
Going Critical,0,1,1,0.0
Going To Death,0,1,1,0.0
Gold Chest party,0,1,1,0.0
Gold Duchy,5,64,69,7.2
Gold Fox,0,2,2,0.0
Golden Dominion,4,23,27,14.8
Golden Gun,21,5,26,80.8
Golden Halcyon,0,1,1,0.0
Golden Kill,0,2,2,0.0
Golden Lions,1,3,4,25.0
Golden Lions X,0,1,1,0.0
Golden Monarchs,32,40,72,44.4
Golden Seekers,5,64,69,7.2
Golden Sunrise,1,4,5,20.0
Golden Trail,0,1,1,0.0
GoldenHeart,1,12,13,7.7
GoldenHorn,0,1,1,0.0
Golgari Army,3,6,9,33.3
Gondomarense,0,2,2,0.0
Gone bush,0,1,1,0.0
Gong Bangers,2,3,5,40.0
Good Booys,0,2,2,0.0
Good Hunters,4,21,25,16.0
Good morning,1,2,3,33.3
GoodBue,6,8,14,42.9
GoodHash Production,0,6,6,0.0
Goodberry,2,7,9,22.2
GoofyFatAssNibga,1,1,2,50.0
Googly Moogly,13,22,35,37.1
Goop Gorgers,0,1,1,0.0
Gopniks,1,0,1,100.0
GorkAndMork,5,5,10,50.0
GrandTeam,5,18,23,21.7
Graveborns,1,1,2,50.0
Graveyard Shift,0,9,9,0.0
Gray wolf,0,8,8,0.0
Gre4ka guld,1,0,1,100.0
GreatMing,14,30,44,31.8
GreaterFarmers,0,1,1,0.0
Greatest,2,2,4,50.0
Greedy Gremlins,7,6,13,53.8
Greek Hopletes,28,68,96,29.2
Green Hornet,4,17,21,19.0
Green Palace One,2,17,19,10.5
Green Rhine,2,12,14,14.3
Green Terror,0,2,2,0.0
GreenAvocados,1,1,2,50.0
GreenEmpire,5,21,26,19.2
GreenPass,0,1,1,0.0
Gremio de la lana,0,3,3,0.0
GremlinSSS,3,5,8,37.5
Grey Knights,49,41,90,54.4
Grey Wolf Dynasty,2,13,15,13.3
Griffin Empire,1,4,5,20.0
Grifons,0,5,5,0.0
Grimborn,1,1,2,50.0
Grimgar - Aventuras y Fantasia,31,72,103,30.1
Grimm Vangaurds,1,0,1,100.0
Grimveil Company,3,16,19,15.8
Grinder,0,1,1,0.0
GrizzlyGang,0,1,1,0.0
Grobnitsa Nazarik,0,13,13,0.0
Grods,23,10,33,69.7
Grrrrrrrrrrrrrrrrr,2,8,10,20.0
Grudgebringers,0,4,4,0.0
Grudolubs,0,14,14,0.0
Gruppo23,2,3,5,40.0
Gttliche Templer,0,5,5,0.0
Guardian AngeIs,0,1,1,0.0
Guardians HuB,3,21,24,12.5
Guardians of Oblivion,0,1,1,0.0
Guards of Lymhurst,1,0,1,100.0
Gubernators,3,7,10,30.0
Guerriers de Fer,36,61,97,37.1
Gugga Mugga,0,1,1,0.0
Guild,3,2,5,60.0
Guild Eyes,0,1,1,0.0
Guild Medok,10,2,12,83.3
GuildPotato149,0,1,1,0.0
GuildPotato1702,0,4,4,0.0
GuildPotato1706,1,0,1,100.0
GuildeVeBaton,0,1,1,0.0
Guilded,1,4,5,20.0
Guinness Draught,8,13,21,38.1
Gulyas Army,7,6,13,53.8
GumYdci,11,4,15,73.3
Gurren Lagann,1,4,5,20.0
Gypsies,0,1,1,0.0
H E L H E I M,7,6,13,53.8
H E L L,0,6,6,0.0
H O R I Z O N,19,17,36,52.8
H i d e O u t,7,12,19,36.8
H3R3CTOS COM3BACK,0,1,1,0.0
H4DES,12,9,21,57.1
HACECHADORES ENTIDAD MALIGNA,0,2,2,0.0
HACIENDA ALBION,5,4,9,55.6
HAKUCUUN,0,1,1,0.0
HALLI APTYPUK CYKU,0,2,2,0.0
HALUSINASYON,136,111,247,55.1
HANGOVER TR,0,2,2,0.0
HAPPY FORT STERLING DAY,1,2,3,33.3
HASHGERYA,2,0,2,100.0
HAYDUT,0,2,2,0.0
HAZAR,0,1,1,0.0
HC2E,0,1,1,0.0
HCE,0,1,1,0.0
HCE CLUB,0,1,1,0.0
HEART OF ALBION,0,1,1,0.0
HEIL SATAN,0,5,5,0.0
HEILUNG,0,2,2,0.0
HELL BRANCH TURKEY,4,20,24,16.7
HELL GATE,0,2,2,0.0
HELLENIC BROTHERHOOD,0,4,4,0.0
HELLOFGOD,0,3,3,0.0
HELME,0,3,3,0.0
HEM SERT HEM FUNNY,0,1,1,0.0
HEREDEROS DE LA NOCHE,0,4,4,0.0
HEREDEROS LEGACY,9,10,19,47.4
HERO-INFERNALS,0,4,4,0.0
HERONICS,1,3,4,25.0
HEXTECH,14,17,31,45.2
HI IAM MVP,15,43,58,25.9
HIGH GLANDEURS,26,11,37,70.3
HIJOS DEL ABISMO,0,1,1,0.0
HIPOXIA,1,1,2,50.0
HISTERIA,5,10,15,33.3
HIT EM UP,0,3,3,0.0
HIV,0,2,2,0.0
HOG HOG,2,3,5,40.0
HOLDERS OF HOPE,0,1,1,0.0
HOLLOW ECHOES,0,1,1,0.0
HOLY SAINTS,0,1,1,0.0
HORDA AXAYACATL,3,34,37,8.1
HORROCRUX,2,37,39,5.1
HORSESTEALERS,0,1,1,0.0
HOUNDS,1,4,5,20.0
HUBERT FIGHT CLUB,1,8,9,11.1
HUN_maKrelak,0,7,7,0.0
HUNite,0,3,3,0.0
HURRY UP,29,58,87,33.3
HWDP 60,0,2,2,0.0
Hace,4,4,8,50.0
Hacienda ESP,0,2,2,0.0
Haderuz,0,1,1,0.0
Hadid u Demm Malti,10,9,19,52.6
Hall 0f Fame,0,3,3,0.0
Halloween,5,11,16,31.2
HaloLaborerTest,0,1,1,0.0
Hammer Squad,1,1,2,50.0
Hamster Way,2,9,11,18.2
Hamsters Burrow,2,14,16,12.5
Hamsters and Farmers,2,2,4,50.0
Hancer,2,5,7,28.6
Hand Of Mercy,0,3,3,0.0
Handlarns Pripps 35,0,1,1,0.0
Happy_Friends,0,3,3,0.0
Hard To Be Good,0,1,1,0.0
Harp of the winds,0,1,1,0.0
HaslTeam,6,13,19,31.6
Hasmetly,18,5,23,78.3
Hawaii,3,5,8,37.5
Haxorz,0,1,1,0.0
Head Hunterss,1,1,2,50.0
HeadButt,17,12,29,58.6
Healers Killers Council,1,1,2,50.0
HeartLessss,0,2,2,0.0
Heaven Ascendants,0,1,1,0.0
Heavenly Bastion,0,2,2,0.0
Heavenward,1,2,3,33.3
Height,13,25,38,34.2
Helios Horses,0,5,5,0.0
Hell-wolves,3,17,20,15.0
HellBomb,5,6,11,45.5
Hellfire Club,8,17,25,32.0
Hellgard,1,6,7,14.3
Hellvity,7,9,16,43.8
Helpful Fairies,8,48,56,14.3
Helvete,13,5,18,72.2
Hemlock,2,0,2,100.0
Hemoglobin,2,3,5,40.0
Heralds of Kebab,12,7,19,63.2
Heralds of Nightfall,0,2,2,0.0
Heralds of Valhalla,299,206,505,59.2
Herederos del Vicio,9,38,47,19.1
Heretics,18,28,46,39.1
Hermandad_ De _Sangre,0,1,1,0.0
Hermit magician,0,3,3,0.0
Hero Corp,1,1,2,50.0
Heroes of Dragonbreath,1,9,10,10.0
HeroesCG,0,1,1,0.0
Hetmanship,4,7,11,36.4
Hg tim,1,1,2,50.0
Hidden Army,0,5,5,0.0
HideorDied,0,1,1,0.0
High IP Low IQ,1,5,6,16.7
High Quality Chambers,0,1,1,0.0
High-Toned,0,2,2,0.0
HighOctaneE110,0,5,5,0.0
Highland Mercenaries,0,2,2,0.0
Highlanders,5,7,12,41.7
Hightree Steep Gankers,0,3,3,0.0
Hijos del Caos,0,4,4,0.0
Hikari,0,1,1,0.0
Hikari Harvesters,1,4,5,20.0
Hiki zadrot,0,1,1,0.0
Himero,0,1,1,0.0
Hirvis Family,0,1,1,0.0
Hisyris,0,8,8,0.0
HlGERLAND,0,2,2,0.0
Hogs Riders,0,26,26,0.0
Hogwarts,0,1,1,0.0
Hol die Axt,0,9,9,0.0
Hold My Beer,0,1,1,0.0
Hollow Crypt,0,2,2,0.0
Hollow Vector,8,17,25,32.0
Holly War,0,3,3,0.0
Hollyworld,0,15,15,0.0
Holy Company,1,3,4,25.0
Holy Knights,0,3,3,0.0
Holy Rats,0,1,1,0.0
HolyCrew,5,10,15,33.3
Homeless shelters,0,3,3,0.0
Homesick Enjoyers,7,11,18,38.9
HomieCraft,0,1,1,0.0
HomoSAPI,0,1,1,0.0
Homokost,1,1,2,50.0
Honey Pie,24,66,90,26.7
Honorable Mention,4,3,7,57.1
Honorables,0,4,4,0.0
Hooli Corporation,0,1,1,0.0
Hopeless Romantic,22,5,27,81.5
HopiHopak,2,1,3,66.7
Hospitaller,2,1,3,66.7
Hot Dogs,0,1,1,0.0
House Apotheosis,1,18,19,5.3
House Cthulhu,0,1,1,0.0
House of the Rising Sun,0,3,3,0.0
HouseOfTargaryen0,1,20,21,4.8
House_Stark,0,1,1,0.0
How did I get your mom,1,0,1,100.0
Howadareid Boys,1,10,11,9.1
Howling Abyss,1,3,4,25.0
Hueter des Waldes,0,2,2,0.0
HufflePuff,0,1,1,0.0
Humanity,77,67,144,53.5
Humble,83,49,132,62.9
Hungarian Economy,1,2,3,33.3
Hungry Jackals,0,1,1,0.0
Hunt And Fish,0,1,1,0.0
Hunt1,0,2,2,0.0
Hunters of Fortune,1,4,5,20.0
Hunters of Glory,9,8,17,52.9
Hunters_X_Hunter,1,4,5,20.0
Hunting in the depth,3,0,3,100.0
Hurles au Vent,1,2,3,33.3
Hydra corp,4,0,4,100.0
HydraEmpire,2,21,23,8.7
Hyenas Company,2,2,4,50.0
Hyi_Bysh,0,6,6,0.0
Hyperium,13,5,18,72.2
I Cercatori di Tesori,0,1,1,0.0
I D I L L I Y A,17,29,46,37.0
I HATE MORGANA,0,4,4,0.0
I HUNTERS I,1,2,3,33.3
I Igaz Harcosok I,0,1,1,0.0
I M M I N E N T,8,7,15,53.3
I M P E R I V M,22,69,91,24.2
I MoonLight I,5,17,22,22.7
I N S O L E N T,0,1,1,0.0
I N V A S I O N,23,19,42,54.8
I See You Medusa,0,2,2,0.0
I TITANI,6,34,40,15.0
I URSSAF I,18,2,20,90.0
I-DEJAVU-I,57,48,105,54.3
I-zeb,7,4,11,63.6
I000I,0,1,1,0.0
ICeDRAgonS,0,2,2,0.0
IDIOT DOTS,0,2,2,0.0
IDPSMyKidsIRL,1,5,6,16.7
IDeadlySquadI,0,2,2,0.0
IHunter X HunterI,1,2,3,33.3
II A U R A II,7,2,9,77.8
II Black Mamba II,2,10,12,16.7
IICZARNA WIEZAII,0,1,1,0.0
III Legion,1,4,5,20.0
IIIIDeathSquadIIII,0,1,1,0.0
IIIIIIIIIIIIIIIIIIIIIIIIIIIIIl,0,1,1,0.0
IIWANTEDII,29,29,58,50.0
IIuPaT,7,11,18,38.9
IKIGAI,0,2,2,0.0
IKUN,6,33,39,15.4
ILSOLO,1,6,7,14.3
IM DEATH,1,0,1,100.0
IM O R D O RI,83,75,158,52.5
IMBULE4KI,4,1,5,80.0
IMDB,1,0,1,100.0
IMPER0,0,1,1,0.0
IMPERIO ARPEN,0,1,1,0.0
IMPERIO HISPANO,0,4,4,0.0
IMPERIO PORROMANO,9,21,30,30.0
IMPERIUMGREED,0,17,17,0.0
IMeowMeowI,7,6,13,53.8
INDIRKALDIRYAPISTIR,0,2,2,0.0
INFAMOUS V2,1,5,6,16.7
INFERIUM,6,20,26,23.1
INFERNAL CHARIOT OF DEATH,1,17,18,5.6
INKLINGS,0,4,4,0.0
INMORTAL III,0,1,1,0.0
INQUISIT0Rs,1,25,26,3.8
INTERNAL PARADISE,3,5,8,37.5
IOeOeOeI,0,2,2,0.0
IQ Deaf,1,1,2,50.0
IRAQx1,1,1,2,50.0
IRL is new WIFI,0,5,5,0.0
IRON BANNER,0,3,3,0.0
IR_INFINITY,0,1,1,0.0
IS MY STATIC,0,1,1,0.0
IS YOUR DAD,1,0,1,100.0
ISeeSomeLoot,1,3,4,25.0
ISoloLevelingI,0,1,1,0.0
ITR24,0,1,1,0.0
IX Kohorta,33,55,88,37.5
I____________________________I,6,15,21,28.6
Ice Phoenix,2,8,10,20.0
Ice o Lator,0,1,1,0.0
Imagine Losing,0,1,1,0.0
ImbaAG,0,2,2,0.0
ImmigranTs SyndicaTe,0,2,2,0.0
Immortal Dragons,4,14,18,22.2
Immortal Masks,0,1,1,0.0
Immortal White Wolf,1,8,9,11.1
Impalers,114,198,312,36.5
Imperial Decree,7,10,17,41.2
Imperial Dragon,0,2,2,0.0
Imperial Dynasty,11,31,42,26.2
Imperial Iron Squares,1,1,2,50.0
Imperion,2,7,9,22.2
Impulse Light,5,16,21,23.8
In Articulo Mortis,23,10,33,69.7
Infamous Chaos,0,1,1,0.0
Infernal Angels,0,2,2,0.0
Infernal Ghouls,6,18,24,25.0
Inferno Fenix,0,1,1,0.0
Infinitae Virtutis,0,1,1,0.0
Infinite Phoenix,0,1,1,0.0
InfiniteDragon,0,1,1,0.0
Infinity,2,1,3,66.7
Infinity Exile,2,4,6,33.3
Inglorious Bastrds,42,55,97,43.3
Inochi No Ki,1,2,3,33.3
Inpidigmas,0,1,1,0.0
Inquisitors,205,173,378,54.2
Insanity,1,3,4,25.0
Instic,0,1,1,0.0
Instinct,53,79,132,40.2
Int With Me,5,0,5,100.0
Integral,0,1,1,0.0
Interactive,0,2,2,0.0
Interest yah na pint,0,1,1,0.0
Into The Void,1,0,1,100.0
Invidus,0,8,8,0.0
Iove,0,4,4,0.0
IranPower,0,2,2,0.0
Iron Company,2,0,2,100.0
Iron Forest,0,1,1,0.0
Iron Legion FTG,0,18,18,0.0
Iron Ridge,2,4,6,33.3
Iron-clad,0,2,2,0.0
Iron_ManS,1,27,28,3.6
Iskfael,0,1,1,0.0
Islas Frescas,1,1,2,50.0
Its Jimmy,1,2,3,33.3
Iz knyazi v gryazi,0,2,2,0.0
J O U R N E Y,1,7,8,12.5
J U S T I C E,1,4,5,20.0
J Y J D I K I,0,1,1,0.0
JACKPOT FAMILY,2,5,7,28.6
JAEGERMEISTER,8,22,30,26.7
JESUS is GOD receive his LOVE,0,1,1,0.0
JIUYAONB,2,0,2,100.0
JOURNEY TOGETHER,224,216,440,50.9
JPK CLUB,0,6,6,0.0
JUST SM4SH,0,1,1,0.0
JUSTICE OF ALBION,0,1,1,0.0
Jack DanieIs,2,14,16,12.5
JackassBoys,0,1,1,0.0
JamonLover,0,9,9,0.0
Jasaa,0,1,1,0.0
Jebalnia,1,1,2,50.0
Jedi Order,0,4,4,0.0
JellyCats,0,1,1,0.0
Jervis Guilde1,0,3,3,0.0
Jett Airline,0,1,1,0.0
Jhereg,7,14,21,33.3
Jinx Club,0,1,1,0.0
Joker de amatista,0,1,1,0.0
Jokerpp111,1,0,1,100.0
JonTurks,56,49,105,53.3
Journey,1,5,6,16.7
Juanshot,2,5,7,28.6
Judge,141,78,219,64.4
Jujelerim,1,5,6,16.7
Jungle Outlaws,25,42,67,37.3
Jungle Special,1,2,3,33.3
Juramento dos Cavaleiros,1,5,6,16.7
Jus interdit,1,5,6,16.7
Just Lucky,3,30,33,9.1
Just Run,54,43,97,55.7
Just a craft,1,1,2,50.0
Just lazy,1,5,6,16.7
Just1ce,1,1,2,50.0
JustEat,0,9,9,0.0
JustFun,0,2,2,0.0
Just_me,0,4,4,0.0
K F C,99,125,224,44.2
K I O T O,0,3,3,0.0
K I T E,1,2,3,33.3
K I Z Y A K I,2,3,5,40.0
K O Z I N A K,2,5,7,28.6
K P E C T,2,14,16,12.5
K U N I,0,1,1,0.0
K U R O T S U K I,6,20,26,23.1
K-R-A-K-E-N,1,2,3,33.3
K0NSEY,8,35,43,18.6
K1ngdoom_of_heavenn,0,3,3,0.0
K3RTL,1,3,4,25.0
KAM300M,0,1,1,0.0
KARAWOLFLAR,0,1,1,0.0
KAT0RGA,0,2,2,0.0
KATOME,1,1,2,50.0
KDKV,0,3,3,0.0
KDSAKDA,2,0,2,100.0
KEKSE,1,1,2,50.0
KGWB,0,2,2,0.0
KILLAENN CORP,9,16,25,36.0
KILOS DOOM,5,20,25,20.0
KINDER 90-X,0,1,1,0.0
KING OF PORTAL,0,3,3,0.0
KINGS PVP,2,4,6,33.3
KIRKIFICANTION,0,1,1,0.0
KIZIL ELMA,0,1,1,0.0
KIlLWIlL druns,1,0,1,100.0
KKN,0,1,1,0.0
KLAN PAUKI,0,1,1,0.0
KLAN SUMA,4,1,5,80.0
KLICK AREA,2,11,13,15.4
KLINING,0,2,2,0.0
KLM,0,1,1,0.0
KLOOBNIKA,0,1,1,0.0
KNURZYSKA,0,1,1,0.0
KOCA YORUK,14,32,46,30.4
KOLDUNI,1,4,5,20.0
KOMUKU,0,2,2,0.0
KONOGON,0,1,1,0.0
KOPOHA PETYXA,0,2,2,0.0
KORKUSUZ,10,2,12,83.3
KOT KABANOS,2,5,7,28.6
KPR,3,1,4,75.0
KRA_KEN,0,1,1,0.0
KSAx,0,1,1,0.0
KTA HA ANIME,1,3,4,25.0
KUBAgg,0,9,9,0.0
KURTLAR KONSEYI,0,1,1,0.0
KURVA,1,0,1,100.0
KYZNECHIKI,7,17,24,29.2
KZVR,0,1,1,0.0
K_A_P_A_B_A_H,5,20,25,20.0
Kabasikiz,7,4,11,63.6
Kaelith,1,7,8,12.5
Kaiju,0,1,1,0.0
Kaijus Awoken,2,4,6,33.3
Kaizes,1,6,7,14.3
Kal Vas Flam,27,80,107,25.2
Kalesony Boga Wojny,0,2,2,0.0
Kalkulators,6,10,16,37.5
KamReg,0,1,1,0.0
Kan Yolu,0,3,3,0.0
Kapitalist Kedicikler,1,3,4,25.0
Kapslomania,1,1,2,50.0
Karczma Funfelki,0,1,1,0.0
Kartoffelkrieger,0,1,1,0.0
Kavak Boys,0,10,10,0.0
Kebab Team,12,25,37,32.4
Kebabine,1,2,3,33.3
Keep Calm,1,4,5,20.0
Keep Winning,0,1,1,0.0
KeepCalmAndRespawn,0,4,4,0.0
Kek and Stein,1,0,1,100.0
Kerhane,0,1,1,0.0
Khitan,0,2,2,0.0
Khonsu Lychshiy Drug,1,0,1,100.0
Khortytsya,2,0,2,100.0
KiMi,0,4,4,0.0
Kids,2,4,6,33.3
Kidszone,9,6,15,60.0
Kiedys Mialem Gildie,0,1,1,0.0
Kign ok Kign,1,2,3,33.3
Kikimora,3,4,7,42.9
Kill Again,0,4,4,0.0
Kill For Crown,0,2,2,0.0
Kill The Pain,1,20,21,4.8
KillJoys,127,123,250,50.8
KillXam,0,14,14,0.0
Killer Trolls,62,129,191,32.5
Killrus,0,3,3,0.0
Kimry69,0,20,20,0.0
KinG_GW,0,5,5,0.0
King Of Albion,0,2,2,0.0
King Vahram,0,1,1,0.0
Kings Of Excitement,1,7,8,12.5
Kite Clap,1,1,2,50.0
Klenovoe Derevo,7,28,35,20.0
Klozz -inni,0,4,4,0.0
Knaves,43,88,131,32.8
Knight of Martlock,31,6,37,83.8
Knights Legionnaires,1,4,5,20.0
Knights Of Nightmares,0,8,8,0.0
Knights Tavern,3,6,9,33.3
Knights of Abhorrence,0,1,1,0.0
Knights of Oblivion,0,2,2,0.0
Knights of the North,2,4,6,33.3
Knights of the Temple,0,1,1,0.0
KnightsOfBlood,5,10,15,33.3
KnightsOfCamelot,144,155,299,48.2
Knochenbrecher,0,6,6,0.0
Komanda X,1,13,14,7.1
Kompania Srebrnej Kuni,0,4,4,0.0
Komynalka,12,79,91,13.2
Konspiracja,3,8,11,27.3
Konvalis,1,1,2,50.0
Kool Kids Klan,0,1,1,0.0
Korosu,8,9,17,47.1
Koshka Perdit,0,1,1,0.0
Kozaky Sichi,0,2,2,0.0
Kraken UA,3,2,5,60.0
KrakenCracker,0,1,1,0.0
Krakens Embrace,0,1,1,0.0
Krazai,1,1,2,50.0
Kree,1,1,2,50.0
Krishtal-Tirit,1,1,2,50.0
KristalGuard,5,20,25,20.0
Krobobo,1,0,1,100.0
Kroist,3,1,4,75.0
Krolestwo cieni,0,1,1,0.0
Krusty Krab,0,1,1,0.0
Krylya Norn,5,6,11,45.5
Ksos-gang,0,1,1,0.0
KuRuESHkU,0,3,3,0.0
Kudo -Kai,3,13,16,18.8
KulaOdStakla,0,2,2,0.0
Kupechestvo,8,32,40,20.0
Kurd Boys,0,8,8,0.0
Kurwatata,1,1,2,50.0
Kurwy Pedaly Cwele,2,1,3,66.7
Kutlu Hanedan,0,2,2,0.0
Kvin345,3,6,9,33.3
KyRy,0,1,1,0.0
Kyiv Warriors,3,4,7,42.9
Kyivan Rus,0,1,1,0.0
Kyni-Master,2,1,3,66.7
Kyrgyzstan,0,1,1,0.0
Kzl Elma,0,4,4,0.0
L E G I O N R U S H,0,1,1,0.0
L Imperium De l Humanite,1,0,1,100.0
L M N D O R,3,13,16,18.8
L O A D I N G,11,53,64,17.2
L4ugh1ng D4ath,0,1,1,0.0
L7AYMAT,2,2,4,50.0
L9 L9 L9,1,0,1,100.0
LA BARBERIA,5,0,5,100.0
LA FAMILIA ES TODOO,5,10,15,33.3
LA LEGION SACREE,1,19,20,5.0
LA YAKUZA,1,4,5,20.0
LABUBU TIME,34,19,53,64.2
LAST BOBER DANCE,0,8,8,0.0
LAST LEGI0N,5,22,27,18.5
LAST REVELATION,3,6,9,33.3
LATAM_COMPANY,0,2,2,0.0
LATEX,23,8,31,74.2
LAZARET,1,20,21,4.8
LDK-ORDINAS,107,124,231,46.3
LEGI0 INVICTA,12,43,55,21.8
LELEKA,16,31,47,34.0
LET IT HAPP3N,93,211,304,30.6
LETHE,0,1,1,0.0
LGBTQsupporters,5,10,15,33.3
LGPG,2,1,3,66.7
LHS_SAKSOS,20,59,79,25.3
LIGHT OF ROBLOX,2,1,3,66.7
LIKE EARTH,11,38,49,22.4
LIVE FOREVER,0,2,2,0.0
LLlYT,1,3,4,25.0
LM PRIEST,1,5,6,16.7
LMKHZEN,1,8,9,11.1
LOAY,0,1,1,0.0
LOLLIPOP Guild,0,1,1,0.0
LOOT3R,1,0,1,100.0
LOS LOLOS,2,5,7,28.6
LOS-ESPARTANOS_2000,0,3,3,0.0
LOUD SOULS,0,2,2,0.0
LOW9,1,0,1,100.0
LOnca01,6,9,15,40.0
LUMING,6,13,19,31.6
LVINII_VOLKI,0,1,1,0.0
LYMHURST ULTIMATE,1,28,29,3.4
LYTAYA MAZUTA,0,1,1,0.0
La Banda dei Briganti,0,6,6,0.0
La Chasse,10,5,15,66.7
La Cienaga,0,4,4,0.0
La Compagnie Azure,10,28,38,26.3
La Compagnie Royal,0,2,2,0.0
La Compagnie du Lys,31,79,110,28.2
La Confrerie du Canape,3,5,8,37.5
La Confrerie du Voile,0,2,2,0.0
La Forge,0,2,2,0.0
La Gitanerie,0,1,1,0.0
La Guardia Civil,1,4,5,20.0
La Horde Obscure,0,3,3,0.0
La Horde Sylvestre,40,93,133,30.1
La Legion Avalonnienne,2,3,5,40.0
La Legions du Lys,0,2,2,0.0
La Madriguera del Huargo,0,1,1,0.0
La Masa,0,2,2,0.0
La Menace,0,1,1,0.0
La Menuiserie,0,1,1,0.0
La Meute De Fer,2,7,9,22.2
La Meute Forgee,0,9,9,0.0
La Meute du Crepuscule,9,49,58,15.5
La Pause Cafe,2,1,3,66.7
La Quercia,0,5,5,0.0
La Rosa Nera,1,0,1,100.0
La Taberna de Martlock,0,2,2,0.0
La baraque a frite,2,8,10,20.0
La bibine,0,2,2,0.0
LaIish,0,1,1,0.0
Labubus,1,0,1,100.0
Lacrima,33,34,67,49.3
Lafcraft,0,1,1,0.0
Lair of the Forgotten,7,1,8,87.5
LakasaDePape,0,5,5,0.0
Lame Gankers,2,1,3,66.7
Lamnamteam,1,1,2,50.0
Lancelot,0,3,3,0.0
Lanter Arda,0,3,3,0.0
Lanza de Draconia,3,4,7,42.9
Last Lightfall,7,26,33,21.2
Last Way,14,45,59,23.7
Last of the Ratts,102,144,246,41.5
LastDragon,0,4,4,0.0
LastParty,32,58,90,35.6
Lasting Period,0,1,1,0.0
Latitante,115,103,218,52.8
Laugh1ngCoffin,0,1,1,0.0
Laughing Coffins,0,3,3,0.0
Laughing Grim,0,5,5,0.0
LaughingCoffin,0,1,1,0.0
LayzeeShait,0,2,2,0.0
Lazy lazy people,7,1,8,87.5
LazyBones,0,1,1,0.0
Le Bus Magique,7,20,27,25.9
Le Clan Destin,8,31,39,20.5
Le Conglomerat,0,2,2,0.0
Le Nord,4,24,28,14.3
Le PMU,1,1,2,50.0
Le Skali,0,3,3,0.0
League of Victory,8,39,47,17.0
Learn2Play,0,1,1,0.0
Leclarc,0,1,1,0.0
Led By Chilliest,2,1,3,66.7
Leg1on of Sparta,1,1,2,50.0
Legacy Of The Mansion,0,2,2,0.0
Legacy of Satoshi Nakamoto,1,0,1,100.0
LegendaNukatakaThere,1,4,5,20.0
Legio Potens,13,29,42,31.0
Legion Celestial,0,1,1,0.0
Legion Del Apocalipsis,9,24,33,27.3
Legion Gallega,1,2,3,33.3
Legion Of Night,5,5,10,50.0
Legion de Hierro,0,2,2,0.0
Legion der Verdammten,39,82,121,32.2
Legion in Shadows,1,4,5,20.0
Legion inmortal,0,1,1,0.0
Legion of Darkneess,0,1,1,0.0
Legion-PL,12,9,21,57.1
Legion_of_Ukraine,0,1,1,0.0
Legione Aeterna,0,4,4,0.0
Legions of Angels,47,80,127,37.0
Legushka squad,0,3,3,0.0
Lemmon Tree,0,2,2,0.0
Lemon Girls,160,158,318,50.3
Les BG,0,2,2,0.0
Les Beubeus,0,1,1,0.0
Les Branches,1,0,1,100.0
Les Chomeurs,6,21,27,22.2
Les Cons Voyeurs,2,3,5,40.0
Les Disciples,2,3,5,40.0
Les Forestiers,4,6,10,40.0
Les Fou du Bus,0,4,4,0.0
Les Guerriers Du Clavier,0,1,1,0.0
Les Monts Gaulle,67,70,137,48.9
Les Nisounours,0,1,1,0.0
Les Ombres Noires,1,1,2,50.0
Les Paladins chills,0,7,7,0.0
Les Petits gens,1,2,3,33.3
Les Pick-Pockets,3,2,5,60.0
Les Salamandres,0,3,3,0.0
Les Sentinelles,1,6,7,14.3
Les Tripanez,0,1,1,0.0
Les Walapes,2,14,16,12.5
Les Zoulettes,0,1,1,0.0
Les impots,13,35,48,27.1
Les kiwis,0,1,1,0.0
Lesna Dolina,1,3,4,25.0
LiMing,47,54,101,46.5
Liberia,0,1,1,0.0
Libertarios,1,7,8,12.5
Liberty,1,7,8,12.5
Libyan Gladiators,3,19,22,13.6
Lifteds by Darkness,4,19,23,17.4
Light of the Dawn,9,16,25,36.0
Lil peep,1,1,2,50.0
Lilith Family,2,4,6,33.3
Limes Inferior,0,1,1,0.0
Limit-Breakers Familia,44,58,102,43.1
Limits,2,8,10,20.0
Line Breakers,2,2,4,50.0
Lineage II,2,4,6,33.3
Little Cold Hands,1,4,5,20.0
Little PIG LET ME IN,5,5,10,50.0
Living Plague,0,1,1,0.0
Livre para jogar,0,1,1,0.0
Lizard,2,2,4,50.0
Ljaych Lmalaki,2,1,3,66.7
Lllmariki,0,1,1,0.0
LoOL-Egypt,0,5,5,0.0
Lobos Livres,2,6,8,25.0
Lock Down,33,41,74,44.6
Lock The Fuck In,0,1,1,0.0
Lockspire,1,2,3,33.3
Lofty Legion,1,10,11,9.1
Log_Horizon,0,1,1,0.0
Login Horizont,21,47,68,30.9
Login horizon,0,4,4,0.0
Logout,39,35,74,52.7
Lokiho Hlas,0,2,2,0.0
Lone Spark,4,8,12,33.3
Lone Tower,3,15,18,16.7
Lone-Wolf,0,1,1,0.0
Long Hair Kels,1,3,4,25.0
Look at all those chickens,7,5,12,58.3
Loot Or Trup,1,0,1,100.0
Loot Perestler,2,5,7,28.6
Loot-Goblins,1,0,1,100.0
Lootiiiing,30,50,80,37.5
Lord Of The Rings,1,1,2,50.0
LordDemons,2,5,7,28.6
Lords Of Sin,1,0,1,100.0
Lords Of The Court,0,1,1,0.0
Lords of Lag,3,17,20,15.0
LoremIpsum,0,1,1,0.0
Los Caballeros del Fenix,1,2,3,33.3
Los GatosS,1,1,2,50.0
Los Jueves al Bar,3,19,22,13.6
Los Kashtanos,0,1,1,0.0
Los Leones,0,2,2,0.0
Los Lobos Solitarios,0,1,1,0.0
Los Monarcas,8,0,8,100.0
Los Pepo Clown,3,4,7,42.9
Los Rompecorazones 1940,1,9,10,10.0
Los creadores de todo,0,1,1,0.0
Los magos 537,0,1,1,0.0
Los payasos justicieros,24,33,57,42.1
LosRompeKatres,0,1,1,0.0
Loser club,0,2,2,0.0
Lost Garden,6,10,16,37.5
Lost Shadows,2,24,26,7.7
Lost light,0,1,1,0.0
LostEden,2,3,5,40.0
LostStone,0,1,1,0.0
LotusFall,0,2,2,0.0
Love and Wars,0,2,2,0.0
LoveForYoU,46,69,115,40.0
LoveYourMom,0,3,3,0.0
Low Profile,1,0,1,100.0
LowFPS,0,1,1,0.0
Loyal Guards,50,57,107,46.7
LuX,2,0,2,100.0
Lucifers Hotel,0,6,6,0.0
Luck of the Leprechaun,0,2,2,0.0
Lucky,4,27,31,12.9
Ludomani,0,1,1,0.0
Ludzie wyzyn,5,8,13,38.5
Lumen,5,49,54,9.3
Luminar Knights,1,0,1,100.0
LumosNox,0,4,4,0.0
LunaSantrape,0,1,1,0.0
Lunar Order,0,3,3,0.0
Lunar Wolf,10,68,78,12.8
Lusos,56,20,76,73.7
Luxurity,1,0,1,100.0
Lyja MegaReborn,1,7,8,12.5
Lymhurst Lumberjacks,4,26,30,13.3
Lymhurst United,0,6,6,0.0
Lynd Clan,0,1,1,0.0
Lysol fame,0,1,1,0.0
LzNeR Gaming,0,4,4,0.0
M 1 S F I T S,42,34,76,55.3
M A Y H E M,0,1,1,0.0
M I L A N H O L I Y A,0,1,1,0.0
M I L F G A A R D,0,3,3,0.0
M I S T A K E,24,13,37,64.9
M O N A R C H,0,4,4,0.0
M O N T A N A,0,1,1,0.0
M O R G U E,85,35,120,70.8
M and M,0,29,29,0.0
M-O-N-O-L-I-T,4,29,33,12.1
M0rTuaRy,8,7,15,53.3
M1DDLE EARTH,1,0,1,100.0
M3R Company,22,15,37,59.5
MAD,0,1,1,0.0
MAD MAX,0,6,6,0.0
MAFIA LATINA,0,2,2,0.0
MAJO,0,4,4,0.0
MAKE LYM GREAT AGAIN,0,14,14,0.0
MALEVOLENT,3,4,7,42.9
MALICIOUS,5,6,11,45.5
MALLORCA,0,1,1,0.0
MAMMA MIA,7,12,19,36.8
MARKOBKA,1,1,2,50.0
MARTLOCK FREEMANS,1,0,1,100.0
MASSIVE WALLETS,0,1,1,0.0
MATX EM,1,15,16,6.2
MAYHEM,43,49,92,46.7
MAZATHAKY,0,1,1,0.0
MCS James MacAllan,0,1,1,0.0
MDZ1995,0,3,3,0.0
MEDOJUI,1,0,1,100.0
MEDo guild pvp,0,9,9,0.0
MEGA-GREEKS ON-ROIDS,0,2,2,0.0
MEKAN2,6,36,42,14.3
MENTALITY DIVER,8,12,20,40.0
MEOWWWW,6,3,9,66.7
MEPTBEKU,0,2,2,0.0
METAL lEGION,2,5,7,28.6
METALHEADS,11,5,16,68.8
METAN,1,0,1,100.0
MEVLANA KISKACI,0,5,5,0.0
MEZOPOTAMYA,0,1,1,0.0
MGE Brothers,0,2,2,0.0
MGE_BRATKI,0,2,2,0.0
MIAMI POGS,1,5,6,16.7
MIDNIGHT WOOD,1,25,26,3.8
MIGUELOVERS,0,3,3,0.0
MIND,5,21,26,19.2
MINECRAFTER,0,2,2,0.0
MINGSTAR,0,1,1,0.0
MIRIN,0,2,2,0.0
MIsery The END,0,3,3,0.0
MLGB,4,1,5,80.0
MOBILGIL,0,1,1,0.0
MONDSHTADT,6,19,25,24.0
MONEYMANS,1,0,1,100.0
MOR2,0,1,1,0.0
MORGANAguards,1,0,1,100.0
MORIERIS,3,4,7,42.9
MOROCCAN KAMEKAZE,1,4,5,20.0
MORWAY,2,2,4,50.0
MOTHER OF DRAGONS,0,2,2,0.0
MOUNDMAKERS,2,7,9,22.2
MSB,2,15,17,11.8
MUJIKI,0,4,4,0.0
MUM EATERS,0,1,1,0.0
MUR URDU UKRAINE,1,1,2,50.0
MURDER Inc Brownsville,1,2,3,33.3
MURDER TSS,0,2,2,0.0
MY WAY,6,6,12,50.0
MYDAKI,1,5,6,16.7
M_I_F,0,16,16,0.0
MaKaRiKi,0,6,6,0.0
Maaelstrom,2,0,2,100.0
Madcry,0,3,3,0.0
Made In Russia,0,1,1,0.0
Made for Hell,0,1,1,0.0
MadskillBoys,0,3,3,0.0
Magic Airlines,1,4,5,20.0
Magic Corner,1,1,2,50.0
MagnaLupus,0,2,2,0.0
Magyar,3,21,24,12.5
Majority Immortal Russian,2,4,6,33.3
Makaron,1,9,10,10.0
Make Albion Better Again,1,1,2,50.0
Make Turks Great Again,2,2,4,50.0
Make balance great again,0,1,1,0.0
Makoto Teki,7,5,12,58.3
Maledictum,4,5,9,44.4
Maliny gerko,1,2,3,33.3
Maly Gang,12,20,32,37.5
MamonTS,0,10,10,0.0
Mamuty Dehuna,0,4,4,0.0
Man this game sucks,5,1,6,83.3
Manisex,1,1,2,50.0
ManoWaR,1,1,2,50.0
Manquitos por el mundo,5,27,32,15.6
ManyaK HeriF,8,16,24,33.3
Marauder s,94,192,286,32.9
Mardinliler,0,1,1,0.0
Margun,0,1,1,0.0
Marlborough,1,1,2,50.0
Martial Academy,0,1,1,0.0
Martlock United,0,2,2,0.0
Martlock_OGR,1,3,4,25.0
Martwa Strefa,0,1,1,0.0
Mask Off,0,1,1,0.0
Maska-groba,0,1,1,0.0
Masters of Albion,31,174,205,15.1
Masters of war,1,11,12,8.3
Masturan,0,2,2,0.0
Mata Gabachos,9,44,53,17.0
MavriMira,0,1,1,0.0
Maxi Guilde,2,2,4,50.0
McLovin Gang,0,1,1,0.0
Meat,1,2,3,33.3
Medvezhya Stal,0,7,7,0.0
Mefedroniarze,3,6,9,33.3
Mega Last Dodep,0,6,6,0.0
Megan Fox Feet,4,5,9,44.4
Melorna,8,4,12,66.7
Menam Parma,4,4,8,50.0
Mental Hospital,2,2,4,50.0
Mentality R-D,10,6,16,62.5
MeowIMeow,0,6,6,0.0
Mercenarios SA,0,1,1,0.0
Mercenary Idman Yurdu,28,63,91,30.8
Merchandaising,1,0,1,100.0
Mercs,0,1,1,0.0
Merienda con dragones,0,7,7,0.0
Merihk,2,2,4,50.0
Merkulla,2,4,6,33.3
Meskie_Oszusciki,1,0,1,100.0
MetaPvE,0,2,2,0.0
MheinZ,3,22,25,12.0
MiHoYo,0,1,1,0.0
MiRKWOOD,0,10,10,0.0
MiamiScare,0,2,2,0.0
Miaomiao,0,2,2,0.0
MiauczuryKubusia,2,4,6,33.3
Micar,19,88,107,17.8
MidScale,1,1,2,50.0
MiddleEarthh,1,8,9,11.1
MiddleeEarthh,1,1,2,50.0
Midgard Saga,0,5,5,0.0
Midnight Stalkers,0,21,21,0.0
Mighty Dragon,1,1,2,50.0
Mighty Goat,74,67,141,52.5
Milanesa,5,26,31,16.1
Milka01,6,24,30,20.0
Milkomeda,3,3,6,50.0
MilleniumX,0,1,1,0.0
Millennialis,35,33,68,51.5
Mind If I Roll Need,1,2,3,33.3
Ministry of Rat Affairs,3,1,4,75.0
MirOwl,0,1,1,0.0
Miros,0,14,14,0.0
Misery The Ebd,2,1,3,66.7
Misfits of the Forest,1,4,5,20.0
Mission,9,8,17,52.9
Mist Donators,0,2,2,0.0
Mistbound,5,8,13,38.5
Mists of Avalon,1,1,2,50.0
Mists of Midgard,0,2,2,0.0
Mitlemeer,0,1,1,0.0
Miya,1,9,10,10.0
MmmmhViande,3,6,9,33.3
Modest Circle,2,19,21,9.5
Moenia,0,1,1,0.0
Mogulshiki,0,1,1,0.0
Molterians,2,0,2,100.0
Mommys gang,2,2,4,50.0
Monagarmr,1,0,1,100.0
MoneyBackHome,0,1,1,0.0
Monke,5,3,8,62.5
Monkey Buisness,10,6,16,62.5
Monkey Business,1,0,1,100.0
Monkey Hangers,0,1,1,0.0
MonkeyFlip,0,1,1,0.0
Monohrom,0,1,1,0.0
Monster hunter,0,5,5,0.0
Monster team,1,0,1,100.0
Montaing Black,0,1,1,0.0
Montzenia,0,2,2,0.0
Moon Army,0,4,4,0.0
Moon Base,4,11,15,26.7
MoonLiight,0,1,1,0.0
Moonleaf,0,1,1,0.0
Moonlight,7,14,21,33.3
Moonlight Maniacs,31,64,95,32.6
Moonrise,0,5,5,0.0
Moonshade,0,2,2,0.0
Moonshiners,0,1,1,0.0
Moonspire,1,0,1,100.0
Moor Frog,0,1,1,0.0
MopkoBku,0,7,7,0.0
Moravian Eagles,97,116,213,45.5
Mordiggian,0,2,2,0.0
Morenka,27,9,36,75.0
Morganas Knives,0,1,1,0.0
Morok,0,2,2,0.0
Moros,165,82,247,66.8
Mors Syndicate,0,3,3,0.0
Morselanders,4,23,27,14.8
Mortal Dominion,5,23,28,17.9
Mortal luck,6,4,10,60.0
Mortifiers,0,1,1,0.0
Mortlak,6,22,28,21.4
Most Wanted,1,1,2,50.0
MostickBoyZ,0,13,13,0.0
Motley Crusade,8,16,24,33.3
Movimento Liberazione Albilon,7,14,21,33.3
Mroczna Armia,80,55,135,59.3
MrocznyLegion,3,8,11,27.3
Mrowisko,8,13,21,38.1
MtR-121,3,14,17,17.6
MuGiWaRa_D,0,1,1,0.0
Mubarizun,0,1,1,0.0
Mug0,1,0,1,100.0
Mugen Kuryu,1,0,1,100.0
MulaGangaEnjoyer,0,1,1,0.0
Murder Cartel,17,9,26,65.4
Mure,62,67,129,48.1
MureExtra,1,6,7,14.3
Murkweald Familia,1,0,1,100.0
MuslimSS,0,2,2,0.0
Mutiny,44,27,71,62.0
My Little Money,8,41,49,16.3
My Little Pone,0,1,1,0.0
My mind is a horry story,0,1,1,0.0
Myriath,4,16,20,20.0
Mystery War,0,2,2,0.0
Mystetstvo Viyny UA,0,2,2,0.0
Mystic Marsh,0,1,1,0.0
Mystical Market,2,1,3,66.7
Mystical Warriors,2,0,2,100.0
Mythgrove,5,3,8,62.5
Mythic Slayers,5,9,14,35.7
Mythix,0,1,1,0.0
Mythril,17,16,33,51.5
N E X U S,1,1,2,50.0
N I G G A S,0,2,2,0.0
N O R T H,6,12,18,33.3
N01,0,1,1,0.0
N0Mercy,0,3,3,0.0
N0N4ME,6,3,9,66.7
N1ce,1,0,1,100.0
NAGIBATOR,4,35,39,10.3
NAIJAGAKURE,0,3,3,0.0
NE MUTLU TURKUM DIYENE,0,1,1,0.0
NE YHbIBaiTe nacaHbI,0,1,1,0.0
NEED MY JACKET,14,48,62,22.6
NERE GIDERSIN USMANIM,0,4,4,0.0
NET PROBLEM,2,8,10,20.0
NEVER GONNA GIVE YOU UP,0,4,4,0.0
NEVER RESET,0,1,1,0.0
NGA,0,2,2,0.0
NIET-interteiment,1,6,7,14.3
NIGHT MOON,0,4,4,0.0
NIGHT-RAIDERS,0,2,2,0.0
NINE PERCENT,10,4,14,71.4
NN22,0,2,2,0.0
NNKLCJ,7,3,10,70.0
NN_WON,3,18,21,14.3
NO BB,43,76,119,36.1
NO DOPE NO HOPE,2,3,5,40.0
NO FEAR EPTA,0,1,1,0.0
NO HUMAN,2,19,21,9.5
NO META,23,33,56,41.1
NO MONEY NO TALK,6,6,12,50.0
NOOBIES,0,1,1,0.0
NOOOBS,0,1,1,0.0
NORTHS,0,3,3,0.0
NOT ALONE,1,1,2,50.0
NOXERA,4,11,15,26.7
NOXUSS,0,1,1,0.0
NOYB,1,1,2,50.0
NR kings,0,1,1,0.0
NUBS HCE,1,3,4,25.0
NVDP,2,13,15,13.3
NWA,3,5,8,37.5
Na Chile,0,1,1,0.0
NaRasslaBoness,1,3,4,25.0
NaahBrugge,1,2,3,33.3
Nacidos de la tormenta,9,20,29,31.0
Nacom,0,1,1,0.0
Nad Rybnicky,1,1,2,50.0
Nagara____MAO,0,1,1,0.0
Natural Born Killers,1,5,6,16.7
Nazarika,0,1,1,0.0
NePapaoutai,1,0,1,100.0
NePidori,0,1,1,0.0
NeW-farmer,0,1,1,0.0
Neamdia,4,5,9,44.4
Nebesnyye Khraniteli,0,2,2,0.0
Nebukadnezar,18,46,64,28.1
Neck Breakers,4,17,21,19.0
NecroVision,14,27,41,34.1
Neexus,0,3,3,0.0
Negritillos,2,1,3,66.7
Neko Shogun,0,6,6,0.0
NeoGoldenKingdom,1,0,1,100.0
Nerds Neck,0,3,3,0.0
NetWork,0,4,4,0.0
NeuronDeactivation,1,1,2,50.0
Neutron Star,0,1,1,0.0
Never Mind,118,158,276,42.8
Never Trust King,14,22,36,38.9
Never back down,0,1,1,0.0
NeverLucky,2,31,33,6.1
Nevermind,1,1,2,50.0
New Adventure,7,4,11,63.6
New Force,8,42,50,16.0
New Laughing Coffin,0,5,5,0.0
New Testament,1,0,1,100.0
New-Era,4,7,11,36.4
NewBlood,1,5,6,16.7
Newbee,36,65,101,35.6
Newbies Albion,0,9,9,0.0
Next,2,0,2,100.0
Nexura,0,2,2,0.0
NiIfGaard,2,27,29,6.9
Niaworld,2,2,4,50.0
Nicerealm,1,0,1,100.0
Nidavellir_ Shields,1,2,3,33.3
Nie Umiemy w Albion,0,3,3,0.0
Night Fury,10,4,14,71.4
Night Mrazers,1,0,1,100.0
Night Pilgrim,0,1,1,0.0
Night Reavers,3,4,7,42.9
Night-Reapers,73,97,170,42.9
Nightfall Warriors,1,5,6,16.7
Nighthowlers,5,9,14,35.7
Nilfgaardian Legion,0,2,2,0.0
Nine Lives Left,0,7,7,0.0
Nine Mortal Ways,2,1,3,66.7
NinjaTurtles,13,4,17,76.5
Ninth Legion,1,2,3,33.3
NiszA,1,5,6,16.7
NiuNiuWG,1,1,2,50.0
Njordheim,20,13,33,60.6
No Cape No Shame,8,15,23,34.8
No Fear - No Death,0,1,1,0.0
No Guild,0,2,2,0.0
No Loot No Sleep,0,19,19,0.0
No Mistakes,7,12,19,36.8
No Sex With Ex,67,142,209,32.1
No Skills,0,1,1,0.0
No To Cortisol,0,5,5,0.0
No Tourist,2,3,5,40.0
No Trust,0,1,1,0.0
No War No Success,2,0,2,100.0
No Weakness,0,1,1,0.0
No fear us,15,8,23,65.2
NoClapNoCap,10,33,43,23.3
NoMads Empire,0,1,1,0.0
NoNameR7,0,2,2,0.0
NoTag,22,105,127,17.3
No_Name1,0,7,7,0.0
No_PMT,0,1,1,0.0
Nochnyye Volki,0,1,1,0.0
Noctis Venationis,0,8,8,0.0
Noctura,2,2,4,50.0
Non Name,0,2,2,0.0
NoobTeam,1,0,1,100.0
Noobs With Attitude,1,14,15,6.7
Nord_Star_INN,0,3,3,0.0
Nordheim,13,47,60,21.7
North cartel,0,1,1,0.0
Northlings,0,1,1,0.0
Northwind,1,3,4,25.0
Norwey Gay Sex Corporation,0,1,1,0.0
Not Again,4,1,5,80.0
NotBad,0,1,1,0.0
Nova Cosaci,0,2,2,0.0
Nova Spain,0,1,1,0.0
Noxus,116,200,316,36.7
NullException,0,4,4,0.0
Numenordctlescorons,1,4,5,20.0
Nurture,0,4,4,0.0
Nyash-Myash,0,7,7,0.0
O L Y M P U S,0,2,2,0.0
O M B R A,0,1,1,0.0
O N L I N E,41,133,174,23.6
O N L Y G A N K E R S,6,6,12,50.0
O U R O,6,1,7,85.7
O-U-T-L-A-W,0,1,1,0.0
OBSCURE CLAN,0,3,3,0.0
OBW Przyjaciele,69,88,157,43.9
OEM,0,1,1,0.0
OGURCHIKI,0,1,1,0.0
OLDBOYZ,8,3,11,72.7
OLDVALYRIA,0,1,1,0.0
OLIM-PYA,0,1,1,0.0
OLIMPIANOS ACADEMY,0,1,1,0.0
OLOMIST,0,1,1,0.0
OLYHI,0,1,1,0.0
OMEGALUL,12,17,29,41.4
OMNITYS,10,8,18,55.6
OMOH,0,2,2,0.0
ONE 6 TEEN,3,0,3,100.0
ONIMAI Company,1,1,2,50.0
ONLY GATHERERS,0,1,1,0.0
ONLYLoseStaff,0,3,3,0.0
OOOOOOOOOOOOOOOOOOOOOOOOOOOOO,0,1,1,0.0
OOOTmuv Deneg,2,18,20,10.0
OP Squad,3,9,12,25.0
OPAVUN HOLDERS,1,0,1,100.0
OPCommando,0,1,1,0.0
OPG GUASH,0,2,2,0.0
OPG KABANI,1,0,1,100.0
ORDEN DE JERUSALEN,2,11,13,15.4
ORDEN TOPINAMBUR,2,3,5,40.0
ORDER 66,23,34,57,40.4
ORIGAMI,1,2,3,33.3
ORIGINALSS,5,19,24,20.8
ORSTED_Corporation,0,3,3,0.0
OSAMA,0,1,1,0.0
OST,0,1,1,0.0
OSUS,0,2,2,0.0
OTDEL_OTLOBA_BOMZHEY,3,5,8,37.5
OTVIR,3,6,9,33.3
OUTLAW,0,1,1,0.0
OXkillz,1,4,5,20.0
Oath of Turks,2,2,4,50.0
Oathbreakers,8,28,36,22.2
Obdachlose Gemeinde,0,5,5,0.0
Obieraczki Do Macior,0,2,2,0.0
Oblivyon,0,1,1,0.0
Obsidian Dawn,7,19,26,26.9
Obsidians,1,11,12,8.3
Odd Future,0,1,1,0.0
Ogre,3,1,4,75.0
Oh my god,1,3,4,25.0
OkeaH,0,1,1,0.0
Okozzu,0,1,1,0.0
Old School Army,10,12,22,45.5
Old-School,4,14,18,22.2
Oldheads Gamers,0,1,1,0.0
Olimp Squad,0,17,17,0.0
Olimpianos,1,11,12,8.3
Olympus Zero,2,0,2,100.0
Omega Hangout,6,8,14,42.9
OnE ShOT TEAM,2,0,2,100.0
OnFir3,0,3,3,0.0
OnSight,3,1,4,75.0
OnW,0,7,7,0.0
One Cwel Army,0,1,1,0.0
One Heart,0,12,12,0.0
One Hell,10,43,53,18.9
One Man Corp,0,1,1,0.0
One Orange Braincell,1,0,1,100.0
One Piece Is Real,2,3,5,40.0
One Way Ticket,2,2,4,50.0
One-Way Ticket,0,1,1,0.0
OneArmy,1,0,1,100.0
OnePieceLtd,0,1,1,0.0
OneToMany,0,1,1,0.0
OniFans,0,2,2,0.0
Onichan Kings,0,23,23,0.0
Only Blood,3,4,7,42.9
OnlyFarms,0,4,4,0.0
OnlyGather,1,1,2,50.0
OnlyPasta,0,4,4,0.0
OnlyWars,1,2,3,33.3
OopS Dead,1,3,4,25.0
Open Play,9,3,12,75.0
Operacion Necora,0,18,18,0.0
Option,0,1,1,0.0
Orbis,27,36,63,42.9
Ordem_TEMPLARS_Night,0,2,2,0.0
Orden Hospitalaria,58,118,176,33.0
Orden YpavshiX Na Ryku,0,1,1,0.0
Orden de la llama sombria,0,1,1,0.0
Order Keepers,1,3,4,25.0
Order of Saint Lazarus,3,12,15,20.0
Order of Svarog,6,40,46,13.0
Order of Torment,0,1,1,0.0
Order of War,4,3,7,57.1
Order of the Bloodmoon,1,5,6,16.7
Order of the Iron Crown,0,2,2,0.0
OrderOfPensil,1,0,1,100.0
Ordin bleska,3,79,82,3.7
Ordine Dei Senza Luce,0,3,3,0.0
Ordine Dei SenzaLuce,0,1,1,0.0
Ordo Sancte Rode,0,1,1,0.0
Ordo Solis,1,6,7,14.3
Ordo ab chao,1,4,5,20.0
Ordre Des Rois,0,1,1,0.0
Ordre des Faydits,1,19,20,5.0
Organization X,0,1,1,0.0
OriginaI,3,2,5,60.0
Os Ghost,1,4,5,20.0
Os Nomadas De Cristo,0,1,1,0.0
OsiedlowePijaki,0,2,2,0.0
Oskom,0,2,2,0.0
Ostatni Bastion,0,1,1,0.0
Ostatnie Ognisko,3,0,3,100.0
OstrovRblbakov,1,0,1,100.0
OtiNaneiiiii,1,6,7,14.3
Out_of_Control,0,2,2,0.0
Outcry,12,32,44,27.3
Outlaw Syndicate,3,6,9,33.3
Ov3rLords,3,12,15,20.0
Over Gear,28,39,67,41.8
Over-Suspicius,0,2,2,0.0
OverIords,1,1,2,50.0
Overcharged,1,2,3,33.3
Overpowering,100,135,235,42.6
Overseer,2,5,7,28.6
OwlMafia,2,8,10,20.0
Owling Abyss,0,1,1,0.0
OxyGeNN,19,43,62,30.6
P A N C O,3,4,7,42.9
P A R A D 0 X,23,56,79,29.1
P E N E S,5,32,37,13.5
P E R M A V2,12,25,37,32.4
P H A N T O M S,1,6,7,14.3
P O I N T,2,6,8,25.0
P S Y C H O,0,1,1,0.0
P-R-I-D-E,0,4,4,0.0
PALKA 81,0,2,2,0.0
PALUDE,0,1,1,0.0
PANADO MAIOR CU POUMM,1,4,5,20.0
PANTHE0N,4,6,10,40.0
PARIVAAR,0,16,16,0.0
PARSIFAL,0,1,1,0.0
PAURA1,0,4,4,0.0
PAWykk,8,0,8,100.0
PAY4WIN,0,1,1,0.0
PC Parts,2,4,6,33.3
PDF Files,0,1,1,0.0
PDIP,2,0,2,100.0
PEKA,16,53,69,23.2
PENTAGRAM,0,1,1,0.0
PEPA VATAFA ZZZ,4,29,33,12.1
PIETRUSZKI,1,11,12,8.3
PISYA,1,2,3,33.3
PIVDIVERS,0,1,1,0.0
PIVO Guild,3,11,14,21.4
PIVOZAVRIKI,2,0,2,100.0
PIXEL BROTHERHOOD,0,1,1,0.0
PIXIE,0,2,2,0.0
PLAN,0,1,1,0.0
PLAZMA AR,7,34,41,17.1
PLEASE NO,28,37,65,43.1
PLOUTARCHS,0,1,1,0.0
PLS SPEAK SPANISH,2,3,5,40.0
PLS SPEAK TURKISH,3,6,9,33.3
PMC deduski,1,1,2,50.0
PMC_ALBION,6,49,55,10.9
PMTClub,1,1,2,50.0
PMW,2,0,2,100.0
POCKET UNIVERSE,3,0,3,100.0
PODHOBEP,0,1,1,0.0
PODONKI,3,5,8,37.5
POISONOUS LIZARDS,1,0,1,100.0
POKAKAL,7,15,22,31.8
POKOY,14,28,42,33.3
POLARIS,2,3,5,40.0
POMOIKA,11,13,24,45.8
POOK,0,2,2,0.0
POPULARIS,3,5,8,37.5
POR TU TATIS,0,9,9,0.0
PORN0,1,0,1,100.0
PORT ROYAL,0,7,7,0.0
PORTUCALE,2,9,11,18.2
POTATO PRIME,1,2,3,33.3
POVTAS-4-24,0,1,1,0.0
POWERFULLY OWNS,0,5,5,0.0
POZORNIKI,1,0,1,100.0
PRAI,0,2,2,0.0
PRAID,0,11,11,0.0
PRIMA,0,4,4,0.0
PRO,0,10,10,0.0
PROkladka,0,1,1,0.0
PS Sparta,0,2,2,0.0
PSYCHO CULTIVATOR,0,3,3,0.0
PT7,3,20,23,13.0
PUNISHER,1,5,6,16.7
PURRING KITTENS,0,1,1,0.0
PUTIN SQUAD,0,2,2,0.0
PVE ABUSA,9,4,13,69.2
PVE Forbidden,1,4,5,20.0
PVE Group,0,1,1,0.0
PVE RU Albion Group,4,14,18,22.2
PVE Thetford,0,1,1,0.0
PVEGuildBTW,6,16,22,27.3
PVP Monsters,0,1,1,0.0
PVP_Lumhurst_PVE,0,15,15,0.0
Pablushi,0,3,3,0.0
Palegrin,98,164,262,37.4
Pancake,1,0,1,100.0
Panda Corp,31,51,82,37.8
Pandemonium,19,60,79,24.1
Panem,23,15,38,60.5
Panic in the Game,8,12,20,40.0
Panico,253,164,417,60.7
Pantofle,0,1,1,0.0
Pantsu power,1,2,3,33.3
Papaoutai,469,202,671,69.9
Papaoutal,3,2,5,60.0
Para__Bellum,1,6,7,14.3
Paradeus,4,7,11,36.4
Paradise,5,7,12,41.7
Parafia59,0,4,4,0.0
ParalleL,0,2,2,0.0
Party_KP,1,4,5,20.0
Pasok,18,30,48,37.5
PatatoSS,0,1,1,0.0
Path to the stars,0,2,2,0.0
Patrick Norris,1,1,2,50.0
Pawns,0,1,1,0.0
Pawr,0,6,6,0.0
Pcvv,0,2,2,0.0
Pe Causa,0,1,1,0.0
Peaceful Sky,0,3,3,0.0
Pediki goluboy laguny,0,3,3,0.0
Peek At You,0,1,1,0.0
Peepe,7,34,41,17.1
Pelmen1,0,12,12,0.0
Penalti para el Real Madrid,3,20,23,13.0
Penguinization,0,1,1,0.0
Pentacle,32,50,82,39.0
Pepe Shnene Watafa,0,1,1,0.0
PepeSneleWatafa,3,2,5,60.0
Pepsi Generation,0,1,1,0.0
Pergamonos,1,8,9,11.1
Persian Avengers,0,3,3,0.0
Persitas Amorosos,3,24,27,11.1
Peshera Bivnya,2,1,3,66.7
Pesyunarik of dawn,0,2,2,0.0
Petals of War,4,7,11,36.4
Phantom FS,0,13,13,0.0
Phantom Palace,16,38,54,29.6
Phantom Troupee,8,1,9,88.9
Pi4erniki,0,4,4,0.0
Pick Pocket,3,1,4,75.0
Pictochat,1,1,2,50.0
Pideci,0,1,1,0.0
PiggyWiggy,1,0,1,100.0
PikMech,1,0,1,100.0
Pink Monkeys,2,7,9,22.2
Pink Unicorns,68,81,149,45.6
PintinhosAmarelos,1,8,9,11.1
Pipootam,59,22,81,72.8
Pirates of the Albion,0,2,2,0.0
Piska-Tryas,1,2,3,33.3
PivoToPivo,0,1,1,0.0
Pivoland,0,2,2,0.0
Piwna Inkwizycja,0,4,4,0.0
PlantTeam,0,1,1,0.0
Please speak German,9,3,12,75.0
Pleasure lair,142,41,183,77.6
Plushanovo,2,6,8,25.0
Pnacotus,0,1,1,0.0
Pochos Leveling,0,1,1,0.0
Pochos sin Spec,2,6,8,25.0
Pochos-Unidos,0,2,2,0.0
Poci Sentar,0,1,1,0.0
Pod Krzyzem,0,5,5,0.0
Poisonous Glory,1,7,8,12.5
Poker-club,0,1,1,0.0
PokerFace,0,1,1,0.0
Polacy z Polski,1,3,4,25.0
Polesye,8,12,20,40.0
Police Albion,0,3,3,0.0
Polish Dubbers,0,3,3,0.0
Polska Gildia,216,160,376,57.4
Polysteack,0,1,1,0.0
Pookies,1,5,6,16.7
Post Mortem,3,4,7,42.9
Potatos,1,12,13,7.7
Potracheno,0,5,5,0.0
Poveliteli,0,1,1,0.0
Power Ranger,0,14,14,0.0
Pranto South Side,7,11,18,38.9
Pratele Hranateho Stolu,51,70,121,42.1
Prawilniaki,0,1,1,0.0
Predatory And Troubled,1,2,3,33.3
Press The Buttons,4,3,7,57.1
Prey hunters,0,3,3,0.0
Pride Side,4,2,6,66.7
Prime Minister,1,4,5,20.0
Priority,16,32,48,33.3
Prist,7,13,20,35.0
Pro Bono,1,1,2,50.0
ProEko,0,9,9,0.0
ProGenie,2,2,4,50.0
Problemas Mentales,0,1,1,0.0
Probotai,0,3,3,0.0
Proebali,3,4,7,42.9
Profit of Blood,0,5,5,0.0
Project 1,1,0,1,100.0
Prominence,6,6,12,50.0
ProrabAva,3,6,9,33.3
Prosektorium,32,49,81,39.5
Prostitytki,0,2,2,0.0
Prostitytki Elite,0,1,1,0.0
Prosto,8,12,20,40.0
Protect The Clan,0,1,1,0.0
Provinces,0,1,1,0.0
Provincial,11,70,81,13.6
Prowling eating Baguette grrrr,1,0,1,100.0
Prowokacja,2,2,4,50.0
Pruszkow KS,1,12,13,7.7
Ptooey Cartel,3,7,10,30.0
Public Security Bureau,0,1,1,0.0
Pumpkinheads,0,1,1,0.0
Pupsinb i Vupsinb,1,4,5,20.0
Pure Crimson,22,102,124,17.7
Pure Familia,4,12,16,25.0
Purga,4,3,7,57.1
Purga payos,7,29,36,19.4
Purgatory,2,0,2,100.0
Purified,142,179,321,44.2
Purity,15,15,30,50.0
Purple Fire,0,8,8,0.0
Purrfection,1,4,5,20.0
PuzzBunny,0,1,1,0.0
PvP y Mazmorras,0,1,1,0.0
PvX Guild,1,24,25,4.0
Pyramid Scheme,105,85,190,55.3
Q0z,0,1,1,0.0
Q6 OWNERS,3,1,4,75.0
QCSOLITAIRE,0,1,1,0.0
QQQcompany,0,1,1,0.0
Qedmaglebi,0,3,3,0.0
Qqqwww,0,7,7,0.0
QualityGuild,0,1,1,0.0
Quartel,0,2,2,0.0
Quartus Crusade,0,6,6,0.0
Quazar,0,3,3,0.0
Quick Response,1,5,6,16.7
Quinto Imperio,103,128,231,44.6
Qwertytouip,1,1,2,50.0
R A H A T,0,1,1,0.0
R A I N,0,3,3,0.0
R A V A G E,0,1,1,0.0
R E B E L S,1,1,2,50.0
R E Ds,12,43,55,21.8
R E N E G 4 D E,3,0,3,100.0
R I E K E R,3,9,12,25.0
R I V A L,188,185,373,50.4
R I V I A,0,3,3,0.0
R M T,14,3,17,82.4
R O C K S,0,2,2,0.0
R O M A,1,0,1,100.0
R U S S A K,0,1,1,0.0
R-I-P,33,19,52,63.5
R0AR,0,3,3,0.0
R0GUE,0,3,3,0.0
R4ND0Mz,1,0,1,100.0
RAGEMODE,0,1,1,0.0
RAMPAGE,0,3,3,0.0
RAS VET,0,1,1,0.0
RASMENTE,0,2,2,0.0
RASTREATORS,10,36,46,21.7
RAT PACK,66,29,95,69.5
RAT ZONE,7,22,29,24.1
RATLESS,1,3,4,25.0
RATOS CARECAS,6,15,21,28.6
RAVENS,0,1,1,0.0
RAX,0,3,3,0.0
RAZBOYNIKI,0,1,1,0.0
RCHDFJXZ,0,2,2,0.0
RDMe,0,13,13,0.0
REAL KINGS,2,14,16,12.5
RECONNECT,0,1,1,0.0
RED VANGUARD,6,4,10,60.0
RED WAY,0,1,1,0.0
REDEMPTI0N,0,2,2,0.0
RED_FLAG,1,4,5,20.0
REFLEX,0,1,1,0.0
REH,1,9,10,10.0
REKKA,4,26,30,13.3
REMEDIUM,0,3,3,0.0
REND,1,2,3,33.3
RENICARATION,0,1,1,0.0
RESPECT STACHU,0,1,1,0.0
REVO,0,3,3,0.0
RICONECTIN,0,3,3,0.0
RITUAL,2,14,16,12.5
ROA LOVER,0,6,6,0.0
ROAD INSPECTORS,0,6,6,0.0
ROBLOX BIKIN GOBLOX,1,2,3,33.3
ROCK STAR,8,2,10,80.0
ROFLOKEKER,0,1,1,0.0
ROHIRRIN,4,10,14,28.6
ROLAYZ,0,1,1,0.0
ROMEO i JULIA,0,1,1,0.0
ROMFALYA,0,1,1,0.0
ROMPER,5,4,9,55.6
ROVALOR,2,25,27,7.4
ROYAL WAR,2,0,2,100.0
ROYAL_ANUBIS,0,14,14,0.0
RU Albion Group,0,2,2,0.0
RU FORT,1,8,9,11.1
RUN A WAY,1,2,3,33.3
RUSSIAN BEER COMPANY,28,59,87,32.2
RUSSIAN GUILD IX,0,1,1,0.0
RU_HOM_69,8,18,26,30.8
RXD,0,1,1,0.0
RZ IS DEAD,0,1,1,0.0
RZBodyGuard,5,1,6,83.3
Rabbits in Pyjamas,0,1,1,0.0
Rabbles,6,9,15,40.0
Raben,0,2,2,0.0
Rabid,0,1,1,0.0
RadHead,0,3,3,0.0
Radio,2,0,2,100.0
Rage Courage,1,4,5,20.0
Rage Engage,1,0,1,100.0
Ragna Crimson,0,2,2,0.0
Ragnarrok,0,2,2,0.0
Ragnos,0,1,1,0.0
RaiJin,1,3,4,25.0
Rajawali,0,1,1,0.0
Ramazan Tayfa,1,2,3,33.3
Rapid Unscheduled Decapitation,1,0,1,100.0
Raptors X,0,5,5,0.0
Rare Finds Society,0,1,1,0.0
Rarty Ping Beef Burgle Bingus,1,4,5,20.0
Rat Cartel,29,24,53,54.7
Rata5,1,3,4,25.0
Ratatata,0,3,3,0.0
Rauschmittelmissbrauch,0,1,1,0.0
Rausky AD,0,1,1,0.0
Raven Guard,0,1,1,0.0
RavenGuard,0,2,2,0.0
RawGan,0,1,1,0.0
ReBorn-EU,0,2,2,0.0
ReDMooN3,0,7,7,0.0
ReVa,1,1,2,50.0
Reaching Potential,6,5,11,54.5
Real Steel,0,1,1,0.0
Real friends,0,4,4,0.0
ReaperBlood,0,1,1,0.0
Rebel Bust,2,1,3,66.7
Rebelia,1,5,6,16.7
Rebellyon,0,7,7,0.0
Rebels Of The World,0,1,1,0.0
Reboot,0,2,2,0.0
Red Armys,0,2,2,0.0
Red Fighters,0,2,2,0.0
Red Hoods,2,3,5,40.0
Red Luna,0,2,2,0.0
Red Owls,0,1,1,0.0
RedZzz,6,21,27,22.2
Red_Is_Dead,0,1,1,0.0
Rednecks_2,0,2,2,0.0
Redsign,0,1,1,0.0
Redskulls,15,14,29,51.7
Redsong,0,2,2,0.0
Reeztzy,1,3,4,25.0
Reichstag,7,7,14,50.0
Reisebuero Lymhurst,1,1,2,50.0
Rejaz no heal,0,1,1,0.0
RekinyBiznesu,5,16,21,23.8
Remember Me,0,13,13,0.0
Remeslo,1,11,12,8.3
Renegade Elders,2,10,12,16.7
Renegados,0,2,2,0.0
Requiem Aeternam,14,39,53,26.4
Requiem REQM,4,6,10,40.0
RequiemOfSilence,0,1,1,0.0
Resident Evil Requiem,1,0,1,100.0
Resistance Francaise,0,1,1,0.0
Resonance,1,0,1,100.0
Reunion Island 974,17,71,88,19.3
Revenant Requiem,32,40,72,44.4
Revenge of When,8,10,18,44.4
Revensong,30,42,72,41.7
Reverend Covenant,0,1,1,0.0
Revolut,3,18,21,14.3
Revolutionaries,1,13,14,7.1
Rex,1,2,3,33.3
Rhaegal,23,33,56,41.1
Rheinland,0,1,1,0.0
Riannonh,3,15,18,16.7
Rich Cats,0,11,11,0.0
Rich SELO,1,0,1,100.0
Ride My Tits,0,1,1,0.0
RidersofRohan,0,2,2,0.0
Ridniy Kray,263,154,417,63.1
Rift Stalkers,1,1,2,50.0
Right Method,0,1,1,0.0
Right Side,219,216,435,50.3
RiotHub,0,2,2,0.0
Rise Of Dahalo,17,27,44,38.6
Rise of Infinites,28,31,59,47.5
Rise of the Kingdom,4,13,17,23.5
RiseFromTheAshes,0,1,1,0.0
Risen,1,2,3,33.3
Risen Heirs,0,2,2,0.0
Risen ashes,4,23,27,14.8
RiseofBrigde,0,4,4,0.0
Rising _sun,1,0,1,100.0
Rising sun in Eclipse,3,19,22,13.6
RisingSun,0,1,1,0.0
Riviera Saints,1,2,3,33.3
RoLC_sar,2,8,10,20.0
Road Block,2,1,3,66.7
Road Killers,2,2,4,50.0
Roadinator,3,6,9,33.3
Roads,0,2,2,0.0
Roads of Avalon,0,1,1,0.0
Roaming Gypsys,0,9,9,0.0
Roaming Laborers I,0,2,2,0.0
Rock and Beer,1,2,3,33.3
Rogue Armada,0,3,3,0.0
Roly_Poly,0,3,3,0.0
Romania Mare,2,6,8,25.0
Romashki,0,1,1,0.0
Romondoto_Morocco,1,3,4,25.0
Roots of Nature,9,45,54,16.7
RosBiShAkI,0,3,3,0.0
Roshchin Kingdom,0,4,4,0.0
Rothschild Foundation,5,3,8,62.5
Rothschilds,0,1,1,0.0
Roux sacre,2,3,5,40.0
Royal Clowns,6,19,25,24.0
Royal Dominion,0,1,1,0.0
Royal MaMMoths,1,2,3,33.3
Royal Mafia,0,4,4,0.0
Royal Rejects,1,0,1,100.0
RuhumuzYeter,0,3,3,0.0
Running Simulator,2,0,2,100.0
Rus Bear,0,26,26,0.0
Ruske,0,22,22,0.0
RussianBearZ,0,2,2,0.0
Ruthless Legion,1,9,10,10.0
Ruthless Reign,1,2,3,33.3
Ryadko,0,2,2,0.0
RzPasta,0,1,1,0.0
S 1 L E N T,0,1,1,0.0
S A N C T U M,0,1,1,0.0
S A N I T Y,108,142,250,43.2
S A P P H I R E,0,5,5,0.0
S A Y G I,14,34,48,29.2
S E N G O K U,113,214,327,34.6
S I X,326,234,560,58.2
S T O R M G R A V E,3,7,10,30.0
S W A M P,159,64,223,71.3
S W W,1,6,7,14.3
S t a l i n g r a d,2,6,8,25.0
S-QUAD,4,1,5,80.0
S0I0 Guild,0,1,1,0.0
S0L0,1,6,7,14.3
S3XT1NG,150,83,233,64.4
S62,0,1,1,0.0
SADBRINGERS,1,0,1,100.0
SALO UA,0,1,1,0.0
SALSEO,0,1,1,0.0
SAM63,0,1,1,0.0
SANCTUMS SNL,1,4,5,20.0
SANGRE x SANGRE,0,1,1,0.0
SATELLITE,1,16,17,5.9
SATT,0,23,23,0.0
SATYRN,1,0,1,100.0
SAVL,1,11,12,8.3
SAY HELLO TO MY LITTLE FRIEND,0,15,15,0.0
SCANNATORI,0,3,3,0.0
SCARLET_ROSES,0,2,2,0.0
SCBP,0,3,3,0.0
SCREZHET METALLA,15,84,99,15.2
SD5Empire,8,33,41,19.5
SDVG_Squad,0,2,2,0.0
SEA DEVILS,0,2,2,0.0
SEALS1,0,1,1,0.0
SEKTA URZUS,0,3,3,0.0
SEME4K1,0,3,3,0.0
SEND IT,19,11,30,63.3
SENGOKU PRIME,36,95,131,27.5
SEX_and_CASH,0,3,3,0.0
SHADOW MONARCHY,2,7,9,22.2
SHAFAQ,0,1,1,0.0
SHAGGAS,1,12,13,7.7
SHANTI,1,10,11,9.1
SHAURMYANE,0,8,8,0.0
SHEMISTAN,3,1,4,75.0
SHEN ADDICTED,0,1,1,0.0
SHIPEKS,0,3,3,0.0
SHIV,128,113,241,53.1
SHIZNIT,0,1,1,0.0
SHOCKERS,19,32,51,37.3
SHODAN,0,2,2,0.0
SIBERIA,7,41,48,14.6
SILENT REIGNS,3,8,11,27.3
SILVER DRAGON,0,1,1,0.0
SILVER HEART,0,2,2,0.0
SILVERON,1,2,3,33.3
SIMWOL,5,4,9,55.6
SINSHADE,2,20,22,9.1
SIROTA,0,1,1,0.0
SIXTY NINE AXES,5,37,42,11.9
SIXTYNINE,3,9,12,25.0
SKALA,0,6,6,0.0
SKG,1,1,2,50.0
SKOLKO FAME V CHAS,2,17,19,10.5
SKT1,0,1,1,0.0
SKULL KRAKEN,2,15,17,11.8
SKULL OF DEATH,0,1,1,0.0
SKYWOLVES,5,11,16,31.2
SKy1ine,4,25,29,13.8
SMALLLOVE,0,1,1,0.0
SMBD,1,0,1,100.0
SMITHS OF KINGSLANDING,0,1,1,0.0
SMYRF,0,5,5,0.0
SNIPERDEATH,0,1,1,0.0
SO WHAT,19,10,29,65.5
SOAK,0,1,1,0.0
SOCIEDADE,40,24,64,62.5
SOLDIERS OF GOD,2,0,2,100.0
SOLO LEVELLING,0,1,1,0.0
SOLO ONES,0,1,1,0.0
SOLO OPENWORLD ENJOYER,1,1,2,50.0
SOUND OF THE NIGHTS,0,2,2,0.0
SPARTANT,1,19,20,5.0
SPECIAL KIDS,1,0,1,100.0
SPICY and MODY klay,0,1,1,0.0
SPIKEE,18,31,49,36.7
SPQR-GoldenEagle,0,3,3,0.0
SPREAD,75,78,153,49.0
SPREAD AND BRAWL,0,1,1,0.0
SS26,0,1,1,0.0
SS_SuperMegaPenis_SS,1,2,3,33.3
ST Requiem,1,0,1,100.0
ST Sophia Cathedral,1,6,7,14.3
STARAXES,0,3,3,0.0
STARDROWNED,0,1,1,0.0
STAY HIGH,0,2,2,0.0
STBZ,3,3,6,50.0
STEEL DRAGON,0,5,5,0.0
STERLING LOOTERS,0,1,1,0.0
STORM IS COMING,0,1,1,0.0
STORMERS,0,1,1,0.0
STRABER,0,2,2,0.0
STRATOS,9,34,43,20.9
STRS REIGN,1,5,6,16.7
STULEJKI,1,1,2,50.0
SUB7,42,39,81,51.9
SUMRAK,1,0,1,100.0
SUNDUCK,0,4,4,0.0
SUNFORGED,0,5,5,0.0
SUNRISE AMATERASU,2,2,4,50.0
SUNT,6,3,9,66.7
SURRENDER,44,44,88,50.0
SURVIVAL-PTM,0,1,1,0.0
SVB,0,3,3,0.0
SVINOPSI,1,1,2,50.0
SWAG DEALER,0,2,2,0.0
SWAGCITY,0,1,1,0.0
SWAT,0,2,2,0.0
SWEET CARTEL,0,1,1,0.0
SWORN TO KILL,0,8,8,0.0
SZEROKIE OTWORY,0,1,1,0.0
SaVeS,0,2,2,0.0
Sab3aweya,0,3,3,0.0
Saber Tooth,3,10,13,23.1
Sacapuntas,0,1,1,0.0
Sadow of the swamps,0,16,16,0.0
Safari,0,3,3,0.0
Saggin,22,14,36,61.1
Sahiomasonia,0,1,1,0.0
Saint Sinners,1,2,3,33.3
Saiya-jin,4,4,8,50.0
Sakata,0,1,1,0.0
Salut,9,13,22,40.9
Samanid Empire,0,1,1,0.0
Samsara Dynasty,3,25,28,10.7
Sanctuary,111,137,248,44.8
Sanctum Nocturne,0,1,1,0.0
Sand viper,0,5,5,0.0
SaneDanes,0,2,2,0.0
Sanglier qui prend son temps,0,3,3,0.0
Sangreal,26,111,137,19.0
Sangue,0,1,1,0.0
Sanguine Aurelius Order,4,9,13,30.8
Sanguis Draconis,24,72,96,25.0
Sans Argent,1,0,1,100.0
Santas Helpers,7,14,21,33.3
Saplings,0,2,2,0.0
SarkazEmpire,1,5,6,16.7
Sarni,1,0,1,100.0
Sasination23,0,1,1,0.0
Satanic Warmasters,0,1,1,0.0
Satis Faction,141,127,268,52.6
Satyr or Trade,0,6,6,0.0
Savage Circus,5,9,14,35.7
Savants,97,129,226,42.9
SavePortal,0,2,2,0.0
Saviorsed,3,5,8,37.5
Savonia Syndicate,0,2,2,0.0
Saxonia,0,4,4,0.0
SayGG,0,4,4,0.0
Scalpel,0,1,1,0.0
Scam Collectors,1,0,1,100.0
Schadenfreude,1,0,1,100.0
Schattenfuechse,0,2,2,0.0
Schlafender Wald,3,0,3,100.0
Schwarzwald,6,10,16,37.5
Scourge,1,0,1,100.0
Scourge of GOD,223,149,372,59.9
SdA,0,4,4,0.0
SeNSei_ZeYNeLY,0,1,1,0.0
Season Gl0rY,0,3,3,0.0
Second Home,0,2,2,0.0
Sect of Kings,0,1,1,0.0
Sedlo,0,2,2,0.0
Seen Too Late,1,7,8,12.5
Sekban,2,15,17,11.8
Senf,0,5,5,0.0
Sentinels of Arcanum,0,1,1,0.0
Serapion,3,22,25,12.0
Serene waters,0,3,3,0.0
Serpentes,0,1,1,0.0
Services Apres-Wipe,79,66,145,54.5
Seul contre tous,1,1,2,50.0
Seventeenth,11,15,26,42.3
Sever,49,179,228,21.5
Sevran,4,2,6,66.7
Sex and FIeks,1,1,2,50.0
Sex and Flex,17,6,23,73.9
Sex_And_Flex,3,4,7,42.9
Sex_Smile,1,5,6,16.7
Sexy Flexy,0,1,1,0.0
Sexy Wolves,1,1,2,50.0
ShaDowLands,0,1,1,0.0
Shade,0,1,1,0.0
Shadow Coalition,2,10,12,16.7
Shadow Corp,2,7,9,22.2
Shadow Fire,0,2,2,0.0
Shadow Garden Army,15,47,62,24.2
Shadow Kraken,3,13,16,18.8
Shadow Lions,5,10,15,33.3
Shadow Of Hades,0,11,11,0.0
Shadow devil,1,15,16,6.2
ShadowBlade123,0,2,2,0.0
Shadow_Assassins,0,3,3,0.0
Shadow_Raiders,10,35,45,22.2
Shadows Of Alamut,1,2,3,33.3
Shadows of Calamity,0,12,12,0.0
Shadows of Darkness,5,19,24,20.8
Shadows of Death,0,2,2,0.0
Shadows of Eternity,0,8,8,0.0
Shadows of Glory,0,1,1,0.0
ShadowsScorpion,0,1,1,0.0
Shaggy Monkey,1,0,1,100.0
Shattered Grace,115,142,257,44.7
Shattered Legion,16,45,61,26.2
Shatterpoint,2,2,4,50.0
SheetsFrost,1,14,15,6.7
Shershens Company,0,1,1,0.0
Shhh Cry Later,0,8,8,0.0
Shilence,1,3,4,25.0
Shinigami Chop,38,31,69,55.1
Shinkai,2,11,13,15.4
ShinySun,11,2,13,84.6
Shinzo Abe,0,1,1,0.0
Shirinka,0,1,1,0.0
Shivering Isles,0,2,2,0.0
Shodka Podkabluchnikov,0,1,1,0.0
ShogunDar,1,9,10,10.0
ShowUp,0,1,1,0.0
Shrimps,0,1,1,0.0
Shustiki,0,3,3,0.0
ShyFox,0,27,27,0.0
Side by Side,0,1,1,0.0
Siewcy Gnoju,1,9,10,10.0
Sigma,2,1,3,66.7
Sigma Gankers,11,1,12,91.7
SigmaNation,0,1,1,0.0
Sigma_Sguad,1,2,3,33.3
Sigmaholders69,1,2,3,33.3
Sigmasi,0,3,3,0.0
Silberphoenix,4,3,7,57.1
Silence Ecliptse,0,2,2,0.0
Silent KilIers,0,1,1,0.0
Silent Noise,1,0,1,100.0
Silent War,5,13,18,27.8
Silha,0,1,1,0.0
Silly Little Men,1,8,9,11.1
Silver Above Honor,0,2,2,0.0
Silver Bank,1,3,4,25.0
Silver Hawks,1,1,2,50.0
Silver Lining,0,1,1,0.0
Silver Seekers,0,6,6,0.0
Silver Union,1,0,1,100.0
Silver Vanguard,3,14,17,17.6
Silver farming,0,1,1,0.0
Silverfang,0,1,1,0.0
Simia,119,58,177,67.2
Simios Da Avalon,0,1,1,0.0
Sin Preguntas,0,1,1,0.0
Sincan Komun,12,11,23,52.2
Sincerity,24,20,44,54.5
Sindery fan club,2,10,12,16.7
Sindicato del Oro,0,1,1,0.0
Sinrise,4,14,18,22.2
Sirene,0,1,1,0.0
Sisechki,0,1,1,0.0
Sisterhood,1,1,2,50.0
Six of Swords,0,1,1,0.0
SkaCz,0,2,2,0.0
Skaggongr,116,110,226,51.3
Skan2017,14,47,61,23.0
Skeleton Gang,0,1,1,0.0
SkibidiToiletSigma,0,2,2,0.0
Skill Issues Inc,0,1,1,0.0
Skill issue hub,2,0,2,100.0
Skip-Up,0,1,1,0.0
Skitungar,5,24,29,17.2
Sklad mulov,0,1,1,0.0
Skladrik,0,2,2,0.0
SkoZirys,1,8,9,11.1
Skoggangr,520,304,824,63.1
Skogsandr,0,1,1,0.0
Skorpiony Zniszczenia,12,45,57,21.1
Skrzynkobiorcy z Prowizja,25,45,70,35.7
Skuff Land,0,1,1,0.0
SkufinoVibes,0,4,4,0.0
Skufyatnya,1,4,5,20.0
Skullknights,1,6,7,14.3
Sky Nomad,5,5,10,50.0
Sky Throne,0,5,5,0.0
Sky_Net,0,1,1,0.0
Skyfliandia,0,1,1,0.0
Skyrim Rangers,0,5,5,0.0
SlaNec,0,1,1,0.0
Slappers,45,91,136,33.1
Slavatravke,0,1,1,0.0
Slaves Of DizzirT,0,7,7,0.0
Slay Brigade,3,10,13,23.1
SleePing,0,4,4,0.0
SlightEdge,1,0,1,100.0
Slobberchops,0,2,2,0.0
Slotkie Zajaczki,0,1,1,0.0
Slow Loaders,1,0,1,100.0
Small Gang Theory,20,48,68,29.4
SmallGroupTactics,0,6,6,0.0
Smerti,4,10,14,28.6
Smieciarze,4,10,14,28.6
SmoKings,1,10,11,9.1
Smocza Piesn Chaosu,1,5,6,16.7
SmrtSvetu,5,40,45,11.1
Smugglers Den,0,5,5,0.0
Smyrna,0,3,3,0.0
SnF Academy,3,0,3,100.0
SnavvAsylum,1,4,5,20.0
SocialDNO,0,2,2,0.0
Society Of Sensations,12,46,58,20.7
Solar Protectors,2,1,3,66.7
Solar Vanguard,0,1,1,0.0
Solary,34,9,43,79.1
Solea,21,35,56,37.5
Solitari,0,5,5,0.0
Solnishki,5,1,6,83.3
Solo Exp,0,1,1,0.0
Solo Guys,0,7,7,0.0
Solo L3veling,1,11,12,8.3
Solo Leve1ing,0,3,3,0.0
Solo Q,3,3,6,50.0
Solo-Gaming,1,0,1,100.0
SoloFarm_WE,2,9,11,18.2
Soloman,0,1,1,0.0
Solsii,1,3,4,25.0
Solvaris,0,2,2,0.0
Som bady,0,1,1,0.0
Someday,3,2,5,60.0
Something Fishy,1,0,1,100.0
Son Lejyon,0,2,2,0.0
Sonnenfinsternis,19,58,77,24.7
Sons Of Neptune,38,59,97,39.2
Sons of Helios,0,1,1,0.0
Sons of SIn,2,6,8,25.0
Sons of Ultima,1,30,31,3.2
Sons of Yarilo,0,1,1,0.0
Sons of the Crowd,1,19,20,5.0
Sorashi,0,2,2,0.0
Sorceresses,0,4,4,0.0
SosaliNaMayami,0,1,1,0.0
Sosaliti,0,1,1,0.0
Sosolo,1,1,2,50.0
Soul Eaterr,2,13,15,13.3
Soul of Sun,1,25,26,3.8
Soul-Side,9,22,31,29.0
SoulEater,32,19,51,62.7
SoulReaperz,0,1,1,0.0
Souls Hunters,1,4,5,20.0
Souls Of Anarchy,1,0,1,100.0
Souls eater,0,1,1,0.0
Sounds of War,6,39,45,13.3
SousMesPieds,0,2,2,0.0
SpGroup,6,1,7,85.7
Sparks and Ashes,19,28,47,40.4
Spase Marine,4,2,6,66.7
Spawn of Hell,5,9,14,35.7
Spec Supremacy,0,1,1,0.0
Special Olympics,1,4,5,20.0
Speed,1,1,2,50.0
Spermos Bankas,0,1,1,0.0
Spero Patronum,0,1,1,0.0
Spice Hunters,0,1,1,0.0
Spicy And Hammer,1,2,3,33.3
Spider girl,5,21,26,19.2
Spiritus Deos,0,2,2,0.0
Spitfire,5,40,45,11.1
Splav,0,2,2,0.0
Splinter,3,22,25,12.0
Spolecenstvo,0,3,3,0.0
Spread Mount Up,1,6,7,14.3
Squad of kittens,0,6,6,0.0
Squall,1,6,7,14.3
SqueezLegion,0,7,7,0.0
Squirtle Squad,281,177,458,61.4
St soprano,20,27,47,42.6
StaVroS,1,13,14,7.1
StalGard,6,11,17,35.3
Standby,5,10,15,33.3
StarGateX,68,98,166,41.0
Stare Wygi,1,2,3,33.3
Stare Zgredy,0,6,6,0.0
Stark,14,23,37,37.8
Static Control,7,7,14,50.0
Statik KuKold,0,1,1,0.0
Stay Out of Our Water,4,5,9,44.4
Steak Tartare,2,9,11,18.2
Steel Kittens,0,2,2,0.0
Steel and Flame,0,10,10,0.0
SteelOrden,17,55,72,23.6
Steppe Bros,8,10,18,44.4
Stilandia,0,1,1,0.0
Still Cooking,5,4,9,55.6
Stockholm Syndrome,11,9,20,55.0
Stoic,198,166,364,54.4
Stone Mafia,3,3,6,50.0
Stone Ocean,5,14,19,26.3
Stonehengee,4,11,15,26.7
Stonk-Split-Island,0,1,1,0.0
Storm Reign,7,43,50,14.0
Storm Shields,0,1,1,0.0
StormCloaks,15,30,45,33.3
Stormborn Legion,2,8,10,20.0
Straight Outta Balkans,3,14,17,17.6
Stratholm,0,1,1,0.0
Straw Hat Pirates,21,44,65,32.3
Strickland,0,1,1,0.0
StrongNOOBS,0,1,1,0.0
StrongPryde,0,1,1,0.0
Stronghold Crusader,1,3,4,25.0
Stuffy Bunny,0,1,1,0.0
SuIcIdeSquad,0,1,1,0.0
Substincia,0,1,1,0.0
Sugar Rush,6,12,18,33.3
Suicid3 Squad,18,33,51,35.3
SuicideKing,0,3,3,0.0
Sukses Makmur,0,1,1,0.0
Sun Risen Europa,0,5,5,0.0
SunArk,0,1,1,0.0
Sundanesee,2,9,11,18.2
Sup is 7 Zalup,1,4,5,20.0
SuperSeptoClan,2,26,28,7.1
Superbank,0,1,1,0.0
Supremacy Of Martlock,3,10,13,23.1
Suprise MFS,2,2,4,50.0
Surubao Dos Crias,0,1,1,0.0
Svea Inkasso Inc,0,2,2,0.0
SvenskaKotbullar,0,1,1,0.0
Svetloyar,1,0,1,100.0
Svin Empire,2,0,2,100.0
Svinoland,0,3,3,0.0
SwagaPiteki,0,1,1,0.0
Swamp Dwellers,0,1,1,0.0
Sweet Dream Team,0,34,34,0.0
SweetPie,1,5,6,16.7
Sword Art Online 96,0,1,1,0.0
Sword Saint,1,1,2,50.0
Sword and Scepter,1,3,4,25.0
Sword and magic,0,1,1,0.0
Sword of Justice,0,1,1,0.0
Swords,0,2,2,0.0
Swords Drawn,30,67,97,30.9
Sylor,0,1,1,0.0
Symbioz,4,20,24,16.7
Szlachetny Zakon,0,4,4,0.0
SzorstkaPieta,0,2,2,0.0
T E M P L A R I,0,12,12,0.0
T E R O R,0,2,2,0.0
T H U G G E R,1,4,5,20.0
T O Y,35,42,77,45.5
T R A U R,0,1,1,0.0
T R I B E,16,28,44,36.4
T R I D E N T,18,10,28,64.3
T U R Ks,0,2,2,0.0
T U R T L E,0,6,6,0.0
T-B,0,4,4,0.0
T-G-S,1,0,1,100.0
T9acher-Gaming,4,7,11,36.4
TAI,3,8,11,27.3
TARGANT,0,1,1,0.0
TARUMAR,4,5,9,44.4
TATIKI,1,6,7,14.3
TAVERN P2LAS,0,1,1,0.0
TAXI SQUAD,0,2,2,0.0
TEAM BLAST,10,27,37,27.0
TEAM SUPREMACY,5,3,8,62.5
TEGRIDY farms,2,7,9,22.2
TEMPLARIO 3,15,52,67,22.4
TEMPLARIOS AVALONIANOS,6,9,15,40.0
TEMPLARS_ORDER,28,27,55,50.9
TENSAY,16,15,31,51.6
TERPENIE,4,18,22,18.2
TERRANOSTRA,13,15,28,46.4
TF Loot,0,2,2,0.0
THE ABYSS,0,1,1,0.0
THE BALKANS,1,9,10,10.0
THE BEARS TAVERN,16,98,114,14.0
THE CLOCK,6,6,12,50.0
THE DARK TRlAD,1,0,1,100.0
THE FENNEC,0,3,3,0.0
THE HANGRY HIPPOS,60,44,104,57.7
THE HOLY DEER EMPIRE,0,3,3,0.0
THE HUMBLE TRIPARTIT UNDER GOD,5,8,13,38.5
THE HlVE,0,1,1,0.0
THE LAST DANCE,3,1,4,75.0
THE LUNATIC,0,1,1,0.0
THE MAGGOT,1,12,13,7.7
THE MONKEYS,0,1,1,0.0
THE SANDERS,1,3,4,25.0
THE SEED,0,1,1,0.0
THE STALWARTS,0,2,2,0.0
THE TERMINATOR,1,6,7,14.3
THE WARSS,0,1,1,0.0
THIS IS CRUEL,0,1,1,0.0
THORN,1,10,11,9.1
TILIT,0,2,2,0.0
TINY PANDA,1,0,1,100.0
TITANES DEL CAOS,0,1,1,0.0
TITANS OF THE ABYSS,0,3,3,0.0
TITKI,0,1,1,0.0
TMobile,4,5,9,44.4
TNT,14,8,22,63.6
TONGKRONGAN,38,52,90,42.2
TONYS SLAVES,1,20,21,4.8
TOPLAGEL,0,1,1,0.0
TOSBiK,0,2,2,0.0
TOST EPIK,3,5,8,37.5
TPK,4,3,7,57.1
TR BOZKURTLAR,0,1,1,0.0
TR LONCA,0,1,1,0.0
TR-Grup-Zindan-Ekibi,0,1,1,0.0
TRAPSTAR,0,1,1,0.0
TRENBOLONE,4,5,9,44.4
TRIBUTOS EU,0,6,6,0.0
TRIDENT,0,4,4,0.0
TRUE GHOULS,2,1,3,66.7
TRl-BOYSA,5,13,18,27.8
TSAR,0,3,3,0.0
TSUNAMMI,6,15,21,28.6
TTFD,1,0,1,100.0
TU PRIMER MILLON,0,1,1,0.0
TUNOYOSI,1,6,7,14.3
TURK HANLIGI,0,1,1,0.0
TURK _BOZKURTLAR,0,6,6,0.0
TURKISH ARMY COMMUNITY,0,8,8,0.0
TURKISH_AIRLINES,1,8,9,11.1
TURKS,0,1,1,0.0
TVAPI,0,1,1,0.0
TWB,0,8,8,0.0
TXT,0,1,1,0.0
Tai Chi_YUN GU,11,18,29,37.9
TailoSystem,0,1,1,0.0
TakMamaSkazala,0,7,7,0.0
Takamaa,0,2,2,0.0
Take Care,38,32,70,54.3
Take Cared,0,4,4,0.0
Take Loot,7,13,20,35.0
Take No Prisoners,2,2,4,50.0
Take a Break,20,52,72,27.8
Take_Care,0,1,1,0.0
Takeda Clan,0,7,7,0.0
Tangra,2,5,7,28.6
TarGoweK,5,17,22,22.7
Tarim-Ticaret Loncasi,0,3,3,0.0
TeNRuN squad,10,30,40,25.0
TeaChill,0,3,3,0.0
Team EPIC,1,6,7,14.3
Team Struggle,0,1,1,0.0
Team TT,0,3,3,0.0
Team monster,3,14,17,17.6
TeamAxl,1,0,1,100.0
TeamDeath,0,1,1,0.0
Tears of Angels,0,3,3,0.0
Teiwaz,0,4,4,0.0
Tek Oynayan Gelsin,8,20,28,28.6
Teletrubbies,1,1,2,50.0
Tempest RU,0,2,2,0.0
Templari,4,20,24,16.7
Templari International Ops,0,1,1,0.0
Temple of Virginity,1,0,1,100.0
TempoGames,0,1,1,0.0
Tenebrae SoLis,0,4,4,0.0
Tenebris Domini,0,1,1,0.0
Tenebrisss,0,2,2,0.0
Teradox,2,5,7,28.6
Terror Lusitano,0,1,1,0.0
Terrorcore,2,1,3,66.7
Tess,2,2,4,50.0
TeuTeu Land,93,137,230,40.4
Teutonic Warfare,1,0,1,100.0
Thaisyukii,2,5,7,28.6
The 69th Dragons,0,1,1,0.0
The Aces,0,7,7,0.0
The Aetherium,2,4,6,33.3
The Albion Core,0,4,4,0.0
The Ancient Irregulars,0,7,7,0.0
The Ark,0,1,1,0.0
The Ashen Order,0,1,1,0.0
The Axiom,0,2,2,0.0
The Azeroth,7,33,40,17.5
The Billionaire,0,9,9,0.0
The Billionaires Club,1,1,2,50.0
The Black Hydra,11,60,71,15.5
The Black Pact,34,8,42,81.0
The Black Raven,0,2,2,0.0
The Blood Alliance,2,11,13,15.4
The Blue Oyster,1,7,8,12.5
The Buisness,61,74,135,45.2
The Bullucks,0,6,6,0.0
The CircIe,2,4,6,33.3
The Circle,4,4,8,50.0
The Claws of Death,0,1,1,0.0
The Clowns,0,1,1,0.0
The Court,0,2,2,0.0
The Crimson F0xes,0,3,3,0.0
The Crusader,0,4,4,0.0
The Cursed Brotherhood,0,1,1,0.0
The Cycle of Life,1,8,9,11.1
The Dark Pivo Brotherhood,0,1,1,0.0
The Dark Reavers,1,6,7,14.3
The Dead Men,0,3,3,0.0
The Dead of Aincrad,0,2,2,0.0
The Diehards,0,2,2,0.0
The Dread,20,11,31,64.5
The Dungeoneers,6,47,53,11.3
The Epstein Club,6,1,7,85.7
The Exodus,0,3,3,0.0
The FAMAx,0,1,1,0.0
The Fate of Destiny,2,21,23,8.7
The Fighting Family,0,1,1,0.0
The First Crimson Order,0,3,3,0.0
The Fivefold Toolwrights,1,1,2,50.0
The Flaming Roses,20,6,26,76.9
The FreeAlbion,0,7,7,0.0
The Freedom Trail,8,9,17,47.1
The French Tax Order,4,2,6,66.7
The Furry Monks,0,2,2,0.0
The Ganklist,43,23,66,65.2
The Garden,2,0,2,100.0
The Gatherers Lodge,0,12,12,0.0
The Giggling Goblins,1,1,2,50.0
The Godslayers,3,10,13,23.1
The Golden Dragon,3,13,16,18.8
The Golden Forge,0,1,1,0.0
The Golden Rose,9,0,9,100.0
The Great Tree of Avalon,0,2,2,0.0
The Haven,0,10,10,0.0
The Heavenly Circle,4,20,24,16.7
The Hexenzirkel,0,6,6,0.0
The Highlanders Tavern,103,78,181,56.9
The Holy Arcana,0,2,2,0.0
The Holy Order of Vlardisians,1,3,4,25.0
The Hood,7,8,15,46.7
The Hope,28,66,94,29.8
The Hundred,15,19,34,44.1
The Hustler,1,0,1,100.0
The Immortal Angel,0,1,1,0.0
The Invisible Front,0,1,1,0.0
The Italian Job,0,2,2,0.0
The Jackals,54,76,130,41.5
The Keepers of Albion,1,1,2,50.0
The Knave,0,5,5,0.0
The Knights of Albion,0,1,1,0.0
The Labourer,1,5,6,16.7
The Last Fall,2,4,6,33.3
The Last Frontier Albions,0,1,1,0.0
The Last Pagans,4,5,9,44.4
The Last Wave,1,2,3,33.3
The Lions 2,0,1,1,0.0
The Lone Black Wolf,3,6,9,33.3
The Lone Wolves,0,1,1,0.0
The Lords of Chaos,1,1,2,50.0
The Lostt,0,10,10,0.0
The Lymhurst Wardens,3,21,24,12.5
The Madman Brothers,44,54,98,44.9
The Master of Disaster,1,8,9,11.1
The Milking Inn,1,10,11,9.1
The Monarch,0,1,1,0.0
The Morgana Cult,0,1,1,0.0
The Night,22,64,86,25.6
The Night Club,3,1,4,75.0
The Night of Doom,0,2,2,0.0
The Noblesse God,2,16,18,11.1
The Northerner,1,4,5,20.0
The Oath of Light,3,9,12,25.0
The Order Of Teuton,0,1,1,0.0
The Panic Button,8,66,74,10.8
The Pasar Legend,0,6,6,0.0
The Pharoahs Chapter,1,4,5,20.0
The Pines,2,1,3,66.7
The Plague,1,0,1,100.0
The Polity of 1550,6,1,7,85.7
The Primal Hunters,1,11,12,8.3
The Puthy Blender,5,31,36,13.9
The R0und Table,1,0,1,100.0
The Rebbels 187,0,2,2,0.0
The Red Comet,0,6,6,0.0
The Red Fox,0,1,1,0.0
The Renaissance,1,7,8,12.5
The Repair Bill,0,1,1,0.0
The Rising Dark Sun,0,8,8,0.0
The River All Red,0,3,3,0.0
The Road Trip Squad,3,7,10,30.0
The Ronin Vanguard,0,2,2,0.0
The Round Table Knights,33,56,89,37.1
The Royal Family M6,0,5,5,0.0
The Scarlet Order,2,18,20,10.0
The Scavengers Guild,0,1,1,0.0
The Seekers of Albion,1,6,7,14.3
The Shadow Guardians,2,5,7,28.6
The Silver Dragon,1,1,2,50.0
The Smell of Graves,0,1,1,0.0
The Solar,3,13,16,18.8
The Solo Devils,0,2,2,0.0
The Sovereigns,0,1,1,0.0
The Spartans,5,2,7,71.4
The Spawn of the Night,0,1,1,0.0
The Spider,0,2,2,0.0
The Stars,1,1,2,50.0
The Surge,53,24,77,68.8
The Swarm,9,22,31,29.0
The Tanks,0,6,6,0.0
The Tarnished Ones,0,4,4,0.0
The Tree of Life,0,2,2,0.0
The Triads,0,7,7,0.0
The True Templars,0,6,6,0.0
The Ucheba po Nature,0,2,2,0.0
The Unexpected,184,137,321,57.3
The Unique,4,7,11,36.4
The War for Good,0,2,2,0.0
The Way,68,131,199,34.2
The West Coast,4,15,19,21.1
The White Deaths,0,2,2,0.0
The White Horse,0,1,1,0.0
The White Stone,1,0,1,100.0
The WhitePearl,0,1,1,0.0
The Wild Hunt,0,2,2,0.0
The Yomomma,0,1,1,0.0
The ambitions of a tyrant,1,1,2,50.0
The beggers,1,3,4,25.0
The centinels,0,2,2,0.0
The king of The Hun,0,1,1,0.0
The last of us,18,17,35,51.4
The last samourai,0,1,1,0.0
The last survivors,12,22,34,35.3
The legends reborn,0,1,1,0.0
The library,0,2,2,0.0
The package is now 1200 guys,0,1,1,0.0
The pokemons,0,1,1,0.0
The royal wardens,0,4,4,0.0
The sleeping king,1,2,3,33.3
The spirit of death,0,1,1,0.0
The storm in the glass,4,8,12,33.3
The vale,2,12,14,14.3
The world of king,5,11,16,31.2
The-Company,11,18,29,37.9
The-Fallen,48,72,120,40.0
The-Phantom-Troupe,0,1,1,0.0
TheAbyss,2,10,12,16.7
TheAlcoholicAnonymous,0,1,1,0.0
TheBestCats,0,1,1,0.0
TheBilly,1,1,2,50.0
TheContinental,10,16,26,38.5
TheContinentals,2,3,5,40.0
TheDarkHorus,8,22,30,26.7
TheDeathGuard,2,4,6,33.3
TheHonoredOnes,8,72,80,10.0
TheInfection,2,8,10,20.0
TheMoodiness,3,7,10,30.0
TheNorthFace,0,2,2,0.0
TheOrder,98,115,213,46.0
ThePhantomTroupe,3,0,3,100.0
TheQ8,1,6,7,14.3
TheSkyCasters,0,1,1,0.0
TheTrueYggdrasil,0,3,3,0.0
TheWolf,0,1,1,0.0
The_Delvers,0,3,3,0.0
The_Fear,0,1,1,0.0
The_Knights,1,2,3,33.3
The_one_eyed,10,14,24,41.7
Theatrum Mundi,0,1,1,0.0
Therdorei,3,4,7,42.9
Thetford Elite Corp,0,1,1,0.0
Thetford Silkway,0,1,1,0.0
Thetford Social Club,26,65,91,28.6
Thetford-United,1,1,2,50.0
ThetfordMerchants,33,34,67,49.3
Thomas More Sect,0,1,1,0.0
Those Who Kill The Poor,2,4,6,33.3
Three Brothers,3,15,18,16.7
Three Crowns,2,5,7,28.6
Throwing,5,29,34,14.7
Thrust,0,1,1,0.0
Thunder Wolfs,0,2,2,0.0
Tier 9,2,13,15,13.3
Tima_RakoV,1,2,3,33.3
Timber wolfs,0,1,1,0.0
Tinevie_Buhariki,0,1,1,0.0
Titanik,0,9,9,0.0
TitikKumpul,23,43,66,34.8
TkillaBoom,0,1,1,0.0
Tlaloc Heralds,3,14,17,17.6
To mi dej to je k necemu,2,5,7,28.6
Toch V Toch,0,7,7,0.0
Together Alone,3,2,5,60.0
Tommys friends,0,1,1,0.0
TomuVer,0,2,2,0.0
Too Hot To Handle,9,3,12,75.0
Top Squad,46,81,127,36.2
TopNoob,4,10,14,28.6
Torgnoles et Grabuge,6,24,30,20.0
Tortugas,0,2,2,0.0
Toruk Makto,1,27,28,3.6
TotNot,0,1,1,0.0
Total AnarchY,0,1,1,0.0
Tough guys,1,0,1,100.0
Tous Ensemble,107,90,197,54.3
Tovka41,0,8,8,0.0
Toyefetun,0,2,2,0.0
Tpu Dblpku,1,2,3,33.3
Tracking Park,0,4,4,0.0
Trade_Plus,0,3,3,0.0
Tradesmans,0,1,1,0.0
Traiana Fortis,0,18,18,0.0
TrailBorn,1,8,9,11.1
Transit,0,13,13,0.0
Trash Tier Tryhards,1,2,3,33.3
Traumatycy,1,0,1,100.0
Treasure Hunt,196,168,364,53.8
Treasure Hunter,0,4,4,0.0
Treasure Map,87,178,265,32.8
Treasure hunters Grindings,0,1,1,0.0
Treasury_Caerleon,9,5,14,64.3
Tree Fnas,1,1,2,50.0
Tretko,0,1,1,0.0
Trigedakru,0,1,1,0.0
Trillion,3,22,25,12.0
Trinity AMM,0,1,1,0.0
Triskilion,1,6,7,14.3
Troldkarl,0,1,1,0.0
Tropiciele Zaglady,3,0,3,100.0
TroubleMakers,1,4,5,20.0
True Sobirashki,4,20,24,16.7
Trunkenbolde,0,1,1,0.0
TrustBound,15,54,69,21.7
Tsujigiri,0,2,2,0.0
Tupac shakur,4,6,10,40.0
Tuptusiowo,3,19,22,13.6
Turk masters,1,2,3,33.3
Turkish Cleaning Service,1,0,1,100.0
Turkish Legion,0,4,4,0.0
TurkishForever,0,1,1,0.0
Turquoise,54,127,181,29.8
TwentySeven,0,11,11,0.0
Twin Dragons,2,1,3,66.7
Twinkling at dawn,8,15,23,34.8
Twitch,0,2,2,0.0
Two Headed Serpent,1,1,2,50.0
TwoLapinous,0,1,1,0.0
TwoStepsAhead,0,2,2,0.0
U N D E R D O G,1,1,2,50.0
UA _MOROK,26,16,42,61.9
UCHIHA-1,1,0,1,100.0
UEBANI,0,5,5,0.0
UFORG,22,13,35,62.9
UGRI,3,15,18,16.7
UK FAMILIA,0,2,2,0.0
UKR Nation,0,1,1,0.0
ULU,5,48,53,9.4
ULUKAYIN,1,1,2,50.0
UMBRELLA-T1,3,6,9,33.3
UMRANIYE,25,16,41,61.0
UNBELIEVABLE,0,1,1,0.0
UNDERCAPE,0,2,2,0.0
UNH0LY,103,107,210,49.0
UNION GUARDS,3,12,15,20.0
UNIT X,0,1,1,0.0
UNLIMIT,21,22,43,48.8
UNR,6,20,26,23.1
UPO SQUAD,0,1,1,0.0
URALAN,0,4,4,0.0
URFALILAR,2,3,5,40.0
URPAQ,37,76,113,32.7
USDTPrinting,1,2,3,33.3
USKUDARA GIDERKEN,0,1,1,0.0
UTIL,2,2,4,50.0
UZBEK PVE PVP,0,5,5,0.0
Uber,0,1,1,0.0
UkrCom,1,1,2,50.0
Ukrainian,0,7,7,0.0
Uliczni Jezdzcy,2,3,5,40.0
Ultima umbra,0,5,5,0.0
Umbra Ordo,1,0,1,100.0
Umbra Venti,56,93,149,37.6
UnTag,0,1,1,0.0
Unarmed Syndicate,0,1,1,0.0
Unbalanced,8,7,15,53.3
Unbearable Weight of Massive,0,3,3,0.0
Unbound,103,92,195,52.8
Unchain,3,22,25,12.0
Uncle Johnnys Pizza,1,2,3,33.3
Uncontrolled,4,3,7,57.1
Undead Outlaws,8,24,32,25.0
Undead Sanctuary,0,2,2,0.0
Under Line,0,1,1,0.0
UnderBeer Party,0,1,1,0.0
UnderWorld UH,0,2,2,0.0
Underblayds,1,13,14,7.1
Underlords,2,8,10,20.0
Underrated,2,2,4,50.0
Une Tradi SVP,18,17,35,51.4
Unholy Crusades,0,1,1,0.0
Unholy Shadeknights,9,19,28,32.1
Unicorn Union,0,6,6,0.0
Uniesienie,4,17,21,19.0
UniteToFight,9,34,43,20.9
United Cearloen Faction,0,1,1,0.0
United Force,0,3,3,0.0
Unknown Entity,12,35,47,25.5
Unleash The Beast,1,6,7,14.3
Unlish,2,11,13,15.4
Unstable V2,0,2,2,0.0
Unsullied,0,3,3,0.0
User Error,0,2,2,0.0
Utopia,240,192,432,55.6
UwU,24,9,33,72.7
Uziemienie,7,24,31,22.6
V E R D A N T,0,21,21,0.0
V I N D I C T A,18,46,64,28.1
V I P,192,167,359,53.5
V01D,0,4,4,0.0
V01K,0,1,1,0.0
V0ID,0,3,3,0.0
VALEN,1,5,6,16.7
VALKIRYA TMT,1,0,1,100.0
VAMOSLOCOS,0,1,1,0.0
VANTABLACK,3,10,13,23.1
VBANKCITY,3,3,6,50.0
VELIKA BULGARIA,7,16,23,30.4
VELUM,0,2,2,0.0
VENOMIX,0,1,1,0.0
VERITAS IN PIVO,0,3,3,0.0
VHAGAR,6,2,8,75.0
VHOOSPG,2,7,9,22.2
VICE CITY,5,2,7,71.4
VICI,0,1,1,0.0
VINICIIII,96,69,165,58.2
VIPonly,0,1,1,0.0
VITRYLA,2,6,8,25.0
VIkingod,1,0,1,100.0
VODKA SQUAD,0,3,3,0.0
VOID CARTEL,7,6,13,53.8
VOID CHIEFS,14,32,46,30.4
VORAGO,0,1,1,0.0
VOROVAL,1,0,1,100.0
VOTANTE DE VOX,11,44,55,20.0
VPS,0,5,5,0.0
VULTURUM AQUILA,5,13,18,27.8
VVolfgang,3,2,5,60.0
VVolfpack,6,22,28,21.4
Vagabond Girls,1,4,5,20.0
Valerius,1,4,5,20.0
Valhalla,8,26,34,23.5
Valhalla Bound,0,2,2,0.0
ValhallaClub,3,8,11,27.3
Valholl,3,5,8,37.5
Valley Seekers,1,6,7,14.3
Vallkers,0,1,1,0.0
Valthera,1,14,15,6.7
Valuej,1,2,3,33.3
Vanerna,3,2,5,60.0
Vanguard of the Eclipse,7,24,31,22.6
Vanguardia Recolectora,3,16,19,15.8
Vanguardz,0,2,2,0.0
Vantage,1,3,4,25.0
Varvord,0,1,1,0.0
Vashta Nerada,14,89,103,13.6
Vashx,14,2,16,87.5
Vektor-a,1,6,7,14.3
Vena Negra,25,9,34,73.5
VendetaCZSK,0,1,1,0.0
Vendetta,88,120,208,42.3
Venner,3,3,6,50.0
Venom Force,0,1,1,0.0
Vent art,1,3,4,25.0
Verdammt lustig,4,2,6,66.7
Vermeil,25,1,26,96.2
VertuS-RO,0,2,2,0.0
Very Very Hard,6,3,9,66.7
Veterans Guild,1,2,3,33.3
Vexima,0,2,2,0.0
ViKiNgiONS,0,2,2,0.0
ViceLordZ,0,10,10,0.0
Victims Of Liyana,0,2,2,0.0
Victorys Oath,0,2,2,0.0
Views,0,1,1,0.0
Viking Kingdom,0,2,2,0.0
Vikingos Valhala,0,1,1,0.0
Vikingr,0,3,3,0.0
Vikings,111,160,271,41.0
Vikings_001,1,3,4,25.0
Vile Hogs,22,16,38,57.9
Vipe Group,0,3,3,0.0
Viper Fangs,2,1,3,66.7
Viscounts,2,1,3,66.7
Vnezakonity,2,0,2,100.0
Void Cats,1,6,7,14.3
Void Guards,0,1,1,0.0
VoidStalkers,0,1,1,0.0
Voini Semeni 812,1,3,4,25.0
VoronezhCityOfCourageAndFun,0,1,1,0.0
Voruyu Vinishko,2,3,5,40.0
Voyageurs,0,1,1,0.0
Vpitka Luta,0,3,3,0.0
W - I - N - X,3,18,21,14.3
W A R,0,1,1,0.0
W A R C A S T,0,4,4,0.0
W H I S P E R,1,1,2,50.0
W I P E,12,29,41,29.3
W1PE HAPPENS,0,1,1,0.0
WALHALLA,2,6,8,25.0
WALK THE TALK,3,5,8,37.5
WALLA,0,1,1,0.0
WAR LAND,0,1,1,0.0
WARBAND,1,11,12,8.3
WARG,1,4,5,20.0
WARN,2,9,11,18.2
WATAFA PEPE FAAA,0,1,1,0.0
WATCHDEMO,1,1,2,50.0
WB POLICES,0,1,1,0.0
WBC,0,1,1,0.0
WE ARE BR0THERS,0,1,1,0.0
WELCOME GOLDEN,1,1,2,50.0
WELL WELL WELL,1,8,9,11.1
WHITEKNIGHTS,0,1,1,0.0
WHN,0,1,1,0.0
WHY NOT,79,67,146,54.1
WHY SOO MAD,0,2,2,0.0
WIELAND,0,5,5,0.0
WILD BOARS ON MASS,1,5,6,16.7
WINLAND,1,0,1,100.0
WINNERS,2,2,4,50.0
WIPED,19,33,52,36.5
WIPEEE,22,43,65,33.8
WITHOUT MERCY,0,3,3,0.0
WNY N0T,4,6,10,40.0
WOHENHEIGUIHEZHENZHUI,2,1,3,66.7
WOLF GANG W,8,26,34,23.5
WON DID,1,0,1,100.0
WOOFWOOF,1,6,7,14.3
WOOOOOOO,4,9,13,30.8
WORLD MINIONS,0,1,1,0.0
WSYZS,0,2,2,0.0
WTP Majstry,0,2,2,0.0
WaPota,38,60,98,38.8
Wachacze,0,2,2,0.0
Waisess,0,10,10,0.0
Wandering Circus,1,0,1,100.0
Wanderkind,3,7,10,30.0
Waneda,0,1,1,0.0
WannaCry,1,3,4,25.0
War Fangs,5,31,36,13.9
War Legend,4,0,4,100.0
War Life Death,1,3,4,25.0
War beavers,4,8,12,33.3
WarLight,1,7,8,12.5
WarLogs,70,183,253,27.7
WarSlugZ,9,5,14,64.3
WarTag UA,117,244,361,32.4
Warderer,0,4,4,0.0
Warhammer,0,5,5,0.0
WarlordsGaming,1,1,2,50.0
Warlorxx,2,13,15,13.3
Warownia,9,39,48,18.8
Warrior of Sunlights,0,1,1,0.0
WarriorsTM,1,1,2,50.0
Way Of Kings,1,1,2,50.0
WayS,2,22,24,8.3
Wayfinders,1,5,6,16.7
Waypoint,1,15,16,6.2
We Are Crazy,1,2,3,33.3
We Craft,53,88,141,37.6
We Love Kittens,1,0,1,100.0
We Out Law,0,4,4,0.0
We Trade Loot,3,7,10,30.0
WeWearShoes,20,9,29,69.0
Wee,0,1,1,0.0
Welsh Maulers,0,1,1,0.0
WeryTash,0,1,1,0.0
West Fellaron Company,0,2,2,0.0
Westfall,1,19,20,5.0
Westland,0,1,1,0.0
Wet Beavers,59,18,77,76.6
Where Are We Running,0,1,1,0.0
WhiskeyIsGood,0,2,2,0.0
Whispers of Death,0,2,2,0.0
White Beard,5,19,24,20.8
White DRAGONS,1,5,6,16.7
White Roses,0,1,1,0.0
White Shark,4,23,27,14.8
White Stiks,0,1,1,0.0
White Tigers,0,1,1,0.0
White Walkerz,0,1,1,0.0
WhiteGold,0,1,1,0.0
WhiteGuardian,4,13,17,23.5
White_Birches,7,0,7,100.0
Whitebank Stream,3,3,6,50.0
Who Ping,1,0,1,100.0
Who_cares,0,7,7,0.0
WhySpierdalasz,80,68,148,54.1
Wielolypki,1,4,5,20.0
Wikings,0,2,2,0.0
Wild Instinct,25,78,103,24.3
Wild Rhino,7,8,15,46.7
Will O Wisp,1,5,6,16.7
Win Order,75,94,169,44.4
Win4esteR,2,4,6,33.3
Win_of_Pain,1,0,1,100.0
Wind Wall,0,4,4,0.0
Wine and War,0,4,4,0.0
Wing of Freedom,2,5,7,28.6
Wings Of Fate,0,5,5,0.0
Wings Of Glory,0,7,7,0.0
Winnica,0,3,3,0.0
Winter Ravens,3,42,45,6.7
Winter is Kaming albion team,0,2,2,0.0
Winx Club Fan Club,3,10,13,23.1
Wisla SHARKS,0,3,3,0.0
Witcher Lair,0,1,1,0.0
Withered Rose,0,6,6,0.0
Woe defender,7,28,35,20.0
Wolf Family,5,22,27,18.5
Wolf Hunters,0,1,1,0.0
Wolf Throne,0,2,2,0.0
Wolven,2,20,22,9.1
Wolves YT,0,3,3,0.0
Wolves of Lum,0,5,5,0.0
Wood Brotherhood,0,2,2,0.0
Woof Woof,301,221,522,57.7
Wor1d Govt,2,5,7,28.6
World Bank Group,2,5,7,28.6
World Supremacy,0,1,1,0.0
World boss Morgana,1,2,3,33.3
World_Tales,0,1,1,0.0
Wracaj do Thetfordu,0,2,2,0.0
Wrong Turn,4,26,30,13.3
Wrong Ways,26,22,48,54.2
Wytworni,0,3,3,0.0
X Dragons,0,2,2,0.0
X-FORCE,4,9,13,30.8
X-HUNTERS,0,6,6,0.0
XA6APOBCK,0,3,3,0.0
XANTERxXANTER,2,6,8,25.0
XB_xb,0,4,4,0.0
XEPCOHCKAYA KA3HA,1,2,3,33.3
XER-Morjowyu,1,4,5,20.0
XIBALBA,9,0,9,100.0
XIII ELITE,0,1,1,0.0
XMASOR,0,2,2,0.0
XRshiky,0,1,1,0.0
XSNDX,2,6,8,25.0
XTHE BLACK BULLSX,0,1,1,0.0
XULINET,3,10,13,23.1
XX-CRAFTER-XX,5,6,11,45.5
XXX XXX,0,4,4,0.0
Xenolith,0,3,3,0.0
XleviX,0,3,3,0.0
Xot bi suka Povezlo,5,2,7,71.4
XvX,0,2,2,0.0
Xx loay Zawia xX,0,2,2,0.0
XxALFAxX,0,2,2,0.0
XxBlack_Smith xX,6,5,11,54.5
XxThe KingxX,1,4,5,20.0
Xx_Hunters_xX,2,16,18,11.1
XzKYD,1,6,7,14.3
Y A I C A,2,0,2,100.0
Y O I N K,347,146,493,70.4
Y O R U K,0,5,5,0.0
Y TU CALLADO,1,1,2,50.0
Y a g a,3,10,13,23.1
Y sus Secuaces,0,4,4,0.0
YAMA,5,6,11,45.5
YANGE,41,46,87,47.1
YATERPULA,0,2,2,0.0
YETMLAR KLAN,0,1,1,0.0
YOUTUBE Uksusland,2,5,7,28.6
YQDA,0,3,3,0.0
YUMURTLAYAN HOROZ,0,4,4,0.0
YUNKE,0,6,6,0.0
YUVARLAK MASA,1,0,1,100.0
YaAndBallPrinces,0,1,1,0.0
YaPerdole,1,4,5,20.0
Yaaaaa,1,0,1,100.0
Yakuza Assassins,0,1,1,0.0
Yamato Club,6,12,18,33.3
Yaro,0,2,2,0.0
YellowUmbrella,2,20,22,9.1
YellowZoneGooners,0,1,1,0.0
Yggdrazil,0,2,2,0.0
Yikes,1,0,1,100.0
Ykudza,0,1,1,0.0
Yobross Corp,5,2,7,71.4
YolosCLZ,0,5,5,0.0
You Succ,1,0,1,100.0
YouTubeShorts,2,2,4,50.0
Your mom is my Mount,7,8,15,46.7
Your-Jester,0,1,1,0.0
Yuce Turkler,1,4,5,20.0
Yujing,1,2,3,33.3
Yuki Forest,1,7,8,12.5
Yum Yum,2,2,4,50.0
Yumruk,1,4,5,20.0
Yzyrpator Crew,0,6,6,0.0
Z For Zodiac,1,40,41,2.4
Z I E L A R Z E,1,4,5,20.0
ZA Fame Farmers,0,1,1,0.0
ZADHE,1,1,2,50.0
ZADROTSTVO,0,7,7,0.0
ZADVINUL I TUAPNUL,2,3,5,40.0
ZANOZA,0,1,1,0.0
ZANZEF_ALTS,0,1,1,0.0
ZAVOD,0,1,1,0.0
ZAheim,0,4,4,0.0
ZHELEHMA,2,0,2,100.0
ZLO,9,11,20,45.0
ZLO inc,0,1,1,0.0
ZTC,1,2,3,33.3
Za Qmercy,0,1,1,0.0
ZachilteZ,0,1,1,0.0
Zahidler Toplulugu,0,1,1,0.0
Zakon Bialego Gryfa,8,26,34,23.5
Zakon Pomidora,0,1,1,0.0
Zakon Szpitalnikow Epicenskich,0,1,1,0.0
Zauek Meneli,1,9,10,10.0
Zawkwar,11,40,51,21.6
ZblackBullZ,0,8,8,0.0
Ze Germans,16,44,60,26.7
Zephyris,1,1,2,50.0
Zero Dam,2,10,12,16.7
Zero Logic,41,77,118,34.7
Zero Resistance,53,48,101,52.5
Zero Rispetto,0,1,1,0.0
ZeroDay,0,4,4,0.0
ZeroToPivoo,1,2,3,33.3
Zgon po Trzecim,1,0,1,100.0
ZhongHua,0,2,2,0.0
Zimowy Legion,0,2,2,0.0
Zlote Korzenie,1,0,1,100.0
Zodiac Uranus,1,2,3,33.3
ZombieSquad,27,124,151,17.9
Zookeeper,1,1,2,50.0
ZteamZ,5,4,9,55.6
Zulu Mongers,0,1,1,0.0
Zwietracht,1,2,3,33.3
aLIEz,0,1,1,0.0
abcdefgijlknmorpstu,10,14,24,41.7
agap4ik,0,22,22,0.0
akwgh,0,1,1,0.0
albionbugda,21,7,28,75.0
alexa_1,0,2,2,0.0
alexsiz,0,1,1,0.0
aliesstar,0,2,2,0.0
all for me,0,1,1,0.0
alone romashka,10,3,13,76.9
alpha -2,0,4,4,0.0
altyshki s 3m razmerom,0,2,2,0.0
alvins,1,0,1,100.0
anasha,0,2,2,0.0
ancientpersia,0,2,2,0.0
ar7bb,0,1,1,0.0
arejal bs,2,26,28,7.1
arvah black,0,1,1,0.0
as Always,7,6,13,53.8
asdf1234,0,2,2,0.0
assozial,0,1,1,0.0
autismCOMPANY,1,1,2,50.0
autistic prime,0,7,7,0.0
ava clowns,0,2,2,0.0
b l a c k,0,1,1,0.0
basaizim,0,1,1,0.0
be quiet and drive,1,0,1,100.0
bellum,0,1,1,0.0
beski,0,1,1,0.0
black1denmo,0,9,9,0.0
blackburn,7,14,21,33.3
blood oath of knights,0,2,2,0.0
blood spiders,0,7,7,0.0
bohong,0,3,3,0.0
bomba w oko ziomek,0,1,1,0.0
bombaCLATT,1,2,3,33.3
bombermans,0,1,1,0.0
botfk u,5,5,10,50.0
botijo crew,2,12,14,14.3
br br patapim fonk,0,1,1,0.0
broccoli lunchbox,1,1,2,50.0
buddies,0,1,1,0.0
bufones,0,1,1,0.0
cBou,9,17,26,34.6
calming,0,2,2,0.0
ceremu,0,2,2,0.0
chillplayers,1,1,2,50.0
chipsoedy,0,1,1,0.0
chtulhu,44,89,133,33.1
chujemujedzikieweze,22,28,50,44.0
chum buck3t,0,3,3,0.0
chushengpeng,0,1,1,0.0
cocorrico,140,182,322,43.5
collection,1,1,2,50.0
companeros,1,4,5,20.0
concede muertes,0,2,2,0.0
contract family,0,6,6,0.0
convallaria,7,21,28,25.0
daedaluss,0,1,1,0.0
dark abyss,0,1,1,0.0
dasters,0,4,4,0.0
dead group,0,4,4,0.0
defenseur de bridgewatch,1,1,2,50.0
delete chillhowl union,2,0,2,100.0
demonic kings,0,4,4,0.0
demonologia,0,7,7,0.0
der Aufstieg einer Nation,0,1,1,0.0
dillik nasil dillik,0,1,1,0.0
dinasty,1,8,9,11.1
donjimeno19,1,3,4,25.0
dragon,0,2,2,0.0
dragons guild,0,10,10,0.0
dreadnautilus,1,0,1,100.0
eBANaftika,0,5,5,0.0
eada,0,1,1,0.0
egoisto,0,10,10,0.0
equipment,0,2,2,0.0
etojeSquad,8,10,18,44.4
evoevo,0,2,2,0.0
ex4s,1,3,4,25.0
extremapro,0,1,1,0.0
family ben,1,0,1,100.0
family rats,2,1,3,66.7
fan yz,0,2,2,0.0
faski to gej,0,1,1,0.0
fearsum,2,10,12,16.7
feiwo,2,5,7,28.6
first power albion,0,1,1,0.0
flash gopick,0,1,1,0.0
fly panther,6,2,8,75.0
fodos,0,2,2,0.0
forest wolves on the hunt,0,1,1,0.0
fortes_ez,0,2,2,0.0
forzatemplari,2,2,4,50.0
fotografiruem,5,3,8,62.5
foxx,3,32,35,8.6
fredagsmys,0,1,1,0.0
gGriMLorDd_Industries,0,5,5,0.0
gankTEAM,1,1,2,50.0
gankyoudotexe,0,5,5,0.0
ger,1,0,1,100.0
ghost of camlann,4,2,6,66.7
giant panda,67,168,235,28.5
give up nah we continue,0,1,1,0.0
glory_hole,1,2,3,33.3
good company,3,20,23,13.0
gorilla men,2,2,4,50.0
grabnica nazarik,0,3,3,0.0
gucci flipflop,0,1,1,0.0
habanero,0,1,1,0.0
hamers,2,1,3,66.7
head of the laborers,0,7,7,0.0
heavenly death,2,9,11,18.2
hehehaha,32,12,44,72.7
hikikom0ri kai,0,1,1,0.0
hit,1,0,1,100.0
hohloutai,4,10,14,28.6
hunterPVP,0,2,2,0.0
hunterr,1,7,8,12.5
iBulgaria,0,1,1,0.0
iINVICTUS,1,5,6,16.7
ice coffee,0,1,1,0.0
iceCold Crew,24,86,110,21.8
ihateboys,2,0,2,100.0
ihategirls,1,1,2,50.0
im rich man,2,2,4,50.0
imans,0,1,1,0.0
immorta Muck,8,25,33,24.2
impact Reborn,0,3,3,0.0
indo2424,0,8,8,0.0
indrix,31,48,79,39.2
instarding xaurux,0,2,2,0.0
invicible,0,1,1,0.0
iskatili zolota,0,5,5,0.0
island 100,2,18,20,10.0
japuczko,0,1,1,0.0
javaditoor ARMY,0,3,3,0.0
jiuxiao,2,9,11,18.2
jojo house,0,2,2,0.0
juicy mango,0,1,1,0.0
ka funi,0,1,1,0.0
kaamelotte,3,15,18,16.7
kabani,2,3,5,40.0
kahvemolasi,0,1,1,0.0
karapt,0,1,1,0.0
kartab2,0,2,2,0.0
kastoria,0,3,3,0.0
katadog,0,4,4,0.0
katakulli,0,2,2,0.0
kawaiifell,0,2,2,0.0
kfir,111,113,224,49.6
kimcooking,3,0,3,100.0
kings_SVS,0,2,2,0.0
kissbirtok,1,1,2,50.0
knight of apocalypse,1,2,3,33.3
knights of veil,1,1,2,50.0
kokos island,0,1,1,0.0
kotu cocuk,1,0,1,100.0
kral ailesi,0,3,3,0.0
krepsquad,0,3,3,0.0
ktabs,1,7,8,12.5
l O_o l,0,2,2,0.0
l gank 7ram,1,0,1,100.0
l-Salamanca-l,0,1,1,0.0
la peche c bien,0,3,3,0.0
la ressource,1,0,1,100.0
labaskogama,0,2,2,0.0
legio tenebrarum,2,11,13,15.4
legionarios,5,57,62,8.1
leiking,0,1,1,0.0
lenny Bar,0,6,6,0.0
les Ecorcheurs,0,1,1,0.0
life without sexx,8,1,9,88.9
littleBear,3,7,10,30.0
lllWizardslll,1,5,6,16.7
lol-1o1,0,5,5,0.0
long-men,5,26,31,16.1
lootman,3,2,5,60.0
los diskas,1,10,11,9.1
love_faer,0,2,2,0.0
lreideru,0,1,1,0.0
lutfarmPVE,6,33,39,15.4
m e r c a d o n a,5,9,14,35.7
m o n k,0,1,1,0.0
mafiaaa,1,0,1,100.0
malarz mial racje,2,2,4,50.0
mangoxrq,0,1,1,0.0
maradery,2,6,8,25.0
martial eagles,0,4,4,0.0
martlock20,1,0,1,100.0
maslane imperium,0,1,1,0.0
maters of war,0,1,1,0.0
me and hoo,0,10,10,0.0
mefedron,0,5,5,0.0
menqu,0,2,2,0.0
merchant-traveler,0,1,1,0.0
mexican,0,2,2,0.0
miners cats,0,2,2,0.0
mologDotse,0,1,1,0.0
monkey boys,0,1,1,0.0
monkey kings,0,5,5,0.0
monkeydungeon,1,5,6,16.7
moonligth,0,1,1,0.0
moroks,1,3,4,25.0
morskoibriz,1,2,3,33.3
my_error_log_is_empty,12,18,30,40.0
nAvalonianPirates,2,0,2,100.0
naphaya,0,2,2,0.0
natsukoo,1,2,3,33.3
need for gang,0,1,1,0.0
night bloodlust,0,1,1,0.0
no Risk no Fun,0,2,2,0.0
no pain no fame,0,5,5,0.0
no pls,1,0,1,100.0
normal fisherman,1,1,2,50.0
not great not terrible,0,3,3,0.0
nuissance,4,11,15,26.7
o0Heaven0o,1,0,1,100.0
obroncy cnot,2,9,11,18.2
ohckohniki,0,6,6,0.0
olive oilers,1,3,4,25.0
omlet,0,3,3,0.0
one4all,21,44,65,32.3
onetyty,1,0,1,100.0
orc army,0,5,5,0.0
orda,0,5,5,0.0
orden S P A R T A,1,13,14,7.1
orso polare,0,3,3,0.0
os guardies da tumba de nazari,0,1,1,0.0
ottoman38,0,1,1,0.0
over_guard,1,0,1,100.0
owl-crow,1,4,5,20.0
panfu fanclub,20,7,27,74.1
panic show,0,1,1,0.0
paragaland,1,2,3,33.3
pawn sacrifice,0,4,4,0.0
pawuk,0,1,1,0.0
pettel,1,1,2,50.0
pidori,0,9,9,0.0
pincilin,11,8,19,57.9
pipi,0,1,1,0.0
pirates,0,3,3,0.0
pisi,0,2,2,0.0
plachy,0,4,4,0.0
plagadines,1,6,7,14.3
plata y sangre,0,5,5,0.0
plenger mainset,8,26,34,23.5
podsos gang,0,1,1,0.0
poizn,0,2,2,0.0
porn,1,1,2,50.0
poster boys,0,1,1,0.0
pro noobs,30,52,82,36.6
proud ducks,79,112,191,41.4
pvptop,0,2,2,0.0
q4q,1,7,8,12.5
qualite,0,2,2,0.0
quttro495Pityx,1,3,4,25.0
qwer453,0,1,1,0.0
r41s,0,1,1,0.0
rabotniki 30-1,0,1,1,0.0
rak,0,1,1,0.0
ramy00000,2,5,7,28.6
rat and cats,5,6,11,45.5
rat haters,2,3,5,40.0
rat loot amk,12,2,14,85.7
ravager,1,3,4,25.0
realDEXXter,0,17,17,0.0
rebird,1,3,4,25.0
recruit penguin,1,2,3,33.3
revelationss,12,43,55,21.8
risen heroes,0,2,2,0.0
rising phoenix,0,1,1,0.0
rmt empire,0,1,1,0.0
ryooog,3,6,9,33.3
s t e p b a c k,14,11,25,56.0
sKIrim,0,1,1,0.0
sakura,3,20,23,13.0
samisusami,0,1,1,0.0
sasalivsemdvorom,0,1,1,0.0
scavenger,1,2,3,33.3
scraper group,0,1,1,0.0
second L1fe,0,1,1,0.0
shamro5,0,1,1,0.0
sigmas da bahia,0,1,1,0.0
sinon2,0,3,3,0.0
siphoned,0,2,2,0.0
sjsss,0,2,2,0.0
skibidi sigiemki,3,5,8,37.5
skoggangri,0,3,3,0.0
skycraft,1,0,1,100.0
slayer of rats,1,0,1,100.0
slh,0,1,1,0.0
smurfs,0,5,5,0.0
snus factory,1,1,2,50.0
sobaka ti kuda,1,2,3,33.3
social-liberals,0,1,1,0.0
sodsera,2,1,3,66.7
soldiers of JP2,0,1,1,0.0
sool,1,0,1,100.0
sosalkin domik,0,4,4,0.0
spoko,1,8,9,11.1
sqLegends,0,1,1,0.0
srfdz,2,12,14,14.3
star dust,0,1,1,0.0
star fire,63,74,137,46.0
statik mens,3,4,7,42.9
stb-inferno,0,2,2,0.0
steel warriors,0,2,2,0.0
steppe cross,1,2,3,33.3
sucky_CAW,0,1,1,0.0
sudahlah,0,6,6,0.0
szafagra,5,4,9,55.6
tamtut,0,3,3,0.0
the bowr,0,1,1,0.0
the brother,2,3,5,40.0
the haters,1,5,6,16.7
the players,1,1,2,50.0
the ruined ones,0,2,2,0.0
the-lag-syndicate,7,10,17,41.2
the-oldest,0,4,4,0.0
the_Sky,0,1,1,0.0
the_old_hunters,0,1,1,0.0
thefull,1,2,3,33.3
tiktokangel,0,1,1,0.0
triplettonychocolonicumshot,0,2,2,0.0
uncrowned,7,13,20,35.0
uninstall albion 2,7,19,26,26.9
universal_stud1os,1,1,2,50.0
v0idw0lkers,1,0,1,100.0
viper3,0,1,1,0.0
viran,0,1,1,0.0
visa,0,1,1,0.0
votre,1,1,2,50.0
w0w,3,34,37,8.1
wandering clowns,2,3,5,40.0
war soldiers,7,32,39,17.9
war war,0,2,2,0.0
wata fa,0,1,1,0.0
we are here,0,1,1,0.0
weed and beer,2,0,2,100.0
white h0le,0,1,1,0.0
white hammer,3,6,9,33.3
whoareu,0,2,2,0.0
whyyyyyyyyyyyyyyyyyyyyyyyyy,1,1,2,50.0
winterfel,0,17,17,0.0
woof woof s,0,1,1,0.0
x NFM x,1,2,3,33.3
xCode,27,153,180,15.0
xFRONTLINEx,0,1,1,0.0
xPOLSKAx,3,14,17,17.6
xREDx,4,5,9,44.4
xWolves,0,11,11,0.0
xXDire StraitsXx,2,5,7,28.6
xXx_PAIN_xXx,6,10,16,37.5
xdpaplo,0,1,1,0.0
xuxu,0,1,1,0.0
xxE L D E R G A R Dxx,5,4,9,55.6
xxXHotXxx,2,2,4,50.0
xxxparadox,0,1,1,0.0
yakoza,4,6,10,40.0
you red you dead,4,28,32,12.5
z o o t r o p o l i s,75,39,114,65.8
zWizarDz,0,1,1,0.0
za-dom-spremni,1,0,1,100.0
zadengida,13,12,25,52.0
ziggies,1,3,4,25.0
zulpeek,0,3,3,0.0
